t,x,y,yaw,vx,vy,yaw_rate,node_index,wall_factor_valid,accel_bias_x,accel_bias_y,accel_bias_z,gyro_bias_x,gyro_bias_y,gyro_bias_z
0.025,-2.4189722729688214,1.3540301836091908,-1.544043275658323e-05,0.030783334071138313,0.0003889607634022241,-0.0006833289851115865,1,1,0.049999904114796885,-0.030000109201326824,-2.8756247134991534e-06,-1.015307729218974e-06,-2.486378550814189e-06,0.005014819139599937
0.05,-2.418202689617043,1.3540399076282759,-3.252365738433885e-05,0.011767790577299922,0.003823242981324352,-0.0003672174149422867,2,1,0.0499947925624984,-0.029999924852302115,8.301286079907309e-06,-2.162921915088858e-05,-7.654265531204714e-06,0.005043864940008777
0.076,-2.418372115649379,1.3542251690012383,-3.4168520918611735e-05,-0.0020158485815852654,0.002929013272481252,-0.000204253153571471,3,1,0.05000530684939428,-0.030002739201638994,6.617681486271903e-05,-3.277437469776176e-05,1.88121293815361e-05,0.005033917025993123
0.101,-2.418305497894704,1.3541892873051724,-4.294056821635995e-05,-0.009694805262947526,-0.0034395504806550292,0.00015986274407353562,4,1,0.05000904539921311,-0.029999340287429472,0.00017165637238266259,-4.931364133714396e-05,3.594714787937604e-05,0.005053892814794997
0.126,-2.4188568559125265,1.3540531914772056,-2.6175383715145662e-05,-0.011536326411745176,-0.006747157070980944,0.0006399932159695252,5,1,0.050036577467589195,-0.02999122513271808,0.0003176413466140671,-6.43804770483772e-05,6.868341428956878e-05,0.005009227454686789
0.15100000000000002,-2.418882314215291,1.3538519294516234,-1.0940907417977986e-05,-0.002316997522582297,-0.00031502243758474424,0.000296638326391374,6,1,0.05003796523394847,-0.029977084093522344,0.0005092530189225937,-9.985168785691947e-05,9.709361767988014e-05,0.004998584990931836
0.17600000000000002,-2.4189727057886556,1.3540374403553264,-1.1343467395426912e-05,-0.004763160315501836,0.005424237383198084,0.0007546811961756108,7,1,0.050046073455494264,-0.03000066129535964,0.0007419671291302349,-0.00011597532272104334,9.004418571639346e-05,0.005029313529055863
0.201,-2.419120472231066,1.3541231413207833,2.67931523906846e-05,-0.009342731982995291,0.0010806661335083236,0.0005338457090431349,8,1,0.05006524559633301,-0.03001480766483019,0.0010197859810774645,-0.00010695344898425661,9.718903718318121e-05,0.004923085686496883
0.226,-2.4194398423878054,1.3540914736620018,1.5348818056700816e-05,-0.0069765385151932,0.00787370143207067,-0.0030122062627135912,9,1,0.05013090300414016,-0.03000149837880389,0.001298857758129285,-9.814566174232595e-05,8.597165210685474e-05,0.005001611888904744
0.251,-2.419469299156826,1.3545168263923868,-0.00012381716074482993,0.0004477960721871453,0.0029635739087741078,-0.0006583200402499043,10,1,0.05011421727057144,-0.03016173863963384,0.0015956715719575708,-8.8495482834806e-05,6.773517321818842e-05,0.0054508750335845214
0.276,-2.419417452584196,1.3542396523574405,-1.756718395592505e-05,0.004573985455884606,-0.003660064538255622,0.0015100376390186896,11,1,0.05005712981548987,-0.029970822665841532,0.0019030815676471366,-9.3509437246375e-05,5.60556999964985e-05,0.005089477651589045
0.30100000000000005,-2.4192405998840316,1.354333823165474,-4.8315278793699465e-05,0.003470947352148813,-0.0005653641142622235,-0.0005258766017490758,12,1,0.049917417437035226,-0.0300147638828735,0.002202345031826574,-8.60430017151456e-05,4.405976474038984e-05,0.005179412222008313
0.326,-2.4192439052165886,1.3542113841517274,-4.386101404345034e-05,-0.0019861601636872455,-0.002913450888595293,0.0006107370397234747,13,1,0.049902798818832764,-0.02987871005295923,0.0024739018238271095,-8.768102028335397e-05,2.8726561087128008e-05,0.005141231953835601
0.35100000000000003,-2.419339907892216,1.3541881506210443,-1.7778426807634328e-05,0.0006364130033720273,0.00044679610718745277,0.0008958080011467475,14,1,0.04997202365334052,-0.029841016554379807,0.0027028643450274477,-9.4108852879936e-05,7.845798581970598e-06,0.005054204768018533
0.376,-2.41921208456642,1.3542337239570867,9.293860137601138e-07,0.005364225476336416,0.00151321244049818,-0.00017290058916152876,15,1,0.049819967147935365,-0.029873473529463554,0.0028836777280873134,-9.700659280557869e-05,4.300902235431953e-06,0.005029569072287949
0.401,-2.419071696618399,1.3542638112430692,-2.6423456265748488e-05,0.0020191784665080075,-0.0011018751063041055,9.5477848542913e-05,16,1,0.04966027081999864,-0.029883672056643946,0.0030169206966681483,-8.566720837461667e-05,6.2736928132078355e-06,0.005121129688018934
0.42600000000000005,-2.4191111256430946,1.3541786302017715,5.703278440730358e-06,-0.002137280641854034,-0.0026930984469153434,0.0018402721322541287,17,1,0.04971966822737853,-0.02975658614329371,0.003103664901445277,-7.111472862856357e-05,1.0473795009036589e-05,0.005049207568734544
0.451,-2.419178560650492,1.3541291563207234,6.559015034692287e-05,-0.000803677795895297,-0.0015850857411692236,-0.00043202724321567143,18,1,0.0498026267501608,-0.029695297593032372,0.003153543506555577,-5.549938166415122e-05,1.0452496824365872e-05,0.004921978620265195
0.47600000000000003,-2.4191513095328894,1.354099375914713,-1.589808372026707e-05,0.006307584756459763,0.002697320625602018,-0.004205555128971029,19,1,0.04976115287438903,-0.029667380504848025,0.0031742761194223203,-4.1034385804458835e-05,3.311010386674237e-07,0.00509863167774085
0.501,-2.418863181412669,1.3542640223520035,-0.0001446876061015645,0.005063957182027679,0.0006638072328835066,-0.0022409198348860575,20,1,0.04937726214182342,-0.029910790060766898,0.003172152024184968,-2.1895293673276408e-05,-6.0384578658369615e-06,0.005364654770944395
0.526,-2.418898111673788,1.3541325662763573,-0.00012794407546461468,-0.0031118344293989937,0.0012648366385548105,-0.0008749233874372201,21,1,0.04946909862907366,-0.029708452510808676,0.0031528554616120363,-1.389468781417736e-05,-2.8232306386046984e-06,0.0053366119562745
0.551,-2.419018773134139,1.3543272641839312,-0.00018843377547362445,-0.0019347097053667977,0.0026024948844272067,-0.00013341840308989095,22,1,0.04966322210810389,-0.029993627989005563,0.0031205136607666607,1.6873946501006894e-06,3.057120505533365e-06,0.005448977184382523
0.5760000000000001,-2.4189948471590563,1.3542626910205786,-0.00013461499561891172,0.00546350141314988,0.0011177052357780315,-0.0014502645752045838,23,1,0.04963719679213012,-0.02986855809876126,0.0030790581075646117,1.6010240579791302e-05,6.355831331133961e-07,0.005311809541885148
0.6010000000000001,-2.4187455980634813,1.3543831494457201,-0.0002609470042338656,0.006682315449992879,-0.00175889227192805,-0.0010002706050293866,24,1,0.049315820371255134,-0.03002381180773951,0.003032769492122639,2.9675623884885183e-05,-5.478105440374333e-06,0.005507887780639769
0.626,-2.4186607313865567,1.3541747464069822,-0.0001846285258705361,0.001184330491987852,-0.0068406821149480474,0.001757782432560975,25,1,0.04926326068832688,-0.029704212709654898,0.0029829028664492174,3.351398018945143e-05,-1.2274047927954365e-05,0.005384869054831384
0.651,-2.418686381538882,1.3540411153399727,-0.00017305788260600836,-0.0038645628179789747,-0.007222819407983743,0.001675576740156613,26,1,0.04936697264392113,-0.029537485546451598,0.002933702228672987,3.2829928670384055e-05,-1.8073611561151785e-05,0.005348986329315648
0.676,-2.4188539595274556,1.353813605436583,-0.00010084968886256424,-0.004793488184038348,-0.005447740832504872,0.0026686821366528313,27,1,0.049642734391045155,-0.02927588713062586,0.002885508360909294,3.4322658170354705e-05,-2.6154661728708843e-05,0.0052302888342420275
0.7010000000000001,-2.418926055948084,1.3537687282983475,-3.9623775773406604e-05,-0.001600623871542693,0.004944970307767522,-0.00048454482084458973,28,1,0.04975121566767597,-0.029300947560322133,0.002839758066169478,3.285746322158246e-05,-3.196598071567865e-05,0.00514485081534531
0.7260000000000001,-2.4189339907210328,1.3540608539519714,-0.00012507692990489607,-0.0008584888488449861,0.009583944212625551,-0.0035352899252494344,29,1,0.04975979343360519,-0.029768258731469942,0.0027967433027750285,3.459483306352872e-05,-3.5005720225921235e-05,0.005262194450377687
0.751,-2.418968980390526,1.3542479255089788,-0.00021638827203588566,-0.0007150548706480474,-0.003436853405371925,0.00026907240608942156,30,1,0.04979912150077751,-0.03002659296268023,0.0027548325795615776,3.416217614795358e-05,-3.4321755683828906e-05,0.005390736091316373
0.776,-2.418969743464565,1.3538890112817028,-0.00011162330960046763,0.003272800063580658,-0.012418723617311212,0.003913096174441574,31,1,0.04979182679098938,-0.02953983585073849,0.0027151077337737345,2.4406426713333948e-05,-3.499764650468902e-05,0.00523469432479487
0.801,-2.418805340387347,1.3536269893281132,-2.0733463313609408e-05,-0.00042539976480959713,-0.004909792139939913,0.0021109523052231776,32,1,0.0495814442749869,-0.0292565685258747,0.0026768320898207304,1.489289107266468e-05,-3.487861140475521e-05,0.005101610907310926
0.8260000000000001,-2.4189910134528056,1.3536435216747058,-6.075694339383998e-06,-0.006780656429423709,0.002146445638557813,-0.0008869809966860479,33,1,0.04983318986097194,-0.0293752057902028,0.0026404025530868927,1.1222693518275035e-05,-3.327804150759797e-05,0.005095538994705303
0.8510000000000001,-2.4191443732088183,1.353734311610041,-6.508251314798272e-05,0.00023401199563011265,0.0019143546603839238,-0.0015567287670936758,34,1,0.05000877636856269,-0.02956644404580988,0.0026057305980371295,1.1295429314726533e-05,-3.385767069901703e-05,0.005168754356220972
0.876,-2.418979312853024,1.353739239407725,-8.391213269415274e-05,0.007014486479475233,0.0066645096612871855,-0.0017525486900371613,35,1,0.04977573443330736,-0.029621558252947742,0.0025711339525374068,9.629083238788785e-06,-3.77666867362701e-05,0.0052184096424153885
0.901,-2.4187936488848445,1.3540675370931055,-0.00015270994764974433,0.0029084840297333133,0.009448000743508258,-0.002317427851181717,36,1,0.049556129676159806,-0.030070736325719848,0.002536052991369956,1.5757632756692988e-05,-4.0454598967583034e-05,0.00528275336194059
0.926,-2.4188338886515375,1.3542116394449004,-0.00019978352525323114,-0.0013130059350263668,0.0025594350218716123,-0.0006433631646896027,37,1,0.04963468431142168,-0.030223596501742465,0.00249988117493278,1.753855183611134e-05,-4.329024569676279e-05,0.0053310161767202375
0.9510000000000001,-2.418859299181596,1.354195508844199,-0.0001848781058843645,-0.0029051544647895585,0.0015171733703622779,-0.0006055429328633005,38,1,0.04968076405070646,-0.030159307221402264,0.0024627075969927983,1.6787356145357827e-05,-4.7015919100586426e-05,0.005317391156278489
0.9760000000000001,-2.418979146374777,1.3542874981134185,-0.0002300606718962149,-0.005005951992318476,-0.0013389908874783577,-0.0002551938741746094,39,1,0.049826637978964486,-0.03023420819314713,0.002425776577423687,1.2046514415072216e-05,-4.848621093358754e-05,0.005362611824366882
1.001,-2.4191095967812117,1.3541285592998251,-0.0001976377995931521,-0.007938314501938503,5.982901877921173e-05,0.0012254813981815733,40,1,0.04996188004132169,-0.029994966449137052,0.002388648428437664,7.172869651649148e-06,-5.3167258387353906e-05,0.005322276898079607
1.026,-2.419376062099874,1.3542904895643575,-0.0001687866019870935,-0.005631606203433387,0.0005196300896814772,0.0005984147478699237,41,1,0.05023243841316906,-0.030170797345051382,0.002350658408245993,1.0150433672213804e-05,-5.415862689812492e-05,0.005291850712273459
1.051,-2.4193911770913834,1.3541545408043092,-0.00016771706219965342,-0.0014801446499745894,-0.00217916564660303,0.0002091708529405876,42,1,0.05017325017785864,-0.029965646449099475,0.0023097766306739826,9.501115660710724e-06,-5.698513695704012e-05,0.005277771787246149
1.076,-2.4194500693323726,1.3541815312820273,-0.00015832805934003075,0.001982319172650902,-0.005560333661542844,0.0012844226353525545,43,1,0.05017150293404655,-0.02998903118617364,0.0022674027127901238,1.3104104379320222e-05,-5.844611285253726e-05,0.0052787296768533375
1.101,-2.419292061132751,1.353876524121232,-0.00010349593043206548,0.005772337916436519,-0.005732803164906228,0.0008738563259225205,44,1,0.049926445846958815,-0.029619782786207756,0.002225887626902441,1.1722190604053125e-05,-6.264266760345247e-05,0.00521560083505918
1.126,-2.419161452436551,1.353894891123782,-0.00011463524304378859,0.0016061668394495839,0.00103412885176457,-0.0005414964670791274,45,1,0.04975104221158181,-0.029686175811389087,0.0021857439670675675,1.4276115929514393e-05,-6.317367037276605e-05,0.005236189561305441
1.151,-2.4192117527907784,1.3539282305638203,-0.00013057075378588125,-0.0031636409526392103,-0.00111188751606761,-0.0004185309887994034,46,1,0.04980601110111376,-0.02976300033111941,0.002147506955470531,1.44104886359867e-05,-6.003634065632552e-05,0.005239623433883913
1.176,-2.4193196344841827,1.3538392967479786,-0.00013556179248360519,-0.0015481094142888439,0.0018519872815714305,-9.914627701057546e-05,47,1,0.04991660317099742,-0.029689494458653296,0.002112997025950687,1.2479068787672683e-05,-5.678589022115008e-05,0.00522780020333694
1.201,-2.419289158261493,1.3540208299278989,-0.00013552806763636466,0.0038395575324212637,0.004577179951428252,-0.0002974194113480874,48,1,0.049857062887266615,-0.029941313175123538,0.0020826406395777217,1.4183186799495029e-05,-5.3973141277682715e-05,0.005209368476301659
1.226,-2.4191276566075617,1.35406815574555,-0.00015043276305100466,-0.00011847463372127762,-0.002847329775024231,0.0006855082411760828,49,1,0.04966494543077823,-0.03000209299615842,0.002055444714540296,1.5806887201875646e-05,-5.309131532328456e-05,0.005212152308372767
1.251,-2.419295081993179,1.3538784634391476,-0.00010125265557760338,-0.001162965439700513,0.0006123166616456283,-1.4679052267041457e-05,50,1,0.0498615594140685,-0.029778245265028782,0.0020301256114730135,1.4447378301192795e-05,-4.8263906356708336e-05,0.005160257905757332
1.276,-2.4191858048795467,1.3540987715786323,-0.00015116671566448448,0.0027632931315757355,0.00632536430965388,-0.0015902704984327358,51,1,0.04972460603631971,-0.030058660665319887,0.0020066247453357287,1.5101278487440794e-05,-4.6521034747571544e-05,0.005199271360774594
1.3010000000000002,-2.4191569173366,1.3541947316546303,-0.00018076618049942323,0.0027253041563035625,0.0011576585504746706,-0.00020430459108489155,52,1,0.04969794730928582,-0.03015927111575176,0.0019846444215503543,1.578910031731629e-05,-4.610301627562462e-05,0.005228796650724043
1.326,-2.4190495396717315,1.354156654506156,-0.0001613819452188987,-0.0010687901856165677,-0.00032910914401274147,0.00010829115541177752,53,1,0.049591731426279664,-0.030098523732347542,0.0019630624451373677,1.581692049262393e-05,-4.59690417987619e-05,0.005210874419853976
1.351,-2.419210356845881,1.3541782761974297,-0.00017535162272870164,-0.004683514675045702,-0.002249672892293838,0.00031179233754841215,54,1,0.049789065452112556,-0.0301151039556477,0.0019420971259482987,1.7466341183725676e-05,-4.347384859441688e-05,0.0052315125253095795
1.376,-2.419283715405484,1.3540441708615414,-0.00014579232834134847,-0.003085837044460857,-0.0048688576748423485,0.0015073216597194503,55,1,0.04986380470461977,-0.029957925347199762,0.0019228326383257778,1.931266307933779e-05,-4.218796841141411e-05,0.005195148315451865
1.401,-2.419364648698104,1.3539348333136876,-9.998553974278643e-05,0.0011015856923002273,-0.0014338294836679845,0.00041482615886323293,56,1,0.049935079309540845,-0.029855432844920045,0.0019053972751301052,2.1218789030285962e-05,-4.0939419534317546e-05,0.005155086268573577
1.4260000000000002,-2.419228636120869,1.353972479387358,-0.0001250510203981257,0.005083520703044182,0.004906416795420472,-0.001077266800431075,57,1,0.04976459368014407,-0.029933042826012442,0.001888410559359406,2.4308928493851315e-05,-4.0370463632829856e-05,0.005169382636882238
1.451,-2.4191104726629518,1.3541801541534586,-0.00015384887976441745,0.007165055444087212,0.0033138968842161393,-8.538564761906317e-06,58,1,0.0496404488240215,-0.03018813590057543,0.0018711476002441446,3.0190212736445624e-05,-3.933638801880841e-05,0.005196127681311882
1.476,-2.4188703833486644,1.3541381742315688,-0.00012547794863630366,0.0026825850300937855,-0.00045593161001722556,0.0012088148454925162,59,1,0.04940604457490246,-0.030128936645469038,0.0018531933913467373,3.285925440370803e-05,-3.948938962621581e-05,0.005172120530464929
1.501,-2.418976343411447,1.3541573575729577,-9.340813748977289e-05,-0.006227060249166522,-0.0016157677444494907,-0.00011508390175940509,60,1,0.049564659334392414,-0.030144162614580812,0.00183467070582965,3.5819611084777985e-05,-3.7475399585715525e-05,0.005150733834812243
1.526,-2.4191817363611228,1.3540573858443463,-0.0001312321437240863,-0.001187713497241554,-0.0007957444988981834,-0.00048686497553518133,61,1,0.04980256457473242,-0.030025524665189363,0.0018155537706802665,3.74993446334993e-05,-3.779386467538389e-05,0.005179818943294744
1.5510000000000002,-2.419035729086309,1.3541175703480128,-0.00011775138626653347,0.0029908022294389243,0.002296761811955148,-6.994331025467197e-05,62,1,0.049636927105525856,-0.03010060051865239,0.0017954187391212941,4.0434719830015804e-05,-4.090956683790826e-05,0.005170932286043271
1.576,-2.419032196249651,1.354172223934944,-0.00013472930923690856,-0.0009587114810116793,0.0008339069544671703,-0.0008031131586783175,63,1,0.04964301263955115,-0.03015684775990351,0.0017744644137549202,4.4055573960384955e-05,-4.2862625516206456e-05,0.005183195057260376
1.601,-2.4190836646603597,1.3541592656957362,-0.00015790704420033902,-0.00016757923809507307,-0.0005026223296189531,-0.00048604114186723453,64,1,0.049706789980067806,-0.030130769564010312,0.0017514135113477114,4.66657770806992e-05,-4.199057177310908e-05,0.00519778611627382
1.626,-2.4190405752115556,1.3541470928184631,-0.0001590313663303526,0.0012307350055262834,0.0019351194134520338,-0.000692400621558064,65,1,0.04966535127883351,-0.03011236443270588,0.0017281334091573414,4.886658119512923e-05,-4.247417385550887e-05,0.0052000977900335645
1.651,-2.4190221279100834,1.3542560216664088,-0.00019252707527842204,-6.147102292963747e-05,0.004314612370466241,-0.0010244254954194733,66,1,0.0496543054426275,-0.030228927620325818,0.0017048252388858016,5.0938038410635e-05,-4.30046461957613e-05,0.005214089966258851
1.6760000000000002,-2.419043648762702,1.3543628234369864,-0.00021025264110149017,0.0018610784466854807,0.0037413774860040015,-0.0006003718630864791,67,1,0.049686134762538726,-0.030326977627153483,0.001681575199512355,5.464017172301237e-05,-4.238202654990531e-05,0.005221346471856334
1.701,-2.418929073987749,1.354443090540709,-0.00022254566843275112,0.004695345906613485,0.002902410959797496,-0.0002694443596684702,68,1,0.04957890038370871,-0.03038392999742652,0.0016590967349637224,5.678824407969541e-05,-4.2344273975098305e-05,0.005228838375401693
1.726,-2.4188088814673714,1.3545079439849763,-0.0002237248590847228,1.978841717154019e-05,0.0014736239072110687,-0.0004791924031444256,69,1,0.049480380307004926,-0.030416251064243654,0.0016384336696424263,5.694025741687039e-05,-4.180440799277366e-05,0.005233201123869996
1.751,-2.4189280845668906,1.3545167717360695,-0.00024650528858978564,0.00016778104582115802,-0.0010757146295281564,-0.0011420170530751495,70,1,0.04963666321670068,-0.030385553714343778,0.0016208043066516199,5.6373664693600715e-05,-4.07231164339279e-05,0.005239784127401572
1.776,-2.4188004924150803,1.3544541582535,-0.00028082571173861375,0.008487982297955509,-0.005011900648685925,-0.0006051222249325828,71,1,0.049521830380001505,-0.03028594147252972,0.0016064129797324575,5.523536915867999e-05,-4.021088441172239e-05,0.00525355163608913
1.8010000000000002,-2.418503685451993,1.3542661767036352,-0.00027676139983623296,0.0034572603015092765,-0.005964768810193805,8.42095593966973e-05,72,1,0.04925223133097267,-0.03007198989450153,0.0015958869558153465,5.3899530190463954e-05,-4.017122560866139e-05,0.00524202918883855
1.826,-2.418627629400005,1.3541559198129902,-0.0002766152337688688,-0.0032735991908783408,-8.453659466667348e-05,-0.0006819770880994748,73,1,0.04944027387648101,-0.02996985123165479,0.0015864326849940266,5.387976262260394e-05,-3.778533776881832e-05,0.0052307961199776635
1.851,-2.4186673654115367,1.354261949873902,-0.0003108602542412598,-0.00344254892182151,0.0017559382394827302,-0.0004878637783978252,74,1,0.04951654820782288,-0.030108632018827727,0.0015762299745192177,5.437176705929458e-05,-3.507364178586964e-05,0.005237735301831559
1.876,-2.418799756846096,1.3542437167249644,-0.00030100842268866284,-0.0036771499599463874,0.000980297028703169,-3.47962361857412e-05,75,1,0.04967148250640807,-0.030097831238452628,0.0015644212181369975,5.340030517718453e-05,-3.2832041371825054e-05,0.0052180390258145465
1.901,-2.418851222909534,1.354310964725337,-0.0003126000660503776,0.0030490263425608627,-0.00018534195092012498,0.00048191483882575626,76,1,0.04972287025188728,-0.030176318930371284,0.0015511300663830913,5.403645360725326e-05,-2.9949783614403486e-05,0.0052249813966761234
1.9260000000000002,-2.418647305528968,1.3542344496274183,-0.00027691268074757786,-0.0002532790867704191,-0.0027242545179406693,0.0011546157808250957,77,1,0.0495148463298834,-0.03009813278742786,0.0015360609234259187,5.39065757724417e-05,-2.7831081162217912e-05,0.005203865612845286
1.951,-2.4188638868638725,1.35417475199944,-0.0002548692770089245,-0.0033503419488756354,-0.007618274396929996,0.0011421464973882009,78,1,0.049744359487733654,-0.030049631190150007,0.0015189625596316839,5.246032041071061e-05,-2.4207560022876943e-05,0.005187491492993702
1.976,-2.4188148226264117,1.3538535359075718,-0.00021980535587833006,-0.0019258212778527975,-0.007433531831990718,0.0011675326503191071,79,1,0.04968263448563597,-0.029744103175650228,0.0014997364962586442,4.944909997567706e-05,-2.3242833596650974e-05,0.005159153560724769
2.001,-2.418960177927765,1.3538030754078405,-0.00019649264449290004,-0.0037068952955099507,-0.0017333732760205283,0.00030905544011084027,80,1,0.04981815030775865,-0.02975615267666883,0.0014792027293340896,4.815463386488206e-05,-2.2503210407795138e-05,0.0051417012543801864
2.026,-2.419000167391187,1.3537668672437708,-0.0002043525838727311,-0.0012772242620950824,-0.0013757616826426326,-0.00031884440442553173,81,1,0.04983141288517503,-0.029779443208383476,0.0014578294723484337,4.612187812532125e-05,-2.1825271072696565e-05,0.005136667123086363
2.051,-2.41902403914087,1.3537342873237084,-0.00021243486471401394,-0.0015031417390787203,0.0017916085638969197,-7.458544093452661e-07,82,1,0.04982596838785704,-0.02980280673929127,0.0014367742346506102,4.530430322654095e-05,-2.214271601968468e-05,0.00513927744894694
2.076,-2.419075324478141,1.3538564476719657,-0.0002043898765930152,-0.0044891091173760046,0.0017015116684282522,0.0010995205929287305,83,1,0.04984854032939915,-0.02997641573601723,0.0014169222170584822,4.443538415048223e-05,-2.106918864428806e-05,0.005131251880025909
2.101,-2.4192484945967387,1.3538193629071298,-0.00015745883506746556,-0.0007311470708160099,-0.00024153033165497193,0.0010880320168915642,84,1,0.04998400128789565,-0.029961966271049356,0.0013981533849354243,4.4670285877924995e-05,-2.036918738346925e-05,0.005107307019722992
2.126,-2.419111881831682,1.353844371155383,-0.0001499882757483362,0.0024150611978512957,0.004388155376142693,0.0004350746967940482,85,1,0.049805122823898054,-0.030010408154868672,0.0013816176480829275,4.602926774303244e-05,-2.1610446628725785e-05,0.005097988928113991
2.151,-2.419127741536846,1.354038770675937,-0.00013570510022780106,-0.001877713715598962,0.0016997666779339136,0.00033738295971197195,86,1,0.04979439854493097,-0.030223177738702194,0.0013675346247751644,4.856449238687548e-05,-2.2134204461576805e-05,0.005090518728087693
2.176,-2.419205767517462,1.3539293594892796,-0.00013311912776266697,-0.0023597395142704743,-0.0017861031808719023,0.00047035558411678586,87,1,0.04984075105301753,-0.030108767884091277,0.001355758556560308,4.868513036777353e-05,-2.2539873689634155e-05,0.0050851923420944896
2.201,-2.4192457285125597,1.3539494655168933,-0.00011218732102202709,-0.0017359390797011603,0.003269416601603415,-0.00012634640877529126,88,1,0.04984237650127951,-0.030139246729499664,0.0013449945666779083,4.962243812713527e-05,-2.247977988652852e-05,0.005072254974950435
2.226,-2.419292564471447,1.3540928303193598,-0.00013943644820142305,0.0010434492920907738,-0.0003139588503353619,-5.003355285637685e-05,89,1,0.04985087714517369,-0.03028138186043711,0.0013347404482592802,5.1097312291075136e-05,-2.2279255330467955e-05,0.005079837751168882
2.251,-2.419193556047955,1.3539337675743766,-0.00011468899866494921,0.0029734213228405186,-0.0017989035345067413,0.00034605236003848585,90,1,0.04972106312374373,-0.030107786102957,0.00132240948014235,5.093907036896104e-05,-2.142727923487727e-05,0.00506742189591596
2.276,-2.419143893405305,1.3540028851426344,-0.00012213383019959477,0.00024168047694672493,-0.0006368896315356276,-5.324503773884686e-05,91,1,0.04965432390351986,-0.030181769782085064,0.0013076079777013532,4.926464744070961e-05,-2.090277516533803e-05,0.005073676063988403
2.301,-2.419181472024108,1.3539019230927998,-0.00011735125055171732,0.0030981082251990534,-0.00471504304698109,0.00022616816172771218,92,1,0.0496784300195587,-0.030079939917457093,0.0012893579006581916,4.663933328205883e-05,-2.0051781091093204e-05,0.005068784338369662
2.326,-2.418988987994045,1.3537671329902854,-0.00011082542211303192,0.008467047918685496,-0.0018790572209637158,3.585930323346544e-05,93,1,0.049492013449864425,-0.029959065813967893,0.0012675620128250987,4.4749652543665656e-05,-2.0286068975577252e-05,0.00506528589064426
2.351,-2.4187581196281736,1.3538079702317516,-0.00011555828539016406,0.0034528949978707268,0.005168335947871601,-0.0006209798360057328,94,1,0.04930043438038272,-0.030022253096754714,0.00124222051557631,4.47418304930009e-05,-2.1187427275213917e-05,0.005060104136995403
2.376,-2.4188163432441514,1.354025549787679,-0.0001418744139134541,0.0025873076635729666,0.001129635658352339,0.00016161644807333232,95,1,0.049405506238045745,-0.030243552087116498,0.0012137489561140026,4.47097114691151e-05,-2.074294901356823e-05,0.005067296566321475
2.401,-2.418628754244995,1.3538644520146692,-0.00010747746298661386,-0.0011562287690036694,-0.005625037440775108,0.000623331116020861,96,1,0.049272067751392055,-0.03007687600666538,0.0011839164435978858,4.295346372207825e-05,-2.0868851290044564e-05,0.005057177907683015
2.426,-2.4188741546826016,1.3537442979156402,-0.00011070785811262566,-0.004536375831003501,-0.0013878374132358855,0.00017751793436104795,97,1,0.049544815259213136,-0.029973939471098124,0.0011539619920279977,4.180510990282898e-05,-1.9132895531901838e-05,0.005061585422914004
2.451,-2.418855573036545,1.3537950601440074,-9.860156626847314e-05,-0.0008493117427121918,0.005523655746770848,-0.00011229708694493507,98,1,0.0495417689472247,-0.0300497112523165,0.0011257467482194527,4.195980203534139e-05,-1.8808912104043674e-05,0.005051934623610808
2.476,-2.418916620269737,1.3540204807029788,-0.00011632271245996731,0.001832096276057633,0.0006287530711590628,0.0005117527493769832,99,1,0.04961033624313601,-0.030279857900431393,0.001100450392665247,4.170810445817117e-05,-1.744012867267234e-05,0.00506098851117657
2.501,-2.418763968222742,1.3538264977975654,-7.301392879974644e-05,0.00275785418023312,-0.0078083423266140095,0.0016729901793244354,100,1,0.04948022084830911,-0.03008720645697723,0.0010785716479837539,3.810840984481984e-05,-1.6680650015669253e-05,0.00503739577302843
2.526,-2.4187787275607255,1.353630063586648,-3.267320349369743e-05,-0.0035703517785456804,-0.005104703637823755,0.0011415545635617913,101,1,0.04951615772096212,-0.029921534147136605,0.001059099406732405,3.466759411220207e-05,-1.4225163443719872e-05,0.005016624557623693
2.551,-2.4189424858116695,1.3535712626156742,-1.5936200621745228e-05,0.003877957332099037,0.001901407436055703,-0.00013415048675469095,102,1,0.04967923037847285,-0.029908841219172325,0.0010412160076714823,3.34379355957573e-05,-1.3290238637917114e-05,0.00501283808784001
2.576,-2.4185848296941206,1.3537251339584508,-3.9380727831280365e-05,0.009026524935684708,0.003269328543806805,-0.00036062823809857166,103,1,0.049359926601302596,-0.030092246104658462,0.0010250657255253693,3.373591780723823e-05,-1.482301391562086e-05,0.0050154807239002385
2.601,-2.4184911595648853,1.3537347290428645,-3.396761252649349e-05,0.0015324112832271251,-0.0009817126760669516,0.00015700742054924945,104,1,0.04931892530480162,-0.03011709002590524,0.001010126700660466,3.322569978396096e-05,-1.616057712350468e-05,0.005018322024838265
2.626,-2.4185082091299592,1.3536760483246475,-3.1530356803663104e-05,-0.0009311737240569362,0.0018822168381271776,0.00012368637736237574,105,1,0.0493818761014056,-0.030076847177747713,0.000996821829851109,3.250670789793749e-05,-1.6846761180369482e-05,0.005013239949158313
2.651,-2.418537718251088,1.3538288398847709,-2.7783293658540533e-05,-0.0001153411143217647,0.0057548540936113975,-0.0003552046686561264,106,1,0.04944642338722737,-0.03023635524533464,0.000986139925459874,3.145781387581269e-05,-1.6681005766293972e-05,0.005014768043349678
2.676,-2.4185139761856753,1.353963791029328,-4.929059023665855e-05,-0.0007098120596715735,0.002959509262079314,-0.0012944216177501675,107,1,0.04945727021681082,-0.030358387004257643,0.0009778974468313524,2.9598714642623843e-05,-1.695455232096158e-05,0.0050226848586769615
2.701,-2.4185732088540717,1.3539768153478748,-9.2504374545873e-05,-0.002366499792429985,-0.001013845812325446,-0.0009805475238700047,108,1,0.049537852844686966,-0.03035443284767477,0.0009706095824782443,2.7461425619768684e-05,-1.7011034176421947e-05,0.005037148461010893
2.726,-2.418632301175297,1.3539130987387118,-9.831796642993795e-05,-0.0027171668503633934,0.001839612283656151,-4.874619957462318e-05,109,1,0.04960836449208141,-0.0302828232362328,0.0009648424273366621,2.5063784272229923e-05,-1.7455981170993328e-05,0.005034377807964741
2.751,-2.41870906719659,1.3540687959620576,-9.494168452469796e-05,-0.006294650064173646,0.003479735432683219,0.0006400800865513668,110,1,0.04968518562510931,-0.030417120931965923,0.0009599162178408015,2.4018090398108872e-05,-1.8478928143500758e-05,0.005028142061272737
2.776,-2.4189470336785055,1.354087085510346,-6.631396210224127e-05,-0.007994274931455393,-0.0008331273567074815,0.0009125108087903962,111,1,0.04988911986457832,-0.030407515714897474,0.0009554612424542834,2.3787619604169415e-05,-1.7234041971963714e-05,0.005018975157049543
2.801,-2.4191087809431626,1.3540271395942223,-4.9316144085355944e-05,0.003857821514587891,-0.00020282310273067486,0.00047301403300892026,112,1,0.04999848284357152,-0.030327933732481268,0.0009510326037659896,2.3023333256048404e-05,-1.6510100058794982e-05,0.005013775914457904
2.826,-2.418754142602776,1.3540769443552094,-4.266326045170639e-05,0.0021013084257948196,0.0028883995575324055,-0.0002852931647900913,113,1,0.04965110709115794,-0.030356652028287627,0.000946560791162754,2.2324624307367547e-05,-1.6607491515707606e-05,0.005011959238871728
2.851,-2.419003715521873,1.354171559572099,-6.358080232469403e-05,-0.006721726781213657,0.005334675550332532,-0.0004980871733817355,114,1,0.04986502856270562,-0.030419605893728652,0.0009416668854886471,2.2405070019464558e-05,-1.6237508334034832e-05,0.0050202112894882495
2.876,-2.419090228941837,1.354343678132726,-6.756761912090987e-05,-0.0006784575341178846,0.006148121869573608,-0.0008789345307125305,115,1,0.049912982876577944,-0.03053885989126419,0.0009342547149979742,2.1697486581490065e-05,-1.5697818368562646e-05,0.005019505971172822
2.901,-2.4190376383985788,1.3544789656655776,-0.00010752752886040076,-0.0036646267075823662,0.0009132106714604356,-0.0012423711085673905,116,1,0.049838535931141716,-0.03060788312635998,0.0009254952516347996,2.099510325408786e-05,-1.4968926323642735e-05,0.005028967773105737
2.926,-2.419273460277216,1.354389338666299,-0.00012968617454907263,0.001232092827319058,-0.006543487530601376,-0.0004175719604582162,117,1,0.05001462953018953,-0.030470267535172565,0.0009141395053962731,1.934827197727932e-05,-1.3345861531036893e-05,0.005031508412645835
2.951,-2.418976033757213,1.3541517912890475,-0.000128406126883212,0.0013630546967391458,-0.00910407138402739,0.00040385333663017916,118,1,0.04972229858273787,-0.03022298808680163,0.0009022362230785281,1.7775569075952765e-05,-1.3431923202218085e-05,0.005026294662935442
2.976,-2.419205307542379,1.3539341350970977,-0.00010949350771741057,-0.0007725102904032637,-0.0012562831221174565,0.00024171551840979164,119,1,0.0499100026029319,-0.030033648441251583,0.0008891149735062171,1.6694021510323084e-05,-1.2801074113219508e-05,0.005010796242988949
3.001,-2.419014659271733,1.3540889771329416,-0.00011632035096282427,0.007611650731869118,0.0013313918164215058,-0.0005457714294099267,120,1,0.04972446949554464,-0.03019433754023921,0.0008762639381738744,1.645358793071629e-05,-1.2103279875963236e-05,0.005011207642189979
3.026,-2.4188247250057855,1.3540007046879188,-0.00013678207918769195,0.00018243334848122475,-0.008129980187363507,0.0005102011295576831,121,1,0.04956683434941049,-0.030118515390829697,0.0008638122529382922,1.5619612627121424e-05,-1.3117358595590632e-05,0.0050158901075365615
3.051,-2.419005537604309,1.3536824781235735,-9.081029448486883e-05,-0.006111973097979695,-0.002508374850913584,4.264843089352132e-05,122,1,0.04973801004327236,-0.029855567979139845,0.0008526714479839898,1.4431940169032917e-05,-1.2783592945783188e-05,0.005000780476792989
3.076,-2.4191303236606845,1.353875285945373,-0.00013464965764297518,-0.003071419098237282,0.006347049233492741,-0.0010844128046372287,123,1,0.04983714412153447,-0.030067931089589803,0.0008420354196202386,1.4783585862764122e-05,-1.2488031399150859e-05,0.005014615224823809
3.101,-2.419159108559221,1.353999830585248,-0.00014503093471653005,0.0021099604838248427,0.005041267516459076,-0.0014618521311415885,124,1,0.049843197059637585,-0.030191630890480263,0.0008309054799429754,1.5053964701916998e-05,-1.3225047792276504e-05,0.005016698950544037
3.126,-2.4190248256364932,1.354127349321196,-0.00020774226420021283,0.007003175457054337,0.0029836570357844143,-0.0010308927734215027,125,1,0.04971562334060196,-0.0302994856835372,0.0008208910074414609,1.530947881864009e-05,-1.3924257385384921e-05,0.0050363231715920866
3.151,-2.418808949786368,1.3541490134370373,-0.0001965755733875947,0.00023674399506567895,-0.00047643197592428266,-2.009286193427318e-05,126,1,0.04954175893746102,-0.030304009682221758,0.0008115251522109674,1.5694048919609434e-05,-1.4903150966362083e-05,0.005034864905214462
3.176,-2.41901298843674,1.3541035277223998,-0.00020874690729674302,-0.0034840622854836836,-0.0012676165078939693,-0.00010860615549113048,127,1,0.049730349223101766,-0.030250743485112395,0.0008026329042309359,1.5820008012887243e-05,-1.3204664670212116e-05,0.005038182359260966
3.201,-2.4189831529006423,1.3540856326116426,-0.00020200588116198854,-0.0033547535241407306,0.0013862597486236133,-0.0006038514232020752,128,1,0.0497026568281193,-0.03022955618475886,0.0007939135787708082,1.605908212438715e-05,-1.2657571929269322e-05,0.005037485492199367
3.226,-2.419180726112947,1.354172840709831,-0.00023893947845698751,-0.0032995609618069583,0.0013207170725504417,-0.0001436300729729117,129,1,0.0498612626958077,-0.03030041133769458,0.0007856362213777447,1.70489046395064e-05,-1.199316427156182e-05,0.005051212141412736
3.251,-2.4191481309487326,1.3541516684652701,-0.00020918738481061653,0.0029917497958642622,-0.00014409522560932027,0.0004503255176224757,130,1,0.04981074029908543,-0.030269835452203613,0.0007767673336879727,1.6799686223170142e-05,-1.1770757227241952e-05,0.005041127238145974
3.276,-2.4190311386231538,1.3541656359485506,-0.0002164232025757828,0.003006664589371139,-0.000265632397034031,-0.00042611305189232723,131,1,0.04970099868175163,-0.030272261714919976,0.0007664667374336386,1.5826129573539697e-05,-1.1080479882443875e-05,0.005041991784061956
3.301,-2.418997797719264,1.3541383868454184,-0.00023049303740501506,-0.00444004326018541,-0.002505468425706412,-0.00011788885208474591,132,1,0.04967391630332615,-0.03023874778632947,0.0007541597178425107,1.4383133600927118e-05,-1.1235938668298715e-05,0.005043020611530051
3.326,-2.419253140786163,1.3540403625272652,-0.000222317645180206,-0.007239763680955162,-0.0030185629097934205,-9.625626844034264e-05,133,1,0.0498808153659941,-0.030150212277145323,0.0007414496717139038,1.2545686590342666e-05,-1.1552158495479459e-05,0.005039112880330517
3.351,-2.419359785903312,1.3539874586999288,-0.0002353058508270227,0.00047951553332481635,-0.0005182715862828165,-0.00031357740859050523,134,1,0.049940528526858124,-0.030112522531659268,0.0007291320008716865,1.0845060430317622e-05,-1.2968859676385212e-05,0.005036578106898667
3.376,-2.419229165009497,1.354014448947951,-0.00023799651560958408,0.0012840626205523665,0.00780715814673541,-0.0005787371675847218,135,1,0.049807486950311806,-0.030144954215061512,0.0007165448096028565,9.899765310243905e-06,-1.3781961531831262e-05,0.005034272548179554
3.401,-2.419295582772284,1.3543778166072655,-0.0002642427092063211,-0.004138964833844106,0.003278371569779264,-0.0005533824537007319,136,1,0.049849867329232744,-0.03044658619043864,0.0007030832225177902,9.97530217185474e-06,-1.4079953776495512e-05,0.005040274763432065
3.426,-2.419436113251189,1.35417836752644,-0.00026566563829452514,-0.0002522794823089911,-0.0008725809039011831,-0.00035023960427871075,137,1,0.04994404926457739,-0.030244902559308107,0.0006890889504571424,8.101074453644046e-06,-1.4105715822096421e-05,0.005035364910890866
3.451,-2.4193081967463996,1.3543341875620705,-0.0002817546894200513,0.0009028690498880142,0.005705915899350009,-0.0005754113860945174,138,1,0.04981688428509952,-0.030361953154075288,0.0006756235822911514,7.354912764382288e-06,-1.5331352862018477e-05,0.005040169828529251
3.476,-2.4193909697986946,1.3544636633214076,-0.00029443620759934464,-0.0023447091486073018,-0.0031999575323338305,0.000627165295252754,139,1,0.04987197078977599,-0.03043906502493391,0.0006617411237969982,7.479766825559363e-06,-1.6244891294294438e-05,0.005041629590211371
3.501,-2.41942543220383,1.3541741896854538,-0.00025039642465732326,0.003454146633732348,-0.00852237567005257,0.0013680803750215679,140,1,0.04987982914758182,-0.030166637544235177,0.0006461679055400417,6.076295015206709e-06,-1.69782300250165e-05,0.005028191085602643
3.526,-2.419218262467008,1.354037544537905,-0.0002260321888481826,0.008503774752046622,-0.002618812987984484,0.0005492507402848871,141,1,0.04970255148129825,-0.030061499752080792,0.0006293279530086342,4.748172822167163e-06,-1.8087233213919355e-05,0.005021378423825315
3.551,-2.4190002434662277,1.3540432490360546,-0.0002229338876431772,0.005929885094033662,0.003173907164568651,-0.0005190988389802669,142,1,0.04954763700844072,-0.030087584092539522,0.0006125774039959335,4.7678866710870065e-06,-1.9602263991918047e-05,0.005019607627092384
3.576,-2.4189217682123063,1.3541962398961334,-0.0002519871307972941,0.003224172379647794,0.002831206368050242,-0.000494357304567929,143,1,0.04952170338357338,-0.030228358799738852,0.0005966542806056008,4.93720748870923e-06,-2.0986642222410945e-05,0.005029540621321105
3.601,-2.4188390348472453,1.354184809354457,-0.00024765175287177235,-0.00216148099197789,-0.001392659599743778,0.00042367119612585365,144,1,0.049497735844996144,-0.03021727244309381,0.000580248579847849,5.221472607030029e-06,-2.2185198821574047e-05,0.005028168221080624
3.626,-2.419029842261905,1.3541266069161462,-0.00023080357099081707,9.080197820310364e-05,0.004118428443185011,-0.0006919489206591603,145,1,0.04968088757311255,-0.030168825357965442,0.0005632141632130795,6.592082603859585e-06,-2.2558106884094135e-05,0.005021635661141552
3.651,-2.418834494748335,1.3543907307766163,-0.0002822491989049374,0.0029637026364514995,0.0017767558694625667,-0.0013819760385480532,146,1,0.0495446836846447,-0.03038196459361896,0.0005463257397339786,8.433029780304488e-06,-2.4201243584514698e-05,0.00503491935164436
3.676,-2.4188816571300826,1.3542154447096193,-0.0002999023729180959,0.00661972281041475,-0.003427181774338077,-0.0001681419932175734,147,1,0.04961000641585707,-0.030214700035068556,0.0005296555562271996,8.896870859565834e-06,-2.5259385621766154e-05,0.005033240570635473
3.701,-2.4185035086078144,1.3542193716878994,-0.0002906562985657663,0.006120713956327983,-0.004228870419846779,0.0007406720216440758,148,1,0.049348133460233694,-0.030212710840190532,0.000514868123277163,9.24451725370322e-06,-2.7407773215056e-05,0.005027292680860815
3.726,-2.4185756214322662,1.354004001188627,-0.00026286877183577615,0.0020387214085282397,-0.003731358002805343,0.00045776638843087077,149,1,0.049462927399124335,-0.03004030281026454,0.0005021027139605674,8.819502683312849e-06,-2.8710842868734363e-05,0.005018722674768794
3.751,-2.418401572537388,1.3540328037877591,-0.00026776797914406544,0.0020573762400921754,-0.0019425271853723627,-0.00019614943814083645,150,1,0.049376959223985765,-0.03008036190502611,0.0004909007624177759,9.842866066982475e-06,-3.0273758963213806e-05,0.00501757879696523
3.776,-2.4184727526202616,1.3539068748293583,-0.0002726762437430053,-0.0013196486935917948,-0.0002963623305118885,-0.00011554135888935885,151,1,0.04948403712251161,-0.029992523565281107,0.00048138372898065405,1.1330276607868712e-05,-3.1048240747065565e-05,0.005013917913196992
3.801,-2.4184675549720676,1.3540179856712335,-0.00027354504708869567,0.0016016929423479014,0.005332937313062807,-0.00024694633533606106,152,1,0.049518475672275415,-0.030101365501127936,0.00047184687245255556,1.3365134123715489e-05,-3.220893499095153e-05,0.005012231539272258
3.826,-2.4183926679731442,1.3541735216950115,-0.00028502356050977577,0.00010581720009561517,0.0018740112688364686,-0.0001427038686685483,153,1,0.04949453205451212,-0.03022579505304377,0.00046120882783086387,1.635292097114965e-05,-3.319598280594978e-05,0.005016461975987777
3.851,-2.4184622641120628,1.3541116862346754,-0.0002806802405223326,-0.009348435803406862,-0.0020619749297212738,0.0005219285425539529,154,1,0.049580006419984064,-0.030162324283463673,0.0004493357202369837,1.7506049030814502e-05,-3.417264872738149e-05,0.005013108893542171
3.876,-2.4188600897633146,1.3540704229485254,-0.0002589271333821372,-0.006012561645718528,-4.927201352700212e-05,0.0002676917375854525,155,1,0.0498944508468756,-0.0301240056982736,0.00043560392592262444,1.806058004324619e-05,-3.431718244929624e-05,0.005006190676252668
3.901,-2.4187628921943487,1.354109222633999,-0.0002672956536429871,-0.004997313893975148,-0.002323899322038679,0.00011892802886492796,156,1,0.049800726143953214,-0.030155585711559185,0.00041987018463822894,1.884052251919585e-05,-3.5635182828035074e-05,0.005005537281875643
3.926,-2.4191099554580133,1.3539542279824235,-0.0002529807319387797,-0.007949545986933829,-0.004823568593139678,0.0005439614152269427,157,1,0.050046542070841436,-0.030035890906387218,0.0004033291485918509,1.9397463862244545e-05,-3.5364972540887804e-05,0.005000946370627125
3.951,-2.4191603694936954,1.353868044204342,-0.00024009758288158194,-0.002607326086039317,-0.0014397644520425298,0.0003892896698953777,158,1,0.050040633487313926,-0.029987605863764435,0.00038714737985563085,1.9464174664926672e-05,-3.595173232713823e-05,0.004997104272451462
3.976,-2.4192403217623153,1.3538822397598214,-0.00023351624844387994,0.00041377311077006373,0.002604245425077409,0.00047140714519499944,159,1,0.05005936812256341,-0.030020964327742837,0.000371825881585111,1.9502733126712364e-05,-3.667993346050829e-05,0.004994290173880861
4.001,-2.419139680838157,1.353998256475596,-0.0002165272256217785,0.00251342911284703,0.003557317783156057,0.0004677022880716936,160,1,0.049945946246250136,-0.03012486231604947,0.00035694278202082804,2.0141384485077767e-05,-3.797606757704774e-05,0.00499540611578784
4.026,-2.419114650306673,1.3540601056489792,-0.0002101311340405003,0.0013596448418873356,8.158799579494087e-05,4.959074252575153e-05,161,1,0.04990053104063728,-0.030169887181637586,0.00034188725826437015,2.1295915918597943e-05,-3.889218228036971e-05,0.004992134600042025
4.051,-2.4190716985960625,1.3540023358753857,-0.00021404768849553023,-0.0015330933522150812,-0.0027661647740728867,0.0001890175683350044,162,1,0.04984717829454787,-0.030117778307296776,0.00032530281781256026,2.1498555007514942e-05,-3.9698002114693686e-05,0.00499298512239538
4.076,-2.4191913049742837,1.3539217974102755,-0.0002006802556235476,-0.0028188645225135744,-0.0018029425643151307,-7.255492469937534e-05,163,1,0.04991584148135454,-0.03005675005197025,0.00030853670381781657,2.1693757534847565e-05,-4.062054533870955e-05,0.004987184823403051
4.101,-2.419212641822188,1.35391218874717,-0.00021767543473071805,-0.0008223692660624831,-0.001560557663631257,0.00018244660803467833,164,1,0.04990076055918164,-0.030054570395490934,0.0002920306157565753,2.1919600345291896e-05,-4.164536849832715e-05,0.0049907217902019655
4.126,-2.419232423437587,1.353843769527094,-0.00019155792522180178,-0.0013191624702813035,-0.0008134224419675847,0.0006651473670515908,165,1,0.04988657356021363,-0.030009485855189866,0.00027546737059001185,2.198375095451808e-05,-4.247428095356684e-05,0.004983757932109615
4.151,-2.4192785999457023,1.3538715176250715,-0.00018441806637829836,0.001324459799780802,-0.004086009346120371,0.0007429109051759778,166,1,0.0498908596608665,-0.030042481880386874,0.0002594966665475761,2.1531781402969102e-05,-4.3051634247935305e-05,0.004980094030237446
4.176,-2.419166200447598,1.353639469059788,-0.0001544123799630304,0.005807580778194342,-0.005569015269699682,0.0010789848306203037,167,1,0.04978103308074605,-0.02987824762250508,0.00024499844184819807,2.0028121812435852e-05,-4.3668454007256854e-05,0.004972143566211864
4.201,-2.4189882209067926,1.3535930668615865,-0.00013046882484713963,0.0018595616853467399,0.003389150017372179,-0.00019465179317279606,168,1,0.049639695529247775,-0.02987360509278102,0.0002319137372752598,1.911361176154087e-05,-4.431635994212984e-05,0.0049644633443603585
4.226,-2.4190732223633304,1.3538089265606565,-0.00016414496962160343,-0.0005072911087378102,0.002714268083159294,-0.0002570343733765376,169,1,0.04970149952081866,-0.03006348374025166,0.0002210278643053406,1.8986275939163352e-05,-4.395068981323461e-05,0.004969892968925604
4.251,-2.4190135854622294,1.3537287802657445,-0.00014332054351576563,-0.0019839183417680387,-0.0015456828273485766,0.0002906864198948266,170,1,0.049653950932816014,-0.03000745979408375,0.00021377035570303266,1.784762993898929e-05,-4.3825571284873535e-05,0.004964282071511563
4.276,-2.419172418280419,1.3537316424192891,-0.0001496106486269924,-0.006488308034322566,-0.0025768631674205713,0.00018661481334447737,171,1,0.04976348997601165,-0.030021254115278468,0.00020758525225529961,1.7804512924810353e-05,-4.27663698927871e-05,0.004965105857372799
4.301,-2.4193380008639456,1.3535999371073735,-0.0001339898028485665,-0.006882292382339752,-0.006718687530638003,0.0008904056175662621,172,1,0.0498610004366273,-0.02993360028486916,0.0002025312259440419,1.682435984367368e-05,-4.1858336443927945e-05,0.004961733229915808
4.326,-2.419516532899536,1.3533957080427572,-0.00010509036774888928,-0.00154615210231413,-0.002361636770036321,0.0004999306608599614,173,1,0.04995434163140493,-0.0298031583551248,0.00019851426029384508,1.6008693532763225e-05,-4.087295935553925e-05,0.004951935019544329
4.351,-2.4194153084690613,1.3534818552688717,-0.00010899326980535708,0.0058624427050534555,0.004781049573030426,-0.0003363633205033475,174,1,0.04984101587869547,-0.029901131615753095,0.00019510386149719443,1.6424994818080886e-05,-4.0919653471532676e-05,0.004950953859458737
4.376,-2.419223410764283,1.3536347605214087,-0.00012190853377391622,0.0060297089765715345,0.004556972979656865,9.502631868940659e-05,175,1,0.04968289484097986,-0.030032895932875957,0.00019331394985830908,1.61887529045775e-05,-4.109475414846945e-05,0.004949595704555367
4.401,-2.4191138230202327,1.3537097039178545,-0.00010424195387090947,0.00476938677198115,0.0026170449562190703,0.0008547720140850176,176,1,0.049607378927700445,-0.03008810699367129,0.00019309559264718519,1.5305086858280723e-05,-4.109934526921939e-05,0.004943571399355751
4.426,-2.418984941425684,1.3537656127692197,-7.916993306945644e-05,0.007976386624841708,0.0031960297592670385,0.0005496025557949499,177,1,0.04953414592721011,-0.030119404088283713,0.00019294541056183058,1.4367510905045251e-05,-4.153213698906571e-05,0.004939323553185062
4.451,-2.4187150036889906,1.3538695054058179,-7.67618260811806e-05,0.00760629459199083,0.004113056294809973,4.671334439265723e-06,178,1,0.04937755143494879,-0.030179663948196902,0.0001907619564844397,1.312125893236778e-05,-4.239376123022405e-05,0.004935851868199194
4.476,-2.4186046266960846,1.3539712655839602,-7.8936366347347e-05,0.004974618978872343,0.006592411056303055,-0.0005924533907197742,179,1,0.049352347338541394,-0.030228745453765894,0.00018621851352918024,1.2103361753840555e-05,-4.3074370431408544e-05,0.0049370216624098785
4.501,-2.418466272740047,1.354199125958633,-0.00010638449561695484,0.0024807265329673898,0.004412762867347391,-0.0008818551578038157,180,1,0.04931217811320411,-0.030360260079166722,0.00018024359122473992,1.1168651227759024e-05,-4.387731082709564e-05,0.004942103172501203
4.526,-2.418480590369436,1.3541919037273276,-0.00012302912423737208,0.0033474767483543505,0.008832055795520186,-0.001360562101151435,181,1,0.049382865322195435,-0.030303693254730212,0.00017273317455838327,1.0284546068833725e-05,-4.414611361123144e-05,0.0049439162766301455
4.551,-2.4182988989026293,1.354640728748409,-0.00017441260067455427,0.0026183750345331784,0.010672559198962999,-0.0012074468686851076,182,1,0.04931333431917497,-0.030575658683591952,0.00016511296167249866,1.0674060756253638e-05,-4.515722835686908e-05,0.004954531258352263
4.5760000000000005,-2.4183496716177095,1.3547255316872757,-0.00018340146767165504,-0.0032963313003087197,0.0016568425892060704,-0.00013995491561225086,183,1,0.049411998503900455,-0.030547804761311907,0.00015917847335972034,1.0236039281135554e-05,-4.6269510260839726e-05,0.00495455468332048
4.601,-2.4184637154676447,1.3547235708778693,-0.00018141034645499825,-0.0067761759290707844,-0.005031286483148119,0.0003095694349308797,184,1,0.049537025456465114,-0.030464620360580286,0.00015443072417735423,9.655493962275534e-06,-4.7816424785000256e-05,0.0049494259248832224
4.626,-2.418688480414163,1.3544739673631183,-0.000167922995925232,-0.007969707701631662,-0.006333705125221046,0.000226803314609115,185,1,0.049717499388894984,-0.030222347729281826,0.00015126459165690803,8.311929165670244e-06,-4.860026014107417e-05,0.004943688924802899
4.651,-2.4188622008527263,1.3544068856216083,-0.0001700701807245413,-0.0035358414773156836,-0.001408596252265864,-2.1553557525422285e-05,186,1,0.04983882042210441,-0.030145524261828177,0.0001485860168913466,7.475828032878309e-06,-4.8992733053096836e-05,0.004942568541252311
4.676,-2.418865272488029,1.354403537550505,-0.00016900067380153444,-0.006108746018815749,0.0001305952858610108,8.393474137946436e-05,187,1,0.049832240590981215,-0.030124428365162742,0.00014542421448194242,7.413196751912543e-06,-4.9343973773563654e-05,0.004946484389508822
4.7010000000000005,-2.419167638153667,1.3544134153859013,-0.00016587344365566868,-0.00444316326756679,0.00047322404671312936,6.399474711926723e-05,188,1,0.05002958990372576,-0.030115862191637557,0.00014151462775897168,7.637912995774706e-06,-4.824536203233703e-05,0.004943802856687177
4.726,-2.419087430651407,1.3544271987528407,-0.0001658009364453702,0.001628556247910146,0.005019595937723072,-0.0010992091734607396,189,1,0.04994612492477857,-0.030112076057704145,0.00013634045672797785,8.028961387222264e-06,-4.798347533759003e-05,0.004939771494627483
4.751,-2.4190862103412716,1.3546643951827875,-0.0002208339023287776,0.007369005491773021,0.006338854614624823,-0.001734057281872487,190,1,0.04993022441898581,-0.030263520137567237,0.00012929938795834629,8.902502671854952e-06,-4.694517794909781e-05,0.004952566174397273
4.776,-2.4187189803768185,1.354744141483572,-0.0002525038005387853,0.009392113975916805,-0.0016784089743593414,-0.00025795680291374005,191,1,0.04967588062519833,-0.03028207876311556,0.00012089886135932398,9.351995616115372e-06,-4.6015765907205434e-05,0.004961112043061017
4.801,-2.4186166046424757,1.3545804747340695,-0.00023373174247465212,0.0031823593878765426,-0.008057921185406932,0.00051534668698671,192,1,0.04963347009584075,-0.03012912900944711,0.00011082920487500405,9.669292691878313e-06,-4.501244938941884e-05,0.004958457891545816
4.8260000000000005,-2.4185598624074247,1.3543412454243016,-0.000226736466189477,0.0008073364317695592,-0.004504927678028474,0.0002444339813401095,193,1,0.049627768883610555,-0.029948440675539985,9.940684382176302e-05,9.619274452558326e-06,-4.4026175061890624e-05,0.004956285805193369
4.851,-2.4185762378208873,1.354355228350168,-0.0002215100434077706,0.0020160045254780175,0.003552441292615795,-3.717616471554676e-05,194,1,0.04967301728594463,-0.02996814994449656,8.679552191323714e-05,1.0639771931741687e-05,-4.35807386820082e-05,0.004952745740631787
4.876,-2.418459062181151,1.3545188674889324,-0.00022859527442546987,0.001591886310823304,-0.00046480235011081724,0.00028222623792650934,195,1,0.049626721010280976,-0.030086432571599705,7.237390698431733e-05,1.2210385353723508e-05,-4.365160666802528e-05,0.004955990645205702
4.901,-2.418496643505346,1.3543319882326625,-0.00020739873151124873,0.0005007143178836788,-0.008322666318330037,0.0012446537510868482,196,1,0.049687928992165856,-0.02994886447931508,5.625189559616315e-05,1.2251064312026746e-05,-4.3134794992990306e-05,0.0049530624284755504
4.926,-2.4184340264652566,1.3541027341730159,-0.00016636258687133953,0.004675386058501307,-0.008060928438866518,0.001232056887703319,197,1,0.0496750443530069,-0.029804647914222153,3.926538583021631e-05,1.2604840921455426e-05,-4.3040108821601735e-05,0.004944736762977534
4.9510000000000005,-2.418262874202421,1.3539289418107192,-0.00014579588712625044,0.0013419709113726744,-0.004860470656469235,0.0003090121526394551,198,1,0.049594827170878805,-0.02972221542853467,2.276917925086024e-05,1.2610351321553674e-05,-4.304789083911704e-05,0.004940446738979887
4.976,-2.418366927919688,1.3538597106401924,-0.00015091197923951645,-0.005225361688863135,-0.0022038482692377038,0.0002694639690226107,199,1,0.04970521597306499,-0.029723137491648042,6.376766145684266e-06,1.3103326276713978e-05,-4.2270699985224176e-05,0.004939822566920156
5.001,-2.418524142286864,1.3538187493972573,-0.00013232268867497622,-0.003236263453967337,-0.002983428243923402,7.299588296483276e-05,200,1,0.049833077204974194,-0.029743990385450857,-1.0506146538123643e-05,1.3468672460539324e-05,-4.162226999516823e-05,0.004933367815765223
5.026,-2.4185287410923864,1.3537105392279962,-0.00014726218509119687,0.0014434383342010245,-0.0011263883976209183,-1.4839239321773387e-05,201,1,0.04984519130623928,-0.02971669171670022,-2.6726418486308996e-05,1.3995039060483977e-05,-4.1789561764248864e-05,0.004932132302706692
5.051,-2.418451970370154,1.3537624299773763,-0.00013306465064100438,0.004407898301428419,0.0056386053964097215,0.0004314450773357252,202,1,0.04980510479434217,-0.029801972649857466,-4.247407962047377e-05,1.4928794038543474e-05,-4.2021439388620875e-05,0.004929122779156472
5.076,-2.418308346177315,1.3539924694978167,-0.0001256899312244834,-0.0027666344557353384,0.0067106032942110495,-0.0001957744316438699,203,1,0.04972900390601721,-0.029992798984293523,-5.722910666521405e-05,1.537660865292722e-05,-4.191830977439191e-05,0.004928236330658419
5.101,-2.418590302092941,1.3540979601420868,-0.00014285337222339842,-0.007660142498089219,0.0007496831556696897,-0.0001796154762345711,204,1,0.04993538561974713,-0.03007042069998353,-7.091466566339064e-05,1.5468253439445308e-05,-4.122677559903969e-05,0.004930579217403748
5.126,-2.4186913533022194,1.3540299536556002,-0.00013467070503638738,-0.007607957512636459,-0.006216912333183466,0.0012054137383188434,205,1,0.04999679921267823,-0.03002101233585228,-8.35068147786101e-05,1.5440082007458087e-05,-4.0878861600146864e-05,0.004928711763286709
5.151,-2.4189706999685727,1.3537871145254277,-8.25826853075871e-05,-0.007245836527873832,-0.0024278036752978325,0.0008477423286557015,206,1,0.05016342390442829,-0.029862484928967016,-9.495597031949918e-05,1.4618923766696295e-05,-4.010115634298377e-05,0.004917373030953262
5.176,-2.419053645128613,1.3539085634718353,-9.228358860339046e-05,-0.0037302835010955128,0.0034687617113959967,-0.00022683339263807138,207,1,0.05018203075904545,-0.029966850346670407,-0.0001062992885523638,1.458381908014561e-05,-4.0190775235373305e-05,0.004920253329910055
5.201,-2.4191572141436275,1.3539605526109975,-9.392435493934154e-05,-0.004554157262859365,0.002669729590669699,-0.0002355720225288857,208,1,0.05021049260529818,-0.030010027598608838,-0.00011849999714377803,1.4059242960534216e-05,-4.046299319657698e-05,0.0049209152959061265
5.226,-2.419281352991756,1.3540420499513688,-0.00010406218972985592,-0.00043882950054196444,0.0008852676926451738,4.666553241605631e-05,209,1,0.050247136734956656,-0.03006473170450202,-0.00013069198835436837,1.3833999932423046e-05,-4.06386318206067e-05,0.0049220186225885625
5.251,-2.4191791556186546,1.3540048159956297,-9.159107831864776e-05,0.005830485592586164,-0.00189463218916331,0.0001627879837773355,210,1,0.05013538707750786,-0.030032768889295573,-0.00014403871961418032,1.3242773848705911e-05,-4.131895609785642e-05,0.004921461598416161
5.276,-2.4189898287121268,1.3539473183419106,-9.592279054109089e-05,0.006603039832535652,-0.001547350884760773,-0.00021703981709642127,211,1,0.04998709848961086,-0.029992388299201058,-0.00015816286083374288,1.3002397596752294e-05,-4.1555840689170105e-05,0.00491979264429099
5.301,-2.418849003627028,1.3539274484513917,-0.00010244306917346937,0.004506813574689532,-0.0011964712719425607,-0.0003068044471188369,212,1,0.04989344274147107,-0.02998277374047369,-0.0001732281940786637,1.2600699168803487e-05,-4.121347893796262e-05,0.004920344255176513
5.326,-2.4187644880333923,1.3538874947783135,-0.0001112630128969227,-0.0012079051826052777,-0.0014559888695275854,-5.467981213591619e-05,213,1,0.049849859507015266,-0.02996323229299516,-0.0001886077078933747,1.1989161596818724e-05,-4.099144201797009e-05,0.00491958899259172
5.351,-2.418909398886158,1.3538546490079153,-0.0001051770597800574,-0.0014812380449136032,-0.0025420916912865716,0.00017930617556060924,214,1,0.04995750942897703,-0.029949595363929937,-0.00020388639643818246,1.1375373702732481e-05,-4.0408802244661676e-05,0.004915928656368415
5.376,-2.418838549935638,1.3537603901937492,-0.00010229770411900495,0.00065091798566286,-0.00356827500412661,0.0002948964475812953,215,1,0.049915713694452093,-0.029897844478330514,-0.0002184307892525365,1.0746903314883479e-05,-4.0341918093574843e-05,0.004915120041494846
5.401,-2.418876852986875,1.353676235257709,-9.043223740119526e-05,-0.001308733769205266,0.004690900900228295,-0.0006682732312324215,216,1,0.04994732715072652,-0.029861274502672876,-0.00023245600796307323,1.0569000399948292e-05,-4.0153122251789583e-05,0.0049102805870749515
5.426,-2.4189039866240982,1.3539949352387606,-0.00013571136568063568,-0.0029794313713615954,0.008950236010885102,-0.0006300220044419569,217,1,0.04996943271477789,-0.030091685539244784,-0.00024551911436579264,1.0841583569887456e-05,-4.023751572272885e-05,0.004917092787197075
5.451,-2.419025824555443,1.3541237470582532,-0.00012193333762332059,-0.0018870141521798512,-0.000658008783389621,-4.261037425123974e-05,218,1,0.05004795300237258,-0.030164376919600548,-0.000257319095483222,1.0681558735053575e-05,-3.9842334786665176e-05,0.0049149514389572905
5.476,-2.418998337331707,1.353962034799591,-0.00013784188439301857,-0.00370889140905101,-0.0030844069330493,-0.0002869585688536306,219,1,0.05002364888587466,-0.03003962419716955,-0.0002673507847590604,1.0179279981722731e-05,-3.946855341337375e-05,0.004916211559185412
5.501,-2.4192112691258956,1.3539695267116008,-0.00013628126606609166,-0.0072645144561978275,0.0005816533156988178,0.0006272575287447091,220,1,0.05014963491959896,-0.030040147293609418,-0.00027541798966500156,1.0218031261208352e-05,-3.8572589904468815e-05,0.004915376436112148
5.526,-2.419361563054517,1.353991117465376,-0.00010647900795580932,-0.0013866450179733697,-0.00013474730792051353,0.001392139445650647,221,1,0.05022142133001371,-0.0300475050042539,-0.00028227568345943154,1.0283845364911949e-05,-3.7961144703470904e-05,0.004911018161647868
5.551,-2.4192806013767942,1.3539627893462047,-6.667429378339069e-05,-0.00038546951526718395,-0.0030866692712860472,0.0013042804124019185,222,1,0.05014544514774017,-0.030022576667029843,-0.0002895665984368423,1.0375715633164049e-05,-3.776609906716883e-05,0.004906706360727042
5.5760000000000005,-2.4193808365302805,1.3538367840018117,-4.126498733554971e-05,-0.00065614827560623,-0.005052913773790931,0.0005129612817889058,223,1,0.05019297048000975,-0.029939100684491564,-0.00029728207929619104,1.0524497810950173e-05,-3.7230229082481264e-05,0.004902952863770256
5.601,-2.4193134087905745,1.3537101436575152,-4.1026229693974415e-05,0.004550148707256357,0.00536451481727431,-0.00045489982696267524,224,1,0.05013222208728267,-0.029867641235391446,-0.00030576669111702815,1.0371116236125745e-05,-3.751265513132114e-05,0.0049013197792437836
5.626,-2.4191533290949176,1.3541050097426754,-6.400997868365467e-05,0.0013266903264685984,0.010905826916936017,-0.0007098229577540163,225,1,0.050024368843858504,-0.03013403810420899,-0.0003136588919186267,1.1725346788569991e-05,-3.778467810282183e-05,0.004906601246948724
5.651,-2.419247074274251,1.354255435003362,-7.651737758173362e-05,-0.00020103430788509584,-0.0003112827732865153,3.9220945708962205e-05,226,1,0.0500824469750301,-0.030206793209770696,-0.00032075525038350705,1.2257185185226945e-05,-3.7593431965839506e-05,0.004908495892664448
5.676,-2.419163380810312,1.3540894456040111,-6.204893139807564e-05,0.005912206960303395,-0.0025373378568093936,0.0005457904702588145,227,1,0.050025218727776814,-0.030072105756626354,-0.0003274424969247401,1.2002944559653056e-05,-3.7863392051419744e-05,0.004907104120837486
5.7010000000000005,-2.418951463926236,1.3541285681105215,-4.9227854068673987e-05,0.005247376708421588,-8.592469284529645e-05,0.00018996872613641426,228,1,0.04990019880484964,-0.030083939549390645,-0.00033504063668511933,1.1724500209185462e-05,-3.7789647229137e-05,0.004904377592167578
5.726,-2.418901011974891,1.3540851493693689,-5.255049509115771e-05,0.004789612059976651,-0.0025693937956550264,0.0002860596498432965,229,1,0.049892216624657176,-0.030041506255182877,-0.000342804551057764,1.1539472557505665e-05,-3.774988385358534e-05,0.004905060270812763
5.751,-2.418711983323237,1.3540000984207388,-3.492487157663283e-05,-0.0009517668349001729,-0.0032212273420073713,0.0003702589663578961,230,1,0.04980321495082556,-0.029978486820391864,-0.0003511432308455936,1.102893046785595e-05,-3.824096876462846e-05,0.004902644671846144
5.776,-2.418948600316636,1.3539240880022685,-3.40375467733207e-05,-0.007760827895459982,-0.00596410604015498,0.0006849493099458949,231,1,0.04998013740005163,-0.029932133795027276,-0.00035854928234063785,1.1024882297002482e-05,-3.839407924118893e-05,0.004902887638474963
5.801,-2.41910002471801,1.353701893118731,-6.774060795509985e-07,-0.0018308501940822192,-0.006611124345261472,0.0007187586007351041,232,1,0.05008040091812354,-0.029803927747515457,-0.0003650497620183191,1.083645128558683e-05,-3.8356368126874677e-05,0.0048973394065117935
5.8260000000000005,-2.41904014282634,1.3535935317850054,1.900383263617729e-06,0.0019424468301476663,0.0004931717750400483,-0.0003360135753816008,233,1,0.05004165925686885,-0.02976393762285375,-0.0003713238383088558,1.0280174943111865e-05,-3.8718409945212566e-05,0.004897837520355984
5.851,-2.4190029023765027,1.353726551707483,-1.7478084848693685e-05,0.0027736185963434068,0.0020976780136994296,-0.0006785647858986745,234,1,0.050021371364745354,-0.02987473824390675,-0.0003771668105709504,1.0503289140571768e-05,-3.9034807039156754e-05,0.004902400703554507
5.876,-2.4189014618965228,1.3536984156856904,-3.2027856031346363e-05,0.0027992742309379637,-0.0029044855584237188,-0.00033963442221285453,235,1,0.049963402160596665,-0.029867471906170357,-0.0003820351322108169,1.0836972051168081e-05,-3.978520376010742e-05,0.00490308294865622
5.901,-2.418862938664956,1.3535813274295618,-3.445980595932125e-05,0.0012890279350852342,-0.001670506965347768,-0.0008386393247317188,236,1,0.04994957447728035,-0.02980744342253377,-0.00038697155587135313,1.0911084055501067e-05,-4.0318629465361964e-05,0.0049018551170397695
5.926,-2.4188370104997685,1.353614890337423,-7.395982226806391e-05,0.00113671887648435,0.0034688477198851547,-0.0011363032463051876,237,1,0.049946953532206136,-0.029849282207523493,-0.00039217200043098894,1.117099825401875e-05,-4.0672682945779274e-05,0.004906317735334937
5.9510000000000005,-2.4188061027211316,1.353754769815556,-9.127496827466555e-05,-0.004820229527471315,0.002954232692560243,3.582142876545915e-05,238,1,0.04994388814862896,-0.029948935392332805,-0.00039814893450081297,1.1352058392226886e-05,-4.098548150479355e-05,0.004907619637022212
5.976,-2.419078021976142,1.353762601972051,-7.216875082958182e-05,-0.009508676430138896,-0.002219545049584334,0.0009262783497199255,239,1,0.05011874709613594,-0.029954323476981556,-0.0004043303221055291,1.1046760767322649e-05,-4.143448062535081e-05,0.0049034762553099385
6.001,-2.4192815365426386,1.3536437925630769,-4.496105078880382e-05,-0.011089507565094121,-0.0013978650050816604,0.0002088862333593518,240,1,0.05022615004700054,-0.02988231307307265,-0.0004107422975388459,1.0152949158081755e-05,-4.147538288789318e-05,0.004897679596312326
6.026,-2.419632497354397,1.353692708721797,-6.172443916180204e-05,-0.008523021773863023,0.0011156175789039974,-0.000499471272776832,241,1,0.050403286779724235,-0.029921936578242634,-0.00041844788154280334,9.169957963014434e-06,-4.1467547338577694e-05,0.0048995756312953
6.051,-2.4197076876313317,1.353699573442022,-6.993461442784797e-05,-0.0004076955385734508,0.003821221925979237,-0.0005568974922010048,242,1,0.050394286588644324,-0.02992897694192973,-0.00042672007852872693,8.335756832105376e-06,-4.195871556472669e-05,0.004900249870224791
6.076,-2.4196528821313255,1.3538837698180959,-8.956931377173094e-05,0.004249231512893929,-0.001962202547267651,-0.00028277364013007503,243,1,0.050312330887859566,-0.030039200756242494,-0.00043492898577401977,7.86774639276703e-06,-4.2625196803446857e-05,0.004902689860153598
6.101,-2.419495226055687,1.3536014633146587,-8.407329643426705e-05,0.0007341710572639111,-0.003699307662179355,-0.00032520740333552106,244,1,0.050182190720470574,-0.029856273724590387,-0.00044445514670528444,7.14466790017634e-06,-4.3610704530229164e-05,0.004898005796849235
6.126,-2.4196161735784623,1.353698804434987,-0.0001058296839386543,-0.0028867248379871417,0.0070727307804397095,-0.0005597358910236514,245,1,0.050232191913297496,-0.02992884187430367,-0.0004546161937544595,7.15501904502883e-06,-4.3962269453910556e-05,0.0048998418467140585
6.151,-2.4196395622975864,1.3539550998536807,-0.00011206009098557012,0.005008091431930613,0.007457915972981537,-0.0009344786825060714,246,1,0.050218210399866035,-0.03008657021345003,-0.0004642645486927418,7.276016521589675e-06,-4.416014558389218e-05,0.004902436650885255
6.176,-2.4193657690068657,1.354071700233636,-0.0001525536180637793,0.014186576144208424,0.005241523345560513,-0.000845753095042315,247,1,0.05003549763615952,-0.030136759557659747,-0.0004745589538385082,7.545505755400058e-06,-4.4813240478897855e-05,0.0049055493430567995
6.201,-2.418930233490376,1.3542171760209587,-0.00015434774573783316,0.010813496784543058,0.004254534252359236,-0.0007394401890259443,248,1,0.04978639797371772,-0.030197671197980107,-0.0004855448710383122,7.954489848599421e-06,-4.581700560456536e-05,0.0049057003006615415
6.226,-2.4188250941676386,1.354284426946254,-0.00018952562751515476,0.005535894686099417,-0.00525017667635456,-0.0007212321344063252,249,1,0.04976150381230954,-0.03020500015185899,-0.000496723343288191,8.493662966896133e-06,-4.634153466929667e-05,0.004909723625184587
6.251,-2.418653438756071,1.353954667187141,-0.00019040935245814622,-0.005825046054699377,-0.007970644442534286,0.0005657375768208815,250,1,0.049701961904261724,-0.029977768896618705,-0.0005077911235468108,7.987652236800346e-06,-4.6502648792264836e-05,0.004905021979700414
6.276,-2.4191163464703735,1.3538858947241272,-0.0001612387486742963,-0.009519386277991903,-0.002286412385301703,0.0004962941813246875,251,1,0.05000835692754359,-0.0299372852579782,-0.0005188850315843974,8.163568051831e-06,-4.560647559999572e-05,0.0048999481095246
6.301,-2.4191294080699706,1.3538403465678759,-0.00016559464339186802,-0.0018483122048884647,-0.0028694188039413253,8.948251151608164e-05,252,1,0.05001653709600381,-0.029917176061956086,-0.0005296665964637548,8.1856683053876e-06,-4.5438727380681275e-05,0.004899762496766525
6.326,-2.419208762080618,1.3537424237839302,-0.00015676462309845355,-0.006151199881925273,-0.001745161109738553,0.0005201363648410525,253,1,0.050058459191880275,-0.029871051149553338,-0.0005393828904418616,8.32354783927818e-06,-4.4825946722419655e-05,0.0048978260819528135
6.351,-2.419436968064067,1.353753088512389,-0.00013958782514992865,-0.0006666007488043041,0.0023709801885063104,0.0007418900459921113,254,1,0.05017783713800368,-0.029896081669484483,-0.0005475902113726524,8.601649168797515e-06,-4.374257536221065e-05,0.004895513022183302
6.376,-2.419242092118058,1.3538609727933555,-0.00011967012079885594,0.008043116509437481,0.0047952040912857714,0.0004547987375147516,255,1,0.05004280352830164,-0.029974613662199254,-0.0005537523586686584,9.373491151805207e-06,-4.306460072371801e-05,0.004891972822909816
6.401,-2.419034812238595,1.3539928487169532,-0.00011684788827431526,0.006926815752033046,0.002540753805231342,2.09763628955529e-05,256,1,0.049922290822094435,-0.030055076556586062,-0.0005578949379286607,9.946683948866178e-06,-4.273014879119754e-05,0.004892469999792794
6.426,-2.4188957513304565,1.353988010483617,-0.00011862130265396813,0.0024305225845378062,0.004333789806598725,-0.0005387236905285439,257,1,0.04985706123149807,-0.030040163634228123,-0.0005604331209266999,1.0067088980468595e-05,-4.240807049580266e-05,0.00489081230202004
6.451,-2.418913286109368,1.3542095382072832,-0.00014378407280086578,0.005952432377585047,0.00470285495068003,-0.0004919691395510756,258,1,0.049889116097264555,-0.030156493553907343,-0.0005611871425646757,9.783620459104453e-06,-4.2432208201247797e-05,0.004894494344782323
6.476,-2.4185981297115773,1.354223153231151,-0.00014321975963168008,0.006668929349284885,0.001998014128994335,-0.00018645689185525517,259,1,0.04973432431054833,-0.03013444051180461,-0.0005614926394074406,9.067295993531295e-06,-4.253662762453407e-05,0.004894954294902562
6.501,-2.418579839641904,1.354309438913733,-0.0001531069173938371,-5.9434517076795356e-05,0.0014144908614088841,-0.00038777990910787843,260,1,0.04976560249041725,-0.030154599376512412,-0.0005631413324865356,8.61805358313899e-06,-4.2032140579725134e-05,0.004896833457919246
6.526,-2.418601101437431,1.3542938777742215,-0.00016260875508704247,-0.004519399319304912,0.00151706643297001,-0.00025868375999493857,261,1,0.04981498878324329,-0.030111030537152764,-0.0005655550098038769,8.162057200102027e-06,-4.163274996123234e-05,0.004896301373408575
6.551,-2.418805809607869,1.3543852922353814,-0.0001660411053934847,-0.007947085639754435,0.0028637124834007413,-0.00034290020955118417,262,1,0.049959757977124014,-0.030134754748178158,-0.0005687076757016289,7.830349718350534e-06,-4.046553103132679e-05,0.0048966693694314405
6.5760000000000005,-2.418998455719419,1.3544370633983915,-0.00017975376556481561,-0.0030214606586387413,-0.0030648632358865166,0.0002277600429589918,263,1,0.050079041448909976,-0.030134191548213254,-0.0005727316714357795,7.487577967767333e-06,-3.969786558965339e-05,0.004900608262066303
6.601,-2.418956882640801,1.354232049073587,-0.00015465310324534577,0.003599769778688268,-0.0005218188005207143,0.00038560299610246454,264,1,0.05005617805318444,-0.02998836075109565,-0.0005776194817557626,6.827235536569852e-06,-3.934537185750769e-05,0.004895628604598506
6.626,-2.4188184672304844,1.3544109724583655,-0.00016047361575965367,0.008080699141039845,0.0019260068508630893,-0.00026375244891241415,265,1,0.049984753258210966,-0.0300819720339646,-0.0005829352007076161,7.029212792711883e-06,-3.925245866401454e-05,0.004897133007581189
6.651,-2.418552847683749,1.3543283494161302,-0.00016784072569093016,-0.0032617335299001244,-0.0044108691246691634,7.546775666611465e-05,266,1,0.0498555462744324,-0.030012956348067433,-0.0005885978867645108,6.725865586463884e-06,-3.910126960369895e-05,0.004896686506046653
6.676,-2.4189815539069794,1.354190429002132,-0.00015670022792630268,-0.006545640683084293,-0.0033717608250504816,2.749972466631295e-05,267,1,0.05012253840394641,-0.029924525992862928,-0.0005948409242863287,6.342136362293279e-06,-3.7299794672508546e-05,0.004893943328248472
6.7010000000000005,-2.4188801297179032,1.3541597613748777,-0.00016646573945769866,0.004025339689697219,-0.005391304252109227,7.593760681601252e-05,268,1,0.050063335155070145,-0.029910984023323414,-0.0006015556658412411,6.091009237686038e-06,-3.660063289268365e-05,0.0048939311026441005
6.726,-2.4187802869224946,1.3539208637895266,-0.00015290334758528575,0.003036374787388507,-0.007642450688933904,0.0010558052837073043,269,1,0.050012631353492355,-0.029783367150378524,-0.0006081255174510128,5.586678865340636e-06,-3.598426949822378e-05,0.004890563456214535
6.751,-2.418728310978534,1.353777638840431,-0.0001136754752724867,0.004669870733948772,-0.006881237865248326,0.0012289981979751773,270,1,0.04999521637219199,-0.029729487971892135,-0.0006145957590207366,5.4781600135735125e-06,-3.561212490885145e-05,0.004885569478874503
6.776,-2.418546793385797,1.3535768018962642,-9.145343768646238e-05,-0.003101335244881664,-0.0034252570790371927,0.0003870537739558713,271,1,0.04990998103364428,-0.02965242707690697,-0.0006207159331891381,5.379468489973953e-06,-3.561276772059371e-05,0.004882888274100912
6.801,-2.418883377740778,1.3536063759864791,-9.432278657475166e-05,-0.002719450051218392,0.0003327786891382753,-0.00015153424716807037,272,1,0.05011361913303675,-0.029717473797831174,-0.0006260299391068349,5.493792853492857e-06,-3.4736808511419145e-05,0.00488298575375977
6.8260000000000005,-2.418682765888358,1.353593440830721,-9.903015004505369e-05,0.00623846700141153,0.004862384894184241,-0.0002993177473786812,273,1,0.049997998780719755,-0.02974946643293682,-0.0006306954434303393,5.44503963283337e-06,-3.504791633283224e-05,0.004883101288105102
6.851,-2.4185714543907073,1.3538494952311884,-0.00010928867394353875,-0.00028110346802279293,0.008079823994897624,-0.0007897458377570416,274,1,0.04994580884065143,-0.029925807232382997,-0.0006358997266935911,5.546983194451061e-06,-3.516610633139099e-05,0.004884567266232053
6.876,-2.418696821061759,1.353997432030466,-0.00013851744193288257,-0.00872768135766758,0.003935654246394207,-0.0005793358631933663,275,1,0.05002673603685171,-0.030012706866510627,-0.0006414788901540579,5.463604596500825e-06,-3.528400541818229e-05,0.004887824588179512
6.901,-2.4190078384585907,1.354046277943508,-0.00013825546710320678,-0.002388986587691386,0.004029686888076271,-0.00026564104411264203,276,1,0.05019444533221829,-0.030030383778559634,-0.0006473174893313704,5.0565759414777925e-06,-3.5595910354625776e-05,0.004886556827326011
6.926,-2.4188162703911438,1.3541989163748698,-0.00015179949413849384,0.0029571324543020273,-0.0011698037765039803,0.00021380940319559423,277,1,0.050069325245211044,-0.0301018004439302,-0.0006533114339905284,5.047233639580365e-06,-3.627955061217001e-05,0.0048880867446097565
6.9510000000000005,-2.4188599818358756,1.3539877877546829,-0.0001275649969433829,-0.0019891899946067396,-0.0038371779403379015,0.0006302651011935745,278,1,0.05008624164368377,-0.02996311807817524,-0.0006598308319999809,4.365895863868145e-06,-3.636191266908726e-05,0.004882749787480248
6.976,-2.418915729890874,1.3540070574778529,-0.00012028623907886984,-0.00048584874349444536,0.0018889765856133845,0.0001257619362071698,279,1,0.05010594854953836,-0.02997319756990339,-0.0006665631099466079,3.847237169181774e-06,-3.676456443595627e-05,0.004882583131872238
7.001,-2.4188842742730503,1.3540822365839635,-0.00012127690013283885,0.004730788522637769,0.0013365650092156448,-0.0003710491581188093,280,1,0.050075933258330374,-0.030012662002516278,-0.0006734461242362446,3.5737472925379813e-06,-3.674443738632043e-05,0.004882356853655274
7.026,-2.4186791904647422,1.3540738857283137,-0.00013883869698468355,0.005147164430301406,-0.004723709181968533,-1.3394443350023314e-05,281,1,0.04996014945612823,-0.030000364103220954,-0.000680126096252358,3.0656356237785525e-06,-3.697405664022314e-05,0.0048851199447537755
7.051,-2.4186269160515352,1.3538460511248651,-0.00012194662230040449,0.004175242873998301,-0.0023803282328271973,7.501591450243011e-05,282,1,0.049942433981547144,-0.02987003280045477,-0.0006863699761058341,2.5958023684782406e-06,-3.689647223424289e-05,0.004882339970208998
7.076,-2.4184704283210423,1.3539548693166723,-0.00013508790125948993,0.0008653057176566423,-0.0008097608681634257,0.00030547106646850006,283,1,0.04987350553462498,-0.02994385971830994,-0.0006919723667217797,2.930233236833062e-06,-3.719706978974737e-05,0.004883988550100225
7.101,-2.4185836507656524,1.353805563081457,-0.00010667306897708221,-0.0008532217961931699,-0.0018395581698360268,1.5751038455746656e-05,284,1,0.049955258697866205,-0.029866782740963063,-0.0006962204256116421,2.741783058382766e-06,-3.740449928725998e-05,0.0048796698141745495
7.126,-2.418513089410852,1.3538628914081805,-0.00013430034933688026,-0.0006140202493298851,-0.00024570295197978795,-0.0007619310895989911,285,1,0.049928371116164584,-0.029915337433203352,-0.0006983967889694854,3.090109155173183e-06,-3.7988570547029194e-05,0.004882591872432432
7.151,-2.418614351778119,1.353793277933858,-0.00014476962345681094,-0.0064101943840988666,-0.0019519577222348941,0.0003341703977177713,286,1,0.04999672978801766,-0.02988843150935576,-0.000699221024844601,3.330201624134497e-06,-3.8272417947905555e-05,0.004880573461385821
7.176,-2.418833599130057,1.3537652935220688,-0.00011759182945108394,-0.008825359998718727,-0.002649730513919489,0.0010848532242580017,287,1,0.05011733799375743,-0.02988906276110229,-0.0006988624821240082,3.564404079603731e-06,-3.886345620098919e-05,0.004877810617022913
7.201,-2.419055619778055,1.353660791408162,-9.052696224390094e-05,-0.004535045264342247,0.0007829280766902286,0.0002764000218746797,288,1,0.050219189753246136,-0.029849749726603182,-0.000698749875959528,3.6611710833337975e-06,-3.891530291463319e-05,0.00487259714944203
7.226,-2.419060351393274,1.3538044399259033,-0.00010377182835750155,-0.00022086761453543287,-0.0014837301458481068,0.0003721177717341764,289,1,0.05019301214629303,-0.029950775704989448,-0.0006993133412413496,4.558762302827517e-06,-3.93611616537559e-05,0.004873770549200273
7.251,-2.4190666631587816,1.3535866049008696,-7.192107365724892e-05,-0.002624017142087718,-0.008558283146662436,0.0012206699542804999,290,1,0.050173100819397014,-0.029843652594282163,-0.0007008250292993849,4.658328651761717e-06,-3.9735381888713704e-05,0.004868514808919898
7.276,-2.4191915522503784,1.3533765257685701,-4.273833064340003e-05,-0.00014591652718998256,-0.0012752574432894949,0.0005390221522372249,291,1,0.050217854171550634,-0.029758764462390886,-0.0007029793931716316,4.5752523749836885e-06,-4.0053481223201964e-05,0.004863028693448347
7.301,-2.419073958985141,1.353522842028705,-4.496996604540611e-05,-0.0001528438363962442,0.006708354578202093,8.232977509514713e-05,292,1,0.050131898680433704,-0.02987878152750596,-0.0007056227174240753,4.8572510914142124e-06,-4.036911901190751e-05,0.004863172117598429
7.326,-2.419199194442198,1.3537119434974803,-3.862184188846055e-05,-0.00111147619784369,0.004675479661475651,0.0005965847008049274,293,1,0.050183349967207184,-0.030001562231643415,-0.0007095459801048632,4.996377213056077e-06,-4.0115851174749625e-05,0.004862791237720878
7.351,-2.4191295327950333,1.3537566160117789,-1.5140731005328495e-05,-0.0022293407176654195,-2.635763763247885e-05,0.0005891017873960097,294,1,0.05012881710758052,-0.03002748986348471,-0.0007146219336195889,5.275644029964574e-06,-4.041615710260008e-05,0.004859619342960893
7.376,-2.4193106614780815,1.3537106256155986,-9.166752518574035e-06,-0.00040846132925764924,0.0013238130012194252,-0.0005002208691884408,295,1,0.05020722541622199,-0.03000154573430453,-0.0007200999960564139,5.661368893760861e-06,-4.037309404854934e-05,0.004858167480600314
7.401,-2.419149955861496,1.3538228066618399,-4.015177446465532e-05,0.007663802884554398,0.00021818692804043217,-0.000981021054293766,296,1,0.050099960508786415,-0.03006378519085066,-0.0007253624593686262,6.3294455609308265e-06,-4.068217663684064e-05,0.004861928377064587
7.426,-2.4189274713338538,1.3537215349620006,-5.821780523317356e-05,0.010233491063464975,-9.820196154475304e-05,-0.0002558060854518383,297,1,0.04997813236574659,-0.030004854760056078,-0.0007302004731535916,6.529883290914436e-06,-4.095780120366036e-05,0.004862557743942675
7.451,-2.418638281308323,1.3538178965637626,-5.2942078737328346e-05,0.003944439767398236,0.0037636384152639614,0.00016465447322922049,298,1,0.04984114810848862,-0.030062509819592194,-0.0007345256244824943,6.857393894463164e-06,-4.075161819633564e-05,0.004861545740522071
7.476,-2.418730249345484,1.3539097168827638,-4.9985081571691076e-05,-0.004133045471288396,0.0002461931500974366,5.659085764442215e-05,299,1,0.049915330738701906,-0.030109031682987997,-0.0007383193768510268,7.037896767882505e-06,-4.025536749442267e-05,0.004861146228040918
7.501,-2.4188449335818873,1.3538302062212675,-5.0112535854967404e-05,0.0004142855699917917,-0.000423820581159086,0.00027814712916907167,300,1,0.04998843722413755,-0.03005856109350113,-0.0007412228890830548,6.53528712643877e-06,-3.9913019093487224e-05,0.004861249658493781
7.526,-2.4187095350669843,1.353888525853706,-3.6077725113454124e-05,0.002739691484379146,0.006393195153480158,-0.00029203444472436605,301,1,0.04992655584335372,-0.03008931209250689,-0.0007434198953403785,5.647687031350901e-06,-4.0206962727484634e-05,0.00486039908130338
7.551,-2.4187079490076684,1.3541498659789415,-6.47142580911108e-05,-0.008903603562249047,0.008542707404144301,-0.0008333407198346403,302,1,0.049940862128867745,-0.030222246913765745,-0.0007450416065096013,5.1617301955361155e-06,-4.035245004811864e-05,0.004863557823377541
7.5760000000000005,-2.4191547152450967,1.3543156612239131,-7.774476110529895e-05,-0.008626912629639025,-0.00044819479997571123,0.00045075953916118457,303,1,0.05017797262202329,-0.03028588154580655,-0.0007463021843783346,5.016548603605269e-06,-3.958339886196611e-05,0.004866524413080817
7.601,-2.4191392946391503,1.3541274562389427,-4.217628113321122e-05,-0.00405539966259029,-0.006034410600350725,0.0009097959280435252,304,1,0.050150204087887174,-0.030156228785727265,-0.0007476487835154954,4.179976913961939e-06,-3.948162936121384e-05,0.004861011696624995
7.626,-2.4193574852282262,1.3540139406938956,-3.225496470300479e-05,-0.004761565587108069,0.0032049908515174976,-0.00048477395289126153,305,1,0.05024531836304833,-0.030086025149261484,-0.000749602268057022,3.4382669028147692e-06,-3.9006777358000573e-05,0.004858182383197692
7.651,-2.4193773729185057,1.3542877057815186,-6.641497877788244e-05,0.0015438603346495992,0.008939657288267209,-0.0009859274986379098,306,1,0.05022776979020912,-0.030228343660471647,-0.0007522123224399849,3.072167555880978e-06,-3.878653518498808e-05,0.004862861580641187
7.676,-2.4192802922114938,1.354460923558309,-8.155133963474835e-05,0.0027166923634335985,0.0018911779635999168,-0.0006968073898505524,307,1,0.05015361683319263,-0.030297565627585104,-0.0007551126443164992,2.5597899081528122e-06,-3.894768256365962e-05,0.00486454050534903
7.7010000000000005,-2.419241538300334,1.3543822646796986,-0.00010125534827024271,0.0081251897817847,-0.0016053439922370017,-0.00043968790170545604,308,1,0.050118641640695384,-0.030225379909180866,-0.0007581795100314051,1.6759148660432712e-06,-3.882864719327046e-05,0.004867104950411856
7.726,-2.4188740327224045,1.354380656358697,-0.00010353573472022704,0.0028696292672769734,0.004559417051943643,-0.000358910677871195,309,1,0.04992727672179437,-0.030204362753364154,-0.0007615343856245658,8.880739745183592e-07,-3.895575905263249e-05,0.004867824429984998
7.751,-2.41909805683697,1.3546102355322958,-0.00011920088216393084,-0.00380360003823911,0.0039300592496127745,-0.0004906589863384898,310,1,0.05005556067299289,-0.030304459244219224,-0.0007662044246969121,4.365424710576585e-07,-3.842204549726107e-05,0.004868994052978297
7.776,-2.4190642127243165,1.3545771593211777,-0.00012806868403713798,0.002489606932805097,0.001019586813231225,-0.00011747582514765085,311,1,0.05003739870298533,-0.030253854788515944,-0.0007723859501823798,-4.2834403322200564e-07,-3.869444634250319e-05,0.004870683843706913
7.801,-2.41897357649033,1.3546612148729573,-0.0001250746734212341,0.0005322141739938426,0.0015361727035711817,-0.0005625489447780216,312,1,0.04999443349538764,-0.030268699028173234,-0.0007792673239914586,-1.0101999472076226e-06,-3.831144795769008e-05,0.004871042621940094
7.8260000000000005,-2.419037602015617,1.3546539679563563,-0.00015619613127609315,-0.0053052635137174255,-0.0020986955965174377,-0.00038063342510774725,313,1,0.05003309922271395,-0.030233699474724915,-0.0007869330518013518,-1.9215944474534487e-06,-3.7412579937878265e-05,0.004872460730250594
7.851,-2.419238839666016,1.3545562800931314,-0.00014410634467669646,-0.005951218965325487,-0.0017170015658285525,0.00045409721312062053,314,1,0.05013385385940086,-0.030156097734968645,-0.0007947145387641193,-2.7731971424773954e-06,-3.650427974639787e-05,0.0048709306458030914
7.876,-2.419335162963883,1.3545681178780649,-0.00013349127062014642,-0.0025561993044842615,-0.004891372059345773,0.0005078953915127489,315,1,0.0501700331097586,-0.030144894690085553,-0.0008024094284650705,-3.419537718151498e-06,-3.603053390454821e-05,0.004871207950576755
7.901,-2.41936664963124,1.3543117114901642,-0.00011871157510093937,0.00023965781736024012,-0.006019067145692802,0.0009882359073465387,316,1,0.050168533995684876,-0.030000326408144082,-0.0008099026517900647,-4.372744030935529e-06,-3.5790680087295854e-05,0.00486700122992211
7.926,-2.419323180073015,1.3542671645207802,-8.407947525266667e-05,0.0006581847745579146,0.0007834783510451859,0.00031926352323629714,317,1,0.050130849904856306,-0.029985354533640273,-0.000816838772577729,-4.8194502970175e-06,-3.582387580937881e-05,0.004862281043451604
7.9510000000000005,-2.419333740392512,1.3543508854077164,-0.00010274839893916653,0.0003756279354405492,0.0022383516010782223,-0.001152053094815035,318,1,0.05012601018751666,-0.0300381021949104,-0.0008234409556516752,-5.164203057418062e-06,-3.614784332053815e-05,0.004864974281821678
7.976,-2.419304398676243,1.3543790821008341,-0.00014168212999353768,0.003757789343605902,-0.004532366737426504,-1.4637800402894952e-05,319,1,0.050102640697663486,-0.030053530121078583,-0.0008303548553986026,-5.974490231713251e-06,-3.629584599131488e-05,0.004867895910525323
8.001,-2.419145850925332,1.354124267070845,-0.00010348028895928836,0.004709500652904114,-0.0045338719224608135,0.0007336172615080043,320,1,0.05001910202668052,-0.029923987794190983,-0.0008388129529890766,-7.048049371835583e-06,-3.642090569440995e-05,0.00486249329760756
8.026,-2.419068923643598,1.354152388504711,-0.00010500126691820807,-0.002212604644657969,-0.0025842219311300227,-0.0003645338263247259,321,1,0.049986108306347136,-0.029958049263203165,-0.0008481635226671077,-7.690447241503536e-06,-3.6483665496114944e-05,0.0048651898772755185
8.051,-2.4192564811575648,1.3539950559742886,-0.0001217069802754055,-0.0015491524041877148,-0.003085426691469229,-0.00025704181684460173,322,1,0.05008419667941595,-0.02989554261569478,-0.0008580908161143289,-8.590161231349712e-06,-3.626721592546327e-05,0.004865445259317335
8.076,-2.419146381263807,1.3539981171701376,-0.00011785335776050988,0.0021155936401395493,0.001897025976576012,-0.0006438578915091051,323,1,0.05002429715206086,-0.029923683996714842,-0.0008685577675300098,-9.134772194918454e-06,-3.591157781339069e-05,0.004864725256211131
8.101,-2.4191507014755578,1.3540899072731174,-0.00015389987485087586,0.0006513831912258322,0.003451141733399406,-0.00022874474820966872,324,1,0.05002892233995222,-0.029991658664021363,-0.0008799763470021878,-9.447521997094686e-06,-3.565270255859415e-05,0.004868564927211455
8.126,-2.419113812104246,1.3541706742568076,-0.0001292905951709735,0.005153334206111747,0.003013009837942235,0.00044274272912759704,325,1,0.05001240235229268,-0.030043653720514787,-0.0008922920464268757,-9.712915762475651e-06,-3.5594907930416225e-05,0.004865977575704271
8.151,-2.418893034765252,1.3542405577650145,-0.0001317627383946603,0.008728757103355508,0.005130084791646821,-0.00023215333327719303,326,1,0.04991145748815208,-0.030083218061428545,-0.0009042069468919561,-1.0176511190027703e-05,-3.59690025510469e-05,0.004866870484474318
8.176,-2.418677374249078,1.35442717849639,-0.00014089826183484718,0.005005045818577898,-0.002062680466661219,0.0004094837171564278,327,1,0.049829230246638836,-0.03017574560325063,-0.0009145939190150853,-1.0254802155133912e-05,-3.631468194471831e-05,0.004868452250655313
8.201,-2.4186427824743233,1.3541374237416814,-0.00011128855253682025,0.0016701318706413323,-0.004959747191457461,0.0007106966757408527,328,1,0.049846278021553704,-0.030018319234643192,-0.0009236912456773126,-1.063205160081597e-05,-3.6615938053839346e-05,0.004863536412450846
8.226,-2.418593867655546,1.354179191136817,-0.00010536342804776149,-0.004246767037416978,-0.0045333203803911,0.0009250303752495112,329,1,0.04985498882757742,-0.030048462914190152,-0.00093120797242241,-1.0439841598647732e-05,-3.716822705263305e-05,0.004861535259525375
8.251,-2.418855120826194,1.353910757722662,-6.503703377429957e-05,-0.006319292160501667,-0.0034911102131963325,0.0005833090345852679,330,1,0.050010195199153853,-0.029920620397615484,-0.0009372416579197015,-1.048662022943513e-05,-3.7344647299833865e-05,0.004857406401208229
8.276,-2.418909832263571,1.3540046356261572,-7.619797631856296e-05,-0.0029428607258896317,0.001721573761948012,1.9185502910800962e-05,331,1,0.05004658460364949,-0.0299887271787523,-0.000941926130835713,-1.0438027973235557e-05,-3.732549689017784e-05,0.004858085245652126
8.301,-2.4190022638624886,1.3539968364107593,-6.407775862877679e-05,-0.004517282903178035,-0.003042039310767698,0.00048485858931356795,332,1,0.05009682713722237,-0.02999593636332232,-0.0009461683024310812,-1.1053304281247657e-05,-3.732961252323668e-05,0.0048569063274133744
8.326,-2.41913569640873,1.3538525336606189,-5.195504685277996e-05,0.0013874740704888724,-0.002486370252352508,0.000333450173615186,333,1,0.050159994050985174,-0.02993427678081631,-0.0009503960861960187,-1.175145479881338e-05,-3.6980242330629076e-05,0.004856486644594842
8.351,-2.418932890158964,1.3538725178981417,-4.740524994779775e-05,0.0010896652722536492,0.00011833222175461596,0.00035623207264024663,334,1,0.05005525914349797,-0.02996348175823651,-0.0009536598163008569,-1.2252593570723711e-05,-3.700220758896724e-05,0.004856675579130928
8.376,-2.4190812131451174,1.3538584502717066,-3.4143443220827907e-05,-0.003808321506593241,0.005702276743684408,-0.00017005356571786842,335,1,0.05013035904680352,-0.029972062223666277,-0.0009555638870182646,-1.2308782607706528e-05,-3.706076207331061e-05,0.0048547570213625475
8.401,-2.419123306234294,1.3541576317353259,-5.590792823361679e-05,0.002834224338430462,0.0046374890307409496,-0.00031755652029729736,336,1,0.0501451222825637,-0.03013203734662909,-0.0009566520189111876,-1.1935085957724123e-05,-3.74208124243266e-05,0.0048571115045405846
8.426,-2.418939501928196,1.3540903247232436,-5.002126923552529e-05,0.003915365360880274,-0.0035538583675753296,8.666542329116443e-05,337,1,0.05005337688829458,-0.030089238634498913,-0.0009574405533883539,-1.2132136643627687e-05,-3.7737895167933514e-05,0.004855837603189121
8.451,-2.41892753796625,1.3539799388169471,-5.1574657069004855e-05,-0.0019136037524525036,-0.003770392729469609,0.0005707109904662307,338,1,0.05005506839250768,-0.030031377947140756,-0.0009574974490253632,-1.2655039804793357e-05,-3.8031473056777014e-05,0.004856634647127704
8.476,-2.4190351821158185,1.3539018050867702,-2.1485719712092317e-05,0.0035106361787563185,0.0025590806222242626,0.0002504756670873629,339,1,0.0501121773855318,-0.029999223194869275,-0.0009568212181230392,-1.3117641705309563e-05,-3.81906998509211e-05,0.004852729277236958
8.501,-2.418752006157312,1.3541078928480583,-3.905087371452619e-05,0.005777673233886683,0.006974354554563226,-0.0004081499373942508,340,1,0.049979488704445796,-0.03010862005211888,-0.000954885603454607,-1.3047578849221472e-05,-3.83194119669074e-05,0.004856425266197755
8.526,-2.418746298454124,1.3542505228144983,-4.18932165820046e-05,-0.0010239569816761073,0.0005709410864840255,-0.0001729544083861587,341,1,0.049996461183232595,-0.03016960768454344,-0.0009527739735285533,-1.314172482533538e-05,-3.848401853857665e-05,0.004857194097940405
8.551,-2.418803204006396,1.3541364399023825,-4.769859413381758e-05,0.0019169669722529374,-0.0002767427896710433,-0.0010343070210616498,342,1,0.050039392462690575,-0.030097627156853102,-0.0009517209314253496,-1.3748352947264583e-05,-3.8784566802821156e-05,0.004857432175662364
8.576,-2.4186504501055115,1.3542366856750148,-9.360856763494368e-05,-0.0024672320345952774,0.0013891860163184136,-0.001233811553840152,343,1,0.04997818898884156,-0.0301395551511915,-0.0009516884488974324,-1.3858367168031236e-05,-3.9150534883970574e-05,0.004862456356203374
8.601,-2.4189265656081256,1.3542058992031984,-0.00010938917182602486,-0.005522424903654628,-0.004172674860649739,-2.4216194818294472e-05,344,1,0.05012326069851751,-0.030112341184100378,-0.0009526987917999001,-1.4537597574740598e-05,-3.913434213540944e-05,0.004863801534251295
8.626,-2.418926571350694,1.3540280519319823,-9.481937737580289e-05,0.0022407763270849068,-0.004632478748241119,0.0007969119000606099,345,1,0.05012038055739747,-0.03001940108194291,-0.0009555788917014798,-1.4989050015376296e-05,-3.941487925174446e-05,0.004862060508736606
8.651,-2.4188145267917713,1.3539742752657864,-6.95435768231319e-05,0.006574712290898694,0.0005867373944745596,0.0005969562505647645,346,1,0.050067184441159984,-0.030001739729340695,-0.0009599738236944018,-1.5238656544664725e-05,-3.968168036583738e-05,0.004861510060874215
8.676,-2.4185978357361493,1.354057388801706,-6.497156484735055e-05,-0.0007138552190699597,0.0008541612210244288,0.00020861359257828542,347,1,0.04997441083128833,-0.030051794498357175,-0.0009656082370040047,-1.5695446496831395e-05,-3.9843045187785627e-05,0.00486184434251522
8.701,-2.418850219552725,1.3540169833268376,-5.9112897194229174e-05,-0.0020475012560083592,-0.0007216584875457851,-0.0004574401191081924,348,1,0.050110928119202515,-0.030035157469038645,-0.0009720172043463384,-1.6623118266409876e-05,-3.948611431518305e-05,0.0048612185004727046
8.726,-2.4187002107989497,1.3540213058773287,-8.784357080258545e-05,0.000836069363447951,-0.006504060009082796,0.00041007663269533075,349,1,0.050044795933995065,-0.030041891715095467,-0.0009783633975294572,-1.7440315125711078e-05,-3.954519528103923e-05,0.004864249356572592
8.751,-2.4188084160845524,1.3536917803263835,-3.860906555933726e-05,-0.0005824089175821126,-0.004459197250321718,0.0008700388024518632,350,1,0.050106280694325676,-0.029888154950234624,-0.0009846222310699454,-1.8356981479878817e-05,-3.94615656804795e-05,0.004859629126115406
8.776,-2.418729331244829,1.3537983460148126,-4.434163067987592e-05,-0.0053098939396799905,0.0052316728973743985,-0.0004944257762051692,351,1,0.050073550709115074,-0.029963978547913977,-0.0009906579364817856,-1.839446449687771e-05,-3.940516270700685e-05,0.004860461566717402
8.801,-2.4190739107815364,1.3539533639712522,-6.333035436971698e-05,-0.004658164332074156,0.0032257389382594577,-0.000421289702430266,352,1,0.0502391215910432,-0.030051987228554258,-0.0009969029205322722,-1.815460609186173e-05,-3.9107198667369485e-05,0.004863332644681197
8.826,-2.4189622394614325,1.3539596329617256,-6.540611580141078e-05,-0.003289370580157278,0.0039215953774939805,-0.0006413172960506495,353,1,0.05017420942156914,-0.030057751078371952,-0.0010031222657376512,-1.8561847185473044e-05,-3.9421873797553574e-05,0.004863236689337913
8.851,-2.4192383793105443,1.354149443740127,-9.53962191723927e-05,-0.009387134084386716,0.00489107373757857,-0.0008399461365904594,354,1,0.05029478201844875,-0.030149663527145203,-0.0010094101273912652,-1.8981098877558166e-05,-3.933906300106177e-05,0.004865590124652952
8.876,-2.419431596165652,1.3542041866486045,-0.00010740342263071988,0.001968052512086913,-0.0018087947104206523,-0.000687469095517216,355,1,0.050358256066369615,-0.03016493659305417,-0.0010159744720014661,-1.9361978384817495e-05,-3.920654074839371e-05,0.004865563484958805
8.901,-2.41913997668494,1.3540590040046059,-0.00012976967394825976,0.007389172863101374,-0.005302921866223644,0.0005757025071684215,356,1,0.05019410892671346,-0.03008431813734068,-0.0010229221600850764,-1.99986611332713e-05,-3.939904867411857e-05,0.004868102329257433
8.926,-2.4190621375224968,1.3539390405552933,-7.861829727220098e-05,0.0027921722908796514,-0.0013781880390739492,0.0008776490087125541,357,1,0.05014956193694788,-0.03002751810101868,-0.0010295371322493552,-2.0373774343880262e-05,-3.96966100032062e-05,0.004864134328282317
8.951,-2.419000368070396,1.3539900946026522,-8.58872235125196e-05,-0.0018067594976400613,0.0016320578292771993,-0.0005284244636705107,358,1,0.05011869252001533,-0.030057965835087,-0.0010361472414162414,-2.0618864240359624e-05,-4.001826431724585e-05,0.0048639152301176965
8.976,-2.4191524754973788,1.3540206434467572,-0.0001050395204558086,0.0014054609407044027,0.0006003296739454228,-0.0003293517711533482,359,1,0.050186231752804754,-0.030072460465276823,-0.0010428094487609759,-2.0561869672113873e-05,-4.011601367529839e-05,0.004866950324994149
9.001,-2.4189300950233608,1.3540201110863495,-0.00010235481207013592,0.005256673001561408,-0.00016633270690125457,1.6479888538257012e-05,360,1,0.05007548936911918,-0.03007087026386634,-0.001049434689165814,-2.05030796376628e-05,-4.0625664647981155e-05,0.004866425152573867
9.026,-2.4188896418473007,1.3540123268114121,-0.00010421552602870778,-0.0004090409756685118,-0.00106484914432768,-7.117757500729636e-05,361,1,0.05006272786104685,-0.030066116493956668,-0.0010554056947935033,-2.0489553255412996e-05,-4.079653473671303e-05,0.004866973809735622
9.051,-2.418950547072144,1.353966868629133,-0.00010591369082029713,-0.0033883505964471057,0.00039141383534779247,-0.0003877267918728167,362,1,0.05009744612802643,-0.030045689133890205,-0.001060801427685614,-2.006570488786553e-05,-4.073657423133401e-05,0.004865872159252101
9.076,-2.419059059377123,1.3540318975031795,-0.00012360186562219131,-0.0035545521950641253,0.0024566788514279385,0.00020859383962345805,363,1,0.05014885416532027,-0.0300793229676018,-0.0010655188320362436,-1.9492505934540413e-05,-4.066660039520059e-05,0.004868660008303451
9.101,-2.4191282746818974,1.3540897025717045,-9.548399883932299e-05,-0.0050084954301522445,0.00628755913180359,-0.0004583384797918297,364,1,0.050176825277430545,-0.030103092547473342,-0.0010697656667007724,-1.9067777414599454e-05,-4.045959941582384e-05,0.004867182299385379
9.126,-2.4193094841486307,1.3543462754597697,-0.0001465187896116306,-0.008397525124772721,0.003585618487429519,-0.0004755556268243412,365,1,0.0502510366013274,-0.03021492193082899,-0.0010739696389092934,-1.8608308799527482e-05,-4.002142019076953e-05,0.004873201005003563
9.151,-2.419548150938136,1.354268983496076,-0.00011926178018041148,-0.00951249421420983,-0.003998947756920166,0.0011458987487600162,366,1,0.05033997868579658,-0.030155581786148765,-0.0010788650804554826,-1.8414525290197675e-05,-3.9783785725885575e-05,0.00487062300863731
9.176,-2.419785108859341,1.3541463280719237,-8.922385217358227e-05,-0.0023587526068080344,-0.004574944902198054,0.0009243327151153704,367,1,0.05041518186563229,-0.030084632337422312,-0.001084212604463565,-1.820632689450251e-05,-3.9493165204542784e-05,0.004868639978439911
9.201,-2.4196660885684764,1.354040236250966,-7.304514442461187e-05,0.0051282724385347915,-0.0008555430153700406,5.898991086716792e-05,368,1,0.05032285468775331,-0.030032224290374422,-0.001090363512598701,-1.7854978605209094e-05,-3.955293517006842e-05,0.004866750732385308
9.226,-2.4195286952374144,1.3541035509211552,-8.627435663020977e-05,0.005154719177911215,0.0023534398238878543,-0.0002254708934224018,369,1,0.05023645370403772,-0.030065723242586016,-0.0010969619673538288,-1.753477344358715e-05,-3.9691187856553714e-05,0.004868769220205118
9.251,-2.419408352609581,1.3541579082421604,-8.431868909559804e-05,0.002871639637076545,-0.0025963681042507347,0.001077558995170614,370,1,0.050170757612283685,-0.0300903056933015,-0.0011043087106765328,-1.7532100659563093e-05,-3.96821801152266e-05,0.0048704915790343
9.276,-2.4193851132555606,1.3539737325159427,-3.239640687184706e-05,-0.0012360365648244988,-0.0040938896618136185,0.0009431898916289904,371,1,0.05015713603926474,-0.03000172020274824,-0.0011123906708390525,-1.780230940229324e-05,-3.944199567716335e-05,0.004865029508596591
9.301,-2.419470154437822,1.3539532137590697,-3.7159194514067865e-05,0.004883037643654761,-0.0012307796555077568,0.000452359893863268,372,1,0.05019392621312731,-0.029999414595237386,-0.0011209583480528977,-1.7639980238163932e-05,-3.885115985967723e-05,0.004865230755876627
9.326,-2.419140961373378,1.3539121935331673,-9.778412178713791e-06,0.008117960873326053,-0.0014154332912052834,0.0006557216965230501,373,1,0.05004599941671943,-0.029988654272118394,-0.0011295967964432203,-1.7588169872919288e-05,-3.843036267730238e-05,0.00486412179726062
9.351,-2.419064256394156,1.3538824420945095,-4.373109688001824e-06,0.0031262045051150935,-0.0016694998833389008,0.0002164031073359542,374,1,0.050029306610402155,-0.029983561750114556,-0.0011377831304550908,-1.7912887731396877e-05,-3.7937455090516784e-05,0.004863626349377964
9.376,-2.418984651148122,1.3538287185390003,1.0417431880728297e-06,-0.0009715363205931234,-0.0019015187296256692,0.000946233642045178,375,1,0.05001455905551862,-0.02996816943129384,-0.0011450770504912835,-1.8213306097710733e-05,-3.736794656013239e-05,0.00486262933355627
9.401,-2.4191128332101854,1.3537873661580282,4.293857241415528e-05,-0.0005867510363355338,-0.0008804117108418427,0.0008985629481816787,376,1,0.05009176835620647,-0.029959960271452594,-0.0011513266091246973,-1.8333626474787156e-05,-3.6683129973552856e-05,0.004857572611385855
9.426,-2.419013988699939,1.3537846979534582,4.596989059701515e-05,-0.0001883734775365271,0.004083670897041478,-0.0004882165644381972,377,1,0.05006030664974744,-0.02997117855673898,-0.0011566643688615842,-1.831449086374447e-05,-3.627386763220691e-05,0.004857985482332415
9.451,-2.4191222518840623,1.3539915497028803,1.85277441923479e-05,-0.004806578612095367,0.004498374179608902,-0.0006960228637442513,378,1,0.05012365369074995,-0.030075110486830058,-0.0011614997950560029,-1.8360350831299887e-05,-3.575916314781228e-05,0.004860301924955161
9.476,-2.4192543176305437,1.3540096166624387,1.1168747409996371e-05,0.0025813114483864137,-0.0018185697330608652,-0.00017932448677094142,379,1,0.050187726199575095,-0.030078107163883726,-0.0011661017284262825,-1.8834174833987504e-05,-3.482690807580969e-05,0.00485996432855351
9.501,-2.418993186311643,1.3539006212162272,9.561519853965267e-06,0.0038079417307735597,-0.001498292413497669,0.0004925273335132479,380,1,0.05007327814941238,-0.03002331183434579,-0.001170904229327582,-1.9808965944815065e-05,-3.4755383610082876e-05,0.004858835089851176
9.526,-2.419063920544005,1.3539347020417638,3.579511408576314e-05,-0.003790572334159083,-0.0006708044582026578,0.00013730204153183738,381,1,0.050118998026598346,-0.030040989815194024,-0.0011759651091544075,-2.032557216574588e-05,-3.4078648950434895e-05,0.004857943773768009
9.551,-2.419182714928351,1.353867080993317,1.6426621930519134e-05,-2.875362662635398e-05,-0.002044232419620122,-0.000218820368056424,382,1,0.05017889251600666,-0.03001095514790395,-0.0011811710387401072,-2.083256272333373e-05,-3.38028400866863e-05,0.004858957400866722
9.576,-2.4190653582253363,1.3538324904207828,2.4854095683129954e-05,0.0016014031766697684,0.0004298312272688004,8.71621004439037e-05,383,1,0.05012965063626359,-0.02999921083542504,-0.001186240568346826,-2.120120867047165e-05,-3.3678117861006726e-05,0.0048582603262757726
9.601,-2.4191026447695174,1.3538885725546805,2.0784726952612655e-05,7.456789656856859e-06,0.006163127287712864,-9.788285072254363e-05,384,1,0.05015344453849279,-0.03002755396303174,-0.0011904313221655916,-2.130535076588136e-05,-3.350002801066455e-05,0.004858437715762898
9.626,-2.4190649853858535,1.3541406467851684,1.9959953146852677e-05,0.003420396984443814,0.0015845015823013125,0.0008345383716879162,385,1,0.05014247742238327,-0.030136960762537694,-0.0011939967492821816,-2.1391999244130215e-05,-3.350662071071704e-05,0.004858747241989818
9.651,-2.4189316249202952,1.3539677976337956,6.251164553697347e-05,0.006641618321418979,-0.0002372763882130224,0.0003933967633695745,386,1,0.050092639207339466,-0.0300414894171329,-0.0011968592065994565,-2.2122907453665893e-05,-3.366083654702827e-05,0.0048535886640844895
9.676,-2.4187329044697825,1.3541287829657578,3.962979131512513e-05,0.008426147909918904,0.002567362068912579,-0.0005606106648414687,387,1,0.05002207910110335,-0.03010902823576262,-0.001199361956505169,-2.2465064039687574e-05,-3.3859789672131344e-05,0.0048548532109181815
9.701,-2.4185103175247993,1.3540961657372412,3.4481112295068356e-05,0.0008231941384639779,0.0009821829481548722,-0.0001809575049715991,388,1,0.0499521727567636,-0.030080323363244427,-0.001201548121963884,-2.3069071435511507e-05,-3.4105525183278464e-05,0.004854996690823897
9.726,-2.4186917447628593,1.3541778921131655,3.05819160666214e-05,-0.010621912782262882,0.002290937176150414,-0.0004547317423941974,389,1,0.0500616291639224,-0.030105373601866058,-0.0012037520326075317,-2.3327107140550584e-05,-3.424642564143116e-05,0.00485549798425346
9.751,-2.4190414131639124,1.3542107125960487,1.17445251753183e-05,-0.007430357846969374,-0.0015046573064570233,-0.000193128234995403,390,1,0.05022471033450654,-0.030104249097973646,-0.00120610426714154,-2.3412294021221638e-05,-3.4415359065505256e-05,0.004857747036553027
9.776,-2.4190632626552078,1.3541026592478427,2.092550431689337e-05,-0.0010848088327897033,-0.002556260273123242,0.0005707755472261685,391,1,0.05022552123181035,-0.030039692723654345,-0.0012085949855426825,-2.381990376102324e-05,-3.508901833390461e-05,0.004856567047158779
9.801,-2.419095653605552,1.3540828995823926,4.028330253651323e-05,0.0026339973664501653,0.0020103705715035216,0.00047880317180392523,392,1,0.05023192317948378,-0.030022204345822614,-0.0012109441283577327,-2.4004389226627924e-05,-3.5585083048468546e-05,0.004855340146003665
9.826,-2.4189315627868853,1.3542031777764179,4.4865662907250535e-05,0.006276595552527819,0.006434390793299458,-0.0005504073269335585,393,1,0.050155900196531926,-0.0300671933576376,-0.0012136829617229565,-2.3960702547276882e-05,-3.5842612440778545e-05,0.004855631533379257
9.851,-2.4187818238279255,1.3544046191220576,1.2762936189879546e-05,0.006943871841302999,-6.525533179147087e-05,-0.0004446797334978309,394,1,0.050095571199744685,-0.030139174922312613,-0.001216567221860887,-2.4053980081994262e-05,-3.6147420198197e-05,0.0048589722482652925
9.876,-2.41858436919482,1.3541999150098283,2.2631676232186472e-05,0.004212559504202053,-0.007669911864911668,0.0008358164987054728,395,1,0.050023514270489136,-0.03002371500618987,-0.0012195088229443793,-2.4511308892450182e-05,-3.604087324633664e-05,0.0048578529819772705
9.901,-2.4185711958527154,1.354021123528812,5.4553761125231334e-05,-0.001011086100142208,-0.00871702392154271,0.001107121762355929,396,1,0.050038758091790946,-0.02993735352435906,-0.0012223051255943916,-2.4734435750926174e-05,-3.6156145722689446e-05,0.004854629775283227
9.926,-2.4186349234998272,1.3537640638137511,7.798776435007314e-05,-0.004238306208632576,-0.004198614122938811,0.0006899197080478716,397,1,0.05008361940480706,-0.029830112469849356,-0.0012248509874497886,-2.457307935225266e-05,-3.652919649321476e-05,0.004852152218384895
9.951,-2.418783111163147,1.353811192822665,8.904974652765602e-05,-0.0030769381532813173,0.00026468556909353306,0.0003208542204013963,398,1,0.0501561735097915,-0.029871586100595766,-0.0012269729165190102,-2.367302483716654e-05,-3.6887490355538706e-05,0.004852331011212458
9.976,-2.4187887704074913,1.3537772980922058,9.403047537017703e-05,-0.002480663266322178,-0.0023179060323475437,-0.0003662128818504662,399,1,0.050158482895946696,-0.029870992575959685,-0.0012295040459062816,-2.3129581112819033e-05,-3.7653645819255814e-05,0.004850666693809922
10.001,-2.418907144326463,1.3536952975210477,7.073910243501861e-05,-0.0036306958000854256,-0.00033821655230249103,-0.002187018719084268,400,1,0.05020778117367069,-0.029850723551476624,-0.0012323060275046859,-2.2941986111043336e-05,-3.7827203897671935e-05,0.004852621020370286
10.026,-2.4189703051974956,1.3537603872645907,-1.532046058393857e-05,-0.006404116786899914,-0.0010056145194514555,-0.012850631561578214,401,1,0.050227217659267645,-0.029902810392297106,-0.0012358352606440743,-2.272908985217879e-05,-3.805247323433842e-05,0.004851875029464985
10.051,-2.419227350165808,1.353645016795075,-0.000571792475644023,0.0011445332979587001,-0.004148405483981262,-0.040286560092379055,402,1,0.050343311116275054,-0.029911088675251715,-0.0012394616652525788,-2.2404959802127188e-05,-3.795863436140009e-05,0.004852740906074708
10.076,-2.4189130785325976,1.3535529669903916,-0.002029648465203129,0.01997387303703107,-0.02043401146632788,-0.08131865078019436,403,1,0.050278571678585876,-0.030058156008928832,-0.0012427401803457867,-2.2113366319542503e-05,-3.786718810715753e-05,0.0048573950938666675
10.101,-2.4182286565139566,1.3526233162217587,-0.004637725014653826,0.040706929355708056,-0.06374457367188804,-0.13350609117598397,404,1,0.05023117824114007,-0.03009155996541002,-0.001245884684083816,-2.2270030202140636e-05,-3.738250489273533e-05,0.004855755598978093
10.126,-2.4168777320648123,1.3503657383067973,-0.008704953024002334,0.06855050524569396,-0.11684153537545842,-0.19669337537418372,405,1,0.05018537797258736,-0.029986110832195108,-0.0012494575737308532,-2.2696753430790404e-05,-3.696345846330322e-05,0.004853245063330711
10.151,-2.414801131251672,1.346781239452986,-0.014472393783362913,0.10397523291758434,-0.17571008664309246,-0.270216995650397,406,1,0.05021582100993797,-0.0299176012648587,-0.0012525905863264802,-2.2982583614416567e-05,-3.679178683992444e-05,0.004848121975346579
10.176,-2.411678970418933,1.3415802339746425,-0.022215802806522376,0.1562227030479213,-0.25032298386068774,-0.35105363907310616,407,1,0.050287752944893425,-0.02992858566899576,-0.0012554085258644062,-2.306713006930353e-05,-3.647504081887939e-05,0.004848247287296708
10.201,-2.4069899960992758,1.3342650902599513,-0.032025075737018516,0.21469335178463084,-0.33611023321586464,-0.4362387512278181,408,1,0.05027871882101692,-0.029946104877549173,-0.0012583321490030484,-2.324866343304422e-05,-3.622167768444258e-05,0.004847906120515332
10.226,-2.4009443028297013,1.324774722313849,-0.044027740367913536,0.27889193830362186,-0.42703464724430895,-0.5239904988499712,409,1,0.05032164939721563,-0.029998291178832712,-0.001261122042159778,-2.302437084624469e-05,-3.5924446116541105e-05,0.004847410971289235
10.251,-2.393045399184095,1.3129133578977363,-0.05822460067951639,0.340206799509753,-0.520869623851643,-0.6143429406837739,410,1,0.05021308229182184,-0.03001254437371027,-0.001263191664396046,-2.2908036697085456e-05,-3.591560698588524e-05,0.004843525171969478
10.276,-2.383933962854214,1.2987312411212675,-0.07474488740210149,0.39820331925559993,-0.6069907932399812,-0.706425594488368,411,1,0.05022013668426643,-0.02999072230146966,-0.0012648812333529624,-2.296676982818759e-05,-3.583200528526093e-05,0.004843223201476989
10.301,-2.3731352332213147,1.2825638182357368,-0.09354588040393519,0.4592475922784379,-0.6930801709074687,-0.7964702798644006,412,1,0.05011951352299232,-0.03006065680651315,-0.0012660631903463962,-2.2552429571379397e-05,-3.592792529919423e-05,0.004842622697495007
10.326,-2.3609715832402918,1.2640772325758936,-0.114568401395322,0.5148366348950544,-0.7798067555652222,-0.8852757785039208,413,1,0.050041518818941894,-0.030042711999480158,-0.001266819514724029,-2.2377734964660003e-05,-3.589391199032211e-05,0.0048387312576395934
10.351,-2.3473934014765616,1.2435734804574752,-0.13780966932913202,0.5632470388572783,-0.8638309460386047,-0.9715253292775147,414,1,0.04995118364553735,-0.030056116869022667,-0.0012671201674148101,-2.1858179903710405e-05,-3.592696393090284e-05,0.004837620505980975
10.376,-2.3328092312974285,1.2208856852739642,-0.16314466785919673,0.6145781454731523,-0.9457780980061938,-1.0533559251967752,415,1,0.04999789783345326,-0.029997641227054624,-0.0012679021002329352,-2.1674734774889654e-05,-3.5343703828403535e-05,0.0048350037137538816
10.401,-2.3166644942029047,1.1962845755571665,-0.19047746558896975,0.6691394652135856,-1.027016891369302,-1.1300095691942698,416,1,0.04992741164439978,-0.029982008759995123,-0.0012689846514694506,-2.175359796517454e-05,-3.529370609791288e-05,0.004830685627684536
10.426,-2.2993522580367487,1.1695348407054984,-0.21964514631891088,0.7144685895522406,-1.1099567192322433,-1.2016583325868264,417,1,0.04989403351139956,-0.02987647933253312,-0.0012699315008695116,-2.2117908160751528e-05,-3.506235573267098e-05,0.004824367089774752
10.451,-2.280941064725292,1.1407867395955535,-0.25056038221831206,0.7566918392019132,-1.1832733690065842,-1.2670368453009837,418,1,0.0499057841881147,-0.029738456645198495,-0.001271118807327141,-2.2401147677930653e-05,-3.490016295601682e-05,0.004821663768048741
10.476,-2.2615176660766525,1.1103711722551683,-0.282996988583961,0.7999204078301407,-1.2539791169283054,-1.3231182033439752,419,1,0.04999135221208759,-0.02968530408381292,-0.0012736325776666274,-2.2312883063084386e-05,-3.469448088821721e-05,0.00481760896216234
10.501,-2.240945044333786,1.0780877837491396,-0.3167162923855094,0.8471481357113845,-1.3275516324149377,-1.3718477721615612,420,1,0.05006552227424862,-0.029607661827668778,-0.0012777410174094753,-2.2378027441656533e-05,-3.466037931027229e-05,0.004808927634101346
10.526,-2.219160259291084,1.0439935906344229,-0.35158937719203776,0.8969877129144571,-1.3937729395299916,-1.413919497953866,421,1,0.050089780891263744,-0.029521316623067846,-0.0012829855064847584,-2.2661361634369618e-05,-3.449110800690554e-05,0.004800146728313883
10.551,-2.1960956586880624,1.008399136772639,-0.3874122672832039,0.9451536870004017,-1.4517097058337496,-1.44597745318691,422,1,0.05004161287150636,-0.029534475067423297,-0.0012889185566902408,-2.2840300236991466e-05,-3.45154902522847e-05,0.004794054601277041
10.576,-2.1719025749410634,0.9714081053427344,-0.4238882498513844,0.9797083654620348,-1.5137901972377972,-1.4692142809736155,423,1,0.04999963958784972,-0.02965132842244518,-0.0012951788034372314,-2.2633910894346013e-05,-3.438850015537396e-05,0.004784323412198167
10.601,-2.14711024041496,0.9327096269107481,-0.46087298133188576,1.0175569245945622,-1.5887987794321952,-1.4828609504717298,424,1,0.05012450230865113,-0.029671179226383758,-0.0013013173230806082,-2.2576552435314103e-05,-3.377885795856814e-05,0.004778575036486503
10.626,-2.1210247287113364,0.8919681663711263,-0.4980312973749695,1.0694476774201218,-1.647189060063758,-1.4870077017070178,425,1,0.050082807045806726,-0.02951835985492047,-0.001307791172544607,-2.2903371369410007e-05,-3.3256686481437614e-05,0.004764215542329365
10.651,-2.093637856543955,0.850350173907562,-0.5352233664172352,1.1123075733639285,-1.6943890115901366,-1.4833463569854521,426,1,0.05000347690466111,-0.029689314624048033,-0.001314521362960568,-2.2596323979923715e-05,-3.294212207838075e-05,0.004755169474496524
10.676,-2.065409350043139,0.8072487157916183,-0.5721986152242433,1.1445305905036578,-1.7551365050036245,-1.4693323113291137,427,1,0.04999313708541259,-0.02982838336749652,-0.0013211578191718264,-2.214875117482514e-05,-3.2724301315825115e-05,0.004748598022463735
10.701,-2.0364113270187714,0.7625933486573795,-0.6086899819836921,1.167518635139767,-1.8055838640848907,-1.4458116556897032,428,1,0.05004249831164125,-0.02988439938311646,-0.0013270659556087426,-2.2007992134646053e-05,-3.2286158248806355e-05,0.0047417888853431905
10.726,-2.00703341828615,0.7169695225873725,-0.6444891980087295,1.1812461496273914,-1.8278138196597082,-1.413675738064443,429,1,0.050172691062152545,-0.02988935306566551,-0.0013323885055862993,-2.1817758660598012e-05,-3.1661794267435304e-05,0.0047369154034670015
10.751,-1.977349019537403,0.671202657674396,-0.6793737688869125,1.1772650080902498,-1.8179266802329497,-1.3721782478459348,430,1,0.05016819315349232,-0.029893092795178308,-0.001337779909270589,-2.176928665508681e-05,-3.138551126646413e-05,0.004731999895110118
10.776,-1.9481701678816388,0.6260731885757269,-0.7130981104010249,1.1259308645333261,-1.7424898425615916,-1.3225060869146599,431,1,0.050216553135219576,-0.02989016902090258,-0.0013431120164166276,-2.1623357625627066e-05,-3.129173858263403e-05,0.0047258228917886865
10.801,-1.921052476310736,0.5840781655463152,-0.7454990732326462,1.041396073819681,-1.6071334446254053,-1.2651501915672811,432,1,0.050236156142157616,-0.02986178847422024,-0.001348269332050655,-2.1712958198007377e-05,-3.110858115879553e-05,0.004720792576220733
10.826,-1.896100364190654,0.5457165163444555,-0.7763556199793897,0.9547212827479521,-1.4700535682749307,-1.200322334291349,433,1,0.05022693812419292,-0.029899165795163284,-0.0013528987895302812,-2.1798624456778926e-05,-3.083785756985138e-05,0.0047165403745540865
10.851,-1.8733164121733377,0.5105754871325676,-0.8055151899472145,0.8656385049396904,-1.3407048084627702,-1.1289065107582337,434,1,0.05026647127753908,-0.029928467557270456,-0.0013574660824832163,-2.2010923374604196e-05,-3.070038215688776e-05,0.0047117133109074736
10.876,-1.8528184389436704,0.4786812759213184,-0.8328009455173001,0.7788431489443759,-1.2077072659724477,-1.0514947984603797,435,1,0.05032229643069772,-0.029900809711453445,-0.0013617341575077016,-2.19979546485446e-05,-3.0499825650037743e-05,0.0047078079656428864
10.901,-1.8343742547261197,0.4501901238339465,-0.8580899298702326,0.6953350154159555,-1.0747965140048013,-0.9695044682232852,436,1,0.05035314425903803,-0.02993067867047528,-0.0013655042988681308,-2.178227758048068e-05,-3.056350721202675e-05,0.004703723002829699
10.926,-1.818051688172872,0.4249414502210776,-0.8812761689284649,0.6087060792163304,-0.9497225959503472,-0.8829072971591286,437,1,0.050384296921612774,-0.029954677998199453,-0.0013693487105594718,-2.1838197358667068e-05,-3.0899392104996296e-05,0.004700166605219304
10.951,-1.8039389507653028,0.4027039940364285,-0.9022352947281898,0.5227588709338852,-0.8262377055779995,-0.7935290604950282,438,1,0.05041908925262909,-0.02988635224860233,-0.0013732163780853413,-2.1807521225988934e-05,-3.0946798206465766e-05,0.0046942682266604766
10.976,-1.7919137446261775,0.38362956494217704,-0.9209526219532168,0.4457390854228744,-0.7025961099725214,-0.7031337132040222,439,1,0.05048905268660155,-0.02982672627222401,-0.0013770103269299817,-2.174796430990431e-05,-3.0813927855878045e-05,0.004690190333900633
11.001,-1.7816519964941595,0.36757418853780316,-0.9373919803883902,0.3759407067283185,-0.5844070311744689,-0.6116239221847449,440,1,0.05049995783896649,-0.029829270174496176,-0.0013805667408480758,-2.169553632041014e-05,-3.061157558267874e-05,0.004687884237330666
11.026,-1.773116709289762,0.3544092133834542,-0.9515338180624534,0.30878166180766004,-0.4661307836686002,-0.522248527551962,441,1,0.05045304378627823,-0.029866583704795283,-0.001384107850150017,-2.1677999158157205e-05,-3.0600718640774904e-05,0.004685434478450525
11.051,-1.7662129134037763,0.3442676493543728,-0.9635044067659889,0.23867205174484257,-0.3514698364313923,-0.43432589287918427,442,1,0.05040058679754476,-0.030008816752611137,-0.001388380241127865,-2.169721918962784e-05,-3.061414803124493e-05,0.004688360829168739
11.076,-1.7611831067025197,0.33683572156188435,-0.973250112706413,0.1597101094166597,-0.24395976451991638,-0.3482327248144607,443,1,0.050351647837321344,-0.030085741224386484,-0.0013929591458020625,-2.181342451834323e-05,-3.060787135958342e-05,0.0046873922963508565
11.101,-1.7582274079329432,0.3320696611283768,-0.9809160430067121,0.08560888614480526,-0.13979581236468439,-0.2679343158816629,444,1,0.05036696781841164,-0.030039298763324795,-0.001398069889014287,-2.2125225181825944e-05,-3.031950276894086e-05,0.004683953291824471
11.126,-1.7569026623952795,0.3298459309436503,-0.9866468285004959,0.016941309853919867,-0.03211834471989652,-0.19543221000173777,445,1,0.05032695773884754,-0.029998566791300856,-0.0014032272407930103,-2.2286148701781076e-05,-3.0434835386887514e-05,0.004679116144883642
11.151,-1.7573803424402472,0.33046374389238203,-0.9906876535067988,-0.05969890290515338,0.06626228582721011,-0.13088984401374218,446,1,0.05039874903954329,-0.029985646773796906,-0.0014087309564319278,-2.2562725346585677e-05,-3.0184238249490548e-05,0.004678580395128149
11.176,-1.7598876075405372,0.33315904523501083,-0.9931913207011831,-0.11961203774722592,0.15457406369234875,-0.07769255939414133,447,1,0.05050017808153158,-0.02974725439876444,-0.0014136818861526044,-2.325722875244997e-05,-3.0027270192833343e-05,0.0046711468301012535
11.201,-1.7633609443276086,0.3381924470769996,-0.994572281476506,-0.1544541610843653,0.23429669276773923,-0.038942797836058474,448,1,0.05052291526368576,-0.029727725473915584,-0.0014191612732525312,-2.3219105176024708e-05,-3.0012815902589228e-05,0.004670868439145743
11.226,-1.7676103155947556,0.34487387987339796,-0.9951384605929862,-0.18929686485702438,0.2911187281002321,-0.013103706809634299,449,1,0.05048509963745735,-0.029806634719489526,-0.001422784687022575,-2.3196217402633283e-05,-3.0326425757359697e-05,0.004674055742544026
11.251,-1.7728257875704596,0.3527483834820109,-0.9952274668169875,-0.20611605277347506,0.31892462222174356,-0.0017394662648673547,450,1,0.05053963518026402,-0.029812415295339897,-0.0014248990292199057,-2.3133287542844163e-05,-3.03277579513593e-05,0.0046746972243571095
11.276,-1.777916118233429,0.3608201109844848,-0.9952254339062296,-0.2020542267205732,0.3216132994429909,-8.819499937473427e-05,451,1,0.05049388251121946,-0.029895215983847562,-0.0014256362468582219,-2.293159816110557e-05,-3.052464131749457e-05,0.004676438082741041
11.301,-1.7829284989064884,0.36882904845416065,-0.9952318765669564,-0.19510405707565848,0.30784710019375555,0.00026536145464106274,452,1,0.05045549974103548,-0.02997122861789171,-0.0014252649035575527,-2.2805969552860658e-05,-3.0265045903451666e-05,0.004678322833707794
11.326,-1.7876713210872122,0.3762124659941728,-0.9952121658334976,-0.18000700050054796,0.28022845100152893,0.00015397699742791595,453,1,0.05032274667336246,-0.0299853910057482,-0.0014237230148677427,-2.2757264766827355e-05,-3.0118093982613357e-05,0.004677163771651897
11.351,-1.791928848931516,0.3828404710042373,-0.9952241777170848,-0.14524642085431116,0.2305483675894431,-3.096169544747406e-05,454,1,0.050375873177632126,-0.02999226397411036,-0.0014222594816748126,-2.2889968732094295e-05,-2.9584708176407978e-05,0.004678883909995441
11.376,-1.7949336421299276,0.3877398843736447,-0.9952137139182702,-0.10432469367208208,0.16292274053388192,0.0007028800972719445,455,1,0.050313263610479046,-0.030042896583444823,-0.001420328908450214,-2.29964154010266e-05,-2.896333717938351e-05,0.004678735067569574
11.401,-1.79714508361512,0.3909866080309312,-0.9951890337122212,-0.06460448034070329,0.09706179990129989,0.000826145659580379,456,1,0.05028723111318304,-0.029992181516198084,-0.001418726488455083,-2.3292083076706908e-05,-2.843723979439043e-05,0.004678618699427536
11.426,-1.7981638661469628,0.39259297436870977,-0.995172406635291,-0.03320675419961236,0.046558836901122065,0.00043169233987504994,457,1,0.050185022038329925,-0.02999296757506153,-0.0014174038890173305,-2.3443288582812668e-05,-2.8211084342172083e-05,0.0046773860339528435
11.451,-1.7988054213251006,0.39331454987598735,-0.9951674490952274,-0.014391173367744665,0.01266121795828394,3.9186720357519685e-06,458,1,0.05023161285956982,-0.02992636854887849,-0.001417001212086741,-2.3746898261690235e-05,-2.790316475066707e-05,0.004677731756546179
11.476,-1.79888342481535,0.393226035266624,-0.995172210701689,0.0024757181356305754,-0.013188665104870993,0.0003750995396600922,459,1,0.05024744977874812,-0.029884869489003717,-0.0014170280449210435,-2.3878181745385666e-05,-2.797150912577024e-05,0.00467783012703017
11.501,-1.798681635418319,0.3926551166207438,-0.9951486941182446,0.009835037266161738,-0.024935737425423852,0.0003926261925357805,460,1,0.05025325932771203,-0.029839683051097327,-0.0014175219728479794,-2.4062244898457224e-05,-2.8281315345128197e-05,0.0046776010086683395
11.526,-1.798391672952042,0.3919792483953528,-0.9951525793920625,0.006962244969046417,-0.016706438378276442,-0.00022752895611155243,461,1,0.050199932565058634,-0.029809128585197697,-0.0014184697916384817,-2.41065957853579e-05,-2.88266949217638e-05,0.0046787048202345015
11.551,-1.7983335231698667,0.39181979470183,-0.9951600705660503,-0.004813519057504865,-0.004515189559748325,-0.0001352828334155712,462,1,0.050268444913468754,-0.029815892577229174,-0.0014200303592729496,-2.4052995240675875e-05,-2.904796765759301e-05,0.004679517939704853
11.576,-1.7986323489049172,0.3917534889173654,-0.9951593435337334,-0.009036590165649599,0.0005805291095284299,0.00022872675179641208,463,1,0.05031942374219299,-0.029719419290610203,-0.001422899485541074,-2.3955046462633894e-05,-2.9378814066135034e-05,0.004681343594355197
11.601,-1.7987853526781492,0.3918488211573064,-0.9951486342284604,-0.010722566993442102,0.009729938829648108,0.00037866056409542023,464,1,0.05030448333082968,-0.029716617433535476,-0.0014266608049607898,-2.3572636139793237e-05,-2.9634544148633865e-05,0.004681906299814704
11.626,-1.7991684772545893,0.3922399858588478,-0.9951404105055284,-0.00789360605342643,0.014228684775508286,0.0007914841173484346,465,1,0.05036617466881264,-0.029695128038385605,-0.0014311603653407814,-2.2920708147375328e-05,-2.9617917068187873e-05,0.0046825868157125495
11.651,-1.7991800329808205,0.3925602553960818,-0.995109060022593,-0.003957697398115855,0.012800377992929586,0.0005716056251969722,466,1,0.05030353709434393,-0.029780465800007587,-0.0014355397444331482,-2.2325284126350245e-05,-3.0168748993153753e-05,0.004680595737101722
11.676,-1.799366362124495,0.3928800047584943,-0.9951118302242683,-0.006194503963281496,0.011179609635669614,-1.0006935919903839e-05,467,1,0.050287441035685346,-0.029787207804833276,-0.0014394847322821431,-2.1818331184707493e-05,-3.069339808836099e-05,0.004679901852040677
11.701,-1.7994897581789846,0.3931192358778653,-0.9951095603693889,-0.006739141150044941,0.008585486276031385,0.00032435341688951774,468,1,0.05025709106878013,-0.029791837827654252,-0.0014430260564386875,-2.147891564697626e-05,-3.115025061174334e-05,0.004680308650706844
11.726,-1.7997033191819973,0.39330927907229585,-0.9950956125534237,-0.006755115386245658,0.006876882422216659,5.995028778294071e-05,469,1,0.05025815832146588,-0.02975177390101351,-0.0014463090050403813,-2.1522916333536158e-05,-3.131613197101095e-05,0.00468071742163692
11.751,-1.7998275139482969,0.3934630799989761,-0.9951065628549998,-0.0011060561490072965,0.006416263042648,0.000177280063304867,470,1,0.05025911163001789,-0.029740112322976634,-0.0014493485935690251,-2.1732513117694728e-05,-3.140557136701559e-05,0.004681621397210659
11.776,-1.7997586219894477,0.39363009222442824,-0.9950867485502585,0.006063952909531792,0.0036594006058509633,0.0005016528682943928,471,1,0.050252546639786275,-0.02979781211669278,-0.0014516923547429525,-2.1896843732360798e-05,-3.105769387712512e-05,0.004680895954528687
11.801,-1.7995243163028203,0.39364605002926867,-0.9950814802115853,0.004699930422105081,0.006076231899704212,0.0001574600201514875,472,1,0.05019087254421905,-0.0298692682119345,-0.0014530541465864852,-2.2137245470099225e-05,-3.089469074338096e-05,0.004681738961459614
11.826,-1.7995236254683424,0.39393390381941346,-0.9950788755492508,0.003963493647680615,0.008694486725749783,-4.86725415793636e-05,473,1,0.05027372139815206,-0.0299107378219259,-0.0014538162159197603,-2.2262310732492774e-05,-3.068325438492596e-05,0.004682704040438729
11.851,-1.7993261416204362,0.39408077436555616,-0.9950839138386642,0.002957774761620576,0.0035328092445408776,0.0010481212436630695,474,1,0.05027738452597215,-0.029980349794016283,-0.001454135997477679,-2.2387546827446714e-05,-3.068410605261239e-05,0.004683881413370453
11.876,-1.7993757367302614,0.3941105442816405,-0.9950264694870677,-0.0007945027402200991,0.0033594801060544293,0.008075456112397633,475,1,0.05029583221630539,-0.02993238142966671,-0.0014549381073344937,-2.271872714224697e-05,-3.081226455532269e-05,0.004684600818569472
11.901,-1.7993658667574473,0.3942487483708589,-0.9946801410330445,0.00823058929544362,0.00149339103035493,0.02742198741185714,476,1,0.05034175847506631,-0.02991164508480265,-0.0014562689925769505,-2.2826800826432008e-05,-3.0761375925170996e-05,0.004686471167264433
11.926,-1.7989642072654892,0.39418521383315824,-0.993655370116475,0.027728608924273028,-0.0007777331676717015,0.06023207192957706,477,1,0.050291902410047704,-0.029890229083235475,-0.0014584311049692005,-2.2799368552150146e-05,-3.114681369697229e-05,0.004686747662836469
11.951,-1.7979794363112336,0.3942098617124753,-0.9916685374365655,0.052964886622057034,0.001644862259931855,0.10387765221162434,478,1,0.050261859446536855,-0.029878038802877076,-0.001460971142892918,-2.265071829770108e-05,-3.111487647906188e-05,0.004687501917666183
11.976,-1.7963159629343863,0.39426745694615484,-0.9884614875058935,0.10372639349469857,0.008488647123933338,0.15730873474767096,479,1,0.05029079557580298,-0.029737442459384623,-0.0014641364279133612,-2.28311745522577e-05,-3.081204970514443e-05,0.004689348005343271
12.001,-1.7927931166364988,0.39463429406867195,-0.983803100699182,0.18466236278072706,0.015387882160065364,0.2188233250965823,480,1,0.05032497187354137,-0.02973433218095249,-0.0014678307771795259,-2.2502756465254195e-05,-3.0273237352260194e-05,0.0046908562470522434
12.026,-1.7870828447953502,0.3950368510541581,-0.9775203212510646,0.27627719684720603,0.019420499886104448,0.286678215088441,481,1,0.05029978576421807,-0.029744134511011284,-0.0014718675890833413,-2.1997419423606194e-05,-2.9857145712677593e-05,0.004692546108625393
12.051,-1.7789792567941383,0.3956053190629772,-0.9694691899447598,0.36503348310258515,0.0291685750929889,0.36024790373623206,482,1,0.05024164130562369,-0.02981829432782316,-0.0014761022047815099,-2.1537752801305048e-05,-2.9747284417130792e-05,0.004694745251144041
12.076,-1.7688311706402207,0.39649527980880755,-0.9595079260642528,0.46787237773330714,0.038829510051826,0.43795156073004815,483,1,0.050280179027540436,-0.02982916027005952,-0.0014799208796322243,-2.1443237094086176e-05,-2.9257255844561995e-05,0.004696733700927592
12.101,-1.7555856379074726,0.3975467945655685,-0.9475716119082572,0.5769364230463337,0.04605834352835889,0.5190135224742076,484,1,0.05022103506087414,-0.02996375583463964,-0.001483952853657538,-2.090511844833618e-05,-2.885294330048997e-05,0.004699984540700186
12.126,-1.7399843494879046,0.39879819698522545,-0.933557249940543,0.6728109928666469,0.05626329895877089,0.6017969662291596,485,1,0.050225955638610514,-0.02997188833067906,-0.001488133793924976,-2.0878622410927867e-05,-2.8305733259330896e-05,0.004702742242404361
12.151,-1.721945088264141,0.400359959513507,-0.9174817635967998,0.7768860399722822,0.06368071421322251,0.6843783712632403,486,1,0.050296468346969055,-0.029940512487670223,-0.0014923579659243855,-2.1070615580931593e-05,-2.7699583056572777e-05,0.004705963847671958
12.176,-1.70114004748929,0.4019822326958866,-0.8993383313773805,0.8814019392786062,0.06636263596590547,0.7674312719411327,487,1,0.050281905840135935,-0.029945102054190063,-0.001496926909572149,-2.0694525952382997e-05,-2.7125653731677517e-05,0.004709828904171363
12.201,-1.67787499130021,0.4036780913118023,-0.8791101999997425,0.9782403241873044,0.07690830488645163,0.8493678418041796,488,1,0.05024365939392639,-0.029908712564607937,-0.0015010791339866369,-2.041566809381941e-05,-2.6643831200594104e-05,0.004712574596040925
12.226,-1.652228031279924,0.40582764794020926,-0.8568699392871709,1.0803137072738354,0.08500182002010374,0.9286594355242281,489,1,0.050295721961016907,-0.02991716556378802,-0.0015050783451583405,-2.016339984010334e-05,-2.6166664573100134e-05,0.004716010205327885
12.251,-1.6238593059365194,0.4079281823128074,-0.8326772282235321,1.177243893422942,0.08945806100270594,1.0048706700242374,490,1,0.05020951267249241,-0.02997807534907465,-0.0015091690561087048,-2.0013180695705116e-05,-2.621883888032395e-05,0.004720011310680312
12.276,-1.5933658366087782,0.41030055099034446,-0.8066264057859601,1.266080251966901,0.09768630875027079,1.0774916746834264,491,1,0.050199123164227644,-0.02998769311320618,-0.001512714994672556,-2.010805839879159e-05,-2.6326767894582917e-05,0.004724862780047968
12.301,-1.5605552933381734,0.41281249775032103,-0.7788026444893599,1.3575389039256465,0.10034957927949918,1.1461156298038604,492,1,0.05017153677165581,-0.03000236324607758,-0.001516186788186358,-2.032432022716374e-05,-2.6497052143855254e-05,0.004729410398756279
12.326,-1.5254888914124949,0.4153180299543195,-0.7493206242957662,1.4423631320121206,0.11105154048228269,1.2094069059610308,493,1,0.05009213469189774,-0.029987376943067332,-0.0015193988193662644,-2.027369447978252e-05,-2.683209052675825e-05,0.0047336818237468095
12.351,-1.4884371367375664,0.41836507477443524,-0.7183322991913076,1.5205200832764212,0.12342463817252944,1.2661559778405178,494,1,0.050158192865299364,-0.03001194148864573,-0.0015230113059128982,-2.007935922610861e-05,-2.6810186832067906e-05,0.004737707898033604
12.376,-1.4494628872486754,0.42148926186294583,-0.6860128254037419,1.6044127969400432,0.1256314354824566,1.317058040076057,495,1,0.05023122907177138,-0.029960508627970596,-0.0015268320386154792,-2.0122052860664374e-05,-2.6491040471938685e-05,0.0047441516265204365
12.401,-1.408216496890566,0.42464664654855794,-0.6524793971875061,1.688577702636012,0.13072246269717516,1.362183981320458,496,1,0.05021245346735889,-0.02994714660239566,-0.0015301884320498046,-2.0051394693923437e-05,-2.653413694813508e-05,0.00475122071621785
12.426,-1.3650340021168736,0.4280253849978047,-0.6179036263377182,1.7638768589857772,0.14178551872689923,1.3997993241293805,497,1,0.0502258552967193,-0.02993344095216424,-0.0015326375671630428,-1.9657470968566228e-05,-2.6461979930544474e-05,0.0047573923341301975
12.451,-1.3200226539412758,0.431735922484903,-0.5824894309810363,1.836514622878727,0.14842183857565427,1.429576282675826,498,1,0.05030901767625561,-0.02993668258034007,-0.0015344658371397254,-1.9221464269804954e-05,-2.6621765415858497e-05,0.004764072132876612
12.476,-1.273208270972936,0.4354464769265875,-0.5464248122039257,1.9148401817291036,0.1557510322559008,1.4524115179618444,499,1,0.050369248423821525,-0.029876150259235863,-0.0015362111117764724,-1.8901734922540034e-05,-2.6476404007205608e-05,0.004771642937904706
12.501,-1.2242806448548227,0.4395234740976979,-0.5098688550829457,1.9923957959106866,0.15895814079902487,1.4677516396883175,500,1,0.05040930693915328,-0.029953458397273446,-0.0015385106519085544,-1.8463606929471344e-05,-2.5961433245043927e-05,0.004777521158687876
12.526,-1.1735884811774038,0.4433943839665386,-0.47303723021951144,2.0551417848248894,0.1614521927791556,1.4745431256386579,501,1,0.05037552253107695,-0.029913122040394487,-0.0015409635014706755,-1.8495851953817682e-05,-2.5725061947542262e-05,0.004783443229300807
12.551,-1.1215235556135768,0.44759608373665577,-0.4361416988010115,2.1159260429133617,0.16896423911759031,1.4733670354321995,502,1,0.05044593835331342,-0.02989295075489397,-0.0015430883260051037,-1.8589401353855777e-05,-2.5209570444717672e-05,0.004791095987507174
12.576,-1.0677921790317342,0.4518425959224182,-0.3993688784479004,2.184228271399431,0.17107476947108435,1.4649707705837547,503,1,0.05041539294691487,-0.029927408969305642,-0.0015449842868933232,-1.837815691564752e-05,-2.4981492784918743e-05,0.0047990002811091345
12.601,-1.0123121420436036,0.4561498222102101,-0.36289316027182295,2.246467665319908,0.17681133744630917,1.4489021912949382,504,1,0.0503574218641603,-0.029949756825451056,-0.0015468056960287174,-1.8327749653285072e-05,-2.4929164647612335e-05,0.00480596915346214
12.626,-0.9554687957657412,0.4606831627947335,-0.32692376888315505,2.2575623191270924,0.17385789928697254,1.4247436254736583,505,1,0.05035896345959517,-0.029980255922457903,-0.0015481643197565818,-1.853252745604611e-05,-2.4611825444000768e-05,0.004811350466747591
12.651,-0.8994340260872514,0.46484271717455855,-0.2916559789981416,2.217148267342099,0.16937996268087543,1.3932569320258528,506,1,0.05029716509317206,-0.02992469880347227,-0.0015490184628729664,-1.872397297494106e-05,-2.441545533977055e-05,0.004817382183482432
12.676,-0.8446113823986346,0.4691521609287774,-0.25726092228186137,2.1565363474304937,0.16841251160972776,1.353904730421814,507,1,0.05029328729589473,-0.02995492005135023,-0.001548904567066891,-1.9004726564857452e-05,-2.384032841730493e-05,0.004822078336764439
12.701,-0.7916072087157252,0.47326334275504506,-0.22396074247704975,2.039075554218255,0.156066859183549,1.3071171685659513,508,1,0.050185123870282386,-0.030030675854903748,-0.0015485906318348215,-1.9081431888371873e-05,-2.3554256540934412e-05,0.004829822128774755
12.726,-0.7426576046877205,0.47695550388795493,-0.191905063853563,1.8956944600877739,0.1457973041182823,1.25423038266538,509,1,0.050273189523608375,-0.029932328250730673,-0.001548193921266367,-1.9738571454500155e-05,-2.326941507872631e-05,0.0048365587636687805
12.751,-0.6968224857113385,0.480553207960959,-0.161249223343782,1.773782951518743,0.14193437202554807,1.195523235241741,510,1,0.050377719670699594,-0.02989212076309661,-0.0015478300359099064,-2.0234144525474446e-05,-2.3086545711558562e-05,0.004842880393827158
12.776,-0.6539684571117852,0.4840522224892322,-0.1321289020914774,1.6452384230365136,0.131327166945067,1.1316417165640331,511,1,0.050499228782212274,-0.02989490476069046,-0.0015474079523725565,-2.0516932529038833e-05,-2.2961167180011858e-05,0.004849102250219084
12.801,-0.6145605645595117,0.48711956630821246,-0.10466713751557934,1.5081507172426585,0.12018510062373917,1.0630196406841224,512,1,0.05054449599385896,-0.029858642094939977,-0.0015465897922019452,-2.0608750797461376e-05,-2.2988959918807945e-05,0.004854573696475115
12.826,-0.5785609212496512,0.49006147752041923,-0.0789779200572704,1.362797199730837,0.10704454700939905,0.9896629389877668,513,1,0.050584020128078326,-0.0298778213826259,-0.0015450636886816863,-2.0978706275805436e-05,-2.2892653802992672e-05,0.004859773000967635
12.851,-0.5464207045729689,0.4924717936586825,-0.05518399056619044,1.2110257409390304,0.0966513506698728,0.9121861762114064,514,1,0.05063197621977604,-0.029794864444006083,-0.0015430275638235054,-2.1741571252114213e-05,-2.287294802527678e-05,0.004864428796051637
12.876,-0.518009634202701,0.49489404505391277,-0.03336861124670097,1.0634459648215504,0.08877522904832091,0.8318328991542323,515,1,0.050692675102972755,-0.029832598139599827,-0.0015408580352445815,-2.2323053116078708e-05,-2.265066473088694e-05,0.004869897592073125
12.901,-0.4932484063318925,0.49691055511109844,-0.013592345608479765,0.9289465789700514,0.0776158111199954,0.7500393849954783,516,1,0.05074015063439749,-0.029822546519243213,-0.0015387278649972146,-2.2987363698305805e-05,-2.2665160068543436e-05,0.00487525372319569
12.926,-0.47156230525419773,0.4987748356099126,0.004133358003073413,0.7999565536876361,0.06734506721415749,0.6681215934561628,517,1,0.050676572960211254,-0.029874671364365668,-0.0015372494961225058,-2.326720945867392e-05,-2.2672216842192337e-05,0.00488006301421775
12.951,-0.4532505786475101,0.5002778084718064,0.019813734064329028,0.6740336047053568,0.053864361386344664,0.5856437058613123,518,1,0.05068789652779096,-0.029869628846523163,-0.0015366213516415732,-2.3383723523451502e-05,-2.2444168585489675e-05,0.004880655507605732
12.976,-0.4378606250189294,0.5014680536792299,0.03341554329613953,0.5604748028704218,0.04599503935329361,0.502160243035334,519,1,0.050678706058980554,-0.029840019687123225,-0.0015367516307934418,-2.3355801964687325e-05,-2.2688312729505246e-05,0.0048815816237777025
13.001,-0.4252268385039896,0.502577560439471,0.04492174621609542,0.4498602170827722,0.039174845985362194,0.42145760150678957,520,1,0.050641236732669286,-0.029864817456487527,-0.0015376228158208633,-2.3143591222236433e-05,-2.2998037445268233e-05,0.004887268770179561
13.026,-0.4153676141647913,0.5034267959784979,0.05448842337147867,0.34006342020671393,0.0224611642308178,0.34507937929833377,521,1,0.0505898094999696,-0.029872074526173856,-0.0015393710155259556,-2.3232969825671425e-05,-2.3676075884475226e-05,0.00488959353668499
13.051,-0.4082236674936537,0.5037006186510119,0.06217571518101219,0.23208840167466052,0.013132268378901281,0.2725441141321877,522,1,0.05055793409572482,-0.029753183156539104,-0.0015422930740744843,-2.3589257313303156e-05,-2.4446931022418868e-05,0.0048916470834441455
13.076,-0.4037631940810581,0.504083409397443,0.06811562907808846,0.12731743846322627,0.013370009309108064,0.20521743285389846,523,1,0.0505542570074021,-0.02975997773780543,-0.0015462583081892662,-2.3499844191526284e-05,-2.4860204065229086e-05,0.004893311443663211
13.101,-0.4018577955704923,0.5043691191164673,0.07243658682370724,0.025281250768333634,0.006121427394743103,0.14528329891984582,524,1,0.05052060452232342,-0.029803174526248616,-0.0015506370128056503,-2.324586661878677e-05,-2.497739470133294e-05,0.004897851911800945
13.126,-0.40249913154264144,0.5043894807671802,0.07537979402408077,-0.06622552517834088,-0.0026091749289336996,0.09364726608650487,525,1,0.05050289996535193,-0.02982153088554886,-0.0015548171661691086,-2.3401293102839015e-05,-2.5066078914714976e-05,0.004898680149962761
13.151,-0.40516907182940926,0.5042386603700206,0.07711895012803248,-0.12666111052043003,-0.00814644842915146,0.05209732129330217,526,1,0.050598102668468946,-0.029824314350886883,-0.0015590135786751932,-2.3569809550457175e-05,-2.472665234971107e-05,0.00490257946615698
13.176,-0.40883218706866303,0.5039821583457226,0.07798466008874576,-0.16867387803163197,-0.01065842687590675,0.023148208498237847,527,1,0.050544938826004436,-0.02982255739765621,-0.0015624102544727519,-2.3721111578306997e-05,-2.4657678110650834e-05,0.004902869665165661
13.201,-0.413602765730991,0.5037057390262253,0.07827636055294442,-0.20134681852849215,-0.013128164035960212,0.006090838134813394,528,1,0.05053245755657421,-0.02984198866880811,-0.0015654903665014285,-2.381937702742263e-05,-2.4493927055696485e-05,0.004902042589714777
13.226,-0.4188995279950878,0.5033257501439246,0.07828920199548638,-0.21076363004754467,-0.009817018248852382,0.012479607172757578,529,1,0.05050006221399017,-0.02983688386667171,-0.0015687698121226938,-2.361029503203371e-05,-2.4041507891167087e-05,0.004902585357278299
13.251,-0.424140947233368,0.5032148881137827,0.07890034091158223,-0.20821995569467733,-0.010563377293158153,0.062484452476462504,530,1,0.050391311253449894,-0.029912364295613714,-0.0015719219505843517,-2.340497443410367e-05,-2.3969011445419445e-05,0.004902732083485894
13.276,-0.42931052577982143,0.5027975812792667,0.08141342461930928,-0.19048462491011614,0.004846008039041048,0.1614214864746332,531,1,0.05044647350070381,-0.029807559218850723,-0.0015753940040012903,-2.3439577605810048e-05,-2.3609039449356563e-05,0.004902807546590018
13.301,-0.4336651784788739,0.5034571885157347,0.08697141523531414,-0.1547905146309814,0.04374829859494937,0.3019084767093762,532,1,0.05047047854696755,-0.029869587040890305,-0.0015788585483215473,-2.3182567495718823e-05,-2.318244363150897e-05,0.0049061668184760794
13.326,-0.4370500515113706,0.5049849962090142,0.09650884845477821,-0.10262061165886759,0.09632485348087223,0.4741305132277884,533,1,0.05053431044070345,-0.029835651982900245,-0.001582609093784927,-2.315539242257202e-05,-2.2698175938820647e-05,0.004908695731551004
13.351,-0.4387962090618174,0.5082734311897784,0.11067794089670394,-0.04725884246364099,0.17862544591715926,0.670201396107034,534,1,0.050441707253342065,-0.029799255694778534,-0.0015859568895204553,-2.30679281273613e-05,-2.2226321454830274e-05,0.004914595263599871
13.376,-0.4394129936345526,0.5139162685048719,0.130018918260129,0.002768167858782148,0.27961564139024214,0.8827508970885766,535,1,0.050421509983900076,-0.02978144629059561,-0.0015888200948340181,-2.3148993889200672e-05,-2.1660319750631886e-05,0.0049190012663682245
13.401,-0.4386578006688783,0.5222542132592902,0.15481548575113172,0.044007977522186256,0.38600645932757366,1.1035273749588923,536,1,0.05035252136997569,-0.02979375263294576,-0.001591141016270933,-2.3107031010757815e-05,-2.1375564916082474e-05,0.0049219575219322815
13.426,-0.43721259475844326,0.5332165914712509,0.1851952870080743,0.08283351309635305,0.4873210486127563,1.3247037155006225,537,1,0.050427115834622,-0.02982159531281878,-0.0015933331150582003,-2.2931918712868626e-05,-2.0598007012613233e-05,0.0049240722825778455
13.451,-0.43451612501406056,0.5466202656899284,0.2210506715261637,0.12391880951100044,0.5923553318437285,1.5408724930812092,538,1,0.05039864931901002,-0.02978735669399841,-0.0015947210076879567,-2.2780759996260588e-05,-2.0390804003806192e-05,0.004929320115767941
13.476,-0.43101665428289315,0.5628343580634377,0.26223891166213587,0.15691254190453366,0.694814265847216,1.747310813362521,539,1,0.050392301238255104,-0.029851113635764415,-0.0015952529909529988,-2.230702386484059e-05,-2.0185497158171782e-05,0.004934565294881893
13.501,-0.42667049791883405,0.5813609789822884,0.30841621219428805,0.18807850620087674,0.7929543525720786,1.937784177526615,540,1,0.050388553729963675,-0.02984591283995941,-0.0015958388891069715,-2.1980144531367556e-05,-1.9770978825249727e-05,0.00494236068825911
13.526,-0.4216127289728495,0.6024820756920408,0.3591281205384646,0.21714126305861917,0.8913132685613319,2.109229398268863,541,1,0.05040531610160779,-0.029897463613980622,-0.0015969829342805193,-2.172080634410446e-05,-1.939809871858804e-05,0.004952420497330501
13.551,-0.41581343476590293,0.6259266424103557,0.41387768210773285,0.2514715287744038,0.9839713149297473,2.2589944499542227,542,1,0.05043172973449649,-0.02992605903887539,-0.001598436212091898,-2.1563561587180574e-05,-1.9020594045447874e-05,0.0049625727319705555
13.576,-0.40903915253412915,0.6516806414385289,0.47207784303617717,0.27894122043276065,1.07189021394434,2.382788714469239,543,1,0.05037472308096591,-0.02993164796047611,-0.001599806491465026,-2.1487704798158288e-05,-1.88990385152748e-05,0.004970592748945968
13.601,-0.4018663737442647,0.6795211531075734,0.5330171178311963,0.30179849662217184,1.161348984891908,2.4765290630018373,544,1,0.05043680053763848,-0.029897147214274042,-0.0016013921142679494,-2.1596418039437415e-05,-1.858011687571172e-05,0.004980036086851455
13.626,-0.3939492277030209,0.7097480906831231,0.5959042961862663,0.3277576612638825,1.2425302929307278,2.5401789240879777,545,1,0.050455355260772786,-0.029919089990308508,-0.0016026691781696402,-2.154594236203505e-05,-1.8571071295012238e-05,0.004991410415324632
13.651,-0.38547849068107093,0.7416476677541085,0.6600260640355926,0.34229720984010625,1.2979136071342572,2.5733077494458536,546,1,0.05045953786042113,-0.02993282292307722,-0.0016037357453499886,-2.1326290010627413e-05,-1.837133757210841e-05,0.005001153785483507
13.676,-0.3768343672110153,0.7746437710398368,0.7245696836585609,0.36368178002110935,1.3452961477834977,2.572642766263974,547,1,0.05053560065766639,-0.029943124341347924,-0.0016048433033752766,-2.155628523988772e-05,-1.8038541330526553e-05,0.005010214136773515
13.701,-0.3672944016800152,0.8089124751432843,0.7886582023487931,0.3803307834840077,1.387482462798917,2.5403206319689704,548,1,0.050469571946201726,-0.029876667155231074,-0.001605854890110727,-2.1815459921678633e-05,-1.8015636984726077e-05,0.005023199565850309
13.726,-0.35781782803681467,0.8440178941797837,0.851585715257011,0.37971790061777566,1.3852432536953259,2.4775820917759535,549,1,0.05046113054864263,-0.02993087426383129,-0.001606568703012376,-2.1636858651340328e-05,-1.7804990327170317e-05,0.005033009558454833
13.751,-0.3483085066491268,0.8781746378280492,0.9125373069375882,0.37223855974095293,1.348442265233549,2.3831122859927563,550,1,0.05041636754945121,-0.029889612523778725,-0.0016078199645357572,-2.1646811528936792e-05,-1.7665281755205865e-05,0.005043245267693213
13.776,-0.3392059000497674,0.9114400074414597,0.970741329556646,0.36341795751816214,1.3000070269202595,2.2599997516521455,551,1,0.05045033203588117,-0.029859222424559528,-0.0016097925604248527,-2.173581329645112e-05,-1.7355643929506294e-05,0.005054022700342442
13.801,-0.33013760877321846,0.9431749891740631,1.0255372945201968,0.3492708685507357,1.2305946196782271,2.112081841380414,552,1,0.05041109806745836,-0.02973376045859383,-0.0016117595468461568,-2.1701572503913804e-05,-1.7016319443887593e-05,0.005063671295731376
13.826,-0.3217423566222304,0.9729697384253719,1.0763454216256685,0.30593653114250785,1.1394769457025615,1.9404485843408539,553,1,0.050359150436215895,-0.02970081827309511,-0.0016137033696910935,-2.1441818416214122e-05,-1.6546902018963067e-05,0.005070264678126111
13.851,-0.31484078221609285,1.000148836459192,1.122559723737241,0.26745019485486815,1.0298019288670044,1.7488358339692684,554,1,0.05049544653533157,-0.029836065204947946,-0.0016152186465223496,-2.1219218970552297e-05,-1.5422576932730782e-05,0.005079113361814302
13.876,-0.30836984687948726,1.024459834868721,1.1637872133241303,0.24035200030540452,0.9139659559778907,1.5422581558478017,555,1,0.05053827732516707,-0.02985702014388968,-0.0016164423252934895,-2.1444676662555513e-05,-1.458538119369414e-05,0.0050865872865301556
13.901,-0.3028231822008229,1.0458471342580855,1.1996726315296293,0.20938666282678967,0.7891453213139131,1.326103414680072,556,1,0.050573083015603475,-0.02991746319284979,-0.0016171900461584125,-2.1805076282897915e-05,-1.3724528574588415e-05,0.005094955760586538
13.926,-0.29790051373814763,1.0639171009344173,1.2300923840581348,0.17721072118858064,0.6559356434600523,1.1051353244923077,557,1,0.05056175573077426,-0.02987820872144715,-0.0016176760830787483,-2.2254453471293157e-05,-1.3115477313303088e-05,0.005098852278920212
13.951,-0.2939626461413937,1.0786439164310886,1.2549293977542455,0.138877328372389,0.5205542795585952,0.8843741037433491,558,1,0.05056030111389712,-0.029864952870656207,-0.0016185850060312968,-2.2257493834002144e-05,-1.2502403839300462e-05,0.005103063142917641
13.976,-0.2909566473195281,1.0899448149123474,1.274311089245303,0.10410690677665868,0.39184096745358,0.6733030040462183,559,1,0.05059991864428897,-0.02983638023666432,-0.001620026335132714,-2.2072854141848177e-05,-1.203539232949053e-05,0.005109858598719016
14.001,-0.2887573008025609,1.0982359648037672,1.288594547956556,0.06571293865972357,0.2651609558158764,0.4774420266372927,560,1,0.05057875550126927,-0.02983118246852068,-0.0016218308238488428,-2.1810571860301056e-05,-1.1703514700298347e-05,0.00511015193309961
14.026,-0.287671000386542,1.103202862703141,1.298183190577167,0.03440353517439494,0.13493906788363738,0.30377206724048655,561,1,0.050650531565180436,-0.029874374508022515,-0.001624498739470641,-2.1719013272202246e-05,-1.1029292073291316e-05,0.005112041689369904
14.051,-0.28703712404384113,1.1049829181979491,1.3037831513185802,0.0014366893775618968,0.019204659532894023,0.161801363464693,562,1,0.05070232867315616,-0.02977430462591723,-0.0016284254054355833,-2.1899555685589077e-05,-1.0720206585194029e-05,0.00511335264508741
14.076,-0.2875991659176639,1.1041630956797857,1.3062732587504018,-0.024441641224126273,-0.0796569433009153,0.0619724307802807,563,1,0.0507158055624542,-0.02986612521374788,-0.0016330494140295733,-2.1449906783104893e-05,-1.0274406532522105e-05,0.005117857848468066
14.101,-0.28825920610504746,1.1010000710329033,1.3068817728575943,-0.03838773645139375,-0.16276020264422444,0.009722614669476421,564,1,0.05063812849753671,-0.0297709806804031,-0.001638143777118063,-2.125461472918449e-05,-1.0468143570528433e-05,0.005118737952186064
14.126,-0.2895185527402335,1.0960250855475746,1.3067593894838756,-0.061683470362301686,-0.21322839002303706,-0.022027312513719834,565,1,0.050622756602691235,-0.029718584141680097,-0.001643761458328553,-2.1110607805431476e-05,-1.030511602177546e-05,0.005124160947977039
14.151,-0.2913433796231625,1.0903386515317517,1.3057804072319084,-0.0659407868652852,-0.23130295287987607,-0.08100963583536176,566,1,0.05059165147099843,-0.029820479646826572,-0.0016501762906414716,-2.038453820554768e-05,-1.0163107055457404e-05,0.005125790910841133
14.176,-0.29281559208349783,1.0844599379035806,1.3027089076921075,-0.04316956974142078,-0.22484638647141023,-0.18382516746985283,567,1,0.05058065459739186,-0.02986322739845161,-0.0016566327090673525,-2.003121480176657e-05,-1.0101561264243409e-05,0.005128514011596082
14.201,-0.29350185811023355,1.079096332208181,1.2965891488584156,0.008819917360863724,-0.20465313176097386,-0.32168568843550893,568,1,0.05059688835165952,-0.029916061320720496,-0.0016618397079252974,-1.9710487097373334e-05,-1.0360820309777383e-05,0.005128881189442964
14.226,-0.29237459621545464,1.0742272813155318,1.2866246232703318,0.08553016522813665,-0.17425385079037276,-0.4873294464222348,569,1,0.05065886850685779,-0.02982454369627232,-0.00166529277653179,-1.983769649950855e-05,-1.0556976010868195e-05,0.005128354699415444
14.251,-0.2892253498488268,1.0703836396686626,1.2722226765373044,0.18263603006828222,-0.13277474084126,-0.6739260985664651,570,1,0.050683260734647885,-0.029814899984072166,-0.0016673896615411836,-1.9629830723571168e-05,-1.1018613770510233e-05,0.005125487685399041
14.276,-0.2832427947120407,1.067588544273469,1.2529283183420095,0.30024032317268484,-0.10221070587729329,-0.874918536279937,571,1,0.05062799597212123,-0.029742852076310857,-0.0016678391402550382,-1.952329555642718e-05,-1.166567310177359e-05,0.005123103871219323
14.301,-0.27421333369019235,1.0652731043747978,1.2284767497233071,0.4008584274325609,-0.0756598657634278,-1.0824020736991382,572,1,0.05062121124595288,-0.029583190603062155,-0.0016670442106206788,-1.9523734798879928e-05,-1.2542191362979102e-05,0.005119961963093981
14.326,-0.2631998733404124,1.0638055509852975,1.198808214657052,0.5024524285906541,-0.0536003173958647,-1.2930714800775338,573,1,0.050578438073992836,-0.029745927049349703,-0.0016652185639213306,-1.8718420331437163e-05,-1.3429179684648533e-05,0.005113029602959836
14.351,-0.2490907122606593,1.0625930885050046,1.1638231757194295,0.611121388973824,-0.04298980940665589,-1.5002351832958158,574,1,0.05054761152625787,-0.02974591510932788,-0.0016630215786865759,-1.8412504567466377e-05,-1.418382262110047e-05,0.005111818407739284
14.376,-0.23264380389172185,1.0616560605149648,1.1237964554922628,0.718883523155198,-0.031941092290167075,-1.6980796220428658,575,1,0.050546175947615936,-0.02985972734907438,-0.0016609197951372144,-1.8062676565476743e-05,-1.484390934695163e-05,0.005105097268161904
14.401,-0.21314653610290016,1.0609960338904962,1.0789191946172878,0.828807453999214,-0.026221150539087097,-1.8847321998289066,576,1,0.05048934261115747,-0.029814567630706265,-0.0016596012371799611,-1.8190173202644732e-05,-1.539250853683349e-05,0.00509939251038872
14.426,-0.19120343119176056,1.0603450029880104,1.0295598455008161,0.9248340102094545,-0.02029832650697976,-2.05550989412919,577,1,0.05048943979968008,-0.02979502763112195,-0.0016588566367205155,-1.8339280976860697e-05,-1.585814172378192e-05,0.005091518425979202
14.451,-0.16690483559242678,1.0599811175651472,0.9761436999108271,1.024166236039151,-0.012746475965226087,-2.2067694479766726,578,1,0.05045777096346862,-0.029837406788941943,-0.0016580909636988543,-1.8516193292529616e-05,-1.630454638175309e-05,0.005085150029020914
14.476,-0.13999511938980227,1.059707679189749,0.9192213731019809,1.1267944220013084,-0.012886952852775576,-2.3351769018542665,579,1,0.050420146657865456,-0.029810071194926988,-0.00165765588665859,-1.8854998025340294e-05,-1.654908874379416e-05,0.005077408614677836
14.501,-0.11056511449236256,1.0593367699225085,0.8593848548181162,1.2217131732516626,-0.007517601593334416,-2.4391848638800515,580,1,0.0504229990659527,-0.029711936349396645,-0.0016576483442872069,-1.9398932933792105e-05,-1.6523015616624084e-05,0.005069657832535824
14.526,-0.07890946072722045,1.0593317991100824,0.797262129907981,1.3096972076210875,-0.003962533968442316,-2.517424619015251,581,1,0.05036344784769254,-0.029692941273589735,-0.0016573908328967797,-1.9683750098937093e-05,-1.662153987705001e-05,0.005060939048408968
14.551,-0.045080254111307255,1.0591386432240864,0.7335136238673521,1.3923803395066108,-0.003915379015917375,-2.56709457230114,582,1,0.05038127655877304,-0.029646077754535625,-0.0016569632731731551,-1.965096377044371e-05,-1.658899231488998e-05,0.005053173130517276
14.576,-0.009290443751888925,1.0591360301592865,0.6689074012929224,1.4668923416646467,-0.0013486526373629269,-2.5882236855456218,583,1,0.05037094840100407,-0.029640388825977696,-0.0016568536484339105,-1.957978722946234e-05,-1.6377722636605414e-05,0.005044558174108266
14.601,0.028264362971926124,1.0590712105922182,0.6041024395900692,1.5371087643710437,-0.0031970666404258067,-2.5813188130737714,584,1,0.05040365463602443,-0.02965322361729168,-0.0016573321655772497,-1.9306759878460262e-05,-1.6305728846936547e-05,0.005035989913088099
14.626,0.06756499446666163,1.0589761768272652,0.5398414606392367,1.58685537163401,-0.0004785049966127377,-2.5456158583455055,585,1,0.05045636224765065,-0.02966857793605895,-0.0016581661523442327,-1.9328611943980012e-05,-1.582920451742971e-05,0.005027352828650468
14.651,0.10760713155362493,1.0590472853423876,0.47682164667279653,1.6124355405777686,0.002724187799021355,-2.4812567284462443,586,1,0.05056134634302236,-0.029863419966351456,-0.0016588196978407574,-1.897000428210149e-05,-1.5577157389672147e-05,0.005021007681752923
14.676,0.1481867714955512,1.0591123862172163,0.4157786242169229,1.6082645454826245,-0.00032371915857253947,-2.3893080882146407,587,1,0.05060600172305488,-0.029929698464860002,-0.0016597318514121116,-1.9006634492299057e-05,-1.535405209384003e-05,0.005011987839156471
14.701,0.1880203588277573,1.059031099384459,0.35735624226206275,1.5504010733209035,-0.0011340949685667407,-2.272034059740754,588,1,0.05065092215709067,-0.029918817689348533,-0.0016605314897881064,-1.9100063990508208e-05,-1.525697264145388e-05,0.005004069112822956
14.726,0.22570682516159749,1.059055681468788,0.30217692122988377,1.4584970168179423,0.004210311987562588,-2.1315292926393523,589,1,0.05067540725230175,-0.029943317330605842,-0.001660443894720841,-1.89749258710763e-05,-1.5269940349894803e-05,0.00499634503880279
14.751,0.26094520966865287,1.059241614983837,0.25077977763009746,1.3274501381559811,0.0030419816599414713,-1.9702211360124509,590,1,0.05054452888649507,-0.029885901574897997,-0.0016601035203067562,-1.9320814270620438e-05,-1.5389241110364148e-05,0.004988560180629589
14.776,0.2920793320693951,1.059207780551785,0.20366586442926354,1.1724852930701746,-0.00248248651176116,-1.7907396347255056,591,1,0.05054876540487979,-0.029866980162102708,-0.0016599854186187433,-1.9475589662314604e-05,-1.5068748187011022e-05,0.004981349770428596
14.801,0.31956947432216243,1.059117490658249,0.16124279589382096,1.0291080591336652,-0.003232969707407339,-1.5970551705470766,592,1,0.05052415717216111,-0.029814055315637782,-0.0016608832770505634,-1.9471936608850912e-05,-1.4857215733776157e-05,0.00497279164571058
14.826,0.3435347350260791,1.0590461320664146,0.1238131059019085,0.8724212234772797,-0.0028172880341114804,-1.3942462340113673,593,1,0.050450879206542586,-0.02975115008438829,-0.0016627052176432723,-1.9856705580585824e-05,-1.4417906816960777e-05,0.004965770148050575
14.851,0.36319053549602703,1.0589766262565434,0.09153048419325169,0.7320327698975438,-0.0026083557328960283,-1.1852115945641093,594,1,0.05056565514906933,-0.029799359048030504,-0.0016647668703460437,-1.9717353664956703e-05,-1.3530292721148343e-05,0.004962002185167499
14.876,0.38013637352095553,1.0589157142797698,0.06455252617370422,0.6046651499351947,-0.001289552586767356,-0.9748957509368713,595,1,0.05044618272762912,-0.02973920368700208,-0.0016676182141080057,-2.008997117085894e-05,-1.2959434307939309e-05,0.004956719625145739
14.901,0.3934237929927861,1.058912148627205,0.042785696646409174,0.45647345594508354,0.005118170568354435,-0.7705111982826175,596,1,0.05039760200668672,-0.02973103096472098,-0.0016713424324526181,-2.0175012415775746e-05,-1.2631238405716077e-05,0.0049529469544619805
14.926,0.40296004631821003,1.0591716228081876,0.026026966259572876,0.31844030290802616,0.00793810984904819,-0.5762330275338285,597,1,0.05044845991847481,-0.029837802891579418,-0.0016756683025785865,-1.9980185095900746e-05,-1.2302989430462812e-05,0.004951657886531498
14.951,0.40934580813818766,1.0593090541196575,0.013974045269717373,0.1930173467145119,-0.0004562035166344393,-0.39848703089270787,598,1,0.05047187323494423,-0.02987481102342432,-0.0016805124821598287,-1.9911192904359038e-05,-1.1995709721729377e-05,0.004948404889085423
14.976,0.41261091365393576,1.0591488126323558,0.006102614714937354,0.06995726231105708,-0.006353749598844296,-0.2447579003869168,599,1,0.05049202397341421,-0.029803560583044866,-0.001685206536580721,-2.0045284566441133e-05,-1.1717162149038408e-05,0.004944912047662778
15.001,0.41284367125374044,1.0589913666397153,0.0017361502503716224,-0.05252693313142932,-0.00267152155623679,-0.12383930367432947,600,1,0.05048536446466032,-0.029738083280148486,-0.00168941236155067,-2.008633491596601e-05,-1.1529537750200303e-05,0.0049402603665710115
15.026,0.40998456699736435,1.059015236554544,-8.93504687788355e-05,-0.16623987148680616,-0.002073078855699932,-0.04279388772257359,601,1,0.05053133731736058,-0.029746445221264812,-0.0016932597329419674,-2.0085143910920698e-05,-1.1234626029000877e-05,0.004938155455454748
15.051,0.4045316776794,1.0588877126969303,-0.0004035441357569684,-0.24355132172178648,0.0012600226885028751,-0.00623944964888592,602,1,0.050606604860900344,-0.029706508878102417,-0.0016963912378847063,-2.0104032148324282e-05,-1.1020904420171956e-05,0.004935375373504912
15.076,0.39780700091127486,1.0590782376889691,-0.00040132295122317853,-0.29377744613672846,0.00801677865145389,-0.0011198748422369517,603,1,0.0505176363257192,-0.02976154766727274,-0.0016984647193030666,-1.9832157886726367e-05,-1.1264353455970055e-05,0.004934792368014581
15.101,0.3898428053725634,1.059288551629503,-0.00045953787786886705,-0.3277005596933228,0.004657196989130795,-0.0035459404683991424,604,1,0.050504745489951666,-0.02981931381885363,-0.0016995640404662015,-1.959670501834998e-05,-1.1335882372576539e-05,0.004935635838335975
15.126,0.38142197292660907,1.0593110975384257,-0.0005786199746429685,-0.3010798125251566,-0.003956305692236568,-0.007561918758121228,605,1,0.050645047799874,-0.02982983259797395,-0.0017006265647166161,-1.9496317339054415e-05,-1.1105307511402796e-05,0.004934310480063908
15.151,0.3747888147463059,1.0590907363448911,-0.0008376338157748958,-0.22703950536186135,-0.01545320897627689,-0.013570948280019287,606,1,0.05055995776709375,-0.02979660482006738,-0.001701643475538144,-1.9531669281866446e-05,-1.1337317957015761e-05,0.004931989230082018
15.176,0.37006999765851584,1.0585384370896118,-0.0012571673886439105,-0.13264622542327553,-0.025463112368959345,-0.021864421932295784,607,1,0.05053195476851279,-0.029740505791293153,-0.0017035037005597544,-1.9278391853215292e-05,-1.1433624192737345e-05,0.004928539604194737
15.201,0.368156503475142,1.0578175807264432,-0.0019308549123898677,-0.018783025343000758,-0.03519688253809278,-0.03232555087699883,608,1,0.05045565039206543,-0.029753500030799192,-0.0017063012235595631,-1.901734632750029e-05,-1.1619304660673354e-05,0.004927293747479245
15.226,0.3691308463913658,1.0567785929627072,-0.0028734449324937447,0.09956656664340303,-0.05433431771023072,-0.043034556283601894,609,1,0.050410776275588286,-0.02981553494494985,-0.001709744930366135,-1.8669469238464833e-05,-1.1630462365631593e-05,0.004928268931604283
15.251,0.37313483180731205,1.0551008648409317,-0.004082582726570019,0.21343682288606403,-0.08182129412752379,-0.0539929071852641,610,1,0.050340572411016096,-0.02984030081114837,-0.001713143579845532,-1.8177813116505075e-05,-1.1582747263047934e-05,0.0049278032682981325
15.276,0.37980268753566876,1.052687528256331,-0.0055730902917569825,0.3213130531045082,-0.10905958185135689,-0.06575262704639946,611,1,0.050324031275269486,-0.029818869245246214,-0.0017168329571974293,-1.7745917572948063e-05,-1.1670540604600965e-05,0.004927036395027743
15.301,0.3892004844625377,1.0496478857483638,-0.0073702140788900194,0.42938112952271623,-0.1368037764576105,-0.07796980555145328,612,1,0.050322597554819,-0.029809940835299566,-0.0017207511391388436,-1.742858010284969e-05,-1.1566485474158214e-05,0.004924856927535166
15.326,0.4012717440118049,1.0458473394334504,-0.009471580569329658,0.5380660149719153,-0.16563586660242477,-0.09119983381722689,613,1,0.05032694117782747,-0.02977743578095647,-0.00172470380191719,-1.7236982320340483e-05,-1.1324420742107692e-05,0.004922274497302468
15.351,0.41610378521113384,1.0413660924182424,-0.011930205769751245,0.6448078386427485,-0.18917100378818621,-0.10564151153806603,614,1,0.05028752466947936,-0.029753875582621308,-0.00172851511346771,-1.7056074632624923e-05,-1.1307992575805353e-05,0.004920665936731395
15.376,0.4335121359439416,1.0363887892440413,-0.014753656146233005,0.7428319313552293,-0.21345387537867755,-0.12001351792047898,615,1,0.05024936126700666,-0.02979817147980693,-0.001731993127548633,-1.6695655681631035e-05,-1.1445605723583033e-05,0.004918816861049699
15.401,0.4532453817788945,1.0306933986493088,-0.017930881665775035,0.8387238221762919,-0.2434385796241055,-0.1347911181716713,616,1,0.05026337273952662,-0.029824447548121347,-0.001735161698468207,-1.6406405292808634e-05,-1.1567569773451047e-05,0.004916885515811095
15.426,0.4754483270527568,1.0242168602628359,-0.021493212054816486,0.9376446045958553,-0.2722385687670764,-0.1491823795547621,617,1,0.05026157975630332,-0.029814264675850646,-0.0017385743504735815,-1.6226703579118313e-05,-1.1636985315330643e-05,0.004916786278101956
15.451,0.5001276120086879,1.0170814702109547,-0.025390000643513308,1.0307337604983988,-0.29960829569484665,-0.1632993504311363,618,1,0.0502274812209794,-0.02980758981017652,-0.0017427832733545273,-1.5978171518279602e-05,-1.1406856377651283e-05,0.00491501245195821
15.476,0.5269850150776775,1.0092364454780933,-0.029658179576373258,1.1137417351636596,-0.32950637316280934,-0.17774669812163627,619,1,0.05023530738549497,-0.02978074949466793,-0.0017471370839879043,-1.5740870652910175e-05,-1.1214256417564715e-05,0.004914218919441379
15.501,0.5558146987668697,1.0006061515528146,-0.03427733554959506,1.199912813405949,-0.35313217425682364,-0.19121346984234808,620,1,0.05032133431215586,-0.02970890281234441,-0.0017512736841189718,-1.5470857934119258e-05,-1.0994263861926242e-05,0.004914062631961869
15.526,0.5869806557479736,0.9915798367652525,-0.03921885306849033,1.2937767527167858,-0.3731488925043971,-0.20410333214559692,621,1,0.050354956719500805,-0.02971981294441646,-0.0017550283046959135,-1.4963529749301989e-05,-1.0568039716713809e-05,0.0049122961360187276
15.551,0.6205035364027099,0.9819487069275945,-0.044482502156875145,1.3753576382308612,-0.3992776273231079,-0.21728841165450288,622,1,0.05032028153173204,-0.02973132938849479,-0.0017585853045179673,-1.4438041321211697e-05,-1.0141122300280848e-05,0.004908650649228481
15.576,0.6557485376595177,0.9716159553990968,-0.05008327365121552,1.4563251582110663,-0.42212291757333387,-0.22948605700156785,623,1,0.050396218037311154,-0.029705360116928866,-0.0017616993376547059,-1.4147395787666904e-05,-9.655164534854611e-06,0.004907799408466215
15.601,0.6933197943132643,0.9608425610489275,-0.055956805006953804,1.5409672092806943,-0.4397871521281043,-0.24094422659234185,624,1,0.05037571461817309,-0.029728011827615614,-0.0017645245211509624,-1.3942151014953258e-05,-9.361511011001576e-06,0.004904724289397279
15.626,0.7327968981235508,0.9496265977926921,-0.062130484980832575,1.6120730032809016,-0.4640020382538489,-0.25226885151952244,625,1,0.05038219688900482,-0.029783410684853337,-0.0017673218583277263,-1.3626874596610244e-05,-8.903087988026798e-06,0.004901614887214452
15.651,0.7739234444773077,0.9376424591362356,-0.06857024758292972,1.6892960966203212,-0.4894196843980955,-0.26253156798385985,626,1,0.05046941426393396,-0.029760825677896386,-0.0017703315209902227,-1.338928523375093e-05,-8.337252367481672e-06,0.004898988615582573
15.676,0.817261702954568,0.925155613572787,-0.07525706338002597,1.775693215972435,-0.5119996566230405,-0.2717473354154937,627,1,0.05044772177025626,-0.029756482767753157,-0.0017740230500212144,-1.3333406231904732e-05,-8.111882391118353e-06,0.004897145755074415
15.701,0.8627081052759307,0.9120424763050832,-0.08215761435370446,1.8496410436760784,-0.529500959327668,-0.28027007632344825,628,1,0.05034839303368413,-0.029725790139419353,-0.0017782831076435192,-1.3471215124540164e-05,-8.34034319340218e-06,0.004894802979796518
15.726,0.9097437551383732,0.8986805656064032,-0.08927056719619873,1.9149696193530406,-0.5471498973493688,-0.2885124732556194,629,1,0.05032692887737586,-0.029778580507941327,-0.0017826438141387926,-1.332912345974511e-05,-8.37629938009741e-06,0.004892584699067419
15.751,0.9584565862435807,0.8846849814376153,-0.09658323801648512,1.987974209324457,-0.568568142143998,-0.29474616872277,630,1,0.05032851932824384,-0.029780556801338565,-0.0017868138063010135,-1.3330336593492105e-05,-8.170895967947003e-06,0.004890376649914797
15.776,1.009142465604594,0.8702521584992039,-0.10400787563233707,2.053940828854403,-0.5887936006669131,-0.3002182816244538,631,1,0.050251773870609584,-0.029800828050847557,-0.001790426973236381,-1.3313692482519837e-05,-8.128570074623264e-06,0.004887261081245343
15.801,1.0611536276863023,0.8552453014042692,-0.11159415209770793,2.1201855330518002,-0.6115367142453001,-0.3054306902107352,632,1,0.050284572673615406,-0.029782989815610204,-0.0017927060749327686,-1.368290649799745e-05,-8.058447347557369e-06,0.0048852162752466175
15.826,1.1151517422571855,0.8396753227869385,-0.11927941014287416,2.182178530739405,-0.6292513511537344,-0.30865506370065804,633,1,0.05020271432423903,-0.02974635036623042,-0.0017934980758061037,-1.3993595742842381e-05,-8.344818572573089e-06,0.0048829859278147385
15.851,1.170262554223274,0.8237827338465821,-0.12702690528274108,2.2373318099432935,-0.640704446400853,-0.3107593498215588,634,1,0.050275610233891536,-0.02974381981058699,-0.001793162515387992,-1.4146538960418117e-05,-8.143128861159576e-06,0.004880588847944874
15.876,1.2270183327543478,0.8076401004668965,-0.1348173776339516,2.301069513855327,-0.6543976091182742,-0.31218716831020066,635,1,0.050313473973169834,-0.02979960506621401,-0.0017921101830430245,-1.4138382451790517e-05,-7.990405549903265e-06,0.00487736636939058
15.901,1.285316029916038,0.7910628533906691,-0.1426362636982509,2.361103519910716,-0.6764520859710635,-0.3125490380763951,636,1,0.05033455788367704,-0.029845725012303728,-0.0017901994670826466,-1.4131421569449931e-05,-7.783357907689822e-06,0.004874892826888943
15.926,1.3450735087498853,0.7738174961683428,-0.15044482953777172,2.425854669289148,-0.6969439205030893,-0.31120042270530224,637,1,0.050348283902016185,-0.029810715586429185,-0.0017871077454439262,-1.4129408714578012e-05,-7.643024120044732e-06,0.004872698595094089
15.951,1.4066087633804971,0.7562156573655141,-0.15819628483351628,2.4856937557648573,-0.7102892481587096,-0.3089487559717475,638,1,0.05025937163984047,-0.029805409081404763,-0.0017836056889985687,-1.417155093952153e-05,-7.697588321369107e-06,0.0048684618587305035
15.976,1.46935819653813,0.7383030337604068,-0.16589226733635937,2.541552282990249,-0.726135820877268,-0.3060535815232913,639,1,0.050241294219544305,-0.02982187251126728,-0.0017799989778850434,-1.3925544411797823e-05,-7.682640546262277e-06,0.00486575587176014
16.001,1.5336863775300114,0.7199088663216502,-0.17349896390968106,2.5923822519700286,-0.7399734620073175,-0.30183990897839164,640,1,0.050155639935021715,-0.029817605204010483,-0.0017771110248980058,-1.3982853910246204e-05,-7.609610056553554e-06,0.004863197854146542
16.026,1.5989773091366286,0.7013043606600418,-0.18098426278527882,2.615016579249214,-0.7462720377086909,-0.29677364669883044,641,1,0.05009984371926124,-0.029837601949913976,-0.001774856696084834,-1.386454984251554e-05,-7.686065355122793e-06,0.00486040363231319
16.051,1.6644372064924646,0.6825952644362178,-0.18833764624462193,2.606466814376381,-0.7411413213037182,-0.28976608970072293,642,1,0.05012461874056067,-0.029852976300556246,-0.0017730025063307086,-1.3910129816421319e-05,-7.592540800887919e-06,0.004857844395475178
16.076,1.7293006498554495,0.6642472945948553,-0.19547256727031534,2.542299399257501,-0.7235887268080962,-0.282485038039622,643,1,0.05013704254416559,-0.029920367248967895,-0.0017718059672669107,-1.372857736335865e-05,-7.576305378658407e-06,0.004852431708440356
16.101,1.7915521764553415,0.6464158280958124,-0.2024618981466034,2.441502809772956,-0.7010504280924745,-0.27518481500792336,644,1,0.0502611459112954,-0.02993006293608218,-0.0017711271853584744,-1.351652044811668e-05,-7.408354555105462e-06,0.004850871073690441
16.126,1.851375790344099,0.6291947731902311,-0.20923180802071178,2.3196159707884183,-0.6722946353107455,-0.2663635133275706,645,1,0.05029309184391473,-0.02990667298789583,-0.0017711328798941327,-1.3325052864261387e-05,-7.5680153172985094e-06,0.004849487829990572
16.151,1.907532974994764,0.6128010963302747,-0.21578007381298214,2.1677114572417,-0.6180991989880797,-0.25556300868688664,646,1,0.05033211783530898,-0.029828388748114807,-0.0017710201031325029,-1.3330116466535038e-05,-7.4813306042402265e-06,0.004848928543114083
16.176,1.9597613632061779,0.5982898132408289,-0.2220099584550552,2.0038848622486976,-0.5648534047470264,-0.24432455925066252,647,1,0.050330279991606136,-0.029972185003926923,-0.0017703936604664026,-1.2650891034540479e-05,-7.604296785821364e-06,0.004843886987316141
16.201,2.0077272181072003,0.584558426092923,-0.22799630177551555,1.8346220159241085,-0.5290817664646066,-0.2331422157597152,648,1,0.05037176274186596,-0.02997947652831142,-0.0017695594853202774,-1.2205653648037138e-05,-7.607823465530658e-06,0.004841536620613664
16.226,2.0514924640023846,0.5718357249175982,-0.23366706924304131,1.6885383597872954,-0.48961622080851946,-0.22084664521107597,649,1,0.050490959618694424,-0.029938558162854248,-0.0017690800796094255,-1.189009674478908e-05,-7.319297626259856e-06,0.004837980579877003
16.251,2.0921541360965663,0.5600776150524966,-0.23903863403606962,1.5655054116207312,-0.4510181156987894,-0.2079286161501474,650,1,0.050515364426857855,-0.02991804940900716,-0.0017690134081181194,-1.1498541266766192e-05,-7.246749199515835e-06,0.004835897328899455
16.276,2.1297677345834223,0.5492848191326584,-0.244063500050549,1.4436898898731276,-0.41924714273481706,-0.19426705874828304,651,1,0.05055459358485414,-0.02992793846446956,-0.0017695763221737295,-1.1203591157336684e-05,-6.9733657777016235e-06,0.004831911883755155
16.301,2.1643386305902186,0.539115257915757,-0.24875198697348305,1.335363135637041,-0.3881914207838289,-0.18083212370795207,652,1,0.05061435500264269,-0.029871079266631972,-0.0017703087831259293,-1.119810883647673e-05,-6.582347000960488e-06,0.004828878538719348
16.326,2.1965358913652753,0.5298752480934666,-0.2531051062359466,1.2295937253564484,-0.3597092800528172,-0.1668723062059095,653,1,0.05056592977424335,-0.029885726196127546,-0.0017710517804108777,-1.0798499009928211e-05,-6.559348126016882e-06,0.004826728405903191
16.351,2.225818316858042,0.5211297939131159,-0.2570956022837785,1.1095414369530785,-0.32578297714125776,-0.15307216015355568,654,1,0.05055903779256986,-0.02980779104776488,-0.0017717051923097319,-1.052835353338382e-05,-6.6138002704436035e-06,0.004823443714807481
16.376,2.25201296321293,0.5135860992364035,-0.26075871424362457,0.9894039460479879,-0.283724716966867,-0.1388157178233376,655,1,0.050624145756234924,-0.029829622563883443,-0.001772723618502837,-9.961855648163234e-06,-6.5484308851770654e-06,0.004821987207821869
16.401,2.275288514160442,0.5069435580647723,-0.26403638817494557,0.8688250403890635,-0.25125322158470503,-0.12401169887808189,656,1,0.05062467482938976,-0.02986040456045669,-0.0017739621252700333,-9.117295039961501e-06,-6.7139093239713505e-06,0.004819187472758302
16.426,2.2954542152323807,0.501023438157169,-0.2669592991875283,0.7442132463661882,-0.20903173108353248,-0.11030259225708171,657,1,0.05060954534800752,-0.02983884543795835,-0.0017755097634908996,-8.784119971545427e-06,-7.021248805672785e-06,0.004817310458291912
16.451,2.312499176478752,0.49649197151059554,-0.2695515177877996,0.6224086101586579,-0.1737401579234685,-0.09633158053443976,658,1,0.05065090546328169,-0.029951206664760942,-0.0017774885920535386,-8.339059862718297e-06,-6.98441544663239e-06,0.0048158750526577365
16.476,2.326574645740314,0.49233643026099544,-0.2717758782142505,0.5124604222727063,-0.14940487500179078,-0.08218490081998259,659,1,0.050655538937293736,-0.029919103536617014,-0.0017792653188505958,-8.489741471906558e-06,-7.102227031131291e-06,0.004813356269098668
16.501,2.3381221975923876,0.4890217277605059,-0.27366076282879864,0.4051059852576997,-0.11348439918207504,-0.06898206618500503,660,1,0.05059660298303514,-0.029919403178429782,-0.0017805466473530083,-8.51977039350822e-06,-7.47300254981016e-06,0.004811169341444293
16.526,2.3468299450031993,0.4866622103018916,-0.27522498152350094,0.3025890047935048,-0.05352156122403666,-0.05661665287630557,661,1,0.05063359845810726,-0.029958419766430298,-0.0017819739249341085,-8.179617628030844e-06,-7.501161505665728e-06,0.00480849623763716
16.551,2.353251647832062,0.4863456496993042,-0.27649159547261387,0.2078123742058639,0.014979859593283526,-0.044875048237482035,662,1,0.05058305090295922,-0.029911803918093668,-0.001783391750788384,-8.103303691507814e-06,-7.850950570099455e-06,0.004805440381869444
16.576,2.3572205637134926,0.4874112032815558,-0.27746873393537513,0.11703243505966132,0.044768196468558036,-0.033530052735146275,663,1,0.05058599587516373,-0.02995185279323277,-0.0017849045631013565,-8.023508388806865e-06,-8.06556907713557e-06,0.004803005244360667
16.601,2.359103269585045,0.48858405952273215,-0.27816809810937126,0.03849323820905804,0.037986706960863606,-0.02392714443306653,664,1,0.050545026374837626,-0.02992420379938611,-0.0017864983489976523,-8.04645439465746e-06,-8.137359161466972e-06,0.004798337875116471
16.626,2.3591452256239456,0.489310538629599,-0.2786650911570283,-0.03281074060405185,0.02858960045916085,-0.016148210483910345,665,1,0.05051650944610255,-0.02983873482428803,-0.0017881828623131756,-8.351084188154583e-06,-8.280299849496697e-06,0.004794706045584087
16.651,2.3574627325548425,0.4900135395456902,-0.2789755086335666,-0.08326598856962993,0.022571971055309788,-0.009486756388890611,666,1,0.05060021250355189,-0.029828601264341458,-0.0017902750473227482,-8.491103209597636e-06,-8.082810405357745e-06,0.004791908589855519
16.676,2.3549819261954643,0.4904391371823644,-0.2791394289764727,-0.11948490742733683,0.015782682486078278,-0.004399692956713545,667,1,0.05052965417137983,-0.02985335892402829,-0.0017924595907649146,-8.49877057430859e-06,-8.382894429726392e-06,0.004789722474406031
16.701,2.3514884871834756,0.49080267366999414,-0.2791954932814022,-0.15360213549200588,0.012845163255586862,-0.0009004441100923671,668,1,0.05051211154036857,-0.029873807844466208,-0.0017951711997428864,-8.737558505750104e-06,-8.409170326820678e-06,0.004787466639691185
16.726,2.347301819420864,0.4910813953451438,-0.27918445118197727,-0.17597332466829235,0.007284736513446418,0.00042116767056121177,669,1,0.050478142515574476,-0.02986992417952842,-0.0017985765073865129,-9.086303030037707e-06,-8.446178730093981e-06,0.004785214618023964
16.751,2.342689820950061,0.49116691049566646,-0.279174434897874,-0.18301030741821395,0.01930572724553076,0.000989724588649196,670,1,0.05041717052368071,-0.029806015889260663,-0.001802787287837931,-9.335616277015037e-06,-8.474355987729241e-06,0.004782738606658255
16.776,2.338151304049953,0.49204668170742033,-0.2791349649525447,-0.18008763072508452,0.0280337795400392,0.0013639715457004153,671,1,0.05038815753061563,-0.02994826406617854,-0.001807421897957148,-9.26147731938972e-06,-8.603948570069796e-06,0.004778621948572158
16.801,2.333685439413807,0.49256859947266834,-0.2791062363205892,-0.16611753057352394,0.018454995647045627,0.0010200222989364815,672,1,0.0503843205096366,-0.029957793103935006,-0.0018122106704646839,-9.561666948314326e-06,-8.669321897623585e-06,0.004775497280323433
16.826,2.3298454275212768,0.4929694314897726,-0.27908396383759776,-0.1430078609189491,0.014323399025477431,0.000988239562245127,673,1,0.05034277962458148,-0.029943345515933355,-0.0018171239667637592,-9.872199064222796e-06,-8.894477138677726e-06,0.004772920372683362
16.851,2.3265350463678596,0.4932847694239422,-0.27905682434247686,-0.12390467817581731,0.008754458691331166,0.0008720257155481069,674,1,0.050335200448107326,-0.029909113580599053,-0.0018226069783538281,-1.0166971931151869e-05,-9.064016732320157e-06,0.0047701120983402
16.876,2.323650193612486,0.4934071544243392,-0.27904036255182013,-0.09868905766982154,0.007329867443753753,0.0006318195634769007,675,1,0.050393528261807374,-0.02982518999353797,-0.0018287247499139583,-1.0482716641777212e-05,-9.031840475168116e-06,0.004768682880611181
16.901,2.3216005934843684,0.4936512627961299,-0.2790252333643029,-0.06530073429333798,0.011592964035158186,0.001045227803029351,676,1,0.050414078758370715,-0.029812746901176752,-0.0018348972595236162,-1.0444675063078417e-05,-9.04852748741911e-06,0.004766974318606273
16.926,2.320385156897819,0.49398680262609707,-0.2789881011616687,-0.044798843942341265,0.010355473240702814,0.0010873322942739196,677,1,0.05037828559446468,-0.02986302548124155,-0.0018406520095740518,-1.0282049887644984e-05,-9.190784376108009e-06,0.004763720645958831
16.951,2.3193606512872513,0.49416903645816507,-0.27897086674958926,-0.03327174339482883,0.006741916460176649,0.0007123118842144903,678,1,0.05041870304855998,-0.02986700700723178,-0.0018462804380263377,-1.007517830681799e-05,-9.037379578428397e-06,0.004761391040382526
16.976,2.3187215697280776,0.4943238984491059,-0.2789524855674579,-0.02227451239727753,0.0014149406182561795,0.0009532236135978287,679,1,0.05044368800751867,-0.029882935949415497,-0.0018515219479473017,-9.87020619187019e-06,-9.07278478021538e-06,0.0047586016711775
17.001,2.3182469256673874,0.4942397834890779,-0.2789232055689092,-0.016160019200919022,-2.7183807066455015e-05,0.0008189924820545142,680,1,0.05044353957463384,-0.02984508672327557,-0.0018563082900562142,-9.658440575465799e-06,-9.15592817268167e-06,0.004756975190468305
17.026,2.3179135687680317,0.4943225392587526,-0.278911535943355,-0.012442241879187674,0.0005261123407374357,0.00047596543441666346,681,1,0.05043950037330267,-0.02986630562298933,-0.0018602924250549053,-9.294562371369532e-06,-9.0925422628327e-06,0.0047551461851282366
17.051,2.317624813573428,0.49426608910611475,-0.2788994072971882,-0.0072976200103535074,0.007529176067592074,0.0011581095147672306,682,1,0.050423820899000237,-0.029853587695299142,-0.0018634584264425476,-9.334439698535207e-06,-9.04209595105844e-06,0.0047537589011926165
17.076,2.317548687767514,0.4946989980621322,-0.2788536304676168,-0.004425262464113836,0.005394417782052997,0.0010395723440215074,683,1,0.05039771417808772,-0.02998416544969071,-0.0018663019113357047,-8.88578370954846e-06,-8.968291624916636e-06,0.004749936996303569
17.101,2.3174035504502224,0.4945358099952174,-0.27884742867998713,-0.0007697386819227493,-0.003261845307829201,0.00048529845730448806,684,1,0.05035873249641773,-0.029937199275196478,-0.0018687559140222235,-9.004638751553793e-06,-8.992875523860862e-06,0.0047493917891426665
17.126,2.317510200833418,0.4945359057967407,-0.27882936554475146,0.0016303029227060274,-0.001995961088567782,0.0004469285354513567,685,1,0.050335661276797485,-0.029932694268020605,-0.0018704985261149768,-9.25976781829218e-06,-9.018630272847392e-06,0.0047473854507314416
17.151,2.3174850655963577,0.494436011940789,-0.27882508225321473,-0.0029823327806168284,-0.004732022703996244,0.00026790840884417935,686,1,0.05034598845622933,-0.029893412605069704,-0.0018715366280882167,-9.586588602421766e-06,-8.809316743466325e-06,0.004745938441555412
17.176,2.317361084194387,0.49429930466154093,-0.27881597012430903,-0.004327379838437944,0.0006591919998510849,0.0009158159240829503,687,1,0.050378780506211446,-0.029843772217995036,-0.001872315464240884,-9.90307352300133e-06,-8.480212097209875e-06,0.004745557409245485
17.201,2.317268696604436,0.49446897154078157,-0.2787792914570107,-0.0012483143955144094,0.0022246002712189255,0.0008567942253456685,688,1,0.0504228068249057,-0.029882156311068105,-0.0018731316301536592,-9.847664785575393e-06,-8.144443816097754e-06,0.004743199107039578
17.226,2.3172986684746113,0.4944105346751019,-0.2787731304130417,-0.0007915083570875113,0.001848296934212597,0.0002049794964253919,689,1,0.050407564364561584,-0.02986607213971017,-0.001874537092447813,-1.0039168848385137e-05,-8.179356281248274e-06,0.004742116220948226
17.251,2.3172291211865814,0.4945613863874922,-0.2787690424821895,0.005286155355541591,0.007100346254276146,0.0009854024224065087,690,1,0.05044045956672419,-0.0298979596615098,-0.0018764703907943586,-1.0122705605177476e-05,-8.036757641577137e-06,0.0047405208368578935
17.276,2.3175629762423884,0.4947655519878157,-0.2787238602919213,0.005235727711294955,0.0031354055082967853,0.0015102679278734292,691,1,0.050358029334964964,-0.0299689228621826,-0.0018788377592446352,-1.0321245944477217e-05,-7.967159866565154e-06,0.00473718215982072
17.301,2.317490907572146,0.494718156662907,-0.278693529085796,-0.0030728075881025336,-0.003081369231295828,0.0008102172668156156,692,1,0.050383103736879195,-0.029938905598773668,-0.0018815955798623407,-1.0911744992034474e-05,-7.676117410381807e-06,0.004735574298804065
17.326,2.3174093358629833,0.4946114835262509,-0.27868334942858036,-0.0023405322297964325,-0.004114372619390347,0.00038863513243114214,693,1,0.050402994220668754,-0.02989760172007617,-0.0018840612862110323,-1.1408020290834554e-05,-7.402929370119348e-06,0.004734274397795444
17.351,2.3173738809606563,0.4945124380319375,-0.27867409732917436,2.173529924931441e-06,-0.005002083867543456,0.003034324502264553,694,1,0.050406791042228345,-0.029866499305359614,-0.0018856956284195759,-1.180564290870431e-05,-7.1319883087868724e-06,0.004733620191808173
17.376,2.3174094445394795,0.4943613793328737,-0.2785316332034673,-0.003881131050755771,-0.008621766732085244,0.017833466881782303,695,1,0.050378635371278,-0.029836791007726376,-0.0018867956067955237,-1.2190680725257164e-05,-6.67816284358981e-06,0.004732211347908459
17.401,2.3171798244081185,0.49408134969533324,-0.27778242398508524,-0.010877743390125878,-0.0067215448289085706,0.05303790035848212,696,1,0.05038810421475386,-0.029768041386885283,-0.0018880206834085745,-1.2564115199243806e-05,-6.291485121356586e-06,0.004732231448344792
17.426,2.3168655573699732,0.4940253020914283,-0.2758797381855432,-0.02809993922208558,0.0007732808248628211,0.10921913141482897,697,1,0.05035211029878702,-0.029766375941532426,-0.0018894318306969036,-1.2879618898825562e-05,-6.094250009011329e-06,0.0047330357903897155
17.451,2.3157748274470142,0.4941200137365764,-0.2723214674143439,-0.05887530688207492,0.021114789108217215,0.18471671647873847,698,1,0.0503785052575327,-0.029753700197207644,-0.0018899755618631757,-1.3000743422088308e-05,-5.96102145844026e-06,0.004733511122554333
17.476,2.3139217920258695,0.4950810415468392,-0.26664390236160596,-0.10149470335157529,0.03340147158351023,0.27610968116343276,699,1,0.05040432469631599,-0.029906042952755986,-0.0018895506108965979,-1.2811826249949466e-05,-5.815987688020058e-06,0.004731312470457637
17.501,2.3107000922794354,0.4957900873157519,-0.25851598335617226,-0.16603346707852337,0.04076958271883866,0.3816040854733628,700,1,0.05040060514463564,-0.02987327777079783,-0.0018886413802624961,-1.2903552427337851e-05,-5.6744892463175685e-06,0.00473181769876941
17.526,2.305620118671943,0.49711952068278115,-0.24756369808793743,-0.2399245583358803,0.05965704922686672,0.4998984971364191,701,1,0.050481882204217024,-0.029859466079188126,-0.001887591591049255,-1.3006360710008763e-05,-5.458728253891242e-06,0.00473253873276331
17.551,2.298703864362642,0.4987729397770951,-0.2335210584993527,-0.3250945089593181,0.0870069833380248,0.6295781514743392,702,1,0.05045448175623822,-0.029789439337494367,-0.0018861838889777452,-1.3000829149896687e-05,-5.527116636033754e-06,0.004735242792950722
17.576,2.289365393223977,0.5014698698496824,-0.21608479051422005,-0.43002861802395487,0.1142281194357259,0.7678153404756907,703,1,0.05043161174742841,-0.02981114628029077,-0.0018844038057026142,-1.270820003763753e-05,-5.701406241223721e-06,0.004736150583640991
17.601,2.277202433461444,0.5044843457488815,-0.1951302914755677,-0.5417152218078248,0.1487773478160649,0.9134462709104744,704,1,0.050441885175105346,-0.029703305645590816,-0.0018826970974174322,-1.2799129249846854e-05,-5.758788064725176e-06,0.0047408013878520875
17.626,2.2622796321335854,0.5089087372404858,-0.17041247696869546,-0.6436986818008437,0.18685275035798155,1.0656259945331508,705,1,0.050541637877058135,-0.02976347830578618,-0.0018816496803873242,-1.2432757992616625e-05,-5.7431114243236395e-06,0.004743765737549801
17.651,2.2450174993714014,0.5138269832667807,-0.1418489917489093,-0.7427126867667755,0.20719148786133856,1.2218936460001457,706,1,0.05054945637260624,-0.029767200239721042,-0.0018818911391099155,-1.2639836036202744e-05,-5.9786485941728164e-06,0.004748752339789627
17.676,2.2251439977952487,0.5192683116335521,-0.10931779466869147,-0.8431711183682435,0.2343284957702496,1.3815571864555292,707,1,0.05057844867144163,-0.029712457043718412,-0.0018830295142957254,-1.2903558503338224e-05,-6.045512909103643e-06,0.004752556152664884
17.701,2.2028589434529886,0.5255434080552933,-0.07277113242613184,-0.9411317760196658,0.2686325948060448,1.5420344607409888,708,1,0.050608471735583645,-0.029699388985228156,-0.0018846214472973332,-1.2937188083029343e-05,-6.173216687220037e-06,0.004755897877463472
17.726,2.178087408994265,0.5326999413738546,-0.03221607163164079,-1.0336199067705851,0.28826857105142245,1.7022324987844708,709,1,0.05068035650407966,-0.02972930780679841,-0.0018862717941463916,-1.3059354165573338e-05,-6.163917754833154e-06,0.0047620820911305475
17.751,2.1511779481144586,0.5399568366078646,0.012340492513092731,-1.1237111559263475,0.31459955620492414,1.8617847425873626,710,1,0.050663932633547175,-0.029617837482971823,-0.0018874570449642525,-1.340867473655016e-05,-6.3269247701082595e-06,0.004769350261734304
17.776,2.1219018511979466,0.548429919184101,0.06087316549772874,-1.2095900906356394,0.34889697991688157,2.019348724959843,711,1,0.05071392128023002,-0.029658750523436698,-0.0018886855609156934,-1.3209720050082833e-05,-6.3610627265849005e-06,0.004776738867706191
17.801,2.09069844358268,0.5574016856037077,0.11330792876107912,-1.2954304106794627,0.37591382550428065,2.1736319802994464,712,1,0.05067538724217328,-0.029667791732010798,-0.0018900894097333423,-1.3047465215013086e-05,-6.485171803164712e-06,0.004784681238573549
17.826,2.0571303306639726,0.5672256104593153,0.16955476451270257,-1.3803287364393118,0.39959167407244245,2.3231917533147355,713,1,0.05071312154031564,-0.029727406778226228,-0.0018920521447871718,-1.2870969961140712e-05,-6.247384892815622e-06,0.004791930076177996
17.851,2.0216820067607135,0.5773812693073301,0.22946751642681734,-1.4622333171268989,0.4146233000476215,2.467090018579104,714,1,0.050681526364363814,-0.02970878739987525,-0.0018944938301771865,-1.2853902381482978e-05,-6.332719599419462e-06,0.004799957876537554
17.876,1.9840186648076266,0.5879567754616967,0.29290926544165946,-1.539392354535374,0.4404413563039115,2.6044668211995146,715,1,0.050701688543152726,-0.029643165271115133,-0.0018972307848629084,-1.2804598396744629e-05,-6.482621076151482e-06,0.004807748335224583
17.901,1.9447123890339437,0.599403337122526,0.35969085748679497,-1.6128396460860313,0.46707926347070206,2.7344265196244733,716,1,0.050631775132906974,-0.029666055036223746,-0.001899745283313045,-1.2196255200016372e-05,-6.70850882550463e-06,0.004818071644532443
17.926,1.9033766825033296,0.6113107386352304,0.42963059142287535,-1.6978813354446733,0.4914385757621106,2.856152795440416,717,1,0.05059825416920664,-0.02965513901199931,-0.0019023588317601456,-1.158735372078649e-05,-6.886044249270465e-06,0.004829203524899751
17.951,1.8598183222617088,0.6239752659106319,0.5024984972588178,-1.7758732353352227,0.5156694419502388,2.9695312564272425,718,1,0.05065455263722423,-0.029707050885283578,-0.0019048457750726793,-1.1001436678859463e-05,-6.858685373646392e-06,0.0048409712165695205
17.976,1.8145830207365672,0.6370942107327427,0.5781071542442396,-1.8410180984057471,0.5279293860881187,3.073169833958663,719,1,0.05066227575418043,-0.029724803561609534,-0.0019071968798057477,-1.0475696895176258e-05,-6.858601829528823e-06,0.00485182494242657
18.001,1.7677674173414202,0.6503717352150382,0.656156988956753,-1.910938673039721,0.5483382389476399,3.167072330341076,720,1,0.050631941321535104,-0.029627526621201647,-0.0019094415431885159,-1.0090279010646567e-05,-7.113901961633566e-06,0.004864008098129568
18.026,1.7190360870845798,0.6645111226801251,0.7364607707612957,-1.9768202195720366,0.5679586950004868,3.250526261676548,721,1,0.05063053857957725,-0.029649613491818612,-0.001911373360973559,-9.489915213771707e-06,-7.344096627976681e-06,0.004873866419420344
18.051,1.668926406362824,0.6787696699650609,0.818683302040571,-2.0346153155791025,0.5811867370900143,3.3219271441676907,722,1,0.05057783921020341,-0.029536769726483014,-0.0019124417622295518,-9.081991845943078e-06,-7.986442659060805e-06,0.004884992627199213
18.076,1.6173053213056232,0.6935704595346263,0.9025571279696823,-2.097124956648139,0.60876358925148,3.3827487169093438,723,1,0.05049903405423664,-0.02943532284295874,-0.0019128706872621434,-8.714558827866948e-06,-8.676662624983157e-06,0.004897957395935952
18.101,1.5640701585304155,0.7092078494276354,0.9878207378860407,-2.1618549149168724,0.6331968741361903,3.4318875881958855,724,1,0.05039990841010077,-0.029435763784817555,-0.001913369199538774,-8.046647454708647e-06,-9.171353365592013e-06,0.004908983019329814
18.126,1.509212575559778,0.7252303032414362,1.0741515073794792,-2.242107712133622,0.6498610759081177,3.4695406081310805,725,1,0.050334144397282565,-0.029413477824167818,-0.0019139922546856153,-7.446112273877456e-06,-9.594838961472276e-06,0.004920773762061513
18.151,1.4519647729237328,0.7417009032230417,1.1612977682925971,-2.310459961860543,0.6689503006511325,3.4935124497297774,726,1,0.050444610159829824,-0.02952702876982367,-0.0019147103495058945,-6.783677781914259e-06,-9.295599176431507e-06,0.004929552262842814
18.176,1.3936895774667575,0.758677818273991,1.2488271298659583,-2.3547915328897218,0.6871122645906738,3.5041555746233968,727,1,0.05043898802760867,-0.029554239074705082,-0.0019156875143296337,-6.322461526685865e-06,-9.286003881771266e-06,0.004942944184158619
18.201,1.334225196279245,0.7760565164525759,1.3365055470237692,-2.413624550843211,0.7030433367247524,3.50394469935566,728,1,0.05039029702098459,-0.029514817357767394,-0.0019170282795013475,-6.237284534928102e-06,-9.597717941242092e-06,0.004955896109746796
18.226,1.2730083499245952,0.7938299851102291,1.4240243648337438,-2.4683142315015387,0.7236794510522645,3.4906873528786466,729,1,0.05040343144313822,-0.029542336993645422,-0.0019187649121327286,-6.001302791772395e-06,-9.63112383021464e-06,0.004967277694028151
18.251,1.2108094847041664,0.8122404890051896,1.511039914667704,-2.5118137834296705,0.7445930534349549,3.4651191361761176,730,1,0.050319578264592185,-0.029510361391999636,-0.001920545587078229,-5.782225904874154e-06,-9.948798112306364e-06,0.004980640987727228
18.276,1.14741766075311,0.8310596377819773,1.597280321642552,-2.5605620074010806,0.7497090769698094,3.428774772958629,731,1,0.050240747659287446,-0.02949496233181966,-0.001922746453888606,-5.45880679695e-06,-9.992890437154883e-06,0.00499254458063405
18.301,1.0827813843341196,0.849725942853678,1.682478653315626,-2.595247905153489,0.7518483839005046,3.3800723983055256,732,1,0.05027962925476711,-0.029500160223425168,-0.0019252011333795985,-5.103013384284663e-06,-9.967706241161699e-06,0.005000816454012825
18.326,1.0176552654954336,0.8686520569770031,1.7662839415578306,-2.5951329716519465,0.7564850351571332,3.3179445514785995,733,1,0.050289207232472814,-0.029522227795491508,-0.0019281416353241962,-4.9152577900869485e-06,-9.598032967486666e-06,0.005009338634569314
18.351,0.9530247357515205,0.8875501946115352,1.848375880889558,-2.5449471098691596,0.7452441193991272,3.2449562086905086,734,1,0.050269820203080906,-0.02950326110198279,-0.00193140334384921,-4.886895812569118e-06,-9.349259128712831e-06,0.00501984246114618
18.376,0.8904079100019738,0.90591426294696,1.9285317519923584,-2.4486737125300326,0.7165573390880362,3.160816794779961,735,1,0.05024245553452071,-0.02952407457114726,-0.0019345565681666646,-4.6711794282477e-06,-9.172528319643386e-06,0.005027795556909927
18.401,0.8305910501250171,0.9233780615659375,2.0064167206285584,-2.3158257433401834,0.6724756929694768,3.065349865457275,736,1,0.05023772872875959,-0.029435341574026646,-0.0019367583555383906,-4.756987606862127e-06,-9.50649696258728e-06,0.005038982771609912
18.426,0.7746166228349712,0.9395380475954319,2.081799245265213,-2.160293693449902,0.6259237157275166,2.9610008378513553,737,1,0.05027271832603803,-0.029379351615476404,-0.0019380427790033846,-4.873464490840294e-06,-9.765891993642763e-06,0.005049696944890958
18.451,0.7225763654525205,0.9546742473523138,2.1544667625211282,-2.009579518503533,0.5814834495658368,2.8485160271392247,738,1,0.050266415550437274,-0.029372659137281557,-0.0019388560646971665,-4.752041922535387e-06,-9.855898459078855e-06,0.005058172557246712
18.476,0.6741376469097932,0.9686122200737242,2.2242250466221765,-1.8576233580374015,0.5319272948134914,2.725304326557817,739,1,0.050252948482409375,-0.02948762089921367,-0.0019397897821789255,-4.542236042538245e-06,-9.677666710674713e-06,0.005062614110148921
18.501,0.6296951975506491,0.9812706120929887,2.290731978849021,-1.7043969427137464,0.48288444899316585,2.592759500902052,740,1,0.050276159501239946,-0.029521353471781992,-0.0019411588030049764,-4.7118630408585944e-06,-9.70171011603173e-06,0.00507219835553278
18.526,0.5889177997741046,0.9927564425233828,2.353863021667281,-1.571553437697411,0.43765134756250257,2.454369796575892,741,1,0.05034055167356902,-0.02949610112979719,-0.001943091912959685,-4.9119857630256e-06,-9.717966311604637e-06,0.005083121106280747
18.551,0.551117525665783,1.0031531794711126,2.4134504686778087,-1.4523851313154406,0.3984079789762195,2.3094709864789325,742,1,0.05039962651185119,-0.029570219801909433,-0.0019452214513786435,-4.877690796825129e-06,-9.703379593677946e-06,0.005093159232339931
18.576,0.5162985432083316,1.012676841472194,2.469336570991229,-1.3369575317448,0.37089022002980615,2.1607370562885158,743,1,0.050441622755321026,-0.02963911996622343,-0.0019473813463787451,-4.864970254050969e-06,-9.667406505399326e-06,0.005104129337871907
18.601,0.48426964907854203,1.0216976904726032,2.521487321492236,-1.223263897332603,0.3484587474729656,2.0077650877291013,744,1,0.050393416748714184,-0.02966979009961995,-0.001949278363808618,-4.807418164625826e-06,-9.653956210609927e-06,0.005109376543758991
18.626,0.45513534834170055,1.0300997788458426,2.5697248253776857,-1.1112440200995042,0.31583077838178036,1.849454183718216,745,1,0.05034145747423171,-0.0296244124199059,-0.0019509055103214782,-4.658576957282406e-06,-9.638863207901634e-06,0.005114503043194028
18.651,0.42870744807356603,1.0374892293916924,2.613960030678148,-1.0057458301281945,0.283478110904854,1.6892892076528447,746,1,0.050372775455751424,-0.029602718762749305,-0.0019523178638889993,-4.607495145808084e-06,-9.590953880264675e-06,0.005121167505809295
18.676,0.4048480568352937,1.0442736843910845,2.654189285760323,-0.8999484510387895,0.2562638633555644,1.5286246630870841,747,1,0.05037598314322783,-0.029566177445494765,-0.00195365398979913,-4.7200201296142905e-06,-9.685392349076532e-06,0.005127268166537294
18.701,0.3837100255216259,1.0503024225594708,2.6903912638325034,-0.7960895950291811,0.22382029876982693,1.3677284102619574,748,1,0.050401307939652626,-0.02951823112674889,-0.001955017495052358,-4.733010668988916e-06,-9.648080594473467e-06,0.005132537444703954
18.726,0.36504357708383406,1.055464699329576,2.722575706273422,-0.6935380779683898,0.19296611191659876,1.2085727299425926,749,1,0.05040291393974765,-0.02953453373244644,-0.001956288671608986,-4.482426262913211e-06,-9.665557212260109e-06,0.0051379694519666595
18.751,0.34903312162320593,1.059950728155301,2.750819900329634,-0.5881272593298364,0.16401849325528894,1.0524415850897058,750,1,0.05038254113552388,-0.029534570894467656,-0.0019577051884511194,-4.4091890241710906e-06,-9.565567157411295e-06,0.005141824845692822
18.776,0.3356372141173418,1.0636656239923405,2.775197785527908,-0.48538646846318795,0.1291116686206346,0.9003231321734418,751,1,0.0503576888568734,-0.02953847289572072,-0.0019594636408150484,-4.301350280350264e-06,-9.425480806534146e-06,0.005147028354700829
18.801,0.3247637982000479,1.0664063115863323,2.7958360569383034,-0.38166595275177195,0.10167918502218176,0.7554669582526666,752,1,0.05035889910431046,-0.029595762275215404,-0.00196149922083044,-4.0526245134653305e-06,-9.004111533960106e-06,0.005151373531992275
18.826,0.31655391647975295,1.0687495832434497,2.812971133440542,-0.28262034707689776,0.07476846836686928,0.6180101018946883,753,1,0.05035082334393365,-0.0295489645068199,-0.001963502136319136,-4.036909899285406e-06,-8.614500245948566e-06,0.005153163435002349
18.851,0.3106327808462028,1.0701447350046758,2.8267365620330382,-0.1909195500959477,0.050060367058692275,0.48945028595794166,754,1,0.05036583316240833,-0.029575575522313272,-0.0019652127496078598,-3.910435256990197e-06,-8.089382394095145e-06,0.005156436929221665
18.876,0.30700793897495543,1.0712526015963844,2.8374436477384393,-0.10342967978783277,0.03010532931337419,0.3723818304039242,755,1,0.0503596923073557,-0.02950928228083307,-0.001967050253740575,-4.0926800120717154e-06,-7.765958280129867e-06,0.005157072958696754
18.901,0.3054612968568111,1.0716500014703445,2.8453556535532347,-0.019653100223479,0.002376590228814337,0.26716378222791903,756,1,0.05035698402441709,-0.029482617823293724,-0.0019687992102073682,-4.331814149586956e-06,-7.623233731709348e-06,0.005158103331857966
18.926,0.30602528396378154,1.071371431107825,2.8508018368498345,0.05577941653827333,-0.027580806874393956,0.17687647021193267,757,1,0.050414559586231866,-0.029471107025856317,-0.0019702334766627766,-4.7937022871980396e-06,-7.519851184046785e-06,0.00515980736121972
18.951,0.3082502676837248,1.0702709611266248,2.8541994770638315,0.11310158839607903,-0.04689455970741041,0.10360316392877453,758,1,0.05045548900327178,-0.029554033734135232,-0.0019709150717577965,-4.856154631328671e-06,-7.460815943777218e-06,0.005160840494449079
18.976,0.31168036338358557,1.0690267031224545,2.8559819950462733,0.14969485011262282,-0.05013835902108283,0.04873544317859066,759,1,0.050482095636168206,-0.029575783073857304,-0.0019709768107953806,-5.070807058213447e-06,-7.5961133968889025e-06,0.00516106022396401
19.001,0.31573501018935607,1.0677640431755706,2.856636249222761,0.16594717810419643,-0.05466918404342913,0.014511196263047104,760,1,0.05048852635605243,-0.029554211018461757,-0.0019708029900041184,-5.422196443626281e-06,-7.862974475604097e-06,0.005161374013678632
19.026,0.3199777222887955,1.066293243920283,2.8567075548594256,0.177763503847438,-0.05814981042901454,0.0017409002808578145,761,1,0.05044789964879524,-0.02957566999854567,-0.001970574926816111,-5.489086760486074e-06,-7.927458787131145e-06,0.005162508024423116
19.051,0.32462318538172746,1.06485655265412,2.856723294236804,0.17903851195291887,-0.05515156266967668,0.006663990820472326,762,1,0.05046548853062515,-0.02955521950144732,-0.001970068279540094,-5.615423609459139e-06,-7.730466850016106e-06,0.005164476389631276
19.076,0.3289296478864416,1.0635356657867991,2.8570407544004492,0.15629286912905993,-0.051047166964290173,0.02329590438885776,763,1,0.050446852862806514,-0.029530484040396824,-0.0019695595786170094,-5.6698274805652895e-06,-7.716769450500034e-06,0.00516524899422611
19.101,0.33243782883818057,1.0623041943059055,2.857888089456247,0.11662920259842337,-0.04563008563756845,0.04847999566244641,764,1,0.05043248469000499,-0.02951956914226386,-0.0019689686586508706,-5.699857226925751e-06,-7.71986317311366e-06,0.005165290443896527
19.126,0.33476110801636283,1.0612541615049207,2.8594647541835716,0.048005109972333745,-0.03822068780141076,0.08046594408083749,765,1,0.0504824404555481,-0.029490970091899972,-0.0019682234319910955,-5.824820365638064e-06,-7.5622257120893496e-06,0.005166155361871548
19.151,0.3348380843367973,1.060393159915835,2.8619113866602888,-0.0523484104122359,-0.0315355279522951,0.11809286203343877,766,1,0.05049018574354424,-0.02947838062711934,-0.0019672363918509157,-5.912385173618698e-06,-7.526365848832537e-06,0.005167028587121674
19.176,0.3321436874957512,1.059677385107306,2.865369397285243,-0.16422528773771805,-0.024677294006023236,0.15926691389186892,767,1,0.050476490088023865,-0.02948635783663775,-0.0019661538894392475,-5.7388023588784395e-06,-7.445599016230806e-06,0.005166682018050561
19.201,0.3266268199499113,1.0591592952155338,2.8698747323548823,-0.28007679479216496,-0.014517828844313534,0.20203228753611738,768,1,0.05046927203330714,-0.029481927509077546,-0.0019651207730326855,-5.681150039938671e-06,-7.2671448189503625e-06,0.005167909749845285
19.226,0.31813984775614274,1.0589514936650903,2.875471011662049,-0.3983696581337558,-0.01225604575617805,0.24754690901605517,769,1,0.050430495747558736,-0.02943839322532912,-0.001964325084224885,-5.717908504175267e-06,-7.095200084023939e-06,0.005170166613443951
19.251,0.3067083370432232,1.0585464929277248,2.8822520778056853,-0.5132587888221667,-0.010921653652608955,0.2929265229822822,770,1,0.050385637183982236,-0.02948302701468349,-0.0019637968764079933,-5.450639414926634e-06,-7.02733504722485e-06,0.0051699832810529235
19.276,0.29247690831503403,1.0584054109824599,2.8901173378111635,-0.620707280460737,-0.004639227508924912,0.33588463486415554,771,1,0.050321727888961665,-0.029477653794916472,-0.001963827001684428,-5.440443995150934e-06,-6.913208496731518e-06,0.005171574955175162
19.301,0.2756729730201881,1.0583145315522786,2.899046309548892,-0.7210268545670593,0.00026083435936463304,0.37731925063584265,772,1,0.0502941785961367,-0.029470762401447248,-0.0019645867255170717,-5.125525541013597e-06,-6.4394675719154784e-06,0.005173866473955864
19.326,0.25642556558668056,1.0584184527004281,2.908983300342956,-0.8232433284448171,-0.0034852302794163353,0.41708910282767536,773,1,0.05030362778688235,-0.02942113201917462,-0.0019653693912088503,-5.027351488354075e-06,-6.058421162204022e-06,0.005177932911545159
19.351,0.23451080659794668,1.0581402700383078,2.919900764690276,-0.9286999813533338,-0.00516896845448304,0.452122441176084,774,1,0.05031048381808008,-0.029496234342682393,-0.0019658652534852465,-4.69987832963248e-06,-6.015035344351064e-06,0.005177081345076841
19.376,0.2099905665190132,1.058160004277704,2.9315894224017605,-1.0253823097533363,0.002912044449976351,0.4820993015774742,775,1,0.050271373300890085,-0.029503941480636255,-0.001966095133695548,-4.592914348665911e-06,-6.069139896337333e-06,0.005179070339196258
19.401,0.18324169111027913,1.0582858722608066,2.94400572976915,-1.1212785803036267,0.0017630782784118118,0.5080831570212507,776,1,0.050281601754350674,-0.029480072022277422,-0.0019662673138129173,-4.454156277334126e-06,-5.741721248441202e-06,0.0051800217730454436
19.426,0.15392663750383506,1.0582481581916245,2.9569935802528216,-1.219475460026596,0.0015836184042994136,0.52819061751766,777,1,0.05025389587800048,-0.029519856557659763,-0.001966159201485131,-4.021409169531253e-06,-5.565658601381791e-06,0.00518146272233055
19.451,0.12226791810894846,1.0583650531810216,2.9704152606450336,-1.3093339256909589,0.006975952663212838,0.5427755148495906,778,1,0.05021432369092524,-0.029525632177045846,-0.0019658186631091317,-3.881843338177419e-06,-5.254183935682993e-06,0.005182797737868478
19.476,0.08845994121928619,1.0585969558247852,2.9841323559953015,-1.3949269796886445,0.006201995526313642,0.5515401834836374,779,1,0.050200239894056614,-0.02950278845801449,-0.0019656949461058413,-3.899420355241457e-06,-5.095039089694247e-06,0.005183819683209436
19.501,0.05252156912451525,1.0586751529573373,2.997992269819216,-1.4746728447368724,0.010729175941932415,0.552986975735089,780,1,0.050208415150191234,-0.029526785676443935,-0.0019657893107719866,-3.65001520432962e-06,-4.770123570592636e-06,0.005183966630885815
19.526,0.014726298982441518,1.0591334146218818,3.0117817047820563,-1.5404944257895024,0.01792379936053403,0.5486384170730175,781,1,0.05023139794406574,-0.029452684538942182,-0.00196647262965571,-3.6395998327323465e-06,-4.428393562645884e-06,0.0051874332606642835
19.551,-0.024503152164955494,1.059571342925364,3.025424190672865,-1.5758329857674,0.011428307739134006,0.5397008044856756,782,1,0.05025437908447482,-0.029400830653511137,-0.0019678676052059195,-3.758760854455075e-06,-4.1465240175520954e-06,0.005189676861761506
19.576,-0.06406535030592961,1.0597048300088385,3.0387667450063405,-1.5825600499533037,0.003803622458811108,0.5239806799356753,783,1,0.05030428484196529,-0.02943475270198342,-0.0019692373181910464,-3.362319000625712e-06,-3.822097515592035e-06,0.0051896220628196476
19.601,-0.10363115466262181,1.0597615240483045,3.0516232246696493,-1.5554735378330948,0.00972360315135909,0.5018844765233705,784,1,0.050381358341618394,-0.029479384989699823,-0.0019705414724734385,-3.178022532795825e-06,-3.5315190146689715e-06,0.00519009580655073
19.626,-0.14183902719758545,1.0601910101664065,3.0638609688325094,-1.4845931038601732,0.016300876456374114,0.4751799756185914,785,1,0.05041762757914399,-0.029423792956518723,-0.0019718757446939685,-3.2460138467741847e-06,-3.35954917310535e-06,0.005193173680109651
19.651,-0.17786080985563152,1.0605765678711232,3.075382223450579,-1.3885392337854485,0.00802290795887607,0.443513530026561,786,1,0.05044348307590622,-0.02938440577586819,-0.0019731106459057453,-3.1901093008128607e-06,-2.940336978803571e-06,0.0051939911456185504
19.676,-0.21126598888685394,1.0605921555643503,3.086036645333836,-1.2652413278648742,0.006615411167531966,0.4070077009546078,787,1,0.05045756997110987,-0.0294423942842258,-0.0019744712505386265,-3.2928488260507812e-06,-2.6427527693312348e-06,0.0051949869733208445
19.701,-0.24112287624887613,1.0609073384294998,3.09573260849831,-1.119496172197308,0.0065671831969415125,0.36780727975175875,788,1,0.05046604265575334,-0.02940914863058634,-0.0019757202827268396,-3.4924788059475958e-06,-2.337235334995703e-06,0.005197112167767849
19.726,-0.26724079749672014,1.0609205147241973,3.1044270093214243,-0.9704453856727742,0.0042490188257548415,0.3255609852084838,789,1,0.05049748311085786,-0.02944515254493706,-0.0019768925643141085,-3.5821352183753627e-06,-2.1225973345084786e-06,0.005197526219408243
19.751,-0.2896451455325155,1.0611197893707875,3.1120106577587343,-0.8289854945140012,0.0073969759663227224,0.281183404572674,790,1,0.05052900111759759,-0.02942031464707122,-0.0019783618133050055,-3.7592891520448654e-06,-2.056768385502853e-06,0.005198824370268595
19.776,-0.3086900722224208,1.0612903635225135,3.1184861795500582,-0.6916348468484061,0.003846210513729572,0.2365419759771693,791,1,0.05049899193849737,-0.029404452967070865,-0.0019805190981104725,-4.002955398051386e-06,-2.2207783931499984e-06,0.005199709165902355
19.801,-0.32422688787493387,1.061312099896474,3.123837756557592,-0.5512002554958683,-0.002145443625902713,0.1915958038900873,792,1,0.050478146710426976,-0.029420177152027074,-0.0019832583547775484,-4.294384610690611e-06,-2.500901711211984e-06,0.005199837400303343
19.826,-0.3362500849972146,1.0611830913412184,3.1280659697445627,-0.41554611503782557,-0.003998464133192435,0.14813687607822212,793,1,0.05048874482353582,-0.029462391079316436,-0.0019862627202937464,-4.421454335769238e-06,-2.622903588542355e-06,0.005200387153215304
19.851,-0.34500419362682544,1.0611121766898144,3.1312446003615033,-0.2848002675711551,-0.0075576981299762015,0.10781449892617825,794,1,0.0504822567644646,-0.0294803813799491,-0.0019894400916635685,-4.612749092903503e-06,-2.91884921214225e-06,0.005201305059769218
19.876,-0.35049009837577255,1.0608052064347195,3.1334566946908717,-0.1573825632181791,-0.006941550690253607,0.0721265009946038,795,1,0.05048519393950414,-0.02954737798559962,-0.0019931433177708237,-4.6248770941339325e-06,-3.198341237239686e-06,0.00520221369723968
19.901,-0.3528733217877345,1.0607650991553017,3.1348509254112336,-0.03436370235810533,-0.0029428579611902603,0.04182544822322736,796,1,0.050468452127673334,-0.029536272740180194,-0.001997156778451345,-4.733271616181976e-06,-3.4153417445549454e-06,0.005201744153766076
19.926,-0.3522082834936777,1.06065806353666,3.135547967102033,0.07594755753650986,-4.5975587603663175e-05,0.01842290766958828,797,1,0.05045937071733827,-0.029536657821424776,-0.0020013794212182597,-4.402519825076089e-06,-3.4294470693949745e-06,0.005201445791355036
19.951,-0.34907594391090896,1.0607628003759215,3.135772070794713,0.15819729952392445,-3.0935290635802474e-05,0.005064919456589862,798,1,0.05044669501358443,-0.02948249230382999,-0.0020056862772245844,-4.328070979369233e-06,-3.512889864593972e-06,0.005200480150726109
19.976,-0.3442984185174814,1.0606565167721282,3.1358012130748625,0.21197826389234428,-0.004902479085675468,0.010758069530458617,799,1,0.05044839720890383,-0.02948306290778238,-0.0020096144645164386,-4.063617221596288e-06,-3.688902943279897e-06,0.005199436049335378
20.001,-0.3384770307162916,1.0605176764216377,3.136309974271236,0.24427261299738032,-0.0074983472830724195,0.058107190656339354,800,1,0.05045885803891045,-0.029484817810573393,-0.002012976809293043,-3.81365685882087e-06,-3.5972471704083104e-06,0.005198471273761973
20.026,-0.3320847878676122,1.0602815994079746,3.1387065726076795,0.25215657068622377,-0.018906601825038304,0.15821770112691713,801,1,0.05045579715336803,-0.029467052870475907,-0.002015630140130023,-3.7952745660641333e-06,-3.5716849393249233e-06,0.005197823870524968
20.051,-0.3258692021819811,1.0595723463303859,-3.1389644478520053,0.2243327256924578,-0.05108286744356965,0.3034475406475635,802,1,0.05047339345582688,-0.029438736730039262,-0.0020177537800929713,-3.8000930460677137e-06,-3.4156965119706798e-06,0.005198437518275631
20.076,-0.32086815158298915,1.057727456035796,-3.129306357539529,0.1763774861996345,-0.10451777916334522,0.4839724056030035,803,1,0.050413228770093965,-0.029440009042914557,-0.002019854027377329,-3.42470168626729e-06,-3.6954383302427484e-06,0.0051990693557181795
20.101,-0.31705032787199927,1.0543464573722185,-3.114765827571855,0.12047999353875734,-0.17829053157871058,0.6899857949026069,804,1,0.05040330233402313,-0.02942667899781449,-0.0020218746798511787,-3.1322050943805464e-06,-3.6480848783282217e-06,0.005200246632368557
20.126,-0.3148441519060512,1.0488129294568604,-3.094807067794398,0.06070351855425729,-0.2697631508016191,0.9139007683493675,805,1,0.05037272709451087,-0.029427510524890687,-0.002023410524920609,-3.0901615028684552e-06,-3.5166533765835557e-06,0.005203085345184126
20.151,-0.31401515194428636,1.0408582998321374,-3.069070789154386,0.0031838903015814633,-0.374928359851018,1.1471560702231396,806,1,0.05038146601748241,-0.029416753003980667,-0.0020250128393682846,-2.974467361305109e-06,-3.207989097443595e-06,0.005205063425214996
20.176,-0.31468495739097213,1.0300665114643106,-3.0374492642832442,-0.04899177181144007,-0.47439647597445006,1.3823309242207653,807,1,0.05034511900861073,-0.029480545022399312,-0.002026600592875295,-2.665390186517731e-06,-3.235779117514943e-06,0.0052081075262257635
20.201,-0.3164647405348584,1.0171384760334146,-2.9999542429433466,-0.09269126063494816,-0.5710190990796179,1.613577819951763,808,1,0.05032941685508835,-0.029442073010434347,-0.0020282843685173516,-2.5287311096025086e-06,-3.5269362348676137e-06,0.0052127337402184705
20.226,-0.3193195204227196,1.0015155565103293,-2.956770373285655,-0.13039508627390708,-0.6762273638127018,1.834929898428604,809,1,0.05030608889562747,-0.02945466522503709,-0.0020300824585159365,-2.2938371393030943e-06,-3.7994983893315378e-06,0.00521775189197547
20.251,-0.32298449484855385,0.983327107842779,-2.908207748021915,-0.17079659877243006,-0.7717304509111679,2.040345162663282,810,1,0.05031929074851308,-0.029491051552356488,-0.002031693617888968,-1.978195533896357e-06,-3.849722663801341e-06,0.005222537296781717
20.276,-0.32785935036134123,0.9629290339647704,-2.8547531151524894,-0.20573152990895963,-0.8670528981463836,2.2252532090470223,811,1,0.05025270718616744,-0.029467849842173842,-0.0020327910561439523,-1.8059228113801564e-06,-4.191264265223141e-06,0.005229280606530907
20.301,-0.33327107134400125,0.9399744629354623,-2.7969450875695703,-0.23259869879077802,-0.963691854352304,2.387217265637924,812,1,0.0502655245231509,-0.029497764917917918,-0.002033274072665418,-1.3756919238993472e-06,-4.34480788693283e-06,0.005236316038973224
20.326,-0.3394892853008803,0.9147444412471545,-2.7353922518705915,-0.26772067787271653,-1.0573637909516136,2.5213025203874735,813,1,0.05027556548497152,-0.02951529496886376,-0.0020328014140667586,-1.1500923268529676e-06,-4.516775255492613e-06,0.005242344389755335
20.351,-0.34665710523763726,0.8871062733878808,-2.670879961550195,-0.2971363175984867,-1.1432793560350156,2.624561599320783,814,1,0.050235028035895975,-0.029558555809071532,-0.0020316953980779344,-1.0512465314924375e-06,-4.725050300594871e-06,0.005249242314911959
20.376,-0.35434610118080484,0.8575804734454029,-2.6041641719045505,-0.3207754104316972,-1.229985939051739,2.6966594146175966,815,1,0.05026343810850961,-0.02952709266121454,-0.002030097702005223,-1.1369868204575066e-06,-4.924840868770204e-06,0.005256289324520226
20.401,-0.36269587575922235,0.825606976435293,-2.536046990819313,-0.347771892616203,-1.3101269485738187,2.7346331596509676,816,1,0.05028706422078123,-0.029573978567761432,-0.002028423067235655,-8.474712920579393e-07,-5.087910699133874e-06,0.005261647167159576
20.426,-0.371734695811614,0.7920741260167157,-2.46743251392201,-0.36953987036855734,-1.3729585545781613,2.738090923148203,817,1,0.05029980987886679,-0.029564250335490472,-0.0020268610145015298,-4.4929408269886826e-07,-5.30434507753387e-06,0.005269935521629643
20.451,-0.3811728692776505,0.756959048706384,-2.399142444661901,-0.39147711462352297,-1.414123511435723,2.7071724351700834,818,1,0.05032215244214938,-0.029599887364534457,-0.002025448136507931,-2.0149307344031898e-07,-5.363270842940413e-06,0.005277222300671321
20.476,-0.39130855154279043,0.7213679504449285,-2.332073892163504,-0.3911308592831497,-1.4134040679879445,2.642955213079279,819,1,0.05024510661660531,-0.029571935632131556,-0.00202411499904943,6.025171113610955e-09,-5.491387804187119e-06,0.005287176404319057
20.501,-0.40072941224180825,0.6862888453069858,-2.266994684007935,-0.3762009859016382,-1.3966257584458954,2.546752095374813,820,1,0.050317931034265184,-0.029589950102190125,-0.0020227919946681143,3.120506882563488e-08,-5.225608016745858e-06,0.005294309332179631
20.526,-0.4101186008378726,0.6515366625226328,-2.2047362873947614,-0.3806151538294761,-1.3654483158703679,2.4191963032131847,821,1,0.050353784396869675,-0.02962350685675291,-0.0020213870052146568,9.925166271165955e-08,-5.073830706287649e-06,0.005300939730596676
20.551,-0.41976016993328097,0.6180164295134712,-2.146034868847283,-0.36587080492582,-1.3008992659375178,2.2639733737836867,822,1,0.050279124078448534,-0.02956463587352152,-0.0020201399715031043,-1.2951091886554876e-07,-5.265335291420277e-06,0.005307613095118749
20.576,-0.42841214108416387,0.586491699225756,-2.0915376187055754,-0.3290141705744174,-1.2064774600715362,2.0836150472687334,823,1,0.050301196098301526,-0.029558446364320257,-0.002019082230287424,-1.0793085642921517e-07,-5.092539378453815e-06,0.0053129179002640295
20.601,-0.43621087846200207,0.5576925565098936,-2.0418541164838446,-0.290664200392056,-1.087841815322168,1.882363711177435,824,1,0.05034341943251079,-0.02955518015735705,-0.0020179953893070817,-1.3910528001846776e-07,-4.885451535972919e-06,0.005319645519829085
20.626,-0.44294535110376687,0.5320996084596468,-1.9974194331467026,-0.25565851515677224,-0.951482121784337,1.6656283062907502,825,1,0.05038784519613747,-0.02959226612657679,-0.002016939663637431,2.0297667665015474e-07,-4.832853314076606e-06,0.005323185601613922
20.651,-0.44899380421984086,0.510118450420676,-1.958572701169306,-0.2133267223687995,-0.8126705298981758,1.4370119333718208,826,1,0.05039932901866178,-0.02954648347026125,-0.002016083066669784,4.5575960677608706e-07,-4.994079526233581e-06,0.005324290308616102
20.676,-0.45361168722220624,0.4914660819647403,-1.9255688364781156,-0.17440474752572463,-0.6783025218610353,1.201297079990758,827,1,0.05045498956272121,-0.02961979691127298,-0.002015520259094335,9.184815789396127e-07,-4.961737156459497e-06,0.005323605371048899
20.701,-0.4577140415961272,0.4762033243276238,-1.8985078471697672,-0.14328811934154492,-0.5423579684161896,0.9663391774295822,828,1,0.05044819872682881,-0.029594949718287033,-0.0020152155900047502,1.2658007244557574e-06,-5.2153932017662085e-06,0.005325702902797038
20.726,-0.4607760931892836,0.4643481835439304,-1.8772518776066358,-0.10396191074832659,-0.4100368139057739,0.7396431568158662,829,1,0.05047851083998795,-0.029583864312585046,-0.0020150764731322133,1.4310999378822225e-06,-5.4761370070735666e-06,0.005325934900390079
20.751,-0.4629121371335436,0.4557014836323348,-1.8615256893289733,-0.07047869613387003,-0.2837180198401527,0.5278330623895324,830,1,0.050509344928372016,-0.029585008356799287,-0.0020150732545251883,1.6453127568337143e-06,-5.5348048407472945e-06,0.005326043523491291
20.776,-0.46430002799597714,0.4501622825519226,-1.8508602244871588,-0.04534059665417125,-0.16079725091286104,0.3398834185552262,831,1,0.05052039577384699,-0.029565968111748248,-0.0020151836904118915,1.7140520094775706e-06,-5.661910482610798e-06,0.005329014509744362
20.801,-0.46517916696625206,0.4476616210866922,-1.844531518401213,-0.011205374887371784,-0.04120691657256645,0.18641673788743332,832,1,0.05049488887726567,-0.029476872299200513,-0.002015529135876035,1.602758812078559e-06,-5.825736100327949e-06,0.005332211481148355
20.826,-0.46486029674034574,0.44810193672329424,-1.841539387592787,0.02862010641654326,0.06894542804917426,0.07611231780506492,833,1,0.05050860340593631,-0.02949619519063246,-0.0020161726174561163,1.7454129263886773e-06,-5.80002778718869e-06,0.005331736631999323
20.851,-0.4637481616454249,0.451108892489151,-1.8407259025109595,0.0535411053413485,0.1549709931682897,0.015373993650138255,834,1,0.05053685576090382,-0.029535096805823315,-0.002017018924866668,1.8814758571253773e-06,-5.786520534706903e-06,0.005329588372339519
20.876,-0.4621832414732783,0.45585048638170883,-1.84077068791028,0.0711403985032567,0.2160990496008999,-0.017916701636080137,835,1,0.05052379251046004,-0.029567330576768247,-0.002017958447169078,1.9876916460119788e-06,-5.8331302120902454e-06,0.005330235558676096
20.901,-0.460191141720262,0.46191384496919613,-1.8416217375927635,0.06431539329483181,0.24867467779633304,-0.07159220656085503,836,1,0.05054978593559807,-0.02961687989116519,-0.002019105117180504,2.211023676081545e-06,-5.827029141463198e-06,0.005332291653674467
20.926,-0.45896747180853686,0.4682842202715248,-1.8443502982383224,0.04461180554178593,0.24055206511560004,-0.16918806412088408,837,1,0.050548595203585796,-0.029513059755453767,-0.002020368465354343,1.9646331148833536e-06,-6.026266704361238e-06,0.0053280683313506536
20.951,-0.45796055144317266,0.4739414482249763,-1.8500811407988078,0.014876666675914595,0.21435933942636903,-0.3050468555180742,838,1,0.050492765048818236,-0.029582912811670227,-0.0020216845080564534,2.1737692884908834e-06,-6.056448592459862e-06,0.005326767025618773
20.976,-0.4582236384747411,0.4790021872428434,-1.8596026410142263,-0.0553348435555504,0.18928277438386718,-0.4689607296092224,839,1,0.05047026558560401,-0.029651077784192296,-0.0020227868992425454,2.484012313315155e-06,-5.8701140433394105e-06,0.005325171238027637
21.001,-0.4607272936209502,0.4834055869441698,-1.8735291772792693,-0.15481159298900485,0.15810120397022562,-0.6534485423220722,840,1,0.05047095183987059,-0.0296246800307956,-0.0020232790063601652,2.4302311283337876e-06,-5.7032523486270285e-06,0.005323746239750478
21.026,-0.4659642181241915,0.4869072474413548,-1.8922750681303304,-0.2648007594072161,0.12974608495143497,-0.8523326006726379,841,1,0.05044468354014996,-0.029564696360260233,-0.002023266971762017,2.3805858934327746e-06,-5.481557441424837e-06,0.005320104689689482
21.051,-0.47396733159131027,0.4898928911917412,-1.916145807312899,-0.37622782349432193,0.1099810562439991,-1.0598752548381212,842,1,0.05045812144885863,-0.029499515160939262,-0.002022982781795327,2.2033701893249635e-06,-5.113275841714239e-06,0.005316602399672831
21.076,-0.48477560929890784,0.4924063002535548,-1.9452688308722372,-0.4821796726431314,0.08472513558079421,-1.2705764794269656,843,1,0.05048343674176169,-0.02943835956420349,-0.002022512021840538,2.106358615346292e-06,-4.8177611941199825e-06,0.005311168668400682
21.101,-0.4980763152234672,0.49412914797078095,-1.9796746312842481,-0.5907372031908813,0.06475456446436675,-1.478835783038438,844,1,0.05043886013896485,-0.029474815999903654,-0.0020217978930316045,2.157743104483188e-06,-4.767444931646043e-06,0.005306434112950235
21.126,-0.5143124694584523,0.4956440284767732,-2.01921062002416,-0.6896434695671418,0.055333432495265115,-1.6779740860894805,845,1,0.050409921192026266,-0.029435398380941807,-0.0020212958056953457,2.107912126320511e-06,-4.7479538842391954e-06,0.005303137435638804
21.151,-0.5325584887018248,0.49689581959554424,-2.0635733355887234,-0.7883069008359493,0.04341384796753747,-1.8655540983028902,846,1,0.05042305571508723,-0.029553878133907842,-0.0020209787510832673,2.614611725163454e-06,-4.600674289626436e-06,0.0052949017480772515
21.176,-0.5537278145002476,0.49781472087514994,-2.1124883249392994,-0.8959810893483705,0.034588556580152426,-2.0384873040033624,847,1,0.05039403545555129,-0.02957061513926118,-0.002021114429303112,2.7695218405985774e-06,-4.492450367621575e-06,0.00528823020205893
21.201,-0.5773575431692439,0.4986252474245519,-2.165497700788893,-0.9951880088648904,0.0283471005614873,-2.1916920804776696,848,1,0.05039244901778665,-0.02958521968995603,-0.0020216506009957938,2.9098120247175933e-06,-4.48996000571413e-06,0.005280694036956872
21.226,-0.6034872149434928,0.4992320759032243,-2.2220729289631844,-1.094049731432134,0.023078163976982483,-2.3227290717829723,849,1,0.050380584016725155,-0.02958527864314121,-0.0020225378734079957,3.081057172403479e-06,-4.406590315297582e-06,0.0052747485555166935
21.251,-0.6320600297408514,0.49977915562340103,-2.281634154378043,-1.1924147547951311,0.023172712225952522,-2.429929999227661,850,1,0.05038178511485212,-0.029562944226797935,-0.0020235887726695783,3.0111904053198607e-06,-4.384448838029904e-06,0.005267440543472289
21.276,-0.6631079526832502,0.500390711514522,-2.343569428924569,-1.2925662662421658,0.022179661942486478,-2.510691452351264,851,1,0.05040419559955591,-0.029489683147605403,-0.0020252407052174124,2.800288073150834e-06,-4.2852593983576365e-06,0.005261672686869414
21.301,-0.696688343052956,0.5008881387205253,-2.4071687269955993,-1.3841662010676405,0.01724142313217467,-2.5637903028303635,852,1,0.050400209240726544,-0.029363454402014953,-0.00202735084157364,2.6206386843170547e-06,-4.045912933089358e-06,0.005254979869422746
21.326,-0.7323162627366332,0.5012527826711307,-2.471758944066089,-1.4631189794304458,0.011418661384319077,-2.588489481061725,853,1,0.05040395454211497,-0.029296230549320384,-0.0020296423126609027,2.464047134766782e-06,-3.984635515243342e-06,0.00524781133841147
21.351,-0.7698442920244793,0.5014590717897413,-2.5365932010486874,-1.5194875106320833,0.0022176523713057466,-2.583471628946955,854,1,0.05040706224604462,-0.02927275921296175,-0.0020319875349473922,2.515978194411932e-06,-3.8511573026518435e-06,0.005241183152952813
21.376,-0.8082906382682384,0.501363665289696,-2.600932525513439,-1.5564421089450753,-0.005853240644604268,-2.549530343741199,855,1,0.05039684410614008,-0.029333512448523117,-0.002034424309215826,2.829020255593147e-06,-3.711894358940194e-06,0.005232317384757147
21.401,-0.8476663974717342,0.501166409757511,-2.664069718235749,-1.584922345385941,-0.002697673889558037,-2.488590836987656,856,1,0.05037783328565243,-0.029379061713458582,-0.0020373541067668114,3.0707332484697314e-06,-3.5705431591357103e-06,0.005222980339433297
21.426,-0.887536755537531,0.5012287815952181,-2.7253620673628145,-1.5912843120974225,-0.0009784818325808547,-2.4008971362359612,857,1,0.050423055426903944,-0.029390852861260634,-0.0020404805617306693,3.0882998446969557e-06,-3.30607893882854e-06,0.00521651284963472
21.451,-0.9272306130766065,0.501117485665882,-2.784114575047549,-1.5540862980500483,-0.005812671920504193,-2.2858400331199245,858,1,0.05043511445800362,-0.029416079862868528,-0.0020436888772459956,3.146287267645903e-06,-3.276060233065061e-06,0.005210826074822338
21.476,-0.9652410704400345,0.5009381479991929,-2.8396540690188123,-1.4615723403692007,-0.007856736315587809,-2.1469775877045953,859,1,0.05044598709387523,-0.029458245421630173,-0.0020464988258191616,3.2487325662458645e-06,-3.350170569219648e-06,0.00520263289789178
21.501,-1.0003092300950676,0.5007246488501026,-2.89146345443278,-1.3335465488179465,0.00026184196621148085,-1.9884582697578586,860,1,0.05051512217996922,-0.02956872558257485,-0.002048704403660491,3.687678661521468e-06,-3.3703121380194177e-06,0.005194397497257925
21.526,-1.0319183978809328,0.5009512400975035,-2.9390769825067067,-1.1889561226180465,0.0007063365352122776,-1.8110835175577353,861,1,0.050585351164124825,-0.02953593471824462,-0.002050783808393793,3.780436828809946e-06,-3.2975395144810492e-06,0.005188701351735378
21.551,-1.0597570362259665,0.5007599656768632,-2.982017630310662,-1.0400708330545767,-0.0029047661767278164,-1.6186693689927747,862,1,0.05059491332401573,-0.029594008674650438,-0.0020529210335295846,4.172089422494645e-06,-3.531532346141666e-06,0.005181618394736089
21.576,-1.0839219395336623,0.5008060017886671,-3.0200104509563466,-0.8940450971514975,0.00051543893961891,-1.4167003580498936,863,1,0.05062013462024046,-0.02959180473144878,-0.0020551174532227484,4.278596801418313e-06,-3.717679934426911e-06,0.005176321717442691
21.601,-1.104459291083542,0.5007857376238442,-3.0528526482131575,-0.7519064979944039,0.0006659827078814201,-1.2080749754470428,864,1,0.0506345586884008,-0.029607233077244385,-0.0020572736606207826,4.3817930572641005e-06,-3.935142975310032e-06,0.005172335907513308
21.626,-1.121517264433383,0.5008393009240611,-3.0804141997286996,-0.6165822101757269,-0.0011706126277743866,-0.9978499274510302,865,1,0.05064168621616049,-0.02959965854305887,-0.0020594233692196495,4.458085825759703e-06,-3.994236651323157e-06,0.005168332239677406
21.651,-1.1352884015923288,0.5007272069924554,-3.1027451445857097,-0.49077471400212364,-0.0031417955892855797,-0.7915151326284248,866,1,0.05060374709594321,-0.029617722566652228,-0.002061554616916701,4.54399306276969e-06,-4.384695338534902e-06,0.005164459516367796
21.676,-1.1460560001334879,0.5006822111445969,-3.1199899563601186,-0.3543378829148252,0.0011232615341904956,-0.5951033598545323,867,1,0.05050373095557126,-0.029592748348369082,-0.0020634198555456547,4.491972490656106e-06,-4.70388994015421e-06,0.005160867983763487
21.701,-1.1530052957380703,0.500783370069165,-3.1325003125784368,-0.21729116943452056,-0.003083599176816288,-0.4162084577147536,868,1,0.05053280166782868,-0.02957108566289275,-0.002064968209890506,4.581289650728712e-06,-4.702856086785957e-06,0.005157089554026442
21.726,-1.156920558605214,0.5005280311857561,-3.1408003792458565,-0.08725842387701342,-0.004728343560771386,-0.2607679508705692,869,1,0.05051072154993894,-0.029625321058042338,-0.002066314752969569,4.712913176068032e-06,-4.757442903910228e-06,0.0051547858810896885
21.751,-1.157368216931921,0.5005469528911264,3.1376465970576213,0.03261717660730976,-0.0012361304483832038,-0.13559721314692105,870,1,0.05057891131166263,-0.029617219524554268,-0.002067773001889176,4.9205426360180755e-06,-4.357567544674809e-06,0.0051522434892292785
21.776,-1.1552896997748485,0.5004662246633369,3.1356050672763844,0.1416312725494509,-0.0020924865176709185,-0.04909600387178971,871,1,0.05053933251360618,-0.029615049638748836,-0.0020692037129975333,4.8089606711028935e-06,-4.272244275986663e-06,0.005150088086320213
21.801,-1.150286653304449,0.5004423285652428,3.135191796864032,0.22484940982370763,0.0010843664480675154,-0.00862768106336441,872,1,0.05060918528285445,-0.029610443185691348,-0.002070894055860583,4.694700598243253e-06,-4.114186688630939e-06,0.005147499251173071
21.826,-1.144047229283663,0.5005204429857403,3.135173683223216,0.26720762084730576,0.0028093192947253477,-0.007275427514663487,873,1,0.05058851990871133,-0.02957447728647659,-0.0020723821357774303,4.472394993815099e-06,-3.983458293483752e-06,0.005144459203892539
21.851,-1.1369262722620834,0.5005827945299791,3.1348280254882988,0.2838641374126109,0.003275720668511848,-0.02872992349399043,874,1,0.0505753341653349,-0.029560052425992314,-0.0020735955271090306,4.277517493847355e-06,-3.896450181324167e-06,0.005142392331592249
21.876,-1.1298540224130322,0.5006842290191659,3.1337371870485167,0.26848259717333683,0.014712720514853185,-0.06472424281759445,875,1,0.05054620984338463,-0.02958268445161271,-0.0020743662882416933,4.416714816880473e-06,-3.8223998461757785e-06,0.005141091026604015
21.901,-1.1235021424034164,0.5013184305557218,3.131591813347419,0.21779236170352062,0.04206123454694639,-0.11228467622963229,876,1,0.05056742856470759,-0.029579902926346387,-0.002074980301851225,4.315491963930322e-06,-3.60368255075649e-06,0.005139929459875603
21.926,-1.1189644043278568,0.5027872907465131,3.1281229532370354,0.12581665062110492,0.07747345470394575,-0.16972645087063512,877,1,0.05058909814110606,-0.029555428046254134,-0.002075361758556439,4.149677226096914e-06,-3.2686670351331147e-06,0.005137876692054351
21.951,-1.117211309872361,0.5051921032909191,3.123105490803887,0.02634576764880732,0.12663454564124696,-0.23598122736538604,878,1,0.05054667405685729,-0.029576947897839084,-0.0020758115130366946,4.189692531672777e-06,-3.286676802752651e-06,0.005134147849891668
21.976,-1.1176471159454164,0.5091190180285755,3.116323891868766,-0.07282141198510568,0.18355720576391304,-0.30846877830502445,879,1,0.05061635171939362,-0.029546996381092455,-0.0020764214972946583,4.099323457501811e-06,-3.070879230345062e-06,0.005131761653698043
22.001,-1.1208523804716164,0.5143699635791149,3.1076820518886357,-0.180029806029249,0.23996067116514133,-0.3844012412998533,880,1,0.050629854181073755,-0.02954472551902044,-0.0020769999870828785,4.2613599634555615e-06,-3.039387620263458e-06,0.005129192808851362
22.026,-1.126648606246879,0.5211170515868327,3.097103829803773,-0.27545729354390824,0.3047983447562226,-0.46382018183527024,881,1,0.050612687576342116,-0.029551662750176157,-0.002077545564280042,4.3666061789712e-06,-3.167200290519975e-06,0.005125204900697093
22.051,-1.134625245148811,0.5296098808169252,3.0844910427968735,-0.371940320152139,0.3698333362525111,-0.544493580981894,882,1,0.05062683670081948,-0.02951623770689212,-0.002078463822290223,4.38613680324787e-06,-3.1776340860831457e-06,0.005122308280333387
22.076,-1.1452456222544862,0.5396087183994586,3.069879150754678,-0.46133707549938185,0.43146343696719935,-0.6245459888483662,883,1,0.050553238163684025,-0.029512264630953553,-0.002080001308090797,4.404841664953253e-06,-3.4280544488123675e-06,0.005119176208063288
22.101,-1.1576920989237804,0.5511830526652854,3.0532637433544547,-0.5432305934874659,0.48869504852520257,-0.7025909189169866,884,1,0.05055520327447696,-0.029513038197130685,-0.0020820564701081686,4.40733497476641e-06,-3.4051784202452564e-06,0.0051151949241549505
22.126,-1.17240715192886,0.564043470825719,3.034749604808828,-0.6281690926098449,0.551432911784072,-0.7775844476083438,885,1,0.050519719574339324,-0.029588175733672575,-0.00208434495909074,4.601901908434653e-06,-3.388004856002897e-06,0.00510887345930712
22.151,-1.1891005535542731,0.5787546982544894,3.014384520974037,-0.7058789853290738,0.6186393557382482,-0.849502284396641,886,1,0.05049355168583653,-0.029581393451855235,-0.0020867463408994263,4.699705603217775e-06,-3.1046197579682386e-06,0.005103401577521214
22.176,-1.2077011011953116,0.5949754386126297,2.9922744905889984,-0.7848485696834406,0.682129533884032,-0.916396725889688,887,1,0.05048005021044027,-0.029580449450390088,-0.0020891969016142834,5.021923660810008e-06,-2.648137083636513e-06,0.005098597996580015
22.201,-1.2283429820384457,0.6128611749486915,2.968564684679552,-0.8619533459948825,0.7420984584378859,-0.9769743678542081,888,1,0.05043557714926627,-0.02954448380610268,-0.002091586654650777,5.184226678836061e-06,-2.1848821614896545e-06,0.005094309433434144
22.226,-1.2507987684950563,0.6320803615345245,2.9434257721962873,-0.9361066001384932,0.7969086459344419,-1.030554656995116,889,1,0.05040345055840344,-0.029549427537791318,-0.0020936596242348607,5.306614777838294e-06,-1.727948450393392e-06,0.005088830619801052
22.251,-1.275148312045371,0.6527066072454142,2.9170369518297954,-1.000120265449084,0.8572597125498793,-1.0771816271426473,890,1,0.050355000672198814,-0.029566256003483966,-0.002095058425189535,5.590410086735385e-06,-1.2442184797257134e-06,0.005083082209427438
22.276,-1.3008047817675112,0.6749433471620191,2.889566690839154,-1.0685063842223106,0.9185113681945245,-1.1154618912332928,891,1,0.05039811040032114,-0.02952622984315723,-0.0020960704312761977,5.718690937545028e-06,-6.871956299148381e-07,0.00508002611513364
22.301,-1.3285736312564835,0.6986321756551378,2.861263857268134,-1.1345553495525456,0.9706718165199142,-1.1445136079292533,892,1,0.050346058602907535,-0.02948956708049979,-0.0020971613774997,5.755009705624696e-06,-5.510270182681314e-07,0.005075768754981372
22.326,-1.3575325492451393,0.7234769379880155,2.8323410104426907,-1.1898869866952797,1.0192577371061884,-1.1644813109245267,893,1,0.050401280723765554,-0.029491889138883214,-0.0020980866002203043,5.842636398498217e-06,-1.4379316719673213e-07,0.005070424775764081
22.351,-1.3880679805912484,0.7495950625104479,2.8030397917219068,-1.257590641650519,1.0731016781286653,-1.176242755891438,894,1,0.05045632835417829,-0.0295048399604276,-0.0020990811944666243,5.851936861725072e-06,1.3520417690993864e-07,0.005064045632327252
22.376,-1.4204120813276662,0.7771320218944495,2.773528872648118,-1.3232737207329215,1.1283568078419233,-1.1790052468123868,895,1,0.05044759388713696,-0.0294978769777069,-0.0021004354553255554,5.539462770565182e-06,1.458788080561905e-07,0.005059916804881648
22.401,-1.4542316666278954,0.8060129029025449,2.7440895293812866,-1.3824573734833154,1.1720921730514688,-1.1717053316721726,896,1,0.050446147274327426,-0.029473775048535055,-0.002102371527218388,5.079855343967634e-06,2.720276970362041e-07,0.005055581587436257
22.426,-1.489534950001828,0.8357366305470196,2.7149436060645127,-1.4216505751134554,1.199290159516276,-1.1551718481395947,897,1,0.05043125061251294,-0.029523618188858118,-0.0021046648460512985,4.919162595922724e-06,4.3629364940679805e-07,0.0050513414626702155
22.451,-1.5253141953835692,0.8659774108783596,2.686330936974306,-1.4375383978417284,1.2123757313449328,-1.1293343214897185,898,1,0.05043469774581361,-0.029550197202361145,-0.0021070918152992957,4.785943344687322e-06,7.109785000874106e-07,0.00504581128388227
22.476,-1.5614118698939154,0.8963554171142671,2.658476889990026,-1.425673387755115,1.208789072698558,-1.0960208271721084,899,1,0.05038334900901836,-0.02957005200789093,-0.0021096385298957866,4.5736518550431024e-06,7.856567823588035e-07,0.005038849130225915
22.501,-1.596597864771326,0.9264168645132883,2.6315298956157,-1.3791739857765144,1.175784457250214,-1.0541434200491147,900,1,0.05044376250197781,-0.029550107247443173,-0.0021120430555913988,4.5735483520779656e-06,1.1007583154152918e-06,0.005035405501192204
22.526,-1.6303705691827421,0.9551446399767787,2.6057697189875695,-1.3128226424047043,1.1157259552613166,-1.0037361203559263,901,1,0.05046236804978057,-0.029543949661838275,-0.002114610020119231,4.61410399894526e-06,1.2577419538787148e-06,0.005032079572167521
22.551,-1.6622389968915574,0.982203162276351,2.5813430895979064,-1.2307982363021888,1.0474348230506154,-0.9464981011949679,902,1,0.05047484591708287,-0.029548845371496546,-0.0021171688017678427,4.773481211869719e-06,1.5047959635563586e-06,0.005029524687097737
22.576,-1.6919104809978525,1.0075163811293102,2.5584448139278204,-1.1423464278164157,0.9747481198856306,-0.8826383817028612,903,1,0.05052289931151051,-0.02954793717045875,-0.002120071799965349,4.960773758014438e-06,1.8583155401905158e-06,0.005025653544333713
22.601,-1.719356318282379,1.0309405682706332,2.5372111705127627,-1.0450698791378106,0.893256798065339,-0.8144452170781298,904,1,0.05053157715814813,-0.029541866522576232,-0.0021231833152028715,5.028044637930137e-06,2.0545647548789005e-06,0.005022629227208006
22.626,-1.7441639749547437,1.0521792210325778,2.5177225530739133,-0.9352205435353955,0.8035725805098234,-0.740675733147052,905,1,0.05051816195661796,-0.029527247018715508,-0.002126091086924089,5.044565816802377e-06,2.2495031576805517e-06,0.005021861778295188
22.651,-1.7661173454591494,1.071119197296125,2.5001773838554096,-0.8289684829137283,0.7060165372467876,-0.6620932431568448,906,1,0.050535244467551234,-0.029504215219142704,-0.002128426653039625,4.969749796804856e-06,2.4500605536610825e-06,0.005019115130787927
22.676,-1.7856123991004278,1.0874800478949151,2.484617890916073,-0.7205917681505789,0.6094529936534878,-0.5828626314197388,907,1,0.05054517045199314,-0.02957243917377579,-0.002130421097314159,5.010548319626031e-06,2.3911230426892568e-06,0.00501475129602522
22.701,-1.802146933866679,1.1015918469787997,2.471034252284422,-0.6063851777675435,0.5263873373248243,-0.5018700610097078,908,1,0.05058596141513842,-0.029592061074041366,-0.0021323386911866545,4.842429131927472e-06,2.380499287372686e-06,0.005012149508794888
22.726,-1.8159316579888054,1.1137994147611567,2.4595243878655872,-0.5066704039067166,0.4368711351254433,-0.42161538047102387,909,1,0.05058278340479819,-0.029525047385035662,-0.0021339411056827736,4.359809517965548e-06,2.3309085753148136e-06,0.005005971323790127
22.751,-1.827480454062015,1.1234354037350722,2.4499534832608707,-0.4053982639052953,0.3454165118913939,-0.34382351965016555,910,1,0.05054017970759128,-0.029574459236677002,-0.002135208326149437,4.129037832486322e-06,2.3541626724946003e-06,0.005004394562489684
22.776,-1.8362015711840705,1.1310702403557267,2.4423332118830787,-0.29406352706418454,0.25842546127272353,-0.2691149800829671,911,1,0.05052430715278569,-0.029547252371419138,-0.002136163442814992,3.84192567836949e-06,2.6430725235560887e-06,0.005001256664043601
22.801,-1.8421836304152235,1.1363566767987077,2.436497734256723,-0.19264422674502404,0.1677246054682356,-0.20029556366549953,912,1,0.05057309628802859,-0.029531444707658325,-0.002136937801168226,3.7798758788463053e-06,2.955052394737984e-06,0.004999152306681762
22.826,-1.8458337825213218,1.1394564706291386,2.4323184336998036,-0.09994173547908183,0.09056926950960924,-0.13797374895334416,913,1,0.05060423007304184,-0.029549454861373968,-0.002137935563880735,3.783612025768486e-06,3.0490607385694673e-06,0.004996730260108017
22.851,-1.8471807171891776,1.1408851402741882,2.429599046809056,-0.006153322724515765,0.01251679715439362,-0.08447100631196905,914,1,0.050566915466330103,-0.029511032626196334,-0.002138850380179572,3.791805395896068e-06,2.8974270125677693e-06,0.004993758873361317
22.876,-1.8461414486575476,1.1400823104868583,2.428094883384205,0.09634362037999585,-0.06770659067258837,-0.04254198109672142,915,1,0.050576695431928165,-0.029514864121154803,-0.0021397014191647345,3.9233366111700776e-06,2.906421137116141e-06,0.004989205483838647
22.901,-1.8423635361701778,1.1374998107405587,2.4274719477542197,0.1784050494943447,-0.13515212019283288,-0.015112331795457982,916,1,0.05067192239799189,-0.02942778065187854,-0.002140439644676597,3.919729657079253e-06,3.2163135096323264e-06,0.004985545584707463
22.926,-1.8372211961828309,1.133324704477217,2.4273392667944322,0.23033516985485508,-0.18841154333945465,-0.002279917867733484,917,1,0.05066740143144299,-0.029424108079140834,-0.0021408860295773885,4.098025676322659e-06,3.030840777988522e-06,0.004983834024470332
22.951,-1.8308467776774349,1.1280792335735859,2.427357951860833,0.2638203227489384,-0.21943222238328142,0.005233472371148832,918,1,0.05067256279484192,-0.029425798373393097,-0.0021413855261225574,4.438224685130829e-06,2.8443884691472213e-06,0.004982492525044074
22.976,-1.8240301800453838,1.1223530933580528,2.4276009404129897,0.2605193217405251,-0.22528498883145023,0.020451814058181902,919,1,0.0506507570277102,-0.02943928401714607,-0.0021417601205087865,4.6022857504413255e-06,2.7307299700466207e-06,0.004983126780194753
23.001,-1.8178208115904084,1.1168149841320132,2.428380542563742,0.20825791852526235,-0.19530233633650862,0.04597531398201339,920,1,0.05067127871586211,-0.02948458062972601,-0.0021422768516547656,4.767345920129768e-06,2.760594517444297e-06,0.004982320910412421
23.026,-1.8136172841191205,1.1125879765412272,2.4298997061120904,0.12884202230929298,-0.13691105381174462,0.08012457302708953,921,1,0.05061610498766244,-0.029537158479934326,-0.0021428587915411777,4.938373129725382e-06,2.567521882211671e-06,0.004982178921827132
23.051,-1.8113787104749441,1.1099694314414263,2.4323867712150964,0.03223663757282179,-0.06857067219971827,0.1200268550439781,922,1,0.0506245562042062,-0.029503667646996,-0.0021433813183349285,4.887917558816047e-06,2.5785531883701587e-06,0.004978778066098431
23.076,-1.8120054522404794,1.1091594429312412,2.4359010488642894,-0.070746438816366,-0.00990178287644902,0.16321684221374022,923,1,0.05056614211221565,-0.029462072161539163,-0.0021438228868844392,4.975149859887459e-06,2.5282838406998e-06,0.004977525223126274
23.101,-1.8149160324157625,1.1094743422976039,2.4405476133257835,-0.1798737108911227,0.04011794354504104,0.21099733881640026,924,1,0.05062005299046898,-0.029427102990097903,-0.0021443728463708548,5.192930380230708e-06,2.6393524100627732e-06,0.004978941495837242
23.126,-1.8209991377850356,1.1111653401084933,2.4464509158051095,-0.29845616506781103,0.09437275041965652,0.2610855780077655,925,1,0.05057435940166381,-0.029470904448808097,-0.002144939284395089,5.5613954379617814e-06,2.4792911461598232e-06,0.004978412951640777
23.151,-1.8298388406691533,1.1141929798185868,2.453601892226172,-0.40539621044024615,0.14326294183621005,0.3117352765076386,926,1,0.0504966544794045,-0.02951465846897113,-0.0021457050217021734,5.786409216016552e-06,2.266144624810752e-06,0.004978444935867359
23.176,-1.8412689483070468,1.1183284872003034,2.4620376796304906,-0.5011561105244207,0.19001878322619078,0.3601860050935317,927,1,0.05043168657476131,-0.029568385440000972,-0.002147344275254729,6.043031843593438e-06,2.3291139060837687e-06,0.00497595581524117
23.201,-1.8548966461953746,1.1236939189798965,2.471611192480849,-0.5918113403123342,0.23178266302129494,0.4072741266042743,928,1,0.05040779319961766,-0.029550919255732607,-0.002149693381433032,5.882486963573199e-06,2.317426311326678e-06,0.00497892963752774
23.226,-1.870859515322664,1.1299176203513683,2.4824013859607046,-0.6903156238112231,0.2667231026897994,0.45326135069301965,929,1,0.050433581735990544,-0.029557547794909867,-0.002152413357110633,5.7912751110128274e-06,2.4265901666040263e-06,0.004977221421495839
23.251,-1.8894124273859363,1.1370300741143866,2.4942742600155,-0.7896238341716199,0.31134024916260383,0.4943183129703162,930,1,0.05044350932734992,-0.029617054367622023,-0.0021554219416744682,5.937897223643837e-06,2.3375668536813205e-06,0.004974899135809002
23.276,-1.9103407070312455,1.1454846328094987,2.5071173016092207,-0.8809272944450276,0.35438462296909073,0.5304248069595143,931,1,0.050398967028622364,-0.0296175882139877,-0.002158506393489331,5.792327030427563e-06,1.9562938425120044e-06,0.004972217344859984
23.301,-1.9334587921081852,1.1547493052628401,2.5207955003634743,-0.9714176879816256,0.3924406045604145,0.5613116275619499,932,1,0.05039631175852769,-0.029632699644095196,-0.0021613439284287844,5.532708447030275e-06,1.836769075696171e-06,0.004970634556315679
23.326,-1.9589115914303274,1.1651066630375198,2.5351828829873186,-1.0589730675180302,0.4304110054113047,0.5861677530726356,933,1,0.05035493827609625,-0.029634996342450974,-0.0021641755730564633,5.383561601611659e-06,1.630612138722435e-06,0.00496908203525628
23.351,-1.9864074454840874,1.1762698555334057,2.5501038880171065,-1.1424612115179504,0.46608775805712327,0.6049714955999089,934,1,0.050354662903750166,-0.029637729780991173,-0.0021674336852023374,5.198264387173749e-06,1.7563645600083014e-06,0.004969658312673898
23.376,-2.016034652006226,1.1884110509403762,2.5654314577673145,-1.2296031936513476,0.4960435161357131,0.6190525655911029,935,1,0.05034060229566748,-0.02962659705188042,-0.002171241961907799,5.021731921021316e-06,1.850590441164943e-06,0.0049698954178983255
23.401,-2.0478876051666557,1.2010720313401917,2.581056516296662,-1.3010547309296367,0.5270170010951014,0.6246514485975663,936,1,0.05034622815412505,-0.029695775949792436,-0.0021752796445597107,4.917233999695958e-06,2.0750494650328977e-06,0.0049657341056489135
23.426,-2.081087388552704,1.2147619009951298,2.596664030197191,-1.3810216673267277,0.5672281534608333,0.6226660260365868,937,1,0.05044001250905916,-0.02963818104320851,-0.002178833531374767,4.516317130116579e-06,2.457198877595852e-06,0.004967936272682561
23.451,-2.116938688532993,1.2294334390132338,2.612189817598492,-1.4663173768806428,0.5931991887424775,0.6171672745890789,938,1,0.05038079868574473,-0.02964724169489914,-0.0021823513609381864,4.468810296323107e-06,2.3238320936045367e-06,0.004968919407018764
23.476,-2.154403257396737,1.2444218604322541,2.6275223939266454,-1.5192432968625054,0.6162798947375149,0.6026919432293102,939,1,0.05042802214149581,-0.029698597604337826,-0.002185503919280136,4.3720860150026205e-06,2.3893978329042184e-06,0.0049645728082227635
23.501,-2.1929008533761194,1.26024743375011,2.642324414759958,-1.5494191635537604,0.6303282741018322,0.581856617162418,940,1,0.0504759225178649,-0.02966025082945738,-0.002188647242109461,4.087324481152861e-06,2.3848549615076046e-06,0.0049668596743057325
23.526,-2.2318742155744262,1.2759382741373462,2.6566152247847667,-1.5308680608472418,0.6214875199007073,0.5563838534731552,941,1,0.05045529290619641,-0.02970263063674664,-0.002191691683114474,4.071862210520928e-06,2.0389796308204974e-06,0.004964136495622042
23.551,-2.269444256418477,1.2913218097451435,2.670143607433614,-1.4547135613721778,0.5985536894016977,0.5232602444332471,942,1,0.05049695978011158,-0.02967423488970486,-0.0021944145891616093,3.826913092286079e-06,2.0254436406229695e-06,0.004964853241828781
23.576,-2.304609893643036,1.3058659586074315,2.6827782370064295,-1.3351372439590914,0.5603318468182303,0.48478107331319387,943,1,0.050501608497296395,-0.029627298049028715,-0.0021967088700992708,3.548578005288971e-06,2.037474774841741e-06,0.0049664490608369765
23.601,-2.3362011186164326,1.3193384020860555,2.694382661099274,-1.1956673591546891,0.5046261675803815,0.44288747527662137,944,1,0.0505187446677331,-0.02951080694190669,-0.002198795687729409,3.1108436953128145e-06,2.0168893958623633e-06,0.004970671718341204
23.626,-2.3643932616007715,1.331097266986451,2.704922610770261,-1.064299053144791,0.4371330840421477,0.3988821741195402,945,1,0.0505401881320793,-0.0294708945331723,-0.002201110248235619,2.7734110466747007e-06,1.957283286239881e-06,0.004972855195901532
23.651,-2.389416071273673,1.3411950562881632,2.7143267698052513,-0.9233134911526967,0.38291669741698575,0.3506336061667458,946,1,0.050519334248973896,-0.02951071977934701,-0.002203776212181772,2.7005526405319915e-06,1.9937922190819345e-06,0.004972756913029065
23.676,-2.4105589361584037,1.3502431018572991,2.722454291078597,-0.7823037740512251,0.32568836358873626,0.300773054718886,947,1,0.050553553594625864,-0.029439767043962818,-0.002206534720964654,2.283246251339011e-06,2.2783806628664444e-06,0.0049766407668431
23.701,-2.4285312599762348,1.3574794744676002,2.729365422541196,-0.6545824323047618,0.2696123968954562,0.2516561338236354,948,1,0.050597651344194826,-0.0294738697662197,-0.0022091710687299746,2.269834113271199e-06,2.4710475362927373e-06,0.004977555525447998
23.726,-2.443288057773642,1.3637237217020721,2.735037097769779,-0.5328459551335931,0.21686565385912762,0.20294222749306523,949,1,0.0505934228681651,-0.029446850174228805,-0.002211888656881863,2.583751667517332e-06,2.3514344077090386e-06,0.004977942161047245
23.751,-2.455173557732915,1.3683227571605567,2.7395125339158493,-0.4134909470161693,0.1627734146809189,0.1554804147068789,950,1,0.0505650758457153,-0.029512725549733127,-0.002214642505539399,3.292106898920821e-06,2.2829848253947795e-06,0.004976750667205976
23.776,-2.463962605124451,1.3718623924361182,2.742811118505123,-0.290930268722852,0.11902454824093367,0.11143899364645293,951,1,0.050521142790947215,-0.029533741733951752,-0.002217201802712595,3.7010190743536195e-06,2.0996615845204907e-06,0.004977323876295202
23.801,-2.4697200711690566,1.374273984572603,2.7450844835981716,-0.17089474550532316,0.06650295171767867,0.07288092332883418,952,1,0.05047668800994212,-0.029532055359928807,-0.00221979670359205,4.073633972028845e-06,1.843368502686372e-06,0.0049775110085188475
23.826,-2.4725073423997173,1.3751875400220022,2.746455164671565,-0.04878395104059338,0.014140776647435314,0.04090660419962808,953,1,0.050472488685273126,-0.029581637548007734,-0.0022223568373255015,4.382599663607922e-06,1.7458098542746113e-06,0.004978095542412848
23.851,-2.4721592687210863,1.3749810234049749,2.747129813808153,0.07187190785688533,-0.031507369554763624,0.017609808944029942,954,1,0.0505180895342728,-0.029595442665992525,-0.002224878577221923,4.564281099577695e-06,1.6586548004519844e-06,0.0049773590437681625
23.876,-2.468913747006873,1.373612171544264,2.7473356551187664,0.17016536571911026,-0.07239698969384264,0.004422628884430617,955,1,0.050582509968714905,-0.029605985172864516,-0.0022275388889218487,4.7612767710408695e-06,1.5710594977831078e-06,0.004976178167523049
23.901,-2.4636510004351306,1.3713611739202827,2.7473509452523746,0.24749156232569533,-0.10224023767755468,0.0007340539487632887,956,1,0.050525904587699885,-0.02963073585100234,-0.0022301185247154834,4.982437420553483e-06,9.201414584532498e-07,0.004975305949770435
23.926,-2.456539168890589,1.3685001596603865,2.7473723578162046,0.28939908566062245,-0.12084656300442914,0.00040481205780373267,957,1,0.05053048560419458,-0.02962894826790997,-0.002232958909271361,4.9771641884235585e-06,3.782769516026218e-07,0.004973445273240492
23.951,-2.4491810461520993,1.3653188457700611,2.7473711858552647,0.2893027820028363,-0.125504940150039,0.00043861488175699835,958,1,0.05054027587160037,-0.029671145990676284,-0.0022359034768259867,5.18652321094724e-06,5.1751597065981795e-09,0.0049720231815034
23.976,-2.442074029790447,1.3622249126528845,2.7473942885602924,0.2654847055990712,-0.10581241554742454,0.0005479390270490747,959,1,0.05056741643697105,-0.029713419533366456,-0.002238870296254006,5.352733470054805e-06,-3.200963006822775e-07,0.004970371776500058
24.001,-2.4359068108721456,1.3600282249926898,2.747398582806617,0.21820207867743102,-0.08581832339650364,0.000494072173840003,960,1,0.05054597886160257,-0.0296600642297522,-0.002241502854744815,5.401615131729643e-06,-7.350492761258002e-07,0.004968538051804923
24.026,-2.431163925856575,1.3579339964830592,2.7474189921689844,0.16511220751910521,-0.06707596140743836,0.000802848247190059,961,1,0.05052749559394609,-0.029702795315719087,-0.002243848349677024,5.76484790562607e-06,-1.1511565078848925e-06,0.0049656867814982485
24.051,-2.4276512004961908,1.356674426922318,2.7474387252189767,0.12435640856283393,-0.03730555533658589,-0.0003013397240980666,962,1,0.05049568760749119,-0.02968045277667253,-0.002245551229546556,5.894592267129847e-06,-1.4736662609442753e-06,0.004963698478868087
24.076,-2.4249461054284334,1.35606871871623,2.7474039251827795,0.0893540527647639,-0.01665819581898796,-0.0014637333523914511,963,1,0.050513508030672616,-0.029602302618666483,-0.0022470352767076014,5.882113515744687e-06,-1.7194262786323374e-06,0.004964086685542226
24.101,-2.4231834978579525,1.3558415171313687,2.747365538551357,0.04850231368426814,-0.008911605406414098,-0.0009143528151600447,964,1,0.05051656308288833,-0.02953558195119952,-0.0022481416962418137,5.908168529956224e-06,-1.8348698424197451e-06,0.004965360205814416
24.126,-2.42252098974422,1.3556231384459092,2.7473582075420215,0.019957031931383255,-0.010670282370264088,0.00014345618911448606,965,1,0.05044077264618897,-0.029558125379260714,-0.002248894101686727,6.067670378510876e-06,-2.508798714463705e-06,0.004964398380932526
24.151,-2.4221856462613833,1.3553080030128555,2.747372711360813,0.00552607798432834,-0.00559670013311507,-2.625745374018756e-05,966,1,0.05043619360441865,-0.0296186572511878,-0.002249744693690823,6.205477013570242e-06,-2.757181548080541e-06,0.00496136197989587
24.176,-2.4222446858450035,1.3553433034392535,2.7473568946693345,-0.0010248966885839505,-0.00026129767007887126,-0.0002680533163168481,967,1,0.050422938394010394,-0.029618661681389203,-0.002250598643030717,6.0941146187203805e-06,-3.0561773199039778e-06,0.00495994993387919
24.201,-2.4222368910958125,1.3552949381293515,2.747359308694997,0.0026317038282996546,-0.0015048974121656185,0.0001724588153617621,968,1,0.050436936448908,-0.02962660347945119,-0.0022515653085959544,6.008151809188114e-06,-3.154517015952288e-06,0.0049587096005732365
24.226,-2.4221131006535885,1.3552680585686452,2.7473655176101026,0.007037230539301731,-0.0011054206562022117,-8.070328768816522e-05,969,1,0.050470261962560305,-0.029621122513749733,-0.0022526018625621848,5.951244511930216e-06,-3.2696569078093343e-06,0.004956513731575016
24.251,-2.4218850295688474,1.3552396670965414,2.7473552735306126,0.004933501644952472,0.0018574403058612978,-0.0002262941330410907,970,1,0.050519335654591525,-0.02960802876379277,-0.002254074765983443,5.963354454001506e-06,-3.444147987995809e-06,0.0049559708088736595
24.276,-2.421866425571341,1.3553609305839383,2.7473542029034506,0.002376304815303733,0.0075771567424713785,-0.000846641654463957,971,1,0.05050553204667369,-0.029585990991931717,-0.002255742008400029,6.097542028509788e-06,-3.6156896080676067e-06,0.004955812992593996
24.301,-2.4217662143280823,1.355618524933665,2.7473129414478894,-0.0023833531087102617,0.007479346580740902,-0.0011609325094496916,972,1,0.05049852408984002,-0.029536995080631925,-0.0022576938561575683,6.1166533974547505e-06,-3.940666397223485e-06,0.0049569971090474025
24.326,-2.4219855932267764,1.3557348979129753,2.747296156277978,-0.005116063899901418,0.001795255784671187,-0.0006199900434022877,973,1,0.05043929165676021,-0.029543761124598774,-0.002259596443929366,6.355138078105357e-06,-4.555741916889882e-06,0.004956202914017048
24.351,-2.4220220175230773,1.3557082877228985,2.7472819419457193,-0.0011612284802975216,-0.004459561958602912,-2.8455745644250948e-05,974,1,0.050437542562321996,-0.029561343288874414,-0.002261080728187687,6.586325968786507e-06,-4.781555423978488e-06,0.004955873511022184
24.376,-2.4220436546507913,1.3555119198150452,2.747294733490696,0.0004694278215211445,-0.0050028265207257405,9.643056332109131e-05,975,1,0.05045261136594399,-0.02960621476949898,-0.0022622853634931585,6.863865392439558e-06,-4.768536053922543e-06,0.0049532783463125665
24.401,-2.4219985461320013,1.3554581463968622,2.7472867634738853,-0.0008357963516925557,-0.00430258039612077,0.002574907428858499,976,1,0.050467120531728464,-0.02961431513569973,-0.0022635296371101774,7.056604312726156e-06,-4.757739464705686e-06,0.0049529521928899315
24.426,-2.422085444468376,1.3552967907952391,2.747423478862139,0.0006626906887951994,-0.0056201435963253756,0.026394778316269532,977,1,0.050452430732684544,-0.029649285487100507,-0.0022648665925971354,7.190283142108859e-06,-4.853211984858583e-06,0.004951332023364655
24.451,-2.4219654115975615,1.355177139217046,2.748606502389699,0.010158711763690176,-0.013943409246101959,0.08797775138479,978,1,0.0504429137264431,-0.02964898746967888,-0.002266090481344974,7.237980140681261e-06,-4.969228104552364e-06,0.004948588202103797
24.476,-2.4215775088801914,1.354599620332934,2.7518223664313783,0.024227972701779888,-0.030917254671213982,0.1860034921138949,979,1,0.05045318815878949,-0.029679195369150053,-0.002267048577093429,7.303334467742772e-06,-4.918227433286549e-06,0.0049460017061010815
24.501,-2.4207540129624725,1.3536312764834852,2.7579066769953937,0.043850819286363404,-0.05395153876083393,0.3163708006491505,980,1,0.05045092474246474,-0.029671639984890565,-0.002267984342521393,7.223838842748416e-06,-5.127035250120838e-06,0.004945327593901855
24.526,-2.419384967915873,1.3519020433948923,2.767640906463836,0.07896185613981203,-0.10001725469357972,0.4753568028242409,981,1,0.050423336537190756,-0.029641137303872023,-0.002268988026893002,7.085719013765076e-06,-5.174294827826972e-06,0.004945224443475694
24.551,-2.416805920155482,1.3486304137488065,2.7816745171366044,0.11932222674824908,-0.16518428429882923,0.6568997564196706,982,1,0.050481118289828285,-0.029622349169221587,-0.002270237246047303,6.891146263952071e-06,-4.849592697032763e-06,0.004944789808080598
24.576,-2.4134188565784607,1.3436428291799507,2.80048589428482,0.16350632255554431,-0.2467346773726407,0.8566309997014854,983,1,0.05045314168919485,-0.02961417431731995,-0.0022716115730959966,6.545595602848302e-06,-4.91934363376624e-06,0.004946155031661561
24.601,-2.408630604027705,1.3362936798801743,2.8245060671216793,0.22172885075309917,-0.3350623734951427,1.0699496240759503,984,1,0.05044988871077436,-0.029639474566088005,-0.0022729341607919343,6.366913133226968e-06,-4.941687706946171e-06,0.00494809632468995
24.626,-2.4023324140408056,1.3268897105051933,2.8539833754886184,0.27990235932815066,-0.42386056109097686,1.2932707369629253,985,1,0.05044003296010716,-0.0296153946973905,-0.002274276120126679,5.977263340547999e-06,-4.8725248548582655e-06,0.004951995919096689
24.651,-2.394635486061297,1.3151006518256252,2.8891696039698265,0.33287488359880274,-0.5205259584970076,1.523660305469725,986,1,0.05042179155681889,-0.029612428185680703,-0.0022756103177237,5.749222891976556e-06,-4.826970078963442e-06,0.004954424164587204
24.676,-2.3856886698608664,1.3008634125803444,2.9301663907621003,0.3928599863279591,-0.6128290157666385,1.7558302797207954,987,1,0.05038284203018973,-0.02965724668549029,-0.002276892826272372,5.6956774735120275e-06,-4.9492242777279e-06,0.004956920781702587
24.701,-2.374992486744899,1.2844592010372928,2.9769611179558675,0.45236028726535227,-0.6993364959020576,1.9862711619062863,988,1,0.05041646102960595,-0.029666508409332954,-0.002277849176946941,5.403267412133182e-06,-4.8254294481170046e-06,0.004959231700978243
24.726,-2.3630706554975984,1.265896587785241,3.029479948857416,0.5061414822332927,-0.7806028382456209,2.213519801104042,989,1,0.050416621107614294,-0.029685444472402955,-0.0022787847708612852,5.351416129653944e-06,-4.741339465529052e-06,0.004964326401967816
24.751,-2.349685412633234,1.2454290591250112,3.087637108011071,0.565530405853095,-0.8597623502691765,2.4340119555784776,990,1,0.05042928542847007,-0.029660551868609827,-0.002279893318000288,5.5180620672700065e-06,-4.508526590810449e-06,0.004968121440397902
24.776,-2.3347941352049433,1.2229084702717816,-3.132004760543244,0.621440418138661,-0.939479124913989,2.6435924143497305,991,1,0.05048188330904385,-0.02963180939725392,-0.00228094368238586,5.606679348592591e-06,-4.460052357545844e-06,0.004973103072158982
24.801,-2.3186133917263025,1.1984551028793144,-3.063368578451036,0.6650288343389116,-1.018136394628567,2.840101105062884,992,1,0.05052606893184829,-0.02959844150698917,-0.002281907854317207,5.754919167849809e-06,-4.471326362811946e-06,0.00497895194768901
24.826,-2.3015426934879972,1.1720016505403525,-2.989999705290098,0.7131124496607631,-1.098052174253381,3.023414865645854,993,1,0.05049324195519696,-0.029597183694331203,-0.0022827740335128427,5.9009650555317e-06,-4.715883788798661e-06,0.004988932428235015
24.851,-2.282957769243264,1.1435524941666446,-2.912197835168741,0.7637324703269124,-1.1760722298198145,3.1910182184280957,994,1,0.05052988204719622,-0.02960514882914544,-0.0022835835343204226,5.8192130168458165e-06,-4.7093120006557e-06,0.004996039979568791
24.876,-2.263356069971651,1.113198039049361,-2.830448794368691,0.8078977348343815,-1.2509285914714896,3.3403098623045104,995,1,0.0505262471764196,-0.029629262686578298,-0.0022843603112627222,5.845274740397276e-06,-4.951854410460276e-06,0.00500405193425192
24.901,-2.2425628825015442,1.0810060645930692,-2.7451823420535133,0.8531356246007379,-1.320862894464558,3.469641870252202,996,1,0.05052940786641899,-0.029657584256513447,-0.002285014363316532,5.776673694262707e-06,-5.050808614456705e-06,0.005011180493555549
24.926,-2.2206992887416166,1.0471548943261368,-2.6569667008560907,0.9000665387019652,-1.3914955986009117,3.5777928729851842,997,1,0.05051863835556405,-0.029663919623443998,-0.002285608747380506,5.637454758162934e-06,-5.4508443417182376e-06,0.005020136178070847
24.951,-2.1975595555664453,1.0114312846630227,-2.5662926984042516,0.9458840030533499,-1.4558085258937619,3.664098622721498,998,1,0.050544779616403884,-0.0296998952511153,-0.002286937530034549,5.56098643728396e-06,-5.739621734166503e-06,0.005027870354525311
24.976,-2.1734050885889484,0.9743644680314477,-2.473761769720013,0.9917351124627808,-1.512942453013651,3.7269074312444244,999,1,0.05056043643969977,-0.02967110446646918,-0.0022889800722119516,5.297379274925189e-06,-6.059129884407477e-06,0.005036549744392806
25.001,-2.1479727999433056,0.935784162012339,-2.3799473268420277,1.0337394787573948,-1.5783556769691651,3.7665349579631076,1000,1,0.05062444650405961,-0.029634627398910072,-0.0022912747739349992,4.951523502188268e-06,-6.265145904862206e-06,0.005045862990657817
25.026,-2.121718114651078,0.8954466841829883,-2.285435021821855,1.070304782724428,-1.637906167168228,3.7813824852898943,1001,1,0.05063430299824749,-0.029629856430802314,-0.0022935582297670732,4.86072042050888e-06,-6.4754143469637075e-06,0.005054203795187693
25.051,-2.0944575608070872,0.8538888536539323,-2.1908782025775437,1.105973457370235,-1.6931132314028212,3.772586247035354,1002,1,0.05066439256724395,-0.02956815880748615,-0.002295777307760015,4.59195481286435e-06,-6.7277229195185855e-06,0.005066145299891415
25.076,-2.0664194417825654,0.8107910226128461,-2.0968057094700847,1.1175140380308264,-1.7205507278288867,3.740921589954196,1003,1,0.050670586682192216,-0.02958155287339781,-0.0022979566672130204,4.660142602313241e-06,-6.892662445017406e-06,0.005075522282492428
25.101,-2.038581858905545,0.7678613172624867,-2.0038321230798313,1.103630224143439,-1.7032566354967706,3.684922818496049,1004,1,0.05066106313139564,-0.029576894296937665,-0.0022997832364369474,4.7119929387741826e-06,-7.170143547309383e-06,0.005083947443734413
25.126,-2.0112379305753927,0.7256281908380063,-1.9125595685452796,1.0616837356051194,-1.6575174614598174,3.605717217004687,1005,1,0.050651347707070755,-0.02961169530558925,-0.002301303837272129,4.795689776649282e-06,-7.233840283116992e-06,0.0050922043691450335
25.151,-1.9854976721252884,0.6849854441894947,-1.8235462622295942,1.0232178029426513,-1.5964033053744784,3.5040898604827615,1006,1,0.050565026741139385,-0.029528360101719147,-0.0023025146934937263,4.832645737138445e-06,-7.64816205297671e-06,0.005100424561513969
25.176,-1.960077040428263,0.645808025569287,-1.7373550755211513,0.9922936023264787,-1.528653927841857,3.3810183562425475,1007,1,0.05058021266347995,-0.029543625063344087,-0.0023038268673491583,5.031235269408493e-06,-7.722336151490837e-06,0.005108553154566425
25.201,-1.9358829920089637,0.6085527477974008,-1.6544953444174642,0.9454173013289012,-1.4598447033727717,3.2372961920472925,1008,1,0.0506034903802145,-0.029513189869825474,-0.0023048741278640654,5.039914157813478e-06,-7.738927222761966e-06,0.005116138684588438
25.226,-1.9128061753618173,0.5728157904006473,-1.5754902659187846,0.903784741590266,-1.3901298363733507,3.0750304932543235,1009,1,0.0506048198511707,-0.02949451802818979,-0.00230577173385667,4.959231229552523e-06,-7.702465899617419e-06,0.005124386149456389
25.251,-1.8906937549294498,0.5390462559787322,-1.5007438197547458,0.8462996829060523,-1.2995940031587876,2.89649081962691,1010,1,0.05064352338935165,-0.029500698452730557,-0.0023065476436298134,4.96149825824563e-06,-7.613268648760516e-06,0.005131961937549933
25.276,-1.870491191216514,0.507836090242707,-1.430665724937437,0.7752070141617914,-1.1949386285618537,2.7024418681315625,1011,1,0.050658659859924446,-0.02944918210809847,-0.0023073318480928804,4.9219424836263e-06,-7.606582025072923e-06,0.005139883709266087
25.301,-1.8519334042213624,0.47929932455064295,-1.3656217263481756,0.6990920166599847,-1.0877829196970323,2.4959361610924624,1012,1,0.05066541230283693,-0.029451941669176772,-0.0023083089978357145,5.146271374365511e-06,-7.3994792110046554e-06,0.005147464751062607
25.326,-1.8355365903835144,0.45344694425785464,-1.3058689168828124,0.6224631933988434,-0.9617758493094216,2.278973204397173,1013,1,0.05060706852243801,-0.02943836209956354,-0.0023094446446577867,5.505559081794232e-06,-7.158257632134102e-06,0.005151737679499008
25.351,-1.8208102445514198,0.4312105320851712,-1.2516730661283153,0.5401595458634846,-0.8320857447380196,2.0543862251921636,1014,1,0.05064699873490247,-0.029477180261287296,-0.0023107026650329232,5.75266945327483e-06,-6.816889645672915e-06,0.005158464233030235
25.376,-1.8085286130903397,0.4118426570209531,-1.2031496056232027,0.4454421293052072,-0.709034845482006,1.8247338378469375,1015,1,0.05063367832889588,-0.029426388134005086,-0.0023123789191287136,5.880290533307863e-06,-6.825895690196755e-06,0.005161260815381084
25.401,-1.7985381380861591,0.3957587898110704,-1.160436374235967,0.3748296512638962,-0.5850321512212464,1.5914597757567621,1016,1,0.05066463749189005,-0.029306705264808004,-0.002314247520937962,5.825121040121854e-06,-7.053850415857677e-06,0.005164090796909347
25.426,-1.789787130527146,0.3825910494598924,-1.1235766168353691,0.31536779555971334,-0.4749463936935948,1.3598867293481105,1017,1,0.05070172881836382,-0.02934605129565176,-0.0023162731248254683,6.101816187371937e-06,-6.856657478390111e-06,0.005169667065391198
25.451,-1.7827697483081733,0.3720114701263903,-1.0924420377685606,0.2447450857149712,-0.3738594603122849,1.1347268694020956,1018,1,0.050713390537853606,-0.029381101688024665,-0.0023184877257876966,6.394443519544074e-06,-6.664698638154131e-06,0.0051747542321562146
25.476,-1.7775498762413973,0.3638980764442779,-1.0668402733652633,0.18047337816619013,-0.2792373920439389,0.9185345894709365,1019,1,0.050696272789053684,-0.02938414625127113,-0.0023205874362475874,6.690561665710683e-06,-6.516486116285502e-06,0.005177519639804636
25.501,-1.7737460793998636,0.35804960052419316,-1.0465153082950132,0.11357611265530315,-0.1769867788942411,0.7141134305889173,1020,1,0.05064294042566624,-0.029413014941341575,-0.002322347921584135,6.887453864210388e-06,-6.496715854564996e-06,0.005178813374728505
25.526,-1.771871070608632,0.3550487374995657,-1.0311346018358167,0.0575663250402047,-0.07991488270244439,0.5256990128068072,1021,1,0.05070104328315307,-0.02937713301987818,-0.0023237390775296463,6.4989656016164214e-06,-6.482133478278725e-06,0.005180905669721629
25.551,-1.7708677631478535,0.35405385638907116,-1.0202303576546743,0.0015414996709317344,-0.0003946892789974343,0.3600052828228544,1022,1,0.0506726865807801,-0.029457608704229084,-0.002324994281913575,6.683237385610803e-06,-6.34774230019136e-06,0.005184066140898329
25.576,-1.7717939956250854,0.35502900303561585,-1.0131343376946738,-0.04804057096351165,0.06763405505351276,0.22027012277971678,1023,1,0.05068710779794374,-0.029394061938196044,-0.0023262956454544116,6.339432216002094e-06,-6.4503912842222244e-06,0.005183674544323879
25.601,-1.7732697916960292,0.35743555914174685,-1.0092168515156885,-0.07972790300952212,0.12187988311287583,0.11158721395554691,1024,1,0.05066724123521325,-0.02941806940912312,-0.002327198098575563,6.158584233067312e-06,-6.504726249889469e-06,0.005185262118097789
25.626,-1.7757803907755616,0.36112299719125973,-1.0075549769968963,-0.11322771474876542,0.16646635037960808,0.03925315870313584,1025,1,0.050659552609443353,-0.029400735854205693,-0.0023276755226141655,5.936737195709154e-06,-6.519580640108444e-06,0.005183900090030121
25.651,-1.7789311774334675,0.3657588766607274,-1.007254193580532,-0.12017473804550666,0.19065137040659902,0.005029079679275414,1026,1,0.050681989291967114,-0.02937768684590029,-0.0023273364974253728,5.64874733808008e-06,-6.576208205873767e-06,0.005183997202414921
25.676,-1.7817891276778366,0.37065556571158914,-1.0073035230129324,-0.12243914226610024,0.19334799572916675,-0.0014643937235625307,1027,1,0.05063319632792751,-0.02944771267672697,-0.002326320713847164,5.876323640417216e-06,-6.889804820559352e-06,0.00518517268943431
25.701,-1.7850531345467726,0.37542627644718585,-1.00732741326671,-0.11849609492225187,0.18190086124584579,-0.0008553017304091404,1028,1,0.05063669194895228,-0.029415773507083517,-0.0023252378336829646,5.672319828528091e-06,-7.201950499743948e-06,0.0051841508167574345
25.726,-1.7877139324239493,0.37975060877388156,-1.0073462880994528,-0.10562722980701561,0.1612028516851848,-0.0008293479628562632,1029,1,0.05061220812986546,-0.029445833561874423,-0.0023241581068156082,5.47645704980456e-06,-7.559562119083677e-06,0.005184133144211756
25.751,-1.7903344960371235,0.3834864190314452,-1.0073688806648529,-0.09552263301857741,0.1352494400486773,-0.0009281195206955895,1030,1,0.05063690318044791,-0.029407970638740524,-0.0023234123998134536,5.120639610748436e-06,-7.795602248103891e-06,0.005183863502484706
25.776,-1.7924900640748782,0.3865130807763155,-1.0073926940754876,-0.06754606859533159,0.10573465509844772,-0.0009357658505138566,1031,1,0.05065989711727972,-0.02937767437692205,-0.0023227917417398248,5.125667215947206e-06,-7.964743663017658e-06,0.0051836034711386725
25.801,-1.7937117994668899,0.3887731517863673,-1.0074156689573788,-0.04570900973742399,0.07949156697216518,-0.0010388811328265598,1032,1,0.05061285869002564,-0.029431999811500978,-0.0023223843306921193,5.376080754877853e-06,-8.265607886042443e-06,0.005183303838026358
25.826,-1.7947755145617494,0.39048765912492384,-1.007444638132129,-0.035224360958809375,0.05540633681725115,-0.0008282691332617158,1033,1,0.05060182348222282,-0.029443357516170037,-0.0023220285536762943,5.3812896709898915e-06,-8.336901482261172e-06,0.0051836089987088154
25.851,-1.7954730175148303,0.3915434686272299,-1.0074570824140419,-0.02136390929464463,0.03938831814027376,-0.0008369496157811676,1034,1,0.050562725961731794,-0.029443007761842218,-0.0023217419900430827,5.276920358335708e-06,-8.474291667774179e-06,0.005182695227270506
25.876,-1.7958437100264817,0.39245707503193755,-1.007486485612918,-0.017109117427174005,0.02830723164746489,-0.0011871078340774774,1035,1,0.05055170289399175,-0.029483618882521496,-0.002321578816011824,5.401956618698225e-06,-8.502172213647696e-06,0.005182569630174634
25.901,-1.796328473386189,0.39295883020960315,-1.007516437805746,-0.012660423625999338,0.017949944658275284,-0.001292215627097877,1036,1,0.05054435088792837,-0.029451257835779752,-0.0023213564356400996,5.106216477832741e-06,-8.52811720463612e-06,0.005181808450489919
25.926,-1.7964767312077816,0.39335457226485127,-1.0075510963942729,-0.007921684213307743,0.010411600088548875,-0.0009067221608738278,1037,1,0.05052475078624093,-0.02947199900040472,-0.002321096031354745,4.9590248005750494e-06,-8.463172763062804e-06,0.0051819045797347925
25.951,-1.7967245575968545,0.3934794102140306,-1.0075617739137899,-0.008153116908764408,0.004235220279507008,-0.0005612136421007028,1038,1,0.050500529900650175,-0.029443036270776456,-0.002320820818672694,4.708256705679319e-06,-8.608898054494398e-06,0.005180839778325762
25.976,-1.7968843870532198,0.3935663332788266,-1.0075791570763781,-0.0032301318724358803,0.003773398409674335,-0.00046115670727430623,1039,1,0.050484713757563165,-0.029432070720843688,-0.0023209213052624396,4.367670233387257e-06,-8.725907219615011e-06,0.005179614406789595
26.001,-1.7968860641904763,0.3936680801345143,-1.0075848317491536,0.0013908203816592548,0.002428931266628097,-0.00041273169855137706,1040,1,0.050472181270394,-0.02945390137338322,-0.002321212797425099,4.195031111505503e-06,-8.84387371021204e-06,0.005178775994012614
26.026,-1.7968148460341369,0.393687779842158,-1.0075997936613057,0.0012624780719239944,0.0025456603637409652,-0.00031289536529756747,1041,1,0.050451848606752545,-0.029476395411836123,-0.0023223269652277814,3.965827203461885e-06,-8.917694844124297e-06,0.00517738644186188
26.051,-1.79682294028688,0.39379536315270136,-1.0076004765174187,0.0004720500208499278,-0.0014645051232819797,-5.0928232546709026e-05,1042,1,0.05046239924987056,-0.029492692052534707,-0.002324077429568733,3.717462094674749e-06,-8.86211768371076e-06,0.005175840614989668
26.076,-1.7967912435330944,0.3936145545859939,-1.007602340072933,-0.0030355171163742437,-0.005419589487289856,-0.000561897880544385,1043,1,0.050427582768541875,-0.029480646840375286,-0.002326298146458109,3.3920360410501465e-06,-9.129140445060128e-06,0.005174082086195015
26.101,-1.7969747161426988,0.39352438367833686,-1.0076285714114457,-0.006108602263825615,-0.0057570747445855625,-0.0005068215491910095,1044,1,0.050435452145009343,-0.029443477666863612,-0.002328819068782709,3.1150940320064874e-06,-9.313946201893305e-06,0.005173224560909708
26.126,-1.7970966736462857,0.39332670084876464,-1.0076276811503926,-0.0071210294497746724,-0.0009895934763581719,-0.00048223249974554277,1045,1,0.050421536372678995,-0.02941299578704979,-0.002331521305440683,2.790403966142773e-06,-9.43817553757757e-06,0.005171084362800463
26.151,-1.7973307676151875,0.39347490400451895,-1.007652683036433,-0.011615089912125448,0.0033757136160308095,-0.0008413316232048141,1046,1,0.050474453598295145,-0.02940714180577711,-0.002334169590022737,2.795218186328656e-06,-9.419924466515866e-06,0.005170068364704554
26.176,-1.797677428141892,0.3934954865295662,-1.0076697477315528,-0.011155700421805312,0.0004736007068128977,-0.0003969833254657772,1047,1,0.05051180869542709,-0.02936999444122389,-0.002336685556591284,2.9213720409110397e-06,-9.527902002051508e-06,0.005168990424728766
26.201,-1.7978885526362778,0.3934985840398596,-1.007672532202706,-0.003589021927479179,-0.0007458424793260648,-4.926008079664187e-05,1048,1,0.05052860530134265,-0.029362189267363014,-0.0023388290505402714,3.2571502622661857e-06,-9.82235808903027e-06,0.005167079765234414
26.226,-1.7978568792382659,0.39345819440559987,-1.0076722107355929,0.000916894976201719,-0.00030561268343331626,5.616866243229799e-06,1049,1,0.05051321114453789,-0.029392881444930623,-0.002340417217592838,3.669376854480659e-06,-1.033111040035189e-05,0.0051655104313649116
26.251,-1.7978427078874677,0.39348330340568793,-1.0076722513593936,-0.0014149957085196417,-0.00016424843239825948,0.0003945333309296417,1050,1,0.05051240673855261,-0.029421633126087234,-0.0023416271165998715,3.977176014242936e-06,-1.0540875141887657e-05,0.005163504869639542
26.276,-1.7979276290236919,0.39344998198397996,-1.0076524840690464,-0.0013237026021829165,-0.0016983098877022395,8.959570720890552e-05,1051,1,0.050513468442442755,-0.02942010889738858,-0.002342566078556952,3.9828538779840734e-06,-1.0743355174749236e-05,0.0051612036293548595
26.301,-1.7979088930175768,0.3933983879113028,-1.0076677715740332,0.0014941176644444952,-0.004210903233166026,-0.00034192984188940523,1052,1,0.05050329272604597,-0.02943198645468758,-0.0023432390373870297,3.95194580705953e-06,-1.096935602505728e-05,0.005159619932594793
26.326,-1.7978529231404696,0.39323943682232165,-1.0076695805611409,-0.001710234231322414,-0.0015356762522566794,-0.00033773679065873325,1053,1,0.05047523177147461,-0.029434739564918492,-0.0023434867981293977,3.7678157794733647e-06,-1.1168850404496495e-05,0.005157164199606094
26.351,-1.797994404729143,0.39332160409869,-1.0076846584135664,-0.004158691592639426,-0.0023481442548356156,-9.891571096431876e-05,1054,1,0.05050662735299624,-0.029426756065696242,-0.002343313069357782,3.295713219996534e-06,-1.095494740755347e-05,0.005156091836756529
26.376,-1.7980608577201016,0.39312202960957987,-1.0076745263466889,-0.005644355031528745,-0.0011577512222282595,0.0019875947086766817,1055,1,0.05048250764772234,-0.029400797940713094,-0.002342753755764643,2.8604704146233625e-06,-1.0700610685423433e-05,0.005153619107277964
26.401,-1.7982766224807194,0.3932637165375786,-1.0075852786781327,-0.0028738361420367867,0.007415645773494605,0.012413156591915704,1056,1,0.05052851122362629,-0.02938708217386345,-0.0023421914020088975,2.5574485795117104e-06,-1.0397774930010334e-05,0.005152602711643948
26.426,-1.7982045495272034,0.3934928118982546,-1.007053868517093,0.012805716419452646,0.008435279947600507,0.036614230390634196,1057,1,0.05056227010620362,-0.029415649971865635,-0.002341767759827595,2.532848239237449e-06,-1.010366332824455e-05,0.005151422619843797
26.451,-1.7976363366597468,0.3936854805349586,-1.005754567158601,0.02745459585109039,0.007600146588324533,0.07288677036704778,1058,1,0.05056677531754406,-0.029458989084796446,-0.0023416175623410707,2.6700654179674428e-06,-9.741707730239514e-06,0.0051501139136325425
26.476,-1.796831819734649,0.3938728192276708,-1.003409529998741,0.07064692361961178,0.003165565430871497,0.12016229649781714,1059,1,0.05060726401437452,-0.02940593336143951,-0.0023417756980593095,2.602113874637769e-06,-9.417447280325667e-06,0.0051488215946023565
26.501,-1.7941039904787661,0.3938437588065022,-0.9997464523337101,0.13434559380254094,0.008262932244175063,0.17587016672263117,1060,1,0.05052304126359,-0.029458276962836125,-0.0023422084048504528,2.996551811102125e-06,-9.397480122712163e-06,0.005146826203537175
26.526,-1.7901145400445218,0.39428596583987957,-0.9946160216626092,0.19739286907229714,0.021127237278463308,0.23890771495446408,1061,1,0.05053343066570186,-0.02948791503494432,-0.002342488336125348,3.3471254942453097e-06,-8.982025328092713e-06,0.0051465497912254925
26.551,-1.7842343470251518,0.3949001206704253,-0.9878010665859877,0.28279923687046393,0.027209590125957975,0.30937533917110743,1062,1,0.05055479618457464,-0.029499678177578682,-0.0023427067989146783,3.6829538651035197e-06,-8.632946199750832e-06,0.00514610620508733
26.576,-1.7759745782009984,0.3956464453461775,-0.9791472547040537,0.3777107833621098,0.036542226391029255,0.38459240916440496,1063,1,0.05056351703559016,-0.029508508572781506,-0.002342850953135507,4.0736171339517445e-06,-8.364221506068379e-06,0.00514560888884979
26.601,-1.765348807857046,0.3967272319899768,-0.9685714461277672,0.48389649370706533,0.04261433428567602,0.4630580810278074,1064,1,0.05061320406969525,-0.02949204076109501,-0.0023428276821462124,4.195485737523475e-06,-8.083033629056085e-06,0.005146153294860135
26.626,-1.7517797535156447,0.3977771620604613,-0.9559943506526632,0.5997928429989189,0.04832603580322268,0.544342896179596,1065,1,0.050600005314857435,-0.029485367017998074,-0.002342848553897389,4.3619346614629424e-06,-7.970232367560338e-06,0.005146583858651951
26.651,-1.7353591657070997,0.39914353378013795,-0.9413543013187873,0.7086811115278827,0.06115166647113105,0.627214491127628,1066,1,0.05058920712713681,-0.029521089554284237,-0.0023429172614627485,4.450394214906124e-06,-8.01463406895859e-06,0.005146840243316573
26.676,-1.7163456979392526,0.4008347453840177,-0.9246336260962839,0.8114820035622134,0.06551308704180099,0.7107447299182278,1067,1,0.05060070603384897,-0.02956083009966537,-0.002342845867294516,4.715738539259324e-06,-8.092701968365905e-06,0.00514793061360331
26.701,-1.6947850655289884,0.40241918813222805,-0.9058170648228755,0.9126922155086351,0.0662901352613578,0.7932504391221216,1068,1,0.05056567596636615,-0.029559592134690258,-0.0023427998841932867,4.701729792757716e-06,-8.31684994314033e-06,0.005149070652890547
26.726,-1.6707110871638202,0.40414925214708564,-0.884971104140177,1.0098164166066403,0.07411049965934452,0.8740884806561464,1069,1,0.050527289372227696,-0.029558150297123158,-0.0023427476968082474,4.5728021702844215e-06,-8.712924659934441e-06,0.005150673401035978
26.751,-1.6442942446986557,0.4061247131151953,-0.8621126407900674,1.1015983441071928,0.077458259169928,0.9527561774525182,1070,1,0.050511567022559614,-0.029549417442798567,-0.0023425966370756728,4.571616212751321e-06,-8.94369191862644e-06,0.005151638561711356
26.776,-1.6156311699584598,0.4080221651055821,-0.8373332952675503,1.1919951915657123,0.08289378843943013,1.0281146635168221,1071,1,0.05047219872954266,-0.029490626403332585,-0.0023421802725665398,4.52329079450061e-06,-9.19367182644347e-06,0.005153101923887141
26.801,-1.5846944851203735,0.4102694025371666,-0.8107069076142295,1.2893459603815443,0.09911615754257223,1.0994652337056032,1072,1,0.050466308084799204,-0.02945365962026601,-0.0023416773069718957,4.483459826157395e-06,-9.410240543231107e-06,0.005154479317941229
26.826,-1.5511638719393817,0.4129779729827108,-0.7823600335822696,1.379279769510882,0.1075765571266303,1.1664700052007426,1073,1,0.050465161469164015,-0.02951271028509781,-0.0023413382143764186,4.762385005686589e-06,-9.596755060464667e-06,0.005156221397971334
26.851,-1.5157304966448284,0.4156482303934982,-0.7523834073541914,1.462717156346597,0.11490017435389968,1.2280468611129083,1074,1,0.05046411857698899,-0.029489694661619145,-0.002341281404508783,4.781883874330308e-06,-9.893767395077878e-06,0.0051567923875851344
26.876,-1.4780280141220508,0.41872298170040584,-0.7209576905266235,1.5452537624714504,0.12248773565167785,1.2833105027447718,1075,1,0.05048287168762079,-0.029520129691354487,-0.002341599761409527,4.95502915516996e-06,-1.019502430419484e-05,0.005158577589536623
26.901,-1.4384678085212548,0.42177261717608217,-0.6882178822169521,1.624208046899275,0.12711951227908191,1.3326799210567188,1076,1,0.050499465840891024,-0.02948465684121784,-0.002342159707363111,4.8488229056328366e-06,-1.0438387501793584e-05,0.005159536633736567
26.926,-1.3968176117770916,0.4250789573143596,-0.6543236944737915,1.7063359032121974,0.13505098905683885,1.3748474263585724,1077,1,0.05052105513395416,-0.029476871474963112,-0.0023429639772583827,4.944725524156018e-06,-1.0827565231681148e-05,0.005161199936211922
26.951,-1.3531510133606437,0.4285251666289242,-0.6194755108990228,1.7817908461721834,0.1446766568069448,1.4097089786314387,1078,1,0.05053320122835843,-0.029473097727332878,-0.0023437419413596607,5.081114439942779e-06,-1.107524020022022e-05,0.0051632466564069624
26.976,-1.3077280694684812,0.4323127901547069,-0.5838382455422185,1.8617343430396052,0.14616393417899012,1.4379580167688273,1079,1,0.05059076448587305,-0.02947045984859279,-0.0023443664038937917,4.992408263111689e-06,-1.1075226237723007e-05,0.0051660666755043326
27.001,-1.2600642962086621,0.4358333633378738,-0.5475776100605803,1.9383416665220956,0.1500019841137846,1.4584652898220944,1080,1,0.05054102192551007,-0.02945957134031005,-0.002345263467611971,4.960769387922417e-06,-1.1591490883719067e-05,0.005169218136559381
27.026,-1.210810986142375,0.43981288936039625,-0.5109149810511128,2.0118024822870897,0.1592145420694992,1.470919425808303,1081,1,0.05057125371414717,-0.029460515256845222,-0.0023462805074428053,4.971008554996786e-06,-1.189963219815491e-05,0.005171940271938933
27.051,-1.1594741720943134,0.4437940904413483,-0.47403163877016913,2.0871348524868485,0.1648378298421237,1.4754235076304991,1082,1,0.050539847712707586,-0.029478606553586355,-0.0023475903321516466,5.1488025660369255e-06,-1.2267741495272336e-05,0.005174456572536545
27.076,-1.1064542435180311,0.44805478085250255,-0.4371438056695866,2.155926274459366,0.17393711502364437,1.4719080404151232,1083,1,0.05053833408904186,-0.029505108426550554,-0.002348925946936295,5.420198996203446e-06,-1.2434847642324366e-05,0.005176672752770901
27.101,-1.0516778583713435,0.45249094619253066,-0.40043623674941203,2.220564823948656,0.18328973936346987,1.4606205331067172,1084,1,0.050532415862592085,-0.029540171934385226,-0.002349991649211834,5.605967706685628e-06,-1.2482440383437555e-05,0.005179524800514742
27.126,-0.9954260023205967,0.4572192678206762,-0.3641127790142497,2.2576674249427233,0.1837620938670022,1.4416045869782819,1085,1,0.05054474666268507,-0.029597125159483796,-0.0023507432086243758,5.759929105707983e-06,-1.2665244020167337e-05,0.005182617177492897
27.151,-0.9387944871242058,0.4616790508858809,-0.3283560074004968,2.251144614158093,0.17711960117323797,1.4149057982750084,1086,1,0.050534430590118876,-0.029586225503409263,-0.0023511450196430053,5.672711588041404e-06,-1.302890703878189e-05,0.005184773631012118
27.176,-0.8828687716126985,0.4660752478793376,-0.2933674891005035,2.185568764698438,0.17175430064718422,1.3804856449420182,1087,1,0.05051532731714342,-0.02958341509649018,-0.0023513912516091246,5.538740529029031e-06,-1.3275081976680245e-05,0.005187069167511603
27.201,-0.8295160488892823,0.47026676591824024,-0.2593317251533951,2.076465281471109,0.16244545711640238,1.338849296921881,1088,1,0.0505396223316983,-0.0295524609688353,-0.0023514715495084122,5.194729870365e-06,-1.3440259508196562e-05,0.0051899556993290534
27.226,-0.7790455075391416,0.4741975207351578,-0.22642502425440864,1.9450753874516038,0.15178753814619533,1.290806511008266,1089,1,0.05055587789412762,-0.029524341161877767,-0.002351642421547817,4.78639624641936e-06,-1.3414705126168108e-05,0.005193321891410476
27.251,-0.7322622795167008,0.4778561428255501,-0.1947913996029808,1.7999810894738844,0.14119606810822938,1.236384797565471,1090,1,0.050593918082795834,-0.02948925224024829,-0.0023522482512978223,4.418108503749334e-06,-1.3178829467282924e-05,0.005195923192760602
27.276,-0.6890464530654461,0.4812573241405694,-0.164605784376134,1.6692277791117964,0.1323909494690265,1.1758101673906343,1091,1,0.05064597747784256,-0.029454145886429212,-0.002353199326669842,4.019595623223535e-06,-1.269804878834169e-05,0.005198577224896326
27.301,-0.6488008905611157,0.48447569029900106,-0.1360008912334523,1.550864460460786,0.12336179428185925,1.1101642081827132,1092,1,0.05068888520578757,-0.029437310192280842,-0.0023544711314483825,3.87979667259327e-06,-1.241780796626158e-05,0.00520076905458312
27.326,-0.6115032300424057,0.4874254138546624,-0.10909757396699746,1.4283532707378386,0.11361195102278793,1.0397328627446651,1093,1,0.05071150117463972,-0.029423634355612863,-0.0023560440285725574,3.81952204825867e-06,-1.2225248614038708e-05,0.005202725036940831
27.351,-0.5773832270242227,0.49015628785014054,-0.08401424809621849,1.3026909170128957,0.10552937835313042,0.9653292810073695,1094,1,0.05074518130513927,-0.02941358682890493,-0.0023579968259905435,3.828371932335712e-06,-1.2204892273974022e-05,0.005204517046116179
27.376,-0.54636868419176,0.492701882772319,-0.06083110991662822,1.175008910785037,0.0945196521590028,0.8869405079114185,1095,1,0.050754297763280026,-0.029426672290020488,-0.00236025886626179,3.7290847548270387e-06,-1.2200199085029964e-05,0.005206064978155518
27.401,-0.51863278148497,0.49488227045809075,-0.03966722270064702,1.0514240024163777,0.08118011891492767,0.8063976546533894,1096,1,0.05077002460440036,-0.02941503212171661,-0.0023628027030101187,3.570542275535111e-06,-1.2218525731931863e-05,0.005208251191517866
27.426,-0.4937974840709441,0.4967608887180652,-0.0205112271839612,0.9293656557416331,0.06972460680055982,0.7242354278077275,1097,1,0.0507456986972468,-0.02940418660961647,-0.002365519780795708,3.485726792518209e-06,-1.2138096100666014e-05,0.0052083807346614865
27.451,-0.47216449869788774,0.4983685007981188,-0.0034554513102601856,0.8054941861792061,0.06298826297609827,0.64054147216801,1098,1,0.050749053126941085,-0.029385758698824472,-0.0023678096107734204,3.3003137286584565e-06,-1.2275747532634089e-05,0.0052093566363581615
27.476,-0.4535227747619832,0.49991030186687013,0.011515846424439915,0.6919050846378417,0.0560615670356138,0.5581682048661839,1099,1,0.050740294107410246,-0.029406601960646747,-0.0023697755266187735,3.376542489496623e-06,-1.2459194079820895e-05,0.005210452772143774
27.501,-0.43756924446599516,0.5011715791498995,0.02445295893304939,0.5668629033742975,0.044936271437014313,0.4771962950551888,1100,1,0.050652037084648265,-0.029427325870632577,-0.002371782700802526,3.235079003529509e-06,-1.2694741686332889e-05,0.005209375846772245
27.526,-0.42517962959326794,0.5021571154387209,0.03537566117719969,0.432832016176611,0.036880701597630114,0.3972143744829952,1101,1,0.05066248652512199,-0.029429094143983665,-0.0023743074064412066,2.8637410172585198e-06,-1.2459322385415186e-05,0.005209081424338217
27.551,-0.41592764365716584,0.5030156142297809,0.044313677657197945,0.31352663241799195,0.024327534492740374,0.32077898157499163,1102,1,0.050699312670411806,-0.029447440119600644,-0.002376842253188037,2.6662044946528286e-06,-1.2121281289307076e-05,0.005209997345883749
27.576,-0.4095032979723681,0.5033734921633579,0.05141461025594942,0.20100611932191528,0.015553086068984314,0.25017169494114455,1103,1,0.050695141883048814,-0.02941558994940236,-0.0023793445355703223,2.554285897344624e-06,-1.201184506350107e-05,0.00520931789614391
27.601,-0.40587733769106993,0.5037932685332301,0.056822262404255544,0.08903714740246411,0.013986881816048036,0.185482624800712,1104,1,0.05065707521445865,-0.029443992970792313,-0.0023817985160682477,2.6418735409283488e-06,-1.2179351303072173e-05,0.005207830718043581
27.626,-0.40505144060224485,0.5040728362541603,0.06068874149598495,-0.006450799577614094,-0.002817094435245653,0.1289028028071097,1105,1,0.050637548454251405,-0.029481813749090487,-0.0023841131448245102,2.755417516869553e-06,-1.2185104597097225e-05,0.005206557416819679
27.651,-0.40619987766995064,0.5036524138114679,0.06326740254461126,-0.07247025300033373,-0.011094398582732277,0.08042087568733715,1106,1,0.050639294746048454,-0.02941471817363962,-0.0023858235310502997,2.6460957153385626e-06,-1.2107293933380627e-05,0.005202299322646807
27.676,-0.40867495325226133,0.5035181163250237,0.0647097852803516,-0.13200222655043314,-0.010792419486673602,0.04139382036223379,1107,1,0.05060395953859105,-0.029430194242332487,-0.0023867996355523362,2.986046279728944e-06,-1.2101528748597145e-05,0.00520225269688179
27.701,-0.4127999889974724,0.5031127928371342,0.06533709356272287,-0.18013870656244568,-0.017766222663042366,0.015239969739137887,1108,1,0.05065052104279639,-0.029416057075447123,-0.0023877177547880677,3.1592173487363643e-06,-1.175407083367029e-05,0.005201612412858735
27.726,-0.41768188858038374,0.5026298051918716,0.06547178376730846,-0.20278793257469108,-0.021261718174194453,0.004014483981595816,1109,1,0.05062980327002869,-0.029404226406373555,-0.002388280393686613,3.6268498216675576e-06,-1.1665125404411555e-05,0.0052015418419335616
27.751,-0.4229393856262071,0.5020497069284244,0.06553781776180286,-0.21405588243149115,-0.017784208739113096,0.022174820692288617,1110,1,0.05059064351399142,-0.029383731087515772,-0.0023884792633922227,3.999835470787613e-06,-1.143310340184209e-05,0.00520002370268674
27.776,-0.42838468270195845,0.501740594754916,0.06658052480192274,-0.20058382772743774,-0.009970529904575488,0.08855522899324846,1111,1,0.050604725728562054,-0.029406727332768882,-0.0023884898613320727,4.6027747538768e-06,-1.1195952572863805e-05,0.0052002090160708555
27.801,-0.4329685770125784,0.5015511804331957,0.06996557921146504,-0.16964458483004632,0.008956193868629876,0.20259634508509694,1112,1,0.05057026134282482,-0.029384213785580728,-0.002387964170216269,5.01384716224395e-06,-1.1165208023540099e-05,0.005198255484243778
27.826,-0.4368669119434609,0.5021884044483474,0.07671034205617766,-0.12954833314853959,0.054976269815111604,0.35367983517005924,1113,1,0.050580064852055684,-0.029373966596199896,-0.0023872121559225146,5.447372817733917e-06,-1.0961389085760576e-05,0.00519749163703763
27.851,-0.4394459936700055,0.5042999939239513,0.08764957096996843,-0.07886566962653661,0.12386014038339434,0.5349460894156279,1114,1,0.050557312699553936,-0.02937965827500774,-0.0023866657499158066,5.920266017386856e-06,-1.0659139208364556e-05,0.005198608684893483
27.876,-0.4408101954247878,0.5083814114675173,0.10345764652695938,-0.03372377754665098,0.20849818106903376,0.7369856110995416,1115,1,0.05054824297309609,-0.029398773914993716,-0.002386319821026219,6.081989419162247e-06,-1.0561453442796087e-05,0.0051986416947294185
27.901,-0.44113218254733805,0.5147249029774031,0.12449885152494582,0.012340625200066437,0.3065934117756949,0.951550239670019,1116,1,0.0505833699463467,-0.029406854946806282,-0.0023859666188962513,6.27087022625059e-06,-1.0446476437181939e-05,0.005200177300937208
27.926,-0.4401931641647845,0.5237110820563011,0.15103515851045773,0.058380152769277605,0.41238033106486627,1.1729382239821995,1117,1,0.05059949476542373,-0.0294194979843477,-0.0023855121449291253,6.590726029800408e-06,-1.0204377160386312e-05,0.005203644786698711
27.951,-0.4382131749088741,0.5353439195306468,0.18314576272405667,0.10175685553084535,0.5172617853015009,1.3936969141954305,1118,1,0.050608558339752314,-0.02944639317320233,-0.0023849922127973174,6.743986396466806e-06,-1.0029116977684824e-05,0.005205334605385788
27.976,-0.43510532138824215,0.5495741713213765,0.22072000422023041,0.1386368826984621,0.618526444726928,1.6078045499648967,1119,1,0.050578713599118516,-0.02946877608868864,-0.0023846436677132698,6.913672447070284e-06,-1.0129817525042036e-05,0.005207593303390472
28.001,-0.4312813307739509,0.5662702417669936,0.2635359902223028,0.16789755231575648,0.7163144049699186,1.8101503987957122,1120,1,0.050579838452355384,-0.029477513614377907,-0.0023844403558274754,6.797559231738008e-06,-1.0026246801681758e-05,0.005210620689361475
28.026,-0.4267104437724542,0.585389891569873,0.3112275241600173,0.20011002657783578,0.8135145279711106,1.9952908481288458,1121,1,0.05059263048921955,-0.02947558099270881,-0.0023844393313158484,6.696729284449855e-06,-9.944923368675696e-06,0.005214134991376513
28.051,-0.4212758294450597,0.6069459681655468,0.36330053262873946,0.2338375267375048,0.9121991032546032,2.1602118894938864,1122,1,0.0505849127554415,-0.0294733422786101,-0.002384352566486385,6.627816982748321e-06,-9.861175513964452e-06,0.005218809843776849
28.076,-0.4150185674355788,0.6309998467326038,0.41923811863471305,0.26124092300768803,1.0087826552499657,2.3014333573760686,1123,1,0.05055834488711239,-0.029492182224877234,-0.0023839137430976295,6.942043773850103e-06,-9.610950901100976e-06,0.005223246523263916
28.101,-0.4082137832946751,0.6573851009280458,0.4783722004975445,0.28810620705869183,1.0957825304921354,2.4151410842185252,1124,1,0.05056392810308447,-0.02951664758564358,-0.002382674127521321,7.147165529747321e-06,-9.212526938332814e-06,0.00522821407032296
28.126,-0.400613257082644,0.6857889732572113,0.5399951728456411,0.3120919787313281,1.1811614542228863,2.4998325261391763,1125,1,0.05055669438126187,-0.029490208269969696,-0.002380855820126029,7.067167555883393e-06,-9.016903059578781e-06,0.005232951249393796
28.151,-0.3926091843581085,0.716443173639191,0.6033638268045051,0.33451645269505964,1.2663716871623296,2.553797405316963,1126,1,0.05059186961767731,-0.029487162030411154,-0.002378706240502831,7.214174733731878e-06,-8.680188392626208e-06,0.005238332604455553
28.176,-0.383887434447892,0.7491075576153242,0.6676850431114819,0.35999127012883814,1.3510414909912591,2.5757696427882495,1127,1,0.05060312441140595,-0.029475737870631943,-0.002376398537023031,7.296020149197943e-06,-8.419496559279618e-06,0.005243845410571441
28.201,-0.3746096208516663,0.7839952481887549,0.7321523089439195,0.38438662854172534,1.4316451644682222,2.5658868717282415,1128,1,0.05061471184235349,-0.029495563662478373,-0.002374317228367021,7.521467406428861e-06,-8.34017979953236e-06,0.005249881480359554
28.226,-0.36466810302080543,0.8206898158387363,0.7959793866978958,0.4030130286981613,1.487744560268992,2.5239918074212215,1129,1,0.05062245145187242,-0.029473162211946704,-0.0023726115229138903,7.622298779338892e-06,-8.47167202395283e-06,0.005255770181958317
28.251,-0.354458969416758,0.8583824762022055,0.8583518993149822,0.40363263968638524,1.4877458842500968,2.4502587375521587,1130,1,0.050614587789852096,-0.029483022825316233,-0.0023711838144752917,7.82614017066154e-06,-8.572042807017703e-06,0.005261495141418035
28.276,-0.3444864710364859,0.8950771100512422,0.9184923235755054,0.38335089461383715,1.4398777314856346,2.346784014584715,1131,1,0.05062336432968645,-0.029466559357422855,-0.0023697799431217762,7.949717164611786e-06,-8.5035002549031e-06,0.005266837469186555
28.301,-0.3352914246860672,0.9303763627764832,0.9756911000442114,0.37433535649304983,1.366074375187743,2.2155743543499313,1132,1,0.05066692144941647,-0.029516940391152064,-0.002368480933214194,8.133455001079958e-06,-8.269890594654533e-06,0.0052706874791749675
28.326,-0.32576970321183313,0.9633808288106304,1.0292710412930035,0.35221779794388175,1.2686987331530128,2.059502296060473,1133,1,0.05061245803381892,-0.02941618840998155,-0.0023672916638335442,7.868578779056511e-06,-8.573655084500751e-06,0.005275108092896551
28.351,-0.31768053478887287,0.9938112994341347,1.0786662148472366,0.30982103580128767,1.1465917180061551,1.8808664823474164,1134,1,0.05061568509710139,-0.029456086073803827,-0.002366014572251033,8.138949020464477e-06,-8.53337739088103e-06,0.00527864543974809
28.376,-0.3102786514217685,1.020710414710939,1.1233143654103757,0.27500694441404516,1.007156589101831,1.6843567687643217,1135,1,0.05060777576476088,-0.02943128427571633,-0.0023646527642146985,8.21601168997068e-06,-8.632436333750316e-06,0.0052826556466299655
28.401,-0.3039301875681704,1.044169128889227,1.1628840532854536,0.22871552523072236,0.8676209947929707,1.4742391304638984,1136,1,0.05060500396992137,-0.02943097723203822,-0.0023634084204748793,8.310634855614485e-06,-8.641429715617774e-06,0.005284288060294998
28.426,-0.29884287516023306,1.064091464450585,1.1970263219335662,0.19049575102539523,0.7276406538845922,1.255939201634444,1137,1,0.05063932344218439,-0.029468268212064795,-0.0023625479130212784,8.30122600199691e-06,-8.550989070323458e-06,0.005286763732755623
28.451,-0.2944054000169005,1.080551161583457,1.225681013367177,0.16272358951847746,0.5914337171240551,1.0344882244934115,1138,1,0.0506442565567998,-0.029451363232457166,-0.0023621208032512993,8.168950312226504e-06,-8.639411084989545e-06,0.0052859323233481
28.476,-0.29070669568430907,1.0936631503067882,1.2487507331582377,0.12947105498968864,0.46228486783197253,0.8153872522733936,1139,1,0.05063647848463209,-0.0294084076881292,-0.0023621004538953295,7.910720148176622e-06,-8.739188883324014e-06,0.005286529765518363
28.501,-0.287931847267416,1.103665404975056,1.2664503759808472,0.09404167029908406,0.33212348338163417,0.6077943681548972,1140,1,0.05061691987624888,-0.029393919395804238,-0.002362447158998895,7.837221159503171e-06,-8.759162325982814e-06,0.0052877183323214415
28.526,-0.2860046121693548,1.1102693244758701,1.279140451565983,0.05948034102706506,0.20352935758466464,0.41771332298998476,1141,1,0.05063096225765059,-0.029357609943521854,-0.0023630656382397147,7.445859959773031e-06,-8.623632823255425e-06,0.005287732298618056
28.551,-0.2849578302160629,1.1138418728542887,1.2873360421303452,0.026415297315746836,0.08455209053069059,0.25375418925619536,1142,1,0.05064086680411894,-0.029342754063322568,-0.0023638872709423942,7.065039348583702e-06,-8.385754038872411e-06,0.005289170865113838
28.576,-0.28468384730356744,1.1144969290024047,1.2918281610287927,-0.006347751435582437,-0.03627630220297055,0.12510385322332773,1143,1,0.05063330810206824,-0.029334258174482968,-0.0023649224530086733,6.843502668648719e-06,-8.36782599657376e-06,0.005289094193819679
28.601,-0.28527521778784204,1.1120280577441402,1.2935912347915115,-0.03910999688025718,-0.14607061682842884,0.03946675619731665,1144,1,0.050672317856093795,-0.029324768228593045,-0.0023660172965867432,6.826705455255727e-06,-8.196677923656604e-06,0.005288178656418589
28.626,-0.2866393471475803,1.1071933981609832,1.2938014988386586,-0.06183851627275772,-0.22031722429481834,-0.0010628419105884594,1145,1,0.05072318793049584,-0.02934095501876703,-0.0023671701950463402,6.9805513212762814e-06,-8.089171077058154e-06,0.00529064958005769
28.651,-0.28836714360147997,1.101012196529399,1.2935380926959819,-0.07301933734208037,-0.2658332937829684,-0.03624430284690156,1146,1,0.05072161181733667,-0.029363690943459603,-0.002368439296105327,7.3329811162587e-06,-7.9157299697111e-06,0.0052899040145444965
28.676,-0.29029031401468414,1.0939017334718355,1.2919892836963136,-0.07110352331292989,-0.2863735449858544,-0.10962822039884146,1147,1,0.05072329540105092,-0.02939203019046968,-0.0023699945679371355,7.674783781643391e-06,-7.893864848430962e-06,0.005289584893150029
28.701,-0.2919223197671265,1.0866935192801062,1.2880566816760395,-0.043192790121152014,-0.2809503494467429,-0.22460543534462155,1148,1,0.05067833066135705,-0.02943478774341336,-0.002372033825021075,8.164496504135049e-06,-7.948106430789814e-06,0.005288416874350209
28.726,-0.29244995352074177,1.0798542159994982,1.2807590119290824,0.011333832107568281,-0.2521876386112529,-0.3721706358119939,1149,1,0.05066496038773704,-0.029442482455653257,-0.0023743320539640345,8.414406381857142e-06,-7.901125020228351e-06,0.005287352550913578
28.751,-0.2913556281617481,1.0740841373495433,1.2694481498854395,0.09507760785042206,-0.203952127456694,-0.5447874459495072,1150,1,0.05065783482331552,-0.029475134786136135,-0.002376862117642198,8.65441598584691e-06,-7.830389323523232e-06,0.005283557629643331
28.776,-0.2876960731282206,1.0696566096266633,1.2535196396316066,0.19778798486772123,-0.15365075569509376,-0.7368224568034051,1151,1,0.0506394059553475,-0.029474685349512687,-0.002379620361426611,8.765621565467998e-06,-7.718035137977163e-06,0.005279644061517956
28.801,-0.2814662289183626,1.066401599564789,1.2326070270452716,0.310353199200798,-0.10862653597454598,-0.9405625812592922,1152,1,0.05063581875262035,-0.029500064269163028,-0.0023823545502030933,8.85277421538474e-06,-7.673180067598667e-06,0.005275529815918393
28.826,-0.2721784131681805,1.064225282827936,1.2064915105686413,0.42428077109370305,-0.07969360071374051,-1.1495956873909576,1153,1,0.05059383573551209,-0.02947126736620414,-0.0023847637268273694,8.790477828039979e-06,-7.861965490957377e-06,0.005270692823048964
28.851,-0.26025219036367714,1.062416919529102,1.175127242675723,0.5318110465498529,-0.05879598967300753,-1.358884283840139,1154,1,0.05060925191502997,-0.02944906956200347,-0.002386650521877355,8.562376788744462e-06,-7.958098224002686e-06,0.005263735817302181
28.876,-0.24558786084068746,1.0612854833442855,1.1385472963766337,0.6353815975807408,-0.03862705887887897,-1.5640394416057957,1155,1,0.05058858586022226,-0.029435621367870524,-0.002388041825246436,8.383312117807115e-06,-8.024773985683356e-06,0.00525641639274879
28.901,-0.22848311048463965,1.060485566585158,1.0969252705954322,0.7393406289187714,-0.02841264272481487,-1.760257446548217,1156,1,0.05058082033186289,-0.029464332064482065,-0.002389326004237581,8.121021402288215e-06,-8.036679104143226e-06,0.005250166610231404
28.926,-0.208620829394751,1.0598648512080449,1.050534424049228,0.848619917172065,-0.019777993646390154,-1.9420448976909368,1157,1,0.050576443481722765,-0.029454535417516935,-0.002390624387227647,7.961318321276999e-06,-8.013713265605342e-06,0.005244643497480762
28.951,-0.1860521146260358,1.0594966669028385,0.9998230257108841,0.9481485659319626,-0.015050199902177716,-2.105767295120341,1158,1,0.050553854046478136,-0.029419714404079075,-0.0023922372442364997,7.754134079235003e-06,-8.07450061745161e-06,0.005236876458777126
28.976,-0.1612134010981522,1.059112341212936,0.9452460592932094,1.0382801837761544,-0.009731463142443747,-2.2494951501890483,1159,1,0.05056908418857826,-0.029417187996489923,-0.0023939425600297873,7.732505397085073e-06,-8.09330890012483e-06,0.005228695682901724
29.001,-0.13413810543722735,1.0590100937457163,0.8873482682014303,1.1355095257647518,-0.002425825735592434,-2.371281322671372,1160,1,0.05056853893155603,-0.0294591241743818,-0.002395727320545935,7.958240254967141e-06,-8.138286439190015e-06,0.005220459070545204
29.026,-0.10443792480991379,1.0589910499261563,0.8266819931596392,1.2353440457667224,8.833303944744632e-05,-2.467644273345078,1161,1,0.050555820275935456,-0.02944380144597659,-0.002397629939098097,7.983480805120147e-06,-8.168521443046359e-06,0.005212068838302278
29.051,-0.07237090314889473,1.0590145103976887,0.7639660545341836,1.3191373401832698,0.0018935697995825238,-2.536075795731669,1162,1,0.05054637378918648,-0.029415030072545745,-0.0023992594238975537,7.988439777691291e-06,-8.063418730716391e-06,0.005203280153153296
29.076,-0.038481057800749376,1.0590857284161355,0.6998782033730542,1.4035002018393656,0.00486259621078837,-2.576768905258432,1163,1,0.05057042976679657,-0.029460549368108727,-0.0024003595930978754,8.165133458927986e-06,-8.050966132394619e-06,0.0051934703655080626
29.101,-0.002195893056925456,1.059257640208228,0.6351276092712601,1.4912849644382968,0.01236607990843446,-2.588764436058416,1164,1,0.0505683608817582,-0.029457687470429064,-0.002401248686778576,8.14736633525666e-06,-7.815822831406827e-06,0.005183503578308817
29.126,0.03608319042116652,1.0597040324115572,0.5704399815701314,1.5666137017751847,0.008691508975226957,-2.5724311847040573,1165,1,0.050546386776936125,-0.029496373373665275,-0.002401829735829399,8.267425934234916e-06,-7.644461887702524e-06,0.00517311406755574
29.151,0.07613479203183489,1.0596922156569895,0.5065060500360554,1.6247892239299413,0.005588938478449419,-2.527456068166833,1166,1,0.05059851526154536,-0.02948850516257078,-0.002401768721496797,8.393938507471164e-06,-7.371385490945772e-06,0.005164267762041037
29.176,0.11732265161765897,1.0599834793354797,0.4440671781617968,1.6388675188032151,0.010628901187130628,-2.453943320402923,1167,1,0.05063341412017619,-0.029550594417425902,-0.0024010104795109803,8.650387422590242e-06,-7.428843514340855e-06,0.005155405561471714
29.201,0.1580781679719968,1.060223660716346,0.38380888401590757,1.5974121945152069,0.014789888194543866,-2.353825784896133,1168,1,0.050672241560355706,-0.029594197699940764,-0.0023998068395610045,8.74664312758169e-06,-7.413388463611294e-06,0.005145639078499981
29.226,0.19719326134342044,1.0607229737452069,0.3263758889169885,1.4984026014454308,0.012299849909531526,-2.229150501385679,1169,1,0.050619986016070526,-0.029597809153571904,-0.002398530865899417,8.726494465073235e-06,-7.4849481795628454e-06,0.005136463288740429
29.251,0.23299829804426941,1.0608386532118226,0.2723513589466222,1.3610268606563758,0.002767566229291379,-2.081521241567762,1170,1,0.05061962715879094,-0.0295647427868699,-0.0023970473611287144,8.75411172294203e-06,-7.459228524587713e-06,0.005128841388483006
29.276,0.2652446043762402,1.0608613520566714,0.22229982683859886,1.2204472166058238,0.001717939699190749,-1.9141684446422347,1171,1,0.0506362089500359,-0.029541491408765788,-0.002395651458180044,8.639544466770644e-06,-7.429166059025286e-06,0.00512024262452958
29.301,0.29402065887455714,1.0609245501967821,0.17664293671451595,1.079217726595815,0.00027922245978028885,-1.7299717145416713,1172,1,0.05062526198488013,-0.029521767600675847,-0.002394560189440008,8.503427146145414e-06,-7.445933128197224e-06,0.005112708370325508
29.326,0.3192054907060317,1.0608753131796604,0.13580124111151387,0.9337849784947627,-0.003483167985285313,-1.5327285957595165,1173,1,0.050613360020066146,-0.029491071084837204,-0.002393790865680051,8.3410202033269e-06,-7.447091929326448e-06,0.005104170359593548
29.351,0.34070990779929594,1.0607503917975178,0.10000650692653906,0.791177195980166,-0.0006754911347428464,-1.3272912514742508,1174,1,0.05060863499124162,-0.029464292734410844,-0.002393340118486921,8.232567902403792e-06,-7.552938527613863e-06,0.005095827690264181
29.376,0.3587643505050406,1.0608415386229233,0.06943667853780039,0.651359013466772,0.0011243493815360334,-1.1173780657195138,1175,1,0.05056992007602549,-0.029474915411348942,-0.002393263519221223,8.273650292298964e-06,-7.98347013343329e-06,0.005089674192668481
29.401,0.373277858472635,1.0608066092665946,0.04413760364056248,0.5022981342121743,-0.003172802438800207,-0.9084921287104192,1176,1,0.05055426532288423,-0.029471702499647555,-0.002393407074021023,8.278931451933217e-06,-8.158575490867706e-06,0.0050840992528639875
29.426,0.38387925721564786,1.0606828985009833,0.024012072102281994,0.3715407976072574,-0.005738133927102236,-0.706129448148215,1177,1,0.050629514614597644,-0.02948459081530336,-0.00239383559932644,8.404597089159018e-06,-8.02832595785776e-06,0.005079557356040662
29.451,0.39185489835299814,1.0605197025702395,0.008831131233151211,0.251819708731029,-0.004449765620231297,-0.5162430197262429,1178,1,0.050586680860706015,-0.029456782291316118,-0.0023948073882537023,8.100185691298135e-06,-8.133901319403578e-06,0.005074053152809002
29.476,0.3964702426521995,1.0604604102199717,-0.001800078884030443,0.1187590634203822,-0.0038007234747938225,-0.34578678216079023,1179,1,0.050568794249456636,-0.029460596643957532,-0.002395996455809428,7.928128086683488e-06,-8.143691874738375e-06,0.005069010013053806
29.501,0.39779285152401733,1.0603296663964998,-0.00845820787488844,-0.005784020983149369,-0.002031705672709243,-0.20300059782001045,1180,1,0.05058233882435,-0.02945767367819838,-0.0023970659959733197,7.788708645647338e-06,-8.349596362482787e-06,0.005063944037617837
29.526,0.396181041603042,1.0603588249363363,-0.011950108775031158,-0.10270154129095073,-0.0009591364851591612,-0.09392863890670712,1181,1,0.05059058572228966,-0.029484183592985387,-0.002397953324577934,7.782055031218256e-06,-8.64828361367294e-06,0.005061665376209553
29.551,0.3926577744594701,1.0602817095722419,-0.013154639820223545,-0.1753333817727551,0.0003474931056324188,-0.026668094662047514,1182,1,0.050583649028030496,-0.02948573577792323,-0.002398815532065502,7.770522803725721e-06,-9.029979232313982e-06,0.005059009590380872
29.576,0.38741437251440414,1.0603761995916179,-0.013283513508133627,-0.23743943011852447,-2.0182176689864374e-05,-0.0026813159872229493,1183,1,0.05055681841274059,-0.029518445090670302,-0.002399644868811525,7.8911820466748e-06,-9.529562358556098e-06,0.0050572558197711556
29.601,0.3807858029535437,1.0602807004634074,-0.013288705619584668,-0.2625215848663694,-0.0044608255834210275,-0.0014439449979608348,1184,1,0.05052965188844904,-0.029512954074351956,-0.0024006145228761175,8.080432812858945e-06,-9.949361451179592e-06,0.005054677804553121
29.626,0.3742882932710855,1.0601531583124468,-0.01335571075803146,-0.2515928790752895,-0.007385186999559929,-0.004768441618114782,1185,1,0.050497587678082385,-0.029507979386763635,-0.0024013477613983466,8.228684139937511e-06,-1.0314195662026804e-05,0.005051869196601549
29.651,0.36820615899977904,1.0599114411134294,-0.013527127700490402,-0.20639551584573598,-0.00984335926932423,-0.010057368974081844,1186,1,0.05055267258251231,-0.02950064398980208,-0.0024018143929015814,8.426633074793865e-06,-1.0494786077302117e-05,0.005048659119091434
29.676,0.36396851747879927,1.0596609903489806,-0.013858579206735661,-0.12734593776958777,-0.020091480348471684,-0.017065293954221274,1187,1,0.050557516992266384,-0.029523880724283184,-0.0024016623901778208,8.670283936227627e-06,-1.0734465672626476e-05,0.005046483175748931
29.701,0.36183886211129956,1.0589068670960058,-0.014380392398201325,-0.034902232729321976,-0.03646139124661333,-0.025291792372250294,1188,1,0.05058125651212546,-0.02950241214074227,-0.002400999738363768,8.655120977185995e-06,-1.0794968213653885e-05,0.005042733008027792
29.726,0.36222340584233315,1.05783792078665,-0.015123168825348119,0.074797989331632,-0.0546289196603037,-0.0342862553898899,1189,1,0.050591218001289705,-0.029495460396640746,-0.0024001475065143726,8.508077892381351e-06,-1.0967794109794576e-05,0.005039067268070201
29.751,0.3655787615778812,1.0561754211129906,-0.016094705167695695,0.18512896238547308,-0.07638258412923873,-0.0449534304867332,1190,1,0.05056127526617256,-0.029473822009801653,-0.0023990813678731516,8.299728740843738e-06,-1.1116439626710319e-05,0.0050340679395400835
29.776,0.37147985396160693,1.054018791580188,-0.017370840349684863,0.29245419198330785,-0.09899962958918826,-0.05673980373895982,1191,1,0.05058059720991163,-0.029471223082145684,-0.002397914973650601,8.255878243229058e-06,-1.1106561124014732e-05,0.005031032299056093
29.801,0.3802014711770458,1.0512254396335314,-0.018931695354643684,0.4046284057111258,-0.1229238209778343,-0.06881145576411188,1192,1,0.050569771374206846,-0.029468609132568456,-0.002396824135626244,8.121250948936928e-06,-1.1201846623563483e-05,0.005026951834897519
29.826,0.3917112742471635,1.0478726005312962,-0.020811413137890707,0.5018149143834867,-0.1498670018779414,-0.08250698721097177,1193,1,0.05054941454190672,-0.029489980371483347,-0.0023959708573925895,8.016580956317308e-06,-1.1143203563181788e-05,0.005022754510193141
29.851,0.40529221689622047,1.0437320895396343,-0.023057044715192484,0.608578080011384,-0.1804243140514591,-0.09681558528640584,1194,1,0.05062752514147192,-0.029486246139246282,-0.002395395394839839,7.841291919159139e-06,-1.0837617912785942e-05,0.005019762392912148
29.876,0.42214017824773314,1.038851384828723,-0.025652192402211015,0.7254893008514592,-0.20964153878807826,-0.11043182602532851,1195,1,0.05057729395495796,-0.02947973781069425,-0.0023952611432733265,7.703021480765836e-06,-1.0881587419401535e-05,0.005017359557728586
29.901,0.44156668193879395,1.0332500126002302,-0.028578636016459148,0.823816160204758,-0.2336409304878017,-0.12416027643537038,1196,1,0.05052166258621661,-0.029470472277062603,-0.0023955604003592598,7.576323881638422e-06,-1.0914807005635117e-05,0.005013214540826878
29.926,0.4633309862579687,1.0271693383043337,-0.03186020622397901,0.9120880914684762,-0.2594526507157954,-0.1386684745152136,1197,1,0.05049134894530481,-0.029499927120172627,-0.0023962891132690615,7.5060145063588266e-06,-1.0888386852306902e-05,0.005009199347081428
29.951,0.4871710865122184,1.0202773800644402,-0.03551205974221978,1.0009360137968695,-0.293055335538335,-0.15322395600034572,1198,1,0.05051515987519171,-0.029497882142306697,-0.0023969967345386835,7.546649911091245e-06,-1.0457568227318036e-05,0.005006169777489272
29.976,0.5133777869478129,1.0125165715274167,-0.03952140402399636,1.093547429423578,-0.31869027438875086,-0.16729872368172788,1199,1,0.050526630332729285,-0.02945819636283997,-0.002397523628267455,7.2780822120548065e-06,-1.0083713094534591e-05,0.005002667899670932
30.001,0.5418484579833981,1.0043428663450025,-0.04387699592630621,1.1921140658601823,-0.3420004955100149,-0.18092593612610583,1200,1,0.050537866223468356,-0.0294653680602674,-0.002398120797012204,7.107430483411997e-06,-9.838529523369437e-06,0.004999262058894553
30.026,0.5729834902408228,0.9954165467519157,-0.048567700830301576,1.2818058705549835,-0.3686076471447151,-0.1947018901759567,1201,1,0.050470019785569004,-0.02945117388757888,-0.0023993485152394036,6.788160887339258e-06,-9.841248802157417e-06,0.004995350116342771
30.051,0.6059387515111436,0.9859124839877678,-0.05361209043510344,1.3578006088194112,-0.38938802672307093,-0.2078503115366696,1202,1,0.05046790287381731,-0.029442477816861094,-0.0024006446819194965,6.701320461726798e-06,-9.64498158962479e-06,0.004992151832317039
30.076,0.6408735206817944,0.9759471454157619,-0.058960216407135314,1.4396741258271124,-0.41074560670871646,-0.22047754853234422,1203,1,0.05048658204386045,-0.029458158148718785,-0.002401732674456508,6.787087901160001e-06,-9.344920090197905e-06,0.004987705244326659
30.101,0.6779224578025003,0.9653752036523316,-0.06463596786172096,1.5249743454687974,-0.43599000488313155,-0.23213994833435894,1204,1,0.050490558656548584,-0.02946700043776491,-0.002402543086607069,7.091197287693095e-06,-9.231791720556753e-06,0.004983418772158503
30.126,0.7171222379552353,0.954147645171605,-0.07056721382385348,1.6072135547899185,-0.459362969257744,-0.243738710120157,1205,1,0.05046696073481489,-0.02945951498052901,-0.0024031605451458613,7.387359713957677e-06,-9.034202733255092e-06,0.004977743872554229
30.151,0.7582831355419973,0.9424070551894441,-0.07682290336772886,1.6801496065074417,-0.47610904528262044,-0.255982776991145,1206,1,0.05044417818189478,-0.029460768921712645,-0.002403807417026192,7.5924653647196145e-06,-8.9632019076822e-06,0.004973967062311136
30.176,0.8011297182806026,0.9303421929074753,-0.0833663526734098,1.7519089298336983,-0.49460568955577117,-0.2663881312561107,1207,1,0.050462547673384886,-0.02949840758572781,-0.002404478552114147,8.07348981753248e-06,-8.92672366788142e-06,0.004972343651548587
30.201,0.8458785820336835,0.9176767707116552,-0.09014230993053468,1.827797434322081,-0.5175448600961967,-0.2746683574190595,1208,1,0.050468512230070824,-0.029517111563955964,-0.002405394836265032,8.647517577426588e-06,-8.83107914395085e-06,0.004969673092222287
30.226,0.892519589996708,0.9044649499026651,-0.09709977054436317,1.8954725810668702,-0.5397104216799277,-0.2825697073300275,1209,1,0.05045952787404386,-0.029527066136435517,-0.002406717525324056,9.22682485285238e-06,-8.566329324436649e-06,0.004964667533376413
30.251,0.9406522110870283,0.8906912496276584,-0.10427079529703645,1.965467269465356,-0.5606445480081854,-0.2911362806870657,1210,1,0.05049742615689711,-0.02952191762139528,-0.0024083692403702437,9.61666698266565e-06,-8.211638540897854e-06,0.004961493502982429
30.276,0.9907929534699772,0.8764327225022555,-0.1116565845787166,2.0399997287386555,-0.5795964778942683,-0.29771580970061523,1211,1,0.05048007018155242,-0.02952194891219148,-0.002410210842582722,9.964000159305103e-06,-8.016466217937836e-06,0.004960179837493312
30.301,1.0426521975239553,0.8617114257329467,-0.11915658578206627,2.10812630450416,-0.5989283588043207,-0.30222969481019674,1212,1,0.05045852641266055,-0.02952437820512159,-0.00241192548854097,1.0296321319292775e-05,-7.985595820609727e-06,0.004957243518631854
30.326,1.0961992686951867,0.846486304562039,-0.12676806931922663,2.1723189189687586,-0.6138790895647573,-0.3055177912102326,1213,1,0.050430526411315325,-0.02952056536952446,-0.002413573658404631,1.0690026348295464e-05,-7.840999652122088e-06,0.004954384990511389
30.351,1.1512681434723948,0.8310174712547084,-0.13443247534257824,2.2304214461249834,-0.6307214814928285,-0.3085463895752794,1214,1,0.050422199387997316,-0.02955293201119637,-0.0024152460426598147,1.1172360407140573e-05,-7.7224779191449e-06,0.004949429494238309
30.376,1.2077203410014374,0.8149502304873971,-0.14219538879799062,2.2786687096765132,-0.6512948297757256,-0.3109425486611306,1215,1,0.05044226658995389,-0.02955099162943667,-0.0024169659272223203,1.1378014950007703e-05,-7.508690789273721e-06,0.004945395186394322
30.401,1.265201578956222,0.7984527297659216,-0.1499796027756351,2.3434111495030585,-0.6745561932812777,-0.31272653793945615,1216,1,0.05054374465575475,-0.029541084337343253,-0.0024183404113610548,1.1554232311586495e-05,-7.092444392401286e-06,0.00494085865796721
30.426,1.3248908984765837,0.7812224208233352,-0.1578317156949627,2.409354704908845,-0.691221754565813,-0.3126554039873808,1217,1,0.05049812284868039,-0.029493126099252472,-0.0024195659282862996,1.1652830759040832e-05,-7.333828121709285e-06,0.004939804659902792
30.451,1.385669314201666,0.7638916420376305,-0.16561237297500453,2.468591455507694,-0.7000490024310213,-0.31048755856557536,1218,1,0.05052677084840703,-0.029499226697304183,-0.002420091509872937,1.1850661132581563e-05,-7.434639799707433e-06,0.004934841155399277
30.476,1.4483204712519702,0.7462199707017836,-0.17335609362324159,2.5321082510356425,-0.7195410138571265,-0.30774105668263113,1219,1,0.05047086054803498,-0.029525801731875342,-0.0024203132503996003,1.1891924895359509e-05,-7.804226117370728e-06,0.004931546944353117
30.501,1.51227472675345,0.7279145913447737,-0.1809994258091362,2.579396583831629,-0.7348149055214355,-0.3041168188204103,1220,1,0.05042988454891877,-0.029505899436477342,-0.002419977152084498,1.1918252253287323e-05,-8.164882024769935e-06,0.004926779364491285
30.526,1.5772903004435535,0.7094792254257113,-0.18856193456426218,2.6276839191144035,-0.7463633351728729,-0.2998597515580574,1221,1,0.050447948553442194,-0.02952760662964101,-0.002419107243749462,1.1905535997917783e-05,-8.33383090245186e-06,0.0049227807780785225
30.551,1.6436589227091627,0.6905964245861321,-0.1959924133870383,2.677387077663866,-0.7632691300823404,-0.29432274631701755,1222,1,0.050453069657390305,-0.029535154130476964,-0.002418097181001867,1.1802137618680464e-05,-8.693404211230416e-06,0.004917265477469845
30.576,1.7111596543267487,0.6713157689215937,-0.2032780718801131,2.7259655141055164,-0.7747131493679073,-0.28774570730406823,1223,1,0.05047604014948807,-0.029535501968249528,-0.0024168400960978987,1.1561738275067208e-05,-8.739587965116934e-06,0.004913403062523001
30.601,1.7799571984144404,0.6518607671177362,-0.21037969875224174,2.7637686302035123,-0.7882705999556959,-0.2795661888038796,1224,1,0.0504819784907964,-0.029571012055890376,-0.0024156215627223463,1.1418215088383051e-05,-8.929655746730759e-06,0.00490886395709019
30.626,1.8493480858369262,0.6319022389238084,-0.2172563813203075,2.7141498951024947,-0.7771667750860735,-0.2709877639898967,1225,1,0.050443111655220224,-0.029544982180442138,-0.00241467659458731,1.1124086760373476e-05,-9.104045870793178e-06,0.004904297814681493
30.651,1.9156646931695671,0.613002428363432,-0.22392908695173686,2.5763498708436883,-0.7411428810904085,-0.26296324460307546,1226,1,0.050477736561849326,-0.02956365358645207,-0.00241372110047725,1.090001821593524e-05,-9.17030660038107e-06,0.004900610960674474
30.676,1.9781655793791033,0.59484509486929,-0.23040454355046075,2.419048151412523,-0.6994654420024393,-0.2526464631221134,1227,1,0.05050709632107244,-0.029527365833070748,-0.0024128362508459623,1.0402698460724902e-05,-9.079006670475316e-06,0.004899823538865388
30.701,2.036617100740195,0.5780291562633095,-0.23656141010784257,2.2468403085411817,-0.6486473915083076,-0.2406501033687968,1228,1,0.05056413714454621,-0.029531578184953586,-0.002411926080849029,1.0328254169901787e-05,-8.91251040089204e-06,0.004895693917125291
30.726,2.090507594806164,0.5624127252938742,-0.24243704871890098,2.0813750799637867,-0.6007656391596842,-0.22898589222053575,1229,1,0.050652855061977795,-0.029521781663122786,-0.0024108997007872596,1.021840690251499e-05,-8.796716715223511e-06,0.004891665235629921
30.751,2.140685854738386,0.5479908743053249,-0.24801070471886943,1.9227944294064774,-0.5526264766077281,-0.21598937741727522,1230,1,0.05063401786947246,-0.029529397823935974,-0.002409939999279108,1.0040569120394724e-05,-9.166111417510295e-06,0.004888121044718354
30.776,2.1866473162764892,0.5347814014634874,-0.253236517589765,1.7556073031776018,-0.5147407139511011,-0.2033790747019575,1231,1,0.05063041412585432,-0.02953881094264057,-0.0024088604800403986,9.921330970964252e-06,-9.420056314987575e-06,0.0048828508096349236
30.801,2.228466219897261,0.5222538386077713,-0.25817965845396673,1.5949088791828943,-0.4656149822042211,-0.19027307034690197,1232,1,0.05062548334396289,-0.029467480424509838,-0.0024076180198121682,9.600774959399513e-06,-9.495587609084383e-06,0.004880123621070358
30.826,2.266392760235635,0.511500652353276,-0.26275017110711035,1.4397051002488999,-0.40606904184124915,-0.1764447529867194,1233,1,0.05063703518683138,-0.029514284097060958,-0.0024066375774442306,9.735654100227362e-06,-9.634843809633816e-06,0.004875957669344429
30.851,2.300451474909707,0.5019503865157086,-0.2670018961033027,1.2858824076608673,-0.36535489666504584,-0.16284879369139685,1234,1,0.050654388001730395,-0.029571651267115927,-0.002405963333588234,9.879828783845123e-06,-9.818004052811733e-06,0.004872745702729204
30.876,2.3306868806186793,0.49323290752002347,-0.2708926107916805,1.1366155262544735,-0.3215506869182726,-0.14709833027287691,1235,1,0.05067128026503423,-0.0295807394994431,-0.002406047003505706,9.826896376332e-06,-9.98877473718656e-06,0.004869480805116603
30.901,2.3572822512224314,0.4858728521697947,-0.27435681261694644,0.9969186177241462,-0.13518421921536175,-0.13082116055492,1236,1,0.050684747212394896,-0.029601692394409282,-0.002407061610302619,9.955930066554637e-06,-1.0117129422702146e-05,0.0048619540492885775
30.926,2.380532811504884,0.48647369655925576,-0.2774336688194261,0.8489997181579912,0.036501508723642585,-0.11593001740163812,1237,1,0.05065018930786162,-0.029599841559576515,-0.002409041092758215,9.963997361998878e-06,-1.0384748704773105e-05,0.004853104639942694
30.951,2.3997322371303316,0.48769792760597686,-0.28015331348702827,0.7067066213041062,0.08217524321663555,-0.10262868624627185,1238,1,0.050706689656737754,-0.02953056431462621,-0.002411915368268967,9.730342324842592e-06,-1.0290722493321651e-05,0.004843400561834171
30.976,2.4158681425700896,0.4905824587200876,-0.28256510313173977,0.5725532624067328,0.09674112666759412,-0.08902596307655537,1239,1,0.05073601896755815,-0.02962662346585618,-0.002414849444068914,1.003781906782571e-05,-1.026344867398071e-05,0.004837169788355809
31.001,2.4283599002506686,0.49253498393935663,-0.28460461164085593,0.4408631309475401,0.058556921596771006,-0.07526997636308046,1240,1,0.05077574748511213,-0.029579908659847453,-0.002417949939379754,9.668622736383247e-06,-9.962944963505677e-06,0.0048284890005962575
31.026,2.437911299117467,0.4935103047999262,-0.28632860194989374,0.3192998239894255,0.04155733091410832,-0.06308228498796001,1241,1,0.050739383882888914,-0.029509271980520637,-0.00242065407518112,9.346254212442e-06,-9.837542200620318e-06,0.00482122785625947
31.051,2.444324891450139,0.49461285048506193,-0.2877587258902536,0.18944951701630416,0.02066824587107911,-0.05031606257016747,1242,1,0.05072723821660318,-0.029555211663464538,-0.0024234010710651966,9.30374618975223e-06,-9.740854932504388e-06,0.004815006363956299
31.076,2.4473837749682823,0.49454371709348016,-0.28884440507840214,0.06332481469834138,-0.0071250944876276685,-0.038771439681388194,1243,1,0.050724095509747616,-0.029492632959527244,-0.002426038985046731,9.054632349524961e-06,-9.680911729204385e-06,0.004806508869993761
31.101,2.447491132185056,0.49425659576068054,-0.28969729787432313,-0.056822048109922724,-0.020544121582231886,-0.028916418599473505,1244,1,0.05070949430344578,-0.029475042999042824,-0.002428537678459434,8.980492999717956e-06,-9.742097789889345e-06,0.004799978055857103
31.126,2.444542672562786,0.49351651101436855,-0.29029022600837584,-0.1739669913693451,-0.035722440489836575,-0.01992034539240322,1245,1,0.050697591409982076,-0.029438664504403505,-0.0024309165600622257,9.248488881536967e-06,-9.661453606311734e-06,0.004792555627750523
31.151,2.4387927826165887,0.4924704737361887,-0.2906933151439435,-0.2880098721908539,-0.04085865876229399,-0.011854476665079224,1246,1,0.0506557470280732,-0.02939636340185088,-0.0024332091756409284,9.207771991605997e-06,-9.768049866651172e-06,0.004786679547106557
31.176,2.4301421789532442,0.49147357807625397,-0.2908829498416297,-0.402404734421221,-0.03526478122082127,-0.005459998211874074,1247,1,0.050629126635091656,-0.029377030512174288,-0.002435516433684052,9.249860835525686e-06,-9.873710486810393e-06,0.004779980212742499
31.201,2.4186725458955274,0.4907072346751476,-0.290966315054537,-0.5094473380941017,-0.025575227187048712,-0.0013536184828577354,1248,1,0.05061725335594568,-0.029386888416984225,-0.002437966126867844,9.11230696924367e-06,-9.962750833994336e-06,0.004774933075545203
31.226,2.404669812048539,0.4901948167169015,-0.2909506307657725,-0.5815217767357879,-0.020498619405625293,0.0012651491748627384,1249,1,0.05063099196239517,-0.029408143893975457,-0.00244038563731367,9.178097975750067e-06,-9.849639291675378e-06,0.0047697066156526
31.251,2.3895964570587376,0.4896823037048663,-0.2909030575957941,-0.5948470379636288,-0.01352735512345918,0.0014419150585176306,1250,1,0.050623153682248304,-0.029394773839484488,-0.00244246793529708,9.178451837120063e-06,-9.993066103817924e-06,0.004764747066166987
31.276,2.374927460150357,0.48951844896072855,-0.2908785350128464,-0.5529396918429578,-0.003643630649040815,0.0015326103019931187,1251,1,0.0506277744006379,-0.029398967232529445,-0.002444470846403004,9.271651095263364e-06,-1.0105990576385658e-05,0.0047614269056098545
31.301,2.3619494724665913,0.4895001221724143,-0.2908264270806946,-0.478773964147907,0.001578241611110953,0.00242066452488917,1252,1,0.05058841152993032,-0.02940681596665973,-0.0024463380674900406,9.246488209144773e-06,-1.0367599208721498e-05,0.004757040362661196
31.326,2.3509887619429612,0.4895973610412841,-0.2907575017866021,-0.3946543608270791,0.00822712423181759,0.002516399858709626,1253,1,0.05052659544028753,-0.02941766596512866,-0.002447970283462637,9.342988565669387e-06,-1.0549900385485667e-05,0.004751257528971925
31.351,2.342216754425237,0.4899114783840052,-0.2907006070877591,-0.3101358104498831,0.013028975343249797,0.0019443266812757267,1254,1,0.05049337749324997,-0.029449051315923652,-0.0024496008055959013,9.500401290394855e-06,-1.0512208282169725e-05,0.0047459943503506625
31.376,2.335481971420467,0.4902488098084466,-0.2906602854525383,-0.22805241278117125,0.017588988315460935,0.001773089203895825,1255,1,0.05047263223086275,-0.02947742010286201,-0.002451259300509883,9.701522073635729e-06,-1.0427951690715602e-05,0.004741537908789196
31.401,2.3308141337861783,0.49079092779977823,-0.29061195262756445,-0.15238104786074103,0.014563452197358934,0.0021102937128604318,1256,1,0.05043453975055726,-0.029544779606923734,-0.002452740845744387,1.0068418090958407e-05,-1.0483192215417402e-05,0.004736924010439653
31.426,2.3278629190274303,0.4909769824183145,-0.29055477076689534,-0.10329917756901916,0.004749433163985172,0.0016765472487634031,1257,1,0.05037027218863888,-0.029556652176741968,-0.0024542644822971083,1.0001995829314332e-05,-1.0656547060773325e-05,0.004732741528319359
31.451,2.3256491749077273,0.4910283994579775,-0.2905281252651263,-0.08084444814900556,0.005857534823555582,0.0014143286590772928,1258,1,0.0503751965884723,-0.029533775247173922,-0.0024559605140894677,9.750078724731415e-06,-1.0369311178548398e-05,0.004730199804390538
31.476,2.32382069661998,0.4912698591594923,-0.2904840543339417,-0.06367357551701057,0.009291506447555033,0.00176498506679221,1259,1,0.0504205808043496,-0.02953938082410557,-0.002457446238272591,9.57310161320385e-06,-1.0115320041472584e-05,0.004725989163870716
31.501,2.3224654961318767,0.49149297478035525,-0.2904398760117865,-0.051741188544677616,0.011182002978237078,0.0018274464402167918,1260,1,0.050441079913793256,-0.02954967765954362,-0.0024587854830855856,9.446789621783048e-06,-9.938337249649848e-06,0.004721473242049625
31.526,2.321233637192746,0.49182895930840415,-0.2903926820119307,-0.04410702215437185,0.016867303998201313,0.002363355177310701,1261,1,0.05048238524620298,-0.02957314245049122,-0.002460053938218518,9.485603402159914e-06,-9.500022766708134e-06,0.004716679448015418
31.551,2.3202601450241582,0.49233633998026527,-0.29032170825292103,-0.03202657146846154,0.013838139466586323,0.0025401942268210216,1262,1,0.050513403178407634,-0.02962491910374477,-0.0024609687461021367,9.766457385934766e-06,-9.346615419541967e-06,0.00470981543444409
31.576,2.319632308619323,0.49252086628173347,-0.2902656723005894,-0.0219396879724695,0.0028611528869592765,0.0017283406273449241,1263,1,0.050491687725122344,-0.029629204790644424,-0.0024614401670886477,1.01969505015439e-05,-9.49483223329028e-06,0.00470523578564325
31.601,2.3191631606255347,0.49247939762461324,-0.29023529122155356,-0.016970362599133294,0.008708781004275067,0.0017159784156284032,1264,1,0.050460618006975815,-0.029599599958995842,-0.002461518654396492,1.0480770708412617e-05,-9.748124496773034e-06,0.004701826363315805
31.626,2.3187837904893662,0.49295630533194723,-0.2901798733798082,-0.013542402841703967,0.010805356952921908,0.0016943365671018044,1265,1,0.05046902266394377,-0.029652729577733596,-0.002461251997834436,1.1149103022725702e-05,-9.925114944522712e-06,0.0046963823634862635
31.651,2.3184860404834495,0.49301966547225934,-0.2901505743931987,-0.012063529806144021,-0.0016493070626078903,0.001073956778077151,1266,1,0.05046083223306319,-0.02963622199971305,-0.00246075498459875,1.1547107109779777e-05,-1.024039347887167e-05,0.004693317538078587
31.676,2.318180613999059,0.49287383997881684,-0.2901261755409045,-0.00774657751289698,-0.003285804675821022,0.001504632424582631,1267,1,0.05046025066543537,-0.02958745977668608,-0.0024601963466618537,1.1670212957475125e-05,-1.0400289384966694e-05,0.004690722036393036
31.701,2.3180987116078047,0.4928553752384683,-0.2900753427719695,-0.002659054698739245,0.0016289288284432092,0.00204847055235821,1268,1,0.0504648614432352,-0.02957290413827619,-0.0024600740797603104,1.17851697620506e-05,-1.025951461151768e-05,0.004686588094235798
31.726,2.318047661264122,0.492955286420239,-0.2900237520132864,-0.0028120251012353093,0.0014975012485340731,0.0023329011153183313,1269,1,0.05048938106061848,-0.029579024749470047,-0.0024603555863448225,1.1778835213222513e-05,-9.975443870747009e-06,0.004682423127730059
31.751,2.317958110352743,0.492930250300895,-0.28995869771620364,0.0004035555068337913,-0.001299979511107922,0.0018380086941593727,1270,1,0.05051039336963683,-0.02956457292740874,-0.0024610725321848586,1.1526735650190967e-05,-9.759580013648233e-06,0.004677034783610694
31.776,2.318067839039464,0.4928902874446836,-0.28993185157857826,-0.0009990392821546692,0.004374971207820293,0.0016977026605681088,1271,1,0.050493337379942486,-0.029559124521691987,-0.0024622818080092547,1.127788827833973e-05,-9.562462711273357e-06,0.00467440554996181
31.801,2.317908158388635,0.493148998861286,-0.289873812583175,-0.0047799215798249185,0.006039730569067284,0.0022792465174603324,1272,1,0.050539742740760944,-0.02958740713264341,-0.0024636157964843457,1.1178461096648072e-05,-9.124167672583284e-06,0.004670101946027131
31.826,2.3178288429604725,0.493192273973137,-0.2898178892527052,-0.002196538434269226,-0.0040203402976667895,0.0015024433804100355,1273,1,0.05055397852359121,-0.0295825870711845,-0.0024650424896667904,1.081701980099123e-05,-8.943346704529233e-06,0.004666254319208226
31.851,2.3177983314669217,0.49294798184640265,-0.2897986904141543,-0.0037545740298305396,-0.007846803495879962,0.0005860873962593077,1274,1,0.05054364845603214,-0.029536730577596145,-0.0024667112866891155,1.0590787484629967e-05,-8.881616892387027e-06,0.004663931018614016
31.876,2.317641114258981,0.49279993379834297,-0.2897885848828923,-0.006982076610943978,-0.0033506274838445782,0.0008409039667078724,1275,1,0.05056210239648934,-0.02950545127640256,-0.002468519199223184,1.0478029803768057e-05,-8.876946685807712e-06,0.004662128567546824
31.901,2.3174492276363745,0.4927804504722104,-0.2897566452158188,-0.005168207206543168,-0.0042545050241040916,0.0006224510126351744,1276,1,0.050589889652223,-0.02949646584083921,-0.002470437056226223,1.0338666248780609e-05,-9.010864932807041e-06,0.004659069772732533
31.926,2.317382703898654,0.4925872085471378,-0.28975746233226063,-0.0007896666409212714,-0.014431568444975635,0.0002059547660859777,1277,1,0.05058365037386286,-0.02946822360076006,-0.002472406083108901,9.98833108148881e-06,-9.237603618099516e-06,0.004657195666966543
31.951,2.3174097443043284,0.4920588720499616,-0.2897463474775144,-0.001278304653444788,-0.006144212809955275,0.00865589035340607,1278,1,0.0505441836257126,-0.029397459840925913,-0.0024745029027398533,9.665711317684802e-06,-9.519321846432233e-06,0.004657483076184886
31.976,2.3173187886659816,0.49227999790664,-0.28932466781459015,-0.005529554340837664,0.012655818558741814,0.035307890381661496,1279,1,0.05055557291192825,-0.029441703422732945,-0.0024768562309935545,9.848334727141427e-06,-9.599940834403898e-06,0.004653567095263387
32.001,2.3171332665872866,0.4926916629778987,-0.28798095295843157,-0.017294668483128408,0.014869052666538327,0.08157278704518071,1280,1,0.05055380022771007,-0.029502610618578822,-0.0024792097779733984,9.948847731210293e-06,-9.770075188474771e-06,0.004649027040185884
32.026,2.316454055241825,0.493023450539967,-0.2852460284623307,-0.0407743107671675,0.01271749167502059,0.14661088379271797,1281,1,0.05055188440211503,-0.02951906823451499,-0.002481194277904279,9.909132863238799e-06,-1.000815376532669e-05,0.004646331182215117
32.051,2.315094551048928,0.49332753756164976,-0.28065040876879505,-0.0768447519741721,0.02374433957914614,0.23009242149444972,1282,1,0.05052539337812234,-0.0294976930410408,-0.0024824995035511587,9.763835831447689e-06,-1.0082188209991989e-05,0.004644979516995672
32.076,2.3126118176431167,0.49421066751892423,-0.2737414073876089,-0.13284211465187967,0.04270425153998357,0.32983587226467315,1283,1,0.050523344431523544,-0.02951573870459803,-0.0024832588910482767,9.774394279785793e-06,-1.017255754575059e-05,0.004643609398551086
32.101,2.3084524453163344,0.4954627501386488,-0.2641586151555624,-0.20801943958014785,0.06574550761881888,0.44266437095405414,1284,1,0.050541299329575136,-0.02951363749322728,-0.0024837109415130464,9.821188515870274e-06,-1.0396096080502082e-05,0.004642517110609517
32.126,2.30221084566411,0.497497942899865,-0.2516081888399075,-0.294471406338072,0.09227630517886766,0.5672444971137085,1285,1,0.05057396078253637,-0.02953926925742693,-0.0024842317090427654,9.892635588171896e-06,-1.0427313847405403e-05,0.004641914701473815
32.151,2.2937288749994296,0.5000765653975926,-0.23579639029987448,-0.38742830540126755,0.11600529485789944,0.7018744450591209,1286,1,0.050581752759654076,-0.02954707069867568,-0.002485048472489502,1.0004774043458431e-05,-1.0420519898659453e-05,0.004641158009391863
32.176,2.282839430394045,0.5032982076427605,-0.21651446658694826,-0.4907486370316429,0.133577885690833,0.8439334277661761,1287,1,0.050586447583269,-0.02954716702070958,-0.0024861649837018057,1.0113281950681176e-05,-1.0362783812726688e-05,0.00464115453780088
32.201,2.269191443147849,0.5067554596821339,-0.19359971891156813,-0.5950354965305832,0.16316772338620872,0.9932910832467311,1288,1,0.05062638234917696,-0.029465438291863103,-0.002487551433717879,9.778067265019669e-06,-1.0092225043154975e-05,0.004643066576532041
32.226,2.2530876555675174,0.5114565938120704,-0.1668499124246143,-0.6884003830366439,0.19586870579049845,1.147694504083828,1289,1,0.050666777335134916,-0.029478508863014872,-0.002489019336960791,9.877860044316743e-06,-9.760598968131854e-06,0.004643516149262569
32.251,2.2347714239960186,0.5165488949716582,-0.13621499370738008,-0.78654435590455,0.21789574173350398,1.3052875726200284,1290,1,0.05063409104774526,-0.029453498709589007,-0.002490418015528327,9.654124387001258e-06,-9.769005634745623e-06,0.004645989480135202
32.276,2.2137604377722866,0.5223513808987466,-0.10158553379360744,-0.886882665836075,0.2473338570778083,1.4654554899902987,1291,1,0.050646723992824216,-0.029424778303346503,-0.0024917101148119376,9.439406765972028e-06,-9.813988635534663e-06,0.004647730898274028
32.301,2.190427290704211,0.5289155878255497,-0.0629422192078589,-0.9862369491679984,0.27621299354568823,1.6260809945791035,1292,1,0.05064826730260794,-0.029415433655642184,-0.002492669075440911,9.41693518670694e-06,-1.001588379273018e-05,0.004650573541843297
32.326,2.1644485903138895,0.5361620305760302,-0.0202814840646568,-1.0796803558708215,0.3047301128552,1.7861963083322367,1293,1,0.050701245053040446,-0.02939893574840672,-0.002493399759564285,9.251369914158246e-06,-9.928360310944233e-06,0.004654444637356598
32.351,2.136443272910673,0.5441520934683088,0.0263675962087477,-1.1613634404321387,0.3356258223115529,1.9446389492694434,1294,1,0.050707628198911815,-0.029406324155720826,-0.0024939840831363497,9.146709424222817e-06,-1.0043497674822572e-05,0.004658663342127137
32.376,2.106380418292286,0.5529433216916069,0.07695046339880965,-1.2470162025019518,0.35985494520361966,2.1004339788291024,1295,1,0.05069019312156803,-0.02944114392076064,-0.002494619835011913,9.227289847244286e-06,-9.999567955622523e-06,0.004664284864429215
32.401,2.07409246278557,0.5621448407284914,0.13138929515021178,-1.3342222878702898,0.38567309877361833,2.252174329977027,1296,1,0.05067903443305977,-0.02943527093398021,-0.0024951319839240146,9.115405537827215e-06,-1.0080329617322291e-05,0.004669042129858411
32.426,2.0396693038987657,0.5722269766302894,0.1895591798976708,-1.4187813795243371,0.41047417946566633,2.3987566062699837,1297,1,0.0506789455211709,-0.02947161858774704,-0.002495457493382072,9.186797206432643e-06,-1.00728303311709e-05,0.004674883310215961
32.451,2.0031533938093573,0.5826685497017735,0.2513271254637043,-1.5007485326776946,0.4246472304925117,2.539386088332256,1298,1,0.05067964326725837,-0.029463326275006953,-0.0024956548955369674,9.197437062171718e-06,-1.0058081662661883e-05,0.004681325096948738
32.476,1.9646318772648852,0.5934593381549138,0.3165284843142762,-1.578096138970185,0.4443574021838245,2.6735416677795785,1299,1,0.05067862637938684,-0.029417437569326934,-0.0024955851998104007,9.160996102018573e-06,-1.0033791822762317e-05,0.004689065390017642
32.501,1.9242485868608525,0.6048864198109635,0.3850042088526758,-1.6533280865332156,0.47306245891792514,2.79986336935096,1300,1,0.050663396673003284,-0.029388704556231705,-0.0024949728984982626,9.201501421159475e-06,-1.0128510562144053e-05,0.004696361605553117
32.526,1.8819654729382174,0.6171124611008121,0.45652165278183604,-1.7252138130954227,0.4976268713664831,2.9171920350760416,1301,1,0.05064825642033527,-0.02940332316903616,-0.0024939794119954264,9.257581906458628e-06,-1.0329953372981538e-05,0.004703937987103688
32.551,1.837987896206074,0.6297677633792897,0.5308638106064905,-1.7994028132028508,0.5207906181201646,3.0257311024159104,1302,1,0.05061014165535649,-0.02939350106876874,-0.0024926555295739093,9.05995147402571e-06,-1.0414189150178177e-05,0.004712196714414034
32.576,1.79199533227808,0.6431519920068188,0.6078082079026231,-1.8792986676084935,0.5435317965408857,3.1239431868229417,1303,1,0.050604380394665305,-0.029421536735719442,-0.0024911511702167756,8.766718133250673e-06,-1.0348636620594384e-05,0.004720451019490796
32.601,1.7440229628256547,0.6569443532063325,0.6870609699476288,-1.9465899424087048,0.564774260000057,3.211907760824864,1304,1,0.05063211538303103,-0.02943408389967736,-0.0024894989852582276,8.347646897789327e-06,-1.0324838739680061e-05,0.004730579739957463
32.626,1.6946658351576502,0.6713907050068201,0.7684035959438572,-2.0124920261545283,0.582808970133847,3.2895228811623536,1305,1,0.05059894989788687,-0.029455101599430523,-0.0024877748503154703,8.205162883502102e-06,-1.0567587448066964e-05,0.004739362107730829
32.651,1.6433983615179197,0.6860848017130273,0.8515371140057606,-2.084882185348653,0.5983452497975383,3.35539836040131,1306,1,0.05061248152834227,-0.02944342977333797,-0.002486469117571176,7.996903369786492e-06,-1.0641751847467551e-05,0.00474843091182416
32.676,1.5904217258902087,0.7013079674966995,0.9361735139639371,-2.149111676344322,0.6187920939070898,3.4099665290569696,1307,1,0.05063065301813936,-0.029446115713828512,-0.0024856206986849376,8.016855372465249e-06,-1.0989528348700295e-05,0.004756918859288361
32.701,1.5359427777007097,0.71702440640838,1.0220354404585994,-2.2042907438618773,0.6362482748059046,3.452409482715809,1308,1,0.050631140333515796,-0.029444369233784615,-0.0024852928522782446,8.015201481560772e-06,-1.1265214154649585e-05,0.004765903735702259
32.726,1.480207188697121,0.733120381236993,1.108793988099718,-2.259587705289418,0.654199523239915,3.482631135427357,1309,1,0.05060019797629873,-0.0294019730725468,-0.0024853529168229432,7.867774660587861e-06,-1.1744422138186138e-05,0.00477687233234593
32.751,1.4229633924362453,0.749734382570374,1.1961669972299576,-2.324344859198872,0.6723394748820959,3.500277239543145,1310,1,0.05056908974803369,-0.02937209308046831,-0.0024855484311685975,7.913369486884977e-06,-1.1888529486573515e-05,0.004785797524251841
32.776,1.3639899457371676,0.7667373549811006,1.2838078500768904,-2.383395281431407,0.6890035877964608,3.5056437129325544,1311,1,0.05057431276289096,-0.029364306830425724,-0.00248596761353873,8.143872435097271e-06,-1.1996367962172584e-05,0.004796764799034336
32.801,1.3037936283646647,0.7841845619601999,1.3714491828766002,-2.4507297533416024,0.7047843269592625,3.4994293558433522,1312,1,0.05055512026040402,-0.029332206911169653,-0.0024863837645561285,8.319471962084102e-06,-1.2213317004997058e-05,0.004806637080466503
32.826,1.2414534580700944,0.8019765713290617,1.458779317869048,-2.5044017661445976,0.7233849779381696,3.4796674401700245,1313,1,0.050612768292814435,-0.029395734114443656,-0.002486992087551722,8.497372426482974e-06,-1.1987491134026937e-05,0.004815053212164824
32.851,1.178573540057442,0.8203538108571063,1.5454325548850916,-2.5438823468903298,0.7437789184692668,3.447734750181875,1314,1,0.05057305553709782,-0.029348750572711888,-0.0024876646337135414,8.37818322351688e-06,-1.2391090730984998e-05,0.004825163223785551
32.876,1.1142593407255852,0.839165517252523,1.631166055378132,-2.5829121108529236,0.7481168336900007,3.403685407508344,1315,1,0.050544069941278094,-0.029326088027082357,-0.002488610572666202,8.435508656577654e-06,-1.2492690918993008e-05,0.004834295964890157
32.901,1.0494279345147848,0.8577596525416096,1.7156168252605233,-2.5733959500853603,0.740466489092272,3.347794933337703,1316,1,0.0505656629762311,-0.029301511029005852,-0.002489624052818808,8.309994604018157e-06,-1.2690468949294426e-05,0.004844029745461303
32.926,0.9855895432213062,0.8761888417071397,1.7985558020450314,-2.515606793262447,0.7288480370888332,3.2804317498065227,1317,1,0.050569870267839,-0.029263765716229646,-0.0024907260140988926,8.223004703809916e-06,-1.3025522919050453e-05,0.004853554339412979
32.951,0.9236475948516696,0.8942020543960492,1.87963841275084,-2.440533846130067,0.7132688554898842,3.2013757602912785,1318,1,0.050559399667406475,-0.029219169440550398,-0.002491969460912477,8.258800634740043e-06,-1.3377060169269174e-05,0.00486325723883978
32.976,0.8635628509148098,0.9118522844816319,1.9586245900595862,-2.368931735958361,0.6951565907580055,3.111857135574353,1319,1,0.05053046058221105,-0.02920880790278903,-0.0024933962487263877,8.443345658434242e-06,-1.371644497721234e-05,0.004872457050223911
33.001,0.8052010080537583,0.9289598839339475,2.035231269529549,-2.2954919501254785,0.6641572775103588,3.012452941102107,1320,1,0.050510609811413844,-0.02919243970553984,-0.0024950477670022883,8.48527536156654e-06,-1.4012618686852564e-05,0.0048815752883621865
33.026,0.7487882534085261,0.9450601483571527,2.109247237114704,-2.1663753524229685,0.6228323744303312,2.903520337517486,1321,1,0.050542173346657955,-0.029240113249318557,-0.002496779424693905,8.478069942877202e-06,-1.4184516532434113e-05,0.004888701564756278
33.051,0.6968822404326006,0.9601015026554667,2.1804072864054356,-1.9985697455659839,0.5822119061218543,2.7844132185658914,1322,1,0.050554333153063215,-0.0291828727261371,-0.002498278836840303,8.31727261435172e-06,-1.4602886345747835e-05,0.004895906398669689
33.076,0.6488597661302326,0.9741707436632437,2.248467898042991,-1.8387890865692726,0.531707150799984,2.6570063660858967,1323,1,0.05053138697840489,-0.02917790955313583,-0.0024995696213213096,8.444407171342228e-06,-1.4868719120568707e-05,0.004903353200673264
33.101,0.6049427861041422,0.9866868601954644,2.313257604709723,-1.683602355930325,0.4830279184256789,2.5221203756288815,1324,1,0.05056622959061486,-0.02917265653954383,-0.002500570432711049,8.501112894596997e-06,-1.5037572824751915e-05,0.004910495061023873
33.126,0.5646796483337211,0.9983221395845263,2.3745739168244278,-1.537759948952433,0.44429416060091975,2.3805408870780833,1325,1,0.05054751186833959,-0.02920167217734348,-0.002501401657437403,8.433596653032706e-06,-1.5336448057022775e-05,0.004918292199903619
33.151,0.528054788656514,1.0089015682255122,2.432284649063637,-1.4043588518226338,0.40232467168632835,2.2340693557270046,1326,1,0.050544469057468865,-0.02919491680401918,-0.002501948917622163,8.354330009888342e-06,-1.5450018978933753e-05,0.00492512577455184
33.176,0.4944617057425834,1.0184383731688444,2.4862773846107875,-1.2830236686151049,0.36598035361638054,2.0821263694332823,1327,1,0.05053590112167957,-0.029232230804808766,-0.0025020137585041523,8.360204939375076e-06,-1.5363525565371786e-05,0.004929630787679555
33.201,0.4639036052257624,1.0272005859063302,2.5363909675352954,-1.1600509049285006,0.33088058969426565,1.92552224382687,1328,1,0.05050917888006887,-0.029252666029566166,-0.0025016450448204735,8.300217898777182e-06,-1.52566598725705e-05,0.004933700663097089
33.226,0.4364591604961617,1.0349824026535568,2.5825534968021255,-1.0438048080090427,0.2907922986356125,1.7664402356264413,1329,1,0.05051065390838851,-0.029257665935601102,-0.0025009371505964385,8.221927803776566e-06,-1.5132953705852393e-05,0.004938266046306548
33.251,0.41171336482531323,1.04174020083811,2.6247129793166124,-0.9314736600468315,0.26363618477263956,1.6062535519343475,1330,1,0.05052783357385069,-0.029295324054092742,-0.002499966676064024,8.366878269314582e-06,-1.5013718891699908e-05,0.004943163433593945
33.276,0.38988547749381613,1.04816421189219,2.6628661743988498,-0.8261141054338845,0.2384712163624166,1.4454427645609436,1331,1,0.05051238279960634,-0.029252141734740195,-0.0024991920542589917,8.321335688296498e-06,-1.4947073913308038e-05,0.004945456488371933
33.301,0.3704076595536155,1.0536637616562319,2.6969851175446657,-0.7234350892457864,0.20613946263101485,1.2854556719257746,1332,1,0.05049032254039317,-0.029265304400827193,-0.002498528787868415,8.410929644579307e-06,-1.4828602641552872e-05,0.004948736273106121
33.326,0.35371372303152887,1.05847118502374,2.727138957995135,-0.6188298007191358,0.1754106653297571,1.1276033533768468,1333,1,0.05048779478875687,-0.029249803954230158,-0.002497803165405373,8.478199265458181e-06,-1.4795785520198839e-05,0.004951379991886599
33.351,0.33946616951766045,1.0624342949227192,2.753365285213505,-0.5127654299106424,0.14357515144771166,0.9733490874592763,1334,1,0.05047831677648311,-0.0292641282041406,-0.0024967225263785395,8.804038426807017e-06,-1.4730001549824692e-05,0.0049547814003726405
33.376,0.3280754515359982,1.0656499425961252,2.775806412368096,-0.40620267985716474,0.12022190960516572,0.8248430695299466,1335,1,0.0505059631386628,-0.0292526217075644,-0.002495636509040141,8.997724333479732e-06,-1.481899556963764e-05,0.004957422018132736
33.401,0.3191560355248005,1.068445390402978,2.7946074386900057,-0.3095612869805289,0.0926877694689142,0.6830914115910897,1336,1,0.05049689892357883,-0.029207571147879946,-0.0024947450406789984,9.238553794972024e-06,-1.5103712245806427e-05,0.0049594993583274545
33.426,0.31259738718697044,1.0702843310695713,2.8099609829476533,-0.2098708719474493,0.059654907170084766,0.5499760305302328,1337,1,0.05048900176645865,-0.02921333915781171,-0.002494154639562378,9.520378155717735e-06,-1.540413414564511e-05,0.004961657238246219
33.451,0.3086624919274286,1.071428135761482,2.822106240216516,-0.11597245656628778,0.027232698392617875,0.42659798337145044,1338,1,0.050497796053738456,-0.029205171380647477,-0.0024938053020498734,9.75691218756052e-06,-1.5504474853149134e-05,0.0049631996421042185
33.476,0.3067987643586564,1.0716459659892021,2.8312908821162246,-0.038268670697607594,-0.00024058855233378954,0.31475507745640574,1339,1,0.05053368427064743,-0.029243968687739878,-0.0024939126920000203,1.0065143341261504e-05,-1.5367073061712696e-05,0.004964917849238955
33.501,0.30674905839254835,1.0714161063338654,2.837843994089335,0.03569568073313351,-0.0176395267039438,0.2179673707063659,1340,1,0.05054147749296371,-0.02926733050043862,-0.002494433651208269,1.0259062015409946e-05,-1.5236333748954755e-05,0.004967099984997329
33.526,0.3085835483953132,1.0707639896540049,2.842189250651544,0.0989783151026451,-0.03060782904783027,0.13691742302050333,1341,1,0.05054794554395633,-0.029268891210437405,-0.0024952030987685243,1.0370178939068909e-05,-1.5187221921027897e-05,0.00496660603090731
33.551,0.311697974147681,1.0698857148814738,2.844689865240361,0.13593290984982515,-0.04186775026263206,0.0727722443661302,1342,1,0.05056176494531816,-0.029245396297194196,-0.0024961110201021557,1.0225870746041161e-05,-1.51536547906188e-05,0.00496716460359152
33.576,0.3153801938878041,1.0686706021408734,2.84582786286985,0.15121406241948104,-0.046244896423808655,0.0281830338751659,1343,1,0.050572783884152886,-0.029252528472998293,-0.0024969471774494026,1.0327845747741044e-05,-1.4984158853307549e-05,0.004967330141196365
33.601,0.31925867726865464,1.0675734700602835,2.846099016934119,0.16022738928708447,-0.04754922240215724,0.00533914393819254,1344,1,0.050538190763147806,-0.02923410005509647,-0.0024975970375999902,1.0474973153677765e-05,-1.485591900155815e-05,0.004968338788704888
33.626,0.32339156335215785,1.0662931410207657,2.8460948200667597,0.1698583916693141,-0.0527861875360846,0.002996667242678186,1345,1,0.05051260577372559,-0.029237062354431048,-0.0024979516346708428,1.0711226346915221e-05,-1.4654646401984592e-05,0.004968557569451017
33.651,0.3277515968521211,1.064934160683479,2.846248850296253,0.16056629552451981,-0.05214136138350422,0.01450412856635151,1346,1,0.05053688700385762,-0.02923929271748274,-0.0024982135906457593,1.0868817060253021e-05,-1.4298476519026784e-05,0.004969244846003995
33.676,0.3314198781283845,1.0636860729515902,2.8468200264950774,0.12424782037027611,-0.04833629002760462,0.03577969021421471,1347,1,0.050526189301767666,-0.02924638358055719,-0.002498682444449436,1.0952065322792893e-05,-1.4104149027303077e-05,0.004969519315844082
33.701,0.3339639878706345,1.062517346182099,2.8480378348069637,0.06651011610681534,-0.04654234985457515,0.06481634787305714,1348,1,0.05050994140328363,-0.029263563676554367,-0.002499293550733177,1.0926383027518946e-05,-1.40029568426447e-05,0.004968596510480343
33.726,0.3347453839337251,1.0613589554588616,2.85006084388873,-0.015826705070536084,-0.03924596019745376,0.0997554444936778,1349,1,0.050487841089548825,-0.029303516530536096,-0.002499835075706069,1.1044842401958912e-05,-1.3932940236284057e-05,0.004968567538560217
33.751,0.33317265261710777,1.0605550481722263,2.8530256070316473,-0.11368325271542443,-0.023992205695517917,0.1387044307355782,1350,1,0.050454148566457524,-0.029311357158473668,-0.002500238988197614,1.1023505699759485e-05,-1.3820953491179019e-05,0.0049676022997781726
33.776,0.3290612212979534,1.0601593451740856,2.8569960654255095,-0.22110094540455652,-0.01990925237685123,0.18098131016398133,1351,1,0.05044321254581227,-0.02927076743897058,-0.0025009029426579306,1.0782079637280072e-05,-1.380478878154986e-05,0.004968949221040485
33.801,0.322117605346879,1.0595595855533837,2.862074672539847,-0.33398106633910085,-0.017745403888006394,0.2253352002069459,1352,1,0.05045602179076748,-0.02928655967263699,-0.0025017194736193012,1.0919983625351927e-05,-1.3657883046158537e-05,0.004969953414285647
33.826,0.3123621679809993,1.0592720749796853,2.868262825435856,-0.4500448302273075,-0.009053613143677435,0.27070667512476315,1353,1,0.050463581547708226,-0.029268327095952743,-0.002502566576635425,1.0850669130364345e-05,-1.3617295412654356e-05,0.004971743926779912
33.851,0.2996153638355149,1.0591069048961999,2.8756100062960845,-0.5643912413441831,-0.006795534375952203,0.3155887117061164,1354,1,0.05043666019405392,-0.029257906122555306,-0.0025034805677898887,1.0784982875534125e-05,-1.3602332816561163e-05,0.004971761943108201
33.876,0.28414260591379176,1.0589322982608877,2.884042261021161,-0.6673721453303446,-0.0052441518548236275,0.35803553963593304,1355,1,0.05041594772501168,-0.029262423815736602,-0.0025045344480768453,1.1000686531248532e-05,-1.3577586452736275e-05,0.004972143703389753
33.901,0.2662467565689948,1.0588446973034586,2.8935117832778827,-0.7656349338092358,-0.006298143199349755,0.39870951132884236,1356,1,0.05043134815787437,-0.029252295770840434,-0.002505405035610632,1.1032458484496955e-05,-1.320354400314434e-05,0.0049738732191804014
33.926,0.2458608592233267,1.0586173911009202,2.903977736587605,-0.8713937617408708,-0.006052902572517904,0.43562655926047167,1357,1,0.05046567212246694,-0.02926891619993546,-0.0025062280587351484,1.1063729567610171e-05,-1.2759789832133564e-05,0.004973322602374155
33.951,0.22267706848195376,1.0585420521748328,2.915293111240905,-0.9747492457621958,-0.0010372168252992843,0.46833649397758137,1358,1,0.05044749416601667,-0.029277387532779933,-0.0025071595289350023,1.079269916425179e-05,-1.2615902420945977e-05,0.004974551432243748
33.976,0.19712339693521969,1.0585655302596553,2.9273945612864827,-1.0710269624431916,0.0020201399445120044,0.4964258979981666,1359,1,0.05044232516664018,-0.02927203676668387,-0.00250799903241721,1.0702090002203227e-05,-1.263880560086481e-05,0.004975007345168328
34.001,0.16912572035979723,1.0586430591720584,2.940114406140812,-1.1664224942175927,0.0026334139986603474,0.5187280749102643,1360,1,0.05043026105849214,-0.029266914226007083,-0.00250854930346287,1.066187906358296e-05,-1.2577510457027449e-05,0.004976280972582207
34.026,0.13880227222433508,1.0586972009595883,2.953330965031998,-1.2548069988703743,0.007082007819793575,0.5357532342352288,1361,1,0.05042353586895192,-0.029270732683109434,-0.0025088727459524674,1.0562940876527185e-05,-1.2387373612314704e-05,0.004977103665208157
34.051,0.10638537041627316,1.058997159563048,2.9669020678525757,-1.3466052924037077,0.004523666759075597,0.5482274055554682,1362,1,0.05043659433644155,-0.029233791333144698,-0.002509167186541198,1.053198987767734e-05,-1.1954629062325982e-05,0.004979698277170628
34.076,0.07147200760415352,1.058923384297542,2.98074233530977,-1.4329810823404263,0.004701284407797868,0.5538269154082403,1363,1,0.05042090594497787,-0.029275120904515457,-0.0025096691290486476,1.0562023652640046e-05,-1.1733046458898344e-05,0.004978730341736694
34.101,0.034736316299255915,1.059232223783438,2.994593413622986,-1.502948968176775,0.008996143908022681,0.5522251820037875,1364,1,0.05043148013056416,-0.02924683267026021,-0.0025102593050329897,1.0343373824182097e-05,-1.1710903360161333e-05,0.004980075304142248
34.126,-0.003675440804680944,1.0593731914929432,3.0083535944099578,-1.56179796883914,0.005813543112806523,0.5453598988647436,1365,1,0.05043825982850963,-0.029255726107607658,-0.0025108596483911505,1.0222256767775105e-05,-1.173850305601048e-05,0.004980624637131289
34.151,-0.04335358214270773,1.0595229009390783,3.0218614085662256,-1.5802255320611795,0.009401215129266925,0.5318435879252172,1366,1,0.05046353986333499,-0.0292608601588731,-0.002511418867955895,1.0183675790274605e-05,-1.1772940486132173e-05,0.004981626504319317
34.176,-0.08268671740774666,1.0598432522494066,3.034945773806221,-1.5680765719845389,0.009830677346971965,0.5124675714476481,1367,1,0.05047927229667954,-0.02923969300556361,-0.002512213168008091,1.0081833496570888e-05,-1.188010745999406e-05,0.004983124940940505
34.201,-0.12175741074193021,1.0600144348064269,3.0474847871386066,-1.5339854741878407,0.005971045685120641,0.48823338069815425,1368,1,0.05047035694335348,-0.02925106240194714,-0.002513415127532175,1.0006892607148806e-05,-1.1899071490789917e-05,0.0049838152921630316
34.226,-0.15938599111713433,1.0601418045336626,3.059357442841127,-1.4680336196705284,0.002318394601070882,0.4592219046422391,1369,1,0.050492788503571334,-0.02926038795792608,-0.0025149897093394934,1.0185669398320925e-05,-1.1746489803225464e-05,0.004984098432121454
34.251,-0.19515909172545245,1.0601303545364804,3.0704458823707172,-1.3729438390976063,0.004208209654889746,0.4253034655906777,1370,1,0.050509376544449425,-0.029289215437268992,-0.002516714823224322,1.0417583227152771e-05,-1.1791194506199563e-05,0.004983179146183662
34.276,-0.2280331830720205,1.060352215016407,3.080622616120663,-1.2380299230888596,0.006862146044607745,0.38680025641148397,1371,1,0.05050947089016682,-0.02927547842259012,-0.002518323535275437,1.0508476102707927e-05,-1.1829376702647825e-05,0.004984040672889564
34.301,-0.2570605878799007,1.0604734618387108,3.089785895191293,-1.089915242105867,0.005492167415699668,0.3459630756733941,1372,1,0.050542736299285795,-0.029270582612116958,-0.0025198915422823816,1.0639733480121711e-05,-1.1639104975459374e-05,0.0049847170881191305
34.326,-0.28252894517731075,1.060626823387192,3.0979207699043316,-0.9451479755445795,0.004999662387495114,0.30288210063376064,1373,1,0.05054058266970379,-0.029261458539703317,-0.002521499165263756,1.0825292729777742e-05,-1.1629225904679982e-05,0.004984653326328275
34.351,-0.304317986657127,1.0607234449580856,3.1049300002229803,-0.8026423754036883,0.0007343939455184829,0.2579413016096379,1374,1,0.05054257958343501,-0.02925930530264687,-0.0025229495026537225,1.0964666403557198e-05,-1.1653070253220538e-05,0.004984668621200744
34.376,-0.3226610639474929,1.060663543084468,3.110817834984813,-0.6656589567346182,-0.0005543665702134131,0.21339405533852007,1375,1,0.0505275398692623,-0.029280576908530212,-0.002524229243086758,1.1217839517139542e-05,-1.1665730115300096e-05,0.004984658554894903
34.401,-0.33760093449386075,1.060695726629575,3.115599702989907,-0.5281072891195564,0.006018252149155343,0.16959342633467653,1376,1,0.05050093421535222,-0.02928264992176001,-0.0025253696686928432,1.1519575047817697e-05,-1.1716074038835914e-05,0.004983822142221885
34.426,-0.34906642840347296,1.0609644556919258,3.1192975063015473,-0.3881232516597542,0.0013803097809851014,0.1267725500613076,1377,1,0.05048675374461451,-0.029244510324493638,-0.002526368026833297,1.1537883507217286e-05,-1.180026890081906e-05,0.004982733558633154
34.451,-0.35700709707684736,1.0607647421186241,3.121938330492972,-0.25633493235372906,-0.0012177829883875527,0.08840456427769153,1378,1,0.05051332915225906,-0.02927751663409674,-0.00252713464085598,1.1768871752738931e-05,-1.2027795486329515e-05,0.004983392684014316
34.476,-0.3618831750211587,1.0609035665425064,3.1237177345154317,-0.12668909930586167,0.0032949373423687076,0.05567754466675329,1379,1,0.05050629428732453,-0.029253843107263276,-0.0025273154989871017,1.1895782904525872e-05,-1.248552327586956e-05,0.004982261168432855
34.501,-0.3633415520421401,1.0609294889857426,3.1247222077263097,0.0004748537480891585,0.003199672859608154,0.028899332627722908,1380,1,0.05054424983610629,-0.02924502156063164,-0.0025266630754328546,1.201971460767671e-05,-1.2649294666738128e-05,0.004981480807264629
34.526,-0.3618594323337542,1.0610635501854868,3.125162701146818,0.11603637422059175,0.001683667766520925,0.009804288256693158,1381,1,0.0505549286329642,-0.029218851365200263,-0.002525300075773674,1.2034119574570787e-05,-1.2813478108878293e-05,0.004980462643281482
34.551,-0.35753973333111,1.0610136723740686,3.1252124221391444,0.2324423795133489,-0.004478667194454366,0.002667652065273681,1382,1,0.0505399412608626,-0.02922166268100624,-0.0025237300818203986,1.206331564594914e-05,-1.293170917623812e-05,0.004981013448076701
34.576,-0.35023731335808744,1.060839616825764,3.1252960837500816,0.34126039549748627,-0.011176266682860283,0.027661488909693128,1383,1,0.050544125563774356,-0.029238398107592788,-0.0025221379758918285,1.1973492569875118e-05,-1.2992962432555352e-05,0.004981123512289598
34.601,-0.34047671355623665,1.0604548590399256,3.126595496584629,0.43026577869716315,-0.018356814242191866,0.10354298965164743,1384,1,0.0505485802551524,-0.029270484444528375,-0.0025205508753776396,1.1955303884343063e-05,-1.297547943202916e-05,0.004980903097579786
34.626,-0.3287240244232305,1.0599217761136546,3.1304732332326637,0.4898054666174616,-0.03852758406693307,0.22852781838860464,1385,1,0.050527225332471365,-0.029268503061874434,-0.0025190446886377755,1.19314795916863e-05,-1.3038762668488396e-05,0.0049802806066633135
34.651,-0.3159864402253615,1.0585284798365788,3.13802188750406,0.4718611179019669,-0.0844950862745203,0.39307248366190906,1386,1,0.050509632094903965,-0.029276787851092997,-0.0025178346356174203,1.1739824094152533e-05,-1.3031146956003667e-05,0.004981076629718963
34.676,-0.30513096852813015,1.0556970217999282,-3.1330584497638254,0.37492940576441725,-0.14353182798330905,0.5886990483807587,1387,1,0.0505000760538642,-0.029299762490014772,-0.0025170057042836675,1.176089037855999e-05,-1.2994258791618226e-05,0.004981611983440496
34.701,-0.2972399699371417,1.0513518884374138,-3.1157284672564893,0.26611110952935846,-0.2122127525127203,0.8055433780004253,1388,1,0.05044715019709111,-0.02928609050467312,-0.0025163654992408917,1.1707808064772516e-05,-1.2937490210527507e-05,0.004982327384543073
34.726,-0.291825413051663,1.0450863841742928,-3.0927812808638064,0.17156179365431654,-0.2856257890497711,1.0350343373736826,1389,1,0.05041693591869146,-0.029295804527237592,-0.002516144480466139,1.1758813360690951e-05,-1.299398586871537e-05,0.0049832650398250605
34.751,-0.28866188025442635,1.037070598984926,-3.063976750387808,0.07565281347650242,-0.3600757966669658,1.2701199028167025,1390,1,0.05042943287200893,-0.029304216236824533,-0.0025163193285709794,1.1769858521589954e-05,-1.2800284587686285e-05,0.004985127004094514
34.776,-0.28804277237783754,1.027082594340943,-3.029275285722966,-0.01105899723547149,-0.43647876797844376,1.5037976437238905,1391,1,0.050393940294428716,-0.02932222136678505,-0.0025167588111374008,1.1843452484925249e-05,-1.2703211746557527e-05,0.00498773521685096
34.801,-0.2892148301162,1.015246660586002,-2.988786868201607,-0.07699417874919672,-0.5195388204024083,1.7307942672132721,1392,1,0.050389728421157624,-0.0293020655379637,-0.0025175584335885895,1.1853978852035097e-05,-1.2534125771701738e-05,0.0049919191375296865
34.826,-0.29189248131529716,1.001105653320824,-2.942735572362307,-0.14327960493525063,-0.611202315633658,1.9446357756897243,1393,1,0.05041264402834915,-0.029300761679612472,-0.002518580398798264,1.1926537420430868e-05,-1.2251239496945071e-05,0.004995573491635317
34.851,-0.2963788103629621,0.9846865448043208,-2.8915550794171265,-0.19972150936918534,-0.7047877927504987,2.1397780913618254,1394,1,0.05037590926630396,-0.029298857744825043,-0.0025196407308986056,1.2102964044649445e-05,-1.183056477241283e-05,0.005000145575752633
34.876,-0.30187855678375586,0.9658662636833011,-2.835746667794222,-0.24478370249114056,-0.7912322390004225,2.311946345850078,1395,1,0.05038246380865702,-0.029315311730605472,-0.002520722126721367,1.2434334111150122e-05,-1.1169192385737083e-05,0.005005139686554356
34.901,-0.30861799548752017,0.9451249328542963,-2.7759577621246128,-0.2888502651534184,-0.8820298194367541,2.4594354617090843,1396,1,0.050375363332893594,-0.029271902126829185,-0.002521592406676261,1.2708870558210056e-05,-1.0729828667102687e-05,0.005013099484955803
34.926,-0.316321070041428,0.9217647727114596,-2.7127748947087573,-0.32392894859272836,-0.9734154621035171,2.5787633172265823,1397,1,0.05037009381836304,-0.029287398917578453,-0.002522301613612787,1.3131924175374622e-05,-1.0458508833173782e-05,0.005018254913567779
34.951,-0.32481444291715567,0.8964541597491232,-2.647019596263291,-0.3574892223893592,-1.057139983414497,2.6654959158847817,1398,1,0.05038985737437127,-0.02925822258762849,-0.002522784022355362,1.3490262972668867e-05,-1.0349081403367994e-05,0.005024710413623403
34.976,-0.33419553116089495,0.8689077735407378,-2.579500098914526,-0.38711026122285586,-1.1522946128679734,2.7200780618571887,1399,1,0.05039729256148439,-0.029234910310591854,-0.0025231610168260543,1.3856236113237243e-05,-1.0370327234613695e-05,0.005031582803268425
35.001,-0.34416995597829736,0.8388394291057278,-2.5110156931704393,-0.4155031994268167,-1.2434287158992092,2.7408367110765104,1400,1,0.050415950565869776,-0.02927177295267371,-0.0025232851759824544,1.439486651223293e-05,-1.0234067091420724e-05,0.005036717835398307
35.026,-0.35497069113223756,0.806736337745772,-2.4424582633606886,-0.4460795821297789,-1.3250743798585554,2.7262939737815803,1401,1,0.05041267082228917,-0.02928215998209799,-0.0025234449925687144,1.4675950571538428e-05,-1.0115433015343097e-05,0.005042527445951898
35.051,-0.3664739350847882,0.7725857101127944,-2.3747009944813486,-0.4735132614609919,-1.4075707402417659,2.6777092410211636,1402,1,0.05039938488040987,-0.029278260703153498,-0.0025236584470915845,1.482250456068047e-05,-9.937398716654782e-06,0.005049125514014492
35.076,-0.3786463542052858,0.7363578007336877,-2.308572801309638,-0.4859769787888212,-1.4880413419790253,2.597010407166845,1403,1,0.050369791165014034,-0.02926748160438243,-0.002523947449404337,1.4720997062449996e-05,-9.974808977687395e-06,0.005055481707438959
35.101,-0.3907727840242279,0.6981836430138474,-2.2448504741230138,-0.48786115565387367,-1.5560672668134385,2.4854678648500164,1404,1,0.050372069918831405,-0.029327787153618712,-0.0025242659600068582,1.5037077554687688e-05,-9.560642174189611e-06,0.005058802901892578
35.126,-0.4030394119879781,0.6585544373930202,-2.1842994080671443,-0.5008399970688765,-1.5943433693280435,2.3426418585539244,1405,1,0.05037694180101799,-0.029386806113968673,-0.0025245605027602105,1.5429512301275015e-05,-9.13953474408014e-06,0.0050609781299759396
35.151,-0.41581478387767384,0.6184664745474384,-2.1277183811953075,-0.4924089668354472,-1.597585312211473,2.173385580772013,1406,1,0.050337848547521755,-0.029352723253840304,-0.002525205018766168,1.555056473801483e-05,-9.122391911607347e-06,0.005066268400355493
35.176,-0.42765986032975256,0.5786751717824398,-2.0756301290285344,-0.45168763921245486,-1.5201571245491061,1.9821227971781024,1407,1,0.05037208249461669,-0.02937853111254734,-0.0025260038660852306,1.560051570652099e-05,-8.762132924662859e-06,0.005069710394022981
35.201,-0.4383991658382953,0.5424586183199874,-2.028612241336408,-0.40507668477325315,-1.3762628366604606,1.7705232177043524,1408,1,0.050414395409420894,-0.029373546272213866,-0.0025270657703996015,1.5444308002861056e-05,-8.327040848213702e-06,0.005073128762287409
35.226,-0.44791369456841407,0.5098620299494206,-1.9871039681433216,-0.3578890558313733,-1.2267742351760877,1.5456187628437048,1409,1,0.05043896668795927,-0.02939237387591175,-0.0025281413820174375,1.54540249935249e-05,-7.96551808460535e-06,0.005077197008398411
35.251,-0.45629361862986295,0.48111990656118653,-1.9513313031942272,-0.31848473137424843,-1.0763401123398935,1.3135269401736718,1410,1,0.0504730174516096,-0.02938966430300211,-0.0025290329159449953,1.5336572208455115e-05,-7.71763436126478e-06,0.005080390133959791
35.276,-0.46383793113712785,0.4560450243324214,-1.9214276211346322,-0.28108104653603516,-0.9342740512947503,1.0778827685554906,1411,1,0.050485209832506366,-0.029348211759087025,-0.0025294882733492463,1.5116099149244019e-05,-7.634311961699601e-06,0.005081456805245131
35.301,-0.4703476709566659,0.43440620399644503,-1.8974371647664479,-0.23025176069363362,-0.7982533137415025,0.846155324285908,1412,1,0.05048566640810665,-0.02931723047802865,-0.00252963384807365,1.4877797950128528e-05,-7.475496477449672e-06,0.005083093939822797
35.326,-0.47535051917180887,0.41613235864534853,-1.879119854920339,-0.18532459124927347,-0.6643187931715111,0.6270785039227534,1413,1,0.05051444231543105,-0.029361848178733142,-0.0025294313996906985,1.4834108632029525e-05,-7.148524273039991e-06,0.005084059971970874
35.351,-0.47961390051912905,0.40119026433787136,-1.8660832395703122,-0.1551175259536241,-0.531439858099866,0.4285362743401033,1414,1,0.05051720468801748,-0.02936479987132063,-0.0025291036926004826,1.4590655446845973e-05,-7.014669473785655e-06,0.005083740887374693
35.376,-0.48310639546948964,0.38956036574035674,-1.857693041203335,-0.11865831235239309,-0.39891742174544315,0.2573556805193136,1415,1,0.05051043912208974,-0.029334575596088333,-0.002528622362339244,1.4207581770913627e-05,-6.766070041829694e-06,0.005080706697708743
35.401,-0.4855468161367492,0.3812443932505975,-1.8532154555443456,-0.08167290211319203,-0.2758298452383243,0.12301476827816965,1416,1,0.05052735590407298,-0.02931571691596981,-0.0025280035207924274,1.3941819189832856e-05,-6.372981911591659e-06,0.005079835009949027
35.426,-0.4871900405751496,0.37576887347843935,-1.851542302789426,-0.04731737571953157,-0.15333882728920983,0.03698725621939613,1417,1,0.050501159701815054,-0.029300146678378537,-0.002527429321840918,1.3940536670621031e-05,-6.131349056963155e-06,0.005079670542867563
35.451,-0.48791268492272566,0.37357745188613745,-1.8513660927333757,-0.004865029727480207,-0.03145543289591336,-0.001589901386847094,1418,1,0.050512789516935594,-0.029274527685915742,-0.002527295897060561,1.3771635137605682e-05,-5.6992945314977e-06,0.005081056857471391
35.476,-0.4874332920615236,0.37419610183364377,-1.8516217978587681,0.027237530657793656,0.08572917403224566,-0.03897780881662038,1419,1,0.05051918502135104,-0.02931470712719927,-0.0025278018770002993,1.4011158011923809e-05,-5.425975376319368e-06,0.005077472293215015
35.501,-0.48655080838983605,0.3778639105877495,-1.8533149831742068,0.050546224841048336,0.20281257852391923,-0.118342866395461,1420,1,0.05052553613598329,-0.0292790992212594,-0.002528655798694409,1.4001517015643084e-05,-5.161586009372168e-06,0.005075838106081644
35.526,-0.48490598081947095,0.3843367307598406,-1.8575389411785417,0.06908366932936139,0.3146280125967758,-0.23646571163423263,1421,1,0.05052949653859236,-0.02927846473781245,-0.002529804533057885,1.4199130096612908e-05,-4.882264069351776e-06,0.00507601446415933
35.551,-0.4830966249233677,0.3935953112175896,-1.8651382687559193,0.05440076189625585,0.41668400283968937,-0.38664925544429773,1422,1,0.05052623496562054,-0.029293366390303926,-0.002531005376554253,1.4389541835716017e-05,-4.47340219703311e-06,0.005073011303969151
35.576,-0.4821859427246583,0.4051709309018239,-1.8768714039507552,0.0021617641051986498,0.4946871170206317,-0.5631660205284614,1423,1,0.05049095418901613,-0.029284660874478723,-0.0025321147520939,1.4255417985624848e-05,-4.13609411548478e-06,0.005071073785867658
35.601,-0.48298853671810776,0.4183296670686198,-1.8932965697823407,-0.08519596986202789,0.5364426110803605,-0.7568301013277686,1424,1,0.0504770119176779,-0.02927994968184293,-0.002533170500860562,1.4268690735676401e-05,-3.557962490278612e-06,0.0050705486680759915
35.626,-0.48644574121775946,0.4319930614558404,-1.9147129090171415,-0.1946466950695614,0.5409129879163083,-0.9600234307079417,1425,1,0.05047505287521767,-0.029270718625039147,-0.0025339253170587528,1.4240013240795451e-05,-3.028478874026661e-06,0.005069417784346964
35.651,-0.49272087147158666,0.4453753164644375,-1.9412977413177421,-0.3065402539425593,0.5107839433321901,-1.1695984597856037,1426,1,0.05050459970366315,-0.029272140882488543,-0.002534434736499558,1.4169990663628479e-05,-2.4536613010715243e-06,0.00506374953755964
35.676,-0.5017727539148887,0.45753225862245206,-1.9731928320064267,-0.4186257610175242,0.4744938271408464,-1.3798373314134589,1427,1,0.05046576763041918,-0.02930584647015191,-0.002534598346310934,1.4148225230630937e-05,-2.196483430324818e-06,0.005059588064164676
35.701,-0.5136521595224617,0.4691000078214785,-2.0102896078884114,-0.533788920374593,0.45089320797534815,-1.5835751482246618,1428,1,0.05045698069915136,-0.02931498450690308,-0.002534769282340199,1.3898251699977075e-05,-1.869844352018982e-06,0.0050551498907066015
35.726,-0.5284621999336169,0.4800769190212182,-2.052371589417655,-0.637071103013876,0.4179567832191171,-1.7777427812970303,1429,1,0.05046330825639334,-0.029278039750881567,-0.002534918633568699,1.3452188813932357e-05,-1.4008557311556138e-06,0.005049043273519028
35.751,-0.5455057146731537,0.48999784698243315,-2.099176746953258,-0.734878086124588,0.37304320173906985,-1.9581547040119691,1430,1,0.050468567781023634,-0.029305029005084134,-0.0025351697427335885,1.3358749528964197e-05,-1.112874308421656e-06,0.005043523781010442
35.776,-0.5652061042398494,0.49872907910817327,-2.150279324618262,-0.8353472840726714,0.3194929679116792,-2.1197967152900046,1431,1,0.050469167139367783,-0.029292726406753327,-0.0025356432774282104,1.3090245810294477e-05,-7.781815953961015e-07,0.005037544140370073
35.801,-0.5872730788767908,0.5059724953780185,-2.205166582717767,-0.9307014831604873,0.26279654509245237,-2.262680978243412,1432,1,0.050449300167523414,-0.029285099028264875,-0.0025364410212238026,1.3046389275575221e-05,-7.007374375863421e-07,0.005027880612506848
35.826,-0.6117411783978711,0.5118689063627951,-2.263413373530426,-1.0155808448850734,0.2103860373482855,-2.3826585947953682,1433,1,0.05042858859034034,-0.029249907444400366,-0.002537511175808782,1.2945092372738812e-05,-5.441424538630884e-07,0.005022954553055146
35.851,-0.6380521211210416,0.5164917972454321,-2.3242995124575287,-1.0955632579938035,0.15904283965547455,-2.4751038861290184,1434,1,0.05042720826969975,-0.029278457339551478,-0.0025387293071724706,1.3150099902393911e-05,-4.5881571356286667e-07,0.005016275594077058
35.876,-0.6665193412975582,0.5198210483455684,-2.38716856783687,-1.188551315458478,0.11751486513294271,-2.5412392476951027,1435,1,0.05041246209414756,-0.02931730984843186,-0.0025398551333214265,1.3438613677897077e-05,-4.6734088878282975e-07,0.005008224720226766
35.901,-0.6974796868939706,0.5223675405020798,-2.4513614748422947,-1.2814026404804109,0.07706408599547086,-2.580320753552503,1436,1,0.050416544992745865,-0.029276572719452484,-0.002541172999238275,1.3498397412681226e-05,-2.477689147708034e-07,0.0050012557650759544
35.926,-0.7305894733215842,0.5236742526453423,-2.516184605514506,-1.3593772101983288,0.030117588897761772,-2.5898170072607534,1437,1,0.05040044058630182,-0.02924242708215392,-0.0025426467973081335,1.3708183143392062e-05,2.7538583797503055e-08,0.0049942042864945056
35.951,-0.7654485474038831,0.5238734199469678,-2.580852325205325,-1.4366488940070572,-0.011790428494352193,-2.569813065371966,1438,1,0.05040077343057645,-0.029254287812659412,-0.0025440887351685063,1.4003522250415336e-05,1.340708216072117e-07,0.004987078832192273
35.976,-0.802421918021933,0.5230847312206247,-2.644675258783097,-1.5138526554730376,-0.04558598507810522,-2.522088008558995,1439,1,0.050391349708786094,-0.029235771125060372,-0.00254550650459209,1.4185134331858226e-05,3.4245533875291646e-07,0.004978163640974285
36.001,-0.8411411801775307,0.5215941206930627,-2.7069567256332676,-1.5832099948331684,-0.08242529214715874,-2.4463440908381484,1440,1,0.050395289490316277,-0.02918532067032901,-0.0025468584598736525,1.422245947491106e-05,6.465253140042226e-07,0.004970425329835552
36.026,-0.8815824177635981,0.5189634666132664,-2.766992463325015,-1.641771543279773,-0.11517757658675037,-2.3437852692274097,1441,1,0.05037894481021969,-0.02919778888016637,-0.00254816729642995,1.4355333066510895e-05,5.44309417465821e-07,0.004962712400905534
36.051,-0.9232297573415263,0.5158352418637246,-2.824145989094648,-1.6677638458722448,-0.13193192476644494,-2.2164423921236605,1442,1,0.050397437399946454,-0.029223583621837614,-0.002549481241082912,1.45442426901955e-05,4.3191541554860784e-07,0.004955099860934457
36.076,-0.9649706100572056,0.5123668703749445,-2.8778145829311916,-1.605675272582521,-0.12940427977277416,-2.0669057263913015,1443,1,0.050435394838041964,-0.02927035322483378,-0.0025505582450528284,1.4829737388832327e-05,3.0179253062570316e-07,0.00494721020975194
36.101,-1.0035135209706478,0.5093650278750863,-2.9274912754142073,-1.4707175945772304,-0.11650246801761628,-1.898272283368502,1444,1,0.05049271796054381,-0.02929534279441831,-0.002551244438838836,1.5073531292322509e-05,3.9890634172796746e-07,0.004940377397458072
36.126,-1.038506489786063,0.5065417469740641,-2.9727281970996113,-1.3170422711355543,-0.10304794605157329,-1.712279956857841,1445,1,0.05048553577010362,-0.02931959813778255,-0.002551663919283788,1.5165542056821212e-05,1.4027041108304854e-07,0.0049345336636858975
36.151,-1.0693656345274312,0.5042126305725072,-3.0131052732571066,-1.1644381165609892,-0.08074159724331653,-1.5140155679485676,1446,1,0.050512871011894146,-0.029355982248600546,-0.0025517334082259687,1.5510160786195365e-05,-9.794061182466308e-08,0.004927852805773666
36.176,-1.0967283956141174,0.5025046671118979,-3.048428975497046,-1.0181164118821997,-0.059384671695635924,-1.3081427498799003,1447,1,0.05051753552276674,-0.029338425935376077,-0.002551442669682514,1.5485458958256767e-05,-1.638959909747298e-07,0.004922148085802821
36.201,-1.1202714551215383,0.5012433969877256,-3.078512410751098,-0.8651046938714838,-0.04668367034178987,-1.0976461701238185,1448,1,0.05054111378341986,-0.02931983424626274,-0.002550720734536876,1.5449951735567564e-05,-1.5848419430564855e-07,0.00491721975079708
36.226,-1.1399836303076891,0.5001704835948085,-3.103311284003234,-0.7266702907939995,-0.035776528485649085,-0.8884888997561607,1449,1,0.0505839384803914,-0.029332713307422646,-0.0025497398362143778,1.5606697502184526e-05,-3.163211414200718e-07,0.004912446810603343
36.251,-1.1566049696612362,0.4994545705634432,-3.1229368557389034,-0.5913265928433449,-0.023833628338099287,-0.687320352686779,1450,1,0.0505724840867905,-0.029305708996198252,-0.0025485829402027197,1.5369605326160563e-05,-6.029875690776203e-07,0.004907482342151108
36.276,-1.1695499599498589,0.49897880217790347,-3.137677301637576,-0.45989122971436724,-0.019960685046658783,-0.49973883513995077,1451,1,0.05059414360712482,-0.029288929600106647,-0.002547556585056723,1.5501578258806083e-05,-8.242084727905646e-07,0.0049040744693054856
36.301,-1.1795995311469565,0.4984565363111102,3.1352615096836822,-0.3274279431031432,-0.019510034546361688,-0.33196508488357535,1452,1,0.05054614186270756,-0.029294723019018934,-0.0025467476969824585,1.5720336150349288e-05,-1.1879341747515458e-06,0.004901247280934764
36.326,-1.1859213571050151,0.49800330045058544,3.128909751297832,-0.1923709954449369,-0.014363834336850996,-0.1917966846307382,1453,1,0.05056393681719793,-0.029327302842248482,-0.002546169926598799,1.58877464337661e-05,-1.2294833384572593e-06,0.004899589613262182
36.351,-1.1892180809192028,0.4977383445942677,3.125671675452146,-0.07225506248913904,-0.009170542749699606,-0.08597165496547587,1454,1,0.05055908499376059,-0.02934233194622709,-0.002546088824040671,1.5894752132578164e-05,-1.3563449977144048e-06,0.00489824552686575
36.376,-1.1895341102294719,0.4975447733131005,3.1246111685495586,0.05220631479232461,-0.0023376141507789553,-0.02263746442496191,1455,1,0.05053737547870509,-0.029360622079701984,-0.002546654096482543,1.6203257675647245e-05,-1.6256604733177985e-06,0.004896116973986086
36.401,-1.1866077651795863,0.49762146388672873,3.1245398022308977,0.17494558599014562,0.0011036676688446381,-0.004779583595695006,1456,1,0.050549210079972096,-0.029353185336174537,-0.0025477237001626804,1.6388204439023205e-05,-1.837971248494099e-06,0.004893519030027834
36.426,-1.1807868309299638,0.4975999566965427,3.124372189369774,0.2822961548450503,0.0043271383329137846,-0.0168679999699793,1457,1,0.05054953040440636,-0.02937845365305342,-0.002549055610016815,1.6618046311748347e-05,-2.0159183547826037e-06,0.0048917165200039235
36.451,-1.1724929574373346,0.4978378208033744,3.1236964022323987,0.35698839225408097,0.0231104973146614,-0.044860618544720114,1458,1,0.050527040754019155,-0.029388040025728104,-0.002550410724695483,1.690361867330082e-05,-2.3104430180041538e-06,0.004888299573578025
36.476,-1.1629374113172608,0.4987554815622757,3.122129158442538,0.37357599884201415,0.04747825557439959,-0.0868590606375324,1459,1,0.050526072245595015,-0.029344935634113292,-0.0025516449123623034,1.688882079836132e-05,-2.421549713795109e-06,0.00488490756164966
36.501,-1.153814157495235,0.5002117335820943,3.1193534492005224,0.3261498260362116,0.07277415860654936,-0.1405203015007186,1460,1,0.05053478652199028,-0.029316517189952724,-0.002553066385743736,1.677279584382831e-05,-2.260090037795793e-06,0.00488161224274934
36.526,-1.1466299200154488,0.5023941894926035,3.1151031433675014,0.23890817353881838,0.1099664993476574,-0.2034033281255003,1461,1,0.050491745304349266,-0.029322484658388975,-0.002554644777323683,1.6660934959586192e-05,-2.2597226201233725e-06,0.004878600897975821
36.551,-1.141868748818293,0.5057100585494776,3.1091832827942465,0.1387608919635931,0.1624359546084512,-0.27275263356305807,1462,1,0.050467931039854516,-0.029344161898666173,-0.0025566291915266807,1.659291392703665e-05,-2.214725085243105e-06,0.0048759609926869625
36.576,-1.1396918754172696,0.5105159872230256,3.1014655116893493,0.028221934176772483,0.2198279576274867,-0.34698850380208784,1463,1,0.05046950461392476,-0.029346289541361755,-0.002559044126428662,1.6324735372936205e-05,-2.1708091507643536e-06,0.004872771137408642
36.601,-1.1404576521094545,0.5167014564308513,3.091833857604143,-0.0788029996197848,0.27783949066723795,-0.4254716158138081,1464,1,0.0504361000482509,-0.02934765251086594,-0.002561406960040148,1.610743460048656e-05,-1.955405849446962e-06,0.004868744512075842
36.626,-1.1436320253982586,0.5244079617563867,3.08019193089866,-0.18484494684452657,0.33442330186526126,-0.5059867236128669,1465,1,0.05043229609303398,-0.02932395282263498,-0.0025636220641707553,1.576398149638908e-05,-1.6403875602427037e-06,0.004864981575561413
36.651,-1.1496998994516816,0.5334226215241158,3.0665345214234976,-0.2804426121900266,0.39039713170304857,-0.5864325152858763,1466,1,0.05037409037848484,-0.029325568531089582,-0.0025655422890390094,1.5521624474992014e-05,-1.6586863264634886e-06,0.004861295671438705
36.676,-1.1576541560077611,0.5439278183415408,3.0508703051343637,-0.35857351580377544,0.4492549261945744,-0.6662993417120978,1467,1,0.05039036068195091,-0.029317079811384508,-0.00256700807053725,1.5321387172226453e-05,-1.4903937631957323e-06,0.004857949143120917
36.701,-1.1676285752418694,0.5558853678338432,3.0332195543378946,-0.4500753521950818,0.5060626476780093,-0.743573934732591,1468,1,0.05044130167597591,-0.02930813555849574,-0.0025679298976017634,1.5292349263193676e-05,-1.2776041272754419e-06,0.004855235752832664
36.726,-1.180157923617514,0.5692309507254398,3.0136916083977363,-0.53781926312852,0.5650335054037946,-0.8168710668462806,1469,1,0.050440569821520724,-0.029313359600809726,-0.0025682507720390037,1.5300975208998278e-05,-1.1841988827094348e-06,0.004851579267939552
36.751,-1.1945195383982938,0.5841370431040314,2.992376000995583,-0.6302361225383275,0.6234432763739252,-0.8856052748376841,1470,1,0.05048134327324086,-0.029294329888664466,-0.0025680421037969246,1.5315657400823884e-05,-9.023635365651354e-07,0.004848452417242101
36.776,-1.211669729744433,0.6004031145441387,2.9694113446558483,-0.7171190554132921,0.6790751678626037,-0.9493768532676218,1471,1,0.05042340428868555,-0.029293383759151206,-0.002567518639792913,1.5161555817989794e-05,-8.182245896905343e-07,0.004843650967847247
36.801,-1.2303754911689615,0.6180908014971644,2.9449071583321977,-0.7932502438526796,0.7306335576633087,-1.00608919103299,1472,1,0.050434645477019216,-0.029283519726096916,-0.0025668792938270736,1.4787711154409894e-05,-7.131489982972417e-07,0.0048400403506963985
36.826,-1.2513322419370647,0.6369347924273021,2.9191068851042017,-0.875915797111003,0.7861881000777874,-1.055491934626882,1473,1,0.05040824904903055,-0.02931270147289444,-0.0025659937081886864,1.4803416462544423e-05,-9.116883775835302e-07,0.004834159673214936
36.851,-1.2741712810245092,0.6574002065010516,2.8921325616008566,-0.9485806131053527,0.8406075792532153,-1.0973817180128533,1474,1,0.05038611912267277,-0.029293043612572806,-0.0025650510013948257,1.4735795957320332e-05,-9.763598965492222e-07,0.004829752951541319
36.876,-1.2987612725923297,0.6789651713899605,2.864237799203562,-1.023770065820348,0.8883436394716246,-1.1304023143730038,1475,1,0.05038582903670175,-0.0293060046462423,-0.002564016073942335,1.463395690534051e-05,-9.02069133394477e-07,0.0048245637984786404
36.901,-1.325359784315531,0.7018173884746366,2.8356124458822016,-1.0955758501811406,0.9443052697273185,-1.1557610367084683,1476,1,0.050359172171854344,-0.029322384278203287,-0.0025631394469439726,1.4531878655698152e-05,-7.878666413273119e-07,0.004817870986558263
36.926,-1.3535400651013914,0.7261804348763304,2.806449747368134,-1.1583291708830183,0.9940372776117578,-1.1718198440673389,1477,1,0.05035351250219061,-0.029298731899718714,-0.002562539864115288,1.4474912516870742e-05,-5.473929104731667e-07,0.004813171030855863
36.951,-1.3832762428596785,0.7515192523552217,2.777021453678838,-1.2247539145137663,1.0385143299160595,-1.178712172715311,1478,1,0.050375561304604265,-0.029314968785389254,-0.002561903583494924,1.4487392522904083e-05,-3.159654909568757e-07,0.004807409045602725
36.976,-1.4147777608270762,0.7781061513721305,2.7475141387323716,-1.2854529964765435,1.0873475077418222,-1.176522523808026,1479,1,0.05037955374236658,-0.029327742171631914,-0.002561451948088359,1.4500744691477862e-05,-2.6471451486990126e-07,0.004802850337207591
37.001,-1.447548892683502,0.8058866277423097,2.71819532748844,-1.3513724448867317,1.132179558230465,-1.1637989003953193,1480,1,0.0504293975291628,-0.029328239313477594,-0.0025611949644238443,1.4547482821662108e-05,-1.3917254239556717e-07,0.0047988281462726075
37.026,-1.4823463830714185,0.8347151292836585,2.6893241937126007,-1.4273150277337514,1.1797929715995064,-1.1424437321692784,1481,1,0.05041606034565121,-0.02936202871737332,-0.002561047607553497,1.4591987875107832e-05,-2.530723757629375e-07,0.004791824070236986
37.051,-1.5189146440701957,0.86487627632229,2.6610731408799713,-1.4844977976542717,1.2300693252451878,-1.1128093916392168,1482,1,0.050364928295414044,-0.02937711201459536,-0.002560923200109962,1.4497056636896835e-05,-5.804859378565435e-07,0.004786110339003757
37.076,-1.556571272954128,0.8962185955459144,2.633683724130643,-1.5235361479413156,1.2678878244879666,-1.0751908250635178,1483,1,0.0503591599276416,-0.029365392052826168,-0.0025606848601204255,1.4287860910441318e-05,-7.520030575663325e-07,0.0047812853526759055
37.101,-1.5950914514672572,0.9282706675466847,2.6073135996267984,-1.5493004991772923,1.2821084722059002,-1.028235774393181,1484,1,0.050359344583375,-0.029353763986194933,-0.002560359923440921,1.4277195016726362e-05,-8.78549061035308e-07,0.004777871270610597
37.126,-1.634036297912988,0.9603240191562058,2.582271935410987,-1.5228783086861986,1.2665531382327608,-0.9740562064432781,1485,1,0.050361179929548416,-0.029384646033819108,-0.0025602717126836476,1.4380310791739918e-05,-1.2093264309011448e-06,0.004771511634354251
37.151,-1.6712353669015736,0.9915983244583282,2.5586107893046304,-1.4427749141033854,1.1987378970609242,-0.9138599792843147,1486,1,0.05040253486342349,-0.029348843371914353,-0.0025603464467564125,1.4452021960570901e-05,-1.2074057888488552e-06,0.0047676681237144485
37.176,-1.7061750436181635,1.0202609140092571,2.5365789364467672,-1.3304897315788413,1.105320185001127,-0.846425116856823,1487,1,0.05041272229854326,-0.02940002422194678,-0.00256070346049854,1.473437775539567e-05,-1.3975586887201525e-06,0.004762616873701223
37.201,-1.7377598534805119,1.0468643337083814,2.5162895334617916,-1.2083653439210515,1.005646154633734,-0.7752010847561671,1488,1,0.05040972004292382,-0.029360035346917734,-0.002561264795714843,1.4593422656312514e-05,-1.4879051823430648e-06,0.0047571119905857485
37.226,-1.7665933108142127,1.070543221740941,2.497818882208961,-1.081849869904156,0.900538315661319,-0.698912322416718,1489,1,0.050382735750566086,-0.0293975621214287,-0.0025618921960678886,1.4847624504356968e-05,-1.649813302710114e-06,0.004754125035223828
37.251,-1.7918523469757166,1.0918912494914448,2.4813439173409577,-0.9575220705374382,0.8021482422927022,-0.6203146622372384,1490,1,0.05041402649389159,-0.029369365619067257,-0.002562635759290003,1.5056736037653292e-05,-1.5255706714380453e-06,0.0047477425856916325
37.276,-1.8144694143410887,1.1106506338555795,2.4668031490970965,-0.8408884816264,0.7012853208200843,-0.5411484507507307,1491,1,0.0504107935919776,-0.029387156565042576,-0.002563607663673354,1.5394658555120967e-05,-1.5882647311076909e-06,0.0047452483846032924
37.301,-1.8338967710570402,1.126955515532452,2.454286494803419,-0.719885834184054,0.6082037787416262,-0.4607596656890496,1492,1,0.050448868267564506,-0.0293881026814329,-0.0025646655401395206,1.5637809181736007e-05,-1.6980694270263555e-06,0.004741174926330559
37.326,-1.8504637060502893,1.141060822792659,2.4437651658126454,-0.6151078464555221,0.5188702672633145,-0.3818207708286753,1493,1,0.050476249602039544,-0.02936877100917868,-0.002565678328166555,1.5573212302536453e-05,-1.7928690904692147e-06,0.004738812048734013
37.351,-1.8646521633798145,1.1528990288956162,2.435195456261986,-0.5115491663515728,0.4272937912553253,-0.3056567759713232,1494,1,0.050455934367647545,-0.029380186334922988,-0.0025665495298894535,1.5487427037899477e-05,-1.9855265206592897e-06,0.004736144548056338
37.376,-1.8760411643678665,1.1624255123554241,2.42848232701408,-0.403388071762657,0.3370214420904839,-0.2335414934609382,1495,1,0.05045949640541149,-0.029390103186441793,-0.002567300348418301,1.5386963096198873e-05,-2.08195699131175e-06,0.004734675734881319
37.401,-1.8848215669679491,1.1697501010001419,2.4235183815889383,-0.29813187821929554,0.2501808700896344,-0.16719032490819424,1496,1,0.05046514588107103,-0.02940163707428223,-0.0025680522560444074,1.5432501958002098e-05,-2.265116547794352e-06,0.004732601783078101
37.426,-1.8909477582788325,1.174934555859907,2.4201228107686696,-0.1913498515379939,0.17316353895723155,-0.1084072928011865,1497,1,0.050484105348270074,-0.02940372587209326,-0.002568657863018301,1.5707958348588482e-05,-2.2848889583848785e-06,0.004729478557768597
37.451,-1.8943890595448483,1.178408277948003,2.4180980169488793,-0.08953338829102163,0.09044643669189403,-0.060778040292767246,1498,1,0.05049225380312407,-0.029344949600518446,-0.002569040261039748,1.5892757554663632e-05,-2.3129858050670234e-06,0.004723364565607388
37.476,-1.8954244276933834,1.1794568776945014,2.4170839087540315,0.0016494177795768165,0.005328276999141704,-0.027147037131493457,1499,1,0.05053336085314581,-0.029340671558027255,-0.002569556261520053,1.6386008214937792e-05,-2.338744249567316e-06,0.004720262304114939
37.501,-1.8943065886558694,1.17867469179796,2.4167406650923047,0.0927269371695881,-0.06557148914419271,-0.006223387461820631,1500,1,0.05053388453258576,-0.029338770568962044,-0.0025702683881768922,1.648286859241148e-05,-2.566047685040383e-06,0.0047187523028329546
37.526,-1.8907880808349036,1.1761783032372914,2.4167727393809404,0.18826897546345206,-0.14042409153288163,0.0023847382194117825,1501,1,0.05052661835167556,-0.029304427898500043,-0.0025712285239254404,1.654320888847824e-05,-2.678671570274367e-06,0.004713748638448759
37.551,-1.884893139882696,1.1716534872213153,2.4168599020032753,0.26994086720808697,-0.21794726310789508,0.011438644766377888,1502,1,0.0505481611745078,-0.029276953206216445,-0.0025723873373662744,1.637150205263644e-05,-2.6464053577720214e-06,0.004712687579565509
37.576,-1.8772910374745,1.1652809400818973,2.4173446716192593,0.32899225126982495,-0.2881443364650979,0.03270492912019493,1503,1,0.05052861169128409,-0.029293313220810073,-0.002573394177190228,1.6288095184244927e-05,-2.814635209674574e-06,0.004712079280621825
37.601,-1.8684435273192057,1.1572462703980613,2.418495148459285,0.36194381166849093,-0.3219325734912687,0.06357436796664478,1504,1,0.0505305250624888,-0.029352005714863495,-0.0025744901950156096,1.6173159143683592e-05,-2.916903479437508e-06,0.004710855165710426
37.626,-1.8591938468910765,1.1491843114073348,2.4205233900175913,0.3245463458665377,-0.3025492432968821,0.10124662949467148,1505,1,0.05052679326494722,-0.029322872937565452,-0.0025756741758888838,1.5789759702555453e-05,-2.8999574744596453e-06,0.004707639769985908
37.651,-1.8522162100258774,1.1421188082332159,2.423557479934019,0.22701524077319243,-0.25757855707377453,0.14303741025321617,1506,1,0.05045583372344221,-0.029332887866792022,-0.002576711241786007,1.5498210458923424e-05,-3.1442794174062373e-06,0.004704732911073747
37.676,-1.8478430848524159,1.136305383553645,2.4276752605302527,0.1247548373835121,-0.19837205737597746,0.1890371336021098,1507,1,0.050423627395726985,-0.02935199610013579,-0.0025777966208699837,1.5401012941540042e-05,-3.376786990194036e-06,0.004702674469827719
37.701,-1.8459784681567022,1.1322002053644176,2.433009336614124,0.017677064974149677,-0.1422241141209871,0.23858640481298402,1508,1,0.05041083505366311,-0.029325141501810124,-0.002578866939444922,1.526287149645442e-05,-3.5013550879184453e-06,0.004700812238748364
37.726,-1.8469592316037085,1.129194177847596,2.4396045807709013,-0.08626138095551951,-0.09044252139136136,0.2881434011546066,1509,1,0.0504263849049223,-0.029361817503736315,-0.002579690612081604,1.548693231291447e-05,-3.2929893727963313e-06,0.0046974078437605
37.751,-1.850291537204478,1.1276780792948498,2.4474165066718534,-0.18840735946463907,-0.025990024580806462,0.33678010276517306,1510,1,0.050470046406332326,-0.02936243934309747,-0.002580371469191562,1.5696783444646875e-05,-3.0365211115201757e-06,0.004696034946974579
37.776,-1.8563795995769412,1.1278946766185556,2.4564435859091613,-0.29700760014371186,0.036012311732670756,0.3851726250096048,1511,1,0.050461685199525236,-0.02934274570641499,-0.0025808964810106784,1.605658461721806e-05,-2.8511966864223293e-06,0.004694732913482566
37.801,-1.8651419172116648,1.1294786948814834,2.4666751379223353,-0.4032041271740823,0.0890775414187412,0.4312942904958629,1512,1,0.05044068584893979,-0.02933575861610193,-0.00258126459432636,1.641195442013953e-05,-2.8440216394545645e-06,0.004693459203885907
37.826,-1.8765398059356442,1.1323485536894924,2.4780083004339533,-0.4970359853093525,0.1354884775344344,0.47326074597209306,1513,1,0.05040942315023538,-0.02934241068880519,-0.002581772147578415,1.6812968585719985e-05,-2.941971880946493e-06,0.0046938868957157355
37.851,-1.889993716477131,1.1362531187582048,2.4903381752209386,-0.589829989703097,0.18901366240769954,0.5114420604084671,1514,1,0.05044331115598055,-0.02933456327590808,-0.0025825149717990186,1.7026550757502277e-05,-2.8585507979161057e-06,0.004694535209796645
37.876,-1.9060313054207974,1.1417992368098768,2.503580403454375,-0.6930128673957223,0.24173300280499957,0.5458658878775658,1515,1,0.05041296717741894,-0.02930024579547375,-0.0025834845664349164,1.7130663123705246e-05,-2.9597478355600775e-06,0.004695181255066829
37.901,-1.92464435984692,1.1483397688984558,2.517631469614819,-0.78433062247222,0.2800266280949143,0.5749611394299989,1516,1,0.05037782171188358,-0.029314322457516126,-0.0025846782349684006,1.7339290792792635e-05,-3.239629724841802e-06,0.004693931038670742
37.926,-1.9452478365444117,1.1558005682146237,2.5323284604258776,-0.8693531833739604,0.32017160060805283,0.5973722513186159,1517,1,0.050397391682843705,-0.029323215518725975,-0.002585830765394604,1.7296701200363654e-05,-3.361319834737999e-06,0.004691996206668955
37.951,-1.9681120190156156,1.1643483489288575,2.5475000821807483,-0.9612516190457367,0.3635616051958819,0.612959702067543,1518,1,0.050411375682886755,-0.029335532584597205,-0.002587290740780521,1.7276817504462595e-05,-3.3853330155133986e-06,0.004692096518208151
37.976,-1.9933104174966958,1.1739786484744168,2.562976445529253,-1.050816542077284,0.41033640142565386,0.6214086910530978,1519,1,0.05040466361516253,-0.029359326654350492,-0.0025891123981072353,1.724940132248791e-05,-3.4947642698411358e-06,0.00469194481554639
38.001,-2.020652846119477,1.184865169000139,2.5785705167334014,-1.1378181901972135,0.4528693554150034,0.6248599796344667,1520,1,0.050377812326681815,-0.02935647353112311,-0.0025914443707470845,1.7036147007880506e-05,-3.793010768350718e-06,0.004693820549926951
38.026,-2.0502013270065613,1.196622116245169,2.594219444510979,-1.2237254140192744,0.48758577795335273,0.6212208706208869,1521,1,0.0503518845706806,-0.02938062691230624,-0.0025942915760612446,1.6908967325455578e-05,-4.028945931252839e-06,0.004690575028967881
38.051,-2.0818391168204458,1.2092444578978088,2.6096315602644484,-1.2968570489326696,0.5277515355940998,0.6086389053521737,1522,1,0.05033181587715437,-0.029421434942875795,-0.0025971602857637562,1.6729195767132846e-05,-4.260937859134835e-06,0.004690717854111173
38.076,-2.115044179453191,1.2230096930248724,2.624651389778586,-1.3725071970998461,0.5615383236274072,0.5923630449361353,1523,1,0.05034621681590345,-0.02940339609016499,-0.0025995791589270897,1.6466139580432236e-05,-4.4285514716626365e-06,0.004693414385710257
38.101,-2.150464476675434,1.2373213740791775,2.6392497125112535,-1.446661642600946,0.599599897138113,0.5692042970858114,1524,1,0.05035649006755614,-0.029455643395469973,-0.0026015166891540332,1.6660191999781162e-05,-4.454868322818887e-06,0.00468979547280167
38.126,-2.1873772615832343,1.2529896878817763,2.653111604632875,-1.505397432077165,0.6451326071671987,0.5380313228273067,1525,1,0.05037404927011414,-0.029422656988059844,-0.002602974727267131,1.6482069960292072e-05,-4.307044595246719e-06,0.004690945866068036
38.151,-2.225734348279299,1.2695780044375402,2.666151278652621,-1.5432359186893867,0.6656231776970333,0.5035165144317159,1526,1,0.0503775992243834,-0.029373455883151222,-0.00260426910488717,1.623828502108041e-05,-4.0704873341922556e-06,0.0046944462517203855
38.176,-2.2645390575177102,1.2862708467666308,2.678287430354463,-1.5437719192737187,0.6576898047260668,0.46547367118803235,1527,1,0.05039434470777872,-0.029351481501504847,-0.002605546675546598,1.6063523746140528e-05,-3.968778879750506e-06,0.0046945336248710185
38.201,-2.3029229442429804,1.3024624946738417,2.6894249622120214,-1.4804014161891874,0.6271944462429292,0.4226444988285279,1528,1,0.05043114439724059,-0.029378617370746096,-0.002606943065511125,1.601719842499391e-05,-3.895120439662681e-06,0.004692349932060827
38.226,-2.3385591283271654,1.3176305690787755,2.699419655295888,-1.350657480888652,0.5757908959184038,0.3753777186414222,1529,1,0.05043907686670419,-0.029388616334145364,-0.0026084760993037638,1.584647065813498e-05,-4.007799808859541e-06,0.004691339629464888
38.251,-2.370455818287409,1.3312520394697602,2.7081938481440915,-1.2057875594899807,0.5123489181328463,0.3264169091422608,1530,1,0.05045489053690574,-0.0293884964267791,-0.0026098466274500857,1.5846200939623116e-05,-3.9954739578417555e-06,0.0046911255473011506
38.276,-2.3988485063016696,1.34324801498542,2.7157405007530024,-1.0697281659408084,0.45267110909081115,0.27672123604977145,1531,1,0.050466454165423995,-0.02940205072744994,-0.0026110829984451905,1.5880946490723386e-05,-3.7049378743674144e-06,0.004689188365634528
38.301,-2.423942226584454,1.3538855949243027,2.7220299099465812,-0.9336385714974591,0.3988112947276128,0.22700867654583637,1532,1,0.05044268155598658,-0.029408635449509488,-0.0026122273026830006,1.594171785942886e-05,-3.6365929146407855e-06,0.004687874891690172
38.326,-2.44553043487654,1.3631885797217995,2.7270909345802936,-0.7977236534880747,0.3375999956871315,0.17867002036269802,1533,1,0.05042866240212749,-0.029393161596989546,-0.0026131708572670873,1.5959935347821674e-05,-3.7753581408861198e-06,0.004686541035217699
38.351,-2.4638284092588556,1.3707655947086583,2.7309634109647156,-0.6631057295315057,0.2831291816794562,0.1325320106439851,1534,1,0.05043448522379228,-0.029418587694300304,-0.0026139180533755993,1.607235959125146e-05,-3.9373014116086615e-06,0.004685281198245677
38.376,-2.4786857213531133,1.3773450388057715,2.7337175351124925,-0.5309438855142181,0.2353679536309782,0.09092732544604522,1535,1,0.05044187955680661,-0.02938462962836636,-0.00261444158980117,1.588157874822764e-05,-4.107336615692875e-06,0.004684966313644648
38.401,-2.4903756035345688,1.3825339923902082,2.7355097772370183,-0.40773453037704044,0.1760998315863632,0.05594332085028653,1536,1,0.05045307775959932,-0.02936210135380246,-0.0026148280949221357,1.56457911058173e-05,-4.138850804115413e-06,0.004683860400361718
38.426,-2.499072447871967,1.3861500303850904,2.736514701155007,-0.29332316195160746,0.11398550211388007,0.02846558873307698,1537,1,0.050467539885964016,-0.029380859347676456,-0.0026152495897729263,1.5529735025262812e-05,-4.0245252245759445e-06,0.00468155464028769
38.451,-2.5050417616321483,1.388233267495902,2.736933056673672,-0.17065774213493062,0.06801509493476075,0.00996196304170972,1538,1,0.05045850827129258,-0.029444245154829997,-0.002615616140261503,1.562877715987292e-05,-4.076147546771001e-06,0.004680122623729835
38.476,-2.507605334978713,1.3895507851318283,2.7370127993070925,-0.052219504353570784,0.02885611181903944,0.0020923423138531428,1539,1,0.05048610492593205,-0.02941837913141215,-0.0026158828877376594,1.5282953565384505e-05,-3.95157796939503e-06,0.004678181036588927
38.501,-2.5076527368498267,1.3896760730868538,2.7370376737893647,0.05547521866781284,-0.018425567036180573,0.0005319371406997222,1540,1,0.05046220215516719,-0.02941321631311561,-0.002616025585865733,1.4976011531756532e-05,-4.134813104568417e-06,0.0046756429316905795
38.526,-2.504831574045322,1.3886295067800192,2.7370393961641275,0.17444731472236197,-0.06356011410673447,0.0002679027348584156,1541,1,0.05045258158093823,-0.029405445088874948,-0.0026163025014640526,1.4507709028428246e-05,-4.124649539093875e-06,0.004674223062911369
38.551,-2.498930371113708,1.3864980673815168,2.7370510689261076,0.2842249668230041,-0.10509521133868535,0.00033932157390561255,1542,1,0.05048979178061117,-0.029375334754541786,-0.0026163543410926394,1.4039941294300711e-05,-3.981478178586483e-06,0.004671339121117591
38.576,-2.490620325704173,1.3833747462130852,2.737056362242823,0.3643153307837495,-0.14342740905809598,-0.0001926586647727045,1543,1,0.050500542790943556,-0.02934884009217808,-0.0026160302376435477,1.3662373282414704e-05,-3.749364284491012e-06,0.004669068577743753
38.601,-2.4807146045745214,1.3793266969286124,2.737041435992869,0.4117017861132911,-0.16057962888971236,-0.00015824215274130372,1544,1,0.05051463158788384,-0.029357385718531352,-0.0026155781579976505,1.3661786739554965e-05,-3.581376324663958e-06,0.004668446689709278
38.626,-2.4700352363985094,1.3753457647686,2.7370484501351857,0.41279514411948914,-0.16602872225326776,0.00044823079639929106,1545,1,0.050552756209128885,-0.029319424951069123,-0.0026151197171560008,1.340092541505387e-05,-3.3526343696920187e-06,0.004667106479479735
38.651,-2.460074847368545,1.3710252608159483,2.737063847532689,0.38153181124962765,-0.1620471469929891,0.00033930949312474415,1546,1,0.05052211520232211,-0.029363595817396646,-0.0026146578056053193,1.3583142816994195e-05,-3.4767430954938764e-06,0.004665399845791351
38.676,-2.4509586458360264,1.36724340741895,2.737065415609842,0.3316797304292163,-0.13691694922531528,0.0005538914876890603,1547,1,0.05050814455666575,-0.029379059069240043,-0.002614294840073947,1.3660062338212074e-05,-3.6465584253081495e-06,0.004663678130989729
38.701,-2.4434908608470853,1.364179413354683,2.7370915421070734,0.26784876521584977,-0.11189461685773253,0.0008579544416776263,1548,1,0.05045985146808268,-0.029388243941719697,-0.002614043714825662,1.3434908715393403e-05,-3.9479545863707645e-06,0.00466100564229523
38.726,-2.4375662075752347,1.3616486765760636,2.737108313331926,0.21522924483646458,-0.08589279970412855,0.00012970120191192107,1549,1,0.050425069670798156,-0.029407193413897848,-0.002613977937267438,1.3306877911788745e-05,-4.074800229133452e-06,0.00465915304708741
38.751,-2.4327293986052627,1.3598847733694768,2.737098027167169,0.16492429617688856,-0.06335693391072443,-0.00013580971501169167,1550,1,0.0504454340636378,-0.0293839899339179,-0.0026141612639816146,1.2970546560445043e-05,-3.898604403774435e-06,0.004657682015885895
38.776,-2.4293199927663895,1.358480829880527,2.7371015228461752,0.1158118754162264,-0.03925332700948857,-0.00036330739557219007,1551,1,0.05045242215328511,-0.029390061816527258,-0.002614592189584851,1.2773088381068466e-05,-3.766099299167047e-06,0.004656822013821872
38.801,-2.426938804834451,1.3579221070190022,2.7370798617973904,0.08371510356608468,-0.02389635891111433,-0.00031154423980163766,1552,1,0.050418152499513355,-0.02934447016217576,-0.0026152582387729112,1.2281813703212156e-05,-4.013567478379558e-06,0.004656963147540602
38.826,-2.4251342375880856,1.3572860119349714,2.737085945634185,0.06243576924329552,-0.020753266190257705,0.0002478918825499362,1553,1,0.05041777312437834,-0.02934202172733647,-0.0026161039222820327,1.2121651337985511e-05,-4.040392267837286e-06,0.004655343974897074
38.851,-2.4238170163722863,1.3568844437094894,2.737092256391518,0.046212926274809406,-0.014623323532668429,-0.00020022436905798885,1554,1,0.05041447262473336,-0.02933472638766045,-0.0026166489108854388,1.209950104741895e-05,-4.104745128119949e-06,0.0046539954302683055
38.876,-2.422823591274345,1.356554845758338,2.7370759344157323,0.03118700202101988,-0.01509254662387476,0.00014939866829875972,1555,1,0.050425498010536696,-0.029335166072180556,-0.0026171930287665264,1.216412431260785e-05,-4.2238336459741185e-06,0.004653220435949902
38.901,-2.422257666271235,1.3561298163782955,2.737099726324933,0.017651310922149492,-0.014417520708554945,0.0008735304263129217,1556,1,0.05042716879207906,-0.02936788430466328,-0.002617944751608938,1.2385286675255736e-05,-4.350787980363259e-06,0.0046506263696643275
38.926,-2.4219410257282377,1.3558339697229103,2.737119610937048,0.014164718447392227,-0.00932451739200921,0.0009061604544236505,1557,1,0.05041119293589933,-0.029391788284520656,-0.0026189767657504143,1.260780509933947e-05,-4.343526064280841e-06,0.0046480848928162405
38.951,-2.4215494303488656,1.3556635905086951,2.737145034347654,0.015184735840928252,-0.0008037913957226651,-0.0004299240039262986,1558,1,0.05041260444415898,-0.029392156532196626,-0.0026201102814684533,1.2683419199889252e-05,-4.2941669056851675e-06,0.004646229656976165
38.976,-2.4211817889361913,1.3557937801531241,2.7370981147368516,0.015344747653466035,-0.0016522710835343674,-0.0014596320965588325,1559,1,0.05039972605146173,-0.029355690411683615,-0.0026210651469137677,1.266947623483511e-05,-4.348860585645107e-06,0.004648389834574018
39.001,-2.4207821929661923,1.3555809769545184,2.737072052742826,0.009303357227511728,-0.010528642010067191,-8.943078110056693e-05,1560,1,0.05041715008745651,-0.0293629353165952,-0.0026218141249221235,1.2771257558345902e-05,-4.302528484889833e-06,0.004648340947895625
39.026,-2.4207166210748157,1.3552673480526207,2.7370936431977966,0.005021703854834596,-0.00822840025177226,0.0004687853504669759,1561,1,0.050398530514524593,-0.029397918590502184,-0.002622530827460371,1.2985978891339903e-05,-4.521652888938393e-06,0.004645187710082732
39.051,-2.4205311077734506,1.3551695569419298,2.7370954920103494,0.007500804237495089,-0.0017121734622894543,-0.00014789157182449616,1562,1,0.050391708241078643,-0.029396134747315363,-0.002623112831069713,1.2897846745577714e-05,-4.641751541292088e-06,0.004644622557448753
39.076,-2.420341580862941,1.3551817393795063,2.7370862486192054,0.00439519471743946,-0.0026146511668791272,0.0002395972281554884,1563,1,0.05040706066261319,-0.02938401024817927,-0.002623364955514403,1.2772506390130346e-05,-4.7954616579315e-06,0.004643934469856986
39.101,-2.4203113480375786,1.3550388243835858,2.737107471871757,0.0008726556453365006,-0.0024691153252566506,0.00015714345634521904,1564,1,0.050421811212220564,-0.029402225123322964,-0.0026232990155027423,1.2875668772444774e-05,-4.909748621598113e-06,0.004641539974754381
39.126,-2.420297948080674,1.3550582836132434,2.7370941057920226,8.715676016456765e-05,0.0014320978331915258,-0.0004689285262404352,1565,1,0.05042301690991391,-0.02939929086558699,-0.0026228789979503733,1.276910122479485e-05,-5.095498205103425e-06,0.004641088633885107
39.151,-2.4203069901995704,1.3551104292752454,2.737084025445445,-0.0010095467845693512,-0.0005129203330155992,0.00011232590726883026,1566,1,0.05041882026273352,-0.029394054601529353,-0.0026222836205701313,1.2713124765740237e-05,-5.333643084551461e-06,0.004640377342264205
39.176,-2.4203484254199026,1.3550326375965926,2.737099722087386,0.0002867442610998857,-0.00026898423008071967,0.00034160461118483974,1567,1,0.05041819165706127,-0.02940688788452149,-0.002621709215048335,1.2828468442334557e-05,-5.4808004663915544e-06,0.004638594698441965
39.201,-2.4202926529865154,1.3550969800637414,2.7371011056760044,-0.004750230185237839,-0.00040433122835195146,0.0008298999021594727,1568,1,0.05042220045287069,-0.02939589294569781,-0.002621285541141621,1.2637881362027746e-05,-5.588281642320719e-06,0.004637204739977085
39.226,-2.4205859369291645,1.355012421035175,2.737141217082494,-0.005085926973676114,-0.002121934060497331,0.000611831707599854,1569,1,0.050387812799269655,-0.02942170075398217,-0.0026210020401864977,1.2746705054978962e-05,-5.820336982598031e-06,0.004633021639412343
39.251,-2.420546949335199,1.3549908833607165,2.7371316972613844,0.002139996405876405,-0.005148833468741737,8.328392614664182e-05,1570,1,0.050399305523831726,-0.02941954753124397,-0.0026208645955289067,1.2691303055699023e-05,-5.568548082936121e-06,0.004631890546471522
39.276,-2.4204789371088706,1.354754979361738,2.7371453812788014,-5.94035435064149e-06,-0.0051282843948103965,0.0005500673058555591,1571,1,0.05042541621698249,-0.02944192539843742,-0.002620893597202616,1.2860156949717222e-05,-5.466254792819782e-06,0.004630097559134693
39.301,-2.4205472463529167,1.354734469140976,2.737159200626677,-0.0003429661784793065,0.0029216220523677334,0.001035752518250336,1572,1,0.05041703044400477,-0.029442987485054806,-0.0026209960122587565,1.2874571934179747e-05,-5.553749373421957e-06,0.004628525746182716
39.326,-2.4204960854177946,1.3549010604643563,2.737197168904714,0.0037021877061074065,0.0024448937622569,0.016343012005331878,1573,1,0.05041403320877486,-0.029415454113830584,-0.0026210965374236055,1.2934259055859995e-05,-5.5561846587154696e-06,0.004627413907488407
39.351,-2.4203621369676114,1.3548567138290888,2.7379763512269437,0.007566844936457859,-0.010586232265597564,0.06594355321381348,1574,1,0.05042340551602085,-0.029408150884766927,-0.0026209300812029186,1.3162548462576259e-05,-5.555888942358953e-06,0.004625852465995663
39.376,-2.4201177431709717,1.3543717488510765,2.7404943465654044,0.017652097648611247,-0.024649074942952993,0.1547884569102954,1575,1,0.05043812661957476,-0.029431130892409302,-0.0026206265978930116,1.3504822544985542e-05,-5.524842739696453e-06,0.0046243755136299814
39.401,-2.4194795320851807,1.353624260081941,2.745715774072459,0.0336398952175603,-0.04809973329196671,0.27737508738687155,1576,1,0.050446166431643596,-0.029421149739902543,-0.0026201865453967855,1.3728798148486727e-05,-5.62443172059695e-06,0.004623525325505033
39.426,-2.4184357484100936,1.351966762186478,2.754363100934749,0.05905233114580691,-0.08232049791062425,0.4281507494101765,1577,1,0.050437208658300856,-0.02942831025567093,-0.002619793415322817,1.3992078427951278e-05,-5.6156612591541215e-06,0.0046233016992725
39.451,-2.4165269155278906,1.34950823518641,2.7671233115429668,0.09280907625591611,-0.13915380866624263,0.6040147985075605,1578,1,0.050421777920287895,-0.029383257660278134,-0.00261977191549998,1.4021882632194671e-05,-5.7140408336342854e-06,0.0046242406948933815
39.476,-2.413795294597298,1.3450090717531662,2.7845638408601254,0.14306097026578182,-0.21669818085826253,0.7988793229221002,1579,1,0.050399334780554916,-0.029402886972895205,-0.002620117082308714,1.420510892210002e-05,-5.8022751095441345e-06,0.00462348409749435
39.501,-2.409373867014602,1.3386733261434975,2.8070672776890695,0.2048235998638773,-0.30330677573316833,1.0086535894270672,1580,1,0.050413948179609876,-0.02937350845175336,-0.0026205024098781733,1.4220782499522975e-05,-5.756092956053006e-06,0.004625693921640332
39.526,-2.4035541146041033,1.3298437329665065,2.834996520331483,0.262583367381599,-0.4019363843065639,1.2305427061064493,1581,1,0.05042895043477758,-0.029376542529497538,-0.00262107109179328,1.4430896210294478e-05,-5.651689099621811e-06,0.004627471589686616
39.551,-2.396244698645521,1.3185765069281676,2.868594412994397,0.3226130116086884,-0.4986821596401398,1.4590451784818401,1582,1,0.05044617192656577,-0.029392137941687487,-0.0026217807255964646,1.4651489686260598e-05,-5.650437209487922e-06,0.0046282618321280096
39.576,-2.38742346402367,1.304909624984501,2.907948779255571,0.37847301293910385,-0.5772692536051567,1.6894134502194174,1583,1,0.050474104951834756,-0.029418188566203592,-0.0026226055779602162,1.4841758954622548e-05,-5.594638594875832e-06,0.004630122221199059
39.601,-2.3773210479985667,1.2897130442479114,2.9530650855053633,0.4348507105047508,-0.6634103783069079,1.9210317414863392,1584,1,0.05044379041974785,-0.029365534560055542,-0.0026233707996893103,1.4613358754430542e-05,-5.90166973515108e-06,0.004636232894414851
39.626,-2.3656809284984335,1.2717391060691574,3.0040003663298824,0.48606753110435125,-0.7489560519995503,2.1490745537948928,1585,1,0.050468564142056305,-0.029387234394649454,-0.0026242340941540327,1.4894527339410527e-05,-5.977704679984528e-06,0.004639054644176872
39.651,-2.353017671443347,1.2522652416479307,3.060518813195117,0.5343295543078408,-0.8345693242275897,2.3708771841607246,1586,1,0.050417142489509015,-0.029346049202999932,-0.0026252245448959675,1.4825741871833247e-05,-6.327709694197035e-06,0.004646685596125741
39.676,-2.338964450783039,1.2300106398577744,3.1225442255379288,0.5924756786334554,-0.921394910408412,2.5852319785365956,1587,1,0.05041492604538771,-0.02939479556298952,-0.0026261540711370337,1.5042723635927746e-05,-6.418857028198128e-06,0.004651565803247203
39.701,-2.323393887511676,1.2061954961275128,-3.0934048950576467,0.6443379794758652,-0.9978284235313274,2.7866116538495143,1588,1,0.05042571106955464,-0.02937513649114017,-0.0026267513539994587,1.4931673883533517e-05,-6.5771942568106705e-06,0.00465689753091083
39.726,-2.3067475518092477,1.1801192186812108,-3.0213104989491897,0.6868734029666115,-1.0814780774574821,2.974028523632875,1589,1,0.05042111234315656,-0.029401461733960507,-0.0026270945170340657,1.5047278112216885e-05,-6.867292483829452e-06,0.004663444782870476
39.751,-2.2890502173633474,1.1521215922546417,-2.9447034688760114,0.7374073645234429,-1.1547610471921959,3.1461888290996836,1590,1,0.050392498115520275,-0.02942990485645656,-0.0026274613885584747,1.527005163073392e-05,-7.075864660297773e-06,0.004670564860833055
39.776,-2.2698771835830724,1.1223811663215961,-2.864001057494192,0.790070091299219,-1.22754479405329,3.300035267678026,1591,1,0.05040374363104944,-0.029433093453805,-0.0026278638438660823,1.517928012957745e-05,-7.0396936194114195e-06,0.004677449304419091
39.801,-2.249546712798383,1.090744352551972,-2.779701705492096,0.8360143332465451,-1.2964967169509238,3.434641449151883,1592,1,0.05041343585199274,-0.029446164786579822,-0.0026284274270576813,1.5297535102211645e-05,-7.192266007259522e-06,0.004685111272432753
39.826,-2.2280764669207476,1.0575563304740536,-2.6922689850366077,0.8790220383148706,-1.3593948590482814,3.5488322393993217,1593,1,0.050419626206322066,-0.02943105703634186,-0.0026293209221998045,1.541470970978165e-05,-7.426896269608919e-06,0.004693821355552435
39.851,-2.205595610882642,1.0227746095995618,-2.60226009352214,0.9276182024065255,-1.4281426296229984,3.6416570507939854,1594,1,0.050411737780107053,-0.02940206746896619,-0.0026305882154975314,1.5564690567690822e-05,-7.550819879030202e-06,0.0047033540607297935
39.876,-2.181695556800424,0.9861491989929078,-2.510186132496919,0.9724121752386387,-1.50307469950497,3.7119623589989135,1595,1,0.05045009568070024,-0.029400001600252666,-0.002632166644606851,1.5621062472248676e-05,-7.240441360705121e-06,0.004710452616532955
39.901,-2.156975002120706,0.9476208746243069,-2.4166619755721785,1.0125415282572117,-1.5715560529831245,3.758259672167074,1596,1,0.05044617945805225,-0.029430448443065242,-0.002633864060614545,1.5796355297359715e-05,-7.258468784701787e-06,0.004717739146220818
39.926,-2.131068480387559,0.9075713963437448,-2.322273148888549,1.0511275091064018,-1.627972672637618,3.7798423374117114,1597,1,0.05046137856699985,-0.02945137843103854,-0.00263551079463602,1.5865953426588115e-05,-7.162725292252008e-06,0.0047248507961343235
39.951,-2.104418626665389,0.8662222409924306,-2.2276698587016037,1.079166794460206,-1.6785007278589537,3.7775232594707138,1598,1,0.05044971910598628,-0.029430932179489753,-0.00263686356937851,1.5713413890654304e-05,-7.265117210268619e-06,0.004734555032038661
39.976,-2.077110140664552,0.8236463599508019,-2.133396985915024,1.1108995789371976,-1.7125652323749136,3.752259710878665,1599,1,0.050424858663671294,-0.02940959052025799,-0.0026377789825437355,1.5603263202847547e-05,-7.356527151870273e-06,0.004743018493126513
40.001,-2.048873647718532,0.7805939793736898,-2.040056873157681,1.106864431732143,-1.7087854562287728,3.7027144365126614,1600,1,0.0504716120497165,-0.02941358612728636,-0.0026382988937870664,1.5336285296840934e-05,-7.283228617294571e-06,0.004750533121266625
40.026,-2.02176691907794,0.738207087139356,-1.9482612640893755,1.0744173220028734,-1.6687047384979545,3.6298260377441784,1601,1,0.05043854640205059,-0.029381487379512437,-0.0026384604570447454,1.5186465284921443e-05,-7.455065772709193e-06,0.004760469678832592
40.051,-1.9951527816183838,0.697158742448785,-1.8585655712704567,1.0454215564599663,-1.6122148097885642,3.534812005596658,1602,1,0.0504490063731202,-0.029372660237381207,-0.002638410798523181,1.4978708096703933e-05,-7.337645367499965e-06,0.004768849997560463
40.076,-1.9694958412549446,0.6575963466499324,-1.7715206638095524,0.9948663374652998,-1.5453266880705554,3.4172447239048673,1603,1,0.05045653378949408,-0.029377450946215838,-0.002638297940515312,1.4973972539330785e-05,-7.100219122905306e-06,0.004776184596796176
40.101,-1.9454094647451217,0.6198924080452616,-1.687703335075223,0.9521911039945561,-1.4795353736466674,3.27905314451697,1604,1,0.05043751849392034,-0.02930816532291844,-0.002638092487166958,1.4886591898645224e-05,-7.253259339003772e-06,0.004785457379995082
40.126,-1.9218862860552195,0.5836195779676032,-1.6075680065837135,0.9222887115125302,-1.414710029442258,3.1226951769413347,1605,1,0.050445417961679256,-0.029305483469318206,-0.002638048581872009,1.4850407649483004e-05,-7.106764934360204e-06,0.004794207322928593
40.151,-1.8992950291694912,0.5491569065731426,-1.5315685762281428,0.8727642689107251,-1.3271748214818269,2.948590079213875,1606,1,0.05046922586340036,-0.02931748787699517,-0.0026383150108474683,1.4662804778185891e-05,-6.863955959384671e-06,0.004801920397353758
40.176,-1.8782480726096795,0.5172608368935062,-1.4601385026230072,0.7978334949008135,-1.2145040223105044,2.7582161300142496,1607,1,0.05049568458742325,-0.029340026651540847,-0.0026388827712586996,1.4597333041247435e-05,-6.505768559159623e-06,0.004809091101409953
40.201,-1.8594033544244528,0.4884317054576209,-1.3936577697274382,0.7137771416358124,-1.093215671144836,2.554462477911844,1608,1,0.05050904110047454,-0.029328734663624456,-0.002639900344741263,1.4532635773181003e-05,-6.501711683771288e-06,0.004817049290455586
40.226,-1.842559215527891,0.4626000533362675,-1.3324153787274222,0.6446033224085224,-0.9690368283864133,2.340061855964519,1609,1,0.050506560476480854,-0.029334021954091877,-0.0026412915654721344,1.4626635802617435e-05,-6.535307954521851e-06,0.004824174391910023
40.251,-1.8271731883040285,0.43997986403830297,-1.2766546769292186,0.5658435127103495,-0.8432115785280261,2.1174039752697174,1610,1,0.05052889665738996,-0.029413423542150697,-0.0026428537106336155,1.4996961506528293e-05,-6.34960250608617e-06,0.004830810805618163
40.276,-1.814267039892371,0.4204394744098626,-1.2265451799639273,0.4816847952782355,-0.7278090835916674,1.8884244413043827,1611,1,0.05054121945997735,-0.029400469122534655,-0.0026446453852296313,1.499592397962282e-05,-6.615296518124362e-06,0.004835509483334346
40.301,-1.8030889485401147,0.4035894098587165,-1.1822334548639917,0.40656285936358927,-0.6225465564097609,1.6566221645276045,1612,1,0.0505412095533388,-0.029405964644920624,-0.0026464706773010947,1.4979380858916909e-05,-6.884269517449434e-06,0.004840663755194182
40.326,-1.7939388969241927,0.38931214658937635,-1.1437140717375518,0.33631641392026923,-0.5192482766952917,1.4254199049730254,1613,1,0.05052861358432574,-0.029368263834565107,-0.0026481165412857314,1.495685807033828e-05,-7.195501741045666e-06,0.004843706865091489
40.351,-1.7862731278441022,0.3776269960239534,-1.1109624596153447,0.2733887992812689,-0.4127938812947087,1.1976149059281098,1614,1,0.05051329305163369,-0.02937025561382109,-0.002649503506043952,1.5221816772904162e-05,-7.400734261984561e-06,0.004846711523920263
40.376,-1.78026945696013,0.3686724525246421,-1.0838333264411495,0.20736445452113736,-0.30851181022411833,0.977946525844212,1615,1,0.05051880531941691,-0.029377003534336713,-0.0026505655214906446,1.5481664602452014e-05,-7.623510776411421e-06,0.0048504899060848455
40.401,-1.7759049051180444,0.36220140551274616,-1.0620651333231297,0.14199719209729744,-0.20931509576050492,0.7695488297453644,1616,1,0.05052819091069739,-0.02938009562785743,-0.0026515722797006464,1.558180531293875e-05,-7.895807606715249e-06,0.004852974413653469
40.426,-1.7731695973552646,0.35820669773661595,-1.045355884953878,0.07149773448233494,-0.10716769490917986,0.5769250265338294,1617,1,0.050527102344162717,-0.029387095749952286,-0.0026526718186970256,1.561838083350097e-05,-8.313240562036426e-06,0.0048557432941040545
40.451,-1.772330018393928,0.35684302076728747,-1.0332188819964396,0.006787399233614652,-0.009266236589274252,0.40424896704156577,1618,1,0.05053816655136008,-0.029368256970652803,-0.002653766154815266,1.5485629080201764e-05,-8.584835820189565e-06,0.0048564657270816994
40.476,-1.7728302273935839,0.35774338590715227,-1.025143436601801,-0.04535897747203679,0.07033957764396925,0.257337562197272,1619,1,0.050548294207982236,-0.029370423356968753,-0.002654707191554778,1.5088870826881603e-05,-8.861960975904785e-06,0.004858050931947787
40.501,-1.7745979672675296,0.36035999964948573,-1.0203520038865768,-0.10476301442585706,0.1544020222772759,0.13973545355124325,1620,1,0.05048832590183546,-0.02937195031639099,-0.0026553101863465074,1.5038635738739674e-05,-9.43310241281249e-06,0.004856311930839696
40.526,-1.7780683781148772,0.3654634870210167,-1.0181566639242383,-0.15798176206111667,0.23142165912694382,0.05546606794586377,1621,1,0.05049786784413878,-0.02934934622781987,-0.002655811215735583,1.4846008237070705e-05,-9.6646428264039e-06,0.004856321312345251
40.551,-1.7824970553705861,0.3719310826058339,-1.0175787004892836,-0.16935528559630061,0.2579629035617339,0.011436346971223739,1622,1,0.05053104358060419,-0.029317320830857134,-0.0026560078768133755,1.4751803798736314e-05,-9.820279248899114e-06,0.004855851914098431
40.576,-1.7865361423946917,0.3783616321991027,-1.017584846575677,-0.16088578111671772,0.24887258921612448,-0.0006483218870734588,1623,1,0.05051943877446515,-0.029337776290890166,-0.00265589781869243,1.4950228990209804e-05,-9.910740191442674e-06,0.004855956330767436
40.601,-1.7905413444264215,0.3843747120666394,-1.017611116583637,-0.14177809229375088,0.21987554476280896,-0.0013234481184377287,1624,1,0.05051266782919111,-0.02932357723611302,-0.002655692216202054,1.5009497643340842e-05,-1.0210699031764538e-05,0.004855816728823063
40.626,-1.7936250470093789,0.3893554094372425,-1.0176510189815986,-0.10307755080358759,0.16873723334353002,-0.0013878841571112114,1625,1,0.050521867261858505,-0.029339032779623308,-0.00265551599388916,1.513723623796239e-05,-1.0468467384705427e-05,0.004856678464110611
40.651,-1.7956952219666014,0.39281157373381664,-1.0176805107914926,-0.06905562953558453,0.10693652106105488,-0.001213902282781628,1626,1,0.050511356169711974,-0.029354769496077928,-0.0026553932653071953,1.5230230602666118e-05,-1.0746564048423406e-05,0.00485691816041535
40.676,-1.7970778284861584,0.3947022354902957,-1.0177117140957377,-0.04003415813710337,0.056135710188510574,-0.0006443092290187391,1627,1,0.05048846344089204,-0.02932848244592709,-0.0026553828032413935,1.5099432857946305e-05,-1.0977839751636797e-05,0.004855998980862572
40.701,-1.7976969298734564,0.395618359243242,-1.0177127262529435,-0.01571532112432195,0.02317312538766457,2.6652864866251585e-05,1628,1,0.05047760550412724,-0.029322408547698464,-0.0026557612738274377,1.5104072033457969e-05,-1.12046436765616e-05,0.004854887035819301
40.726,-1.7978635945423744,0.39586089175967887,-1.0177103814524944,0.003062776060565216,-0.0014709988405892942,-0.0005399393782124258,1629,1,0.050476233099895115,-0.029320891748650012,-0.0026563305872892447,1.5183580378902986e-05,-1.1373846079637706e-05,0.004854017483040588
40.751,-1.7975437910704282,0.39554480930121255,-1.0177397232218541,0.01500992918477589,-0.021254521982881212,-0.0005464124100206891,1630,1,0.05045578755494057,-0.029337556579431906,-0.0026569919637264086,1.543330980908527e-05,-1.1461164747298463e-05,0.004853349761002207
40.776,-1.7971130980831356,0.3947981656605347,-1.0177377020729952,0.015383060971408756,-0.02245739169343483,-0.000209576226257706,1631,1,0.050420609779916664,-0.029334430309823707,-0.00265770341833898,1.544283215041755e-05,-1.168516047782749e-05,0.004851725213233454
40.801,-1.7967746380218577,0.3944219397165407,-1.017750202033167,0.003401871341188938,-0.01706689061646824,-0.0007685323707918183,1632,1,0.05043116850497579,-0.029350222412619198,-0.0026585304822788892,1.5493750024038928e-05,-1.1580393897443711e-05,0.004851368865363822
40.826,-1.7969430045160761,0.39394482112971135,-1.0177761286915348,-0.00333296219805509,-0.015714528879330118,-0.0004370273676812779,1633,1,0.05044618485983583,-0.02929601008596488,-0.002659441977616975,1.5178810453084946e-05,-1.1440001041645547e-05,0.004850624272956021
40.851,-1.7969412861317604,0.39363621327257425,-1.017772053401551,-0.002680249461750758,-0.007766378365299695,-0.00012634836888737063,1634,1,0.050442568067930973,-0.029285286016165545,-0.002660144878064492,1.501036126092923e-05,-1.140829671565869e-05,0.004848776468765502
40.876,-1.7970770169891637,0.3935565022114464,-1.017782446109979,-0.0020727970278276338,-0.0003165014767625159,-0.0005348836317686333,1635,1,0.050454434049756074,-0.029277818260205597,-0.002660540779565282,1.492652626138815e-05,-1.1300148772395479e-05,0.004848277228441255
40.901,-1.7970449259831518,0.3936203881987361,-1.0177987975831397,0.005526147170157953,0.004107304286229057,-0.0006128490728407076,1636,1,0.050456543252045176,-0.02930268224080826,-0.0026604664254486366,1.511704609756632e-05,-1.1401819752549146e-05,0.004847949894932714
40.926,-1.7968007096306557,0.39376186742575786,-1.017813088563621,0.0006741386820286293,0.006198067469158982,-0.0005789656277244478,1637,1,0.0504440619611161,-0.029355244125810757,-0.0026600195404290128,1.526199794431343e-05,-1.15521709506094e-05,0.004847026698543442
40.951,-1.7970112190490504,0.39393029157219406,-1.0178277458645257,-0.0027095708026615858,0.005996418238206965,-0.0005895333445860353,1638,1,0.05046003668217549,-0.029347421823925187,-0.0026594575654630436,1.5239857756132213e-05,-1.1528250555012756e-05,0.004846656400751939
40.976,-1.7969361881707888,0.3940616883376682,-1.0178425652308503,-0.004850114692414307,0.005941296173847315,-0.0009313175585390883,1639,1,0.050447315991321726,-0.02937169520999701,-0.002658930475936299,1.5307089685689347e-05,-1.1503175731458006e-05,0.00484628414945805
41.001,-1.797253724783671,0.3942273563808864,-1.017874311742453,-0.008233877818465815,0.004024665331557532,-0.0007418339907693728,1640,1,0.050464864645251115,-0.029348202662420154,-0.0026585422960666125,1.5091232857284892e-05,-1.1431098859125275e-05,0.004846300997673693
41.026,-1.7973478820617121,0.3942629216042461,-1.0178796569303885,-0.010584488077300044,-0.0005306063958476318,-0.0004198162936574687,1641,1,0.05045259240292016,-0.02934600983535065,-0.0026583066992490337,1.511286848879576e-05,-1.1434348066804966e-05,0.0048449444741495715
41.051,-1.7977829491875361,0.394200826061094,-1.0178953025571358,-0.006303756187633705,-0.0020552288457310664,-0.00022001302726338962,1642,1,0.05045891980541064,-0.029296751091080386,-0.0026583840611734077,1.491816995100305e-05,-1.112798155882604e-05,0.004844036960806921
41.076,-1.7976630698710938,0.39416016016195954,-1.0178906575817517,-0.000623063692004635,0.0013449243078301409,-0.0005165921363748121,1643,1,0.05043805557104843,-0.029323023919032243,-0.002658900416463287,1.5133400952231754e-05,-1.1196303963382436e-05,0.004842704169924427
41.101,-1.7978141023721363,0.3942680722764855,-1.0179211321639543,-0.007065655234966119,-0.001177221856372213,-0.00046629160431524305,1644,1,0.050459662100532786,-0.02932402819057115,-0.002659646020137654,1.4988709593087334e-05,-1.1131381309283204e-05,0.004842585295075963
41.126,-1.798016352632842,0.39410129906914093,-1.0179139721619674,-0.007544095463342582,-0.0037315165425585587,0.0038830646803941237,1645,1,0.050458976568584196,-0.029298915513994724,-0.002660513203554079,1.4729155963634964e-05,-1.1249002733036979e-05,0.004841111511109296
41.151,-1.7981913071453035,0.3940814964493576,-1.0177269789299346,-0.000450531205675692,-0.0004175450047693906,0.017930604251351203,1646,1,0.050477051974386795,-0.02928824272572455,-0.00266147138465474,1.4421808354182576e-05,-1.1136623223139277e-05,0.004840346269391513
41.176,-1.7980388791931259,0.39408042181890246,-1.0170174419493998,0.0151259859754935,-0.001807222961021196,0.0450306197423015,1647,1,0.050485430658395745,-0.02929818241952781,-0.002662532575714724,1.4057938466891664e-05,-1.0919274302406469e-05,0.004839715349702048
41.201,-1.7974350078465289,0.3939911353013065,-1.0154754479428199,0.04146638741191269,-0.0021405584208812442,0.08446472642825978,1648,1,0.0504804492956068,-0.029297440658582696,-0.0026636124032982833,1.383130695487039e-05,-1.0863180866387852e-05,0.004839687904680075
41.226,-1.7959655598225304,0.3939733938978584,-1.0127942056279873,0.08817131248883893,-0.00016809121701545206,0.13469002096556315,1649,1,0.05047597999651598,-0.02929645386542783,-0.0026646428380124,1.3774813991100015e-05,-1.0613600819997436e-05,0.0048389064119353405
41.251,-1.7930264422220872,0.39398273074045576,-1.008740946894542,0.16141028466813045,0.0038894155049337144,0.1935215881319698,1650,1,0.05045891191622982,-0.029294492619208058,-0.0026656516821349087,1.3828800950914398e-05,-1.0411272089166423e-05,0.0048372115031932806
41.276,-1.7878950455891232,0.3941678646731051,-1.003118126221388,0.26278077595272875,0.013846321817652036,0.2588149680462105,1651,1,0.05043586109774034,-0.02930678879594123,-0.0026666672512507764,1.395670195718366e-05,-1.030611362701075e-05,0.004836280665464755
41.301,-1.7798874034244496,0.3946750468313384,-0.9958001984922304,0.37801485098491056,0.0259877141282742,0.33010519449550124,1652,1,0.050414693015224166,-0.029343949849960794,-0.0026674617376606855,1.4107667101742721e-05,-1.0221176465107745e-05,0.004835956091511846
41.326,-1.7689943030398787,0.39546725037951874,-0.9866128664966138,0.47358957091795634,0.0363526772432264,0.4067556073551302,1653,1,0.050390241305158366,-0.029401635501930274,-0.0026681097793823014,1.4386842370436735e-05,-1.0374160771153444e-05,0.004835336606457469
41.351,-1.7562079248785532,0.39649268069349963,-0.9754624181244751,0.5649867828202614,0.042485422245002374,0.4862820047780413,1654,1,0.05040547556884567,-0.029391187862708248,-0.002668717097605387,1.4427981624119984e-05,-1.0376773478189667e-05,0.004835032966994013
41.376,-1.7407449638988672,0.39759152149176874,-0.9622987662577133,0.6677262370471401,0.05038311330705884,0.5681949252015044,1655,1,0.05040259196717072,-0.02937387381149774,-0.0026689747110472824,1.4575075975825134e-05,-1.0582128591100595e-05,0.004835411889537246
41.401,-1.7228216130261933,0.3990118363588528,-0.9470526718643975,0.7661928294887557,0.061884881972399663,0.6510165312199212,1656,1,0.05042067636392563,-0.029351384085247966,-0.0026691137106270336,1.494404054121711e-05,-1.0727212803656313e-05,0.004834589962233107
41.426,-1.7024353224244262,0.400685765590389,-0.9297479396967143,0.8704074786397704,0.07151563475334928,0.7340373060350176,1657,1,0.050447761449749724,-0.02932409894961374,-0.0026691581836992516,1.526807510519584e-05,-1.0771577991413e-05,0.004835173087055408
41.451,-1.6793012390942073,0.40258761809652005,-0.9103508065626487,0.9699783808883097,0.07826951692701979,0.8164496934528851,1658,1,0.05045484015519281,-0.029339777685547755,-0.002669117845622435,1.5705366343899884e-05,-1.1002132390739834e-05,0.004836131777958177
41.476,-1.6539364033800135,0.40459924143673975,-0.8889254550240722,1.0659255818129971,0.08473908154462843,0.8966478170830404,1659,1,0.05046675241931847,-0.02932340392751666,-0.002668863876708481,1.587299029527761e-05,-1.1139034246751734e-05,0.004836703767188167
41.501,-1.6260049600035604,0.40682457217375123,-0.8655184157084994,1.1660958170969487,0.09662613010326512,0.9749514004078698,1660,1,0.0504676885810321,-0.029332623894032267,-0.0026685616193972478,1.6160875866721535e-05,-1.1166681043010465e-05,0.004837559443294989
41.526,-1.595631612525161,0.4094305479419034,-0.8401778850036747,1.254577441798967,0.10306557671646353,1.0489911901432507,1661,1,0.05048043892388779,-0.029369096806882832,-0.0026682943166609144,1.6531550302106785e-05,-1.1289183974970491e-05,0.00483788657357882
41.551,-1.5632760879136067,0.41197785100957485,-0.8130688562013325,1.3433976340727813,0.10663569543929603,1.118376723381226,1662,1,0.05048821777394973,-0.029348031818156598,-0.0026678589925074863,1.6384024438699946e-05,-1.1498362906689546e-05,0.004840204348881428
41.576,-1.5284617308215258,0.4147623327138679,-0.7842590488346166,1.4328926749197295,0.11624463265307633,1.1837840369748738,1663,1,0.05048395692592392,-0.029363269624382758,-0.002667296227738957,1.6236134240562414e-05,-1.147422082163089e-05,0.004842716614776837
41.601,-1.4916314541676243,0.41779008264222833,-0.7538796543525924,1.521664508047904,0.1218760886917472,1.243480670515495,1664,1,0.05049820163102969,-0.029366615107277304,-0.0026667831769578523,1.5932033499458737e-05,-1.1499012067233536e-05,0.004845063494645325
41.626,-1.452378505419135,0.42085613714845493,-0.7220850153088456,1.612952469850453,0.12412824861972534,1.29721680581715,1665,1,0.050474122927949706,-0.029393704496325553,-0.002666496154442966,1.557859002291539e-05,-1.1501801596625281e-05,0.004847547922304986
41.651,-1.4109838306750948,0.42399649507321513,-0.6890188140617292,1.6843357061450155,0.128624205924084,1.3447510237474178,1666,1,0.05043821874996973,-0.029418002294852107,-0.0026664497571516383,1.5272644933246895e-05,-1.1598775945450611e-05,0.004849904913651498
41.676,-1.368161720111877,0.4272873474446597,-0.654847464121469,1.7512013160485136,0.13720281575065332,1.3851794939422202,1667,1,0.050453393347884005,-0.029376851584096603,-0.002666411127385684,1.4798943211946325e-05,-1.1439328723991334e-05,0.004852071628052614
41.701,-1.323423764872674,0.4308566358607474,-0.6197598393646221,1.8343378691542411,0.1430538245882155,1.4181794042467384,1668,1,0.050483198234959684,-0.02935111523671195,-0.0026665216143574094,1.4632794000103855e-05,-1.1310495912868254e-05,0.0048549572127063005
41.726,-1.2764448266541701,0.43444003867407005,-0.583938493909136,1.9133777295216636,0.14754505311455007,1.4438753661913517,1669,1,0.050469009181181766,-0.029351387036887222,-0.0026668927694706327,1.4666568354697947e-05,-1.1532720404163206e-05,0.004857935074078703
41.751,-1.2277548783965964,0.4382338885164745,-0.5475660710550587,1.9840536000085103,0.15271988775630105,1.462239731992971,1670,1,0.050475992435961244,-0.02934377590458376,-0.0026673819242020546,1.4616406398726204e-05,-1.1526910303404265e-05,0.004861405250766397
41.776,-1.1772421466537362,0.44207603306188575,-0.5108265073094812,2.0612320414126746,0.15709635130476177,1.472782649565668,1671,1,0.050473777364272575,-0.029329615107305352,-0.0026679888152714502,1.4716509239462328e-05,-1.1687833513777496e-05,0.0048641930576642295
41.801,-1.1246932763259538,0.44608870608171325,-0.4739269385767691,2.133259992330913,0.16611602607117082,1.4752039303359816,1672,1,0.050449927163389044,-0.02934534549640753,-0.002668786755075579,1.4796906475756325e-05,-1.1922428190261103e-05,0.004866214570304736
41.826,-1.0705791470371966,0.4503818343654438,-0.43706631079268643,2.1954964389468716,0.1763814169878886,1.4694820017911905,1673,1,0.050456275070074004,-0.029359531109154704,-0.0026697675185977546,1.4746059047711466e-05,-1.214295409480853e-05,0.004868593007075104
41.851,-1.0149184543786165,0.4549077769311072,-0.40045283848721375,2.2657670538394625,0.1771903976113066,1.4560628096228119,1674,1,0.050481917352297706,-0.02937217109512693,-0.002670873384358343,1.4811440636439179e-05,-1.2187340858575476e-05,0.0048710087928846395
41.876,-0.9572907943452299,0.45924135424600865,-0.36426317031154976,2.3372302578654174,0.18010747638724808,1.4352204882798445,1675,1,0.05044720461993046,-0.029374244681316507,-0.0026721833571135925,1.4849327712956911e-05,-1.2289436310980406e-05,0.004873733218735708
41.901,-0.8980569414853357,0.46391315075047035,-0.32869181407321524,2.3934261642934773,0.19029099524982593,1.4065867107747154,1676,1,0.05042743757371133,-0.029401423600438133,-0.0026735842011106872,1.5004259902649785e-05,-1.2216512285409783e-05,0.004874732942912843
41.926,-0.8376194861305458,0.46875590400850076,-0.2939338347728081,2.430550235698881,0.19242254692354505,1.3699390066163877,1677,1,0.05043828530323883,-0.02941377783005084,-0.0026749383404629633,1.4899982108922859e-05,-1.2107779969077907e-05,0.004877320208803076
41.951,-0.7765294297003985,0.47353427809664705,-0.2601948637423999,2.386082204494584,0.184840431104602,1.326378946255704,1678,1,0.05048082516933617,-0.029379867734668937,-0.0026761303504101684,1.4595561987599806e-05,-1.1920558351292431e-05,0.0048806262330563935
41.976,-0.7183153759058234,0.47799792556373033,-0.22761488746002653,2.2338616148942707,0.17196401289830554,1.2759018402667814,1679,1,0.050481612137213264,-0.029362244756778812,-0.0026773361174407587,1.4466888554277223e-05,-1.1791857710304102e-05,0.004883302495979112
42.001,-0.6648363489556913,0.48213247874156184,-0.19639977172906448,2.056079732419729,0.15784020893113246,1.2198423841315735,1680,1,0.05051523862281968,-0.029333379849146524,-0.002678310785138581,1.4217414671646993e-05,-1.1590575280599888e-05,0.004887504003874656
42.026,-0.6155113892848282,0.4858899360102876,-0.16662276825344255,1.8881714045268716,0.14735262832712945,1.1583768059602562,1681,1,0.05052138445710148,-0.02931476873374887,-0.0026791510764100253,1.4206980441932029e-05,-1.1457726383082853e-05,0.004889220243251077
42.051,-0.5704277787293397,0.48950011015791894,-0.1384809314310468,1.7227034845981095,0.13735915145135505,1.0906379863817326,1682,1,0.05053584404574225,-0.029321518546478725,-0.0026797340907075283,1.4240520900531394e-05,-1.1543652552942767e-05,0.004892314920882788
42.076,-0.5293762150549276,0.492757893582855,-0.1120908689343591,1.5588013965927592,0.12399941396157671,1.0190068705248525,1683,1,0.05053475585709457,-0.029327163839794914,-0.002679849013503274,1.4227592554007548e-05,-1.1617906448194476e-05,0.004894797878227988
42.101,-0.49248770889970617,0.4957000808559974,-0.08753058790480722,1.3966230466014835,0.11268385511912868,0.9440858677068412,1684,1,0.05054879200806867,-0.029325386910457538,-0.0026794750996302357,1.4226793824252489e-05,-1.1835262629030166e-05,0.004896530505849019
42.126,-0.4595450627248574,0.4983920863388111,-0.06488657554901966,1.2419574856150224,0.10114754366042171,0.8649648598715194,1685,1,0.05056351185824329,-0.029329704321589607,-0.0026787286457594173,1.408396748403757e-05,-1.186541744621127e-05,0.004896701044862523
42.151,-0.43038983461894975,0.5007574580390189,-0.044282344911227504,1.0891414496986611,0.0869711420045908,0.7836131883981821,1686,1,0.05056900640769659,-0.0293306617131908,-0.0026775747244602733,1.4034338119682297e-05,-1.1938238195085499e-05,0.004898328873399012
42.176,-0.4050879902399197,0.502740643439041,-0.025705916129107272,0.9435241392823782,0.07349313464838554,0.700635798846858,1687,1,0.050584929716980476,-0.02931646251590458,-0.002676161760980415,1.3846002376075844e-05,-1.2127343066664436e-05,0.004898483408364085
42.201,-0.3832136276548335,0.504432114771438,-0.009250554968886783,0.8041426777118346,0.06668005340986151,0.6170783661946451,1688,1,0.05057001983384408,-0.02930827570851943,-0.0026746212991180644,1.3655326098397204e-05,-1.2487395385351413e-05,0.004900403742625248
42.226,-0.36488085635433026,0.5060746461095339,0.005148002180623152,0.6630748154877574,0.057058946406139864,0.5344980481565946,1689,1,0.05055920908500324,-0.029329835829200394,-0.0026730887885799606,1.3542225271926894e-05,-1.2845179781548101e-05,0.004901111474142609
42.251,-0.35005988688044753,0.5072850620917448,0.01747434743894151,0.5241763333954471,0.04112970903581297,0.45317883345272003,1690,1,0.05055192556574644,-0.029326423069948013,-0.0026715766615144298,1.3332753434570806e-05,-1.2925331085808505e-05,0.004902727001356388
42.276,-0.33867203968455567,0.5081311315613247,0.027806943853261126,0.39254306695107416,0.031144272047349385,0.3751600985475836,1691,1,0.05055123399663047,-0.029309701734274492,-0.002670042088501272,1.3040106311062442e-05,-1.3015757508563492e-05,0.004903298093218524
42.301,-0.33043273353289215,0.5088422756941124,0.03623235236632224,0.2623491680589401,0.02431304007112805,0.3005594118050141,1692,1,0.050531192324083055,-0.029310918579035942,-0.00266871668113228,1.3098332822409353e-05,-1.3061325460296696e-05,0.004903049195590306
42.326,-0.3255545812816094,0.5093467835648811,0.04283491444351105,0.1274627290421321,0.016850338571040416,0.23059123588704966,1693,1,0.05053364213580873,-0.029315505550889628,-0.002667702378853916,1.3521782525204287e-05,-1.282087987319838e-05,0.004903700196664027
42.351,-0.3240595970807859,0.5096847926226644,0.047761914160674095,0.00783366963594201,0.005643228348926376,0.1681658961199879,1694,1,0.05056828315718606,-0.029327718463119816,-0.00266684870227466,1.397228635431665e-05,-1.2435035405309822e-05,0.004905249244194058
42.376,-0.32516289779981233,0.5096289449823274,0.05124320924951018,-0.10865072684628513,-0.004161624410256782,0.11371161924587898,1695,1,0.050533594493717304,-0.029320896896498787,-0.002666300734303766,1.4368734174456386e-05,-1.219141505352021e-05,0.004903922812525718
42.401,-0.32949213342310063,0.5094767114021516,0.053447495122968466,-0.23335788106340413,-0.011858531741330102,0.06804370248619437,1696,1,0.05053716888774812,-0.0293316869355004,-0.0026662053475938457,1.4801361403066906e-05,-1.1632830756089351e-05,0.0049033925559038355
42.426,-0.33683079185298354,0.5090360183952608,0.05464539437382,-0.34517227782502286,-0.025610869527700544,0.03335412016764761,1697,1,0.05055352229011422,-0.029334000243320342,-0.002666469729808643,1.5134561055180555e-05,-1.1226935246269236e-05,0.004902566810188978
42.451,-0.3467507473143508,0.5081961679257666,0.05511520113135068,-0.42993007718611365,-0.03369225965758474,0.010714914010688302,1698,1,0.05055876811445722,-0.029312733255769042,-0.0026669762850762193,1.5287219423372617e-05,-1.1007030030910953e-05,0.004901098373836802
42.476,-0.358327295712288,0.5073514054123817,0.05518114007435455,-0.48954079870187744,-0.03796026206427155,0.005608994123136632,1699,1,0.0505240287397977,-0.029312177163563297,-0.0026675632826187725,1.5598809067053746e-05,-1.1267885363159677e-05,0.004899749032506923
42.501,-0.3712277872494433,0.5062981548225531,0.055395650837507325,-0.5316399572590138,-0.03727596999824849,0.035299028350467596,1700,1,0.05049322680405142,-0.02929874646699289,-0.002668192378994466,1.5768736142339244e-05,-1.1526323218875055e-05,0.004898473751182781
42.526,-0.38490929357524095,0.5054876069124691,0.056946091491877945,-0.5320063456498249,-0.018859184406865907,0.11532988929279579,1701,1,0.05049114216730535,-0.029311457513648786,-0.0026687274488062904,1.589994842859996e-05,-1.1492081137991524e-05,0.004899599125091752
42.551,-0.3978281045319368,0.5053551956022098,0.061162145302147516,-0.4819663735188825,0.009401906559015051,0.24111140136747572,1702,1,0.050487553946623576,-0.02935242992531668,-0.0026692906147985232,1.614838207375257e-05,-1.1577466044104991e-05,0.004898961483065314
42.576,-0.4090076122511837,0.5059577022404198,0.06900166156025092,-0.4000397217912194,0.052264513526193074,0.40175246655752844,1703,1,0.050510856458616776,-0.029357054656446474,-0.002669603365205019,1.6242603609208e-05,-1.1768714755151527e-05,0.004899867874400094
42.601,-0.4178300906214966,0.5079684212785193,0.08124976863002265,-0.30352655620525976,0.12048617033299866,0.5896158285088473,1704,1,0.05052260495058591,-0.029343670401836865,-0.0026697605558824657,1.623471056631145e-05,-1.1968523645214058e-05,0.004900384077627866
42.626,-0.42418394006144583,0.5119820107570694,0.0984824529856915,-0.21477068616386374,0.2057433382409426,0.7958199509768736,1705,1,0.050517876579294935,-0.029337200419229777,-0.0026698894340703478,1.6146180710903497e-05,-1.2043366333364988e-05,0.0049010041435915055
42.651,-0.4285686249296907,0.5182555881905673,0.12104076617886958,-0.13750101807513065,0.2988772400808382,1.0133875429114194,1706,1,0.050529489171116375,-0.029337259030617395,-0.002669911250329287,1.6043473980675183e-05,-1.2052748472222634e-05,0.004902322057744789
42.676,-0.43105899096520295,0.5269258727611126,0.1491518301312669,-0.06737662824445151,0.3954015424777049,1.2353404906381362,1707,1,0.050524937074768295,-0.02934088170276425,-0.0026696400162686236,1.592467934308042e-05,-1.211456050460188e-05,0.004903698327355629
42.701,-0.4319374563419131,0.5380256653144514,0.18280779071077302,-0.003571290961507304,0.4933781045308541,1.4541884585184155,1708,1,0.05051125124826267,-0.02934348742164147,-0.0026692436350743086,1.573609882581184e-05,-1.2284717553623088e-05,0.004906347164265732
42.726,-0.4312375555132783,0.5515947779876539,0.2218612530571835,0.051395410507520535,0.5919068469907199,1.66581654253133,1709,1,0.05047207577039458,-0.02934672640952959,-0.0026691086270639597,1.5492534169336185e-05,-1.2521890110083941e-05,0.004910245190034402
42.751,-0.4293676858165372,0.5676210076639857,0.26609861783733485,0.09362271196951745,0.6830717665554981,1.8636799690144388,1710,1,0.05044709476597526,-0.029354785247449083,-0.0026693306112059393,1.5073802801418458e-05,-1.2506031755352329e-05,0.004912127854657672
42.776,-0.42655641991480203,0.5857483663154317,0.31504525150791335,0.13160319913680707,0.7744816760496326,2.043839221489371,1711,1,0.05045774135316856,-0.029327547194336796,-0.0026697610499364444,1.4540410214607764e-05,-1.2366064104842687e-05,0.004917222204962805
42.801,-0.4227875258596963,0.6063450914664706,0.3682905789118121,0.1752303507783792,0.8731090298014207,2.2027378014728702,1712,1,0.0504802331326136,-0.0293226309986577,-0.0026703524532667874,1.4305629338437837e-05,-1.220441042975733e-05,0.004920678831297182
42.826,-0.41779490237588357,0.6294038178055003,0.4251821415815507,0.2189249348567348,0.9674942392527658,2.3365327802888465,1713,1,0.05047197490054878,-0.02933597780428188,-0.00267112733059967,1.4197901072371277e-05,-1.2331242743507545e-05,0.004924565793613173
42.851,-0.4118412791168602,0.6547198034291062,0.4851172179262476,0.2560608813298638,1.0599125813184054,2.442731748977588,1714,1,0.05046205234044828,-0.029345520067937593,-0.0026718929519369073,1.39444889465122e-05,-1.228622722067736e-05,0.0049282850893620405
42.876,-0.4049918583093911,0.6823994468714175,0.5473187290304231,0.2948039501869841,1.1441944978190512,2.517921584855437,1715,1,0.05044927819409979,-0.029371133827722072,-0.0026724293143601165,1.3825246360745774e-05,-1.2260143075515375e-05,0.004933486463463109
42.901,-0.39710108160750973,0.7119295283200636,0.6110132971690302,0.32642358498175533,1.2298027053029843,2.563584174834638,1716,1,0.05042532757865763,-0.029346831892441572,-0.0026729494752436617,1.362852237614449e-05,-1.2388357757348008e-05,0.004941037214168924
42.926,-0.38867067906030195,0.743889582136572,0.6754979377721659,0.3522950237448453,1.3165318495045246,2.5777606198059955,1717,1,0.05042744997615118,-0.02937473939848827,-0.0026736988926618953,1.3725232117011392e-05,-1.2132793064215517e-05,0.004945508459620133
42.951,-0.37948633042026847,0.7777561207952861,0.7399013281593227,0.3792811498686004,1.398856705160469,2.5581486126498585,1718,1,0.050437030312590454,-0.02938062311543683,-0.002674546629859913,1.373291024768551e-05,-1.1809654382509522e-05,0.004949894649083268
42.976,-0.369706621566873,0.8138324173945914,0.8034053684046514,0.40978887390972885,1.4716559051310878,2.5066738440178953,1719,1,0.05045063039367163,-0.02942130468848088,-0.002675456401736171,1.3977199543552375e-05,-1.1411738856496938e-05,0.004954886410796004
43.001,-0.3589968867247832,0.8513389160518363,0.8652350203602105,0.4385883135304084,1.5163465256149973,2.424034245406037,1720,1,0.05043007846848989,-0.029419624341144274,-0.002676532154459964,1.4304962006653395e-05,-1.1120455027557468e-05,0.0049603891852931905
43.026,-0.3477772058903507,0.8896497436753478,0.9246070806749633,0.43695767665193835,1.5184957986794394,2.3123143028789954,1721,1,0.0504059807572298,-0.02939203141652372,-0.0026776313289048983,1.4526538286370069e-05,-1.093852367686622e-05,0.004966799360656567
43.051,-0.3371490028921844,0.9272637059858148,0.98085073550417,0.41182171177054816,1.445932559985399,2.174343626821508,1722,1,0.050410930338329024,-0.029416709135578985,-0.00267853641288512,1.497455293986607e-05,-1.0486409571428648e-05,0.0049717621933672625
43.076,-0.3271861203018245,0.9619463716746136,1.0333242620160326,0.377668212453988,1.3194243677842072,2.011291862899974,1723,1,0.050411445744961376,-0.029409409784148806,-0.0026790782536252927,1.5180282120247115e-05,-1.011761319974082e-05,0.004975453383180912
43.101,-0.3182655922694861,0.9932349243750214,1.0814153286491632,0.3319080167301369,1.1778929847114243,1.8271869131253355,1724,1,0.05041943369741032,-0.02940367957865044,-0.002679490247676735,1.533255222740913e-05,-9.875763386373381e-06,0.004979441847106994
43.126,-0.3105907194653186,1.0208410209101815,1.124683607672294,0.28495711249075584,1.029373310074454,1.6271020927700552,1725,1,0.05044128219766132,-0.02941067428723032,-0.0026800501385284294,1.5587695897546654e-05,-9.653854460529567e-06,0.004983380256428013
43.151,-0.3040177366449471,1.0447035898787485,1.1627704332876727,0.24308220984333975,0.8846087471832044,1.4143467923378543,1726,1,0.050474878342963554,-0.029405381742444114,-0.0026804635123636217,1.5804903479936732e-05,-9.65885017983659e-06,0.004984898811765335
43.176,-0.29843660897315055,1.0650714582693455,1.1954009472891927,0.20343149149786235,0.7445472780655195,1.1938362961581785,1727,1,0.05050134788405825,-0.029399776443339347,-0.0026808384489654586,1.5996535799215614e-05,-9.802989758533053e-06,0.0049859154983818415
43.201,-0.29384616207005454,1.0819309537820223,1.2224622480955782,0.1610383145479491,0.6122509448497918,0.9727147210830032,1728,1,0.05053299275083416,-0.029388539477314284,-0.0026810064804821303,1.5894039392540083e-05,-9.753611705684996e-06,0.0049874866194902405
43.226,-0.29038469324575356,1.0956840055118333,1.2440366833433403,0.12584645433393155,0.48365418177546443,0.7567341440514749,1729,1,0.050552036604651934,-0.029418979329542332,-0.002680781036960814,1.5867342624279858e-05,-9.596819724184333e-06,0.004987860437529279
43.251,-0.2875538393533583,1.1061136628707942,1.2602989552981498,0.09722742024781021,0.353319677119127,0.5534846355509931,1730,1,0.05055729217242508,-0.029406968368764462,-0.0026804305876618998,1.568425434184681e-05,-9.517421758205304e-06,0.004988770672757015
43.276,-0.28552332223336263,1.1133499893677912,1.2717109151208925,0.06718377652825329,0.22699954063257374,0.37025038594823595,1731,1,0.050559344683566015,-0.029386191149933176,-0.002680005110603499,1.5668818978711308e-05,-9.467545599620207e-06,0.004987025292331639
43.301,-0.28419465052694537,1.1174636399024238,1.2788114745955634,0.03308533590468531,0.10682005999766261,0.21437091638387581,1732,1,0.05055636218146825,-0.02934942631436446,-0.0026795874589584895,1.557591266934321e-05,-9.533195553731496e-06,0.00498672523920307
43.326,-0.28386905543812846,1.118690992367674,1.2824294609400855,-0.004781344150582006,-0.011740562837637249,0.09652284986835562,1733,1,0.050549494095315554,-0.029350425106431478,-0.0026789880599670315,1.5499197169035265e-05,-9.689697561218621e-06,0.004986140708024567
43.351,-0.28443371773447446,1.116876611760542,1.283637617088981,-0.03500728561318533,-0.12353719515235709,0.026318673088693675,1734,1,0.050558707650024855,-0.029357875395019974,-0.0026783699617311594,1.5441350487846546e-05,-9.747799787950785e-06,0.004986346511765668
43.376,-0.2856194197187876,1.1125141326100565,1.28374539459452,-0.05654810858629029,-0.22241497531397028,-0.006657703463863173,1735,1,0.050552010433324766,-0.02935863977769567,-0.0026776112338282006,1.5583675130151786e-05,-1.0162087932492949e-05,0.00498484952165691
43.401,-0.2872611231637892,1.1057558629948425,1.2833047319157878,-0.07188128877340713,-0.2835220108385775,-0.050845961745760275,1736,1,0.05056554789377347,-0.02933428454060642,-0.00267688575981869,1.5415776075764875e-05,-1.0257152493587594e-05,0.004982638541415109
43.426,-0.2892134841574583,1.0983380320681264,1.2812030965072319,-0.06480625749424797,-0.28974492864686546,-0.1377640098983946,1737,1,0.05058107719931489,-0.02935302646132975,-0.002676313960302072,1.5468542429570602e-05,-1.0292065398900934e-05,0.004983301067879632
43.451,-0.2905014360385014,1.0912686165625,1.2764165314208684,-0.024875604330169304,-0.27525750426143036,-0.2622275435958404,1738,1,0.05056034043269445,-0.029363544004714987,-0.0026759207539122244,1.5490170057937458e-05,-1.024697889572657e-05,0.004982794191743463
43.476,-0.2904572643739667,1.0845751568550557,1.2680917193274406,0.03786216551359571,-0.24168667024212317,-0.41756244267122145,1739,1,0.05057853577686387,-0.029341711289845116,-0.00267576149979523,1.540040292377172e-05,-1.0163770869725826e-05,0.004981086963929365
43.501,-0.28860832776282175,1.0791842830503946,1.2555384092873088,0.12272999477166266,-0.19885360643750874,-0.5970878919654178,1740,1,0.050555652263489056,-0.02934571906500103,-0.0026757423411409927,1.5515195580669864e-05,-1.0130918052360501e-05,0.004977710362554019
43.526,-0.284320764635383,1.0746324765331794,1.2382373247291671,0.22528222423603605,-0.16163466437731652,-0.7929827803447543,1741,1,0.05055892591454634,-0.02934239950486391,-0.002676084753133814,1.5663334490200907e-05,-1.0141923894587716e-05,0.004974908529735573
43.551,-0.277344216551019,1.071102549831528,1.2158892702700677,0.34331610400004053,-0.12915801758041592,-0.9980815652784382,1742,1,0.05055277074531159,-0.029356035343308173,-0.002676669100071995,1.593401805048296e-05,-1.0208527243575521e-05,0.004970656030912691
43.576,-0.267154959435382,1.068174575654159,1.188333246465248,0.45160111298453665,-0.09970252208709185,-1.2080144662739631,1743,1,0.05054810566812804,-0.029306605175546528,-0.002677380515855553,1.574312068017654e-05,-1.0291234351066576e-05,0.004965203354857097
43.601,-0.25476416090179343,1.0661174237271738,1.1554885469563727,0.5525505537960194,-0.07548416731428349,-1.4173203307302724,1744,1,0.050525005178955334,-0.029349206610828706,-0.0026783416726575628,1.6300317655714744e-05,-1.0512760564022981e-05,0.004959973739955275
43.626,-0.23952743174558258,1.064400367288445,1.1174672299287383,0.6655074557603318,-0.06424259765183911,-1.6202027457945385,1745,1,0.050507905015914345,-0.029362686826578412,-0.002679477689388519,1.671189992342875e-05,-1.0534899721872747e-05,0.004954456466914621
43.651,-0.221488788113774,1.0629052938445815,1.0744784096666389,0.7727725634951296,-0.05691509840321588,-1.8125531025496375,1746,1,0.050498365917514144,-0.02934816064656916,-0.0026804942902492333,1.7023649021552877e-05,-1.0514646417720483e-05,0.00494964871601078
43.676,-0.2008888035708228,1.061554612368284,1.0268395748012489,0.8693441384051248,-0.04736637936791957,-1.9892464526501616,1747,1,0.05050279916766237,-0.029332961174691388,-0.0026812973734714135,1.7080520288773405e-05,-1.0571259102642048e-05,0.004944491468223537
43.701,-0.17802158119352024,1.0605369748761857,0.9750160870341363,0.9702693991959196,-0.038184805716714405,-2.148078850689561,1748,1,0.050505193303477865,-0.029357229336877583,-0.0026819342446799746,1.7312596899911303e-05,-1.0677392981035466e-05,0.004936329260279036
43.726,-0.1523753336110296,1.0596453720824484,0.919435632266777,1.0763186949873906,-0.032377172763864044,-2.286231274182159,1749,1,0.050505173032878437,-0.0293305814516221,-0.0026826516734250318,1.7405177943501083e-05,-1.0709275315822161e-05,0.004929780232352429
43.751,-0.12420564644415377,1.0589181162379926,0.8607045233250348,1.164304106291986,-0.02522035363164095,-2.3998478800321084,1750,1,0.05050338087646026,-0.029289902605320915,-0.002683642251171508,1.7314153050819957e-05,-1.0645238486551026e-05,0.004921390594407314
43.776,-0.09416012829642532,1.0583843544008662,0.7994432382651613,1.254448803116323,-0.013664038320347849,-2.4885087429486505,1751,1,0.050519486393085664,-0.029313862284893667,-0.002684774132597636,1.758107423027639e-05,-1.0482359211573486e-05,0.00491223045298478
43.801,-0.06148320628833227,1.0582349143219751,0.7362790861775914,1.3430730017150636,-0.0012086009858514734,-2.5497410928026403,1752,1,0.0504978767743177,-0.029302356369308107,-0.002686172847760562,1.7565027211985566e-05,-1.0610555678856671e-05,0.004904095614698673
43.826,-0.027006478210675963,1.0583239243515736,0.6719561836250367,1.4245280423112567,0.0008677940558144353,-2.582539235376458,1753,1,0.05049254380408773,-0.02934880355271273,-0.0026875365908470353,1.7816335773314464e-05,-1.0771709722058406e-05,0.004893633931119024
43.851,0.009743195827226521,1.0582783040247659,0.607152124408776,1.5043934912376022,0.0029458578419651613,-2.58722582117255,1754,1,0.050505591848963666,-0.029352585571649846,-0.0026889154596976095,1.7773438774395517e-05,-1.0703451510528051e-05,0.0048858220822763435
43.876,0.04821319635119988,1.0584712172436719,0.5425948925664168,1.571660499168667,0.013083847445102265,-2.562674881824746,1755,1,0.05051201919841388,-0.029375492327869828,-0.0026902189464997305,1.773364995721868e-05,-1.0903403724024476e-05,0.0048768052621741215
43.901,0.08832622078566657,1.058932496397021,0.47901838031752797,1.600288507441921,0.015534978977827858,-2.509796045274636,1756,1,0.0505004823532632,-0.029404986503337047,-0.0026915501053921126,1.7611485227192222e-05,-1.1115932482239962e-05,0.00486818950069797
43.926,0.12822762172330276,1.0592479661925633,0.4171050903026744,1.579493608687153,0.011464918797319909,-2.4286574802297394,1757,1,0.05054760766882333,-0.02947441206591461,-0.00269244152348426,1.7903532605476376e-05,-1.119659418525702e-05,0.004861160213673596
43.951,0.16730090122001973,1.059505742336887,0.3575855063060481,1.5179697429897563,0.007918352448786253,-2.3213684447067604,1758,1,0.050558559642558135,-0.029474590087564256,-0.002693436532533742,1.770274062575914e-05,-1.1224050026903736e-05,0.004852482018817314
43.976,0.20412610887278626,1.0596438838150026,0.30103666806734275,1.4162426674314006,0.007541360818228855,-2.1903800722400923,1759,1,0.05055844087842224,-0.02944719371079578,-0.0026940642435585075,1.7424141265534404e-05,-1.114711576512954e-05,0.004845449067680378
44.001,0.23811303459158573,1.0598828103777984,0.24806650269404973,1.3023738799258433,0.008370317018301774,-2.0369172221171667,1760,1,0.0505524453881744,-0.029444378237352502,-0.002694586418799961,1.7171033459408694e-05,-1.1177960058252205e-05,0.004837758285319679
44.026,0.269244802869084,1.0600623996659178,0.19919080696147565,1.1853321938492845,0.00789375890471277,-1.8642372522967774,1761,1,0.05053432805993667,-0.029429833225013732,-0.0026949585772473063,1.6872741324589037e-05,-1.130204955518367e-05,0.004830646757444412
44.051,0.297379644284055,1.060277498323034,0.1548546400792031,1.0565972934930945,0.004894350485096511,-1.6759727985492276,1762,1,0.05050546891615594,-0.02942305696053843,-0.0026952253959525783,1.68991335930131e-05,-1.1603262701306886e-05,0.004824162467701866
44.076,0.3220746675437357,1.0603071171901726,0.11539216703401903,0.917367822173677,-0.0013385624689511084,-1.476259157879238,1763,1,0.05050103317509813,-0.029411879865271568,-0.002695370988403546,1.695297906305892e-05,-1.1785481643686978e-05,0.004816922329238151
44.101,0.34324803539273624,1.0602105701995865,0.08104168218524536,0.77307420356527,-0.0033556196301278395,-1.2689159513492332,1764,1,0.05049931753183786,-0.029391508093599895,-0.0026955114677312485,1.703066313958255e-05,-1.195747270082517e-05,0.004811490581646603
44.126,0.360728377721997,1.0601393362086662,0.051946369466561004,0.6314449401316574,-0.004378124717092273,-1.0587314822896394,1765,1,0.050511480223284416,-0.029387455576847108,-0.002695895505019733,1.7265509318541316e-05,-1.21907650766917e-05,0.004806484043534536
44.151,0.3748202823993218,1.059991663963732,0.028105108070758715,0.4953505016803194,-0.0030502409897656575,-0.8510008631003692,1766,1,0.050516673994125856,-0.029373102359245642,-0.002696543459586807,1.7604132204706983e-05,-1.2433782975141065e-05,0.004801644948791372
44.176,0.3854959028060151,1.0599868241591779,0.009396326311538796,0.3623636156405425,-0.0001658973476592701,-0.6515975322439098,1767,1,0.05052116107338481,-0.02938160242160103,-0.002697299552455269,1.8083590023604738e-05,-1.2841348637040594e-05,0.004797013012757942
44.201,0.3929384631813479,1.059983369096349,-0.004474768541435106,0.23570514984412436,-0.004861851081181811,-0.46629051540125294,1768,1,0.05051826073907402,-0.029387948561305912,-0.0026979038484038213,1.841232529286531e-05,-1.3192216794022953e-05,0.004794332065890784
44.226,0.39728116029822064,1.0597437316051188,-0.013918199458522521,0.11184778454903035,-0.0015810873256817191,-0.3036353508302087,1769,1,0.05050907965745431,-0.0293612279045311,-0.0026984255464100907,1.85396480975074e-05,-1.3325191950158929e-05,0.004790103771670447
44.251,0.3985308524087991,1.0599043147300649,-0.0196565360829448,-0.011329554558382615,0.0004582295234855813,-0.16934162543331133,1770,1,0.05048872554874042,-0.029388710145279964,-0.002698760872130847,1.8761434052600552e-05,-1.3449904113148022e-05,0.004789616958112924
44.276,0.39671468257030146,1.059766643081293,-0.022385280730188854,-0.10893269186807512,-0.003598332861942359,-0.070200223369999,1771,1,0.05050629083112201,-0.029377585200478964,-0.0026989812525847067,1.9025472397962038e-05,-1.3341886688082261e-05,0.0047867564104304115
44.301,0.3930842178153949,1.0597243980869677,-0.023166547251445027,-0.17979352752435585,-0.0034077221347674487,-0.015843478594784535,1772,1,0.050494960100026756,-0.029377902439347247,-0.0026993874245570927,1.91180358277636e-05,-1.3397014276476647e-05,0.004785034616565219
44.326,0.3877250061940842,1.0595962569745547,-0.023177454659928133,-0.22770707241829796,-0.003281410402311744,-0.0010496000323723706,1773,1,0.05051039680483881,-0.02936971544876395,-0.002700080590554757,1.922535867969035e-05,-1.3400709645434249e-05,0.004781431868730528
44.351,0.3816988641944806,1.0595603275668521,-0.023219027253063615,-0.24062056842154825,-0.0064262251023720395,-0.0022600916876581896,1774,1,0.050525063942152636,-0.02937602226130515,-0.0027009257213719204,1.93833644757336e-05,-1.35048414968082e-05,0.004780138529864189
44.376,0.37569397777300745,1.0592749457194361,-0.023290459244310828,-0.21904735188241783,-0.008260033398616435,-0.0060371786340058095,1775,1,0.05055211264684209,-0.029354191817003515,-0.002702002979794961,1.9433902072259997e-05,-1.3443701009055533e-05,0.004777079009329563
44.401,0.3707464966003588,1.0591473258969213,-0.023520886184763858,-0.17193344910444308,-0.012288356535029639,-0.012335066609255933,1776,1,0.050548490463560844,-0.029368565200115576,-0.0027033263184045656,1.95319367829925e-05,-1.3653121517237444e-05,0.0047758549331965595
44.426,0.36709730531778456,1.0586605278926846,-0.023907212574773566,-0.0992822626896873,-0.026864995935131225,-0.01911284261121191,1777,1,0.05056553273660146,-0.029358054990103234,-0.002704946702411252,1.9562540885822537e-05,-1.3663427806323203e-05,0.004773777965274004
44.451,0.3657823834658747,1.0578040761001648,-0.024476528315324247,-0.01087428317351486,-0.03881605143330134,-0.027652292893886505,1778,1,0.05052741615019022,-0.029340258319850973,-0.0027065823990920423,1.961264001904828e-05,-1.377453533752738e-05,0.004771315964656288
44.476,0.36655359115910885,1.0567197253210197,-0.025289827219467983,0.0888499085660372,-0.05587014600480929,-0.037365525169887795,1779,1,0.050530935579862886,-0.029351199742833664,-0.002708295567199143,1.9751621757427893e-05,-1.3470799561182523e-05,0.004769289559611213
44.501,0.3702248788941763,1.0550105687999245,-0.026344804573818426,0.2061705463773502,-0.07899197152271269,-0.04795655902639009,1780,1,0.050522167268755636,-0.02935531663066833,-0.002709782201092786,1.9911939093869247e-05,-1.3321689247394593e-05,0.004765906592778007
44.526,0.37686211847797724,1.0527701267448837,-0.027687655170787612,0.3202540844315376,-0.10577125391047812,-0.06040787864686355,1781,1,0.050502642813361844,-0.029373666828024156,-0.002711089364829367,2.0062831816292358e-05,-1.324477717210304e-05,0.00476272773539612
44.551,0.38623758311575457,1.0497220061044001,-0.029365198506162014,0.4309255218383124,-0.13510984612818402,-0.07342040845223137,1782,1,0.050489706244219834,-0.02937027685543979,-0.002712284763950183,2.0225336236391814e-05,-1.3121730063671972e-05,0.004760338026980167
44.576,0.39840839456989163,1.0460146344384749,-0.03135867559339902,0.5367722890695531,-0.16241669052560007,-0.08680602588226943,1783,1,0.05046707441941792,-0.029371102275924734,-0.0027133346285330077,2.0261979088324895e-05,-1.2940805391284209e-05,0.0047583823360827695
44.601,0.4130761975692307,1.0416011715781206,-0.03370549980027536,0.6411238300979047,-0.19171559115424433,-0.10089388622491886,1784,1,0.050462826240417466,-0.029368832553441276,-0.0027143252906067982,2.0223203324191304e-05,-1.2850772340586789e-05,0.00475653687692756
44.626,0.43046458607478505,1.0364288548807632,-0.03640336990464465,0.7450401478785105,-0.21748707988842686,-0.11430267118246376,1785,1,0.05043943367827366,-0.029359498402001853,-0.002715153304044712,2.0211059199054055e-05,-1.2737628412025431e-05,0.004753810429780878
44.651,0.4503282049631594,1.0307268175836983,-0.03942063335939908,0.8366098359041637,-0.24360563799673918,-0.12796562676147058,1786,1,0.05042210426480488,-0.02937094208413312,-0.002715627645601723,2.0333086352371193e-05,-1.2696385965903596e-05,0.004751067943079
44.676,0.4722950778699968,1.0242485729809252,-0.0428016512427189,0.9319453327568713,-0.27083394904815467,-0.14279489244664412,1787,1,0.05044581155751561,-0.02936460055161,-0.00271571512193327,2.0320091640170206e-05,-1.255479048718206e-05,0.004748277010410574
44.701,0.4969254716010003,1.0171851201312914,-0.04656037798173096,1.0266767180247867,-0.29762133177248545,-0.15689257155287353,1788,1,0.050432090884468206,-0.029369910387873163,-0.0027156764589112417,2.023440186535175e-05,-1.2559415630229355e-05,0.004745752393181765
44.726,0.5236289137712332,1.0093675063923018,-0.050646279820362156,1.1161830036128664,-0.3213130786481471,-0.17067404290180027,1789,1,0.050447968820845,-0.029358358987230788,-0.002715546741322829,2.0216801378901072e-05,-1.2520846683163122e-05,0.0047427436042669115
44.751,0.5527346217816405,1.001119466198885,-0.05509408012682054,1.208928053641928,-0.3455006513284558,-0.18495784238261792,1790,1,0.050444108795648875,-0.029374821800386128,-0.0027153798829538845,2.0374024167090623e-05,-1.2518488996704412e-05,0.004739177767191755
44.776,0.5840753164533348,0.9920924738258775,-0.05989417193949406,1.295719009239154,-0.3726481456624413,-0.19854756361502884,1791,1,0.05043503905776026,-0.02936779401924564,-0.002715164240215189,2.0276088987403628e-05,-1.2561719700230927e-05,0.004736013673658527
44.801,0.6175205722436037,0.9824870589157613,-0.06502145830757293,1.3845399043201687,-0.39759318228506796,-0.21161264373381486,1792,1,0.05043179388841849,-0.02936442371274465,-0.002714754421378308,2.0126681067893665e-05,-1.2592165311298952e-05,0.004732985068058947
44.826,0.6533023116693393,0.9722128147116252,-0.07047480412618418,1.4662081756354006,-0.4178769035255796,-0.22454896051865736,1793,1,0.05039875473185237,-0.029352928838134264,-0.00271432673836739,1.9876458879706935e-05,-1.2815509130451464e-05,0.0047302180533010454
44.851,0.6908309810253696,0.9615932137394835,-0.07624890633350531,1.5370506685210212,-0.43765903461664246,-0.2365714535393294,1794,1,0.05040661971203896,-0.029370716187610158,-0.002713803024431324,1.9891980072347592e-05,-1.2855012284506601e-05,0.004728015311638816
44.876,0.730154845095386,0.9503298629807944,-0.08230337680314989,1.6159681342032914,-0.4589923692951156,-0.24721831110390394,1795,1,0.05043584754736169,-0.02937399562228498,-0.002713214710350538,1.9954232940441037e-05,-1.2942848560777555e-05,0.004725099111643038
44.901,0.771629387735541,0.9386435952747257,-0.08860982188870148,1.6960531923438713,-0.47833804398772634,-0.2581223255253786,1796,1,0.05043593308506252,-0.029393743176199378,-0.0027128582605965633,1.9900671773944563e-05,-1.3182376283227701e-05,0.0047211854422423635
44.926,0.8149575047125868,0.926412960781406,-0.09520949307941985,1.7743613966169867,-0.5026000210230094,-0.2687940931423302,1797,1,0.05043950670847386,-0.029409264403174814,-0.0027130273652126603,1.9770289545648358e-05,-1.3476833002742577e-05,0.004719593901948955
44.951,0.8603474575663853,0.9135135942235767,-0.10204952654581709,1.8398289423087368,-0.5269901311323155,-0.2776386694564239,1798,1,0.05041471157259146,-0.02940561138016295,-0.0027139130135110127,1.952485068402703e-05,-1.3663744553685264e-05,0.004717670810567038
44.976,0.9069489518280184,0.9000634542247917,-0.10909142655224006,1.9077447216361016,-0.5447449098756184,-0.2856158974969498,1799,1,0.050463988512751974,-0.029392456041909706,-0.0027151119517904777,1.9395701311248854e-05,-1.351344546830835e-05,0.004715491541543966
45.001,0.955734693648185,0.8862763487297973,-0.11633032142066385,1.9807629622909781,-0.5648306256929032,-0.29247286676618417,1800,1,0.05045423018483743,-0.029404973841729524,-0.002716656471460743,1.956884332179941e-05,-1.3516003116090604e-05,0.004713275918132116
45.026,1.0059870999425757,0.8718219229401442,-0.12371506989055071,2.04321083604086,-0.5857010018917685,-0.29844224474343883,1801,1,0.050473220994908224,-0.02939028367777103,-0.0027181885537748553,1.9580644714404258e-05,-1.3401138003000186e-05,0.004710713142819573
45.051,1.0578952354502367,0.8569912986352064,-0.1312524336578369,2.1139967540619824,-0.6054588555235652,-0.3034455012255228,1802,1,0.05049122051495474,-0.0293908187702819,-0.0027196341931231107,1.9747158858101697e-05,-1.3237232542701277e-05,0.004708925254666528
45.076,1.1116869376456688,0.8415489801639676,-0.13888734495182595,2.182994133695981,-0.6246906962275833,-0.3071489108517153,1803,1,0.05047316517949778,-0.029375149975606765,-0.0027211635669302636,1.9825051452871244e-05,-1.3386403085988297e-05,0.004705088283532415
45.101,1.1670449421350295,0.825756763823829,-0.14660987920042196,2.249816216041686,-0.6426715679254201,-0.31017539529834426,1804,1,0.05046048948748182,-0.029375339372598192,-0.00272274172694982,1.976951058263111e-05,-1.3510946771360635e-05,0.004702868532296167
45.126,1.2241777484477467,0.8094154017676984,-0.1543961147167422,2.3132616390605625,-0.6602983937305021,-0.3113773945962174,1805,1,0.050420075344812076,-0.029366012262304775,-0.0027244527911219167,1.964061737462304e-05,-1.3806724987359857e-05,0.004701505755200206
45.151,1.2827080240880675,0.7927418441373011,-0.16217874893023404,2.368122525027496,-0.674040007612309,-0.31216808176935734,1806,1,0.05040069110538142,-0.02936919779728995,-0.0027260070433509313,1.9622932502791906e-05,-1.3937692824781051e-05,0.004697766400624758
45.176,1.3425838746991317,0.7757134013870801,-0.1700045188052115,2.4212910950791278,-0.6879098891280968,-0.31231177855630676,1807,1,0.050399969034132845,-0.029379445272957005,-0.002727405398975306,1.9485221112000414e-05,-1.4044593885182927e-05,0.004695816217391091
45.201,1.403772578842017,0.7583463496808982,-0.17779433785804866,2.474529002656237,-0.7053781749879163,-0.31006008180013633,1808,1,0.05041522925769061,-0.029394989931171206,-0.002728290563391278,1.9396970962229877e-05,-1.3983084675048321e-05,0.004693064962932141
45.226,1.4663103248319365,0.7404444926376863,-0.18550752289521744,2.534439001606705,-0.7231446162360322,-0.3071874582692666,1809,1,0.05043145790969708,-0.02939171334236747,-0.0027288723026916563,1.8982282672543225e-05,-1.40331210771909e-05,0.00469038497346053
45.251,1.530494528922345,0.7221891188690986,-0.19315371077151097,2.5873478101701077,-0.7360866512673198,-0.30349641255967696,1810,1,0.05040952402048773,-0.029399031778587336,-0.002729295734273632,1.8613771024220896e-05,-1.4212684514457241e-05,0.00468764218734231
45.276,1.5956777153404529,0.7036401600743172,-0.2006823435232027,2.595807073409305,-0.7398057206515642,-0.2981142877295285,1811,1,0.050390667980283216,-0.029405617631017976,-0.002729488176491569,1.82039965235066e-05,-1.4533157596877517e-05,0.004684264718368202
45.301,1.6602848825928214,0.6851988328365173,-0.2080594251579888,2.561207642317388,-0.7326274925801618,-0.2923766641691638,1812,1,0.05042849968696149,-0.029412447457323704,-0.0027294513827616764,1.7878916439507557e-05,-1.4583096609031302e-05,0.0046798836029425155
45.326,1.723738097456315,0.6670087854453112,-0.21530117673165983,2.5078534596419115,-0.715256210892768,-0.28541644806403377,1813,1,0.05045725648780516,-0.029410069382931725,-0.0027293772676723303,1.750494893027075e-05,-1.4737648995504474e-05,0.004677258822543663
45.351,1.7856775555749098,0.6494360222918809,-0.2223302475611896,2.4259023644977256,-0.6881081303303462,-0.2770257587744209,1814,1,0.050459145821182584,-0.029427838066939303,-0.0027294952856856537,1.7296123481380362e-05,-1.4845444957451107e-05,0.004673481934834873
45.376,1.8450332156811944,0.6326033789287958,-0.22915246467038014,2.3160498707158506,-0.6602640006385877,-0.2686583360402432,1815,1,0.05047966190046235,-0.029446811348422808,-0.002729783396426828,1.7154098314323495e-05,-1.5018911912042478e-05,0.004669326941217369
45.401,1.9014800491107122,0.6164228222599487,-0.23576316436320302,2.2029343996886017,-0.6324289641764895,-0.2591122299401817,1816,1,0.050483624128540884,-0.02944315380626308,-0.0027303426340611497,1.6936318917659478e-05,-1.5024072770115858e-05,0.004666626765769821
45.426,1.9551799356656339,0.6009819307199686,-0.24210807616739016,2.0917460675974056,-0.6018811917298947,-0.24857657556288962,1817,1,0.05049791519454112,-0.029438036452885778,-0.0027311324130179673,1.6727952196324302e-05,-1.4844198869265428e-05,0.00466353910073216
45.451,2.0060673524905765,0.5863287626734557,-0.24819199314134685,1.9821363315737288,-0.5669833235326338,-0.23740785428161287,1818,1,0.05051064182507548,-0.029433990376191183,-0.0027321734375169325,1.659125626236741e-05,-1.4675210785571864e-05,0.004660936494679994
45.476,2.0542867522443147,0.5726327645433386,-0.25397846888147,1.8466701549139304,-0.5317742461738986,-0.22489300626259592,1819,1,0.05051074786089863,-0.02945491719820244,-0.0027331762054106368,1.6506413037740404e-05,-1.4564711285739919e-05,0.004657886990228851
45.501,2.098400860236268,0.5597400503647623,-0.25943664345447603,1.6807673147528124,-0.49294380221103234,-0.21263244744531526,1820,1,0.05052733078472673,-0.029432587931729134,-0.002734091445122204,1.638854644990253e-05,-1.4283017929370355e-05,0.0046533651901692055
45.526,2.1383251179819625,0.5479855744327848,-0.26461009125373686,1.5262965877832033,-0.44528152453554326,-0.2005258870110811,1821,1,0.05056437720521211,-0.029410311102778502,-0.002735152436271477,1.6456101388072552e-05,-1.3924759298502817e-05,0.004651318449433913
45.551,2.1747156896254345,0.5374759741379832,-0.2694629378050311,1.3801689582617966,-0.40204795999946374,-0.18684528981821555,1822,1,0.05055538625775237,-0.029417741620695045,-0.0027363405244542264,1.6582158309219017e-05,-1.3860916604628637e-05,0.004649041708109032
45.576,2.2073335658950484,0.5278831764328128,-0.27395235574464694,1.2228589160940013,-0.35953054177237975,-0.1723815293096385,1823,1,0.05053867459467803,-0.029406882407674504,-0.0027377539209902657,1.6660969330285736e-05,-1.3698499038123667e-05,0.004646304604691016
45.601,2.235858635430131,0.5194994470493652,-0.2780820142705124,1.0702813147087107,-0.31730639634947294,-0.15822200927662966,1824,1,0.0505802443707538,-0.029405414810646006,-0.0027392643093146177,1.668592934988932e-05,-1.337488946980728e-05,0.004642602246305156
45.626,2.260847631630481,0.51201785661534,-0.2818634562084779,0.9333367538506913,-0.274510363913839,-0.1443934682632052,1825,1,0.05060575001773291,-0.029391580477528406,-0.002740590594270364,1.6657331870980848e-05,-1.3115396764057607e-05,0.004640233308455142
45.651,2.2825254731226696,0.5057739288536721,-0.2853016876836734,0.8071818197821234,-0.23743175418832838,-0.13013603759319592,1826,1,0.05062584303002812,-0.029412094665653518,-0.0027414630221551817,1.6789730819490412e-05,-1.3157460295849804e-05,0.0046375960057397055
45.676,2.3012067226195905,0.5001462689059226,-0.2883702580881384,0.6912594951664046,-0.209971445181851,-0.11568262999525505,1827,1,0.05061083897199879,-0.029401410208642623,-0.0027420831085558242,1.6551186722795294e-05,-1.3259152467497745e-05,0.004634747546031179
45.701,2.317088447880988,0.49527535659458016,-0.2910858191834358,0.5817145091344298,-0.18079203319733922,-0.1015602831074216,1828,1,0.05058367370320096,-0.029385890823860884,-0.0027427317015703296,1.6429973428644272e-05,-1.3490738068293783e-05,0.00463301602040166
45.726,2.3302924480763103,0.49110666724605617,-0.29344827224350906,0.4816685040668219,-0.1320812227683341,-0.08710128514836375,1829,1,0.05056445146444151,-0.029364622552122924,-0.0027436560696455603,1.6272967802699657e-05,-1.3786827621097851e-05,0.00463107518305315
45.751,2.3411718730843276,0.48867129545616383,-0.29544088344085373,0.3885120432291013,-0.03409438041224331,-0.07329439542068258,1830,1,0.05054757019141472,-0.029411669004225666,-0.00274471176977259,1.619676633943949e-05,-1.3965191074063075e-05,0.004627529090194913
45.776,2.349718050237767,0.48940194822544386,-0.2971129920145435,0.29514453467215745,0.039450225233630364,-0.06052459720195119,1831,1,0.050527030170555515,-0.029439074860316237,-0.0027456241574731264,1.60612563942492e-05,-1.4189698598050936e-05,0.004623482427921218
45.801,2.3559290998179367,0.4906438067178455,-0.2984671133009516,0.19911839570489387,0.03030208482217195,-0.04794204966916122,1832,1,0.050515083417190285,-0.029462356881342314,-0.002746565508141695,1.6023749371232983e-05,-1.4187828258373367e-05,0.004619481400723135
45.826,2.359673970023011,0.4909170524665524,-0.2995100944980014,0.1149528704198287,0.009652250397023658,-0.037202245765908144,1833,1,0.05052521758510452,-0.029400238040778428,-0.0027475904356557813,1.564719206538232e-05,-1.4005024087068442e-05,0.004613849474197197
45.851,2.361676743338928,0.4911264192376967,-0.30032722558924685,0.03728087166839023,-0.005171982539764769,-0.0278898119017528,1834,1,0.050521113126747313,-0.02941670301101427,-0.0027486051321267383,1.5643897434067238e-05,-1.3870061156824374e-05,0.004610016558137744
45.876,2.3615380136064306,0.49065845333956415,-0.300904585093089,-0.03796139824824639,-0.0253782415585036,-0.018668512783673392,1835,1,0.050527577735484934,-0.029410523618187245,-0.0027495181421014455,1.5648069476280445e-05,-1.3864842960397816e-05,0.004605753893072627
45.901,2.3597786734265154,0.4898575071597714,-0.30126065122843043,-0.1046597088943368,-0.017383554300946697,-0.011094399150851806,1836,1,0.05050761939677716,-0.029409385794718114,-0.002750219186614554,1.5589719431452105e-05,-1.3873956361958387e-05,0.004601647945073442
45.926,2.3563050281617133,0.48978927562451674,-0.3014593050506314,-0.16191938627139668,0.006416135532130527,-0.005178633195939436,1837,1,0.05052556090074575,-0.029412512575775585,-0.0027509138811056,1.5466417006331163e-05,-1.3630760157197727e-05,0.0045977197746795186
45.951,2.351682704112946,0.4901783139363779,-0.30151958288822756,-0.19858124346105363,0.015170334106965085,-0.0008385982047709939,1838,1,0.05053605138923802,-0.029427016449902133,-0.002751594544806306,1.5361498541693002e-05,-1.3542562928616912e-05,0.004593483520488784
45.976,2.346375965988661,0.49054779232986495,-0.3015012349608698,-0.21629329577275044,0.015338657416864339,0.0013768545229898238,1839,1,0.05052219998530612,-0.029413133385274265,-0.0027520546104847846,1.5080168666503888e-05,-1.3590258505541041e-05,0.004589132289258638
46.001,2.340868039324309,0.49094524680722107,-0.3014507401620781,-0.2098410900804558,0.017565281049179593,0.002113062396453633,1840,1,0.05051572584111453,-0.02939179051847136,-0.002752199812514628,1.4829008198877608e-05,-1.3496195332968229e-05,0.004585528269244445
46.026,2.3358839114846375,0.491426056382324,-0.30139558184104714,-0.18843521170430036,0.02183310968107124,0.001808316771896147,1841,1,0.05049645366463498,-0.029390394100310444,-0.002752060857158151,1.4844752059474924e-05,-1.3576593903335125e-05,0.0045812863379718375
46.051,2.3314462787390933,0.4920369022912747,-0.30136032432348325,-0.16268073849638612,0.025310262900543386,0.0016535059229384303,1842,1,0.050503128380273335,-0.02940983822833851,-0.0027517114003752156,1.5136489788641672e-05,-1.3762338409286587e-05,0.004577427333951549
46.076,2.3277498745598186,0.4926915695273511,-0.30131290654490006,-0.13162838788752435,0.014911912957023836,0.0012862652355761404,1843,1,0.05051483688881717,-0.0294435021641927,-0.002751138905083713,1.546119666748062e-05,-1.3715675500193826e-05,0.004573562148241945
46.101,2.3248648593447174,0.4927824979391259,-0.30129601106170434,-0.10224350457930824,0.0037889691991701492,0.0005696420611567601,1844,1,0.050500714868064636,-0.029424805082049654,-0.002750242536256661,1.5512418299440773e-05,-1.3874988146600272e-05,0.004571547061964854
46.126,2.3226376993308535,0.4928810179873096,-0.30128442444184206,-0.07671204368932884,0.00396589675312275,0.0010537315873192722,1845,1,0.05049478440005929,-0.029417827911860057,-0.0027491506718074613,1.5445665951253424e-05,-1.3828980968782562e-05,0.004569390272285113
46.151,2.3210292571602507,0.49298079277678203,-0.30124332448233826,-0.0577983741753791,0.002106850514559209,0.0016409453638031857,1846,1,0.050483485690149335,-0.029421122832692072,-0.0027479334980356476,1.5548416396917852e-05,-1.3744976823694487e-05,0.004565957189579076
46.176,2.3197477806220843,0.49298636051303757,-0.3012023771736521,-0.04540019941635701,0.001761452636013339,0.001503113928480545,1847,1,0.05048518037170543,-0.02941473521714063,-0.0027466833946163402,1.5531898393979287e-05,-1.369148640689497e-05,0.004562340367714253
46.201,2.318759247189433,0.4930688654085827,-0.3011681687859142,-0.031394622527837875,-0.0012792579937793318,0.0011121920207558056,1848,1,0.05049342617025209,-0.02941915700045567,-0.00274550971337444,1.5575423550470754e-05,-1.3685241040925863e-05,0.004558859154088565
46.226,2.3181780494956925,0.4929223976133486,-0.30114676757261455,-0.017527284549326724,-0.0018290912505792773,0.000834229413193602,1849,1,0.050475522938703006,-0.029404542213891823,-0.0027446304334981177,1.567023152617547e-05,-1.3835580359754546e-05,0.004556669049646075
46.251,2.3178828829619667,0.49297741084605373,-0.30112645731525445,-0.01283097800343637,-0.001034312386732817,0.0010557951337285753,1850,1,0.05045622137590951,-0.029417932738794006,-0.0027441503279960256,1.5839917499548106e-05,-1.4005110983835319e-05,0.004554306632721439
46.276,2.3175365005955206,0.49287068199401196,-0.3010939778159282,-0.012194151284424875,0.0015208623234140664,0.0017586758080322005,1851,1,0.05045785658034573,-0.02940599099508178,-0.002743998795864333,1.5714879805020588e-05,-1.3999961071475394e-05,0.004551205493893676
46.301,2.3172731753977454,0.49305345396222444,-0.30103852352485283,-0.009506385101492584,0.005126183542318044,0.0015039385515703573,1852,1,0.05048561013481321,-0.029422909282356618,-0.002744115010838136,1.5730462578892586e-05,-1.3776225681665926e-05,0.004546876879054121
46.326,2.317061181340446,0.49312699117112785,-0.3010187808883496,-0.001375891543560293,0.001151517459647765,0.0008656433778320642,1853,1,0.050513622007373714,-0.029422814039924236,-0.0027442402578518868,1.5619179677815087e-05,-1.3646766077804167e-05,0.004544743185576282
46.351,2.3172043808205673,0.4931110298352068,-0.3009952413559613,0.005033360536188811,0.0015410996681198596,0.0009997421483909931,1854,1,0.05049046327653576,-0.029424959689973162,-0.0027442217436376734,1.5668876142063196e-05,-1.3528194163027363e-05,0.004541446211220969
46.376,2.3173128493672555,0.49320404615453384,-0.3009687937809303,0.0026217990011010426,0.0016622055684788165,0.0008810968979133053,1855,1,0.05047968926443917,-0.029437594633268466,-0.002744116265253215,1.564048090546719e-05,-1.324987048347233e-05,0.004537983658330805
46.401,2.3173354707706224,0.4931941401136308,-0.3009511865110654,0.0005854228744527957,0.0005468156194354346,0.0009066754307872964,1856,1,0.05047780519705134,-0.029434179714209006,-0.002744006182902186,1.562304807606965e-05,-1.2891925306103815e-05,0.0045352092384429365
46.426,2.317342120510978,0.4932313869355056,-0.30092346000939085,0.00023667793641381175,-0.00012863036660371762,0.0006730736591631753,1857,1,0.05048067656307246,-0.029435697584540912,-0.002744064767547706,1.5785202315614872e-05,-1.2550865432898085e-05,0.004533447043284684
46.451,2.317347304667443,0.4931877085953006,-0.30091753282810724,0.0026162848249723747,-0.006668503740454958,0.0004868015250192591,1858,1,0.050480760666982656,-0.029428238554611623,-0.002744179635291484,1.5907560839130042e-05,-1.2366516322407628e-05,0.0045314121221655835
46.476,2.3174729347522267,0.4928979617484829,-0.30089911993313984,0.006171856801380566,-0.007000516696625113,0.000552786496452771,1859,1,0.05045706165656049,-0.02939900718509575,-0.0027443298842711253,1.5876787208677305e-05,-1.2390416475598545e-05,0.004529253289712214
46.501,2.317655897507512,0.49283768276046935,-0.3008898935032845,0.003716284522363405,-0.004880652104609223,-2.2857477661728793e-05,1860,1,0.05043885098866783,-0.029400248726650164,-0.002744563728962541,1.592069139771022e-05,-1.2512605408802166e-05,0.004527685106381243
46.526,2.317658748978345,0.4926539291432524,-0.30090026280702303,-0.003830633137588919,-0.009225803165215143,6.530771665679833e-05,1861,1,0.050440438066073914,-0.02938150766536404,-0.0027448619389986596,1.5806909608772273e-05,-1.2516186116618778e-05,0.004526825794546577
46.551,2.3174643658506326,0.49237639260220856,-0.3008866281174514,-0.003221057768758767,-0.0004557959505102886,0.008318287897575634,1862,1,0.05046143445887469,-0.029348948327142826,-0.0027450486583734178,1.567032359246717e-05,-1.2374146650611533e-05,0.004525858959076332
46.576,2.317497696089907,0.4926311393457269,-0.30048434841214444,-0.01165509084321736,0.00579268981263736,0.03336052302267601,1863,1,0.0504629852639697,-0.02938659908600886,-0.0027451983145116692,1.597525707611725e-05,-1.2374706513909031e-05,0.004522284747918083
46.601,2.316881611308472,0.4926660270928404,-0.29921860196631783,-0.02856050618275481,-0.0002795618966822281,0.07767259701286108,1864,1,0.050508741519987216,-0.029374270593910425,-0.0027454289499706276,1.6028612730113893e-05,-1.2192085003709939e-05,0.004520279414901588
46.626,2.3160696707807693,0.4926171612508928,-0.2966007185615015,-0.04701488133160002,0.007184488723461167,0.1431819882743357,1865,1,0.05051382534172173,-0.02934754753430878,-0.0027458563717805678,1.6030545930475964e-05,-1.2193484361809153e-05,0.004520611390086147
46.651,2.3145308672418916,0.4930252515290135,-0.29205950255260044,-0.07810055982368391,0.025801663502059723,0.22711260254871862,1866,1,0.05052826097483829,-0.029350038965769033,-0.002746597939762294,1.610008968221605e-05,-1.2129058391872052e-05,0.00451884072943895
46.676,2.312164642789585,0.4939072444259959,-0.2852450884340646,-0.1266040491208625,0.044425536620420786,0.3253042798854196,1867,1,0.05051094906526414,-0.029376939009197807,-0.0027475760159238476,1.632032716254768e-05,-1.2197371990754227e-05,0.004518013878523332
46.701,2.308200664785849,0.4952465283600344,-0.27579428855833027,-0.19889030130910498,0.06022140535541962,0.4374661075527424,1868,1,0.050502466153347136,-0.02939902582991487,-0.0027486649223555162,1.6618462482720915e-05,-1.2231116904748162e-05,0.004517300617411664
46.726,2.30222012772413,0.4969183146937667,-0.2633717830564287,-0.2894195786029905,0.08449400257979059,0.561472736239251,1869,1,0.050476831181255295,-0.029390757047209618,-0.002749639999974311,1.6740751508659673e-05,-1.2269012646965129e-05,0.00451697178352274
46.751,2.2937296858557,0.4994712284890237,-0.2477206517463692,-0.39279001459434176,0.12165587576661603,0.6957420883008265,1870,1,0.05045250461812212,-0.029399722201180905,-0.0027504744476498106,1.69372653117643e-05,-1.2300184661619576e-05,0.0045170423423556766
46.776,2.2825806269944113,0.503001108482098,-0.2285846786413844,-0.48982982041702083,0.13951243432894253,0.8378828749309705,1871,1,0.050479713322311465,-0.029429651212707828,-0.0027510682213857844,1.742628292016254e-05,-1.2028082294240545e-05,0.004515990946642129
46.801,2.269238194834847,0.5064468502054714,-0.2058265079998171,-0.579134551282727,0.15916422206067055,0.9867413370634309,1872,1,0.05049289510093252,-0.029379026747419858,-0.0027514417895604945,1.735426653107357e-05,-1.1961361034443487e-05,0.0045178548126351414
46.826,2.2536238994302766,0.5109593195851311,-0.17924761178821558,-0.6793045768258952,0.1943859177700457,1.1408132781033524,1873,1,0.050487439344622104,-0.029380628755592206,-0.002751638188206137,1.733734823573915e-05,-1.208129539430429e-05,0.0045196235837813535
46.851,2.235272965993554,0.5161661460939732,-0.14878584409465265,-0.7782022092875882,0.2211875770951314,1.298242396263956,1874,1,0.0505110470454587,-0.029372546678126273,-0.0027516931989025203,1.713523617447071e-05,-1.2086588606734172e-05,0.004522565798628882
46.876,2.2147137889658994,0.522018698439887,-0.11433549197502137,-0.8729070050929233,0.25261860494563204,1.4587066275240268,1875,1,0.050512440137260896,-0.02936715518369049,-0.0027516671924539124,1.695206303921627e-05,-1.2219214648349387e-05,0.004524987494367117
46.901,2.1916276157389043,0.5287970763412558,-0.07585051271844527,-0.9694940836900984,0.27867794739175733,1.6196399818474423,1876,1,0.05054487650136121,-0.029384936285053065,-0.002751615739657557,1.6946662416917417e-05,-1.2062866501322787e-05,0.004528250201417744
46.926,2.1662390847813904,0.5359525958094761,-0.03335349288264246,-1.0672939464009608,0.2928632612817206,1.779079219082721,1877,1,0.050559190916468044,-0.029368790544971494,-0.002751488703538714,1.6922685190818165e-05,-1.1943128741261521e-05,0.004531999853003599
46.951,2.1382629184188593,0.543440239405341,0.01310344823568591,-1.1564422079586247,0.32232963282089744,1.937886852989882,1878,1,0.050599698890303614,-0.029311126868019108,-0.0027515323540142182,1.670390484430771e-05,-1.186172051665171e-05,0.00453794794214473
46.976,2.1084169743834624,0.55206907745052,0.06354084976684612,-1.2348447814726784,0.35528625232408095,2.094259286324162,1879,1,0.050602504001258604,-0.029325935263744697,-0.0027516917985907084,1.6794430147449722e-05,-1.1784252115255845e-05,0.004543127323409763
47.001,2.076520679345229,0.5612045520215441,0.11781641255188827,-1.3195458151290513,0.38038176651567923,2.2455759931697856,1880,1,0.05058730352424648,-0.029327053083690966,-0.0027521136565757482,1.671518590005184e-05,-1.17867778164364e-05,0.0045487568970416295
47.026,2.0424396836270042,0.5710881657763056,0.175819649425345,-1.4024758552008223,0.4113923657653844,2.3924755818125125,1881,1,0.050584560458257884,-0.029341590033871698,-0.0027529375708452756,1.669988164052597e-05,-1.1584783505660702e-05,0.004555477984282499
47.051,2.006396886585182,0.581774170309815,0.23744019164252417,-1.4910563041577967,0.43740877449311366,2.533776264449294,1882,1,0.05057166455822613,-0.02937837013960889,-0.0027538550627968306,1.6740664553927183e-05,-1.153464408220325e-05,0.004562190988894147
47.076,1.9678868684191186,0.59295860450096,0.3025084626478024,-1.5799185081112075,0.4583343941651313,2.6679572674661327,1883,1,0.050611977845619965,-0.0293964345568532,-0.0027547429995438246,1.644643683101756e-05,-1.1134964033984333e-05,0.004568437636020939
47.101,1.927400961179626,0.6046908900180703,0.3708380550158234,-1.652924836816046,0.47382812879935426,2.7943779054109177,1884,1,0.05064659571316444,-0.029410076006142656,-0.002755589695796822,1.6241083812672066e-05,-1.0705227680982917e-05,0.0045753096666883665
47.126,1.885240626578321,0.6166500109409264,0.4422273579183405,-1.7201446695349751,0.4944396550135011,2.9123559753394095,1885,1,0.05064806654085479,-0.02938217333801708,-0.0027564804506413606,1.5889764405513957e-05,-1.0453869533446444e-05,0.004582432588083852
47.151,1.8413937277028698,0.6294128727687475,0.5164558537828063,-1.7968707933389605,0.5162000309610231,3.021207152195684,1886,1,0.05062738733042401,-0.029386139261970968,-0.00275730996805039,1.5859671654325634e-05,-1.0156539301266214e-05,0.004590723534559614
47.176,1.7953970869113653,0.6424600124889798,0.5932877155281376,-1.8719144630314497,0.5352037414790882,3.1201639564950585,1887,1,0.05064911639669237,-0.02936524539789393,-0.0027581561179957684,1.5752772827564375e-05,-9.698436026387748e-06,0.004597859384793402
47.201,1.7477980045513026,0.6561730598427004,0.6724640516075506,-1.9389762079495956,0.5566028313699839,3.208882620963523,1888,1,0.050646112182351335,-0.029361826548485025,-0.0027589144281874815,1.5690291487169133e-05,-9.437103736395025e-06,0.004606310904566947
47.226,1.698448276513891,0.6702901540574774,0.7537318465763045,-1.998276369174861,0.5725174372138279,3.286643606110822,1889,1,0.050647495247637064,-0.02934684377187119,-0.002759485160916993,1.5485366414297648e-05,-9.239270291984955e-06,0.004614514885639146
47.251,1.6478841860925653,0.6847989317033901,0.8367962319130825,-2.064178331861137,0.5943204912821325,3.353487717587738,1890,1,0.05060367723145778,-0.029302418413901708,-0.002759849524571699,1.5373032418016398e-05,-9.379269726854993e-06,0.004623667205432509
47.276,1.5952393599208254,0.7000061786215865,0.9214062324557059,-2.1285359718829304,0.6174930368077043,3.4087370733915305,1891,1,0.05060325563737199,-0.029307715337008412,-0.002760054708791018,1.5539341345859278e-05,-9.30888750410475e-06,0.0046311969812651
47.301,1.5414573874984097,0.715673583543778,1.0072330855826734,-2.184809797618148,0.6373321590332088,3.451442092356648,1892,1,0.05055877329205321,-0.029283889620026628,-0.002760111444161848,1.557508080864265e-05,-9.360713814889555e-06,0.004639406071163096
47.326,1.4859988700399243,0.7318727865732452,1.0939783370735283,-2.2536963334920204,0.6524970266065104,3.4819220899375862,1893,1,0.05052788358447778,-0.029275279626348877,-0.002760224034929717,1.5657446425026458e-05,-9.36855180097842e-06,0.004648124967926864
47.351,1.428772570823815,0.7482984348741016,1.181329190079543,-2.3180114162035212,0.6661536865848051,3.499466676034956,1894,1,0.050534048782767085,-0.02925910772426972,-0.002760506400100211,1.5566272635644244e-05,-9.289986602659022e-06,0.004657193907659586
47.376,1.3700982992297548,0.7651804709024835,1.268951670875266,-2.38887449586116,0.6849306420160122,3.5060554446528633,1895,1,0.05053590768701605,-0.029242976141237862,-0.0027609147773611053,1.540025274552055e-05,-9.250723053820442e-06,0.0046686260562581825
47.401,1.3093288460307468,0.7825449669749052,1.3566319623122012,-2.443581634731942,0.7014401241205938,3.499771149644401,1896,1,0.05058066950765742,-0.029292957822073817,-0.002761517492338872,1.5425569251644095e-05,-8.99933995251246e-06,0.004676313300469296
47.426,1.2479192174931473,0.8002524771085162,1.443940228357501,-2.490894099190015,0.7205138281419342,3.48032717899619,1897,1,0.050568929097223735,-0.02925587218093283,-0.002762161158381424,1.52772357450257e-05,-9.271014296393233e-06,0.004686661258825552
47.451,1.1847841410712532,0.8185706583819998,1.5306483212620008,-2.5352196371238755,0.7358013354453982,3.449134174324833,1898,1,0.05056746296010751,-0.029279537128664528,-0.002762654663287255,1.5432416383042873e-05,-9.239200801809702e-06,0.004695173405019044
47.476,1.1211582356369607,0.837042543880784,1.616396937073733,-2.5439308551905597,0.7392048339670618,3.4049385168611295,1899,1,0.0505647539540913,-0.029296173639563203,-0.0027629790426370827,1.5354255016403657e-05,-9.309157282404022e-06,0.004705185733912065
47.501,1.0575875983117324,0.8555309000803508,1.7008952471050476,-2.5384413775172723,0.744328919256739,3.3498507463664127,1900,1,0.05055776089890646,-0.029297719299835896,-0.002763185188103745,1.4936066426827149e-05,-9.51729195269241e-06,0.0047148678600631416
47.526,0.9942361667610863,0.8742589898436242,1.7838894743920677,-2.5052749549356186,0.7359842628033414,3.283944891187,1901,1,0.05052606318483416,-0.029295393165304585,-0.0027636565895940582,1.4746745343864658e-05,-9.733420140958677e-06,0.004724320280445763
47.551,0.9323238505649408,0.892330113220521,1.8650924916644116,-2.440813193705654,0.7132794326315001,3.2046618887884515,1902,1,0.05051523840489144,-0.0292191752261042,-0.002764338187712741,1.4375483381994102e-05,-1.0320211481486443e-05,0.004731186767513803
47.576,0.8721955070758105,0.9099229614751971,1.9441225688314812,-2.340780002448184,0.6780721520070573,3.1142436264336477,1903,1,0.050507952567744305,-0.029156497910301764,-0.0027657865356746445,1.4151148750681105e-05,-1.1093094789107548e-05,0.004742891605391803
47.601,0.8152848504425383,0.926233720820872,2.020804672986085,-2.1913346985016546,0.6349702672330998,3.015394120541493,1904,1,0.050532466570475346,-0.029147983428124587,-0.0027671581468119233,1.4043431941398525e-05,-1.1569473228441382e-05,0.0047531741142417165
47.626,0.762628772150734,0.9416714748368503,2.0948922748585472,-2.0367623409413778,0.5915569896652546,2.9080578270970934,1905,1,0.05052195869912258,-0.029119997797615888,-0.00276823305397892,1.3914247997188272e-05,-1.2158294028510596e-05,0.0047623945440513436
47.651,0.7134467333954607,0.9558115703041372,2.166207564340952,-1.9109233186195698,0.5512872402023002,2.789948748297377,1906,1,0.0505350975819923,-0.029117707658331632,-0.0027692865061541977,1.3811442399611667e-05,-1.2433952445514252e-05,0.0047672879925537166
47.676,0.6670826062197474,0.9692358368469677,2.234389712273428,-1.8023332177388631,0.5227713890239247,2.661613798396392,1907,1,0.05052693263041665,-0.029137116883324647,-0.002770314348032655,1.3720154377468253e-05,-1.2578433074796289e-05,0.00477592664994194
47.701,0.6233300725085227,0.981950139755332,2.299288254260764,-1.7159139540059496,0.4984438086961601,2.528641970565044,1908,1,0.05052086197503541,-0.029124125161913324,-0.0027712433855222054,1.3457201328432178e-05,-1.2783168294144912e-05,0.00478358941150668
47.726,0.5812869085194547,0.9941580272817743,2.360821810801673,-1.6305690769907282,0.46906389471267795,2.387449164557254,1909,1,0.05049681864057404,-0.029148812257645894,-0.0027722068508742735,1.3285459194465581e-05,-1.2736607413666443e-05,0.004786334298957559
47.751,0.5418016186589909,1.0054033344909645,2.41866071248862,-1.5211185402394913,0.4305464930886493,2.2394664739186476,1910,1,0.05050077003363056,-0.02916467467794481,-0.002773240689555196,1.30967635218817e-05,-1.2555361304882838e-05,0.004793825489905992
47.776,0.5052309815074737,1.0156853519362086,2.472795134497615,-1.3915472064043113,0.39202374524536,2.088057497206925,1911,1,0.05050576055844481,-0.029195063751770403,-0.0027743719812451063,1.2896531444582324e-05,-1.2373222827712721e-05,0.00479840689690175
47.801,0.4722242583387694,1.0250045217532342,2.5230635873489753,-1.2618226902328484,0.357601965615835,1.9319163709074816,1912,1,0.05053527345673681,-0.029179520915557092,-0.0027753999738006734,1.2406499392521112e-05,-1.2362824695996366e-05,0.004804113261155176
47.826,0.44213984699583486,1.0335654502169993,2.5693909530429835,-1.1416982057281526,0.32271642058751715,1.7725099801972575,1913,1,0.05052997019237995,-0.029184262013033757,-0.0027761940035724293,1.2288992105999e-05,-1.2160385954090826e-05,0.004808942410221801
47.851,0.415139348052365,1.0411403427826091,2.611689086358833,-1.0046397773892173,0.2860211476529691,1.6115381876802843,1914,1,0.05051606744412705,-0.02920824881384872,-0.0027767646843253418,1.2272971607704215e-05,-1.190665775042998e-05,0.004814752636914339
47.876,0.39190785812637685,1.047866507599647,2.649967862426993,-0.8709382136638778,0.24979652262422028,1.4511196633415675,1915,1,0.050522805413736084,-0.02918030010087021,-0.002777163145061451,1.2032470880228951e-05,-1.174978496021689e-05,0.004819347149260303
47.901,0.3715924373691674,1.0536301689138212,2.6842450695259177,-0.7489158610674468,0.21129044780363568,1.29132897516096,1916,1,0.05050847592564993,-0.029185081216341186,-0.0027771979246184126,1.186964413658946e-05,-1.163505719999394e-05,0.004822718804418579
47.926,0.3544620650730013,1.0584310299898296,2.7145343111850466,-0.6261992767331671,0.1721152872590146,1.13346334347882,1917,1,0.050511891128414255,-0.02918628541197307,-0.0027770293079405197,1.1842519822450499e-05,-1.1352287377732926e-05,0.004825910098128366
47.951,0.34028247353251084,1.0622359332767715,2.7409182366998555,-0.5133525292400435,0.13488885597298206,0.979264685943655,1918,1,0.05051968589483297,-0.029202918317587638,-0.002776797665691049,1.1717793211490241e-05,-1.0970352894822627e-05,0.004828767439451186
47.976,0.3287944386110006,1.0651754727884784,2.7634975454822266,-0.4032526572831115,0.10262781564914697,0.8302620164763069,1919,1,0.05051372569063185,-0.029230687323461114,-0.0027766661532293933,1.1653349816830004e-05,-1.0638943061875997e-05,0.004832297639449098
48.001,0.3201198406683564,1.0673673240592285,2.7824313375236684,-0.3028562039284219,0.07809890020492594,0.688961324354146,1920,1,0.05053201879009986,-0.029236955617657694,-0.0027766085143806686,1.1458732854215221e-05,-1.0441001414864738e-05,0.004835060146889353
48.026,0.3136516284145782,1.069080417798725,2.797945611699937,-0.2133439334745775,0.05610731297796844,0.5554644510675436,1921,1,0.05052667027811455,-0.029229461717391037,-0.0027765983820631415,1.1223290680958993e-05,-1.0380425443715844e-05,0.0048360919095771825
48.051,0.30945264399462663,1.0701726897081272,2.810204560077048,-0.13376773335072017,0.03431855473815943,0.4314713907038549,1922,1,0.05054189071476033,-0.029214482366657846,-0.002776650693524477,1.103025905719269e-05,-1.013546984765982e-05,0.004837278657156241
48.076,0.3069632417470426,1.0707963455356329,2.8195191812351283,-0.05751251161368203,0.015940261843502074,0.31977724542532154,1923,1,0.05051974913053522,-0.029208104161124904,-0.0027765190522524466,1.0981518685284798e-05,-9.838032444121191e-06,0.0048376941508918225
48.101,0.3065770184139427,1.0709697028003022,2.826193422348313,0.008014991371406056,-0.002781059738059691,0.22191813906256835,1924,1,0.05052903044960435,-0.029181706316230228,-0.002776486270027607,1.0812437905413885e-05,-9.567703968779295e-06,0.0048383423643016754
48.126,0.30736399131561287,1.0706572925487299,2.830615088188256,0.06504082430151437,-0.021372186761372935,0.13927318142433676,1925,1,0.05049913672987008,-0.029183064423684773,-0.002776438033271613,1.0937891542995356e-05,-9.414515470492933e-06,0.0048385396838491294
48.151,0.3098290596290187,1.0699010934622335,2.8331570814195306,0.11898789527339455,-0.03772510806675855,0.0745482356452268,1926,1,0.05051055718289755,-0.029176155950122993,-0.0027763053289984923,1.0754477986873574e-05,-8.985011623280146e-06,0.0048395685258694225
48.176,0.3133133860792831,1.0687710371453918,2.834342499970518,0.15680768012157678,-0.04614275536710273,0.02954181143242697,1927,1,0.05051735818600101,-0.029180822913171547,-0.0027758980624248207,1.0759393640023987e-05,-8.62807200105027e-06,0.004839226254878836
48.201,0.3176694436350971,1.0675939556938785,2.834634171991152,0.18379220815593666,-0.05254746327244174,0.005385938212861014,1928,1,0.05052967505961438,-0.029160311831469322,-0.002775615893253827,1.0530903896759196e-05,-8.15347179700706e-06,0.004839954088961385
48.226,0.3225029964870794,1.0661436639817699,2.834611796881161,0.19214207429387714,-0.055067343563094194,0.002535470912557047,1929,1,0.05054135975675111,-0.029158315684752363,-0.00277553424909339,1.0369008096575092e-05,-7.744184523159524e-06,0.004840652870933806
48.251,0.3272765473497904,1.064840588515724,2.8347609455367797,0.1746379497725865,-0.05382758755585012,0.013687673252559205,1930,1,0.05054856882203973,-0.029142865813429362,-0.00277560413137922,1.031439436603814e-05,-7.183402985059297e-06,0.004840060108574502
48.276,0.3312348939757095,1.0634522846039771,2.835296180543789,0.13413695830317895,-0.05043753971393908,0.03420704582769815,1931,1,0.05053001777368695,-0.029159660930512254,-0.0027757014151203138,1.0207766556843155e-05,-6.8301699044123606e-06,0.004841067139417334
48.301,0.3339833952649499,1.0623187115300268,2.8364712978281648,0.07622777084929633,-0.04287870056104003,0.06331379969327781,1932,1,0.050507331939440354,-0.02916620745079498,-0.002775818171449602,1.0012004829609836e-05,-6.639810492420487e-06,0.004840751385804433
48.326,0.3350462825181741,1.0613083495759252,2.8384618705284526,-0.006428387040607141,-0.03568933357872986,0.09844811122669332,1933,1,0.05050229178223819,-0.029175934881374536,-0.002776023215272882,9.669862348354271e-06,-6.266410968113759e-06,0.004839936337696886
48.351,0.3336619759129196,1.0605342448510904,2.841393703389499,-0.10799973493200113,-0.029707641282221166,0.13728823643662905,1934,1,0.050491172009725235,-0.0291801876185651,-0.0027762787320335176,9.489470026316025e-06,-5.9962299331748415e-06,0.004839209507667347
48.376,0.32964629577157434,1.0598229675118143,2.8453262823502836,-0.22435130871453743,-0.021413714173815053,0.17930001483438288,1935,1,0.0505024220776897,-0.029189502493320148,-0.002776916201106341,9.489216959717055e-06,-5.550004793400705e-06,0.00483950526503776
48.401,0.32244441047719175,1.0594635591423995,2.850358704131219,-0.3463057900846349,-0.013158587864764414,0.224287077569548,1936,1,0.05047490724890082,-0.02918195090120907,-0.0027778339632799375,9.549111532312873e-06,-5.316568775641325e-06,0.004839942195535313
48.426,0.3123310062673411,1.059165038118576,2.856540636228762,-0.4528790554633879,-0.012244837357267698,0.2689777694532555,1937,1,0.050446622507224405,-0.02918309767598096,-0.002778908776904965,9.668899826904125e-06,-5.226137284413259e-06,0.004840168524871562
48.451,0.29980045770402364,1.0588513172745362,2.863807592603881,-0.5564165480100386,-0.009071752387206882,0.31294990081766727,1938,1,0.050465880485210106,-0.02918258116399557,-0.0027799866466685706,9.945295208849486e-06,-5.108402998322584e-06,0.004841978282826766
48.476,0.28451017886684077,1.0587114504992157,2.8721881312696445,-0.6715123967280572,-0.008025398146247932,0.3564035368374466,1939,1,0.050473589980826954,-0.02917244243546554,-0.0027812635981519142,1.013058999617541e-05,-4.890127028090818e-06,0.00484344247851211
48.501,0.2662248378676227,1.0584500473672238,2.8816277694457524,-0.7789400004481497,-0.008219240407244942,0.3969089722321345,1940,1,0.05044757573207508,-0.02919547177728985,-0.0027828193081663316,1.0428077836110127e-05,-5.015919991216033e-06,0.004842519607288341
48.526,0.24556317884442996,1.0583004884788534,2.892033579881253,-0.8780016663802771,-0.0035403978917966407,0.43420109272809554,1941,1,0.050446256569788545,-0.029201460736568274,-0.0027845694145789877,1.0485657414683908e-05,-5.038112033253727e-06,0.004843099644208125
48.551,0.2223247545486051,1.058273027472634,2.903337824082159,-0.9802978737426606,-0.004035172116281467,0.4677491270283784,1942,1,0.050436071584237775,-0.02919951668131058,-0.0027863689465909775,1.0471925511188714e-05,-5.11829110471927e-06,0.004843456132279594
48.576,0.19654828515729972,1.0580987298730393,2.9154210362326705,-1.078714666984387,0.0003532734469136246,0.49540660542077547,1943,1,0.05042418937521696,-0.029221237838468844,-0.0027880002334121426,1.0562346952616061e-05,-5.095729657048166e-06,0.004842294938223162
48.601,0.1683890211993888,1.0582906911449796,2.9281081543531964,-1.171353552115632,0.002225840178118459,0.5184203828558182,1944,1,0.05040536407959469,-0.02920195272253181,-0.0027893542125358925,1.0398245560949429e-05,-5.077031992860693e-06,0.004844058772263432
48.626,0.13798060755152144,1.0582100218819452,2.94134205537546,-1.2617727728129002,0.0021254880976149656,0.5360295738462537,1945,1,0.050407993346706745,-0.029218040826728894,-0.002790365319060091,1.0374868892704173e-05,-5.059962217641985e-06,0.004843653243696816
48.651,0.10530038255873841,1.0583969655498604,2.9549096330455114,-1.3500273482388985,0.00729323023250954,0.546880055503125,1946,1,0.0504038182367963,-0.029206438307921523,-0.0027912380103948305,1.0203926124556512e-05,-5.075168515285273e-06,0.004844912440727547
48.676,0.07047924013957077,1.0585746833935707,2.9686860581506185,-1.436080847926849,0.00616915854910562,0.5528868935995449,1947,1,0.050410396413844163,-0.029199437603764252,-0.0027920658578358985,9.972712148865625e-06,-4.928154507675843e-06,0.004846370691600756
48.701,0.033496340162400044,1.0587054234773157,2.982553977725487,-1.5167722023413261,0.008851358844608696,0.5521607793909359,1948,1,0.050418605820580734,-0.029202563722245167,-0.0027926903997366696,1.0077147092885285e-05,-4.775878535707965e-06,0.004846974056798178
48.726,-0.00535936997749123,1.0590172513358012,2.9962940971201637,-1.5779909258384326,0.007893270284751624,0.545210989637641,1949,1,0.05042875306100526,-0.02918697665901255,-0.002793104168666655,1.0201344740450792e-05,-4.624375137055246e-06,0.004848444543499497
48.751,-0.04540320612951711,1.0591000869915532,3.0098145272073675,-1.6112249213326975,0.006785153125305453,0.5321950783876418,1950,1,0.050464253015147925,-0.029198145705942345,-0.0027933027195737765,1.0267964692589388e-05,-4.408579249478903e-06,0.004848580600501796
48.776,-0.08592061604413297,1.0593565089920665,3.022903851039548,-1.5966972206843346,0.011998078369005547,0.5124006150358891,1951,1,0.050497067089948125,-0.02918804997598412,-0.002793264966238444,1.0219761879305196e-05,-4.059596811108618e-06,0.004850190370271616
48.801,-0.12523806716374064,1.0596999909100036,3.035434557959164,-1.5430627297130104,0.01379595205811402,0.4889382454393865,1952,1,0.050510260901770875,-0.02917305580263131,-0.0027930632911982414,1.0178640957921002e-05,-3.7994800348105707e-06,0.004853110389046038
48.826,-0.1630737525297791,1.0600463065949721,3.047350763311516,-1.4647899947629062,0.012221115084845718,0.46046841351372114,1953,1,0.050510768078769766,-0.029161499217843525,-0.002792702762919574,1.0174670194626456e-05,-3.6366143314654493e-06,0.004853444585140159
48.851,-0.19847756690188179,1.0603110466642458,3.058457978634849,-1.3556442326869733,0.012134325598417008,0.4263481285303315,1954,1,0.05052413094061643,-0.02915736158311076,-0.002792120525704429,1.0283830711677828e-05,-3.3378688444342762e-06,0.004853462798703647
48.876,-0.2308559641641239,1.060653022874893,3.0686681697380314,-1.213739146495266,0.012733638282366202,0.38857395185617055,1955,1,0.05052785373280563,-0.029143497399361208,-0.0027914097428710523,1.0427976436017577e-05,-3.2887070543837897e-06,0.004854413243704425
48.901,-0.25916452422665026,1.0609477285783642,3.077886676227659,-1.066327232996779,0.012093472111501882,0.34750658479456276,1956,1,0.050564759472073985,-0.02912868515622627,-0.002790635334866252,1.048450580907425e-05,-3.167908280224357e-06,0.0048549775826094346
48.926,-0.2841723258139674,1.061257696480468,3.086043498977761,-0.9251658704508341,0.00839881685745828,0.30423539591376736,1957,1,0.050546977381273867,-0.029118739408632202,-0.0027900219560676107,1.0302613299317944e-05,-3.5354699595471865e-06,0.004855543396978295
48.951,-0.30542281774918933,1.061367669421237,3.0930984460233466,-0.7840567244007391,0.0027096620781598565,0.2596646315480081,1958,1,0.05054702569762538,-0.029127462844982736,-0.0027897641758077053,1.0204923719324308e-05,-3.834172104634366e-06,0.004855905211088562
48.976,-0.32337516203400213,1.061393179584376,3.0990267305551606,-0.6416621496160023,0.002293368248258562,0.2150482271500953,1959,1,0.050518090389865815,-0.029144156987884022,-0.00278971679227401,1.0196986561446313e-05,-4.356241183789595e-06,0.004855793885602257
49.001,-0.3375059252299876,1.06148233783365,3.1038508573808508,-0.5055175178235607,0.002464515810038715,0.1711454072518968,1960,1,0.05053350045823644,-0.02914358289081003,-0.002789794674018009,1.0037822696961793e-05,-4.605570677735181e-06,0.0048556956476326985
49.026,-0.3486510379251823,1.061516405374878,3.107584000917756,-0.3744896755338259,0.001156984157333242,0.12883080032312544,1961,1,0.05050099851846662,-0.029149068599236737,-0.002789895745409712,1.0086339163978057e-05,-5.015705274522301e-06,0.004854589334931129
49.051,-0.3562304090066805,1.0615401870415166,3.1102923973970076,-0.24381674950743334,-0.0021279840962008622,0.09010328383481771,1962,1,0.05050487323372355,-0.029148468867796637,-0.002790027693163792,1.0058739927599652e-05,-5.092445463782928e-06,0.00485411642226496
49.076,-0.3608418754005533,1.061410006170068,3.112089165109497,-0.11928511547329225,-0.0009200107681595594,0.05684010678380748,1963,1,0.050480386188727404,-0.02916328612834385,-0.002790380039480421,1.0175998299766857e-05,-5.254323264786264e-06,0.004854381310241331
49.101,-0.3621946647803448,1.0614941865031087,3.113134402736198,0.008566762931511639,0.0028726151913673306,0.030100374119552176,1964,1,0.05047179071508279,-0.029148814055257107,-0.002790926092297495,1.0126168733299903e-05,-5.415721710784556e-06,0.004853423360160593
49.126,-0.36041353725397773,1.0615536369296363,3.1135941838154744,0.12023483564666844,-0.003996862923889225,0.010847765562171005,1965,1,0.05047345805184359,-0.029136261043517256,-0.0027915788558974283,9.913067561976455e-06,-5.512610082606186e-06,0.004852219048537079
49.151,-0.35618292299801085,1.0612943433569142,3.1136767910143064,0.2206133731668925,-0.011050156867845775,0.0037228523405638137,1966,1,0.05046048423587289,-0.029158680613582396,-0.0027924598819237955,9.863359239635244e-06,-5.776345270336e-06,0.0048521017287484515
49.176,-0.34938286859563217,1.061001129086244,3.1137803264325026,0.30082536573984453,-0.009700693682517799,0.02631427459928098,1967,1,0.050488547318871535,-0.02917807264007672,-0.002793576762532963,9.714562985898306e-06,-5.863604075427911e-06,0.004850964763261766
49.201,-0.3411416547110195,1.0608093086727883,3.1149925047442704,0.3549519140745318,-0.01893547121837199,0.09945796391124372,1968,1,0.05049074132074624,-0.02917473692900526,-0.0027948251080790977,9.612894074337655e-06,-6.116905936167598e-06,0.004851016471127408
49.226,-0.3316352728919066,1.0600543555253255,3.1187532246280645,0.3834456155344453,-0.04023700164242035,0.22287000051904138,1969,1,0.05050284909345078,-0.029196649159219098,-0.0027961609995195975,9.588552344503294e-06,-6.272735743648771e-06,0.004851042507349916
49.251,-0.3219693739342983,1.0587974585906674,3.126136004770222,0.3573162401440772,-0.07984128562820587,0.38616671248207707,1970,1,0.05049502652498194,-0.029186867593078706,-0.0027973114139672075,9.425157560148697e-06,-6.306229641107392e-06,0.004851726501456505
49.276,-0.3137694608847012,1.0560622912439148,3.13806156025217,0.2940443500956551,-0.15141892696926493,0.5802485040424659,1971,1,0.05047690267637534,-0.029191150197570338,-0.00279807526358395,9.435329433021202e-06,-6.235957791203451e-06,0.004852009622833604
49.301,-0.3072671564295143,1.0512265122422035,-3.128036877207239,0.21051484624649316,-0.23248757248516927,0.7961229477414298,1972,1,0.050502303497416585,-0.0292090574605465,-0.0027983667703914395,9.663061931353718e-06,-5.89389164492625e-06,0.004853528426201347
49.326,-0.30324371857237714,1.044437912619657,-3.105317599540347,0.11500535225683715,-0.3128043105022993,1.0254879898100506,1973,1,0.05050201553044199,-0.029218385789492922,-0.0027982906112649615,9.653670871579779e-06,-5.7853907533116416e-06,0.004853491506282484
49.351,-0.30151688881667277,1.0355862967170895,-3.0767624777167395,0.03445226058996416,-0.39612336627107536,1.2604067550091365,1974,1,0.05047990756987866,-0.029222890970008433,-0.002798139088759048,9.729315538721328e-06,-5.726458357188768e-06,0.004855765539603187
49.376,-0.30152110554287903,1.0246317443061044,-3.042297261789894,-0.03542047668059687,-0.48658342258562765,1.4950715532958783,1975,1,0.050479483398683536,-0.02921815081249599,-0.002797862766592567,9.814696589804708e-06,-5.634326507649162e-06,0.004858871050854803
49.401,-0.30328791265070276,1.011257125587806,-3.002008900051939,-0.09723054715793437,-0.583778054388179,1.72230788659506,1976,1,0.05046580390495896,-0.0292315567809368,-0.0027972969342932074,1.0007388831838881e-05,-5.543120468429591e-06,0.004861274320264514
49.426,-0.30638263290077616,0.9954428415866929,-2.9561818674601335,-0.1474482343746159,-0.670030559988957,1.9358353314001722,1977,1,0.050465972658361655,-0.029256714740105556,-0.0027965383923850852,1.0209365742216366e-05,-5.367329969352563e-06,0.004863468396283031
49.451,-0.31066032436943314,0.9777555975883601,-2.905217133481936,-0.19662069002449498,-0.757553286622271,2.1318138169995273,1978,1,0.05047453794561819,-0.02922664714061929,-0.0027957281630345892,1.0076121637647584e-05,-5.2952323137025845e-06,0.004868375788957466
49.476,-0.31621366740200035,0.9575651772555815,-2.849591176610163,-0.23880452440962843,-0.860111720257295,2.306949095248061,1979,1,0.05046029445775224,-0.02921856994872599,-0.002795118834681477,9.999490833351297e-06,-5.18526074988449e-06,0.004874070824268856
49.501,-0.3226005505899139,0.9347500115754978,-2.7898696787195396,-0.2758357439944601,-0.9503611840414383,2.455388564517675,1980,1,0.05046160038898211,-0.029246924763499257,-0.002795011748404126,1.022953856286664e-05,-4.941385940041186e-06,0.0048769119886776045
49.526,-0.33000545460172453,0.9100471180535056,-2.726821748384269,-0.30958131187183513,-1.0329197302481548,2.574294093341803,1981,1,0.0504511377948605,-0.02922540673687768,-0.0027953228743463317,1.0211499363220107e-05,-4.804504729760732e-06,0.0048832947100137395
49.551,-0.33807961618350696,0.8831040250630856,-2.6611549740524385,-0.34007542317235173,-1.1219055616453348,2.6630422868496244,1982,1,0.05045828574744435,-0.029208252578014477,-0.002795902464697466,1.0211039799209793e-05,-4.567069708018563e-06,0.0048892291419590506
49.576,-0.34700922576034116,0.853951839971242,-2.5936696340417953,-0.37322967235506443,-1.2115484701834034,2.7183851015257456,1983,1,0.05045291941698168,-0.0291918975725728,-0.002796715152342102,1.0264308369428915e-05,-4.417632145359336e-06,0.004895185935284755
49.601,-0.3567410998012591,0.8225266015539189,-2.525235718976159,-0.4004219634365297,-1.2937382118938625,2.739548180971752,1984,1,0.05043411024339701,-0.029186729420718687,-0.002797726397946636,1.046820709983204e-05,-4.2532191207818556e-06,0.004902409305166778
49.626,-0.3670303239321665,0.7892649293765526,-2.4566922249932155,-0.4198236956864551,-1.3714989381826788,2.7276295442015535,1985,1,0.050421345567523285,-0.02917378652310463,-0.002798756734700273,1.0701398157781091e-05,-4.129957134784569e-06,0.004909747466764279
49.651,-0.37773228458558367,0.7539516546447791,-2.3888542417660696,-0.4367831237477032,-1.4482985072866859,2.6814847414610754,1986,1,0.05041537057488228,-0.029183942550394488,-0.0027998569371972433,1.1294986670637641e-05,-3.969346502729242e-06,0.004914503738785238
49.676,-0.3888694801195535,0.7168500040122121,-2.3226179879201503,-0.449433590521674,-1.4943068361462115,2.601184469254655,1987,1,0.050409294137213775,-0.02919521020474894,-0.002800929633936813,1.1765044423039054e-05,-3.853846907286927e-06,0.004919142583026268
49.701,-0.4002039641116661,0.6792363128374728,-2.2587950183033443,-0.43985072906569667,-1.4968720827541955,2.489643575665523,1988,1,0.05039706286193592,-0.02918810246106201,-0.0028018193989214875,1.2012624592173346e-05,-3.7536645105900054e-06,0.004925438517291879
49.726,-0.4108620165728371,0.6420063998745066,-2.1981358091368812,-0.4261737599535018,-1.4730618896658358,2.348887112530669,1989,1,0.050432401295124184,-0.029201002177829012,-0.002802521127910837,1.2054856138974005e-05,-3.3831486882801086e-06,0.004930176435226665
49.751,-0.42151265210933997,0.6055832183541852,-2.1413506626768175,-0.40754209579914347,-1.4092429047314423,2.180294421103293,1990,1,0.050421267834871074,-0.029204402099557106,-0.0028032203229357514,1.2178084374138196e-05,-3.3045168151906637e-06,0.004934345543705779
49.776,-0.431239121362796,0.5715442546379285,-2.0891210880817073,-0.3645077865745727,-1.2971552976783345,1.9887084612083141,1991,1,0.05042821066713129,-0.029210466749121474,-0.0028037238118471986,1.2078800566540935e-05,-3.221873640923054e-06,0.0049398597795966255
49.801,-0.43973804143807016,0.5407254534702629,-2.0419152396163933,-0.3174571178433619,-1.1617641788250814,1.7798144074824798,1992,1,0.0504486416822361,-0.029232983933611106,-0.0028038763333289355,1.2169289309720435e-05,-3.047524808651547e-06,0.004944871362903387
49.826,-0.4471119772549632,0.5134560456966777,-2.0001303677075883,-0.2766295712349977,-1.0154446669030015,1.556320620915201,1993,1,0.0504621335091743,-0.02926080214351026,-0.0028037773398707382,1.2194765229593882e-05,-3.0796115408124863e-06,0.004946464722312344
49.851,-0.45356951999981926,0.4899532201251157,-1.9640992085706375,-0.23615535979384383,-0.8714272657230666,1.3223266345333904,1994,1,0.050476532011873014,-0.0292571114875915,-0.002803577623596673,1.2078084019829568e-05,-3.281272007761939e-06,0.004949158771283696
49.876,-0.45891974524465473,0.46988468241052683,-1.9340140359809226,-0.1982203260071533,-0.7318864937876377,1.086627217564043,1995,1,0.050491860554089676,-0.02926819690427982,-0.002803207264873922,1.2020642220140771e-05,-3.2968817676573604e-06,0.004953265569041115
49.901,-0.46348053630017777,0.4533588954357307,-1.9097678476924307,-0.1658553511106245,-0.5960972948527767,0.8562206408046416,1996,1,0.050503680265651746,-0.02925066659171347,-0.0028028649498054287,1.1804975318478115e-05,-3.224467292242948e-06,0.004954298302681926
49.926,-0.46721251280018666,0.44007981766788545,-1.8912030039406866,-0.1321817950418722,-0.46460881148653854,0.635772326816842,1997,1,0.050502471038139,-0.02923148900833709,-0.0028028069934191565,1.1845913121720546e-05,-3.142763909029317e-06,0.004954469872547117
49.951,-0.470089626052271,0.4301284548614051,-1.8779792313515902,-0.09559505094862686,-0.33517107525016926,0.4346650754185147,1998,1,0.0505064445615387,-0.029204482862117083,-0.002803083484597602,1.1723130183027931e-05,-3.0611501982469376e-06,0.004955036966308848
49.976,-0.47199226534761773,0.42332126390537794,-1.869469750169762,-0.057092649258174616,-0.2097224046649912,0.2619793532119956,1999,1,0.05051381249174602,-0.02919253912420269,-0.0028036758162174355,1.16784805208349e-05,-2.81403094567941e-06,0.004955272117688418
50.001,-0.47294425851517957,0.41964233462815614,-1.864880263690991,-0.01803574802692289,-0.09134981802301322,0.12689844321400995,2000,1,0.05052875289518918,-0.029189844953278112,-0.0028045747289501166,1.1732013766232998e-05,-2.5137203090704092e-06,0.004955240254396344
50.026,-0.47289405274896396,0.4187537730042269,-1.863124828009061,0.014135350856290156,0.02996448830466869,0.040439233150714064,2001,1,0.05052831663744303,-0.029217380707157667,-0.002805663264151733,1.1865301022617712e-05,-2.412788634932796e-06,0.004956081638000869
50.051,-0.472237490972365,0.4211405590433897,-1.862858302033455,0.03804324127222086,0.1434941387313397,-0.0001565109620216365,2002,1,0.05055080634875412,-0.02920075523143228,-0.002806741614443189,1.1886020900304617e-05,-2.0446544570064404e-06,0.004954222220326949
50.076,-0.470991890685353,0.42592847994079347,-1.8631326535571622,0.06795272921042814,0.2508730308905714,-0.03810084169988176,2003,1,0.05051810595674358,-0.02918413197156117,-0.002807518165328414,1.194352980189507e-05,-2.005166044044136e-06,0.004954662937852188
50.101,-0.4688398545118438,0.43368421058791756,-1.8647633441184492,0.08764172925328438,0.3544728437768853,-0.11442378667344084,2004,1,0.05051800177207628,-0.02918809680299504,-0.002808072234960878,1.2065304950510055e-05,-1.8986711834983145e-06,0.0049542493098154354
50.126,-0.46660980422268905,0.44365212212963673,-1.868853842890834,0.08257636886977855,0.4149288014898313,-0.23101080535923996,2005,1,0.050525060492157166,-0.029175858435793255,-0.002808403778290216,1.1868559684304206e-05,-1.8265783301954649e-06,0.004953451535881832
50.151,-0.4647110360683545,0.4544306506624109,-1.8763138843864122,0.03834918401603777,0.4178852620397987,-0.3799820190611167,2006,1,0.05053452018357831,-0.029203700160393625,-0.0028086781253697786,1.2040478838602014e-05,-1.7399837921717026e-06,0.004952161358264541
50.176,-0.464692345021887,0.46454638523162844,-1.8878529438438914,-0.04544920719363779,0.3781806458866181,-0.5546192342334648,2007,1,0.05052558764117178,-0.02920433937105846,-0.00280900369963803,1.2109193693820359e-05,-1.9120349905681174e-06,0.004949210163232546
50.201,-0.46698349642803627,0.4733396829567407,-1.9040448460980839,-0.14321858934362477,0.3220423182386484,-0.7474122538369591,2008,1,0.05050852214351307,-0.029217829259966556,-0.002809439395386775,1.2168449130114872e-05,-1.9118719190036077e-06,0.004946944059646424
50.226,-0.47185327448906783,0.48064850114355995,-1.925223556535737,-0.2537531221966449,0.2677971996796432,-0.9518525042031641,2009,1,0.05050507852186969,-0.02923287526712995,-0.0028100416387972314,1.2040146492452298e-05,-1.8347035680704863e-06,0.004942816969903691
50.251,-0.4796711525378678,0.4867295429407221,-1.9516374713082392,-0.3696738952954055,0.22108598232770896,-1.1622019783897994,2010,1,0.05050426777434335,-0.029210682237928897,-0.0028106767985059495,1.1735736821353582e-05,-1.8503087844129122e-06,0.00493966642681054
50.276,-0.4903369692538397,0.49170280025994634,-1.9833336554552319,-0.4758341107814151,0.1749565246877922,-1.3720125327766726,2011,1,0.0505005287657123,-0.02917120530291866,-0.0028114029500822843,1.1628881245017535e-05,-1.960366921450188e-06,0.004936680007389726
50.301,-0.5034628580769406,0.4954773691751125,-2.0202380979470784,-0.574613664977504,0.1382881937791792,-1.575831644904487,2012,1,0.05047734060207514,-0.029170580331971636,-0.0028120731484516785,1.161995961019092e-05,-2.3037701373771785e-06,0.004933492794395367
50.326,-0.5190676525027133,0.4986172099489049,-2.0621252377004518,-0.6748618778158162,0.11097920964708706,-1.7698122268222634,2013,1,0.05047703625196205,-0.029181848734785187,-0.0028126635223473203,1.1547426487425633e-05,-2.526006615635497e-06,0.004927449376338215
50.351,-0.5372059519677295,0.5010263296574665,-2.1087287092881866,-0.777471412528534,0.0836318978573528,-1.9504216813912965,2014,1,0.050472969683174655,-0.02919954753310947,-0.0028132207309069235,1.1441522458865033e-05,-3.0493363891492137e-06,0.0049204415521534655
50.376,-0.5579412231291377,0.5027988048417723,-2.159646321770011,-0.8869097214315235,0.06482082402388237,-2.114700848637507,2015,1,0.05045923169396193,-0.02921234603542741,-0.002813952192841348,1.1311306567980527e-05,-3.2696248969167464e-06,0.004912259602243278
50.401,-0.5815514380393094,0.5042673708586609,-2.214463751720071,-0.9837828146114562,0.04922476328405725,-2.257983122490857,2016,1,0.050450127514528154,-0.029171187844740994,-0.0028148287401842803,1.1049340938512535e-05,-3.5069158318113044e-06,0.004907759064015417
50.426,-0.6071303638597148,0.5052600430059754,-2.2725454778945635,-1.0704487869900645,0.027073313024016818,-2.3766755267871993,2017,1,0.050452985347400794,-0.029191615803908055,-0.002815664957342211,1.1000435922896092e-05,-3.860073531546496e-06,0.0049006964814018155
50.451,-0.6350738773888096,0.5056210365098617,-2.333297528059424,-1.1645972923734988,0.013933582245716185,-2.4711819722580035,2018,1,0.050431680240280594,-0.029223943929318656,-0.0028163671641366276,1.1127386648905713e-05,-4.247411568659888e-06,0.004892038915524924
50.476,-0.6653602284783864,0.5059567221182611,-2.3961045765074567,-1.2607869375218101,0.011801272493140008,-2.5390874545165443,2019,1,0.050436179368716735,-0.029234721796962827,-0.002817045607746619,1.1341269447691005e-05,-4.316332790418844e-06,0.004884967401653305
50.501,-0.6981132242648965,0.5062111001345186,-2.460251900785244,-1.3488653619309892,0.00105675884534797,-2.5784163780388725,2020,1,0.05044608148999414,-0.02921275801448963,-0.002817864226189527,1.1406918461178733e-05,-4.391759573639211e-06,0.004877764937092146
50.526,-0.7328034965749416,0.5060095600605286,-2.5250253954094113,-1.4390348836990146,-0.011124092019699933,-2.589137534925651,2021,1,0.05044925228030412,-0.02923570449357634,-0.002818607952839601,1.1406481236559732e-05,-4.423531414515569e-06,0.0048699266425136995
50.551,-0.7700649684498534,0.5056548955335336,-2.5897087775315377,-1.528501014921422,-0.020442830652603935,-2.5705176253437263,2022,1,0.0504360384683865,-0.029208991936217066,-0.002819346049237249,1.0984925086167597e-05,-4.3042233623788305e-06,0.004862149836513788
50.576,-0.8092285473210084,0.5049874185278984,-2.6535512766765903,-1.6012613056435465,-0.025981669299716494,-2.5233629948429583,2023,1,0.050422828881618496,-0.029209495347417205,-0.0028199497513927566,1.0772798036258242e-05,-4.2449054226530575e-06,0.00485292750614063
50.601,-0.8501280337320262,0.5043558120685478,-2.7158769272736785,-1.6520894786992175,-0.02841988514443889,-2.4490445165451704,2024,1,0.05043575994817287,-0.029212465179525717,-0.002820375131821526,1.0552647467951292e-05,-4.091012234517245e-06,0.004844689864700573
50.626,-0.8918330212559645,0.5035664242706765,-2.776003502503842,-1.6412309844762984,-0.02811658201363958,-2.348293658570832,2025,1,0.05043936501933556,-0.029217353043041284,-0.002820571969725975,1.0334242282780674e-05,-3.9367253205766764e-06,0.004837021974892639
50.651,-0.9321895829558481,0.5029499829678657,-2.83329161020223,-1.5802934565495892,-0.021764975409739682,-2.222888498639263,2026,1,0.05046754719300915,-0.029225463392685645,-0.002820537802351878,1.0188073491547052e-05,-3.828820739168276e-06,0.004830907838035192
50.676,-0.9708476940834507,0.5024781755001895,-2.8871479274358145,-1.4905813495722047,-0.025670508697083556,-2.0738341419855044,2027,1,0.05047683207146698,-0.029202616274192923,-0.0028204504436103272,1.0055468747684514e-05,-3.796526087270203e-06,0.004826212765246097
50.701,-1.006718650434454,0.5016664575330116,-2.9369833173014994,-1.3535904697605365,-0.023882874204973727,-1.9049950227182784,2028,1,0.05044629255332071,-0.029213401994885792,-0.0028203154177369382,9.998088273942827e-06,-4.058682064125905e-06,0.004818873116304316
50.726,-1.0385272175714737,0.5012840317899409,-2.982397678571723,-1.1907958094555993,-0.01189985343622647,-1.7199001011719517,2029,1,0.05045369389664301,-0.029208356864275677,-0.0028198135443182754,9.977103754140876e-06,-4.095686585579897e-06,0.0048124494479118325
50.751,-1.0662584409072307,0.5010714648612004,-3.022978322360092,-1.0346337140958946,-0.007646854121218696,-1.5223167497703505,2030,1,0.05048527124851727,-0.02921284852425465,-0.002819126738456608,1.0104259589547046e-05,-4.140490113057877e-06,0.004805705573644151
50.776,-1.0902589032762728,0.5009016890838799,-3.058513516060247,-0.8927538103064363,-0.00459478442920341,-1.3161459474800308,2031,1,0.05051274852717905,-0.029220202600749395,-0.0028183376002967023,1.012735468312554e-05,-4.042471171055448e-06,0.0048006187106668695
50.801,-1.1108961314225563,0.5008417256397402,-3.0887856197340993,-0.7524841795911624,-0.005122040935350583,-1.1058445458312434,2032,1,0.05051530391428228,-0.029208983415784602,-0.0028174743246300368,1.0125671950092602e-05,-4.060755385515904e-06,0.004795637060762412
50.826,-1.1278831122558288,0.5006455870371124,-3.113805743351806,-0.6114660466559078,-0.0037556615077984825,-0.8971884134861495,2033,1,0.050521354661297195,-0.02922428270064573,-0.0028167212293441274,1.0155961121958893e-05,-4.018941772734887e-06,0.004791200753357496
50.851,-1.14146943375535,0.5006539425643503,-3.133645040408404,-0.4659888207842398,0.001743853882423362,-0.6953046859588992,2034,1,0.050527808003207005,-0.02921649296639132,-0.0028163126696392695,1.0071009224494407e-05,-3.7649370983812947e-06,0.0047876452254657096
50.876,-1.1511825532950395,0.5007327797312335,3.134614329529838,-0.32926431841677173,-0.004909273496249281,-0.5071303834435449,2035,1,0.050583592173666994,-0.02921850799800922,-0.002816203780637735,1.0117641236711741e-05,-3.4075168399804734e-06,0.0047838162038957525
50.901,-1.15793264967619,0.5004084788895378,3.1241837475990026,-0.21125032401838137,-0.007210568825288195,-0.33790894121941367,2036,1,0.05059269748059366,-0.029257512730805832,-0.0028163114333674,1.0220834808105087e-05,-3.365344082196752e-06,0.004782418180197587
50.926,-1.1617450694959595,0.5003722512899691,3.117718882468866,-0.08980318011828703,-0.0039727640596301,-0.19543891912525035,2037,1,0.05058067391062667,-0.02925351708095771,-0.002816544090006016,9.86524588737494e-06,-3.14861459772701e-06,0.00477883559403039
50.951,-1.162422808682104,0.5002098406865563,3.1144118016427407,0.03264237930547161,-0.0025841022885277148,-0.0882407395316648,2038,1,0.05056973470710945,-0.029266164005884127,-0.0028169571181996494,9.563294321102995e-06,-3.0052966434126868e-06,0.004776193226214478
50.976,-1.160112950530686,0.5002430461755427,3.113306845492283,0.14830663002492317,0.00012140363373270426,-0.024080767056881263,2039,1,0.05055825974904058,-0.029254958300088413,-0.0028174653218399326,9.265641808208852e-06,-2.950918847872802e-06,0.004772892419723437
51.001,-1.1550074771808583,0.5002159108682429,3.1132077632898967,0.23466608587526802,-0.0003407689555378888,-0.004435405118376656,2040,1,0.05055651404258073,-0.029253835939692795,-0.0028179138651475825,9.097561088816523e-06,-2.794138974128884e-06,0.004770843055008302
51.026,-1.1483796462369216,0.5002260077277658,3.113085075236364,0.2812138509316613,0.0018289622639853893,-0.01549582757284763,2041,1,0.050550827141367535,-0.029250233657109072,-0.0028182956359831773,8.858807816878547e-06,-2.716582713632242e-06,0.004768345010313534
51.051,-1.140946784634274,0.5003073589814422,3.1124329719112542,0.2877881415872294,0.011893348206604825,-0.04333779915988847,2042,1,0.05056140354616104,-0.029250638044456496,-0.0028186703627690454,8.48499318957615e-06,-2.455681956858032e-06,0.004766374632819393
51.076,-1.133990239157561,0.500820675138096,3.11091818527837,0.2530346721206655,0.03056080860465778,-0.08528233549854698,2043,1,0.050550027714928024,-0.029233948966922194,-0.0028188730781061816,8.213855799908748e-06,-2.3089187887671556e-06,0.004763881077341683
51.101,-1.1282950510282415,0.501835399411675,3.108168855136327,0.19313736692918348,0.05955468825264881,-0.13874939195888458,2044,1,0.050517497757764276,-0.02922987328125591,-0.002818826653109416,7.974380389281204e-06,-2.2304311584325844e-06,0.00476179224674914
51.126,-1.1243333708111023,0.5037984095507283,3.103980715680426,0.10574601470726627,0.11161402233090303,-0.20058975743567475,2045,1,0.050502230314736274,-0.029224989019976444,-0.002818859954157829,7.6097391007813965e-06,-2.215008769171766e-06,0.004759358384496489
51.151,-1.1230077502928777,0.5074161005282206,3.0981393672645425,0.009177522647857756,0.1639816788796915,-0.26998223647222735,2046,1,0.050472572926062574,-0.02918242664571366,-0.0028189637868134077,7.080475242246838e-06,-1.9915908951639947e-06,0.0047569141404918604
51.176,-1.1238744946787094,0.5119974934947136,3.0904816038568135,-0.09083903557983569,0.2139279484222733,-0.34429010906766605,2047,1,0.050493853948768215,-0.02920194541510158,-0.0028192181246624055,7.164480605827552e-06,-1.6429180711981905e-06,0.0047546426686268725
51.201,-1.1275497020718692,0.5181124979493337,3.08092486181116,-0.20181609668289005,0.2759942645660331,-0.42228519632570194,2048,1,0.050486874169369,-0.029211676782832294,-0.002819389088999942,7.234809849368532e-06,-1.5396555398661342e-06,0.004750790863482013
51.226,-1.1339652995128533,0.5257972067230144,3.0693673440405296,-0.29705421201179494,0.3370753756855818,-0.5024430269741239,2049,1,0.05045129674433024,-0.029212342447888968,-0.0028194638512835718,7.180065881552316e-06,-1.5115464451953773e-06,0.004747910693046841
51.251,-1.1424024126724581,0.5349662667336118,3.0558027104624554,-0.37692333691304986,0.3977499501459308,-0.5831395008748643,2050,1,0.05045301897892394,-0.029216613493936682,-0.002819478938453344,7.217190219629197e-06,-1.2879648954210734e-06,0.004744073419229612
51.276,-1.1528114663585074,0.5456847042303127,3.040210368996784,-0.4635915753377433,0.4591965294739028,-0.6626611899799663,2051,1,0.05048181463346079,-0.029217567245197133,-0.002819617718866499,7.196597510567254e-06,-9.796879067467378e-07,0.004741043700644473
51.301,-1.1655819914393473,0.5579260932073089,3.0226696509634543,-0.553984999933999,0.52227080022159,-0.7399517899840079,2052,1,0.05048710123063534,-0.029222224746479435,-0.0028198899837039867,7.336016694919965e-06,-7.520540201165682e-07,0.004737071684981685
51.326,-1.1805107163552058,0.5717982442413907,3.0032127794975856,-0.6419249123923941,0.5811764718506682,-0.8134652034579322,2053,1,0.05048477270523031,-0.029213505627392833,-0.00282027599995918,7.271110479385579e-06,-7.320598507599636e-07,0.004734286000629453
51.351,-1.1976782370589651,0.5869849167998407,2.98199639079056,-0.7199623247825403,0.6371269712620593,-0.8825535072493076,2054,1,0.05046428914200892,-0.029229234275864453,-0.002820598897903409,7.114174751493443e-06,-8.214579382066161e-07,0.00472967237514604
51.376,-1.2165088325943307,0.6036545928044919,2.9590851041351227,-0.7952435489196917,0.6990187791717298,-0.9466323575262418,2055,1,0.05047748549822881,-0.029238989809000835,-0.002820765535012319,6.9820525451571e-06,-8.257207083793055e-07,0.004726146291061496
51.401,-1.2374404145049531,0.6219358557584301,2.934664772914244,-0.8759450816311273,0.758706181887214,-1.0032952552305152,2056,1,0.05046836688030405,-0.02923142692366303,-0.002820985625135955,6.543275834438349e-06,-9.653442188199374e-07,0.004722666506307631
51.426,-1.2603060866758908,0.6415899018988558,2.9089203413735927,-0.9469107025831663,0.8129356922004933,-1.0534108376355156,2057,1,0.05045294814370965,-0.02923416979902948,-0.0028211840816105963,6.212362457565255e-06,-1.140200982200389e-06,0.004717715062179946
51.451,-1.2847859496341087,0.6625826403684525,2.881994231032471,-1.0198969643084557,0.8698727034443615,-1.096109911734038,2058,1,0.05045855714392747,-0.029243082071814672,-0.0028214317390256706,6.018763436375654e-06,-1.2088107225748765e-06,0.00471275905784592
51.476,-1.3113009348913107,0.6850835370710714,2.854114845786894,-1.08862427341732,0.9286887415003292,-1.1306954071237139,2059,1,0.050432748471707575,-0.029241478932308163,-0.002821717026716762,5.7421412072828655e-06,-1.3453810572188107e-06,0.004707730594106782
51.501,-1.3392171633049716,0.7090170774434663,2.8254594606762886,-1.1504143875602542,0.9820925052503255,-1.1553753542577274,2060,1,0.0504382027475207,-0.029227996734720787,-0.0028220016142726915,5.598985380398989e-06,-1.2685413548385843e-06,0.004704709045865118
51.526,-1.3688216542693283,0.7341881623335919,2.7963460780740026,-1.2147088038638674,1.0300995059503246,-1.1706712586838175,2061,1,0.050440782496981404,-0.029227423691012572,-0.002822241540615135,5.365416188766565e-06,-1.2606254887448278e-06,0.0046983674782737125
51.551,-1.3999526034981702,0.7605220527409869,2.7669258977420927,-1.2709685127229975,1.0826685656213646,-1.178161540782399,2062,1,0.05045348786030692,-0.029240811278315654,-0.002822425295708349,5.31124750641574e-06,-1.2631565217332616e-06,0.0046935774232383
51.576,-1.4323700799054746,0.788321590614657,2.737438001034886,-1.3322095878084774,1.1350980519925693,-1.1757178573298834,2063,1,0.050488040483116586,-0.029225419797567074,-0.0028226360944387185,5.263366909914236e-06,-1.0069186122456309e-06,0.0046881169383901555
51.601,-1.4665630828885903,0.8172769553406122,2.708140004875602,-1.3898476033527176,1.1773908165187799,-1.164379176488732,2064,1,0.05048804853817181,-0.029225200255793643,-0.002822804064476568,5.175464010416672e-06,-8.58759541592284e-07,0.004681782654620115
51.626,-1.5018624600731065,0.8471911314405927,2.6792190422104527,-1.4265569905828483,1.2077019588385132,-1.1439831610967757,2065,1,0.05047792192977617,-0.02921768707288176,-0.002822665415614989,4.86231973470444e-06,-7.556602500751535e-07,0.00467810887901041
51.651,-1.5378909324177388,0.877662053282543,2.6509408468207583,-1.4328669762728263,1.2102656879526463,-1.1146518675778543,2066,1,0.05047529654178345,-0.029219443249355232,-0.0028221211233350296,4.665206130159222e-06,-5.16178205594495e-07,0.004672840412642675
51.676,-1.573505808886754,0.9077044158382301,2.6234864488315552,-1.4007569386183503,1.182119524839605,-1.0760718394862046,2067,1,0.05049489656390765,-0.029238425298252647,-0.0028212650874232343,4.5143003487250925e-06,-2.0850163647146748e-07,0.004669451938396594
51.701,-1.6079287793486523,0.9367680295245199,2.597137254846451,-1.3401121972206915,1.1359321301075223,-1.0299450772781924,2068,1,0.05049723198426385,-0.029245680152986682,-0.0028203763015384365,4.29344153552087e-06,-5.714591677149287e-09,0.004663534242416661
51.726,-1.6405114187477847,0.964501022343603,2.5719891949676486,-1.262731326370808,1.074083463747707,-0.9761302622486601,2069,1,0.050496353975438994,-0.02923256210388046,-0.002819613255205698,3.840691724988128e-06,1.4972962374865726e-07,0.004660115672154049
51.751,-1.6710653456671891,0.9904722027119022,2.548330741734021,-1.182399028694078,1.0001642199135743,-0.9151140685278155,2070,1,0.050514137849160264,-0.029233039781550327,-0.002818918812842379,3.5507849883322145e-06,3.1277891939329187e-07,0.004654097290248206
51.776,-1.6996313701824937,1.014509233339286,2.526233491541254,-1.0933341701162202,0.9209495505068214,-0.8492864102828599,2071,1,0.0505163123701606,-0.029253352707890052,-0.0028182744021157803,3.339183700180189e-06,3.036042722371394e-07,0.004649575131251912
51.801,-1.7257320541730048,1.0365196802372472,2.5058664212198742,-0.9914078145266934,0.8384077082013418,-0.7771925205153349,2072,1,0.05051555685770276,-0.029266989191895958,-0.002817661775256827,3.1111830439361243e-06,3.1112055590752915e-07,0.0046450294849081485
51.826,-1.7492017609088255,1.0564296187493507,2.4873738655154893,-0.8801598995690542,0.751620903396984,-0.7019619536192366,2073,1,0.05050656785112337,-0.029267086998754317,-0.0028171398510271482,2.727481685319001e-06,5.234598323091167e-07,0.004638817950620389
51.851,-1.769740049151455,1.0741007254070942,2.4707683235389144,-0.7686992771171257,0.6559832256166382,-0.6248112453000587,2074,1,0.0505131295307376,-0.02925110666017511,-0.0028167666395615726,2.395371127507306e-06,7.965787102686947e-07,0.004636411940099038
51.876,-1.7876367247646796,1.0892287800301808,2.456133303250488,-0.6623832584692891,0.5591489203872747,-0.5439315975744543,2075,1,0.05051177333168651,-0.029262349956864133,-0.002816574313884838,2.297593888849138e-06,7.478059974678517e-07,0.004634898561472168
51.901,-1.8028592120749223,1.1020581714264603,2.4435717436601894,-0.5525669161578879,0.4699337178801909,-0.46168094383974684,2076,1,0.05050278554723144,-0.029273760065500032,-0.002816483915423316,2.0750430828912623e-06,7.287423215834497e-07,0.00462994234483482
51.926,-1.8152650705725764,1.1127254659241923,2.433049256058499,-0.44800386256821473,0.3809337917918926,-0.3833894688060409,2077,1,0.0505005477021491,-0.029265250301731795,-0.0028164188933047203,1.8383621120098095e-06,1.0391437893804553e-06,0.004623048264165762
51.951,-1.8252594052033317,1.1211048610160539,2.4244022702198884,-0.3440404161071937,0.28967387027820074,-0.30798139883757764,2078,1,0.050484650164499184,-0.02927680474382683,-0.0028163754844196674,1.7884159733780803e-06,1.1823187055182316e-06,0.004622794858587711
51.976,-1.832467091377935,1.1272091594381015,2.417650186116621,-0.23563662732377652,0.20470695084066567,-0.23499056255224196,2079,1,0.05049797124446035,-0.02928133582839424,-0.00281641848203774,1.7320962154164038e-06,1.2575373218772864e-06,0.004620879714185542
52.001,-1.83704123656952,1.1313402085580866,2.412652742092277,-0.1362173339648382,0.12615557508025155,-0.1690793124354462,2080,1,0.050513011946771616,-0.029263216818234378,-0.002816685128337551,1.557765215392592e-06,1.430744009652788e-06,0.004617446601450446
52.026,-1.8392779580761776,1.1335169381921146,2.409196220494848,-0.05173885621991839,0.04751965734462388,-0.11185387016962635,2081,1,0.050513697965715636,-0.029244364995334907,-0.0028171565951380503,1.37837677929421e-06,1.6342904857122658e-06,0.004615370913015163
52.051,-1.839628179380516,1.133716191425318,2.407060048583795,0.03345205889474924,-0.02765694433030032,-0.06392446800365023,2082,1,0.050500190117276696,-0.029259057483548803,-0.0028176149541896504,1.2591665105155005e-06,1.8649091583829986e-06,0.004614391712719321
52.076,-1.8376053551314402,1.1321340909755997,2.4059999970946655,0.1080958575968544,-0.09328561503963859,-0.028514347068641598,2083,1,0.05051822275074972,-0.029253388668694095,-0.002818145471662318,1.0221798124439274e-06,2.28004860912011e-06,0.004611689370142532
52.101,-1.8342233865006736,1.1290519106733363,2.405634331230363,0.15993030815066,-0.13917836668887143,-0.008041249539961116,2084,1,0.05052260730747328,-0.02927713559370461,-0.002818706040880134,8.836240993397736e-07,2.298605792503816e-06,0.0046112782647237845
52.126,-1.8296088397239076,1.1251751726411565,2.4055979346176675,0.20725297468873646,-0.16675432567495285,0.0019319593165965671,2085,1,0.05049503656396674,-0.029276192967832435,-0.0028192046988599548,4.879379670416825e-07,2.0763690081035023e-06,0.004611608658187733
52.151,-1.823860737766236,1.120714194389588,2.405730929196193,0.23795631778057405,-0.18612276207199152,0.012590078829742871,2086,1,0.05047715995095891,-0.029243879713807302,-0.0028196879605334483,-4.869454845799154e-08,1.8859083452380418e-06,0.004609199835664812
52.176,-1.817711023834878,1.1158690345375561,2.4062274385591547,0.21212593566201626,-0.18499328646984722,0.03221558898810889,2087,1,0.05050222202253356,-0.02921346950656088,-0.002819927949845207,-3.396051805803305e-07,1.8620989568519205e-06,0.004607929697479724
52.201,-1.8132544409831357,1.1114645300660961,2.4073417086455984,0.14455252192308188,-0.15198593459986284,0.06130038534787012,2088,1,0.050474294528388246,-0.029254436048403394,-0.002819794157048956,-5.10068468084594e-07,1.7945888061438321e-06,0.004607599279729565
52.226,-1.8104833977387242,1.1082697378075634,2.409292457826548,0.06187865604593853,-0.09142819645768427,0.0981558553424711,2089,1,0.05047714657564439,-0.029273782840336767,-0.002819451711026389,-7.243885781315329e-07,1.924172218564151e-06,0.004606514784935592
52.251,-1.810160508180839,1.1068931202432122,2.4122495014127217,-0.03702904014207271,-0.02948887481244637,0.14086037802312787,2090,1,0.05046967664371585,-0.02926084112556457,-0.0028190240806707325,-1.118558682958301e-06,2.128845950528318e-06,0.0046061840438635804
52.276,-1.812334849745828,1.106795294066941,2.416335476727705,-0.1409688511945286,0.024357300014184045,0.18708180130028576,2091,1,0.050490630587362494,-0.02925588337021764,-0.0028187550807402956,-1.3305150553265283e-06,2.448067610913771e-06,0.004605256681623513
52.301,-1.817208950740566,1.1081109852439215,2.4216035914777367,-0.2520335713739873,0.08443212832987915,0.23617495899396446,2092,1,0.050501462298337726,-0.029253353120062227,-0.0028186729017703974,-1.4329514086948417e-06,2.552157345528445e-06,0.004604133796701735
52.326,-1.8249365283145267,1.1110169004834347,2.4281442246774025,-0.3633391018627725,0.13489766963968075,0.28582989665618747,2093,1,0.050470310284253125,-0.029244612429280115,-0.002818746866890204,-1.534614423084384e-06,2.5071806177430645e-06,0.0046020418304342225
52.351,-1.8353759058337036,1.1148558687259051,2.4358950863105453,-0.46226953451406555,0.1764898850909369,0.3354849881628055,2094,1,0.050450858649259515,-0.02927005711306984,-0.0028189843807166323,-1.4729214658045938e-06,2.618959228675435e-06,0.00460210033462381
52.376,-1.8480500050402286,1.119841394737981,2.444918474085542,-0.5576547044785731,0.22234368257303286,0.38385034771480087,2095,1,0.05045518371777179,-0.02927112275125578,-0.002819220079828821,-1.5874516316122579e-06,2.8571521765590033e-06,0.004599490699231855
52.401,-1.8632586410576346,1.1259730528545577,2.455087603696287,-0.6537787861138142,0.26920633188981224,0.42880121439624724,2096,1,0.0504486587062209,-0.029270847575980856,-0.002819492550161191,-1.4518614436253731e-06,2.851051643113175e-06,0.004600557965359651
52.426,-1.8807389443459221,1.1333017113324728,2.466358534805356,-0.7502094457608459,0.30659355809063504,0.4713972714098526,2097,1,0.050442354255886175,-0.029247429193539114,-0.0028197334073011755,-1.528335167126932e-06,2.927463725265132e-06,0.004602125165630191
52.451,-1.9007691133456748,1.1413027307590886,2.4786574672667783,-0.8435054132699085,0.34154246916397735,0.5094775058641977,2098,1,0.05044401324561185,-0.02926776951131726,-0.00281980413449315,-1.3440057797095278e-06,3.1173009639774133e-06,0.004603128949316149
52.476,-1.9229142150094152,1.1503788347906707,2.4918324100985645,-0.9285274878113231,0.382086394676246,0.5432121651244557,2099,1,0.05045191705338501,-0.029263217564855858,-0.0028198043439824193,-1.4868288316222344e-06,3.3346415165810647e-06,0.004606213090695912
52.501,-1.9471954877362383,1.1604070504928998,2.5058180755229995,-1.0186770234218898,0.4175906206075863,0.5730613279039742,2100,1,0.0504667161018932,-0.029251002774019177,-0.0028196505949043345,-1.5499548386393047e-06,3.511500551317036e-06,0.004608231753425303
52.526,-1.973848066180514,1.1712583658210518,2.5204854764937656,-1.1073451866033268,0.4585488912018807,0.5951929313307439,2101,1,0.05047088616863218,-0.029260184012742052,-0.0028194047041368866,-1.5309643296034999e-06,3.5888606539913017e-06,0.004608076252490703
52.551,-2.0025627470664094,1.1833344950529958,2.5355777220895392,-1.1934816184889754,0.4941859890443171,0.6113007133958518,2102,1,0.050457401515327724,-0.02923478111275512,-0.00281893014771382,-1.814036813470896e-06,3.7796225824832964e-06,0.00461182139720229
52.576,-2.0335221471049594,1.1959676652732663,2.5510505121635565,-1.278421255015935,0.5211463478505903,0.6223166908068211,2103,1,0.05045274179419699,-0.0292483319386278,-0.002818224734210668,-1.9552536156745323e-06,3.866418559881299e-06,0.004611533137967345
52.601,-2.0664838098172025,1.2093918124455239,2.5666935566298785,-1.3554006998991468,0.553704113669227,0.6254603257503444,2104,1,0.05045411564068696,-0.02926062156541072,-0.0028172681933140496,-2.1091085080136125e-06,4.0057033692442185e-06,0.004610055205237865
52.626,-2.101292182099913,1.223652870956726,2.582323528451072,-1.4342509154560654,0.5900183915191611,0.6206731284473314,2105,1,0.050464975790026165,-0.02925975180123991,-0.0028160476432969807,-2.165811457550977e-06,4.288251850741963e-06,0.004610097375388734
52.651,-2.138196355590012,1.2388927320214844,2.5977272130522477,-1.498815721794907,0.616972895744939,0.6099469443909391,2106,1,0.05044663286069813,-0.029253344404857773,-0.0028148762027107328,-2.391154224301001e-06,4.094527759108866e-06,0.004611767717076394
52.676,-2.1762329681896646,1.2545015157439756,2.6128208756706215,-1.5365426077171025,0.6252199880935194,0.5936270329829334,2107,1,0.050452470273896356,-0.029249354455601617,-0.0028139446193512917,-2.378616834103943e-06,4.098070322371223e-06,0.0046111926677813945
52.701,-2.2150234859758626,1.2701537314261586,2.6274085647013927,-1.5261952864573194,0.6202511485931115,0.5694381890688551,2108,1,0.05044860048025193,-0.029272085699812263,-0.0028134434205896864,-2.332155497815743e-06,4.029335548311045e-06,0.004610089075467337
52.726,-2.2525427325125262,1.2855140731736294,2.6412927851240626,-1.4527237133212205,0.5989123017507744,0.5394538333741701,2109,1,0.050412062000266634,-0.029275349925804064,-0.0028132235932551595,-2.343306058217353e-06,4.050409633118586e-06,0.004612596634809639
52.751,-2.2876596716419195,1.3000993465136956,2.6543812563700997,-1.3546077982768434,0.5545520445355361,0.5058787687240963,2110,1,0.05037986235421481,-0.02925628221759191,-0.002813164726522624,-2.3817947770412266e-06,4.047464212097387e-06,0.004613937065018011
52.776,-2.320273122426374,1.3132416754004086,2.6665867235602696,-1.2411434650555815,0.5054579441759013,0.46664500256386815,2111,1,0.05038107975740581,-0.02927280285292009,-0.00281327133565445,-2.188089943692914e-06,4.380877696255045e-06,0.004613680270678262
52.801,-2.349716844894704,1.3253722437224928,2.677713506498295,-1.1207555913828509,0.45780952218108456,0.4231381450073686,2112,1,0.050393599537434074,-0.02925762648475201,-0.002813376314476951,-2.0752373801247304e-06,4.69191315123077e-06,0.004615488839208321
52.826,-2.3763109019955135,1.3361321515094615,2.687743630810637,-0.990366305045057,0.40267241274109256,0.37714035612079233,2113,1,0.050395264010561644,-0.029265257319536525,-0.002813494224939357,-1.656209686004904e-06,4.794024337310271e-06,0.004615467254945082
52.851,-2.399235160146954,1.3455058643595463,2.6965705243043336,-0.8527995913332594,0.3458309686984259,0.3287126046084419,2114,1,0.05043460790772168,-0.029256413646894405,-0.002813723570018187,-1.2670578037852284e-06,5.22336490071628e-06,0.004615190495456293
52.876,-2.418950881562174,1.3534236999443818,2.704179261041058,-0.7222143193252611,0.2928582672955232,0.2794029858991138,2115,1,0.050456650985389526,-0.029264940059515288,-0.0028141732906982065,-8.792443242552522e-07,5.5076849018052505e-06,0.004613487186721365
52.901,-2.43534587611322,1.3601487777243237,2.7105406735992905,-0.5911988395651175,0.2475329259568515,0.22925697976751636,2116,1,0.05046999139534434,-0.029259243685491574,-0.002814760054942416,-6.297100637089699e-07,5.787420471780062e-06,0.004612878328342594
52.926,-2.4485108235404325,1.3658003462422255,2.715642110029435,-0.4618855238480531,0.19248159126677528,0.18097136934632693,2117,1,0.05047105837581379,-0.029233920985098596,-0.0028154640724743487,-5.176581929082855e-07,5.999213160882007e-06,0.004612457559577671
52.951,-2.4584401523056214,1.369772857287662,2.7195892420666063,-0.3444841820213114,0.1341684089711835,0.13546857058346676,2118,1,0.05050306876693904,-0.029243748134315847,-0.0028161604835422183,-5.661253942936055e-08,6.195688041732573e-06,0.004610141706610514
52.976,-2.465735032641497,1.3725087666907843,2.7224155385586077,-0.22901702434495932,0.08948198805136597,0.09334444080251278,2119,1,0.050488248752720115,-0.029271593276257984,-0.0028168756443500633,2.637070384247141e-07,5.9862023257018035e-06,0.004608765545521686
53.001,-2.4698910035228687,1.37424695669023,2.7242564641067317,-0.10589514148850106,0.05151631232795056,0.05730795027046165,2120,1,0.05048022515336936,-0.029270029253949933,-0.002817706488739408,6.75453259601156e-08,5.743426276826285e-06,0.004608269671595893
53.026,-2.4710297897159226,1.375084582307182,2.725280936072131,0.010485704655990519,-9.211761567317391e-05,0.02881443759026968,2121,1,0.050470391986593796,-0.02923955873325002,-0.0028185900226381567,-2.609898873366008e-07,5.485475196989386e-06,0.00460723909639383
53.051,-2.469366718290069,1.3742423508094463,2.7256971859862453,0.1145412226311547,-0.052708237272164005,0.009968584268565407,2122,1,0.05048747972461662,-0.029261478053121785,-0.002819470929190418,-7.118729696641285e-08,5.293117361989177e-06,0.004607173264147601
53.076,-2.465302728584365,1.372449170443574,2.7257793652855593,0.19254469562452342,-0.07946997865322389,0.002144381743480872,2123,1,0.0504988302253849,-0.02927904499689182,-0.002820140905088403,-1.62181006997207e-07,4.945538582772687e-06,0.004605687908531592
53.101,-2.4597394835088435,1.3702688518767854,2.7258044050734194,0.24286436100732936,-0.09049374673122461,0.0005042775803954245,2124,1,0.05048212046781777,-0.029275760303911713,-0.002820606061044768,-4.185901488494342e-07,4.740853388663441e-06,0.004603800426879045
53.126,-2.4531595105339994,1.367924483107013,2.725804579164579,0.2571790553537892,-0.10296926459836274,9.701875126388044e-05,2125,1,0.050497349184855975,-0.029249803088132912,-0.002821155708578732,-8.514740746343942e-07,4.800558754340062e-06,0.004603078968001276
53.151,-2.446880530741153,1.3651203886468668,2.7258092560109826,0.24185332330871104,-0.09697982059270477,0.0005710407061254099,2126,1,0.050500131642130595,-0.02928152426043964,-0.0028217295431479696,-8.507876146475171e-07,4.873584642780732e-06,0.004600839982372324
53.176,-2.441066844368563,1.3630754920773773,2.7258331311998854,0.21378024533135304,-0.0787735947377755,0.00031794595144242905,2127,1,0.050486815941577154,-0.02925794158886405,-0.002822355210027067,-1.1966725503127416e-06,4.7042874910693725e-06,0.004599010013799276
53.201,-2.436191518474586,1.3611817089099782,2.7258251533085547,0.1756684868541758,-0.07019867199773833,-0.00037820143417912553,2128,1,0.05047863540580566,-0.029257796978752245,-0.0028228591817273554,-1.5675681985444085e-06,4.807239919259871e-06,0.004598102920273664
53.226,-2.4322834200258545,1.3595655584774906,2.7258142211281764,0.13966456411338773,-0.050101963198543945,-0.00017534501258965494,2129,1,0.050473295046436766,-0.029267452050522433,-0.002823306625519387,-1.7858627506674004e-06,4.999422473173926e-06,0.004597920502448127
53.251,-2.429208290268917,1.3586766107500512,2.725816386057925,0.10259761201572473,-0.03278055666803668,0.0001264735605577164,2130,1,0.05046159397388526,-0.02924039429138704,-0.002823650378770126,-2.085183725829446e-06,5.179658350152999e-06,0.0045969137920885954
53.276,-2.427153539425068,1.3579265306440886,2.7258205448062043,0.07321181079559744,-0.02560809097121867,-0.00036204898234079265,2131,1,0.050434524674223796,-0.02924223890075352,-0.0028238134192523773,-2.1090847959689687e-06,5.303889279183934e-06,0.004595780897864244
53.301,-2.4255476997291368,1.3573962062014902,2.725798283608808,0.057264288690163014,-0.0204239841191412,-0.0003819098453927911,2132,1,0.05043192271715642,-0.029239389355854777,-0.0028237990906270273,-2.390397402836446e-06,5.691306179234728e-06,0.004596320401931546
53.326,-2.42429032499056,1.3569053314381316,2.7258014493139346,0.0435968780984222,-0.014970169846360867,1.595919908226142e-05,2133,1,0.05044196914443267,-0.02924544140151045,-0.0028236424049654465,-2.376502060195782e-06,6.063258484143861e-06,0.004595231544296733
53.351,-2.4233678558242158,1.3566476977091722,2.7257990815687623,0.03671264948874362,-0.006152945300339846,-0.0006354986194878981,2134,1,0.05043461647077453,-0.02924069801845118,-0.002823461464241852,-2.4700139700384012e-06,6.226038356805439e-06,0.0045949984961199284
53.376,-2.4224546925161228,1.3565976841731147,2.7257696743829603,0.03373122343422953,-0.005370315594909844,-0.0005191224359179627,2135,1,0.05043616627368191,-0.029216577707384242,-0.0028234064541366724,-2.629257259278704e-06,6.490263820834477e-06,0.0045954656173165746
53.401,-2.421681294652504,1.3563791819294266,2.7257731254469664,0.025662451560950515,-0.009975339336508997,0.0003158129292124287,2136,1,0.05044506871424445,-0.02921536368525009,-0.002823340501069622,-2.589750199657261e-06,7.072539789281138e-06,0.004594739762174728
53.426,-2.421171569938075,1.3560989172062892,2.725785465029421,0.012794746230052228,-0.008376796866099077,0.0004799433620128741,2137,1,0.05044105361687954,-0.029228546257725235,-0.0028232630624942666,-2.4176408623615134e-06,7.307317959531685e-06,0.004594081290382615
53.451,-2.4210415573410016,1.3559603420861217,2.725797122615067,0.01259118747654569,-0.0048464170853182425,8.562287810321354e-05,2138,1,0.05040472642214329,-0.029241216778843625,-0.002823237664494047,-2.4215986821335685e-06,7.324319783570083e-06,0.004592307352559541
53.476,-2.420542010564248,1.3558565963520233,2.725789746173326,0.013058064505831656,-0.0023098928327948335,-0.00022928065628315036,2139,1,0.0504198301674034,-0.029233019945808153,-0.002823230344611512,-2.5502408574577815e-06,7.716623565785155e-06,0.004592058989513956
53.501,-2.42038865411571,1.355844847444482,2.725785658582253,0.0010712072951601012,-0.0039041252075208144,0.0006557996902145087,2140,1,0.050403020297318565,-0.029230682065305442,-0.002823293789180186,-2.6773149616083477e-06,7.853679046165184e-06,0.0045914785525015475
53.526,-2.42048845019949,1.3556613900916472,2.7258225361578368,-0.0036232083016415582,-0.004193155844451544,0.0006932315560081412,2141,1,0.050395819082324544,-0.02925407350747992,-0.002823542518685907,-2.8731961746468475e-06,8.058086101843203e-06,0.0045891861257343096
53.551,-2.420569814530792,1.3556351896522594,2.7258203201600533,1.8745779035712575e-05,0.00015991197060750493,0.0002054210434288112,2142,1,0.05039449504398691,-0.029259573889645233,-0.002823971965626661,-3.0988763615625436e-06,8.192075421813516e-06,0.004588404304288695
53.576,-2.420487512910538,1.3556693856901776,2.725832807210008,0.006999140604265051,0.0035587254013427017,-0.0008130759589786614,2143,1,0.05040739945465676,-0.02925275194036376,-0.002824301938316655,-3.1760483399014657e-06,8.553419854776323e-06,0.004587576565604424
53.601,-2.420219857500579,1.3558131259223265,2.7257796663621043,0.002997357164487184,0.0005075716542846398,-0.000887701098779609,2144,1,0.05043217031724377,-0.029229450946517393,-0.002824597754550847,-3.1765035852632745e-06,8.96413134660914e-06,0.004589565367114497
53.626,-2.4203376450523137,1.3556947642728918,2.7257884221550692,-0.001362139198759377,0.00042781511244701324,-0.00018681021153986249,2145,1,0.05042622733085363,-0.029248610033959326,-0.0028249280912744004,-3.1749068366985787e-06,9.01888196824996e-06,0.004588238935474977
53.651,-2.420287964460517,1.3558345166779489,2.7257703258515273,0.003990775386961347,0.004303963487259554,-0.0007302061909352719,2146,1,0.050426805776168586,-0.02923533149475731,-0.002825363245922056,-3.2612842150708594e-06,9.024109675210523e-06,0.00458770929570085
53.676,-2.4201381062829657,1.3559099624472548,2.7257519118455225,1.672367803351544e-05,0.0028413220753621907,-0.000618625842143707,2147,1,0.05044029416055472,-0.02922563213155887,-0.002825768141091383,-3.2025759452525026e-06,9.064312667638754e-06,0.004587739240783404
53.701,-2.420287128276615,1.355976582781717,2.72573939455942,-0.002024617487901396,-0.008510810241660267,0.000651810222231967,2148,1,0.050421991562772724,-0.02922970986824568,-0.002826098474166039,-2.8600180552182513e-06,9.10752299727623e-06,0.004586627839489657
53.726,-2.4202393371573607,1.3554844219351718,2.725784502356634,-0.0022709200155281066,-0.008154476115516581,0.0012422994672878925,2149,1,0.050450610929377145,-0.029275482449908866,-0.002826412909328485,-2.343753040029625e-06,9.397523119745294e-06,0.0045835140749082475
53.751,-2.4204006742773916,1.3555688589759411,2.7258015095327846,-0.005103672390882172,0.0008944945538846076,0.0016572181698480655,2150,1,0.05042849584819191,-0.029271965677803394,-0.0028268703196658368,-2.4374720501372596e-06,9.479850253819423e-06,0.004582087117850423
53.776,-2.420494520776905,1.355529146662866,2.7258673632651265,-0.0030410922261301003,-0.002205645406698576,0.01753547085687607,2151,1,0.050420783152423425,-0.02927675195279638,-0.002827526137648327,-2.5702048996443215e-06,9.637477353087486e-06,0.004581761300293198
53.801,-2.420552728888698,1.3554585767056062,2.7266782830756284,0.0032344254934015444,-0.007511507925986188,0.06826300641226302,2152,1,0.0504094234297082,-0.029277180687044064,-0.002828620025538059,-2.6394709275168586e-06,9.654051587794638e-06,0.0045816937086490045
53.826,-2.420332799502235,1.3551535712665668,2.7292805135857394,0.014180939787423437,-0.02385362364411805,0.1585636807036829,2153,1,0.05041108414756673,-0.029272852807371443,-0.0028300773835376876,-2.7288647035513733e-06,9.548418385925843e-06,0.004582280260199469
53.851,-2.419843681899327,1.3542658955234004,2.734606467110812,0.03485648295053799,-0.05700329862844957,0.2825323557253228,2154,1,0.050408919839904545,-0.029279056982757973,-0.002831806165912134,-2.9065053578810903e-06,9.352017434852393e-06,0.004582011097510683
53.876,-2.418589975354708,1.3523034063351445,2.7434071313720048,0.06504779619452505,-0.1010713538256927,0.43481206680188245,2155,1,0.05043386885453808,-0.029294679128198702,-0.002833535128274096,-2.939039045643105e-06,9.506743184717126e-06,0.004582064282188388
53.901,-2.4165912920896004,1.3492123278321153,2.756347070450908,0.10530972797656792,-0.16270114219234466,0.6112440488334426,2156,1,0.05043337525742195,-0.029294785576051932,-0.0028351676156272627,-3.1016932771946515e-06,9.24547573490232e-06,0.004582524041084308
53.926,-2.413324488955879,1.3441683492255265,2.7739693338136795,0.15698724591732832,-0.23739809928018846,0.8071755947583196,2157,1,0.05045469618020123,-0.029307258470562186,-0.002836632040286295,-3.0868927867427784e-06,9.281628620346203e-06,0.004582989043092037
53.951,-2.4087419297937345,1.3373424228681066,2.796705850188822,0.21668944163057435,-0.3219763784844659,1.0177845661411091,2158,1,0.05045968363832399,-0.029293348239476363,-0.0028379105388459825,-3.249204004127768e-06,9.293948319167545e-06,0.0045841391518616145
53.976,-2.402490016874351,1.3280695303013041,2.824858562120732,0.27749410972317334,-0.4104963688473673,1.2385713219253962,2159,1,0.05048703837941739,-0.029285676050549353,-0.002838968641540372,-3.4615721419366665e-06,9.228912606048239e-06,0.004585986421605183
54.001,-2.3948672243075766,1.3168176044257394,2.858634416285088,0.33460984061490595,-0.49742231419978666,1.4664823112762797,2160,1,0.050484146399777864,-0.02925295058883285,-0.002839715169987869,-3.7074753675281303e-06,9.113827656312484e-06,0.004590319275213989
54.026,-2.3857595248436043,1.3031984145913127,2.8981826776845523,0.3932432520797866,-0.5946886309763125,1.699120713055648,2161,1,0.050489380568538876,-0.029233120717291387,-0.0028401733644642605,-3.907477746440305e-06,8.948858702988722e-06,0.004595210806878169
54.051,-2.3752050617035856,1.2870831728769212,2.9435904519378777,0.4437601804509569,-0.6801475064498761,1.9307764306555106,2162,1,0.050508145553821264,-0.02924160794331421,-0.0028404657576494717,-3.962505324132513e-06,8.901748718053054e-06,0.004597774248530986
54.076,-2.3635715158210577,1.2691910392688208,2.9947214992173223,0.4888596491621045,-0.7693332429616222,2.1590874894862893,2163,1,0.050478880750289855,-0.02922632848617402,-0.002840693424204714,-4.124418741308632e-06,8.72714206286289e-06,0.004603751159876703
54.101,-2.3507620792454818,1.2486165107288423,3.051544826412186,0.5462125543507534,-0.8512483374784625,2.3815366718397457,2164,1,0.05045763981997699,-0.029271773035333862,-0.0028408663609422987,-3.8894461320741734e-06,8.684705497114567e-06,0.004607409133817813
54.126,-2.3362608881035216,1.2266286223949001,3.113798332809303,0.6081063751435704,-0.9257791278703441,2.594437231987455,2165,1,0.05045658451211261,-0.02924097761471181,-0.002840927037439673,-4.276888040159472e-06,8.79468581716645e-06,0.004612788235239618
54.151,-2.3203567604883006,1.2023275543353211,-3.101918619168017,0.6527736832108898,-1.0133228340022062,2.7951722674877924,2166,1,0.05047861454034973,-0.029240152809846345,-0.0028409563823124265,-4.457941807636619e-06,9.05777296579665e-06,0.004617159435941912
54.176,-2.3036222039429743,1.1759624806947855,-3.029628360995882,0.6998599124006819,-1.0908761239756213,2.9815646718908715,2167,1,0.05045729616638078,-0.029261185556478563,-0.002840986520052228,-4.390046909424378e-06,8.970337238879504e-06,0.004624346432170636
54.201,-2.2853637648682685,1.1477837481365432,-2.9528403855734817,0.7452550473174726,-1.1661405700848613,3.152707535338541,2168,1,0.050468366719733454,-0.029264543879941807,-0.0028410554578842478,-4.544671238927503e-06,8.979307603833733e-06,0.004631069043166066
54.226,-2.266359451577103,1.1176554521905457,-2.8719929842289638,0.7900805443199849,-1.2385534443355921,3.306457757624878,2169,1,0.05043270020698816,-0.02928428279224744,-0.0028411771076139788,-4.378061396718344e-06,8.668387626862546e-06,0.004638115407493295
54.251,-2.2458597376522715,1.085856075919767,-2.787517497692247,0.8427253921098635,-1.3038638740965423,3.4410563383163235,2170,1,0.05043556447059801,-0.029282887946416997,-0.0028413980195757735,-4.368115204642167e-06,8.475887604748013e-06,0.004645254946309548
54.276,-2.224223181971606,1.052462258485713,-2.699940167313133,0.8897510709526332,-1.3752917057874008,3.5542380955664745,2171,1,0.05043791358198912,-0.02926519300050426,-0.0028418077654774315,-4.447469134262721e-06,8.191020088588672e-06,0.0046531548921338066
54.301,-2.201372184104636,1.0170914906303912,-2.6098055929139083,0.9347645378599266,-1.4479257671722803,3.6451718513698714,2172,1,0.0504529306984295,-0.029274385560105885,-0.002842476590006175,-4.3685291106995e-06,8.030833726114628e-06,0.004660992080741838
54.326,-2.1774849550786124,0.9800659701271032,-2.5176815747446497,0.9712515260255491,-1.5106161196389871,3.7138106969463958,2173,1,0.05046093050358606,-0.029280457018875418,-0.002843312153211128,-4.399312881691861e-06,7.851454024463287e-06,0.004669963211757242
54.351,-2.1528096078033614,0.9415606846484461,-2.424115058066599,1.0102007071842898,-1.566199806225628,3.758898992997928,2174,1,0.05044206964641478,-0.029268246580669524,-0.0028443014670504014,-4.521490757885182e-06,7.76290251968234e-06,0.004678999207161461
54.376,-2.126974919719401,0.9017559798158262,-2.329736625094764,1.0464780668946,-1.6174082494355166,3.7804655126785187,2175,1,0.05044773630716073,-0.029235886161532575,-0.0028454557595123135,-4.913139987845915e-06,7.633023845455153e-06,0.004688525859665918
54.401,-2.100485704458627,0.8606902721766634,-2.235091782432657,1.0856645823288387,-1.6705318082731655,3.777896732868722,2176,1,0.05044575547576475,-0.029227436502010394,-0.0028468775324029904,-5.028049804913453e-06,7.6445493428178e-06,0.004696812137527633
54.426,-2.072691690602954,0.8182293894021608,-2.140841788451312,1.1335338339213608,-1.7274258642755584,3.750946986621546,2177,1,0.05047937469472121,-0.029230718653899486,-0.0028484502688529037,-5.14021555652577e-06,7.837617277300234e-06,0.004705684189227677
54.451,-2.043809012762562,0.7743189789628904,-2.0475444331015904,1.1459590240673585,-1.7671476109289013,3.699884640786581,2178,1,0.050518193333811204,-0.029237524012274023,-0.0028499545415504508,-5.257845856451155e-06,7.897945939320232e-06,0.004714107242512474
54.476,-2.0153937393995895,0.7298720088557208,-1.9558475564119933,1.1312351369652052,-1.7612675613339681,3.6259147693887357,2179,1,0.05048422169858695,-0.029196722203797338,-0.0028513152647155087,-5.3830995957649915e-06,7.420708927678912e-06,0.0047254673115497536
54.501,-1.987247255914305,0.686255600896197,-1.8662486946321637,1.0990298347151835,-1.6950835512984173,3.5299457269141685,2180,1,0.05047741403600571,-0.029202979979315948,-0.0028524749152566845,-5.22339859366808e-06,7.338990208463798e-06,0.004734260374451924
54.526,-1.9604422476638257,0.6451178312907927,-1.77935027006627,1.0400838437063744,-1.6045883070220022,3.4110547200485652,2181,1,0.05049053264976244,-0.029219963170806277,-0.0028534304967243983,-5.231390691322568e-06,7.323272999226004e-06,0.004743408467410733
54.551,-1.935243063728982,0.60602618554509,-1.6956959586297207,0.9836678128002312,-1.515382592338414,3.2726815747878653,2182,1,0.05048760561821181,-0.029190912713475903,-0.002854111739915312,-5.237354681008494e-06,7.049788212182128e-06,0.004753916610866288
54.576,-1.911258857023817,0.5693487016738763,-1.6157161913268858,0.9240058037844704,-1.4017399870294154,3.1158601635951384,2183,1,0.05050694356599852,-0.029188641703762074,-0.0028546103081387624,-5.238988102268539e-06,7.148239890336131e-06,0.00476270991914646
54.601,-1.889042773539761,0.5359391861936232,-1.5399029504499726,0.8328615520422684,-1.27121003155925,2.9411546868942366,2184,1,0.05053508165181343,-0.029228853105167513,-0.0028550770224221125,-5.059832414744687e-06,7.293348196365249e-06,0.0047701990101554105
54.626,-1.8696157794217059,0.5057882000959174,-1.4686584569821821,0.7415962019081712,-1.1368648260319998,2.75043136103554,2185,1,0.05052346988187354,-0.029205964700494,-0.002855573222133651,-5.107932793313761e-06,7.173374874973268e-06,0.004777953110907931
54.651,-1.8519629634443493,0.4790959448920184,-1.4023813823981839,0.6646691542587535,-1.0095484605134435,2.5463789506467243,2186,1,0.05054201436170592,-0.02920534404134798,-0.0028561500310075464,-5.097591172307373e-06,7.261369493302563e-06,0.004786128995728972
54.676,-1.8363823217087654,0.4553107770702409,-1.341339509449835,0.5822747101935974,-0.8985273914871628,2.332161486302082,2187,1,0.05054960401381773,-0.02919102324673777,-0.0028568610075128584,-5.286006183156486e-06,7.1887770180644185e-06,0.0047934870209091155
54.701,-1.822849227934671,0.4341695753176628,-1.2857733080830862,0.5086636529072508,-0.7922795394844124,2.1091601101834057,2188,1,0.05054133305011556,-0.029155655508487543,-0.002857786843808121,-5.406782731613148e-06,7.117541805089059e-06,0.004797601764958065
54.726,-1.8109491390634043,0.41569680009602256,-1.2358815039406705,0.44139357676399826,-0.688076691364994,1.8796185416100022,2189,1,0.05054047138670619,-0.02913445252406377,-0.0028588443596712755,-5.35475234028693e-06,7.270680227198583e-06,0.004802474687967975
54.751,-1.8007795490964724,0.39976574074941507,-1.1917923810025914,0.3791103308054421,-0.5909607896542697,1.6473849509504228,2190,1,0.05054129203980584,-0.029108669413752297,-0.0028599084923423596,-5.31134775887768e-06,7.3971934433136895e-06,0.004807444744831837
54.776,-1.7919936225231305,0.38614876061330655,-1.1535122563931421,0.3201405788422067,-0.49295315603234097,1.416118970031203,2191,1,0.050527772659971645,-0.029117981954717834,-0.0028608136628587503,-4.904643072700684e-06,7.386738946465934e-06,0.004812270053547224
54.801,-1.7847725201543607,0.3751180829477959,-1.120986432501025,0.2606850800824893,-0.39166404393799376,1.1885319175225604,2192,1,0.05052086796402022,-0.02913587988199494,-0.0028615824703932882,-4.737829607739123e-06,7.5360819194165554e-06,0.004816416149713247
54.826,-1.7789593685190068,0.366565558416408,-1.0940856605170173,0.18911677270997815,-0.3014473655819488,0.9703103876287519,2193,1,0.05051510435638007,-0.029170483637600508,-0.0028619993014265,-4.370446424357733e-06,7.705362447168498e-06,0.004821969030401239
54.851,-1.7753166815188623,0.36004571466869933,-1.07247091311959,0.12368734778191819,-0.20917019410621374,0.7629161252661899,2194,1,0.05049052542794981,-0.029121908916444707,-0.0028622102732060576,-4.358841773946589e-06,7.492948363466643e-06,0.004820990828915162
54.876,-1.7727750011299113,0.3561070487110979,-1.05593985425371,0.073933301720193,-0.11073219297125514,0.5696682611847639,2195,1,0.050485813168609235,-0.029127632389143822,-0.0028621532378175197,-4.034469412720386e-06,7.664824698496911e-06,0.004823340613078741
54.901,-1.7716200164328524,0.3545091050201361,-1.0439875000603496,0.017977502991016324,-0.02657906240549508,0.39817665795599466,2196,1,0.05047707538467591,-0.02914569780039196,-0.0028618328034116366,-3.5615675764750568e-06,7.811143418319113e-06,0.004825583612888191
54.926,-1.7718761259803604,0.354778095590823,-1.0360310213559083,-0.030376435429319622,0.04297325484588188,0.25185119332979167,2197,1,0.050468735711912946,-0.029139529647403527,-0.002861479969143823,-3.318947338246434e-06,7.911148448974919e-06,0.004826845968164922
54.951,-1.7731388382043183,0.3566577677624301,-1.0313949403938607,-0.06713265611026857,0.10510699047392812,0.13475911187012513,2198,1,0.05046033739594733,-0.029137081118170725,-0.002861040127279989,-3.206151146996064e-06,7.757794170700902e-06,0.004827745925643585
54.976,-1.7752327587858736,0.3600334451145191,-1.0292930657624024,-0.09444226325020381,0.1524732425919726,0.052643811142181966,2199,1,0.050473683045440754,-0.02914305157450841,-0.0028605600906189523,-3.13310912623286e-06,7.653775297858197e-06,0.004829359601968125
55.001,-1.7778609513668282,0.3642814298920283,-1.0287627498367518,-0.11296991377534407,0.17656708403321614,0.010748197205375981,2200,1,0.050485785022416955,-0.029151064487330628,-0.002860160265677054,-3.278671962195955e-06,7.526471347220511e-06,0.004830551465508883
55.026,-1.7808812544746413,0.3688617993161807,-1.0287556559021338,-0.12119183533582621,0.1907571088278241,-0.00018885335479444431,2201,1,0.050464116825755884,-0.029145685216634062,-0.0028597125774273043,-3.292199142585316e-06,7.181935259604227e-06,0.00483027600840763
55.051,-1.78392054313362,0.3738192853334203,-1.0287721925044915,-0.11087605668371045,0.19221825663564324,-0.001207965073444297,2202,1,0.05045286645068121,-0.0291606090915751,-0.002859257062743167,-3.3186765140229e-06,6.9636469856111175e-06,0.004830550513004643
55.076,-1.7864250573088265,0.3784727121479623,-1.0288160541558062,-0.0994704407256609,0.1726236061842355,-0.00126898675933525,2203,1,0.050436524833640195,-0.02920432606655031,-0.0028587358975364478,-3.1804817672141413e-06,6.806648592624772e-06,0.004831599672096571
55.101,-1.7888940651699028,0.3824504656426316,-1.0288356418424585,-0.08712281091571457,0.14670006459371498,-0.0009048554915481136,2204,1,0.0504354025628293,-0.029202625869087586,-0.002858063292345038,-3.182252961297118e-06,6.751227671271127e-06,0.0048316734948536675
55.126,-1.790781197854612,0.38580771537764763,-1.0288612969303834,-0.06625899444540163,0.11051035629718821,-0.0005406899050263797,2205,1,0.0504403151083161,-0.029218264227509776,-0.002857233019609531,-3.209525230646451e-06,6.77085311005223e-06,0.004832413679397326
55.151,-1.7922070148921732,0.38797598345749146,-1.02886267633771,-0.04466552155488809,0.07883926496969446,-0.00038499281627576477,2206,1,0.05041008237382815,-0.02920568728589989,-0.0028563065092589426,-3.3525089654362096e-06,6.907912496527689e-06,0.004831803536566134
55.176,-1.7930144739323566,0.3897496786261327,-1.0288805465711972,-0.03335720409477017,0.056907173828922755,-0.0005417865294888055,2207,1,0.050401360090291655,-0.029229069913849607,-0.00285537490817068,-3.540223449189316e-06,7.29361271455981e-06,0.004832050420732171
55.201,-1.7938748750969116,0.39082134214893743,-1.0288897656641847,-0.03614659992439356,0.038434108608674765,-0.0002767157181615844,2208,1,0.05039852149602197,-0.029204223649302676,-0.0028542919669610587,-3.955962952769571e-06,7.5980602188954075e-06,0.004831282048747925
55.226,-1.7948218039285762,0.3916713840565663,-1.0288943823571053,-0.029083637861392887,0.03024096753520505,-0.0010545243868876385,2209,1,0.050427192000106764,-0.029163797273680563,-0.0028532240458243696,-4.391229776554966e-06,8.054960784900623e-06,0.004831201018259747
55.251,-1.7953290569899811,0.3923333905256976,-1.0289424918835293,-0.013521157876285007,0.01863277064860621,-0.0014147237132887585,2210,1,0.0504483715204523,-0.02916087635773349,-0.002852118153039966,-4.518789656393405e-06,8.391613057256125e-06,0.004832740800208755
55.276,-1.7954978618223905,0.3926030225889967,-1.0289651185427697,-0.013995443128104107,0.007169206623431289,-0.0011614835773431484,2211,1,0.05043992345391807,-0.029169577255978584,-0.0028510200069408412,-4.398338855634425e-06,8.705033540673716e-06,0.004832696884578525
55.301,-1.7960288291463864,0.3926918508568692,-1.0290005660623964,-0.014976974112813365,0.004615250227594498,-0.000836501857310926,2212,1,0.050446929427260506,-0.029133893706852106,-0.002850184467126532,-4.513936141594633e-06,9.064793191493879e-06,0.004833290547553656
55.326,-1.796246710528031,0.3928337851003764,-1.029006943635635,-0.0035388964143836313,0.005000284596411726,-0.0002568154202009655,2213,1,0.05044526971894807,-0.029136738508653753,-0.00284975532674525,-4.409567300032188e-06,9.484030662223467e-06,0.004832368398268539
55.351,-1.7962057739671056,0.39294186508668977,-1.0290134068334063,-0.006230967784062534,0.007351469160921527,-0.00043912169426010557,2214,1,0.0504294750549503,-0.02916079775566918,-0.002849730698091223,-4.372936727896523e-06,9.896711994730599e-06,0.004831738809502208
55.376,-1.7965582589172342,0.3932013585584225,-1.0290288997203483,-0.017298665627876932,0.011143633188737283,-0.0009142433234465061,2215,1,0.050448252286343837,-0.029153373422504403,-0.0028498368282978037,-4.497679820403912e-06,1.0517926656366684e-05,0.004831652303756697
55.401,-1.7970707072484995,0.3934990467461267,-1.0290591189995784,-0.010917349406612998,0.006006874149518436,-0.0003933822261092621,2216,1,0.050476803379142544,-0.029133799416219967,-0.002849968616064395,-4.669664912982063e-06,1.1083382437494071e-05,0.004832099799475252
55.426,-1.797104126387565,0.3935017022658984,-1.0290485688316537,-0.005851950158324626,0.0027928326865357877,-3.628590627080747e-05,2217,1,0.05045582363063967,-0.029144210158341913,-0.002850162761301026,-4.706837546137385e-06,1.127889883533996e-05,0.004830985782132993
55.451,-1.7973633047564157,0.39363868838045346,-1.029060933294892,-0.007401136582326083,0.008066121177760413,-0.0006324441268557384,2218,1,0.050461717812694165,-0.029139304920267957,-0.002850659267442468,-4.615031692406812e-06,1.1498380899708605e-05,0.0048307846166963046
55.476,-1.7974741832166812,0.3939050083247864,-1.0290801910379965,-0.0065501536503690784,0.003584183265196365,-0.00014571526372187668,2219,1,0.050472575227688804,-0.029155648687141628,-0.002851336374127552,-4.262039741676788e-06,1.1512898184293858e-05,0.004831557676520602
55.501,-1.7976908124389341,0.39381789754371327,-1.029068219058078,-0.005355941209916435,-0.0010675585908836082,-0.00014116106044069672,2220,1,0.05046143176522184,-0.02913992794780904,-0.00285217575192154,-4.0141227924804565e-06,1.1549760022816545e-05,0.004830097476384084
55.526,-1.797741980277177,0.39385163039524224,-1.0290872490910183,-0.002285934190351196,0.0025464154433838585,-0.00035719697441646554,2221,1,0.05045591367430695,-0.029148199591351176,-0.002853107311839744,-3.8865714234712675e-06,1.1613329447164826e-05,0.004829424513564832
55.551,-1.7978051091484517,0.3939452183158825,-1.0290860789067988,-0.006052979431383843,0.004930314788531845,-0.0004060956729379459,2222,1,0.05045864879659953,-0.029156944189521656,-0.0028539499917241886,-4.0282229930773135e-06,1.1614740521354463e-05,0.004829489700831341
55.576,-1.7980446292487462,0.3940981461346688,-1.0291075538746652,-0.0029529887436876025,0.002698758563192281,-0.0008061280840721455,2223,1,0.05047608242466268,-0.029150919898836385,-0.002854649400415508,-4.30912046364326e-06,1.1651045584264977e-05,0.004829883274177907
55.601,-1.797952758585636,0.3940801562440421,-1.0291263853110026,0.0028178256687773563,-0.0018051807806153035,-0.0006241504068871605,2224,1,0.0504629431489093,-0.029166516510452527,-0.0028552705615082735,-4.365617739290422e-06,1.1615814001465743e-05,0.004829558431672117
55.626,-1.7979037379653073,0.39400788709563805,-1.0291387613950096,0.004333820255801498,-0.0032343469954895804,-0.0004138080708493066,2225,1,0.0504502306638649,-0.02917244167332479,-0.0028560230950106123,-4.5562013535312614e-06,1.1661295019372287e-05,0.004828943671634177
55.651,-1.797736067572846,0.3939184388942676,-1.0291470757145451,0.0019207642692984945,-0.005991942973834807,-0.00016965813884438293,2226,1,0.05043280923805719,-0.02918709523242483,-0.002856815216109571,-4.741572454133802e-06,1.173046516144657e-05,0.004828069327415842
55.676,-1.7978076997518424,0.3937082899469463,-1.0291472443019516,-0.001536842336800158,-0.007462047000930541,0.00017402182018956148,2227,1,0.0504201463553408,-0.02917079577808192,-0.0028576102092934047,-4.944400353514193e-06,1.1556238184099762e-05,0.004826771049052189
55.701,-1.797812909689686,0.3935453365442211,-1.0291383746235354,-0.0021445899174478253,-0.005190329030391478,0.00040472665785886786,2228,1,0.05040998715769382,-0.029166159447722745,-0.0028582212118817216,-5.1724566791425405e-06,1.1309730028894576e-05,0.004825142054721847
55.726,-1.7979149292477148,0.39344877349542673,-1.0291270079690586,-0.00582566251812666,0.0003724293104390365,6.0351884592083725e-05,2229,1,0.05041127638797718,-0.029157524108836815,-0.002858748471072714,-5.519994404921422e-06,1.1209401593325467e-05,0.004823898355660451
55.751,-1.7981041928155923,0.39356395800974303,-1.029135357029306,0.0006777692520198419,-0.0038751935670097186,0.0007410857269895466,2230,1,0.05043326404271642,-0.029153921820661476,-0.0028592977544814806,-5.750499509940867e-06,1.1108424852542615e-05,0.004823664371936457
55.776,-1.7978810407851138,0.3932550138170762,-1.0290899536827092,0.006405874679264465,-0.003893978872315463,0.007056672114770743,2231,1,0.050398378819182264,-0.029165523373121803,-0.002860034999347523,-5.775261672316658e-06,1.0738524195096665e-05,0.004821777203045361
55.801,-1.797783899081629,0.39336925906612724,-1.0287825234235675,0.009152919289637206,0.0075399066784702495,0.02502313984948188,2232,1,0.05041037910596007,-0.029181396162507638,-0.0028609630270306943,-5.628643280295387e-06,1.0498148995744779e-05,0.00482115047091609
55.826,-1.797423394820632,0.3936320091509997,-1.0278387966902354,0.030986905915170823,0.006147619425301082,0.05668268132488985,2233,1,0.05042934675453622,-0.029203747859742488,-0.0028619906562890474,-5.435288269106819e-06,1.0301637121785846e-05,0.004821707588632879
55.851,-1.7962345537858706,0.3936766400373923,-1.0259483893573234,0.061505719105804546,0.0059620233560368,0.09965165835016732,2234,1,0.05041145576049284,-0.029232804715234994,-0.0028629796803297295,-5.149275081666516e-06,1.0051705848779446e-05,0.004820900517864902
55.876,-1.794348108865342,0.39393011031880154,-1.0228562137727273,0.10296037980144677,0.012960228356517783,0.15197534420052375,2235,1,0.05041877579105196,-0.02924040855615844,-0.0028637031125124403,-4.900456797742231e-06,9.921608193956805e-06,0.004820754471001572
55.901,-1.7910865347957978,0.3943246514552182,-1.0183496221472965,0.17449039498230356,0.016387067498053454,0.212896100471411,2236,1,0.05043324308372623,-0.029235907345499766,-0.0028642914576642044,-4.739476816990106e-06,9.739673462711267e-06,0.0048213439584501635
55.926,-1.785623589116226,0.3947494636937043,-1.0122114087491556,0.26840302792591614,0.023925746754901694,0.28071495020628484,2237,1,0.0504298292301593,-0.029234123353734535,-0.002864726704909416,-4.661720668817628e-06,9.385436572773225e-06,0.004820987573203258
55.951,-1.7776663833995028,0.39552093879296324,-1.004313874636983,0.3710984178545196,0.03216501045833669,0.3538147709777407,2238,1,0.05043782289361493,-0.029243076043428753,-0.002865027587990375,-4.498853986158001e-06,9.087408543567001e-06,0.00482136662345177
55.976,-1.767068668223501,0.396357714216621,-0.9945206702002697,0.4758860761028009,0.03720354734094589,0.43124629151420246,2239,1,0.05043433376466749,-0.029240794810290936,-0.002865374906751082,-4.524570036492718e-06,8.88796577709359e-06,0.004821941494769897
56.001,-1.753872079594364,0.39738111616001043,-0.9827515600612742,0.5851008159701,0.04417574061168895,0.5117132149402622,2240,1,0.05043426966675132,-0.029229033110581837,-0.002865755302792492,-4.517580425008219e-06,8.748028739937249e-06,0.004822865997343377
56.026,-1.7378136274249936,0.39856650124720566,-0.9689350094532543,0.6928508952186072,0.05148566412051419,0.594038389087788,2241,1,0.05042234031543523,-0.029232484774125655,-0.002866185558770155,-4.546145665817324e-06,8.631904323269298e-06,0.004823717399088636
56.051,-1.7192295348334308,0.39995539936603636,-0.953049640606882,0.7897664506662587,0.05820443624369951,0.6773390835500178,2242,1,0.050417284976534735,-0.029226875409210384,-0.002866634746354531,-4.8081511025831295e-06,8.473087040433112e-06,0.004825329724680019
56.076,-1.6983253048916829,0.4014767230593905,-0.9350680552757553,0.8924829874629544,0.06396010868395505,0.7600911067965909,2243,1,0.05042003440161622,-0.029197402015685225,-0.0028672386563394475,-5.021273264781452e-06,8.447060394159599e-06,0.004826372603191498
56.101,-1.6746053854602856,0.4031534048002339,-0.9150450852670545,0.9951253164848051,0.0663777053579333,0.8416110964888047,2244,1,0.050404157232873434,-0.029199480838456412,-0.0028679384407135893,-4.914158556712841e-06,8.386145016153119e-06,0.004828790201657246
56.126,-1.6485690390674455,0.40479560832728695,-0.8929875004513176,1.0904666560034262,0.08042336231999106,0.9220250229155016,2245,1,0.050379308486496056,-0.029178292311593836,-0.0028686264838214113,-4.977745419011239e-06,8.273402728508426e-06,0.004830711948262018
56.151,-1.6200820526601096,0.4071745729162338,-0.8689438341212754,1.1913766934260257,0.09526359694730889,0.9993684625779267,2246,1,0.050396862275382606,-0.029199612451136014,-0.002868961630853413,-4.781985227419917e-06,8.417275289399216e-06,0.004830379350862888
56.176,-1.589000204396139,0.4095587881746528,-0.8430190773224169,1.28269024964424,0.09686459427023615,1.072087159249174,2247,1,0.05038325345451854,-0.029231791978412136,-0.002869046659277368,-4.565961803813089e-06,8.266692427796805e-06,0.004831822465407314
56.201,-1.5559475401779013,0.41201780262974536,-0.8153394761588196,1.3593808370309697,0.10179363270887666,1.1404044328126455,2248,1,0.05037834330780636,-0.02922729657150534,-0.002868811642076332,-4.540152072263581e-06,8.176781689755692e-06,0.004833330580331775
56.226,-1.5210311625445945,0.41464846981009634,-0.7859988556817877,1.4368653833285245,0.10982823309566084,1.2039189044987681,2249,1,0.050392263611758734,-0.029194043067604158,-0.0028684229457043736,-4.79665670227335e-06,8.308020834524868e-06,0.004835217011022307
56.251,-1.4841042710114791,0.4175092142845281,-0.7551435309338848,1.5241586147917452,0.116906230849837,1.2616070974339868,2250,1,0.05041729804624411,-0.029158494805956624,-0.002868025820362547,-4.889836000974265e-06,8.382838714101109e-06,0.004837450594506603
56.276,-1.4448232318050007,0.4204937813525887,-0.7229185008100828,1.6121922727088036,0.12631276619108045,1.3132013016764468,2251,1,0.05042154400231414,-0.029147952943261866,-0.0028677321078235643,-4.771589516710959e-06,8.341375194431318e-06,0.004839793634999153
56.301,-1.403494657376032,0.42382485259408265,-0.6894834658500567,1.6961542169154007,0.13679526053354318,1.3582519215282636,2252,1,0.05043844258444672,-0.029151508290895717,-0.002867436306127385,-4.670033159316047e-06,8.28011449095196e-06,0.004842505980760677
56.326,-1.3600155209592355,0.42733354437926546,-0.6550059047336734,1.7851985876280845,0.14044072961032183,1.396275671833224,2253,1,0.050444792903032325,-0.029169091465502114,-0.002867097257595625,-4.570627457325071e-06,8.003917917935302e-06,0.0048456274515231695
56.351,-1.314234727994633,0.43084688907459834,-0.6196696822583995,1.864356446451571,0.14663188223549561,1.427215543267365,2254,1,0.050416365749582866,-0.02920155305222364,-0.0028669163624793557,-4.506267341038303e-06,7.58391834310999e-06,0.004848644170713082
56.376,-1.2667976986366623,0.4346651384910398,-0.5836451275703091,1.9373556706629005,0.15479776452052463,1.4508599134558604,2255,1,0.050417538552826734,-0.02922109046129027,-0.002866581661443415,-4.343759497085442e-06,7.343768255796351e-06,0.004851995562018139
56.401,-1.2173669444614796,0.43858677730062523,-0.5471266865856002,2.0070905872370726,0.1639673684088443,1.4669657687277653,2256,1,0.05040468479959189,-0.02924557793729533,-0.0028662520715496426,-4.146727978626099e-06,7.119276904565642e-06,0.0048544708631062215
56.426,-1.1664431692748,0.44286350691148274,-0.5102968391339147,2.073601356244741,0.17019199853155334,1.4745893490856192,2257,1,0.05042704158180772,-0.02926093905053443,-0.0028658002368227133,-3.786945555595621e-06,7.0893382474789315e-06,0.004856928936128154
56.451,-1.1136868766492485,0.4470963772272024,-0.4733972191313232,2.14125898242641,0.16831852420573237,1.4739125436480587,2258,1,0.05042833205825002,-0.029265927434530152,-0.002865209505490235,-3.77727582635172e-06,6.994738205321289e-06,0.00486090200991592
56.476,-1.0593802201534857,0.4512794331217689,-0.436601211951516,2.194386214688118,0.1702204664748205,1.4661586828246997,2259,1,0.05041614502027186,-0.029258601232068807,-0.002864507267816808,-3.71353042644234e-06,6.906541819298342e-06,0.004864572836214398
56.501,-1.0039675659148488,0.45560740055094295,-0.40008928499009255,2.206552922597223,0.17347267615148895,1.4502159382031727,2260,1,0.05040342557485399,-0.029262560758129726,-0.0028638051607439226,-3.585096741830459e-06,6.749037151466312e-06,0.004867620463101947
56.526,-0.9490525740236151,0.45995306692934407,-0.3640904150413511,2.169297896628827,0.16937736894255373,1.4261779755307762,2261,1,0.05040914300963101,-0.029259180475334625,-0.002863207775886184,-3.3995549270026526e-06,6.838523996751212e-06,0.004871435892394946
56.551,-0.8955026710833982,0.46407626899807136,-0.3287803862135479,2.108195143613143,0.15759087369393807,1.3956413467211608,2262,1,0.05040835134642025,-0.02924683751418417,-0.0028628720882912222,-3.2191436812255994e-06,7.01095182867286e-06,0.004874689668879054
56.576,-0.8436428168429639,0.4678326106140405,-0.2943083477052968,2.0576216908425695,0.15550550111429468,1.35729631564726,2263,1,0.05039527837584796,-0.02921685985005076,-0.002862704847551764,-3.2313736205581034e-06,7.010774850783051e-06,0.004875892487615917
56.601,-0.7926215865412756,0.47185154405378565,-0.26091557043118874,1.9878248787822292,0.1590085014949118,1.3113853432091318,2264,1,0.05036135479668609,-0.029249695441181545,-0.0028626526803613573,-2.9346126074314916e-06,6.946315615857935e-06,0.004878823959356115
56.626,-0.7442515729038581,0.47578303568878566,-0.22873908054484393,1.8630389847126028,0.15417791180839874,1.259440931716859,2265,1,0.05040249635127232,-0.0292414501528882,-0.0028625945335598903,-3.0497853387782644e-06,7.159593625861302e-06,0.004881802716500902
56.651,-0.6994696373056375,0.47956043964420625,-0.19794352384534028,1.714740801291899,0.13879675832469668,1.2011836317051514,2266,1,0.05044539137756432,-0.029243942214683332,-0.0028625934080544497,-3.0551694889954757e-06,7.4585089111276695e-06,0.004884722430451327
56.676,-0.6585145328392559,0.4827228736050211,-0.16867989895958127,1.5661779583847293,0.12424925789803516,1.137403436563187,2267,1,0.05046633527523943,-0.02921707214660559,-0.002862644264858997,-3.12661107657671e-06,7.642214530926671e-06,0.004887296874966618
56.701,-0.6211607393864055,0.48577290253910765,-0.14107335201718432,1.4321603194404824,0.11651973494441133,1.068761897729312,2268,1,0.05050139784825255,-0.02920382442973168,-0.0028627164533468357,-3.019900204347075e-06,7.742719259931047e-06,0.004890060199321166
56.726,-0.5869065168672358,0.4885488603522413,-0.11524180407311892,1.3149368692242762,0.10611021885196519,0.9953858611158795,2269,1,0.050526907795861914,-0.029190909847046493,-0.002862747056213998,-2.9475476439469535e-06,7.944876282859175e-06,0.004891937430626817
56.751,-0.5554138959251954,0.4910784134817056,-0.09130405896139317,1.1996463334007632,0.09987285636258095,0.9181465152679297,2270,1,0.050545947368849035,-0.02917821448334405,-0.0028627474111538216,-2.713314687549661e-06,8.035121669074708e-06,0.004893841932343041
56.776,-0.5269242001971925,0.4935425031703708,-0.06933447830971842,1.0859712327760203,0.0939737770113289,0.8384552121578355,2271,1,0.0505732913135364,-0.029182645884152807,-0.002862612363096114,-2.3820544618469918e-06,8.210877961787766e-06,0.004896709930945793
56.801,-0.5011153342863898,0.49577710233227246,-0.04938129835349776,0.9675062124309702,0.08503116435141717,0.7571854595671366,2272,1,0.050553580599828715,-0.029199920295593467,-0.00286229072911495,-2.025490131583064e-06,8.115766003296186e-06,0.004898499637322011
56.826,-0.4785488895756468,0.4977940613879414,-0.031475205331363526,0.8378354447186297,0.07322308490238488,0.6744637418412075,2273,1,0.05054353975883371,-0.02921606764890473,-0.0028619259526206867,-1.6146447944990562e-06,8.14351461784228e-06,0.004898950046508498
56.851,-0.45922356205046067,0.4994382565773915,-0.015658111261439418,0.7128509355329721,0.05914741729974308,0.5912640731797117,2274,1,0.050545136947371866,-0.029215074866389835,-0.002861709768209604,-1.321536032202288e-06,8.089480398742228e-06,0.004899120461937042
56.876,-0.4429063427990002,0.5007514322529284,-0.0019120016723796355,0.5956256451005185,0.046414610348460214,0.5096035595443748,2275,1,0.05053810450209292,-0.029207016475674263,-0.002861603283321527,-9.381582659329607e-07,8.062867759954835e-06,0.004900397228857098
56.901,-0.4294422797954322,0.5017589870948147,0.009822066715781272,0.48156421855904186,0.037271673726030505,0.4289202835741424,2276,1,0.05051271188734042,-0.02919655703731679,-0.0028616161162533624,-6.649023334768527e-07,7.877902864249358e-06,0.004898740768865577
56.926,-0.41882813187104606,0.5026150159392301,0.019534012506329215,0.3678277794857108,0.02896133684017364,0.35103143051054214,2277,1,0.05049074544654162,-0.029194940434799244,-0.0028618105244839474,-5.530474697449953e-07,7.940627891462992e-06,0.004898757825422976
56.951,-0.4110508908211477,0.5032070539368233,0.027373638241307542,0.26026013768216266,0.019343080288457538,0.2784600897838965,2278,1,0.05047509380801886,-0.02918971426729624,-0.0028622015018338566,-5.750398420662788e-07,8.092392238466838e-06,0.0048983306054895814
56.976,-0.40581512498693867,0.5035821699536529,0.03345701699552328,0.15600014384189562,0.013175169598292541,0.2108066028635256,2279,1,0.05044571066953849,-0.0291857798061337,-0.002862815570349729,-4.941226942419201e-07,7.980742698039404e-06,0.004897476176189115
57.001,-0.40325088362905337,0.5038658124167379,0.03791396838448338,0.06455825385055185,0.0064153015180851225,0.15006727533955874,2280,1,0.050456474123194685,-0.02918982381245984,-0.002863636654265186,-3.6956281161525484e-07,8.098944362911576e-06,0.004896877550054447
57.026,-0.4025872122944108,0.5039029350295572,0.040960380762501906,-0.014538462148810808,-0.00025934447728024343,0.09818507929311211,2281,1,0.0504559956347617,-0.029184515321415302,-0.002864508142470124,-4.92136542335409e-07,8.187146759062783e-06,0.0048963822903896545
57.051,-0.40397780673649397,0.5038528451928739,0.04282322234913923,-0.08666304318588218,-0.00716886854075712,0.0556986642223421,2282,1,0.05046486274084312,-0.029186197701503814,-0.0028655792914410775,-4.303460792229523e-07,8.164975834754865e-06,0.004895311409738995
57.076,-0.40692036445370466,0.5035444916025194,0.04374531397361902,-0.14254359957664586,-0.011388833284634118,0.024293221587400597,2283,1,0.05046883903497798,-0.029174245382410043,-0.002866793541315099,-5.522555986730158e-07,8.274999230679415e-06,0.004894626961510318
57.101,-0.41110498671532586,0.5032834035286422,0.044037883428509034,-0.1862423528734364,-0.012408355465754623,0.006190371299350869,2284,1,0.050462694305417555,-0.029178423404600678,-0.002868117607606921,-6.0127783205346e-07,8.342832253916986e-06,0.004894107208164594
57.126,-0.41623248209737596,0.5029240738292317,0.04405483253858634,-0.22066019561001854,-0.014668990563747457,0.01056803388609938,2285,1,0.05043627034775219,-0.029180624047463015,-0.0028694606616709454,-8.707627164790101e-07,8.258212396451844e-06,0.004893692660919561
57.151,-0.4221379964958277,0.5025499540004548,0.04456628512281384,-0.23571879013661745,-0.013841158141568652,0.05617332891819392,2286,1,0.050414772333366165,-0.02918516453346532,-0.0028707632211960863,-1.2097028269943941e-06,8.145218373353772e-06,0.004892609475974505
57.176,-0.42801842160420783,0.5022320159221532,0.046863498984496224,-0.22030855707103644,-0.0024658270958434494,0.1513996221577149,2287,1,0.05041660274909137,-0.029176445858363646,-0.0028718903614356668,-1.5112129266474905e-06,8.039686383358498e-06,0.004893104544013071
57.201,-0.4331534243493789,0.5024266626456626,0.052136266230699335,-0.1726122905767034,0.030111179845650527,0.28941684223472963,2288,1,0.05043922983404215,-0.029162456949873305,-0.002872829494890881,-1.6323832215900671e-06,8.087950017752729e-06,0.004893137447127839
57.226,-0.4366490361330425,0.5037375749144356,0.061334341096231794,-0.11887763584090837,0.08203237619576664,0.4602641862588092,2289,1,0.0504171530176302,-0.029150858179056105,-0.002873430502503013,-1.6506166206019622e-06,7.71216732262521e-06,0.004893377116744987
57.251,-0.439097306141424,0.5065282814554507,0.07514947554363849,-0.0717838233177298,0.16489277765708113,0.6544065445162214,2290,1,0.050435554219021135,-0.029123772762456104,-0.002873748107279789,-1.8430058194010398e-06,7.575070081036104e-06,0.004893677278377452
57.276,-0.4402382272989293,0.5119822137972904,0.09405466832204554,-0.01253481753340617,0.2712972972122997,0.8646467648308471,2291,1,0.05045955473726836,-0.029142226734055587,-0.002873795438881363,-1.7525506965412801e-06,7.718522498819182e-06,0.004895981608447554
57.301,-0.43972404701809437,0.5200931463160668,0.11838181378518445,0.043413850723986985,0.3745250847728623,1.0841737503145672,2292,1,0.050443602882353285,-0.029166381500581776,-0.0028735766482711526,-1.5200131919521457e-06,7.738704521896948e-06,0.004898755748451368
57.326,-0.4380675347627301,0.5307084680359324,0.14826335583777087,0.0795211040442568,0.4768875689303824,1.3059441297236272,2293,1,0.050429394422821995,-0.02917703188902575,-0.0028731567734826295,-1.2677269697972776e-06,7.676899022720053e-06,0.004901502540897118
57.351,-0.43574799181588175,0.5439375247625846,0.18367902027136193,0.10994896932014678,0.5780762238148536,1.5229586795380334,2294,1,0.05044895736901634,-0.02919064307923961,-0.0028726689192703626,-1.2608148807051463e-06,7.870497952037532e-06,0.004903963468498439
57.376,-0.43257008629672306,0.5596122792266734,0.2244112898146683,0.14586641178289095,0.6784420069457452,1.7301949837473742,2295,1,0.05046941667928037,-0.029192330041764504,-0.002872222574752767,-1.1077315732698207e-06,8.083569734054776e-06,0.004908019230523663
57.401,-0.4284546712267366,0.5778596251098748,0.2701887694587379,0.18004633649412202,0.7823289264151277,1.923334041442515,2296,1,0.050476016451960704,-0.029200862006605457,-0.0028716969120867446,-1.0705313557156769e-06,8.286993095274015e-06,0.004912346110877637
57.426,-0.4235677694720162,0.5987287255474332,0.32057799188680247,0.2182613049899331,0.8777723727873431,2.0966906060775816,2297,1,0.05048153825459467,-0.02922587772178135,-0.002870993786523741,-8.157132812881662e-07,8.443881577487572e-06,0.004916828289034018
57.451,-0.41754160597724055,0.6217482437492394,0.37502329976261095,0.2530775056688383,0.9671567428131883,2.2466691191137613,2298,1,0.050452031975993974,-0.029219521190929288,-0.0028701510290595387,-8.135093041316729e-07,8.302871430375444e-06,0.0049239996558369005
57.476,-0.410913894188575,0.6470865626880898,0.432911447842484,0.28121943375451086,1.062395267461445,2.372081683987119,2299,1,0.05044041863945701,-0.029215206407550973,-0.002869210292432989,-7.531692950827139e-07,8.299638520697055e-06,0.004932010276365959
57.501,-0.4034806342895158,0.6748680071223087,0.4936273839619604,0.3131229479514052,1.1540389321962945,2.469346936840105,2300,1,0.05041856340985197,-0.029227216883022242,-0.002868224724863463,-5.736232489162769e-07,8.259748274997537e-06,0.004938150451698019
57.526,-0.3952577467910034,0.7047885092979095,0.5563787946844999,0.33372430517117174,1.238265256508445,2.5364703266536694,2301,1,0.050390834005318255,-0.02922665042164835,-0.0028672675741527993,-3.8507257856228014e-07,8.210270531904347e-06,0.004944828299448982
57.551,-0.3867944190309558,0.7367812699477362,0.6204509002946546,0.3553207508788805,1.3220328147920952,2.572050800899119,2302,1,0.05040676610301721,-0.02922603359496489,-0.0028663115726163756,-1.9307438459530438e-07,8.357519040029196e-06,0.004949746959859259
57.576,-0.3774917092470604,0.7708901500375105,0.6849813347294484,0.3837509096222132,1.3948454206536003,2.57429802639241,2303,1,0.05040060311074809,-0.02921920971133182,-0.0028655890679134682,-2.876598478751066e-07,8.463053240429104e-06,0.004955345526917063
57.601,-0.3676068735498462,0.8065235409804122,0.7491658016142679,0.3979994045833284,1.4488622791060892,2.544427869535249,2304,1,0.050393903725306576,-0.029194218644060067,-0.0028651958293808275,-4.533301434301679e-07,8.622495324329389e-06,0.004961492483678946
57.626,-0.3575917390178951,0.8433332639928108,0.8122027282062038,0.4041881777476996,1.4886960506335507,2.483320099485288,2305,1,0.05039078408044406,-0.029205563170864483,-0.002864996871779224,-4.5880849920260385e-07,8.741264415901499e-06,0.004967008386345469
57.651,-0.3473974646624595,0.8809583435120961,0.8733318065885431,0.40806951155045695,1.5215298722867545,2.3919298644799896,2306,1,0.0503920277505442,-0.029218604617268072,-0.002865098923139697,-5.150324049193208e-07,8.705632430662085e-06,0.004972245961480088
57.676,-0.3371882634403705,0.919409757607155,0.9317992214302134,0.41135322981907924,1.539241108632333,2.2721122485694383,2307,1,0.05042014482407937,-0.0292297224850267,-0.002865270389817191,-7.944280105256391e-07,8.87976697424142e-06,0.004977269754994966
57.701,-0.3268298031715067,0.9579203989437084,0.9869374190170085,0.4059855408959998,1.49744700158927,2.1254365180650634,2308,1,0.050442260380818574,-0.029224302907450133,-0.0028654310267289766,-1.225490950354948e-06,9.042221469995515e-06,0.004980860033268786
57.726,-0.31688898639557167,0.9942821076866143,1.0380710473334605,0.37571162030080624,1.3785830023439323,1.9545737036820876,2309,1,0.05044143094313671,-0.02921817651136945,-0.0028655608467032787,-1.5755469533788448e-06,9.082576677922158e-06,0.004985599015499283
57.751,-0.3080442221564675,1.026849549060901,1.0846661042011074,0.33228228990282604,1.2286326841209845,1.7641452622418814,2310,1,0.05045027309006219,-0.02921130111102277,-0.002865536282153363,-1.7629562181353282e-06,9.154398075097188e-06,0.00499078976954567
57.776,-0.30027487190042895,1.0557137418926688,1.1262783104455618,0.3107740102414706,1.1545677132704442,1.6644882497777882,2311,1,0.050460299156064745,-0.0292109331544595,-0.002865526251591448,-1.8288013359201842e-06,9.24624814688661e-06,0.004995269540100512
