t,x,y,yaw,vx,vy,yaw_rate,correspondence_count,covariance_valid
0.025,-2.418941328842701,1.354059985131361,-0.00042632358121145135,0.040370033302679076,-0.001144120232510204,0.003558726440697768,541,1
0.05,-2.417932078010134,1.3540313821255483,-0.0003373554201939562,-0.003544743342026482,0.006626279061911696,0.010547436032927814,541,1
0.076,-2.419122110753144,1.3543979253635186,0.00011159565646779887,-0.010607765689631692,0.000512552720327466,0.001248355794039645,541,1
0.101,-2.418473074060305,1.354057522314285,-0.00027368927469807524,-0.010899281794340965,-0.01099135649026639,0.004624063656013533,541,1
0.126,-2.4196670748428613,1.3538483575390052,0.00034279883926836374,-0.008685933601526582,-0.008514495326372714,0.006351357657798927,541,1
0.15100000000000002,-2.4189073707403814,1.3536317975479664,4.3878608191866954e-05,0.011973432081155973,0.008532761431556676,-0.00930185998941013,541,1
0.17600000000000002,-2.4190684032388035,1.354274995610583,-0.00012229416020206999,-0.007230796542003761,0.01169648713243099,0.00508054041829631,541,1
0.201,-2.4192689105674816,1.354216621904588,0.0002979056291067901,-0.016240941592498007,-0.005206385809737314,-0.0010945767263059738,541,1
0.226,-2.4198804503184284,1.3540146763200962,-0.00017702299651747695,-0.0021274316275654574,0.021410472578944354,-0.029980844643562328,541,1
0.251,-2.41937528214886,1.3552871455335351,-0.0012011366030713485,0.01462901253202808,-0.010805846234358537,0.020664629792195292,541,1
0.276,-2.419148999691827,1.3534743840083783,0.0008562084930921791,0.013805397605564084,-0.01604668770803562,0.01861097393532239,541,1
0.30100000000000005,-2.4186850122685817,1.3544848111481333,-0.00027058790630519114,-0.0008837639652092835,0.006570530238083629,-0.01601982607186692,541,1
0.326,-2.4191931878900874,1.3538029105202825,5.521718949864605e-05,-0.017376274643510218,-0.00794938193403816,0.009680374438385543,541,1
0.35100000000000003,-2.419553826000757,1.3540873420514314,0.00021343081561393364,0.008149478740655526,0.010200744470707514,0.00026084651084445914,541,1
0.376,-2.4187857139530546,1.3543129477438178,6.825951504106267e-05,0.017882385444067953,0.003995700087511268,-0.010159479805329498,541,1
0.401,-2.418659706728554,1.354287127055807,-0.0002945431746527036,-0.009389879722556662,-0.008154466753453875,0.003224694039420936,541,1
0.42600000000000005,-2.4192552079391825,1.3539052244061451,0.00022949421701232042,-0.014229747501870452,-0.005676783153698573,0.015551112473701782,541,1
0.451,-2.4193711941036473,1.354003287898122,0.00048301244903247185,0.003932419589895987,0.0027663990191673098,-0.01719275776813412,541,1
0.47600000000000003,-2.4190585869596877,1.3540435443571035,-0.0006301436713945223,0.026900483511589364,0.014790891784954855,-0.03224716614909085,541,1
0.501,-2.418026169928068,1.3547428324873698,-0.0011293458584220235,-0.0007337135036600275,-0.006096034623035431,0.012282888888508484,541,1
0.526,-2.4190952726348707,1.3537387426259517,-1.59992269692906e-05,-0.028119822245109536,0.002764121225764524,0.00942561985432632,541,1
0.551,-2.4194321610403233,1.354881038548658,-0.0006580648657055075,0.003121180579999103,0.00564702799011218,0.009775166502565815,541,1
0.5760000000000001,-2.4189392136058707,1.3540210940254573,0.0004727590981591589,0.027418419284099802,-0.0038908210552746035,-0.010475419254198917,541,1
0.6010000000000001,-2.4180612400761183,1.3546864974958943,-0.00118183582841555,0.007841272809230315,-0.009471446498676718,-0.0008474382898260313,541,1
0.626,-2.418547149965409,1.3535475217005235,0.00043038718366790923,-0.01697479832396989,-0.01954982604981395,0.0239889827233242,541,1
0.651,-2.418909979992317,1.3537090061934036,1.7613307750606187e-05,-0.018201961656822956,-0.005177015396746749,0.002671682758093039,541,1
0.676,-2.4194572480482504,1.3532886709306862,0.0005639713215723985,-0.005116366211863617,0.0022118520718095148,0.008950881839835381,541,1
0.7010000000000001,-2.41916579830291,1.353819598796994,0.00046515739974234394,0.010097543549569812,0.03473369732419404,-0.028305243697950264,541,1
0.7260000000000001,-2.418952370870772,1.3550253557968959,-0.0008512908633250273,0.002165811772671947,0.019352155387948346,-0.030449299840231744,541,1
0.751,-2.4190575077142764,1.3547872065663915,-0.0010573075922692752,2.7249987244459855e-06,-0.04329191989128406,0.03626255297653818,541,1
0.776,-2.4189522346208356,1.3528607598023317,0.0009618367855020149,0.014823451609498037,-0.03526241431032858,0.039988808747590775,541,1
0.801,-2.4183163351338015,1.353024085850875,0.0009421328451104326,-0.012544413049919701,0.020773786947754207,-0.018388453253717057,541,1
0.8260000000000001,-2.4195794552733316,1.3538994491497194,4.241412281604277e-05,-0.02485370864980572,0.022545012843244706,-0.0317973277478156,541,1
0.8510000000000001,-2.419559020566292,1.3541513364930373,-0.0006477335422805455,0.023135401828424693,-0.0007865904045401006,-0.010818627515529769,541,1
0.876,-2.4184226851819104,1.3538601196294924,-0.0004985172529603175,0.02590452077360087,0.01825255329184208,-0.0013515958228182984,541,1
0.901,-2.4182637945276118,1.3550639641576294,-0.000715313333421634,-0.012036723451087628,0.013869200825498128,-0.0028932313248475313,541,1
0.926,-2.4190245213544648,1.3545535796707673,-0.0006431788192028628,-0.014171071991304617,-0.020255827875565995,0.013200499181831292,541,1
0.9510000000000001,-2.418972348127177,1.3540511727638511,-5.528837432985595e-05,-0.006284660140822846,-0.001927464792421672,-0.0007716214395880876,541,1
0.9760000000000001,-2.419338754361506,1.3544572064311462,-0.0006817598911823856,-0.00948231376556311,-0.009347561993693387,0.0054761101895106825,541,1
1.001,-2.419446463815455,1.3535837946641665,0.00021851713514548424,-0.014324240518508466,0.004722839512938399,0.0168480399973703,541,1
1.026,-2.4200549663874313,1.3546933484067931,0.0001606421086859501,0.004086437658035177,0.001929130860194304,-0.004616403469190895,541,1
1.051,-2.4192421419325534,1.3536802512071762,-1.2303038314233392e-05,0.012189030411917646,-0.009142512012676454,-0.006595874378696459,541,1
1.076,-2.4194455148668355,1.3542362228061593,-0.0001691516102487261,0.011489292776971628,-0.013306005289317456,0.013399873863031419,541,1
1.101,-2.418667677293705,1.3530149509427103,0.000657690654837264,0.014661373883093683,-0.0037108165350474695,-0.004125521251170398,541,1
1.126,-2.4187124461726808,1.354050681979407,-0.00037542767280743055,-0.0137157777978114,0.021886731090714463,-0.0166633055180032,541,1
1.151,-2.4193534661835954,1.354109287497246,-0.00017547462106269387,-0.017868457161602774,-0.007711289504022105,0.008000555117781964,541,1
1.176,-2.419605869030761,1.3536651175042058,2.4600083081806305e-05,0.00438458313159806,0.010168169057673806,0.005925197657274945,541,1
1.201,-2.4191342370270155,1.3546176959501297,0.00012078526180125418,0.01957942477774031,0.010968333017564714,-0.004296065879394458,541,1
1.226,-2.418626897791874,1.354213534155084,-0.00019020321088809196,-0.013525741726185862,-0.025538826328910337,0.011030706504335836,541,1
1.251,-2.4198105241133248,1.3533407546336842,0.000672320587017933,-0.003964321526854771,0.0112227912286622,-0.011220438996790694,541,1
1.276,-2.4188251138682166,1.3547746737165172,-0.000751225160727519,0.014483493772789936,0.021953054943106724,-0.02643111605856049,541,1
1.3010000000000002,-2.4190863494246853,1.3544384073808395,-0.0006492352159100075,0.0011778791899885721,-0.015304908329376574,0.017677923902956732,541,1
1.326,-2.418766219908717,1.3540094283000483,0.000132671034420299,-0.013009508040822173,-0.004383419616056388,0.0025071923607988913,541,1
1.351,-2.4197368248267264,1.3542192364000367,-0.000523875597870226,-0.014372420433810313,-0.006993042442098332,0.007037649263814697,541,1
1.376,-2.4194848409304077,1.3536597761779434,0.0004845534976109189,0.003591540494802811,-0.010725100022423986,0.022782057267880497,541,1
1.401,-2.419557247801986,1.3536829813989155,0.0006152272655237346,0.014332499810105682,0.01010823694506774,-0.01745461035423714,541,1
1.4260000000000002,-2.4187682159399024,1.3541651880251968,-0.00038817702010100703,0.01567953363569073,0.022656840954731174,-0.02549425664932767,541,1
1.451,-2.4187732711202017,1.354815823446652,-0.0006594855669426116,0.010799086196140489,-0.0034798987049633593,0.014602093940556723,541,1
1.476,-2.4182282616300954,1.3539911930899486,0.0003419276769268512,-0.01279101524810149,-0.012399502012892015,0.01983138342310127,541,1
1.501,-2.4194128218826068,1.3541958483460075,0.000332083604212512,-0.03215612173932844,-0.004654846770577588,-0.021361538750870306,541,1
1.526,-2.419836067717062,1.3537584507514198,-0.0007261492606168223,0.016745372522937084,0.002236181074053422,-0.005265010473660653,541,1
1.5510000000000002,-2.41857555325646,1.3543076573997102,6.883308052939627e-05,0.01574716619464843,0.011153325801642733,0.006549346622950474,541,1
1.576,-2.4190487094073294,1.354316117041502,-0.00039868192946919444,-0.013723554963203148,-0.00429547995565384,-0.01097353632250279,541,1
1.601,-2.41926173100462,1.3540928834019275,-0.0004798437355956142,0.002487286702574929,-0.004319448707206257,0.0037480615390617224,541,1
1.626,-2.4189243450722007,1.3541001446061416,-0.00021127885251611623,0.00541821276627274,0.009281838966326275,-0.0007293735727209587,541,1
1.651,-2.4189908203663064,1.3545569753502438,-0.0005163124142317109,-0.004187892071421095,0.010346204370050793,-0.0034202409383610006,541,1
1.6760000000000002,-2.4191337396757717,1.3546174548246441,-0.00038229089943395296,0.007331731708033466,0.0006917912249182472,0.0022566207965901675,541,1
1.701,-2.4186242337809047,1.3545915649114897,-0.0004034813744023331,0.012119296805632772,-0.0005013941459841593,0.0010180578363794305,541,1
1.726,-2.41852777483549,1.354592385117345,-0.00033138800761491787,-0.015040776341050997,-0.0031072313133240323,-0.0002151120686910709,541,1
1.751,-2.4193762725979573,1.3544362033458235,-0.0004142369778367162,0.0011542429200162008,-0.008024355542426413,-0.006122611220034097,541,1
1.776,-2.4184700626894893,1.3541911673402236,-0.0006375185686166438,0.03304356283289938,-0.014736299191544433,0.008860448057959,541,1
1.8010000000000002,-2.4177240944563123,1.3536993883862463,2.8785425061422468e-05,-0.014126805285759035,-0.006119929243144634,0.013359664174013007,541,1
1.826,-2.4191764029537772,1.3538851708780664,3.046464008404177e-05,-0.023319105352861497,0.018676611099510753,-0.010617711455758221,541,1
1.851,-2.4188900497239554,1.3546332189412218,-0.0005021001477266752,-0.0015852464875454387,0.006588382966241669,0.004492717387796235,541,1
1.876,-2.4192556652781545,1.3542145900263785,0.00025510050947364754,-0.0022553557921067813,-0.002207827141433858,-0.00018820563206567426,541,1
1.901,-2.4190028175135607,1.35452282758415,-0.0005115104293301575,0.024494118263156263,-0.003819662360178257,0.001740805469552233,541,1
1.9260000000000002,-2.4180309593649967,1.3540236069083695,0.00034214078295136666,-0.010895267953365807,-0.009597961295781934,0.014951421582169985,541,1
1.951,-2.419547580911229,1.354042929519361,0.0002360606497783129,-0.012002313679930808,-0.020108069506537058,0.005995342322391317,541,1
1.976,-2.418631075048993,1.3530182034330427,0.0006419078990709329,0.0036084209713927026,-0.00414440200069867,0.0022469086479404233,541,1
2.001,-2.4193671598626594,1.353835709419326,0.0003484060821752099,-0.00818046129086983,0.016248901451523304,-0.013727317279528299,541,1
2.026,-2.4190400981135367,1.3538306485056188,-4.445796490565564e-05,0.007192676052998299,-0.0007397942728237755,-0.012899386583988745,541,1
2.051,-2.4190075260600095,1.3537987197056849,-0.00029656324702431573,-0.0020812154983129603,0.010116303077420898,0.00210168696237466,541,1
2.076,-2.4191441588884524,1.35433646365949,6.062638321317833e-05,-0.013091172954782284,-0.00039256474937410387,0.018800421761700003,541,1
2.101,-2.4196620847077486,1.3537790914682162,0.0006434578410605358,0.011611491596550436,-0.00713204413953952,0.0021588023331897766,541,1
2.126,-2.418563584308625,1.353979861452513,0.0001685664998728384,0.011350043729700983,0.017133954155346194,-0.010402682725771975,541,1
2.151,-2.4190945825212635,1.3546357891759835,0.00012332370477178786,-0.015694590952941484,-0.007473692936992253,-0.0022860748837238865,541,1
2.176,-2.419348313856272,1.3536061768056633,5.426275568653072e-05,-0.0031239031422192034,-0.011999995867237814,0.004570324041237559,541,1
2.201,-2.4192507776783745,1.3540357893826216,0.00035183990683369397,0.0005902342233987688,0.017835011121243367,-0.009405481047126718,541,1
2.226,-2.419318802145102,1.3544979273617255,-0.0004160112966700205,0.009264680486040821,-0.01192584880714169,-9.886988452834124e-05,541,1
2.251,-2.4187875436540724,1.3534394969422645,0.0003468964126070887,0.0076723947937385175,-0.005661798276164218,0.001155127594962839,541,1
2.276,-2.418935182405415,1.3542148374479173,-0.0003582549169220008,-0.009398160517113346,0.0033684956402657384,-0.005526761909573323,541,1
2.301,-2.419257451679928,1.3536079217242778,7.055831712849314e-05,0.010688050062705954,-0.0159519141808139,0.00767695457385638,541,1
2.326,-2.4184007799022798,1.3534172417388766,2.559281177100498e-05,0.022180197163814776,0.007654907576526453,0.0003305347324023001,541,1
2.351,-2.4181484418217374,1.3539906671031041,8.708505374848868e-05,-0.015014894434770608,0.025026833793986382,-0.009205863742201037,541,1
2.376,-2.4191515246240183,1.3546685834285759,-0.00043470037533920687,-0.0010925712375087254,-0.012291867244322895,0.00441059468955453,541,1
2.401,-2.418203070383613,1.353376073740888,0.00030761478822621607,-0.011940367204168403,-0.024535473142508347,0.002871986425434499,541,1
2.426,-2.4197485429842267,1.3534418097714505,-0.0002911010540674382,-0.012855725264939654,0.01283350252278652,-1.6392207413673444e-05,541,1
2.451,-2.41884585664686,1.3540177488670273,0.00030679517785551835,0.012191917022255127,0.025158991889688932,-0.004203115643024461,541,1
2.476,-2.419138947133114,1.354699759365935,-0.0005012568362186337,0.010104148057479315,-0.015258573673282481,0.012799882264928942,541,1
2.501,-2.418340649243986,1.3532548201833632,0.0009467892911017448,0.0048496937595743535,-0.03127343871427002,0.02759233555467598,541,1
2.526,-2.4188964624451352,1.3531360874302214,0.0008783599415153158,-0.022685587033395172,0.005560777764013173,-0.01585531651152819,541,1
2.551,-2.4194749285956556,1.3535328590715638,0.00015402346552542107,0.0271816298150361,0.022809224678117402,-0.020757435750562325,541,1
2.576,-2.4175373809543834,1.3542765486641273,-0.00015951184601279553,0.02238427037378096,0.005533356345446292,-0.006361238325292029,541,1
2.601,-2.4183557150769666,1.3538095268888362,-0.0001640384507390237,-0.023575677983194238,-0.014451466604898985,0.007274881055616715,541,1
2.626,-2.418716164853543,1.3535539753338823,0.0002042322067679185,-0.00792566539333353,0.01007885845238036,0.0012763459757270158,541,1
2.651,-2.4187519983466332,1.3543134698114552,-0.00010022115195281131,0.003324694586899195,0.015631749548599055,-0.012608521365731139,541,1
2.676,-2.418549930124198,1.3543355628113123,-0.0004261938615185294,-0.001817091212643608,-0.006983927684727183,-0.013818267773801834,541,1
2.701,-2.4188428529072654,1.3539642734272188,-0.0007911345406430445,-0.006379948472776698,-0.012866354294653926,0.00924567535787627,541,1
2.726,-2.418868927547837,1.3536922450965796,3.608990637536842e-05,-0.0025181081032332833,0.0103426224600112,0.02011405954719166,541,1
2.751,-2.418968758312427,1.3544814045502194,0.00021456843671644677,-0.015408862925685496,0.007299111965291009,0.007104107697824017,541,1
2.776,-2.4196393706941213,1.3540572006948441,0.0003912952912667054,-0.010249856107682422,-0.014027518875843118,-4.3892196055494755e-05,541,1
2.801,-2.419481251117811,1.3537800286064272,0.00021237382691387965,0.041338981407115005,0.002185449054858945,-0.0067954288950477695,541,1
2.826,-2.4175724216237655,1.354166473147587,5.1523846514106094e-05,-0.005069262439798568,0.01178240997864681,-0.014117188723004099,541,1
2.851,-2.419734714239801,1.3543691491053595,-0.0004934856092363172,-0.03366358041053464,0.01101304893777137,-0.001622011678499297,541,1
2.876,-2.4192556006442922,1.3547171255944757,-2.9576737410796785e-05,0.019063445079332622,0.006548487726285602,-0.0023418725587731697,541,1
2.901,-2.4187815419858345,1.3546965734916738,-0.0006105792371750089,-0.012540473293647313,-0.01528088138058595,-0.0047861538756599235,541,1
2.926,-2.4198826243089746,1.3539530815254464,-0.00026888443119391455,0.016398582376870776,-0.02661967532693751,0.015287209530478936,541,1
2.951,-2.417961612866991,1.353365589725327,0.00015378123934884914,0.000472337543513392,-0.012471382185110836,0.02038985005861534,541,1
2.976,-2.419859007431799,1.3533295124161908,0.0007506080717369544,-0.008040595110783172,0.02471494600722055,-0.005930233872781819,541,1
3.001,-2.41836364262253,1.354601337025688,-0.00014273045429040576,0.03174326765554636,0.00854172084980401,-0.02305066420800203,541,1
3.026,-2.4182718440490216,1.353756598458681,-0.00040192513866322047,-0.02487910127206825,-0.035350081195448614,0.01843464988188427,541,1
3.051,-2.4196075976861335,1.3528338329659155,0.000779002039803854,-0.02416622585202242,0.016122875788577764,-0.010613804568251282,541,1
3.076,-2.4194801553416228,1.35456274224811,-0.0009326153670756928,0.008547056385310756,0.03135396991226902,-0.02090728130228044,541,1
3.101,-2.419180244866868,1.354401531461529,-0.0002663620253102539,0.018199047637033127,-0.001686602074659766,-0.008670349132904352,541,1
3.126,-2.418570202959771,1.354478412144377,-0.001366132823720846,0.019850441556741386,-0.0047527458923335595,0.003166685061710706,541,1
3.151,-2.418187722789031,1.3541638941669123,-0.00010802777222488815,-0.022385891496936476,-0.01098883288399127,0.019131487425756332,541,1
3.176,-2.419689497534618,1.3539289705001774,-0.00040955845243294525,-0.013920563384770471,-0.002958926434901683,-0.0010275136772719352,541,1
3.201,-2.4188837509582695,1.3540159478451672,-0.00015940345608839556,-0.0012736585651662625,0.009574224632658036,-0.01351457515148096,541,1
3.226,-2.4197531804628762,1.3544076817318103,-0.0010852872100068813,-0.001614555623863373,0.0006933138205011982,0.011564643237136393,541,1
3.251,-2.4189644787394626,1.3540506135361923,0.0004188287057685499,0.022406171185078785,-0.004687280517350362,0.01629476349592102,541,1
3.276,-2.4186328719036223,1.3541733177059427,-0.0002705490352109736,0.0013092233111056048,-0.0004928549775540221,-0.0142926041466395,541,1
3.301,-2.4188990175739074,1.3540259707873146,-0.00029580150156328954,-0.027540447809926004,-0.00860484037291882,0.005991132279188317,541,1
3.326,-2.4200098942941186,1.3537430756872968,2.9007578748482663e-05,-0.013607126511177063,-0.0033073119898752285,0.004496205258472956,541,1
3.351,-2.419579373899466,1.3538606051878208,-7.09912386396731e-05,0.025415139410487432,0.007609192369550959,-0.0023297136135802614,541,1
3.376,-2.4187391373235942,1.3541235353057743,-8.747810193034212e-05,0.0025430721079544674,0.030701547945799598,-0.011801186982722853,541,1
3.401,-2.4194522202940685,1.3553956825851108,-0.000661050587775689,-0.02094645820483787,-0.01258107865479634,0.002955169964948807,541,1
3.426,-2.419786460233836,1.3534944813730345,6.0280396316896746e-05,0.0123454462605465,-0.013252798647767001,0.001125581793726121,541,1
3.451,-2.418834947981041,1.3547330426527224,-0.0006047714980895365,0.0037911591233719256,0.02464435036551924,-0.009095704923032277,541,1
3.476,-2.4195969022776675,1.3547266988913105,-0.0003945048498348904,-0.01238432499389046,-0.02989766817240291,0.025551468785369826,541,1
3.501,-2.4194541642307357,1.3532381592441023,0.000672801941178913,0.020904048431527118,-0.021035849997885846,0.012791587170584196,541,1
3.526,-2.418551699856091,1.3536749063914162,0.000245074508694153,0.020775187273507245,0.017901935547057674,-0.015484163128540646,541,1
3.551,-2.4184154048670603,1.3541332560214552,-0.00010140621524809704,-0.005420017432227169,0.02018295077173427,-0.024044735035424352,541,1
3.576,-2.4188227007277026,1.354684053930003,-0.0009571622430771475,-0.006641890763461357,0.000262188185633506,-0.0009631467308501875,541,1
3.601,-2.4187474994052334,1.3541463654307369,-0.00014956355179052377,-0.018153284257369572,-0.014506794169681977,0.023943230073211284,541,1
3.626,-2.419730364940571,1.3539587142215188,0.00023999926058353223,0.008691756073400145,0.019818816174472856,-0.0219478194356438,541,1
3.651,-2.4183129116015634,1.3551373062394605,-0.0012469545235728582,0.011972903767380963,-0.006610020329995656,-0.008325692595842992,541,1
3.676,-2.419131719752202,1.353628213205019,-0.00017628536920871534,0.016434677531718036,-0.018494573987690624,0.027910868111104953,541,1
3.701,-2.4174911777249775,1.354212577540076,0.00014858888198248727,0.002245510969647321,-0.004642752972374725,0.01111511263856006,541,1
3.726,-2.4190194442037196,1.3533960755564003,0.0003794702627193229,-0.01154270785164617,-0.0007432852334776667,-0.006633440964538574,541,1
3.751,-2.4180683131175598,1.354175413278402,-0.0001830831662443233,0.00262427916318587,0.003976197168462661,-0.007457576102574164,541,1
3.776,-2.4188882302455603,1.3535948854148234,6.591457590543871e-06,-0.010657286791539931,0.004638592870254119,0.0007782553994672939,541,1
3.801,-2.4186011774571368,1.3544073429219148,-0.0001441703962707713,0.011796471853378003,0.02050537695976729,-0.012349165982552469,541,1
3.826,-2.4182984066528914,1.3546201542628118,-0.000610866841536913,-0.003920294246366765,-0.01046194996136233,0.0024689732334248846,541,1
3.851,-2.418797192169455,1.3538842454238467,-2.0721734599328626e-05,-0.03608448882910244,-0.013743493221714025,0.017861769857816574,541,1
3.876,-2.4201026310943465,1.353932979601726,0.0002822216513540357,0.00809327776053695,0.00678858247020744,-0.003877235554510264,541,1
3.901,-2.4183925282814283,1.354223674547357,-0.00021458351232495092,0.0004655609941561753,-0.008282454355459335,-0.0034410373925908106,541,1
3.926,-2.4200793530446387,1.3535188568839531,0.00011016978172462224,-0.014882211078788208,-0.010624560199268216,0.005633619546898641,541,1
3.951,-2.4191366388353677,1.3536924465373936,6.709746501976319e-05,0.015293117957515588,0.009701785123614783,-0.002295056883028232,541,1
3.976,-2.419314697146763,1.3540039461401339,-4.583062426701212e-06,0.009026200060890895,0.01372278795923158,-0.007462701550737765,541,1
4.001,-2.418685328832323,1.3543785859353552,-0.00030603761251730575,0.0076682051970334,0.004427341669841505,0.001282621826614876,541,1
4.026,-2.4189312868869113,1.354225313223626,5.954802890423024e-05,-0.0034312939491432225,-0.011367199205700769,0.00043824184414731506,541,1
4.051,-2.4188568935297803,1.3538102259750702,-0.0002841255203101296,-0.010753924965083466,-0.010565652178922174,0.004495655144243231,541,1
4.076,-2.4194689831351655,1.3536970306146798,0.0002843307861164257,-0.005885728474508432,0.0018790127894297082,-0.004630010341220031,541,1
4.101,-2.4191511799535057,1.3539041766145417,-0.0005156260373712939,0.005895736477903229,-0.0004075269424408332,0.002304801514467736,541,1
4.126,-2.4191741963112703,1.3536766542675578,0.0003995708618396761,-0.0028930717754693906,0.0017977706124305888,0.012889578350154852,541,1
4.151,-2.419295833542279,1.3539940651451632,0.000128852880136497,0.009131268180953033,-0.013058191451946801,0.0026265255541169192,541,1
4.176,-2.4187176329022226,1.3530237446949605,0.0005308971395453489,0.017783249064464775,-0.008373446200509201,0.008114846345987943,541,1
4.201,-2.418406671089056,1.3535753928351377,0.0005345951974360509,-0.01218403830174357,0.03001377116758974,-0.023459673870593972,541,1
4.226,-2.41932683481731,1.35452443325334,-0.000642086553984259,-0.008218397412846795,-0.0011752263172315313,-0.0036538220265835454,541,1
4.251,-2.4188175909596983,1.3535166315192761,0.00035190409610673623,-0.005982302835727559,-0.01480899014472575,0.00838113806255872,541,1
4.276,-2.419625949959096,1.3537839837461036,-0.00022302965085622023,-0.018508816104461156,-0.005001762359921908,-0.0036956091368001284,541,1
4.301,-2.4197430317649213,1.35326654340128,0.0001671236392666215,-0.005586693540120555,-0.017714566358746416,0.01998163035357166,541,1
4.326,-2.419905284636102,1.3528982554281663,0.0007760518668224691,0.016018566855731164,0.011797102800592582,-0.003740192508496789,541,1
4.351,-2.418942103422135,1.3538563985413097,-1.9885986158202973e-05,0.026936093191291706,0.024791750817864867,-0.01547655452164043,541,1
4.376,-2.4185584799765376,1.3541378429690596,2.2241407406479747e-06,0.002928220740878739,0.0012925115494244511,0.009393090462577225,541,1
4.401,-2.418795692385091,1.353921024118781,0.0004497685369706631,-0.0023391287252483377,-0.005044846065551685,0.006246454735707752,541,1
4.426,-2.4186754364128,1.353885600665782,0.00031454687752591426,0.014884937429648967,0.0036101485352890835,-0.004040840529269133,541,1
4.451,-2.4180514455136084,1.3541015315455454,0.0002477265105070883,0.003556037182246298,0.005517353668671474,-0.010088103699654774,541,1
4.476,-2.4184976345536877,1.3541614683492156,-0.00018985830745702986,-0.004872192302931497,0.012181075681718494,-0.016741644420647833,541,1
4.501,-2.418295055128755,1.3547105853296313,-0.0005893557105251664,-0.005680997387909079,-0.003814209568955298,-0.0021205677864877333,541,1
4.526,-2.418781684423083,1.3539707578707678,-0.00029588669678134793,0.0058960513955064395,0.019886655782812637,-0.012080716918445632,541,1
4.551,-2.4180002525589797,1.355704918118772,-0.001193391556447511,0.00015475224927285816,0.012913306433270749,0.0021479951224190027,541,1
4.5760000000000005,-2.4187739468106195,1.3546164231924314,-0.00018848694066058645,-0.020040033345205616,-0.02616488180312358,0.03014032496766472,541,1
4.601,-2.41900225422624,1.3543966740286157,0.0003136246919358875,-0.013824256061543187,-0.022015049443378034,0.011527066573107134,541,1
4.626,-2.4194651596136967,1.3535156707202625,0.000387866387994757,-0.0076828241936333355,-0.0058901032592073785,-0.007481167355623013,541,1
4.651,-2.4193863954359216,1.3541021688656554,-6.043367584513575e-05,0.012571887856012199,0.01608044854109375,-0.01890604963746163,541,1
4.676,-2.418836565220896,1.3543196931473171,-0.0005574360938783455,-0.012875200272572758,0.00554651427728806,0.00329710512966481,541,1
4.7010000000000005,-2.4200301554495502,1.3543794945795198,0.00010442158063800375,0.0022856358899581235,0.0018535007852982298,0.01588884593141776,541,1
4.726,-2.418722283426398,1.354412368186582,0.00023700620269245356,0.02027097312766742,0.017850904014871168,-0.03226925228111644,541,1
4.751,-2.419016606793167,1.3552720397802633,-0.0015090410334178254,0.02236250668092418,0.00811523438914555,-0.027127480353828046,541,1
4.776,-2.417604158092352,1.3548181299060393,-0.0011193678149990732,0.011721144085417065,-0.02615323938178103,0.030983536451270166,541,1
4.801,-2.418430549588896,1.3539643778111743,4.013578914573016e-05,-0.018621686459683054,-0.024137343162648695,0.02238685773654904,541,1
4.8260000000000005,-2.418535242415336,1.3536112627479069,-2.4928171566373886e-08,-0.006940567763082963,0.009417983793649254,0.002105696031593503,541,1
4.851,-2.41877757797705,1.3544352770008568,0.00014542059072542918,0.005635343983501093,0.027784636555976502,-0.01136621067584724,541,1
4.876,-2.418253475216161,1.3550004945757057,-0.0005683354619639515,0.00016726300819058852,-0.01327880170244993,-0.0008834596344797805,541,1
4.901,-2.4187692148266406,1.3537713369157343,0.00010124760900135193,-0.0024523803790277385,-0.02969669366964755,0.025592444897695278,541,1
4.926,-2.4183760942351125,1.3535156598922233,0.0007112867829210278,0.01733106892268996,-0.0035838695447631456,0.004124383230363845,541,1
4.9510000000000005,-2.417902661380506,1.353592143438496,0.00030746677051958363,-0.009721993836615574,0.00696389262566213,-0.01585746601848298,541,1
4.976,-2.4188621939269432,1.3538638545235064,-8.158651800327252e-05,-0.02398522891700958,0.006246598887909039,0.005099260128664814,541,1
5.001,-2.4191019228263566,1.3539044733828915,0.000562429776953025,0.0055779277191536835,-0.005318720036751065,0.0013481882178823005,541,1
5.026,-2.4185832975409856,1.3535979185216689,-1.4177107108937249e-05,0.01664311980502659,0.0042152152120556044,-0.007367889435210299,541,1
5.051,-2.4182697668361053,1.3541152341434943,0.0001940353051925571,0.012428507966983958,0.023711824070451554,-0.00027728151417605415,541,1
5.076,-2.4179618721426364,1.3547835097251915,-2.8041182817591914e-05,-0.02517583775852659,0.006137845536868824,-0.011960627109743924,541,1
5.101,-2.4195285587240316,1.3544221264203378,-0.00040399605029471154,-0.020195519477698976,-0.019201862546869012,0.0019463043031286709,541,1
5.126,-2.4189716481165213,1.353823416597848,6.927403233865637e-05,-0.004088075921826488,-0.02600448098703199,0.03149646792825156,541,1
5.151,-2.419732962520123,1.3531219023709862,0.001170827346118027,-0.0033439688489789294,0.010471965846594636,-0.009596293615938868,541,1
5.176,-2.4191388465589703,1.3543470148901777,-0.0004105406484581554,0.008898983956715543,0.02040484628091928,-0.026763009895329853,541,1
5.201,-2.419288013322287,1.3541421446850321,-0.00016732314864866205,-0.0062290793833863715,-0.0014803475085800651,0.0036549753706172214,541,1
5.226,-2.4194503005281396,1.3542729975147487,-0.00022779187992742734,0.012529886909735487,-0.005461563789452762,0.0027960203063681233,541,1
5.251,-2.4186615189768004,1.3538690664955595,-2.7522133330083585e-05,0.0229725246622082,-0.009945986322841306,0.006469567229494566,541,1
5.276,-2.418301674295029,1.3537756981986067,9.568648154715e-05,0.0049602404620064,0.0003427089785601479,-0.0027571292257366864,541,1
5.301,-2.4184135069537,1.3538862019444875,-0.00016537859461695692,-0.005192638390623135,0.0005599951906187803,-0.002385611055144574,541,1
5.326,-2.4185613062145603,1.3538036979581376,-2.3594071210078034e-05,-0.020036731328501107,-0.0018041498104892704,0.009709924432836949,541,1
5.351,-2.419415343520125,1.353795994453963,0.0003201176270246923,-0.0016293905361663742,-0.0053215180001186324,0.0003214326982536829,541,1
5.376,-2.4186427757413687,1.3535376220581317,-7.522436297352168e-06,0.007784660057108567,-0.0055358869113409015,0.003153937337785362,541,1
5.401,-2.4190261105172697,1.353519200108396,0.0004778144939140451,-0.007291808027369865,0.02905666480256485,-0.018654794570860455,541,1
5.426,-2.419007366142737,1.35499045529826,-0.0009402621648404603,-0.007448943904480059,0.018361026883542197,-0.006944976016969331,541,1
5.451,-2.4193985577124937,1.354437251452573,0.0001305656930655029,0.00247574904744142,-0.03140803294147354,0.01303561122529833,541,1
5.476,-2.418883578690365,1.3534200536511862,-0.0002884816035754725,-0.008234629903203112,-0.009309010279219133,-0.0033359284627287405,541,1
5.501,-2.419810289207654,1.3539718009386121,-3.6230730070925254e-05,-0.01643468189215908,0.012059967050186459,0.014133223562877767,541,1
5.526,-2.419705312784973,1.3540230520036955,0.00041817957456819963,0.017874052038369177,-0.0023517986660381933,0.009820692971320745,541,1
5.551,-2.4189165866057354,1.3538542110053102,0.0004548039184952829,0.0019188487047827334,-0.01102770137587401,-6.71970951859881e-05,541,1
5.5760000000000005,-2.419609370349734,1.3534716669349018,0.00041481971980897065,-0.0021057766871379687,-0.009174015405690772,-0.005947742976202285,541,1
5.601,-2.4190218754400923,1.3533955102350257,0.00015741676968532368,0.019516150718210737,0.03617487174658165,-0.022591411598877977,541,1
5.626,-2.4186335628138234,1.355280410522231,-0.000714750860134772,-0.01013284662676032,0.02361488268440412,-0.009398278412886573,541,1
5.651,-2.4195285177714303,1.354576254369246,-0.0003124971509591678,-0.0050579415002971655,-0.03576584409210172,0.0165448681505343,541,1
5.676,-2.418886459888838,1.3534921183176258,0.00011249254739211016,0.023670479427293164,-0.008037756693743844,0.012070579607303783,541,1
5.7010000000000005,-2.4183449938000656,1.3541743665345587,0.00029103182940611895,0.00048385490756253265,0.008075278022401407,-0.004991452078053644,541,1
5.726,-2.41886226714346,1.353895882218746,-0.00013708005651040896,0.0013456042658521786,-0.00912027709693678,-0.00041258862729876147,541,1
5.751,-2.418277713586773,1.3537183526797119,0.0002704023980413936,-0.019026261773689223,-0.0035847745248451927,0.0014994978862148455,541,1
5.776,-2.4198135802321445,1.3537166434925036,-6.210516219971652e-05,-0.026273738269919727,-0.011842214017336913,0.00871281563962437,541,1
5.801,-2.419591400500269,1.353126241978845,0.0007060431800227841,0.01928231725161184,-0.006068087744628328,-2.126724932161009e-05,541,1
5.8260000000000005,-2.418849464369564,1.3534132391052722,-6.316852466571936e-05,0.013779012668298,0.02200383582204876,-0.026184428905500306,541,1
5.851,-2.418902449866854,1.3542264337699474,-0.0006031782652521539,0.004700630466878425,0.005050279754348371,-0.0011447946245546389,541,1
5.876,-2.41861443284622,1.3536657530929896,-0.00012040825589354159,0.0021677678926579425,-0.018344984218097226,0.014560441308288982,541,1
5.901,-2.418794061472221,1.3533091845590426,0.00012484380016247035,-0.004184900065675749,0.002788845038304021,-0.010699364265764937,541,1
5.926,-2.418823677849504,1.3538051953449048,-0.0006553764691818523,6.955299030941732e-05,0.01799680166466785,-0.007735226099798599,541,1
5.9510000000000005,-2.4187905838227057,1.354209024642276,-0.0002619175048272661,-0.022607426512308928,-0.00037088900708859415,0.022521658741236985,541,1
5.976,-2.4199540491751192,1.3537866508945504,0.0004707064678797776,-0.02055402425252602,-0.01792139420491618,0.019602210179243754,541,1
6.001,-2.419818285035332,1.3533129549320302,0.0007181930041349178,-0.011330860989202702,0.0017519502429053154,-0.015658475742235167,541,1
6.026,-2.4205205922245794,1.3538742484066957,-0.0003122173192321296,0.003121962132635059,0.008369740185307813,-0.017552707471804103,541,1
6.051,-2.4196621869287003,1.3537314419412956,-0.00015944236945523993,0.0256285849520844,0.01035415601942539,-0.0019980924013562953,541,1
6.076,-2.419239162976975,1.354391956207667,-0.0004121219393000341,0.016514720860794144,-0.019527341428919945,0.014096362421707248,541,1
6.101,-2.4188364508856606,1.3527550748698496,0.0005453757516298985,-0.01260082464527894,-0.007132056510932193,0.0011633233955698876,541,1
6.126,-2.419869204209239,1.3540353533821203,-0.00035395576952153697,-0.014629014114921953,0.038614521103879224,-0.02019045390218473,541,1
6.151,-2.4195679015914067,1.3546858009250435,-0.0004641469434792336,0.02867059930778747,0.00540486390468777,-0.004391113385473504,541,1
6.176,-2.4184356742438498,1.3543055965773547,-0.0005735114387950291,0.03818546592023089,-0.003676417337135098,0.005853686438559456,541,1
6.201,-2.417658628295395,1.3545019800581868,-0.00017146262155116575,-0.005233565574345196,0.0002684148416065578,-0.0033826071794962453,541,1
6.226,-2.418697352522567,1.354319017319435,-0.000742641797769854,-0.013778220539517409,-0.03228543854262032,0.012837682884389951,541,1
6.251,-2.418347539322371,1.3528877081310557,0.0004704215226683812,-0.039900839393620796,-0.012481631890399792,0.02581557781129904,541,1
6.276,-2.420692394492248,1.353694935724915,0.0005481370927952372,-0.01648333309250744,0.017154319856760365,-0.012203519353430935,541,1
6.301,-2.4191717059769964,1.3537454241238938,-0.0001397544450031532,0.025331445488081618,-0.0034104718744831907,-0.008673880529102038,541,1
6.326,-2.419425822217844,1.353524412131191,0.000114443066340299,-0.017738471913286764,0.0025207654404413395,0.006557221149803306,541,1
6.351,-2.4200586295726607,1.3538714623959158,0.000188106612487162,0.017730945124103416,0.014187835952909976,0.0053193130783579035,541,1
6.376,-2.418539274961639,1.3542338039288364,0.00038040872025814387,0.03300155301217534,0.010109095406427607,-0.007503734692093671,541,1
6.401,-2.418408551922052,1.3543769171662372,-0.00018708012211771783,-0.0003052652603141592,-0.0063342195933247195,-0.005247292327643667,541,1
6.426,-2.4185545382246545,1.3539170929491702,0.00011804410387605557,-0.013440630532768387,0.00779816464357988,-0.009702159089028974,541,1
6.451,-2.4190805834486904,1.3547668253984162,-0.0006721880765693807,0.015348371357717437,0.003991020946023674,-0.006481099140156511,541,1
6.476,-2.4177871196567686,1.3541166439964714,-0.00020601085313183215,0.006720909081545561,-0.00721389638561821,0.004946069868383348,541,1
6.501,-2.418744537994613,1.3544061305791353,-0.00042488458315024407,-0.021488859098672895,-0.0006629947176994856,0.002410043999443454,541,1
6.526,-2.4188615626117023,1.3540834942605864,-8.550865315970524e-05,-0.016592414441785112,0.0018663436766663888,0.00408645718094293,541,1
6.551,-2.4195741587167023,1.3544994477629686,-0.000220561724103313,-0.015365130581858958,0.007018406352465767,-0.013396119912849423,541,1
6.5760000000000005,-2.4196298191407952,1.3544344145782097,-0.0007553146488021912,0.01477972801361643,-0.019473086941110898,0.01582565311943901,541,1
6.601,-2.4188351723160215,1.353525793415913,0.0005707209318684386,0.023847473905753785,0.008620203161111593,0.007488318801955911,541,1
6.626,-2.4184374454455075,1.3548654247362653,-0.0003808987087043848,0.019397567097776472,0.009303225361758682,-0.01345871446475582,541,1
6.651,-2.4178652939611327,1.353990954684001,-0.00010221479136939686,-0.03941491568377323,-0.02216160896958205,0.012689273803658852,541,1
6.676,-2.420408191229696,1.3537573442877862,0.0002535649814785176,-0.013967744519156413,0.0020440555835232453,-0.0012801378732163289,541,1
6.7010000000000005,-2.4185636811870905,1.3540931574631772,-0.00016622168503041247,0.037994194485868736,-0.00927483650687847,0.0018906651661687657,541,1
6.726,-2.4185084815054028,1.3532936024624422,0.00034809823978697085,-0.001414701188773298,-0.011598904047458489,0.0160230088554148,541,1
6.751,-2.418634416246529,1.3535132122608042,0.0006349287577403916,0.008420754937583682,-0.0019486358081399827,-0.0007630974921557537,541,1
6.776,-2.4180874437585236,1.3531961706720352,0.00030994336517901753,-0.026997193025559793,0.008306347047573078,-0.014759504523080887,541,1
6.801,-2.419984275897807,1.3539285296131829,-0.00010304646841356132,0.000626614038798925,0.011114665827278556,-0.00855025236620387,541,1
6.8260000000000005,-2.4180561130565836,1.3537519039633992,-0.00011756925313114979,0.03393180178968625,0.01594754572753493,-0.0046106874936402585,541,1
6.851,-2.418287685808323,1.3547259068995596,-0.0003335808430953747,-0.02161874311472197,0.013571104356429102,-0.010425320646154682,541,1
6.876,-2.4191370502123197,1.3544304591812206,-0.0006388352854390124,-0.032772593444541205,-0.011838692111600976,0.007712570245335143,541,1
6.901,-2.41992631548055,1.3541339722939796,5.204766917127741e-05,0.02010060205253524,0.0025178893864108523,0.005127892673728614,541,1
6.926,-2.418132020109693,1.3545563536505412,-0.00038244065175264546,0.01947374963332721,-0.016805954088816338,0.012896595790072667,541,1
6.9510000000000005,-2.4189526279988836,1.3532936745895388,0.0006968774586750717,-0.017832151054513252,-0.00997871915830565,0.0057593118255017325,541,1
6.976,-2.4190236276624186,1.3540574176926259,-9.447506047734479e-05,0.0046704783887197175,0.01974607859756901,-0.015648043975176107,541,1
7.001,-2.4187191040794476,1.3542809785194172,-8.552474008372486e-05,0.019667516871644322,-0.0009256521355993674,-0.00951141649391477,541,1
7.026,-2.4180402518188364,1.354011135085846,-0.0005700458851732858,0.0038045023740451846,-0.021899843461885636,0.008045307004298535,541,1
7.051,-2.4185288789607453,1.353185986346323,0.0003167406101312212,-0.0009539376753053863,0.006367787293282157,0.0034601186239680125,541,1
7.076,-2.4180879487026017,1.35432952445051,-0.00039703995397499445,-0.01021226166715298,0.004572451640036962,0.005233096832144586,541,1
7.101,-2.419039492044103,1.3534146089283248,0.000578395451738512,-0.005499437979459209,-0.0043765168721553935,-0.0040345716454481245,541,1
7.126,-2.4183629206015747,1.3541106986069023,-0.0005987685362472658,0.0008494433008099408,0.004836204152556273,-0.008021946215972547,541,1
7.151,-2.4189970198790625,1.3536564191359526,0.00017729814094002665,-0.022937467305750383,-0.00684239626682628,0.018476424434688065,541,1
7.176,-2.419509793966862,1.353768578793561,0.0003250526854869178,-0.012572845430236557,-0.003955061689020503,0.011369801845937428,541,1
7.201,-2.4196256621505743,1.3534586660515016,0.0007457882332367065,0.011938174876267069,0.011126434849866347,-0.01229248671494436,541,1
7.226,-2.418912885223049,1.3543249005360543,-0.0002895716502600882,0.013442078966274616,-0.008445551788631591,0.000585605433460748,541,1
7.251,-2.4189535582022605,1.35303638846207,0.0007750685049095683,-0.010610630084908517,-0.027748012671216057,0.022716801133224686,541,1
7.276,-2.4194434167272942,1.3529374999024935,0.0008462684064009999,0.007318582380131415,0.022162369750566926,-0.016862907545034448,541,1
7.301,-2.418587629083254,1.3541445069495983,-6.807687234222446e-05,-0.0009746883338213087,0.028189968779410813,-0.01645563039944348,541,1
7.326,-2.4194921511439853,1.354346998341464,2.3486886428787643e-05,-0.004617358543601585,-0.0050631571679238445,0.011477074508112792,541,1
7.351,-2.418818497010434,1.3538913490912021,0.0005057768530632551,-0.005324270567443814,-0.015420017759008923,0.004096510607753898,541,1
7.376,-2.4197583646723575,1.3535759974535135,0.00022831241681668467,0.005602626638951966,0.0051437786507602294,-0.023298693627262862,541,1
7.401,-2.4185383656784865,1.3541485380237401,-0.0006591578282998247,0.030546968058571374,-0.003261212049410223,-0.007759438676480129,541,1
7.426,-2.418231016269429,1.353412936851043,-0.0001596595170073116,0.013695829956796905,-0.000557150244215878,0.01546578238127877,541,1
7.451,-2.4178535741806466,1.3541206805115293,0.00011413129076399353,-0.01854898437171577,0.014813489602953974,0.0034665673751099867,541,1
7.476,-2.4191584654880147,1.3541536113311907,1.3668851748034975e-05,-0.0282435227861995,-0.011138472821179255,-0.0036283500628186455,541,1
7.501,-2.4192657503199566,1.3535637568704704,-6.72862123769144e-05,0.01614962351482069,-0.002077989403290744,0.0018608585564283751,541,1
7.526,-2.4183509843122737,1.3540497118610262,0.00010671177956957571,0.009511041864023217,0.025796533683304458,-0.010626608199286774,541,1
7.551,-2.4187901982267555,1.3548535835546356,-0.0005986166223412605,-0.043659458676205624,0.012056625456615505,-0.013833232452773262,541,1
7.5760000000000005,-2.420533957246084,1.354652543133857,-0.0005849498430693049,-0.0037415068880619763,-0.028283044131205515,0.02974809931024513,541,1
7.601,-2.4189772735711585,1.3534394313480753,0.0008887883431710476,0.012424124837933136,-0.020248474338116013,0.020644472429873845,541,1
7.626,-2.4199127510041873,1.3536401194169512,0.0004472737784242981,-0.0059524289141332995,0.032171440584258915,-0.034981429315088644,541,1
7.651,-2.419274895016865,1.3550480033772883,-0.0008602831225832119,0.021314532929306372,0.023815945751746254,-0.016277201358878616,541,1
7.676,-2.418847024357722,1.3548309167045385,-0.0003665862895198107,0.004758388332790563,-0.02107099428140439,0.006374541283493594,541,1
7.7010000000000005,-2.4190369756002257,1.353994453663218,-0.0005415560584085093,0.02192597737586518,-0.011278932583298524,0.0027909349767796343,541,1
7.726,-2.4177507254889288,1.3542669700753736,-0.00022703954068090413,-0.016383886398925244,0.023050936175770337,0.004338861082002781,541,1
7.751,-2.419856169920172,1.3551470004720065,-0.00032461300430822036,-0.024126337671539575,0.0007260459865543493,-0.003873560441718396,541,1
7.776,-2.4189570423725058,1.3543032723747013,-0.00042071756276689757,0.022740449415561494,-0.00812521997860752,0.0027412254650105534,541,1
7.801,-2.418719147449394,1.3547407394730762,-0.00018755173105752216,-0.006200224682695233,0.003204613829490509,0.00034740453388692533,541,1
7.8260000000000005,-2.4192670536066405,1.3544635030661758,-0.00040334733607257463,-0.022404991190887538,-0.012109079113056297,0.006242107549168119,541,1
7.851,-2.4198393970089382,1.3541352855174233,0.0001245536464007757,-0.005684896681463789,0.0008662976109130613,0.004430140252527097,541,1
7.876,-2.4195512984407137,1.3545068179467215,-0.00018184032344625077,0.009636272012327786,-0.01221686215357125,0.009907638112309804,541,1
7.901,-2.419357583408322,1.3535244424097448,0.0006199355520161997,0.009073681968549996,-0.006430934615706563,0.018612202067416272,541,1
7.926,-2.419097614342286,1.3541852712159361,0.00074876977992437,0.0010632568432988724,0.022307239991290157,-0.024003169641532922,541,1
7.9510000000000005,-2.419304420566157,1.3546398044093093,-0.0005802229300603903,-0.0013321263946419796,0.005557513005327606,-0.028211014720112105,541,1
7.976,-2.4191642206620183,1.3544631468662025,-0.0006617809560813653,0.013256517972442266,-0.024522916945573483,0.028806101132535292,541,1
8.001,-2.418641594667535,1.3534136585620307,0.0008600821265662044,0.005877648615637575,-0.002471365230105613,0.0014551860654510359,541,1
8.026,-2.4188703382312364,1.3543395786046972,-0.0005890216528089691,-0.02413258048880672,0.004710509355549885,-0.020498127213732495,541,1
8.051,-2.419848223691975,1.3536491840298082,-0.00016482423412039068,0.0017436911669576924,-0.003735039916503649,0.011991896583900371,541,1
8.076,-2.4187831536728885,1.354152826608872,1.0573176385965165e-05,0.01338864557352418,0.016351991159124547,-0.013659963870926523,541,1
8.101,-2.419178791413299,1.3544667835877644,-0.0008478224276665476,-0.004602053962763462,0.006112281699244401,0.00657043428938145,541,1
8.126,-2.4190132563710267,1.3544584406938343,0.00033909489085495937,0.01799052870242551,-0.00012538745929547004,0.011095039263127285,541,1
8.151,-2.4182792649781777,1.3544605142147996,-0.00029307046451012496,0.016786431897948022,0.00966259735319039,-0.015380987810793337,541,1
8.176,-2.4181739347761293,1.3549415705614938,-0.00042995449968456946,-0.00934430030747877,-0.024025141300136547,0.02169903863905778,541,1
8.201,-2.4187464799935516,1.3532592571497928,0.0007918814674426275,-0.009458393328864867,-0.011873602008969196,0.013814411349368587,541,1
8.226,-2.4186468544425725,1.3543478904610453,0.00026076606778399625,-0.02117084327994557,-0.0013485973505478488,-0.0019251394139452726,541,1
8.251,-2.419805022157549,1.3531918272822654,0.0006956244967454182,-0.009728285092860597,0.000803728834406509,-0.00920713951423144,541,1
8.276,-2.4191332686972156,1.3543880769027656,-0.00019959090792776612,0.00984424345880072,0.01689965345992282,-0.010827111622448827,541,1
8.301,-2.419312809984609,1.3540368099552615,0.0001542689156228869,-0.007846253900218758,-0.01769250548496501,0.004479320773142995,541,1
8.326,-2.4195255813922265,1.3535034516285174,2.4375130729397576e-05,0.020545840807812674,1.0931696858840056e-05,-0.0047413359715341875,541,1
8.351,-2.418285517944218,1.3540373565401045,-8.279788295362866e-05,-0.00045405510827657285,0.008067430763332334,0.005993597636147058,541,1
8.376,-2.4195482841476403,1.353906823166684,0.0003240550125366502,-0.018580772454317836,0.02054252447915727,-0.00821467198876231,541,1
8.401,-2.419214556566934,1.3550644827640623,-0.0004935314823916944,0.02358166492099267,-0.0012112916650730383,-0.0026673183455460836,541,1
8.426,-2.4183692009015907,1.3538462585834303,0.00019068909525939528,0.005533605399392548,-0.02830518158007904,0.0058471882307919165,541,1
8.451,-2.4189378762969644,1.3536492236850584,-0.00020117207085196655,-0.020475938472816743,-0.0025645474224810973,0.010494254575030688,541,1
8.476,-2.4193929978252315,1.3537180312123063,0.000715401824011031,0.020320029401759577,0.021706991053705344,-0.010743336198500104,541,1
8.501,-2.4179218748268765,1.3547345732377436,-0.0007383388807770346,0.010801938898401761,0.01762770841042409,-0.018095704360803596,541,1
8.526,-2.4188529008803115,1.3545994166328275,-0.00018938339402911492,-0.02301151363773147,-0.02025883560834856,0.012909895516894736,541,1
8.551,-2.419072450508763,1.3537216314573262,-9.284410493232904e-05,0.011765004679853253,-0.002428032682955071,-0.01725147841270289,541,1
8.576,-2.418264650646319,1.3544780149986797,-0.0010519573146644306,-0.015384058755465228,0.006535021043139096,-0.005502053305423893,541,1
8.601,-2.4198416534465363,1.3540483825094831,-0.0003679467702035456,-0.012866733231016444,-0.019762623306199132,0.02578952045460047,541,1
8.626,-2.4189079873078696,1.3534898838333698,0.00023751870806570477,0.02728772887604039,-0.0035351202134537773,0.008067400965368237,541,1
8.651,-2.4184772670027344,1.3538716264988104,3.542327806469861e-05,0.017983480433194386,0.017154360160986683,-0.007368419871287452,541,1
8.676,-2.41800881328621,1.3543476018414191,-0.00013090228549886176,-0.024899803747650752,0.0009605927946853973,0.0005465181640573668,541,1
8.701,-2.419722257190117,1.3539196561385447,6.274918626772598e-05,-0.005402423704365867,-0.005757788154427875,-0.01090210455793701,541,1
8.726,-2.418278934471428,1.3540597124336977,-0.0006760075133957022,0.010438211712946677,-0.022547729255877818,0.01596008766987323,541,1
8.751,-2.4192003466044696,1.3527922696757508,0.0008607535697612589,-0.004819251363184054,0.0036498533885121697,0.0093798084086407,541,1
8.776,-2.4185198970395874,1.3542422051031233,-0.00020701709296354635,-0.018694662383307036,0.03355943796490687,-0.029672328908034305,541,1
8.801,-2.420135079723635,1.3544702415739962,-0.000622862875640307,-0.0005031072099992357,-0.004981608200806882,0.003221542849880475,541,1
8.826,-2.4185450524000873,1.353993124693083,-4.593995046929929e-05,0.002419252595178244,0.004405142145773526,0.001302692510218843,541,1
8.851,-2.420014117093876,1.3546904986812849,-0.0005577282501295819,-0.025951441278265205,0.006010733434980282,-0.0011430446623439637,541,1
8.876,-2.4198426244640006,1.354293661364832,-0.00010309218358666094,0.038671725521909055,-0.022186853840545,-0.0014658474778706278,541,1
8.901,-2.4180805308177806,1.3535811559892577,-0.0006310206240231281,0.021406259044960102,-0.01380389032975307,0.01621192065890375,541,1
8.926,-2.4187723115117525,1.3536034668483443,0.000707503849358578,-0.014375117164071378,0.011778532532167152,0.011758583105887344,541,1
8.951,-2.418799286675984,1.354170082615866,-4.309146872864681e-05,-0.01636396427756791,0.010074834517714704,-0.02834043256035161,541,1
8.976,-2.419590509725631,1.35410720857423,-0.0007095177786591907,0.011800440810754405,-0.003188048595226324,0.0009135973130636383,541,1
9.001,-2.4182092646354465,1.3540106801861047,2.588396924585429e-06,0.015684751180318535,-0.002465170460657137,0.009912049682832203,541,1
9.026,-2.418806272166615,1.3539839500511972,-0.00021391529451763892,-0.019382171659651785,-0.003303518830319827,0.0022604228125544202,541,1
9.051,-2.419178373218429,1.3538455042445887,0.00011560953755243292,-0.01178128743228851,0.00500565347064434,-0.009412500950602842,541,1
9.076,-2.4193953365382295,1.3542342327247294,-0.000684540342047592,-0.002685331700558142,0.007736266146593952,0.001738375046897975,541,1
9.101,-2.419312639803457,1.3542323175519184,0.00020252828989717026,-0.008026466337938304,0.015721070626307013,-0.013569138783360591,541,1
9.126,-2.4197966598551264,1.3550202862560448,-0.0013629972812158075,-0.016467555413202457,-0.006396011461502618,0.003940996255575952,541,1
9.151,-2.420136017574117,1.3539125169788433,0.00039957810267575504,-0.009685170997899424,-0.026051488075946223,0.03346703401239944,541,1
9.176,-2.4202809184050214,1.3537177118522474,0.0003103544194041632,0.021649526629019224,-0.0037582705235105784,-0.0018117258236038678,541,1
9.201,-2.419053541242666,1.3537246034526678,0.00030899181149539464,0.026479977268695956,0.01178250263599062,-0.0161928678251042,541,1
9.226,-2.4189569195415865,1.354306836984047,-0.0004992889718509708,0.0016194970073080473,0.011650187446270692,-0.01493110064953594,541,1
9.251,-2.4189725663923007,1.3543071128249813,-0.0004375632209814244,-0.006742949384062202,-0.01740941154265078,0.031798011473097146,541,1
9.276,-2.4192940670107896,1.3534363664069144,0.0010906116018039392,-0.014860071792366158,-0.0073577047234118014,0.007192814839029791,541,1
9.301,-2.419715569981919,1.3539392275888107,-7.792247902997537e-05,0.022786543655035307,0.008204275316931903,-0.01747251983993589,541,1
9.326,-2.418154739828038,1.353846580172761,0.00021698560980719397,0.015248520830865924,-0.0017652835520109737,0.0035194763316237,541,1
9.351,-2.4189531439403757,1.3538509634112101,9.805133755134221e-05,-0.014633898274150382,-0.00224882593838243,-0.00017744644833506509,541,1
9.376,-2.4188864347417454,1.353734138875842,0.00020811328739047717,-0.013611154741157995,-0.0022857305321766705,0.019928917609038234,541,1
9.401,-2.4196337016774336,1.3537366768846013,0.0010944972180032247,0.0016678528221891517,0.0023925842373317624,-0.004970508781258972,541,1
9.426,-2.418803042100636,1.3538537680877085,-4.0412151672459476e-05,0.001694268850425094,0.017915071423373088,-0.031208791751060172,541,1
9.451,-2.4195489882349124,1.35463243045577,-0.00046594236954996003,-0.017620614518296412,0.003596720008260894,0.002417736521609336,541,1
9.476,-2.4196840728265507,1.3540336040881216,8.047467440780494e-05,0.02657527791932125,-0.021437538474687226,0.014260687221314986,541,1
9.501,-2.4182202243389463,1.3535605535320356,0.00024709199151559967,0.0061740846665971,0.0001959318978173072,0.002848960584325216,541,1
9.526,-2.419375368593221,1.3540434006830124,0.00022292270362427133,-0.027375520987726498,0.002383178671929686,-0.00889412592663051,541,1
9.551,-2.4195890003883327,1.3536797124656321,-0.00019761430481599976,0.012889023745632316,-0.0056863576999254565,-0.001022148573319711,541,1
9.576,-2.4187309174059393,1.3537590827980162,0.00017181527495830883,0.006470302731145147,0.007696470936133683,0.0036195584428710442,541,1
9.601,-2.4192654852517754,1.3540645360124388,-1.663638267228991e-05,-0.005179520581935048,0.021255710096235624,-0.0043357241901454775,541,1
9.626,-2.418989893435036,1.354821868302828,-4.4970934549007095e-05,0.01352161306132722,-0.013859364936066616,0.023546946446844578,541,1
9.651,-2.418589404598709,1.3533715677656355,0.0011607109396700875,0.014795630349153445,-0.005394371465618976,-0.0037100578830528445,541,1
9.676,-2.4182501119175783,1.354552149729547,-0.00023047382870178672,0.011170933540469559,0.01087381140223871,-0.023102812808745935,541,1
9.701,-2.4180308579216856,1.3539152583357474,5.57029923274709e-06,-0.023931568191510537,-0.004348366926554209,0.003042358604856644,541,1
9.726,-2.419446690327154,1.3543347313832192,-7.835589845885352e-05,-0.042644801521972496,0.00577223708456044,-0.009564828599142521,541,1
9.751,-2.420163097997784,1.3542038701899755,-0.000472671130724532,0.007572088796976734,-0.01280194473956025,0.007013357515735102,541,1
9.776,-2.419068085887305,1.3536946341462412,0.0002723119773279741,0.020471592188115714,-0.004628325857769445,0.015540421385855431,541,1
9.801,-2.4191395183883784,1.353972453897087,0.0003043499385683947,0.013297530754252473,0.015857540338575,-0.005798668760990029,541,1
9.826,-2.4184032093495924,1.35448751116317,-1.7621460721624493e-05,0.015522193108558959,0.01778458704304572,-0.020295175157132018,541,1
9.851,-2.4183634087329504,1.3548616832492393,-0.0007104088192882751,0.006384070704737036,-0.020449267587490542,0.005719982529619594,541,1
9.876,-2.4180840058143556,1.3534650477837955,0.0002683776657592133,-0.0062779827195937,-0.027783345092232164,0.02937375079055178,541,1
9.901,-2.41867730786893,1.3534725159946277,0.0007582787202393277,-0.01728109674075082,-0.0076690324922211745,0.007057212543530766,541,1
9.926,-2.418948060651393,1.3530815961591844,0.0006212382929359118,-0.012272938375383726,0.012081534767820307,-0.014105912384492013,541,1
9.951,-2.4192909547876993,1.3540765927330187,5.298310101488501e-05,0.00287768265557982,0.013849088525889978,-0.0032540348830333945,541,1
9.976,-2.418804176518614,1.353774050585479,0.00045853654878414313,0.0007779808733410386,-0.010224853430087718,-0.00820881045817696,541,1
10.001,-2.4192520557440322,1.3535653500615143,-0.0003574574218939796,-0.006056926520141688,0.0064074261804460105,-0.006170550015900521,541,1
10.026,-2.419107022844621,1.3540944218945012,0.00015000904798892072,-0.01582448655760493,0.0026698807302327388,-0.008072085026524674,541,1
10.051,-2.4200432800719125,1.353698844098026,-0.0007610616732203444,0.013041005400502384,0.008147397452984312,-0.0641702698609938,541,1
10.076,-2.418454972574596,1.3545017917671505,-0.003058504445060677,0.04296442691420427,-0.017199661185189653,-0.07037293566451452,540,1
10.101,-2.4178950587262023,1.3528388610387665,-0.004279708456446303,0.03803129232387984,-0.09638692633927565,-0.1016608841745747,541,1
10.126,-2.416553407958402,1.3496824454501868,-0.008141548653789207,0.057565707857857425,-0.13000285215558016,-0.18044329832882008,541,1
10.151,-2.4150167733333094,1.3463387184309876,-0.013301873372886913,0.08723582638031734,-0.160578156562956,-0.2811846312188986,541,1
10.176,-2.412191616639386,1.3416535376220389,-0.022200780214734154,0.16181682999992777,-0.2392096232241558,-0.37334140648842684,541,1
10.201,-2.406925931833313,1.3343782372697797,-0.031968943697308405,0.21880837433710854,-0.330717056257894,-0.4341358348269813,541,1
10.226,-2.4012511979225306,1.325117684809144,-0.043907571956083497,0.29316161094769827,-0.4276373551097825,-0.5116092282012483,541,1
10.251,-2.3922678512859283,1.312996369514291,-0.05754940510737011,0.34531978408882075,-0.5305529534746236,-0.6144847788743621,541,1
10.276,-2.38398520871809,1.2985900371354133,-0.07463181089980077,0.3971629961206645,-0.5998575231138096,-0.7242095207868345,541,1
10.301,-2.372409701479895,1.2830034933586,-0.09375988114671215,0.47149570623134845,-0.6929598475257438,-0.7845189097307403,541,1
10.326,-2.360410423406522,1.2639420447591256,-0.11385775638633837,0.5134251974941433,-0.7874130352766139,-0.8816055920523754,541,1
10.351,-2.3467384416051873,1.2436328415947688,-0.13784016074933167,0.5451040892218489,-0.8683974460386564,-0.9684555650674771,541,1
10.376,-2.3331552189454303,1.2205221724571937,-0.16228053463971118,0.6117387908760593,-0.9496821866139695,-1.0368060448429484,541,1
10.401,-2.316151502061385,1.1961487322640714,-0.18968046299147776,0.6804225361331177,-1.0339391222136194,-1.1153979891437624,541,1
10.426,-2.299134092138774,1.168825216346512,-0.2180504340969002,0.7014021408035453,-1.125279120470008,-1.1972238624374938,541,1
10.451,-2.281081395021207,1.1398847762405702,-0.24954165611335322,0.7394152704064078,-1.174607781497522,-1.2717032927986869,539,1
10.476,-2.262163328618453,1.110094827271635,-0.2816355987368353,0.7912124046975757,-1.244630715439041,-1.294111642362373,535,1
10.501,-2.2415207747863293,1.0776532404686194,-0.31424723823147066,0.855531142461468,-1.332775008965223,-1.3519281839850739,533,1
10.526,-2.2193867714953806,1.0434560768233754,-0.3492320079360874,0.9161468017083111,-1.384571435832618,-1.438702073780573,533,1
10.551,-2.195713434700913,1.0084246686769875,-0.3861823419205002,0.9590145187313533,-1.426553845677869,-1.457048903922426,532,1
10.576,-2.171436045558812,0.9721283845394809,-0.42208445313220955,0.9547328765132821,-1.506837772136885,-1.4608959689761718,532,1
10.601,-2.1479767908752483,0.9330827800701422,-0.45922714036930967,1.0105512042556113,-1.6250257044017493,-1.4442468973971099,529,1
10.626,-2.1209084853460327,0.8908770993193952,-0.4942967980020636,1.104877047454448,-1.635265552511475,-1.491281846213251,526,1
10.651,-2.092732938502527,0.8513195024445702,-0.5337912326799708,1.1174444619166675,-1.6544369879705831,-1.5355393894593976,524,1
10.676,-2.0650362622501985,0.8081552499208648,-0.5710737674750344,1.1223921356968098,-1.7641268741842235,-1.4663957697482002,521,1
10.701,-2.0366133317176858,0.7631131587353578,-0.607111021167382,1.1423048257388861,-1.8148886350000923,-1.4397229378637784,518,1
10.726,-2.0079210209632534,0.7174108181708589,-0.6430599143682244,1.1865208718314233,-1.8379055425449433,-1.4217419231594732,516,1
10.751,-1.9772872881261159,0.6712178816081126,-0.6781981173253543,1.1887497232186326,-1.823515290506229,-1.36900415750578,515,1
10.776,-1.948483534802323,0.6262350536455494,-0.711510122243512,1.1207245160518093,-1.7446761509203874,-1.3199226876426087,513,1
10.801,-1.9212510623235246,0.583984074062092,-0.7441942517074859,1.0516786986319044,-1.6065455389232335,-1.2768391626376014,513,1
10.826,-1.895899599870727,0.5459077766993866,-0.7753520803753929,0.9557863511718521,-1.4609801145215853,-1.2026451584457216,513,1
10.851,-1.8734617447649313,0.5109350683360117,-0.8043265096297729,0.8526970337212307,-1.3420996731069987,-1.1309061945761798,514,1
10.876,-1.8532647481846665,0.4788027930440381,-0.8318973901042005,0.7802823544031978,-1.2083158913303496,-1.0543357316821436,517,1
10.901,-1.8344476270447723,0.45051927376949547,-0.8570432962138791,0.7024032387572177,-1.071159246720518,-0.9690369092334312,517,1
10.926,-1.818144586246805,0.42524483070801145,-0.8803492355658725,0.6007609206766998,-0.9595921652135605,-0.8808382175370396,514,1
10.951,-1.8044095810109368,0.40253966550881676,-0.9010852070907318,0.5113044233796921,-0.8301419231015288,-0.7991967373848905,512,1
10.976,-1.7925793650778201,0.3837377345529344,-0.9203090724351176,0.4541834739486913,-0.6977233101146301,-0.7145047222885622,510,1
11.001,-1.7817004073135028,0.367653500003086,-0.936810443205159,0.39827345770901484,-0.5889767163098539,-0.6063860559208707,508,1
11.026,-1.7726656921923698,0.35428889873744235,-0.9506283752311605,0.32898256257020786,-0.46111068078522177,-0.5291736511298342,505,1
11.051,-1.7652512791849921,0.3445979659638246,-0.9632691257616512,0.2426222647517361,-0.34872322418550267,-0.4360624879970336,503,1
11.076,-1.7605345789547828,0.33685273752816697,-0.9724314996310126,0.13427706535192904,-0.25268106566727705,-0.3420671436788276,501,1
11.101,-1.7585374259173956,0.33196391268046055,-0.9803724829455928,0.07286910036748462,-0.1494062294300423,-0.2645976050432498,501,1
11.126,-1.7568911239364087,0.329382426056665,-0.9856613798831749,0.014137720312073245,-0.020895494974891182,-0.20633784782429826,500,1
11.151,-1.757830539901792,0.330919137931716,-0.9906893753368072,-0.10268908703408318,0.06933961654357014,-0.14609888475103153,501,1
11.176,-1.762025578288113,0.33284940688384357,-0.9929663241207264,-0.11486420234945452,0.14712584095418105,-0.07907710961532531,501,1
11.201,-1.7635737500192648,0.33827542997942517,-0.9946432308175738,-0.09952502087094164,0.2411794560213231,-0.049002884440500355,503,1
11.226,-1.76700182933166,0.3449083796849099,-0.9954164683427513,-0.18979255058779249,0.29780850472705256,-0.014440773292739047,502,1
11.251,-1.7730633775486542,0.3531658552157775,-0.9953652694822106,-0.20465996034043413,0.31777737556426666,0.004521583912664536,505,1
11.276,-1.7772348273486815,0.3607972484631229,-0.9951903891471182,-0.18508486510398117,0.3133710840691528,0.0007712968616768624,506,1
11.301,-1.7823176208038534,0.36883440941923534,-0.9953267046391268,-0.19431699597324661,0.28965244552876557,0.006843052490399418,508,1
11.326,-1.786950677147344,0.37527987073956137,-0.9948482365225984,-0.1965506665672628,0.28868355402301404,-0.006246852407247783,508,1
11.351,-1.7921451541322166,0.38326858712038625,-0.9956390472594894,-0.14792396119112855,0.24344330643341036,-0.004094907718599304,510,1
11.376,-1.7943468752069003,0.38745203606123163,-0.9950529819085285,-0.10322854594493112,0.1468145430672905,0.008215746503301877,510,1
11.401,-1.797306581429463,0.3906093142737506,-0.9952282599343243,-0.06648736005847494,0.08743660683824359,0.00397660327251964,511,1
11.426,-1.797671243209824,0.3918238664031439,-0.9948541517449023,-0.042017076086344154,0.05635429954231972,-0.00014147173019729364,511,1
11.451,-1.7994074352337803,0.39342702925086664,-0.9952353335208342,-0.03048370433709603,0.02744817544605277,-0.006107816213152175,510,1
11.476,-1.799195428426679,0.39319627517544653,-0.99515954255556,0.008803892899562814,-0.01784092566974687,0.004118379649007496,510,1
11.501,-1.7989672405888022,0.3925349829673793,-0.9950294145383837,0.017803433334764685,-0.03459261063294046,-0.004563013947560632,510,1
11.526,-1.7983052567599407,0.39146664464379954,-0.995387693252938,0.0068472734682910735,-0.003372783804976805,-0.0070301487117506835,510,1
11.551,-1.7986248769153876,0.3923663437771305,-0.9953809219739712,-0.022426062226114887,0.006550497543599172,-0.0019051985285755974,510,1
11.576,-1.7994265598712464,0.3917941695209795,-0.9954829531793669,-0.002044429232785887,-0.012807057025469954,0.0018183309404839773,510,1
11.601,-1.798727098377027,0.39172599092585697,-0.995290005426947,-0.0032899370078932214,0.016789001016723006,0.0038528011121475567,510,1
11.626,-1.799591056721641,0.39263361957181564,-0.9952903131237596,0.006810117314044606,0.013318172989478523,0.012233354082731556,510,1
11.651,-1.7983865925113247,0.3923918995753309,-0.9946783377228103,0.006843779774272543,0.002932485629890638,0.007045228202828724,510,1
11.676,-1.7992488677329275,0.3927802438533102,-0.9949380517136183,-0.01851851298269898,0.010247932942389758,-0.010770644561244172,511,1
11.701,-1.7993125181604597,0.3929042962224504,-0.9952168699508723,-0.013769825917546523,0.00779703293515055,-0.004823814847973938,511,1
11.726,-1.7999373590288048,0.3931700955000677,-0.9951792424560172,-0.011716108712831713,0.010478865671638362,-0.0023699362213492284,511,1
11.751,-1.7998983235961012,0.3934282395060323,-0.9953353667619399,0.01082721592712966,0.012459840497582019,0.005199974523657613,511,1
11.776,-1.7993959982324483,0.3937930875249468,-0.9949192437298344,0.021864728829718814,0.0002359742107971263,0.000329805951029267,511,1
11.801,-1.7988050871546153,0.39344003821657214,-0.9953188764643887,-0.006072186065026933,0.018776587840615155,-0.008497464213856765,511,1
11.826,-1.7996996075356997,0.39473191691697757,-0.9953441169405274,-0.0027147642853053325,0.018634144875700767,-0.0016726060645488633,511,1
11.851,-1.7989408253688806,0.3943717454603572,-0.9954025067676163,-0.0009091048518117456,-0.013144814713011158,0.0027103552198682345,511,1
11.876,-1.7997450627782903,0.394074676181327,-0.9952085991795341,-0.015493532105015691,0.003175714911351003,0.004705288260833485,511,1
11.901,-1.7997155019741313,0.39453053120592474,-0.9951672423545748,0.018147666398480054,-0.007121004468841795,0.029707528471147458,512,1
11.926,-1.7988376794583663,0.3937186259578849,-0.9937232227559767,0.03632926283204389,-0.011948503016519892,0.06611667639352076,511,1
11.951,-1.797899038832529,0.39393310605509874,-0.9918614085348988,0.03099318255304029,0.004796110586214806,0.09595995686105005,511,1
11.976,-1.7972880203307142,0.39395843148719567,-0.988925224912924,0.0983031360949148,0.019132222266529518,0.15300172297254883,510,1
12.001,-1.7929838820277835,0.3948897171684252,-0.9842113223862715,0.20784824524974876,0.018473059093400527,0.2194246785080847,510,1
12.026,-1.786895608068227,0.3948820844418657,-0.9779539909875201,0.2948562474446706,0.0110406485281332,0.283354467295243,510,1
12.051,-1.7782410696555497,0.39544174959483186,-0.970043599021509,0.3586754335732405,0.039014685704876206,0.35716800076660277,510,1
12.076,-1.7689618363895647,0.3968328187271095,-0.9600955909491897,0.475374968594504,0.04336459064638692,0.4311564725236866,510,1
12.101,-1.7544723212258242,0.39760997912715124,-0.9484857753953244,0.5800595067119508,0.04070139631646128,0.5156953014608522,510,1
12.126,-1.7399588610539678,0.39886788854293254,-0.9343108258761478,0.6394600969956391,0.06316267971186364,0.6004130903078003,510,1
12.151,-1.722499316376043,0.40076811311274435,-0.918465120879935,0.7785073239015339,0.06050020133072789,0.6796121324764474,510,1
12.176,-1.7010334948588905,0.401892898609469,-0.9003302192523249,0.8922723641275272,0.04989053616866786,0.7767445975001476,511,1
12.201,-1.677885698169666,0.4032626399211778,-0.8796278910049273,0.9715318581944339,0.08680101268126782,0.8479510712148354,523,1
12.226,-1.6524569019491682,0.4062329492435324,-0.8579326656915826,1.0968992163076952,0.08564672168203741,0.921978027939698,536,1
12.251,-1.6230407373542823,0.40754497600527956,-0.8335289896079433,1.1841618071465985,0.08052304191251197,1.001847660169556,541,1
12.276,-1.5932488115918395,0.41025910133915794,-0.8078402826831057,1.2545465525273647,0.10262477987113293,1.0727306121782856,541,1
12.301,-1.5603134097279132,0.4126762149988363,-0.7798924589990283,1.3623409134460813,0.0892056650584759,1.155453521197797,541,1
12.326,-1.5251317659195345,0.4147193845920818,-0.7500676066232149,1.4328777716144954,0.12441448774081977,1.2042738199618348,541,1
12.351,-1.4886695211471874,0.41889693938587735,-0.7196787680009356,1.4991549136572688,0.13988723329370698,1.2455658354186028,541,1
12.376,-1.4501740202366726,0.421713746256767,-0.687789314852286,1.6098778613970566,0.1110611993836154,1.3097805464974157,541,1
12.401,-1.4081756280773363,0.424449999355058,-0.6541897406760663,1.699800652471011,0.12622244023812998,1.3657927223572293,540,1
12.426,-1.3651839876131209,0.4280248682686736,-0.6194996787344237,1.753479501511987,0.15546684080595452,1.3935797877128466,541,1
12.451,-1.3205016530017357,0.43222334139535584,-0.5845107512904231,1.8254740744540994,0.1486956687140485,1.4215337719491992,541,1
12.476,-1.2739102838904146,0.4354596517043761,-0.5484229901369628,1.927622297410957,0.1584341797291678,1.45443003058094,536,1
12.501,-1.22412053813119,0.44014505038181406,-0.5117892497613775,2.006953317058511,0.15008242072912278,1.480746427285911,530,1
12.526,-1.1735626180374912,0.4429637727408321,-0.4743856687726691,2.0402456727545615,0.15362915367027166,1.4688675394563302,527,1
12.551,-1.1221082544934604,0.44782650806532776,-0.4383458727885598,2.123602402298875,0.17789287236794707,1.456826254228926,523,1
12.576,-1.067382497922546,0.4518584163592296,-0.40154435606122174,2.206973738636537,0.16297040275179633,1.4724705068914425,517,1
12.601,-1.011759567561632,0.4559750282029177,-0.36472234744398674,2.2410883466044687,0.17999857422842763,1.460515089919272,514,1
12.626,-0.9553280805923249,0.46085834507065077,-0.3285186015652599,2.2520553690521097,0.16443961839685234,1.4337654739171364,508,1
12.651,-0.8991567991090289,0.46419700912276013,-0.29303407374813123,2.2177708268003444,0.16895169932183854,1.3977215226916664,509,1
12.676,-0.8444395392523061,0.4693059300367428,-0.25863252543067555,2.2827316322088396,0.18501431839950525,1.3264253470668652,510,1
12.701,-0.7850202174985853,0.4734477250427355,-0.226712806394787,2.0137019063199917,0.14467056676141804,1.302840317572444,504,1
12.726,-0.7437544439363051,0.4765394583748138,-0.19349050955205252,1.7448078921603822,0.14260993382607084,1.2740393933517429,510,1
12.751,-0.6977798228905681,0.4805782217340389,-0.1630108367272012,1.7840376862937315,0.15621552454346266,1.1937522807030898,514,1
12.776,-0.6545525596216204,0.4843502346019868,-0.1338028955168995,1.6556951308329046,0.127275371499838,1.1359755171225154,517,1
12.801,-0.6149950663489216,0.4869419903090309,-0.10621206087107457,1.514951567451764,0.1188826735441689,1.0697799481879793,519,1
12.826,-0.5788049812490311,0.4902943682791953,-0.0803138981074998,1.3592743773915246,0.09875794036326295,0.9897745614272982,521,1
12.851,-0.5470313474793445,0.4918798873271941,-0.05672333279970878,1.2082883786624001,0.10049029721584604,0.9137685339388141,520,1
12.876,-0.5183905623159124,0.4953188831399875,-0.03462547141056003,1.0683384556277216,0.10029603238542953,0.8333570144437008,521,1
12.901,-0.4936144246979595,0.4968946889464655,-0.015055482077524808,0.9477823656634431,0.07617337308460928,0.7528011643351267,522,1
12.926,-0.4710014440327396,0.499127551794218,0.003014586806196932,0.8054468068614747,0.06705019748082146,0.6937870014836179,522,1
12.951,-0.4533420843548852,0.5002471988205066,0.019633867996656416,0.6637692017693514,0.041472139823713304,0.5988647425283314,523,1
12.976,-0.43781298394427154,0.5012011587854037,0.032957823932613824,0.5686737373228411,0.05039857000734723,0.4767946494612309,523,1
13.001,-0.42490839748874376,0.5027671273208739,0.04347360046971761,0.4571087549175976,0.04525940914437684,0.41777805819690705,523,1
13.026,-0.41495754619839215,0.5034641292426225,0.05384672684245855,0.33800949464445634,-0.0023678351926558977,0.3461632850614866,523,1
13.051,-0.4080079227565207,0.5026487355612411,0.06078176472279231,0.22453947845051295,0.013635201892254561,0.27701245649862255,523,1
13.076,-0.40373057227586634,0.5041458893372353,0.0676973496673897,0.12840296678039026,0.04220501690616214,0.21325983252911715,523,1
13.101,-0.4015877744175011,0.5047589864065493,0.07144475634924821,0.027399161968528235,0.008179158382724159,0.1512858009772199,523,1
13.126,-0.40236061417743996,0.5045548472563715,0.07526163971625058,-0.08647634349039775,-0.010112371727959639,0.09273415709057017,522,1
13.151,-0.4059115915920209,0.5042533678201513,0.0760814642037764,-0.12097591336931385,-0.011371760825307059,0.05239678424983222,523,1
13.176,-0.40840940984590574,0.5039862592151061,0.07788147892874224,-0.15203708689681134,-0.007494845577795566,0.050669097910133576,522,1
13.201,-0.41351344593686157,0.5038786255412615,0.07861491909928331,-0.20458669672165627,-0.01372153926913347,0.004544326355162489,522,1
13.226,-0.4186387446819887,0.5033001822516494,0.07810869524650058,-0.19608685241545884,0.0012478213244637981,0.011730103483662796,523,1
13.251,-0.4233177885576343,0.5039410166074847,0.07920142427346638,-0.22098542899672197,-0.029093313855240232,0.05738653676754646,522,1
13.276,-0.42968801613182456,0.5018455165588874,0.08097802208487791,-0.21162460429095564,0.001151403973544946,0.14053163098229482,521,1
13.301,-0.43389901877218223,0.5039985868061619,0.0862280058225814,-0.15713694259612,0.056309158156754614,0.2943346629080204,523,1
13.326,-0.43754486326163067,0.5046609744667252,0.09569475523027911,-0.08216669223503498,0.08108023417556671,0.45542593531437764,522,1
13.351,-0.43800735338393404,0.5080525985149403,0.10899930258830076,-0.04074442388027764,0.18109234643231828,0.661628800333732,523,1
13.376,-0.4395820844556445,0.5137155917883409,0.12877619524696518,-0.0016876862538895226,0.28745039141636786,0.9014605900010167,523,1
13.401,-0.4380917376966285,0.5224251180857584,0.15407233208835067,0.03433429261011596,0.3937230268514302,1.1132470209637566,521,1
13.426,-0.4378653698251387,0.5334017431309127,0.18443854629515363,0.07702938293338125,0.4791258194599866,1.3117976721982663,521,1
13.451,-0.4342402685499594,0.5463814090587581,0.21966221569826505,0.1369487748404144,0.5998812818638458,1.5244258524920578,522,1
13.476,-0.43101793108311787,0.5633958072241054,0.2606598389197576,0.15230159555658643,0.6994389479823309,1.731010717122762,520,1
13.501,-0.42662518877213024,0.5813533564578739,0.30621275155440114,0.18433500043582302,0.7904200477891656,1.9079015404760609,521,1
13.526,-0.4218011810613269,0.6029168096135629,0.3560549159435584,0.21120935780028527,0.8959041440889642,2.0915265599556023,518,1
13.551,-0.4160647208821158,0.6261485636623227,0.4107890795521826,0.2656759753763833,0.9790939943999882,2.2788256066907517,520,1
13.576,-0.40851738229250756,0.651871509333563,0.46999619627809763,0.274012716733108,1.059423445593262,2.387073584576351,519,1
13.601,-0.40236408504546023,0.6791197359419866,0.5301427587810018,0.2879024390520208,1.1606846652498184,2.449535623249676,519,1
13.626,-0.3941222603399068,0.7099057425960527,0.5924729774405786,0.3370398919082223,1.2530473729664893,2.5401504717784915,518,1
13.651,-0.38551209045004947,0.7417721045903097,0.6571502823699237,0.33203438891949516,1.29063179109337,2.5824136731400125,518,1
13.676,-0.37752054089393183,0.7744373321507221,0.7215936610975812,0.3777220491883439,1.3396369288934271,2.5642544067288133,516,1
13.701,-0.366625987990632,0.808753951034982,0.7853630027063664,0.3940002676352749,1.4018800490720373,2.539883193150185,517,1
13.726,-0.3578205275121678,0.844531334604325,0.8485878207550922,0.37682294565806546,1.3880709961050914,2.489639302780846,518,1
13.751,-0.34778484070772914,0.8781575008402351,0.9098449678454061,0.36869090793211556,1.3291613390220731,2.3807231410347436,518,1
13.776,-0.3393859821155624,0.9109894015554272,0.9676239778068271,0.3674293638053653,1.287146826622691,2.2648878041103906,518,1
13.801,-0.3294133725174606,0.9425148421713706,1.0230893580509275,0.3638654564325409,1.2435634327932776,2.1381317363358985,517,1
13.826,-0.3211927092939351,0.973167573195092,1.0745305646236236,0.2607239221815845,1.1500987114536034,1.9349961823284803,517,1
13.851,-0.3163771764083812,1.0000197777440516,1.119839167167353,0.24892917135630663,1.021834860090109,1.7417320200315538,517,1
13.876,-0.30874625072612005,1.0242593161995963,1.1616171656251992,0.260787914859959,0.9187796679224709,1.5497927255851505,516,1
13.901,-0.3033377806653835,1.0459587611401742,1.1973288034466087,0.2227517276859094,0.7907920891671626,1.3446355301876598,515,1
13.926,-0.2976086643418244,1.063798920657955,1.2288489421345832,0.1893572058435062,0.6528063101888866,1.1266232877925582,520,1
13.951,-0.2938699203732081,1.078599076649619,1.2536599678362375,0.13245939660493955,0.5132575104417529,0.8686297681165432,522,1
13.976,-0.29098569451157735,1.089461796180043,1.272280430540411,0.10500899877012083,0.39627400157496284,0.6958327410539915,524,1
14.001,-0.28861947043470215,1.0984127767283667,1.288451604888936,0.054028647741232214,0.26454183410627896,0.5140676789612652,524,1
14.026,-0.2882842621245158,1.1026888878853567,1.2979838144884739,0.04049960573477338,0.11408075702364522,0.2878957492227622,524,1
14.051,-0.28659449014796345,1.104116814579549,1.3028463923500742,6.735202576213421e-05,0.033096935930116506,0.1521753535891946,526,1
14.076,-0.2882808945232277,1.1043437346818625,1.3055925821679337,-0.01435018428201797,-0.05227479813055084,0.061365693315850414,526,1
14.101,-0.28731199936206436,1.1015030746730214,1.3059146770158667,-0.016511918804649545,-0.16574328903013488,-0.015328019918854678,526,1
14.126,-0.28910649046346015,1.096056570230356,1.3048261811719908,-0.09302774601056306,-0.21176516046295565,0.0007448963819278889,526,1
14.151,-0.2919633866625924,1.0909148166498739,1.3059519218349633,-0.07973953995736524,-0.22755646662432247,-0.05319345005381595,525,1
14.176,-0.29309346746132847,1.0846787468991397,1.3021665086693,-0.03943664914862476,-0.23746352494881878,-0.18381862209686256,524,1
14.201,-0.2939352191200237,1.0790416404024328,1.2967609907301199,0.023895126251635916,-0.2256006783803256,-0.31522738018390667,523,1
14.226,-0.29189871114874666,1.0733987129801232,1.2864051396601044,0.09429056582407759,-0.17879962113445938,-0.47420685956384945,522,1
14.251,-0.2892206908288199,1.07010165934571,1.2730506477519279,0.187321872413317,-0.10691113336986696,-0.6597063759198959,521,1
14.276,-0.282532617528081,1.06805315631163,1.2534198208641105,0.3243039494816589,-0.09983983587177417,-0.8769195114790893,520,1
14.301,-0.27300549335473673,1.0651096675521212,1.2292046721779726,0.36594328943898835,-0.07166270608525048,-1.0516289192146318,520,1
14.326,-0.26423545305613133,1.0644700210073674,1.2008383749033782,0.48923162741294185,-0.04815743285753558,-1.3017950015671602,520,1
14.351,-0.2485439119840893,1.0627017959092444,1.1641149220996139,0.6151452486247053,-0.05392883342391412,-1.503463201814835,519,1
14.376,-0.23347819062489672,1.0617735793361718,1.1256652148126383,0.7204282483224648,-0.021965733140403756,-1.6718388735796808,520,1
14.401,-0.21252249956796682,1.0616035092522242,1.0805229784206318,0.8490462376915604,-0.02892128334805081,-1.8738930240294671,518,1
14.426,-0.1910258787403181,1.0603275151687692,1.0319705636111636,0.909429490598148,-0.024731386988418796,-2.054010560111716,518,1
14.451,-0.16705102503805877,1.0603669399028033,0.9778224504150447,1.0300219281298382,-0.004405875368891303,-2.2099900851679206,518,1
14.476,-0.13952478233382545,1.0601072214003247,0.921471059352766,1.146378202005699,-0.023204506150267753,-2.3157828390864093,518,1
14.501,-0.10973211493777504,1.05920671459529,0.8620333084607268,1.2233180567299338,-0.0040961987434863,-2.435984811309718,520,1
14.526,-0.07835887949733007,1.0599024114631503,0.7996718187872827,1.2992812153905613,-0.006301580735699108,-2.5187465057161336,520,1
14.551,-0.04476805416824606,1.058891635558505,0.7360959831749184,1.3841438512556572,-0.013557509853296764,-2.563942755679242,520,1
14.576,-0.009151686934546228,1.0592245359704855,0.6714746810033185,1.4545390884203984,-0.0010781869700293557,-2.5866989495888935,519,1
14.601,0.027958900252774893,1.0588377262100035,0.6067610356954719,1.5249676438224609,-0.012254560401765686,-2.5775287992234137,523,1
14.626,0.06709669525657519,1.0586118079503972,0.5425982410421508,1.5226615633841591,0.0051701403964311545,-2.551049366543775,522,1
14.651,0.10409197842198123,1.059096233229825,0.47920856736828576,1.6073476944360303,0.010434116175192928,-2.4844883871330925,521,1
14.676,0.14746407997837785,1.0591335137591569,0.4183738216854944,1.6743422632951095,-0.008048166251790497,-2.386611003894094,522,1
14.701,0.1878090915867379,1.0586938249172355,0.3598780171735793,1.5585376860773388,-0.0014004696532676575,-2.2781279638569116,523,1
14.726,0.2253909642822459,1.0590634902764935,0.30446742349264727,1.4901202821583195,0.019283016957949838,-2.1372636965941285,522,1
14.751,0.2623151056946523,1.059657975765133,0.2530148323438751,1.3398842738414498,2.6812011455490964e-06,-1.9725006028688583,523,1
14.776,0.29238517797431696,1.0590636243365508,0.2058423933492065,1.155242437287032,-0.015739212901610733,-1.7845371624883835,523,1
14.801,0.3200772275590047,1.0588710151200524,0.16378797421945454,1.0424173383548558,-0.0031180755889880897,-1.5992961504942333,524,1
14.826,0.3445060448920605,1.0589077205571014,0.12587758582449382,0.8369461522073488,0.0007164597397624104,-1.4226228234015512,523,1
14.851,0.36192453516937273,1.0589068381070406,0.09265683304937584,0.7400800145069977,-0.0012146292763404434,-1.1960075074353138,524,1
14.876,0.3815100456174096,1.0588469890932843,0.06607721045272953,0.6401917492447321,0.0016059127481860345,-0.9740098898636104,524,1
14.901,0.39393412263160865,1.0589871337444499,0.04395633855619615,0.4129484599300378,0.021314385298145364,-0.7827667422740503,523,1
14.926,0.4021574686139118,1.0599127083581916,0.02693887333902665,0.3019675022940939,0.0115257266318512,-0.5760444887255651,524,1
14.951,0.40903249774631356,1.0595634200760424,0.015154114119917331,0.20800571824019437,-0.027700376670187373,-0.40600547747163906,524,1
14.976,0.41255775452592164,1.0585276895246822,0.006638599465444582,0.07980386339563054,-0.022301702856682346,-0.24968561233049336,524,1
15.001,0.413022690916095,1.0584483349332083,0.0026698335033929705,-0.060831354409121206,0.010105755275442656,-0.12137347937259771,524,1
15.026,0.40951618680546564,1.0590329772884544,0.0005699254968146464,-0.1841351887209371,0.0008184077022743592,-0.05171076613162666,524,1
15.051,0.403815931480048,1.058489255318322,8.42951968113994e-05,-0.21672144400313978,0.011060435230256635,-0.006869967513702848,525,1
15.076,0.3986801146053085,1.0595859990499672,0.00022642712112968508,-0.2773904061332882,0.025791818917606145,-0.007711155308624986,523,1
15.101,0.3899464111733834,1.0597788462642024,-0.00030126256861987656,-0.37399158882077144,-0.004547182423695437,-0.007205557256657767,524,1
15.126,0.3799805351642703,1.0593586399287824,-0.00013385074170332829,-0.2854533209469684,-0.01927681892102614,-0.00027984953920424146,524,1
15.151,0.3756737451260353,1.058815005318151,-0.00031525504558017696,-0.1923147404771925,-0.026037816840740097,-0.006549699052999976,523,1
15.176,0.37036479814041057,1.0580567490867454,-0.0004613356943532844,-0.1344874849357239,-0.01794455590260898,-0.024091249235036128,524,1
15.201,0.368949370879249,1.0579177775230206,-0.0015198175073320077,-0.015353696424204925,-0.015112130394001395,-0.05227730286661828,523,1
15.226,0.3695971133192003,1.0573011425670453,-0.00307520083768445,0.09826093647563915,-0.052395456617629906,-0.04864948113659221,524,1
15.251,0.37386241770303086,1.0552980046921392,-0.003952291564161384,0.2074667944170738,-0.09602078203581703,-0.044911827987813416,524,1
15.276,0.3799704530400538,1.0525001034652546,-0.0053207922370748905,0.3072175336193928,-0.11480844465581011,-0.054515495374340195,524,1
15.301,0.3892232943840007,1.0495575824593486,-0.006678066332878243,0.42507597115810486,-0.13882728951545767,-0.0648682273824521,524,1
15.326,0.4012242515979593,1.0455587389894816,-0.008564203606197538,0.5455921197863001,-0.168201279387523,-0.09370509229628654,524,1
15.351,0.4165029003733161,1.0411475184899723,-0.01136332094769257,0.6536192148368697,-0.1759321149311248,-0.11724367460724389,523,1
15.376,0.4339052123398021,1.0367621332429255,-0.014426387336559808,0.7321501030195355,-0.20450576551665814,-0.12190734023889409,524,1
15.401,0.4531104055242921,1.0309222302141396,-0.017458687959636957,0.8321089057101242,-0.2526949086640426,-0.14111184549970424,524,1
15.426,0.4755106576253089,1.0241273878097232,-0.021481979611545195,0.9470959450315118,-0.27821475709676463,-0.1476662562022636,524,1
15.451,0.5004652027758684,1.0170114923593012,-0.024842000769750162,1.027876602519153,-0.3025597965824735,-0.15516775747112413,528,1
15.476,0.5269044877512673,1.0089993979805993,-0.02924036748510154,1.0899948167348528,-0.3405050992530085,-0.17671981133734627,530,1
15.501,0.5549649436126098,0.9999862373966512,-0.03367799133661749,1.1950779829783154,-0.3462899276313787,-0.18925878542992838,534,1
15.526,0.5866583869001818,0.9916849015990308,-0.03870330675659776,1.3175941525233417,-0.3588557237494243,-0.1963379980250107,537,1
15.551,0.6208446512387779,0.9820434512091797,-0.043494891237867955,1.3670901281875987,-0.40558617274848974,-0.2173224773025653,540,1
15.576,0.6550128933095627,0.971405592961606,-0.04956943062172617,1.4536351769795879,-0.4199818484105473,-0.23379252812272378,541,1
15.601,0.6935264100877583,0.961044358788652,-0.05518451764400425,1.5547691636909209,-0.4254325404891303,-0.2385127879965194,541,1
15.626,0.7327513514941071,0.9501339659371499,-0.061495070021551815,1.5909916080155047,-0.4714831122888919,-0.24700179642531767,541,1
15.651,0.7730759904885318,0.9374702031742079,-0.06753460746527,1.6943836977181896,-0.5004599970510766,-0.2641038577667627,540,1
15.676,0.8174705363800178,0.9251109660845958,-0.07470026290988993,1.8116137398104968,-0.514939105189322,-0.27733408159288647,541,1
15.701,0.8636566774790579,0.9117232479147415,-0.08140131154491445,1.8500771653459473,-0.5188637273911783,-0.28383772720926664,540,1
15.726,0.9099743946473164,0.8991677797150365,-0.0888921492703535,1.8957892522841617,-0.5402611806825712,-0.29030444819564577,540,1
15.751,0.958446140093264,0.8847101888806135,-0.09591653395469626,1.9982017007685764,-0.5751227035627615,-0.2868518326035979,540,1
15.776,1.0098844796857431,0.870411644536899,-0.10323474090053303,2.047890012291,-0.592202046127897,-0.2986909747764923,540,1
15.801,1.0608406407078155,0.8551000865742182,-0.1108510826935212,2.120276552863759,-0.6226165985039067,-0.30538316343863514,541,1
15.826,1.1158983073289326,0.8392808146117032,-0.11850389907246514,2.1747703410616115,-0.6256428256426472,-0.3072002578822764,540,1
15.851,1.1695791577608976,0.8238179452920854,-0.1262110955876354,2.216362384316784,-0.6212798997513657,-0.3106823011423176,539,1
15.876,1.2267164265447694,0.8082168196241356,-0.1340380141295809,2.311714944584829,-0.6456522257900725,-0.3168339181930403,540,1
15.901,1.2851649049901366,0.7915353340025825,-0.14205279149728725,2.3639754100515438,-0.6943743603713494,-0.311550109009624,539,1
15.926,1.3449151970473483,0.7734981016055676,-0.14961551958006225,2.445559382745622,-0.7087387852579395,-0.29755007359047814,540,1
15.951,1.4074428741274194,0.756098394739685,-0.1569302951768112,2.4927384788267215,-0.7008536276386834,-0.3103399961722842,540,1
15.976,1.4695521209886862,0.738455420223633,-0.1651325193886767,2.5409114966854403,-0.7262672170744441,-0.3162291079805745,539,1
16.001,1.5344884489616932,0.7197850338859623,-0.17274175057584018,2.5995578104126182,-0.7401597866518352,-0.30181122294677043,539,1
16.026,1.5995300115093143,0.701447430891042,-0.18022308053601493,2.59494731005074,-0.7399347817620726,-0.2969357332883584,538,1
16.051,1.6642358144642229,0.6827882947978607,-0.1875885372402574,2.5953454100962046,-0.7298311713408253,-0.27549788558619387,540,1
16.076,1.7292972820141264,0.6649558723240002,-0.19399797481532496,2.5239666007330492,-0.722022330102233,-0.28762365822043756,539,1
16.101,1.7904341445008771,0.6466871782927486,-0.20196972015127965,2.4350601751586662,-0.7188536231966056,-0.295280662597466,540,1
16.126,1.8510502907720614,0.6290131911641694,-0.20876200794519834,2.3322088059802204,-0.6921949569996534,-0.27215766355423165,539,1
16.151,1.9070445847998898,0.6120774304427654,-0.2155776033289913,2.1800472396776844,-0.5848883339376586,-0.23058986611448762,539,1
16.176,1.9600526527559394,0.5997687744672882,-0.22029150125092198,2.0066299618318233,-0.5473578285242031,-0.23350167019812518,538,1
16.201,2.0073760828914824,0.5847095390165549,-0.22725268683889766,1.8061710973169607,-0.562854504393183,-0.2488741713569951,539,1
16.226,2.0503612076217888,0.5716260492476286,-0.23273520981877202,1.6904822910187471,-0.4958490298914216,-0.22470321806987173,540,1
16.251,2.091900197442421,0.5599170875219834,-0.23848784774239132,1.581820806506111,-0.44312325583583373,-0.20065866422134418,541,1
16.276,2.1294522479470954,0.5494698864558366,-0.2427681430298396,1.4358108323054726,-0.4255343509037022,-0.19371228987774317,540,1
16.301,2.1636907390576905,0.5386403699767995,-0.24817346223627773,1.3508948472685298,-0.39051074282340115,-0.19078743394328418,540,1
16.326,2.196996990310523,0.5299443493146663,-0.2523075147270041,1.2400374979797582,-0.3668164191551285,-0.16863105452192367,540,1
16.351,2.2256926139566793,0.5202995490190429,-0.2566050149623741,1.0903731573388176,-0.31992294582081404,-0.1570167388908561,539,1
16.376,2.2515156481774645,0.5139482020236253,-0.26015835167154694,0.9935473295153711,-0.26026581879690164,-0.12620641038652278,540,1
16.401,2.2753699804324485,0.5072862580791976,-0.2629153354817002,0.8801746341337114,-0.26386489248558964,-0.12734129913590855,539,1
16.426,2.2955243798841476,0.5007549573993466,-0.26652541662834195,0.7420516894805101,-0.18906079319963529,-0.10618978303304898,538,1
16.451,2.3124725649064746,0.4978332184192157,-0.2682248246333527,0.6183879013172789,-0.17547312430036793,-0.09413574834682281,538,1
16.476,2.326443774950012,0.4919813011843281,-0.27123220404568305,0.5228768743018201,-0.17871186570105857,-0.09449772956974777,539,1
16.501,2.338616408621566,0.48889762513416263,-0.2729497111118403,0.4039336054523122,-0.09607562164583225,-0.05694426245735603,538,1
16.526,2.346640455222628,0.4871775201020364,-0.2740794171685509,0.29824098775031255,-0.06403922312622354,-0.05825614408914934,539,1
16.551,2.3535284580090807,0.48569566397785163,-0.27586251831629754,0.21357174719475988,0.01373513223716574,-0.046206512649140004,538,1
16.576,2.357319042582366,0.4878642767138947,-0.276389742801008,0.11656895066479768,0.04932644140038508,-0.020124664135039154,538,1
16.601,2.3593569055423207,0.4881619860478709,-0.2768687515230494,0.0358820530694443,0.007995090912814471,-0.03443908010439984,539,1
16.626,2.3591131452358383,0.48826403125953544,-0.27811169680622816,-0.05256826312331522,0.03833330503107913,-0.026117590023905974,539,1
16.651,2.356728492386155,0.4900786512994249,-0.2781746310242446,-0.06925855701907796,0.045578126504079254,-0.003419182758159972,539,1
16.676,2.3556502173848846,0.49054293758473927,-0.27828265594413626,-0.10060084826843364,0.01798385555122769,-0.0036642426939969587,538,1
16.701,2.351698449972733,0.4909778440769863,-0.27835784315894446,-0.1610499819872379,0.008694907274528917,-0.0022838718779638286,538,1
16.726,2.3475977182855226,0.4909776829484657,-0.2783968495380343,-0.17407209817283695,-0.01384304044203402,-0.00716256747853795,539,1
16.751,2.342994845064091,0.4902856920548846,-0.27871597153287114,-0.1750225095712185,0.05140466736275922,0.0233768335759873,539,1
16.776,2.3388465928069615,0.4935479163166037,-0.27722800785923496,-0.18501104632268892,0.04721290999379948,0.01287119576916924,537,1
16.801,2.3337442927479572,0.49264633755457443,-0.2780724117444128,-0.17398318125021214,-0.01717070657578066,-0.021732084299692336,538,1
16.826,2.3301474337444508,0.4926893809878147,-0.2783146120742197,-0.14516190179871175,0.004378879419892838,-0.003257603170370114,539,1
16.851,2.3264861976580216,0.4928652815255691,-0.27823529190293134,-0.14529399520170977,-0.0016816653332962545,-0.007906727196056338,538,1
16.876,2.322882733984365,0.49260529772114986,-0.2787099484340226,-0.10206873056065678,0.013738219646479503,-0.005021803726288283,540,1
16.901,2.3213827611299886,0.49355219250789306,-0.27848638208924587,-0.04068052307286916,0.03672599081823478,0.015898445574197076,539,1
16.926,2.320848707830722,0.4944415972620615,-0.2779150261553128,-0.047165811447155585,0.014949111547629467,0.005322084395915563,539,1
16.951,2.319024470557631,0.49429964808527455,-0.27822027786945,-0.045883473810989686,0.0021195019119102077,-0.002862358831725546,539,1
16.976,2.3185545341401723,0.494547572357657,-0.27805814409689894,-0.018005395583964044,-0.009882481854110862,-0.003225718209289806,539,1
17.001,2.3181242007784326,0.493805523992569,-0.27838156377991424,-0.009331526380700207,0.0008308223279107511,-0.004874845209448184,539,1
17.026,2.3180879578211373,0.49458911347405254,-0.2783018863573713,-0.008135313698929744,0.0054433518267674496,-0.001182319867494353,539,1
17.051,2.317717435093486,0.49407769158390735,-0.2784406797732891,0.002063630332838044,0.02983946678016338,0.011731767166826945,539,1
17.076,2.318191139337779,0.49608108681306073,-0.2777152979990298,-0.0025974461017419146,-0.0033696176415209467,-0.0037295712737960866,537,1
17.101,2.317587562788399,0.4939092107018313,-0.2786271583369791,-0.009966246478976117,-0.03324346522997798,-0.009183302137927155,539,1
17.126,2.3176928270138304,0.4944189135515618,-0.27817446310592625,-0.0064066669629435835,0.0020727900157590778,0.005986287901000779,539,1
17.151,2.317267229440252,0.49401285020261926,-0.2783278439419292,-0.015544008435687035,-0.01199571882114238,-0.009707310203933003,539,1
17.176,2.316915626592046,0.4938191276105047,-0.27865982861612276,-0.005200569855610053,0.01980452723005371,0.0057358475325663145,539,1
17.201,2.3170072009474714,0.49500307656412196,-0.2780410515653007,0.009245317707708846,0.007350398440286628,0.004932546362805753,538,1
17.226,2.3173778924774315,0.49418664753251906,-0.2784132012979824,0.000736212674423687,-8.931472271988966e-05,-0.004543939566294888,539,1
17.251,2.3170440115811926,0.49499861082798596,-0.2782682485436156,0.02266929386761841,0.023321919669470836,0.015024538001026997,538,1
17.276,2.3185113571708125,0.4953527435159926,-0.2776619743979309,0.0025787200706962965,-0.011287668275483196,0.002106580784584486,537,1
17.301,2.3171729475847274,0.49443422741421184,-0.27816291950438626,-0.028213807896353013,-0.023313343142855273,-0.01177477579864733,538,1
17.326,2.317100666775995,0.49418707635884984,-0.2782507131878633,0.0013131195409510168,-0.0053690059338983645,-0.005838110837199567,539,1
17.351,2.317238603561775,0.4941657771175169,-0.2784548250462461,0.009130688292424563,-0.004775794109479413,0.003621112918104023,539,1
17.376,2.317557201190616,0.49394828665337587,-0.27806965754195834,-0.00732259211013709,-0.01690526992876727,0.013517135435056978,539,1
17.401,2.316872473956268,0.49332051362107854,-0.2777789682744933,-0.0076290813029449185,-0.0006242907714848832,0.03851484318249773,540,1
17.426,2.317175747125469,0.4939170721148016,-0.27614391538283367,-0.02740390687141453,0.014452009841113628,0.10609120082864924,539,1
17.451,2.3155022786126973,0.49404311411313423,-0.2724744082330607,-0.05985215203386488,0.059436673517808944,0.20512637916078866,539,1
17.476,2.3141831395237755,0.4968889057906921,-0.2658875964247943,-0.0974735394610246,0.02727921683216078,0.2755463556418341,537,1
17.501,2.310628601639646,0.4954070749547423,-0.25869709045096884,-0.18650376765053614,0.005782725270604334,0.3615254618736012,539,1
17.526,2.3048579511412486,0.49717804205422234,-0.24781132333111397,-0.23788778869099156,0.050085928211666755,0.4840506693061828,538,1
17.551,2.298734212205097,0.4979113713653255,-0.23449455698566093,-0.3044539729923158,0.08955196035421814,0.6294136128888449,539,1
17.576,2.2896352524916326,0.5016556400719333,-0.2163406426866712,-0.4385919581400648,0.10816729168958551,0.7517674559891834,538,1
17.601,2.2768046142980936,0.5033197359498048,-0.1969061841862012,-0.5619784430151151,0.16401781032124407,0.9029145568238888,540,1
17.626,2.2615363303408764,0.5098565305879956,-0.17119491484547628,-0.6369328558314711,0.21163726249651715,1.0688991066070335,539,1
17.651,2.2449579715065195,0.5139015990746308,-0.14346122885584858,-0.7358769811313578,0.1780155143227681,1.207998971834667,539,1
17.676,2.2247424812843106,0.5187573063041335,-0.11079496625374619,-0.8482608495683287,0.23175954583897765,1.3906404512594752,540,1
17.701,2.2025449290281025,0.5254895763665799,-0.07392920629287378,-0.945800797647176,0.288963107089402,1.533916640987552,540,1
17.726,2.177452441401951,0.5332054616586038,-0.034099134204367526,-1.0282981130500821,0.2658863247158212,1.6659438617521556,541,1
17.751,2.1511300233755977,0.5387838926023711,0.009367986794735285,-1.119973957623916,0.31521964836082267,1.8553115477287643,541,1
17.776,2.1214537435207546,0.5489664440766452,0.058666443182071815,-1.2000503559082947,0.3735854184834965,2.0287413169808133,540,1
17.801,2.0911275055801863,0.5574631635265449,0.11080505264377025,-1.2928515708448256,0.3784164199336683,2.17684458495619,540,1
17.826,2.0568111649785124,0.5678872650733289,0.1675086724298827,-1.3821338190552694,0.39508142207968494,2.3192622327114814,539,1
17.851,2.022020814627422,0.5772172346305294,0.22676816427934582,-1.4619992921277505,0.38924003362622916,2.448610578088105,539,1
17.876,1.9837112003721238,0.5873492667546406,0.28993920133428985,-1.5292081968341091,0.4502155595786819,2.596178854420027,541,1
17.901,1.9455604047857153,0.5997280126094638,0.35657710700034884,-1.5987483253057386,0.47917983101885503,2.7211186942569956,541,1
17.926,1.9037737841068414,0.611308258305582,0.42599513604713174,-1.7274671842094567,0.49404272272238503,2.8449009775134155,541,1
17.951,1.8591870455752413,0.6244301487455834,0.49882215587602174,-1.7853435521138041,0.5200635274793078,2.972759941713836,541,1
17.976,1.81450660650115,0.6373114346795478,0.5746331331328258,-1.8211085791120503,0.5027627170066569,3.058382821719726,541,1
18.001,1.7681316166196375,0.6495682845959166,0.6517412969620102,-1.9089525141118675,0.5500839545697056,3.1741262044179477,541,1
18.026,1.7190589807955552,0.6648156324080334,0.7333394433537255,-1.9703312322214526,0.5678471690942456,3.258769422594384,541,1
18.051,1.6696150550085704,0.6779606430506273,0.8146797680917202,-2.0149101154216247,0.5662671488786573,3.2957950117312396,541,1
18.076,1.6183134750244725,0.6931289898519667,0.8981291939402897,-2.088559925727546,0.6441893896519233,3.3971222719271537,541,1
18.101,1.5651870587221917,0.7101701125332239,0.9845358816880805,-2.167070773110025,0.6518617301208304,3.446081004719379,541,1
18.126,1.5099599363689697,0.7257220763580087,1.070433244176261,-2.299387194425429,0.636741768761022,3.459579920385871,541,1
18.151,1.4502176990009186,0.7420072009712755,1.1575148777073767,-2.325954589485341,0.6698629742991361,3.481978936354813,541,1
18.176,1.3936622068947093,0.7592152250729636,1.2445321909939917,-2.3091719267123993,0.6863037260101348,3.497129396863693,541,1
18.201,1.334759102665297,0.7763223872717827,1.3323713475505639,-2.418066152986477,0.6980109143538894,3.514710012161956,541,1
18.226,1.2727588992453838,0.7941157707906585,1.4202676916020922,-2.465169876712881,0.7339706348824688,3.4918836132142186,540,1
18.251,1.2115006088296512,0.8130209190159067,1.5069655282112773,-2.4967510910162893,0.756257662637441,3.4684743129424196,541,1
18.276,1.1479213446945675,0.8319286539225311,1.5936914072492159,-2.5793661701072335,0.72720410842701,3.4522468753834543,541,1
18.301,1.0825323003242968,0.8493811244372551,1.6795778719804402,-2.610628146013519,0.7365927558030168,3.394669042556511,541,1
18.326,1.0173899373938897,0.8687582917126825,1.7634248593770439,-2.58621108405615,0.7670516832972065,3.307786536097807,540,1
18.351,0.9532217461214875,0.887733708602116,1.8449671987853329,-2.543249605896016,0.752344245572925,3.251020086986605,540,1
18.376,0.8902274570990871,0.9063755039913293,1.9259758637263764,-2.4353497595763316,0.7092309751044322,3.155111592995263,541,1
18.401,0.8314542581426692,0.9231952573573381,2.002722778435098,-2.301865927453799,0.653746761781388,3.0444642659835486,540,1
18.426,0.7751341607264037,0.9390628420803968,2.078199077025545,-2.177010500097063,0.6315762363019782,2.978248112323769,540,1
18.451,0.7226037331378145,0.9547740691724375,2.1516351840512886,-2.0450643790315315,0.5939241913742026,2.8930425332528684,541,1
18.476,0.6728809417748257,0.9687590516491074,2.2228512036881907,-1.865309049156876,0.5244555758005457,2.7208604784152493,540,1
18.501,0.6293382806799693,0.9809968479624651,2.287678207972053,-1.6714408916709973,0.467639622535827,2.5507998088877395,541,1
18.526,0.5893088971912747,0.992141032775899,2.3503911941325795,-1.576570459523675,0.426101256701916,2.4590253412306207,537,1
18.551,0.5505097577037901,1.0023019107975597,2.410629475033577,-1.4717363517582185,0.3964072146960917,2.31523595767053,533,1
18.576,0.5157220796033627,1.011961393510704,2.4661529920161076,-1.3361283976102398,0.3939405420118535,2.179525627669796,530,1
18.601,0.4837033378232771,1.0219989378981527,2.5196057564170684,-1.2094174523450403,0.3774625450163995,2.025275477815869,526,1
18.626,0.4552512069861098,1.0308345207615242,2.5674167659069025,-1.0927707065729697,0.30685022395148925,1.8415265963605791,524,1
18.651,0.42906480249462786,1.0373414490957273,2.6116820862350987,-1.0018798069932302,0.27296517607630966,1.688813269306289,523,1
18.676,0.40515721663645116,1.0444827795653389,2.651857429372212,-0.8969207130020435,0.26201888512543975,1.5330428825260927,524,1
18.701,0.38421876684452505,1.0504423933519995,2.6883342303614044,-0.8049918375277573,0.21632777134417716,1.3796750642953075,524,1
18.726,0.3649076247600627,1.0552991681325479,2.7208411825869785,-0.7074044851442706,0.19251413695694444,1.2220707536573365,522,1
18.751,0.348848542587311,1.0600681001998469,2.749437768044272,-0.5906196432446102,0.16919972167422895,1.050747756332407,525,1
18.776,0.3353766425978318,1.0637591542162594,2.7733785704035996,-0.4890050357106868,0.1158213989468159,0.9072820329680537,524,1
18.801,0.32439829080177807,1.0658591701471873,2.794801869692672,-0.3725688961033183,0.10899511821904473,0.7719476329732068,523,1
18.826,0.3167481977926656,1.0692089101272118,2.8119759520522605,-0.27552037781408184,0.07862100627725409,0.6209117535515497,524,1
18.851,0.3106222719110738,1.06979022046105,2.82584745737025,-0.18931347249465721,0.054187746538908795,0.4946289903888719,522,1
18.876,0.3072825241679326,1.0719182974541572,2.8367074015717044,-0.10128594763512988,0.04253513128566972,0.3789837636796402,523,1
18.901,0.3055579745293172,1.0719169770253336,2.8447966455542324,-0.012566504644447467,-0.013808104930258198,0.26959928081600393,521,1
18.926,0.3066541989357103,1.0712278922076444,2.850187365612504,0.05540395637755357,-0.05322455558684971,0.1933621041710393,524,1
18.951,0.30832817234819493,1.069255749245991,2.8544647507627845,0.10427923652621758,-0.050530730804600306,0.11757752884596517,521,1
18.976,0.31186816076202123,1.0687013556674143,2.856066242054802,0.15101611328780082,-0.025864023606203178,0.038579865286826893,523,1
19.001,0.3158789780125851,1.067962548065681,2.856393744027126,0.1522445922019378,-0.05010252211597716,0.007338043701698889,522,1
19.026,0.31948039037211823,1.0661962295616154,2.856433144239887,0.17985945382597812,-0.05930854174226567,-0.009007954695672794,523,1
19.051,0.32487195070388347,1.0649971209785678,2.8559433462923423,0.18662311078163807,-0.046916377230203254,0.004658192653534888,523,1
19.076,0.32881154591120026,1.0638504107001052,2.856666053872564,0.1489492344186839,-0.05065632777019252,0.03784241551059554,523,1
19.101,0.3323194124248178,1.0624643045900581,2.857835467067872,0.13131184366439488,-0.04898895551677482,0.0484550469458249,524,1
19.126,0.3353771380944201,1.0614009629242664,2.859088806219855,0.05276574176667084,-0.03932544224840517,0.07503203172909316,524,1
19.151,0.33495769951315135,1.0604980324776379,2.8615870686543268,-0.06806785092236033,-0.0353208919149648,0.12815685921255432,523,1
19.176,0.3319737455483023,1.0596349183285183,2.8654966491804825,-0.1678869627089717,-0.025599949354390885,0.1572867612153028,524,1
19.201,0.32656335137770265,1.0592180350099183,2.869451406715092,-0.2824912676168183,-0.0023137170289766144,0.18583929621957387,523,1
19.226,0.31784918216746116,1.0595192324770695,2.8747886139914614,-0.40946755992339295,-0.020373702727427268,0.25519720031637577,523,1
19.251,0.3060899733815327,1.058199349873547,2.882211266730911,-0.5211301407292793,-0.017563612891544372,0.2970163892220825,523,1
19.276,0.2917926751309968,1.0586410518324922,2.8896394334525657,-0.6140220481638374,0.005098783748272174,0.3218350175493173,523,1
19.301,0.2753888709733426,1.0584542890609605,2.898303017608376,-0.7024458962835101,0.005110835851396194,0.36365115077390636,522,1
19.326,0.2566703803168208,1.058896593625062,2.9078219909912613,-0.8203002028650835,-0.02265037638466939,0.4284540958155364,523,1
19.351,0.23437386083008782,1.057321770241727,2.919725722399153,-0.94288411543877,-0.014276756176312208,0.46147303597674727,522,1
19.376,0.20952617454488165,1.0581827558162464,2.930895642790099,-1.0189667437966432,0.023597095848488455,0.4819161369667689,524,1
19.401,0.18342552364025494,1.0585016250341515,2.943821529247492,-1.1206959845441138,-0.005470030709893469,0.50692093368782,523,1
19.426,0.15349137531767915,1.0579092542807518,2.9562416894744885,-1.2329777983791739,-0.0017813950240608025,0.5227945941127047,522,1
19.451,0.12177663372129537,1.0584125552829484,2.9699612589531275,-1.3029744502113625,0.019092937063622535,0.5543929157564086,520,1
19.476,0.0883426528071101,1.058863901133933,2.9839613352623093,-1.384150263175724,4.106838642936536e-05,0.5557213508119317,519,1
19.501,0.052569120562508176,1.0584146087022699,2.9977473264937244,-1.4625350421535301,0.018897531039039083,0.5418128816123259,513,1
19.526,0.01521590069943254,1.0598087776858849,3.011051979342926,-1.5332910616232907,0.03290433539901293,0.5443353934694927,509,1
19.551,-0.024095432518652,1.0600598254722204,3.0249640961671975,-1.5759082967367055,-0.01183983204169775,0.5490546011189779,512,1
19.576,-0.06357951413740386,1.0592167860838,3.0385047093988753,-1.5757588932391238,-0.019487864528792975,0.5229638952135677,518,1
19.601,-0.1028833771806093,1.0590854322457808,3.0511122909278763,-1.555196939994559,0.03128610213236582,0.49043682698107294,519,1
19.626,-0.1413393611371329,1.0607810911904183,3.0630265507479293,-1.492604851717698,0.03847670777494761,0.48243110366565234,518,1
19.651,-0.17751361976649527,1.0610092676345282,3.0752338461111592,-1.3974363410811803,-0.018502227342104213,0.450110178309896,518,1
19.676,-0.21121117819118795,1.0598559798233131,3.085532059663423,-1.2693667673991702,0.00601717875386312,0.39560730716544307,519,1
19.701,-0.24098195813645468,1.0613101265722213,3.0950142114694317,-1.114788806606983,0.011492665636443192,0.37539966510844813,517,1
19.726,-0.2669506185215379,1.0604306131051353,3.1043020429188455,-0.9658392908746645,0.0015451357673023972,0.3298544092273701,519,1
19.751,-0.2892739226801886,1.0613873833605865,3.1115069319308004,-0.840960887764173,0.0217971814393533,0.2761348398034574,519,1
19.776,-0.30899866290974715,1.061520472177103,3.1181087849090185,-0.7009112729094812,-0.006640382306782144,0.24707273190136175,521,1
19.801,-0.32431948632566066,1.0610553642452474,3.123860568525868,-0.5434377448648386,-0.017368982762464322,0.20040110600870234,521,1
19.826,-0.33617055015298947,1.0606520230389798,3.128128840209454,-0.41536851294615007,-0.0032250976328107124,0.14368739938989145,522,1
19.851,-0.34508791197296845,1.0608941093636068,3.1310449384953625,-0.2865709339607995,-0.013691503749448747,0.11058947116419147,522,1
19.876,-0.35049909685102965,1.0599674478515073,3.1336583137676635,-0.15922135162005907,0.0003823402128544319,0.0774886853103396,522,1
19.901,-0.3530489795539715,1.0609132263742496,3.1349193727608795,-0.03615906261395058,0.013786948789747629,0.03993237627666573,522,1
19.926,-0.35230704998172707,1.0606567952909947,3.1356549325814966,0.07706147430476042,0.010569240667654816,0.013954706637422178,522,1
19.951,-0.34919590583873344,1.0614416884076323,3.1356171080927506,0.16053993003696249,-0.00010535231249608607,0.010379292498203649,523,1
19.976,-0.34428005347987883,1.0606515276753699,3.136173897206407,0.21667641691640063,-0.0188957332969772,0.020954634154035347,522,1
20.001,-0.33836208499291326,1.0604969017427834,3.1366648398004524,0.24328796730766475,-0.0029304624122694217,0.05226311950210875,523,1
20.026,-0.3321156551144954,1.0605050045547564,3.1387870531815123,0.25382173269640873,-0.01154407737507034,0.14248207395602208,522,1
20.051,-0.32567099835809354,1.05991969787403,-3.139396363681333,0.21146438652381339,-0.05582018341757343,0.29790964048677115,521,1
20.076,-0.3215424357883046,1.0577139953838777,-3.129502771973735,0.17018161171566717,-0.10828727085801694,0.4829808148847923,519,1
20.101,-0.31716191777231006,1.054505334331129,-3.115247322937093,0.12703315090367193,-0.1784679571656397,0.6745572333943077,520,1
20.126,-0.3151907782431209,1.0487905975255956,-3.0957749103040193,0.06489645630840998,-0.27051442765782036,0.9084543294905738,519,1
20.151,-0.3139170949568895,1.0409796129482378,-3.069824606462564,0.002038838896565425,-0.39044956920249785,1.1486266313895697,517,1
20.176,-0.31508883629829265,1.0292681190654718,-3.038343578734544,-0.05488321372554428,-0.4679430093489878,1.364873609936888,515,1
20.201,-0.3166612556431668,1.017582462480788,-3.0015809259657185,-0.09003137686910395,-0.558658072092789,1.5973019447156696,515,1
20.226,-0.3195904051417479,1.001335215460832,-2.9584784814987595,-0.12299894883381282,-0.6942041493651264,1.8308072922589698,517,1
20.251,-0.3228112030848575,0.9828722550125313,-2.9100405613527687,-0.1817547304280794,-0.7642300162699802,2.0341068692000763,515,1
20.276,-0.328678141663152,0.9631237146473324,-2.856773138038754,-0.2058100587546369,-0.8651411189921724,2.208418828586344,517,1
20.301,-0.33310170602258876,0.9396151990629251,-2.7996196199234578,-0.21363324719024276,-0.9717173440609401,2.3820826063361817,517,1
20.326,-0.3393598040226643,0.9145378474442847,-2.7376690077219434,-0.280789359605224,-1.0622873735364906,2.527250155479041,517,1
20.351,-0.34714117400285016,0.8865008303860998,-2.673257112149504,-0.29354753322946153,-1.1308632273034287,2.618679788662533,518,1
20.376,-0.3540371806841376,0.8579946860791124,-2.606735018288815,-0.3041490984703866,-1.2269401545665628,2.6987183023819457,518,1
20.401,-0.3623486289263697,0.8251538226577708,-2.5383211970304047,-0.35143890474839234,-1.3155503107098958,2.725967243789635,517,1
20.426,-0.3716091259215562,0.7922171705436214,-2.470436656099341,-0.37006595472995923,-1.3698146102792346,2.7253456401024736,517,1
20.451,-0.38085192666286793,0.7566630921438081,-2.402053915025279,-0.41564649450826907,-1.4222578344931522,2.7068290130418196,518,1
20.476,-0.39239145064696995,0.7211042788189628,-2.335095205447248,-0.3788949584518077,-1.400372547924389,2.6417411158722692,517,1
20.501,-0.3997966745854586,0.6866444647475877,-2.2699668592316637,-0.344308863267206,-1.3930935340434993,2.553927006605478,519,1
20.526,-0.4096068938103305,0.6514496021167868,-2.2073988551169723,-0.4215632115464081,-1.3744536931945466,2.4394964598616085,517,1
20.551,-0.4208748351627778,0.6179217800878642,-2.1479920362385903,-0.3721406254904461,-1.2937188378853264,2.279277049026905,519,1
20.576,-0.42821392508485306,0.5867636602225196,-2.0934350026656254,-0.2987925661836701,-1.1955797610215908,2.0752604031332096,527,1
20.601,-0.4358144634719615,0.5581427920367839,-2.0442290160819283,-0.2871664516338682,-1.0982548138790738,1.8958118734720573,535,1
20.626,-0.4425722476665467,0.5318509195285651,-1.998644408992021,-0.2676006849971408,-0.9500042885527835,1.7042460154217511,541,1
20.651,-0.44919449772181874,0.510642577609144,-1.9590167153108395,-0.2006777660428863,-0.8070225427405112,1.4725270501354741,540,1
20.676,-0.4526061359686904,0.49149979239154185,-1.9250180564852515,-0.17538892747419682,-0.6868136427649276,1.1931132427305622,541,1
20.701,-0.4579639440955287,0.47630189547089713,-1.8993610531743106,-0.1606993285015978,-0.5342325677663331,0.9537324864827077,541,1
20.726,-0.46064110239377043,0.4647881640032248,-1.8773314321611154,-0.09449625374192115,-0.40447863726586797,0.7574540091214103,541,1
20.751,-0.46268875678262483,0.45607796360760344,-1.8614883527182398,-0.0751122414393424,-0.2877713321473344,0.5062582887601791,540,1
20.776,-0.4643967144657376,0.4503995973958579,-1.8520185177231059,-0.06886453253070526,-0.16603778574975803,0.30088743987496547,541,1
20.801,-0.4661319834091599,0.447776074320116,-1.8464439807244921,-0.004218025241567942,-0.044109018017709986,0.21677580660658305,541,1
20.826,-0.464607615727816,0.44819414649497236,-1.8411797273927766,0.05779799153068617,0.07099585258348871,0.13719624539316994,541,1
20.851,-0.46324208383262555,0.4513258669492905,-1.8395841684548335,0.053360985109789726,0.14716911431153404,0.009364348731226579,541,1
20.876,-0.4619395664723265,0.45555260221054916,-1.8407115099562152,0.07297683126849981,0.21508383325690744,-0.04592354556013524,541,1
20.901,-0.4595932422692005,0.462080058612136,-1.8418803457328405,0.038993971034682044,0.26120547704188407,-0.06047727763697341,541,1
20.926,-0.4599898679205925,0.4686128760626426,-1.8437353738380635,0.04166038720821493,0.21820071186792211,-0.14515652387438366,541,1
20.951,-0.45751022290878973,0.4729900942055323,-1.8491381719265598,0.04673403883089167,0.19804775035013042,-0.2980910896901581,541,1
20.976,-0.45765316597904787,0.4785152635801493,-1.8586399283225716,-0.06959961723306386,0.20991890574359165,-0.4803001944724559,541,1
21.001,-0.460990203770443,0.483486039492712,-1.8731531816501827,-0.18048990901975837,0.16349996921890309,-0.651669125754539,541,1
21.026,-0.4666776614300359,0.48669026204109456,-1.8912233846102993,-0.2715563710515211,0.13485321093448566,-0.837247526408239,541,1
21.051,-0.47456802232301826,0.4902287000394359,-1.9150155579705925,-0.37226718892857363,0.1241158789298651,-1.0421948303718438,541,1
21.076,-0.48529102087646486,0.4928960559875879,-1.9433331261288924,-0.46762262540468447,0.06403614188078463,-1.262718375374101,541,1
21.101,-0.4979491535932528,0.4934305071334752,-1.9781514767392985,-0.5917356752459229,0.047641118206716446,-1.495347320236867,541,1
21.126,-0.5148778046387614,0.49527811189792376,-2.0181004921407366,-0.666751657677232,0.0703048303776822,-1.6532426010649224,541,1
21.151,-0.5312867364771149,0.49694574865235935,-2.0608136067925455,-0.7778226829607846,0.041574582410676277,-1.8431195870676103,535,1
21.176,-0.5537689387867984,0.49735684101845745,-2.110256471494112,-0.9190191627779545,0.03284314511317008,-2.039435747001448,529,1
21.201,-0.5772376946160133,0.4985879059080179,-2.1627853941426194,-0.9967126391096195,0.033868408609060784,-2.1938421524272522,522,1
21.226,-0.6036045707422801,0.4990502614489105,-2.219948579115476,-1.1019209391242966,0.024705428622184483,-2.3209665524563965,520,1
21.251,-0.6323337415722289,0.4998231773391271,-2.278833721765441,-1.2037545861557082,0.035566880639005864,-2.420196586707385,519,1
21.276,-0.6637923000500664,0.5008286054808608,-2.340958408450847,-1.3177992331688697,0.02628596908841579,-2.505416877979006,517,1
21.301,-0.6982237032306686,0.5011374757935478,-2.404104565664384,-1.3860853505975392,0.013299286875001292,-2.5554616964558177,517,1
21.326,-0.7330965675799443,0.5014935698246109,-2.4687314932736397,-1.437742863062907,0.00870446108959909,-2.597675273403873,515,1
21.351,-0.770110846383815,0.5015726988480278,-2.5339883293345795,-1.492646803944818,-0.01070506760969521,-2.58607521443701,514,1
21.376,-0.8077289077771863,0.5009583164441261,-2.598035253995492,-1.5455327050363301,-0.01742322851572695,-2.5391597715191145,514,1
21.401,-0.8473874816356326,0.5007015374222414,-2.660946317910537,-1.584121200565324,0.013006650275685,-2.494963394509346,512,1
21.426,-0.886934967805448,0.5016086489579104,-2.7227834237209523,-1.5892180086308034,0.006992219555952317,-2.422035120043607,509,1
21.451,-0.9268483820671739,0.5010511484000391,-2.782048073912719,-1.5559304122895146,-0.01824578764261871,-2.2784863410626985,506,1
21.476,-0.9647314884199248,0.5006963595757794,-2.836707740774089,-1.4336262916193072,-0.01390601400803362,-2.1300289693232664,505,1
21.501,-0.9985296966481403,0.5003558476996374,-2.888549522378884,-1.3324171913726446,0.02140880598796105,-2.002292779059907,506,1
21.526,-1.031352347988558,0.5017667998751775,-2.9368223797270856,-1.213537800310929,-0.0018191780522692693,-1.8153154476432187,505,1
21.551,-1.0592065866636833,0.5002648887970239,-2.9793152947610397,-1.045242060785941,-0.015847876389869283,-1.6241342637636205,500,1
21.576,-1.0836144510278558,0.500974406055684,-3.0180290929152678,-0.8993770594721578,0.008759457227112008,-1.4398213173990522,499,1
21.601,-1.1041754396372918,0.5007028616583795,-3.0513063606309934,-0.7571358503167883,-0.000549983599855689,-1.218282992300344,499,1
21.626,-1.1214712435436958,0.5009469068756912,-3.078943242530286,-0.6318303873627283,-0.006510030536987972,-0.9950232485154712,496,1
21.651,-1.1357669590054287,0.5003773601315301,-3.1010575230567676,-0.52385949960822,-0.006884751287597304,-0.7929093089368784,495,1
21.676,-1.1476642185241053,0.5006026693113114,-3.1185887079771275,-0.3379451362407511,0.014530971541308684,-0.6052960036089331,494,1
21.701,-1.1526642158174665,0.5011039087085956,-3.1313223232372147,-0.18863636709968554,-0.014355458847157072,-0.4155204353005745,497,1
21.726,-1.1570960368790897,0.4998848963689535,-3.1393647297421565,-0.07380325898240231,-0.006674270862738657,-0.268923896340812,497,1
21.751,-1.1563543787665866,0.5007701951654586,3.138416789125331,0.02400829796734582,0.011009295071766467,-0.1474213615531618,494,1
21.776,-1.1558956219807224,0.5004353611225418,3.1364495093597715,0.1424316777026916,-0.0037897861421212144,-0.04738638562810585,496,1
21.801,-1.1492327948814525,0.5005807058583526,3.136047469843926,0.2298539553447177,0.009461033002910877,-0.010014998777298913,496,1
21.826,-1.1444029242134863,0.5009084127726874,3.1359487594209066,0.2418108128202655,0.0032355835752694946,-0.011615275093568135,499,1
21.851,-1.137142254240439,0.500742485037116,3.1354667060892476,0.28216165897116996,-0.00953982038530685,-0.03023466261117448,497,1
21.876,-1.1302948412649276,0.500431421753422,3.134437026290348,0.2792710634072387,0.012303212340918182,-0.06921249142599074,499,1
21.901,-1.123178701070077,0.501357645654162,3.132006081517948,0.23323917321815818,0.05271987087698127,-0.11381543508718764,499,1
21.926,-1.1186328826040204,0.503067415297271,3.1287462545359888,0.10616439004571392,0.07244141527445244,-0.14842946398964119,497,1
21.951,-1.1178704815677911,0.5049797164178846,3.124584608318466,0.041162201257697845,0.12753372772203606,-0.23072483565031227,498,1
21.976,-1.1165747725411355,0.5094441016833728,3.117210012753473,-0.05554365442889707,0.18846100229826757,-0.3182928685522634,497,1
22.001,-1.120647664289236,0.5144027665327982,3.1086699648908525,-0.206925924129641,0.2324970567466245,-0.3725272262761106,497,1
22.026,-1.1269210687476177,0.5210689545207042,3.098583651439667,-0.2752244292108431,0.31223111295709094,-0.45906544000974436,496,1
22.051,-1.1344088857497774,0.5300143221806518,3.0857166928903665,-0.38907916193143044,0.373119846442286,-0.5534371979990481,495,1
22.076,-1.1463750268441895,0.5397249468428188,3.0709117915397144,-0.465219237976402,0.42351161119244707,-0.6186691428658887,494,1
22.101,-1.1576698476485978,0.5511899027402745,3.0547832357470717,-0.531675825897501,0.4700566477172785,-0.6861213580576733,495,1
22.126,-1.1729588181390649,0.5632277792286831,3.0366057236368302,-0.6365365291655588,0.5538457005198915,-0.7669754529722164,492,1
22.151,-1.1894966741068762,0.5788821877662694,3.0164344630984603,-0.6989999749714257,0.6357988698815127,-0.8506779432607776,493,1
22.176,-1.2079088168876342,0.5950177227227569,2.9940718264737938,-0.7897513100315366,0.6896423434268009,-0.9224574860347847,492,1
22.201,-1.2289842396084536,0.61336430493761,2.9703115887967204,-0.8672649332408221,0.7412427051773945,-0.9743807447574898,491,1
22.226,-1.251272063549676,0.6320798579816271,2.9453527892359186,-0.9373741841606886,0.7843822161155289,-1.0280083502486845,492,1
22.251,-1.2758529488164887,0.652583415743387,2.9189111712842855,-0.9780728194543448,0.865924266251955,-1.082035788627327,489,1
22.276,-1.3001757045223938,0.6753760712942255,2.8912509998045515,-1.0679806296166723,0.9323130848114266,-1.1186565866207334,487,1
22.301,-1.3292519802973193,0.6991990699839556,2.862978341953252,-1.1326862143668022,0.9592268468419537,-1.133047271743372,488,1
22.326,-1.3568100152407347,0.7233374136363239,2.834598636217382,-1.1623151853407667,1.002067307101019,-1.1474108786366803,489,1
22.351,-1.3873677395643584,0.7493024353390073,2.805607798021417,-1.2744143826867878,1.078119318326878,-1.1893796643236252,488,1
22.376,-1.420530734375075,0.7772433795526685,2.7751296530012,-1.3368951794380632,1.1403585791824515,-1.1935806401074354,489,1
22.401,-1.4542124985362626,0.8063203642981307,2.7459287660160445,-1.3870347545649497,1.158273624699288,-1.1795803916647034,488,1
22.426,-1.4898824721033186,0.8351570607876296,2.716150633417968,-1.4231074563126287,1.1861217413689737,-1.153125551103661,487,1
22.451,-1.525367871351895,0.8656264513665802,2.6882724884608606,-1.4461394593734427,1.2230266502620983,-1.1057191976012535,488,1
22.476,-1.5621894450719918,0.8963083933007354,2.6608646735379047,-1.407504640374031,1.215308374610427,-1.1035319555256893,490,1
22.501,-1.5957431033705975,0.9263918700971024,2.6330958906845754,-1.3585780007918242,1.1763737277672337,-1.0752863755473576,490,1
22.526,-1.630118345111584,0.9551270796890979,2.607100354760536,-1.3273297660826833,1.1136676016443892,-1.0155970218308008,490,1
22.551,-1.662109591674728,0.9820752501793187,2.5823160395930382,-1.223796394683974,1.0426062281139543,-0.9429765815011802,491,1
22.576,-1.6913081648457835,1.0072573910947964,2.5599515256854763,-1.1424139704793983,0.9776498621185831,-0.8790160217246487,491,1
22.601,-1.7192302901986987,1.0309577432852486,2.538365238506805,-1.0589863970606954,0.9034775979270386,-0.8391576361058887,492,1
22.626,-1.744257484698819,1.052431270991149,2.5179936438801813,-0.9311531835226862,0.8062863656556837,-0.7446308864938339,494,1
22.651,-1.7657879493748336,1.0712720615680333,2.501133694182113,-0.8332111497756486,0.68404040757993,-0.6274250739939903,493,1
22.676,-1.785918042187599,1.0866332913701435,2.4866223901804836,-0.7200877674532911,0.5962025339420323,-0.5804541941854164,493,1
22.701,-1.8017923377474987,1.1010821882651354,2.4721109844728417,-0.5927588347356854,0.5584993035380236,-0.5053940026215481,493,1
22.726,-1.8155559839243838,1.114558256547045,2.461352690049406,-0.5305756491225613,0.44288014326547204,-0.4212655195152355,495,1
22.751,-1.8283211202036271,1.1232261954284093,2.4510477084970796,-0.4129161616508078,0.33860059807167403,-0.36150537294828683,493,1
22.776,-1.8362017920069245,1.131488286450629,2.4432774214019912,-0.263884341833191,0.25798512047906863,-0.2792169443416429,495,1
22.801,-1.841515337295286,1.136125451452362,2.4370868612799983,-0.1883902240200248,0.15053515139545456,-0.19723200598846521,495,1
22.826,-1.8456213032079258,1.1390150440204019,2.433415821102568,-0.11587859668159618,0.10955842050701503,-0.13551067271156989,495,1
22.851,-1.8473092671293658,1.1416033724777128,2.4303113276444197,-0.008892448513422175,0.019119885409452926,-0.07098308424532083,495,1
22.876,-1.846065925633597,1.1399710382908745,2.4298666668903017,0.1337108046569594,-0.08131361516644171,-0.050111730701355835,495,1
22.901,-1.8406237268965178,1.1375376917193907,2.427805741109352,0.1765001856599702,-0.13126607369520063,-0.03838939953239025,494,1
22.926,-1.837240916350599,1.1334077346061149,2.4279471969136823,0.1963952687216269,-0.1903425084872152,0.0017110937522879267,495,1
22.951,-1.8308039634604363,1.1280205662950298,2.4278912957969663,0.2572563294598059,-0.2198082614750043,-0.008864673737578472,491,1
22.976,-1.8243780998776085,1.1224173215323645,2.4275039632268034,0.25665646678521525,-0.2365664492203445,0.024612200759035124,493,1
23.001,-1.8179711401211753,1.1161922438340124,2.429121905834918,0.19453507679005166,-0.19639489889380965,0.05752951672373914,496,1
23.026,-1.8146513460381057,1.1125975765876739,2.4303804390629904,0.13948178096609437,-0.11919320125770361,0.08723794852629359,495,1
23.051,-1.810997051072871,1.1102325837711275,2.4334838032612325,0.047538419566439,-0.049630290180883566,0.11706167340934936,493,1
23.076,-1.8122744250597838,1.1101160620786297,2.436233522733458,-0.061011861410102085,-0.01866218774374291,0.12873189999492313,493,1
23.101,-1.8140476441433762,1.1092994743839404,2.4399203982609787,-0.19170071086427493,0.020979251827690483,0.2087952415481157,496,1
23.126,-1.8218594606029976,1.1111650246700142,2.446673284810864,-0.33997591895214857,0.1037467314348047,0.27300452095846917,495,1
23.151,-1.8310464400909838,1.1144868109556807,2.4535706243089024,-0.4112590332380262,0.14491442190553475,0.3240381252664555,493,1
23.176,-1.8424224122648978,1.1184107457652905,2.4628751910741857,-0.4791419329154521,0.19170216390744071,0.3405097949238774,492,1
23.201,-1.8550035367367568,1.1240719191510529,2.4705961140550965,-0.5644128054330153,0.22428479437236817,0.40197887523717096,495,1
23.226,-1.870643052536549,1.129624985483909,2.4829741348360446,-0.6963670945007284,0.24547319888969282,0.4823683518486919,493,1
23.251,-1.8898218914617937,1.1363455790955377,2.4947145316475314,-0.803277274228191,0.3250790130028712,0.5053807715168473,494,1
23.276,-1.910806916247959,1.145878936134053,2.5082431734118873,-0.8758905867275688,0.36543676376639433,0.5313737950896726,494,1
23.301,-1.9336164207981696,1.1546174172838564,2.5212832214020136,-0.971002929041775,0.3911617907935161,0.5522277280555087,494,1
23.326,-1.9593570627000485,1.165437025673729,2.535854559814663,-1.0563551731727276,0.43248469519904736,0.5714986516714856,494,1
23.351,-1.9864341794568068,1.176241652043809,2.5498581539855882,-1.1344824812671932,0.46428110603707,0.5923830694105985,496,1
23.376,-2.016081186763409,1.1886510809755828,2.5654737132851935,-1.2398084540206968,0.47997323688922605,0.6428843687276584,496,1
23.401,-2.0484246021578425,1.2002403138882707,2.5820023724219716,-1.2710244464310183,0.5210197360535703,0.6134340281746369,498,1
23.426,-2.0796324090849563,1.2147020677782598,2.5961454146939236,-1.3838146130861497,0.5908514986764284,0.5968935594069884,495,1
23.451,-2.117615332812151,1.2297828888220925,2.6118470503923215,-1.4947406485015833,0.574304191971345,0.6501196473783285,497,1
23.476,-2.1543694415100365,1.2434172773768275,2.6286513970628405,-1.4895008676690369,0.6119811071902739,0.596877084887169,496,1
23.501,-2.192090376195604,1.2603819441816067,2.6416909046366803,-1.561379324441119,0.6423238763712733,0.5740322390599059,497,1
23.526,-2.2324384077320936,1.2755334711953916,2.657353009015836,-1.5338960144514309,0.6203174762719674,0.5665190652088337,498,1
23.551,-2.268785176918171,1.2913978179952033,2.6700168578971204,-1.4349495095267057,0.618485424130686,0.5015320773856686,499,1
23.576,-2.30418588320843,1.3064577424019264,2.68242961288512,-1.3265490863014573,0.5876260767800506,0.4641310558329282,500,1
23.601,-2.335112631233245,1.3207791218342062,2.693223410688767,-1.1934381458947216,0.501053528540873,0.43471743769810717,502,1
23.626,-2.363857790503167,1.3315104188289704,2.7041654847700256,-1.0964991893033482,0.3998875770058984,0.42277516398875403,500,1
23.651,-2.389937590698413,1.3407735006845014,2.714362168888205,-0.9162223260825618,0.3903472773624683,0.3336075821589647,500,1
23.676,-2.4096689068072923,1.3510277826970927,2.720845863877973,-0.7674728504588015,0.319208312564072,0.2962404997929682,503,1
23.701,-2.4283112332213537,1.3567339163127052,2.7291741938778538,-0.6693911752358954,0.26222908163910114,0.2777957026762628,502,1
23.726,-2.4431384655690875,1.364139236779048,2.7347356490117862,-0.5526885211554432,0.21566685688045123,0.22476128967938394,500,1
23.751,-2.4559456592791262,1.367517259156728,2.740412258361823,-0.42889304836508935,0.15319803569844087,0.16010376213956284,501,1
23.776,-2.4645831179873423,1.37179913856397,2.7427408371187645,-0.2849918966154059,0.14037281125239073,0.09131278099836124,503,1
23.801,-2.4701952541098957,1.374535899719347,2.744977897411741,-0.16609318893189715,0.05351621315843692,0.0795682155865751,503,1
23.826,-2.4728877774339373,1.374474949221892,2.7467192478980933,-0.031033100280816853,0.00019877070398521541,0.05180859207880954,502,1
23.851,-2.4717469091239366,1.3745458382545463,2.7475683270156814,0.0924682247488371,-0.02680778465392348,0.023977801863459207,503,1
23.876,-2.4682643661964954,1.3731345599891958,2.7479181379912663,0.14601903897544025,-0.0654317539910911,0.007731532128829489,501,1
23.901,-2.4644459571751645,1.3712742505549917,2.747954903622123,0.2357891896122278,-0.0925363366455753,0.0029269889822993167,501,1
23.926,-2.4564749067158846,1.3685077431569173,2.7480644874403812,0.3022830829451319,-0.13238563025306938,0.008265367660742366,502,1
23.951,-2.4493318030279077,1.3646549690423382,2.74836817200516,0.28900102341261424,-0.14063127700006528,0.00767030766880328,502,1
23.976,-2.4420248555452537,1.361476179306914,2.7484480028238214,0.27015938323931515,-0.07470800655102643,-0.014733873451397773,501,1
24.001,-2.4358238338659417,1.3609195687147868,2.74763147833259,0.20782667842569919,-0.0815314429242064,0.0076481368645707785,501,1
24.026,-2.4316335216239686,1.3573996071607035,2.74883040966705,0.15891023260739892,-0.07516160361694874,0.008744735124768753,501,1
24.051,-2.427878322235572,1.3571614885339396,2.7480687150888286,0.14734827958704746,-0.005318013442852023,-0.03845417916845174,502,1
24.076,-2.424266107644616,1.357133706488561,2.7469077007086273,0.1026639024946515,-0.007114444910301008,-0.027989585405094487,501,1
24.101,-2.4227451271108396,1.3568057662884245,2.746669235818574,0.014624116791166278,-0.029520678280027936,0.01699825580752521,501,1
24.126,-2.423534901805058,1.3556576725745595,2.7477576134990036,0.002888740043900343,-0.04718627650362727,0.03847562565376828,502,1
24.151,-2.4226006901086445,1.3544464524632431,2.7485930171012622,0.02277483184896974,-0.004889911300001437,0.0028732712366432126,501,1
24.176,-2.4223961602126094,1.3554131770095594,2.7479012770608358,0.009601249862018909,0.013399443951662513,-0.015198801531983502,501,1
24.201,-2.4221206276155436,1.3551164246608263,2.747833077024663,0.014161230769014009,-0.004276276650223504,0.006297919876549951,501,1
24.226,-2.4216880986741587,1.3551993631770483,2.7482161730546633,0.017711948369942578,0.0017142693838856117,-0.005110342412519769,501,1
24.251,-2.4212350301970464,1.3552021381300206,2.747577559904037,-0.00407851006395171,0.011102463091181411,-0.015487720322439948,501,1
24.276,-2.4218920241773563,1.3557544863316073,2.7474417870385412,-0.006297495706891002,0.02345541589004929,-0.013194709067746085,501,1
24.301,-2.421549904982391,1.356374908924523,2.74691782445065,-0.01651765375919799,0.0033799813153434018,0.002985905046406458,501,1
24.326,-2.422717906865316,1.3559234853973745,2.7475910822908616,-0.01201183419792234,-0.018375896981028556,0.009394666389805772,501,1
24.351,-2.422150496692287,1.3554561140754715,2.74738755777014,0.01158698673038733,-0.022819910498359196,0.013076858954778984,501,1
24.376,-2.422138557528797,1.3547824898724565,2.7482449252386005,0.005424363453139159,-0.0037640401432703107,0.0003232495053051519,501,1
24.401,-2.42187927851963,1.355267912068308,2.7474037202454054,-0.006666378239828343,0.0013171682672786426,-0.004485277259753928,501,1
24.426,-2.422471876440788,1.3548483482858205,2.748020661375613,-0.0038456977155742486,-0.0006593441585422872,0.045172040576807924,500,1
24.451,-2.422071563405409,1.3552349448603809,2.749662322274246,0.016593281780758792,-0.014918797002314365,0.0956276283727395,502,1
24.476,-2.4216422123517503,1.3541024084357047,2.75280204279425,0.026760121163826485,-0.029556054049608285,0.17012920822574643,501,1
24.501,-2.4207335573472175,1.3537571421579004,2.7581687826855332,0.04245236776663159,-0.032068449273387575,0.2977386385561822,501,1
24.526,-2.4195195939634186,1.3524989859720353,2.767688974722059,0.09428230358485482,-0.10262511288869153,0.47261103707580987,500,1
24.551,-2.416019442167975,1.3486258865134662,2.7817993345393224,0.11644674150540991,-0.17183630470832356,0.6457686850594598,500,1
24.576,-2.413697256888148,1.343907170736619,2.7999774089750327,0.14402188739580674,-0.25409574153141795,0.8401145117354027,500,1
24.601,-2.4088183477981846,1.335921099436895,2.823805060126093,0.22765347324461013,-0.33214246741962467,1.0493515692239381,500,1
24.626,-2.4023145832259174,1.3273000473656376,2.8524449874362303,0.27969031896931495,-0.41365166798621755,1.289355156486413,501,1
24.651,-2.3948338318497187,1.315238516037584,2.8882728179504147,0.31869186542060424,-0.5387643248311575,1.5411563832237174,500,1
24.676,-2.386379989954888,1.3003618311240812,2.929502806597412,0.4037121126284436,-0.6222710056647607,1.75408476439838,498,1
24.701,-2.374648226218296,1.2841249657543454,2.975977056170335,0.4643707354725924,-0.6955808137092391,1.9620462684046012,499,1
24.726,-2.363161453181258,1.2655827904386188,3.0276051200176433,0.5041693552127063,-0.7675722162710288,2.199822408820018,498,1
24.751,-2.3494397584576605,1.2457463549407934,3.0859681766113374,0.5819659023540165,-0.8500521052940492,2.4235033350372612,498,1
24.776,-2.334063158063557,1.2230801851739157,-3.134405020410078,0.6295192088901127,-0.9400701963714387,2.6220998375894737,495,1
24.801,-2.3179637980131567,1.1987428451222242,-3.066112138688783,0.6412177480273493,-1.018948934549181,2.814616871046458,495,1
24.826,-2.302002270662189,1.172132738446456,-2.9936741768577533,0.7095629197028229,-1.1093119359464618,3.0188338574949394,495,1
24.851,-2.282485652028015,1.1432772483249003,-2.915170445814034,0.7705451769978812,-1.1861153697254343,3.205488058056306,493,1
24.876,-2.2634750118122944,1.1128269699601834,-2.8333997739549357,0.7960204156024606,-1.2577822154890006,3.346659259221895,493,1
24.901,-2.2426846312478914,1.0803881375504494,-2.747837482852937,0.8514754029163769,-1.3159732007186025,3.460554742536434,490,1
24.926,-2.220901241666478,1.047028309924257,-2.660372036828124,0.9097025388513784,-1.3898845671386775,3.5691974179821377,488,1
24.951,-2.197199504305322,1.0108939091935145,-2.5693776119538274,0.9540185656337694,-1.4449538119584933,3.6583341324293452,487,1
24.976,-2.173200313384789,0.9747806193263313,-2.477455330206654,1.0032735734164646,-1.4871853099516164,3.700553423358911,485,1
25.001,-2.147035825634498,0.9365346436959326,-2.3843499407858793,1.0318752252557437,-1.5851765735761834,3.771736674483454,481,1
25.026,-2.121606552122001,0.895521790647521,-2.2888684964824786,1.0572583490997969,-1.6308935410503218,3.765220572733875,480,1
25.051,-2.094172908179511,0.8549899666434212,-2.196088912149196,1.1055771641061727,-1.699228133421893,3.764781150249261,477,1
25.076,-2.0663276939166915,0.8105603839764252,-2.100629438970013,1.1081094455944849,-1.744790692291582,3.7776648717981938,474,1
25.101,-2.038767435899786,0.7677504320288409,-2.007205668559284,1.1019142138447722,-1.7145787792851253,3.6953524894355025,468,1
25.126,-2.011231983224452,0.7248314450121677,-1.9158618144982351,1.0300339748003027,-1.6558896843679625,3.6093925264262,468,1
25.151,-1.9872657371597702,0.6849559478104416,-1.826736042237971,1.0280687020004737,-1.5823096194114383,3.5013852223036537,462,1
25.176,-1.9598285481244313,0.6457159640416003,-1.7407925533830624,1.0266636855627174,-1.5122754149987634,3.3817095875026357,462,1
25.201,-1.9359325528816336,0.6093421770605023,-1.6576505628628369,0.9368118792113966,-1.4541448148928475,3.239250785210846,468,1
25.226,-1.9129879541638608,0.5730087232969568,-1.5788300141225176,0.9116171643424401,-1.3962765647765087,3.0782512920499365,472,1
25.251,-1.890351694664511,0.5395283488216759,-1.5037379982603376,0.8395576513780437,-1.2892852641197965,2.8987562288247246,481,1
25.276,-1.871010071594958,0.5085444600909661,-1.4338922026812795,0.7698937684438294,-1.203960477844322,2.7035658045866144,480,1
25.301,-1.8518570062423216,0.4793303249294632,-1.3685597080310143,0.7020994472832365,-1.120528482079129,2.521050053317317,488,1
25.326,-1.8359050992307957,0.45251803598700885,-1.307839700015412,0.6334438517327444,-0.9536581672172604,2.2936089737907426,491,1
25.351,-1.820184813655684,0.4316474165685995,-1.2538792593414758,0.5335550541634118,-0.814390500417635,2.0629207502667652,488,1
25.376,-1.8092273465226247,0.4117985109661265,-1.2046936625020723,0.40071389864067314,-0.7003011409535986,1.83080550147321,485,1
25.401,-1.80014911872365,0.3966323595209191,-1.162338984267814,0.3985154583384891,-0.5732456390669265,1.5916635696906416,493,1
25.426,-1.7893015736057014,0.3831362290127818,-1.1251104840175448,0.35655133812573175,-0.4893110585625468,1.3681476792389962,500,1
25.451,-1.7823215518173632,0.3721668065927914,-1.093931600305863,0.23739068012655568,-0.39061741870459854,1.1434321457693046,508,1
25.476,-1.7774320395993735,0.3636053580775516,-1.067938876729079,0.18387724034646352,-0.2990689791897196,0.9401824619351595,507,1
25.501,-1.7731276898000399,0.3572133576333052,-1.0469224772091046,0.09594074787835224,-0.1534637214433188,0.7164692024509098,505,1
25.526,-1.7726350022054558,0.35593217200538557,-1.0321154166065332,0.0688380582749776,-0.06729739782790062,0.5270055957179609,505,1
25.551,-1.7696857868862912,0.35384848774191036,-1.0205721974232078,-0.0004160597501767723,-0.01823169641362395,0.368505801197511,505,1
25.576,-1.7726558051929646,0.35502058718470436,-1.0136901265466574,-0.06300827770286864,0.06778977771578114,0.2196677065977295,506,1
25.601,-1.7728362007714347,0.35723797662769946,-1.0095888120933212,-0.06555610294490051,0.11802043460362786,0.12904516441127706,506,1
25.626,-1.7759336103402097,0.36092160891488584,-1.0072378683260934,-0.1306327628906149,0.17463785654628003,0.041822543286861816,506,1
25.651,-1.7793678389159655,0.3659698694550136,-1.0074976849289783,-0.09339822116206963,0.1885266414182814,0.0018439941260784902,507,1
25.676,-1.780603521398313,0.3703479409857994,-1.0071456686197895,-0.12144444878661892,0.186201534031097,0.00609677585924109,507,1
25.701,-1.7854400613552965,0.37527994615656857,-1.0071928461360162,-0.13148746706394912,0.18485121472906665,2.2189165775898485e-05,508,1
25.726,-1.7871778947515105,0.37959050172225284,-1.007144559161501,-0.11041229855989719,0.16616278205808785,-0.005432679756704951,509,1
25.751,-1.7909606762832915,0.3835880852594731,-1.0074644801238517,-0.1168469048441595,0.1408318845850256,-0.005350929210621226,509,1
25.776,-1.7930202399937185,0.3866320959515042,-1.0074121056220322,-0.03496708390589663,0.09779275798898591,0.00616401837472615,510,1
25.801,-1.7927090304785862,0.3884777231589221,-1.0071562792051154,-0.03062557168636416,0.07558397319564984,-0.0026605468213424977,510,1
25.826,-1.7945515185780367,0.39041129461128676,-1.0075451329630993,-0.048227243087585615,0.05015201157831423,0.0009916376769147776,510,1
25.851,-1.7951203926329655,0.39098532373783784,-1.0071066973212695,-0.015171437415020035,0.04354628837379853,0.0018924554933885404,510,1
25.876,-1.7953100904487878,0.3925886090299767,-1.00745051018843,-0.029794865451111117,0.03276138151117001,-0.0017605039715107046,511,1
25.901,-1.796610135905521,0.39262339281339637,-1.0071947225198452,-0.015229897501037626,0.012721043246510412,-0.003300752065014311,511,1
25.926,-1.7960715853238396,0.3932246611923022,-1.0076155477916806,-0.00406851043510231,0.006048270340834797,0.0017419304960686085,511,1
25.951,-1.7968135614272762,0.3929258063304381,-1.0071076259950418,-0.015778183901402395,0.0006784607039300631,0.010534717005272604,511,1
25.976,-1.7968604945189097,0.3932585842274987,-1.007088811941417,0.005537076792632077,0.014267239752324487,-0.003791699429012087,511,1
26.001,-1.7965367075876446,0.39363916831805434,-1.0072972109664924,0.009456721814493507,0.0058337386363637445,-0.00021263665727743996,510,1
26.026,-1.796387658428185,0.3935502711593169,-1.0070994437742808,-0.0043345202808444915,0.008384241612053233,0.005403729941324849,511,1
26.051,-1.7967534336016868,0.394058380398657,-1.0070270244694264,-0.004302558519819694,-0.010601977771487041,0.0038498221566740107,511,1
26.076,-1.796602786354176,0.39302017227074254,-1.0069069526664474,-0.014100444475277717,-0.01365084076905701,-0.004501274858936746,511,1
26.101,-1.7974584558254507,0.3933758383602041,-1.0072520882123732,-0.014113560921078315,-0.0023057997167396874,0.002726214342825234,510,1
26.126,-1.79730846440023,0.39290488228490555,-1.006770641949306,-0.008743037607521362,0.01658597547251149,1.2473430954784525e-05,511,1
26.151,-1.7978956077058268,0.3942051371338297,-1.0072514645408255,-0.022621269008370647,0.017519447462548295,-0.0091397303348378,511,1
26.176,-1.7984395278506484,0.3937808546580329,-1.0072276284660477,-0.004850113058383274,-0.010371219563452957,0.0064531917071696445,511,1
26.201,-1.798138113358746,0.39368657615565705,-1.0069288049554672,0.021208309962048286,-0.006770232207559027,0.0030177556483667726,511,1
26.226,-1.797379112352546,0.39344234304765496,-1.0070767406836294,0.012276350648865278,-0.0003657722254179988,0.00048723575845954076,511,1
26.251,-1.7975242958263027,0.39366828754438615,-1.0069044431675445,-0.011652206387475607,0.0001654476688350813,0.006292132659062499,511,1
26.276,-1.7979617226719198,0.3934506154310967,-1.0067621340506763,-0.0032565416457954375,-0.006808267800072874,-0.003048352624901614,511,1
26.301,-1.7976871229085924,0.39332787415438253,-1.0070568607987898,0.007891668048411902,-0.012234347336818989,0.0008569301159866306,511,1
26.326,-1.7975671392694992,0.39283889806425576,-1.0067192875448772,-0.013870602336489648,0.008031570036365229,-0.00424935194374137,511,1
26.351,-1.798380653025417,0.3937294526562008,-1.007269328395977,-0.01126258899275074,-0.005192581101782705,6.619686796938047e-05,511,1
26.376,-1.7981302687191367,0.3925792690091666,-1.0067159777014785,-0.009649755487481789,0.002403715929512017,0.0015668801003343223,511,1
26.401,-1.798863140799791,0.3938496384526764,-1.0071909843909603,-0.0015384557454379596,0.03227142588143678,0.002388623645588475,511,1
26.426,-1.7982071915064086,0.39419284030323837,-1.006596546519199,0.03322352490101774,0.004080227341935969,0.038881872676891915,511,1
26.451,-1.7972019645547401,0.3940536498197732,-1.0052468907571157,0.007994651480709323,-0.00163807416233006,0.07360296671286799,511,1
26.476,-1.7978074589323731,0.39411093659512186,-1.0029163981835554,0.08945890354840152,-0.021864627941512137,0.12609499303625246,511,1
26.501,-1.79272901937732,0.3929604184226976,-0.9989421411053031,0.15851321766920498,0.010713372587720496,0.16762713381208033,510,1
26.526,-1.7898817980489128,0.3946466052245079,-0.9945350414929515,0.1684520423125864,0.04676497472561535,0.2254484891143122,511,1
26.551,-1.7843064172616911,0.3952986671589782,-0.9876697166495879,0.2784800244268531,0.023790647102455927,0.3110409234546063,511,1
26.576,-1.77595779682757,0.3958361375796307,-0.9789829953202208,0.3659550328096054,0.04087314983475529,0.3755595233676914,510,1
26.601,-1.7660086656212106,0.397342324650716,-0.9688917404812031,0.4845792149415804,0.034071801311356745,0.4576403491420968,511,1
26.626,-1.7517288360804906,0.39753972764519857,-0.9561009778631159,0.6232582899675609,0.03792389925038776,0.5477648544799341,510,1
26.651,-1.7348457511228321,0.3992385196132354,-0.9415034977572059,0.7146745603859557,0.07480080780456236,0.6171750667741711,510,1
26.676,-1.7159951080611948,0.4012797680354265,-0.925242224524409,0.8078057036569871,0.05356389808748564,0.7090016318326496,510,1
26.701,-1.6944554659399822,0.40191671451760974,-0.9060534161655728,0.9129921656453858,0.046505000399359904,0.798119990660273,513,1
26.726,-1.6703454997789249,0.4036050180553945,-0.8853362249913949,1.004528728697415,0.07867184071558618,0.8744550513940705,525,1
26.751,-1.6442290295051107,0.4058503065533891,-0.8623306635958684,1.0894674768243573,0.06959215390574992,0.9598070002205491,540,1
26.776,-1.6158721259377062,0.40708462575068205,-0.8373458749803667,1.183793159508953,0.081479859510011,1.0266325064205135,541,1
26.801,-1.5850393715296665,0.4099242995288894,-0.8109990382748459,1.3075461826211523,0.12622336237184714,1.0812035731202243,541,1
26.826,-1.5504948168066477,0.4133957938692745,-0.7832856963243549,1.381347446378152,0.11065473004573566,1.1705719823460925,541,1
26.851,-1.5159719992107579,0.4154570360311763,-0.7524704391575404,1.4521234765332796,0.11588373213139382,1.2275120621761906,541,1
26.876,-1.4778886429799827,0.41918998047584427,-0.7219100932155446,1.5388510510887436,0.12438229174170302,1.2793267324159792,541,1
26.901,-1.4390294466563196,0.4216761506182615,-0.6885041025367405,1.6150678774998968,0.12142655811249205,1.3371948686370732,541,1
26.926,-1.3971352491049924,0.42526130838146853,-0.6550503497836948,1.7141854682864932,0.1389030833143137,1.3641166188453353,540,1
26.951,-1.3533201732419937,0.4286213047839773,-0.6202982715944727,1.7746767385926234,0.1530561811834697,1.3960362628314174,541,1
26.976,-1.30840141217536,0.4329141174406421,-0.5852485366421231,1.8748373531226115,0.13099707197310387,1.4381383772475127,541,1
27.001,-1.2595783055858618,0.4351711583826326,-0.5483913527320958,1.9447787529119056,0.14428935384476443,1.462277685299306,535,1
27.026,-1.2111624745297633,0.44012858513288045,-0.5121346523771565,2.0136912515847296,0.16949220658476336,1.4695449963245135,533,1
27.051,-1.158893743006631,0.4436457687118703,-0.47491410291587444,2.0997668680802763,0.16369248377181667,1.4797766521323708,528,1
27.076,-1.106174131125748,0.4483132093214714,-0.43814581977053707,2.1525902517017053,0.18319883177663715,1.4638555069739536,523,1
27.101,-1.0512642304215443,0.45280571030070227,-0.40172132756717593,2.2219192442790576,0.19287993898827685,1.4482866344170702,519,1
27.126,-0.9950781689117936,0.4579572062708854,-0.3657314880496824,2.2506559452333743,0.17287052059590777,1.452455651495003,513,1
27.151,-0.938731433159874,0.4614492363304978,-0.3290985449924248,2.2498166952190215,0.15826365671214992,1.430891614194493,510,1
27.176,-0.8825873341508489,0.4658703891064924,-0.2941869073399618,2.1717312693258854,0.17272592281296495,1.3735463671023034,509,1
27.201,-0.8301448696935781,0.47008553247114615,-0.26042122663730854,2.0579537600853754,0.16196748048731494,1.3294202175443182,508,1
27.226,-0.7796896461465787,0.4739687631308583,-0.22771589646274512,1.941170241228082,0.15134994224046747,1.292023493576177,508,1
27.251,-0.7330863576321727,0.47765302958316963,-0.19582005195849897,1.7933221723197212,0.14244615904157173,1.2408639102332322,511,1
27.276,-0.6900235375305913,0.48109107108293697,-0.16567270095108255,1.6717425003673476,0.1362714046072699,1.1792011427676612,516,1
27.301,-0.64949923261381,0.48446659981353274,-0.13685999482011935,1.5626998749711296,0.12485771674748669,1.1156953347811458,519,1
27.326,-0.6118885437820337,0.4873339569203114,-0.10988793421202435,1.4320033866068833,0.11376508654107281,1.043168966836448,518,1
27.351,-0.5778990632834649,0.49015485414058646,-0.08470154647829616,1.3089471534100352,0.11195955363193351,0.9714543504259461,520,1
27.376,-0.546441186111531,0.49293193460190815,-0.06131521669072625,1.1802219848891125,0.09196762127671268,0.8824594905445923,521,1
27.401,-0.5188879640390084,0.49475323520442216,-0.04057857195106592,1.0590539047994687,0.07153975857419577,0.8117369469771791,521,1
27.426,-0.4934884908715606,0.49650892253061774,-0.020728369341869522,0.9326942543785789,0.06654261489699848,0.7312997379614556,522,1
27.451,-0.4722532513200788,0.49808036594927213,-0.004013585052992471,0.802727079388856,0.07430157826155864,0.6404305928665275,523,1
27.476,-0.45335213690211723,0.5002240014436957,0.011293160301457302,0.7193787593716814,0.06521105321660521,0.5785083063683956,522,1
27.501,-0.4362843133514942,0.5013409186101024,0.02491183026542753,0.5604984399309774,0.039519945571479524,0.4847413609457727,523,1
27.526,-0.42532721490556796,0.5021999987222697,0.03553022834874626,0.3969743431264398,0.04018432093049202,0.38649599419645386,523,1
27.551,-0.41643559619517334,0.5033501346566269,0.04423662997524904,0.3172114031866324,0.013130674102201735,0.3151923400637235,523,1
27.576,-0.4094666447462361,0.5028565324273798,0.05128984535193285,0.22221115130770647,0.01770599606103015,0.2692053354072727,524,1
27.601,-0.40532503862978786,0.5042354344596784,0.057696896745612805,0.09395620222795142,0.0363886891477944,0.20658579106582015,522,1
27.626,-0.4047688346348385,0.5046759668847696,0.06161913490522402,-0.017984972902795625,-0.03367630607000246,0.12850478187868036,523,1
27.651,-0.40622428727492765,0.5025516191561783,0.06412213583954711,-0.06804039522571302,-0.017917574441371674,0.06523895584238752,524,1
27.676,-0.40817085439612394,0.503780088162701,0.06488108269734333,-0.1449278886155993,0.0061341025617477575,0.026668247198120176,523,1
27.701,-0.4134706817057077,0.5028583242842657,0.06545554819945314,-0.18407252897730114,-0.02654591012394254,0.009799071739457904,522,1
27.726,-0.4173744808449891,0.5024527926565039,0.06537103628431633,-0.17767342832961744,-0.022287556006528004,0.009388723970733403,523,1
27.751,-0.4223543531221887,0.5017439464839393,0.06592498439799001,-0.224739473146104,-0.007096064211089447,0.026579045679006773,523,1
27.776,-0.4286114545022945,0.5020979894459494,0.06669998856826664,-0.20175192774967635,-0.010651696927342408,0.09280782479357791,523,1
27.801,-0.43244194950967196,0.5012113616375722,0.07056537563766849,-0.1738402677067594,-0.0014093231633904657,0.20496837129104037,522,1
27.826,-0.4373034678876326,0.5020275232877799,0.0769484071328186,-0.1334466014283101,0.06420893285785564,0.3337059879150092,523,1
27.851,-0.43911427958108756,0.504421808280465,0.0872506750334193,-0.06788814307151961,0.1332999571194352,0.531198510261667,523,1
27.876,-0.4406978750412086,0.5086925211437517,0.10350833264590215,-0.05113490608130416,0.2080210604964076,0.7318603987445889,523,1
27.901,-0.4416710248851528,0.5148228613052855,0.12384369497064913,0.004906940347724488,0.3043733309304626,0.9225676680416486,522,1
27.926,-0.4404525280238224,0.523911187690274,0.1496367160479818,0.0656504856400721,0.4186961312212863,1.1716282834933012,522,1
27.951,-0.43838850060314916,0.5357576678663502,0.1824251091453152,0.1156127549146774,0.5212510673944318,1.4059164355555143,522,1
27.976,-0.43467189027808845,0.549973741059996,0.21993253782575858,0.14159209286338648,0.6131938881867762,1.597824580948512,521,1
28.001,-0.43130889595997973,0.5664173622756894,0.26231633819274175,0.1553227947161262,0.7075713630659496,1.7967739769604585,520,1
28.026,-0.426905750542282,0.585352309213294,0.3097712366737829,0.20338150528273083,0.8107469696897079,1.9842530066830628,519,1
28.051,-0.42113982069584377,0.6069547107601725,0.36152898852688914,0.24586795564632263,0.9205740003079679,2.1565733809079695,520,1
28.076,-0.4146123527599657,0.631381009228693,0.41759990571918293,0.255925771667744,1.0158062043752547,2.294469045910009,518,1
28.101,-0.4083435321124564,0.657745020978936,0.4762524408223913,0.2837871098021076,1.081534978851595,2.4146373393798917,519,1
28.126,-0.40042299726986014,0.6854577581712735,0.5383317726881794,0.30362695815862384,1.1697581294903803,2.4946707891402653,517,1
28.151,-0.393162184204525,0.7162329274534558,0.6009859802794064,0.3279931226411301,1.2686607846210507,2.5432776450869925,518,1
28.176,-0.38402334113780456,0.7488907974023225,0.6654956549425219,0.36651649626231164,1.3597356304704162,2.571466210122767,517,1
28.201,-0.37483635939140914,0.7842197089769776,0.7295592907855466,0.38652766797385724,1.428584854654695,2.565261804004101,517,1
28.226,-0.3646969577391114,0.8203200401350582,0.7937587451427286,0.4099024949454419,1.48823167432658,2.5306575153971784,518,1
28.251,-0.35434123464413675,0.8586312926933076,0.8560921665554073,0.4032410303070431,1.4887617332683678,2.4537518350107583,518,1
28.276,-0.344534906223759,0.8947581267984777,0.9164463368932684,0.3630681094864203,1.4384889166337884,2.3518316988077275,518,1
28.301,-0.33618782916981677,0.930555738524993,0.9736837514957869,0.4047431860562587,1.3587469118680569,2.2328755225260495,518,1
28.326,-0.32429774692094576,0.9626954723918815,1.0280901130195725,0.36478835553909444,1.2755583191724824,2.0693815770884223,516,1
28.351,-0.3179484113928618,0.994333654483618,1.0771528303502094,0.28639427901548536,1.156591081223898,1.8733511881633635,515,1
28.376,-0.3099780329701713,1.0205250264530772,1.1217576724277418,0.2812419976313001,0.9976330492878174,1.7017007239870388,516,1
28.401,-0.3038863115112966,1.0442153069480096,1.1622378665495627,0.2080602564403496,0.86932464816115,1.4898017449533232,516,1
28.426,-0.2995750201481544,1.0639912588611322,1.1962477596754038,0.1918351695621318,0.721630395808742,1.2736597673493217,520,1
28.451,-0.29429455303318985,1.0802968267384472,1.2259208549170297,0.18791654013601566,0.5878830002327856,1.0385395280134655,523,1
28.476,-0.2901791931413535,1.093385408872772,1.248174736076078,0.13417778781880027,0.471498775866983,0.7976178820149002,524,1
28.501,-0.28758566364224974,1.1038717655317967,1.265801749017775,0.08919273440054816,0.3272359479511431,0.6126052731134115,527,1
28.526,-0.285719556421326,1.1097472062703293,1.278804999731749,0.05435628382324118,0.1939591204716095,0.4167878625255443,527,1
28.551,-0.28486784945108784,1.1135697215553766,1.2866411421440511,0.02392298639595191,0.09654849896698932,0.25863657726037903,528,1
28.576,-0.2845234071015284,1.1145746312186788,1.2917368285947681,-0.01152715443731395,-0.045982510231338716,0.1453269326401842,527,1
28.601,-0.28544420717295355,1.1112705960438096,1.2939074887760604,-0.05333853531554169,-0.16404076031396142,0.028040029809907763,528,1
28.626,-0.2871903338673055,1.1063725932029806,1.2931388300852633,-0.06391739071257029,-0.20245535135703974,0.004101217501943863,527,1
28.651,-0.2886400767085821,1.1011478284759575,1.2941125496511574,-0.06935370991231155,-0.24752769956392381,-0.013664848826336562,525,1
28.676,-0.2906580193629209,1.0939962082247852,1.2924555876439465,-0.07118539971310743,-0.2690695172124175,-0.10317114564568039,524,1
28.701,-0.2921993466942375,1.0876943526153364,1.2889539923688733,-0.03619869635522692,-0.2773885172521156,-0.2243517857074874,523,1
28.726,-0.2924679541806823,1.0801267823621792,1.281237998358572,0.009584005008840131,-0.2675500954403327,-0.35558776666279207,525,1
28.751,-0.2917201464437955,1.0743168478433196,1.2711746040357337,0.09799674950532106,-0.20274378809240257,-0.5241041114068349,524,1
28.776,-0.28756811670541615,1.069989592957559,1.2550327927882297,0.19924723299359592,-0.15572414621223715,-0.7372032761591704,521,1
28.801,-0.2817577847941163,1.0665306405327082,1.2343144402277775,0.321038831380681,-0.10065169161553057,-0.9356484843968937,520,1
28.826,-0.2715161751363819,1.0649570083767823,1.2082503685683843,0.43456184091447075,-0.0897046772243813,-1.1275643810865983,518,1
28.851,-0.26002969274839244,1.062045406671489,1.1779362211734465,0.5257489845797351,-0.06603088097640336,-1.3373082567337478,520,1
28.876,-0.24522872590739475,1.061655464327962,1.1413849557316957,0.6249343373392424,-0.02731256392252096,-1.5729285647147904,518,1
28.901,-0.22878297588142987,1.060679778475363,1.099289792937706,0.7360595757134444,-0.034455921417790594,-1.7728747900086836,517,1
28.926,-0.20842574712172462,1.0599326682570727,1.0527412162312664,0.8692985128135565,-0.015404535498855013,-1.927582116789565,518,1
28.951,-0.18531805024075143,1.0599095517004202,1.0029106870982263,0.9425364046857136,-0.022563944781625836,-2.0824771581041337,520,1
28.976,-0.16129892688743827,1.0588044710179914,0.9486173583260581,1.0120007864983382,-0.01631616790810563,-2.250981267045219,518,1
29.001,-0.1347180109158338,1.059093743305015,0.8903616237459637,1.1450734278834527,0.007616447040192822,-2.372706277028655,520,1
29.026,-0.10404525549326482,1.059185293370001,0.8299820444746236,1.2583293460454426,5.396930759183101e-05,-2.4560928355990237,522,1
29.051,-0.07180154361356525,1.0590964417703945,0.7675569819660196,1.2928500068678621,-0.006118556234850827,-2.5267181958572578,519,1
29.076,-0.039402755149870794,1.0588793655582585,0.703646134681759,1.3941275292431365,0.0038585206124208135,-2.5701306597887266,519,1
29.101,-0.0020951671514074324,1.0592893678010156,0.6390504489765817,1.504438229940169,0.027643620448207392,-2.5909501329018156,522,1
29.126,0.03581915634713873,1.0602615465806688,0.5740986280366664,1.554358691962532,-0.007274655347275679,-2.5723828554948804,520,1
29.151,0.07562276744672027,1.0589256350336518,0.510431306201836,1.60504038032823,-0.004361646407766954,-2.534685332000299,521,1
29.176,0.11607117536354568,1.0600434642602805,0.44736436143665875,1.6290015723933908,0.025044880075028784,-2.456639951322224,520,1
29.201,0.15707284606639096,1.0601778790374032,0.38759930863572284,1.6354861176305278,0.02687560759357905,-2.35317684891019,521,1
29.226,0.19784548124507323,1.0613872446399595,0.3297055189911478,1.5264632383294052,0.00627069626344836,-2.2421562024201194,522,1
29.251,0.2333960079828623,1.0604914138505757,0.2754914985147155,1.349114424816191,-0.022918678241614317,-2.078945210970448,522,1
29.276,0.26530120248588374,1.0602413107278787,0.22575825844262398,1.2199702454635313,0.006073236954052054,-1.9176875553850639,524,1
29.301,0.2943945202560354,1.0607950756982782,0.17960712074546753,1.0877375087932273,0.007071128540925186,-1.7329041553353284,523,1
29.326,0.3196880779255459,1.060594867154925,0.1391130506758562,0.9326272543034243,-0.00704435739213406,-1.5283507738593598,523,1
29.351,0.3410258829712073,1.0604428578286715,0.10318958205249838,0.7932882562612396,0.012861088558153528,-1.3421486046140427,523,1
29.376,0.3593524907386084,1.0612379215828327,0.07200562044515299,0.6503435687622324,0.007818699568580167,-1.1375666736073968,523,1
29.401,0.37354306140931937,1.0608337928071006,0.04631124837212783,0.4632872731035128,-0.01428918127863802,-0.9256588829136441,524,1
29.426,0.38251685439378275,1.0605234625189008,0.02572267629947342,0.3840928603379591,-0.010980243162545932,-0.710394052050417,523,1
29.451,0.3927477044262176,1.0602847806489732,0.01079154576960629,0.28537400146696407,0.0008438846690861248,-0.5091902892622996,525,1
29.476,0.39678555446713115,1.0605656567523551,0.0002631618363582141,0.0965834143943853,-0.0007766097627159741,-0.3466944407782297,523,1
29.501,0.3975768751459369,1.0602459501608374,-0.006543176269305522,-0.01616726637220322,0.0031540165018872465,-0.21975812796367974,526,1
29.526,0.395977191148521,1.0607233575774495,-0.01072474456182578,-0.09582539577916317,0.001213004795959163,-0.11089110960405177,523,1
29.551,0.39278560535697904,1.0603066004006354,-0.012087731749507941,-0.16242406261683043,0.0029959909410636884,-0.02865607929640705,524,1
29.576,0.38785598801767934,1.0608731571245027,-0.01215754852664611,-0.23003251436252597,-0.0019347752623133099,-0.004933527775579024,524,1
29.601,0.3812839796388526,1.0602098616375197,-0.012334408138286679,-0.2595767533349077,-0.01582968893996983,-0.0029610429149861807,524,1
29.626,0.3748771503509338,1.0600816726775042,-0.012305600672395198,-0.28140996790838524,-0.008550975614580614,-0.00015679142337354568,524,1
29.651,0.3672134812434331,1.0597823128567907,-0.01234224770945532,-0.21985263318581777,-0.0018833038870270618,-0.010181512993546218,524,1
29.676,0.3638845186916435,1.0599875074831528,-0.012814676322072597,-0.11605998321821244,-0.024055640140043456,-0.013704726400680461,523,1
29.701,0.3614104820825224,1.0585795308497885,-0.01302748402948945,-0.03675554459934897,-0.04535843417863219,-0.017774011925464097,523,1
29.726,0.36204674146167604,1.0577195857742212,-0.0137033769183459,0.09416571273431296,-0.05521413841039468,-0.02279250840780701,524,1
29.751,0.3661187677192381,1.0558188239292687,-0.014167109449880009,0.1762766361114418,-0.07133083883144385,-0.04904877272846983,523,1
29.776,0.37086057326724825,1.054153043832649,-0.016155815554769387,0.28561321241526283,-0.0931829157573025,-0.06305927267460734,523,1
29.801,0.38039942834000046,1.0511596781414039,-0.017320073083610228,0.4246552852073255,-0.11994178367930093,-0.062237069955370046,524,1
29.826,0.3920933375276148,1.0481559546486838,-0.019267669052537878,0.47026316673239865,-0.14902333255242495,-0.08892232554458575,523,1
29.851,0.4039125866766207,1.0437085115137825,-0.021766189360839603,0.6185155487737904,-0.18886412329753363,-0.10901450842090221,525,1
29.876,0.4230191149663048,1.038712748483807,-0.024718394473583063,0.7725846894824807,-0.21294016007423675,-0.10359541708028738,525,1
29.901,0.4425418211507453,1.0330615035100705,-0.02694596021485404,0.809622087205672,-0.22098863381017889,-0.11767960638181976,526,1
29.926,0.4635002193265861,1.0276633167932987,-0.03060237479267351,0.8825356308238671,-0.26003177002247374,-0.146161733878072,525,1
29.951,0.4866686026919393,1.0200599150089467,-0.03425404690875786,0.9933939920559157,-0.31514234119762724,-0.14237333054323084,526,1
29.976,0.5131699189293826,1.011906199733417,-0.03772104131983523,1.0999496133693654,-0.3120976662285857,-0.16698983036675705,530,1
30.001,0.5416660833604083,1.0044550316975172,-0.042603538427095924,1.2191724413362497,-0.3350573896524175,-0.1865853603003904,533,1
30.026,0.5741285409961959,0.995153330250796,-0.047050309334854705,1.286183794100144,-0.3735908288411984,-0.19373719100880252,536,1
30.051,0.6059752730654119,0.9857754902554583,-0.05229039797753548,1.3289737298993376,-0.379002407522754,-0.20651203046459327,537,1
30.076,0.6405772274911637,0.976203209874658,-0.057375910858084585,1.4378544580667336,-0.40513621881188433,-0.21564432765505487,541,1
30.101,0.6778679959687496,0.9655186793148638,-0.06307261436028846,1.5389208997487707,-0.44362472378685325,-0.2198030241926365,541,1
30.126,0.7175232724786034,0.954021973685315,-0.06836606206771663,1.6160554052203573,-0.4620448178562576,-0.2472195846364809,541,1
30.151,0.7586707662297686,0.9424164384220506,-0.07543359359211269,1.6665750451833221,-0.461362908198943,-0.2939131851401811,541,1
30.176,0.8008520247377647,0.9309538282753692,-0.08306172132472477,1.7425807353079876,-0.48861461670500067,-0.27686502449257905,540,1
30.201,0.8457998029951692,0.9179857075868002,-0.08927684481674167,1.8366852382821945,-0.5264472604554463,-0.24440280836800818,541,1
30.226,0.8926862866518758,0.9046314652525965,-0.09528186174312553,1.8845695534258653,-0.5465477796985951,-0.2731214526449005,541,1
30.251,0.9400282806664638,0.8906583186018701,-0.10293291744898704,1.9678517571743357,-0.5642284474887136,-0.3179800954862388,539,1
30.276,0.991078874510594,0.8764200428781604,-0.1111808665174378,2.059684841877107,-0.5783975943540649,-0.30291576718159463,540,1
30.301,1.0430125227603133,0.8617384388841685,-0.11807870580806608,2.1114637541830237,-0.6003471955903387,-0.2899410525588356,539,1
30.326,1.0966520622197466,0.8464026830986431,-0.12567791914537968,2.168930271348511,-0.6035610776244419,-0.2941777404642701,539,1
30.351,1.1514590363277404,0.8315603850029459,-0.13278759283127997,2.2151127201339356,-0.6287327993458569,-0.29845425324951624,540,1
30.376,1.207407698226445,0.8149660431313498,-0.14060063180785584,2.242358212180328,-0.6619076941397245,-0.3048356251702745,541,1
30.401,1.2635769469367584,0.7984650002959592,-0.14802937408979405,2.3625325932923866,-0.6921317358015726,-0.33090075646958644,541,1
30.426,1.3255343278910576,0.7803594563412731,-0.15714566963133408,2.4331374334974685,-0.6879073221967671,-0.31342073561108297,541,1
30.451,1.3852338186116335,0.7640696341861204,-0.16370041087034834,2.474832836214365,-0.6757111253728636,-0.30360232555268774,539,1
30.476,1.4492759697017776,0.7465739000726295,-0.17232578590896874,2.5533926467874704,-0.7307718168377149,-0.3072824894657478,540,1
30.501,1.5129034509510089,0.7275310433442341,-0.179064535343636,2.555764088170144,-0.7334474236216122,-0.2962855615768636,539,1
30.526,1.5770641741102867,0.7099015288915483,-0.1871400639878121,2.614191723437911,-0.7352872247000892,-0.2968373899758694,539,1
30.551,1.643613037122897,0.6907666821092318,-0.19390640484242874,2.6749410215326748,-0.7700741356694741,-0.2925629720382042,540,1
30.576,1.7108112251869223,0.6713978221080741,-0.2017682125897224,2.7272477583796797,-0.7652593236829721,-0.2984320574714563,539,1
30.601,1.7799754250418829,0.6525037159250826,-0.20882800771600185,2.7815022693647156,-0.8001589790474004,-0.27194467993493954,538,1
30.626,1.84988633865516,0.6313898731557035,-0.21536544658646978,2.704483655834539,-0.7813347397096404,-0.2748044875627237,539,1
30.651,1.9151996078336118,0.6134369789396,-0.22256823209413812,2.5542801776476884,-0.7417668683869372,-0.29238118128480534,538,1
30.676,1.9776003475375372,0.5943015297363587,-0.22998450565070944,2.4117713834453993,-0.7030316080021504,-0.24778540125513263,539,1
30.701,2.0357881770058834,0.578285398539492,-0.23495750215689498,2.2311198699337127,-0.6356846588377473,-0.2181975119069226,541,1
30.726,2.0891563410342244,0.5625172967944709,-0.24089438124605567,2.1043763791398775,-0.6038813135992575,-0.2327348718819844,541,1
30.751,2.141006995962879,0.5480913328595287,-0.24659424575099442,1.9519298235508653,-0.5509927488217491,-0.20440837196852676,540,1
30.776,2.186752832211769,0.5349676593533831,-0.2511147998444821,1.7448766075295923,-0.542593763520822,-0.22204309108318318,539,1
30.801,2.2282508263393535,0.5209616446834892,-0.2576964003051528,1.5937439814458139,-0.45090595790529014,-0.19074919357873815,539,1
30.826,2.266440031284061,0.5124223614581183,-0.2606522595234192,1.4445160993550816,-0.3571113959832533,-0.147823233894966,539,1
30.851,2.3004766313071086,0.5031060748843262,-0.265087561999901,1.2812288047207505,-0.37896768436296874,-0.17705843370251909,539,1
30.876,2.3305014715200993,0.49347397723996955,-0.2695051812085454,1.1346856722779213,-0.3352241623291504,-0.12058482304029113,539,1
30.901,2.3572109149210054,0.4863448667678685,-0.27111680315191583,1.0103501990694095,-0.14271806306246615,-0.0881136244508657,538,1
30.926,2.381018981473567,0.48633807408684665,-0.27391086243108825,0.8278691708838319,0.003889363062782259,-0.12968753253556103,538,1
30.951,2.3986043734651976,0.4865393349210076,-0.2776011797786942,0.6992543828620768,0.12872719726421827,-0.08752919761999198,541,1
30.976,2.4159817006166713,0.49277443395005766,-0.27828732231208786,0.5794926581306565,0.10451614925816217,-0.0901508282825057,540,1
31.001,2.427579006371731,0.4917651423839158,-0.2821087211928195,0.4408790644317521,-0.015620862133528313,-0.12548364620832686,540,1
31.026,2.438025653838259,0.49199339084338123,-0.2845615046225042,0.34319773472536846,0.0737106148323716,-0.04960951343699731,541,1
31.051,2.4447388931079983,0.49545067312553415,-0.2845891968646694,0.18094283420161358,0.025597318576407648,-0.039186296559083345,541,1
31.076,2.44707279554834,0.49327325677220163,-0.28652081945045854,0.056952776667555126,-0.03249663207321516,-0.05695466739771423,541,1
31.101,2.447586531941376,0.49382584152187337,-0.2874369302345549,-0.05163295444787257,-0.011135796461899503,-0.02885971007042757,541,1
31.126,2.4444911478259463,0.49271646694910665,-0.28796380495397983,-0.16924540151764347,-0.04769651053587996,-0.03346766182462831,541,1
31.151,2.439124261865494,0.49144101599507933,-0.2891103133257864,-0.2820112577388461,-0.03541911553084566,-0.013273984664073568,540,1
31.176,2.430390584939005,0.49094551117256446,-0.28862750418718364,-0.40477343840266,-0.012522936217344948,0.003985646792834473,541,1
31.201,2.4188855899453605,0.4908148691842121,-0.28891103098614473,-0.5160153015145601,-0.006494287066295309,0.0005689750306991844,540,1
31.226,2.4045898198632765,0.4906207968192497,-0.28859905543564845,-0.5852634228988679,-0.029236823038008702,-0.005163237612038,541,1
31.251,2.3896224188004167,0.4893530280323116,-0.28916919286674675,-0.5941874584549915,-0.02062970194938811,-0.018458249329418044,541,1
31.276,2.3748804469405265,0.4895893117217803,-0.2895219679021194,-0.541541376532568,0.00177937464345589,0.000559216181637044,539,1
31.301,2.36254534997379,0.4894419967644844,-0.28914123205766495,-0.45924219086523677,-0.0020802889849180477,0.01967117485738939,538,1
31.326,2.3519183373972643,0.48948529727253437,-0.28853840915925,-0.39376543897592925,0.0174099098815492,0.012902614326222122,539,1
31.351,2.342857078024993,0.4903124922585619,-0.28849610134135406,-0.3197681938178353,0.023343350413247088,-0.005456226816242727,539,1
31.376,2.3359299277063723,0.49065246479319674,-0.28881122050006214,-0.2225233357903424,0.03073869028326693,-0.003107200341325678,539,1
31.401,2.331730911235476,0.49184942677272525,-0.2886514613584201,-0.14174037885074237,0.004661154837453372,-0.0010178308084630185,538,1
31.426,2.3288429087638356,0.4908855225350694,-0.2888621120404852,-0.1257112514203378,-0.02506542047994684,-0.01717532013184784,538,1
31.451,2.325445348664459,0.4905961557487279,-0.2895102273650125,-0.11300141625461729,0.012996605761035156,-0.00046481272658382316,540,1
31.476,2.3231928379511047,0.49153535282312116,-0.2888853526768145,-0.06447126146818768,0.022846450138620196,0.015985298726661542,538,1
31.501,2.3222217855910494,0.4917384782556589,-0.28871096242867955,-0.04857492680083662,0.017484875477926404,0.005104877655916978,538,1
31.526,2.320764091611063,0.4924095965970175,-0.2886301087940186,-0.042548977651837495,0.03305102452515551,0.01770305498102965,539,1
31.551,2.3200943367084577,0.4933910294819166,-0.2878258096796281,-0.016019162036106975,0.0013822109461480794,0.0035870791797786893,539,1
31.576,2.3199631335092574,0.4924787071443249,-0.2884507548350296,-0.013076367407060899,-0.03241242867451598,-0.018820568655204272,539,1
31.601,2.3194405183381046,0.4917704080481908,-0.28876683811238835,-0.02017543231490364,0.02962514300800592,0.004898450703709686,539,1
31.626,2.3189543618935122,0.4939599642947252,-0.28820583229984426,-0.018627744929870807,0.017766539393700733,-0.002507462400149727,538,1
31.651,2.318509131091611,0.4926587350178758,-0.2888922112323959,-0.020838276942082363,-0.040365481117306055,-0.015587226397101082,538,1
31.676,2.317912448046408,0.49194169023886003,-0.28898519361969943,-0.0112616821965082,-0.0015271720448761577,0.009354075754606095,539,1
31.701,2.3179460469817856,0.492582376415632,-0.2884245074446654,-0.0037995229813336264,0.0243325019512005,0.011486049198188134,539,1
31.726,2.3177224718973415,0.49315831533642007,-0.28841089115979,-0.007556059863089607,0.0028639131285812117,0.011870283857131457,538,1
31.751,2.317568243988631,0.4927255720720611,-0.2878309932518086,0.011165727918340649,-0.00909015984785309,-0.009614425157611213,539,1
31.776,2.3182807582932585,0.4927038073440274,-0.2888916124176708,-0.0036082205578049473,0.022866395509629957,-0.007883670569004856,539,1
31.801,2.317387832960741,0.4938688918475425,-0.2882251767802587,-0.013767197075047281,0.008900719700658406,0.011609800848155606,537,1
31.826,2.317592398439506,0.49314884332906034,-0.28831112237526296,0.005985944616737541,-0.03682365671652758,-0.012614979835641015,539,1
31.851,2.317687130191578,0.4920277090117161,-0.28885592577204067,-0.007569464622480985,-0.017002487291100966,-0.015088629976531605,539,1
31.876,2.317213925208382,0.4922987189645053,-0.2890655538740895,-0.01387008835671091,0.01386150771041408,0.006005557875177118,539,1
31.901,2.3169936257737422,0.4927207843972368,-0.28855564787828164,0.0019718430369587434,-0.0056067376098182095,0.0009516185632652538,539,1
31.926,2.31731251736023,0.4920183820840144,-0.28901797294592624,0.011768431720016015,-0.04353378685487402,-0.025867830503347365,539,1
31.951,2.317582047359743,0.4905440950544931,-0.2898490394034488,0.001773356402319212,0.02284876763883637,0.0243539361286068,539,1
31.976,2.317401185180346,0.4931608204659562,-0.28780027613949594,-0.0016588273860574764,0.0656499661038072,0.07283065737092778,539,1
32.001,2.31749910599044,0.49382659335968326,-0.2862075065349025,-0.016556203025633574,0.003201021039944412,0.0722135690293007,538,1
32.026,2.3165733750290642,0.49332087151795345,-0.28418959768803054,-0.042761682630324226,-0.02051479729067432,0.12159874831850843,538,1
32.051,2.315361021858924,0.49280085349514946,-0.28012756911897635,-0.07664914227855749,0.024391991569319427,0.21991005406073155,538,1
32.076,2.3127409179151366,0.49454047109641935,-0.27319409498499453,-0.14365751101665863,0.05401676388740647,0.32782760024889424,539,1
32.101,2.3081781463080913,0.49550169168951963,-0.2637361891065325,-0.21747421438952044,0.07180169166242942,0.4373859882024149,539,1
32.126,2.301867207195661,0.4981305556795406,-0.2513247955748751,-0.2904828145612123,0.09511697890027004,0.5651218048120705,538,1
32.151,2.2936540055800294,0.5002575406345335,-0.23548009886592658,-0.3819444513603217,0.10382847247070062,0.6962292278409815,539,1
32.176,2.2827699846276435,0.5033219793030761,-0.21651333418282306,-0.5090951501541264,0.10360408448567482,0.8149303819135786,538,1
32.201,2.2681992480723245,0.505437744858817,-0.1947335797702501,-0.6046785786663278,0.1713040442597666,0.9912451879522552,540,1
32.226,2.252536055694329,0.5118871815160639,-0.16695107478521307,-0.660690525108125,0.21026130010204233,1.1478898885763598,539,1
32.251,2.23516472181692,0.5159508098639185,-0.13733908534143527,-0.7817900240585862,0.20025545568639627,1.2894273008590995,540,1
32.276,2.213446554491396,0.5218999543003846,-0.10247970974225282,-0.8959218951912398,0.25630351531859696,1.4642002858564491,540,1
32.301,2.1903686270573544,0.5287659856298494,-0.06412907104860674,-0.9983642328385968,0.2840047855612588,1.610330713305797,538,1
32.326,2.163528342849469,0.5361001935784467,-0.021963174076967382,-1.080104266021768,0.31100624907216534,1.7784488518004016,539,1
32.351,2.136363413756269,0.5443162980834568,0.024793371541408232,-1.134797588974419,0.3479584113149634,1.9417153579276596,540,1
32.376,2.1067884634007514,0.5534981141441939,0.07512259381941014,-1.2417026852676922,0.3544994915440744,2.094116530470397,539,1
32.401,2.074278279492879,0.5620412726606621,0.12949919806493723,-1.3403865911705382,0.38689256121498905,2.2507064345193264,540,1
32.426,2.039769133842219,0.572842742204945,0.1876579155453861,-1.4230383472073358,0.4104928608957181,2.384906471921797,540,1
32.451,2.0031263621325164,0.5825659157054468,0.24874452166102032,-1.5040614563781773,0.39824504505376046,2.5082231592892694,541,1
32.476,1.9645660610233142,0.5927549944576319,0.3130690735098424,-1.572469386712832,0.43831958076812333,2.663784864086472,541,1
32.501,1.9245028927968792,0.6044818947438517,0.3819337648653364,-1.645470322132156,0.4937019911538344,2.8140423270249126,541,1
32.526,1.8822925449166994,0.6174400940153257,0.4537711898611002,-1.7152135909670154,0.5067020167084325,2.9154410011612697,541,1
32.551,1.8387422132485212,0.6298169955792755,0.5277058149234122,-1.8031455061467798,0.5254238833340984,3.022049753682422,541,1
32.576,1.7921352696093655,0.6437112881820292,0.6048736775452127,-1.9051824599142826,0.5441079296772998,3.108045527337956,541,1
32.601,1.7434830902528125,0.657022392063139,0.683108091290301,-1.9363511834802374,0.5683878604315885,3.20890541021488,541,1
32.626,1.6953177104353592,0.672130681203607,0.7653189480559476,-2.0065506694175217,0.5754596744461924,3.294935852528281,541,1
32.651,1.6431555567819278,0.685795375785451,0.8478548839167291,-2.1047167176409403,0.5812470940223717,3.3493826135557723,541,1
32.676,1.5900818745533032,0.701193035904728,0.9327880787337505,-2.1442395551512856,0.6254135622609436,3.413411505409972,541,1
32.701,1.5359435790243696,0.7170660538984964,1.0185254591872182,-2.183964084251264,0.6344858705375539,3.4339248443623394,541,1
32.726,1.4808836703407462,0.7329173294316039,1.1044843209518576,-2.247025976330649,0.6549841519084459,3.48448478207857,541,1
32.751,1.4235922802078436,0.7498152614939169,1.192749698291137,-2.338659427600414,0.673268945289263,3.499633344978971,541,1
32.776,1.3639506989607155,0.7665807766960699,1.279465988200821,-2.3866259870500004,0.6843943506860477,3.4974651614198073,541,1
32.801,1.3042609808553334,0.7840349790282222,1.3676229563621425,-2.4759306452396,0.7105201729358228,3.5129948280080336,541,1
32.826,1.2401541666987426,0.8021067853428591,1.455115729601213,-2.4963080239005775,0.7277836887078474,3.4811154881751643,541,1
32.851,1.1794455796603116,0.8204241634636125,1.5416787307708908,-2.5079855531378086,0.7471028795041871,3.4533409573802496,541,1
32.876,1.1147548890418593,0.8394619293180663,1.6277827774702156,-2.5972375333801705,0.7337748632622927,3.3993168636146485,541,1
32.901,1.049583702991292,0.8571129066267302,1.7116445739516377,-2.573235618920931,0.7260915283927318,3.3399789378513662,541,1
32.926,0.9860931080958018,0.875766505737706,1.7947817243627981,-2.50457578312477,0.7394449745944408,3.2851254539078223,539,1
32.951,0.9243549138350606,0.8940851553564502,1.8759008466470197,-2.446397225425733,0.7327221219005392,3.2068391865366097,541,1
32.976,0.8637732468245221,0.9124026118327309,1.9551236836896195,-2.3778585195852315,0.7046155204885675,3.1161201672076717,539,1
33.001,0.8054619878558058,0.9293159313808765,2.0317068550073945,-2.3169671312298323,0.6444690358623612,3.026657053259942,541,1
33.026,0.7479248902630206,0.9446260636258517,2.1064565363526295,-2.152276038992845,0.6108980650238184,2.916642648101284,541,1
33.051,0.6978481859061544,0.9598608346320701,2.177538987412471,-1.9815640095188385,0.5998684988682598,2.7800023485482566,540,1
33.076,0.6488466897870843,0.974619488569263,2.2454566537800345,-1.8544661723718747,0.5247351713799296,2.6617205271323567,541,1
33.101,0.6051248772875659,0.986097593201065,2.3106250137690814,-1.6960351831893425,0.4782267593027162,2.521025599292256,539,1
33.126,0.564044930627622,0.9985308265343974,2.37150793374464,-1.5403108662621887,0.45799502682905985,2.377401662035121,536,1
33.151,0.5281093339744499,1.00899734454252,2.4294950968708475,-1.4057098747431918,0.3952680488896739,2.2638165441864744,531,1
33.176,0.49375943689045637,1.0182942289788828,2.4846987609539735,-1.2956114558974978,0.3686283071952699,2.1043836681754375,527,1
33.201,0.4633287611795787,1.0274287599022824,2.5347142802796134,-1.1477487312792176,0.33210340255502957,1.9217600043947263,525,1
33.226,0.43637200032649875,1.0348993991066333,2.5807867611737043,-1.0402083999678826,0.2728343518752729,1.7720538635383707,524,1
33.251,0.41131834118118754,1.0410704774960453,2.623316973456527,-0.921600614453534,0.27922652107265583,1.6104874203243162,522,1
33.276,0.3902919696038181,1.0488607251602673,2.661311132189927,-0.8274088279804243,0.2537273885528052,1.4474872756347166,525,1
33.301,0.3699478997821628,1.0537568469236867,2.695691337238269,-0.7286583531670024,0.19652286560081894,1.2910936128384456,524,1
33.326,0.35385905194547007,1.0586868684403077,2.7258658128318456,-0.6158452723026747,0.17131545995283745,1.1291711505873823,523,1
33.351,0.3391556361670308,1.062322619921328,2.752149894767635,-0.5054679465864741,0.13654708254271397,0.9772736384722536,525,1
33.376,0.3285856546161478,1.065514222567443,2.7747294947554555,-0.39380298194396784,0.13693877320916478,0.819984100302823,524,1
33.401,0.31946548706983074,1.0691695585817869,2.7931490997827795,-0.3234072417083124,0.0947131589900704,0.6884420944991588,524,1
33.426,0.3124152925307308,1.070249880516947,2.8091515994804164,-0.21197748148685452,0.04596830243261336,0.5651878580076152,524,1
33.451,0.3088666129954886,1.0714679737034174,2.8214084926831586,-0.10724058552867453,0.00983147689355646,0.4406326089629326,522,1
33.476,0.3070532632542974,1.0707414543616247,2.8311832299285618,-0.04345524070463205,-0.010101283451967055,0.31741542449795573,523,1
33.501,0.30669385096025714,1.070962909530819,2.8372792639080555,0.032529605130143247,-0.0008476604693540667,0.22459928096268594,523,1
33.526,0.3086797435108047,1.070699071338157,2.842413193976697,0.10771450046103995,-0.015683217105249888,0.1386730952486263,523,1
33.551,0.3120795759833096,1.0701787486755565,2.8442129186704874,0.1367723208214522,-0.044331895458189795,0.06864091740859947,523,1
33.576,0.3155183595518769,1.0684824765652476,2.845845239847127,0.1341326632037053,-0.042122286671391236,0.02585018225004601,524,1
33.601,0.3187862091434945,1.068072634341987,2.8455054277829896,0.14852059182986443,-0.0419953549196907,0.003587011645418618,525,1
33.626,0.3229443891433697,1.0663827088192632,2.8460245904293977,0.18731687440883452,-0.06631307984941927,0.009794576979985923,525,1
33.651,0.328152052863937,1.0647569803495158,2.845995156631989,0.1651113117849005,-0.05531552651392574,0.014557506380733366,524,1
33.676,0.33119995473261543,1.0636169324935667,2.8467524657484344,0.10893745458070378,-0.04883606123063988,0.04986099318675946,523,1
33.701,0.3335989255929719,1.062315177287984,2.848488206291327,0.059252937622701375,-0.05675000578499002,0.06898970448223134,524,1
33.726,0.33416260161375033,1.0607794322043174,2.850201950972546,-0.020876370892794004,-0.0343712525646664,0.09902351457332545,523,1
33.751,0.33255510704833224,1.0605966146597507,2.853439382019993,-0.10179642291527922,0.0025138346851247906,0.12556472044691164,523,1
33.776,0.32907278046798594,1.0609051239385736,2.856480186994892,-0.2058829876146664,-0.027706076706201923,0.1636490405164486,524,1
33.801,0.32226095766759805,1.0592113108244405,2.861621834045816,-0.32982358927368993,-0.027408379906096906,0.22250354423971985,523,1
33.826,0.3125816010043024,1.0595347049432688,2.8676053642068773,-0.4612803760162827,0.0042122843238659065,0.2815586639384797,524,1
33.851,0.2991969388667852,1.0594219250406338,2.875699767242739,-0.5765567615054951,-0.011608870403692732,0.3256953115118052,523,1
33.876,0.28375376292902926,1.0589542614230842,2.8838901297824666,-0.6525974969657976,-0.009824531349335303,0.3433478321272317,524,1
33.901,0.26656706401849256,1.058930698473167,2.892867158849102,-0.7470975266215003,-0.015801083994236617,0.4016458452641926,524,1
33.926,0.24639888659795106,1.0581642072233723,2.903972422045678,-0.8851635019471635,-0.009032858870848218,0.4376997568826617,522,1
33.951,0.2223088889211369,1.0584790555296246,2.914752146693234,-0.9869034754036038,0.010311593183272603,0.466147536179564,523,1
33.976,0.19705371282777367,1.058679786882536,2.927279798854655,-1.0677173333949803,0.006057142013316319,0.49866963811267156,522,1
34.001,0.16892302225139091,1.0587819126302904,2.939685628598866,-1.1679160617039805,-0.0003431441286094446,0.5138341484907466,522,1
34.026,0.13865790974256967,1.0586626296761055,2.9529715062791944,-1.2423995419354676,0.014905323846602208,0.531281959761988,523,1
34.051,0.10680304515461224,1.0595271788226206,2.966249726586968,-1.3537784707224354,-0.006561648290937345,0.5543569002794029,523,1
34.076,0.07096898620645174,1.0583345472615586,2.980689351293163,-1.4342687558817095,0.0020323219180885576,0.5619545030603366,516,1
34.101,0.035089607360530836,1.059628794918525,2.994347451739983,-1.4908057195180655,0.01728974222956135,0.5463806699444573,509,1
34.126,-0.0035712997694472906,1.0591990343730366,3.0080083847903842,-1.5598913161106762,-0.005858534657549652,0.5399513506061188,511,1
34.151,-0.042904958445009626,1.0593358681856475,3.0213450192702913,-1.5751791845203178,0.019393181478413745,0.5303225618261634,518,1
34.176,-0.08233025899546989,1.0601686934469574,3.0345245128816947,-1.5809345733527824,0.009924899940810259,0.5154632320828183,520,1
34.201,-0.12195168711264426,1.059832113182688,3.0471181808744308,-1.5339844346245475,-0.005619786114854683,0.4924517852161361,519,1
34.226,-0.1590294807266929,1.0598877041412147,3.0591471021425,-1.4601935222511073,-0.006388739731937684,0.4705101470891472,517,1
34.251,-0.19496136322519547,1.0595126761960911,3.070643688228887,-1.37929534596414,0.014763279479489261,0.42345416591460017,519,1
34.276,-0.22799424802490578,1.0606258681151892,3.080319810438232,-1.2303564288762454,0.01942539700199143,0.37740925982702733,516,1
34.301,-0.256479184669013,1.0604839460461908,3.0895141512202398,-1.0910284860235746,0.003722160359327587,0.35225291612982496,519,1
34.326,-0.2825456723260814,1.0608119761331556,3.097932456244722,-0.9559994227571466,0.005548835962004044,0.3080450272016308,520,1
34.351,-0.3042791558068676,1.060761387844291,3.1049164025803204,-0.8082713810625302,-0.01082657157178763,0.26023535388120556,520,1
34.376,-0.3229592413792056,1.0602706475545662,3.1109442239387817,-0.6756462536757647,-0.001283091131511928,0.2203647488235195,521,1
34.401,-0.3380614684906587,1.0606972332877154,3.1159346400214973,-0.5259440126693211,0.0293213874657347,0.1680480197141988,523,1
34.426,-0.3492564420126739,1.061736716927853,3.1193466249244923,-0.3705999276890736,-0.012427637554105071,0.12268664338875,524,1
34.451,-0.35659146487511134,1.0600758514100102,3.1220689721909345,-0.25444978919525246,-0.00708564214640757,0.09040114049633077,524,1
34.476,-0.3619789314724358,1.0613824348205327,3.1238666819493086,-0.12171390975690337,0.019933967731168314,0.05734688945387638,525,1
34.501,-0.36267716036295616,1.0610725497965685,3.124936316663628,0.00649460805906832,0.0038852802747865196,0.026667783420382066,524,1
34.526,-0.3616542010694824,1.061576698834272,3.125200071120328,0.09748683725807118,-0.002143404917664777,0.001810520507046066,526,1
34.551,-0.3578028185000522,1.0609653795506853,3.1250268426889805,0.2295905119718808,-0.02152656647840823,0.006121609638319107,523,1
34.576,-0.350174675470889,1.0605003705103517,3.1255061516022438,0.34776767239104034,-0.022962381002532756,0.04285091756427017,522,1
34.601,-0.34041443488050116,1.0598172605005587,3.127169388567194,0.42148298229541314,-0.010567516663151966,0.10373961096526031,523,1
34.626,-0.3291005263561195,1.0599719946771942,3.1306931321505065,0.4822964660812356,-0.02900975150740256,0.21313219850559187,520,1
34.651,-0.3162996115764373,1.0583667729251884,3.1378259984924743,0.47585314958481,-0.09450749038686894,0.3904366910521184,521,1
34.676,-0.305307868876877,1.0552466201578503,-3.1329703404764726,0.36217848605498987,-0.13468337722482338,0.5855592879895233,519,1
34.701,-0.29819068727368886,1.0516326040639477,-3.116081344287637,0.25859072005969846,-0.20693176204944774,0.7991842233701362,518,1
34.726,-0.2923783328738928,1.0449000320553785,-3.093011129307968,0.1951757655894526,-0.2947528245230381,1.0270652137193677,516,1
34.751,-0.2884318989942168,1.0368949628377966,-3.0647280836016715,0.07383205319009747,-0.3635877728310045,1.257433954283557,517,1
34.776,-0.2886867302143876,1.0267206434138267,-3.030139431593785,-0.01740537273875871,-0.42576513833408136,1.4850448906753022,516,1
34.801,-0.2893021676311548,1.0156067059210907,-2.9904758390679,-0.05564387142168209,-0.5121189275052076,1.7156609987051927,516,1
34.826,-0.29146892378547157,1.0011146970385678,-2.94435638165853,-0.15530539949514693,-0.6186345031014692,1.946204132244795,516,1
34.851,-0.2970674376059117,0.984674980766019,-2.893165632455666,-0.20542572889103275,-0.7115061431813867,2.1289242662240473,518,1
34.876,-0.3017402102300226,0.9655393898795005,-2.837910168347334,-0.23507615569661627,-0.7760288778641615,2.2858494457049443,517,1
34.901,-0.3088212453907435,0.9458735368728076,-2.778873160170409,-0.29342802553985076,-0.8818084456588186,2.4596456170113825,517,1
34.926,-0.3164116115070164,0.9214489675965558,-2.714927887496754,-0.31316330996844727,-0.9769425828976575,2.585841182167026,520,1
34.951,-0.324479410889165,0.8970264077279275,-2.649581101062065,-0.35383087883434705,-1.0422883307020896,2.6553273997112647,517,1
34.976,-0.33410315544873276,0.8693345510614543,-2.5821615175111985,-0.3849348233268365,-1.1748389680477913,2.7199026281980423,517,1
35.001,-0.3437261520555057,0.8382844593255413,-2.5135859696521705,-0.4185153955755459,-1.2566008410200096,2.7456689198483333,516,1
35.026,-0.35502892522751184,0.8065045090104485,-2.44487807151877,-0.461001588286007,-1.3156150115119758,2.727081951896711,518,1
35.051,-0.36677623146980803,0.7725037087499369,-2.3772318720573233,-0.48547032953727626,-1.4063419649242936,2.681342407688786,517,1
35.076,-0.37930244170437427,0.7361874107642378,-2.3108109511343384,-0.47472012977027445,-1.5079948831741676,2.6088277195414085,517,1
35.101,-0.3905122379583204,0.6971039645912328,-2.2467904860802603,-0.46724226466126717,-1.5726294625138244,2.5008337257617974,517,1
35.126,-0.4026645549374363,0.657555937638551,-2.1857692648462557,-0.5248961330099319,-1.5735192950995494,2.3501206654610525,518,1
35.151,-0.41675704460881924,0.6184279998362486,-2.1292844528071977,-0.48480690811548016,-1.5752478074093068,2.1676289953618273,520,1
35.176,-0.4269049003432124,0.578793547268079,-2.077387815078155,-0.4204883296682355,-1.5040559881059246,1.9840013128007845,530,1
35.201,-0.4377814610922298,0.5432252004309567,-2.030084387167164,-0.409535720158648,-1.3760337246021908,1.771563433478954,538,1
35.226,-0.4473816863511436,0.5099918610379733,-1.9888096434042124,-0.36149283131345966,-1.229709203490379,1.549699140634732,541,1
35.251,-0.4558561026579018,0.48173974025644123,-1.952599430135432,-0.3356025944101629,-1.0642635068349362,1.3376777031174405,541,1
35.276,-0.4641618160716532,0.456778685696222,-1.9219257582483347,-0.29748434412050345,-0.9395382174710929,1.087434464312325,541,1
35.301,-0.4707303198639282,0.4347628293828826,-1.898227706919811,-0.20561040850337112,-0.811163873415402,0.8563349362268589,541,1
35.326,-0.47444233649682116,0.4162204920254542,-1.8791090114369942,-0.1762782499004434,-0.6708798773333461,0.6460688840539154,541,1
35.351,-0.4795442323589499,0.4012188355162172,-1.8659242627171169,-0.18287239740528302,-0.5305511662493692,0.4449140959170248,541,1
35.376,-0.4835859563670848,0.38969293371298724,-1.8568633066411444,-0.12222301372534618,-0.38952041460749276,0.25686808966507907,541,1
35.401,-0.4856553830452177,0.3817428147858409,-1.853080858233862,-0.08109097589866529,-0.2872039395646619,0.10248072225826924,541,1
35.426,-0.4876405051620184,0.3753327367347529,-1.8517392705282305,-0.05075798743175719,-0.15526036608338395,0.016270429104797517,541,1
35.451,-0.48819328241680543,0.3739797964816721,-1.852267336778622,0.016994547632227373,-0.024407657913088354,0.04273579462284148,541,1
35.476,-0.4867907777804071,0.3741123538390986,-1.8496024807970886,0.023032573333787918,0.08431397661394814,-0.019082609330355303,541,1
35.501,-0.4870416537501161,0.3781954953123693,-1.8532214672451397,0.03806291687998295,0.20622166167468609,-0.16026994117992877,541,1
35.526,-0.48488763193640777,0.38442343692283376,-1.8576159778560857,0.08286963922592609,0.30547826880272416,-0.21021389082791037,541,1
35.551,-0.48289817178881944,0.3934694087525068,-1.8637321617865361,0.04658291984582051,0.40064755280734443,-0.372956382236861,541,1
35.576,-0.4825584859441169,0.40445581456319984,-1.8762637969679274,-0.0051439870114458755,0.49158391983797695,-0.5888182446025138,541,1
35.601,-0.4831553711393917,0.41804860474440425,-1.8931730740166601,-0.08095257575958431,0.5506540966223996,-0.7625732802005192,541,1
35.626,-0.48660611473209586,0.43198851939431826,-1.9143924609779512,-0.18715656678973416,0.5599782269966169,-0.9157601916814536,541,1
35.651,-0.4925131994788792,0.4460475160942375,-1.9389610836007367,-0.29918225697022516,0.4915574763311084,-1.1404464332064728,540,1
35.676,-0.5015652275806084,0.4565663932108758,-1.9714147826382795,-0.4218115040411947,0.45681240116670563,-1.3913107300074303,540,1
35.701,-0.5136037746809378,0.46888813615257147,-2.0085266201011045,-0.5491999707909013,0.4751470617359059,-1.5725094052719342,541,1
35.726,-0.5290252261201519,0.4803237462976697,-2.0500402529018715,-0.6292169648481696,0.4241455236199595,-1.7670074342749524,538,1
35.751,-0.5450646229233445,0.49009541233356824,-2.096876991814847,-0.7283212435065646,0.36901041025847087,-1.9554600433885503,532,1
35.776,-0.5654412882954832,0.49877426681059484,-2.1478132550713074,-0.8528917934089858,0.3084219301373262,-2.0888910885175966,524,1
35.801,-0.5877092125937974,0.5055165088404359,-2.201321546240736,-0.9442822098266993,0.25423284152297,-2.271317850238686,519,1
35.826,-0.6126553987868155,0.5114859088867426,-2.261379147583235,-0.9976604249838451,0.21724802881326957,-2.408505480573208,519,1
35.851,-0.6375922338429868,0.5163789102810987,-2.3217468202693894,-1.0680065673275358,0.15770825380394324,-2.4584525946672176,517,1
35.876,-0.6660557271531893,0.5193713215769393,-2.384301777316589,-1.2121738844536523,0.12510795185059642,-2.5256704600534152,517,1
35.901,-0.6982009280656746,0.5226343078736291,-2.448030343272071,-1.308383701939801,0.08383127899945948,-2.574529727111961,515,1
35.926,-0.7314749122501849,0.5235628855269127,-2.513028263672198,-1.341308290849615,0.023138761242837074,-2.599949348147629,515,1
35.951,-0.7652663426081515,0.5237912459357709,-2.578027810679445,-1.4291849709348239,-0.010019868769180498,-2.5556396437916393,514,1
35.976,-0.802934160796922,0.5230618920884537,-2.640810245861773,-1.5338336195829034,-0.03361639400026175,-2.501343749066809,512,1
36.001,-0.8419580235872923,0.5221104262357579,-2.7030949981327783,-1.5671549086008003,-0.09405686165833901,-2.4640684447636416,511,1
36.026,-0.8812919062269687,0.5183590490055363,-2.7640136680999654,-1.6112952251151438,-0.12635825726743855,-2.362008620642693,509,1
36.051,-0.9225227848430564,0.5157925133723854,-2.821195429164923,-1.6461734794196794,-0.12173389194255062,-2.218201855944379,507,1
36.076,-0.963600580197948,0.5122723544084091,-2.874923760897178,-1.5914134710454702,-0.12161909538610985,-2.0714743816636205,505,1
36.101,-1.0020934583953254,0.5097115586030803,-2.924769148248098,-1.4953190086809471,-0.12339026563023915,-1.9102936390604983,503,1
36.126,-1.0383665306319911,0.5061028411268975,-2.9704384428501975,-1.3260006897551848,-0.11568658338185224,-1.7138487315394761,503,1
36.151,-1.0683934928830903,0.5039272294339872,-3.0104615848250793,-1.1691441443037556,-0.0658745212946809,-1.5116508208086588,500,1
36.176,-1.096823737847184,0.5028091150621632,-3.046020983890637,-1.0307154551545947,-0.04427551273472415,-1.3220901433169936,497,1
36.201,-1.119929265640817,0.5017134537972511,-3.0765660919909252,-0.841992444179226,-0.0514209943962081,-1.1066826988231078,497,1
36.226,-1.1389233600561428,0.5002380653423529,-3.101355118831789,-0.7426241548406831,-0.03749593906193551,-0.8895990835001449,494,1
36.251,-1.1570604733828491,0.4998386568441544,-3.12104604616593,-0.6046591379862427,-0.017510214085092075,-0.7028582533773275,496,1
36.276,-1.1691563169554575,0.49936255463809825,-3.1364980315006585,-0.47268293103525727,-0.03333163685176159,-0.5095302604659501,495,1
36.301,-1.180694619934614,0.4981720750015662,3.136662747990357,-0.32462333110268093,-0.03729598375619693,-0.33277432005904944,494,1
36.326,-1.1853874835105906,0.4974977554502885,3.1300485596759757,-0.17188070906415476,-0.01407018523812722,-0.20356517458194381,495,1
36.351,-1.1892886553878212,0.49746856573965986,3.1264844892612604,-0.09237221976229196,-0.006138549055009561,-0.08428591046100865,493,1
36.376,-1.190006094498705,0.49719082799753805,3.1258342641529255,0.05888518443332322,0.0060484029874080915,-0.019679478917734014,492,1
36.401,-1.1863443961661548,0.4977709858890303,3.1255005153153737,0.1850250151528796,-0.000493324241344031,-0.005286226566889145,493,1
36.426,-1.1807548437410602,0.49716616178547085,3.125569952824581,0.26637340627795064,-0.001934253285692632,-0.004321709335100256,491,1
36.451,-1.173025725852258,0.49767427322474567,3.1252844298486187,0.35551841742774726,0.04683793636128297,-0.05479619274214676,493,1
36.476,-1.1629789228696739,0.49950805860353487,3.122830143187474,0.3882135521946405,0.060817992607630336,-0.09965225647280318,494,1
36.501,-1.1536150482425271,0.500715172855127,3.1203018170249788,0.30609067343545127,0.05634828125349731,-0.1292810481726626,497,1
36.526,-1.1476743891979,0.50232547266621,3.11636609077884,0.22348230767142632,0.09298500907117908,-0.19694275915179124,495,1
36.551,-1.1424409328589549,0.5053644233086864,3.1104546790673884,0.16030845114149117,0.16342335363425373,-0.27101934177301545,496,1
36.576,-1.1396589666408259,0.5104966403479222,3.10281512369019,0.023637985243702097,0.22740973116533741,-0.3406829856566523,496,1
36.601,-1.1412590335967698,0.5167349098669526,3.0934205297845567,-0.08119687034554808,0.28698871913437196,-0.4215999795747001,497,1
36.626,-1.143718810158103,0.52484607630464,3.0817351247114564,-0.19667608855052798,0.3352041435980649,-0.5113306282686388,498,1
36.651,-1.151092838024297,0.5334951170468573,3.0678539983711226,-0.2710486970092676,0.3844907510469247,-0.5869006283333033,495,1
36.676,-1.1572712450085676,0.5440706138569879,3.0523900932947887,-0.30704954614270774,0.44955982395070593,-0.6637958519115572,494,1
36.701,-1.1664453153314316,0.5559731082443913,3.0346642057755466,-0.4582638905282493,0.5017028132366016,-0.7441136267921046,493,1
36.726,-1.1801844395349788,0.5691557545188165,3.0151844119551856,-0.5428291080685674,0.568738619052135,-0.8113870939357798,493,1
36.751,-1.1935867707348584,0.5844100391969964,2.99409485107876,-0.6560260309840933,0.6282610200666513,-0.881044174138839,494,1
36.776,-1.2129857410841862,0.6005688055221517,2.97113220324824,-0.7307881259425518,0.6769878305856936,-0.9496362526696868,490,1
36.801,-1.2301261770319891,0.618259430726284,2.9466130384452716,-0.7795460932972008,0.7181126914393441,-1.0009921160957571,491,1
36.826,-1.251963045749044,0.6364744400941169,2.921082597443455,-0.8903065907239034,0.7917729257859368,-1.0498738591626264,489,1
36.851,-1.2746415065681818,0.6578480770155786,2.8941193454871432,-0.9368624971125206,0.8450217580684619,-1.0962741749180351,489,1
36.876,-1.2988061706046674,0.6787255279975376,2.8662688886975562,-1.0268078665164517,0.8750523176834055,-1.1207918387536364,487,1
36.901,-1.3259818998940087,0.7016006928997526,2.8380797535494566,-1.0961464213771597,0.9587526722347732,-1.1513385150571938,488,1
36.926,-1.35361349167353,0.7266631616092804,2.8087019629446917,-1.1381322228254989,0.9902667919992844,-1.174415579139825,490,1
36.951,-1.3828885110352804,0.751114032499714,2.7793589745924687,-1.2228508733961514,1.023530820115897,-1.1881538227419117,488,1
36.976,-1.4147560353433342,0.7778397026150723,2.7492942718075994,-1.2726798987890633,1.090033100496197,-1.1849094614931894,488,1
37.001,-1.44652250597473,0.8056156875245207,2.7201135015178126,-1.360873783077378,1.126054194779504,-1.149743536312417,488,1
37.026,-1.4827997244972089,0.8341424123540523,2.6918070949919737,-1.4709741640618812,1.1857927678159907,-1.1403630246291656,488,1
37.051,-1.5200712141778303,0.8649053259153253,2.6630953502863495,-1.4769854671847766,1.2466384201130885,-1.1196996383999662,488,1
37.076,-1.5566489978564435,0.8964743333597032,2.6358221130719786,-1.4992731887313147,1.2715585392257847,-1.0844094416563528,489,1
37.101,-1.5950348736143918,0.9284832528766109,2.608874878203535,-1.5516661005977899,1.2649504286292665,-1.0240841916046377,489,1
37.126,-1.6342323028863286,0.9597218547911629,2.5846179034917496,-1.5030260277416703,1.2683855432675457,-0.964974421014284,489,1
37.151,-1.6701861750014817,0.9919025300399936,2.5606261571528166,-1.4431619484365412,1.1901503143925158,-0.9251663251818353,491,1
37.176,-1.7063904003081618,1.0192293705107938,2.538359587232654,-1.3467397392710778,1.113952765676739,-0.837877521451199,492,1
37.201,-1.7375231619650318,1.0476001683238274,2.518732281080259,-1.2210943466873332,1.0181248351683394,-0.7862184907573869,492,1
37.226,-1.767445117642525,1.0701356122692078,2.4990486626947868,-1.0703576188670492,0.8890103337438643,-0.6963653109574027,493,1
37.251,-1.7910410429083812,1.092050685011018,2.483914015532391,-0.9453636751019439,0.8047839556628913,-0.6218922859988931,492,1
37.276,-1.8147133013976262,1.1103748100523558,2.4679540483948395,-0.8438758878298938,0.6890959846118417,-0.5592537536894648,493,1
37.301,-1.8332348372998795,1.1265054842416131,2.4559513278479153,-0.7014092789441272,0.6136662352708815,-0.46918318446854457,492,1
37.326,-1.8497837653448306,1.1410581218158982,2.4444948891714136,-0.6381729236000452,0.5290026339562893,-0.38927679411785204,495,1
37.351,-1.86514348347988,1.152955615939426,2.4364874881420238,-0.5262129084994959,0.42329108505982666,-0.3051570886555228,494,1
37.376,-1.8760944107698039,1.1622226760688883,2.4292370347386383,-0.39439476670850315,0.33084024787598154,-0.23853815212498927,496,1
37.401,-1.8848632218153067,1.1694976283332266,2.4245605805357733,-0.29130460463518487,0.24874757447799756,-0.15594023702327767,497,1
37.426,-1.8906596410015644,1.1746600547927892,2.4214400228874737,-0.17378007799771045,0.19458369501387238,-0.09965748392420826,497,1
37.451,-1.8935522257151918,1.1792268130839196,2.419577706339563,-0.08073342417572975,0.08633596076427044,-0.0631110016188821,495,1
37.476,-1.8946963122103506,1.1789768528310025,2.41828447280653,-0.01446705649609108,-0.010519455015810019,-0.044928244981082055,497,1
37.501,-1.8942755785399963,1.1787008403331292,2.417331294090509,0.08450363220237901,-0.043228553492583234,-0.0015293418028149237,496,1
37.526,-1.8904711306002313,1.1768154251563732,2.418208005716389,0.2016560264737383,-0.13875540511222234,-0.010660939296113427,494,1
37.551,-1.8841927772163085,1.1717630700775175,2.4167982471257035,0.2530808892877456,-0.22995024449774057,-0.00643700500190506,496,1
37.576,-1.8778170861358447,1.1653179129314868,2.417886155466294,0.30045870045134415,-0.3080809187156805,0.06497692198441576,496,1
37.601,-1.8691698421937422,1.1563590241417343,2.420047093224924,0.3789437184718951,-0.3127144238767121,0.06973433539346494,495,1
37.626,-1.858869900212251,1.149682191737652,2.421372872235967,0.3137379231670233,-0.2671175665553166,0.09710655060351907,494,1
37.651,-1.8534829460353897,1.1430031458139673,2.4249024207551004,0.20525112675141813,-0.2636559477337916,0.14771261950201248,494,1
37.676,-1.8486073438746793,1.1364993943509614,2.428758503211068,0.15311917085921928,-0.20424819614643314,0.17348639037759836,495,1
37.701,-1.8458269874924291,1.1327907360066463,2.43357674027398,0.02845000819616745,-0.1609619768737594,0.2484543495192301,493,1
37.726,-1.847184843464871,1.1284512955072739,2.441181220687029,-0.07536577837318854,-0.1147258897278268,0.2869887203272533,495,1
37.751,-1.8495952764110883,1.1270544415202552,2.4479261762903417,-0.18127421548469477,-0.0027843206565944926,0.3171203197305679,494,1
37.776,-1.8562485542391065,1.1283120794744441,2.4570372366735587,-0.31567612421758956,0.05661172869323622,0.3872498106584857,495,1
37.801,-1.8653790826219692,1.1298850279549173,2.4672886668232676,-0.41761202428603084,0.08733330157439098,0.4164182523402419,493,1
37.826,-1.8771291554534069,1.1326787445531634,2.4778581492905696,-0.4794687080419197,0.12041824255987228,0.45513299484888947,493,1
37.851,-1.8893525180240638,1.1359059400829106,2.490045316565711,-0.5785336858393038,0.2013061546774767,0.5180281497810341,494,1
37.876,-1.9060558397453704,1.1427440522870367,2.50375955677962,-0.7206647337028923,0.25369624694267456,0.5608412057037581,493,1
37.901,-1.9253857547092115,1.1485907524300454,2.518087376850901,-0.7799743081561684,0.253258970061952,0.5841613995170681,495,1
37.926,-1.9450545551531822,1.1554070007901354,2.5329676267554757,-0.8534105895672802,0.30749251992787635,0.5832507305937783,495,1
37.951,-1.968056284187573,1.1639653784264383,2.5472499133805884,-0.9735079561393543,0.3651529183734089,0.5951692302679917,495,1
37.976,-1.993729952960147,1.1736646467088048,2.5627260882688736,-1.0595997549893912,0.4256116143992925,0.6130193493383544,496,1
38.001,-2.0210362719370396,1.1852459591464017,2.5779008808475044,-1.1437724092974346,0.45695269982014886,0.6513548473866382,495,1
38.026,-2.0509185734250237,1.1965122816998142,2.5952938306382083,-1.232868380985394,0.4700508043813655,0.6226804866120352,496,1
38.051,-2.0826796909863146,1.208748499365472,2.6090349051781088,-1.273364240172167,0.5333605343461382,0.5691187371439067,497,1
38.076,-2.1145867854336284,1.2231803084171196,2.623749767495402,-1.3659647428622779,0.5490871277122934,0.6193394127266579,495,1
38.101,-2.1509779281294246,1.2362028557510851,2.64000187581444,-1.4420292292571022,0.6051163434274087,0.5860449727480144,497,1
38.126,-2.1866882468964794,1.2534361255884883,2.653052016132801,-1.4818046361778838,0.6861516801333237,0.506911122750512,497,1
38.151,-2.225068159938325,1.2705104397577542,2.6653474319519677,-1.5464021479461478,0.6619795460386126,0.5090937016300155,499,1
38.176,-2.2640083542937934,1.2865351028904217,2.678506701214304,-1.5520559016206452,0.6202863854841565,0.4929395698561226,498,1
38.201,-2.302670955019353,1.3015247590319603,2.6899944104447724,-1.4908929841448741,0.6161128994184967,0.42471055036515465,498,1
38.226,-2.338553003501033,1.3173407478613448,2.6997422287325605,-1.3506449712630855,0.5915189392375523,0.36573064453548326,498,1
38.251,-2.3702032035825034,1.3311007059938362,2.7082809426715455,-1.205324041519184,0.510114276031489,0.33504069472240855,500,1
38.276,-2.3988192055769972,1.3428464616629214,2.7164942634686824,-1.0839360813123697,0.4570945414521931,0.2856119413162284,502,1
38.301,-2.4244000076481265,1.3539554330664478,2.722561539737358,-0.935353119164377,0.41598796788466486,0.2219768651720104,501,1
38.326,-2.4455868615352134,1.3636458600571535,2.7275931067272823,-0.7922383212421298,0.3239292465948569,0.1813014330970489,501,1
38.351,-2.4640119237102307,1.3701518953961898,2.73162661139221,-0.6523186154307152,0.2878213368002877,0.11970066820030892,503,1
38.376,-2.4782027923067473,1.378036926897167,2.7335781401372974,-0.5188873427751873,0.25581809524681404,0.0823190134163739,502,1
38.401,-2.4899562908489923,1.3829428001585315,2.735742562063029,-0.41654875876638187,0.1515121453174921,0.08245696444925528,502,1
38.426,-2.499030230245068,1.3856125341630423,2.7377009883597605,-0.3179032675966912,0.07805300217373468,0.05303442999625342,504,1
38.451,-2.505851454228826,1.386845450267218,2.7383942835628416,-0.15705832185602736,0.08623053075574251,-0.0052899646365392695,501,1
38.476,-2.506883146337869,1.3899240607008292,2.7374364901279336,-0.042960202668445246,0.06250540271332561,-0.007861053341553962,501,1
38.501,-2.507999464362248,1.3899707204028842,2.738001230895764,0.03937694933196509,-0.02091802282502985,0.0012063112431092231,501,1
38.526,-2.5049142988712707,1.3888781595595776,2.737496805690089,0.19983299162619944,-0.06131303268756582,-0.005297354580031214,501,1
38.551,-2.4980078147809373,1.3869050687685056,2.7377363631667624,0.2946510870762421,-0.09980581169110837,0.0008132952658357802,503,1
38.576,-2.4901817445174594,1.3838878689750225,2.737537470453381,0.3490332078528378,-0.15743626425347662,-0.00577119086520061,504,1
38.601,-2.4805561543882964,1.3790332555558322,2.7374478036235024,0.42323001700336166,-0.15938206338584687,-0.01107029557808011,501,1
38.626,-2.4690202436672926,1.3759187658057306,2.736983955674477,0.3907771835624385,-0.17537239789778894,0.01977715126076527,503,1
38.651,-2.4610172952101728,1.370264635660942,2.7384366611865407,0.3535462496166862,-0.17823286465412014,0.02004152173365632,502,1
38.676,-2.4513429311864567,1.3670071225730238,2.7379860317611597,0.3322175326774446,-0.11848906371029207,-0.0027260054558821295,501,1
38.701,-2.4444064185763015,1.3643401824754278,2.7383003609137466,0.260040323852874,-0.11035178932997175,0.0011830201047225548,502,1
38.726,-2.438340914993814,1.3614895331065255,2.738045182766396,0.2450493941702498,-0.08163324061410313,-0.014913516332387427,502,1
38.751,-2.4321539488677897,1.3602585204447228,2.7375546850971273,0.1817458252313054,-0.06380949086921894,-0.011205501651589,501,1
38.776,-2.4292536237322477,1.3582990585630643,2.7374849076838164,0.10086380848028959,-0.021626562343500067,-0.012718833707959813,500,1
38.801,-2.4271107584437748,1.3591771923275477,2.7369187434117292,0.08279376759449812,-0.018939409985528864,0.005438447284192047,502,1
38.826,-2.425113935352523,1.357352088063788,2.737756830048026,0.06617053017350315,-0.04197224777005698,0.01477403091430047,501,1
38.851,-2.4238022319351,1.357078579939045,2.7376574449574442,0.04959163407966043,-0.017691499365547377,-0.00719501848501599,501,1
38.876,-2.42263435364854,1.3564675130955106,2.737397079123775,0.0254172395892272,-0.03349590984461573,0.008821454587665613,501,1
38.901,-2.4225313699556383,1.355403784446814,2.7380985176868275,0.003895546931369177,-0.020693921550834393,0.0142391815759867,501,1
38.926,-2.4224395763019717,1.3554328170179688,2.7381090382025746,0.02013005473871069,0.004975715610915648,-0.003704964905457897,501,1
38.951,-2.421524867218703,1.3556525702273599,2.7379132694415547,0.027488271144468397,0.025161992391239715,-0.035894287060999994,501,1
38.976,-2.4210651627447484,1.3566909166375307,2.7363143238495247,0.019569078222440032,-0.007251135699304768,-0.01686729288388296,500,1
39.001,-2.420546413307581,1.3552900134423946,2.7370699047973606,-0.0060201867003234905,-0.04096783344660888,0.03976032900922293,500,1
39.026,-2.4213661720797646,1.3546425249652,2.738302340299986,-0.0017277826897553388,-0.0005591377647639695,0.005303533023876642,502,1
39.051,-2.4206328024420687,1.3552620565541564,2.7373350814485544,0.02815546169690979,0.013917736196230282,-0.018110890608521366,501,1
39.076,-2.419958398994919,1.3553384117750116,2.73739679576956,0.00817830231927321,-0.014622976863761515,0.014461326305622291,502,1
39.101,-2.420223887326105,1.3545309077109684,2.7380581477638355,-0.005803719179775842,-0.004448565233428323,-0.002219248000150513,502,1
39.126,-2.420248584953908,1.3551159835133402,2.7372858333695524,-0.0021221801108682182,0.014584158865272734,-0.013450149199786229,501,1
39.151,-2.4203299963316485,1.355260115654232,2.737385640303846,-0.00462760624966268,-0.007205783005965135,0.010658023203048629,502,1
39.176,-2.420479965266391,1.3547556943630419,2.737818734529705,0.004269153156215809,0.001096057858842654,0.006003433054236126,502,1
39.201,-2.4201165386738377,1.3553149185471742,2.737685811956558,-0.01900137804604293,-0.0010640549375518554,0.0205112664514851,502,1
39.226,-2.421430034168693,1.3547024916161643,2.738844297852279,-0.004145820428212113,-0.007205197630125025,-0.0017373072889005235,502,1
39.251,-2.4203238296952483,1.354954658665668,2.737598946592113,0.023960769700746187,-0.012802705804938494,-0.01942810109983929,502,1
39.276,-2.4202319956836558,1.3540623563259173,2.737872892797287,-0.007587905063663377,-0.0035693751275764083,0.0041665521893815335,501,1
39.301,-2.4207032249484315,1.3547761899092892,2.737807274201582,-0.0010502798458134662,0.02954824450449313,-0.004199130819877678,502,1
39.326,-2.4202845096759464,1.3555397685511419,2.737662936256293,0.011521467998170765,0.0035074184981944475,0.016280424425883882,502,1
39.351,-2.420127151548523,1.3549515608341989,2.738621295422876,0.004086720629281847,-0.035936755984266974,0.06884256487171783,502,1
39.376,-2.4200801736444824,1.3537429307519286,2.741105064499879,0.017669956942734814,-0.023288451752587994,0.1488189281314651,500,1
39.401,-2.419243653701386,1.3537871382465694,2.74606224182945,0.02840264072168288,-0.03734650070701965,0.26714951277300114,502,1
39.426,-2.418660041608398,1.3518756057165775,2.75446254013853,0.057340414184036056,-0.06294033069634966,0.41278421970830553,503,1
39.451,-2.4163766329921845,1.350640121711752,2.766701452814864,0.08581868920860591,-0.14270360714706698,0.6094498335862033,501,1
39.476,-2.414369107147968,1.3447404253592246,2.7849350318178385,0.1504693768663753,-0.2283698246110163,0.7870536666777642,501,1
39.501,-2.408853164148866,1.339221630481202,2.80605413614875,0.22096108656666116,-0.3017919324143401,0.9859707784312514,501,1
39.526,-2.403321052819634,1.3296508287385063,2.8342335707394053,0.2554858462921987,-0.42298604059702816,1.2444589639565522,501,1
39.551,-2.396078871834255,1.3180723284513487,2.868277084346583,0.32340420416622057,-0.5116757226963811,1.4593131460329132,499,1
39.576,-2.387150842611324,1.3040670426036887,2.907199228041047,0.372499843010411,-0.5376800381501429,1.6415966973695317,499,1
39.601,-2.3774538796837357,1.291188326543843,2.950356919215055,0.4350053448028193,-0.6611102347070406,1.9127777246244393,500,1
39.626,-2.365400575371184,1.2710115308683385,3.0028381142722633,0.4754456661089662,-0.7502244422886832,2.1405533817968743,498,1
39.651,-2.3536815963782853,1.2536771044294057,3.057384588304908,0.5222131680444163,-0.8433032278514521,2.3625999803946334,497,1
39.676,-2.339289916968961,1.2288463694757623,3.120968113292005,0.6114684359673009,-0.9420657737435525,2.5979414331554254,498,1
39.701,-2.323108174579922,1.2065738157422308,-3.095903647216915,0.6465049416536773,-0.9864067494176992,2.7693712852416903,494,1
39.726,-2.306964669886279,1.1795260320048802,-3.023748629625505,0.666957300782738,-1.0988099839123635,2.975720932614774,494,1
39.751,-2.289760309540787,1.1516333165466157,-2.9471176005861848,0.7459348362751758,-1.1458039318396107,3.13569820920958,493,1
39.776,-2.269667928072517,1.1222358354128947,-2.8669637191650126,0.807410085030249,-1.2246268975286134,3.2843187687854365,493,1
39.801,-2.249389805289271,1.0904019716701798,-2.782901662146899,0.8344932755180187,-1.2878638212348537,3.416907917032742,491,1
39.826,-2.2279432642966186,1.0578426443511557,-2.696118323313385,0.8720566029673156,-1.3407693117962223,3.5298836979293,490,1
39.851,-2.205786975140908,1.0233635060803725,-2.606407477250444,0.9423393177194408,-1.4315366810606114,3.6488285200623447,487,1
39.876,-2.1808262984106492,0.9862658102981292,-2.5136768973102783,0.9742147982127372,-1.529618304280716,3.7378828407377993,485,1
39.901,-2.157076235230267,0.9468825908663302,-2.419513335213538,1.0023166017817553,-1.5819402085690444,3.765535482202712,484,1
39.926,-2.130710468321557,0.9071687998696703,-2.3254001232001267,1.0458117905418058,-1.6075270007679325,3.7549998575485515,480,1
39.951,-2.1047856457031795,0.8665062408279381,-2.231763342336121,1.0584484049552925,-1.6682987667734988,3.7723364095589775,477,1
39.976,-2.0777880480737956,0.823753861531,-2.1367833027221885,1.1382452782688393,-1.7064566944485386,3.757064206274148,474,1
40.001,-2.0478733817897408,0.7811834061055161,-2.0439101320224244,1.1018611499856183,-1.7096461010101633,3.6908748761833414,471,1
40.026,-2.02269499057451,0.7382715564804846,-1.9522395589130057,1.0564175148570585,-1.6730023198090511,3.6307164834073826,467,1
40.051,-1.9950525060468833,0.6975332901150564,-1.8623743078520398,1.0670765544898793,-1.613839848938073,3.548184886109282,462,1
40.076,-1.969341162850019,0.6575795640335855,-1.7748303146075517,0.9701889416650263,-1.530621057660733,3.4145774685275563,461,1
40.101,-1.9465430589636348,0.6210022372320241,-1.691645434425672,0.9501818924187206,-1.4759194107814873,3.2695058387991063,465,1
40.126,-1.9218320682290857,0.5837835934945154,-1.6113550226676054,0.9540681263386327,-1.4311732526380339,3.13577117794562,474,1
40.151,-1.898839652646699,0.5494435746001163,-1.5348568755283776,0.8847096148703538,-1.3259333597492053,2.9655015202746475,478,1
40.176,-1.8775965874855642,0.5174869255070494,-1.4630799466538604,0.786808623460136,-1.211813487070188,2.7567216141830433,480,1
40.201,-1.8594992214736945,0.4888529002466103,-1.3970207948192335,0.7026805910075495,-1.1013114954335816,2.5546932598893366,482,1
40.226,-1.8424625579351888,0.4624213507353735,-1.3353452836594009,0.6813263326914619,-0.981330873672325,2.3668517660122492,493,1
40.251,-1.8254329048391233,0.43978635656299686,-1.278678206518628,0.5595423790526299,-0.8320654537846096,2.1358620747986157,489,1
40.276,-1.8144854389825549,0.42081807804613947,-1.228552179919461,0.44946015634793113,-0.7250531500101546,1.8873303415209175,484,1
40.301,-1.8029598970217249,0.40353369906248604,-1.184311689442574,0.39667014004608736,-0.63439921086129,1.6593178756853588,489,1
40.326,-1.7946519319802516,0.38909811750307677,-1.145586286135198,0.3358254491850956,-0.5262336079127438,1.4406912005532588,497,1
40.351,-1.786168624562471,0.37722201866685034,-1.1122771294149152,0.2901149380798916,-0.4060005868421932,1.2077193193330935,504,1
40.376,-1.7801461850762579,0.36879808816096826,-1.0852003201685467,0.2056141738469066,-0.2958230102589191,0.9866070489580594,507,1
40.401,-1.7758879158701248,0.36243086815390313,-1.062946776967008,0.14267255222090053,-0.21207272590681417,0.776846091267838,506,1
40.426,-1.7730125574652122,0.35819445186562665,-1.0463580156051515,0.06241383735519434,-0.10799219481580194,0.5833812572602758,506,1
40.451,-1.7727672240023653,0.35703125841311334,-1.0337777141039957,0.002746593259397457,-0.004084928476999716,0.41319748887752045,506,1
40.476,-1.7728752278022424,0.3579902054417767,-1.0256981411612767,-0.024093431402435733,0.03914231393061352,0.2785976614486943,506,1
40.501,-1.773971895572487,0.3589883741096439,-1.0198478310315617,-0.11374686319297751,0.15064752607626122,0.14360518015735677,506,1
40.526,-1.7785625709618917,0.3655225817455904,-1.0185178821534084,-0.18893425519286466,0.2687009562913915,0.04015929819158983,507,1
40.551,-1.783418608332131,0.3724234219242146,-1.017839866121982,-0.1499053656577983,0.25502998031673113,0.023682812362971997,508,1
40.576,-1.7860578392447812,0.3782740807614262,-1.0173337415352597,-0.14547280352594721,0.23362882879493058,0.0016860212380899035,509,1
40.601,-1.790692248508428,0.3841048633639605,-1.0177555650600776,-0.14848915839022103,0.22840996404367286,-0.009684529925664815,509,1
40.626,-1.7934822971642919,0.3896945789636092,-1.0178179680315431,-0.09227578382229419,0.17260536555406353,0.002178487552839484,510,1
40.651,-1.7953060376995431,0.3927351316416644,-1.0176466406824358,-0.0744755931734423,0.08531707674746475,0.006348333287053434,511,1
40.676,-1.7972060768229643,0.3939604328009828,-1.0175005513671902,-0.04705588338761935,0.051809497428316365,0.007274128054568921,511,1
40.701,-1.797658831868924,0.3953256065130801,-1.0172829342797076,-0.013386006981540228,0.037052793024262454,0.002856402616515814,511,1
40.726,-1.7978753771720413,0.3958130724521958,-1.0173577312363646,0.013029363297821414,-0.0008595451856952475,-0.003886358160443358,511,1
40.751,-1.797007363704033,0.3952826292537953,-1.0174772521877296,0.023652719675551142,-0.03597476373200541,0.005712474840197724,510,1
40.776,-1.7966927411882636,0.3940143342655954,-1.0170721074943545,0.006713054947570778,-0.009507332869307683,-0.0033022831512316514,511,1
40.801,-1.7966717109566543,0.3948072626103299,-1.0176423663452914,-0.026448050757258815,-0.006228729947426535,-0.004940348534399345,511,1
40.826,-1.7980151437261265,0.3937028977682241,-1.0173191249210745,-0.008027037486493705,-0.027306085939900356,0.013121196532806714,511,1
40.851,-1.797073062830979,0.39344195831333495,-1.016986306518651,0.013039635565284721,0.0005890090021776541,-0.004745372658501438,511,1
40.876,-1.7973631619478623,0.393732348218333,-1.0175563935539993,0.007916225467154306,0.009575111471221991,-0.01470516801555507,511,1
40.901,-1.7966772515576213,0.3939207138868961,-1.0177215649194287,0.031499705824413284,0.005947334399065188,0.0003250711933322215,511,1
40.926,-1.7957881766566415,0.39402971493828626,-1.0175401399943327,-0.013647174350609135,0.005486864137571913,0.001166697255357074,511,1
40.951,-1.7973596102751517,0.39419505709377467,-1.0176632300566608,-0.011611547344774868,7.010498739413017e-05,-0.003630363731446302,511,1
40.976,-1.7963687540238802,0.39403322018765596,-1.0177216581809048,-0.010337062100336835,0.0035117611890624675,-0.0038822227969073073,510,1
41.001,-1.7978764633801685,0.3943706451532278,-1.0178573411965064,-0.017024906438057534,-0.0012823833977991823,0.007972260996513145,511,1
41.026,-1.7972199993457831,0.393969101017766,-1.0173230451310789,-0.015974202164813236,-0.010667620630152787,0.007271278295987661,511,1
41.051,-1.7986751734884092,0.3938372641217201,-1.0174937772817072,0.005343926722698759,-7.047228808288299e-05,-0.000730340534520521,511,1
41.076,-1.7969528030096482,0.39396557740336186,-1.0173595621578049,0.011596310044677642,0.018327625666656397,-0.007573972385675351,511,1
41.101,-1.7980953579861754,0.39475364540505287,-1.017872475900991,-0.029399381295471268,-0.0027397754733850424,0.001093601249753169,511,1
41.126,-1.7984227720744217,0.3938285886296926,-1.0173048820953174,-0.010434879563500308,-0.007649690252945943,0.009233548904212008,511,1
41.151,-1.7986171019643504,0.39437116089240554,-1.01741079845578,0.008610488937187787,0.010720573025046117,0.010891513967966797,511,1
41.176,-1.7979922476275623,0.39436461728094496,-1.016760306396919,0.024749395228279864,-0.009945991832118205,0.03894610359996386,510,1
41.201,-1.7973796322029365,0.39387386130079965,-1.0154634932757822,0.04138631317922372,-0.010022008287836073,0.08575291316698806,511,1
41.226,-1.7959229319686012,0.3938635168665532,-1.01247266073857,0.09087750416908308,-0.005339072429314832,0.148651632996319,511,1
41.251,-1.7928357569944826,0.39360690767933393,-1.0080309116259667,0.17091381172694362,-0.0016249214023587868,0.19515272495181368,510,1
41.276,-1.7873772413822533,0.39378227079643524,-1.0027150244909784,0.27710778528941515,0.019457087694272908,0.24705862398870185,511,1
41.301,-1.7789803677300107,0.39457976206404766,-0.9956779804265304,0.39365429400407786,0.034551068362771185,0.3261147201242761,511,1
41.326,-1.7676945266820505,0.3955098242145737,-0.9864092884847656,0.44771798759996584,0.04273118352153514,0.4059255941499238,510,1
41.351,-1.7565944683500136,0.3967163212401243,-0.9753817007190353,0.5339727686214949,0.03690313509862918,0.4807903026053768,510,1
41.376,-1.7409958882509773,0.39735498096950506,-0.962369773354498,0.6627782284003526,0.04903830304227944,0.5727080471657553,510,1
41.401,-1.7234555569299932,0.3991682363922385,-0.9467462983607453,0.7543550315176063,0.0725891201261746,0.6459470584293552,510,1
41.426,-1.7032781366750938,0.4009844369758141,-0.9300724204330274,0.8863192879120045,0.07443876750506374,0.7172594950978225,510,1
41.451,-1.6791395925343955,0.40289017476749145,-0.9108833236058562,0.9781657547270385,0.07398239926873583,0.8180783618891873,519,1
41.476,-1.6543698489387446,0.4046835569392507,-0.8891685023385703,1.0654093781481484,0.08082096647968011,0.8993909644526421,532,1
41.501,-1.625869123626991,0.4069312230914752,-0.8659137753832268,1.1828833599228186,0.10730052130939778,0.9700628942550144,541,1
41.526,-1.5952256809425986,0.410048583004721,-0.8406653576258156,1.242808084535297,0.09949745175678522,1.0400700672744636,541,1
41.551,-1.563728719400221,0.4119060956793149,-0.8139102720194993,1.3416440139280146,0.09578302014309303,1.1073786001516701,541,1
41.576,-1.5281434802462017,0.4148377340118754,-0.7852964276182351,1.4387765480998844,0.12361112951840872,1.1787883905307832,541,1
41.601,-1.4917898919952308,0.418086652155235,-0.7549708524929635,1.5315976485947074,0.11764438272971581,1.2459598183112595,540,1
41.626,-1.4515635978164707,0.42071995314836086,-0.7229984367026757,1.6353675705282305,0.11098744423105708,1.3044218967958308,541,1
41.651,-1.4100215134688123,0.4236360243667883,-0.6897497576531665,1.650285395647312,0.126216281554015,1.3493771904065626,540,1
41.676,-1.369049328034098,0.42703076722606215,-0.655529577182342,1.7144381607391599,0.1475198562572017,1.3754013261717262,540,1
41.701,-1.3242996054318592,0.431012017179648,-0.6209796913445841,1.8570733301736586,0.14335608585205922,1.41108341140062,541,1
41.726,-1.2761956615254204,0.4341985715186647,-0.584975406612315,1.9264331218375503,0.14418959164845188,1.440860132017978,540,1
41.751,-1.2279779493399872,0.4382214967620702,-0.5489366847436891,1.97587488012283,0.15247726260175043,1.4634636013858144,538,1
41.776,-1.1774019175192705,0.44182243464875287,-0.5118022265430182,2.079320015357849,0.15457597654332425,1.4852557458814686,533,1
41.801,-1.1240119485720859,0.44595029558923704,-0.4746738974496092,2.138155936937098,0.17717490862379068,1.4719463754653843,526,1
41.826,-1.0704941206724217,0.4506811800799419,-0.4382049077697532,2.175258789582907,0.19013410981217418,1.4584984874660585,522,1
41.851,-1.0152490090929467,0.4554570010798452,-0.4017489730763103,2.279285943323511,0.16218276960782296,1.4609498533373997,517,1
41.876,-0.9565298235062526,0.4587903185603326,-0.3651574151028874,2.3594029543696657,0.1728841264101685,1.4508026241312517,512,1
41.901,-0.8972788613744533,0.4641012074003544,-0.32920884186974136,2.3763902341311467,0.20571095723707433,1.3994164317551723,510,1
41.926,-0.8377103117996851,0.4690758664221872,-0.29518659351512294,2.387135398471763,0.18676003375486755,1.353531459583112,509,1
41.951,-0.777922091450872,0.4734392090880972,-0.26153226889058967,2.3840447133702036,0.1719030317635526,1.3316957707639567,508,1
41.976,-0.7185080761311817,0.4776710180103643,-0.228601804976929,2.24283668874362,0.16850224604206446,1.2690000206511265,512,1
42.001,-0.6657802570136974,0.48186432139019997,-0.1980822678580368,2.054336421210297,0.15764482314086992,1.2259287290182128,519,1
42.026,-0.6157912550706581,0.4855532591674085,-0.16730536852601308,1.9026569670294566,0.15759399587347833,1.1671622707247824,519,1
42.051,-0.5706474086622164,0.48974402118387456,-0.13972415432179283,1.7297243965311389,0.14614744368431518,1.0845112248869433,521,1
42.076,-0.5293050352441061,0.49286063135162383,-0.11307980728166905,1.5575854212770688,0.12005605965830018,1.0302388094717294,521,1
42.101,-0.4927681375983674,0.4957468241667892,-0.08821221384820928,1.389904799010089,0.11445753038354918,0.9644415515178932,522,1
42.126,-0.4598097952936056,0.49858350787080097,-0.06485772970577733,1.2456298353008304,0.10115147255677885,0.8659908476938377,522,1
42.151,-0.4304866458333206,0.5008043977946286,-0.04491267146351348,1.086931585255237,0.07787394460880617,0.7788545520083414,523,1
42.176,-0.4054632160308391,0.5024772051012416,-0.025915002105357104,0.9509486253863305,0.06729908381650934,0.6936681213725432,524,1
42.201,-0.38293921456400676,0.5041693519854539,-0.01022926539488833,0.8173535187672418,0.08157455630771324,0.6223019082005264,524,1
42.226,-0.36459554009247935,0.506555932916627,0.005200093304667426,0.6604487234236986,0.060254878788580477,0.5391613464809226,523,1
42.251,-0.3499167783928237,0.5071820959248827,0.016728801929156302,0.5181244879526627,0.023363575791801823,0.4409728604131115,525,1
42.276,-0.338689315694844,0.5077241117062172,0.027248736325324666,0.39779026441548676,0.033116391263442964,0.3914408967687177,524,1
42.301,-0.33002726517204767,0.508837915488055,0.03630084676759392,0.26182719811288435,0.03478556936818509,0.30839301332978386,524,1
42.326,-0.32559795578920053,0.5094633901746264,0.042668386991813016,0.1055085133260707,0.023483426469094407,0.22296238126628,524,1
42.351,-0.32475183950574443,0.5100120868115097,0.047448965830907436,0.022650925314515912,-0.0003362553339125909,0.17836282000044737,524,1
42.376,-0.3244654095234748,0.5094465774079308,0.051586527991834996,-0.09631421349653846,-0.005523801206914287,0.1286355717279776,525,1
42.401,-0.32956755018057177,0.5097358967511639,0.05388074441730702,-0.25406663867453105,-0.007270257756208311,0.06912616756984256,524,1
42.426,-0.33716874145720244,0.5090830645201203,0.05504283637032725,-0.34564763597321824,-0.041205955545225006,0.028556944005952392,524,1
42.451,-0.3468499319792317,0.5076755989739028,0.05530859161760451,-0.4086934757236948,-0.034526062486779106,0.013011333928059827,523,1
42.476,-0.357603415243386,0.5073567613957815,0.0556934030667303,-0.47445840167139963,-0.03350705613031714,0.0070343475895921605,522,1
42.501,-0.37057285206280033,0.506000246167387,0.05566030899708414,-0.5454988708777398,-0.031172083125429857,0.020008993156420088,523,1
42.526,-0.38487835878727533,0.5057981572395098,0.05669385272455127,-0.5446202059385388,0.006227280341648014,0.12689265367452213,524,1
42.551,-0.3978038623597296,0.5063116101844695,0.062004941680810596,-0.4926503526930972,0.004930604320186052,0.23970927337421818,524,1
42.576,-0.4095108764219288,0.5060446874555191,0.06867931639326168,-0.40517905470711074,0.026747355041058372,0.3780067187306317,522,1
42.601,-0.418062815095084,0.5076489779365223,0.08090527761734133,-0.2912039875365545,0.11599452358276523,0.5903772547343136,522,1
42.626,-0.4240710757987557,0.511844413634657,0.09819817912997567,-0.21456185868871827,0.2113846434731312,0.7912681628072296,522,1
42.651,-0.4287909080295208,0.5182182101101798,0.12046868575770624,-0.13785667210459865,0.3036192711910587,1.00819516982764,523,1
42.676,-0.4309639094039862,0.5270253771942113,0.1486079376213619,-0.05683845430860303,0.39818046319202427,1.2263735108863458,522,1
42.701,-0.4316328307449508,0.5381272332697798,0.18178736130202008,0.012171384633701958,0.4949282322749375,1.4378953348562025,521,1
42.726,-0.43035534017230115,0.5517717888079567,0.22050270436416813,0.05640742874605352,0.5948299437382137,1.6736311698901014,521,1
42.751,-0.4288124593076483,0.5678687304566888,0.2654689197965202,0.07244103908355663,0.6677065103477527,1.850816337258154,521,1
42.776,-0.426733288218123,0.5851571143253472,0.3130435212270836,0.11036073444777808,0.7662076394325781,2.0245964931158116,518,1
42.801,-0.4232944225852589,0.606179112428321,0.3666987444523195,0.18215614813251882,0.8917712604773406,2.209939876915651,520,1
42.826,-0.4176254808114976,0.6297456773492117,0.4235405150728599,0.23337899595995187,0.9762907533062215,2.3379676725745386,519,1
42.851,-0.41162547278726197,0.6549936500936293,0.4835971280810399,0.2574836136054328,1.0660659407230006,2.4300788210590833,520,1
42.876,-0.4047513001312267,0.6830489743853587,0.5450444561258072,0.3041250411663606,1.1328934057389894,2.4962605404231035,518,1
42.901,-0.39641922072894265,0.7116383203805836,0.6084101551022055,0.31869108996217477,1.2285209679649562,2.5656127357172607,517,1
42.926,-0.3888167456331166,0.7444750227836118,0.6733250929116812,0.3339076372403261,1.32307971850927,2.5903647677676,518,1
42.951,-0.3797238388669273,0.7777923063060433,0.7379283934905781,0.37226495088356965,1.4010871555679303,2.5486338503813437,517,1
42.976,-0.37020349808893915,0.8145293805620043,0.800756785430741,0.424811150770574,1.4768579908629293,2.505143325814068,519,1
43.001,-0.3584832813283998,0.8516352058491856,0.8631855597812742,0.46358368285960116,1.499611539789095,2.4346047686563623,518,1
43.026,-0.3470243139459571,0.8895099575514654,0.9224870238635697,0.42157468921063823,1.5214532847547115,2.306520951025711,516,1
43.051,-0.3374045468678661,0.9277078700869277,0.9785116073325697,0.3979963902565191,1.4458169275355548,2.1874803113307806,517,1
43.076,-0.3271244944331323,0.9618008039282391,1.0318610394301027,0.3808836343874117,1.3051408315107413,2.025360731302976,515,1
43.101,-0.3183603651484966,0.992964911662461,1.0797796438977127,0.3210496123639777,1.1740157123851171,1.823218116521647,516,1
43.126,-0.3110720138149343,1.0205015895474916,1.1230219452561798,0.27605433193985873,1.0180119938812358,1.647796675214474,517,1
43.151,-0.30455764855150247,1.0438655113565272,1.1621694776584435,0.2453386622153177,0.8777707717293788,1.4400400798882822,516,1
43.176,-0.2988050807041674,1.0643901281339643,1.1950239492506003,0.20754975878724172,0.7436330634149547,1.1935608603761918,520,1
43.201,-0.294180160612141,1.0810471645272728,1.2218475206772499,0.15372132052100848,0.6251291609190179,0.9852566186788208,525,1
43.226,-0.2911190146781174,1.0956465861799134,1.2442867801845385,0.13488818305861672,0.4959418794733865,0.7589646310442687,526,1
43.251,-0.2874357514592105,1.1058442585009407,1.259795752229461,0.11810578810540254,0.34831250558069154,0.5565551888226553,526,1
43.276,-0.2852137252728468,1.1130622114589495,1.272114539625674,0.07780522752227295,0.22645479002289037,0.3704957938033932,527,1
43.301,-0.28354549008309654,1.1171669980020862,1.2783205419196322,0.028103479520347682,0.11619995748735729,0.2109033406389158,528,1
43.326,-0.28380855129682947,1.118872209333317,1.2826597066576193,-0.02230274361015543,-0.00931639792176195,0.10789509135789191,527,1
43.351,-0.28466062726360425,1.1167011781059981,1.2837152964875267,-0.03511295962282146,-0.12367425621068666,0.03381331447111805,527,1
43.376,-0.28556419927797044,1.112688496522783,1.284350372381175,-0.04577495804799768,-0.22952645703737493,0.001093396432665279,525,1
43.401,-0.28694937516600433,1.1052248552541284,1.28376996630916,-0.082568232549118,-0.29270450938635395,-0.061242765001838,527,1
43.426,-0.2896926109054267,1.098053271053464,1.2812882341310827,-0.07124126347156384,-0.2669600555610226,-0.13997987773127904,526,1
43.451,-0.2905114383395823,1.091876852476078,1.2767709724225964,-0.010227409170841554,-0.28182437367557706,-0.2558021085502705,526,1
43.476,-0.29020398136396874,1.083962052369686,1.2684981287035697,0.04071502339979004,-0.2413960270558006,-0.3968691533252281,523,1
43.501,-0.28847568716959293,1.0798070511232887,1.256927514756336,0.11857116882835626,-0.18888232897894486,-0.5827104578306255,523,1
43.526,-0.2842754229225504,1.074517935920738,1.2393626058120357,0.21899955474609564,-0.16981030158034977,-0.7847436677696825,521,1
43.551,-0.2775257094322872,1.0713165360442705,1.2176903313678484,0.36227436836594856,-0.12831611570098664,-0.9787784353355568,520,1
43.576,-0.266161704504254,1.068102130135689,1.1904236840452607,0.44418664491211873,-0.08829084809427071,-1.2033730096492663,520,1
43.601,-0.25531637718668254,1.0669019936395572,1.1575216808853885,0.5317104388438945,-0.0637028684930155,-1.416471185006057,519,1
43.626,-0.2395761825620608,1.0649169867110384,1.1196001247949618,0.6848684239070351,-0.07529932650746109,-1.6215064127485095,519,1
43.651,-0.22107295599132787,1.0631370273141838,1.0764463602479561,0.779052067596829,-0.07058977510966022,-1.8100996542988546,518,1
43.676,-0.20062357918221604,1.061387497955555,1.0290951420800114,0.8511512715469411,-0.05259791722464457,-1.963737912043891,517,1
43.701,-0.17851539241398323,1.0605071314529517,0.978259464645767,0.9765800387499507,-0.035987864969861776,-2.1352829919884333,517,1
43.726,-0.15179457724472128,1.059588104707062,0.9223309924805958,1.1045829811954342,-0.03324235651372931,-2.2758625369046253,519,1
43.751,-0.12328624335421466,1.0588450136272654,0.864466337800542,1.1382719211777934,-0.030146650094004728,-2.383429851682398,520,1
43.776,-0.09488098118582676,1.0580807722023617,0.8031594998964656,1.2485508464599224,-0.0028357521178754364,-2.499687958261152,522,1
43.801,-0.06085870103121322,1.0587032260213716,0.7394819398874737,1.3400922519710496,0.013189452571103683,-2.5484443174569487,520,1
43.826,-0.02787636858727808,1.0587402448309169,0.6757372840236254,1.4065856556834853,-0.013352624021641595,-2.5806799717712403,519,1
43.851,0.009470581752957037,1.0580355948202895,0.6104479412989188,1.5106124071676235,-0.0038048593011066278,-2.5924521006481402,522,1
43.876,0.047654251771098805,1.0585500018658616,0.546114678991226,1.5700583596645274,0.028850937057678144,-2.566511076533583,521,1
43.901,0.0879734997361901,1.0594781416731736,0.4821223874722286,1.5549526920577368,0.014199348751183682,-2.5114888720176234,520,1
43.926,0.12540188637399227,1.0592599693034208,0.420540235390334,1.5832348079888634,-0.002595352039205393,-2.418794529268138,518,1
43.951,0.16713524013562878,1.0593483740712133,0.36118266100882845,1.583800866140423,-7.39578638997471e-05,-2.3291933559952396,521,1
43.976,0.20459192968100892,1.0592562714102258,0.30408056759057867,1.42317254342793,0.011917985371746166,-2.2002834832037275,523,1
44.001,0.23829386730702123,1.0599442733398006,0.2511684868486484,1.304936638500037,0.016389628385316813,-2.0401406808269,523,1
44.026,0.26983876160601633,1.0600757528294917,0.202073533549225,1.1965046935332748,0.011736814358108803,-1.873673107145324,524,1
44.051,0.29811910198369007,1.060531114057706,0.15748483149137402,1.0499175978308093,0.0017407665127145856,-1.675442281596051,523,1
44.076,0.3223346414975538,1.0601627911551275,0.11830141946942725,0.9082166804854047,-0.013704349578974264,-1.486998409275633,523,1
44.101,0.3435299360079577,1.0598458965787574,0.08313491102759671,0.7631445890865253,-0.003983006456116604,-1.2879638058374732,522,1
44.126,0.3604918709518779,1.0599636408323216,0.053903229177557355,0.6259931396269557,-0.0034688620328446147,-1.0649015123658214,523,1
44.151,0.3748295929893082,1.0596724534771151,0.029889835409301117,0.4969298988725566,0.0033763282805396207,-0.8507745654334972,523,1
44.176,0.38533836589550785,1.0601324572463486,0.01136450090587889,0.36304327871371456,0.009076879007379706,-0.663456055007956,525,1
44.201,0.3929817569249929,1.060126297427484,-0.0032829673410945917,0.24636010480296025,-0.0181131250861554,-0.4797603702627035,523,1
44.226,0.39765637113565516,1.059226800992041,-0.012623517607254766,0.1192539528337645,0.00816683334489856,-0.3129161324197671,524,1
44.251,0.39894445456668076,1.060534639094729,-0.018928773962082035,-0.026992894922053177,0.005282827328584976,-0.1767488767714314,521,1
44.276,0.3963067263895524,1.0594909423584702,-0.021460961445827098,-0.11132995319914568,-0.015803324676769467,-0.07045050080410074,523,1
44.301,0.393377956906723,1.0597444728608905,-0.022451299002287158,-0.17910699343866374,-0.0018663994540625234,-0.00839697035900192,524,1
44.326,0.3873513767176197,1.059397622385767,-0.021880809963777097,-0.2411492065282465,-0.0013680927637516828,-0.0028947043370310377,524,1
44.351,0.38132049658031136,1.0596760682227029,-0.022596034219138732,-0.24671311454373804,-0.011798610566842843,-0.010268695810032341,525,1
44.376,0.3750157209904335,1.058807691857425,-0.0223942447542789,-0.20956036433906855,-0.004791135433381424,-0.004742891887818552,526,1
44.401,0.37084247836335704,1.0594365114510338,-0.022833178813529652,-0.1671071293639139,-0.00737105978492573,-0.015565837254996944,523,1
44.426,0.3666603645222371,1.0584391388681786,-0.023172536617028606,-0.08163885106309074,-0.04074267383814566,-0.016127363786503174,524,1
44.451,0.36676053581020274,1.0573993777591266,-0.02363954700285486,-0.0037445334041687948,-0.03002353870377121,-0.024810667288150144,523,1
44.476,0.3664731378520287,1.0569379619329902,-0.02441306998143596,0.07398560131880981,-0.04659539212234874,-0.026521244212115835,525,1
44.501,0.370459815876143,1.0550696081530093,-0.024965609213460655,0.21818665754324146,-0.07641703392575985,-0.040454168912612436,523,1
44.526,0.3773824707291917,1.0531171102367018,-0.026435778427066937,0.3221530945471232,-0.10888468227455443,-0.06848175899465707,523,1
44.551,0.38656747060350055,1.0496253740392811,-0.028389697163193842,0.4320169864904101,-0.142380510080237,-0.08327276318060879,524,1
44.576,0.39898332005371095,1.0459980847326904,-0.030599416586097057,0.5323079344775842,-0.1617116946848632,-0.09097440228307348,526,1
44.601,0.41318286732737824,1.0415397893050384,-0.032938417277347205,0.641307871613823,-0.1961148183742601,-0.09259929992322029,525,1
44.626,0.4310487136344003,1.036192343813978,-0.0352293815822577,0.7517918385227466,-0.21191077576727638,-0.11084512467720074,524,1
44.651,0.4507724592535188,1.0309442505166737,-0.038480673511207535,0.8132241789895384,-0.2412720834777121,-0.1258998875629195,525,1
44.676,0.47170992258388067,1.0241287396400913,-0.04152437596040441,0.9299467746173635,-0.2733089896869534,-0.14330454618769398,526,1
44.701,0.4972697979843843,1.0172788010323268,-0.045645900820591834,1.03053941711685,-0.30000796639677957,-0.15390662660038842,528,1
44.726,0.5232368934397202,1.0091283413202532,-0.04921970729042356,1.11155577333791,-0.3162095621136365,-0.16539659209630794,530,1
44.751,0.5528475866512766,1.001468322926646,-0.05391573042540664,1.2211319530221012,-0.3440299562994449,-0.18660140730298388,533,1
44.776,0.5842934910908305,0.9919268435052795,-0.058549777655573364,1.2950468954752854,-0.38118485931933094,-0.19725362337994584,535,1
44.801,0.6175999314250464,0.9824090799606777,-0.0637784115944048,1.3957228996015407,-0.40007750739431247,-0.2151910018160608,539,1
44.826,0.6540796360709036,0.971922968135565,-0.0693093277463759,1.461317759003554,-0.40825602069921685,-0.2366167715413471,541,1
44.851,0.69066581937522,0.961996278925718,-0.07560925017147134,1.5078467357010452,-0.42958592594611655,-0.23601976591360438,541,1
44.876,0.7294719728559516,0.9504436718382604,-0.08111031604205557,1.6198453881913162,-0.4581150700920542,-0.23437727438742284,541,1
44.901,0.7716580887847927,0.9390905254211134,-0.08732811389084331,1.7084676982744615,-0.47352552273231613,-0.2732696205979346,541,1
44.926,0.8148953577696819,0.9267673957016426,-0.09477379707195357,1.7854020713647916,-0.5138218578692059,-0.27951247477981755,539,1
44.951,0.8609281923530272,0.9133994325276545,-0.1013037376298332,1.8178542233890937,-0.5383363194651953,-0.26326101301515414,541,1
44.976,0.9057880689391314,0.8998505797283843,-0.10793684772271032,1.9011760639880386,-0.5369772704911652,-0.2864746813778825,541,1
45.001,0.9559869955524237,0.8865505690030978,-0.11562747169872643,1.994783755562196,-0.5663808084891603,-0.2908190011954677,541,1
45.026,1.0055272567172497,0.8715315393039239,-0.12247779778248483,2.030015815408037,-0.5901014081283814,-0.2975952494922231,540,1
45.051,1.0574877863228342,0.8570454985966762,-0.1305072341733387,2.130903538865311,-0.6072862446428319,-0.2950142180171679,540,1
45.076,1.1120724336605092,0.841167227071784,-0.13722850868334244,2.1970439973129134,-0.626021960835701,-0.3049567485652278,541,1
45.101,1.1673399861884737,0.825744400554893,-0.1457550716015992,2.2599439150279017,-0.6410784925841426,-0.3320990357482956,540,1
45.126,1.225069629411898,0.8091133024425787,-0.15383346047075633,2.3164504313645806,-0.6590754582551976,-0.3000424006986801,541,1
45.151,1.2831625077567126,0.7927906276421303,-0.16075719163653457,2.3527845722772547,-0.6628925990274438,-0.3097016328361948,539,1
45.176,1.3427088580257707,0.7759686724912037,-0.16931854211256722,2.406421394330928,-0.6804583328077949,-0.321469994673294,540,1
45.201,1.4034835774732521,0.7587677110017425,-0.17683069137019822,2.4646430612101944,-0.7107716232661336,-0.3013271827475255,540,1
45.226,1.4659410110862734,0.740430091327899,-0.1843849012499428,2.5506721830532557,-0.7291484997057266,-0.30655962514019,539,1
45.251,1.5310171866259077,0.7223102860164582,-0.19215867262720696,2.6038470640622347,-0.7334986197675094,-0.3005941201391248,540,1
45.276,1.5961333642893962,0.7037551603395205,-0.19941460725690036,2.5693590541504983,-0.7359333360199044,-0.2835180936152895,538,1
45.301,1.6594851393334435,0.6855136192154598,-0.2063345773079727,2.5393799745814705,-0.7337216448805379,-0.2960258175925902,540,1
45.326,1.7231023630184625,0.6670690780954956,-0.21421589813652894,2.524745289963929,-0.71242870491314,-0.2915984780556779,540,1
45.351,1.7857224038316328,0.6498921839698049,-0.2209145012107558,2.4315466947826274,-0.6781158384396421,-0.26653899409476894,539,1
45.376,1.844679697757587,0.6331632861735155,-0.2275428478412668,2.3132631651210627,-0.6705112035721467,-0.27527255021040237,538,1
45.401,1.9013855620876958,0.6163666237911947,-0.2346781287212769,2.2035392039679755,-0.6445835908924585,-0.26674368384179414,539,1
45.426,1.9548566579559952,0.6009341066288898,-0.24088003203335764,2.0879111460118636,-0.6013609934444983,-0.24973431073096994,539,1
45.451,2.005781119388283,0.5862985741189715,-0.2471648442578245,1.9909630426351677,-0.5553717503992899,-0.23483528439889326,538,1
45.476,2.054404810087748,0.5731655191089269,-0.2526217962533015,1.8431660147845346,-0.5402850263192979,-0.21313482034282286,540,1
45.501,2.0979394201275046,0.5592843228030081,-0.25782158527496507,1.6604159844035942,-0.5111116218357256,-0.22858629681241466,540,1
45.526,2.1374256093079347,0.5476099380171384,-0.2640511110939234,1.5417442342351446,-0.4324258889681474,-0.21194429425734432,540,1
45.551,2.1750266318392684,0.5376630283545989,-0.26841879998783336,1.4038898383379281,-0.40139336280874466,-0.17905838864154108,540,1
45.576,2.207620101224827,0.5275402698767023,-0.2730040305259998,1.1994181658552232,-0.35971436313376115,-0.16432145031709358,539,1
45.601,2.234997540132026,0.5196773101979119,-0.2766348725036875,1.0524022191232139,-0.3149620090131224,-0.1633191505843538,540,1
45.626,2.260240212180985,0.5117921694260471,-0.2811699880552171,0.945404311881876,-0.2652505125743106,-0.14428692924489553,539,1
45.651,2.282267755726124,0.5064147845691952,-0.2838492189659328,0.8252360240945673,-0.23918622583695773,-0.12465807526313813,539,1
45.676,2.3015020133857167,0.4998328581341982,-0.28740289181837436,0.704990928948397,-0.2338641547969644,-0.13701010371517056,539,1
45.701,2.317517302173542,0.49472157682934764,-0.290699724151691,0.580267681018067,-0.18795829107896525,-0.11391856341018007,539,1
45.726,2.3305153974366184,0.49043494358025047,-0.29309881998888315,0.4869571958561291,-0.0978208468218822,-0.047269971712558444,539,1
45.751,2.341865161966347,0.4898305344882538,-0.29306322273731894,0.3964179754930636,-0.008512869502086792,-0.036350929120697824,538,1
45.776,2.3503362962112733,0.4900093001051461,-0.29491636644491825,0.2896280710360363,0.02709017129838056,-0.06635972260153766,538,1
45.801,2.35634656551815,0.49118504305317295,-0.29638120886739633,0.172881990703405,-0.014460187181741514,-0.07034328462561534,537,1
45.826,2.358980395746443,0.48928629074605906,-0.29843353067619893,0.11078878563344849,0.00682702055060752,-0.042023603832446355,539,1
45.851,2.361886004799822,0.4915263940807033,-0.29848238905901864,0.04865819851881447,0.025148467110271175,-0.016827572185934406,537,1
45.876,2.3614133056723836,0.49054371410157255,-0.2992749092854956,-0.03456744257363791,-0.036831532222845374,-0.02321799937418569,538,1
45.901,2.36015763267114,0.4896848174695609,-0.2996432890277282,-0.10889121905011971,-0.011787256715981681,-0.010785589264522746,538,1
45.926,2.355968744719877,0.4899543512657734,-0.2998141887487218,-0.17143420698234466,0.018252530789825066,0.0009108047659634429,538,1
45.951,2.3515859223220232,0.4905974440090521,-0.29959774878942996,-0.18875969566576964,0.002214397202444777,-0.0028748868623830717,538,1
45.976,2.346530759936589,0.49006507112589565,-0.299957933091841,-0.21537952063758306,-0.00563031756841391,-0.0133664629641491,539,1
46.001,2.3408169462901447,0.4903159281306314,-0.30026607193763755,-0.20563226906404908,0.023461726343414698,0.004486931993294591,539,1
46.026,2.336249146483386,0.4912381574430665,-0.2997335864921764,-0.18705204366478337,0.044839523470027794,0.012640628672081522,539,1
46.051,2.3314643441069047,0.492557904304133,-0.2996340405040335,-0.1689296995538932,0.04786088104013869,0.004586360871936796,538,1
46.076,2.3278026615056917,0.4936312014950733,-0.2995042684485795,-0.12946098079887516,-0.0073596927287948605,-0.019130978421345566,537,1
46.101,2.3249912950669613,0.49218991966769327,-0.3005905894251006,-0.10213159900800986,-0.019716394188673558,-0.018799329371851317,539,1
46.126,2.3226960815552915,0.49264538178563966,-0.30044423491717187,-0.07429650873858307,0.015601174988224333,0.014671652147687368,539,1
46.151,2.321276469630032,0.49296997841710455,-0.2998570068177163,-0.06080034924601222,0.0031577722451556294,0.013826569857807655,539,1
46.176,2.3196560640929906,0.49280327039789745,-0.29975290642428154,-0.053061657121483384,0.0048160145482692394,0.0018834581277361556,539,1
46.201,2.318623386773958,0.493210779144518,-0.2997628339113293,-0.0248118841072312,-0.007797692405766997,-0.009942476060143545,537,1
46.226,2.318415469887629,0.4924133857776091,-0.3002500302272889,-0.004940453823261418,-0.0004055038586603618,-0.008448440691797768,538,1
46.251,2.318376364082795,0.493190503951585,-0.3001852559459193,-0.02022787718386537,0.004132011594049837,0.009900987248804548,538,1
46.276,2.317404076028436,0.49261998635731163,-0.29975498086484886,-0.03057084757622081,0.009061011213795994,0.016971970903750463,538,1
46.301,2.3168478217039836,0.4936435545122748,-0.29933665740073157,-0.01821974276578257,0.013347311778345231,-0.008347748250923579,538,1
46.326,2.3164930888901467,0.49328735194622886,-0.3001723682773951,0.01971488376456888,-0.009778184716214278,-0.004170530258891484,538,1
46.351,2.317833565892212,0.49315464527646413,-0.29954518391367596,0.022701951828480074,0.00323430278417099,0.011556711089158558,538,1
46.376,2.3176281864815707,0.4934490670854374,-0.29959453272293735,-0.009831395911267521,-0.0015051624206140306,-0.005684744119153832,538,1
46.401,2.3173419960966486,0.4930793871554334,-0.29982942111963384,-0.006677850265849869,-0.003356194547503291,-0.01248313653540727,538,1
46.426,2.317294293968278,0.4932812573580622,-0.3002186895497079,-0.0011864134938833323,-0.0019082962330686489,-0.005215887608347755,538,1
46.451,2.3172826754219544,0.49298397234378,-0.30009021550005127,0.008315408666277807,-0.026133114689293288,0.0044698557633274,538,1
46.476,2.317710064401592,0.49197460162359763,-0.2999951967615415,0.015836720526199787,-0.004097878145312939,-0.0030204027899040694,539,1
46.501,2.3180745114482644,0.49277907843651436,-0.30024123563954636,-0.00474393685357692,0.003874966078818101,-0.010869291930432252,538,1
46.526,2.317472867558913,0.49216834992753855,-0.30053866135806295,-0.025995225398645076,-0.02260764576177883,-0.004685828817656157,538,1
46.551,2.316774750178332,0.4916486961484253,-0.30047552708042913,0.005974718221182569,0.02909979059101119,0.02937117613687146,539,1
46.576,2.3177716034699722,0.493623339457089,-0.29907010255121963,-0.01838391991938797,0.019441599194292,0.04126970463196557,538,1
46.601,2.3158555541823627,0.49262077610813987,-0.29841204184883113,-0.04042338002518749,-0.03350457838032862,0.04671492591104264,538,1
46.626,2.315750434468713,0.4919481105380727,-0.2967343562556674,-0.03194571900084935,0.011126708508725375,0.14126368467124134,539,1
46.651,2.31425826823232,0.4931771115335762,-0.2913488576152686,-0.060377620661217615,0.05109531830515776,0.236910653532447,539,1
46.676,2.312731553435652,0.4945028764533308,-0.28488882357904394,-0.11423625571613566,0.05180691328098691,0.3175327245584206,537,1
46.701,2.3085464554465136,0.4957674571976254,-0.2754722213873486,-0.20103349617772082,0.04058592330787433,0.4325928991311369,538,1
46.726,2.3026798786267664,0.4965321726187244,-0.2632591786224885,-0.2850865173421886,0.07554102488368282,0.5551719592007802,537,1
46.751,2.294292129579405,0.4995445084418093,-0.24771362342731104,-0.40885735113003707,0.14840040933702459,0.7049137870224186,539,1
46.776,2.2822370110702628,0.5039521930855763,-0.2280134892713647,-0.5136186027994156,0.1139163034520077,0.816300363336239,539,1
46.801,2.268611199439432,0.5052403236144102,-0.20689860526049547,-0.5697298690378774,0.1403283038187366,0.9614864117219759,540,1
46.826,2.2537505176183705,0.5109686082765127,-0.17993916868526882,-0.677762388725481,0.21778566469388932,1.1372564285249467,540,1
46.851,2.23472308000316,0.516129606849104,-0.15003578383425129,-0.7819515886275052,0.21866153941571564,1.2916519615918822,539,1
46.876,2.2146529381869975,0.5219016852472979,-0.11535657060567828,-0.874181450571122,0.2662938752142691,1.461430966748489,539,1
46.901,2.1910140074746,0.5294443006098186,-0.07696423549682044,-0.9763494164751363,0.27518143333940964,1.6060428417541013,540,1
46.926,2.1658354673632365,0.5356607569142695,-0.03505442851796638,-1.079168226193267,0.25738800625648395,1.7384391163968982,539,1
46.951,2.13705559616494,0.5423137009226421,0.00995772032301966,-1.1483262366343037,0.33576686305390924,1.9345794156841956,540,1
46.976,2.1084191555315246,0.552449100066964,0.061674542266237906,-1.2030598950291234,0.37774850284901057,2.113339298956061,539,1
47.001,2.076902601413487,0.5612011260650915,0.11562468527081668,-1.3169654518320981,0.37985043296518844,2.233568237719799,541,1
47.026,2.042570882939914,0.5714416217152251,0.17335295415223725,-1.400738350471609,0.4283407657342865,2.393962798522109,539,1
47.051,2.0068656838899006,0.5826181643518077,0.23532282519693223,-1.5138074980680312,0.43897661564421153,2.535867678253869,540,1
47.076,1.9668805080365168,0.5933904524974344,0.30014633806492363,-1.6070504774510022,0.4472297211353836,2.656828905386579,541,1
47.101,1.926513160017355,0.6049796504085756,0.3681642704662537,-1.6346199937548263,0.4532719936626708,2.777406423294398,541,1
47.126,1.8851495083487801,0.6160540521805666,0.4390166592296358,-1.690722081809415,0.4938349581152713,2.903099902281349,541,1
47.151,1.841977055926877,0.6296713983143413,0.5133192655803337,-1.8073587809001492,0.516069154034418,3.0211488321057534,541,1
47.176,1.794781569303765,0.6418575098822897,0.5900741008349362,-1.8818032103749753,0.5302295128365565,3.115303408035927,541,1
47.201,1.7478868954081337,0.6561828739561676,0.6690844359821213,-1.9271953234004064,0.5623175460702132,3.204420407564821,541,1
47.226,1.6984218031337501,0.6699733871857988,0.750295121213168,-1.975299252874271,0.5648087186375049,3.278404445382641,541,1
47.251,1.6491219327644258,0.6844233098880412,0.833004658251244,-2.063535392840687,0.6048636053198736,3.363381665292697,541,1
47.276,1.595245033491707,0.7002165674517951,0.9184642044778171,-2.129224593542736,0.6321348610576599,3.422253806421526,541,1
47.301,1.5426607030872799,0.7160300529409269,1.0041173485723351,-2.1692360207052,0.6446787444799729,3.4447467374130896,541,1
47.326,1.4867832324564532,0.7324505046757919,1.0907015413484618,-2.278743489030087,0.6348127033113876,3.468746626562373,541,1
47.351,1.428723528635782,0.7477706881064945,1.177554679900444,-2.332231395937469,0.6465768542081775,3.4716692412270262,541,1
47.376,1.3701716626595863,0.7647793473861989,1.2642850034098032,-2.4199458629165194,0.7006627843409376,3.5017033463778304,541,1
47.401,1.3077262354899457,0.7828038273235444,1.3526398472193506,-2.433219957040095,0.6983078223096655,3.510335631027311,541,1
47.426,1.2485106648075712,0.7996947385016852,1.4398017849611837,-2.4659121690836265,0.7292749183600314,3.494462516981119,541,1
47.451,1.1844306270357714,0.8192675732415439,1.5273629730683964,-2.55279827255899,0.7573723905333427,3.4537086026973904,541,1
47.476,1.120870751179629,0.8375633580283501,1.6124872150960432,-2.5368143018099,0.7311655735111293,3.3950898565074517,541,1
47.501,1.0575899119452836,0.8558258519170983,1.6971174658937596,-2.527352966998473,0.7514369072238173,3.358407916209216,541,1
47.526,0.9945031028296946,0.8751352033895442,1.7804076109065183,-2.455647617232592,0.7116631725447023,3.2815936893226594,541,1
47.551,0.9348075310836436,0.8914090105443364,1.8611971503599065,-2.4202692100837986,0.6891031849666677,3.1832426745801743,540,1
47.576,0.8734896423255115,0.9095903626378756,1.9395697446355182,-2.3889975466161566,0.6840058654354653,3.109438733087692,541,1
47.601,0.8153576537528425,0.9256093038161077,2.0166690870142823,-2.2050758956497227,0.6455775740483073,3.0330760486099297,540,1
47.626,0.7632358475430316,0.9418692413402892,2.091223547066006,-2.0374178853945475,0.5976283648824877,2.9528137147818314,541,1
47.651,0.7134867594831065,0.9554907220602347,2.1643097727533864,-1.933796934746545,0.5517203144643097,2.795256276505144,540,1
47.676,0.6665460008056961,0.969455257063507,2.230986360891275,-1.80003165541373,0.5335145722637217,2.636666052041655,541,1
47.701,0.6234851767124251,0.9821664506734192,2.2961430753554617,-1.7203856608047796,0.5029965512303034,2.573453190531318,538,1
47.726,0.580526717765462,0.9946050846250207,2.359659020417834,-1.6412735659268884,0.46046192079684367,2.3934585012749414,536,1
47.751,0.5414214984160853,1.00518954671326,2.415816000419202,-1.519283782246516,0.41332171631239617,2.232320727312858,533,1
47.776,0.5045625286531298,1.0152711704406423,2.4712750567834862,-1.3711018569335105,0.38715492050704264,2.101378650432196,527,1
47.801,0.47286640556940396,1.024547292738614,2.5208849329408207,-1.2523436296347048,0.366552296454333,1.9231481882911732,526,1
47.826,0.4419453471713981,1.033598785263358,2.5674324661980394,-1.1687254904287068,0.3297020192651622,1.7727546057663033,525,1
47.851,0.41443013104797194,1.041032393701871,2.609522663229131,-0.9883625043777873,0.29136708846697046,1.6061534166660631,525,1
47.876,0.39252722195251155,1.0481671396867056,2.647740137031338,-0.8636336282788722,0.254984880414844,1.4661062929577178,523,1
47.901,0.37124844963402465,1.0537816377226144,2.682827977877023,-0.7607770539335108,0.20340498783937774,1.311104000039544,525,1
47.926,0.35448836925583277,1.0583373890786754,2.713295337033321,-0.6219956336657038,0.16020238980774892,1.1458074342211806,526,1
47.951,0.3401486679507412,1.0617917572130013,2.7401183495880788,-0.5248557110671036,0.12729473120054294,0.9850129225293118,523,1
47.976,0.3282455837024791,1.0647021256387021,2.7625459831597836,-0.3950886712793214,0.10371251582042142,0.8282758492912938,524,1
48.001,0.3203942343867763,1.0669773830040221,2.781532142052641,-0.2922042619842053,0.09180381054410985,0.6962776332282711,521,1
48.026,0.31363537060326757,1.069292316165908,2.7973598648212,-0.21003345015086813,0.06710653061657063,0.5589323911899292,523,1
48.051,0.309892561879232,1.070332709534851,2.80947876161214,-0.14159674938848427,0.03757466690263325,0.4359974086267008,522,1
48.076,0.30655553313384376,1.0711710495110396,2.819159735252534,-0.05663282825696048,0.02229544555090295,0.32028247158937306,523,1
48.101,0.3070609204663841,1.071447481812396,2.8254928851916077,0.0024840863261323147,-0.005140878399383667,0.22663500004055992,523,1
48.126,0.30667973745015037,1.0709140055910704,2.8304914852545613,0.0617812119685271,-0.03011980075046959,0.14317455730886608,523,1
48.151,0.31014998106481073,1.0699414917748724,2.8326516130570516,0.13500769374189162,-0.046098341278622515,0.08136031425306472,524,1
48.176,0.3134301221372455,1.068609088527139,2.834559500967215,0.15948679572032629,-0.03969473872762256,0.02838405514277992,522,1
48.201,0.3181243208508266,1.0679567548384914,2.8340708158141905,0.18824927899746285,-0.05034368986979684,-0.0050102488941220005,522,1
48.226,0.32284258608711813,1.0660919040336494,2.834308988522509,0.18879457595689172,-0.05607903878892858,0.015347924187213187,525,1
48.251,0.32756404964867064,1.0651528028990451,2.834838212023551,0.15667400794772687,-0.05815138632013942,0.014480174368517326,525,1
48.276,0.33067628648450514,1.0631843347176422,2.8350329972409347,0.11683058901468371,-0.05639109285764351,0.036115020671611237,524,1
48.301,0.3334055790994053,1.0623332482561627,2.836643963057132,0.08480458197328826,-0.04116569903162904,0.07612639865058213,523,1
48.326,0.3349165155831693,1.0611260497660608,2.8388393171734636,-0.0007215784355019538,-0.03624259691053606,0.10125695295493252,522,1
48.351,0.33336950017763023,1.060521118410636,2.841706810704878,-0.10144672024089774,-0.03217362914841276,0.12707698068492423,522,1
48.376,0.3298441795711247,1.0595173683086403,2.8451931662077095,-0.23057542483007432,-0.01374609310146429,0.17055850882327628,523,1
48.401,0.32184072893612553,1.0598338137555627,2.8502347361460427,-0.3638383362295495,-0.0036592824755873545,0.22588959094022548,523,1
48.426,0.3116522627596457,1.059334404184861,2.8564876457547217,-0.43151921799523996,-0.022476947241859724,0.25581271909293724,524,1
48.451,0.30026476803636476,1.0587099663934698,2.863025372100689,-0.537759703607788,-0.008985093657676812,0.30354171940367664,523,1
48.476,0.2847642775792578,1.058885149501977,2.8716647317249047,-0.696519137191601,-0.0123601475332931,0.3758627289209429,524,1
48.501,0.2654388111767867,1.0580919590168052,2.881818508546735,-0.7855050261331283,-0.01439555996915464,0.4011157313386895,523,1
48.526,0.24548902627259805,1.0581653715035193,2.891720518291841,-0.8668521799279715,0.006871686881608188,0.4286833481299358,522,1
48.551,0.22209620218038442,1.0584355433608856,2.9032526759532336,-0.9876343207860495,-0.009538461497258776,0.4780026762928729,522,1
48.576,0.1961073102332984,1.0576884484286564,2.915620652106483,-1.081153815074764,0.00842453673496605,0.48991607432504425,524,1
48.601,0.1680385114266493,1.058856770197634,2.9277484796694844,-1.1632260115476112,0.002790789770066463,0.5124709341174352,523,1
48.626,0.13794600965592113,1.0578279879171597,2.9412441988123534,-1.2555565110553366,-0.003532216751382632,0.536854319681622,520,1
48.651,0.10526068587387712,1.0586801593600648,2.9545911956535678,-1.344763832484964,0.017049465543899845,0.5384797564982409,521,1
48.676,0.0707078180316672,1.0586804611943548,2.968168186637268,-1.386717102514392,-0.0031115882643685915,0.5538583890730702,516,1
48.701,0.035924830748161454,1.0585245799468463,2.9822841151072197,-1.513807114081493,0.012382653975358687,0.5545281601872758,507,1
48.726,-0.004982537672403141,1.0592995938931227,2.99589459464663,-1.6097648759002061,0.0022532037843882194,0.543902312600699,513,1
48.751,-0.044563413046844275,1.0586372401360657,3.009479230737253,-1.6018812635418282,0.002728686578960849,0.5279546252320694,518,1
48.776,-0.08507660084950139,1.0594360282220707,3.0222923259082357,-1.6058062428203028,0.027623955205873105,0.49830342060561444,518,1
48.801,-0.12485372518786626,1.0600184378963595,3.034394401767536,-1.5586154108721155,0.01819998825109185,0.5007534806093901,522,1
48.826,-0.16300737139310273,1.0603460276346253,3.047329999938704,-1.465818569316034,0.006863816677960379,0.4814536597727333,520,1
48.851,-0.1981446536536638,1.0603616287302575,3.0584670847561712,-1.3541255553560103,0.013364998788093146,0.42012373711237394,516,1
48.876,-0.2307136491608994,1.0610142775740299,3.0683361867943213,-1.2020870792207379,0.016988257554121027,0.3840623563133,519,1
48.901,-0.2582490076147058,1.0612110416079636,3.077670202571838,-1.0768446499204873,0.011526862404246512,0.34879165776174803,517,1
48.926,-0.28455588165692836,1.0615906206942423,3.08577576968241,-0.9440023483166474,-0.0015755561589615226,0.30662682053732093,520,1
48.951,-0.3054491250305355,1.0611322638000156,3.093001543598703,-0.7908714038770398,-0.011353202681970244,0.268297411384297,522,1
48.976,-0.3240994518507781,1.0610229605601438,3.0991906402516243,-0.6338786209272124,0.0065359947800395606,0.2179901840762301,522,1
49.001,-0.3371430560768943,1.0614590635390175,3.103901052802514,-0.5065134504485592,0.008331451028897163,0.17768629880077474,523,1
49.026,-0.3494251243732082,1.0614395331115887,3.1080749551916638,-0.3799038658580165,0.0018012406701116276,0.1315826989552148,523,1
49.051,-0.35613824936979677,1.0615491255725231,3.1104801877502752,-0.24038320290606074,-0.0077978978186181705,0.08280287555397807,522,1
49.076,-0.3614442845185106,1.0610496382206578,3.1122150989693624,-0.1247080534591387,0.0070497141385987405,0.05533823336624758,524,1
49.101,-0.36237365204275335,1.061901611279453,3.1132470994185875,0.021757705446633482,0.016923860223069093,0.03249044743535563,524,1
49.126,-0.36035639924617896,1.0618958312318112,3.11383962134113,0.11711762755703292,-0.024064302134137076,0.018324395737535186,525,1
49.151,-0.3565177706649012,1.060698396172746,3.1141633192054643,0.2323459608893021,-0.02887571179632984,0.01615055111063275,524,1
49.176,-0.34873910120171286,1.0604520456419946,3.114647148896662,0.30862882149077375,0.004002820524253941,0.014847265860869775,524,1
49.201,-0.3410863295903634,1.0608985371989588,3.1149056824985077,0.34748300660007314,-0.020055529167818418,0.09033553914961148,521,1
49.226,-0.3313649508717102,1.0594492691836037,3.119163925854142,0.3787314447531147,-0.036688246822868954,0.2155934835093321,521,1
49.251,-0.32214975735270873,1.0590641248578154,3.1256853566739737,0.3430741328080063,-0.0698101217700871,0.37731893139565265,522,1
49.276,-0.3142112442313084,1.055958763095099,3.1380298724239264,0.3099293271269701,-0.16689121431400797,0.5803711726728837,520,1
49.301,-0.3066532909963589,1.0507195641421143,-3.1284813918719654,0.21914542353990066,-0.23539437483282916,0.798924931062227,518,1
49.326,-0.303253973054314,1.0441890443534583,-3.105209188202551,0.09178245671392438,-0.30506694817131264,1.0183389219820829,516,1
49.351,-0.30206416816066295,1.0354662167335495,-3.077564445772864,0.034422736821551905,-0.389027854264392,1.2323158298666381,517,1
49.376,-0.3015328362132365,1.0247376516402398,-3.043593396709223,-0.03128205363556247,-0.4914219592436389,1.4934409805424103,517,1
49.401,-0.3036282708424412,1.0108951187713655,-3.0028923967457373,-0.09665759785012448,-0.5992798289420054,1.7289219019007387,517,1
49.426,-0.30636571610574315,0.994773660193137,-2.9571473016141785,-0.13691466898877236,-0.6477020176410666,1.9136464537037345,515,1
49.451,-0.31047400429187944,0.978510017889314,-2.907210074060556,-0.2046147787855984,-0.7409534239053527,2.1080792539611126,516,1
49.476,-0.3165964550450225,0.9577259889978714,-2.851743338916129,-0.24117049077211722,-0.8895217441488662,2.318766284392647,517,1
49.501,-0.3225325288304846,0.9340339306818732,-2.7912717598409302,-0.2747163747425073,-0.9442544650890999,2.451999780314362,516,1
49.526,-0.330332273782149,0.9105132657434124,-2.7291433499004003,-0.30789733800111,-1.0099998258869385,2.554613701980526,518,1
49.551,-0.3379273957305414,0.883533939387522,-2.663541074741893,-0.3374921734679096,-1.1245008549732378,2.6648990255760023,515,1
49.576,-0.34720688245554354,0.8542882229947537,-2.5958983986216078,-0.38738726899074966,-1.2213798469609956,2.7123031175775867,516,1
49.601,-0.3572967591800778,0.8224649470394757,-2.5279259188630214,-0.4048391141946414,-1.297425189232984,2.729561992708853,517,1
49.626,-0.36744883816527446,0.7894169635331082,-2.459420298986173,-0.4116473113170698,-1.377114300155269,2.741354109296778,516,1
49.651,-0.37787912474593305,0.7536092320317064,-2.390858213398171,-0.43124783550948276,-1.4591271409324946,2.6966140796100744,518,1
49.676,-0.38901122994075044,0.7164606064864772,-2.3245895950056576,-0.45437237090027366,-1.4887190927122698,2.593725166775963,518,1
49.701,-0.40059774329094544,0.6791732773960971,-2.26117195505938,-0.4172463630919891,-1.4820921415565567,2.481014379631751,518,1
49.726,-0.4098735480953487,0.6423559994086536,-2.200538876024077,-0.4237549232540391,-1.47845867492512,2.3633704642334066,519,1
49.751,-0.4217854894536462,0.6052503436498453,-2.1430034318477165,-0.4233787196634481,-1.4163385900713013,2.18235736509862,521,1
49.776,-0.4310424840785229,0.5715390699050825,-2.091421007769137,-0.34553901995096054,-1.2915551674031942,1.9788674316336952,529,1
49.801,-0.4390624404511957,0.5406725852796801,-2.0440600602660233,-0.3089099590204867,-1.1666707623754744,1.8126280213857857,537,1
49.826,-0.44648798202954637,0.5132055317863121,-2.0007896066998527,-0.28580446186432923,-1.006462822503767,1.57799044972987,541,1
49.851,-0.45335266354441134,0.4903494441544946,-1.9651605377795343,-0.2398675500207462,-0.8630185004552351,1.30519398881033,541,1
49.876,-0.458481359530583,0.4700546067635528,-1.9355299072593397,-0.20434340270392515,-0.7283829413016708,1.0970635000520221,541,1
49.901,-0.46356983367960847,0.45393029708940796,-1.9103073627769283,-0.18165324371771324,-0.5946241191469074,0.8802332650089855,541,1
49.926,-0.46756402171646944,0.4403234008062049,-1.891518244008887,-0.13892725267476438,-0.4668719118063779,0.6342872649443182,541,1
49.951,-0.4705161963133463,0.4305867014990904,-1.8785929995297141,-0.09096829444139216,-0.33321105904890685,0.43565200511251934,541,1
49.976,-0.4721124364385388,0.4236628478537605,-1.8697356437532624,-0.045716773558418904,-0.21000731247931642,0.2746041742636663,541,1
50.001,-0.4728020349912671,0.42008633587512517,-1.8648627908165316,-0.005004817696323122,-0.10384966493428574,0.13625849614647914,541,1
50.026,-0.47236267732335496,0.4184703646070458,-1.8629227189459379,0.009776692774051963,0.0369393467808012,0.049271940217301656,541,1
50.051,-0.47231320035256447,0.4219333032141654,-1.8623991938056665,0.013818589907794396,0.13321873486371574,-0.015866557008506824,540,1
50.076,-0.4716717478279653,0.4251313013502312,-1.8637160467963632,0.07104074350470517,0.23439294808934252,-0.04235295019318094,541,1
50.101,-0.4687611631773294,0.43365295061863185,-1.8645168413153255,0.09754653954603731,0.3762237565570528,-0.10122923858715403,540,1
50.126,-0.4667944208506637,0.44394248917808277,-1.8687775087257208,0.09415524867837452,0.4174990351663099,-0.21470785853794305,541,1
50.151,-0.4640534007434103,0.4545279023769491,-1.8752522342422235,0.04041610999412681,0.4070121256765999,-0.3580572881873728,541,1
50.176,-0.4647736153509572,0.4642930954619145,-1.8866803731350907,-0.056405139053412476,0.36485223448678183,-0.5546394723322083,541,1
50.201,-0.46687365769608075,0.4727705141012872,-1.9029842078588326,-0.13636885652748784,0.3238048137682754,-0.7348863358679365,541,1
50.226,-0.4715920581773312,0.48048333615032734,-1.9234246899284855,-0.2657042655804094,0.2809633596244203,-0.9510205787035283,541,1
50.251,-0.48015887097510046,0.4868186820825074,-1.9505352367940063,-0.3925804745237503,0.2256001156628503,-1.1773812744252927,541,1
50.276,-0.4912210819035204,0.4917633419334708,-1.9822937536497554,-0.47209920409710254,0.1589112220674458,-1.3716280460953707,541,1
50.301,-0.5037638311799576,0.49476424318588036,-2.019116639098781,-0.5527264336600749,0.13635634978403585,-1.5480898418212776,541,1
50.326,-0.5188574035865225,0.4985811594226722,-2.059698245740815,-0.6628230403249823,0.1217553689626119,-1.7371921224324904,535,1
50.351,-0.5369049831962048,0.5008520116340106,-2.1059762452204005,-0.7809586337115659,0.07487816778038762,-1.9354609994750438,530,1
50.376,-0.5579053352720986,0.5023250678116914,-2.1564712957145615,-0.9158185299881746,0.06469798262992768,-2.12665723028692,523,1
50.401,-0.5826959096956175,0.5040869107655073,-2.2123091067347556,-0.974392836961794,0.05904781739729022,-2.2657387457126554,519,1
50.426,-0.6066249771201925,0.5052774586815562,-2.269758233000204,-1.040176446225566,0.015609735098621512,-2.359553010085672,518,1
50.451,-0.6347047320068928,0.5048673975204383,-2.3302867572390324,-1.1684267189838524,0.01478178023476135,-2.469268620533585,518,1
50.476,-0.6650463130693818,0.5060165476932942,-2.393221664026876,-1.2757283024627524,0.03482541232784107,-2.530871968269814,518,1
50.501,-0.6984911471300268,0.5066086681368303,-2.456830355652516,-1.3432919738746816,-0.0023564500497606157,-2.5752600678212216,515,1
50.526,-0.7322109117631216,0.5058987251908061,-2.5219846674179482,-1.4503073692484987,-0.020560541823091884,-2.588303759340428,513,1
50.551,-0.7710065155924579,0.5055806410456756,-2.5862455436195484,-1.546575007504564,-0.024696640076315186,-2.5568823199615607,514,1
50.576,-0.8095396621383454,0.5046638931869905,-2.649828783416019,-1.5758756092454813,-0.019985067728826047,-2.521493614878835,512,1
50.601,-0.8498002960547275,0.5045813876592343,-2.712320224363483,-1.6425555734352004,-0.022176577496729893,-2.4595436199223975,512,1
50.626,-0.8916674408101007,0.503555064312154,-2.772805964412132,-1.6309262128126165,-0.024688833200994357,-2.365075169035225,510,1
50.651,-0.9313466066953653,0.5033469459991845,-2.8305739828152543,-1.5880567184041294,-0.010690853015363965,-2.241220164374549,507,1
50.676,-0.971070276730314,0.5030205216613858,-2.884866972630869,-1.5201119008572725,-0.04789300513313993,-2.0697651116250815,505,1
50.701,-1.0073522017382246,0.5009522957425276,-2.9340622383965025,-1.347213674819775,-0.03092395221221798,-1.8954986336623858,503,1
50.726,-1.038430960471299,0.501474324050775,-2.979641904313983,-1.1590172302489636,0.008587754211071762,-1.7210433625118162,504,1
50.751,-1.0653030632506695,0.5013816834530812,-3.0201144065220884,-1.0185819554935647,-0.008348307501275087,-1.5344505969582236,500,1
50.776,-1.0893600582459815,0.5010569086757112,-3.0563644341619005,-0.9134233099906661,-0.005607838265670539,-1.332745336735261,498,1
50.801,-1.1109742287502067,0.5011012915397977,-3.086751673358857,-0.763685244783522,-0.014040623089622527,-1.1076488530952409,497,1
50.826,-1.1275443204851554,0.5003548775212301,-3.1117468768166594,-0.6075655998836628,-0.0045739968717886485,-0.9103919268433265,496,1
50.851,-1.141352508744388,0.5008725916962082,-3.132271269701021,-0.43734167777934196,0.013341266444775937,-0.7074603196535325,498,1
50.876,-1.1494114043741213,0.5010219408434688,3.136065414380253,-0.32078835987724136,-0.026242383898916737,-0.5079329352903195,495,1
50.901,-1.1573919267382515,0.4995604725012623,3.125517390714047,-0.25491103419457195,-0.011988088534736851,-0.3372532628563697,494,1
50.926,-1.162156956083851,0.500422536416732,3.119202751237433,-0.10682103432685328,0.006644718241563363,-0.19343184621696918,494,1
50.951,-1.162732978454594,0.49989270841334044,3.1158457984031993,0.03264085732199903,0.001254423263243947,-0.09450043951458302,494,1
50.976,-1.160524913217751,0.5004852575798941,3.1144777292617043,0.1532399787172965,0.007056213993783934,-0.035849659010207355,494,1
51.001,-1.1550709795187295,0.5002455191130296,3.114053315452689,0.23903058197210575,-0.003434060947957436,-0.008244639804776818,495,1
51.026,-1.1485733841191448,0.5003135545324963,3.1140654972714654,0.2892428614400864,0.0012863399513828324,-0.015535145466854867,495,1
51.051,-1.140608836446724,0.5003098361105988,3.1132765581793462,0.28419345280645664,0.018113930341690985,-0.0483882327543422,494,1
51.076,-1.1343637114788228,0.5012192510495808,3.1116460856337484,0.22540358876576633,0.032951875664841354,-0.08649546645809239,495,1
51.101,-1.1293386570084363,0.5019574298938407,3.108951784856442,0.19084704158543994,0.054383683718880235,-0.13445721318534484,498,1
51.126,-1.1248213593995513,0.5039384352355246,3.1049232249744816,0.10802469989385133,0.12982800305640255,-0.20449457679723648,497,1
51.151,-1.1239374220137432,0.5084488300466614,3.098727056016579,0.03227824647990376,0.1517603585872233,-0.26650179635721866,497,1
51.176,-1.123207447075556,0.5115264531648864,3.0915981351566195,-0.07695269634488959,0.18940861370239281,-0.3237117031722298,496,1
51.201,-1.1277850568309875,0.5179192607317805,3.0825414708579686,-0.23796534872418748,0.28680169507350495,-0.42312255209194755,497,1
51.226,-1.1351057145117647,0.5258665379185609,3.0704420075520233,-0.2914369328162879,0.33927248821509365,-0.5024760052091378,497,1
51.251,-1.142356903471801,0.5348828851425342,3.057417670597513,-0.3358150912107163,0.3948121370211918,-0.5759000598157769,495,1
51.276,-1.151896469072302,0.5456071447696221,3.041647004561232,-0.461417154617157,0.4587336583111398,-0.6615514982440076,495,1
51.301,-1.165427761202661,0.5578195680580932,3.02434009568531,-0.5737206325136828,0.5284103247833539,-0.742981362523476,495,1
51.326,-1.1805825006979844,0.5720276610087883,3.0044979364350604,-0.658094905613262,0.5772718337651557,-0.8148363432355873,493,1
51.351,-1.1983325064833221,0.5866831597463493,2.983598278523533,-0.7109268552543262,0.6270790978368536,-0.8791086964321215,492,1
51.376,-1.2161288434606987,0.6033816159006292,2.960542501613457,-0.7875750371505535,0.709690686448276,-0.9479788722462947,491,1
51.401,-1.2377112583408532,0.6221676940687662,2.936199334911214,-0.8930179976318879,0.764225391168997,-0.993447804985412,492,1
51.426,-1.260779743342297,0.6415928854590823,2.910870111364182,-0.9389443999152115,0.8034734113522503,-1.0438565547451677,490,1
51.451,-1.284658478336611,0.6623413646363764,2.8840065071739587,-1.0266241013250716,0.8756396001781694,-1.0957751161899145,490,1
51.476,-1.3121109484085476,0.6853748654679883,2.8560813555546893,-1.0874222761066483,0.9400507276105864,-1.1397767692914433,490,1
51.501,-1.3390295921419404,0.709343901016903,2.8270176687093898,-1.1331833526452562,0.9763696438321945,-1.1398978435712874,490,1
51.526,-1.3687701160408152,0.7341933476596022,2.79908646337612,-1.212858104262032,1.0151161119105123,-1.1635178328318647,488,1
51.551,-1.3996724973550472,0.760099706612433,2.7688417770677916,-1.251594149226185,1.0860162756138854,-1.1765828457385255,489,1
51.576,-1.431349823502121,0.7884941614402934,2.740257321089197,-1.3463642593493585,1.1428954207198923,-1.160087544819625,489,1
51.601,-1.4669907103225113,0.8172444776484243,2.7108373998268136,-1.4153377618314749,1.1793662364808015,-1.1884660602403905,489,1
51.626,-1.5021167115936906,0.8474624732643301,2.680834018077181,-1.4201785079393703,1.2077963046072528,-1.153995134391445,488,1
51.651,-1.5379996357194858,0.8776342928787921,2.6531376431072364,-1.4202453262483095,1.1914342752482225,-1.121286382747819,489,1
51.676,-1.5731289779061122,0.9070341870267463,2.6247696989397853,-1.3990933280856939,1.1783903476688966,-1.0713932768797805,489,1
51.701,-1.6079543021237666,0.9365538102622336,2.5995679792632505,-1.3461096691992058,1.1559544765567433,-1.0244615233202352,491,1
51.726,-1.6404344613660686,0.9648319108545802,2.5735466227737764,-1.2534709399286783,1.073785699305757,-0.9730537520441216,490,1
51.751,-1.670627849120197,0.9902430952275184,2.550915291661047,-1.1874817552615777,0.9830152944508092,-0.9086810208526088,489,1
51.776,-1.6998085491291526,1.0139826755771248,2.528112571731142,-1.1059288270063428,0.9190975174394638,-0.8620551328757629,491,1
51.801,-1.7259242904705188,1.0361979710994955,2.5078125350172553,-0.9930399295996559,0.8512015665391943,-0.7621817426296651,492,1
51.826,-1.7494605456091326,1.0565427539040821,2.490003484599661,-0.8693081342084558,0.7634992322121671,-0.7235084094476252,494,1
51.851,-1.769389697180939,1.0743729327101017,2.471637114544876,-0.7672277581304058,0.6490036521816891,-0.6619152518972381,493,1
51.876,-1.7878219335156507,1.0889929365131648,2.456907722004801,-0.6772324309923672,0.5513531168531901,-0.5157337190609472,494,1
51.901,-1.8032513187305603,1.1019405885527636,2.4458504285918266,-0.5480405371876994,0.4791496967023514,-0.42181549820060793,494,1
51.926,-1.815223960375038,1.1129504213482844,2.435816947094769,-0.4510167438491476,0.3836251950485799,-0.4218021852444993,494,1
51.951,-1.8258021559230164,1.1211218483051915,2.424760319329603,-0.34011144300218166,0.2787298202209401,-0.3456794220348077,496,1
51.976,-1.832229532525146,1.1268869123593306,2.4185329759930294,-0.21245073940749357,0.20676004365186637,-0.22177555562267787,493,1
52.001,-1.8364246928933905,1.1314598504877842,2.4136715415484695,-0.13471142237106287,0.14027486274344939,-0.17799912380941843,496,1
52.026,-1.8389651036436998,1.1339006554965037,2.4096330198025577,-0.07488377853329259,0.04415887414325926,-0.11689295635803346,492,1
52.051,-1.8401688818200554,1.1336677941949473,2.4078268937305674,0.03710531704215858,-0.03955973351532863,-0.05269016239773572,495,1
52.076,-1.837109837791592,1.1319226688207373,2.406998511682671,0.11296422233285618,-0.10336013010607968,-0.02918618445198528,493,1
52.101,-1.834520670703413,1.1284997876896437,2.406367584507968,0.1382093395673801,-0.12407945102639134,-0.03129660229460107,494,1
52.126,-1.8301993708132234,1.1257186962694181,2.405433681567941,0.21633990825054392,-0.1360677684444695,-0.006577267728208874,495,1
52.151,-1.8237036752908848,1.1216963992674196,2.4060387211215577,0.2712838150182408,-0.1948345299654897,0.014817527466382943,496,1
52.176,-1.8166351800623102,1.1159769697711428,2.4061745579412603,0.18254176327668387,-0.20956078937137992,0.04273998304762182,493,1
52.201,-1.8145765871270512,1.1112183597988512,2.4081757202739387,0.11759581441548098,-0.16256708380217902,0.07680883120493302,492,1
52.226,-1.8107553893415365,1.1078486155810343,2.4100149995015068,0.08967121515517439,-0.07855674579426267,0.08175141260305739,495,1
52.251,-1.8100930263692927,1.1072905225091383,2.4122632909040913,-0.020722175228280914,-0.027315927247959396,0.13347235433349453,494,1
52.276,-1.8117914981029506,1.1064828192186362,2.416688617218182,-0.13671460246260814,0.013271757146354736,0.1959910599783587,493,1
52.301,-1.8169287564924237,1.107954110366456,2.42206284390301,-0.2729506206397425,0.10638202318422324,0.24831476301432423,494,1
52.326,-1.825439029134937,1.111801920377847,2.4291043553688976,-0.3863155840349062,0.13571307740800503,0.27393994974863173,494,1
52.351,-1.836244535694168,1.114739764236856,2.435759841390441,-0.45063157732550324,0.15894785033804942,0.3380086866981383,495,1
52.376,-1.8479706080012108,1.119749312894749,2.4460047897038035,-0.54300164539175,0.2271698310244636,0.3780182439208823,493,1
52.401,-1.8633946179637577,1.12609825578808,2.4546607535864866,-0.6496323967945973,0.28265271715814755,0.40072204111473964,494,1
52.426,-1.8804522278409435,1.1338819487526577,2.466040891759542,-0.7542069948012771,0.2951389078421397,0.4650240218374344,494,1
52.451,-1.9011049677038194,1.1408552011801862,2.477911954678357,-0.8443627728771022,0.32877864454279854,0.4903641661453596,494,1
52.476,-1.9226703664847962,1.1503208809797967,2.490559100066809,-0.9112921244101043,0.3907414842582657,0.5438846385482552,492,1
52.501,-1.946669573924322,1.1603922753930984,2.5051061866057682,-1.0251583240162145,0.41334484151207135,0.5961677847140148,495,1
52.526,-1.9739282826856113,1.170988123055402,2.520367489302512,-1.114260188331773,0.4745534870090657,0.5883248484413737,495,1
52.551,-2.0023825833409155,1.1841199497435537,2.5345224290278394,-1.1986594140050826,0.4951043447624996,0.6115780497372906,495,1
52.576,-2.033861253385862,1.1957433402935256,2.550946391789375,-1.2858894678822461,0.4993033450758472,0.6512702302643995,496,1
52.601,-2.066677056735024,1.2090851169973447,2.5670859405410575,-1.3439037441769894,0.5550573557841392,0.6265153372482414,495,1
52.626,-2.1010564405947076,1.223496208082731,2.582272158651785,-1.4355120099903138,0.6051672696416305,0.6026443116074028,495,1
52.651,-2.138452657234546,1.2393434804794288,2.5972181561214303,-1.4997900920797456,0.6202711879481364,0.6167067499630992,496,1
52.676,-2.1760459451987013,1.2545097674801404,2.6131074961499428,-1.54095101585871,0.6057265894085162,0.6059325722373632,497,1
52.701,-2.215500208027477,1.2696298099498529,2.6275147847332967,-1.5458530532235484,0.6294816445464237,0.5440273974351538,498,1
52.726,-2.2533385978598743,1.2859838497074598,2.640308866021699,-1.4498929459332757,0.6288834573261017,0.532144503278257,498,1
52.751,-2.2879948553241367,1.3010739828161562,2.654122009897208,-1.3436661194648911,0.5360088065035948,0.52476564238316,498,1
52.776,-2.3205219038331246,1.3127842900326419,2.666547148140859,-1.2242455771370264,0.49082822934058334,0.45808656454947894,499,1
52.801,-2.3492071341809933,1.3256153942831874,2.677026338124684,-1.1175269466517714,0.4623324945511827,0.42389452212575585,499,1
52.826,-2.37639825116571,1.3359009147601997,2.6877418742471457,-0.9813163440514774,0.3923541436413026,0.39314206490853393,500,1
52.851,-2.3982729513835643,1.3452331014652514,2.6966834413701095,-0.8444840150182156,0.3398771657734938,0.3444447934828983,501,1
52.876,-2.4186224519166184,1.3528947730488734,2.7049641139212897,-0.7340909582376116,0.29820540025408915,0.28146829329219347,500,1
52.901,-2.434977499295448,1.3601433714779572,2.7107568560347204,-0.5897953416080556,0.2722402084025378,0.21079993804763197,501,1
52.926,-2.4481122189970237,1.3665067834690015,2.715504110823672,-0.45834948569372475,0.1793793821821956,0.19987793472072715,502,1
52.951,-2.457894973580133,1.3691123405870664,2.720750752770756,-0.36697418634985857,0.10694364257009145,0.1589375066094158,503,1
52.976,-2.4664609283145156,1.3718539655975057,2.7234509861541425,-0.24297801337771535,0.10538985569102421,0.07346097628483568,501,1
53.001,-2.470043874249018,1.3743818333716173,2.7244238015849978,-0.0872245789729501,0.08444622752042887,0.03258114697429704,500,1
53.026,-2.4708221572631635,1.3760762769735275,2.7250800435028575,0.01510772887914995,-0.019127421787386613,0.035760337842211394,502,1
53.051,-2.4692884878050605,1.373425462282248,2.7262118184771085,0.11076618877010799,-0.08500229005322918,0.03422977786888576,503,1
53.076,-2.4652838478246584,1.3718261624708663,2.7267915323963017,0.18440590684287433,-0.05767894899128096,0.005905357401215008,504,1
53.101,-2.4600681924629173,1.370541514832684,2.726507086347169,0.2562071773946041,-0.06603024229029072,-0.02456082264346155,500,1
53.126,-2.452473488954929,1.368524650356352,2.7255634912641287,0.25670989783226383,-0.12754884764409247,0.017480460008386274,502,1
53.151,-2.447232697571303,1.3641640724504789,2.7273811093475886,0.22827467163693713,-0.09239809415763844,0.012013224986685642,501,1
53.176,-2.441059755373081,1.3639047456484696,2.726164152513463,0.2171881322201176,-0.057846254441694625,-0.023667173812117706,501,1
53.201,-2.4363732909602978,1.3612717597283943,2.7261977506569828,0.17062152125168675,-0.09136788883673383,-0.003012492502288027,501,1
53.226,-2.432528679310497,1.3593363512066332,2.7260135278883486,0.1449644617330297,-0.03350100708969096,-0.004794959701542029,501,1
53.251,-2.4291250678736467,1.3595967093739099,2.7259580026719057,0.0947259378968032,-0.023789779316636585,0.005738939636409989,501,1
53.276,-2.4277923824156566,1.3581468622408013,2.726300474870169,0.07108450614820964,-0.04187545805351609,-0.008014265132584724,502,1
53.301,-2.425570842566236,1.3575029364712339,2.7255572894152764,0.07314195041442123,-0.030273396576074363,-0.00046274799610837434,501,1
53.326,-2.424135284894936,1.3566331924119976,2.7262773374703637,0.041929540051903906,-0.012837089214597539,0.006632519050083041,501,1
53.351,-2.423474365563641,1.356861082010504,2.7258889153677806,0.040396668096767195,0.012869996776632874,-0.014218907767134779,501,1
53.376,-2.4221154514900975,1.3572766922508293,2.725566392082007,0.0402894531596908,-0.010639371858055727,0.0037796586089463677,503,1
53.401,-2.421459892905656,1.3563291134176012,2.726077898298228,0.01368591108954814,-0.03045295833185431,0.009571976301464852,501,1
53.426,-2.42143115593562,1.3557540443342364,2.7260449908970803,-0.011440975601582732,-0.007405584877245163,0.008875612262855775,501,1
53.451,-2.422031941685735,1.355958834173739,2.7265216789113706,0.026838773675203348,0.003818504621020619,-0.0027437762274208806,501,1
53.476,-2.42008921725186,1.3559449695652874,2.7259078020857093,0.025773550797520216,0.002516393464637866,-0.009720790612589012,501,1
53.501,-2.4207432641458593,1.3560846538469709,2.7260356393807412,-0.017219779418614276,-0.017810661501165982,0.01641393035841292,501,1
53.526,-2.420950206222791,1.355054436490229,2.72672849860363,0.0014767307361561583,-0.011895901262443205,0.001982817232555165,501,1
53.551,-2.4206694276090515,1.3554898587838486,2.726134780242369,0.01697096932701133,0.013726795080174162,-0.010765508809492176,501,1
53.576,-2.4201016577564403,1.3557407762442377,2.7261902231631554,0.026327835424277243,0.014946374396847834,-0.022878864359220565,501,1
53.601,-2.4193530358378377,1.356237177503691,2.724990837024408,-0.012365507432710735,-0.01092366508745508,0.002402261673344478,501,1
53.626,-2.4207199331280758,1.355194592989865,2.7263103362468226,-0.014994429417355236,-0.0003635571004067773,0.02039761922652698,501,1
53.651,-2.4201027573087055,1.3562189996486707,2.7260107179857345,0.020343526540880716,0.017250898358981054,-0.011178259737229126,501,1
53.676,-2.4197027568010316,1.3560571379078141,2.725751423259961,-0.013136962552523137,-0.003486243930397513,0.00374443444182603,501,1
53.701,-2.4207596054363316,1.3560446874521508,2.7261979397078258,-0.009331296114423713,-0.04399734517761794,0.025792086807207373,501,1
53.726,-2.420169321606753,1.3538572706489334,2.7270410276003214,-0.0020137492998274532,-0.0029030525471497857,0.00409406491974652,501,1
53.751,-2.420860292901323,1.3558995348247933,2.726402642953813,-0.011276255148641317,0.03219405516260823,-0.02079268591595174,501,1
53.776,-2.420733134364185,1.355466973407064,2.7260013933045237,0.0008259265332010563,-0.006759514005895674,0.006105359601517625,501,1
53.801,-2.420818996574663,1.3555615591244985,2.726707910933889,0.009878970828039464,-0.004085443684669576,0.060714061305459206,501,1
53.826,-2.420239185822783,1.3552627012228304,2.7290370963697965,0.016881161039156007,-0.029326233236137145,0.16023217003239965,501,1
53.851,-2.419974938522705,1.3540952474626917,2.7347195194355085,0.040521995284559326,-0.07353035181437013,0.28681547930616025,501,1
53.876,-2.418213086058555,1.3515861836321121,2.7433778703351037,0.06740869655582274,-0.09762326489046791,0.4287306042271844,501,1
53.901,-2.4166045036949138,1.349214084218168,2.7561560496468696,0.10441029915631005,-0.16031495224733538,0.607726267443686,500,1
53.926,-2.412992571100739,1.3435704360197447,2.7737641837072906,0.16294008836739632,-0.2302407303568763,0.800123029894807,500,1
53.951,-2.4084574992765444,1.3377020477003247,2.7961622011416076,0.22435125851046175,-0.3113856617478605,1.0035781360789857,500,1
53.976,-2.4017750081752167,1.3280011529323525,2.823943090511237,0.27801402035250417,-0.3973543827969465,1.2093822682991529,499,1
54.001,-2.39455679825892,1.3178343285604786,2.856631314556562,0.32701050927678266,-0.4852018618144202,1.4402189724257057,500,1
54.026,-2.385424482711376,1.3037410598416295,2.8959540391325285,0.3938309230891354,-0.6245145947623154,1.7167204203997113,499,1
54.051,-2.3748652521044615,1.2866085988223601,2.9424673355765547,0.4262466384897732,-0.6751595546533535,1.927179606546637,500,1
54.076,-2.3641121507868887,1.2699830821089637,2.992313019459855,0.46394291377920255,-0.7837854548847379,2.1651239320135116,498,1
54.101,-2.3516681064155027,1.2474193260781254,3.050723532177224,0.5611154414600125,-0.8475663016687334,2.3777169447294018,498,1
54.126,-2.3360563787138897,1.2276047670255295,3.111198866696318,0.6369738961779782,-0.9062464242115302,2.5691210667022744,497,1
54.151,-2.319819411606601,1.202107004867545,-3.1040057216672374,0.6349079313102903,-1.0420569928386314,2.79720434292,497,1
54.176,-2.3043109821483725,1.1755019173835934,-3.0321262233372566,0.693986351876536,-1.09076253339321,2.964655087376453,493,1
54.201,-2.2851200940127763,1.1475688781978877,-2.955772967298423,0.7370409064014957,-1.164239304799643,3.1581844694614265,493,1
54.226,-2.2674589368283,1.1172899521436146,-2.874216999864194,0.7864587512613411,-1.2342491853870765,3.303818284770951,493,1
54.251,-2.2457971564497115,1.0858564189285373,-2.790582053059885,0.8671658392372155,-1.2865503897852428,3.4139965558490837,492,1
54.276,-2.2241006448664353,1.052962432654347,-2.7035171720717255,0.8967123161525538,-1.3812146450041474,3.5460811830828916,489,1
54.301,-2.20096154064208,1.016795686678324,-2.6132779939057253,0.9364148255012593,-1.46186227298137,3.6387220374635936,487,1
54.326,-2.177279903591375,0.9798693190052826,-2.521581070198556,0.9504046998902024,-1.5009611616487626,3.7100578163771902,485,1
54.351,-2.1534413056475725,0.9417476285958902,-2.4277751030868764,1.0075135869259317,-1.5431190851222276,3.748656340340597,482,1
54.376,-2.1269042242450813,0.9027133647491756,-2.334148253181537,1.0566150013238826,-1.617756207832379,3.7818626127659067,480,1
54.401,-2.100610555581374,0.8608598182042644,-2.238681972448565,1.1037639788955147,-1.681647418291313,3.777876747345974,478,1
54.426,-2.071716025300301,0.8186309938346028,-2.145254415814222,1.1584147054535203,-1.7202654674844586,3.7363692072100454,474,1
54.451,-2.042689820308701,0.7748465448300463,-2.0518635120880733,1.100302190443481,-1.7678245265202837,3.6979765794648114,471,1
54.476,-2.01670091577813,0.7302397675085937,-1.9603555868409923,1.106045933023206,-1.7820289404128422,3.636093324932219,466,1
54.501,-1.987387523657544,0.6857450978094093,-1.8700588458414729,1.1348938618130608,-1.7076485630378166,3.5344433365906096,463,1
54.526,-1.959956222687472,0.6448573393566955,-1.7836334200114465,1.0322977872342385,-1.5799499956867564,3.3951264374190817,458,1
54.551,-1.9357726342958277,0.6067475980250647,-1.700302523970504,0.9796413568570708,-1.4981271511672731,3.279607703412113,464,1
54.576,-1.9109741548446213,0.5699509817983361,-1.61965303484085,0.9595606663083268,-1.4194225596153516,3.1447172043844254,470,1
54.601,-1.887794600980414,0.5357764700443012,-1.5430666637512918,0.8137643973397887,-1.2824736436169721,2.9502500770959452,477,1
54.626,-1.8702859349776342,0.5058272996174912,-1.472140530986061,0.7203631271743224,-1.1225587203938034,2.746623025917391,477,1
54.651,-1.8517764446216949,0.4796485340246062,-1.4057355124554105,0.6724707118922306,-1.0021412859069667,2.553053655234172,483,1
54.676,-1.8366623993830198,0.45572023532213857,-1.3444878482243416,0.5596676329079394,-0.9071588097160592,2.353581617675618,491,1
54.701,-1.8237930629762995,0.43429059353880584,-1.2880564315716365,0.5033075562070553,-0.7977622627098799,2.1241003703235037,488,1
54.726,-1.8114970215726685,0.41583212218664684,-1.2382828297081727,0.4470680844202578,-0.6869276094101464,1.874809644976665,485,1
54.751,-1.8014396587552879,0.39994421306830047,-1.1943159493228088,0.39583815890088925,-0.6041161548740233,1.6554930658784004,489,1
54.776,-1.7917051136276223,0.3856263144429431,-1.1555081764142459,0.34348526349402064,-0.5024066821973843,1.4383051047393831,496,1
54.801,-1.7842653955805854,0.3748238789584291,-1.1224006940858335,0.2737238770259087,-0.3856857845718517,1.1966331505251273,504,1
54.826,-1.7780189197763276,0.3663420252143516,-1.095676518887993,0.15835957807519574,-0.3130383332952769,0.9809639036512177,507,1
54.851,-1.776347416676826,0.35917196229366616,-1.0733524989032754,0.10889606375348923,-0.20738317955406774,0.7773161324820685,506,1
54.876,-1.7725741165886535,0.3559728662366488,-1.0568107122638917,0.10550097401172731,-0.09700151397364415,0.575738054664314,505,1
54.901,-1.7710723679762392,0.35432188659498354,-1.0445655961700575,0.01320435681845365,-0.02980513572990086,0.40161420240575246,505,1
54.926,-1.7719138987477308,0.35448260945015364,-1.0367300021436023,-0.04016087479475467,0.04127564488813697,0.2541953756185189,505,1
54.951,-1.7730804117159769,0.35638566883939027,-1.0318558273891325,-0.06715429767179808,0.12006409814935631,0.13905656559475413,504,1
54.976,-1.7752716136313205,0.3604858143576211,-1.0297771738638652,-0.09537436358255312,0.16656203609636436,0.05594226564508238,506,1
55.001,-1.7778491298951042,0.364713770644208,-1.0290587141068783,-0.10800542158384074,0.1538821512122592,0.019850146843206046,507,1
55.026,-1.780671884710513,0.36817992191823473,-1.0287846665217046,-0.11142362939259458,0.1789913593627937,0.00785338473374186,508,1
55.051,-1.7834203113647344,0.37366333861234846,-1.0286660448701914,-0.09095705749730583,0.20676526031318707,0.0022682653525941854,509,1
55.076,-1.785219737585378,0.3785181849338935,-1.0286712532540747,-0.10980657602459323,0.17470307601945673,-0.004379104437859631,508,1
55.101,-1.7889106401659638,0.3823984924133208,-1.0288850000920844,-0.10624967449528615,0.15248068493811084,-0.007215935037710308,509,1
55.126,-1.790532221310142,0.3861422191807986,-1.02903205000596,-0.0608975933053372,0.09135154379620868,0.0038842669488655685,510,1
55.151,-1.791955519831231,0.3869660696031316,-1.0286907867446413,-0.03689534664221968,0.07332916598509139,0.0025566286620557527,509,1
55.176,-1.7923769886422531,0.3898086774800535,-1.028904218572857,-0.04783793283709864,0.06899636622356324,0.0016549398011279468,511,1
55.201,-1.7943474164730857,0.3904158879143096,-1.028608039754585,-0.07580550894966884,0.042705276555087476,0.0011413361319335218,511,1
55.226,-1.7961672640897364,0.39194394130780774,-1.02884715176626,-0.028144636465092177,0.049605628783870356,-0.019171254319801913,511,1
55.251,-1.7957546482963402,0.39289616935350297,-1.029566602470575,0.020021458502428827,0.010735071864243134,-0.0024027593873297177,511,1
55.276,-1.7951661911646148,0.39248069490101994,-1.0289672897356268,-0.022815025633156346,-0.009489576306906135,0.008342159983278207,510,1
55.301,-1.7968953995779982,0.3924216905381576,-1.0291494944714112,-0.019935346733844807,0.006823980582820021,0.006634803867058658,511,1
55.326,-1.796162958501307,0.3928218939301609,-1.0286355495422739,0.029461212673324588,0.007719613410050336,0.00644085579113921,511,1
55.351,-1.795422338944332,0.3928076712086601,-1.0288274516818543,-0.01775779201288342,0.016386236375831406,-0.006683567290828687,511,1
55.376,-1.7970508481019511,0.39364120574895245,-1.0289697279068155,-0.05144052849887176,0.025204465718888864,-0.007270160002192318,511,1
55.401,-1.7979943653692758,0.39406789449460466,-1.029190959681964,0.010720042790705238,-0.012167966998658592,0.007116261136683125,510,1
55.426,-1.7965148459624158,0.39303280739901947,-1.028613914849981,0.008407132220256608,-0.0064515622287623425,0.004465390287205194,510,1
55.451,-1.797574008758263,0.39374531638316657,-1.028967690167604,-0.015997288046306422,0.028015528551379936,-0.016228945496995308,509,1
55.476,-1.7973147103647311,0.3944335838265884,-1.0294253621248308,-0.0051799818756096015,-0.009144805979836544,0.010435507124598214,510,1
55.501,-1.7978330078520435,0.39328807608417476,-1.0284459148113738,-0.003099786904305637,-0.012744851176984564,0.01211755022236257,511,1
55.526,-1.7974696997099464,0.3937963412677391,-1.0288194846137126,0.0033215253619142625,0.01700365998771624,-0.01351368630435941,510,1
55.551,-1.7976669315839477,0.39413825908356065,-1.0291215991265916,-0.020245630347580687,0.014691332173476237,-0.00893343606808423,510,1
55.576,-1.7984819812273254,0.3945309078764129,-1.0292661564171168,0.0055976710783814795,-0.004842355000913842,0.0024281197335175577,510,1
55.601,-1.7973870480300287,0.39389614133351497,-1.0290001931399158,0.018552545681341737,-0.016408733798698272,0.007573773510803225,510,1
55.626,-1.7975543539432584,0.393710471186478,-1.0288874677415765,0.005431681378786449,-0.006007452815653445,0.004197537584413521,511,1
55.651,-1.7971154639610893,0.3935957686927323,-1.028790316260695,-0.007699488217726601,-0.011707617703543673,0.0056832810340607534,509,1
55.676,-1.7979393283541447,0.3931250903013008,-1.0286033036898734,-0.012458450171456012,-0.008207526246633479,0.0064879653038478,510,1
55.701,-1.797738386469662,0.3931853923804006,-1.0284659179955025,-0.003764659087029046,0.004947855666741777,-0.00016892483569287258,511,1
55.726,-1.7981275613084962,0.39337248308463785,-1.028611749931658,-0.016668846968977805,0.019584640152274794,-0.011442505042121394,510,1
55.751,-1.798571828818111,0.3941646243880143,-1.0290380432476085,0.02211984170848147,-0.019840842626475647,0.0059767246200687525,510,1
55.776,-1.797021569223072,0.392380440953314,-1.0283129137006544,0.018280703919878013,-0.0047822394817893885,0.010203095668827284,510,1
55.801,-1.797657793622117,0.3939255124139248,-1.028527888464167,-0.005124612045595292,0.041955833844033064,0.004794294027492813,511,1
55.826,-1.7972777998253517,0.3944782326455155,-1.0280731989992797,0.04727666029025015,-0.007905362964560242,0.05832889410242513,511,1
55.851,-1.7952939606076046,0.3935302442656968,-1.025611443759046,0.05930763046374192,-0.004742108720958974,0.10534893596416839,511,1
55.876,-1.7943124183021648,0.3942411272094676,-1.0228057522010716,0.07711750025382055,0.02318035842178514,0.14001391607505603,511,1
55.901,-1.7914380855949132,0.3946892621867862,-1.0186107479552926,0.17420041302227698,0.007710788183214365,0.2150335845417833,511,1
55.926,-1.7856023976510502,0.39462666661862833,-1.0120540729739815,0.2765231549501947,0.023559146016064687,0.2818512121288546,511,1
55.951,-1.7776119278474043,0.39586721948758935,-1.0045181873488505,0.37301481721734653,0.03469708920174261,0.34642871185895013,510,1
55.976,-1.766951656790184,0.39636152107871536,-0.9947326373810348,0.4696706124986561,0.02722450629353878,0.4286364049053381,511,1
56.001,-1.7541283972224728,0.3972284448022662,-0.9830863671035848,0.5885916591379234,0.03827732532527557,0.5105214005601608,510,1
56.026,-1.7375220738332853,0.3982753873449793,-0.9692065673530244,0.6973690921526003,0.05024985842210466,0.5890562201411185,509,1
56.051,-1.7192599426148398,0.39974093772337166,-0.9536335560965262,0.7698614238485872,0.05788150154570677,0.6774788997239897,510,1
56.076,-1.699029002640858,0.4011694624222645,-0.9353326223668268,0.8999657181156874,0.06000303460922626,0.7556212664742809,510,1
56.101,-1.674261656709058,0.4027410894538328,-0.9158524927728142,1.0095678820915217,0.053857157367082915,0.8411014646627936,520,1
56.126,-1.6485506085362849,0.40386232029061847,-0.8932775491336896,1.085955798190313,0.10326327393607068,0.9327911538173788,533,1
56.151,-1.6199638667995377,0.4079042531506368,-0.8692129350819413,1.2099389349743228,0.11509146570272595,0.9920626343914527,541,1
56.176,-1.5880536617875636,0.40961689357575526,-0.8436744174141126,1.2803575614986435,0.07849022020085529,1.0678440483593994,541,1
56.201,-1.5559459887246092,0.4118287641606793,-0.8158207326639744,1.3208730117539997,0.09827148205639573,1.1410267875049245,541,1
56.226,-1.5220100111998673,0.41453046767857477,-0.7866230780388697,1.411881675543172,0.11550965009808557,1.195815516463107,541,1
56.251,-1.4853519049474546,0.41760424666558327,-0.7560299568408226,1.5376797301565248,0.11797090353179433,1.2565543303045772,541,1
56.276,-1.4451260246920345,0.420429012855165,-0.7237953615236357,1.6318305186243027,0.13315999678698762,1.304400769893381,541,1
56.301,-1.4037603790162325,0.4242622465049332,-0.690809918346148,1.7069948852084542,0.14634646053960199,1.3461171957302887,541,1
56.326,-1.3597762804316167,0.42774633588214467,-0.6564895017371251,1.8159017246262155,0.12980035627789005,1.3998720646056824,541,1
56.351,-1.312965292784927,0.43075226431882735,-0.6208163151158679,1.8670450048193694,0.14535366962339974,1.4261179962570403,541,1
56.376,-1.2664240301906535,0.43501401936331424,-0.5851836019242769,1.9275900199466234,0.15991993731409995,1.4520096408265286,540,1
56.401,-1.2165857917875875,0.43874826118453303,-0.548215833074535,1.9953428563932838,0.17156089535224275,1.4695409252458882,534,1
56.426,-1.1666568873709808,0.4435920641309271,-0.5117065556619762,2.0594712216253637,0.16896937148637453,1.462806670620965,533,1
56.451,-1.1136122307063252,0.4471967297588513,-0.475075499543491,2.149207214653084,0.14571144764226213,1.4762443577732793,527,1
56.476,-1.0591965266383327,0.4508776365130398,-0.4378943377733163,2.201238144007519,0.16477824747879669,1.47616138587852,522,1
56.501,-1.0035503235059555,0.45543564213279064,-0.40126743024956935,2.198935142554871,0.18160431491874746,1.444063516687103,516,1
56.526,-0.9492497695105798,0.45995785225897795,-0.36569116193895523,2.157647325292931,0.16686212969563427,1.4247522994859836,514,1
56.551,-0.8956679572412998,0.46377874861757307,-0.33002981527526426,2.1106509673189855,0.14022717833668838,1.423071685690279,510,1
56.576,-0.8437172211446365,0.46696921117581197,-0.2945375776544452,2.1724702417261645,0.17099718565436212,1.3344888019010575,506,1
56.601,-0.7870444451549977,0.4723286079002907,-0.2633053751802153,1.9625534395213267,0.18326013034606278,1.2907350761014258,503,1
56.626,-0.7455895491685758,0.4761322176931146,-0.2300008238493776,1.728217791243655,0.1562069893996365,1.2827010200742677,510,1
56.651,-0.7006335555928076,0.4801389573702732,-0.19917032417649622,1.7242089538817646,0.12243690416888842,1.203436994232638,513,1
56.676,-0.6593791014744802,0.48225406290155953,-0.1698289741377404,1.568201771375657,0.11267247698511038,1.1391521874783654,517,1
56.701,-0.6222234670240292,0.4857725812195284,-0.14221271480258116,1.4335042603259656,0.12354562285887974,1.075590085237702,518,1
56.726,-0.587703888458186,0.48843134404450317,-0.11604946987585842,1.3240142368534011,0.10212615195077238,1.0009372008138708,520,1
56.751,-0.5560227551813629,0.4908788888170667,-0.09216585476189035,1.2019761312022066,0.10896237446417949,0.9148658664679507,520,1
56.776,-0.5276050818980705,0.4938794627677126,-0.07030617655245698,1.1110132478240604,0.10537445465255359,0.8448260590688584,521,1
56.801,-0.5004720927901551,0.49614761154969483,-0.04992455180844369,0.9883058078979718,0.0867840862679186,0.7778830767264997,520,1
56.826,-0.47818979150317475,0.4982186670811083,-0.03141202271613426,0.8240457656724822,0.06537916352569434,0.6836933754528951,521,1
56.851,-0.4592698045065334,0.49941656972597936,-0.015739883035801025,0.708825400511827,0.04511690756585897,0.5756166769338361,521,1
56.876,-0.4427485214775854,0.5004745124594011,-0.0026311888694439695,0.6093524796541241,0.038608167500356935,0.518242289240334,523,1
56.901,-0.42880218052382457,0.5013469781009974,0.010172231426217987,0.49005008123846044,0.04055565462476639,0.4408099328014072,522,1
56.926,-0.4182460174156603,0.5025022951906396,0.01940930777062846,0.3631707511595412,0.03329822605602629,0.34417850379252,524,1
56.951,-0.41064364296584854,0.5030118894037986,0.027381156615843227,0.2642951574094616,0.01821135283834089,0.28447159718549225,524,1
56.976,-0.405031259545188,0.5034128628325566,0.03363288762990232,0.14208710697671298,0.0197478889171865,0.21786146895360753,523,1
57.001,-0.4035392876170133,0.5039992838496579,0.03827423006352316,0.04905447126699073,0.006494190355481046,0.14829537883706734,522,1
57.026,-0.40257853598183824,0.5037375723503307,0.041047656571756394,-0.014819256811040418,-0.0019960921821280918,0.1006573158266025,523,1
57.051,-0.4042802504575654,0.5038994792405515,0.04330709585485388,-0.0889817342443206,-0.011238670443066229,0.054858590637139944,523,1
57.076,-0.407027622694054,0.5031756388281774,0.043790586103613055,-0.13320372972780195,-0.009761208406296462,0.02029452228222377,524,1
57.101,-0.4109404369439551,0.5034114188202367,0.044321821968965176,-0.1696935027824561,-0.003328499274195729,0.00895466183454425,523,1
57.126,-0.41551229783317634,0.5030092138644676,0.044238319195340374,-0.21231397960656062,-0.014158976715513596,0.01493158308943571,523,1
57.151,-0.42155613592428404,0.5027034699844609,0.045068401123437206,-0.25092008991525944,-0.020797732286126806,0.0459658782939126,521,1
57.176,-0.4280583023289404,0.5019693272501612,0.04653661311003625,-0.24402868442075565,-0.01456571124416855,0.13772114514128192,523,1
57.201,-0.4337575701453211,0.5019751844222525,0.05195445838050078,-0.1592638355219535,0.028961605604277945,0.29190689938429654,523,1
57.226,-0.4360214941050376,0.503417407530375,0.0611319580792502,-0.11619592656274097,0.07441075025323964,0.45712099611028667,523,1
57.251,-0.43956736647345784,0.5056957219349143,0.0748105081860136,-0.09845507452715667,0.18191532581923522,0.6399102248884235,523,1
57.276,-0.44094424783139585,0.5125131738213375,0.09312746932367394,0.005073653679777535,0.30305290908359955,0.8510102589039532,522,1
57.301,-0.43931368378946895,0.5208483673890956,0.11736102113121509,0.06528131897723648,0.37100083870634903,1.0818394750798348,522,1
57.326,-0.4376801818825342,0.5310632157566539,0.14721944307766258,0.059419702943336365,0.4692685298269362,1.3020593597144654,521,1
57.351,-0.4363426986423023,0.544311793880441,0.18246398911693476,0.09020626812304823,0.5714653415922492,1.5061455242164326,519,1
57.376,-0.43316986847638206,0.5596364828362648,0.2225267192884801,0.15354873654737888,0.6758855536197085,1.7163546533331033,520,1
57.401,-0.4286652618149327,0.5781060715614293,0.26828172178359716,0.1875691304713729,0.7959192489966781,1.9192558236375008,520,1
57.426,-0.4237914119528126,0.5994324452861021,0.3184895104703635,0.24097909645535193,0.8726897944179054,2.084984635751844,520,1
57.451,-0.4166163069921658,0.6217405612823221,0.37253095357118327,0.2653438801657688,0.9527877949845807,2.2265412268219476,520,1
57.476,-0.4105242179445249,0.6470718350353284,0.42981657181145466,0.2757854363182012,1.0728426550911363,2.3754046725509266,519,1
57.501,-0.4028270351762565,0.6753826940368759,0.49130118719872296,0.3229726533552948,1.159374813082582,2.4845913302019453,518,1
57.526,-0.3943755852767588,0.7050405756894624,0.5540461383215627,0.3112013553589511,1.2247421768169398,2.537746560531945,517,1
57.551,-0.3872669674083076,0.7366198028777281,0.618188515225331,0.34263112150254743,1.3152733619368566,2.575844485268468,518,1
57.576,-0.3772440292016324,0.7708042437863015,0.6828383625849787,0.40060327729684986,1.386935209427037,2.57688889997842,516,1
57.601,-0.3672368035434663,0.805966563349076,0.7470329602242446,0.3940803276696805,1.4583266915661348,2.539701330711337,517,1
57.626,-0.3575400128181495,0.8437205783646041,0.8098234291205382,0.3947366179504205,1.5069328052105149,2.479190329472873,516,1
57.651,-0.34749997264594357,0.8813132036096082,0.870992476697899,0.3889361615518829,1.5075713875110266,2.389158926692803,516,1
57.676,-0.3380932047405537,0.9190991477401619,0.9292813754551887,0.4017692097721321,1.5183178198080614,2.28632877121013,516,1
57.701,-0.3274115121573381,0.9572290946000069,0.985308915258399,0.42629336772598486,1.5013108399459316,2.138017573492827,518,1
57.726,-0.3167785363542557,0.9941646897374542,1.036182254129824,0.384718930424531,1.3842593348681484,1.9443084070155199,518,1
57.751,-0.30817556563611265,1.0264420613434104,1.0825243356091694,0.3256339981804257,1.2255443406476993,1.764929874606667,517,1
57.776,-0.300496836445233,1.0554419067698444,1.1244287478601651,0.3009280030106719,1.094158202030835,1.575822242953454,522,1
57.801,-0.29312916548557777,1.0811499714449568,1.1613154477568488,0.256957854782587,0.9499443704303585,1.3523762424957,524,1
57.826,-0.2876489437061044,1.1029391252913596,1.1920475599849465,0.21857141219751042,0.7906477834956555,1.1352222998487462,524,1
57.851,-0.28220059487570287,1.1206823606197374,1.2180765627492827,0.18442344851217146,0.6649819714241123,0.9215783878534713,528,1
57.876,-0.27842777128049634,1.1361882238625634,1.2381264793776174,0.13639589010748857,0.5393087767922984,0.6974270881065108,528,1
57.901,-0.27538080037032786,1.1476477994593546,1.2529479171546112,0.09652323602585121,0.3975805576021479,0.49302227586596875,529,1
57.926,-0.27360160947920337,1.1560672517426724,1.2627775931709182,0.06258602564551152,0.2856658045399059,0.3250417876009955,531,1
57.951,-0.27225149908805246,1.161931089686349,1.2692000065346603,0.03864365622902819,0.13423618109427035,0.1885974821345045,533,1
57.976,-0.27166942666775207,1.1627790607973856,1.272207467277643,0.000982292286243525,0.006578792857850165,0.08678227314803659,532,1
58.001,-0.2722023844737403,1.1622600293292416,1.273539120192062,-0.020916509982060065,-0.06864348767497166,0.0050897699307390736,531,1
58.026,-0.27271525216685516,1.1593468864136367,1.2724619557741799,-0.050667462434949136,-0.2012369897442851,-0.0413971869321337,531,1
58.051,-0.27473575759548796,1.1521981798420264,1.2714692608454552,-0.09348421107114178,-0.3249440925605425,-0.06285463501224521,530,1
58.076,-0.277389462720412,1.1430996817856105,1.2693192240235678,-0.08956205280533157,-0.40836039290025206,-0.16358743504329573,529,1
58.101,-0.2792138602357543,1.131780160197015,1.2632898890932907,-0.05952622335032581,-0.4532302850805294,-0.28927490470753137,528,1
58.126,-0.2803657738879281,1.1204381675315853,1.2548554787881918,-0.008003806918906326,-0.44762991721417134,-0.46178635754411673,528,1
58.151,-0.27961405058169964,1.1093986643363045,1.2402005712160828,0.0893350322039878,-0.43415738344167415,-0.6647929375344007,527,1
58.176,-0.27589902227772833,1.0987302983594998,1.221615831911469,0.19517061599042984,-0.3905519919018907,-0.8515495537925895,524,1
58.201,-0.2698555197821787,1.089871064741211,1.1976230935264558,0.30509110491244673,-0.33785934363922776,-1.0467826451747682,522,1
58.226,-0.26064446703210686,1.0818373311775393,1.1692766996527333,0.4075202666551751,-0.28412995228950083,-1.2753991070198027,520,1
58.251,-0.2494795064494211,1.0756645671267369,1.1338531381754693,0.532920412592905,-0.24566338009614733,-1.4858938338095815,520,1
58.276,-0.23399844640245934,1.069554162172731,1.094982007962248,0.6408737379411681,-0.22090448935228382,-1.6681385754929676,520,1
58.301,-0.21743581955235997,1.0646193426591217,1.0504462094008136,0.7457234868729342,-0.1619605381710446,-1.873561488713893,517,1
58.326,-0.19671227205881475,1.0614561352641791,1.001303933526559,0.7919537277075073,-0.13320512982647562,-2.032035872566844,517,1
58.351,-0.17783813316698685,1.0579590861677983,0.948844415772477,0.8669059248192333,-0.11752382550229036,-2.177097396191616,517,1
58.376,-0.15336697581785555,1.055579943989065,0.8924490637169843,1.0130976032897923,-0.08612033518003036,-2.320975437841761,519,1
58.401,-0.12718325300249292,1.0536530694087964,0.8327956438803793,1.1573525538368483,-0.06716392667791875,-2.43764825759739,521,1
58.426,-0.0954993481260082,1.0522217476551687,0.7705666508371045,1.2443151868200908,-0.0438334382340047,-2.511109032336441,518,1
58.451,-0.06496749366149192,1.0514613974970963,0.7072401922635643,1.2571043275855918,-0.03599638813318356,-2.5534262363481672,520,1
58.476,-0.03264413174673219,1.0504219282485097,0.6428953390197034,1.385905341363923,-0.03011103409728826,-2.568373363525098,520,1
58.501,0.004327773406700296,1.049955845792232,0.5788215240873168,1.492350145103563,0.012617879813844358,-2.5759991030137397,521,1
58.526,0.04197337550845232,1.051052822239202,0.5140953838690054,1.56574399587,0.017388077272551723,-2.559949679939878,522,1
58.551,0.08261497320020696,1.0508252496558597,0.45082404009031174,1.5556208459953182,0.03493966379579859,-2.494480202290354,521,1
58.576,0.11975441780821382,1.0527998054289918,0.3893713737544947,1.6572570477010768,0.05075752503346309,-2.3947795867091,521,1
58.601,0.1654778255852561,1.0533631259075327,0.33108506075486366,1.8385732346706778,0.0541547622253655,-2.2860292387637284,519,1
58.626,0.21168307954174248,1.0555075435402599,0.2750699118163146,1.8069227292901027,0.0674892256685964,-2.1575191537863185,522,1
58.651,0.2558239620497689,1.0567375871909628,0.22320910306553834,1.7304533953545078,0.04706503928030557,-1.990147010021647,525,1
58.676,0.29820574930947524,1.0578607955042754,0.17556256131522385,1.6189873191699409,0.049502641616959206,-1.807723868571008,526,1
58.701,0.3367733280082614,1.0592127192718106,0.13282290963699325,1.4534624015182356,0.05766832144012185,-1.6173416389577908,524,1
58.726,0.3708788693853829,1.0607442115762813,0.0946954793673387,1.3016468186327208,0.05142943739741072,-1.421258726680855,523,1
58.751,0.4018556689398937,1.061784191141681,0.06175997330295466,1.1474341836686939,0.03437719983957406,-1.2098782532404007,525,1
58.776,0.4282505785688225,1.0624630715682601,0.0342015667053134,0.9953341463361283,0.019062588779899567,-1.0010429902279618,525,1
58.801,0.45162237625670437,1.062737320580676,0.011707823791552422,0.878016868940884,0.02779728824428387,-0.7967991439558917,525,1
58.826,0.4721514220158642,1.0638529359804743,-0.005638390492478852,0.6952691811045559,0.01894050384140141,-0.5955083708520253,524,1
58.851,0.4863858353119302,1.063684345772746,-0.018067594751047026,0.5486566766609658,0.005996022834855793,-0.41663429987695605,525,1
58.876,0.4995842558489109,1.064152737122217,-0.026470105486325345,0.45841680020747266,0.019311178706512017,-0.2693294377398151,526,1
58.901,0.5093066753223058,1.0646499047080717,-0.03153406663803896,0.3023843708437688,-9.838654775328464e-06,-0.11977362539602554,526,1
58.926,0.5147034743911006,1.0641522451894783,-0.03245878675612731,0.1575784224048916,0.0036774335332447764,-0.04034147042392584,525,1
58.951,0.5171855964425499,1.064833776384734,-0.03355114015923507,0.08089460073795755,0.004165517998391503,-0.027827247142539396,526,1
58.976,0.5187482044279983,1.0643605210893978,-0.033850149113254235,-0.058217232928435815,-0.01262557598034136,-0.004857497856942948,524,1
59.001,0.5142747347961283,1.064202497585717,-0.03379401505208216,-0.21653224675727875,-0.0018971486056783052,-0.016979823747636732,526,1
59.026,0.5079215920901334,1.064265663659114,-0.03469914030063612,-0.3214328457546981,-0.01792279005032274,-0.01196127218750296,527,1
59.051,0.498203092508392,1.0633063580832007,-0.03439207866145724,-0.43985381527224365,-0.0310754483114568,0.0006062318496269715,527,1
59.076,0.4859289013265225,1.0627118912435412,-0.03466882870815497,-0.49922074788036847,-0.03351549866893424,-0.0108522383912752,524,1
59.101,0.473242055114375,1.0616305831497541,-0.03493469058102101,-0.5220851686910696,-0.04312195383311646,-0.01858486482089744,524,1
59.126,0.4598246428919705,1.0605557935518855,-0.03559807194919971,-0.5093480514996828,-0.08007685941268089,-0.05720785304860821,523,1
59.151,0.4477746525393887,1.0576267401791197,-0.03779508323345156,-0.4179920878001441,-0.11962964109894482,-0.061985122721329985,525,1
59.176,0.4389250385019615,1.0545743114969377,-0.03869732808526626,-0.29546167762564374,-0.12308793375328342,-0.051109630134161387,523,1
59.201,0.43300156865810735,1.051472343491456,-0.04035056474015943,-0.149790513477965,-0.14421400917660795,-0.08018705035592888,525,1
59.226,0.4314355128280637,1.0473636110381077,-0.04270668060306231,-0.027839456205667662,-0.16624435569554896,-0.09231434220929727,524,1
59.251,0.43160959584782405,1.043160125706679,-0.044966281850624,0.0570202475958266,-0.1812942313854938,-0.09788631597087925,524,1
59.276,0.43428652520785527,1.0382988994688322,-0.0476009964016066,0.18632149881654148,-0.19930966999852717,-0.11109746266178828,527,1
59.301,0.4409256707886519,1.0331946422067517,-0.05052115498371388,0.3295215058317678,-0.20777400069981705,-0.14887747472446436,526,1
59.326,0.4507626004994427,1.027910199433842,-0.05504487013782939,0.4451697242906991,-0.2194827330108265,-0.16490797258129902,526,1
59.351,0.4631841570031856,1.022220505556211,-0.0587665536127784,0.50875690407019,-0.24875223485100487,-0.1368487931414275,526,1
59.376,0.4762004457029508,1.0154725876912924,-0.061887309794900265,0.6158344351106367,-0.24410332309569377,-0.16822743032048124,526,1
59.401,0.49397587875872007,1.0100153394014253,-0.06717792512880322,0.7423793488557595,-0.2681530799729608,-0.19753736127770075,528,1
59.426,0.5133194131457419,1.0020649336926433,-0.07176417785878632,0.8564926029457841,-0.3161293961828384,-0.19067508114912732,530,1
59.451,0.5368005089060068,0.9942088695922843,-0.07671167918625922,0.967025374252814,-0.3308769772333264,-0.2222072581589922,534,1
59.476,0.5616706818583799,0.9855210848309779,-0.08287454076673537,1.0250213840576188,-0.31919129033148014,-0.24312609680886826,536,1
59.501,0.5880515781088849,0.9782493050757112,-0.08886798402670182,1.1397402308518805,-0.33578086752581027,-0.2393025368594577,539,1
59.526,0.6186576934009788,0.9687320414546859,-0.09483966760970915,1.206569438512472,-0.3832998157753937,-0.24556600454801586,541,1
59.551,0.6483800500345136,0.9590843142869399,-0.10114628425410348,1.2808027325192857,-0.3807152492172733,-0.26526839479840536,541,1
59.576,0.6826978300269394,0.9496962789938234,-0.10810308734962884,1.3915940807180451,-0.39914124855138505,-0.26398425245334145,541,1
59.601,0.7179597540704119,0.9391272518593717,-0.11434549687676997,1.4648625532308646,-0.4214000596621421,-0.26862489699171127,540,1
59.626,0.7559409576884785,0.9286262760107175,-0.12153433219921375,1.5597170219365577,-0.4381626074339033,-0.280892638146411,540,1
59.651,0.7959456051672464,0.9172191214876747,-0.12839012878409167,1.6169441799955229,-0.45825645608639975,-0.2953963478130298,541,1
59.676,0.8367881666882615,0.9057134532063955,-0.13630414958986653,1.705408646260708,-0.47153114638080157,-0.3241723071743958,541,1
59.701,0.881216037480277,0.893642564168636,-0.14459874414281063,1.8033282285824819,-0.4955690174624043,-0.32261341084190376,541,1
59.726,0.9269545781173805,0.8809350023332767,-0.15243482013196077,1.8561300558388905,-0.5251593422888999,-0.3061110234166083,540,1
59.751,0.9740225402722162,0.8673845970541925,-0.15990429531364014,1.9247247893302568,-0.5227692982715214,-0.2925598765298804,541,1
59.776,1.0231908175839015,0.8547965374196984,-0.1670628139584562,1.9933916492061232,-0.5522790971120513,-0.2993364081797367,540,1
59.801,1.073692122732531,0.8397706421985875,-0.17487111572262828,2.0696205304990234,-0.5737756197716719,-0.3016543026976664,541,1
59.826,1.1266718441088468,0.8261077564311164,-0.18214552909333848,2.148662393164942,-0.5790910039979864,-0.31503754387788535,540,1
59.851,1.1811252423907719,0.8108160919986899,-0.1906229929165217,2.187188631291015,-0.617660894193401,-0.3146221885100432,538,1
59.876,1.2360312756733913,0.7952247117214482,-0.1978766385188396,2.2535072055780367,-0.6044043931449323,-0.300884070829711,540,1
59.901,1.2938006026696833,0.7805958723414407,-0.2056671964580086,2.3486526260042813,-0.6438933779229911,-0.31477524711913657,540,1
59.926,1.3534639069736154,0.7630300428252959,-0.2136154008747978,2.390669758597477,-0.6553051881461998,-0.3042272034393352,540,1
59.951,1.4133340905995504,0.7478306129341326,-0.2208785566299746,2.430022664979075,-0.6443777219552127,-0.29838399825686956,538,1
59.976,1.4749650402225623,0.730811156727537,-0.22853460078764046,2.506421622598452,-0.6732539103686302,-0.28054679535956234,540,1
60.001,1.5386551717294659,0.714167917415703,-0.234905896397952,2.536954300508022,-0.6857890628697697,-0.23961117477656568,539,1
60.026,1.6018127552479742,0.6965217035840456,-0.24051515952646968,2.595133160385151,-0.7181926149542059,-0.26425084820261147,539,1
60.051,1.6684118297487345,0.6782582866679896,-0.24811843880808382,2.67918237467098,-0.7297601232244093,-0.2713739192118302,539,1
60.076,1.7357718739815156,0.6600336974228272,-0.2540838554870604,2.660360258155779,-0.7518609182752162,-0.25029277468674316,539,1
60.101,1.8014298426565158,0.6406652407542309,-0.26063307754242043,2.7294037057866567,-0.7793400905870039,-0.25930127446503504,540,1
60.126,1.8722420592708406,0.6210666928934793,-0.26704891921031165,2.7941196935741193,-0.7732184047581121,-0.2335545399314732,540,1
60.151,1.9411358273352337,0.602004320516322,-0.27231080453899487,2.6806252949635057,-0.7472788447753993,-0.2000863934293047,539,1
60.176,2.0062733240190274,0.5837027506547061,-0.27705323888177785,2.534638947602261,-0.7157267099302163,-0.18924063376796607,540,1
60.201,2.0678677747153396,0.5662179850198132,-0.28177283622739246,2.370397823387657,-0.6548376659894867,-0.1837963796821922,540,1
60.226,2.1247932151884035,0.5509608673552336,-0.2862430578658868,2.1896803670819054,-0.6010222191677648,-0.15686902253190918,540,1
60.251,2.1773517930694286,0.5361668740614267,-0.2896162873539874,2.030295049109676,-0.5871584919978533,-0.15348128679997267,540,1
60.276,2.226307967643896,0.5216029427553385,-0.293917122205886,1.9582469829782478,-0.5825572522433972,-0.17203339407589976,539,1
