t,x,y,yaw,vx,vy,yaw_rate
0.0,-2.4189999103546143,1.3539999723434448,0.0,0.0,0.0,0.0
0.01,-2.4189999103546143,1.3539999723434448,0.0,0.0,0.0,0.0
0.02,-2.4189999103546143,1.3539999723434448,0.0,0.0,0.0,0.0
0.030000000000000002,-2.4189999103546143,1.3539999723434448,0.0,0.0,0.0,0.0
0.04,-2.4189999103546143,1.3539999723434448,0.0,0.0,0.0,0.0
0.05,-2.4189999103546143,1.3539999723434448,0.0,0.0,0.0,0.0
0.060000000000000005,-2.4189999103546143,1.3539999723434448,0.0,0.0,0.0,0.0
0.07,-2.4189999103546143,1.3539999723434448,0.0,0.0,0.0,0.0
0.08,-2.4189999103546143,1.3539999723434448,0.0,0.0,0.0,0.0
0.09000000000000001,-2.4189999103546143,1.3539999723434448,0.0,0.0,0.0,0.0
0.1,-2.4189999103546143,1.3539999723434448,0.0,0.0,0.0,0.0
0.11,-2.4189999103546143,1.3539999723434448,0.0,0.0,0.0,0.0
0.12000000000000001,-2.4189999103546143,1.3539999723434448,0.0,0.0,0.0,0.0
0.13,-2.4189999103546143,1.3539999723434448,0.0,0.0,0.0,0.0
0.14,-2.4189999103546143,1.3539999723434448,0.0,0.0,0.0,0.0
0.15000000000000002,-2.4189999103546143,1.3539999723434448,0.0,0.0,0.0,0.0
0.16,-2.4189999103546143,1.3539999723434448,0.0,0.0,0.0,0.0
0.17,-2.4189999103546143,1.3539999723434448,0.0,0.0,0.0,0.0
0.18000000000000002,-2.4189999103546143,1.3539999723434448,0.0,0.0,0.0,0.0
0.19,-2.4189999103546143,1.3539999723434448,0.0,0.0,0.0,0.0
0.2,-2.4189999103546143,1.3539999723434448,0.0,0.0,0.0,0.0
0.21000000000000002,-2.4189999103546143,1.3539999723434448,0.0,0.0,0.0,0.0
0.22,-2.4189999103546143,1.3539999723434448,0.0,0.0,0.0,0.0
0.23,-2.4189999103546143,1.3539999723434448,0.0,0.0,0.0,0.0
0.24000000000000002,-2.4189999103546143,1.3539999723434448,0.0,0.0,0.0,0.0
0.25,-2.4189999103546143,1.3539999723434448,0.0,0.0,0.0,0.0
0.26,-2.4189999103546143,1.3539999723434448,0.0,0.0,0.0,0.0
0.27,-2.4189999103546143,1.3539999723434448,0.0,0.0,0.0,0.0
0.28,-2.4189999103546143,1.3539999723434448,0.0,0.0,0.0,0.0
0.29000000000000004,-2.4189999103546143,1.3539999723434448,0.0,0.0,0.0,0.0
0.30000000000000004,-2.4189999103546143,1.3539999723434448,0.0,0.0,0.0,0.0
0.31,-2.4189999103546143,1.3539999723434448,0.0,0.0,0.0,0.0
0.32,-2.4189999103546143,1.3539999723434448,0.0,0.0,0.0,0.0
0.33,-2.4189999103546143,1.3539999723434448,0.0,0.0,0.0,0.0
0.34,-2.4189999103546143,1.3539999723434448,0.0,0.0,0.0,0.0
0.35000000000000003,-2.4189999103546143,1.3539999723434448,0.0,0.0,0.0,0.0
0.36000000000000004,-2.4189999103546143,1.3539999723434448,0.0,0.0,0.0,0.0
0.37,-2.4189999103546143,1.3539999723434448,0.0,0.0,0.0,0.0
0.38,-2.4189999103546143,1.3539999723434448,0.0,0.0,0.0,0.0
0.39,-2.4189999103546143,1.3539999723434448,0.0,0.0,0.0,0.0
0.4,-2.4189999103546143,1.3539999723434448,0.0,0.0,0.0,0.0
0.41000000000000003,-2.4189999103546143,1.3539999723434448,0.0,0.0,0.0,0.0
0.42000000000000004,-2.4189999103546143,1.3539999723434448,0.0,0.0,0.0,0.0
0.43000000000000005,-2.4189999103546143,1.3539999723434448,0.0,0.0,0.0,0.0
0.44,-2.4189999103546143,1.3539999723434448,0.0,0.0,0.0,0.0
0.45,-2.4189999103546143,1.3539999723434448,0.0,0.0,0.0,0.0
0.46,-2.4189999103546143,1.3539999723434448,0.0,0.0,0.0,0.0
0.47000000000000003,-2.4189999103546143,1.3539999723434448,0.0,0.0,0.0,0.0
0.48000000000000004,-2.4189999103546143,1.3539999723434448,0.0,0.0,0.0,0.0
0.49000000000000005,-2.4189999103546143,1.3539999723434448,0.0,0.0,0.0,0.0
0.5,-2.4189999103546143,1.3539999723434448,0.0,0.0,0.0,0.0
0.51,-2.4189999103546143,1.3539999723434448,0.0,0.0,0.0,0.0
0.52,-2.4189999103546143,1.3539999723434448,0.0,0.0,0.0,0.0
0.53,-2.4189999103546143,1.3539999723434448,0.0,0.0,0.0,0.0
0.54,-2.4189999103546143,1.3539999723434448,0.0,0.0,0.0,0.0
0.55,-2.4189999103546143,1.3539999723434448,0.0,0.0,0.0,0.0
0.56,-2.4189999103546143,1.3539999723434448,0.0,0.0,0.0,0.0
0.5700000000000001,-2.4189999103546143,1.3539999723434448,0.0,0.0,0.0,0.0
0.5800000000000001,-2.4189999103546143,1.3539999723434448,0.0,0.0,0.0,0.0
0.5900000000000001,-2.4189999103546143,1.3539999723434448,0.0,0.0,0.0,0.0
0.6000000000000001,-2.4189999103546143,1.3539999723434448,0.0,0.0,0.0,0.0
0.61,-2.4189999103546143,1.3539999723434448,0.0,0.0,0.0,0.0
0.62,-2.4189999103546143,1.3539999723434448,0.0,0.0,0.0,0.0
0.63,-2.4189999103546143,1.3539999723434448,0.0,0.0,0.0,0.0
0.64,-2.4189999103546143,1.3539999723434448,0.0,0.0,0.0,0.0
0.65,-2.4189999103546143,1.3539999723434448,0.0,0.0,0.0,0.0
0.66,-2.4189999103546143,1.3539999723434448,0.0,0.0,0.0,0.0
0.67,-2.4189999103546143,1.3539999723434448,0.0,0.0,0.0,0.0
0.68,-2.4189999103546143,1.3539999723434448,0.0,0.0,0.0,0.0
0.6900000000000001,-2.4189999103546143,1.3539999723434448,0.0,0.0,0.0,0.0
0.7000000000000001,-2.4189999103546143,1.3539999723434448,0.0,0.0,0.0,0.0
0.7100000000000001,-2.4189999103546143,1.3539999723434448,0.0,0.0,0.0,0.0
0.7200000000000001,-2.4189999103546143,1.3539999723434448,0.0,0.0,0.0,0.0
0.7300000000000001,-2.4189999103546143,1.3539999723434448,0.0,0.0,0.0,0.0
0.74,-2.4189999103546143,1.3539999723434448,0.0,0.0,0.0,0.0
0.75,-2.4189999103546143,1.3539999723434448,0.0,0.0,0.0,0.0
0.76,-2.4189999103546143,1.3539999723434448,0.0,0.0,0.0,0.0
0.77,-2.4189999103546143,1.3539999723434448,0.0,0.0,0.0,0.0
0.78,-2.4189999103546143,1.3539999723434448,0.0,0.0,0.0,0.0
0.79,-2.4189999103546143,1.3539999723434448,0.0,0.0,0.0,0.0
0.8,-2.4189999103546143,1.3539999723434448,0.0,0.0,0.0,0.0
0.81,-2.4189999103546143,1.3539999723434448,0.0,0.0,0.0,0.0
0.8200000000000001,-2.4189999103546143,1.3539999723434448,0.0,0.0,0.0,0.0
0.8300000000000001,-2.4189999103546143,1.3539999723434448,0.0,0.0,0.0,0.0
0.8400000000000001,-2.4189999103546143,1.3539999723434448,0.0,0.0,0.0,0.0
0.8500000000000001,-2.4189999103546143,1.3539999723434448,0.0,0.0,0.0,0.0
0.8600000000000001,-2.4189999103546143,1.3539999723434448,0.0,0.0,0.0,0.0
0.8700000000000001,-2.4189999103546143,1.3539999723434448,0.0,0.0,0.0,0.0
0.88,-2.4189999103546143,1.3539999723434448,0.0,0.0,0.0,0.0
0.89,-2.4189999103546143,1.3539999723434448,0.0,0.0,0.0,0.0
0.9,-2.4189999103546143,1.3539999723434448,0.0,0.0,0.0,0.0
0.91,-2.4189999103546143,1.3539999723434448,0.0,0.0,0.0,0.0
0.92,-2.4189999103546143,1.3539999723434448,0.0,0.0,0.0,0.0
0.93,-2.4189999103546143,1.3539999723434448,0.0,0.0,0.0,0.0
0.9400000000000001,-2.4189999103546143,1.3539999723434448,0.0,0.0,0.0,0.0
0.9500000000000001,-2.4189999103546143,1.3539999723434448,0.0,0.0,0.0,0.0
0.9600000000000001,-2.4189999103546143,1.3539999723434448,0.0,0.0,0.0,0.0
0.9700000000000001,-2.4189999103546143,1.3539999723434448,0.0,0.0,0.0,0.0
0.9800000000000001,-2.4189999103546143,1.3539999723434448,0.0,0.0,0.0,0.0
0.9900000000000001,-2.4189999103546143,1.3539999723434448,0.0,0.0,0.0,0.0
1.0,-2.4189999103546143,1.3539999723434448,0.0,0.0,0.0,0.0
1.01,-2.4189999103546143,1.3539999723434448,0.0,0.0,0.0,0.0
1.02,-2.4189999103546143,1.3539999723434448,0.0,0.0,0.0,0.0
1.03,-2.4189999103546143,1.3539999723434448,0.0,0.0,0.0,0.0
1.04,-2.4189999103546143,1.3539999723434448,0.0,0.0,0.0,0.0
1.05,-2.4189999103546143,1.3539999723434448,0.0,0.0,0.0,0.0
1.06,-2.4189999103546143,1.3539999723434448,0.0,0.0,0.0,0.0
1.07,-2.4189999103546143,1.3539999723434448,0.0,0.0,0.0,0.0
1.08,-2.4189999103546143,1.3539999723434448,0.0,0.0,0.0,0.0
1.09,-2.4189999103546143,1.3539999723434448,0.0,0.0,0.0,0.0
1.1,-2.4189999103546143,1.3539999723434448,0.0,0.0,0.0,0.0
1.11,-2.4189999103546143,1.3539999723434448,0.0,0.0,0.0,0.0
1.12,-2.4189999103546143,1.3539999723434448,0.0,0.0,0.0,0.0
1.13,-2.4189999103546143,1.3539999723434448,0.0,0.0,0.0,0.0
1.1400000000000001,-2.4189999103546143,1.3539999723434448,0.0,0.0,0.0,0.0
1.15,-2.4189999103546143,1.3539999723434448,0.0,0.0,0.0,0.0
1.16,-2.4189999103546143,1.3539999723434448,0.0,0.0,0.0,0.0
1.17,-2.4189999103546143,1.3539999723434448,0.0,0.0,0.0,0.0
1.18,-2.4189999103546143,1.3539999723434448,0.0,0.0,0.0,0.0
1.19,-2.4189999103546143,1.3539999723434448,0.0,0.0,0.0,0.0
1.2,-2.4189999103546143,1.3539999723434448,0.0,0.0,0.0,0.0
1.21,-2.4189999103546143,1.3539999723434448,0.0,0.0,0.0,0.0
1.22,-2.4189999103546143,1.3539999723434448,0.0,0.0,0.0,0.0
1.23,-2.4189999103546143,1.3539999723434448,0.0,0.0,0.0,0.0
1.24,-2.4189999103546143,1.3539999723434448,0.0,0.0,0.0,0.0
1.25,-2.4189999103546143,1.3539999723434448,0.0,0.0,0.0,0.0
1.26,-2.4189999103546143,1.3539999723434448,0.0,0.0,0.0,0.0
1.27,-2.4189999103546143,1.3539999723434448,0.0,0.0,0.0,0.0
1.28,-2.4189999103546143,1.3539999723434448,0.0,0.0,0.0,0.0
1.29,-2.4189999103546143,1.3539999723434448,0.0,0.0,0.0,0.0
1.3,-2.4189999103546143,1.3539999723434448,0.0,0.0,0.0,0.0
1.31,-2.4189999103546143,1.3539999723434448,0.0,0.0,0.0,0.0
1.32,-2.4189999103546143,1.3539999723434448,0.0,0.0,0.0,0.0
1.33,-2.4189999103546143,1.3539999723434448,0.0,0.0,0.0,0.0
1.34,-2.4189999103546143,1.3539999723434448,0.0,0.0,0.0,0.0
1.35,-2.4189999103546143,1.3539999723434448,0.0,0.0,0.0,0.0
1.36,-2.4189999103546143,1.3539999723434448,0.0,0.0,0.0,0.0
1.37,-2.4189999103546143,1.3539999723434448,0.0,0.0,0.0,0.0
1.38,-2.4189999103546143,1.3539999723434448,0.0,0.0,0.0,0.0
1.3900000000000001,-2.4189999103546143,1.3539999723434448,0.0,0.0,0.0,0.0
1.4,-2.4189999103546143,1.3539999723434448,0.0,0.0,0.0,0.0
1.4100000000000001,-2.4189999103546143,1.3539999723434448,0.0,0.0,0.0,0.0
1.42,-2.4189999103546143,1.3539999723434448,0.0,0.0,0.0,0.0
1.4300000000000002,-2.4189999103546143,1.3539999723434448,0.0,0.0,0.0,0.0
1.44,-2.4189999103546143,1.3539999723434448,0.0,0.0,0.0,0.0
1.45,-2.4189999103546143,1.3539999723434448,0.0,0.0,0.0,0.0
1.46,-2.4189999103546143,1.3539999723434448,0.0,0.0,0.0,0.0
1.47,-2.4189999103546143,1.3539999723434448,0.0,0.0,0.0,0.0
1.48,-2.4189999103546143,1.3539999723434448,0.0,0.0,0.0,0.0
1.49,-2.4189999103546143,1.3539999723434448,0.0,0.0,0.0,0.0
1.5,-2.4189999103546143,1.3539999723434448,0.0,0.0,0.0,0.0
1.51,-2.4189999103546143,1.3539999723434448,0.0,0.0,0.0,0.0
1.52,-2.4189999103546143,1.3539999723434448,0.0,0.0,0.0,0.0
1.53,-2.4189999103546143,1.3539999723434448,0.0,0.0,0.0,0.0
1.54,-2.4189999103546143,1.3539999723434448,0.0,0.0,0.0,0.0
1.55,-2.4189999103546143,1.3539999723434448,0.0,0.0,0.0,0.0
1.56,-2.4189999103546143,1.3539999723434448,0.0,0.0,0.0,0.0
1.57,-2.4189999103546143,1.3539999723434448,0.0,0.0,0.0,0.0
1.58,-2.4189999103546143,1.3539999723434448,0.0,0.0,0.0,0.0
1.59,-2.4189999103546143,1.3539999723434448,0.0,0.0,0.0,0.0
1.6,-2.4189999103546143,1.3539999723434448,0.0,0.0,0.0,0.0
1.6099999999999999,-2.4189999103546143,1.3539999723434448,0.0,0.0,0.0,0.0
1.62,-2.4189999103546143,1.3539999723434448,0.0,0.0,0.0,0.0
1.63,-2.4189999103546143,1.3539999723434448,0.0,0.0,0.0,0.0
1.6400000000000001,-2.4189999103546143,1.3539999723434448,0.0,0.0,0.0,0.0
1.65,-2.4189999103546143,1.3539999723434448,0.0,0.0,0.0,0.0
1.6600000000000001,-2.4189999103546143,1.3539999723434448,0.0,0.0,0.0,0.0
1.67,-2.4189999103546143,1.3539999723434448,0.0,0.0,0.0,0.0
1.6800000000000002,-2.4189999103546143,1.3539999723434448,0.0,0.0,0.0,0.0
1.69,-2.4189999103546143,1.3539999723434448,0.0,0.0,0.0,0.0
1.7000000000000002,-2.4189999103546143,1.3539999723434448,0.0,0.0,0.0,0.0
1.71,-2.4189999103546143,1.3539999723434448,0.0,0.0,0.0,0.0
1.7200000000000002,-2.4189999103546143,1.3539999723434448,0.0,0.0,0.0,0.0
1.73,-2.4189999103546143,1.3539999723434448,0.0,0.0,0.0,0.0
1.74,-2.4189999103546143,1.3539999723434448,0.0,0.0,0.0,0.0
1.75,-2.4189999103546143,1.3539999723434448,0.0,0.0,0.0,0.0
1.76,-2.4189999103546143,1.3539999723434448,0.0,0.0,0.0,0.0
1.77,-2.4189999103546143,1.3539999723434448,0.0,0.0,0.0,0.0
1.78,-2.4189999103546143,1.3539999723434448,0.0,0.0,0.0,0.0
1.79,-2.4189999103546143,1.3539999723434448,0.0,0.0,0.0,0.0
1.8,-2.4189999103546143,1.3539999723434448,0.0,0.0,0.0,0.0
1.81,-2.4189999103546143,1.3539999723434448,0.0,0.0,0.0,0.0
1.82,-2.4189999103546143,1.3539999723434448,0.0,0.0,0.0,0.0
1.83,-2.4189999103546143,1.3539999723434448,0.0,0.0,0.0,0.0
1.84,-2.4189999103546143,1.3539999723434448,0.0,0.0,0.0,0.0
1.85,-2.4189999103546143,1.3539999723434448,0.0,0.0,0.0,0.0
1.86,-2.4189999103546143,1.3539999723434448,0.0,0.0,0.0,0.0
1.87,-2.4189999103546143,1.3539999723434448,0.0,0.0,0.0,0.0
1.88,-2.4189999103546143,1.3539999723434448,0.0,0.0,0.0,0.0
1.8900000000000001,-2.4189999103546143,1.3539999723434448,0.0,0.0,0.0,0.0
1.9,-2.4189999103546143,1.3539999723434448,0.0,0.0,0.0,0.0
1.9100000000000001,-2.4189999103546143,1.3539999723434448,0.0,0.0,0.0,0.0
1.92,-2.4189999103546143,1.3539999723434448,0.0,0.0,0.0,0.0
1.9300000000000002,-2.4189999103546143,1.3539999723434448,0.0,0.0,0.0,0.0
1.94,-2.4189999103546143,1.3539999723434448,0.0,0.0,0.0,0.0
1.9500000000000002,-2.4189999103546143,1.3539999723434448,0.0,0.0,0.0,0.0
1.96,-2.4189999103546143,1.3539999723434448,0.0,0.0,0.0,0.0
1.9700000000000002,-2.4189999103546143,1.3539999723434448,0.0,0.0,0.0,0.0
1.98,-2.4189999103546143,1.3539999723434448,0.0,0.0,0.0,0.0
1.9900000000000002,-2.4189999103546143,1.3539999723434448,0.0,0.0,0.0,0.0
2.0,-2.4189999103546143,1.3539999723434448,0.0,0.0,0.0,0.0
2.01,-2.4189999103546143,1.3539999723434448,0.0,0.0,0.0,0.0
2.02,-2.4189999103546143,1.3539999723434448,0.0,0.0,0.0,0.0
2.03,-2.4189999103546143,1.3539999723434448,0.0,0.0,0.0,0.0
2.04,-2.4189999103546143,1.3539999723434448,0.0,0.0,0.0,0.0
2.05,-2.4189999103546143,1.3539999723434448,0.0,0.0,0.0,0.0
2.06,-2.4189999103546143,1.3539999723434448,0.0,0.0,0.0,0.0
2.07,-2.4189999103546143,1.3539999723434448,0.0,0.0,0.0,0.0
2.08,-2.4189999103546143,1.3539999723434448,0.0,0.0,0.0,0.0
2.09,-2.4189999103546143,1.3539999723434448,0.0,0.0,0.0,0.0
2.1,-2.4189999103546143,1.3539999723434448,0.0,0.0,0.0,0.0
2.11,-2.4189999103546143,1.3539999723434448,0.0,0.0,0.0,0.0
2.12,-2.4189999103546143,1.3539999723434448,0.0,0.0,0.0,0.0
2.13,-2.4189999103546143,1.3539999723434448,0.0,0.0,0.0,0.0
2.14,-2.4189999103546143,1.3539999723434448,0.0,0.0,0.0,0.0
2.15,-2.4189999103546143,1.3539999723434448,0.0,0.0,0.0,0.0
2.16,-2.4189999103546143,1.3539999723434448,0.0,0.0,0.0,0.0
2.17,-2.4189999103546143,1.3539999723434448,0.0,0.0,0.0,0.0
2.18,-2.4189999103546143,1.3539999723434448,0.0,0.0,0.0,0.0
2.19,-2.4189999103546143,1.3539999723434448,0.0,0.0,0.0,0.0
2.2,-2.4189999103546143,1.3539999723434448,0.0,0.0,0.0,0.0
2.21,-2.4189999103546143,1.3539999723434448,0.0,0.0,0.0,0.0
2.22,-2.4189999103546143,1.3539999723434448,0.0,0.0,0.0,0.0
2.23,-2.4189999103546143,1.3539999723434448,0.0,0.0,0.0,0.0
2.24,-2.4189999103546143,1.3539999723434448,0.0,0.0,0.0,0.0
2.25,-2.4189999103546143,1.3539999723434448,0.0,0.0,0.0,0.0
2.26,-2.4189999103546143,1.3539999723434448,0.0,0.0,0.0,0.0
2.27,-2.4189999103546143,1.3539999723434448,0.0,0.0,0.0,0.0
2.2800000000000002,-2.4189999103546143,1.3539999723434448,0.0,0.0,0.0,0.0
2.29,-2.4189999103546143,1.3539999723434448,0.0,0.0,0.0,0.0
2.3,-2.4189999103546143,1.3539999723434448,0.0,0.0,0.0,0.0
2.31,-2.4189999103546143,1.3539999723434448,0.0,0.0,0.0,0.0
2.32,-2.4189999103546143,1.3539999723434448,0.0,0.0,0.0,0.0
2.33,-2.4189999103546143,1.3539999723434448,0.0,0.0,0.0,0.0
2.34,-2.4189999103546143,1.3539999723434448,0.0,0.0,0.0,0.0
2.35,-2.4189999103546143,1.3539999723434448,0.0,0.0,0.0,0.0
2.36,-2.4189999103546143,1.3539999723434448,0.0,0.0,0.0,0.0
2.37,-2.4189999103546143,1.3539999723434448,0.0,0.0,0.0,0.0
2.38,-2.4189999103546143,1.3539999723434448,0.0,0.0,0.0,0.0
2.39,-2.4189999103546143,1.3539999723434448,0.0,0.0,0.0,0.0
2.4,-2.4189999103546143,1.3539999723434448,0.0,0.0,0.0,0.0
2.41,-2.4189999103546143,1.3539999723434448,0.0,0.0,0.0,0.0
2.42,-2.4189999103546143,1.3539999723434448,0.0,0.0,0.0,0.0
2.43,-2.4189999103546143,1.3539999723434448,0.0,0.0,0.0,0.0
2.44,-2.4189999103546143,1.3539999723434448,0.0,0.0,0.0,0.0
2.45,-2.4189999103546143,1.3539999723434448,0.0,0.0,0.0,0.0
2.46,-2.4189999103546143,1.3539999723434448,0.0,0.0,0.0,0.0
2.47,-2.4189999103546143,1.3539999723434448,0.0,0.0,0.0,0.0
2.48,-2.4189999103546143,1.3539999723434448,0.0,0.0,0.0,0.0
2.49,-2.4189999103546143,1.3539999723434448,0.0,0.0,0.0,0.0
2.5,-2.4189999103546143,1.3539999723434448,0.0,0.0,0.0,0.0
2.51,-2.4189999103546143,1.3539999723434448,0.0,0.0,0.0,0.0
2.52,-2.4189999103546143,1.3539999723434448,0.0,0.0,0.0,0.0
2.5300000000000002,-2.4189999103546143,1.3539999723434448,0.0,0.0,0.0,0.0
2.54,-2.4189999103546143,1.3539999723434448,0.0,0.0,0.0,0.0
2.55,-2.4189999103546143,1.3539999723434448,0.0,0.0,0.0,0.0
2.56,-2.4189999103546143,1.3539999723434448,0.0,0.0,0.0,0.0
2.5700000000000003,-2.4189999103546143,1.3539999723434448,0.0,0.0,0.0,0.0
2.58,-2.4189999103546143,1.3539999723434448,0.0,0.0,0.0,0.0
2.59,-2.4189999103546143,1.3539999723434448,0.0,0.0,0.0,0.0
2.6,-2.4189999103546143,1.3539999723434448,0.0,0.0,0.0,0.0
2.61,-2.4189999103546143,1.3539999723434448,0.0,0.0,0.0,0.0
2.62,-2.4189999103546143,1.3539999723434448,0.0,0.0,0.0,0.0
2.63,-2.4189999103546143,1.3539999723434448,0.0,0.0,0.0,0.0
2.64,-2.4189999103546143,1.3539999723434448,0.0,0.0,0.0,0.0
2.65,-2.4189999103546143,1.3539999723434448,0.0,0.0,0.0,0.0
2.66,-2.4189999103546143,1.3539999723434448,0.0,0.0,0.0,0.0
2.67,-2.4189999103546143,1.3539999723434448,0.0,0.0,0.0,0.0
2.68,-2.4189999103546143,1.3539999723434448,0.0,0.0,0.0,0.0
2.69,-2.4189999103546143,1.3539999723434448,0.0,0.0,0.0,0.0
2.7,-2.4189999103546143,1.3539999723434448,0.0,0.0,0.0,0.0
2.71,-2.4189999103546143,1.3539999723434448,0.0,0.0,0.0,0.0
2.72,-2.4189999103546143,1.3539999723434448,0.0,0.0,0.0,0.0
2.73,-2.4189999103546143,1.3539999723434448,0.0,0.0,0.0,0.0
2.74,-2.4189999103546143,1.3539999723434448,0.0,0.0,0.0,0.0
2.75,-2.4189999103546143,1.3539999723434448,0.0,0.0,0.0,0.0
2.76,-2.4189999103546143,1.3539999723434448,0.0,0.0,0.0,0.0
2.77,-2.4189999103546143,1.3539999723434448,0.0,0.0,0.0,0.0
2.7800000000000002,-2.4189999103546143,1.3539999723434448,0.0,0.0,0.0,0.0
2.79,-2.4189999103546143,1.3539999723434448,0.0,0.0,0.0,0.0
2.8,-2.4189999103546143,1.3539999723434448,0.0,0.0,0.0,0.0
2.81,-2.4189999103546143,1.3539999723434448,0.0,0.0,0.0,0.0
2.8200000000000003,-2.4189999103546143,1.3539999723434448,0.0,0.0,0.0,0.0
2.83,-2.4189999103546143,1.3539999723434448,0.0,0.0,0.0,0.0
2.84,-2.4189999103546143,1.3539999723434448,0.0,0.0,0.0,0.0
2.85,-2.4189999103546143,1.3539999723434448,0.0,0.0,0.0,0.0
2.8600000000000003,-2.4189999103546143,1.3539999723434448,0.0,0.0,0.0,0.0
2.87,-2.4189999103546143,1.3539999723434448,0.0,0.0,0.0,0.0
2.88,-2.4189999103546143,1.3539999723434448,0.0,0.0,0.0,0.0
2.89,-2.4189999103546143,1.3539999723434448,0.0,0.0,0.0,0.0
2.9,-2.4189999103546143,1.3539999723434448,0.0,0.0,0.0,0.0
2.91,-2.4189999103546143,1.3539999723434448,0.0,0.0,0.0,0.0
2.92,-2.4189999103546143,1.3539999723434448,0.0,0.0,0.0,0.0
2.93,-2.4189999103546143,1.3539999723434448,0.0,0.0,0.0,0.0
2.94,-2.4189999103546143,1.3539999723434448,0.0,0.0,0.0,0.0
2.95,-2.4189999103546143,1.3539999723434448,0.0,0.0,0.0,0.0
2.96,-2.4189999103546143,1.3539999723434448,0.0,0.0,0.0,0.0
2.97,-2.4189999103546143,1.3539999723434448,0.0,0.0,0.0,0.0
2.98,-2.4189999103546143,1.3539999723434448,0.0,0.0,0.0,0.0
2.99,-2.4189999103546143,1.3539999723434448,0.0,0.0,0.0,0.0
3.0,-2.4189999103546143,1.3539999723434448,0.0,0.0,0.0,0.0
3.01,-2.4189999103546143,1.3539999723434448,0.0,0.0,0.0,0.0
3.02,-2.4189999103546143,1.3539999723434448,0.0,0.0,0.0,0.0
3.03,-2.4189999103546143,1.3539999723434448,0.0,0.0,0.0,0.0
3.04,-2.4189999103546143,1.3539999723434448,0.0,0.0,0.0,0.0
3.05,-2.4189999103546143,1.3539999723434448,0.0,0.0,0.0,0.0
3.06,-2.4189999103546143,1.3539999723434448,0.0,0.0,0.0,0.0
3.07,-2.4189999103546143,1.3539999723434448,0.0,0.0,0.0,0.0
3.08,-2.4189999103546143,1.3539999723434448,0.0,0.0,0.0,0.0
3.09,-2.4189999103546143,1.3539999723434448,0.0,0.0,0.0,0.0
3.1,-2.4189999103546143,1.3539999723434448,0.0,0.0,0.0,0.0
3.11,-2.4189999103546143,1.3539999723434448,0.0,0.0,0.0,0.0
3.12,-2.4189999103546143,1.3539999723434448,0.0,0.0,0.0,0.0
3.13,-2.4189999103546143,1.3539999723434448,0.0,0.0,0.0,0.0
3.14,-2.4189999103546143,1.3539999723434448,0.0,0.0,0.0,0.0
3.15,-2.4189999103546143,1.3539999723434448,0.0,0.0,0.0,0.0
3.16,-2.4189999103546143,1.3539999723434448,0.0,0.0,0.0,0.0
3.17,-2.4189999103546143,1.3539999723434448,0.0,0.0,0.0,0.0
3.18,-2.4189999103546143,1.3539999723434448,0.0,0.0,0.0,0.0
3.19,-2.4189999103546143,1.3539999723434448,0.0,0.0,0.0,0.0
3.2,-2.4189999103546143,1.3539999723434448,0.0,0.0,0.0,0.0
3.21,-2.4189999103546143,1.3539999723434448,0.0,0.0,0.0,0.0
3.22,-2.4189999103546143,1.3539999723434448,0.0,0.0,0.0,0.0
3.23,-2.4189999103546143,1.3539999723434448,0.0,0.0,0.0,0.0
3.24,-2.4189999103546143,1.3539999723434448,0.0,0.0,0.0,0.0
3.25,-2.4189999103546143,1.3539999723434448,0.0,0.0,0.0,0.0
3.26,-2.4189999103546143,1.3539999723434448,0.0,0.0,0.0,0.0
3.27,-2.4189999103546143,1.3539999723434448,0.0,0.0,0.0,0.0
3.2800000000000002,-2.4189999103546143,1.3539999723434448,0.0,0.0,0.0,0.0
3.29,-2.4189999103546143,1.3539999723434448,0.0,0.0,0.0,0.0
3.3,-2.4189999103546143,1.3539999723434448,0.0,0.0,0.0,0.0
3.31,-2.4189999103546143,1.3539999723434448,0.0,0.0,0.0,0.0
3.32,-2.4189999103546143,1.3539999723434448,0.0,0.0,0.0,0.0
3.33,-2.4189999103546143,1.3539999723434448,0.0,0.0,0.0,0.0
3.34,-2.4189999103546143,1.3539999723434448,0.0,0.0,0.0,0.0
3.35,-2.4189999103546143,1.3539999723434448,0.0,0.0,0.0,0.0
3.36,-2.4189999103546143,1.3539999723434448,0.0,0.0,0.0,0.0
3.37,-2.4189999103546143,1.3539999723434448,0.0,0.0,0.0,0.0
3.38,-2.4189999103546143,1.3539999723434448,0.0,0.0,0.0,0.0
3.39,-2.4189999103546143,1.3539999723434448,0.0,0.0,0.0,0.0
3.4,-2.4189999103546143,1.3539999723434448,0.0,0.0,0.0,0.0
3.41,-2.4189999103546143,1.3539999723434448,0.0,0.0,0.0,0.0
3.42,-2.4189999103546143,1.3539999723434448,0.0,0.0,0.0,0.0
3.43,-2.4189999103546143,1.3539999723434448,0.0,0.0,0.0,0.0
3.44,-2.4189999103546143,1.3539999723434448,0.0,0.0,0.0,0.0
3.45,-2.4189999103546143,1.3539999723434448,0.0,0.0,0.0,0.0
3.46,-2.4189999103546143,1.3539999723434448,0.0,0.0,0.0,0.0
3.47,-2.4189999103546143,1.3539999723434448,0.0,0.0,0.0,0.0
3.48,-2.4189999103546143,1.3539999723434448,0.0,0.0,0.0,0.0
3.49,-2.4189999103546143,1.3539999723434448,0.0,0.0,0.0,0.0
3.5,-2.4189999103546143,1.3539999723434448,0.0,0.0,0.0,0.0
3.51,-2.4189999103546143,1.3539999723434448,0.0,0.0,0.0,0.0
3.52,-2.4189999103546143,1.3539999723434448,0.0,0.0,0.0,0.0
3.5300000000000002,-2.4189999103546143,1.3539999723434448,0.0,0.0,0.0,0.0
3.54,-2.4189999103546143,1.3539999723434448,0.0,0.0,0.0,0.0
3.55,-2.4189999103546143,1.3539999723434448,0.0,0.0,0.0,0.0
3.56,-2.4189999103546143,1.3539999723434448,0.0,0.0,0.0,0.0
3.5700000000000003,-2.4189999103546143,1.3539999723434448,0.0,0.0,0.0,0.0
3.58,-2.4189999103546143,1.3539999723434448,0.0,0.0,0.0,0.0
3.59,-2.4189999103546143,1.3539999723434448,0.0,0.0,0.0,0.0
3.6,-2.4189999103546143,1.3539999723434448,0.0,0.0,0.0,0.0
3.61,-2.4189999103546143,1.3539999723434448,0.0,0.0,0.0,0.0
3.62,-2.4189999103546143,1.3539999723434448,0.0,0.0,0.0,0.0
3.63,-2.4189999103546143,1.3539999723434448,0.0,0.0,0.0,0.0
3.64,-2.4189999103546143,1.3539999723434448,0.0,0.0,0.0,0.0
3.65,-2.4189999103546143,1.3539999723434448,0.0,0.0,0.0,0.0
3.66,-2.4189999103546143,1.3539999723434448,0.0,0.0,0.0,0.0
3.67,-2.4189999103546143,1.3539999723434448,0.0,0.0,0.0,0.0
3.68,-2.4189999103546143,1.3539999723434448,0.0,0.0,0.0,0.0
3.69,-2.4189999103546143,1.3539999723434448,0.0,0.0,0.0,0.0
3.7,-2.4189999103546143,1.3539999723434448,0.0,0.0,0.0,0.0
3.71,-2.4189999103546143,1.3539999723434448,0.0,0.0,0.0,0.0
3.72,-2.4189999103546143,1.3539999723434448,0.0,0.0,0.0,0.0
3.73,-2.4189999103546143,1.3539999723434448,0.0,0.0,0.0,0.0
3.74,-2.4189999103546143,1.3539999723434448,0.0,0.0,0.0,0.0
3.75,-2.4189999103546143,1.3539999723434448,0.0,0.0,0.0,0.0
3.76,-2.4189999103546143,1.3539999723434448,0.0,0.0,0.0,0.0
3.77,-2.4189999103546143,1.3539999723434448,0.0,0.0,0.0,0.0
3.7800000000000002,-2.4189999103546143,1.3539999723434448,0.0,0.0,0.0,0.0
3.79,-2.4189999103546143,1.3539999723434448,0.0,0.0,0.0,0.0
3.8,-2.4189999103546143,1.3539999723434448,0.0,0.0,0.0,0.0
3.81,-2.4189999103546143,1.3539999723434448,0.0,0.0,0.0,0.0
3.8200000000000003,-2.4189999103546143,1.3539999723434448,0.0,0.0,0.0,0.0
3.83,-2.4189999103546143,1.3539999723434448,0.0,0.0,0.0,0.0
3.84,-2.4189999103546143,1.3539999723434448,0.0,0.0,0.0,0.0
3.85,-2.4189999103546143,1.3539999723434448,0.0,0.0,0.0,0.0
3.8600000000000003,-2.4189999103546143,1.3539999723434448,0.0,0.0,0.0,0.0
3.87,-2.4189999103546143,1.3539999723434448,0.0,0.0,0.0,0.0
3.88,-2.4189999103546143,1.3539999723434448,0.0,0.0,0.0,0.0
3.89,-2.4189999103546143,1.3539999723434448,0.0,0.0,0.0,0.0
3.9,-2.4189999103546143,1.3539999723434448,0.0,0.0,0.0,0.0
3.91,-2.4189999103546143,1.3539999723434448,0.0,0.0,0.0,0.0
3.92,-2.4189999103546143,1.3539999723434448,0.0,0.0,0.0,0.0
3.93,-2.4189999103546143,1.3539999723434448,0.0,0.0,0.0,0.0
3.94,-2.4189999103546143,1.3539999723434448,0.0,0.0,0.0,0.0
3.95,-2.4189999103546143,1.3539999723434448,0.0,0.0,0.0,0.0
3.96,-2.4189999103546143,1.3539999723434448,0.0,0.0,0.0,0.0
3.97,-2.4189999103546143,1.3539999723434448,0.0,0.0,0.0,0.0
3.98,-2.4189999103546143,1.3539999723434448,0.0,0.0,0.0,0.0
3.99,-2.4189999103546143,1.3539999723434448,0.0,0.0,0.0,0.0
4.0,-2.4189999103546143,1.3539999723434448,0.0,0.0,0.0,0.0
4.01,-2.4189999103546143,1.3539999723434448,0.0,0.0,0.0,0.0
4.02,-2.4189999103546143,1.3539999723434448,0.0,0.0,0.0,0.0
4.03,-2.4189999103546143,1.3539999723434448,0.0,0.0,0.0,0.0
4.04,-2.4189999103546143,1.3539999723434448,0.0,0.0,0.0,0.0
4.05,-2.4189999103546143,1.3539999723434448,0.0,0.0,0.0,0.0
4.06,-2.4189999103546143,1.3539999723434448,0.0,0.0,0.0,0.0
4.07,-2.4189999103546143,1.3539999723434448,0.0,0.0,0.0,0.0
4.08,-2.4189999103546143,1.3539999723434448,0.0,0.0,0.0,0.0
4.09,-2.4189999103546143,1.3539999723434448,0.0,0.0,0.0,0.0
4.1,-2.4189999103546143,1.3539999723434448,0.0,0.0,0.0,0.0
4.11,-2.4189999103546143,1.3539999723434448,0.0,0.0,0.0,0.0
4.12,-2.4189999103546143,1.3539999723434448,0.0,0.0,0.0,0.0
4.13,-2.4189999103546143,1.3539999723434448,0.0,0.0,0.0,0.0
4.14,-2.4189999103546143,1.3539999723434448,0.0,0.0,0.0,0.0
4.15,-2.4189999103546143,1.3539999723434448,0.0,0.0,0.0,0.0
4.16,-2.4189999103546143,1.3539999723434448,0.0,0.0,0.0,0.0
4.17,-2.4189999103546143,1.3539999723434448,0.0,0.0,0.0,0.0
4.18,-2.4189999103546143,1.3539999723434448,0.0,0.0,0.0,0.0
4.19,-2.4189999103546143,1.3539999723434448,0.0,0.0,0.0,0.0
4.2,-2.4189999103546143,1.3539999723434448,0.0,0.0,0.0,0.0
4.21,-2.4189999103546143,1.3539999723434448,0.0,0.0,0.0,0.0
4.22,-2.4189999103546143,1.3539999723434448,0.0,0.0,0.0,0.0
4.23,-2.4189999103546143,1.3539999723434448,0.0,0.0,0.0,0.0
4.24,-2.4189999103546143,1.3539999723434448,0.0,0.0,0.0,0.0
4.25,-2.4189999103546143,1.3539999723434448,0.0,0.0,0.0,0.0
4.26,-2.4189999103546143,1.3539999723434448,0.0,0.0,0.0,0.0
4.27,-2.4189999103546143,1.3539999723434448,0.0,0.0,0.0,0.0
4.28,-2.4189999103546143,1.3539999723434448,0.0,0.0,0.0,0.0
4.29,-2.4189999103546143,1.3539999723434448,0.0,0.0,0.0,0.0
4.3,-2.4189999103546143,1.3539999723434448,0.0,0.0,0.0,0.0
4.31,-2.4189999103546143,1.3539999723434448,0.0,0.0,0.0,0.0
4.32,-2.4189999103546143,1.3539999723434448,0.0,0.0,0.0,0.0
4.33,-2.4189999103546143,1.3539999723434448,0.0,0.0,0.0,0.0
4.34,-2.4189999103546143,1.3539999723434448,0.0,0.0,0.0,0.0
4.35,-2.4189999103546143,1.3539999723434448,0.0,0.0,0.0,0.0
4.36,-2.4189999103546143,1.3539999723434448,0.0,0.0,0.0,0.0
4.37,-2.4189999103546143,1.3539999723434448,0.0,0.0,0.0,0.0
4.38,-2.4189999103546143,1.3539999723434448,0.0,0.0,0.0,0.0
4.39,-2.4189999103546143,1.3539999723434448,0.0,0.0,0.0,0.0
4.4,-2.4189999103546143,1.3539999723434448,0.0,0.0,0.0,0.0
4.41,-2.4189999103546143,1.3539999723434448,0.0,0.0,0.0,0.0
4.42,-2.4189999103546143,1.3539999723434448,0.0,0.0,0.0,0.0
4.43,-2.4189999103546143,1.3539999723434448,0.0,0.0,0.0,0.0
4.44,-2.4189999103546143,1.3539999723434448,0.0,0.0,0.0,0.0
4.45,-2.4189999103546143,1.3539999723434448,0.0,0.0,0.0,0.0
4.46,-2.4189999103546143,1.3539999723434448,0.0,0.0,0.0,0.0
4.47,-2.4189999103546143,1.3539999723434448,0.0,0.0,0.0,0.0
4.48,-2.4189999103546143,1.3539999723434448,0.0,0.0,0.0,0.0
4.49,-2.4189999103546143,1.3539999723434448,0.0,0.0,0.0,0.0
4.5,-2.4189999103546143,1.3539999723434448,0.0,0.0,0.0,0.0
4.51,-2.4189999103546143,1.3539999723434448,0.0,0.0,0.0,0.0
4.52,-2.4189999103546143,1.3539999723434448,0.0,0.0,0.0,0.0
4.53,-2.4189999103546143,1.3539999723434448,0.0,0.0,0.0,0.0
4.54,-2.4189999103546143,1.3539999723434448,0.0,0.0,0.0,0.0
4.55,-2.4189999103546143,1.3539999723434448,0.0,0.0,0.0,0.0
4.5600000000000005,-2.4189999103546143,1.3539999723434448,0.0,0.0,0.0,0.0
4.57,-2.4189999103546143,1.3539999723434448,0.0,0.0,0.0,0.0
4.58,-2.4189999103546143,1.3539999723434448,0.0,0.0,0.0,0.0
4.59,-2.4189999103546143,1.3539999723434448,0.0,0.0,0.0,0.0
4.6,-2.4189999103546143,1.3539999723434448,0.0,0.0,0.0,0.0
4.61,-2.4189999103546143,1.3539999723434448,0.0,0.0,0.0,0.0
4.62,-2.4189999103546143,1.3539999723434448,0.0,0.0,0.0,0.0
4.63,-2.4189999103546143,1.3539999723434448,0.0,0.0,0.0,0.0
4.64,-2.4189999103546143,1.3539999723434448,0.0,0.0,0.0,0.0
4.65,-2.4189999103546143,1.3539999723434448,0.0,0.0,0.0,0.0
4.66,-2.4189999103546143,1.3539999723434448,0.0,0.0,0.0,0.0
4.67,-2.4189999103546143,1.3539999723434448,0.0,0.0,0.0,0.0
4.68,-2.4189999103546143,1.3539999723434448,0.0,0.0,0.0,0.0
4.69,-2.4189999103546143,1.3539999723434448,0.0,0.0,0.0,0.0
4.7,-2.4189999103546143,1.3539999723434448,0.0,0.0,0.0,0.0
4.71,-2.4189999103546143,1.3539999723434448,0.0,0.0,0.0,0.0
4.72,-2.4189999103546143,1.3539999723434448,0.0,0.0,0.0,0.0
4.73,-2.4189999103546143,1.3539999723434448,0.0,0.0,0.0,0.0
4.74,-2.4189999103546143,1.3539999723434448,0.0,0.0,0.0,0.0
4.75,-2.4189999103546143,1.3539999723434448,0.0,0.0,0.0,0.0
4.76,-2.4189999103546143,1.3539999723434448,0.0,0.0,0.0,0.0
4.77,-2.4189999103546143,1.3539999723434448,0.0,0.0,0.0,0.0
4.78,-2.4189999103546143,1.3539999723434448,0.0,0.0,0.0,0.0
4.79,-2.4189999103546143,1.3539999723434448,0.0,0.0,0.0,0.0
4.8,-2.4189999103546143,1.3539999723434448,0.0,0.0,0.0,0.0
4.8100000000000005,-2.4189999103546143,1.3539999723434448,0.0,0.0,0.0,0.0
4.82,-2.4189999103546143,1.3539999723434448,0.0,0.0,0.0,0.0
4.83,-2.4189999103546143,1.3539999723434448,0.0,0.0,0.0,0.0
4.84,-2.4189999103546143,1.3539999723434448,0.0,0.0,0.0,0.0
4.85,-2.4189999103546143,1.3539999723434448,0.0,0.0,0.0,0.0
4.86,-2.4189999103546143,1.3539999723434448,0.0,0.0,0.0,0.0
4.87,-2.4189999103546143,1.3539999723434448,0.0,0.0,0.0,0.0
4.88,-2.4189999103546143,1.3539999723434448,0.0,0.0,0.0,0.0
4.89,-2.4189999103546143,1.3539999723434448,0.0,0.0,0.0,0.0
4.9,-2.4189999103546143,1.3539999723434448,0.0,0.0,0.0,0.0
4.91,-2.4189999103546143,1.3539999723434448,0.0,0.0,0.0,0.0
4.92,-2.4189999103546143,1.3539999723434448,0.0,0.0,0.0,0.0
4.93,-2.4189999103546143,1.3539999723434448,0.0,0.0,0.0,0.0
4.94,-2.4189999103546143,1.3539999723434448,0.0,0.0,0.0,0.0
4.95,-2.4189999103546143,1.3539999723434448,0.0,0.0,0.0,0.0
4.96,-2.4189999103546143,1.3539999723434448,0.0,0.0,0.0,0.0
4.97,-2.4189999103546143,1.3539999723434448,0.0,0.0,0.0,0.0
4.98,-2.4189999103546143,1.3539999723434448,0.0,0.0,0.0,0.0
4.99,-2.4189999103546143,1.3539999723434448,0.0,0.0,0.0,0.0
5.0,-2.4189999103546143,1.3539999723434448,0.0,0.0,0.0,0.0
5.01,-2.4189999103546143,1.3539999723434448,0.0,0.0,0.0,0.0
5.02,-2.4189999103546143,1.3539999723434448,0.0,0.0,0.0,0.0
5.03,-2.4189999103546143,1.3539999723434448,0.0,0.0,0.0,0.0
5.04,-2.4189999103546143,1.3539999723434448,0.0,0.0,0.0,0.0
5.05,-2.4189999103546143,1.3539999723434448,0.0,0.0,0.0,0.0
5.06,-2.4189999103546143,1.3539999723434448,0.0,0.0,0.0,0.0
5.07,-2.4189999103546143,1.3539999723434448,0.0,0.0,0.0,0.0
5.08,-2.4189999103546143,1.3539999723434448,0.0,0.0,0.0,0.0
5.09,-2.4189999103546143,1.3539999723434448,0.0,0.0,0.0,0.0
5.1,-2.4189999103546143,1.3539999723434448,0.0,0.0,0.0,0.0
5.11,-2.4189999103546143,1.3539999723434448,0.0,0.0,0.0,0.0
5.12,-2.4189999103546143,1.3539999723434448,0.0,0.0,0.0,0.0
5.13,-2.4189999103546143,1.3539999723434448,0.0,0.0,0.0,0.0
5.14,-2.4189999103546143,1.3539999723434448,0.0,0.0,0.0,0.0
5.15,-2.4189999103546143,1.3539999723434448,0.0,0.0,0.0,0.0
5.16,-2.4189999103546143,1.3539999723434448,0.0,0.0,0.0,0.0
5.17,-2.4189999103546143,1.3539999723434448,0.0,0.0,0.0,0.0
5.18,-2.4189999103546143,1.3539999723434448,0.0,0.0,0.0,0.0
5.19,-2.4189999103546143,1.3539999723434448,0.0,0.0,0.0,0.0
5.2,-2.4189999103546143,1.3539999723434448,0.0,0.0,0.0,0.0
5.21,-2.4189999103546143,1.3539999723434448,0.0,0.0,0.0,0.0
5.22,-2.4189999103546143,1.3539999723434448,0.0,0.0,0.0,0.0
5.23,-2.4189999103546143,1.3539999723434448,0.0,0.0,0.0,0.0
5.24,-2.4189999103546143,1.3539999723434448,0.0,0.0,0.0,0.0
5.25,-2.4189999103546143,1.3539999723434448,0.0,0.0,0.0,0.0
5.26,-2.4189999103546143,1.3539999723434448,0.0,0.0,0.0,0.0
5.27,-2.4189999103546143,1.3539999723434448,0.0,0.0,0.0,0.0
5.28,-2.4189999103546143,1.3539999723434448,0.0,0.0,0.0,0.0
5.29,-2.4189999103546143,1.3539999723434448,0.0,0.0,0.0,0.0
5.3,-2.4189999103546143,1.3539999723434448,0.0,0.0,0.0,0.0
5.31,-2.4189999103546143,1.3539999723434448,0.0,0.0,0.0,0.0
5.32,-2.4189999103546143,1.3539999723434448,0.0,0.0,0.0,0.0
5.33,-2.4189999103546143,1.3539999723434448,0.0,0.0,0.0,0.0
5.34,-2.4189999103546143,1.3539999723434448,0.0,0.0,0.0,0.0
5.35,-2.4189999103546143,1.3539999723434448,0.0,0.0,0.0,0.0
5.36,-2.4189999103546143,1.3539999723434448,0.0,0.0,0.0,0.0
5.37,-2.4189999103546143,1.3539999723434448,0.0,0.0,0.0,0.0
5.38,-2.4189999103546143,1.3539999723434448,0.0,0.0,0.0,0.0
5.39,-2.4189999103546143,1.3539999723434448,0.0,0.0,0.0,0.0
5.4,-2.4189999103546143,1.3539999723434448,0.0,0.0,0.0,0.0
5.41,-2.4189999103546143,1.3539999723434448,0.0,0.0,0.0,0.0
5.42,-2.4189999103546143,1.3539999723434448,0.0,0.0,0.0,0.0
5.43,-2.4189999103546143,1.3539999723434448,0.0,0.0,0.0,0.0
5.44,-2.4189999103546143,1.3539999723434448,0.0,0.0,0.0,0.0
5.45,-2.4189999103546143,1.3539999723434448,0.0,0.0,0.0,0.0
5.46,-2.4189999103546143,1.3539999723434448,0.0,0.0,0.0,0.0
5.47,-2.4189999103546143,1.3539999723434448,0.0,0.0,0.0,0.0
5.48,-2.4189999103546143,1.3539999723434448,0.0,0.0,0.0,0.0
5.49,-2.4189999103546143,1.3539999723434448,0.0,0.0,0.0,0.0
5.5,-2.4189999103546143,1.3539999723434448,0.0,0.0,0.0,0.0
5.51,-2.4189999103546143,1.3539999723434448,0.0,0.0,0.0,0.0
5.52,-2.4189999103546143,1.3539999723434448,0.0,0.0,0.0,0.0
5.53,-2.4189999103546143,1.3539999723434448,0.0,0.0,0.0,0.0
5.54,-2.4189999103546143,1.3539999723434448,0.0,0.0,0.0,0.0
5.55,-2.4189999103546143,1.3539999723434448,0.0,0.0,0.0,0.0
5.5600000000000005,-2.4189999103546143,1.3539999723434448,0.0,0.0,0.0,0.0
5.57,-2.4189999103546143,1.3539999723434448,0.0,0.0,0.0,0.0
5.58,-2.4189999103546143,1.3539999723434448,0.0,0.0,0.0,0.0
5.59,-2.4189999103546143,1.3539999723434448,0.0,0.0,0.0,0.0
5.6,-2.4189999103546143,1.3539999723434448,0.0,0.0,0.0,0.0
5.61,-2.4189999103546143,1.3539999723434448,0.0,0.0,0.0,0.0
5.62,-2.4189999103546143,1.3539999723434448,0.0,0.0,0.0,0.0
5.63,-2.4189999103546143,1.3539999723434448,0.0,0.0,0.0,0.0
5.64,-2.4189999103546143,1.3539999723434448,0.0,0.0,0.0,0.0
5.65,-2.4189999103546143,1.3539999723434448,0.0,0.0,0.0,0.0
5.66,-2.4189999103546143,1.3539999723434448,0.0,0.0,0.0,0.0
5.67,-2.4189999103546143,1.3539999723434448,0.0,0.0,0.0,0.0
5.68,-2.4189999103546143,1.3539999723434448,0.0,0.0,0.0,0.0
5.69,-2.4189999103546143,1.3539999723434448,0.0,0.0,0.0,0.0
5.7,-2.4189999103546143,1.3539999723434448,0.0,0.0,0.0,0.0
5.71,-2.4189999103546143,1.3539999723434448,0.0,0.0,0.0,0.0
5.72,-2.4189999103546143,1.3539999723434448,0.0,0.0,0.0,0.0
5.73,-2.4189999103546143,1.3539999723434448,0.0,0.0,0.0,0.0
5.74,-2.4189999103546143,1.3539999723434448,0.0,0.0,0.0,0.0
5.75,-2.4189999103546143,1.3539999723434448,0.0,0.0,0.0,0.0
5.76,-2.4189999103546143,1.3539999723434448,0.0,0.0,0.0,0.0
5.77,-2.4189999103546143,1.3539999723434448,0.0,0.0,0.0,0.0
5.78,-2.4189999103546143,1.3539999723434448,0.0,0.0,0.0,0.0
5.79,-2.4189999103546143,1.3539999723434448,0.0,0.0,0.0,0.0
5.8,-2.4189999103546143,1.3539999723434448,0.0,0.0,0.0,0.0
5.8100000000000005,-2.4189999103546143,1.3539999723434448,0.0,0.0,0.0,0.0
5.82,-2.4189999103546143,1.3539999723434448,0.0,0.0,0.0,0.0
5.83,-2.4189999103546143,1.3539999723434448,0.0,0.0,0.0,0.0
5.84,-2.4189999103546143,1.3539999723434448,0.0,0.0,0.0,0.0
5.85,-2.4189999103546143,1.3539999723434448,0.0,0.0,0.0,0.0
5.86,-2.4189999103546143,1.3539999723434448,0.0,0.0,0.0,0.0
5.87,-2.4189999103546143,1.3539999723434448,0.0,0.0,0.0,0.0
5.88,-2.4189999103546143,1.3539999723434448,0.0,0.0,0.0,0.0
5.89,-2.4189999103546143,1.3539999723434448,0.0,0.0,0.0,0.0
5.9,-2.4189999103546143,1.3539999723434448,0.0,0.0,0.0,0.0
5.91,-2.4189999103546143,1.3539999723434448,0.0,0.0,0.0,0.0
5.92,-2.4189999103546143,1.3539999723434448,0.0,0.0,0.0,0.0
5.93,-2.4189999103546143,1.3539999723434448,0.0,0.0,0.0,0.0
5.94,-2.4189999103546143,1.3539999723434448,0.0,0.0,0.0,0.0
5.95,-2.4189999103546143,1.3539999723434448,0.0,0.0,0.0,0.0
5.96,-2.4189999103546143,1.3539999723434448,0.0,0.0,0.0,0.0
5.97,-2.4189999103546143,1.3539999723434448,0.0,0.0,0.0,0.0
5.98,-2.4189999103546143,1.3539999723434448,0.0,0.0,0.0,0.0
5.99,-2.4189999103546143,1.3539999723434448,0.0,0.0,0.0,0.0
6.0,-2.4189999103546143,1.3539999723434448,0.0,0.0,0.0,0.0
6.01,-2.4189999103546143,1.3539999723434448,0.0,0.0,0.0,0.0
6.02,-2.4189999103546143,1.3539999723434448,0.0,0.0,0.0,0.0
6.03,-2.4189999103546143,1.3539999723434448,0.0,0.0,0.0,0.0
6.04,-2.4189999103546143,1.3539999723434448,0.0,0.0,0.0,0.0
6.05,-2.4189999103546143,1.3539999723434448,0.0,0.0,0.0,0.0
6.06,-2.4189999103546143,1.3539999723434448,0.0,0.0,0.0,0.0
6.07,-2.4189999103546143,1.3539999723434448,0.0,0.0,0.0,0.0
6.08,-2.4189999103546143,1.3539999723434448,0.0,0.0,0.0,0.0
6.09,-2.4189999103546143,1.3539999723434448,0.0,0.0,0.0,0.0
6.1,-2.4189999103546143,1.3539999723434448,0.0,0.0,0.0,0.0
6.11,-2.4189999103546143,1.3539999723434448,0.0,0.0,0.0,0.0
6.12,-2.4189999103546143,1.3539999723434448,0.0,0.0,0.0,0.0
6.13,-2.4189999103546143,1.3539999723434448,0.0,0.0,0.0,0.0
6.14,-2.4189999103546143,1.3539999723434448,0.0,0.0,0.0,0.0
6.15,-2.4189999103546143,1.3539999723434448,0.0,0.0,0.0,0.0
6.16,-2.4189999103546143,1.3539999723434448,0.0,0.0,0.0,0.0
6.17,-2.4189999103546143,1.3539999723434448,0.0,0.0,0.0,0.0
6.18,-2.4189999103546143,1.3539999723434448,0.0,0.0,0.0,0.0
6.19,-2.4189999103546143,1.3539999723434448,0.0,0.0,0.0,0.0
6.2,-2.4189999103546143,1.3539999723434448,0.0,0.0,0.0,0.0
6.21,-2.4189999103546143,1.3539999723434448,0.0,0.0,0.0,0.0
6.22,-2.4189999103546143,1.3539999723434448,0.0,0.0,0.0,0.0
6.23,-2.4189999103546143,1.3539999723434448,0.0,0.0,0.0,0.0
6.24,-2.4189999103546143,1.3539999723434448,0.0,0.0,0.0,0.0
6.25,-2.4189999103546143,1.3539999723434448,0.0,0.0,0.0,0.0
6.26,-2.4189999103546143,1.3539999723434448,0.0,0.0,0.0,0.0
6.27,-2.4189999103546143,1.3539999723434448,0.0,0.0,0.0,0.0
6.28,-2.4189999103546143,1.3539999723434448,0.0,0.0,0.0,0.0
6.29,-2.4189999103546143,1.3539999723434448,0.0,0.0,0.0,0.0
6.3,-2.4189999103546143,1.3539999723434448,0.0,0.0,0.0,0.0
6.31,-2.4189999103546143,1.3539999723434448,0.0,0.0,0.0,0.0
6.32,-2.4189999103546143,1.3539999723434448,0.0,0.0,0.0,0.0
6.33,-2.4189999103546143,1.3539999723434448,0.0,0.0,0.0,0.0
6.34,-2.4189999103546143,1.3539999723434448,0.0,0.0,0.0,0.0
6.35,-2.4189999103546143,1.3539999723434448,0.0,0.0,0.0,0.0
6.36,-2.4189999103546143,1.3539999723434448,0.0,0.0,0.0,0.0
6.37,-2.4189999103546143,1.3539999723434448,0.0,0.0,0.0,0.0
6.38,-2.4189999103546143,1.3539999723434448,0.0,0.0,0.0,0.0
6.39,-2.4189999103546143,1.3539999723434448,0.0,0.0,0.0,0.0
6.4,-2.4189999103546143,1.3539999723434448,0.0,0.0,0.0,0.0
6.41,-2.4189999103546143,1.3539999723434448,0.0,0.0,0.0,0.0
6.42,-2.4189999103546143,1.3539999723434448,0.0,0.0,0.0,0.0
6.43,-2.4189999103546143,1.3539999723434448,0.0,0.0,0.0,0.0
6.44,-2.4189999103546143,1.3539999723434448,0.0,0.0,0.0,0.0
6.45,-2.4189999103546143,1.3539999723434448,0.0,0.0,0.0,0.0
6.46,-2.4189999103546143,1.3539999723434448,0.0,0.0,0.0,0.0
6.47,-2.4189999103546143,1.3539999723434448,0.0,0.0,0.0,0.0
6.48,-2.4189999103546143,1.3539999723434448,0.0,0.0,0.0,0.0
6.49,-2.4189999103546143,1.3539999723434448,0.0,0.0,0.0,0.0
6.5,-2.4189999103546143,1.3539999723434448,0.0,0.0,0.0,0.0
6.51,-2.4189999103546143,1.3539999723434448,0.0,0.0,0.0,0.0
6.52,-2.4189999103546143,1.3539999723434448,0.0,0.0,0.0,0.0
6.53,-2.4189999103546143,1.3539999723434448,0.0,0.0,0.0,0.0
6.54,-2.4189999103546143,1.3539999723434448,0.0,0.0,0.0,0.0
6.55,-2.4189999103546143,1.3539999723434448,0.0,0.0,0.0,0.0
6.5600000000000005,-2.4189999103546143,1.3539999723434448,0.0,0.0,0.0,0.0
6.57,-2.4189999103546143,1.3539999723434448,0.0,0.0,0.0,0.0
6.58,-2.4189999103546143,1.3539999723434448,0.0,0.0,0.0,0.0
6.59,-2.4189999103546143,1.3539999723434448,0.0,0.0,0.0,0.0
6.6,-2.4189999103546143,1.3539999723434448,0.0,0.0,0.0,0.0
6.61,-2.4189999103546143,1.3539999723434448,0.0,0.0,0.0,0.0
6.62,-2.4189999103546143,1.3539999723434448,0.0,0.0,0.0,0.0
6.63,-2.4189999103546143,1.3539999723434448,0.0,0.0,0.0,0.0
6.64,-2.4189999103546143,1.3539999723434448,0.0,0.0,0.0,0.0
6.65,-2.4189999103546143,1.3539999723434448,0.0,0.0,0.0,0.0
6.66,-2.4189999103546143,1.3539999723434448,0.0,0.0,0.0,0.0
6.67,-2.4189999103546143,1.3539999723434448,0.0,0.0,0.0,0.0
6.68,-2.4189999103546143,1.3539999723434448,0.0,0.0,0.0,0.0
6.69,-2.4189999103546143,1.3539999723434448,0.0,0.0,0.0,0.0
6.7,-2.4189999103546143,1.3539999723434448,0.0,0.0,0.0,0.0
6.71,-2.4189999103546143,1.3539999723434448,0.0,0.0,0.0,0.0
6.72,-2.4189999103546143,1.3539999723434448,0.0,0.0,0.0,0.0
6.73,-2.4189999103546143,1.3539999723434448,0.0,0.0,0.0,0.0
6.74,-2.4189999103546143,1.3539999723434448,0.0,0.0,0.0,0.0
6.75,-2.4189999103546143,1.3539999723434448,0.0,0.0,0.0,0.0
6.76,-2.4189999103546143,1.3539999723434448,0.0,0.0,0.0,0.0
6.77,-2.4189999103546143,1.3539999723434448,0.0,0.0,0.0,0.0
6.78,-2.4189999103546143,1.3539999723434448,0.0,0.0,0.0,0.0
6.79,-2.4189999103546143,1.3539999723434448,0.0,0.0,0.0,0.0
6.8,-2.4189999103546143,1.3539999723434448,0.0,0.0,0.0,0.0
6.8100000000000005,-2.4189999103546143,1.3539999723434448,0.0,0.0,0.0,0.0
6.82,-2.4189999103546143,1.3539999723434448,0.0,0.0,0.0,0.0
6.83,-2.4189999103546143,1.3539999723434448,0.0,0.0,0.0,0.0
6.84,-2.4189999103546143,1.3539999723434448,0.0,0.0,0.0,0.0
6.85,-2.4189999103546143,1.3539999723434448,0.0,0.0,0.0,0.0
6.86,-2.4189999103546143,1.3539999723434448,0.0,0.0,0.0,0.0
6.87,-2.4189999103546143,1.3539999723434448,0.0,0.0,0.0,0.0
6.88,-2.4189999103546143,1.3539999723434448,0.0,0.0,0.0,0.0
6.89,-2.4189999103546143,1.3539999723434448,0.0,0.0,0.0,0.0
6.9,-2.4189999103546143,1.3539999723434448,0.0,0.0,0.0,0.0
6.91,-2.4189999103546143,1.3539999723434448,0.0,0.0,0.0,0.0
6.92,-2.4189999103546143,1.3539999723434448,0.0,0.0,0.0,0.0
6.93,-2.4189999103546143,1.3539999723434448,0.0,0.0,0.0,0.0
6.94,-2.4189999103546143,1.3539999723434448,0.0,0.0,0.0,0.0
6.95,-2.4189999103546143,1.3539999723434448,0.0,0.0,0.0,0.0
6.96,-2.4189999103546143,1.3539999723434448,0.0,0.0,0.0,0.0
6.97,-2.4189999103546143,1.3539999723434448,0.0,0.0,0.0,0.0
6.98,-2.4189999103546143,1.3539999723434448,0.0,0.0,0.0,0.0
6.99,-2.4189999103546143,1.3539999723434448,0.0,0.0,0.0,0.0
7.0,-2.4189999103546143,1.3539999723434448,0.0,0.0,0.0,0.0
7.01,-2.4189999103546143,1.3539999723434448,0.0,0.0,0.0,0.0
7.02,-2.4189999103546143,1.3539999723434448,0.0,0.0,0.0,0.0
7.03,-2.4189999103546143,1.3539999723434448,0.0,0.0,0.0,0.0
7.04,-2.4189999103546143,1.3539999723434448,0.0,0.0,0.0,0.0
7.05,-2.4189999103546143,1.3539999723434448,0.0,0.0,0.0,0.0
7.06,-2.4189999103546143,1.3539999723434448,0.0,0.0,0.0,0.0
7.07,-2.4189999103546143,1.3539999723434448,0.0,0.0,0.0,0.0
7.08,-2.4189999103546143,1.3539999723434448,0.0,0.0,0.0,0.0
7.09,-2.4189999103546143,1.3539999723434448,0.0,0.0,0.0,0.0
7.1,-2.4189999103546143,1.3539999723434448,0.0,0.0,0.0,0.0
7.11,-2.4189999103546143,1.3539999723434448,0.0,0.0,0.0,0.0
7.12,-2.4189999103546143,1.3539999723434448,0.0,0.0,0.0,0.0
7.13,-2.4189999103546143,1.3539999723434448,0.0,0.0,0.0,0.0
7.14,-2.4189999103546143,1.3539999723434448,0.0,0.0,0.0,0.0
7.15,-2.4189999103546143,1.3539999723434448,0.0,0.0,0.0,0.0
7.16,-2.4189999103546143,1.3539999723434448,0.0,0.0,0.0,0.0
7.17,-2.4189999103546143,1.3539999723434448,0.0,0.0,0.0,0.0
7.18,-2.4189999103546143,1.3539999723434448,0.0,0.0,0.0,0.0
7.19,-2.4189999103546143,1.3539999723434448,0.0,0.0,0.0,0.0
7.2,-2.4189999103546143,1.3539999723434448,0.0,0.0,0.0,0.0
7.21,-2.4189999103546143,1.3539999723434448,0.0,0.0,0.0,0.0
7.22,-2.4189999103546143,1.3539999723434448,0.0,0.0,0.0,0.0
7.23,-2.4189999103546143,1.3539999723434448,0.0,0.0,0.0,0.0
7.24,-2.4189999103546143,1.3539999723434448,0.0,0.0,0.0,0.0
7.25,-2.4189999103546143,1.3539999723434448,0.0,0.0,0.0,0.0
7.26,-2.4189999103546143,1.3539999723434448,0.0,0.0,0.0,0.0
7.27,-2.4189999103546143,1.3539999723434448,0.0,0.0,0.0,0.0
7.28,-2.4189999103546143,1.3539999723434448,0.0,0.0,0.0,0.0
7.29,-2.4189999103546143,1.3539999723434448,0.0,0.0,0.0,0.0
7.3,-2.4189999103546143,1.3539999723434448,0.0,0.0,0.0,0.0
7.31,-2.4189999103546143,1.3539999723434448,0.0,0.0,0.0,0.0
7.32,-2.4189999103546143,1.3539999723434448,0.0,0.0,0.0,0.0
7.33,-2.4189999103546143,1.3539999723434448,0.0,0.0,0.0,0.0
7.34,-2.4189999103546143,1.3539999723434448,0.0,0.0,0.0,0.0
7.35,-2.4189999103546143,1.3539999723434448,0.0,0.0,0.0,0.0
7.36,-2.4189999103546143,1.3539999723434448,0.0,0.0,0.0,0.0
7.37,-2.4189999103546143,1.3539999723434448,0.0,0.0,0.0,0.0
7.38,-2.4189999103546143,1.3539999723434448,0.0,0.0,0.0,0.0
7.39,-2.4189999103546143,1.3539999723434448,0.0,0.0,0.0,0.0
7.4,-2.4189999103546143,1.3539999723434448,0.0,0.0,0.0,0.0
7.41,-2.4189999103546143,1.3539999723434448,0.0,0.0,0.0,0.0
7.42,-2.4189999103546143,1.3539999723434448,0.0,0.0,0.0,0.0
7.43,-2.4189999103546143,1.3539999723434448,0.0,0.0,0.0,0.0
7.44,-2.4189999103546143,1.3539999723434448,0.0,0.0,0.0,0.0
7.45,-2.4189999103546143,1.3539999723434448,0.0,0.0,0.0,0.0
7.46,-2.4189999103546143,1.3539999723434448,0.0,0.0,0.0,0.0
7.47,-2.4189999103546143,1.3539999723434448,0.0,0.0,0.0,0.0
7.48,-2.4189999103546143,1.3539999723434448,0.0,0.0,0.0,0.0
7.49,-2.4189999103546143,1.3539999723434448,0.0,0.0,0.0,0.0
7.5,-2.4189999103546143,1.3539999723434448,0.0,0.0,0.0,0.0
7.51,-2.4189999103546143,1.3539999723434448,0.0,0.0,0.0,0.0
7.52,-2.4189999103546143,1.3539999723434448,0.0,0.0,0.0,0.0
7.53,-2.4189999103546143,1.3539999723434448,0.0,0.0,0.0,0.0
7.54,-2.4189999103546143,1.3539999723434448,0.0,0.0,0.0,0.0
7.55,-2.4189999103546143,1.3539999723434448,0.0,0.0,0.0,0.0
7.5600000000000005,-2.4189999103546143,1.3539999723434448,0.0,0.0,0.0,0.0
7.57,-2.4189999103546143,1.3539999723434448,0.0,0.0,0.0,0.0
7.58,-2.4189999103546143,1.3539999723434448,0.0,0.0,0.0,0.0
7.59,-2.4189999103546143,1.3539999723434448,0.0,0.0,0.0,0.0
7.6,-2.4189999103546143,1.3539999723434448,0.0,0.0,0.0,0.0
7.61,-2.4189999103546143,1.3539999723434448,0.0,0.0,0.0,0.0
7.62,-2.4189999103546143,1.3539999723434448,0.0,0.0,0.0,0.0
7.63,-2.4189999103546143,1.3539999723434448,0.0,0.0,0.0,0.0
7.64,-2.4189999103546143,1.3539999723434448,0.0,0.0,0.0,0.0
7.65,-2.4189999103546143,1.3539999723434448,0.0,0.0,0.0,0.0
7.66,-2.4189999103546143,1.3539999723434448,0.0,0.0,0.0,0.0
7.67,-2.4189999103546143,1.3539999723434448,0.0,0.0,0.0,0.0
7.68,-2.4189999103546143,1.3539999723434448,0.0,0.0,0.0,0.0
7.69,-2.4189999103546143,1.3539999723434448,0.0,0.0,0.0,0.0
7.7,-2.4189999103546143,1.3539999723434448,0.0,0.0,0.0,0.0
7.71,-2.4189999103546143,1.3539999723434448,0.0,0.0,0.0,0.0
7.72,-2.4189999103546143,1.3539999723434448,0.0,0.0,0.0,0.0
7.73,-2.4189999103546143,1.3539999723434448,0.0,0.0,0.0,0.0
7.74,-2.4189999103546143,1.3539999723434448,0.0,0.0,0.0,0.0
7.75,-2.4189999103546143,1.3539999723434448,0.0,0.0,0.0,0.0
7.76,-2.4189999103546143,1.3539999723434448,0.0,0.0,0.0,0.0
7.77,-2.4189999103546143,1.3539999723434448,0.0,0.0,0.0,0.0
7.78,-2.4189999103546143,1.3539999723434448,0.0,0.0,0.0,0.0
7.79,-2.4189999103546143,1.3539999723434448,0.0,0.0,0.0,0.0
7.8,-2.4189999103546143,1.3539999723434448,0.0,0.0,0.0,0.0
7.8100000000000005,-2.4189999103546143,1.3539999723434448,0.0,0.0,0.0,0.0
7.82,-2.4189999103546143,1.3539999723434448,0.0,0.0,0.0,0.0
7.83,-2.4189999103546143,1.3539999723434448,0.0,0.0,0.0,0.0
7.84,-2.4189999103546143,1.3539999723434448,0.0,0.0,0.0,0.0
7.85,-2.4189999103546143,1.3539999723434448,0.0,0.0,0.0,0.0
7.86,-2.4189999103546143,1.3539999723434448,0.0,0.0,0.0,0.0
7.87,-2.4189999103546143,1.3539999723434448,0.0,0.0,0.0,0.0
7.88,-2.4189999103546143,1.3539999723434448,0.0,0.0,0.0,0.0
7.89,-2.4189999103546143,1.3539999723434448,0.0,0.0,0.0,0.0
7.9,-2.4189999103546143,1.3539999723434448,0.0,0.0,0.0,0.0
7.91,-2.4189999103546143,1.3539999723434448,0.0,0.0,0.0,0.0
7.92,-2.4189999103546143,1.3539999723434448,0.0,0.0,0.0,0.0
7.93,-2.4189999103546143,1.3539999723434448,0.0,0.0,0.0,0.0
7.94,-2.4189999103546143,1.3539999723434448,0.0,0.0,0.0,0.0
7.95,-2.4189999103546143,1.3539999723434448,0.0,0.0,0.0,0.0
7.96,-2.4189999103546143,1.3539999723434448,0.0,0.0,0.0,0.0
7.97,-2.4189999103546143,1.3539999723434448,0.0,0.0,0.0,0.0
7.98,-2.4189999103546143,1.3539999723434448,0.0,0.0,0.0,0.0
7.99,-2.4189999103546143,1.3539999723434448,0.0,0.0,0.0,0.0
8.0,-2.4189999103546143,1.3539999723434448,0.0,0.0,0.0,0.0
8.01,-2.4189999103546143,1.3539999723434448,0.0,0.0,0.0,0.0
8.02,-2.4189999103546143,1.3539999723434448,0.0,0.0,0.0,0.0
8.03,-2.4189999103546143,1.3539999723434448,0.0,0.0,0.0,0.0
8.04,-2.4189999103546143,1.3539999723434448,0.0,0.0,0.0,0.0
8.05,-2.4189999103546143,1.3539999723434448,0.0,0.0,0.0,0.0
8.06,-2.4189999103546143,1.3539999723434448,0.0,0.0,0.0,0.0
8.07,-2.4189999103546143,1.3539999723434448,0.0,0.0,0.0,0.0
8.08,-2.4189999103546143,1.3539999723434448,0.0,0.0,0.0,0.0
8.09,-2.4189999103546143,1.3539999723434448,0.0,0.0,0.0,0.0
8.1,-2.4189999103546143,1.3539999723434448,0.0,0.0,0.0,0.0
8.11,-2.4189999103546143,1.3539999723434448,0.0,0.0,0.0,0.0
8.12,-2.4189999103546143,1.3539999723434448,0.0,0.0,0.0,0.0
8.13,-2.4189999103546143,1.3539999723434448,0.0,0.0,0.0,0.0
8.14,-2.4189999103546143,1.3539999723434448,0.0,0.0,0.0,0.0
8.15,-2.4189999103546143,1.3539999723434448,0.0,0.0,0.0,0.0
8.16,-2.4189999103546143,1.3539999723434448,0.0,0.0,0.0,0.0
8.17,-2.4189999103546143,1.3539999723434448,0.0,0.0,0.0,0.0
8.18,-2.4189999103546143,1.3539999723434448,0.0,0.0,0.0,0.0
8.19,-2.4189999103546143,1.3539999723434448,0.0,0.0,0.0,0.0
8.2,-2.4189999103546143,1.3539999723434448,0.0,0.0,0.0,0.0
8.21,-2.4189999103546143,1.3539999723434448,0.0,0.0,0.0,0.0
8.22,-2.4189999103546143,1.3539999723434448,0.0,0.0,0.0,0.0
8.23,-2.4189999103546143,1.3539999723434448,0.0,0.0,0.0,0.0
8.24,-2.4189999103546143,1.3539999723434448,0.0,0.0,0.0,0.0
8.25,-2.4189999103546143,1.3539999723434448,0.0,0.0,0.0,0.0
8.26,-2.4189999103546143,1.3539999723434448,0.0,0.0,0.0,0.0
8.27,-2.4189999103546143,1.3539999723434448,0.0,0.0,0.0,0.0
8.28,-2.4189999103546143,1.3539999723434448,0.0,0.0,0.0,0.0
8.29,-2.4189999103546143,1.3539999723434448,0.0,0.0,0.0,0.0
8.3,-2.4189999103546143,1.3539999723434448,0.0,0.0,0.0,0.0
8.31,-2.4189999103546143,1.3539999723434448,0.0,0.0,0.0,0.0
8.32,-2.4189999103546143,1.3539999723434448,0.0,0.0,0.0,0.0
8.33,-2.4189999103546143,1.3539999723434448,0.0,0.0,0.0,0.0
8.34,-2.4189999103546143,1.3539999723434448,0.0,0.0,0.0,0.0
8.35,-2.4189999103546143,1.3539999723434448,0.0,0.0,0.0,0.0
8.36,-2.4189999103546143,1.3539999723434448,0.0,0.0,0.0,0.0
8.37,-2.4189999103546143,1.3539999723434448,0.0,0.0,0.0,0.0
8.38,-2.4189999103546143,1.3539999723434448,0.0,0.0,0.0,0.0
8.39,-2.4189999103546143,1.3539999723434448,0.0,0.0,0.0,0.0
8.4,-2.4189999103546143,1.3539999723434448,0.0,0.0,0.0,0.0
8.41,-2.4189999103546143,1.3539999723434448,0.0,0.0,0.0,0.0
8.42,-2.4189999103546143,1.3539999723434448,0.0,0.0,0.0,0.0
8.43,-2.4189999103546143,1.3539999723434448,0.0,0.0,0.0,0.0
8.44,-2.4189999103546143,1.3539999723434448,0.0,0.0,0.0,0.0
8.45,-2.4189999103546143,1.3539999723434448,0.0,0.0,0.0,0.0
8.46,-2.4189999103546143,1.3539999723434448,0.0,0.0,0.0,0.0
8.47,-2.4189999103546143,1.3539999723434448,0.0,0.0,0.0,0.0
8.48,-2.4189999103546143,1.3539999723434448,0.0,0.0,0.0,0.0
8.49,-2.4189999103546143,1.3539999723434448,0.0,0.0,0.0,0.0
8.5,-2.4189999103546143,1.3539999723434448,0.0,0.0,0.0,0.0
8.51,-2.4189999103546143,1.3539999723434448,0.0,0.0,0.0,0.0
8.52,-2.4189999103546143,1.3539999723434448,0.0,0.0,0.0,0.0
8.53,-2.4189999103546143,1.3539999723434448,0.0,0.0,0.0,0.0
8.54,-2.4189999103546143,1.3539999723434448,0.0,0.0,0.0,0.0
8.55,-2.4189999103546143,1.3539999723434448,0.0,0.0,0.0,0.0
8.56,-2.4189999103546143,1.3539999723434448,0.0,0.0,0.0,0.0
8.57,-2.4189999103546143,1.3539999723434448,0.0,0.0,0.0,0.0
8.58,-2.4189999103546143,1.3539999723434448,0.0,0.0,0.0,0.0
8.59,-2.4189999103546143,1.3539999723434448,0.0,0.0,0.0,0.0
8.6,-2.4189999103546143,1.3539999723434448,0.0,0.0,0.0,0.0
8.61,-2.4189999103546143,1.3539999723434448,0.0,0.0,0.0,0.0
8.62,-2.4189999103546143,1.3539999723434448,0.0,0.0,0.0,0.0
8.63,-2.4189999103546143,1.3539999723434448,0.0,0.0,0.0,0.0
8.64,-2.4189999103546143,1.3539999723434448,0.0,0.0,0.0,0.0
8.65,-2.4189999103546143,1.3539999723434448,0.0,0.0,0.0,0.0
8.66,-2.4189999103546143,1.3539999723434448,0.0,0.0,0.0,0.0
8.67,-2.4189999103546143,1.3539999723434448,0.0,0.0,0.0,0.0
8.68,-2.4189999103546143,1.3539999723434448,0.0,0.0,0.0,0.0
8.69,-2.4189999103546143,1.3539999723434448,0.0,0.0,0.0,0.0
8.7,-2.4189999103546143,1.3539999723434448,0.0,0.0,0.0,0.0
8.71,-2.4189999103546143,1.3539999723434448,0.0,0.0,0.0,0.0
8.72,-2.4189999103546143,1.3539999723434448,0.0,0.0,0.0,0.0
8.73,-2.4189999103546143,1.3539999723434448,0.0,0.0,0.0,0.0
8.74,-2.4189999103546143,1.3539999723434448,0.0,0.0,0.0,0.0
8.75,-2.4189999103546143,1.3539999723434448,0.0,0.0,0.0,0.0
8.76,-2.4189999103546143,1.3539999723434448,0.0,0.0,0.0,0.0
8.77,-2.4189999103546143,1.3539999723434448,0.0,0.0,0.0,0.0
8.78,-2.4189999103546143,1.3539999723434448,0.0,0.0,0.0,0.0
8.79,-2.4189999103546143,1.3539999723434448,0.0,0.0,0.0,0.0
8.8,-2.4189999103546143,1.3539999723434448,0.0,0.0,0.0,0.0
8.81,-2.4189999103546143,1.3539999723434448,0.0,0.0,0.0,0.0
8.82,-2.4189999103546143,1.3539999723434448,0.0,0.0,0.0,0.0
8.83,-2.4189999103546143,1.3539999723434448,0.0,0.0,0.0,0.0
8.84,-2.4189999103546143,1.3539999723434448,0.0,0.0,0.0,0.0
8.85,-2.4189999103546143,1.3539999723434448,0.0,0.0,0.0,0.0
8.86,-2.4189999103546143,1.3539999723434448,0.0,0.0,0.0,0.0
8.870000000000001,-2.4189999103546143,1.3539999723434448,0.0,0.0,0.0,0.0
8.88,-2.4189999103546143,1.3539999723434448,0.0,0.0,0.0,0.0
8.89,-2.4189999103546143,1.3539999723434448,0.0,0.0,0.0,0.0
8.9,-2.4189999103546143,1.3539999723434448,0.0,0.0,0.0,0.0
8.91,-2.4189999103546143,1.3539999723434448,0.0,0.0,0.0,0.0
8.92,-2.4189999103546143,1.3539999723434448,0.0,0.0,0.0,0.0
8.93,-2.4189999103546143,1.3539999723434448,0.0,0.0,0.0,0.0
8.94,-2.4189999103546143,1.3539999723434448,0.0,0.0,0.0,0.0
8.95,-2.4189999103546143,1.3539999723434448,0.0,0.0,0.0,0.0
8.96,-2.4189999103546143,1.3539999723434448,0.0,0.0,0.0,0.0
8.97,-2.4189999103546143,1.3539999723434448,0.0,0.0,0.0,0.0
8.98,-2.4189999103546143,1.3539999723434448,0.0,0.0,0.0,0.0
8.99,-2.4189999103546143,1.3539999723434448,0.0,0.0,0.0,0.0
9.0,-2.4189999103546143,1.3539999723434448,0.0,0.0,0.0,0.0
9.01,-2.4189999103546143,1.3539999723434448,0.0,0.0,0.0,0.0
9.02,-2.4189999103546143,1.3539999723434448,0.0,0.0,0.0,0.0
9.03,-2.4189999103546143,1.3539999723434448,0.0,0.0,0.0,0.0
9.04,-2.4189999103546143,1.3539999723434448,0.0,0.0,0.0,0.0
9.05,-2.4189999103546143,1.3539999723434448,0.0,0.0,0.0,0.0
9.06,-2.4189999103546143,1.3539999723434448,0.0,0.0,0.0,0.0
9.07,-2.4189999103546143,1.3539999723434448,0.0,0.0,0.0,0.0
9.08,-2.4189999103546143,1.3539999723434448,0.0,0.0,0.0,0.0
9.09,-2.4189999103546143,1.3539999723434448,0.0,0.0,0.0,0.0
9.1,-2.4189999103546143,1.3539999723434448,0.0,0.0,0.0,0.0
9.11,-2.4189999103546143,1.3539999723434448,0.0,0.0,0.0,0.0
9.12,-2.4189999103546143,1.3539999723434448,0.0,0.0,0.0,0.0
9.13,-2.4189999103546143,1.3539999723434448,0.0,0.0,0.0,0.0
9.14,-2.4189999103546143,1.3539999723434448,0.0,0.0,0.0,0.0
9.15,-2.4189999103546143,1.3539999723434448,0.0,0.0,0.0,0.0
9.16,-2.4189999103546143,1.3539999723434448,0.0,0.0,0.0,0.0
9.17,-2.4189999103546143,1.3539999723434448,0.0,0.0,0.0,0.0
9.18,-2.4189999103546143,1.3539999723434448,0.0,0.0,0.0,0.0
9.19,-2.4189999103546143,1.3539999723434448,0.0,0.0,0.0,0.0
9.2,-2.4189999103546143,1.3539999723434448,0.0,0.0,0.0,0.0
9.21,-2.4189999103546143,1.3539999723434448,0.0,0.0,0.0,0.0
9.22,-2.4189999103546143,1.3539999723434448,0.0,0.0,0.0,0.0
9.23,-2.4189999103546143,1.3539999723434448,0.0,0.0,0.0,0.0
9.24,-2.4189999103546143,1.3539999723434448,0.0,0.0,0.0,0.0
9.25,-2.4189999103546143,1.3539999723434448,0.0,0.0,0.0,0.0
9.26,-2.4189999103546143,1.3539999723434448,0.0,0.0,0.0,0.0
9.27,-2.4189999103546143,1.3539999723434448,0.0,0.0,0.0,0.0
9.28,-2.4189999103546143,1.3539999723434448,0.0,0.0,0.0,0.0
9.29,-2.4189999103546143,1.3539999723434448,0.0,0.0,0.0,0.0
9.3,-2.4189999103546143,1.3539999723434448,0.0,0.0,0.0,0.0
9.31,-2.4189999103546143,1.3539999723434448,0.0,0.0,0.0,0.0
9.32,-2.4189999103546143,1.3539999723434448,0.0,0.0,0.0,0.0
9.33,-2.4189999103546143,1.3539999723434448,0.0,0.0,0.0,0.0
9.34,-2.4189999103546143,1.3539999723434448,0.0,0.0,0.0,0.0
9.35,-2.4189999103546143,1.3539999723434448,0.0,0.0,0.0,0.0
9.36,-2.4189999103546143,1.3539999723434448,0.0,0.0,0.0,0.0
9.37,-2.4189999103546143,1.3539999723434448,0.0,0.0,0.0,0.0
9.38,-2.4189999103546143,1.3539999723434448,0.0,0.0,0.0,0.0
9.39,-2.4189999103546143,1.3539999723434448,0.0,0.0,0.0,0.0
9.4,-2.4189999103546143,1.3539999723434448,0.0,0.0,0.0,0.0
9.41,-2.4189999103546143,1.3539999723434448,0.0,0.0,0.0,0.0
9.42,-2.4189999103546143,1.3539999723434448,0.0,0.0,0.0,0.0
9.43,-2.4189999103546143,1.3539999723434448,0.0,0.0,0.0,0.0
9.44,-2.4189999103546143,1.3539999723434448,0.0,0.0,0.0,0.0
9.45,-2.4189999103546143,1.3539999723434448,0.0,0.0,0.0,0.0
9.46,-2.4189999103546143,1.3539999723434448,0.0,0.0,0.0,0.0
9.47,-2.4189999103546143,1.3539999723434448,0.0,0.0,0.0,0.0
9.48,-2.4189999103546143,1.3539999723434448,0.0,0.0,0.0,0.0
9.49,-2.4189999103546143,1.3539999723434448,0.0,0.0,0.0,0.0
9.5,-2.4189999103546143,1.3539999723434448,0.0,0.0,0.0,0.0
9.51,-2.4189999103546143,1.3539999723434448,0.0,0.0,0.0,0.0
9.52,-2.4189999103546143,1.3539999723434448,0.0,0.0,0.0,0.0
9.53,-2.4189999103546143,1.3539999723434448,0.0,0.0,0.0,0.0
9.54,-2.4189999103546143,1.3539999723434448,0.0,0.0,0.0,0.0
9.55,-2.4189999103546143,1.3539999723434448,0.0,0.0,0.0,0.0
9.56,-2.4189999103546143,1.3539999723434448,0.0,0.0,0.0,0.0
9.57,-2.4189999103546143,1.3539999723434448,0.0,0.0,0.0,0.0
9.58,-2.4189999103546143,1.3539999723434448,0.0,0.0,0.0,0.0
9.59,-2.4189999103546143,1.3539999723434448,0.0,0.0,0.0,0.0
9.6,-2.4189999103546143,1.3539999723434448,0.0,0.0,0.0,0.0
9.61,-2.4189999103546143,1.3539999723434448,0.0,0.0,0.0,0.0
9.62,-2.4189999103546143,1.3539999723434448,0.0,0.0,0.0,0.0
9.63,-2.4189999103546143,1.3539999723434448,0.0,0.0,0.0,0.0
9.64,-2.4189999103546143,1.3539999723434448,0.0,0.0,0.0,0.0
9.65,-2.4189999103546143,1.3539999723434448,0.0,0.0,0.0,0.0
9.66,-2.4189999103546143,1.3539999723434448,0.0,0.0,0.0,0.0
9.67,-2.4189999103546143,1.3539999723434448,0.0,0.0,0.0,0.0
9.68,-2.4189999103546143,1.3539999723434448,0.0,0.0,0.0,0.0
9.69,-2.4189999103546143,1.3539999723434448,0.0,0.0,0.0,0.0
9.7,-2.4189999103546143,1.3539999723434448,0.0,0.0,0.0,0.0
9.71,-2.4189999103546143,1.3539999723434448,0.0,0.0,0.0,0.0
9.72,-2.4189999103546143,1.3539999723434448,0.0,0.0,0.0,0.0
9.73,-2.4189999103546143,1.3539999723434448,0.0,0.0,0.0,0.0
9.74,-2.4189999103546143,1.3539999723434448,0.0,0.0,0.0,0.0
9.75,-2.4189999103546143,1.3539999723434448,0.0,0.0,0.0,0.0
9.76,-2.4189999103546143,1.3539999723434448,0.0,0.0,0.0,0.0
9.77,-2.4189999103546143,1.3539999723434448,0.0,0.0,0.0,0.0
9.78,-2.4189999103546143,1.3539999723434448,0.0,0.0,0.0,0.0
9.79,-2.4189999103546143,1.3539999723434448,0.0,0.0,0.0,0.0
9.8,-2.4189999103546143,1.3539999723434448,0.0,0.0,0.0,0.0
9.81,-2.4189999103546143,1.3539999723434448,0.0,0.0,0.0,0.0
9.82,-2.4189999103546143,1.3539999723434448,0.0,0.0,0.0,0.0
9.83,-2.4189999103546143,1.3539999723434448,0.0,0.0,0.0,0.0
9.84,-2.4189999103546143,1.3539999723434448,0.0,0.0,0.0,0.0
9.85,-2.4189999103546143,1.3539999723434448,0.0,0.0,0.0,0.0
9.86,-2.4189999103546143,1.3539999723434448,0.0,0.0,0.0,0.0
9.870000000000001,-2.4189999103546143,1.3539999723434448,0.0,0.0,0.0,0.0
9.88,-2.4189999103546143,1.3539999723434448,0.0,0.0,0.0,0.0
9.89,-2.4189999103546143,1.3539999723434448,0.0,0.0,0.0,0.0
9.9,-2.4189999103546143,1.3539999723434448,0.0,0.0,0.0,0.0
9.91,-2.4189999103546143,1.3539999723434448,0.0,0.0,0.0,0.0
9.92,-2.4189999103546143,1.3539999723434448,0.0,0.0,0.0,0.0
9.93,-2.4189999103546143,1.3539999723434448,0.0,0.0,0.0,0.0
9.94,-2.4189999103546143,1.3539999723434448,0.0,0.0,0.0,0.0
9.95,-2.4189999103546143,1.3539999723434448,0.0,0.0,0.0,0.0
9.96,-2.4189999103546143,1.3539999723434448,0.0,0.0,0.0,0.0
9.97,-2.4189999103546143,1.3539999723434448,0.0,0.0,0.0,0.0
9.98,-2.4189999103546143,1.3539999723434448,0.0,0.0,0.0,0.0
9.99,-2.4189999103546143,1.3539999723434448,0.0,0.0,0.0,0.0
10.0,-2.4189999103546143,1.3539999723434448,0.0,0.0,-8.940696716308785e-05,-0.00021383166313171842
10.01,-2.4189999103546143,1.3539981842041016,-4.276633262608205e-06,0.0,-0.00042915344238282166,-0.001833587884081428
10.02,-2.4189999103546143,1.3539913892745972,-3.667175768162014e-05,0.00013113021850586217,-0.0011920928955078379,-0.006058812836107337
10.03,-2.418997287750244,1.3539743423461914,-0.0001254528899847749,0.0007390975952148595,-0.0026583671569824787,-0.013039261551339998
10.04,-2.41898512840271,1.3539382219314575,-0.0002974569887083417,0.0020265579223631446,-0.005155801773070941,-0.022642315686425964
10.05,-2.418956756591797,1.35387122631073,-0.0005782992037131308,0.004220008850097372,-0.009006261825560916,-0.03473609796708953
10.06,-2.418900728225708,1.3537580966949463,-0.0009921789480503566,0.007545948028564614,-0.014555454254150701,-0.04916862090884704
10.07,-2.4188058376312256,1.353580117225647,-0.0015616716218898356,0.012159347534179946,-0.022113323211670394,-0.06581547027002672
10.08,-2.4186575412750244,1.353315830230713,-0.002308488353450923,0.01829862594604531,-0.031954050064087594,-0.08455150874533593
10.09,-2.4184398651123047,1.3529410362243652,-0.0032527017967966363,0.02610683441162165,-0.04428625106811618,-0.10524556401139365
10.1,-2.418135404586792,1.3524301052093506,-0.004413399633678686,0.03566741943359451,-0.05921721458435185,-0.12776139719017637
10.11,-2.417726516723633,1.3517566919326782,-0.005807929740600153,0.04693269729614358,-0.07668733596801922,-0.15198280246633603
10.12,-2.417196750640869,1.3508963584899902,-0.00745305568300542,0.059723854064937375,-0.09636282920836751,-0.17780122059091097
10.13,-2.416532039642334,1.3498294353485107,-0.009363954152418752,0.07414817810058093,-0.11840462684630548,-0.20507888415371714
10.14,-2.4157137870788574,1.348528265953064,-0.011554633366079902,0.0898718833923359,-0.1423895359039337,-0.23370793877975302
10.15,-2.4147346019744873,1.3469816446304321,-0.0140381129280138,0.107073783874514,-0.168669223785404,-0.2635704120639127
10.16,-2.413572311401367,1.345154881477356,-0.016826041607358164,0.12663602828979761,-0.19865036010742612,-0.29455376721921406
10.17,-2.4122018814086914,1.3430086374282837,-0.019929188272397945,0.14833211898804027,-0.2319276332855274,-0.3265545399003214
10.18,-2.4106056690216064,1.3405163288116455,-0.02335713240536435,0.170803070068363,-0.26637315750122637,-0.3594583109561921
10.19,-2.408785820007324,1.3376811742782593,-0.027118354491521442,0.1930236816406291,-0.300383567810065,-0.393159408313934
10.2,-2.406745195388794,1.3345086574554443,-0.031220320571643,0.21620988845823735,-0.33583045005796075,-0.42756134741105845
10.21,-2.404461622238159,1.3309645652770996,-0.03566958143974338,0.24051666259764,-0.3730654716491447,-0.462564153927416
10.22,-2.401934862136841,1.327047348022461,-0.04047160365019207,0.26473999023438066,-0.41021108627320213,-0.4980637298430785
10.23,-2.3991668224334717,1.3227603435516357,-0.04563085603660479,0.28872489929199835,-0.4470109939575291,-0.5339598604929722
10.24,-2.396160364151001,1.3181071281433105,-0.0511508008600511,0.31243562698364924,-0.4834532737732037,-0.5701728826549856
10.25,-2.392918109893799,1.3130912780761719,-0.057034313689704186,0.33591985702515365,-0.519549846649181,-0.6066116576686116
10.26,-2.389441967010498,1.3077161312103271,-0.06328303401342293,0.3591537475586014,-0.5552768707275509,-0.6431749455187233
10.27,-2.385735034942627,1.301985740661621,-0.06989781260007831,0.3821492195129476,-0.5906343460083133,-0.679785079796661
10.28,-2.3817989826202393,1.2959034442901611,-0.07687873560935567,0.40494203567505743,-0.6256520748138561,-0.7163546431814869
10.29,-2.377636194229126,1.2894726991653442,-0.08422490546370777,0.42750835418698285,-0.660324096679643,-0.7527980785685109
10.3,-2.373248815536499,1.2826969623565674,-0.09193469718072679,0.44986009597775284,-0.6946444511413106,-0.7890481130224858
10.31,-2.3686389923095703,1.275579810142517,-0.10000586772415837,0.47198534011841825,-0.7286250591278232,-0.825024453270746
10.32,-2.363809108734131,1.2681244611740112,-0.10843518624614151,0.4938602447509871,-0.7622838020324869,-0.8606397697129081
10.33,-2.358761787414551,1.2603341341018677,-0.11721866311841597,0.5155205726623645,-0.7956087589264086,-0.8958291350520367
10.34,-2.353498697280884,1.2522122859954834,-0.126351768947182,0.5369424819946403,-0.8286058902740655,-0.9305243667027095
10.35,-2.348022937774658,1.2437620162963867,-0.13582915045246954,0.5581140518188595,-0.8612811565399353,-0.9646618354995012
10.36,-2.342336416244507,1.234986662864685,-0.1456450056571715,0.5791187286377076,-0.8936166763305855,-0.9981689540286878
10.37,-2.3364405632019043,1.2258896827697754,-0.15579252953304287,0.5999207496642661,-0.9256422519683213,-1.030978291661097
10.38,-2.3303380012512207,1.2164738178253174,-0.16626457149039503,0.6204366683959542,-0.9573876857756922,-1.063031056007197
10.39,-2.3240318298339844,1.2067419290542603,-0.1770531506531882,0.6407260894775527,-0.9888172149658414,-1.0942805637828246
10.4,-2.31752347946167,1.196697473526001,-0.18815018276605128,0.6608128547668598,-1.019942760467551,-1.1246660962881867
10.41,-2.3108155727386475,1.1863430738449097,-0.19954647257895167,0.6806731224060204,-1.0508000850677714,-1.1541244597127711
10.42,-2.30391001701355,1.175681471824646,-0.21123267196030637,0.7003307342529446,-1.081359386444115,-1.18261437039309
10.43,-2.296808958053589,1.1647158861160278,-0.2231987599868128,0.7197737693786774,-1.1116027832031488,-1.2100763153737129
10.44,-2.2895145416259766,1.1534494161605835,-0.23543419826777995,0.7390379905700841,-1.1415481567383057,-1.236465744377617
10.45,-2.2820281982421875,1.1418849229812622,-0.24792807487436458,0.7581114768981422,-1.1711835861205264,-1.2617469435848774
10.46,-2.2743523120880127,1.1300257444381714,-0.26066913713947926,0.7769703865050746,-1.2005150318144941,-1.2858799880477465
10.47,-2.266488790512085,1.1178746223449707,-0.27364567463532147,0.7956504821777514,-1.2295722961426043,-1.3088193263936678
10.48,-2.258439302444458,1.1054342985153198,-0.2868455236673519,0.8141517639160329,-1.258343458175686,-1.3305086664057448
10.49,-2.2502057552337646,1.0927077531814575,-0.3002558479634356,0.8324623107910334,-1.286828517913846,-1.3509225183859397
10.5,-2.2417900562286377,1.0796977281570435,-0.31386397403507005,0.8505821228027525,-1.3150274753570836,-1.3700495739583056
10.51,-2.23319411277771,1.0664072036743164,-0.32765683944260127,0.8685350418091006,-1.3429522514343548,-1.3878488948397234
10.52,-2.224419355392456,1.052838683128357,-0.341620951931864,0.8863091468811224,-1.3705849647522266,-1.404293204973447
10.53,-2.215467929840088,1.0389955043792725,-0.3557427035420696,0.9036064147949411,-1.3974249362945854,-1.4193403431205533
10.54,-2.2063472270965576,1.0248901844024658,-0.37000775879427444,0.9204983711242054,-1.423579454421901,-1.4329622589584066
10.55,-2.1970579624176025,1.0105239152908325,-0.3844019487212398,0.9375572204589211,-1.4499515295027707,-1.445169615320543
10.56,-2.187596082687378,0.9958911538124084,-0.3989111511006873,0.9547352790832723,-1.4764577150345164,-1.4559433172098268
10.57,-2.1779632568359375,0.9809947609901428,-0.4135208150654355,0.9717702865600794,-1.5026897192001663,-1.4652418822835946
10.58,-2.1681606769561768,0.9658373594284058,-0.42821598874635847,0.9885907173156949,-1.5286326408386557,-1.4730340044057357
10.59,-2.158191442489624,0.9504221081733704,-0.4429814951535496,1.0048627853393768,-1.553669571876559,-1.4793335399735246
10.6,-2.1480634212493896,0.9347639679908752,-0.4578026595458285,1.0210633277893284,-1.5784084796905855,-1.4841461881183942
10.61,-2.137770175933838,0.9188539385795593,-0.472664418915917,1.0374903678894265,-1.6035407781601294,-1.4874460517717665
10.62,-2.1273136138916016,0.9026931524276733,-0.48755158058126324,1.0537266731261496,-1.6284942626952026,-1.4892387052195637
10.63,-2.1166956424713135,0.8862840533256531,-0.5024491930203103,1.0697841644286388,-1.653203368186839,-1.4895235236259567
10.64,-2.1059179306030273,0.8696290850639343,-0.5173420510537845,1.0856747627258532,-1.6776770353317618,-1.48825652151444
10.65,-2.094982147216797,0.8527305126190186,-0.5322143234505983,1.1014103889465567,-1.7019152641296749,-1.4854745807232879
10.66,-2.0838897228240967,0.8355907797813416,-0.5470515426682498,1.116967201232934,-1.7259150743484866,-1.4812056396450095
10.67,-2.0726428031921387,0.8182122111320496,-0.5618384362434979,1.1323571205139402,-1.7496734857559577,-1.4753936888482904
10.68,-2.0612425804138184,0.8005973100662231,-0.5765594164452152,1.1476039886474854,-1.7731875181198498,-1.4681122908199875
10.69,-2.0496907234191895,0.7827484607696533,-0.5912006820598968,1.1625051498413335,-1.7961472272873307,-1.4593469475849696
10.7,-2.037992477416992,0.7646743655204773,-0.6057463553969142,1.1760115623473326,-1.8168807029722895,-1.449082798034875
10.71,-2.026170492172241,0.7464108467102051,-0.6201823380205962,1.1834859848021662,-1.8281310796736436,-1.4374042085577494
10.72,-2.0143227577209473,0.728111743927002,-0.6344944395680712,1.1863708496094003,-1.8322080373764429,-1.4242823003269927
10.73,-2.0024430751800537,0.709766685962677,-0.6486679840271355,1.1868119239807382,-1.8326669931412134,-1.4097004731229068
10.74,-1.990586519241333,0.6914584040641785,-0.6626884490305288,1.185339689254786,-1.8303334712982569,-1.3937266724774875
10.75,-1.9787362813949585,0.6731600165367126,-0.6765425174766845,1.1840820312500253,-1.8283516168594751,-1.3764168713623475
10.76,-1.966904878616333,0.6548913717269897,-0.6902167864577752,1.1779308319092048,-1.8187850713730247,-1.357762691765736
10.77,-1.955177664756775,0.6367843151092529,-0.7036977713119988,1.1542260646820315,-1.7821550369263075,-1.3377655461556621
10.78,-1.9438203573226929,0.6192482709884644,-0.7169720973808879,1.1169970035553216,-1.724746823310889,-1.3164729142918499
10.79,-1.932837724685669,0.6022893786430359,-0.7300272295978354,1.0794937610625492,-1.6670435667036838,-1.2939884856452826
10.8,-1.9222304821014404,0.5859073996543884,-0.7428518670937954,1.0421156883239042,-1.6096204519270765,-1.2703139548982088
10.81,-1.9119954109191895,0.5700969696044922,-0.7554335086958012,1.005393266677878,-1.553243398666415,-1.2454474375271518
10.82,-1.9021226167678833,0.5548425316810608,-0.7677608158443378,0.9705126285553185,-1.499718427658113,-1.2194383219483333
10.83,-1.8925851583480835,0.5401026010513306,-0.7798222751347674,0.9383440017700395,-1.4503747224808048,-1.192310402265909
10.84,-1.883355736732483,0.5258350372314453,-0.7916070238896553,0.9062290191650584,-1.4011085033417048,-1.1641584059012526
10.85,-1.8744605779647827,0.5120804309844971,-0.803105443252792,0.8717417716980166,-1.348200440406828,-1.1350411935052283
10.86,-1.865920901298523,0.4988710284233093,-0.8143078477597594,0.8363246917724045,-1.2939721345900617,-1.10497759166556
10.870000000000001,-1.8577340841293335,0.4862009882926941,-0.8252049950861048,0.8012294769286569,-1.2403145432471392,-1.074030871813097
10.88,-1.8498963117599487,0.47406473755836487,-0.8357884651960229,0.7664859294891521,-1.1871919035911813,-1.042252992119086
10.89,-1.8424043655395508,0.46245715022087097,-0.8460500549284861,0.732094049453751,-1.134583353996301,-1.0097024673249904
10.9,-1.835254430770874,0.45137307047843933,-0.855982514542522,0.6980657577514797,-1.0824888944626085,-0.9764405258892536
10.91,-1.8284430503845215,0.44080737233161926,-0.8655788654462709,0.6643652915954732,-1.03091746568682,-0.9425137962860687
10.92,-1.8219671249389648,0.43075472116470337,-0.874832790468243,0.6310224533081189,-0.9798496961593837,-0.9079954728507837
10.93,-1.8158226013183594,0.421210378408432,-0.8837387749032861,0.5980670452118048,-0.9292528033256728,-0.8729784637085034
10.94,-1.810005784034729,0.4121696650981903,-0.8922923597424129,0.565469264984143,-0.8791312575340459,-0.8375137458487459
10.95,-1.8045132160186768,0.40362775325775146,-0.9004890498202606,0.5332410335540412,-0.8294880390166677,-0.8016580987052616
10.96,-1.7993409633636475,0.39557990431785583,-0.9083255217165193,0.5013704299926419,-0.78032314777369,-0.7655144428530364
10.97,-1.7944858074188232,0.3880212903022766,-0.9157993386773222,0.46982765197754905,-0.7316365838050998,-0.7291264989660751
10.98,-1.7899444103240967,0.38094717264175415,-0.9229080516958403,0.4386067390441988,-0.6834283471107628,-0.6925561657384819
10.99,-1.7857136726379395,0.37435272336006165,-0.9296504619920914,0.4076957702636806,-0.6356939673423903,-0.6559780235550734
11.0,-1.7817904949188232,0.3682332932949066,-0.9360276121669414,0.37711858749390453,-0.5884200334549076,-0.61938562360623
11.01,-1.7781713008880615,0.36258432269096375,-0.942038174464216,0.3468811511993482,-0.541603565216076,-0.5828739269287411
11.02,-1.7748528718948364,0.3574012219905853,-0.9476850907055158,0.3169298171997138,-0.4952594637870894,-0.5465869695962972
11.03,-1.7718327045440674,0.35267913341522217,-0.9529699138561419,0.2872467041015686,-0.44938772916794784,-0.5105483321951818
11.04,-1.7691079378128052,0.34841346740722656,-0.9578960573494193,0.25788545608518765,-0.40395706892010824,-0.4748902462270567
11.05,-1.7666749954223633,0.34459999203681946,-0.9624677187806839,0.2288460731506193,-0.3589615225791689,-0.43969053239686723
11.06,-1.7645310163497925,0.3412342369556427,-0.9666898679973571,0.2000927925109906,-0.3144085407257147,-0.4050679930213883
11.07,-1.7626731395721436,0.3383118212223053,-0.9705690786411116,0.1716375350952185,-0.2703011035919247,-0.3711161284122157
11.08,-1.7610982656478882,0.3358282148838043,-0.974112190565601,0.1434683799743683,-0.22663772106171137,-0.33794775364442586
11.09,-1.7598037719726562,0.33377906680107117,-0.9773280337140001,0.11556148529052981,-0.18340796232223902,-0.3056171285373453
11.1,-1.7587870359420776,0.3321600556373596,-0.9802245331363476,0.0879406929016132,-0.14061182737350764,-0.27423502948718564
11.11,-1.758044958114624,0.3309668302536011,-0.9828127343037439,0.06058216094970832,-0.09824782609939785,-0.24399145423466514
11.12,-1.7575753927230835,0.3301950991153717,-0.9851043622210406,0.03347396850585711,-0.05630850791930772,-0.21492481129690924
11.13,-1.7573754787445068,0.32984066009521484,-0.9871112305296825,0.006633996963500529,-0.014795362949370339,-0.1871755298282636
11.14,-1.7574427127838135,0.3298991918563843,-0.9888478728176061,-0.01941323280334514,0.025440752506256645,-0.16086203927210618
11.15,-1.7577637434005737,0.33034947514533997,-0.9903284713151247,-0.04368424415588472,0.06283819675445691,-0.13605930434579538
11.16,-1.7583163976669312,0.3311559557914734,-0.9915690589045221,-0.06729364395141745,0.09914636611938688,-0.11291258272439171
11.17,-1.759109616279602,0.33233240246772766,-0.9925867229696127,-0.09167790412903028,0.13665705919266039,-0.09155325985457292
11.18,-1.7601499557495117,0.33388909697532654,-0.9934001241016134,-0.1157879829406763,0.17375200986862552,-0.07212203727840082
11.19,-1.7614253759384155,0.3358074426651001,-0.9940291637151809,-0.13642311096191698,0.20544677972794018,-0.054732147572923495
11.2,-1.76287841796875,0.33799803256988525,-0.9944947670530716,-0.15359520912169372,0.2317816019058071,-0.03949772262863149
11.21,-1.7644972801208496,0.34044307470321655,-0.9948191181677535,-0.16996860504149244,0.2568766474723643,-0.02656528271818102
11.22,-1.76627779006958,0.3431355655193329,-0.995026072707435,-0.1858711242675821,0.2812623977661193,-0.016082873663148322
11.23,-1.7682147026062012,0.3460683226585388,-0.9951407756410167,-0.19746422767639582,0.2991795539856021,-0.008181182305700039
11.24,-1.770227074623108,0.3491191565990448,-0.995189696353549,-0.20383596420288522,0.30923187732697194,-0.0029626519575832256
11.25,-1.7722914218902588,0.3522529602050781,-0.9952000286801683,-0.20794272422790971,0.315846502780921,-0.0005166163309589078
11.26,-1.774385929107666,0.3554360866546631,-0.9952000286801683,-0.2100884914398238,0.3194108605384895,0.0
11.27,-1.7764931917190552,0.3586411774158478,-0.9952000286801683,-0.21036267280579063,0.32010972499848095,0.0
11.28,-1.7785931825637817,0.36183828115463257,-0.9952000286801683,-0.2092182636261031,0.3186717629432746,0.0
11.29,-1.7806775569915771,0.36501461267471313,-0.9952000286801683,-0.20717382431028875,0.31586140394208684,0.0
11.3,-1.7827366590499878,0.36815550923347473,-0.9952000286801683,-0.20465850830076743,0.31233280897138394,0.0
11.31,-1.7847707271575928,0.37126126885414124,-0.9952000286801683,-0.201368331909184,0.30759274959564864,0.0
11.32,-1.7867640256881714,0.3743073642253876,-0.9952000286801683,-0.1932799816131633,0.2954527735710207,0.0
11.33,-1.788636326789856,0.3771703243255615,-0.9952000286801683,-0.18049478530884175,0.27601122856140725,0.0
11.34,-1.7903739213943481,0.3798275887966156,-0.9952000286801683,-0.16583800315857286,0.2535566687583977,0.0
11.35,-1.7919530868530273,0.38224145770072937,-0.9952000286801683,-0.14989972114563307,0.22904425859451782,0.0
11.36,-1.7933719158172607,0.38440847396850586,-0.9952000286801683,-0.1338720321655302,0.20435452461243112,0.0
11.37,-1.794630527496338,0.3863285481929779,-0.9952000286801683,-0.11756420135497253,0.17917901277540904,0.0
11.38,-1.7957231998443604,0.3879920542240143,-0.9952000286801683,-0.10097622871398244,0.15352964401244082,0.0
11.39,-1.7966500520706177,0.38939914107322693,-0.9952000286801683,-0.08448362350464048,0.12801736593246732,0.0
11.4,-1.7974128723144531,0.3905524015426636,-0.9952000286801683,-0.06841421127319482,0.10314136743545751,0.0
11.41,-1.7980183362960815,0.39146196842193604,-0.9952000286801683,-0.05296468734741324,0.07920414209366014,0.0
11.42,-1.7984721660614014,0.39213648438453674,-0.9952000286801683,-0.039076805114746926,0.057676434516907966,0.0
11.43,-1.7987998723983765,0.39261549711227417,-0.9952000286801683,-0.0275135040283209,0.03973990678787316,0.0
11.44,-1.7990224361419678,0.3929312825202942,-0.9952000286801683,-0.017774105072021863,0.024604797363281774,0.0
11.45,-1.799155354499817,0.3931075930595398,-0.9952000286801683,-0.009447336196898776,0.011649727821349312,0.0
11.46,-1.7992113828659058,0.3931642770767212,-0.9952000286801683,-0.002056360244750838,0.0001445412635803125,0.0
11.47,-1.799196481704712,0.3931104838848114,-0.9952000286801683,0.004625320434570411,-0.010268390178680638,0.0
11.48,-1.7991188764572144,0.3929589092731476,-0.9952000286801683,0.009787082672119349,-0.01832544803619424,0.0
11.49,-1.7990007400512695,0.3927439749240875,-0.9952000286801683,0.012016296386719007,-0.021825730800629127,0.0
11.5,-1.79887855052948,0.392522394657135,-0.9952000286801683,0.011897087097168222,-0.021694600582123264,0.0
11.51,-1.7987627983093262,0.39231008291244507,-0.9952000286801683,0.011122226715088128,-0.020565092563629588,0.0
11.52,-1.7986561059951782,0.3921110928058624,-0.9952000286801683,0.009804964065551966,-0.018532574176788726,0.0
11.53,-1.7985666990280151,0.3919394314289093,-0.9952000286801683,0.007748603820800946,-0.015288591384888021,0.0
11.54,-1.7985011339187622,0.3918053209781647,-0.9952000286801683,0.005257129669189098,-0.011332333087920378,0.0
11.55,-1.7984615564346313,0.3917127847671509,-0.9952000286801683,0.002616643905639472,-0.0071004033088679286,0.0
11.56,-1.7984488010406494,0.3916633129119873,-0.9952000286801683,0.00019073486328125407,-0.003103911876678533,0.0
11.57,-1.7984577417373657,0.3916507065296173,-0.9952000286801683,-0.0019073486328125408,0.00048130750656128954,0.0
11.58,-1.7984869480133057,0.39167293906211853,-0.9952000286801683,-0.003737211227417072,0.0037044286727906063,0.0
11.59,-1.798532485961914,0.3917247951030731,-0.9952000286801683,-0.005227327346801869,0.006434321403503555,0.0
11.6,-1.7985914945602417,0.3918016254901886,-0.9952000286801683,-0.006496906280517717,0.00881850719451923,0.0
11.61,-1.7986624240875244,0.3919011652469635,-0.9952000286801683,-0.0076830387115480155,0.01103579998016381,0.0
11.62,-1.7987451553344727,0.39202234148979187,-0.9952000286801683,-0.00858902931213321,0.01278668642043981,0.0
11.63,-1.798834204673767,0.3921568989753723,-0.9952000286801683,-0.009059906005858763,0.01386255025863554,0.0
11.64,-1.7989263534545898,0.3922995924949646,-0.9952000286801683,-0.009161233901977735,0.014373660087585756,0.0
11.65,-1.7990174293518066,0.392444372177124,-0.9952000286801683,-0.00897049903869648,0.014448165893554996,0.0
11.66,-1.7991057634353638,0.3925885558128357,-0.9952000286801683,-0.008565187454223815,0.014179944992065732,0.0
11.67,-1.7991887331008911,0.39272797107696533,-0.9952000286801683,-0.00801086425781267,0.013646483421325975,0.0
11.68,-1.79926598072052,0.3928614854812622,-0.9952000286801683,-0.0074028968811036735,0.01298934221267728,0.0
11.69,-1.7993367910385132,0.39298775792121887,-0.9952000286801683,-0.006759166717529441,0.012263655662536883,0.0
11.7,-1.7994011640548706,0.39310675859451294,-0.9952000286801683,-0.006097555160522049,0.011493265628813922,0.0
11.71,-1.7994587421417236,0.39321762323379517,-0.9952000286801683,-0.0053644180297847946,0.010599195957183123,0.0
11.72,-1.7995084524154663,0.3933187425136566,-0.9952000286801683,-0.004595518112182715,0.009621679782867636,0.0
11.73,-1.7995506525039673,0.3934100568294525,-0.9952000286801683,-0.0038862228393555516,0.008639693260193055,0.0
11.74,-1.7995861768722534,0.3934915363788605,-0.9952000286801683,-0.003266334533691476,0.00768750905990617,0.0
11.75,-1.7996159791946411,0.39356380701065063,-0.9952000286801683,-0.0026822090148926354,0.0067800283432008284,0.0
11.76,-1.7996398210525513,0.3936271369457245,-0.9952000286801683,-0.0021159648895264123,0.00588595867156995,0.0
11.77,-1.7996582984924316,0.39368152618408203,-0.9952000286801683,-0.0015974044799805028,0.005026161670684922,0.0
11.78,-1.7996717691421509,0.3937276601791382,-0.9952000286801683,-0.0011205673217773676,0.004249811172485442,0.0
11.79,-1.7996807098388672,0.39376652240753174,-0.9952000286801683,-0.0006794929504394073,0.0035822391510007346,0.0
11.8,-1.7996853590011597,0.3937993049621582,-0.9952000286801683,-0.0002741813659667784,0.002995133399963177,0.0
11.81,-1.7996861934661865,0.393826425075531,-0.9952000286801683,0.00010132789611816622,0.002448260784149222,0.0
11.82,-1.7996833324432373,0.3938482701778412,-0.9952000286801683,0.0004410743713379,0.001960992813110393,0.0
11.83,-1.7996773719787598,0.3938656449317932,-0.9952000286801683,0.0007033348083496243,0.0015676021575928068,0.0
11.84,-1.7996692657470703,0.39387962222099304,-0.9952000286801683,0.0008821487426758,0.0013232231140137,0.0
11.85,-1.7996597290039062,0.3938921093940735,-0.9952000286801683,0.001007318496704123,0.0012099742889404555,2.561137195655815e-05
11.86,-1.7996491193771362,0.39390382170677185,-0.9951995164527292,0.0011146068572997294,0.0011533498764037307,0.0006530509901736095
11.870000000000001,-1.7996374368667603,0.39391517639160156,-0.9951869676603646,0.0014126300811766624,0.0011458992958068074,0.0030246194689718298
11.88,-1.7996208667755127,0.393926739692688,-0.99513902406335,0.0022768974304199704,0.0012025237083435314,0.007755389700925429
11.89,-1.7995918989181519,0.39393922686576843,-0.9950318598663459,0.004053115844726649,0.0013694167137146289,0.014753661128641718
11.9,-1.7995398044586182,0.3939541280269623,-0.9948439508407771,0.007110834121704253,0.0016808509826660514,0.023907732002160186
11.91,-1.7994496822357178,0.39397284388542175,-0.9945537052263026,0.01184940338134791,0.00213384628295903,0.03512989741469927
11.92,-1.7993028163909912,0.39399680495262146,-0.9941413528924833,0.018626451492309966,0.002737343311309873,0.048315963513379995
11.93,-1.7990771532058716,0.39402759075164795,-0.993587385956035,0.027817487716675398,0.0035092234611511976,0.06336500485886322
11.94,-1.7987464666366577,0.3940669894218445,-0.9928740527953062,0.03978013992309655,0.00448524951934824,0.08013475120836226
11.95,-1.7982815504074097,0.3941172957420349,-0.9919846909318677,0.05473494529723752,0.005666911602019881,0.09856240606031409
11.96,-1.797651767730713,0.3941803276538849,-0.9909028046740995,0.0729262828826855,0.007060170173644543,0.11857666174780766
11.97,-1.7968230247497559,0.3942584991455078,-0.9896131576969114,0.09475946426391804,0.008724629878997988,0.14005930030847347
11.98,-1.7957565784454346,0.39435482025146484,-0.9881016186679303,0.1205503940582301,0.010687112808227766,0.1629055218898702
11.99,-1.7944120168685913,0.39447224140167236,-0.986355047259114,0.15026330947876296,0.012928247451782502,0.18702868507752113
12.0,-1.7927513122558594,0.3946133852005005,-0.9843610449663801,0.18308162689209376,0.015383958816528648,0.2123365258994748
12.01,-1.7907503843307495,0.39477992057800293,-0.9821083167411248,0.21665096282959445,0.0178784132003788,0.2387618221189098
12.02,-1.7884182929992676,0.39497095346450806,-0.9795858085240018,0.2511382102966362,0.02044737339019819,0.26619296799650927
12.03,-1.785727620124817,0.3951888680458069,-0.9767844573811948,0.2866923809051575,0.023140013217926518,0.29449392147742964
12.04,-1.7826844453811646,0.3954337537288666,-0.9736959300944534,0.32202601432798117,0.025843083858488245,0.3236643995242042
12.05,-1.7792870998382568,0.3957057297229767,-0.9703111693907104,0.35715103149411653,0.02854019403457449,0.3536263146824742
12.06,-1.7755414247512817,0.3960045576095581,-0.9666234038008036,0.39446353912354354,0.031422078609467226,0.3842408024116033
12.07,-1.7713978290557861,0.396334171295166,-0.9626263533424784,0.4359602928161714,0.034639239311219,0.4154463017960719
12.08,-1.7668222188949585,0.39669734239578247,-0.9583144777648822,0.47914385795594283,0.03800541162490926,0.4471764617667391
12.09,-1.7618149518966675,0.3970942795276642,-0.9536828241071439,0.5225181579589955,0.04139840602874844,0.4793462171937759
12.1,-1.7563718557357788,0.3975253105163574,-0.948727553421007,0.5655944347381713,0.04478991031646824,0.5118978200903677
12.11,-1.7505030632019043,0.39799007773399353,-0.9434448677053369,0.6082773208618294,0.0481754541397105,0.5447293748211407
12.12,-1.7442063093185425,0.3984888195991516,-0.9378329659245842,0.650852918624834,0.05155354738235125,0.5777653906780477
12.13,-1.7374860048294067,0.3990211486816406,-0.931889559891775,0.693011283874465,0.054891407489772906,0.610978259036069
12.14,-1.7303460836410522,0.39958664774894714,-0.9256134007438621,0.7347404956817783,0.05818009376526003,0.6442888409352059
12.15,-1.7227911949157715,0.4001847505569458,-0.9190037830730711,0.7760465145111249,0.06142258644104135,0.6776412177875646
12.16,-1.71482515335083,0.40081509947776794,-0.912060576388111,0.816959142684954,0.06462931632995743,0.710935885837098
12.17,-1.7064520120620728,0.4014773368835449,-0.9047850653563293,0.8574485778808777,0.06780028343200828,0.7441124059662289
12.18,-1.697676181793213,0.4021711051464081,-0.8971783282687865,0.8975386619568062,0.07093697786331328,0.7771383342194348
12.19,-1.688501238822937,0.40289607644081116,-0.889242298671941,0.9372234344482622,0.07404386997223059,0.8099508813161855
12.2,-1.678931713104248,0.40365198254585266,-0.880979310642463,0.9765267372130688,0.0771149992942758,0.8424843713507144
12.21,-1.6689707040786743,0.4044383764266968,-0.8723926112449256,1.0154545307158738,0.08014887571334298,0.874669775380895
12.22,-1.6586226224899292,0.40525496006011963,-0.8634859151348439,1.0539650917053447,0.0831484794616717,0.9064530993366542
12.23,-1.6478914022445679,0.4061013460159302,-0.854263549258193,1.092106103897118,0.0861167907714862,0.9377662746542481
12.24,-1.6367805004119873,0.4069772958755493,-0.8447305896417592,1.1298775672912837,0.08905231952667426,0.968618375289741
12.25,-1.6252938508987427,0.4078823924064636,-0.8348911817523988,1.1672496795654546,0.09195059537887769,0.9989640742283914
12.26,-1.6134355068206787,0.40881630778312683,-0.824751308157192,1.204264163970973,0.09482055902481282,1.0286734220853908
12.27,-1.6012085676193237,0.40977880358695984,-0.8143177133106914,1.240921020507839,0.0976741313934347,1.0577282206890142
12.28,-1.5886170864105225,0.4107697904109955,-0.8035967437434121,1.2772083282470976,0.10051131248474335,1.0861119540030337
12.29,-1.5756644010543823,0.41178902983665466,-0.792595474230631,1.3131380081175872,0.10331422090529697,1.1137390909662506
12.3,-1.562354326248169,0.41283607482910156,-0.7813219619240857,1.3486921787261053,0.10607838630675553,1.1405959862699995
12.31,-1.5486905574798584,0.4139105975627899,-0.7697835545052295,1.383888721466094,0.10881274938583606,1.1666693795142429
12.32,-1.5346765518188477,0.41501232981681824,-0.7579885743338011,1.4187276363373105,0.11152923107147454,1.1919123213154834
12.33,-1.5203160047531128,0.41614118218421936,-0.7459453080789206,1.4532387256622625,0.11423081159591918,1.2162611681088935
12.34,-1.505611777305603,0.4172969460487366,-0.7336633509716238,1.4874160289764722,0.11689811944961798,1.2396813970399199
12.35,-1.490567684173584,0.41847914457321167,-0.7211516801381228,1.5212476253509846,0.11953711509704845,1.2621394838734636
12.36,-1.475186824798584,0.4196876883506775,-0.7084205612941551,1.5547335147857997,0.12216717004776262,1.2836272068185435
12.37,-1.4594730138778687,0.42092248797416687,-0.6954791360017525,1.5878736972807765,0.12478977441786877,1.3041081512892747
12.38,-1.4434293508529663,0.42218348383903503,-0.6823383982683677,1.6207039356230595,0.127409398555747,1.3235455715189466
12.39,-1.4270589351654053,0.423470675945282,-0.6690082245713719,1.6531944274902697,0.13002306222915927,1.341910855754309
12.4,-1.4103654623031616,0.42478394508361816,-0.6555001811532819,1.6853630542755487,0.13260990381241128,1.3591587647783965
12.41,-1.393351674079895,0.42612287402153015,-0.6418250492758046,1.717215776443518,0.13516098260879805,1.3753159426451793
12.42,-1.376021146774292,0.42748716473579407,-0.6279938623003789,1.7487466335297004,0.1376762986183196,1.3903159473316846
12.43,-1.3583767414093018,0.4288763999938965,-0.6140187303291715,1.7799735069275282,0.14015287160873713,1.4041655290967758
12.44,-1.3404216766357422,0.43029022216796875,-0.599910551718444,1.8108844757080464,0.14259368181228943,1.4168739079427475
12.45,-1.3221590518951416,0.4317282736301422,-0.5856812521703171,1.841485500335569,0.1450166106223962,1.428362434871692
12.46,-1.3035919666290283,0.43319055438041687,-0.5713433030210081,1.871782541274898,0.14742314815520244,1.4386368937966771
12.47,-1.2847234010696411,0.43467673659324646,-0.5569085142943814,1.9017755985260416,0.14978349208832106,1.447675489675979
12.48,-1.2655564546585083,0.4361862242221832,-0.5423897932274894,1.9314706325531417,0.15210658311844197,1.4554927556058894
12.49,-1.246093988418579,0.43771886825561523,-0.5277986591822644,1.9608736038208425,0.15441030263901087,1.4620719120945846
12.5,-1.2263389825820923,0.4392744302749634,-0.5131483549855983,1.989984512329144,0.15668570995331144,1.467386238147448
12.51,-1.206294298171997,0.4408525824546814,-0.4984509344193161,2.018791437149091,0.15893280506134372,1.471448526902517
12.52,-1.1859631538391113,0.4424530863761902,-0.48371938444754864,2.047324180603071,0.1611515879631077,1.4742393526636293
12.53,-1.1653478145599365,0.4440756142139435,-0.4689661473660442,2.074152231216475,0.1632183790206944,1.475764303176628
12.54,-1.1444801092147827,0.445717453956604,-0.4542040983840168,2.094215154647686,0.16472041606901963,1.476022523409626
12.55,-1.12346351146698,0.4473700225353241,-0.4394456968978495,2.112454175948954,0.16604363918303322,1.475022174019303
12.56,-1.1022310256958008,0.4490383267402649,-0.4247036549036287,2.136731147766159,0.16783177852630973,1.4727259245309245
12.57,-1.0807288885116577,0.4507266581058502,-0.4099911784072315,2.1638214588165745,0.16983896493912104,1.4691696320929684
12.58,-1.0589545965194702,0.45243510603904724,-0.3953202622617698,2.190834283828782,0.17183125019073853,1.4643889967722015
12.59,-1.036912202835083,0.4541632831096649,-0.380703398471788,2.217489480972337,0.17377734184265506,1.4583304879348313
12.6,-1.0146048069000244,0.45591065287590027,-0.3661536525030736,2.243947982788134,0.1757159829139747,1.4509980426173994
12.61,-0.9920332431793213,0.45767760276794434,-0.35168343761944054,2.2693842649460323,0.17760992050171276,1.4424327634029317
12.62,-0.9692171216011047,0.45946285128593445,-0.33730499723501567,2.275103330612029,0.17793327569960346,1.4326610074104549
12.63,-0.9465311765670776,0.46123626828193665,-0.32303021747122934,2.2566854953764346,0.17630159854887725,1.42167603892082
12.64,-0.924083411693573,0.46298888325691223,-0.30887147645659735,2.231979370117235,0.17414391040802374,1.4094811063772938
12.65,-0.9018915891647339,0.46471914649009705,-0.29484059534368395,2.21031308174138,0.1722157001495398,1.396095605860189
12.66,-0.8798771500587463,0.46643319725990295,-0.2809495643393942,2.194237709045457,0.17073750495911008,1.3815406404608839
12.67,-0.8580068349838257,0.4681338965892792,-0.2672097825344668,2.1768808364868626,0.1691967248916662,1.3658496512551312
12.68,-0.83633953332901,0.4698171317577362,-0.25363257131429234,2.142888307571457,0.16644001007080433,1.349031119475359
12.69,-0.8151490688323975,0.4714626967906952,-0.2402291601449602,2.0911902189255205,0.1623868942260777,1.3311086073651897
12.7,-0.7945157289505005,0.4730648696422577,-0.22701039916698917,2.0361185073851167,0.15811324119566803,1.312112051181469
12.71,-0.7744266986846924,0.47462496161460876,-0.21398691912132897,1.9836544990538212,0.15407800674437436,1.2920572708267979
12.72,-0.7548426389694214,0.4761464297771454,-0.20116925375045167,1.9316941499710494,0.1501515507698091,1.2709776190134074
12.73,-0.7357928156852722,0.4776279926300049,-0.1885673667410612,1.8808573484421178,0.14637261629104925,1.248909613974063
12.74,-0.7172254920005798,0.4790738821029663,-0.17619106147097083,1.8353730440140161,0.1430168747901947,1.2258710291259507
12.75,-0.6990853548049927,0.4804883301258087,-0.16404994615854285,1.791152358055153,0.13975948095321952,1.2018924367358108
12.76,-0.6814024448394775,0.48186907172203064,-0.1521532127362553,1.7440438270569218,0.13628154993057542,1.1770276900519268
12.77,-0.664204478263855,0.48321396112442017,-0.14050939235750465,1.6896992921829583,0.13228356838226601,1.1512950024456428
12.78,-0.6476084589958191,0.4845147430896759,-0.12912731268734293,1.6300290822983134,0.12792646884918485,1.1247284504511308
12.79,-0.6316038966178894,0.4857724905014038,-0.11801482334848241,1.5728920698164832,0.12377053499220966,1.0973907442197874
12.8,-0.6161506175994873,0.48699015378952026,-0.1071794978029459,1.5191316604613232,0.11983662843703415,1.0693097650520123
12.81,-0.6012212634086609,0.48816922307014465,-0.09662862804744082,1.4642685651779488,0.11579990386963138,1.0405122425395819
12.82,-0.586865246295929,0.48930615186691284,-0.0863692529521549,1.4046549797058405,0.11143684387207269,1.011057252154534
12.83,-0.5731281638145447,0.49039795994758606,-0.07640748300435064,1.3438344001770306,0.10700672864914168,0.9809886490421458
12.84,-0.5599885582923889,0.49144628643989563,-0.06674947997131261,1.284769177436856,0.10268092155456762,0.9503612058476809
12.85,-0.5474327802658081,0.49245157837867737,-0.05740025888739747,1.2250959873199725,0.09816139936447353,0.9192177778218875
12.86,-0.53548663854599,0.49340951442718506,-0.0483651244148752,1.1644333600997139,0.09345263242720926,0.8875965115313478
12.870000000000001,-0.5241441130638123,0.4943206310272217,-0.03964832865676912,1.1046171188353746,0.08881539106368419,0.8555703077682031
12.88,-0.513394296169281,0.49518582224845886,-0.0312537182595102,1.046276092529319,0.08428096771240413,0.8231806774655801
12.89,-0.5032185912132263,0.4960062503814697,-0.023184715107457763,0.9896427392959806,0.07981806993484668,0.7904821560381361
12.9,-0.4936014413833618,0.49678218364715576,-0.015444075138747898,0.9344041347503861,0.07543116807937783,0.7575380948705074
12.91,-0.484530508518219,0.49751487374305725,-0.008033953210047998,0.8804142475128361,0.07115900516510161,0.7244060448229493
12.92,-0.47599315643310547,0.49820536375045776,-0.0009559542422890026,0.8280709385872064,0.06698817014694357,0.6911464150535821
12.93,-0.4679690897464752,0.4988546371459961,0.0057889750910233495,0.7775500416755842,0.06294399499893323,0.6578170383569588
12.94,-0.4604421555995941,0.4994642436504364,0.012200386524849957,0.7283389568329013,0.05902945995330936,0.6244833880044842
12.95,-0.4534023106098175,0.5000352263450623,0.018278642851112775,0.680394470691635,0.0552609562873803,0.5912205598990018
12.96,-0.4468342661857605,0.5005694627761841,0.024024797722830914,0.6334573030471374,0.05161464214324603,0.5580876295449745
12.97,-0.4407331645488739,0.5010675191879272,0.02944039544201298,0.586876273155225,0.047978758811951704,0.5251439613192744
12.98,-0.43509674072265625,0.5015290379524231,0.03452767694921607,0.5410581827163812,0.044366717338562955,0.49246614621892776
12.99,-0.4299120008945465,0.5019548535346985,0.03928971836639125,0.49620270729066,0.04081130027771083,0.46013874891151924
13.0,-0.42517268657684326,0.5023452639579773,0.04373045192744608,0.4511520266532994,0.037240982055664854,0.42822667639478085
13.01,-0.4208889603614807,0.5026996731758118,0.047854251894286735,0.40535777807236584,0.0336199998855598,0.39679241291280265
13.02,-0.4170655310153961,0.5030176639556885,0.05166630018570189,0.3613218665123063,0.03014504909515445,0.3659309778166609
13.03,-0.41366252303123474,0.5033025741577148,0.055172871450619616,0.31931698322296825,0.026822090148926354,0.33570957845513055
13.04,-0.4106791913509369,0.503554105758667,0.058380491754804455,0.27704089879987753,0.02345442771911463,0.3062086751469699
13.05,-0.4081217050552368,0.5037716627120972,0.061297044953559615,0.23497343063352907,0.02006888389587267,0.27752739955151723
13.06,-0.405979722738266,0.5039554834365845,0.06393103974583525,0.1929461956024211,0.016659498214722034,0.24973202370147085
13.07,-0.4042627811431885,0.5041048526763916,0.06629168542758906,0.15020370483398757,0.013190507888794226,0.22290969093166554
13.08,-0.4029756486415863,0.5042192935943604,0.06838923356446854,0.10774284601211777,0.009760260581970423,0.19715752697107433
13.09,-0.40210792422294617,0.504300057888031,0.07023483596701025,0.06611645221710347,0.006410479545593399,0.17254806928957236
13.1,-0.40165331959724426,0.5043475031852722,0.07184019495026003,0.02462863922119193,0.0030547380447388346,0.1491763573304082
13.11,-0.40161535143852234,0.5043611526489258,0.0732183631136182,-0.016340613365173687,-0.00025629997253418516,0.127141800457034
13.12,-0.40198013186454773,0.5043423771858215,0.07438303095940056,-0.049901008605953666,-0.0028848648071287115,0.10652660717901777
13.13,-0.4026133716106415,0.5043034553527832,0.07534889525719887,-0.07613152265548193,-0.004842877388000161,0.08743459782935524
13.14,-0.40350276231765747,0.5042455196380615,0.07613172291598765,-0.09996443986892914,-0.006598234176635883,0.06994947607761463
13.15,-0.40461266040802,0.5041714906692505,0.07674788477875114,-0.12197941541672012,-0.008216500282287773,0.05418975048476886
13.16,-0.4059423506259918,0.5040811896324158,0.07721551792568285,-0.14414936304092715,-0.009867548942566128,0.04024820559061035
13.17,-0.4074956476688385,0.5039741396903992,0.07755284889056327,-0.1638650894165074,-0.011312961578369382,0.028209906083854253
13.18,-0.4092196524143219,0.5038549304008484,0.07777971604736007,-0.17989873886108781,-0.012442469596863058,0.01818756106239977
13.19,-0.4110936224460602,0.5037252902984619,0.07791660011181115,-0.19322484731674605,-0.01338422298431425,0.010296666417009213
13.2,-0.41308414936065674,0.5035872459411621,0.07798564937570027,-0.20347982645033416,-0.014129281044005394,0.004653330040271483
13.21,-0.41516321897506714,0.5034427046775818,0.07800966671261643,-0.21194815635679723,-0.014764070510863262,0.0013304380392708194
13.22,-0.41732311248779297,0.5032919645309448,0.07801225813648588,-0.21895170211792458,-0.015276670455932943,0.0014057854009541814
13.23,-0.41954225301742554,0.5031371712684631,0.07803778242063551,-0.22220760583878038,-0.015267729759216635,0.008240564198458597
13.24,-0.4217672646045685,0.5029866099357605,0.0781770694204552,-0.22001415491104595,-0.014173984527588192,0.02422323150905788
13.25,-0.42394253611564636,0.5028536915779114,0.07852224705081667,-0.2137154340744064,-0.011605024337768803,0.04913439723868256
13.26,-0.4260415732860565,0.5027545094490051,0.0791597573652289,-0.2053171396255537,-0.007212162017822419,0.08232467284803488
13.27,-0.42804887890815735,0.5027094483375549,0.08016874050777756,-0.19498169422150075,-0.0004887580871582135,0.12313300499726938
13.28,-0.42994120717048645,0.502744734287262,0.08162241746517432,-0.18247961997986228,0.009050965309143259,0.1709325152515798
13.29,-0.4316984713077545,0.5028904676437378,0.08358739081280887,-0.16799271106718836,0.021773576736448724,0.22512141337532468
13.3,-0.43330106139183044,0.503180205821991,0.08612484573268128,-0.15154033899306227,0.03789067268371326,0.2851059456197265
13.31,-0.43472927808761597,0.5036482810974121,0.0892895097252037,-0.13352632522583294,0.05776584148407105,0.3503178076308919
13.32,-0.43597158789634705,0.5043355226516724,0.09313120188529898,-0.11468231678009277,0.0816673040390032,0.4201885090095426
13.33,-0.4370229244232178,0.5052816271781921,0.09769327990539453,-0.09531527757644856,0.1092791557312035,0.49414823582932754
13.34,-0.437877893447876,0.5065211057662964,0.10301416660188546,-0.07524043321609658,0.1408100128173858,0.5716886278050681
13.35,-0.4385277330875397,0.5080978274345398,0.10912705246149575,-0.05453228950500605,0.17628073692322152,0.6522967327740187
13.36,-0.4389685392379761,0.5100467205047607,0.11606010125736561,-0.033415853977204084,0.21539926528931122,0.7354741256907206
13.37,-0.43919605016708374,0.5124058127403259,0.1238365349753098,-0.012697279453276731,0.25660693645475563,0.8207216349577774
13.38,-0.4392224848270416,0.5151788592338562,0.13247453395652223,0.006973743438720232,0.29822885990140807,0.907550234827653
13.39,-0.4390565752983093,0.5183703899383545,0.14198753967186403,0.02573430538177545,0.34014582633972895,0.995540760046797
13.4,-0.43870779871940613,0.5219817757606506,0.15238534915745766,0.04354715347290132,0.3820747137069784,1.084256609507551
13.41,-0.4381856322288513,0.5260118842124939,0.16367267186201448,0.0604867935180677,0.42385160923005055,1.1732555045883803
13.42,-0.4374980628490448,0.5304588079452515,0.17585045924922466,0.07663816213607952,0.46544075012208025,1.2621638829697182
13.43,-0.43665286898612976,0.5353206992149353,0.1889159495214081,0.09209215641021924,0.5068182945251573,1.3505637969329531
13.44,-0.43565621972084045,0.5405951738357544,0.20286173518788325,0.10696947574615706,0.5479276180267451,1.438076434663213
13.45,-0.43451347947120667,0.54627925157547,0.21767747821467154,0.12135952711104528,0.5887389183044036,1.5243653258179306
13.46,-0.4332290291786194,0.5523699522018433,0.23334904170424378,0.13535171747206728,0.6292283535003237,1.6090542417023481
13.47,-0.43180644512176514,0.5588638186454773,0.2498585630487205,0.1489654183387788,0.6693929433822775,1.691816641024682
13.48,-0.43024972081184387,0.5657578110694885,0.2671853745247366,0.16218721866608013,0.7092416286468657,1.7723801061045363
13.49,-0.4285627007484436,0.5730486512184143,0.2853061651708104,0.1750662922859229,0.7487565279007118,1.8504420015527496
13.5,-0.4267483949661255,0.5807329416275024,0.3041942145557907,0.18772035837173862,0.7879108190536667,1.9256919932885774
13.51,-0.4248082935810089,0.5888068675994873,0.3238200050365812,0.20019263029098938,0.8266896009445367,1.997878710866095
13.52,-0.4227445423603058,0.5972667336463928,0.34415178877311176,0.21260082721710657,0.865063071250934,2.066745235288558
13.53,-0.42055627703666687,0.6061081290245056,0.3651549097423516,0.22490918636322502,0.9030580520630075,2.1320602745750215
13.54,-0.4182463586330414,0.6153278946876526,0.38679299426461133,0.23700892925260852,0.9406954050063452,2.1936114262631166
13.55,-0.4158160984516144,0.6249220371246338,0.40902713826761694,0.24887919425962676,0.9779870510100658,2.2511889565471046
13.56,-0.4132687747478485,0.6348876357078552,0.43181677339555624,0.2604618668556269,1.0149598121643282,2.304604879314614
13.57,-0.41060686111450195,0.6452212333679199,0.4551192358539084,0.27182400226593595,1.0515987873077617,2.353705203105966
13.58,-0.4078322947025299,0.65591961145401,0.47889087745767456,0.28308779001236567,1.087874174118065,2.3983254949473465
13.59,-0.40494510531425476,0.6669787168502808,0.5030857457528544,0.29421150684357317,1.1237889528274776,2.438306648596241
13.6,-0.40194806456565857,0.6783953905105591,0.5276570104295981,0.30507445335388833,1.159390807151819,2.473556188218726
13.61,-0.3988436162471771,0.6901665329933167,0.5525568695172277,0.3157094120979376,1.1946737766266124,2.5039324316448486
13.62,-0.39563387632369995,0.7022888660430908,0.577735659062494,0.3261730074882287,1.2296289205550317,2.5293325918000225
13.63,-0.3923201560974121,0.714759111404419,0.6031435213532313,0.33469200134275084,1.2574106454848395,2.5497488653306197
13.64,-0.3889400362968445,0.7274370789527893,0.6287306363691099,0.34056603908539546,1.2752175331115994,2.5650936928669146
13.65,-0.38550883531570435,0.7402634620666504,0.6544453952105687,0.34614354372025274,1.2918472290039338,2.5752419329088
13.66,-0.3820171654224396,0.7532740235328674,0.6802354750272848,0.35271495580673967,1.3122588396072667,2.5802483196574295
13.67,-0.3784545361995697,0.7665086388587952,0.7060503616037163,0.35986304283142856,1.3348847627640055,2.580112041559512
13.68,-0.37481990456581116,0.779971718788147,0.731837715858474,0.36690533161164113,1.357227563858061,2.5746866288725574
13.69,-0.37111642956733704,0.7936531901359558,0.7575440941811664,0.3729641437530597,1.376321911811858,2.5641351724500985
13.7,-0.3673606216907501,0.8074981570243835,0.7831204193074749,0.37770122289655045,1.390993595123197,2.548485604622225
13.71,-0.3635624051094055,0.8214730620384216,0.8085138062736142,0.38026571273801146,1.3980716466902743,2.5277108172640688
13.72,-0.3597553074359894,0.8354595899581909,0.8336746356527598,0.37906914949417925,1.3918995857239067,2.50193984444119
13.73,-0.3559810221195221,0.8493110537528992,0.858552603162437,0.37535876035691107,1.3769835233688648,2.471185824313413
13.74,-0.3522481322288513,0.8629992604255676,0.883098352139027,0.37150084972382386,1.3617753982544236,2.4356497717478907
13.75,-0.3485510051250458,0.8765465617179871,0.9072655985973939,0.3682181239128191,1.3488173484802533,2.3953864225786448
13.76,-0.3448837697505951,0.8899756073951721,0.931006080590599,0.3653645515441972,1.3376146554947184,2.3504298483522814
13.77,-0.341243714094162,0.9032988548278809,0.9542741955644387,0.3617644309997636,1.3240963220596595,2.300969584195083
13.78,-0.3376484811306,0.9164575338363647,0.9770254722744998,0.35548806190491483,1.3013690710068027,2.247276055625317
13.79,-0.33413395285606384,0.9293262362480164,0.9992197166769442,0.3468230366706614,1.2703001499175168,2.189453841876262
13.8,-0.3307120203971863,0.9418635368347168,1.020814549112028,0.3375381231307756,1.237133145332253,2.127588062733533
13.81,-0.3273831903934479,0.9540688991546631,1.0417714779316176,0.3276646137237619,1.2019425630569713,2.0619883565441417
13.82,-0.3241587281227112,0.9659023880958557,1.06205431624291,0.31685531139374457,1.1634767055511723,1.9928950643888423
13.83,-0.3210460841655731,0.977338433265686,1.0816293792193936,0.30519813299179727,1.1219620704651119,1.9204659131373223
13.84,-0.31805476546287537,0.9883416295051575,1.1004636345056553,0.2930730581283632,1.0787397623062365,1.8449876333125286
13.85,-0.315184623003006,0.9989132285118103,1.1185291318856434,0.2806752920150817,1.0346144437790137,1.7668146232426563
13.86,-0.31244125962257385,1.0090339183807373,1.1357999269705077,0.26775747537611105,0.9886592626570988,1.6861355967773688
13.870000000000001,-0.3098294734954834,1.0186864137649536,1.1522518438211928,0.25442242622373773,0.9412109851836523,1.603179050686679
13.88,-0.30735281109809875,1.0278581380844116,1.1678635079842437,0.2409264445304922,0.8931875228882026,1.5183692873779733
13.89,-0.30501094460487366,1.0365501642227173,1.1826192295687517,0.22729486227036008,0.8446395397186459,1.4319671237618874
13.9,-0.30280691385269165,1.0447509288787842,1.1965028504594808,0.21301954984665372,0.7936954498291184,1.344343326230508
13.91,-0.3007505536079407,1.0524240732192993,1.209506096093361,0.19816756248474543,0.7403433322906652,1.2559334160997795
13.92,-0.2988435626029968,1.0595577955245972,1.221621518781476,0.18323063850403223,0.6863415241241602,1.1670156473612385
13.93,-0.2970859408378601,1.0661509037017822,1.2328464090405853,0.16836971044540763,0.6325185298919812,1.0780128244303862
13.94,-0.29547616839408875,1.0722081661224365,1.2431817752700833,0.1536801457405123,0.5791962146759156,0.989362396501402
13.95,-0.2940123379230499,1.0777348279953003,1.252633656970613,0.13919472694396032,0.5263984203338268,0.9013917816710406
13.96,-0.29269227385520935,1.0827361345291138,1.2612096109035056,0.12493729591368785,0.4741132259368576,0.8146336873121279
13.97,-0.291513592004776,1.087217092514038,1.2689263307168563,0.11088997125625846,0.42234063148499434,0.7295692927000874
13.98,-0.29047447443008423,1.0911829471588135,1.2758009967575068,0.0970080494880697,0.3711223602295001,0.64654336129141
13.99,-0.28957343101501465,1.094639539718628,1.2818571979426845,0.08332282304763972,0.3206014633178779,0.5661065022543609
14.0,-0.28880801796913147,1.097594976425171,1.2871231268025938,0.06982833147049099,0.27073025703430753,0.48877387487459223
14.01,-0.28817686438560486,1.100054144859314,1.291632675440176,0.05641579627990843,0.2211570739746141,0.415107193411055
14.02,-0.2876797020435333,1.102018117904663,1.2954252706708147,0.043083727359772644,0.17187595367432007,0.34561677925420603
14.03,-0.2873151898384094,1.1034916639328003,1.29854501102526,0.029888749122620267,0.12308359146118426,0.2807656844031896
14.04,-0.28708192706108093,1.1044797897338867,1.3010405843588781,0.01686513423919564,0.07501244544982404,0.22116214318173738
14.05,-0.2869778871536255,1.1049919128417969,1.302968253888895,0.003938376903533669,0.027471780776975686,0.1674186952186905
14.06,-0.28700315952301025,1.1050292253494263,1.3043889582632524,-0.008571147918701354,-0.018465518951416408,0.12003890371299597
14.07,-0.2871493101119995,1.1046226024627686,1.305369031963155,-0.02029538154602094,-0.06153583526611459,0.07970766289367051
14.08,-0.28740906715393066,1.103798508644104,1.3059831115211258,-0.030913949012757007,-0.10052919387817597,0.04709327953060883
14.09,-0.28776758909225464,1.102612018585205,1.3063108975537672,-0.040578842163086805,-0.13599991798401168,0.022825091521539373
14.1,-0.2882206439971924,1.1010785102844238,1.3064396133515566,-0.049030780792237376,-0.16703605651855824,0.007522365183643292
14.11,-0.28874820470809937,1.099271297454834,1.30646134485744,-0.05554258823394894,-0.1908898353576701,0.0005392429297535032
14.12,-0.28933149576187134,1.0972607135772705,1.3064503982101516,-0.06036609411239217,-0.20897388458250543,-0.0052985147316549665
14.13,-0.2899555265903473,1.0950918197631836,1.306355374562807,-0.06370991468429135,-0.2235710620879976,-0.017861940348583474
14.14,-0.29060569405555725,1.0927892923355103,1.30609315940318,-0.06503164768219133,-0.2347111701965382,-0.03861162974598902
14.15,-0.2912561595439911,1.090397596359253,1.3055831419678872,-0.06309896707534925,-0.2398371696472219,-0.0669484889213715
14.16,-0.2918676733970642,1.087992548942566,1.3047541896247525,-0.05735754966735962,-0.23851990699768574,-0.10236177831231204
14.17,-0.29240331053733826,1.0856271982192993,1.303535906401641,-0.04756152629852396,-0.23146271705627935,-0.14438587172729586
14.18,-0.29281890392303467,1.0833632946014404,1.3018664721902065,-0.03390610218048168,-0.22127628326416487,-0.19235421919923523
14.19,-0.2930814325809479,1.0812016725540161,1.2996888220176561,-0.016689300537109732,-0.21073222160339805,-0.2458465787747385
14.2,-0.29315268993377686,1.0791486501693726,1.2969495406147116,0.004608929157256769,-0.1991629600524768,-0.30437189500738426
14.21,-0.29298925399780273,1.0772184133529663,1.2936013841175078,0.030292570590970857,-0.18662810325621298,-0.36742895344965293
14.22,-0.2925468385219574,1.075416088104248,1.289600961545718,0.060492753982545236,-0.1733243465423621,-0.4345575196286959
14.23,-0.29177939891815186,1.0737519264221191,1.2849102337249343,0.09526461362838948,-0.15910267829895358,-0.5052277439765326
14.24,-0.29064154624938965,1.072234034538269,1.2794964066661876,0.1343309879303007,-0.14454722404480289,-0.5790579223926907
14.25,-0.2890927791595459,1.0708609819412231,1.2733290752770805,0.17481595277786627,-0.13061165809631625,-0.6556259770244128
14.26,-0.2871452271938324,1.0696218013763428,1.2663838871256996,0.21676570177078708,-0.11745691299438726,-0.7344993871640938
14.27,-0.28475746512413025,1.0685118436813354,1.2586390875337987,0.2613991498947199,-0.10516643524170147,-0.8152481938382424
14.28,-0.2819172441959381,1.0675184726715088,1.250078923248935,0.3065422177314824,-0.09415745735168658,-0.8974103157115523
14.29,-0.27862662076950073,1.0666286945343018,1.240690881219568,0.3514483571052314,-0.08432865142821697,-0.9807134728830884
14.3,-0.274888277053833,1.0658318996429443,1.2304646537912722,0.39608329534527964,-0.0755786895751902,-1.0647703774730068
14.31,-0.2707049548625946,1.0651171207427979,1.2193954736701065,0.4404187202453707,-0.06785392761230613,-1.1491991806199109
14.32,-0.2660799026489258,1.0644748210906982,1.2074806701788747,0.48442482948304255,-0.06105303764343392,-1.2336653298543427
14.33,-0.26101645827293396,1.0638960599899292,1.1947221670730204,0.5280807614326589,-0.055098533630372266,-1.3177077242583493
14.34,-0.2555182874202728,1.0633728504180908,1.1811265156937085,0.5713760852813843,-0.049895048141480554,-1.4011177558852361
14.35,-0.24958893656730652,1.0628981590270996,1.166699811955316,0.6142981350422037,-0.04528760910034276,-1.4836200920598768
14.36,-0.24323232471942902,1.062467098236084,1.1514541138525116,0.6568267941475054,-0.0411570072174081,-1.564908936553333
14.37,-0.2364524006843567,1.0620750188827515,1.13540163322425,0.6989605724811082,-0.03747940063476309,-1.644640269810549
14.38,-0.2292531132698059,1.0617175102233887,1.1185613084562982,0.7406972348689533,-0.03420710563659437,-1.7224731885355284
14.39,-0.22163845598697662,1.0613908767700195,1.100952169453537,0.782033801078813,-0.03125667572021551,-1.7982966725086087
14.4,-0.21361243724822998,1.0610923767089844,1.082595375006127,0.8229717612266716,-0.028574466705322876,-1.871856654474242
14.41,-0.20517902076244354,1.060819387435913,1.063515036364053,0.8635148406028932,-0.026172399520874582,-1.942858251928034
14.42,-0.19634214043617249,1.060568928718567,1.043738209967567,0.9036622941494181,-0.024038553237915553,-2.0110610748212285
14.43,-0.18710577487945557,1.0603386163711548,1.0232938148676292,0.9434163570404254,-0.022059679031372542,-2.0762900562944386
14.44,-0.17747381329536438,1.0601277351379395,1.002212408841679,0.9827755391597958,-0.020122528076172305,-2.138318018348119
14.45,-0.16745026409626007,1.0599361658096313,0.9805274545006676,1.0217435657977367,-0.018250942230223378,-2.196973544359511
14.46,-0.15703894197940826,1.059762716293335,0.9582729379544861,1.0603256523608446,-0.01642107963561901,-2.2521483816611267
14.47,-0.14624375104904175,1.059607744216919,0.9354844868674419,1.0985240340233082,-0.014626979827881172,-2.3035755957190367
14.48,-0.13506846129894257,1.0594701766967773,0.9122014260401061,1.1363461613655332,-0.012987852096557895,-2.3511310228986173
14.49,-0.12351682782173157,1.0593479871749878,0.8884618664094703,1.1737950146198524,-0.011491775512695557,-2.3947748924286816
14.5,-0.11159256100654602,1.0592403411865234,0.8643059281915334,1.2108724564314146,-0.010013580322265838,-2.4342860662517194
14.51,-0.09929937869310379,1.0591477155685425,0.8397761450844371,1.2475810945034294,-0.008565187454223815,-2.469536960163507
14.52,-0.08664093911647797,1.059069037437439,0.8149151889882645,1.2839134782552992,-0.007188320159912263,-2.5005313521626915
14.53,-0.07362110912799835,1.0590039491653442,0.7897655180411842,1.3198364526033683,-0.005853176116943484,-2.5271449412354356
14.54,-0.06024421006441116,1.0589519739151,0.764372290163557,1.353252865373997,-0.0046372413635250775,-2.549254015384578
14.55,-0.046556051820516586,1.0589112043380737,0.7387804377334891,1.3842161744832058,-0.003546476364135503,-2.5668319535332262
14.56,-0.03255988657474518,1.0588810443878174,0.7130356510928889,1.4163986779749695,-0.002521276473999077,-2.5798167326798733
14.57,-0.0182280782610178,1.0588607788085938,0.6871841030798925,1.4496225398034166,-0.0015795230865478852,-2.588206350872168
14.58,-0.0035674357786774635,1.0588494539260864,0.6612715240754464,1.4792338944971877,-0.0008046627044677906,-2.5919572936117348
14.59,0.011356599628925323,1.0588446855545044,0.6353449572076592,1.5076763462275589,-0.00015497207641601893,-2.5910749192766254
14.6,0.02658609114587307,1.058846354484558,0.6094500256899149,1.5396008267999024,0.00044703483581543923,-2.585562857775347
14.61,0.042148616164922714,1.0588536262512207,0.5836337000521534,1.5680869109928943,0.0009298324584961136,-2.575415754204224
14.62,0.057947829365730286,1.058864951133728,0.5579417106058314,1.5897626057266117,0.0012934207916258892,-2.560649799258679
14.63,0.07394386827945709,1.0588794946670532,0.5324207040669764,1.610473543405424,0.001597404479980361,-2.5413615299390964
14.64,0.09015730023384094,1.0588968992233276,0.5071144800070463,1.6317177563906065,0.001853704452514688,-2.517586983666274
14.65,0.10657822340726852,1.0589165687561035,0.48206896439365193,1.6451947391033523,0.0019967555999756284,-2.4893192926323944
14.66,0.12306119501590729,1.0589368343353271,0.4573280941543994,1.6396585851908079,0.001978874206543011,-2.4566925473206904
14.67,0.13937139511108398,1.0589561462402344,0.432935113447239,1.624357700347935,0.0018894672393799231,-2.4197728779309218
14.68,0.1555483490228653,1.0589746236801147,0.4089326365957819,1.6130506992340432,0.0018060207366943745,-2.37869133821978
14.69,0.17163240909576416,1.0589922666549683,0.38536128668284453,1.5971668064594609,0.001698732376098669,-2.3335517986950824
14.7,0.18749168515205383,1.0590085983276367,0.36226160062188106,1.5689931809901132,0.0015556812286375904,-2.2844731398042453
14.71,0.20301227271556854,1.059023380279541,0.3396718238867565,1.5294052660464208,0.0013709068298338918,-2.2316218183331897
14.72,0.21807979047298431,1.0590360164642334,0.3176291642552142,1.483392715454133,0.0011384487152099852,-2.1751230516647198
14.73,0.23268012702465057,1.0590461492538452,0.29616936285346285,1.4367967844009706,0.0008881092071533393,-2.115139130961042
14.74,0.2468157261610031,1.0590537786483765,0.27532638163599416,1.3840682804584798,0.0006258487701416149,-2.0518560098686125
14.75,0.2603614926338196,1.059058666229248,0.2551322426560913,1.3246528804302498,0.0003576278686523514,-1.9854868588410326
14.76,0.27330878376960754,1.0590609312057495,0.23561664445917418,1.264156401157406,0.00012516975402832297,-1.9162177071415396
14.77,0.28564462065696716,1.0590611696243286,0.21680788851326155,1.2030556797981518,-5.96046447753919e-05,-1.8442515869400549
14.78,0.29736989736557007,1.059059739112854,0.1987316127203739,1.1422991752624756,-0.00019669532775879326,-1.7698338827670956
14.79,0.3084906041622162,1.0590572357177734,0.1814112108579202,1.082146167755054,-0.00033378601074216495,-1.6931761576298021
14.8,0.3190128207206726,1.0590530633926392,0.1648680895677757,1.0225921869277264,-0.0004827976226806315,-1.6145342183505182
14.81,0.3289424479007721,1.0590475797653198,0.14912052649090754,0.9636297821998802,-0.0005722045898437623,-1.5341926013192058
14.82,0.3382854163646698,1.0590416193008423,0.13418423754139217,0.9052559733391001,-0.0006318092346191541,-1.4524305208088426
14.83,0.3470475673675537,1.0590349435806274,0.1200719160747313,0.8474662899971189,-0.000721216201782242,-1.3695368846710145
14.84,0.3552347421646118,1.0590271949768066,0.10679349984797248,0.7902488112449815,-0.0007927417755127122,-1.2858110821415465
14.85,0.362852543592453,1.0590190887451172,0.0943556944319008,0.7335990667343296,-0.0008046627044677906,-1.2015637056130213
14.86,0.3699067234992981,1.0590111017227173,0.08276222573571271,0.6775155663489838,-0.0008165836334227965,-1.1171150868322233
14.870000000000001,0.3764028549194336,1.0590027570724487,0.07201339269525485,0.6219908595084724,-0.0008046627044677191,-1.032816653125376
14.88,0.3823465406894684,1.058995008468628,0.062105892673203725,0.5670204758644225,-0.00066161155700685,-0.9490264689333097
14.89,0.3877432644367218,1.0589895248413086,0.0530328633165892,0.5125939846038927,-0.00047087669372559597,-0.8661024004182412
14.9,0.392598420381546,1.0589855909347534,0.044783844664839166,0.4587098956108191,-0.00030994415283203786,-0.7844115909922901
14.91,0.396917462348938,1.058983325958252,0.037344631496743864,0.4053637385368434,-0.0001192092895507838,-0.7043450509819288
14.92,0.4007056951522827,1.0589832067489624,0.030696943645200828,0.3525435924530104,8.940696716308785e-05,-0.6263113895313
14.93,0.40396833419799805,1.0589851140975952,0.02481840370611824,0.30025094747543973,0.00029802322387695947,-0.5507272329969954
14.94,0.4067107141017914,1.05898916721344,0.01968239898526134,0.2484843134880119,0.00048279762268067436,-0.4780240014937367
14.95,0.4089380204677582,1.0589947700500488,0.015257923676243724,0.19723325967787364,0.0006616115570067913,-0.40864359135061606
14.96,0.4106553792953491,1.05900239944458,0.01150952715824835,0.14649182558058704,0.0008523464202880284,-0.3430323941536963
14.97,0.4118678569793701,1.0590118169784546,0.008397275793169526,0.0962525606155416,0.0010311603546142797,-0.28164513649560674
14.98,0.4125804305076599,1.0590230226516724,0.005876624428336334,0.04651099443435768,0.0011920928955078379,-0.22496094427675786
14.99,0.41279807686805725,1.0590356588363647,0.003898056907634354,-0.002735853195190488,0.0013172626495361608,-0.17348344555938958
15.0,0.4125257134437561,1.059049367904663,0.0024069555171488226,-0.051090121269227164,0.0014007091522217096,-0.12771946785070926
15.01,0.41177627444267273,1.0590636730194092,0.001343667550620049,-0.09590536355972494,0.0014722347259521799,-0.08816871694808014
15.02,0.41060760617256165,1.0590788125991821,0.0006435811781871568,-0.13722628355026537,0.0015318393707275718,-0.055355581054007466
15.03,0.4090317487716675,1.0590943098068237,0.0002365559295398767,-0.17792731523514174,0.0015497207641601892,-0.029831380964995904
15.04,0.4070490598678589,1.0591098070144653,4.695355888730879e-05,-0.21568387746809456,0.0015735626220702062,-0.012148171442659962
15.05,0.4047180712223053,1.0591257810592651,-6.407499313266802e-06,-0.24697184562681437,0.0016391277313231316,-0.002789497373756145
15.06,0.40210962295532227,1.0591425895690918,-8.836388587721674e-06,-0.272095203399664,0.0017344951629639043,-0.00020861625669166717
15.07,0.39927616715431213,1.0591604709625244,-1.0579824447237091e-05,-0.2929493784904542,0.001788139343261757,-0.0004239380358983615
15.08,0.3962506353855133,1.059178352355957,-1.7315149305520532e-05,-0.31095296144486134,0.0016927719116211297,-0.0010937452310733299
15.09,0.39305710792541504,1.0591943264007568,-3.245472906880523e-05,-0.32218843698502275,0.0013887882232666313,-0.0020891427960246125
15.1,0.389806866645813,1.0592061281204224,-5.9098005225998415e-05,-0.3242090344429085,0.0007808208465576339,-0.0033989548519964444
15.11,0.386572927236557,1.059209942817688,-0.00010043382610884276,-0.32011866569519726,-0.00021457672119141083,-0.005006790097272891
15.12,0.3834044933319092,1.0592018365859985,-0.00015923380717164346,-0.3110826015472202,-0.0016629695892332861,-0.006903707771854318
15.13,0.3803512752056122,1.0591766834259033,-0.00023850798154613257,-0.2944007515907089,-0.0036895275115964308,-0.009082258170688915
15.14,0.3775164783000946,1.0591280460357666,-0.00034087897058522387,-0.2687916159629879,-0.006371736526489394,-0.01152753960149713
15.15,0.37497544288635254,1.0590492486953735,-0.0004690587735759349,-0.23761689662933855,-0.009787082672119349,-0.014225391782418965
15.16,0.37276414036750793,1.0589323043823242,-0.0006253868062334105,-0.2026721835136457,-0.013911724090576469,-0.017160181747644474
15.17,0.3709219992160797,1.058771014213562,-0.0008122624085288105,-0.1640602946281468,-0.018763542175293368,-0.02033636467306853
15.18,0.36948293447494507,1.0585570335388184,-0.001032114099694743,-0.12199282646179459,-0.024437904357910677,-0.023725635617433634
15.19,0.36848214268684387,1.0582822561264038,-0.0012867751208772735,-0.07686316967010662,-0.030976533889771167,-0.02731384071335055
15.2,0.36794567108154297,1.057937502861023,-0.001578390913961679,-0.029759109020231145,-0.038325786590573584,-0.031107653968207704
15.21,0.3678869605064392,1.0575157403945923,-0.001908928200241512,0.018025934696196292,-0.0462830066680877,-0.035092995442640294
15.22,0.3683061897754669,1.0570118427276611,-0.002280250822814573,0.06566941738128802,-0.05471706390380976,-0.039258644516416426
15.23,0.36920034885406494,1.0564213991165161,-0.0026941010905700215,0.112816691398623,-0.06353259086609023,-0.04358592479012473
15.24,0.37056252360343933,1.0557411909103394,-0.00315196931861702,0.15848726034164767,-0.07252693176269685,-0.048070468493800395
15.25,0.3723700940608978,1.0549708604812622,-0.003655510460446112,0.2033174037933393,-0.08187294006347831,-0.05270253973024387
15.26,0.37462887167930603,1.0541037321090698,-0.00420602011322192,0.24841278791428142,-0.09173750877380567,-0.05746944735405391
15.27,0.37733834981918335,1.0531361103057861,-0.004804899407527071,0.29332339763641985,-0.10193586349487523,-0.06237121529744227
15.28,0.3804953396320343,1.0520650148391724,-0.005453444419170625,0.3378063440322948,-0.11237263679504635,-0.06738628280045378
15.29,0.3840944766998291,1.0508886575698853,-0.006152625063536011,0.3816917538642626,-0.12301206588744287,-0.07250712314867468
15.3,0.38812917470932007,1.0496047735214233,-0.006903586882144321,0.4250720143317889,-0.1338720321655183,-0.07774133330140129
15.31,0.39259591698646545,1.0482112169265747,-0.007707451729564097,0.4680350422859292,-0.14489293098450015,-0.08305820048633183
15.32,0.39748987555503845,1.0467069149017334,-0.008564750891870912,0.5103752017021288,-0.15594959259033536,-0.08844294725141222
15.33,0.4028034210205078,1.045092225074768,-0.009476310674592387,0.5521997809410213,-0.16704797744751332,-0.09390905903348323
15.34,0.40853387117385864,1.0433659553527832,-0.010442932072540687,0.5937129259109624,-0.17821788787842177,-0.09943595371959758
15.35,0.4146776795387268,1.0415278673171997,-0.01146502974898439,0.6348296999931471,-0.18939375877380774,-0.10502433344739216
15.36,0.4212304651737213,1.0395780801773071,-0.0125434187414886,0.6755262613296653,-0.20051598548889588,-0.11065535442882593
15.37,0.4281882047653198,1.0375175476074219,-0.013678136837560686,0.7158130407332891,-0.21155476570127965,-0.11631377441982163
15.38,0.43554672598838806,1.0353469848632812,-0.014869694229885337,0.7556825876235452,-0.22251605987547327,-0.12201924948668516
15.39,0.44330185651779175,1.033067226409912,-0.016118521827294504,0.7951423525810412,-0.23340582847595712,-0.12774124310866158
15.4,0.45144957304000854,1.0306788682937622,-0.017424519092058305,0.8342042565345942,-0.24424791336060092,-0.13347620980730676
15.41,0.4599859416484833,1.0281822681427002,-0.0187880460234405,0.8728668093681522,-0.25501847267151423,-0.13922705705063118
15.42,0.4689069092273712,1.025578498840332,-0.020209060233070935,0.9111315011978344,-0.26568174362183183,-0.1449727483389149
15.43,0.4782085716724396,1.0228686332702637,-0.021687500990218843,0.9490206837654316,-0.2762436866760313,-0.1507118445440524
15.44,0.48788732290267944,1.0200536251068115,-0.02322329712395177,0.9865298867225857,-0.28671622276306763,-0.15643268581984393
15.45,0.49793916940689087,1.0171343088150024,-0.024816154706615745,1.023656129836967,-0.29710531234739207,-0.16212972198957915
15.46,0.5083604454994202,1.0141115188598633,-0.026465891563743793,1.0604083538054705,-0.307428836822489,-0.16780101485843724
15.47,0.5191473364830017,1.0109857320785522,-0.02817217500378485,1.0967850685119862,-0.31766891479492865,-0.17344070482899024
15.48,0.5302961468696594,1.0077581405639648,-0.029934705660323503,1.1327892541885618,-0.3278195858001779,-0.17903755571769092
15.49,0.5418031215667725,1.0044293403625488,-0.031752926118138375,1.1684358119964848,-0.33789277076721913,-0.1845844884038645
15.5,0.5536648631095886,1.0010002851486206,-0.03362639542840066,1.2037277221679945,-0.34787058830261974,-0.19008040768378326
15.51,0.5658776760101318,0.9974719285964966,-0.03555453427181396,1.2386620044708516,-0.357761979103096,-0.1955120206958358
15.52,0.5784381031990051,0.9938450455665588,-0.03753663584231751,1.2732475996017727,-0.3675609827041704,-0.20087646220350736
15.53,0.5913426280021667,0.9901207089424133,-0.039572063515883944,1.3074874877929967,-0.377267599105843,-0.20617314981706153
15.54,0.6045878529548645,0.9862996935844421,-0.04166009883865886,1.3413786888121653,-0.3868818283080794,-0.21139285545677916
15.55,0.6181702017784119,0.9823830723762512,-0.043799920625019605,1.3749271631239917,-0.39641559123990244,-0.21652375382435676
15.56,0.6320863962173462,0.9783713817596436,-0.045990573915146125,1.4081507921219172,-0.40586590766907604,-0.22156745436581665
15.57,0.6463332176208496,0.9742657542228699,-0.04823126971233589,1.4410436153412172,-0.415217876434335,-0.22652193833439455
15.58,0.6609072685241699,0.970067024230957,-0.05052101268183392,1.4736056327820137,-0.4244744777679534,-0.23137795641095465
15.59,0.6758053302764893,0.965776264667511,-0.05285882884055496,1.5058428049087846,-0.4336327314376924,-0.23613000818039578
15.6,0.691024124622345,0.9613943696022034,-0.05524361284544173,1.5377581119537682,-0.4426956176757907,-0.24077263195246237
15.61,0.706560492515564,0.9569223523139954,-0.05767428147960393,1.569360494613681,-0.4516720771789647,-0.24530185703557883
15.62,0.7224113345146179,0.9523609280586243,-0.06014964998615321,1.6006529331206194,-0.4605621099471735,-0.24970935854873846
15.63,0.7385735511779785,0.9477111101150513,-0.06266846865057912,1.631629467010388,-0.46935975551602055,-0.25400253215508933
15.64,0.7550439238548279,0.9429737329483032,-0.06522970062925552,1.6622871160507557,-0.47807395458222457,-0.2581740967684542
15.65,0.7718192934989929,0.938149631023407,-0.06783195058594822,1.6926437616348626,-0.48670768737794007,-0.2622098851122801
15.66,0.7888967990875244,0.9332395792007446,-0.070473898331501,1.722699403762854,-0.49525797367097,-0.2661119527066992
15.67,0.8062732815742493,0.9282444715499878,-0.07315418964008225,1.7524570226669685,-0.5037277936935532,-0.2698767414942851
15.68,0.823945939540863,0.9231650233268738,-0.07587143316138645,1.781916618347206,-0.5121171474456896,-0.2735034115844362
15.69,0.8419116139411926,0.9180021286010742,-0.0786242578717707,1.8110811710358052,-0.520417094230663,-0.2769871144498618
15.7,0.8601675629615784,0.9127566814422607,-0.08141117545038373,1.8399596214293192,-0.5286395549773814,-0.28032467032557457
15.71,0.8787108063697815,0.9074293375015259,-0.0842307512782824,1.8685430288313558,-0.5367875099181767,-0.28350994774691024
15.72,0.897538423538208,0.9020209312438965,-0.08708137440532247,1.8968492746353554,-0.5448400974273798,-0.2865437178318392
15.73,0.9166477918624878,0.8965325355529785,-0.08996162563491916,1.9248753786087447,-0.5527973175048946,-0.28942141187596254
15.74,0.9360359311103821,0.8909649848937988,-0.09286980264284145,1.9526124000549732,-0.5606770515442014,-0.29213749160240177
15.75,0.9557000398635864,0.8853189945220947,-0.09580437546696688,1.9800841808319514,-0.5685061216354491,-0.29470118669330875
15.76,0.9756376147270203,0.8795948624610901,-0.09876382637670743,2.007275819778485,-0.5762517452240113,-0.2971044033586453
15.77,0.9958455562591553,0.8737939596176147,-0.1017464635341396,2.0341902971268135,-0.5839079618454104,-0.2993385071605578
15.78,1.0163214206695557,0.8679167032241821,-0.10475059651991846,2.06084251403813,-0.5915015935897954,-0.30140186340271247
15.79,1.037062406539917,0.8619639277458191,-0.1077745008021938,2.087223529815533,-0.5990147590636803,-0.30330815741861533
15.8,1.0580658912658691,0.8559364080429077,-0.11081675966829119,2.113348245620585,-0.6064623594283648,-0.3050384980894066
15.81,1.0793293714523315,0.849834680557251,-0.11387527076398248,2.139216661453293,-0.6138414144516122,-0.30658992993684675
15.82,1.100850224494934,0.8436595797538757,-0.116948558267028,2.164822816848801,-0.6211400032043589,-0.30797770878450803
15.83,1.1226258277893066,0.8374118804931641,-0.12003482493967242,2.1901845932007302,-0.6283491849899426,-0.30918906815836195
15.84,1.1446539163589478,0.8310925960540771,-0.12313233963019524,2.2152960300446027,-0.6354957818985121,-0.31022736865187855
15.85,1.1669317483901978,0.8247019648551941,-0.12623937231270974,2.240133285522509,-0.6425917148590224,-0.31108862110694296
15.86,1.189456582069397,0.818240761756897,-0.12935411205233383,2.2647261619566343,-0.6496071815490284,-0.3117743298483256
15.870000000000001,1.2122262716293335,0.8117098212242126,-0.13247485890967672,2.2890865802763347,-0.6565481424331222,-0.3122768007799215
15.88,1.2352383136749268,0.8051097989082336,-0.13559964806793254,2.3131906986237065,-0.6634235382080219,-0.31260123036903176
15.89,1.2584900856018066,0.7984413504600525,-0.1387268835170573,2.3370683193207284,-0.6702363491058493,-0.3127527637804506
15.9,1.2819796800613403,0.7917050719261169,-0.1418547033435415,2.3607134819031264,-0.6769835948944236,-0.31272358618853024
15.91,1.3057043552398682,0.7849016785621643,-0.14498135524082778,2.38410234451299,-0.6836682558059838,-0.31252224259939565
15.92,1.3296617269515991,0.7780317068099976,-0.1481051481955294,2.4072647094727078,-0.6902933120727687,-0.31214534734878674
15.93,1.3538496494293213,0.7710958123207092,-0.1512242621878033,2.4301886558533234,-0.6968528032303005,-0.31157683981731354
15.94,1.3782655000686646,0.7640946507453918,-0.1543366849918754,2.4528861045837926,-0.7033497095108182,-0.31083405534314096
15.95,1.402907371520996,0.7570288181304932,-0.1574409432946658,2.4753689765928506,-0.7098019123076913,-0.3099209040356556
15.96,1.427772879600525,0.7498986124992371,-0.160535103072589,2.497619390487502,-0.7162004709243291,-0.30883218931836565
15.97,1.4528597593307495,0.7427048087120056,-0.1636175870810337,2.519637346267754,-0.7225334644317781,-0.3075730130451436
15.98,1.478165626525879,0.7354479432106018,-0.16668656333349158,2.5414228439331596,-0.7288306951522983,-0.30613133962565475
15.99,1.5036882162094116,0.72812819480896,-0.1697402138735468,2.562594413757379,-0.7349848747253575,-0.3045163615127476
16.0,1.5294175148010254,0.720748245716095,-0.17277689056374626,2.58010625839216,-0.7400959730147816,-0.3027358237124318
16.01,1.5552903413772583,0.7133262753486633,-0.1757949303477957,2.5958716869354803,-0.7447242736816565,-0.3007906597787777
16.02,1.5813349485397339,0.7058537602424622,-0.17879270375932182,2.606725692749079,-0.7479637861251991,-0.2986693792872039
16.03,1.6074248552322388,0.6983669996261597,-0.18176831793353967,2.612400054931696,-0.749737024307267,-0.2963797278460919
16.04,1.6335829496383667,0.6908590197563171,-0.1847202983162434,2.6162385940552317,-0.7509917020797889,-0.29393015934260985
16.05,1.6597496271133423,0.6833471655845642,-0.18764692112039155,2.6100158691406805,-0.7493466138839882,-0.29131526234432226
16.06,1.6857832670211792,0.6758720874786377,-0.19054660356312988,2.5969266891480047,-0.7457375526428381,-0.2885512041429789
16.07,1.7116881608963013,0.6684324145317078,-0.19341794520325123,2.571177482605035,-0.7384955883026281,-0.28562649203110524
16.08,1.7372068166732788,0.6611021757125854,-0.196259133403752,2.5312840938568657,-0.7271885871887362,-0.28254072253586826
16.09,1.7623138427734375,0.6538886427879333,-0.1990687596539684,2.4928569793697277,-0.7163256406782937,-0.2793070288212414
16.1,1.7870639562606812,0.6467756628990173,-0.20184527398017751,2.4532377719879674,-0.7051169872284085,-0.2759233510037987
16.11,1.8113785982131958,0.6397863030433655,-0.20458722667404436,2.409189939498953,-0.6926119327545314,-0.2723956561402621
16.12,1.8352477550506592,0.632923424243927,-0.20729318710298264,2.3597002029419447,-0.6785362958908225,-0.26872630120030067
16.13,1.8585726022720337,0.6262155771255493,-0.20996175269805017,2.3023307323456303,-0.6622046232223652,-0.2649160073422031
16.14,1.8812943696975708,0.61967933177948,-0.21259150724982667,2.2379755973816393,-0.6439000368118424,-0.26096847181387717
16.15,1.9033321142196655,0.6133375763893127,-0.21518112213432763,2.1695911884308323,-0.6244808435440197,-0.25688350949491506
16.16,1.9246861934661865,0.6071897149085999,-0.217729177439725,2.1030843257900766,-0.6056159734725005,-0.25267676812295514
16.17,1.9453938007354736,0.6012252569198608,-0.22023465749678772,2.0382642745972115,-0.5872219800949222,-0.2483582061398701
16.18,1.9654514789581299,0.5954452753067017,-0.22269634156252244,1.973491907119793,-0.5688160657882811,-0.24390529055465202
16.19,1.9848636388778687,0.5898489356040955,-0.22511276330788085,1.9085884094238688,-0.5503296852111934,-0.2393382146140428
16.2,2.0036232471466064,0.584438681602478,-0.2274831058548032,1.8442809581756985,-0.5319505929947013,-0.2346647850564093
16.21,2.021749258041382,0.5792099237442017,-0.22980605900900888,1.7829298973083876,-0.5143642425537219,-0.22987390062275062
16.22,2.0392818450927734,0.5741513967514038,-0.232080583867258,1.7255425453186404,-0.49788355827332603,-0.2249885765859098
16.23,2.056260108947754,0.5692522525787354,-0.2343058305407271,1.67152881622318,-0.4823893308639629,-0.22001375690037708
16.24,2.0727124214172363,0.5645036101341248,-0.23648085900526558,1.6207695007324565,-0.4679083824157815,-0.21494205429042804
16.25,2.0886754989624023,0.5598940849304199,-0.2386046716265354,1.5722751617429183,-0.45408904552452617,-0.20978343316818743
16.26,2.1041579246520996,0.5554218292236328,-0.24067652766862999,1.5247821807861652,-0.44052302837372764,-0.20454497727875767
16.27,2.119171142578125,0.5510836243629456,-0.24269557117211046,1.4779448509216624,-0.4271656274795623,-0.19922152236476068
16.28,2.1337168216705322,0.5468785166740417,-0.2446609581159251,1.4309763908386535,-0.4137873649597256,-0.19382952709073167
16.29,2.1477906703948975,0.5428078770637512,-0.24657216171392513,1.38481855392459,-0.4006266593933191,-0.18838190632329124
16.3,2.1614131927490234,0.5388659834861755,-0.2484285962423907,1.341140270233183,-0.38817226886750095,-0.18287490787914196
16.31,2.1746134757995605,0.5350444316864014,-0.2502296598715077,1.2978911399841586,-0.3758162260055622,-0.17731130821290564
16.32,2.187371015548706,0.5313496589660645,-0.25197482240664887,1.2535452842712669,-0.36312639713288125,-0.1716989599951405
16.33,2.1996843814849854,0.5277819037437439,-0.2536636390714105,1.210057735443141,-0.35068094730377947,-0.1660449914184161
16.34,2.2115721702575684,0.524336040019989,-0.25529572223501706,1.166582107543763,-0.3382027149199911,-0.16036666652541046
16.35,2.2230160236358643,0.521017849445343,-0.2568709724019193,1.119983196258569,-0.32480657100678184,-0.154663177847939
16.36,2.2339718341827393,0.5178399085998535,-0.2583889857919759,1.072096824646019,-0.3110349178314275,-0.14892579696621816
16.37,2.244457960128784,0.5147971510887146,-0.25984948834124355,1.024508476257346,-0.2973347902298037,-0.14318688938470853
16.38,2.2544620037078857,0.5118932127952576,-0.26125272357967017,0.974619388580343,-0.28293132781983027,-0.137442153499648
16.39,2.2639503479003906,0.5091385245323181,-0.26259833141123645,0.9235620498657423,-0.2681732177734432,-0.13169881719372892
16.4,2.2729332447052,0.5065297484397888,-0.26388669992354474,0.873458385467548,-0.25369822978973927,-0.12597254870732313
16.41,2.281419515609741,0.5040645599365234,-0.2651177823853829,0.8239269256590509,-0.23934841156002118,-0.12025332367504922
16.42,2.289411783218384,0.5017427802085876,-0.26629176639704627,0.7746577262878583,-0.22504925727844718,-0.11455925419046298
16.43,2.296912670135498,0.4995635747909546,-0.2674089674691923,0.7255911827087557,-0.2108141779899642,-0.10890245673796049
16.44,2.3039236068725586,0.49752649664878845,-0.2684698155318054,0.6771326065063621,-0.19676238298416557,-0.10329085004399328
16.45,2.310455322265625,0.49562832713127136,-0.26947478447007217,0.6294488906860486,-0.1829490065574685,-0.0977238951700897
16.46,2.3165125846862793,0.49386751651763916,-0.2704242934352072,0.5825757980346804,-0.16939491033554438,-0.09220938389731456
16.47,2.3221068382263184,0.49224042892456055,-0.27131897214801864,0.5366563796997185,-0.1561313867569003,-0.08676898676081198
16.48,2.3272457122802734,0.4907448887825012,-0.27215967317042344,0.492477416992198,-0.1433804631233246,-0.081396285560233
16.49,2.331956386566162,0.4893728196620941,-0.2729468978592232,0.45011043548584945,-0.13116002082824987,-0.07610928833523707
16.5,2.3362479209899902,0.4881216883659363,-0.27368185893712793,0.4080295562743503,-0.11902004480360077,-0.07092042790731724
16.51,2.3401169776916504,0.48699241876602173,-0.27436530641737,0.36653280258179494,-0.10707974433899153,-0.06582888505184543
16.52,2.343578577041626,0.4859800934791565,-0.2749984366381648,0.3262758255004952,-0.0946149230003377,-0.05410073958136534
16.53,2.34664249420166,0.485100120306015,-0.2754473212089973,0.28694868087769165,-0.04386007785797213,-0.024948533590807818
16.54,2.3493175506591797,0.48510289192199707,-0.27549740730998074,0.24805068969727093,0.008483231067657651,-0.026959934537896267
16.55,2.3516035079956055,0.48526978492736816,-0.2759865198997554,0.2092957496643111,0.021791458129883277,-0.046665444061756316
16.56,2.353503465652466,0.4855387210845947,-0.27643071619121606,0.17129182815552124,0.031825900077820504,-0.04223522784170354
16.57,2.355029344558716,0.48590630292892456,-0.2768312244565897,0.13462305068970012,0.041484832763672756,-0.03795096745369345
16.58,2.3561959266662598,0.48636841773986816,-0.2771897355402899,0.09961128234863494,0.048761069774628726,-0.03383578961619965
16.59,2.3570215702056885,0.4868815243244171,-0.2775079402489135,0.06772279739378824,0.04991739988326246,-0.029914252898572732
16.6,2.3575503826141357,0.48736676573753357,-0.27778802059826135,0.03857612609863364,0.0467151403427134,-0.026182054265678215
16.61,2.357793092727661,0.48781582713127136,-0.2780315813342271,0.011432170867920165,0.042262673377991625,-0.022649424224652697
16.62,2.357779026031494,0.4882120192050934,-0.27824100908275434,-0.013685226440429979,0.036928057670594046,-0.019334374380930854
16.63,2.3575193881988525,0.4885543882846832,-0.27841826882184556,-0.0366091728210457,0.031261146068573664,-0.01622093791175984
16.64,2.3570468425750732,0.48883724212646484,-0.2785654278409897,-0.05842447280883913,0.025574862957001277,-0.013346981579643043
16.65,2.356350898742676,0.48906588554382324,-0.27868520845343864,-0.0807762145996111,0.020468235015869578,-0.010733382661976217
16.66,2.355431318283081,0.4892466068267822,-0.27878009549422916,-0.10021924972532613,0.01653283834457139,-0.008380754348678932
16.67,2.354346513748169,0.4893965423107147,-0.27885282354041213,-0.11620521545410403,0.013895332813263236,-0.006299331109827079
16.68,2.353107213973999,0.4895245134830475,-0.2789060821164256,-0.13021230697632113,0.012364983558655049,-0.00448256250993327
16.69,2.3517422676086426,0.4896438419818878,-0.2789424747906109,-0.14255046844482724,0.011812150478363289,-0.0029717967582332883
16.7,2.3502562046051025,0.48976075649261475,-0.2789655180515905,-0.15454292297363612,0.011783838272094978,-0.0017653926516203833
16.71,2.34865140914917,0.4898795187473297,-0.2789777826436433,-0.1660108566284215,0.012139976024627944,-0.0008678565468489737
16.72,2.346935987472534,0.4900035560131073,-0.2789828751825274,-0.17685890197754284,0.012761354446411405,-0.0003008847749175267
16.73,2.345114231109619,0.49013474583625793,-0.2789838003391416,-0.18478631973266996,0.013706088066101366,-4.625783072143107e-05
16.74,2.343240261077881,0.4902776777744293,-0.2789838003391416,-0.18864870071411535,0.014878809452057202,0.0
16.75,2.341341257095337,0.4904323220252991,-0.2789838003391416,-0.19055604934689405,0.01596659421920527,0.0
16.76,2.3394291400909424,0.4905970096588135,-0.2789838003391416,-0.19103288650513103,0.0168785452842716,0.0
16.77,2.3375205993652344,0.4907698929309845,-0.2789838003391416,-0.1894474029541056,0.017584860324859994,0.0
16.78,2.3356401920318604,0.49094870686531067,-0.2789838003391416,-0.1852035522460977,0.01806169748306313,0.0
16.79,2.3338165283203125,0.49113112688064575,-0.2789838003391416,-0.17892122268677138,0.018337368965149318,0.0
16.8,2.332061767578125,0.49131545424461365,-0.2789838003391416,-0.17112493515015012,0.018368661403656398,0.0
16.81,2.3303940296173096,0.49149850010871887,-0.2789838003391416,-0.16206502914429055,0.018174946308136375,0.0
16.82,2.3288204669952393,0.49167895317077637,-0.2789838003391416,-0.1524448394775423,0.017876923084259415,0.0
16.83,2.327345132827759,0.49185603857040405,-0.2789838003391416,-0.14222860336304013,0.017407536506653203,0.0
16.84,2.3259758949279785,0.4920271039009094,-0.2789838003391416,-0.13155937194822162,0.01676529645919538,0.0
16.85,2.324713945388794,0.492191344499588,-0.2789838003391416,-0.1206874847412135,0.015929341316223485,0.0
16.86,2.3235621452331543,0.4923456907272339,-0.2789838003391416,-0.10970830917358633,0.0149279832839969,0.0
16.87,2.3225197792053223,0.49248990416526794,-0.2789838003391416,-0.09877681732177945,0.01389682292938262,0.0
16.88,2.3215866088867188,0.49262362718582153,-0.2789838003391416,-0.08782148361206242,0.012780725955963407,0.0
16.89,2.320763349533081,0.4927455186843872,-0.2789838003391416,-0.07697343826294109,0.01157969236373926,0.0
16.9,2.32004714012146,0.4928552210330963,-0.2789838003391416,-0.06663799285888813,0.010317564010620337,0.0
16.91,2.3194305896759033,0.4929518699645996,-0.2789838003391416,-0.05754232406615312,0.009016692638395806,0.0
16.92,2.3188962936401367,0.49303555488586426,-0.2789838003391416,-0.04966259002685653,0.007729232311248944,0.0
16.93,2.318437337875366,0.4931064546108246,-0.2789838003391416,-0.042319297790528246,0.006464123725891251,0.0
16.94,2.318049907684326,0.4931648373603821,-0.2789838003391416,-0.03540515899658279,0.005251169204712026,0.0
16.95,2.3177292346954346,0.4932114779949188,-0.2789838003391416,-0.02897977828979554,0.004111230373382656,0.0
16.96,2.3174703121185303,0.49324706196784973,-0.2789838003391416,-0.02397298812866262,0.0031590461730957703,0.0
16.97,2.3172497749328613,0.49327465891838074,-0.2789838003391416,-0.020861625671387163,0.0024527311325073767,0.0
16.98,2.3170530796051025,0.4932961165904999,-0.2789838003391416,-0.018572807312012114,0.0018492341041565336,0.0
16.99,2.316878318786621,0.49331164360046387,-0.2789838003391416,-0.016689300537109732,0.0013113021850586217,0.0
17.0,2.3167192935943604,0.49332234263420105,-0.2789838003391416,-0.015354156494138224,0.0008657574653624135,0.0
17.01,2.3165712356567383,0.4933289587497711,-0.2789838003391416,-0.014436244964599916,0.00048726797103882877,0.0
17.02,2.3164305686950684,0.4933320879936218,-0.2789838003391416,-0.013768672943115528,0.0001654028892517125,0.0
17.03,2.316295862197876,0.49333226680755615,-0.2789838003391416,-0.013208389282226844,-0.000110268592834475,0.0
17.04,2.316166400909424,0.49332988262176514,-0.2789838003391416,-0.012707710266113552,-0.000360608100891121,0.0
17.05,2.3160417079925537,0.49332505464553833,-0.2789838003391416,-0.012254714965820574,-0.0005900859832763798,0.0
17.06,2.3159213066101074,0.4933180809020996,-0.2789838003391416,-0.011801719665527595,-0.0007867813110351731,0.0
17.07,2.315805673599243,0.4933093190193176,-0.2789838003391416,-0.01132488250732446,-0.0009506940841675007,0.0
17.08,2.315694808959961,0.49329906702041626,-0.2789838003391416,-0.010859966278076403,-0.0010654330253601302,0.0
17.09,2.3155884742736816,0.4932880103588104,-0.2789838003391416,-0.010383129119871423,-0.0011354684829710138,0.0
17.1,2.3154871463775635,0.49327635765075684,-0.2789838003391416,-0.0050663948059083115,-0.0005826354026794558,0.0
17.11,2.3154871463775635,0.49327635765075684,-0.2789838003391416,0.0,0.0,0.0
17.12,2.3154871463775635,0.49327635765075684,-0.2789838003391416,0.0,0.0,0.0
17.13,2.3154871463775635,0.49327635765075684,-0.2789838003391416,0.0,0.0,0.0
17.14,2.3154871463775635,0.49327635765075684,-0.2789838003391416,0.0,0.0,0.0
17.15,2.3154871463775635,0.49327635765075684,-0.2789838003391416,0.0,0.0,0.0
17.16,2.3154871463775635,0.49327635765075684,-0.2789838003391416,0.0,0.0,0.0
17.17,2.3154871463775635,0.49327635765075684,-0.2789838003391416,0.0,0.0,0.0
17.18,2.3154871463775635,0.49327635765075684,-0.2789838003391416,0.0,0.0,0.0
17.19,2.3154871463775635,0.49327635765075684,-0.2789838003391416,0.0,0.0,0.0
17.2,2.3154871463775635,0.49327635765075684,-0.2789838003391416,0.0,0.0,0.0
17.21,2.3154871463775635,0.49327635765075684,-0.2789838003391416,0.0,0.0,0.0
17.22,2.3154871463775635,0.49327635765075684,-0.2789838003391416,0.0,0.0,0.0
17.23,2.3154871463775635,0.49327635765075684,-0.2789838003391416,0.0,0.0,0.0
17.24,2.3154871463775635,0.49327635765075684,-0.2789838003391416,0.0,0.0,0.0
17.25,2.3154871463775635,0.49327635765075684,-0.2789838003391416,0.0,0.0,0.0
17.26,2.3154871463775635,0.49327635765075684,-0.2789838003391416,0.0,0.0,0.0
17.27,2.3154871463775635,0.49327635765075684,-0.2789838003391416,0.0,0.0,0.0
17.28,2.3154871463775635,0.49327635765075684,-0.2789838003391416,0.0,0.0,0.0
17.29,2.3154871463775635,0.49327635765075684,-0.2789838003391416,0.0,0.0,0.0
17.3,2.3154871463775635,0.49327635765075684,-0.2789838003391416,0.0,0.0,0.0
17.31,2.3154871463775635,0.49327635765075684,-0.2789838003391416,0.0,0.0,0.0
17.32,2.3154871463775635,0.49327635765075684,-0.2789838003391416,0.0,0.0,0.0
17.33,2.3154871463775635,0.49327635765075684,-0.2789838003391416,0.0,0.0,0.0
17.34,2.3154871463775635,0.49327635765075684,-0.2789838003391416,0.0,0.0,0.0
17.35,2.3154871463775635,0.49327635765075684,-0.2789838003391416,-0.0001788139343261757,-9.983777999878142e-05,0.00028348587477467537
17.36,2.315483570098877,0.49327436089515686,-0.27897813062164606,-0.0007867813110351731,-0.000345706939697273,0.0024228357293321584
17.37,2.3154714107513428,0.4932694435119629,-0.2789353436245552,-0.0018596649169922272,-0.000566244125366223,0.0080336118995385
17.38,2.315446376800537,0.49326303601264954,-0.27881745838365507,-0.0035285949707032,-0.0006154179573059213,0.017370440846176487
17.39,2.3154008388519287,0.4932571351528168,-0.27858793480763155,-0.00610351562500013,-0.0004082918167114345,0.03028840610888104
17.4,2.315324306488037,0.4932548701763153,-0.27821169026147746,-0.009846687316894741,0.00015050172805786453,0.04665569261117596
17.41,2.315203905105591,0.49326014518737793,-0.277654820955408,-0.015068054199216394,0.0011697411537168582,0.06633231845379968
17.42,2.3150229454040527,0.49327826499938965,-0.27688504389240115,-0.022089481353760237,0.0027477741241455664,0.08916994227443821
17.43,2.3147621154785156,0.49331510066986084,-0.27587142210991933,-0.031149387359619803,0.004953145980835067,0.1150560962236893
17.44,2.3143999576568604,0.49337732791900635,-0.27458392196792747,-0.04240274429321379,0.00787377357482927,0.14386598525395783
17.45,2.3139140605926514,0.4934725761413574,-0.27299410240484,-0.05599260330200315,0.011600553989410648,0.17544262263425134
17.46,2.3132801055908203,0.49360933899879456,-0.2710750695152424,-0.0717282295227066,0.01610815525054966,0.20969563451072484
17.47,2.3124794960021973,0.4937947392463684,-0.2688001897146255,-0.08956193923950387,0.021371245384216763,0.24648886466985234
17.48,2.3114888668060303,0.4940367639064789,-0.2661452922218455,-0.10998249053955313,0.027477741241455664,0.2856702579835452
17.49,2.3102798461914062,0.4943442940711975,-0.26308678455495477,-0.13273954391479775,0.03432333469390942,0.3271422608771405
17.5,2.3088340759277344,0.49472323060035706,-0.25960244700430285,-0.15665292739865716,0.04158914089202231,0.370780634608878
17.51,2.3071467876434326,0.4951760768890381,-0.25567117186277627,-0.18285512924194725,0.04956871271133528,0.4164702264093689
17.52,2.3051769733428955,0.49571460485458374,-0.2512730424761155,-0.21318197250366666,0.05873739719390994,0.46409264783780924
17.53,2.3028831481933594,0.49635082483291626,-0.24638931890602045,-0.24669170379639196,0.06882250308990626,0.5135283431172976
17.54,2.3002431392669678,0.49709105491638184,-0.24100247561376995,-0.28293132781983027,0.07963627576828172,0.5646720610455689
17.55,2.297224521636963,0.49794355034828186,-0.23509587768510914,-0.3228187561035225,0.09142905473709301,0.6174007198242925
17.56,2.2937867641448975,0.49891963601112366,-0.22865446121728442,-0.3636240959167558,0.10343343019485694,0.6716120400258739
17.57,2.289952039718628,0.500012218952179,-0.22166363688459184,-0.4043459892273035,0.1153662800788904,0.7272085955826557
17.58,2.2856998443603516,0.5012269616127014,-0.21411028930563172,-0.44618844985962863,0.1275897026062039,0.7840654497583256
17.59,2.2810282707214355,0.502564013004303,-0.20598232788942547,-0.48824548721305844,0.13984739780423838,0.842077113234853
17.6,2.275934934616089,0.5040239095687866,-0.19726874704093195,-0.5302190780639762,0.15205740928650227,0.9011558930449773
17.61,2.2704238891601562,0.505605161190033,-0.1879592100285263,-0.5717992782592896,0.1641184091568028,0.9611994500237958
17.62,2.2644989490509033,0.5073062777519226,-0.17804475804045622,-0.6129741668701303,0.1760393381118812,1.0220937945579096
17.63,2.258164405822754,0.5091259479522705,-0.16751733413736863,-0.6537318229675433,0.18785595893860263,1.0837540605928018
17.64,2.2514243125915527,0.5110633969306946,-0.15636967682860065,-0.6940722465515284,0.19956529140472837,1.146079940041147
17.65,2.2442829608917236,0.513117253780365,-0.1445957353365462,-0.7340192794799961,0.21114349365234825,1.2089714829045342
17.66,2.236743927001953,0.5152862668037415,-0.1321902471705104,-0.7735848426817639,0.22259354591366148,1.272344054332076
17.67,2.228811264038086,0.5175691246986389,-0.11914885424990058,-0.8127331733703786,0.23392140865326427,1.3361022892627368
17.68,2.220489263534546,0.5199646949768066,-0.10546820138525624,-0.8515000343322935,0.24513304233551547,1.400158431996442
17.69,2.2117812633514404,0.5224717855453491,-0.09114568560997219,-0.8899092674255561,0.2562433481216485,1.4644218180297799
17.7,2.202691078186035,0.5250895619392395,-0.07617976502466134,-0.9279131889343459,0.26725828647614097,1.5288030145064073
17.71,2.193222999572754,0.5278169512748718,-0.060569625319844826,-0.9655117988586631,0.2781659364700377,1.593222456328392
17.72,2.1833808422088623,0.5306528806686401,-0.044315315898094176,-1.0027408599853729,0.28898715972901007,1.6576112511860772
17.73,2.173168182373047,0.5335966944694519,-0.027417400296123995,-1.0396003723144753,0.29971301555634183,1.7218774160565309
17.74,2.1625888347625732,0.5366471409797668,-0.009877767576964284,-1.0761022567749252,0.31034648418427174,1.7859296753832623
17.75,2.151646137237549,0.5398036241531372,0.008301193211540638,-1.1122465133665254,0.3208875656127428,1.849706966325892
17.76,2.1403439044952393,0.5430648922920227,0.027116371749559116,-1.148009300231958,0.3313153982162546,1.9131218946195148
17.77,2.12868595123291,0.5464299321174622,0.04656363110393031,-1.183414459228541,0.34164190292359126,1.9761071099194427
17.78,2.116675615310669,0.5498977303504944,0.06663851394794731,-1.2184739112854264,0.3518521785736159,2.038594268184756
17.79,2.104316473007202,0.5534669756889343,0.08733551646762472,-1.2531876564026145,0.3619462251663285,2.100507920702133
17.8,2.091611862182617,0.5571366548538208,0.10864867236198891,-1.2875556945801057,0.37193298339844544,2.1617843781583286
17.81,2.0785653591156006,0.5609056353569031,0.13057120403079048,-1.3216018676758094,0.3818064928054891,2.2223398846428686
17.82,2.0651798248291016,0.5647727847099304,0.15309547005484545,-1.3553261756897261,0.39162039756775735,2.282120298810968
17.83,2.0514588356018066,0.5687380433082581,0.1762136100070087,-1.388633251190215,0.40139555931092163,2.341075886518534
17.84,2.037407159805298,0.5728006958961487,0.19991698778521533,-1.4216065406797094,0.41106343269341716,2.3991153995236907
17.85,2.023026704788208,0.5769593119621277,0.22419591799748992,-1.454293727874787,0.420612096786508,2.456206195332297
17.86,2.0083212852478027,0.5812129378318787,0.24904111169186013,-1.4866352081299146,0.43005347251893006,2.51228392375654
17.87,1.9932940006256104,0.5855603814125061,0.27444159647261984,-1.5186905860901203,0.43939650058747276,2.5672731265619855
17.88,1.977947473526001,0.5900008678436279,0.3003865742230989,-1.550436019897494,0.44863820075989724,2.621128501832815
17.89,1.9622852802276611,0.5945331454277039,0.3268641665092748,-1.581853628158603,0.457760691642771,2.6737861230009443
17.9,1.9463104009628296,0.5991560816764832,0.3538622966831167,-1.6129612922668801,0.46677887439728777,2.7251991677178427
17.91,1.9300260543823242,0.6038687229156494,0.3813681498636307,-1.6437530517575556,0.4757225513457508,2.77535403153789
17.92,1.9134353399276733,0.6086705327033997,0.40936937731388323,-1.674222946167028,0.48462152481080134,2.8241669158566456
17.93,1.8965415954589844,0.6135611534118652,0.43785148818076236,-1.7043888568878538,0.4934549331665144,2.871612783952332
17.94,1.879347562789917,0.6185396313667297,0.46680163299292887,-1.7342567443848025,0.5021989345550644,2.9176494483791737
17.95,1.861856460571289,0.6236051321029663,0.49620447714834454,-1.763820648193397,0.5108416080474962,2.9621708131470657
17.96,1.8440711498260498,0.6287564635276794,0.5260450492558687,-1.7930984497070694,0.5193859338760487,3.005173543117376
17.97,1.8259944915771484,0.6339928507804871,0.5563079480106908,-1.82209014892582,0.5278348922729604,3.0466486951872467
17.98,1.8076293468475342,0.6393131613731384,0.5869780231596123,-1.8507897853851714,0.5362033843994255,3.0865196396530727
17.99,1.7889786958694458,0.6447169184684753,0.6180383408037511,-1.8791913986206454,0.5445212125778315,3.1247848528498823
18.0,1.770045518875122,0.6502035856246948,0.6494737202166085,-1.907306909560859,0.5527615547179312,3.1613681546189096
18.01,1.7508325576782227,0.6557721495628357,0.6812657038961393,-1.9351482391357835,0.5609065294265867,3.1962437551109404
18.02,1.7313425540924072,0.6614217162132263,0.7133985953188261,-1.962715387344402,0.5689650774002196,3.2294395665316578
18.03,1.7115782499313354,0.6671514511108398,0.7458544952267708,-1.9900202751160092,0.576928257942212,3.2608664941262275
18.04,1.691542148590088,0.6729602813720703,0.7786159252013494,-2.017068862915082,0.5847841501236086,3.2905058350307694
18.05,1.6712368726730347,0.6788471341133118,0.8116646119273849,-2.043843269348188,0.5925446748733647,3.3183321969795716
18.06,1.650665283203125,0.6848111748695374,0.8449825691409396,-2.0703494548798047,0.6002217531204351,3.3443448073239783
18.07,1.6298298835754395,0.6908515691757202,0.878551508073863,-2.0965874195099325,0.6078571081161629,3.3684610444231042
18.08,1.6087335348129272,0.6969683170318604,0.9123517900294005,-2.122539281845138,0.6154537200927865,3.3906677985578617
18.09,1.5873790979385376,0.7031606435775757,0.9463648640450186,-2.148234844207428,0.6229847669600467,3.411004218364799
18.1,1.565768837928772,0.7094280123710632,0.9805718743967072,-2.173680067062424,0.6304532289505139,3.429477839486934
18.11,1.54390549659729,0.7157697081565857,1.0149544208347558,-2.1988630294800275,0.63785016536714,3.4460267749629803
18.12,1.5217915773391724,0.7221850156784058,1.0494924098959655,-2.2237896919250963,0.645211338996901,3.460545181934134
18.13,1.499429702758789,0.7286739349365234,1.084165324473437,-2.2484004497528556,0.6525218486786027,3.4731516833531226
18.14,1.4768235683441162,0.7352354526519775,1.1189554435630267,-2.2726535797119625,0.6597161293029926,3.4838526413683755
18.15,1.4539766311645508,0.741868257522583,1.1538423773008033,-2.2967398166656983,0.6668180227279805,3.4925261299386747
18.16,1.4308887720108032,0.7485718131065369,1.1888059661617985,-2.320706844329471,0.6738573312758346,3.4991513891685058
18.17,1.407562494277954,0.7553454041481018,1.2238254050841844,-2.3444175720215346,0.6808549165725853,3.503798964126256
18.18,1.3840004205703735,0.7621889114379883,1.2588819454443223,-2.3678839206696063,0.6877899169922022,3.506531486347061
18.19,1.360204815864563,0.7691012024879456,1.2939560348111239,-2.391129732132009,0.6946176290512233,3.5072209226896103
18.2,1.3361778259277344,0.7760812640190125,1.3290263638981128,-2.4141609668732205,0.7013529539108426,3.5059290550179503
18.21,1.3119215965270996,0.7831282615661621,1.3640746159114814,-2.4369776248932404,0.70799589157106,3.5026238879786256
18.22,1.2874382734298706,0.7902411818504333,1.3990788416576838,-2.4595618247986364,0.7145613431930694,3.49735651460695
18.23,1.262730360031128,0.7974194884300232,1.4340217462036189,-2.481919527053886,0.7210552692413483,3.4901144641599515
18.24,1.237799882888794,0.80466228723526,1.4688811309408811,-2.5040686130524215,0.7274478673935092,3.480860477735822
18.25,1.2126489877700806,0.8119684457778931,1.503638955758334,-2.523887157439791,0.7331579923628615,3.4696136092349357
18.26,1.1873221397399902,0.8193254470825195,1.5382734031255907,-2.540928125381524,0.7381141185760656,3.4563950900405276
18.27,1.1618304252624512,0.8267307281494141,1.5727668575591431,-2.557265758514459,0.7428914308548132,3.4412914791496285
18.28,1.1361768245697021,0.8341832756996155,1.607099232708582,-2.5722444057465146,0.7472276687622229,3.424148490475771
18.29,1.110385537147522,0.8416752815246582,1.641249827368657,-2.5860726833344057,0.7511794567108314,3.4051080904458355
18.3,1.0844553709030151,0.8492068648338318,1.6752013945174973,-2.5971651077271063,0.7542908191681069,3.3842196250865983
18.31,1.058442234992981,0.85676109790802,1.7089342198703878,-2.602469921112116,0.7556319236755532,3.3613989261420056
18.32,1.032405972480774,0.8643195033073425,1.7424293730403357,-2.6023983955383856,0.7553666830063027,3.336692607865981
18.33,1.0063942670822144,0.8718684315681458,1.7756680720277063,-2.6008844375610907,0.7546991109848183,3.310147746850038
18.34,0.9803882837295532,0.8794134855270386,1.8086323279773353,-2.5875300168987043,0.750675797462346,3.2817904622991922
18.35,0.9546436667442322,0.886881947517395,1.8413038812737006,-2.555146813392694,0.741225481033341,3.251611855726491
18.36,0.9292853474617004,0.8942379951477051,1.8736645650918637,-2.5156348943710864,0.7296085357666171,3.21965379730045
18.37,0.9043309688568115,0.901474118232727,1.9056969572197084,-2.477198839187675,0.7181674242019807,3.1859306165382475
18.38,0.879741370677948,0.9086013436317444,1.9373831774226271,-2.443113923072867,0.7079809904098662,3.150514638962965
18.39,0.8554686903953552,0.9156337380409241,1.9687072499989664,-2.396714687347463,0.6941914558410792,3.11342238705472
18.4,0.8318070769309998,0.9224851727485657,1.9996516251637202,-2.3323744535446664,0.6751209497451927,3.0746371972083733
18.41,0.8088212013244629,0.9291361570358276,2.0301999939431323,-2.2668749094005856,0.6556570529936719,3.0343105915629085
18.42,0.786469578742981,0.9355983138084412,2.0603378369949876,-2.2037744522095197,0.6368756294250624,2.992411339576437
18.43,0.7647457122802734,0.9418736696243286,2.09004822073466,-2.1386265754700164,0.6175071001052989,2.9489045685337576
18.44,0.7436970472335815,0.9479484558105469,2.1193159283656615,-2.0723819732666455,0.597804784774793,2.903883459771301
18.45,0.7232980728149414,0.9538297653198242,2.1481258899300846,-2.0081907510757873,0.5786329507827882,2.857444691929761
18.46,0.7035332322120667,0.9595211148262024,2.1764648222042555,-1.9437640905380664,0.5592644214630246,2.8096382054684166
18.47,0.6844227910041809,0.9650150537490845,2.2043186540394517,-1.8803596496582433,0.5401194095611688,2.7604161833198058
18.48,0.6659260392189026,0.9703235030174255,2.2316731458706505,-1.8205314874649436,0.5220383405685536,2.7098794572901896
18.49,0.6480121612548828,0.9754558205604553,2.2585162431852543,-1.7625749111175912,0.5045831203460801,2.6580743006838228
18.5,0.6306745409965515,0.9804151654243469,2.284834631884326,-1.7069786787030412,0.48788785934440615,2.605048245567968
18.51,0.6138725876808167,0.985213577747345,2.310617208096622,-1.6531288623810168,0.47176182270051054,2.5508458017485234
18.52,0.5976119637489319,0.9898504018783569,2.335851547919295,-1.5988677740097386,0.455522537231455,2.495480606193343
18.53,0.5818952322006226,0.9943240284919739,2.3605268202204877,-1.5455871820450158,0.4395276308059786,2.4390950581556123
18.54,0.5667002201080322,0.9986409544944763,2.3846334490824064,-1.4953404664993606,0.4245132207870574,2.3817233019061197
18.55,0.551988422870636,1.0028142929077148,2.408161286258609,-1.4472067356109928,0.41029751300812645,2.323389123414904
18.56,0.537756085395813,1.0068469047546387,2.4311012315507035,-1.3995170593262016,0.3963291645050133,2.2641914014792692
18.57,0.5239980816841125,1.010740876197815,2.4534451142881935,-1.352727413177519,0.3826379776001058,2.2041420960903695
18.58,0.5107015371322632,1.0144996643066406,2.47518407347251,-1.307833194732694,0.36948919296265437,2.143346059336594
18.59,0.49784141778945923,1.0181306600570679,2.4963120354749244,-1.2632831931112223,0.35650134086603313,2.081900690810986
18.6,0.4854358732700348,1.0216296911239624,2.516822087288736,-1.21882855892184,0.3436982631683423,2.0198160262901097
18.61,0.47346484661102295,1.0250046253204346,2.5367083560007258,-1.176719367504145,0.3317058086395334,1.9571479131606813
18.62,0.4619014859199524,1.028263807296753,2.555965045551949,-1.1353299021721128,0.31991600990296093,1.8940210854104538
18.63,0.4507582485675812,1.0314029455184937,2.574588777708934,-1.0932043194771046,0.30790567398071944,1.8305148862278466
18.64,0.44003739953041077,1.0344219207763672,2.592575343276505,-1.0516673326492534,0.2961575984954897,1.7666549942578924
18.65,0.42972490191459656,1.0373260974884033,2.609921877594091,-1.0107859969139315,0.28462409973145136,1.702522416750521
18.66,0.41982167959213257,1.040114402770996,2.6266257916115148,-0.9697288274763499,0.2729654312133362,1.638205954909832
18.67,0.41033032536506653,1.042785406112671,2.642685996692293,-0.9280830621719558,0.2611041069030817,1.573811614451748
18.68,0.40126001834869385,1.0453364849090576,2.658102023900549,-0.8860930800438116,0.24917125701904827,1.5093980483095282
18.69,0.3926084637641907,1.0477688312530518,2.672873957658483,-0.8440807461738766,0.2372503280639699,1.4450413534227022
18.7,0.3843784034252167,1.050081491470337,2.6870028509690025,-0.8013218641281299,0.22505521774292472,1.3808244723182723
18.71,0.3765820264816284,1.0522699356079102,2.7004904471048476,-0.7580578327179117,0.21266341209412074,1.3168412058182368
18.72,0.36921724677085876,1.0543347597122192,2.7133396750853667,-0.7149979472160491,0.20031332969665955,1.2531904962935814
18.73,0.36228206753730774,1.0562762022018433,2.7255542570307187,-0.6721436977386618,0.18801093101501865,1.1899567164603861
18.74,0.3557743728160858,1.0580949783325195,2.737138809414574,-0.6294399499893323,0.1757264137268104,1.1272247125074815
18.75,0.34969326853752136,1.0597907304763794,2.748098751280868,-0.5869165062903441,0.16342401504514048,1.0650892444044824
18.76,0.3440360426902771,1.0613634586334229,2.758440594302667,-0.5445331335067866,0.151103734970096,1.0036529635786486
18.77,0.33880260586738586,1.0628128051757812,2.7681718105524404,-0.5026876926422227,0.13890862464905082,0.9430137746682755
18.78,0.33398228883743286,1.0641416311264038,2.777300869796032,-0.4616975784301856,0.1269400119781521,0.8832428223579403
18.79,0.32956865429878235,1.0653516054153442,2.785836666999599,-0.42088329792023604,0.11503696441650636,0.8244646316732893
18.8,0.3255646228790283,1.0664423704147339,2.7937901624294974,-0.38045644760132646,0.103271007537844,0.7668000683449024
18.81,0.321959525346756,1.067417025566101,2.8011726683664966,-0.34118443727494013,0.0918030738830586,0.7103246620604393
18.82,0.31874093413352966,1.068278431892395,2.807996655670706,-0.3024876117706363,0.08049607276916676,0.6551288906001236
18.83,0.3159097731113434,1.0690269470214844,2.814275246178499,-0.26445090770722,0.06945133209228664,0.6013388429358407
18.84,0.3134519159793854,1.0696674585342407,2.8200234325294224,-0.22839009761806733,0.059032440185537646,0.5490787980229314
18.85,0.3113419711589813,1.0702075958251953,2.825256822138959,-0.1933574676513713,0.0489592552185069,0.4984412007811851
18.86,0.30958476662635803,1.0706466436386108,2.829992256545046,-0.15825182199478488,0.03893375396728599,0.44953016801117923
18.87,0.3081769347190857,1.070986270904541,2.8342474254991825,-0.12316107749939227,0.028949975967407844,0.40247609672542123
18.88,0.30712154507637024,1.071225643157959,2.838041778479554,-0.08836984634399603,0.01904964447021525,0.3573946784019309
18.89,0.3064095377922058,1.0713672637939453,2.841395319067221,-0.05611628293991208,0.009876489639282436,0.31439635869422006
18.9,0.305999219417572,1.0714231729507446,2.8443297056534385,-0.02569705247879083,0.0012278556823730731,0.27360090878730287
18.91,0.30589559674263,1.0713918209075928,2.846867337242967,0.004991888999938184,-0.007498264312742969,0.23513187772717592
18.92,0.3060990571975708,1.0712732076644897,2.8490323432079827,0.036138296127320106,-0.016337633132934917,0.19910761343007602
18.93,0.3066183626651764,1.071065068244934,2.8508494895115684,0.06740093231201316,-0.02515912055969292,0.1656396311093413
18.94,0.30744707584381104,1.070770025253296,2.8523451358301695,0.09246021509170729,-0.032240152359009476,0.13488294011841107
18.95,0.3084675669670105,1.070420265197754,2.8535471483139365,0.11104047298431634,-0.03756880760192951,0.10695181472713206
18.96,0.3096678853034973,1.0700186491012573,2.854484172124712,0.12930929660797394,-0.04282593727111908,0.08196302298613298
18.97,0.3110537528991699,1.0695637464523315,2.855186408773659,0.14379769563675232,-0.047004222869874046,0.0600585961794144
18.98,0.3125438392162323,1.0690785646438599,2.8556853440483003,0.1529827713966402,-0.04963874816894637,0.0413704638750465
18.99,0.31411340832710266,1.0685709714889526,2.85601381805116,0.16027987003326757,-0.051742792129517705,0.026029868798516653
19.0,0.3157494366168976,1.0680437088012695,2.8562059414242706,0.16701668500897657,-0.05369186401366348,0.014174733320835303
19.01,0.3174537420272827,1.0674971342086792,2.856297312717577,0.1734808087348975,-0.055462121963502156,0.005941620253691176
19.02,0.31921905279159546,1.0669344663619995,2.8563247738293445,0.1780971884727516,-0.056654214859009996,0.00147127831389152
19.03,0.32101568579673767,1.066364049911499,2.8563267382838546,0.18071085214615254,-0.05728602409362915,0.0004906735076693029
19.04,0.32283326983451843,1.065788745880127,2.856334587299498,0.18171072006225975,-0.05747675895691041,0.002063529014795273
19.05,0.3246499001979828,1.0652145147323608,2.8563680088641505,0.18002092838287737,-0.05704164505005004,0.005511057138019144
19.06,0.3264336884021759,1.064647912979126,2.8564448084422582,0.17509162425995245,-0.05598664283752561,0.010662308260745107
19.07,0.32815173268318176,1.0640947818756104,2.8565812550293654,0.16637295484543202,-0.05434751510620233,0.01738261714205917
19.08,0.3297611474990845,1.063560962677002,2.8567924607850994,0.15380084514618247,-0.052279233932496234,0.02557804666658613
19.09,0.33122774958610535,1.0630491971969604,2.857092815962697,0.1375153660774016,-0.04989504814147169,0.03512835942195986
19.1,0.33251145482063293,1.0625630617141724,2.8574950279735387,0.11687874794006597,-0.04713535308837991,0.04591607341644197
19.11,0.3335653245449066,1.0621064901351929,2.858011137431026,0.0918805599212666,-0.04409551620483492,0.057837963210040214
19.12,0.3343490660190582,1.0616811513900757,2.8586517872377395,0.06287097930908338,-0.040912628173829,0.070792234527796
19.13,0.33482274413108826,1.0612882375717163,2.859426982121582,0.029589235782623922,-0.03768205642700276,0.08467375503671451
19.14,0.3349408507347107,1.0609275102615356,2.8603452623384737,-0.00834017992019671,-0.034469366073609134,0.09936511000341532
19.15,0.3346559405326843,1.0605988502502441,2.86141428432165,-0.05002319812774765,-0.0313162803649909,0.11478815392496311
19.16,0.33394038677215576,1.0603011846542358,2.862641025416973,-0.09460896253584336,-0.028264522552485818,0.13085074270178418
19.17,0.33276376128196716,1.0600335597991943,2.864031299175686,-0.13964027166366874,-0.02537369728088433,0.14745670902894006
19.18,0.33114758133888245,1.0597937107086182,2.8655901595975517,-0.18484592437744535,-0.022667646408081537,0.16451729651292618
19.19,0.32906684279441833,1.0595802068710327,2.8673216451059447,-0.23138523101807135,-0.020182132720947696,0.18193570819280802
19.2,0.3265198767185211,1.0593900680541992,2.869228873761408,-0.277799367904669,-0.017994642257690815,0.1996330427597657
19.21,0.3235108554363251,1.059220314025879,2.87131430596114,-0.32378137111664507,-0.016057491302490578,0.21753601504681994
19.22,0.32004424929618835,1.0590689182281494,2.873579594062344,-0.36931484937668635,-0.014287233352661438,0.23556154158495493
19.23,0.3161245584487915,1.0589345693588257,2.876025536792839,-0.4143983125686734,-0.012677907943725857,0.25363056181331706
19.24,0.31175628304481506,1.058815360069275,2.8786522052986103,-0.45903772115708374,-0.011265277862549068,0.2716782429453004
19.25,0.30694380402565,1.0587092638015747,2.881459101651745,-0.5032360553740668,-0.009983777999876368,0.2896296675517709
19.26,0.30169156193733215,1.0586156845092773,2.8844447986496466,-0.5469918251037714,-0.00876188278198261,0.3074045624374365
19.27,0.29600396752357483,1.058534026145935,2.8876071929004934,-0.590315461158765,-0.007635354995727702,0.3249566116857519
19.28,0.2898852527141571,1.0584629774093628,2.8909439308833615,-0.6332099437713758,-0.0065803527832032655,0.34220633496127756
19.29,0.2833397686481476,1.058402419090271,2.894451319599719,-0.6756782531738426,-0.005561113357544064,0.35910051063781856
19.3,0.27637168765068054,1.058351755142212,2.8981259410961178,-0.7177248597145234,-0.004547834396362402,0.37560212256431935
19.31,0.2689852714538574,1.0583114624023438,2.901963362051005,-0.7593482732772989,-0.0035285949707032,0.39162642867184017
19.32,0.2611847221851349,1.0582811832427979,2.9059584696695544,-0.8005619049072437,-0.0025928020477295473,0.4071302537403152
19.33,0.2529740333557129,1.0582596063613892,2.910105967125811,-0.8413687348365964,-0.0017404556274414433,0.42208100667092474
19.34,0.24435734748840332,1.058246374130249,2.9144000898029727,-0.8817657828329615,-0.0009179115295408722,0.43641178134274766
19.35,0.2353387176990509,1.0582412481307983,2.9188342027526675,-0.9217627346515852,-0.00014901161193847973,0.4500790422786823
19.36,0.225922092795372,1.0582433938980103,2.923401670648546,-0.961365550756475,0.0005245208740234487,0.4630539163892432
19.37,0.21611140668392181,1.0582517385482788,2.928095281080452,-1.0005719959736084,0.001132488250732446,0.47528961160935207
19.38,0.20591065287590027,1.058266043663025,2.932907462880733,-1.0393872857094033,0.001698732376098669,0.48675158757768217
19.39,0.1953236609697342,1.0582857131958008,2.9378303128320056,-1.0778188705444565,0.0022470951080322743,0.4974115144869335
19.4,0.1843542754650116,1.0583109855651855,2.9428556931704715,-1.115867495536828,0.0027894973754883407,0.507238814513877
19.41,0.1730063110589981,1.0583415031433105,2.947975089122283,-1.1535376310346708,0.003290176391601048,0.5162032789466001
19.42,0.16128352284431458,1.0583767890930176,2.953179758749405,-1.1908322572708383,0.0037848949432373854,0.5242788042416736
19.43,0.14918966591358185,1.0584172010421753,2.958460665207116,-1.2277550995350146,0.004297494888305756,0.5314418340514828
19.44,0.1367284208536148,1.0584627389907837,2.9638085954304345,-1.264308765530613,0.004816055297851665,0.5376708003630107
19.45,0.12390349060297012,1.0585135221481323,2.969214081214376,-1.3005003333092013,0.005310773849487418,0.5429547957206742
19.46,0.11071841418743134,1.0585689544677734,2.9746676913448478,-1.3363339006901072,0.005763769149780397,0.5472799339815265
19.47,0.09717681258916855,1.058628797531128,2.9801596798940064,-1.3718087226152713,0.006222724914550914,0.5506285560828668
19.48,0.0832822397351265,1.0586934089660645,2.985680262466505,-1.406930387020141,0.0067174434661866666,0.5529954269536514
19.49,0.06903820484876633,1.0587631464004517,2.9912195884330792,-1.4406556263566324,0.007230043411255037,0.554369325254845
19.5,0.05446912720799446,1.0588380098342896,2.9967676489716015,-1.4722980558869923,0.007754564285277108,0.5547504048646811
19.51,0.03959224373102188,1.0589182376861572,3.0023145965303746,-1.5041038393974624,0.008279085159301935,0.5541364403473976
19.52,0.024387050420045853,1.0590035915374756,3.0078503777785492,-1.5347376931459038,0.008767843246460148,0.5525317733478758
19.53,0.008897489868104458,1.0590935945510864,3.013365231997332,-1.5577884856611823,0.009179115295410352,0.5499408815526137
19.54,-0.006768719293177128,1.0591871738433838,3.0188491954096013,-1.5748305711895563,0.009524822235107625,0.5463694129221769
19.55,-0.022599121555685997,1.0592840909957886,3.024292620255775,-1.5832634177059273,0.00977516174316427,0.5418258029391447
19.56,-0.038433987647295,1.059382677078247,3.029685711468384,-1.5852929092944006,0.009953975677490446,0.5363181921212216
19.57,-0.054304979741573334,1.0594831705093384,3.0350189840981994,-1.590873859822784,0.010126829147339082,0.5298661728256773
19.58,-0.07025146484375,1.0595852136611938,3.0402830349248973,-1.5956785529852253,0.010263919830322484,0.5224895478964098
19.59,-0.08621855080127716,1.0596884489059448,3.0454687750561273,-1.592303439974536,0.010317564010618504,0.5142104820771682
19.6,-0.1020975336432457,1.0597915649414062,3.0505672445664422,-1.5737481415272094,0.010192394256592014,0.5050464754339564
19.61,-0.11769351363182068,1.0598922967910767,3.0555697045648063,-1.5452932566404671,0.009948015213012907,0.49502173498864266
19.62,-0.13300339877605438,1.0599905252456665,3.060467679266215,-1.5136018395424211,0.009679794311523644,0.4841691523582595
19.63,-0.14796555042266846,1.0600858926773071,3.0652530876119712,-1.4770381152630168,0.009369850158691606,0.47251628623169345
19.64,-0.1625441610813141,1.0601779222488403,3.0699180049908485,-1.439840346574814,0.009036064147949411,0.4600993516159378
19.65,-0.17676235735416412,1.0602666139602661,3.07445507464429,-1.4017842710018458,0.008696317672729678,0.44696239381679503
19.66,-0.1905798465013504,1.060351848602295,3.0788572528671843,-1.355382800102022,0.008314847946165693,0.43313853492736754
19.67,-0.2038700133562088,1.0604329109191895,3.0831178453428385,-1.3008818030357638,0.007897615432739426,0.41865943267827893
19.68,-0.21659748256206512,1.0605098009109497,3.0872304415207497,-1.244488358497646,0.007474422454834144,0.40357576392085787
19.69,-0.2287597805261612,1.0605823993682861,3.0911893606212555,-1.1869393289089456,0.007021427154541166,0.38794736308692396
19.7,-0.24033626914024353,1.0606502294540405,3.094989388782488,-1.1282436549663784,0.006538629531860491,0.37181232877395404
19.71,-0.2513246536254883,1.0607131719589233,3.0986256071967344,-1.069238781929039,0.0060260295867921206,0.355223514650834
19.72,-0.26172104477882385,1.0607707500457764,3.1020938590755045,-1.010075211524985,0.005489587783813594,0.3382331993452353
19.73,-0.27152615785598755,1.0608229637145996,3.105390271183639,-0.951240956783315,0.004953145980835067,0.32090245047794025
19.74,-0.28074586391448975,1.060869812965393,3.108511908085063,-0.8929908275604438,0.004434585571289157,0.3033037329542474
19.75,-0.28938597440719604,1.0609116554260254,3.111456345842724,-0.8353218436239844,0.003927946090697628,0.2854793706884571
19.76,-0.29745230078697205,1.060948371887207,3.114221495498833,-0.7782280445099042,0.0034451484680176514,0.26750039278967147
19.77,-0.3049505352973938,1.0609805583953857,3.116806353698517,-0.7217019796371614,0.002998113632202212,0.24944170728731763
19.78,-0.31188634037971497,1.061008334159851,3.1192103296445794,-0.665739178657546,0.002551078796386773,0.23136855787416138
19.79,-0.31826531887054443,1.0610315799713135,3.1214337248560002,-0.6103336811065804,0.0021100044250488732,0.2133658309004628
19.8,-0.3240930140018463,1.061050534248352,3.1234776462625886,-0.5554765462875485,0.0016927719116211297,0.19551058581022546
19.81,-0.32937484979629517,1.061065435409546,3.1253439365722047,-0.5011692643165695,0.0012993812561035434,0.1778633917886945
19.82,-0.3341163992881775,1.0610765218734741,3.1270349140983624,-0.4474014043808079,0.0009298324584961136,0.16051962729062627
19.83,-0.33832287788391113,1.0610840320587158,3.128554329118017,-0.3941640257835472,0.0005781650543213014,0.1435570126968852
19.84,-0.34199967980384827,1.0610880851745605,3.1299060543523,-0.341461598873085,0.00022649765014644898,0.1270710730194381
19.85,-0.3451521098613739,1.0610885620117188,3.1310957505784063,-0.28928369283676764,-0.00012516975402832297,0.1111582042392391
19.86,-0.3477853536605835,1.06108558177948,3.132129218437085,-0.23762434720993547,-0.0004887580871582135,0.0958826656096055
19.87,-0.3499045968055725,1.0610787868499756,3.1330134038905983,-0.18647909164429108,-0.0008642673492431825,0.08136041294368908
19.88,-0.35151493549346924,1.0610682964324951,3.1337564266959586,-0.1358419656753569,-0.0012516975402832298,0.06769357532821074
19.89,-0.3526214361190796,1.06105375289917,3.1343672753971625,-0.08570849895477478,-0.0016272068023681988,0.05497071658744474
19.9,-0.3532291054725647,1.0610357522964478,3.1348558410277074,-0.036536157131195846,-0.0019848346710205503,0.04330514588912852
19.91,-0.3533521592617035,1.0610140562057495,3.135233378314945,0.011661648750303353,-0.002366304397582638,0.032812543843880194
19.92,-0.3529958724975586,1.060988426208496,3.135512091904585,0.057347118854523926,-0.0027418136596680273,0.023573048505110498
19.93,-0.35220521688461304,1.0609592199325562,3.1357048392850473,0.09811073541641445,-0.0030875205993653003,0.015699195991670023
19.94,-0.35103365778923035,1.0609266757965088,3.1358260758244185,0.13127774000168127,-0.0033736228942871814,0.009328897572724792
19.95,-0.34957966208457947,1.0608917474746704,3.1358914172365018,0.15810728073120453,-0.0035941600799561314,0.004565706926085253
19.96,-0.3478715121746063,1.0608547925949097,3.1359173899629402,0.182586908340458,-0.003796815872192464,0.001524385254825266
19.97,-0.3459279239177704,1.0608158111572266,3.1359219049415983,0.2030238509178205,-0.003999471664428796,0.000844949656797507
19.98,-0.34381103515625,1.060774803161621,3.135934288956076,0.21883547306061257,-0.004327297210693451,0.0059284637102809
19.99,-0.3415512144565582,1.0607292652130127,3.136040474215804,0.23171454668045538,-0.005161762237548938,0.020319268829860782
20.0,-0.339176744222641,1.0606715679168701,3.1363406743326734,0.24267733097072622,-0.007057189941405147,0.04437434484196173
20.01,-0.33669766783714294,1.0605881214141846,3.1369279611126433,0.252512097358709,-0.010532140731811747,0.07740202017399055
20.02,-0.3341265022754669,1.0604609251022339,3.137888714736153,0.25652796030045105,-0.016081333160400734,0.11872441252809537
20.03,-0.33156710863113403,1.0602664947509766,3.139302449363205,0.2516120672226006,-0.024169683456421412,0.16766572580067332
20.04,-0.329094260931015,1.0599775314331055,3.1412420292521666,0.24147182703018702,-0.03523230552673415,0.2235658668673638
20.05,-0.3267376720905304,1.059561848640442,-3.139411540479034,0.2283796668052722,-0.04964470863342391,0.28579638562500953
20.06,-0.32452666759490967,1.058984637260437,-3.1362273502149196,0.2124920487403915,-0.06777644157409812,0.35373504896999064
20.07,-0.32248783111572266,1.05820631980896,-3.1323368394996343,0.1935347914695781,-0.08955001831054879,0.42677664534894544
20.08,-0.3206559717655182,1.057193636894226,-3.127691817307941,0.17170161008835205,-0.11477470397949463,0.5043469514678264
20.09,-0.3190537989139557,1.0559108257293701,-3.122249900470278,0.14831721782682009,-0.14378428459165232,0.585866211601746
20.1,-0.3176896274089813,1.0543179512023926,-3.115974493075904,0.1243248581886318,-0.175589323043827,0.670775647120828
20.11,-0.3165673017501831,1.0523990392684937,-3.1088343875278617,0.09961128234863494,-0.2105116844177291,0.7585510352955123
20.12,-0.31569740176200867,1.050107717514038,-3.100803472369994,0.07445961236953894,-0.2487182617187553,0.8486654802942487
20.13,-0.31507810950279236,1.0474246740341187,-3.091861077921977,0.05000531673431503,-0.28842091560364386,0.9406218051093186
20.14,-0.3146972954273224,1.0443392992019653,-3.0819910362678082,0.02691149711608944,-0.32879114151001676,1.0339301899471962
20.15,-0.3145398795604706,1.0408488512039185,-3.0711824741230336,0.005130469799041857,-0.3693103790283282,1.1281167137813704
20.16,-0.31459468603134155,1.036953091621399,-3.0594287019921813,-0.01554340124130006,-0.4098415374755219,1.222738041319835
20.17,-0.31485074758529663,1.0326520204544067,-3.046727713296633,-0.035125017166138445,-0.450348854064951,1.31735909751754
20.18,-0.3152971863746643,1.0279461145401,-3.033081520041831,-0.053730607032777024,-0.49078464508057684,1.411541313007766
20.19,-0.31592535972595215,1.0228363275527954,-3.0184968870364783,-0.07157027721405182,-0.5310833454132193,1.5048965808265855
20.2,-0.3167285919189453,1.017324447631836,-3.0029835884253,-0.08863806724548529,-0.5712270736694458,1.5970409101801926
20.21,-0.3176981210708618,1.0114117860794067,-2.986556068832875,-0.10491162538528666,-0.6111979484558235,1.6875879355820493
20.22,-0.318826824426651,1.0051004886627197,-2.9692318297136597,-0.12053996324539441,-0.6509453058242937,1.7762081664108134
20.23,-0.32010892033576965,0.9983928799629211,-2.9510319055046597,-0.1356840133667021,-0.6904274225235133,1.8625397059655
20.24,-0.321540504693985,0.9912919402122498,-2.9319810355943505,-0.15041977167129839,-0.7296144962310946,1.9462757623984943
20.25,-0.32311731576919556,0.9838005900382996,-2.9121063902566906,-0.164720416069005,-0.7685095071791401,2.027113745801217
20.26,-0.3248349130153656,0.9759217500686646,-2.89143876067832,-0.17866045236587905,-0.8070826530456715,2.104767312461742
20.27,-0.32669052481651306,0.9676589369773865,-2.8700110440074567,-0.19227415323257857,-0.8453339338302792,2.1789652864208553
20.28,-0.3286803960800171,0.9590150713920593,-2.8478594549499037,-0.20553469657898388,-0.8832812309265325,2.249456764955741
20.29,-0.33080121874809265,0.9499933123588562,-2.825021908708343,-0.21858215332031716,-0.9208738803863722,2.316038950102311
20.3,-0.33305203914642334,0.9405975937843323,-2.8015386759478584,-0.2314984798431446,-0.9580940008163656,2.3784038333911024
20.31,-0.33543118834495544,0.9308314323425293,-2.7774538320405218,-0.244279205799108,-0.9949415922165129,2.4363814202039777
20.32,-0.3379376232624054,0.9206987619400024,-2.75281104754378,-0.2568081021308954,-1.0314583778381567,2.4898335387832793
20.33,-0.34056735038757324,0.9102022647857666,-2.7276571612648572,-0.2689763903617916,-1.0677009820938337,2.538541533312509
20.34,-0.3433171510696411,0.8993447422981262,-2.702040216877531,-0.280885398387865,-1.1036276817320052,2.58238184851511
20.35,-0.3461850583553314,0.888129711151123,-2.676009524294547,-0.29268115758896496,-1.1391878128052,2.6212148890178426
20.36,-0.3491707742214203,0.8765609860420227,-2.649615919097175,-0.3043934702873295,-1.174384355545069,2.6548944187344223
20.37,-0.3522729277610779,0.8646420240402222,-2.6229116359198597,-0.31593143939972596,-1.2092471122741957,2.6833333600002747
20.38,-0.3554894030094147,0.8523760437965393,-2.5959492518971707,-0.3273472189903329,-1.243764162063625,2.7064635119832836
20.39,-0.3588198721408844,0.8397667407989502,-2.568782365680195,-0.33868998289109,-1.277926564216641,2.7241912950258045
20.4,-0.36226320266723633,0.826817512512207,-2.541465425996656,-0.3490313887596205,-1.3085156679153722,2.7364439728537886
20.41,-0.36580049991607666,0.8135964274406433,-2.5140534862231205,-0.3579109907149709,-1.3335794210431875,2.7432274615348957
20.42,-0.36942142248153687,0.8001459240913391,-2.4866008767659493,-0.366958975791939,-1.359155774116545,2.7445321766798623
20.43,-0.3731396794319153,0.786413311958313,-2.4591628426895245,-0.3760427236557087,-1.3854742050171194,2.7402611069671376
20.44,-0.3769422769546509,0.7724364399909973,-2.4317956546266077,-0.3819853067398153,-1.4017432928085627,2.7304755090543114
20.45,-0.3807793855667114,0.7583784461021423,-2.4045533325084394,-0.38558542728424894,-1.4105767011642756,2.715243144422854
20.46,-0.3846539855003357,0.7442249059677124,-2.377490791738152,-0.3893926739692771,-1.4205724000931088,2.694620672963301
20.47,-0.3885672390460968,0.7299669981002808,-2.3506609190491745,-0.390344858169564,-1.4211416244507138,2.668617349737902
20.48,-0.3924608826637268,0.7158020734786987,-2.324118444743395,-0.3880187869072043,-1.4107555150986018,2.6372907053307757
20.49,-0.3963276147842407,0.7017518877983093,-2.29791510494256,-0.3857836127281271,-1.401036977767974,2.6008080752943585
20.5,-0.4001765549182892,0.6877813339233398,-2.272102283237509,-0.384320318698823,-1.394549012183925,2.5592733926621976
20.51,-0.4040140211582184,0.6738609075546265,-2.246729637089308,-0.38309395313263755,-1.3895362615585622,2.5127953655619355
20.52,-0.4078384339809418,0.6599906086921692,-2.221846375926271,-0.37996768951416826,-1.3783216476440723,2.46144260040447
20.53,-0.4116133749485016,0.6462944746017456,-2.19750078508122,-0.37428438663483465,-1.358559727668791,2.405502610692307
20.54,-0.4153241217136383,0.632819414138794,-2.173736323712426,-0.3671631217002947,-1.3341724872589396,2.345131069583123
20.55,-0.4189566373825073,0.6196110248565674,-2.1505981636895584,-0.3586366772651749,-1.3050556182861606,2.2804739219806565
20.56,-0.42249685525894165,0.6067183017730713,-2.128126845272814,-0.3491967916488722,-1.2727737426758083,2.211770766557433
20.57,-0.4259405732154846,0.5941555500030518,-2.1063627483584106,-0.33852607011795766,-1.2360215187073018,2.139251178851499
20.58,-0.42926737666130066,0.5819978713989258,-2.085341821695785,-0.3262773156166146,-1.1934846639633434,2.063209139926325
20.59,-0.4324661195278168,0.5702858567237854,-2.065098565559885,-0.31262785196299436,-1.1457830667493936,1.9837429199604413
20.6,-0.4355199337005615,0.5590822100639343,-2.04566696329657,-0.29784888029099144,-1.09391808509829,1.9012048208793837
20.61,-0.4384230971336365,0.5484074950218201,-2.027074469142298,-0.28256177902222285,-1.0402143001556619,1.8161013438488358
20.62,-0.44117116928100586,0.5382779240608215,-2.009344936419594,-0.26694536209107017,-0.9852945804596157,1.7285724875279942
20.63,-0.44376200437545776,0.5287016034126282,-1.9925030193917388,-0.25116056203842696,-0.9295850992202956,1.6388235085473062
20.64,-0.4461943805217743,0.519686222076416,-1.9765684662486485,-0.23535639047623183,-0.873586535453815,1.547324038553943
20.65,-0.4484691321849823,0.5112298727035522,-1.9615565386206606,-0.21970272064209453,-0.8179575204849417,1.4544736013250548
20.66,-0.4505884349346161,0.5033270716667175,-1.9474789942221482,-0.2042412757873216,-0.7628753781317472,1.3606252192793193
20.67,-0.45255395770072937,0.4959723651409149,-1.9343440342350702,-0.18895119428635046,-0.7083341479301604,1.2661121337106889
20.68,-0.454367458820343,0.4891603887081146,-1.922156751547935,-0.17384737730026617,-0.6543263792991778,1.1714550319550847
20.69,-0.4560309052467346,0.48288583755493164,-1.910914933595969,-0.15896111726761203,-0.6008401513099798,1.0770264425107319
20.7,-0.4575466811656952,0.4771435856819153,-1.900616222697721,-0.14427006244659732,-0.5478754639625666,0.9832655281754686
20.71,-0.4589163064956665,0.47192832827568054,-1.8912496230324598,-0.12973099946975986,-0.4954352974891768,0.8906622357603945
20.72,-0.46014130115509033,0.46723487973213196,-1.8828029779825137,-0.11535882949829347,-0.443506240844736,0.7996185382498304
20.73,-0.4612234830856323,0.463058203458786,-1.8752572522674633,-0.1011624932289145,-0.39208531379700545,0.710703613755463
20.74,-0.4621645510196686,0.459393173456192,-1.8685889057074048,-0.08712559938430972,-0.34117400646210444,0.6244140214570004
20.75,-0.4629659950733185,0.45623472332954407,-1.8627689718383238,-0.0732764601707344,-0.2907529473304294,0.5412861923138654
20.76,-0.4636300802230835,0.4535781145095825,-1.8577631818611258,-0.05963146686554082,-0.24081617593765772,0.461862046686977
20.77,-0.4641586244106293,0.451418399810791,-1.8535317309045847,-0.04615038633346656,-0.19137114286423137,0.38664454622213396
20.78,-0.4645530879497528,0.449750691652298,-1.850030290936683,-0.032816827297211394,-0.14241635799408262,0.3162600530421567
20.79,-0.4648149609565735,0.4485700726509094,-1.847206529843742,-0.019626319408417168,-0.09394437074661455,0.2513425080031216
20.8,-0.46494561433792114,0.4478718042373657,-1.8450034407766207,-0.006566941738128802,-0.04595220088958838,0.19244139743035815
20.81,-0.46494629979133606,0.4476510286331177,-1.843357701895135,0.0062257051467896835,0.0010624527931213604,0.1402233030106922
20.82,-0.46482110023498535,0.44789305329322815,-1.842198974716407,0.01834481954574624,0.04561245441436865,0.09532147109421388
20.83,-0.46457940340042114,0.44856327772140503,-1.8414512724732508,0.029467046260834368,0.08649379014969057,0.058397684712742225
20.84,-0.4642317593097687,0.4496229290962219,-1.8410310210221523,0.03936141729354243,0.12285858392713533,0.03017937962812106
20.85,-0.46379217505455017,0.4510204493999481,-1.8408476848806883,0.04786550998687846,0.15406012535095542,0.01129316255101844
20.86,-0.46327444911003113,0.45270413160324097,-1.840805157771132,0.055672228336335415,0.18263906240463645,0.001995386493636218
20.87,-0.4626787304878235,0.45467323064804077,-1.8408077771508158,0.06324946880340711,0.21062791347504112,-0.003339723355200235
20.88,-0.462009459733963,0.4569166898727417,-1.8408719522382357,0.06828457117080834,0.2307131886482288,-0.013747825881927094
20.89,-0.46131303906440735,0.45928749442100525,-1.8410827336684545,0.06953775882721096,0.24023056030273948,-0.03237449074176071
20.9,-0.4606187045574188,0.4617213010787964,-1.841519442053071,0.0681415200233474,0.24529844522476718,-0.058756303652775094
20.91,-0.45995020866394043,0.4641934633255005,-1.84225785974151,0.06408095359801244,0.2478048205375284,-0.09237722004099223
20.92,-0.4593370854854584,0.46667739748954773,-1.8433669864538913,0.05677342414856078,0.24745017290115884,-0.13268016771235408
20.93,-0.45881474018096924,0.46914246678352356,-1.8449114630957573,0.04543811082840063,0.24280101060867826,-0.1791639854639187
20.94,-0.4584283232688904,0.4715334177017212,-1.8469502661631696,0.02982765436172549,0.23402273654938244,-0.23128197405409218
20.95,-0.45821818709373474,0.4738229215145111,-1.849537102576839,0.010283291339874486,0.22342950105667592,-0.2885096077695665
20.96,-0.4582226574420929,0.4760020077228546,-1.852720458318561,-0.012856721878052032,0.21180808544159388,-0.3504054630286099
20.97,-0.4584753215312958,0.4780590832233429,-1.8565452118374108,-0.03943741321563805,0.1989066600799603,-0.4164490617286276
20.98,-0.45901140570640564,0.47998014092445374,-1.8610494395531332,-0.0702783465385452,0.18533766269684232,-0.48618183067491366
20.99,-0.45988088846206665,0.48176583647727966,-1.866268848450909,-0.10592639446258771,0.17180740833282837,-0.5592853072449951
21.0,-0.46112993359565735,0.48341628909111023,-1.8722351456980328,-0.1457229256629716,0.15824437141415984,-0.6351685379690448
21.01,-0.46279534697532654,0.48493072390556335,-1.8789722192102918,-0.18820017576218054,0.14509111642837833,-0.7134562868510593
21.02,-0.4648939371109009,0.48631811141967773,-1.8865042714350537,-0.23134350776672857,0.1329705119133024,-0.793756110302918
21.03,-0.467422217130661,0.48759013414382935,-1.8948473414163498,-0.27531534433365457,0.12185126543045303,-0.8755893850018701
21.04,-0.47040024399757385,0.48875513672828674,-1.9040160591350908,-0.3202721476554939,0.1117303967475915,-0.9586406276142805
21.05,-0.47382766008377075,0.48982474207878113,-1.9140201539686348,-0.36505758762360396,0.102585554122927,-1.0424855705135405
21.06,-0.4777013957500458,0.49080684781074524,-1.924865770545361,-0.4096001386642543,0.09436458349228107,-1.126853138599417
21.07,-0.48201966285705566,0.4917120337486267,-1.9365572167406226,-0.4538878798484899,0.08709728717804141,-1.2113351066875646
21.08,-0.4867791533470154,0.49254879355430603,-1.949092472679112,-0.4978165030479537,0.08055567741394215,-1.295507073392038
21.09,-0.4919759929180145,0.4933231472969055,-1.9624673582084629,-0.5413696169852364,0.07461756467818048,-1.379122849974108
21.1,-0.4976065456867218,0.4940411448478699,-1.9766749296785984,-0.5845382809639101,0.0692099332809463,-1.461890304243405
21.11,-0.5036667585372925,0.4947073459625244,-1.9917051642933303,-0.6273195147514476,0.0643283128738417,-1.5435248016167575
21.12,-0.5101529359817505,0.4953277111053467,-2.0075454257109326,-0.6697058677673483,0.05985796451568731,-1.6237147977585034
21.13,-0.5170608758926392,0.49590450525283813,-2.0241794602484995,-0.711682438850418,0.05561709403991818,-1.7021016423882347
21.14,-0.5243865847587585,0.496440052986145,-2.0415874585586966,-0.7532507181167764,0.05157142877578845,-1.7784713402872512
21.15,-0.5321258902549744,0.4969359338283539,-2.0597488870542437,-0.7944107055664232,0.04764497280120951,-1.8526133267328722
21.16,-0.5402747988700867,0.4973929524421692,-2.0786397250933533,-0.8351773023604041,0.04384666681288987,-1.924289620299412
21.17,-0.5488294363021851,0.4978128671646118,-2.098234679460238,-0.8755505084991642,0.040306150913239386,-1.9932914834757989
21.18,-0.5577858090400696,0.49819907546043396,-2.1185055547628684,-0.9155243635177808,0.0369623303413399,-2.0593368004702346
21.19,-0.5671399235725403,0.4985521137714386,-2.139421415469642,-0.9551078081131185,0.03381520509719921,-2.122211937375363
21.2,-0.5768879652023315,0.49887537956237793,-2.1609497935103748,-0.9943157434463713,0.030976533889771167,-2.1818024087556753
21.21,-0.5870262384414673,0.499171644449234,-2.1830574636447544,-1.0331422090530615,0.02832412719726623,-2.2378938620663233
21.22,-0.5975508093833923,0.49944186210632324,-2.2057076707517003,-1.0715812444687118,0.025813281536102847,-2.2902904618808773
21.23,-0.6084578633308411,0.49968791007995605,-2.228863272882371,-1.1096537113189935,0.023505091667175793,-2.3389021966186805
21.24,-0.6197438836097717,0.49991196393966675,-2.252485714684073,-1.1473596096039063,0.02141892910003708,-2.383605182771615
21.25,-0.6314050555229187,0.5001162886619568,-2.2765353765378022,-1.184687018394285,0.019529461860653685,-2.424262737236836
21.26,-0.6434376239776611,0.5003025531768799,-2.300970969428817,-1.2216418981552384,0.017610192298889535,-2.4606630332433124
21.27,-0.655837893486023,0.5004684925079346,-2.3257486372026674,-1.2581735849380762,0.015565752983093593,-2.492741465149737
21.28,-0.6686010956764221,0.5006138682365417,-2.350825798731811,-1.2943089008331574,0.013467669486999798,-2.5204911302126747
21.29,-0.6817240715026855,0.5007378458976746,-2.37615845980692,-1.330146193504362,0.011447072029114014,-2.543794623933514
21.3,-0.6952040195465088,0.500842809677124,-2.40170169121048,-1.365661621093779,0.009641051292419638,-2.5626087931587374
21.31,-0.7090373039245605,0.500930666923523,-2.4274106356700935,-1.400819420814544,0.007900595664978196,-2.5768628698857983
21.32,-0.7232204079627991,0.5010008215904236,-2.453238948608195,-1.435628533363373,0.0061690807342530615,-2.586462165581038
21.33,-0.7377498745918274,0.501054048538208,-2.479139878981713,-1.4699876308441475,0.004538893699646093,-2.5914342839043476
21.34,-0.7526201605796814,0.5010915994644165,-2.5050676342862808,-1.4979630708692115,0.003099441528319828,-2.591781640850072
21.35,-0.7677091360092163,0.5011160373687744,-2.5309755117987227,-1.5185475349426594,0.0018477439880371488,-2.5874927113326835
21.36,-0.7829911112785339,0.5011285543441772,-2.5568174885129333,-1.534330844879183,0.000721216201782242,-2.5785632302782853
21.37,-0.7983957529067993,0.5011304616928101,-2.5825467764042873,-1.546320319175753,-0.0002920627593994203,-2.5650245164693044
21.38,-0.8139175176620483,0.5011227130889893,-2.6081179788423183,-1.5602439641952848,-0.0012397766113281515,-2.5469338587504318
21.39,-0.8296006321907043,0.5011056661605835,-2.633485453579295,-1.5761196613312103,-0.002101063728332564,-2.5243129653018985
21.4,-0.8454399108886719,0.5010806918144226,-2.6586042381483552,-1.5893101692200047,-0.002816319465637267,-2.4972099205746368
21.41,-0.8613868355751038,0.5010493397712708,-2.6834296519907865,-1.596617698669184,-0.0033944845199579653,-2.4656908429378763
21.42,-0.8773722648620605,0.5010128021240234,-2.7079180550071205,-1.5982627868652683,-0.0038444995880127773,-2.429897433418956
21.43,-0.8933520913124084,0.5009724497795105,-2.7320276006591646,-1.5976637601852757,-0.004196166992187589,-2.3899284796792997
21.44,-0.9093255400657654,0.5009288787841797,-2.7557166246007054,-1.586794853210483,-0.004369020462036226,-2.3458592200841957
21.45,-0.9250879883766174,0.5008850693702698,-2.7789447850608475,-1.5621989965439176,-0.00433325767517099,-2.297813974369882
21.46,-0.9405695199966431,0.5008422136306763,-2.801672904088102,-1.5331059694290488,-0.004205107688903898,-2.2459539585145496
21.47,-0.9557501077651978,0.5008009672164917,-2.8238638642311376,-1.499900221824678,-0.003984570503234948,-2.1904127839698995
21.48,-0.970567524433136,0.5007625222206116,-2.845481159767499,-1.462259888649018,-0.00367760658264168,-2.131324793878898
21.49,-0.9849953055381775,0.5007274150848389,-2.8664903601087146,-1.4128416776657406,-0.003266334533691476,-2.068892918336695
21.5,-0.9988243579864502,0.5006971955299377,-2.886859018134232,-1.3519912958143028,-0.0027537345886226162,-2.0033213163308727
21.51,-1.0120351314544678,0.5006723403930664,-2.9065567864353383,-1.2910246849060334,-0.0022232532501221176,-1.9347906699916897
21.52,-1.0246448516845703,0.5006527304649353,-2.925554831534065,-1.230520009994533,-0.001713633537292517,-1.863504273267864
21.53,-1.036645531654358,0.5006380677223206,-2.943826871900695,-1.1697053909302007,-0.0012487173080444603,-1.789703113733581
21.54,-1.0480389595031738,0.5006277561187744,-2.961348893808736,-1.1092841625213858,-0.0008404254913330257,-1.713624950700946
21.55,-1.0588312149047852,0.5006212592124939,-2.978099370914713,-1.0494589805603252,-0.0004529953002929784,-1.6355056043490317
21.56,-1.0690281391143799,0.5006186962127686,-2.994059005895716,-0.9902179241180631,-7.152557373047028e-05,-1.5555897314125986
21.57,-1.078635573387146,0.5006198287010193,-3.0092111655429643,-0.9315788745880326,0.0002533197402954156,-1.4741748924996005
21.58,-1.0876597166061401,0.5006237626075745,-3.0235425037457073,-0.873535871505756,0.0005483627319336055,-1.391560908469177
21.59,-1.0961062908172607,0.500630795955658,-3.0370423837123472,-0.8160591125487006,0.0008732080459593362,-1.308018066985057
21.6,-1.1039808988571167,0.5006412267684937,-3.0497028650854126,-0.7591485977173014,0.001117587089538598,-1.2238652455695702
21.61,-1.1112892627716064,0.5006531476974487,-3.061519688623738,-0.7028043270111234,0.0011920928955078379,-1.1394497699012371
21.62,-1.1180369853973389,0.5006650686264038,-3.072491860483437,-0.6470322608947892,0.0012010335922241467,-1.0550769838377552
21.63,-1.124229907989502,0.5006771683692932,-3.082621228300493,-0.5918264389038213,0.0011980533599853771,-0.9711066921959983
21.64,-1.129873514175415,0.5006890296936035,-3.0919139943273564,-0.5371510982513542,0.0011563301086426028,-0.8879166153418183
21.65,-1.1349729299545288,0.5007002949714661,-3.1003795606073288,-0.48300027847291066,0.0010997056961059805,-0.8058515013191941
21.66,-1.139533519744873,0.5007110238075256,-3.10803102435374,-0.42940974235527957,0.0010401010513304038,-0.7253175069744632
21.67,-1.1435611248016357,0.5007210969924927,-3.1148859107468203,-0.3763794898986897,0.0009626150131225791,-0.6467211910383157
21.68,-1.1470611095428467,0.5007302761077881,-3.120965448174506,-0.32384991645813677,0.0008702278137207217,-0.5704584113607092
21.69,-1.1500381231307983,0.5007385015487671,-3.1262950789740342,-0.27183294296265226,0.0007629394531250163,-0.496952165254882
21.7,-1.1524977684020996,0.5007455348968506,-3.1309044914796034,-0.22034645080566875,0.0006079673767089974,-0.4266447954086463
21.71,-1.1544450521469116,0.5007506608963013,-3.134827974882207,-0.16975998878479365,0.00043511390686036083,-0.3599809970735134
21.72,-1.1558929681777954,0.5007542371749878,-3.1381041114210735,-0.12008547782898205,0.0003039836883544987,-0.29742115404965486
21.73,-1.1568467617034912,0.5007567405700684,-3.1407763979632,-0.07050633430481107,0.00017583370208740608,-0.2394609933564824
21.74,-1.1573030948638916,0.5007577538490295,3.140291975891383,-0.021010637283325643,1.1920928955078379e-05,-0.18656628093598868
21.75,-1.1572669744491577,0.5007569789886475,3.138677583597666,0.027978420257563984,-0.00014901161193845328,-0.13922984297318797
21.76,-1.1567435264587402,0.5007547736167908,3.137507379031919,0.07569193840027016,-0.0002771615982055723,-0.09797983183146494
21.77,-1.1557531356811523,0.5007514357566833,3.136717986961037,0.11861324310302987,-0.0003874301910400473,-0.06332940816373835
21.78,-1.1543712615966797,0.50074702501297,3.1362407908686443,0.15740990638733246,-0.00048577785491944395,-0.035826188558863645
21.79,-1.1526049375534058,0.500741720199585,3.1360014631898596,0.19334554672241622,-0.0005573034286499143,-0.016024693700411936
21.8,-1.1505043506622314,0.500735878944397,3.135920296994636,0.2222537994384813,-0.0005602836608886838,-0.0044636590970538025
21.81,-1.1481598615646362,0.5007305145263672,3.1359121900079185,0.24530887603760287,-0.0005125999450683703,-0.0008173597103811222
21.82,-1.1455981731414795,0.5007256269454956,3.1359039498004284,0.26424527168274486,-0.0003397464752197338,-0.0025339905174615583
21.83,-1.1428749561309814,0.5007237195968628,3.1358615101975693,0.2778708934783995,0.0002324581146240284,-0.0073157841654626805
21.84,-1.1400407552719116,0.5007302761077881,3.135757634117119,0.28724074363704005,0.0014901161193845327,-0.014746190037848632
21.85,-1.1371301412582397,0.5007535219192505,3.1355665863968123,0.29240250587464,0.003707408905029376,-0.02466602832138562
21.86,-1.134192705154419,0.5008044242858887,3.1352643135506915,0.2897262573242249,0.007176399230957184,-0.03693206581230147
21.87,-1.1313356161117554,0.5008970499038696,3.1348279450805663,0.27890205383301375,0.012192130088806413,-0.05141822316374721
21.88,-1.1286146640777588,0.5010482668876648,3.1342359490874165,0.2638876438140925,0.019007921218872476,-0.06794746306917487
21.89,-1.1260578632354736,0.5012772083282471,3.133468995819183,0.24519562721252963,0.027772784233093855,-0.08637526541441971
21.9,-1.1237107515335083,0.5016037225723267,3.132508443779128,0.21930932998657693,0.0383734703063973,-0.10658686201037387
21.91,-1.1216716766357422,0.502044677734375,3.1313372585789754,0.18652081489560074,0.0510215759277264,-0.12844013231472431
21.92,-1.1199803352355957,0.5026241540908813,3.1299396411328333,0.15008449554443679,0.06621778011322163,-0.1518155722979119
21.93,-1.1186699867248535,0.5033690333366394,3.128300947133017,0.11017918586731192,0.08383691310882747,-0.1765641169764225
21.94,-1.1177767515182495,0.5043008923530579,3.126408358793305,0.06741285324096824,0.1035451889038108,-0.20256226034736524
21.95,-1.1173217296600342,0.5054399371147156,3.12424970192607,0.02375841140747121,0.1245886087417629,-0.22970481548052968
21.96,-1.1173015832901,0.5067926645278931,3.1218142624836944,-0.01935362815856975,0.14630556106567694,-0.257853414159298
21.97,-1.1177088022232056,0.508366048336029,3.119092633642884,-0.06113648414611947,0.16838610172272087,-0.28689626734209106
21.98,-1.1185243129730225,0.5101603865623474,3.1160763371368527,-0.10173320770263888,0.19083321094513347,-0.3167222202719101
21.99,-1.1197434663772583,0.5121827125549316,3.112758189237446,-0.14196634292602842,0.21417737007141568,-0.34720338676375767
22.0,-1.121363639831543,0.5144439339637756,3.1091322694015777,-0.18163323402401946,0.23832023143764586,-0.37824051925073515
22.01,-1.1233761310577393,0.5169491171836853,3.10519337885243,-0.220459699630742,0.26294589042664135,-0.40973375128213513
22.02,-1.1257728338241577,0.5197028517723083,3.100937594375935,-0.25847554206848694,0.2879470586776795,-0.4415780614047332
22.03,-1.1285456418991089,0.5227080583572388,3.0963618176243357,-0.2957582473754946,0.3131836652755804,-0.47367347743211174
22.04,-1.1316879987716675,0.5259665250778198,3.091464124827293,-0.332397222518928,0.33857524394989735,-0.5059102174389648
22.05,-1.1351935863494873,0.5294795632362366,3.0862436132755566,-0.36839842796326466,0.3641068935394365,-0.5382035941997713
22.06,-1.1390559673309326,0.5332486629486084,3.080700052943298,-0.4037737846374598,0.389736890792855,-0.5704595246795463
22.07,-1.1432690620422363,0.5372743010520935,3.074834422781966,-0.43855905532837847,0.4154115915298551,-0.602588631295577
22.08,-1.1478271484375,0.5415568947792053,3.0686482803173867,-0.4728198051452738,0.44106245040894493,-0.6345083701041168
22.09,-1.1527254581451416,0.5460955500602722,3.062144255379884,-0.5066335201262636,0.466609001159595,-0.6661197996070303
22.1,-1.1579598188400269,0.5508890748023987,3.055325884325244,-0.540000200271618,0.4920274019241438,-0.6973614720491665
22.11,-1.1635254621505737,0.5559360980987549,3.048197025938901,-0.572931766510022,0.5173146724701038,-0.7281449045109123
22.12,-1.169418454170227,0.5612353682518005,3.040762986235026,-0.6055116653442512,0.5424141883850213,-0.7583938301795652
22.13,-1.1756356954574585,0.5667843818664551,3.03302914933531,-0.6377041339874403,0.5673289299011351,-0.7880496353495249
22.14,-1.1821725368499756,0.572581946849823,3.025001993528036,-0.6694912910461569,0.592088699340833,-0.8170189817006076
22.15,-1.1890255212783813,0.5786261558532715,3.016688769701298,-0.7009267807006986,0.6166607141494882,-0.8452537506691462
22.16,-1.1961910724639893,0.5849151611328125,3.0080969185146533,-0.7319808006285476,0.6410717964171361,-0.8726837787774689
22.17,-1.2036651372909546,0.5914475917816162,2.999235094125746,-0.762671232223527,0.6653070449829244,-0.8992453504401002
22.18,-1.2114444971084595,0.5982213020324707,2.9901120115058517,-0.7929921150207688,0.6893664598465112,-0.9248810277844053
22.19,-1.2195249795913696,0.6052349209785461,2.9807374735700582,-0.8229255676269707,0.7133007049560699,-0.9495415617570593
22.2,-1.2279030084609985,0.6124873161315918,2.971121180270711,-0.8524954319000426,0.7370889186859289,-0.9731737476691856
22.21,-1.2365748882293701,0.6199766993522644,2.961273998616675,-0.8817017078399846,0.7607102394104166,-0.9957232525767957
22.22,-1.2455370426177979,0.6277015209197998,2.9512067152191754,-0.910580158233662,0.7841467857361007,-1.0171549374007767
22.23,-1.254786491394043,0.6356596350669861,2.94093089986866,-0.9391486644745073,0.8073806762695485,-1.0374026238543443
22.24,-1.2643200159072876,0.6438491344451904,2.930458662742089,-0.9674131870269982,0.8304119110107598,-1.0564408155933294
22.25,-1.2741347551345825,0.6522678732872009,2.9198020835567937,-0.9953796863554353,0.8532315492628672,-1.0742305586474918
22.26,-1.2842276096343994,0.6609137654304504,2.908974051569136,-1.023048162460349,0.8758455514908023,-1.0907237205091802
22.27,-1.294595718383789,0.6697847843170166,2.8979876091466106,-1.0504126548767314,0.8982628583908272,-1.1059034445690687
22.28,-1.3052358627319336,0.6788790225982666,2.886855982677755,-1.0774672031402817,0.920501351356526,-1.1197362534060245
22.29,-1.3161450624465942,0.6881948113441467,2.8755928840784906,-1.1042296886444327,0.9425461292267047,-1.132192704469028
22.3,-1.3273204565048218,0.6977299451828003,2.864212128588375,-1.130717992782617,0.9643971920013633,-1.143245392277461
22.31,-1.338759422302246,0.7074827551841736,2.852727976232942,-1.156896352767969,0.9860783815384121,-1.1528841213083865
22.32,-1.3504583835601807,0.7174515128135681,2.8411544461622076,-1.1827588081360116,1.0075867176056124,-1.1610839393724006
22.33,-1.3624145984649658,0.7276344895362854,2.8295062974454943,-1.2083351612091322,1.0289251804352026,-1.1678095687599948
22.34,-1.3746250867843628,0.7380300164222717,2.817798254787008,-1.2336790561674096,1.0500341653822212,-1.1730689012870497
22.35,-1.3870881795883179,0.7486351728439331,2.8060449194197497,-1.258796453475979,1.0708987712860336,-1.176857742767415
22.36,-1.3998010158538818,0.7594479918479919,2.7942610999316604,-1.2836515903473174,1.091575622558617,-1.179158645566239
22.37,-1.4127612113952637,0.770466685295105,2.7824617465084254,-1.308232545852689,1.1120766401291131,-1.1799628583759632
22.38,-1.425965666770935,0.7816895246505737,2.7706618427641416,-1.3325333595276163,1.1324167251587156,-1.1792848045980382
22.39,-1.4394118785858154,0.7931150197982788,2.758876050416465,-1.3565719127655318,1.1525809764862307,-1.1771152185952956
22.4,-1.4530971050262451,0.8047411441802979,2.747119538392236,-1.3797819614410693,1.1720508337021125,-1.17345572154213
22.41,-1.4670075178146362,0.8165560364723206,2.735406935985623,-1.400578022002955,1.1894673109052707,-1.1683300916247534
22.42,-1.4811086654663086,0.828530490398407,2.7237529365597375,-1.4169156551361386,1.203140616416957,-1.1617098392180418
22.43,-1.4953458309173584,0.8406188488006592,2.7121727392012627,-1.4261782169342345,1.2108832597732802,-1.1536208643972115
22.44,-1.5096322298049927,0.8527481555938721,2.7006805192717938,-1.4289736747742003,1.213148236274745,-1.1441207932353392
22.45,-1.5239253044128418,0.8648818135261536,2.6892903233365564,-1.4301002025604552,1.2140214443207047,-1.1331911672687787
22.46,-1.5382342338562012,0.8770285844802856,2.6780166959264187,-1.4314532279968566,1.2151658535003922,-1.1208591269762387
22.47,-1.5525543689727783,0.8891851305961609,2.666873140797032,-1.4299929141998595,1.2139588594436905,-1.1071482181372896
22.48,-1.5668340921401978,0.9013077616691589,2.6558737315636733,-1.4253139495849914,1.2100368738174696,-1.0920825371942622
22.49,-1.5810606479644775,0.9133858680725098,2.6450314900531473,-1.4134287834167782,1.2000501155853527,-1.0757052896629433
22.5,-1.5951026678085327,0.9253087639808655,2.634359625770415,-1.391053199767849,1.1812448501585067,-1.0580180882059487
22.51,-1.6088817119598389,0.9370107650756836,2.623871128289025,-1.3615965843200974,1.1564910411834963,-1.0390724448621214
22.52,-1.622334599494934,0.9484385848045349,2.613578176873173,-1.3294160366058634,1.1294573545456172,-1.0189216323815304
22.53,-1.6354700326919556,0.9595999121665955,2.603492695641395,-1.2988150119781772,1.1038035154342887,-0.9976218461396504
22.54,-1.648310899734497,0.9705146551132202,2.5936257399503804,-1.268601417541531,1.0785430669784777,-0.9751725510256145
22.55,-1.6608420610427856,0.9811707735061646,2.583989244620883,-1.2368679046631124,1.0520696640014873,-0.9516149672255761
22.56,-1.6730482578277588,0.9915560483932495,2.5745934406058693,-1.2033820152282972,1.0241389274597386,-0.9270340839704991
22.57,-1.684909701347351,1.0016535520553589,2.5654485629414734,-1.1689484119415532,0.9954154491424773,-0.9014631885881667
22.58,-1.6964272260665894,1.0114643573760986,2.5565641768341063,-1.1322975158691648,0.9648203849792686,-0.874990927605209
22.59,-1.7075556516647339,1.0209499597549438,2.5479487443893696,-1.090854406356641,0.9301543235777354,-0.847640846073828
22.6,-1.7182443141937256,1.0300674438476562,2.539611359912627,-1.0472714900970683,0.8936643600464058,-0.8194583405428398
22.61,-1.7285010814666748,1.0388232469558716,2.531559577578513,-1.0040342807769989,0.8574485778808777,-0.7905490347809465
22.62,-1.7383249998092651,1.0472164154052734,2.5238003792170085,-0.9604454040527548,0.8208990097046074,-0.760960010763106
22.63,-1.7477099895477295,1.0552412271499634,2.5163403773632513,-0.9167671203613477,0.7842481136322189,-0.7307723194126692
22.64,-1.7566603422164917,1.0629013776779175,2.5091849328287554,-0.8737146854400821,0.7481276988983314,-0.7000267829240385
22.65,-1.7651842832565308,1.0702037811279297,2.502339841704771,-0.8313834667205988,0.7125914096832427,-0.668802822611184
22.66,-1.7732880115509033,1.077153205871582,2.495808876376532,-0.7887899875639636,0.6768047809599772,-0.6372222715121837
22.67,-1.7809600830078125,1.0837398767471313,2.489595396274525,-0.7453203201294104,0.6402254104614394,-0.6053288666972318
22.68,-1.7881944179534912,1.0899577140808105,2.4837022990425877,-0.7012605667114408,0.6029546260833869,-0.573225365979958
22.69,-1.794985294342041,1.0957989692687988,2.4781308889549263,-0.6571173667907855,0.5654275417328002,-0.5409933427291129
22.7,-1.8013367652893066,1.1012662649154663,2.4728824321880056,-0.6134331226349008,0.5282044410705679,-0.5086820660241129
22.71,-1.8072539567947388,1.10636305809021,2.4679572476344442,-0.5702316761016967,0.49127936363221264,-0.4764330000741492
22.72,-1.8127413988113403,1.1110918521881104,2.463353772186523,-0.527465343475353,0.4546761512756445,-0.44433988759232496
22.73,-1.8178032636642456,1.1154565811157227,2.459070449882598,-0.48512816429139216,0.4184544086456388,-0.4124668336646352
22.74,-1.822443962097168,1.119460940361023,2.4551044355132303,-0.4432320594787692,0.3825783729553304,-0.38092404117043543
22.75,-1.8266679048538208,1.123108148574829,2.4514519690591894,-0.4017591476439802,0.3470480442046577,-0.3498536284954343
22.76,-1.8304791450500488,1.1264019012451172,2.4481073629433205,-0.36069154739380654,0.31187534332276057,-0.3193104302694773
22.77,-1.8338817358016968,1.1293456554412842,2.4450657604538,-0.32002925872803417,0.2770602703094541,-0.28940908998956244
22.78,-1.8368797302246094,1.1319431066513062,2.4423191811435294,-0.27977228164673446,0.24260878562927762,-0.26031185619286856
22.79,-1.8394771814346313,1.1341978311538696,2.4398595233299427,-0.23990273475647483,0.2085030078887984,-0.23208471291105642
22.8,-1.8416777849197388,1.136113166809082,2.4376774868853084,-0.20042061805725525,0.17474293708801641,-0.20486551550609625
22.81,-1.8434855937957764,1.1376926898956299,2.435762213019821,-0.16131401062012063,0.14135837554931943,-0.17877160544659645
22.82,-1.8449040651321411,1.1389403343200684,2.4341020547763765,-0.12256503105163835,0.1083374023437523,-0.1539005400385462
22.83,-1.845936894416809,1.1398594379425049,2.43268420221905,-0.08419752120971859,0.07563829421997231,-0.13038807104180095
22.84,-1.8465880155563354,1.1404531002044678,2.4314942933555406,-0.04619359970092051,0.04327297210692683,-0.1084070433262249
22.85,-1.8468607664108276,1.1407248973846436,2.430516061352525,-0.008565187454223815,0.01125335693359399,-0.0880487823654371
22.86,-1.84675931930542,1.1406781673431396,2.429733317708232,0.028598308563233032,-0.020384788513184027,-0.06945448986148832
22.87,-1.846288800239563,1.1403172016143799,2.4291269715552954,0.06452798843383926,-0.05096793174743761,-0.052789962954881156
22.88,-1.8454687595367432,1.139658808708191,2.4286775184491343,0.09918212890625211,-0.08046627044677906,-0.03812630320918579
22.89,-1.844305157661438,1.1387078762054443,2.4283644454911117,0.13272166252136514,-0.10898709297180408,-0.02565025928773556
22.9,-1.842814326286316,1.1374790668487549,2.4281645132633796,0.16415119171142928,-0.13570189476013472,-0.015510721891521027
22.91,-1.8410221338272095,1.1359938383102417,2.4280542310532813,0.1934885978698428,-0.16064047813413015,-0.007829296246518621
22.92,-1.8389445543289185,1.1342662572860718,2.428007927338449,0.21839737892151345,-0.18178224563599021,-0.0028187669654178896
22.93,-1.8366541862487793,1.132358193397522,2.427997855713973,0.23726224899292497,-0.19780397415161555,-0.0004744568274040008
22.94,-1.83419930934906,1.1303101778030396,2.427998438201901,0.2524316310882622,-0.2107381820678756,0.0008669243676262723
22.95,-1.8316055536270142,1.1281434297561646,2.4280151942013255,0.2647638320922908,-0.22140741348267073,0.003450715741526518
22.96,-1.8289040327072144,1.1258820295333862,2.4280674525167316,0.27273893356323825,-0.22875666618347656,0.00793694686032093
22.97,-1.8261507749557495,1.1235682964324951,2.428173933138532,0.2715229988098202,-0.22893548011780274,0.014206429630481436
22.98,-1.823473572731018,1.1213033199310303,2.4283515811093412,0.26057362556458075,-0.22168755531311507,0.022177180846161743
22.99,-1.820939302444458,1.119134545326233,2.428617476755455,0.24260878562927762,-0.20950436592102498,0.031761656377527606
23.0,-1.8186213970184326,1.1171132326126099,2.428986814236892,0.2178907394408839,-0.19277930259701576,0.04278596700321599
23.01,-1.8165814876556396,1.115278959274292,2.4294731960955196,0.18813610076904697,-0.17310976982117068,0.055077878254562514
23.02,-1.8148586750030518,1.1136510372161865,2.430088371801983,0.15394687652588218,-0.1510143280029329,0.06858388088830804
23.03,-1.813502550125122,1.1122586727142334,2.4308448737132857,0.11526346206665285,-0.1265883445739773,0.0832209850974337
23.04,-1.8125534057617188,1.111119270324707,2.4317527915039316,0.0734448432922379,-0.1010656356811545,0.09882647151671298
23.05,-1.8120336532592773,1.1102373600006104,2.43282140314362,0.030559301376343426,-0.07563829421997231,0.11530999435920532
23.06,-1.811942219734192,1.1096065044403076,2.4340589913911157,-0.01220703125000026,-0.05089640617370714,0.13255168347512675
23.07,-1.8122777938842773,1.1092194318771362,2.4354724368131224,-0.054830312728883,-0.026887655258179283,0.15046802840413032
23.08,-1.8130388259887695,1.109068751335144,2.4370683519591982,-0.09729862213134972,-0.0036001205444336705,0.16901266408327148
23.09,-1.8142237663269043,1.1091474294662476,2.438852690094788,-0.13961791992185318,0.01891255378722849,0.18803626751590477
23.1,-1.815831184387207,1.1094470024108887,2.440829077309517,-0.18178820610046775,0.040650367736817274,0.20741365824464172
23.11,-1.8178595304489136,1.1099604368209839,2.4430009632596805,-0.22377967834473134,0.06172657012939585,0.2270721656271228
23.12,-1.8203067779541016,1.1106815338134766,2.4453705206220593,-0.26556253433228105,0.08214712142944511,0.24695880870005377
23.13,-1.823170781135559,1.1116033792495728,2.4479401394336815,-0.3071188926696843,0.10196566581726292,0.2670108147271146
23.14,-1.8264491558074951,1.1127208471298218,2.4507107369166015,-0.3484010696411207,0.12130141258240004,0.2870764565160505
23.15,-1.8301388025283813,1.1140294075012207,2.4536816685640024,-0.38937926292420266,0.14020204544067683,0.3070717270419031
23.16,-1.834236741065979,1.1155248880386353,2.4568521714574394,-0.43003559112542106,0.15872120857236288,0.32697667197820074
23.17,-1.8387395143508911,1.1172038316726685,2.4602212020035674,-0.47035217285157255,0.1769006252288856,0.34669208375231647
23.18,-1.8436437845230103,1.119062900543213,2.4637860131324856,-0.5103290081024279,0.19474625587463795,0.36616492740522927
23.19,-1.8489460945129395,1.1210987567901611,2.467544500551672,-0.5499660968780635,0.21229982376099085,0.385337691233975
23.2,-1.8546431064605713,1.1233088970184326,2.471492766957165,-0.5892574787140018,0.22957921028137696,0.40412153878267326
23.21,-1.8607312440872192,1.1256903409957886,2.475626931327325,-0.6281912326812878,0.24658441543579626,0.42245867092537204
23.22,-1.8672069311141968,1.1282405853271484,2.479941940375672,-0.666773319244399,0.26334524154663647,0.44024265962195713
23.23,-1.874066710472107,1.1309572458267212,2.484431784519764,-0.7049977779388578,0.2798855304718077,0.45747811598072374
23.24,-1.8813068866729736,1.1338382959365845,2.4890915026952865,-0.7428646087646643,0.2961993217468325,0.47413633190743665
23.25,-1.8889240026474,1.1368812322616577,2.4939145111579126,-0.7803738117216797,0.312316417694043,0.4901267660455966
23.26,-1.8969143629074097,1.1400846242904663,2.4988940380162,-0.8175253868103202,0.3282487392425607,0.5053745710244525
23.27,-1.905274510383606,1.1434462070465088,2.5040220025784015,-0.8543252944946471,0.3439426422119214,0.5198619077468103
23.28,-1.9140008687973022,1.1469634771347046,2.509291276171136,-0.8907675743103217,0.35945177078247836,0.5335955288107266
23.29,-1.923089861869812,1.1506352424621582,2.5146939131546158,-0.9268760681152541,0.3747761249542316,0.5464722003633576
23.3,-1.932538390159607,1.154458999633789,2.520220720178403,-0.9626388549804893,0.38989782333374856,0.558440521420834
23.31,-1.9423426389694214,1.158433198928833,2.525862723583032,-0.9980559349060272,0.40484070777893927,0.5695284125131993
23.32,-1.952499508857727,1.1625558137893677,2.5316112884286666,-1.0331451892853003,0.41960477828980386,0.5796733752820761
23.33,-1.963005542755127,1.166825294494629,2.5374561910886735,-1.0678887367248764,0.4342079162597749,0.5888287583092248
23.34,-1.9738572835922241,1.171239972114563,2.543387863594851,-1.1022865772245591,0.4486560821532502,0.5970226942649769
23.35,-1.9850512742996216,1.1757984161376953,2.549396644973975,-1.1363387107849363,0.4629254341125587,0.6042083054567233
23.36,-1.9965840578079224,1.180498480796814,2.555472029703985,-1.1700689792633305,0.47702193260193887,0.6103324683811048
23.37,-2.0084526538848877,1.1853388547897339,2.5616032943415967,-1.2034833431244154,0.49097537994385815,0.6154190214333519
23.38,-2.02065372467041,1.190317988395691,2.567780410132652,-1.2365698814392354,0.5047619342804063,0.6194567655731918
23.39,-2.033184051513672,1.1954340934753418,2.5739924296530603,-1.2693405151367458,0.5183815956115834,0.6224199481307613
23.4,-2.0460405349731445,1.2006856203079224,2.5802288090952668,-1.3017892837524692,0.5318522453308219,0.6243041081484568
23.41,-2.0592198371887207,1.206071138381958,2.586478511816029,-1.3339281082151235,0.5451560020445925,0.6250870261590125
23.42,-2.072719097137451,1.211588740348816,2.592730549618449,-1.3657450675964646,0.5583047866821408,0.6247911441054432
23.43,-2.0865347385406494,1.2172372341156006,2.5989743346981378,-1.3972520828247368,0.5712985992431763,0.6234168506433013
23.44,-2.1006641387939453,1.2230147123336792,2.6051988866313147,-1.428461074829132,0.5841255187988406,0.6209502160651547
23.45,-2.1151039600372314,1.2289197444915771,2.6113933390194406,-1.4593839645386053,0.5967915058136114,0.6174371547566525
23.46,-2.129851818084717,1.2349505424499512,2.6175476297264475,-1.4885663986206372,0.6087362766265999,0.612831115604364
23.47,-2.1448752880096436,1.2410944700241089,2.6236499613315276,-1.5140056610107744,0.6191253662109507,0.6071553638510215
23.48,-2.1601319313049316,1.24733304977417,2.6296907370034677,-1.5350699424743979,0.6276547908783093,0.6004830478619899
23.49,-2.175576686859131,1.2536475658416748,2.635659622288767,-1.551818847656283,0.6343901157379286,0.5927803360355715
23.5,-2.1911683082580566,1.2600208520889282,2.641546343724179,-1.558923721313233,0.637149810790916,0.584064230519352
23.51,-2.2067551612854004,1.2663905620574951,2.647340906899156,-1.5528202056885096,0.6344974040985243,0.5743592114067286
23.52,-2.222224712371826,1.2727108001708984,2.653033527952313,-1.54145956039432,0.6296873092651502,0.5637026087996442
23.53,-2.237584352493286,1.2789843082427979,2.6586149590751487,-1.528990268707308,0.624424219131483,0.5521404266759851
23.54,-2.2528045177459717,1.2851992845535278,2.6640763364858326,-1.5054821968078935,0.6146728992462289,0.5396818457432122
23.55,-2.2676939964294434,1.2912777662277222,2.6694085959900127,-1.4707088470459297,0.6003081798553594,0.5263486042098254
23.56,-2.2822186946868896,1.2972054481506348,2.674603308570029,-1.4268994331360167,0.5822360515594607,0.5122243079540898
23.57,-2.296231985092163,1.3029224872589111,2.6796530821490943,-1.3744235038757617,0.5606234073639036,0.49732506132261717
23.58,-2.3097071647644043,1.3084179162979126,2.684549809796481,-1.3212919235229774,0.5387663841247673,0.4816622277742258
23.59,-2.322657823562622,1.3136978149414062,2.6892863267045786,-1.2673497200010226,0.5166232585906175,0.4653291105932872
23.6,-2.3350541591644287,1.3187503814697266,2.6938563920083483,-1.2108564376831312,0.4935085773468123,0.4483623517454667
23.61,-2.346874952316284,1.3235679864883423,2.6982535737394877,-1.1536598205566653,0.47012567520142606,0.43078244250987857
23.62,-2.3581273555755615,1.3281528949737549,2.7024720408585456,-1.097047328948998,0.44697523117066384,0.4126819041739259
23.63,-2.3688158988952637,1.3325074911117554,2.706507211822966,-1.0409593582153542,0.4240810871124358,0.394128672339042
23.64,-2.378946542739868,1.3366345167160034,2.7103546143053263,-0.9854555130005093,0.40144324302674195,0.37514939782313483
23.65,-2.3885250091552734,1.34053635597229,2.7140101997794286,-0.9304761886596878,0.37903189659119463,0.3558122439471921
23.66,-2.3975560665130615,1.3442151546478271,2.71747085918427,-0.8760333061216893,0.3568291664122977,0.3361943302711586
23.67,-2.40604567527771,1.347672939300537,2.720734086384853,-0.8221507072448906,0.33483505249024154,0.31635987765915147
23.68,-2.413999080657959,1.3509118556976318,2.723798056737453,-0.7688045501709149,0.3130555152893133,0.29637503981601665
23.69,-2.421421766281128,1.3539340496063232,2.726661587181173,-0.7160067558288726,0.291484594345099,0.2763220613563325
23.7,-2.428319215774536,1.3567415475845337,2.7293244979645794,-0.6637215614318989,0.27012228965759855,0.25628123272008463
23.71,-2.4346961975097656,1.359336495399475,2.7317872118355746,-0.6119489669799935,0.24896860122681194,0.23631675047882053
23.72,-2.4405581951141357,1.3617209196090698,2.7340508329741557,-0.5607008934021116,0.22802948951721677,0.21652192749701998
23.73,-2.4459102153778076,1.3638970851898193,2.736117650385515,-0.5099415779113878,0.20732879638672316,0.19699872630321444
23.74,-2.4507570266723633,1.3658674955368042,2.73799080750022,-0.4596948623657325,0.18683075904846588,0.17781495816906848
23.75,-2.455104112625122,1.3676337003707886,2.739673949548896,-0.40996074676507266,0.16656517982480307,0.15906286493298794
23.76,-2.458956241607666,1.3691987991333008,2.74117206479888,-0.36069154739380654,0.14654994010925607,0.1408509048693526
23.77,-2.462317943572998,1.3705646991729736,2.742490967646283,-0.3118991851806707,0.12671947479248316,0.12326916385612381
23.78,-2.4651942253112793,1.3717331886291504,2.7436374480760026,-0.26361942291260326,0.10709762573242416,0.10640359113096802
23.79,-2.46759033203125,1.372706651687622,2.7446190394689025,-0.2158045768737839,0.08768439292907902,0.09035997515523168
23.8,-2.469510316848755,1.373486876487732,2.7454446475791072,-0.1684427261352575,0.06845593452453759,0.07526837193527919
23.81,-2.470959186553955,1.3740757703781128,2.746124406907608,-0.12156963348388931,0.04941225051879988,0.06122315636276762
23.82,-2.4719417095184326,1.374475121498108,2.7466691107063625,-0.07516145706176917,0.030583143234253582,0.048322392124445696
23.83,-2.4724624156951904,1.3746874332427979,2.747090854750097,-0.029206275939942027,0.01198053359985377,0.03668620267156609
23.84,-2.4725258350372314,1.374714732170105,2.747402834759794,0.016307830810544325,-0.006401538848875952,0.026458498180344264
23.85,-2.4721362590789795,1.3745594024658203,2.747620024713704,0.061392784118653655,-0.024563074111939,0.017742919180708073
23.86,-2.4712979793548584,1.3742234706878662,2.747757693143408,0.1059174537658714,-0.042486190795899346,0.010625230975769511
23.87,-2.470017910003662,1.3737096786499023,2.7478325293332193,0.14858245849609691,-0.05962848663330205,0.005275016135608658
23.88,-2.4683263301849365,1.3730309009552002,2.74786319346612,0.18920898437500402,-0.0759243965148942,0.0018248163102363823
23.89,-2.466233730316162,1.3721911907196045,2.747869025659424,0.22658109664917475,-0.0909209251403828,0.0002929857678690757
23.9,-2.463794708251953,1.3712124824523926,2.7478690531814776,0.257337093353277,-0.10319948196411353,1.3761026762537948e-06
23.91,-2.4610869884490967,1.3701272010803223,2.7478690531814776,0.27872323989863806,-0.11162161827085658,0.0
23.92,-2.4582202434539795,1.368980050086975,2.7478690531814776,0.29035806655884405,-0.11603832244873294,0.0
23.93,-2.45527982711792,1.3678064346313477,2.7478690531814776,0.29499530792236955,-0.11759996414184822,0.0
23.94,-2.4523203372955322,1.3666280508041382,2.7478690531814776,0.2948045730590883,-0.11719465255737554,0.0
23.95,-2.4493837356567383,1.3654625415802002,2.7478690531814776,0.2912282943725648,-0.1153945922851587,0.0
23.96,-2.446495771408081,1.364320158958435,2.7478690531814776,0.28500556945801386,-0.1125335693359399,0.0
23.97,-2.443683624267578,1.3632118701934814,2.7478690531814776,0.2747297286987363,-0.10803937911987535,0.0
23.98,-2.4410011768341064,1.3621593713760376,2.7478690531814776,0.25945901870728094,-0.1015365123748801,0.0
23.99,-2.4384944438934326,1.3611811399459839,2.7478690531814776,0.24120807647705592,-0.09387731552124223,0.0
24.0,-2.4361770153045654,1.3602818250656128,2.7478690531814776,0.22175312042232861,-0.0858008861541614,0.0
24.01,-2.4340593814849854,1.3594651222229004,2.7478690531814776,0.20123720169067813,-0.07732510566711591,0.0
24.02,-2.432152271270752,1.3587353229522705,2.7478690531814776,0.18008947372436906,-0.06862282752990868,0.0
24.03,-2.430457592010498,1.3580926656723022,2.7478690531814776,0.15919208526611667,-0.06005167961120733,0.0
24.04,-2.4289684295654297,1.3575342893600464,2.7478690531814776,0.1397132873535186,-0.052046775817872204,0.0
24.05,-2.4276633262634277,1.3570517301559448,2.7478690531814776,0.12159347534179947,-0.04457235336303806,0.0
24.06,-2.4265365600585938,1.3566428422927856,2.7478690531814776,0.10406970977783425,-0.03736019134521564,0.0
24.07,-2.425581932067871,1.3563045263290405,2.7478690531814776,0.08791685104370305,-0.030785799026489914,0.0
24.08,-2.4247782230377197,1.3560271263122559,2.7478690531814776,0.07339715957641758,-0.02492666244506889,0.0
24.09,-2.4241139888763428,1.3558059930801392,2.7478690531814776,0.06090402603148462,-0.019907951354977357,0.0
24.1,-2.42356014251709,1.3556289672851562,2.7478690531814776,0.050616264343262794,-0.015795230865478852,0.0
24.11,-2.4231016635894775,1.3554900884628296,2.7478690531814776,0.041425228118897366,-0.012159347534179946,0.0
24.12,-2.422731637954712,1.3553857803344727,2.7478690531814776,0.03279447555542062,-0.008773803710937687,0.0
24.13,-2.422445774078369,1.3553146123886108,2.7478690531814776,0.02462863922119193,-0.005573034286499142,0.0
24.14,-2.422239065170288,1.3552743196487427,2.7478690531814776,0.01735687255859412,-0.0027477741241455664,0.0
24.15,-2.4220986366271973,1.355259656906128,2.7478690531814776,0.008928775787353706,-0.000721216201782242,0.0
24.16,-2.422060489654541,1.355259895324707,2.7478690531814776,0.0016689300537106766,7.152557373045757e-05,0.0
24.17,-2.422065258026123,1.3552610874176025,2.7478690531814776,-0.0004768371582031352,0.0001192092895507838,0.0
24.18,-2.422070026397705,1.355262279510498,2.7478690531814776,-0.0004768371582031352,0.0001192092895507838,0.0
24.19,-2.422074794769287,1.3552634716033936,2.7478690531814776,-0.0004768371582031352,0.0001192092895507838,0.0
24.2,-2.422079563140869,1.355264663696289,2.7478690531814776,-0.0004768371582031352,0.0001192092895507838,0.0
24.21,-2.422084331512451,1.3552658557891846,2.7478690531814776,-0.0004768371582031352,0.0001192092895507838,0.0
24.22,-2.422089099884033,1.35526704788208,2.7478690531814776,-0.0004768371582031352,0.0001192092895507838,0.0
24.23,-2.4220938682556152,1.3552682399749756,2.7478690531814776,-0.0004768371582031352,0.0001192092895507838,0.0
24.24,-2.4220986366271973,1.355269432067871,2.7478690531814776,-0.0004768371582031352,0.0001192092895507838,0.0
24.25,-2.4221034049987793,1.3552706241607666,2.7478690531814776,-0.00047683715820305046,0.00011920928955076262,0.0
24.26,-2.4221081733703613,1.355271816253662,2.7478690531814776,-0.0004768371582031352,0.0001192092895507838,0.0
24.27,-2.4221129417419434,1.3552730083465576,2.7478690531814776,-0.0004768371582031352,0.0001192092895507838,0.0
24.28,-2.4221177101135254,1.3552742004394531,2.7478690531814776,-0.0004768371582031352,0.0001192092895507838,0.0
24.29,-2.4221224784851074,1.3552753925323486,2.7478690531814776,-0.0004768371582031352,0.0001192092895507838,0.0
24.3,-2.4221272468566895,1.3552765846252441,2.7478690531814776,-0.0004768371582031352,0.0001192092895507838,0.0
24.31,-2.4221320152282715,1.3552777767181396,2.7478690531814776,-0.0004768371582031352,0.0001192092895507838,0.0
24.32,-2.4221367835998535,1.3552789688110352,2.7478690531814776,-0.0004768371582031352,0.0001192092895507838,0.0
24.33,-2.4221415519714355,1.3552801609039307,2.7478690531814776,-0.0004768371582031352,0.0001192092895507838,0.0
24.34,-2.4221463203430176,1.3552813529968262,2.7478690531814776,-0.00047683715820305046,0.00011920928955076262,0.0
24.35,-2.4221510887145996,1.3552825450897217,2.7478690531814776,-0.0004768371582031352,0.0001192092895507838,0.0
24.36,-2.4221558570861816,1.3552837371826172,2.7478690531814776,-0.0004768371582031352,0.0001192092895507838,0.0
24.37,-2.4221606254577637,1.3552849292755127,2.7478690531814776,-0.0004768371582031352,0.0001192092895507838,0.0
24.38,-2.4221653938293457,1.3552861213684082,2.7478690531814776,-0.0004768371582031352,0.0001192092895507838,0.0
24.39,-2.4221701622009277,1.3552873134613037,2.7478690531814776,-0.0004768371582031352,0.0001192092895507838,0.0
24.4,-2.4221749305725098,1.3552885055541992,2.7478690531814776,-0.0002861022949218811,5.364418029785271e-05,0.00010454245682467667
24.41,-2.422175884246826,1.3552883863449097,2.747871144030614,0.0006794929504393469,-0.0003695487976073641,0.0023575850059294945
24.42,-2.422161340713501,1.355281114578247,2.747916204881596,0.0023722648620605976,-0.0012755393981933865,0.0102410017794432
24.43,-2.422128438949585,1.3552628755569458,2.748075964066203,0.004446506500244235,-0.0027537345886231054,0.02521874223500085
24.44,-2.422072410583496,1.3552260398864746,2.748420579726296,0.007069110870361479,-0.005131959915161242,0.0470001425262333
24.45,-2.4219870567321777,1.3551602363586426,2.7490159669167276,0.010490417480468974,-0.008732080459594912,0.07522769244592437
24.46,-2.4218626022338867,1.3550513982772827,2.7499251335752146,0.014889240264892896,-0.013881921768188773,0.10955849911413973
24.47,-2.42168927192688,1.3548825979232788,2.7512071368990103,0.020337104797363715,-0.02082586288452193,0.1496437506912672
24.48,-2.4214558601379395,1.3546348810195923,2.75291800858904,0.026834011077881432,-0.029754638671875635,0.19515938862564725
24.49,-2.4211525917053223,1.3542875051498413,2.755110324671523,0.03460645675659253,-0.04092454910278408,0.24577932854344367
24.5,-2.4207637310028076,1.3538163900375366,2.7578335951599087,0.04360675811766897,-0.05427002906798468,0.3011662073657302
24.51,-2.4202804565429688,1.3532021045684814,2.7611336488188387,0.05393028259277459,-0.07001757621765287,0.3610079152062428
24.52,-2.419685125350952,1.3524160385131836,2.7650537534640334,0.06610155105590962,-0.08881092071533392,0.425001439240056
24.53,-2.4189584255218506,1.3514258861541748,2.7696336776036397,0.08002519607544116,-0.11047720909118888,0.4928340872665576
24.54,-2.4180846214294434,1.3502064943313599,2.7749104352093643,0.09582042694092001,-0.1351177692413359,0.56421666036336
24.55,-2.4170420169830322,1.3487235307693481,2.7809180108109066,0.11336803436279538,-0.16258955001831402,0.6388543509891512
24.56,-2.4158172607421875,1.3469547033309937,2.787687522229147,0.1326084136962919,-0.19279122352600508,0.7164607488384365
24.57,-2.4143898487091064,1.3448677062988281,2.795247225787675,0.1537799835205111,-0.22605061531067377,0.7967450758084641
24.58,-2.4127416610717773,1.3424336910247803,2.803622423745316,0.17601251602173226,-0.26104450225830633,0.8794407309046425
24.59,-2.410869598388672,1.339646816253662,2.8128360404057675,0.19847154617306467,-0.29638409614558353,0.9642861615807565
24.6,-2.4087722301483154,1.3365060091018677,2.822908146976934,0.2214789390564012,-0.3325164318084788,1.050996908647406
24.61,-2.406440019607544,1.3329964876174927,2.833855978578715,0.24511814117432162,-0.36965608596802546,1.139328727379165
24.62,-2.403869867324829,1.3291128873825073,2.845694721524517,0.26885271072388267,-0.4069864749908534,1.2290434694157288
24.63,-2.4010629653930664,1.3248567581176758,2.8584368479670292,0.2924442291259828,-0.44404268264771457,1.3198581762004673
24.64,-2.3980209827423096,1.3202320337295532,2.8720918850485258,0.31584501266480164,-0.4806995391845806,1.4115554170058688
24.65,-2.3947460651397705,1.3152427673339844,2.886667956307146,0.3390312194824291,-0.516963005065929,1.5039247102928242
24.66,-2.391240358352661,1.3098927736282349,2.9021703792543816,0.36200284957880086,-0.5528688430785269,1.5967135284715441
24.67,-2.3875060081481934,1.304185390472412,2.918602226876582,0.3847599029541098,-0.5884230136871463,1.6896982140241072
24.68,-2.383545160293579,1.2981243133544922,2.935964343534863,0.4072904586792079,-0.6236076354980602,1.7826647009327947
24.69,-2.3793601989746094,1.2917132377624512,2.954255520895237,0.4296183586120697,-0.658416748046889,1.8753988070224281
24.7,-2.374952793121338,1.2849559783935547,2.973472319675311,0.45175552368165023,-0.6928801536560206,1.9677059422832797
24.71,-2.3703250885009766,1.277855634689331,2.9936096397409018,0.47365427017212924,-0.7270157337188876,2.059391263749499
24.72,-2.3654797077178955,1.2704156637191772,3.0146601449503,0.4952907562255965,-0.7607996463775797,2.1502515105514166
24.73,-2.360419273376465,1.2626396417617798,3.036614669951929,0.5167722702026477,-0.794243812561052,2.2401041415287795
24.74,-2.3551442623138428,1.2545307874679565,3.0594622277808745,0.5380749702453728,-0.8273482322693048,2.3287678798304787
24.75,-2.3496577739715576,1.246092677116394,3.0831900275485378,0.5591869354247173,-0.8600711822508421,2.416070227625755
24.76,-2.3439605236053467,1.237329363822937,3.107783632333397,0.5801558494567994,-0.8924365043640327,2.50183442104682
24.77,-2.338054656982422,1.2282439470291138,3.133226715969473,0.600934028625501,-0.9244799613952834,2.585913298668407
24.78,-2.331941843032837,1.2188397645950317,-3.123683408872822,0.6215214729309214,-0.956201553344747,2.6681462419287385
24.79,-2.3256242275238037,1.2091199159622192,-3.09659566637154,0.6418943405151504,-0.9876132011413785,2.7483669700134525
24.8,-2.319103956222534,1.1990875005722046,-3.068716069472554,0.662064552307143,-1.018702983856223,2.826441612319946
24.81,-2.312382936477661,1.1887458562850952,-3.0400668341251422,0.6820440292358544,-1.0494649410248027,2.9022331895287974
24.82,-2.3054630756378174,1.178098201751709,-3.0106714056819794,0.7018446922302396,-1.0798990726471178,2.9756026458847864
24.83,-2.2983460426330566,1.1671478748321533,-2.9805547812074478,0.7214426994323885,-1.110035181045556,3.046421138564435
24.84,-2.29103422164917,1.1558974981307983,-2.949742982910692,0.7408499717711244,-1.1399030685423024,3.1145804497968017
24.85,-2.283529043197632,1.1443498134613037,-2.918263172211502,0.7600426673889322,-1.1694848537445317,3.1799430665177666
24.86,-2.2758333683013916,1.1325078010559082,-2.886144121580338,0.7789850234985518,-1.1987805366516369,3.2424131545630646
24.87,-2.267949342727661,1.1203742027282715,-2.853414909120242,0.7977604866028002,-1.2277603149414325,3.301896704251609
24.88,-2.259878158569336,1.10795259475708,-2.8201061874953073,0.8163928985595877,-1.256442070007351,3.358275754245659
24.89,-2.2516214847564697,1.095245361328125,-2.7862493940353303,0.8348345756530939,-1.2848556041717802,3.411474965396872
24.9,-2.2431814670562744,1.082255482673645,-2.7518766881873713,0.8530497550964538,-1.3130009174347204,3.4613899460979995
24.91,-2.234560489654541,1.0689853429794312,-2.717021595113372,0.8710265159605572,-1.3409078121183207,3.5079491928840034
24.92,-2.2257609367370605,1.0554373264312744,-2.6817177043296803,0.8888125419616889,-1.368546485900908,3.55108593860066
24.93,-2.2167842388153076,1.0416144132614136,-2.64599987634136,0.9064197540283396,-1.395905017852813,3.5907219842046354
24.94,-2.207632541656494,1.0275192260742188,-2.609903264645589,0.9238481521606642,-1.4229953289032287,3.6268239884238103
24.95,-2.1983072757720947,1.0131545066833496,-2.5734633965728855,0.9411334991455279,-1.4497995376587223,3.659299093455604
24.96,-2.188809871673584,0.9985232353210449,-2.5367172827764786,0.9581089019775595,-1.4760792255401927,3.688078593870071
24.97,-2.179145097732544,0.9836329221725464,-2.4997018246954856,0.9748339653015344,-1.5019923448562942,3.7131754875645697
24.98,-2.1693131923675537,0.9684833884239197,-2.4624537730251888,0.9916186332702848,-1.5278756618500082,3.7345169449815603
24.99,-2.1593127250671387,0.9530754089355469,-2.425011485795856,1.0083436965942598,-1.553577184677157,3.7520635407853575
25.0,-2.149146318435669,0.9374118447303772,-2.387412502209483,1.0248541831968614,-1.5790104866025363,3.765819052691743
25.01,-2.1388156414031982,0.9214951992034912,-2.3496951047420094,1.041233539581321,-1.6041845083237036,3.7757485180100496
25.02,-2.128321647644043,0.9053281545639038,-2.311897531849284,1.057481765747093,-1.6290992498398174,3.781812250132136
25.03,-2.117666006088257,0.8889132142066956,-2.2740588597393683,1.0735511779785385,-1.6537666320801134,3.7840255020362843
25.04,-2.1068506240844727,0.8722528219223022,-2.2362170218085597,1.089107990264916,-1.677674055099523,3.782389489760299
25.05,-2.095883846282959,0.8553597331047058,-2.198411069944164,1.1039137840271231,-1.7004698514938716,3.776880798403273
25.06,-2.0847723484039307,0.8382434248924255,-2.160679405840496,1.116359233856225,-1.7196804285049805,3.7675455845277566
25.07,-2.073556661605835,0.8209661245346069,-2.1230601582536104,1.1189937591552972,-1.7239630222320925,3.7543145969585545
25.08,-2.062392473220825,0.8037641644477844,-2.0855931139013264,1.1147499084472894,-1.717799901962317,3.7373089917220566
25.09,-2.0512616634368896,0.7866101264953613,-2.048313978419171,1.1125326156614472,-1.7148017883298101,3.7166032180670125
25.1,-2.0401418209075928,0.7694681286811829,-2.0112610495399745,1.1066675186157462,-1.706209778785742,3.692075631522219
25.11,-2.029128313064575,0.7524859309196472,-1.9744724657887283,1.093697547912621,-1.6867190599441888,3.6637961995439454
25.12,-2.018267869949341,0.7357337474822998,-1.9379851255490974,1.0794401168823473,-1.6652911901474354,3.6318834839515253
25.13,-2.0075395107269287,0.7191801071166992,-1.901834796109699,1.064515113830589,-1.6427069902420395,3.596367178045045
25.14,-1.9969775676727295,0.7028796076774597,-1.8660577819881978,1.0487020015716777,-1.6186565160751687,3.5572356818147948
25.15,-1.9865654706954956,0.6868069767951965,-1.830690082473405,1.033693552017234,-1.5958011150360447,3.514631554267686
25.16,-1.9763036966323853,0.6709635853767395,-1.7957651509028458,1.01839303970321,-1.5724122524259017,3.468575974367418
25.17,-1.9661976099014282,0.6553587317466736,-1.7613185629860457,1.0015428066253875,-1.546514034271273,3.4190896493174145
25.18,-1.956272840499878,0.6400333046913147,-1.727383357916499,0.9829580783844204,-1.5178084373474445,3.366359427032367
25.19,-1.9465384483337402,0.6250025629997253,-1.6939913744453998,0.9649932384491172,-1.4900207519531568,3.3104991429121973
25.2,-1.936972975730896,0.6102328896522522,-1.6611733750582562,0.9483397006988727,-1.4643102884292916,3.25151070698422
25.21,-1.9275716543197632,0.5957163572311401,-1.6289611603057168,0.931495428085347,-1.438277959823639,3.1894408263551512
25.22,-1.9183430671691895,0.58146733045578,-1.5973845585311544,0.9140014648437694,-1.411101222038299,3.124508863542097
25.23,-1.9092916250228882,0.5674943327903748,-1.5664709830348762,0.8953034877777291,-1.3818949460983572,3.056787627445233
25.24,-1.9004369974136353,0.5538294315338135,-1.5362488059822508,0.8754670619964786,-1.3508200645447066,2.9863663854340774
25.25,-1.891782283782959,0.5404779314994812,-1.5067436553261961,0.8518159389494518,-1.3138473033902975,2.913366259701122
25.26,-1.8834006786346436,0.5275524854660034,-1.4779814807882192,0.8236229419708427,-1.2699693441391262,2.8378723309907254
25.27,-1.8753098249435425,0.5150785446166992,-1.4499862087063828,0.7939755916595628,-1.2239813804626727,2.7601342984777375
25.28,-1.8675211668014526,0.5030728578567505,-1.4227787948186656,0.7647216320038005,-1.1786550283432258,2.6802138658271653
25.29,-1.8600153923034668,0.4915054440498352,-1.3963819313898407,0.7364571094513096,-1.1348679661751035,2.5982673093885578
25.3,-1.8527920246124268,0.4803754985332489,-1.3708134486308954,0.7059872150421294,-1.0877564549446337,2.514484701347906
25.31,-1.8458956480026245,0.469750314950943,-1.3460922373628834,0.6731808185577536,-1.0372102260589822,2.428966175182697
25.32,-1.839328408241272,0.4596312940120697,-1.3222341251272425,0.6402015686035293,-0.9865254163742275,2.3418611749633165
25.33,-1.8330916166305542,0.45001980662345886,-1.299255013863618,0.6074726581573616,-0.9362533688545427,2.253372275889335
25.34,-1.827178955078125,0.44090622663497925,-1.2771666796094565,0.5752027034758622,-0.8867293596266314,2.1637149683487236
25.35,-1.8215875625610352,0.43228521943092346,-1.2559807144966368,0.5429923534393426,-0.8374184370041072,2.0729838269079925
25.36,-1.8163191080093384,0.42415785789489746,-1.2357070030712975,0.5108714103698839,-0.7882669568061996,1.981402252743656
25.37,-1.8113701343536377,0.4165198802947998,-1.2163526694417646,0.4791557788848979,-0.7395356893539586,1.8891988839187814
25.38,-1.8067359924316406,0.4093671441078186,-1.1979230253929227,0.44783353805542947,-0.6912454962730555,1.7965064737782415
25.39,-1.8024134635925293,0.402694970369339,-1.1804225399662007,0.4168570041656583,-0.6434202194214005,1.7035481623528446
25.4,-1.7983988523483276,0.39649873971939087,-1.1638520621458668,0.3862261772155844,-0.596058368682874,1.6105763122891925
25.41,-1.7946889400482178,0.39077380299568176,-1.1482110137204178,0.3564536571502128,-0.5500167608260249,1.5177521980148283
25.42,-1.7912697792053223,0.38549840450286865,-1.1334970181855657,0.32804012298584684,-0.5060300230980027,1.4252853133340653
25.43,-1.788128137588501,0.3806532025337219,-1.1197053074537373,0.30033588409424467,-0.4631787538528541,1.3334352797240108
25.44,-1.7852630615234375,0.37623482942581177,-1.1068283125910863,0.27270913124085056,-0.42058080434800094,1.2424524632608056
25.45,-1.782673954963684,0.3722415864467621,-1.0948562581885217,0.24529099464417026,-0.3782778978347859,1.1525709604030012
25.46,-1.7803572416305542,0.3686692714691162,-1.0837768933830267,0.21821260452270974,-0.33643692731858016,1.0640357426008555
25.47,-1.77830970287323,0.3655128479003906,-1.0735755433365053,0.19196271896362713,-0.29585361480713523,0.9770867858212671
25.48,-1.7765179872512817,0.36275219917297363,-1.0642351576666018,0.1666963100433385,-0.2568081021308954,0.8919487840872898
25.49,-1.7749757766723633,0.3603766858577728,-1.0557365676547599,0.1421928405761749,-0.2190276980400132,0.8089138291612125
25.5,-1.7736741304397583,0.35837164521217346,-1.0480568810833781,0.11804699897764268,-0.18182396888730068,0.7282684699531944
25.51,-1.77261483669281,0.35674020648002625,-1.0411711982556937,0.09351968765258989,-0.14403015375137637,0.6502661234115831
25.52,-1.7718037366867065,0.355491042137146,-1.035051558615147,0.0689744949340835,-0.10630190372467267,0.5751566071340208
25.53,-1.7712353467941284,0.35461416840553284,-1.0296680661130133,0.04537105560302831,-0.07008016109466703,0.5032602494447921
25.54,-1.770896315574646,0.3540894389152527,-1.0249863536262513,0.02242922782897997,-0.03482848405838087,0.43487906886433375
25.55,-1.7707867622375488,0.35391759872436523,-1.0209704847357266,0.0007390975952148595,-0.001463294029235871,0.37027329629038774
25.56,-1.7708815336227417,0.35406017303466797,-1.0175808877004435,-0.018924474716186926,0.02875924110412659,0.3097802765572654
25.57,-1.7711652517318726,0.35449278354644775,-1.0147748792045812,-0.03618001937866288,0.05525797605514644,0.2537337866107379
25.58,-1.771605134010315,0.3551653325557709,-1.0125062119682289,-0.05096793174743761,0.07797032594680953,0.2023900550403733
25.59,-1.7721846103668213,0.3560521900653839,-1.0107270781037738,-0.06490945816039025,0.09938776493070955,0.15610065770241602
25.6,-1.772903323173523,0.3571530878543854,-1.0093841988141803,-0.07888078689575363,0.12089163064956923,0.11519796139017015
25.61,-1.7737622261047363,0.35847002267837524,-1.0084231188759707,-0.09269714355468947,0.1421630382537872,0.07996972782322757
25.62,-1.7747572660446167,0.35999634861946106,-1.0077848042577155,-0.10432004928589089,0.16001015901565893,0.05079783327433082
25.63,-1.775848627090454,0.36167022585868835,-1.007407162210484,-0.11256933212280514,0.1726284623146094,0.028046577223950805
25.64,-1.7770086526870728,0.3634489178657532,-1.0072238727132368,-0.11910200119018809,0.18263906240463645,0.012035137369848216
25.65,-1.7782306671142578,0.365323007106781,-1.007166459463087,-0.12414455413818624,0.1904278993606608,0.0030889525708844394
25.66,-1.7794915437698364,0.3672574758529663,-1.0071620936618193,-0.12736916542051233,0.19542723894116207,0.00021829006338066533
25.67,-1.7807780504226685,0.36923155188560486,-1.0071620936618193,-0.1285791397094754,0.1972913742065472,0.0
25.68,-1.7820631265640259,0.37120330333709717,-1.0071620936618193,-0.12692809104919703,0.1948103308677715,0.0
25.69,-1.7833166122436523,0.3731277585029602,-1.0071620936618193,-0.12350082397461201,0.1895964145660441,0.0
25.7,-1.784533143043518,0.37499523162841797,-1.0071620936618193,-0.11935234069824473,0.18323212862015162,0.0
25.71,-1.7857036590576172,0.37679240107536316,-1.0071620936618193,-0.1141309738159204,0.17525255680084603,0.0
25.72,-1.7868157625198364,0.3785002827644348,-1.0071620936618193,-0.10799765586853258,0.16587823629379625,0.0
25.73,-1.7878636121749878,0.380109965801239,-1.0071620936618193,-0.10129213333130099,0.15554577112198206,0.0
25.74,-1.7888416051864624,0.3816111981868744,-1.0071620936618193,-0.09408593177795611,0.1443594694137604,0.0
25.75,-1.7897453308105469,0.38299715518951416,-1.0071620936618193,-0.08661150932310657,0.132754445075968,0.0
25.76,-1.7905738353729248,0.38426628708839417,-1.0071620936618193,-0.07916092872619798,0.12120306491852065,0.0
25.77,-1.7913285493850708,0.3854212164878845,-1.0071620936618193,-0.07190108299255524,0.10996907949447866,0.0
25.78,-1.7920118570327759,0.3864656686782837,-1.0071620936618193,-0.0650048255920424,0.09923875331878873,0.0
25.79,-1.7926286458969116,0.38740599155426025,-1.0071620936618193,-0.05847811698913699,0.0890091061592121,0.0
25.8,-1.7931814193725586,0.3882458508014679,-1.0071620936618193,-0.052237510681153454,0.07924586534500291,0.0
25.81,-1.7936733961105347,0.3889909088611603,-1.0071620936618193,-0.04637241363525489,0.07006525993347318,0.0
25.82,-1.7941088676452637,0.38964715600013733,-1.0071620936618193,-0.04081130027771083,0.06133466958999764,0.0
25.83,-1.7944896221160889,0.3902176022529602,-1.0071620936618193,-0.03559589385986404,0.05316138267517203,0.0
25.84,-1.794820785522461,0.39071038365364075,-1.0071620936618193,-0.030988454818720743,0.046017765998833136,0.0
25.85,-1.7951093912124634,0.391137957572937,-1.0071620936618193,-0.02699494361877499,0.03988444805145349,0.0
25.86,-1.7953606843948364,0.3915080726146698,-1.0071620936618193,-0.023579597473145034,0.03461539745330884,0.0
25.87,-1.7955809831619263,0.3918302655220032,-1.0071620936618193,-0.020748376846313917,0.03023147583007877,0.0
25.88,-1.7957756519317627,0.39211270213127136,-1.0071620936618193,-0.018256902694702537,0.026346743106842603,0.0
25.89,-1.7959461212158203,0.39235720038414,-1.0071620936618193,-0.015944242477417332,0.022701919078827387,0.0
25.9,-1.796094536781311,0.3925667405128479,-1.0071620936618193,-0.014060735702514949,0.01968294382095379,0.0
25.91,-1.7962273359298706,0.3927508592605591,-1.0071620936618193,-0.0126302242279033,0.017292797565457502,0.0
25.92,-1.7963471412658691,0.3929125964641571,-1.0071620936618193,-0.011372566223144774,0.015126168727875079,0.0
25.93,-1.7964547872543335,0.3930533826351166,-1.0071620936618193,-0.010317564010620337,0.013242661952972695,0.0
25.94,-1.7965534925460815,0.39317744970321655,-1.0071620936618193,-0.009465217590332232,0.01161992549896265,0.0
25.95,-1.7966440916061401,0.3932857811450958,-1.0071620936618193,-0.008642673492431825,0.010056793689727998,0.0
25.96,-1.7967263460159302,0.3933785855770111,-1.0071620936618193,-0.00786781311035173,0.008577108383178893,0.0
25.97,-1.7968014478683472,0.3934573233127594,-1.0071620936618193,-0.007182359695434724,0.007241964340210115,0.0
25.98,-1.7968699932098389,0.3935234248638153,-1.0071620936618193,-0.0065743923187257265,0.006087124347686898,0.0
25.99,-1.7969329357147217,0.39357906579971313,-1.0071620936618193,-0.006061792373657356,0.005099177360534776,0.0
26.0,-1.796991229057312,0.393625408411026,-1.0071620936618193,-0.005614757537840919,0.004191696643828691,0.0
26.01,-1.7970452308654785,0.3936628997325897,-1.0071620936618193,-0.005233287811279409,0.0034332275390625733,0.0
26.02,-1.7970958948135376,0.39369407296180725,-1.0071620936618193,-0.0049173831939698315,0.002858042716980041,0.0
26.03,-1.797143578529358,0.3937200605869293,-1.0071620936618193,-0.0046312808990479504,0.0023499131202698257,0.0
26.04,-1.7971885204315186,0.39374107122421265,-1.0071620936618193,-0.0043630599975586866,0.0018849968910217686,0.0
26.05,-1.797230839729309,0.39375776052474976,-1.0071620936618193,-0.004142522811889737,0.001499056816101106,0.0
26.06,-1.7972713708877563,0.39377105236053467,-1.0071620936618193,-0.003987550735473718,0.0011593103408813724,0.0
26.07,-1.7973105907440186,0.3937809467315674,-1.0071620936618193,-0.003862380981445395,0.0008463859558105649,0.0
26.08,-1.7973486185073853,0.3937879800796509,-1.0071620936618193,-0.003743171691894611,0.0006139278411865366,0.0
26.09,-1.7973854541778564,0.3937932252883911,-1.0071620936618193,-0.003689527511596103,0.00043362379074089903,0.0
26.1,-1.7974224090576172,0.3937966525554657,-1.0071620936618193,-0.0036954879760742977,0.00025033950805664594,0.0
26.11,-1.797459363937378,0.39379823207855225,-1.0071620936618193,-0.0036954879760742977,7.301568984985507e-05,0.0
26.12,-1.7974963188171387,0.3937981128692627,-1.0071620936618193,-0.0036954879760742977,-9.238719940185743e-05,0.0
26.13,-1.7975332736968994,0.3937963843345642,-1.0071620936618193,-0.0036954879760742977,-0.00025033950805664594,0.0
26.14,-1.7975702285766602,0.39379310607910156,-1.0071620936618193,-0.003737211227417072,-0.0003889203071594321,0.0
26.15,-1.7976080179214478,0.393788605928421,-1.0071620936618193,-0.003796815872192464,-0.0004991888999939071,0.0
26.16,-1.797646164894104,0.3937831223011017,-1.0071620936618193,-0.003868341445922247,-0.0005945563316344286,0.0
26.17,-1.7976853847503662,0.39377671480178833,-1.0071620936618193,-0.003927946090698326,-0.0006824731826782372,0.0
26.18,-1.797724723815918,0.3937694728374481,-1.0071620936618193,-0.003951787948608483,-0.000764429569244401,0.0
26.19,-1.7977644205093384,0.39376142621040344,-1.0071620936618193,-0.003951787948608483,-0.0008061528205871753,0.0
26.2,-1.7978037595748901,0.3937533497810364,-1.0071620936618193,-0.003927946090698326,-0.0007838010787964034,0.0
26.21,-1.7978429794311523,0.3937457501888275,-1.0071620936618193,-0.003856420516967856,-0.0007435679435730139,0.0
26.22,-1.7978808879852295,0.3937384784221649,-1.0071620936618193,-0.0037133693695069153,-0.0007107853889465484,0.0
26.23,-1.7979172468185425,0.3937315344810486,-1.0071620936618193,-0.0035464763641358176,-0.0006720423698425436,0.0
26.24,-1.7979518175125122,0.39372503757476807,-1.0071620936618193,-0.003343820571899485,-0.0006273388862609997,0.0
26.25,-1.7979841232299805,0.39371898770332336,-1.0071620936618193,-0.0031113624572749045,-0.0005766749382018142,0.0
26.26,-1.7980140447616577,0.39371350407600403,-1.0071620936618193,-0.002861022949218811,-0.0005215406417846791,0.0
26.27,-1.7980413436889648,0.39370855689048767,-1.0071620936618193,-0.002604722976684626,-0.0004693865776062112,0.0
26.28,-1.7980661392211914,0.3937041163444519,-1.0071620936618193,-0.002366304397583058,-0.0004142522811889737,0.0
26.29,-1.7980886697769165,0.3937002718448639,-1.0071620936618193,-0.002139806747436569,-0.0003576278686523514,0.0
26.3,-1.7981089353561401,0.39369696378707886,-1.0071620936618193,-0.001919269561767619,-0.00030547380447388346,0.0
26.31,-1.7981270551681519,0.3936941623687744,-1.0071620936618193,-0.0017225742340088257,-0.0002533197402954156,0.0
26.32,-1.7981433868408203,0.39369189739227295,-1.0071620936618193,-0.0015616416931152678,-0.00020712614059448684,0.0
26.33,-1.7981582880020142,0.3936900198459625,-1.0071620936618193,-0.001418590545654327,-0.0001654028892517125,0.0
26.34,-1.7981717586517334,0.3936885893344879,-1.0071620936618193,-0.0012874603271482363,-0.00011324882507322449,0.0
26.35,-1.7981840372085571,0.39368775486946106,-1.0071620936618193,-0.0012099742889404555,-4.3213367462159125e-05,0.0
26.36,-1.7981959581375122,0.39368772506713867,-1.0071620936618193,-0.0011920928955078379,4.1723251342774325e-05,0.0
26.37,-1.7982078790664673,0.3936885893344879,-1.0071620936618193,-0.0011682510375976812,0.00012964010238647737,9.097600868202188e-05
26.38,-1.7982193231582642,0.3936903178691864,-1.0071602741416454,-0.0010490417480468973,0.00021308660507202604,0.0011309728947584104
26.39,-1.7982288599014282,0.39369285106658936,-1.0071394742039244,-0.0006437301635742325,0.0003069639205932683,0.004207591123472998
26.4,-1.7982321977615356,0.39369645714759827,-1.0070761223191762,0.00041723251342774327,0.00043958425521851524,0.009605166077797583
26.41,-1.7982205152511597,0.3937016427516937,-1.0069473708823682,0.002539157867431244,0.0006392598152159645,0.017261242068575343
26.42,-1.798181414604187,0.3937092423439026,-1.0067308974778044,0.006091594696045052,0.0009253621101379592,0.027045580673213408
26.43,-1.7980986833572388,0.3937201499938965,-1.006406459268904,0.011450052261352784,0.001339614391326933,0.038872660321854484
26.44,-1.79795241355896,0.3937360346317291,-1.0059534442713673,0.01895427703857462,0.001956522464752239,0.052651506984192645
26.45,-1.7977195978164673,0.39375928044319153,-1.00535342912922,0.028842687606812138,0.0027760863304138773,0.06821983986471526
26.46,-1.7973755598068237,0.3937915563583374,-1.004589047474073,0.041425228118897366,0.003780424594879231,0.08548394468852653
26.47,-1.7968910932540894,0.3938348889350891,-1.0036437502354494,0.057029724121094964,0.005008280277252304,0.10439908962327715
26.48,-1.7962349653244019,0.39389172196388245,-1.0025010656816078,0.07565021514892739,0.006455183029174943,0.1248671028727193
26.49,-1.7953780889511108,0.3939639925956726,-1.001146408177995,0.09680390357971398,0.008068978786468678,0.14675671962336748
26.5,-1.7942988872528076,0.3940531015396118,-0.9995659312891406,0.12019872665403394,0.009837746620176686,0.17001064722387946
26.51,-1.7929741144180298,0.39416074752807617,-0.9977461952335167,0.14669895172119454,0.011838972568512214,0.19451782350421856
26.52,-1.7913649082183838,0.39428988099098206,-0.9956755748190563,0.17562508583069222,0.014013051986694634,0.2201478966442896
26.53,-1.789461612701416,0.39444100856781006,-0.9933432373006312,0.20663738250732863,0.016333162784576763,0.2468738467547968
26.54,-1.7872321605682373,0.3946165442466736,-0.9907380978839606,0.2414643764495901,0.018946826457977697,0.2745631009490937
26.55,-1.7846323251724243,0.3948199450969696,-0.9878519752816495,0.27863979339600203,0.02177357673645066,0.30315196460467075
26.56,-1.7816593647003174,0.3950520157814026,-0.9846750585918674,0.31678676605225287,0.024729967117310098,0.33260863598925816
26.57,-1.7782965898513794,0.3953145444393158,-0.9811998025618646,0.35643577575684354,0.027829408645630476,0.3627397605147375
26.58,-1.7745306491851807,0.3956086039543152,-0.9774202633815726,0.3977835178375329,0.031065940856934256,0.39350613474159196
26.59,-1.770340919494629,0.39593586325645447,-0.9733296798670331,0.4411697387694623,0.03446191549300609,0.42491392938024414
26.6,-1.76570725440979,0.3962978422641754,-0.9689219847939663,0.4853665828704937,0.037921965122223705,0.4567946607819992
26.61,-1.7606335878372192,0.3966943025588989,-0.9641937866513933,0.5291581153869742,0.04135072231292813,0.48905729853979607
26.62,-1.7551240921020508,0.39712485671043396,-0.9591408388231705,0.5725383758545044,0.04474222660064792,0.5217022137555483
26.63,-1.7491828203201294,0.39758914709091187,-0.9537597423762826,0.6154716014862192,0.04809796810150249,0.5546149120963302
26.64,-1.7428146600723267,0.398086816072464,-0.948048540581244,0.657963752746596,0.05141496658325305,0.5876765915112118
26.65,-1.7360235452651978,0.3986174464225769,-0.9420062105460586,0.7000565528869778,0.05470216274261591,0.6209324431611173
26.66,-1.7288135290145874,0.3991808593273163,-0.9356298917180221,0.741720199584845,0.05796253681181955,0.6543144218117724
26.67,-1.7211891412734985,0.3997766971588135,-0.928919922109821,0.7829666137695479,0.06118714809417855,0.6876488431215502
26.68,-1.7131541967391968,0.40040460228919983,-0.9218769148555914,0.8238017559051689,0.06436705589294571,0.7208927425188236
26.69,-1.7047131061553955,0.40106403827667236,-0.9145020672594448,0.8642315864563173,0.06747841835022117,0.7540227395237348
26.7,-1.6958695650100708,0.4017541706562042,-0.906796460065117,0.9042739868164256,0.07053911685943753,0.7869997068802482
26.71,-1.6866276264190674,0.4024748206138611,-0.8987620731218403,0.9439051151275836,0.07358044385910191,0.8197394630784235
26.72,-1.6769914627075195,0.40322577953338623,-0.8904016708035492,0.9831368923187466,0.07660984992981121,0.8521610012329721
26.73,-1.6669648885726929,0.4040070176124573,-0.8817188530971811,1.0219931602478245,0.07962286472320726,0.8842177978058718
26.74,-1.6565515995025635,0.40481823682785034,-0.8727173148474319,1.0604441165924299,0.08260458707809624,0.9158701824020428
26.75,-1.6457560062408447,0.40565910935401917,-0.8634014494491405,1.0985195636747551,0.08555650711058232,0.9470687099476368
26.76,-1.634581208229065,0.40652936697006226,-0.8537759406484761,1.136225461959863,0.0884994864463825,0.9777621465157691
26.77,-1.623031497001648,0.4074290990829468,-0.8438462065188255,1.173555850982691,0.09146332740783886,1.0079009300743673
26.78,-1.6111100912094116,0.408358633518219,-0.8336179220469891,1.2105047702789564,0.09442865848541461,1.037420415783763
26.79,-1.5988214015960693,0.40931767225265503,-0.8230977982031504,1.2470602989197044,0.09735971689224451,1.0662802961217026
26.8,-1.586168885231018,0.41030582785606384,-0.8122923161245555,1.2832701206207549,0.10025054216385101,1.0944467650961587
26.81,-1.5731559991836548,0.411322683095932,-0.8012088629012275,1.3191342353821083,0.10310560464859228,1.1218701907166357
26.82,-1.5597862005233765,0.41236793994903564,-0.7898549123102231,1.3546407222748091,0.10592937469482648,1.1485228474424702
26.83,-1.5460631847381592,0.4134412705898285,-0.7782384059523785,1.3897776603699026,0.1087307929992699,1.1743367727555605
26.84,-1.531990647315979,0.414542555809021,-0.7663681768551125,1.4245629310605683,0.11151134967802212,1.1993117212573248
26.85,-1.5175719261169434,0.4156714975833893,-0.754252171527228,1.4590084552765203,0.11427998542785889,1.2234032551918166
26.86,-1.5028104782104492,0.4168281555175781,-0.7419001117512768,1.4931142330169995,0.11703670024872076,1.2465071005256334
26.87,-1.487709641456604,0.41801223158836365,-0.7293220295167161,1.5268623828888266,0.11975467205047863,1.26867510353093
26.88,-1.4722732305526733,0.41922324895858765,-0.7165266096806586,1.5602886676788663,0.12243390083313249,1.2898903800809434
26.89,-1.4565038681030273,0.42046090960502625,-0.7035242219150977,1.5933990478515965,0.12508183717727928,1.3100295590702529
26.9,-1.440405249595642,0.4217248857021332,-0.6903260184992541,1.6261637210846294,0.1277059316635159,1.329159011934495
26.91,-1.4239805936813354,0.4230150282382965,-0.6769410416764082,1.6585886478421479,0.1303076744079386,1.3472170982246405
26.92,-1.407233476638794,0.42433103919029236,-0.6633816765347572,1.6907095909119012,0.13286620378494546,1.364131337393555
26.93,-1.3901664018630981,0.42567235231399536,-0.6496584149285377,1.7225265502930054,0.13541579246521285,1.379946060015576
26.94,-1.3727829456329346,0.42703935503959656,-0.6357827553344461,1.7539918422699348,0.13798624277115162,1.3946168895005626
26.95,-1.3550865650177002,0.42843207716941833,-0.621766077138527,1.7851412296295546,0.14053434133529963,1.408114644779509
26.96,-1.3370801210403442,0.4298500418663025,-0.6076204624388567,1.8160045146942525,0.14304369688034363,1.4204239712823554
26.97,-1.318766474723816,0.43129295110702515,-0.5933575977128803,1.846563816070596,0.14551877975464178,1.4315677244395613
26.98,-1.300148844718933,0.43276041746139526,-0.5789891079500661,1.8768072128296298,0.14797002077102978,1.4414860928926383
26.99,-1.2812303304672241,0.4342523515224457,-0.5645278758550282,1.9067525863647867,0.15040636062622392,1.4501538933778455
27.0,-1.2620137929916382,0.4357685446739197,-0.5499860300825096,1.9363880157467677,0.15281885862348074,1.457599858724151
27.01,-1.2425025701522827,0.43730872869491577,-0.5353758786805405,1.965719461441082,0.1552194356918368,1.4637985855507332
27.02,-1.2226994037628174,0.43887293338775635,-0.5207100583714958,1.9947767257690854,0.15760809183121063,1.468733628734862
27.03,-1.2026070356369019,0.4404608905315399,-0.5060012061058438,2.023547887802167,0.159963965415958,1.4724230584887679
27.04,-1.182228446006775,0.44207221269607544,-0.4912615972017208,2.052026987075849,0.16228258609772075,1.4748298862057623
27.05,-1.1615664958953857,0.44370654225349426,-0.47650460838172914,2.08021998405461,0.1645594835281407,1.4759747021017549
27.06,-1.1406240463256836,0.4453634023666382,-0.4617421031596864,2.1081387996674033,0.1668140292167699,1.475858088403235
27.07,-1.1194037199020386,0.4470428228378296,-0.44698744661366496,2.13575959205632,0.16908794641495112,1.4744602299901248
27.08,-1.097908854484558,0.44874516129493713,-0.43225289855988464,2.163088321685837,0.1713737845420874,1.471802643629814
27.09,-1.0761419534683228,0.45047029852867126,-0.41755139374106953,2.1898210048672113,0.1736044883727756,1.4678708045698856
27.1,-1.054112434387207,0.4522172510623932,-0.4028954824684824,2.2149264812469953,0.17567873001099008,1.4626868392760928
27.11,-1.0318434238433838,0.453983873128891,-0.3882976569555484,2.2382855415344713,0.1775965094566383,1.4562480575578052
27.12,-1.0093467235565186,0.4557691812515259,-0.3737705213173269,2.2565096616745475,0.17912238836288835,1.4485561680988777
27.13,-0.9867132306098938,0.4575663208961487,-0.35932653359357125,2.2636681795120723,0.1797839999198952,1.439630905301867
27.14,-0.9640733599662781,0.4593648612499237,-0.34497790321128996,2.261036634445239,0.1796543598175087,1.4294864909968423
27.15,-0.94149249792099,0.4611594080924988,-0.3307368037736351,2.256724238395739,0.17936974763870622,1.4181252611674768
27.16,-0.9189388751983643,0.46295225620269775,-0.31661539798794097,2.2420585155483557,0.17822235822674826,1.4055770857620353
27.17,-0.8966513276100159,0.4647238552570343,-0.3026252620583899,2.206501364707994,0.17536580562591927,1.39184959146584
27.18,-0.8748088479042053,0.46645957231521606,-0.2887784061586247,2.166286110878037,0.17211288213730225,1.3769503826395706
27.19,-0.853325605392456,0.4681661128997803,-0.2750862544055989,2.1319895982742763,0.16932040452957514,1.3609237379789654
27.2,-0.8321690559387207,0.4698459804058075,-0.26155993139904576,2.0905554294586626,0.16595721244812364,1.343775038012802
27.21,-0.8115144968032837,0.4714852571487427,-0.24821075364534337,2.0381599664688546,0.16173124313354836,1.325522313407818
27.22,-0.7914058566093445,0.4730806052684784,-0.23504948513089016,1.9853204488754697,0.1574829220771823,1.3062036001172672
27.23,-0.7718080878257751,0.47463491559028625,-0.22208668164299852,1.9290655851364547,0.153005123138431,1.2858363248502698
27.24,-0.7528245449066162,0.47614070773124695,-0.20933275863388517,1.8679648637772004,0.14819949865341503,1.2644535691644967
27.25,-0.7344487905502319,0.4775989055633545,-0.19679761025970915,1.8099963665005716,0.14366358518598218,1.242094631305385
27.26,-0.7166246175765991,0.47901397943496704,-0.18449086600777348,1.757016777992286,0.1395076513290435,1.218777699778543
27.27,-0.699308454990387,0.4803890585899353,-0.1724220562641387,1.707956194877661,0.13562887907028487,1.1945260443824635
27.28,-0.6824654936790466,0.4817265570163727,-0.1606003451201246,1.6600012779236193,0.1318514347076444,1.169392750835077
27.29,-0.6661084294319153,0.48302608728408813,-0.14903420124743746,1.6123920679092751,0.12813359498977933,1.1434031177345338
27.3,-0.6502176523208618,0.4842892289161682,-0.13773228276543448,1.564598083496127,0.12438595294952658,1.1166030096500206
27.31,-0.6348164677619934,0.4855138063430786,-0.12670214105443756,1.5152722597122514,0.12048035860061902,1.0890398246876443
27.32,-0.6199122071266174,0.48669883608818054,-0.11595148627168188,1.46673619747165,0.11660903692245732,1.060737143663815
27.33,-0.605481743812561,0.4878459870815277,-0.10548739818116155,1.4174640178680722,0.11264681816101314,1.031743464190393
27.34,-0.5915629267692566,0.48895177245140076,-0.09531661698787457,1.3661116361615906,0.10849982500074598,1.002103213090687
27.35,-0.578159511089325,0.49001598358154297,-0.08544533391934478,1.3144642114639562,0.10434687137603982,0.9718579871860408
27.36,-0.565273642539978,0.4910387098789215,-0.07587945724415435,1.2623637914657861,0.10015219449997162,0.9410637892230712
27.37,-0.5529122352600098,0.49201902747154236,-0.06662405813488367,1.210433244705226,0.09595751762390341,0.9097687530131376
27.38,-0.541064977645874,0.49295786023139954,-0.057684082183892045,1.1590659618377932,0.09182840585708814,0.8780207995971755
27.39,-0.5297309160232544,0.4938555955886841,-0.04906364214294033,1.1084347963333365,0.08776336908340641,0.845886606224129
27.4,-0.5188962817192078,0.4947131276130676,-0.040766350059410046,1.0585874319076765,0.0837370753288287,0.8134040799290871
27.41,-0.5085591673851013,0.4955303370952606,-0.032795560544358754,1.0092839598654122,0.07971227169035619,0.7806247820136948
27.42,-0.49871060252189636,0.496307373046875,-0.025153854419133724,0.9603187441826071,0.0756978988647477,0.7476216187404399
27.43,-0.4893527925014496,0.49704429507255554,-0.01784312816955008,0.9112417697906688,0.07170289754867706,0.7144399068620119
27.44,-0.4804857671260834,0.4977414309978485,-0.010865056281893645,0.8621051907539552,0.06771385669708396,0.6811431443768313
27.45,-0.47211068868637085,0.4983985722064972,-0.004220265282013548,0.8127972483635122,0.06370991468429701,0.6478113019313363
27.46,-0.4642298221588135,0.4990156292915344,0.0020911697567327645,0.7634744048118755,0.05970895290374883,0.6144960992256718
27.47,-0.45684120059013367,0.49959275126457214,0.008069656702499617,0.7140710949897918,0.05572140216827511,0.5812586848024672
27.48,-0.44994840025901794,0.5001300573348999,0.013716343452782043,0.6643161177635335,0.05173832178115955,0.5481778754807715
27.49,-0.4435548782348633,0.5006275177001953,0.019033214212114756,0.6143242120742929,0.0477641820907603,0.5153094257641765
27.5,-0.43766191601753235,0.5010853409767151,0.024022531968065218,0.5640998482703281,0.04379749298095018,0.4827303028098218
27.51,-0.43227288126945496,0.5015034675598145,0.028687820268312538,0.5145475268364063,0.039917230606079955,0.45051657053155464
27.52,-0.42737096548080444,0.5018836855888367,0.03303286337869594,0.46580284833909075,0.03613531589508134,0.41873337666925364
27.53,-0.42295682430267334,0.5022261738777161,0.037062487801697505,0.41783750057221347,0.0324338674545295,0.3874703587697675
27.54,-0.41901421546936035,0.5025323629379272,0.040782270554091074,0.3706201910972674,0.028803944587708134,0.3567943981789133
27.55,-0.41554442048072815,0.5028022527694702,0.04419837576527557,0.32296180725098345,0.025150179862976612,0.32678587728044023
27.56,-0.4125549793243408,0.5030353665351868,0.047317988099699775,0.2746328711509763,0.021427869796753388,0.29752338672557965
27.57,-0.41005176305770874,0.5032308101654053,0.05014884349978687,0.22614151239395625,0.017654895782471078,0.26908451740597655
27.58,-0.4080321490764618,0.5033884644508362,0.05269967844781932,0.1782640814781227,0.013893842697143851,0.24157961165334713
27.59,-0.40648648142814636,0.5035086870193481,0.05498043573285382,0.1308575272559915,0.010153651237486206,0.21508130915149884
27.6,-0.40541499853134155,0.5035915374755859,0.05700130463084989,0.08418560028076351,0.006479024887085099,0.18965518205061166
27.61,-0.40480276942253113,0.5036382675170898,0.058773539373866014,0.0419124960899362,0.003132224082946844,0.16540771979834187
27.62,-0.40457674860954285,0.5036541819572449,0.060309459026816795,0.00643581151962294,0.0002861022949218811,0.14242217227371815
27.63,-0.40467405319213867,0.5036439895629883,0.06162198281934037,-0.022923946380615724,-0.0021040439605713337,0.12079812485737121
27.64,-0.40503522753715515,0.5036121010780334,0.06272542152396436,-0.04940479993820296,-0.004276633262634368,0.10063776151359109
27.65,-0.4056621491909027,0.5035584568977356,0.06363473804961234,-0.07501691579818885,-0.006380677223205703,0.08201621071573137
27.66,-0.4065355658531189,0.5034844875335693,0.06436574573827915,-0.09812712669371025,-0.008302927017210616,0.06504343125978233
27.67,-0.4076246917247772,0.5033923983573914,0.06493560667480817,-0.11977255344391124,-0.010126829147339082,0.04981383159370462
27.68,-0.40893101692199707,0.5032819509506226,0.06536202237015303,-0.14011114835739436,-0.011873245239258066,0.036421661384712034
27.69,-0.41042691469192505,0.5031549334526062,0.06566403990250233,-0.15875995159149509,-0.013503432273865034,0.02498756044957471
27.7,-0.4121062159538269,0.5030118823051453,0.0658617735791447,-0.17682611942291637,-0.015085935592651688,0.01560616868656639
27.71,-0.4139634370803833,0.5028532147407532,0.06597616327623347,-0.19393116235733446,-0.016590952873230334,0.008377713295337942
27.72,-0.4159848392009735,0.5026800632476807,0.06602932784505143,-0.2065435051918074,-0.017687678337097546,0.003414298731652183
27.73,-0.41809430718421936,0.5024994611740112,0.06604444925086632,-0.2138137817382858,-0.01830458641052285,0.0008834157990245306
27.74,-0.42026111483573914,0.5023139715194702,0.06604699616103177,-0.2183243632316636,-0.018623471260071196,0.002597245212765442
27.75,-0.42246079444885254,0.5021269917488098,0.0660963941551215,-0.21927654743191152,-0.018316507339474677,0.012041499174351494
27.76,-0.42464664578437805,0.5019476413726807,0.06628782614451902,-0.21632015705109103,-0.016871094703674677,0.030785214576423792
27.77,-0.42678719758987427,0.5017895698547363,0.06671209844664978,-0.2099335193634078,-0.013795495033264455,0.05826219464333384
27.78,-0.4288453161716461,0.5016717314720154,0.06745307003738579,-0.20001083612442444,-0.008574128150940124,0.09379227090131814
27.79,-0.43078741431236267,0.5016180872917175,0.06858794386467605,-0.18774569034576816,-0.0008285045623779474,0.13676149714530197
27.8,-0.4326002299785614,0.5016551613807678,0.07018829998029193,-0.1741871237754859,0.009816884994507046,0.18654947170642486
27.81,-0.4342711567878723,0.5018144249916077,0.07231893329880441,-0.1594439148902927,0.023806095123291522,0.24253881023559815
27.82,-0.4357891082763672,0.5021312832832336,0.07503907618500374,-0.1429200172424347,0.041499733924866604,0.3041487718922052
27.83,-0.43712955713272095,0.502644419670105,0.07840190873664829,-0.12421905994415548,0.06328225135803357,0.37080908407896807
27.84,-0.43827348947525024,0.5033969283103943,0.08245525786658299,-0.10406970977781577,0.0894427299499372,0.4419659399607287
27.85,-0.4392109513282776,0.504433274269104,0.08724122753586422,-0.08366405963897884,0.11847019195556893,0.5170625344347423
27.86,-0.4399467706680298,0.5057663321495056,0.09279650855527741,-0.06317645311355725,0.15012919902801833,0.5955828746267449
27.87,-0.4404744803905487,0.5074358582496643,0.09915288502839878,-0.04293471574783417,0.18419027328491602,0.6770043753686983
27.88,-0.44080546498298645,0.5094501376152039,0.10633659606265097,-0.0229164958000188,0.22090673446655745,0.7608403276476434
27.89,-0.4409328103065491,0.5118539929389954,0.11436969158135114,-0.002565979957580621,0.2612918615341242,0.846616511472971
27.9,-0.44085678458213806,0.5146759748458862,0.12326892629211017,0.01719146966934241,0.3032058477401798,0.9338545928672536
27.91,-0.44058898091316223,0.5179181098937988,0.1330467834386956,0.03578960895537771,0.34511089324945776,1.0221014279014407
27.92,-0.4401409924030304,0.5215781927108765,0.14371095485014218,0.05295127630233878,0.38585960865021574,1.1109423518864918
27.93,-0.4395299553871155,0.525635302066803,0.1552656304764249,0.06917119026184229,0.4264742136001678,1.199962127638824
27.94,-0.4387575685977936,0.5301076769828796,0.16771019740291834,0.08496791124344054,0.46800971031189964,1.2887438798310722
27.95,-0.4378305971622467,0.5349954962730408,0.1810405080730456,0.10010302066803192,0.509434938430797,1.3769195969241492
27.96,-0.436755508184433,0.5402963757514954,0.19524858934140077,0.11461824178695923,0.5506157875061153,1.4640921617873206
27.97,-0.43553823232650757,0.5460078120231628,0.21032235130879146,0.1285895705223111,0.5915164947509892,1.549923927395824
27.98,-0.4341837167739868,0.5521267056465149,0.22624706788931645,0.14212727546692197,0.6321042776107922,1.6340909063872104
27.99,-0.4326956868171692,0.5586498975753784,0.24300416943653483,0.15539377927780482,0.6723254919052267,1.7162492172006971
28.0,-0.4310758411884308,0.5655732154846191,0.26057205223332963,0.16840100288388482,0.7121860980986435,1.7960893714557082
28.01,-0.42932766675949097,0.5728936195373535,0.27892595686565474,0.18106400966644673,0.751727819442765,1.8733191219138812
28.02,-0.42745456099510193,0.5806077718734741,0.29803843467160646,0.19341260194778856,0.7909297943115403,1.9476641865075777
28.03,-0.4254594147205353,0.588712215423584,0.3178792405958055,0.2055227756500288,0.8297741413116632,2.0188837035334903
28.04,-0.42334410548210144,0.597203254699707,0.3384161087422756,0.2174898982048081,0.8682399988174624,2.0867181759726794
28.05,-0.4211096167564392,0.6060770153999329,0.35961360411525845,0.22927969694138062,0.9063392877578929,2.1509278080184004
28.06,-0.4187585115432739,0.6153300404548645,0.3814346649026427,0.24084299802780665,0.9440898895263873,2.211322242239902
28.07,-0.4162927567958832,0.6249588131904602,0.40384004896005565,0.2522259950637871,0.9814858436584681,2.2676693613385797
28.08,-0.4137139916419983,0.6349597573280334,0.42678805212941345,0.2635270357132014,1.0184973478317478,2.3197927277060653
28.09,-0.41102221608161926,0.6453287601470947,0.4502359035141759,0.27470439672465796,1.0551422834394713,2.3675497241071395
28.1,-0.4082199037075043,0.6560626029968262,0.47413904661156375,0.2856552600860657,1.0914623737335438,2.410800898574002
28.11,-0.40530911087989807,0.6671580076217651,0.49845192148565487,0.296406447887427,1.127442717552209,2.4493821038294863
28.12,-0.40229177474975586,0.6786114573478699,0.5231266886881524,0.30697435140610396,1.1630862951278935,2.4831553192665585
28.13,-0.3991696238517761,0.6904197335243225,0.5481150278709849,0.31739473342896185,1.1983960866928356,2.512085302987908
28.14,-0.39594388008117676,0.7025793790817261,0.5733683947479097,0.32763630151749357,1.2332469224930072,2.5360391949229886
28.15,-0.3926168978214264,0.7150846719741821,0.5988358117694434,0.33727288246155507,1.2659609317779812,2.5549376224247013
28.16,-0.3891984224319458,0.7278985977172852,0.6244671471964027,0.34665465354914016,1.2976616621015427,2.568698455457861
28.17,-0.3856838047504425,0.741037905216217,0.6502097808786088,0.35635530948639677,1.330623030662565,2.5772820236126144
28.18,-0.382071316242218,0.7545110583305359,0.6760127876686537,0.3661155700683672,1.3640671968460374,2.5807415816428865
28.19,-0.3783614933490753,0.7683192491531372,0.7018246125114652,0.3757685422897419,1.3974189758301079,2.579005077128948
28.2,-0.37455594539642334,0.7824594378471375,0.7275928892112314,0.3852590918541037,1.4303952455520934,2.5720645881266537
28.21,-0.3706563115119934,0.7969271540641785,0.7532659042739971,0.39456486701966176,1.4627397060394598,2.5599817331214516
28.22,-0.3666646480560303,0.811714231967926,0.7787925238736595,0.40207058191300293,1.4885842800140698,2.542791291081846
28.23,-0.3626148998737335,0.8266988396644592,0.8041217300956328,0.40622651576996716,1.5024036169052444,2.520540640412437
28.24,-0.3585401177406311,0.8417623043060303,0.8292033366819069,0.40727406740189465,1.5050739049911819,2.493293171223274
28.25,-0.3544694185256958,0.8568003177642822,0.8539875935200973,0.4049077630042397,1.4954715967176007,2.4610674593606037
28.26,-0.35044196248054504,0.871671736240387,0.8784246858691265,0.4000589251518335,1.4770269393921214,2.4240483718838206
28.27,-0.3464682400226593,0.886340856552124,0.902468560957773,0.39419680833817367,1.4551222324371649,2.3823769954771707
28.28,-0.34255802631378174,0.9007741808891296,0.9260722257786687,0.3873139619827353,1.4297783374786681,2.3360727707845417
28.29,-0.33872196078300476,0.9149364233016968,0.9491900163734629,0.3796905279159627,1.401957869529754,2.285332421314994
28.3,-0.33496421575546265,0.9288133382797241,0.9717788742049677,0.37165731191635926,1.3727217912674243,2.2303102870734812
28.31,-0.33128881454467773,0.9423908591270447,0.9937962221149317,0.3625735640525895,1.3396859169006634,2.171214519037414
28.32,-0.327712744474411,0.9556070566177368,1.0152031645857151,0.35204142332077776,1.3014733791351596,2.1082640065207996
28.33,-0.32424798607826233,0.9684203267097473,1.0359615022453468,0.3389909863472057,1.2544065713882713,2.0416426714436433
28.34,-0.32093292474746704,0.9806951880455017,1.0560360180145871,0.3240630030631512,1.200756430625728,1.9715154022372143
28.35,-0.3177667260169983,0.9924354553222656,1.0753918102900972,0.3092736005783147,1.1476427316665894,1.8981429326580828
28.36,-0.3147474527359009,1.003648042678833,1.093998876667748,0.29451698064804704,1.0942935943603749,1.821833981268045
28.37,-0.3118763864040375,1.0143213272094727,1.1118284899154574,0.2794936299324095,1.0396063327789529,1.7428419638852481
28.38,-0.3091575801372528,1.0244401693344116,1.1288557159454522,0.2640351653099116,0.9833335876465054,1.6614047980292665
28.39,-0.30659568309783936,1.0339879989624023,1.145056585876042,0.24841874837875896,0.9265184402466018,1.5778820803192486
28.4,-0.30418920516967773,1.0429705381393433,1.1604133575518365,0.23295581340790292,0.8702695369720644,1.4926126617121989
28.41,-0.3019365668296814,1.0513933897018433,1.1749088391102853,0.21770596504208023,0.8145749568937936,1.4058193819302756
28.42,-0.29983508586883545,1.0592620372772217,1.1885297451904466,0.20266324281692938,0.7594227790832682,1.3178751211591793
28.43,-0.2978833019733429,1.0665818452835083,1.2012663415334683,0.18775910139084262,0.704813003540054,1.2291833946227722
28.44,-0.2960799038410187,1.0733582973480225,1.2131134130829015,0.17300695180893313,0.6507396697998186,1.1402039129697858
28.45,-0.2944231629371643,1.0795966386795044,1.2240704197928636,0.15843957662582736,0.5971968173980841,1.051331994345395
28.46,-0.2929111123085022,1.0853022336959839,1.234140052969809,0.14406889677048038,0.544190406799328,0.962907552460644
28.47,-0.29154178500175476,1.0904804468154907,1.243328570842076,0.12987107038498202,0.4916965961456404,0.875288033243101
28.48,-0.2903136909008026,1.0951361656188965,1.2516458136346706,0.11582225561142215,0.43972134590149864,0.7889463655077867
28.49,-0.28922533988952637,1.0992748737335205,1.2591074981522314,0.10196268558502415,0.3882527351379477,0.7044660803472141
28.5,-0.2882744371891022,1.1029012203216553,1.2657351352416146,0.08830279111860802,0.33726096153254004,0.6222067533634772
28.51,-0.28745928406715393,1.1060200929641724,1.2715516332195027,0.07479339838028114,0.28678178787232056,0.5426397696860823
28.52,-0.2867785692214966,1.1086368560791016,1.276587930635336,0.06144344806671274,0.23680329322815447,0.4663281078068781
28.53,-0.2862304151058197,1.1107561588287354,1.2808781953756403,0.048264861106873586,0.18730759620666904,0.39381257865283853
28.54,-0.28581327199935913,1.1123830080032349,1.2844641822083926,0.03523975610733107,0.1383006572723418,0.3256613104560893
28.55,-0.2855256199836731,1.1135221719741821,1.2873914215847617,0.02235472202301073,0.08978247642517281,0.2622774271434703
28.56,-0.2853661775588989,1.1141786575317383,1.289709730751262,0.00959485769271871,0.04174709320068448,0.2043399938954681
28.57,-0.2853337228298187,1.1143571138381958,1.291478221462671,-0.0030413269996643713,-0.00581145286560071,0.15247318378459931
28.58,-0.2854270040988922,1.1140624284744263,1.2927591944269539,-0.015361607074737877,-0.05213022232055775,0.10717991471574047
28.59,-0.2856409549713135,1.1133145093917847,1.2936218197569858,-0.0270038843154865,-0.09585022926329068,0.06910435956827307
28.6,-0.285967081785202,1.1121454238891602,1.2941412816183193,-0.03784149885177693,-0.13650059700012498,0.03890785692761772
28.61,-0.286397784948349,1.1105844974517822,1.294399976895538,-0.04711896181106668,-0.17117857933044797,0.017274466798223122
28.62,-0.28690946102142334,1.1087218523025513,1.2944867709542838,-0.054916739463807325,-0.20025372505188416,0.004743332462853291
28.63,-0.2874961197376251,1.1065794229507446,1.2944948435447954,-0.06212145090103282,-0.22720694541931635,-0.0009849384102311942
28.64,-0.28815189003944397,1.104177713394165,1.2944670721860791,-0.06769746541977073,-0.24887919425964886,-0.008231955732984806
28.65,-0.2888500690460205,1.1016018390655518,1.294330204430136,-0.07107406854629668,-0.2648949623107967,-0.02325573236681194
28.66,-0.2895733714103699,1.0988798141479492,1.2940019575387431,-0.07255077362059413,-0.27837753295894085,-0.0463276312353694
28.67,-0.2903010845184326,1.096034288406372,1.2934036518054282,-0.07144212722778473,-0.2886414527893128,-0.0768716599397051
28.68,-0.29100221395492554,1.093106985092163,1.2924645243399493,-0.06698817014694357,-0.2947390079498354,-0.11433891609362834
28.69,-0.29164084792137146,1.0901395082473755,1.2911168734835554,-0.058920681476594274,-0.2974808216095034,-0.15821095658648315
28.7,-0.2921806275844574,1.0871573686599731,1.28930030520822,-0.04577934741973975,-0.29274225234985973,-0.2079292260079013
28.71,-0.29255643486976624,1.0842846632003784,1.2869582889633973,-0.026859343051910973,-0.2792894840240538,-0.26298744057272067
28.72,-0.2927178144454956,1.0815715789794922,1.2840405563967656,-0.0033795833587647204,-0.26323795318604076,-0.3228675306998843
28.73,-0.29262402653694153,1.0790199041366577,1.2805009383493995,0.024387240409851595,-0.2466678619384818,-0.3871358794401119
28.74,-0.2922300696372986,1.0766382217407227,1.2762978388079638,0.056692957878114,-0.22813081741333494,-0.45537713704900534
28.75,-0.2914901673793793,1.0744572877883911,1.2713933956084196,0.09332895278929206,-0.20731687545773125,-0.5270785916922602
28.76,-0.29036349058151245,1.0724918842315674,1.2657562669741167,0.13380646705627727,-0.18550753593445218,-0.6017683421062032
28.77,-0.2888140380382538,1.0707471370697021,1.2593580287662958,0.17657577991485973,-0.1642465591430699,-0.6790816775215236
28.78,-0.28683197498321533,1.069206953048706,1.2521746334236863,0.22010505199432842,-0.1448094844818146,-0.7585501594979667
28.79,-0.2844119369983673,1.067850947380066,1.2441870255763368,0.263959169387823,-0.12729763984680448,-0.8397926531591172
28.8,-0.281552791595459,1.06666100025177,1.2353787803605045,0.3078997135162419,-0.111562013626101,-0.9223507408668593
28.81,-0.2782539427280426,1.065619707107544,1.225740010759,0.3518611192703322,-0.09752511978149622,-1.0058590976188546
28.82,-0.2745155692100525,1.0647104978561401,1.2152615984081276,0.3957360982894982,-0.0852167606353778,-1.0900749794924514
28.83,-0.2703392207622528,1.0639153718948364,1.2039385111691516,0.43933689594269737,-0.07455945014953773,-1.1745647827019507
28.84,-0.26572883129119873,1.0632193088531494,1.1917703027540891,0.48281103372566303,-0.06531476974486283,-1.2589180061652026
28.85,-0.26068300008773804,1.062609076499939,1.1787601510458436,0.5262136459350698,-0.0572323799133313,-1.3428034785964613
28.86,-0.25520455837249756,1.0620746612548828,1.1649142331821605,0.5693204700946929,-0.050187110900879975,-1.4259595853517963
28.87,-0.24929659068584442,1.0616053342819214,1.150240959338808,0.612105429172529,-0.044077634811402304,-1.5081111053028107
28.88,-0.24296244978904724,1.0611931085586548,1.134752011076105,0.6545424461364886,-0.03869533538818442,-1.5888902191839256
28.89,-0.23620574176311493,1.0608314275741577,1.1184631549551303,0.6966121494770199,-0.03396868705749584,-1.6681217699997664
28.9,-0.22903020679950714,1.0605137348175049,1.1013895756761103,0.7383033633232274,-0.02977848052978579,-1.7454502634484488
28.91,-0.2214396744966507,1.060235857963562,1.083554149686162,0.7796145975588533,-0.026071071624751783,-1.820607610522344
28.92,-0.21343791484832764,1.0599923133850098,1.0649774234656575,0.8205421268940147,-0.02280473709106494,-1.8934607262861518
28.93,-0.20502883195877075,1.0597797632217407,1.04568493516044,0.8610762655735199,-0.019806623458862728,-1.963602386109151
28.94,-0.1962163895368576,1.0595961809158325,1.0257053757434755,0.9012199938297464,-0.017106533050537474,-2.0309107464748775
28.95,-0.1870044320821762,1.05943763256073,1.0050667202309433,0.9409755468368731,-0.014662742614746406,-2.095211584703494
28.96,-0.17739687860012054,1.0593029260635376,0.9838011440494063,0.9803399443626613,-0.012338161468506123,-2.15625535794073
28.97,-0.1673976331949234,1.0591908693313599,0.9619416130721297,1.0193198919296482,-0.010186433792114475,-2.2139257839580733
28.98,-0.15701048076152802,1.0590991973876953,0.9395226283702459,1.057919859886192,-0.008249282836914238,-2.2679432757978497
28.99,-0.1462392359972,1.0590258836746216,0.9165827475561735,1.0961405932903523,-0.006455183029174943,-2.3181989522794537
29.0,-0.13508766889572144,1.0589700937271118,0.8931586493246577,1.1339802294967787,-0.004714727401732661,-2.364648581815451
29.01,-0.1235596314072609,1.058931589126587,0.8692897759198572,1.1714443564415227,-0.0030636787414551436,-2.4070685732156276
29.02,-0.11165878176689148,1.0589088201522827,0.8450172778603463,1.2085422873497267,-0.0015676021575928068,-2.4453361318143982
29.03,-0.09938878566026688,1.058900237083435,0.8203830532835703,1.2452725321054725,-0.0001668930053710973,-2.4793450117401723
29.04,-0.08675333112478256,1.0589054822921753,0.7954303776255438,1.2816365808248793,0.0012099742889404555,-2.5089706571109405
29.05,-0.07375605404376984,1.0589244365692139,0.7702036401413525,1.3176411390304845,0.0025272369384766163,-2.5342049490615013
29.06,-0.06040050834417343,1.0589560270309448,0.7447462786443148,1.3532903045416167,0.0037252902984619934,-2.55500118079005
29.07,-0.04669024795293808,1.058998942375183,0.7191036165255527,1.3881837949157056,0.004792213439941509,-2.571204154809036
29.08,-0.03263683244585991,1.0590518712997437,0.6933221955481353,1.4221800491214103,0.005793571472168092,-2.5828254843038074
29.09,-0.018246646970510483,1.0591148138046265,0.6674471068394778,1.4559010392983962,0.006765127182005779,-2.589866983570616
29.1,-0.003518811659887433,1.0591871738433838,0.641524855876715,1.4898000285029729,0.007671117782592937,-2.5922283032421163
29.11,0.01154935359954834,1.0592682361602783,0.6156025407746364,1.5236463048495676,0.008434057235717954,-2.589931317728655
29.12,0.02695411443710327,1.0593558549880981,0.5897262295221429,1.5548812225461337,0.00904798507690449,-2.583020217668352
29.13,0.04264697805047035,1.0594491958618164,0.5639421364212702,1.5846135094762186,0.009608268737793173,-2.5714727305151333
29.14,0.05864638462662697,1.059548020362854,0.5382967749118414,1.613591052591835,0.01007914543151877,-2.555371304008657
29.15,0.07491879910230637,1.0596507787704468,0.5128347103410983,1.6401397064328542,0.01043677330017112,-2.534729318719396
29.16,0.09144917875528336,1.0597567558288574,0.4876021885374545,1.6610667109486845,0.010699033737180945,-2.509545672695864
29.17,0.10814013332128525,1.0598647594451904,0.4626437968871732,1.6671821475029347,0.010800361633301012,-2.479956847364892
29.18,0.12479282170534134,1.0599727630615234,0.4380030515901576,1.6607683151960726,0.010752677917480698,-2.446049817340031
29.19,0.141355499625206,1.06007981300354,0.41372280054037375,1.6426514834165924,0.010526180267334208,-2.4078867210334547
29.2,0.15764585137367249,1.0601832866668701,0.3898453171694897,1.6103148460388528,0.010138750076294162,-2.3655521187511193
29.21,0.17356179654598236,1.060282588005066,0.3664117581653526,1.5717215836048462,0.0097036361694338,-2.31920234056227
29.22,0.18908028304576874,1.0603773593902588,0.34346127035824536,1.5283100306988089,0.00919699668884297,-2.269008324483028
29.23,0.20412799715995789,1.0604665279388428,0.3210315916756932,1.4756880700588542,0.008547306060791198,-2.21504968456874
29.24,0.2185940444469452,1.0605483055114746,0.29916027666687145,1.4184787869453732,0.007814168930053877,-2.157472682011387
29.25,0.23249757289886475,1.0606228113174438,0.27788213803546635,1.3627953827379005,0.007075071334837761,-2.0964832180084434
29.26,0.24584995210170746,1.0606898069381714,0.2572306123066958,1.308538019657163,0.006335973739624159,-2.0322545518026027
29.27,0.25866833329200745,1.0607495307922363,0.23723704699941503,1.2530066072941093,0.005567073822021603,-1.964999947189303
29.28,0.2709100842475891,1.0608011484146118,0.2179306133629104,1.1948257684707897,0.004762411117553812,-1.8948959529605474
29.29,0.28256484866142273,1.0608447790145874,0.19933912794020497,1.1364683508873228,0.003951787948608483,-1.8221539134512132
29.3,0.2936394512653351,1.060880184173584,0.18148753509388676,1.0786458849907152,0.003117322921752996,-1.7470206353401725
29.31,0.3041377663612366,1.0609071254730225,0.16439871523340233,1.0202705860138157,0.002229213714599657,-1.6697519752455614
29.32,0.31404486298561096,1.060924768447876,0.14809249558897639,0.9613901376724449,0.0013113021850586217,-1.5905964416796599
29.33,0.32336556911468506,1.0609333515167236,0.13258678639980986,0.9030431509018136,0.0005185604095459095,-1.5098048205259496
29.34,0.33210572600364685,1.060935139656067,0.11789639917845805,0.8452787995337119,-9.536743164061009e-05,-1.4276762457744663
29.35,0.34027114510536194,1.0609314441680908,0.10403326148431619,0.7880836725235153,-0.0005900859832763798,-1.3445027383284522
29.36,0.3478673994541168,1.0609233379364014,0.09100634441188944,0.731459259986893,-0.0010311603546142797,-1.260579366064989
29.37,0.3549003303050995,1.0609108209609985,0.07882167416301677,0.675401091575637,-0.0014305114746094056,-1.176233005907504
29.38,0.3613754212856293,1.0608947277069092,0.06748168429373974,0.6198987364769114,-0.0017344951629639043,-1.0918076426123868
29.39,0.36729830503463745,1.0608761310577393,0.0569855213107694,0.5649492144584776,-0.0019669532775879327,-1.0076297931795646
29.4,0.3726744055747986,1.0608553886413574,0.04732908843014873,0.5105435848236193,-0.0021636486053467257,-0.9240470505956307
29.41,0.3775091767311096,1.0608328580856323,0.03850458029885706,0.4566803574561359,-0.0023484230041500237,-0.8414386982889671
29.42,0.38180801272392273,1.0608084201812744,0.03050031446436666,0.4033520817756739,-0.0025629997253418515,-0.7601954360347103
29.43,0.3855762183666229,1.0607815980911255,0.023300671578163096,0.3505796194076613,-0.002771615982055723,-0.6807051374215479
29.44,0.3888196051120758,1.0607529878616333,0.016886211715935805,0.2983391284942691,-0.002920627593994203,-0.603373794862518
29.45,0.3915430009365082,1.0607231855392456,0.011233195680912838,0.24659633636475134,-0.0030338764190674474,-0.528602856047511
29.46,0.3937515318393707,1.060692310333252,0.0063141545949859,0.19536614418030201,-0.0031411647796631527,-0.45683753458899273
29.47,0.39545032382011414,1.0606603622436523,0.002096444989133077,0.1446425914764435,-0.0032901763916016328,-0.388539405245844
29.48,0.39664438366889954,1.06062650680542,-0.0014566335099307996,0.09442269802093707,-0.00345706939697273,-0.3241399609410347
29.49,0.39733877778053284,1.060591220855713,-0.0043863542296874985,0.04470348358154392,-0.003588199615478592,-0.26411181164681113
29.5,0.3975384533405304,1.0605547428131104,-0.006738869742867062,-0.004521012306212672,-0.0037133693695062557,-0.20895266102495322
29.51,0.39724835753440857,1.0605169534683228,-0.008565407450187293,-0.051325559616089964,-0.0038504600524903163,-0.15914657326610354
29.52,0.3965119421482086,1.0604777336120605,-0.009921801208188929,-0.08938014507293891,-0.003951787948608483,-0.11517696920453592
29.53,0.39546075463294983,1.0604379177093506,-0.010868946834277984,-0.11946409940719858,-0.004017353057861414,-0.07757945786510843
29.54,0.3941226601600647,1.0603973865509033,-0.011473390365490886,-0.14835298061371166,-0.004112720489502041,-0.046899144348745314
29.55,0.39249369502067566,1.0603556632995605,-0.01180692972125276,-0.17792880535126113,-0.004202127456665128,-0.023678402999572305
29.56,0.39056408405303955,1.06031334400177,-0.01194695842548227,-0.20754337310791457,-0.004261732101440521,-0.008460228707130216
29.57,0.38834282755851746,1.0602704286575317,-0.011976134295395251,-0.2346619963645985,-0.00433325767517099,-0.0014826802062329098
29.58,0.3858708441257477,1.0602266788482666,-0.01197661202960693,-0.2579212188720758,-0.00441670417785654,-0.0001743667756626303
29.59,0.38318440318107605,1.0601820945739746,-0.011979621630908644,-0.2766609191894099,-0.004565715789794208,-0.0006020708258834997
29.6,0.3803376257419586,1.0601353645324707,-0.011988653446124712,-0.281330943107611,-0.004875659942627057,-0.0013739669545209958
29.61,0.37755778431892395,1.060084581375122,-0.012007100969999197,-0.27270913124085056,-0.005424022674560662,-0.002467626050739521
29.62,0.3748834431171417,1.0600268840789795,-0.012038005967139335,-0.26143491268158514,-0.006312131881714002,-0.0038637926058627528
29.63,0.37232908606529236,1.0599583387374878,-0.012084376822116591,-0.24781823158264688,-0.007605552673340006,-0.005560382124492177
29.64,0.3699270784854889,1.0598747730255127,-0.012149213609629284,-0.22990256547928348,-0.009381771087646684,-0.007543254215947198
29.65,0.3677310347557068,1.0597707033157349,-0.012235241906435523,-0.20696520805359328,-0.011759996414184822,-0.009795398174739164
29.66,0.3657877743244171,1.059639573097229,-0.012345121573124033,-0.17922371625897468,-0.014770030975339488,-0.012313069306111608
29.67,0.36414656043052673,1.059475302696228,-0.012481503292557618,-0.14666616916656808,-0.01848340034484903,-0.015079737720680485
29.68,0.3628544509410858,1.059269905090332,-0.012646716327537624,-0.11079162359237907,-0.02288818359375049,-0.018087368005282153
29.69,0.3619307279586792,1.059017539024353,-0.01284325065266317,-0.07283240556717074,-0.027984380722046495,-0.021326209601002965
29.7,0.36139780282974243,1.0587102174758911,-0.013073240519557749,-0.03408640623092724,-0.03359913825988841,-0.02477745291571462
29.71,0.36124899983406067,1.0583455562591553,-0.013338799710977647,0.005276501178741568,-0.039744377136231315,-0.028434261209531794
29.72,0.36150333285331726,1.0579153299331665,-0.013641925743748276,0.04707574844360452,-0.04679560661316018,-0.03228489023110528
29.73,0.36219051480293274,1.057409644126892,-0.013984497515599539,0.09122341871261791,-0.05478858947754023,-0.036318730817042844
29.74,0.3633278012275696,1.0568195581436157,-0.014368300360089252,0.1367822289466887,-0.06358027458191054,-0.040534394706460454
29.75,0.36492615938186646,1.056138038635254,-0.014795185409728545,0.18285810947415354,-0.07296204566954426,-0.0449140850920334
29.76,0.3669849634170532,1.0553603172302246,-0.01526658206193005,0.2277538180351306,-0.08252859115600762,-0.04945082905818515
29.77,0.36948123574256897,1.0544874668121338,-0.015784201990892376,0.2695426344871579,-0.09189844131469922,-0.05413164250565154
29.78,0.37237581610679626,1.0535223484039307,-0.016349214912043206,0.3113225102424688,-0.1017510890960715,-0.05893995776027464
29.79,0.3757076859474182,1.0524524450302124,-0.016963001146097965,0.3551840782165603,-0.11237263679504635,-0.06387400962406667
29.8,0.3794794976711273,1.0512748956680298,-0.017626695104524394,0.39893537759781733,-0.1231968402862575,-0.068917521462765
29.81,0.3836863934993744,1.0499885082244873,-0.01834135157535335,0.4422053694725131,-0.13413429260254192,-0.07407446618703675
29.82,0.3883236050605774,1.048592209815979,-0.01910818442826499,0.48500299453736384,-0.14512538909912417,-0.07932408175730546
29.83,0.39338645339012146,1.0470860004425049,-0.019927833210499256,0.5273416638374441,-0.156122446060184,-0.08466143300169995
29.84,0.39887043833732605,1.0454697608947754,-0.020801413088299,0.5692258477210109,-0.1671493053436018,-0.09008089586229596
29.85,0.40477097034454346,1.0437430143356323,-0.021729451127745613,0.6106361746788155,-0.17825961112976454,-0.09556529962424713
29.86,0.4110831618309021,1.0419045686721802,-0.02271271908078384,0.651581585407271,-0.18944144248962805,-0.10111467471290096
29.87,0.4178026020526886,1.0399541854858398,-0.023751744622003648,0.6920933723449855,-0.20061731338501404,-0.10671537592144237
29.88,0.4249250292778015,1.03789222240448,-0.024847026599212778,0.7321819663047947,-0.21176338195801234,-0.1123537981976754
29.89,0.4324462413787842,1.0357189178466797,-0.02599882058595722,0.7718548178672955,-0.22286772727966783,-0.11802958038622775
29.9,0.4403621256351471,1.0334348678588867,-0.027207618206937272,0.8111149072647268,-0.23391246795654796,-0.12373732348942831
29.91,0.44866853952407837,1.0310406684875488,-0.02847356705574592,0.8499711751936537,-0.2448856830596541,-0.12946184583424644
29.92,0.4573615491390228,1.0285371541976929,-0.029796855123622693,0.8884325623512458,-0.25578737258911677,-0.1352065463281511
29.93,0.4664371907711029,1.0259249210357666,-0.031177697982309016,0.9265050292015273,-0.26659965515137285,-0.14095805963849928
29.94,0.475891649723053,1.0232051610946655,-0.032616016316392736,0.9641975164413658,-0.27730464935303323,-0.14670064328781465
29.95,0.4857211410999298,1.020378828048706,-0.03411171084806532,1.001517474651358,-0.2878963947296204,-0.15243538904179724
29.96,0.4959219992160797,1.0174472332000732,-0.03566472409722848,1.0384753346443398,-0.2983450889587466,-0.15815539302413198
29.97,0.5064906477928162,1.0144119262695312,-0.03727481870854797,1.075075566768669,-0.3086388111114568,-0.16384574075001618
29.98,0.5174235105514526,1.0112744569778442,-0.03894163891222851,1.1113226413727044,-0.31881332397461615,-0.169505442954824
29.99,0.5287171006202698,1.008035659790039,-0.04066492756764423,1.1472046375274902,-0.32890439033509,-0.17513019611750485
30.0,0.540367603302002,1.0046963691711426,-0.04244424283457836,1.1827230453489361,-0.33891201019281814,-0.18070434699436982
30.01,0.5523715615272522,1.0012574195861816,-0.04427901450753227,1.21788382530215,-0.34883618354798107,-0.18624009748316303
30.02,0.5647252798080444,0.9977196455001831,-0.04616904478424173,1.25268995761874,-0.3586739301681595,-0.19171925212769078
30.03,0.5774253606796265,0.9940839409828186,-0.04811339955008602,1.2871533632278718,-0.36841034889221974,-0.19712890777739275
30.04,0.5904683470726013,0.9903514385223389,-0.05011162293978961,1.3212651014328285,-0.37804543972016186,-0.20247936084265994
30.05,0.6038506627082825,0.9865230321884155,-0.052162986766939076,1.3550370931625655,-0.3876090049743735,-0.20774455549068982
30.06,0.617569088935852,0.9825992584228516,-0.05426651404960333,1.3884723186493215,-0.39708912372589955,-0.21292923890426263
30.07,0.6316201090812683,0.9785812497138977,-0.05642157154502431,1.4215737581253354,-0.4064589738845912,-0.21804044310023604
30.08,0.6460005640983582,0.9744700789451599,-0.058627322911607875,1.4543503522873236,-0.4157304763794034,-0.2230604741020151
30.09,0.6607071161270142,0.9702666401863098,-0.06088278102706441,1.4868021011350214,-0.42490959167473824,-0.22798705618244142
30.1,0.6757366061210632,0.9659718871116638,-0.06318706403525749,1.5189290046692219,-0.43399631977082226,-0.23281103068273853
30.11,0.691085696220398,0.9615867137908936,-0.06553900164071896,1.5507280826568934,-0.4429996013641452,-0.23752438591789166
30.12,0.7067511677742004,0.9571118950843811,-0.06793755175361528,1.5822142362594942,-0.4519224166870214,-0.2421358296126604
30.13,0.7227299809455872,0.9525482654571533,-0.07038171823297186,1.6133934259415017,-0.4607588052749732,-0.24663673626468788
30.14,0.7390190362930298,0.9478967189788818,-0.07287028647890892,1.6442596912384384,-0.4695028066635232,-0.25101824456688604
30.15,0.7556151747703552,0.9431582093238831,-0.07540208312430927,1.6748130321503043,-0.47816336154938766,-0.2552719115587242
30.16,0.7725152969360352,0.9383334517478943,-0.07797572471008342,1.7050564289090353,-0.48674941062919636,-0.2593931529487875
30.17,0.7897163033485413,0.9334232211112976,-0.0805899461832857,1.7349958419800176,-0.49525499343873125,-0.2633882305535907
30.18,0.8072152137756348,0.9284283518791199,-0.08324348932115525,1.7646431922912973,-0.5036830902099717,-0.2672505394715254
30.19,0.8250091671943665,0.9233495593070984,-0.08593495697271589,1.794010400772133,-0.5119919776916613,-0.27097296458827325
30.2,0.8430954217910767,0.9181885123252869,-0.08866294861292068,1.823088526725808,-0.5201816558838002,-0.274555749827671
30.21,0.8614709377288818,0.9129459261894226,-0.09142607196926936,1.851868629455606,-0.528305768966686,-0.2780026763108238
30.22,0.880132794380188,0.9076223969459534,-0.09422300213913702,1.8803566694260045,-0.5363672971725578,-0.2813054441632994
30.23,0.8990780711174011,0.9022185802459717,-0.0970521808525352,1.9085645675659586,-0.5443602800369379,-0.2844450555325622
30.24,0.9183040857315063,0.8967351913452148,-0.0999119032497882,1.936486363410991,-0.5522847175598262,-0.28742312129151404
30.25,0.9378077983856201,0.8911728858947754,-0.10280064327836555,1.9641369581219463,-0.5601018667220193,-0.2902507656955979
30.26,0.9575868248939514,0.8855331540107727,-0.10571691856370109,1.991522312164349,-0.5678176879882934,-0.292927540966021
30.27,0.9776382446289062,0.8798165321350098,-0.10865919409768597,2.018633484840436,-0.5754590034484985,-0.29544366166725583
30.28,0.9979594945907593,0.874023973941803,-0.111625791797046,2.0454645156860787,-0.5830407142639285,-0.29779461087456405
30.29,1.018547534942627,0.8681557178497314,-0.11461508631517713,2.0720064640045606,-0.5905956029892093,-0.29998342494357927
30.3,1.0393996238708496,0.862212061882019,-0.11762546029591758,2.0982921123505087,-0.5981057882309088,-0.30199990479134553
30.31,1.0605133771896362,0.8561936020851135,-0.12065508441100398,2.1243155002594447,-0.6055474281311164,-0.3038445434835622
30.32,1.0818859338760376,0.850101113319397,-0.1237023511655885,2.1500706672668914,-0.6129175424575937,-0.3055185416817772
30.33,1.1035147905349731,0.8439352512359619,-0.12676545524463942,2.1755635738373265,-0.6202220916748179,-0.3070242363704855
30.34,1.1253972053527832,0.8376966714859009,-0.12984283589299817,2.2008121013637916,-0.6274700164793942,-0.30836171762855424
30.35,1.1475310325622559,0.8313858509063721,-0.13293268959721166,2.225810289382982,-0.6346464157104628,-0.30952734150041067
30.36,1.169913411140442,0.8250037431716919,-0.13603338272300608,2.250540256500292,-0.6417483091354507,-0.3105133638683876
30.37,1.1925418376922607,0.8185508847236633,-0.1391429568745792,2.275025844574023,-0.648781657218947,-0.3113143257829365
30.38,1.2154139280319214,0.8120281100273132,-0.14225966923866448,2.2992730140686524,-0.655740499496474,-0.3119394646015583
30.39,1.2385272979736328,0.8054360747337341,-0.1453817461666102,2.323287725448658,-0.662633776664748,-0.31238914848251254
30.4,1.2618796825408936,0.7987754344940186,-0.14850745220831443,2.3470580577850844,-0.6694674491882467,-0.312665325355439
30.41,1.2854684591293335,0.7920467257499695,-0.1516350526737189,2.3705840110775105,-0.6762385368346111,-0.31276403377204604
30.42,1.3092913627624512,0.7852506637573242,-0.15476273288375653,2.3938775062561546,-0.6829500198364403,-0.312685268180497
30.43,1.3333460092544556,0.778387725353241,-0.1578887580373287,2.4169385433197537,-0.6896138191223291,-0.31242771823592586
30.44,1.3576301336288452,0.7714583873748779,-0.1610112872484751,2.4397671222687287,-0.6962120532989651,-0.3119885407550549
30.45,1.382141351699829,0.764463484287262,-0.1641285288524295,2.4623632431030797,-0.7027357816696317,-0.31137310948377683
30.46,1.4068773984909058,0.7574036717414856,-0.1672387494381503,2.4847328662872843,-0.7092028856277617,-0.31058284515617757
30.47,1.4318360090255737,0.750279426574707,-0.17034018575555285,2.50688195228582,-0.7156193256378326,-0.3096135280688483
30.48,1.457015037536621,0.7430912852287292,-0.17343101999952726,2.5288105010986865,-0.7219761610031282,-0.30847297753953773
30.49,1.4824122190475464,0.7358399033546448,-0.17650964530634353,2.550524473190362,-0.7282674312591708,-0.3071581077603923
30.5,1.5080255270004272,0.7285259366035461,-0.1795741821547349,2.572023868560389,-0.7344871759413525,-0.30566519617327365
30.51,1.5338526964187622,0.7211501598358154,-0.18262294922980984,2.5932908058167055,-0.7406473159790197,-0.3039998043030077
30.52,1.5598913431167603,0.7137129902839661,-0.185654178240795,2.614355087280329,-0.7467567920684973,-0.3021712340939573
30.53,1.5861397981643677,0.7062150239944458,-0.18866637391168894,2.635204792022761,-0.7528364658355874,-0.3001703943964326
30.54,1.6125954389572144,0.6986562609672546,-0.1916575861287235,2.655833959579524,-0.7588982582092447,-0.29799238804560446
30.55,1.639256477355957,0.6910370588302612,-0.19462622167260107,2.6762425899506184,-0.7649600505829021,-0.2956587469169333
30.56,1.6661202907562256,0.6833570599555969,-0.19757076106706217,2.69590616226202,-0.7708996534347698,-0.29316656713394634
30.57,1.6931746006011963,0.6756190657615662,-0.20048955301528001,2.714627981185971,-0.7766783237457441,-0.29050814394129887
30.58,1.7204128503799438,0.6678234934806824,-0.20338092394588803,2.733653783798276,-0.7825970649719405,-0.28768596189626183
30.59,1.7478476762771606,0.6599671244621277,-0.20624327225320507,2.752888202666806,-0.788527727126952,-0.28471158607590297
30.6,1.7754706144332886,0.6520529389381409,-0.20907515566740717,2.765125036239683,-0.7924586534500291,-0.28158802417409023
30.61,1.8031501770019531,0.6441179513931274,-0.21187503273668656,2.770495414733946,-0.7944852113723925,-0.27830647008711445
30.62,1.8308805227279663,0.6361632347106934,-0.21464128506914923,2.7520418167114844,-0.7896870374679734,-0.2748745677988277
30.63,1.8581910133361816,0.6283242106437683,-0.21737252409266322,2.7029156684876066,-0.77605843544008,-0.27130164984830474
30.64,1.8849388360977173,0.6206420660018921,-0.2200673180661151,2.6440083980560867,-0.7596373558044596,-0.26759347410268436
30.65,1.9110711812973022,0.6131314635276794,-0.22272439357471666,2.5825321674347474,-0.7425129413604895,-0.263742675576989
30.66,1.9365894794464111,0.6057918071746826,-0.22534217157765485,2.5228500366206994,-0.7258921861647425,-0.2597562860598351
30.67,1.9615281820297241,0.5986136198043823,-0.22791951929591422,2.4634897708893346,-0.709366798400894,-0.25563778130391335
30.68,1.9858592748641968,0.591604471206665,-0.23045492720373315,2.4018704891205345,-0.6921857595443873,-0.2513935417751521
30.69,2.009565591812134,0.5847699046134949,-0.2329473901314173,2.335792779922535,-0.6735146045684958,-0.24702778740859882
30.7,2.0325751304626465,0.5781341791152954,-0.23539548295190482,2.266025543212939,-0.6536215543747087,-0.24254466284634973
30.71,2.0548861026763916,0.571697473526001,-0.23779828338834422,2.196526527404832,-0.6338268518448011,-0.23794976667817444
30.72,2.076505661010742,0.5654576420783997,-0.24015447828546815,2.1277308464050746,-0.6142377853393686,-0.23323502307699914
30.73,2.097440719604492,0.5594127178192139,-0.24246298384988416,2.059614658355757,-0.5948543548584111,-0.22842268874323987
30.74,2.1176979541778564,0.5535605549812317,-0.24472293206033308,1.9921660423279233,-0.5756765604019288,-0.22351261077935758
30.75,2.13728404045105,0.5478991866111755,-0.24693323606547107,1.9253849983212323,-0.5566895008086288,-0.2185017385249224
30.76,2.156205654144287,0.5424267649650574,-0.24909296683083232,1.8592715263367094,-0.5379050970077629,-0.21340149337752312
30.77,2.174469470977783,0.5371410846710205,-0.25120126593302144,1.793801784515419,-0.5193263292312733,-0.20820739953766765
30.78,2.1920816898345947,0.5320402383804321,-0.2532571148215855,1.728987693786658,-0.5009382963180649,-0.2029424288249303
30.79,2.2090492248535156,0.5271223187446594,-0.2552601145095201,1.664817333221471,-0.48272609710694386,-0.19761805116074593
30.8,2.2253780364990234,0.5223857164382935,-0.25720947584480014,1.6012787818909033,-0.4646867513656715,-0.19220956064256856
30.81,2.241074800491333,0.5178285837173462,-0.25910430572237136,1.538395881652865,-0.44682919979096414,-0.18673701582847932
30.82,2.25614595413208,0.5134491324424744,-0.26094421616136965,1.4761328697204905,-0.42915642261506043,-0.1812097799767581
30.83,2.270597457885742,0.5092454552650452,-0.2627285013219065,1.4144778251648251,-0.4116922616958706,-0.17563428047558213
30.84,2.284435510635376,0.5052152872085571,-0.2644569017708812,1.3534426689145833,-0.3944128751754144,-0.17001174291488402
30.85,2.297666311264038,0.5013571977615356,-0.2661287361802049,1.2929916381836213,-0.3772988915443501,-0.16435224230771167
30.86,2.310295343399048,0.4976693093776703,-0.26774394661703554,1.2331366539001727,-0.3603681921959,-0.1586615573312889
30.87,2.322329044342041,0.4941498339176178,-0.2693019673268308,1.1739134788513435,-0.34360438585282105,-0.1529402555945613
30.88,2.333773612976074,0.490797221660614,-0.27080275172892665,1.1152625083923577,-0.32699406147003873,-0.14721648267031243
30.89,2.3446342945098877,0.48760995268821716,-0.2722462969802372,1.0571956634521709,-0.3035798668861454,-0.09366525708090134
30.9,2.354917526245117,0.48472562432289124,-0.2726760568705445,0.999712944030783,-0.14403462409973453,-0.02547652156557111
30.91,2.364628553390503,0.48472926020622253,-0.2727558274115484,0.9427785873411613,0.014571845531461345,-0.06755160857293606
30.92,2.3737730979919434,0.4850170612335205,-0.2740270890420033,0.886404514312763,0.03521442413330153,-0.12426045479921032
30.93,2.382356643676758,0.48543354868888855,-0.2752410365075326,0.8306026458740411,0.048023462295533254,-0.11855064166148818
30.94,2.390385150909424,0.48597753047943115,-0.27639810187523317,0.7753491401672529,0.06070733070373664,-0.11286786602262806
30.95,2.3978636264801025,0.48664769530296326,-0.27749839382798536,0.7206559181213532,0.07326453924179234,-0.10720922478222546
30.96,2.4047982692718506,0.48744282126426697,-0.2785422863708776,0.6665110588073873,0.08561015129089537,-0.10160291288581419
30.97,2.41119384765625,0.48835989832878113,-0.2795304520857015,0.6123781204223764,0.09258985519409377,-0.09605545209006233
30.98,2.417045831680298,0.4892946183681488,-0.28046339541267873,0.5581736564636349,0.09012222290039254,-0.09056536834184585
30.99,2.4223573207855225,0.49016234278678894,-0.2813417594525383,0.5053043365478623,0.07891952991485764,-0.08514491597147082
31.0,2.427151918411255,0.4908730089664459,-0.2821662937321081,0.45349597930901114,0.06501376628874717,-0.07979941226042704
31.01,2.431427240371704,0.4914626181125641,-0.2829377476977472,0.40118694305420777,0.05550086498260616,-0.07454458411002722
31.02,2.435175657272339,0.491983026266098,-0.28365718541430873,0.3489494323730543,0.047878921031952924,-0.06938327127619252
31.03,2.438406229019165,0.4924201965332031,-0.28432541312327114,0.2975106239318911,0.03871768712997519,-0.06431998079512584
31.04,2.4411258697509766,0.4927573800086975,-0.284943585030211,0.24665594100952673,0.029006600379944465,-0.05937866433569765
31.05,2.4433393478393555,0.493000328540802,-0.28551298640998524,0.19620656967163505,0.01986026763916058,-0.05455788370500986
31.06,2.445050001144409,0.4931545853614807,-0.2860347427043112,0.14619827270508123,0.011391937732696776,-0.04986250666572207
31.07,2.446263313293457,0.49322816729545593,-0.2865102365432995,0.0965952873230001,0.0036358833312989058,-0.045316744494084814
31.08,2.446981906890869,0.4932273030281067,-0.2869410775941929,0.04732608795166116,-0.0033274292945862528,-0.04092630649901262
31.09,2.4472098350524902,0.4931616187095642,-0.2873287626732795,-0.0015377998352048376,-0.009442865848539784,-0.03669892155765945
31.1,2.446951150894165,0.49303844571113586,-0.28767505602534615,-0.04997253417968857,-0.014886260032654126,-0.03265309400297747
31.11,2.4462103843688965,0.49286389350891113,-0.2879818245533391,-0.09795427322387903,-0.019703805446625176,-0.02878226330280737
31.12,2.4449920654296875,0.49264436960220337,-0.2882507012914023,-0.1455664634704621,-0.023785233497620135,-0.02509928639769008
31.13,2.4432990550994873,0.49238818883895874,-0.28848381028129283,-0.19282102584839278,-0.02691149711608944,-0.02162527418971873
31.14,2.4411356449127197,0.4921061396598816,-0.2886832067751966,-0.23963451385498558,-0.0290915369987494,-0.01836906409105094
31.15,2.4385063648223877,0.49180635809898376,-0.28885119156311395,-0.2859830856323303,-0.030562281608582195,-0.015335521134885226
31.16,2.4354159832000732,0.49149489402770996,-0.2889899171978944,-0.33190250396723325,-0.03134310245513426,-0.01254633904974404
31.17,2.431868314743042,0.491179496049881,-0.2891021183441089,-0.37739276885987133,-0.0313356518745429,-0.010011206642501982
31.18,2.427868127822876,0.4908681809902191,-0.2891901413307444,-0.4224061965942473,-0.030548870563507732,-0.007722133654519845
31.19,2.4234201908111572,0.49056851863861084,-0.28925656101719954,-0.46695470809937517,-0.029174983501434947,-0.005725367298970008
31.2,2.4185290336608887,0.49028468132019043,-0.28930464867672356,-0.5107522010803331,-0.027407705783844577,-0.0040069308495872275
31.21,2.413205146789551,0.49002036452293396,-0.2893366996341914,-0.547075271606457,-0.02492070198059135,-0.0025568266893039584
31.22,2.4075875282287598,0.4897862672805786,-0.28935578521050975,-0.5732178688049439,-0.02161860466003464,-0.0014318434033544797
31.23,2.401740789413452,0.4895879924297333,-0.28936533650225865,-0.5911111831665165,-0.017899274826050186,-0.0006345651021533307
31.24,2.3957653045654297,0.4894282817840576,-0.2893684765125528,-0.6018400192260871,-0.01400858163833648,-0.0001635635690444594
31.25,2.3897039890289307,0.48930782079696655,-0.28936860777363965,-0.601208209991361,-0.01018494367599328,-6.5630543444318024e-06
31.26,2.3837411403656006,0.4892245829105377,-0.28936860777363965,-0.5876421928405887,-0.0065803527832032655,0.0
31.27,2.377951145172119,0.4891762137413025,-0.28936860777363965,-0.5690574645996215,-0.0031784176826477727,0.0
31.28,2.3723599910736084,0.48916101455688477,-0.28936860777363965,-0.5457520484924433,-8.940696716308785e-05,0.0
31.29,2.3670361042022705,0.48917442560195923,-0.28936860777363965,-0.5182027816772571,0.002689659595489559,0.0
31.3,2.3619959354400635,0.48921480774879456,-0.28936860777363965,-0.4899501800537214,0.005379319190979118,0.0
31.31,2.3572371006011963,0.4892820119857788,-0.28936860777363965,-0.46008825302125006,0.0077396631240846375,0.0
31.32,2.3527941703796387,0.48936960101127625,-0.28936860777363965,-0.4253506660461516,0.009214878082275587,0.0
31.33,2.3487300872802734,0.4894663095474243,-0.28936860777363965,-0.3880977630615317,0.010000169277191375,0.0
31.34,2.345032215118408,0.48956960439682007,-0.28936860777363965,-0.3524661064147398,0.010450184345243727,0.0
31.35,2.3416807651519775,0.4896753132343292,-0.28936860777363965,-0.31847953796387396,0.010599195957184063,0.0
31.36,2.338662624359131,0.48978158831596375,-0.28936860777363965,-0.2861499786377014,0.010497868061065898,0.0
31.37,2.3359577655792236,0.48988527059555054,-0.28936860777363965,-0.2550482749939019,0.010226666927337865,0.0
31.38,2.333561658859253,0.4899861216545105,-0.28936860777363965,-0.2245664596557665,0.009922683238983366,0.0
31.39,2.3314664363861084,0.4900837242603302,-0.28936860777363965,-0.19570589065552174,0.009621679782867636,0.0
31.4,2.3296475410461426,0.49017855525016785,-0.28936860777363965,-0.16875267028808955,0.00934004783630391,0.0
31.41,2.3280913829803467,0.4902705252170563,-0.28936860777363965,-0.1431703567504659,0.009025633335112115,0.0
31.42,2.326784133911133,0.4903590679168701,-0.28936860777363965,-0.12063980102539319,0.008586049079895203,0.0
31.43,2.325678586959839,0.4904422461986542,-0.28936860777363965,-0.10242462158203343,0.008036196231842213,0.0
31.44,2.324735641479492,0.49051979184150696,-0.28936860777363965,-0.08919239044189643,0.007478892803192298,0.0
31.45,2.323894739151001,0.490591824054718,-0.28936860777363965,-0.07957220077514818,0.006952881813049465,0.0
31.46,2.3231441974639893,0.49065884947776794,-0.28936860777363965,-0.07147789001464996,0.006498396396637102,0.0
31.47,2.322465181350708,0.49072179198265076,-0.28936860777363965,-0.06458759307861466,0.0060945749282838215,0.0
31.48,2.321852445602417,0.4907807409763336,-0.28936860777363965,-0.05836486816406374,0.005710124969482543,0.0
31.49,2.3212978839874268,0.4908359944820404,-0.28936860777363965,-0.05357265472412224,0.0053852796554566575,0.0
31.5,2.3207809925079346,0.49088844656944275,-0.28936860777363965,-0.04992485046385938,0.005152821540831714,0.0
31.51,2.3202993869781494,0.49093905091285706,-0.28936860777363965,-0.046396255493165055,0.004994869232177841,0.0
31.52,2.3198530673980713,0.4909883439540863,-0.28936860777363965,-0.043153762817383735,0.004860758781433209,0.0
31.53,2.3194363117218018,0.4910362660884857,-0.28936860777363965,-0.04029273986816492,0.004734098911285501,0.0
31.54,2.319047212600708,0.491083025932312,-0.28936860777363965,-0.03759860992431721,0.00463426113128672,0.0
31.55,2.3186843395233154,0.49112895131111145,-0.28936860777363965,-0.0350117683410652,0.00455677509307871,0.0
31.56,2.3183469772338867,0.4911741614341736,-0.28936860777363965,-0.03246068954467843,0.004491209983825779,0.0
31.57,2.318035125732422,0.49121877551078796,-0.28936860777363965,-0.029957294464111967,0.004433095455169772,0.0
31.58,2.3177478313446045,0.491262823343277,-0.28936860777363965,-0.02759695053100645,0.0043749809265137656,0.0
31.59,2.3174831867218018,0.49130627512931824,-0.28936860777363965,-0.025331974029537057,0.004301965236663146,0.0
31.6,2.3172411918640137,0.49134886264801025,-0.28936860777363965,-0.02315044403076221,0.004194676876068205,0.0
31.61,2.3170201778411865,0.4913901686668396,-0.28936860777363965,-0.021076202392578573,0.004047155380249109,0.0
31.62,2.316819667816162,0.49142980575561523,-0.28936860777363965,-0.019085407257080484,0.00386089086532601,0.0
31.63,2.316638469696045,0.4914673864841461,-0.28936860777363965,-0.017237663269043337,0.003647804260253984,0.0
31.64,2.3164749145507812,0.4915027618408203,-0.28936860777363965,-0.015604496002197599,0.0034168362617493404,0.0
31.65,2.316326379776001,0.4915357232093811,-0.28936860777363965,-0.014138221740722958,0.00319927930831916,0.0
31.66,2.316192150115967,0.4915667474269867,-0.28936860777363965,-0.012743473052976524,0.0030383467674250622,0.0
31.67,2.3160715103149414,0.4915964901447296,-0.28936860777363965,-0.011456012725830323,0.0029042363166809702,0.0
31.68,2.31596302986145,0.4916248321533203,-0.28936860777363965,-0.00889301300048847,0.0023573637008667495,0.0
31.69,2.3158936500549316,0.49164363741874695,-0.28936860777363965,-0.0034689903259278085,0.0009253621101379592,0.0
31.7,2.3158936500549316,0.49164333939552307,-0.28936860777363965,0.0,-2.980232238769595e-05,0.0
31.71,2.3158936500549316,0.4916430413722992,-0.28936860777363965,0.0,-2.6822090148926354e-05,0.0
31.72,2.3158936500549316,0.4916428029537201,-0.28936860777363965,0.0,-1.1920928955078379e-05,0.0
31.73,2.3158936500549316,0.4916428029537201,-0.28936860777363965,0.0,0.0,0.0
31.74,2.3158936500549316,0.4916428029537201,-0.28936860777363965,0.0,0.0,0.0
31.75,2.3158936500549316,0.4916428029537201,-0.28936860777363965,0.0,0.0,0.0
31.76,2.3158936500549316,0.4916428029537201,-0.28936860777363965,0.0,0.0,0.0
31.77,2.3158936500549316,0.4916428029537201,-0.28936860777363965,0.0,0.0,0.0
31.78,2.3158936500549316,0.4916428029537201,-0.28936860777363965,0.0,0.0,0.0
31.79,2.3158936500549316,0.4916428029537201,-0.28936860777363965,0.0,0.0,0.0
31.8,2.3158936500549316,0.4916428029537201,-0.28936860777363965,0.0,0.0,0.0
31.81,2.3158936500549316,0.4916428029537201,-0.28936860777363965,0.0,0.0,0.0
31.82,2.3158936500549316,0.4916428029537201,-0.28936860777363965,0.0,0.0,0.0
31.83,2.3158936500549316,0.4916428029537201,-0.28936860777363965,0.0,0.0,0.0
31.84,2.3158936500549316,0.4916428029537201,-0.28936860777363965,0.0,0.0,0.0
31.85,2.3158936500549316,0.4916428029537201,-0.28936860777363965,0.0,0.0,0.0
31.86,2.3158936500549316,0.4916428029537201,-0.28936860777363965,0.0,0.0,0.0
31.87,2.3158936500549316,0.4916428029537201,-0.28936860777363965,0.0,0.0,0.0
31.88,2.3158936500549316,0.4916428029537201,-0.28936860777363965,0.0,0.0,0.0
31.89,2.3158936500549316,0.4916428029537201,-0.28936860777363965,0.0,0.0,0.0
31.9,2.3158936500549316,0.4916428029537201,-0.28936860777363965,0.0,0.0,0.0
31.91,2.3158936500549316,0.4916428029537201,-0.28936860777363965,0.0,0.0,0.0
31.92,2.3158936500549316,0.4916428029537201,-0.28936860777363965,0.0,0.0,0.0
31.93,2.3158936500549316,0.4916428029537201,-0.28936860777363965,-1.1920928955078379e-05,1.1920928955078379e-05,6.563054344432968e-06
31.94,2.3158934116363525,0.4916430413722992,-0.2893684765125528,-0.00032186508178711626,0.00021308660507202604,0.0006534038713646023
31.95,2.315887212753296,0.49164706468582153,-0.2893555396962124,-0.0011563301086426028,0.0006780028343200828,0.0037174813283692115
31.96,2.3158702850341797,0.4916566014289856,-0.2892941268859856,-0.0025033950805664596,0.0012993812561035434,0.010447658780421643
31.97,2.3158371448516846,0.4916730523109436,-0.2891465865206038,-0.004541873931884863,0.0021159648895264123,0.020877057417690192
31.98,2.315779447555542,0.4916989207267761,-0.288876585737632,-0.0075340270996095355,0.003235042095184395,0.03484412259742239
31.99,2.3156864643096924,0.4917377531528473,-0.28844970406865533,-0.011789798736572517,0.004766881465911967,0.05221016170027348
32.0,2.3155436515808105,0.49179425835609436,-0.28783238250362664,-0.017607212066650765,0.00676512718200698,0.07284792967685738
32.01,2.3153343200683594,0.4918730556964874,-0.28699274547511816,-0.02518892288207614,0.009240210056303487,0.09662138464621872
32.02,2.315039873123169,0.49197906255722046,-0.28589995481070174,-0.03484487533568791,0.01227557659148978,0.12340572535352326
32.03,2.3146374225616455,0.49211856722831726,-0.28452463096804753,-0.046908855438241755,0.015984475612643562,0.15306660381058926
32.04,2.3141016960144043,0.49229875206947327,-0.2828386227344905,-0.060868263244641015,0.02022534608841345,0.18546818599218054
32.05,2.313420057296753,0.49252307415008545,-0.2808152672482048,-0.07665157318114037,0.02498477697372046,0.2204832679266177
32.06,2.3125686645507812,0.49279844760894775,-0.2784289573759575,-0.09499788284300273,0.030428171157832157,0.2580020173212279
32.07,2.3115200996398926,0.4931316375732422,-0.27565522690177946,-0.11626482009890009,0.03665089607239499,0.2978875443392741
32.08,2.3102433681488037,0.4935314655303955,-0.27247120648917345,-0.1408100128173608,0.04380196332930834,0.3400145095517139
32.09,2.308703899383545,0.4940076768398285,-0.2688549367107441,-0.16837120056149713,0.05178302526473189,0.3842811070038653
32.1,2.3068759441375732,0.4945671260356903,-0.26478558434909494,-0.19885301589969775,0.06056874990464462,0.43055691454487416
32.11,2.3047268390655518,0.49521905183792114,-0.26024379841984846,-0.23295879364018307,0.07037073373795956,0.47872973536554153
32.12,2.3022167682647705,0.4959745407104492,-0.25521098964178623,-0.26983022689815117,0.08093714714049027,0.5286974768133064
32.13,2.299330234527588,0.4968377947807312,-0.24966984888358054,-0.30709505081171956,0.09157359600065708,0.5803326856518946
32.14,2.296074867248535,0.49780601263046265,-0.2436043359287467,-0.344610214233467,0.10223984718324788,0.6335242146792525
32.15,2.29243803024292,0.49888259172439575,-0.2369993645899982,-0.3830194473267364,0.113141536712669,0.6881615499092756
32.16,2.288414478302002,0.5000688433647156,-0.22984110493056373,-0.4219770431517895,0.12418329715726818,0.7441361070629817
32.17,2.283998489379883,0.5013662576675415,-0.22211664244873625,-0.45992136001579725,0.13490915298459805,0.8013474827351121
32.18,2.2792160511016846,0.502767026424408,-0.21381415527585915,-0.498032569885353,0.14566481113436736,0.8596995107895623
32.19,2.2740378379821777,0.5042795538902283,-0.20492265223294823,-0.5381703376769178,0.15697777271268298,0.9190800084361579
32.2,2.2684526443481445,0.5059065818786621,-0.19543255510713312,-0.5791544914244701,0.16852021217343557,0.979382645348117
32.21,2.2624547481536865,0.5076499581336975,-0.18533499932598274,-0.6202697753907485,0.18008947372440107,1.0405225554792246
32.22,2.256047248840332,0.5095083713531494,-0.17462210399755287,-0.6610155105592136,0.19155144691471096,1.102390429085884
32.23,2.249234437942505,0.511480987071991,-0.1632871907442695,-0.7013797760008669,0.20291805267330812,1.1648929322653556
32.24,2.2420196533203125,0.5135667324066162,-0.15132424535224234,-0.7413625717161927,0.21416842937466135,1.2279384470879142
32.25,2.2344071865081787,0.5157643556594849,-0.1387284218025074,-0.7809162139894131,0.225323438644454,1.2914362651178861
32.26,2.2264013290405273,0.5180732011795044,-0.1254955200498896,-0.8200645446776061,0.2364099025725949,1.3552919422569079
32.27,2.218005895614624,0.5204925537109375,-0.11162258295736487,-0.8588194847105591,0.2474278211593241,1.4194109459110928
32.28,2.2092249393463135,0.5230217576026917,-0.09710730113166316,-0.8971691131593582,0.25835633277898207,1.4837250790756438
32.29,2.2000625133514404,0.5256596803665161,-0.08194808137585792,-0.9351491928102447,0.2691656351090013,1.5481386407851543
32.3,2.1905219554901123,0.5284050703048706,-0.06614452831596636,-0.972759723663178,0.27988255023951925,1.612553337027004
32.31,2.180607318878174,0.5312573313713074,-0.04969701463531265,-1.009976863860926,0.29051005840296973,1.676908812925397
32.32,2.1703224182128906,0.5342152714729309,-0.032606352057453124,-1.046705245971888,0.301036238670409,1.7411194821258213
32.33,2.1596732139587402,0.5372780561447144,-0.014874624992803289,-1.0830521583555437,0.31150877475733657,1.8050963728486755
32.34,2.1486613750457764,0.5404454469680786,0.0034955753995260736,-1.1191606521604696,0.32192170619959565,1.8687734270831555
32.35,2.1372900009155273,0.5437164902687073,0.022500843548865616,-1.1548757553102884,0.332242250442571,1.9320745947350628
32.36,2.125563859939575,0.5470902919769287,0.042137067294219496,-1.190221309662102,0.3424823284149851,1.9949128570039691
32.37,2.11348557472229,0.5505661368370056,0.06239910068893724,-1.225233078002738,0.3526240587233946,2.057231637449209
32.38,2.1010591983795166,0.5541427731513977,0.08328170004320998,-1.2598872184751448,0.3626614809035688,2.1189593806936653
32.39,2.088287830352783,0.5578193664550781,0.1047782883028173,-1.2942194938662244,0.37261247634895106,2.1800171992889648
32.4,2.0751748085021973,0.5615950226783752,0.1268820440289807,-1.3281941413882037,0.38246214389808636,2.2403666789466277
32.41,2.0617239475250244,0.5654686093330383,0.14958562188174082,-1.3618111610410468,0.3922134637832029,2.2999050543615907
32.42,2.047938585281372,0.5694392919540405,0.17288014511621982,-1.39511823654153,0.40187537670129214,2.3585827004790705
32.43,2.0338215827941895,0.5735061168670654,0.1967572758913296,-1.4281034469607334,0.4114389419556483,2.4163512432515613
32.44,2.019376516342163,0.5776680707931519,0.22120716998124143,-1.4607429504392249,0.4208981990813551,2.473143068960106
32.45,2.0046067237854004,0.5819240808486938,0.24622013727053949,-1.4930486679074815,0.430268049240045,2.528890957194889
32.46,1.9895155429840088,0.5862734317779541,0.2717849891251472,-1.5250384807589703,0.43955743312844436,2.583544850210443
32.47,1.974105954170227,0.590715229511261,0.29789103427473823,-1.5567183494570969,0.4487514495850502,2.6370449837336634
32.48,1.958381175994873,0.5952484607696533,0.3245258887998098,-1.5880942344663045,0.45782327651970384,2.68932926099439
32.49,1.942344069480896,0.5998716950416565,0.3516776194946344,-1.6191601753232332,0.46678483486168243,2.7403726243137183
32.5,1.9259979724884033,0.6045841574668884,0.3793333412860928,-1.649904251098961,0.4756569862366669,2.7901295857453823
32.51,1.9093459844589233,0.6093848347663879,0.4074802112095311,-1.6803443431851621,0.4844367504119116,2.838549937787516
32.52,1.8923910856246948,0.6142728924751282,0.43610434004185206,-1.71049237251255,0.49312710762016215,2.8855497227928835
32.53,1.875136137008667,0.6192473769187927,0.4651912056653976,-1.7403364181522016,0.5017429590226218,2.9311309344995764
32.54,1.8575843572616577,0.6243077516555786,0.49472695873183176,-1.7698645591739361,0.510296225547892,2.975240046061526
32.55,1.8397388458251953,0.6294533014297485,0.5246960065866162,-1.7991065979001093,0.5187630653380537,3.0177837342102167
32.56,1.82160222530365,0.6346830129623413,0.5550826334160457,-1.8280744552609447,0.5271434783934723,3.058785193543533
32.57,1.8031773567199707,0.6399961709976196,0.5858717104574962,-1.8567442893985628,0.5354523658753507,3.0981770452681747
32.58,1.784467339515686,0.6453920602798462,0.617046174321397,-1.885110139846507,0.5436897277831181,3.1359250249143305
32.59,1.7654751539230347,0.6508699655532837,0.6485902109557928,-1.9131958484646667,0.5518585443495841,3.1720542870587045
32.6,1.7462034225463867,0.6564292311668396,0.6804872600625812,-1.9410014152530717,0.559937953949086,3.206456791689554
32.61,1.726655125617981,0.6620687246322632,0.7127193467895713,-1.9685268402103526,0.5679398775101838,3.2390632881300845
32.62,1.7068328857421875,0.667788028717041,0.7452685258251699,-1.99577212333648,0.575903058051973,3.269923719404732
32.63,1.6867396831512451,0.6735867857933044,0.7781178211776759,-2.02274322509734,0.583800673484711,3.2990251723532933
32.64,1.6663780212402344,0.6794640421867371,0.8112490292722461,-2.049458026886394,0.5916029214860186,3.3262748413634258
32.65,1.6457505226135254,0.6854188442230225,0.8446433180049313,-2.0758867263798075,0.5993127822877169,3.3517224483475836
32.66,1.6248602867126465,0.691450297832489,0.8782834782391844,-2.10205912589994,0.6069421768187527,3.375340953448652
32.67,1.60370934009552,0.6975576877593994,0.9121501370739148,-2.127987146377231,0.614514946937465,3.397003124530997
32.68,1.5823005437850952,0.7037405967712402,0.9462235407298147,-2.1536529064182752,0.6220161914826677,3.4167862248957097
32.69,1.560636281967163,0.7099980115890503,0.9804858615718153,-2.179062366485255,0.6294190883635491,3.434682370153515
32.7,1.5387192964553833,0.7163289785385132,1.0149171881328956,-2.204215526580466,0.6367415189742046,3.4505595525414923
32.71,1.5165519714355469,0.7227328419685364,1.049497052622656,-2.229112386703935,0.6440371274949401,3.4645264820346586
32.72,1.4941370487213135,0.7292097210884094,1.0842077177735752,-2.253741025925131,0.6513059139253005,3.4765463632065594
32.73,1.4714771509170532,0.7357589602470398,1.1190279798867735,-2.2781312465664163,0.6584852933882638,3.4866538113631376
32.74,1.448574423789978,0.7423794269561768,1.153940794000849,-2.302294969558356,0.6655693054198178,3.494720690080464
32.75,1.425431251525879,0.7490703463554382,1.188922393688394,-2.3262202739720204,0.6725758314134028,3.500714676288771
32.76,1.4020500183105469,0.7558309435844421,1.2239550875266108,-2.3498952388759755,0.6795138120650183,3.5048312157221666
32.77,1.378433346748352,0.7626606225967407,1.2590190180028482,-2.3733317852016556,0.6864070892332912,3.5069435594205904
32.78,1.3545833826065063,0.7695590853691101,1.2940939587150333,-2.3965418338780404,0.6932348012925573,3.507099593051786
32.79,1.3305025100708008,0.7765253186225891,1.32916100986387,-2.419519424438958,0.6999641656877003,3.5051899500457706
32.8,1.3061929941177368,0.7835583686828613,1.3641977577159345,-2.442276477813339,0.7066100835799066,3.5012414039392894
32.81,1.2816569805145264,0.7906575202941895,1.3991858379426667,-2.464807033538433,0.7131814956663924,3.495380060247708
32.82,1.2568968534469604,0.7978219985961914,1.4341053589208996,-2.487075328827399,0.7197201251985075,3.487526667307189
32.83,1.2319154739379883,0.8050519227981567,1.4689363712887964,-2.5091052055354965,0.7261872291563807,3.4776746218997294
32.84,1.2067147493362427,0.8123457431793213,1.503658851358905,-2.530956268310151,0.7325500249861526,3.4658585364728456
32.85,1.1812963485717773,0.8197029232978821,1.5382535420182644,-2.5525987148289992,0.7388412952424566,3.4520862808570683
32.86,1.1556627750396729,0.8271225690841675,1.572700576976033,-2.5735974311833734,0.744941830635219,3.436326058524281
32.87,1.1298243999481201,0.8346017599105835,1.6069800631887363,-2.59252786636312,0.7504522800444383,3.418624597276797
32.88,1.1038122177124023,0.8421316146850586,1.6410730689215798,-2.5985896587367763,0.7523089647291915,3.3990264422550283
32.89,1.0778526067733765,0.8496479392051697,1.6749605920338473,-2.5929570198064242,0.7508397102357451,3.377556236513041
32.9,1.0519530773162842,0.8571484088897705,1.7086241936518272,-2.5819838047032726,0.7478237152101097,3.3542135875582093
32.91,1.0262129306793213,0.8646044135093689,1.742044863784998,-2.565753459930019,0.7432669401167661,3.3289471676638662
32.92,1.0006380081176758,0.8720137476921082,1.7752031370051147,-2.5474429130550216,0.7380574941633978,3.301813051911479
32.93,0.9752640724182129,0.8793655633926392,1.8080811248232378,-2.518075704575086,0.7295995950700304,3.2728648387695474
32.94,0.9502764940261841,0.8866057395935059,1.8406604337804928,-2.4803429841991362,0.7186889648436376,3.242189729761828
32.95,0.9256572127342224,0.8937393426895142,1.8729249194184845,-2.447322010993575,0.7091194391249502,3.2097517166816614
32.96,0.9013300538063049,0.9007881283760071,1.904855468114136,-2.418115735054497,0.7006257772447073,3.1755279093551905
32.97,0.8772948980331421,0.9077518582344055,1.9364354776055754,-2.3905515670781123,0.6925880908967442,3.139603146073181
32.98,0.8535190224647522,0.9146398901939392,1.9676475310355872,-2.363112568854916,0.6845623254774931,3.1019583425309563
32.99,0.8300326466560364,0.9214431047439575,1.9984746444562045,-2.336174249648683,0.6766617298125163,3.0627510099095465
33.0,0.8067955374717712,0.9281731247901917,2.0289025512337875,-2.309617400169832,0.6688565015794178,3.02194009289052
33.01,0.7838402986526489,0.9348202347755432,2.0589134463140026,-2.2663205862041744,0.6561785936354565,2.979502705710169
33.02,0.7614691257476807,0.9412966966629028,2.088492605348,-2.2074967622753507,0.638994574546714,2.935583897236501
33.03,0.739690363407135,0.9476001262664795,2.117625124258742,-2.1446943283085322,0.6206572055817885,2.8901140409229398
33.04,0.7185752391815186,0.9537098407745361,2.1462948861664475,-2.0775973796848617,0.6010621786118749,2.843203057708365
33.05,0.698138415813446,0.9596213698387146,2.174489185412898,-2.0102977752682403,0.5813747644423529,2.7949937664856943
33.06,0.6783692836761475,0.965337336063385,2.20219476149617,-1.944255828857118,0.5620330572127418,2.745390443429134
33.07,0.6592532992362976,0.9708620309829712,2.229396994281489,-1.8796831369403764,0.5431383848191388,2.6944635563587425
33.08,0.6407756209373474,0.9762001037597656,2.2560840326233342,-1.8153280019757294,0.5243062973021642,2.6422885455516942
33.09,0.6229467391967773,0.9813481569290161,2.282242765192531,-1.750603318214143,0.5053550004958316,2.5888810350798326
33.1,0.6057635545730591,0.9863072037696838,2.307861653324939,-1.686516404152252,0.4866093397141471,2.5343486784067992
33.11,0.589216411113739,0.9910803437232971,2.332929738760657,-1.6240358352664364,0.46829879283914344,2.4787136281641686
33.12,0.5732828378677368,0.9956731796264648,2.3574359258882125,-1.5652358531949457,0.45100152492516143,2.4219973346451193
33.13,0.5579116940498352,1.0001003742218018,2.381369685453567,-1.5113085508344195,0.43508410453789587,2.364317415931491
33.14,0.5430566668510437,1.0043748617172241,2.4047222742068497,-1.4584630727770846,0.4194319248200297,2.305705117567062
33.15,0.5287424325942993,1.0084890127182007,2.427483787804899,-1.4048308134081775,0.4035353660584299,2.2462268371451293
33.16,0.5149600505828857,1.0124455690383911,2.4496468109497433,-1.3525158166883262,0.3880918025969852,2.1859947100603487
33.17,0.5016921162605286,1.0162508487701416,2.471203682006113,-1.3021752238271584,0.37326216697687037,2.125015245690199
33.18,0.4889165461063385,1.0199108123779297,2.492147115863554,-1.2541145086290948,0.35905241966254703,2.0633582559792414
33.19,0.47660982608795166,1.0234318971633911,2.5124708471256896,-1.2066781520841618,0.3450393676757273,2.0010886337512117
33.2,0.4647829830646515,1.0268115997314453,2.5321688885385845,-1.1588603258131123,0.33096075057978225,1.9382708497694157
33.21,0.4534326195716858,1.0300511121749878,2.551236264121084,-1.1111795902254409,0.31698346138006794,1.8750124537595791
33.22,0.4425593912601471,1.0331512689590454,2.5696691376137686,-1.064351201057646,0.30333399772650077,1.8113804665093987
33.23,0.4321455955505371,1.0361177921295166,2.5874638734512647,-1.0195627808569268,0.29028058052058453,1.7474426686263134
33.24,0.42216813564300537,1.038956880569458,2.6046179909863003,-0.976321101188507,0.27770400047297905,1.6832471880795763
33.25,0.4126191735267639,1.041671872138977,2.6211288172128615,-0.9337067604066799,0.2654135227203897,1.6189142346868637
33.26,0.4034940004348755,1.0442651510238647,2.636996275680031,-0.8910045027731456,0.25316476821895456,1.5545068805801878
33.27,0.3947990834712982,1.046735167503357,2.65221895482447,-0.848329067230092,0.24095177650447894,1.4900684951624334
33.28,0.386527419090271,1.049084186553955,2.6667976455832845,-0.8063927292825396,0.22895336151127602,1.4257502319250552
33.29,0.37867122888565063,1.0513142347335815,2.6807339594629656,-0.7649049162866207,0.21710991859440354,1.3616161083330125
33.3,0.3712293207645416,1.0534263849258423,2.6940299677499393,-0.7233843207358183,0.20526647567745815,1.2977210854041101
33.31,0.364203542470932,1.0554195642471313,2.706688381171052,-0.6817787885664828,0.1933932304382022,1.2341633664053455
33.32,0.35759374499320984,1.057294249534607,2.71871323507805,-0.6402388215066276,0.1815319061279658,1.1710694713936818
33.33,0.351398766040802,1.05905020236969,2.730109770598921,-0.5987450480460185,0.16970038413998811,1.108506921451462
33.34,0.3456188440322876,1.0606882572174072,2.7408833735070828,-0.5572363734244429,0.15789866447446263,1.0465759260790992
33.35,0.3402540385723114,1.0622081756591797,2.751041289120506,-0.5157008767129017,0.14607310295107886,0.9853670899802232
33.36,0.3353048264980316,1.0636097192764282,2.7605907153066833,-0.47426521778116126,0.13427138328554916,0.9249735961819836
33.37,0.33076873421669006,1.0648936033248901,2.769540761044142,-0.43328553438179873,0.12257695198057166,0.8655015357822627
33.38,0.3266391158103943,1.06606125831604,2.7779007460223313,-0.3931224346160274,0.11103749275205783,0.8070370656868402
33.39,0.3229062855243683,1.0671143531799316,2.7856815023578814,-0.3536060452461946,0.09959340095522001,0.7497236703856984
33.4,0.3195669949054718,1.068053126335144,2.7928952194300423,-0.31389296054846333,0.08808970451356733,0.6936329748303874
33.41,0.31662842631340027,1.0688761472702026,2.7995541618544864,-0.27331113815303343,0.07637739181517361,0.6388440830514709
33.42,0.3141007721424103,1.0695806741714478,2.8056721010910737,-0.23202747106548496,0.06449222564696258,0.5855053121755356
33.43,0.31198787689208984,1.070165991783142,2.811264268097999,-0.19103437662128434,0.05272626876832104,0.5337254967652867
33.44,0.31028008460998535,1.070635199546814,2.8163466110263773,-0.15322268009183396,0.041830539703362604,0.4835794845074036
33.45,0.3089234232902527,1.0710026025772095,2.8209358577881485,-0.11955201625822105,0.03203153610228991,0.4351997544526295
33.46,0.30788904428482056,1.0712758302688599,2.8250506061154312,-0.08816570043565597,0.02281665802002407,0.38873780433624733
33.47,0.3071601092815399,1.0714589357376099,2.828710613874872,-0.05758404731751634,0.013798475265505676,0.3442787541636535
33.48,0.30673736333847046,1.07155179977417,2.831936181198703,-0.027212500572200336,0.004857778549193577,0.3019082257952971
33.49,0.3066158592700958,1.0715560913085938,2.8347487783907788,0.0032350420951838205,-0.004059076309203467,0.2617941745761944
33.5,0.30680206418037415,1.0714706182479858,2.8371720646902276,0.03373175859451965,-0.012987852096560202,0.2240624433765605
33.51,0.3072904944419861,1.0712963342666626,2.839230027258309,0.06338953971861802,-0.021702051162716333,0.18879824868995135
33.52,0.3080698549747467,1.0710365772247314,2.8409480296640273,0.08770227432249605,-0.028884410858149783,0.15612724804056957
33.53,0.3090445399284363,1.0707186460494995,2.842352572219121,0.10634511709215373,-0.03443360328675001,0.1261928057793045
33.54,0.31019675731658936,1.0703479051589966,2.843471885779613,0.12075304985048789,-0.038665533065803594,0.09913265434222414
33.55,0.31145960092544556,1.0699453353881836,2.844335225305965,0.13144165277479025,-0.041729211807244454,0.07506966126061768
33.56,0.31282559037208557,1.0695133209228516,2.8449732790048254,0.1405581831931848,-0.044333934783928615,0.054112156307209315
33.57,0.3142707645893097,1.0690586566925049,2.8454174684321094,0.1484140753746328,-0.0465750694274995,0.036407012014579326
33.58,0.31579387187957764,1.0685818195343018,2.845701419245117,0.15493780374524554,-0.04838109016417701,0.02210434435523033
33.59,0.3173695206642151,1.0680910348892212,2.845859555319214,0.1601368188857782,-0.049757957458488315,0.011326652598862457
33.6,0.3189966082572937,1.0675866603851318,2.845927952297094,0.1653507351875634,-0.051152706146250414,0.0042128282038653205
33.61,0.3206765353679657,1.0670679807662964,2.8459438118832914,0.16945749521258865,-0.0522315502166852,0.0008591730475295312
33.62,0.3223857581615448,1.0665420293807983,2.8459451357580448,0.17105489969250867,-0.052595138549796465,0.0007535584766181702
33.63,0.3240976333618164,1.0660160779953003,2.8459588830528237,0.17045587301251608,-0.05244612693785801,0.002928524730316337
33.64,0.32579487562179565,1.065493106842041,2.846003706252651,0.16753077507022376,-0.05186796188355524,0.006897517895555745
33.65,0.3274482488632202,1.0649787187576294,2.846096833410735,0.16150027513507242,-0.05080699920655308,0.012514698584167585
33.66,0.32902488112449646,1.0644769668579102,2.8462540002243344,0.15193969011304387,-0.049316883087150494,0.019691375884020288
33.67,0.33048704266548157,1.0639923810958862,2.8464906609284153,0.13874471187589385,-0.04748106002806875,0.028303279455150782
33.68,0.33179977536201477,1.0635273456573486,2.8468200658134375,0.12193024158480209,-0.04544854164124439,0.03823136179111547
33.69,0.3329256474971771,1.0630834102630615,2.8472552881642375,0.10133832693098392,-0.043296813964836985,0.04937866329199131
33.7,0.33382654190063477,1.0626614093780518,2.8478076390792775,0.07673799991606467,-0.04099607467650726,0.0616180940126069
33.71,0.33446040749549866,1.0622634887695312,2.84848765004449,0.048175454139719055,-0.03848075866699984,0.07486138803357957
33.72,0.33479005098342896,1.061891794204712,2.8493048668399488,0.015640258789065612,-0.03582239151001689,0.08900102545858596
33.73,0.3347732126712799,1.061547040939331,2.850267670553661,-0.021311640739437587,-0.03314614295958954,0.10392599328457637
33.74,0.33436381816864014,1.06122887134552,2.8513833867056406,-0.06222277879713993,-0.030505657196040155,0.11955386141802378
33.75,0.3335287570953369,1.0609369277954102,2.852658747782022,-0.1054704189300747,-0.027900934219365903,0.13578116650530472
33.76,0.33225440979003906,1.0606708526611328,2.854099010035746,-0.14931857585904648,-0.025403499603267512,0.152520222458617
33.77,0.3305423855781555,1.0604288578033447,2.855709152231195,-0.1945972442626649,-0.0230252742767298,0.16969265691315194
33.78,0.32836246490478516,1.0602103471755981,2.8574928631740097,-0.24127960205082924,-0.020825862884525627,0.18721376331455714
33.79,0.3257167935371399,1.0600123405456543,2.859453427497485,-0.28743594884878154,-0.018817186355594564,0.204993213716583
33.8,0.32261374592781067,1.0598340034484863,2.8615927274483406,-0.33310055732721844,-0.01687407493591045,0.22293423541722546
33.81,0.3190547823905945,1.059674859046936,2.8639121122058304,-0.37850141525262637,-0.01505017280578378,0.2409811556469755
33.82,0.31504371762275696,1.0595329999923706,2.866412350561281,-0.42349249124535404,-0.01343488693237572,0.2590582744983987
33.83,0.3105849325656891,1.0594061613082886,2.8690932776957974,-0.46804249286644295,-0.011992454528806719,0.2770776014038756
33.84,0.30568286776542664,1.0592931509017944,2.8719539025893592,-0.5121484398841057,-0.010645389556883102,0.2949810571495553
33.85,0.30034196376800537,1.0591932535171509,2.8749928988387894,-0.5558133125306282,-0.00937581062317081,0.31270835934482216
33.86,0.2945666015148163,1.059105634689331,2.8782080697762544,-0.5990490317345857,-0.008195638656617842,0.3301672564422366
33.87,0.28836098313331604,1.0590293407440186,2.881596243967633,-0.6418555974959324,-0.007116794586180528,0.3473174468112362
33.88,0.28172948956489563,1.0589632987976074,2.8851544187124802,-0.6842374801634673,-0.006115436553954122,0.3641079753073581
33.89,0.27467623353004456,1.0589070320129395,2.888878403473781,-0.726200640201713,-0.005185604095460016,0.38045775149445427
33.9,0.26720547676086426,1.0588595867156982,2.892763573742368,-0.7677435874940493,-0.004351139068604381,0.3963291464482832
33.91,0.2593213617801666,1.0588200092315674,2.896804986402745,-0.8088767528532671,-0.0035822391510004167,0.41167607614505336
33.92,0.2510279417037964,1.0587879419326782,2.90099709526527,-0.8496008813379867,-0.002866983413695841,0.426445244099205
33.93,0.24232934415340424,1.0587626695632935,2.9053338912847306,-0.8899211883546693,-0.002211332321167432,0.4405777495274365
33.94,0.23322951793670654,1.0587437152862549,2.909808650255817,-0.929840654134605,-0.0015735626220700666,0.4540470777991202
33.95,0.22373253107070923,1.058731198310852,2.9144148328407145,-0.9693607687948619,-0.0009477138519285628,0.466810457361804
33.96,0.21384230256080627,1.0587247610092163,2.9191448594030547,-1.0084874927999596,-0.0003218650817871734,0.47881250284006005
33.97,0.20356278121471405,1.0587247610092163,2.9239910828975137,-1.0472245514394936,0.00029802322387701243,0.49004401622188865
33.98,0.19289781153202057,1.0587307214736938,2.9289457397274905,-1.0855786502359601,0.000864267349243029,0.5004591084261872
33.99,0.18185120820999146,1.0587420463562012,2.934000265066039,-1.1235497891901167,0.0014007091522214607,0.5100233470940554
34.0,0.17042681574821472,1.0587587356567383,2.939146206669373,-1.1611416935923025,0.001943111419678121,0.5187166341137506
34.01,0.15862837433815002,1.0587809085845947,2.944374597748312,-1.198361068963817,0.0024855136871334005,0.5265221738645586
34.02,0.14645959436893463,1.058808445930481,2.949676650146666,-1.2352094054220175,0.0029921531677241414,0.5334141073554842
34.03,0.1339241862297058,1.0588407516479492,2.9550428798954234,-1.271691545844331,0.0034511089324958037,0.5393604588995035
34.04,0.12102576345205307,1.0588774681091309,2.960463859324654,-1.3078108429911355,0.0038683414459236213,0.5443553242454796
34.05,0.1077679693698883,1.0589181184768677,2.965929986380331,-1.343569904565601,0.004243850708007149,0.5483868491907438
34.06,0.09415436536073685,1.058962345123291,2.9714315963084705,-1.3789638876912822,0.004595518112181899,0.5514415562302171
34.07,0.08018869161605835,1.0590100288391113,2.976958817504937,-1.4138154685500097,0.005000829696656268,0.553508395394652
34.08,0.06587805598974228,1.0590623617172241,2.9825017642163614,-1.4482481405136705,0.005465745925902466,0.5545862289587221
34.09,0.05122372880578041,1.0591193437576294,2.988050542084113,-1.4782950282094551,0.005912780761717825,0.5546756774297522
34.1,0.03631215542554855,1.0591806173324585,2.993595277764958,-1.5036480501297127,0.006330013275147744,0.5537669510198064
34.11,0.02115076780319214,1.0592459440231323,2.999125881104507,-1.5286591136831107,0.006735324859620481,0.5518599799573242
34.12,0.005738973151892424,1.0593153238296509,3.0046324773641024,-1.5555986203250838,0.007134675979613142,0.5489660503583934
34.13,-0.0099612046033144,1.0593886375427246,3.0101052021116765,-1.584054972044876,0.007504224777220507,0.5450992825920135
34.14,-0.025942126289010048,1.0594654083251953,3.0155344630159444,-1.5960243530574636,0.007736682891847243,0.5402620812046086
34.15,-0.04188169166445732,1.0595433712005615,3.0209104437357666,-1.589856389910299,0.007832050323487886,0.5344688803632767
34.16,-0.0577392540872097,1.059622049331665,3.026223840623208,-1.5810558572409066,0.007867813110350333,0.5277423765302888
34.17,-0.0735028088092804,1.0597007274627686,3.031465291266374,-1.5732353553173466,0.007915496826170638,0.5200975017471152
34.18,-0.08920396119356155,1.0597803592681885,3.0366257906581517,-1.567236706614806,0.007975101470948853,0.5115550882203742
34.19,-0.10484754294157028,1.0598602294921875,3.0416963930307794,-1.5597045421597904,0.007951259613035866,0.5021296424911107
34.2,-0.12039805203676224,1.0599393844604492,3.0466683835079755,-1.5428539365527603,0.00781416893005249,0.4918504399625276
34.21,-0.1357046216726303,1.0600165128707886,3.0515334018300315,-1.5183527022603194,0.007617473602296437,0.48075689337215416
34.22,-0.15076510608196259,1.0600917339324951,3.0562835213754167,-1.4940559864047163,0.007414817810060069,0.4688785817849528
34.23,-0.1655857414007187,1.0601648092269897,3.0609109734657287,-1.4649376273152923,0.0071704387664783716,0.4562425812278678
34.24,-0.180063858628273,1.0602351427078247,3.0654083729999755,-1.4273740351197872,0.006878376007079003,0.4428887693834734
34.25,-0.1941332221031189,1.0603023767471313,3.0697687488533996,-1.3841100037100684,0.006562471389771813,0.42885878562563745
34.26,-0.20774605870246887,1.0603663921356201,3.0739855487124865,-1.3337656855581106,0.006192922592162118,0.41419530075401856
34.27,-0.22080853581428528,1.0604262351989746,3.0780526548684812,-1.2779220938680558,0.005781650543211987,0.3989455252832606
34.28,-0.23330450057983398,1.0604820251464844,3.081964459218153,-1.219617575407271,0.005382299423218845,0.3831611123045516
34.29,-0.24520088732242584,1.060533881187439,3.0857158771145707,-1.159328222275011,0.004988908767701188,0.3668838781900005
34.3,-0.2564910650253296,1.0605818033218384,3.0893021367819515,-1.0990075767038534,0.004589557647704361,0.35016317639363714
34.31,-0.26718103885650635,1.060625672340393,3.0927191406424446,-1.0392904281614586,0.004190206527709306,0.33306330636079584
34.32,-0.277276873588562,1.0606656074523926,3.0959634029091685,-0.9801685810091061,0.0038206577301032993,0.3156453102525176
34.33,-0.28678441047668457,1.0607020854949951,3.0990320468474937,-0.9216248989103784,0.00347495079040473,0.2979663832585611
34.34,-0.29570937156677246,1.0607351064682007,3.1019227305743406,-0.863666832446917,0.003135204315185057,0.28008697004320354
34.35,-0.3040577471256256,1.0607647895812988,3.1046337862483586,-0.806289911270302,0.0028014183044439167,0.2620811415866197
34.36,-0.3118351697921753,1.0607911348342896,3.107164353406072,-0.7494837045671047,0.002467632293701663,0.24401868493002934
34.37,-0.3190474212169647,1.0608141422271729,3.1095141599469582,-0.693242251872908,0.0021457672119137273,0.22596086864884254
34.38,-0.3257000148296356,1.0608340501785278,3.1116835707790496,-0.637556612491508,0.0018298625946042062,0.20798857842400179
34.39,-0.3317985534667969,1.060850739479065,3.113673931515439,-0.5824312567712036,0.0015020370483401426,0.19018142161454818
34.4,-0.3373486399650574,1.0608640909194946,3.1154871992113398,-0.5278557538987256,0.0011920928955080497,0.17262019963607647
34.41,-0.3423556685447693,1.060874581336975,3.1171263355081598,-0.4738196730612968,0.0008940696716307196,0.15538829142955693
34.42,-0.3468250334262848,1.0608819723129272,3.1185949650399314,-0.42032301425927265,0.0005900859832762749,0.13856186703409323
34.43,-0.35076212882995605,1.0608863830566406,3.119897572848842,-0.36736130714423815,0.00028014183044439167,0.12223309034993457
34.44,-0.3541722595691681,1.0608875751495361,3.1210396268469296,-0.3149241209029659,-1.1920928955076262e-05,0.10649580854496521
34.45,-0.35706061124801636,1.0608861446380615,3.1220274890197417,-0.2630040049552506,-0.0002920627593993684,0.0914433762604662
34.46,-0.3594323396682739,1.0608817338943481,3.122868494372139,-0.21160393953327575,-0.0005722045898438638,0.07716922646678206
34.47,-0.36129269003868103,1.0608747005462646,3.123570873549077,-0.16071796417239526,-0.0008583068847657958,0.06377409788972546
34.48,-0.3626466989517212,1.0608645677566528,3.1241439763299335,-0.11034011840818587,-0.0011980533599851642,0.05136241875491084
34.49,-0.3634994924068451,1.060850739479065,3.1245981219241754,-0.060464441776266184,-0.001549720764159914,0.04003056335610196
34.5,-0.3638559877872467,1.0608335733413696,3.1249445875970556,-0.011081993579866707,-0.0018894672393802588,0.029886782375393835
34.51,-0.3637211322784424,1.0608129501342773,3.125195857571683,0.03781020641326313,-0.0022530555725094135,0.021044116621268302
34.52,-0.3630997836589813,1.0607885122299194,3.125365469929481,0.08621215820311152,-0.0026226043701167777,0.013615124262298476
34.53,-0.3619968891143799,1.060760498046875,3.125468160056929,0.13413131237032697,-0.0029861927032476645,0.007712270466388318
34.54,-0.3604171574115753,1.0607287883758545,3.125519715338809,0.18157958984378614,-0.0033438205719000793,0.0034473313700107617
34.55,-0.3583652973175049,1.060693621635437,3.1255371066843294,0.22855252027508025,-0.0036835670471185647,0.0009627806397681398
34.56,-0.355846107006073,1.060655117034912,3.125538970951604,0.27446597814555646,-0.004047155380248391,0.0015610780492944845
34.57,-0.3528759777545929,1.060612678527832,3.1255683282453153,0.3172561526299154,-0.004655122756958934,0.0091688678572917
34.58,-0.34950098395347595,1.060562014579773,3.12572234830875,0.3562957048415581,-0.0059485435485830546,0.026535352578345453
34.59,-0.3457500636577606,1.0604937076568604,3.1260990352968823,0.3927260637282711,-0.008451938629149069,0.05336418252998297
34.6,-0.3416464626789093,1.06039297580719,3.12678963195935,0.427544116973962,-0.012695789337160729,0.0889681220653759
34.61,-0.3371991813182831,1.0602397918701172,3.1278783977381894,0.4614040255547488,-0.019168853759769438,0.13263971497632784
34.62,-0.33241838216781616,1.0600095987319946,3.129442426258876,0.49363076686851415,-0.02837777137755904,0.1837242186365208
34.63,-0.32732656598091125,1.059672236442566,3.1315528821109204,0.5113840103148615,-0.04074573516845066,0.24159474224288544
34.64,-0.32219070196151733,1.0591946840286255,3.1342743211037343,0.5095213651658118,-0.05664229393006498,0.3056090348543869
34.65,-0.31713613867759705,1.0585393905639648,3.137665062808007,0.4878044128418939,-0.0760734081268462,0.3751464034416366
34.66,-0.3124346137046814,1.0576732158660889,-3.1414080580070207,0.44722706079476043,-0.09897351264952066,0.4496064273699937
34.67,-0.30819159746170044,1.0565599203109741,-3.1365281158241776,0.4024296998977032,-0.1250684261321826,0.5284154984400109
34.68,-0.3043860197067261,1.0551718473434448,-3.130839748038219,0.3597885370255232,-0.1535415649414368,0.6110094368835356
34.69,-0.3009958267211914,1.053489089012146,-3.1243079270865093,0.3179609775542716,-0.18223524093625082,0.6968384075716004
34.7,-0.29802680015563965,1.0515271425247192,-3.1169029798867847,0.27623772621150466,-0.2102613449096351,0.7853630862053922
34.71,-0.29547107219696045,1.0492838621139526,-3.108600665362399,0.23553669452671921,-0.23877620697026236,0.8760871458829611
34.72,-0.2933160662651062,1.046751618385315,-3.099381236969129,0.1955986022949608,-0.2674281597137983,0.9685115741255563
34.73,-0.291559100151062,1.0439352989196777,-3.0892304338798917,0.15546977519986582,-0.29505491256709254,1.0621154248466995
34.74,-0.2902066707611084,1.0408505201339722,-3.0781389284721916,0.11609792709348771,-0.3228664398192855,1.156477378373896
34.75,-0.2892371416091919,1.037477970123291,-3.06610088631241,0.07893294095994613,-0.35251379013068534,1.25114971341203
34.76,-0.2886280119419098,1.0338002443313599,-3.053115934203956,0.04385113716124803,-0.38366913795465196,1.3456767485160344
34.77,-0.2883601188659668,1.0298045873641968,-3.0391873513420853,0.010626018047331102,-0.4159390926360434,1.4396541652548858
34.78,-0.28841549158096313,1.0254814624786377,-3.0243228508988538,-0.020720064640049288,-0.4492223262787759,1.5326794957518148
34.79,-0.2887745201587677,1.020820140838623,-3.008533761427055,-0.05018562078476951,-0.48345327377328956,1.6243775132913318
34.8,-0.2894192039966583,1.0158123970031738,-2.9918353006330336,-0.07791072130202029,-0.5184173583983565,1.7143876815751231
34.81,-0.29033273458480835,1.0104517936706543,-2.9742460077955473,-0.10398477315901085,-0.5539834499358265,1.8023562800958473
34.82,-0.29149889945983887,1.0047327280044556,-2.955788175031111,-0.12854039669039422,-0.5899935960770827,1.887941858630147
34.83,-0.2929035425186157,0.998651921749115,-2.936487170622952,-0.1517325639724494,-0.6263047456740354,1.9708554723256306
34.84,-0.29453355073928833,0.9922066330909729,-2.9163710655845922,-0.17364770174023775,-0.6628453731535829,2.0507720412081056
34.85,-0.296376496553421,0.9853950142860413,-2.8954717297987833,-0.19438117742542319,-0.699540972709795,2.1274125469057394
34.86,-0.298421174287796,0.9782158136367798,-2.873822814646486,-0.21412074565891712,-0.7362782955171142,2.200537538186847
34.87,-0.3006589114665985,0.9706694483757019,-2.851460979035055,-0.2329990267753237,-0.7729738950728162,2.269856802849635
34.88,-0.3030811548233032,0.962756335735321,-2.828425678589486,-0.2509906888007725,-0.8096307516096757,2.335162802655878
34.89,-0.30567872524261475,0.9544768333435059,-2.8047577229819303,-0.26812255382543176,-0.8462250232698216,2.396246419213732
34.9,-0.3084436058998108,0.945831835269928,-2.780500750205221,-0.2845019102097124,-0.8826971054078905,2.4528972224864938
34.91,-0.31136876344680786,0.9368228912353516,-2.75569977853221,-0.30021816492076,-0.9190261363981718,2.504961676927028
34.92,-0.31444796919822693,0.9274513125419617,-2.7304015166666726,-0.3153070807456477,-0.9551912546156344,2.5522212902781902
34.93,-0.3176749050617218,0.9177190661430359,-2.7046553527266384,-0.32980293035513764,-0.9911656379701679,2.594545585905955
34.94,-0.32104402780532837,0.9076279997825623,-2.678510604948564,-0.34372359514231077,-1.0269463062284772,2.631847407669518
34.95,-0.3245493769645691,0.8971801400184631,-2.65201840457324,-0.35710483789438385,-1.0625123977659472,2.66399002471252
34.96,-0.32818612456321716,0.88637775182724,-2.625230804454305,-0.370027124881818,-1.0978460311891833,2.690851922891116
34.97,-0.331949919462204,0.8752232193946838,-2.598201366115428,-0.38254261016853314,-1.132932305336224,2.7123106854025036
34.98,-0.3358369767665863,0.86371910572052,-2.570984590746266,-0.39462149143212827,-1.1677771806715094,2.7284240394241444
34.99,-0.3398423492908478,0.85186767578125,-2.5436328853269368,-0.4060894250869116,-1.2024372816083935,2.7391046273383006
35.0,-0.3439587652683258,0.8396703600883484,-2.5162024981994913,-0.4170238971711035,-1.2368917465212421,2.744240648682163
35.01,-0.3481828272342682,0.8271298408508301,-2.4887480723533044,-0.4276454448699283,-1.2710630893705288,2.7438051565688832
35.02,-0.3525116741657257,0.8142490983009338,-2.461326395068105,-0.4378750920295031,-1.304987072944437,2.7378601633818382
35.03,-0.3569403290748596,0.8010300993919373,-2.433990869085659,-0.4476368427277502,-1.3386934995653907,2.726483766363828
35.04,-0.36146441102027893,0.7874752283096313,-2.4067967197408393,-0.4568129777909234,-1.372203230858122,2.7096314565732422
35.05,-0.36607658863067627,0.7735860347747803,-2.379798239954205,-0.4654616117476689,-1.4054983854291627,2.68738479627806
35.06,-0.37077364325523376,0.7593652606010437,-2.3530490238152697,-0.4737019538878654,-1.438555121421589,2.6597830113621663
35.07,-0.37555062770843506,0.744814932346344,-2.3266025797269534,-0.48117935657510796,-1.4701873064044062,2.6269084532102425
35.08,-0.380397230386734,0.7299615144729614,-2.3005108547510753,-0.4860818386077121,-1.4954745769498394,2.5888594759862777
35.09,-0.3852722644805908,0.7149054408073425,-2.2748253902072197,-0.4891693592070768,-1.516953110694648,2.54582026203616
35.1,-0.3901806175708771,0.6996224522590637,-2.249594449510344,-0.4928976297379521,-1.5411645174029556,2.4979080750399647
35.11,-0.3951302170753479,0.6840821504592896,-2.2248672287064304,-0.49605369567880964,-1.564130187034918,2.4451917947648316
35.12,-0.4001016914844513,0.6683398485183716,-2.2006906136150572,-0.4980534315108474,-1.5839159488675503,2.387850882636315
35.13,-0.4050912857055664,0.6524038314819336,-2.1771102110536966,-0.4977971315383133,-1.5964478254315742,2.326129706557736
35.14,-0.4100576341152191,0.6364108920097351,-2.1541680194838952,-0.4950866103173287,-1.6009479761126841,2.2602623228427823
35.15,-0.414993017911911,0.6203848719596863,-2.13190496459685,-0.49207508564005153,-1.6048341989520405,2.190379961457514
35.16,-0.4198991358280182,0.6043142080307007,-2.1103604202547537,-0.4868045449256136,-1.6003698110577942,2.1167270792860537
35.17,-0.4247291088104248,0.5883774757385254,-2.0895704230111223,-0.47305375337593314,-1.5636533498761593,2.0396239886742915
35.18,-0.42936021089553833,0.5730411410331726,-2.0695679404812615,-0.45302957296380475,-1.5028834342959534,1.9592587621243174
35.19,-0.4337897002696991,0.5583198070526123,-2.0503852477686437,-0.43304264545433907,-1.4416635036466252,1.8759724475422466
35.2,-0.43802106380462646,0.5442078709602356,-2.0320484915304107,-0.4134744405745814,-1.3809800148008096,1.7900550373707613
35.21,-0.442059189081192,0.5307002067565918,-2.014584147021223,-0.39435029029854035,-1.3208210468294863,1.7017838259544116
35.22,-0.4459080696105957,0.5177914500236511,-1.9980128150113292,-0.3755807876587661,-1.2612044811251288,1.6115163282504827
35.23,-0.44957080483436584,0.5054761171340942,-1.9823538204562197,-0.3571778535842337,-1.2021258473394423,1.5195461711853109
35.24,-0.4530516266822815,0.4937489330768585,-1.9676218915876182,-0.3391176462172932,-1.1435851454733015,1.4263670749515391
35.25,-0.45635315775871277,0.48260441422462463,-1.9538264789571844,-0.3212735056877775,-1.0856136679651514,1.3322916452153764
35.26,-0.45947709679603577,0.4720366597175598,-1.9409760586833158,-0.3036215901374342,-1.0282188653944315,1.2377172646069587
35.27,-0.4624255895614624,0.4620400369167328,-1.9290721336650412,-0.2862066030501872,-0.971372425556031,1.1431157454858665
35.28,-0.4652012288570404,0.45260921120643616,-1.918113743773595,-0.269033014774376,-0.915069878101531,1.048834153093079
35.29,-0.46780624985694885,0.4437386393547058,-1.9080954506031838,-0.2520993351936842,-0.8593112230302613,0.9553543165384717
35.3,-0.4702432155609131,0.43542298674583435,-1.899006657442829,-0.235395133495294,-0.8040860295294459,0.8631474194894279
35.31,-0.47251415252685547,0.4276569187641144,-1.8908325022133925,-0.21889507770534908,-0.7493987679480335,0.7726820594675345
35.32,-0.47462111711502075,0.42043501138687134,-1.8835530162534762,-0.20259469747547365,-0.6952479481698466,0.6845104825765199
35.33,-0.47656604647636414,0.4137519598007202,-1.8771422925618646,-0.1864850521087355,-0.6416231393813084,0.5991402337538205
35.34,-0.47835081815719604,0.40760254859924316,-1.8715702115783979,-0.17057508230206683,-0.5885228514670405,0.517029075423733
35.35,-0.479977548122406,0.40198150277137756,-1.866801711053388,-0.15487223863604765,-0.5359396338463895,0.4387757325998039
35.36,-0.4814482629299164,0.3968837559223175,-1.8627946969264035,-0.13935863971712978,-0.4838630557061204,0.3649870152317829
35.37,-0.48276472091674805,0.3923042416572571,-1.859501970748754,-0.12402385473249404,-0.43230056762688557,0.2962399367312888
35.38,-0.48392874002456665,0.38823774456977844,-1.8568698981917768,-0.10887235403059212,-0.38124620914453267,0.23306739146949604
35.39,-0.48494216799736023,0.38467931747436523,-1.8548406229193635,-0.09389519691469153,-0.33068954944617174,0.17608402011831842
35.4,-0.4858066439628601,0.3816239535808563,-1.853348217789411,-0.07908642292024279,-0.28063058853155,0.12599201545764613
35.41,-0.48652389645576477,0.37906670570373535,-1.8523207826102113,-0.06445944309233612,-0.23106038570400442,0.08345063190971863
35.42,-0.48709583282470703,0.3770027458667755,-1.8516792051512163,-0.050000846385948,-0.18197894096371667,0.04902261714327183
35.43,-0.4875239133834839,0.37542712688446045,-1.8513403302673455,-0.03569573163986916,-0.1333817839622763,0.02348624093051944
35.44,-0.4878097474575043,0.3743351101875305,-1.8512094803326058,-0.021545588970180957,-0.08525997400282481,0.007571642340197175
35.45,-0.4879548251628876,0.3737219274044037,-1.8511888974205415,-0.0075459480285632735,-0.03761798143386253,0.0003512200261290294
35.46,-0.48796066641807556,0.37358275055885315,-1.8512024559320832,0.006254017353059106,0.009565055370332714,-0.0056615374842039655
35.47,-0.4878297448158264,0.3739132285118103,-1.8513021281702255,0.019682943820957286,0.056348741054546125,-0.018462439085413018
35.48,-0.4875670075416565,0.37470972537994385,-1.8515717047137916,0.03250241279601543,0.10279864072798076,-0.03948845414451445
35.49,-0.487179696559906,0.37596920132637024,-1.852091897253116,0.04442036151885292,0.1489892601966625,-0.0681410304277712
35.5,-0.4866786003112793,0.37768951058387756,-1.8529345253223473,0.05510002374650144,0.19499510526660985,-0.10380221939771794
35.51,-0.4860776960849762,0.37986910343170166,-1.85416794164107,0.06388425827025368,0.24091005325313616,-0.1459854097574314
35.52,-0.485400915145874,0.38250771164894104,-1.8558542335174966,0.0699818134307752,0.2867817878722696,-0.19419928905565503
35.53,-0.4846780598163605,0.38560473918914795,-1.8580519274221838,0.07198154926301481,0.33251643180853785,-0.24791735400491668
35.54,-0.483961284160614,0.3891580402851105,-1.8608125805975941,0.06897151470185699,0.37782490253456,-0.30656762016007527
35.55,-0.4832986295223236,0.39316123723983765,-1.8641832798253841,0.061355531215658135,0.422060489654475,-0.3697557845519927
35.56,-0.48273417353630066,0.3975992500782013,-1.8682076962886351,0.04743188619612906,0.4598885774611708,-0.4369859810404036
35.57,-0.4823499917984009,0.4023590087890625,-1.8729229994461938,0.025884807109837912,0.48885792493829916,-0.5078043220124184
35.58,-0.482216477394104,0.40737640857696533,-1.8783637827288817,-0.002244114875793106,0.5128711462020072,-0.581817247322889
35.59,-0.48239487409591675,0.41261643171310425,-1.8845593443926534,-0.03638863563537029,0.5320698022841576,-0.6585161559099132
35.6,-0.4829442501068115,0.41801780462265015,-1.891534105847082,-0.07645785808564753,0.5430147051812299,-0.7373704278675587
35.61,-0.4839240312576294,0.4234767258167267,-1.8993067529500016,-0.12144446372988256,0.5460143089295519,-0.8180895414485374
35.62,-0.4853731393814087,0.428938090801239,-1.9078958966760498,-0.16856193542477835,0.5430117249487981,-0.9003173490212659
35.63,-0.4872952699661255,0.43433696031570435,-1.91731309993043,-0.21546036005016775,0.5344748497008441,-0.9836736265001605
35.64,-0.4896823465824127,0.43962758779525757,-1.9275693692060558,-0.2617046236992403,0.5233123898507206,-1.0678041014542965
35.65,-0.49252936244010925,0.4448032081127167,-1.9386691819595117,-0.3074645996094362,0.5117565393448894,-1.1522409901409585
35.66,-0.4958316385746002,0.4498627185821533,-1.9506141890088702,-0.3527507185935423,0.5001813173293286,-1.236661052790151
35.67,-0.4995843768119812,0.4548068344593048,-1.9634024030153183,-0.39742738008492934,0.4877537488936615,-1.3206923979842844
35.68,-0.5037801861763,0.4596177935600281,-1.9770280369685598,-0.4415541887284204,0.47472864389429,-1.4040896198857085
35.69,-0.5084154605865479,0.4643014073371887,-1.991484195413027,-0.48532485961906474,0.46234875917427465,-1.486570319622283
35.7,-0.5134866833686829,0.468864768743515,-2.0067594433610103,-0.5286604166030058,0.45004785060875535,-1.567764714925989
35.71,-0.5189886689186096,0.47330236434936523,-2.0228394897115516,-0.5715399980546181,0.43766945600518353,-1.6473672498218797
35.72,-0.524917483329773,0.47761815786361694,-2.0397067883574413,-0.6140410900117188,0.42578279972084887,-1.7251845578491678
35.73,-0.5312694907188416,0.4818180203437805,-2.057343180868528,-0.6553173065184522,0.41110366582864055,-1.800989034955765
35.74,-0.538023829460144,0.48584023118019104,-2.0757265690565623,-0.6950765848158703,0.3921151161193235,-1.8744024289889039
35.75,-0.5451710224151611,0.4896603226661682,-2.094831229448312,-0.7343441247941525,0.3725305199623849,-1.9452767667645128
35.76,-0.5527107119560242,0.49329084157943726,-2.114632104391845,-0.7731646299360974,0.35302191972727026,-2.013422485927792
35.77,-0.5606343150138855,0.4967207610607147,-2.135099679166874,-0.8113414049147292,0.3329694271087126,-2.0785534871614466
35.78,-0.5689375400543213,0.49995023012161255,-2.1562031741350802,-0.8484452962877054,0.3114685416222238,-2.1404915903347628
35.79,-0.5776032209396362,0.502950131893158,-2.177909510973561,-0.8845359086992116,0.28856992721563357,-2.1990094354147716
35.8,-0.586628258228302,0.5057216286659241,-2.200183362843367,-0.9202808141706935,0.26585161685939446,-2.253986892189611
35.81,-0.596008837223053,0.5082671642303467,-2.22298924881736,-0.9559273719786103,0.24395883083339692,-2.3052865622684666
35.82,-0.6057468056678772,0.5106008052825928,-2.2462890940887434,-0.9916782379152363,0.22335350513462696,-2.352764130779163
35.83,-0.6158424019813538,0.5127342343330383,-2.270044531432934,-1.0271996259687726,0.20329058170315426,-2.396242947670116
35.84,-0.6262907981872559,0.5146666169166565,-2.2942139530421533,-1.0623633861540087,0.1834213733672809,-2.4355952346852807
35.85,-0.6370896697044373,0.5164026618003845,-2.3187564361266473,-1.0974705219270982,0.16451179981234962,-2.4707653087899604
35.86,-0.6482402086257935,0.5179568529129028,-2.3436292592179426,-1.1325538158419002,0.14668405056002673,-2.50157002958936
35.87,-0.6597407460212708,0.5193363428115845,-2.3687878367184245,-1.167252659797486,0.12892782688138854,-2.527961030911179
35.88,-0.6715852618217468,0.520535409450531,-2.394188479836174,-1.2015908956525831,0.11131167411802459,-2.5499385516321924
35.89,-0.6837725639343262,0.5215625762939453,-2.4197866077510763,-1.2356311082842424,0.09399950504304849,-2.567354862439686
35.9,-0.6962978839874268,0.5224153995513916,-2.4455355770849576,-1.2690901756289146,0.07621645927430716,-2.580169498195131
35.91,-0.7091543674468994,0.5230869054794312,-2.4713899977149687,-1.3019979000089517,0.05801022052763986,-2.588404486737756
35.92,-0.7223378419876099,0.5235756039619446,-2.497303666819721,-1.334643363952428,0.040137767791741774,-2.592020106479337
35.93,-0.7358472347259521,0.5238896608352661,-2.5232303998445635,-1.367199420929227,0.023108720779423542,-2.5909848171454635
35.94,-0.749681830406189,0.524037778377533,-2.54912336316262,-1.399365067481776,0.00605881214141751,-2.585289785069218
35.95,-0.763834536075592,0.5240108370780945,-2.574936195545956,-1.4311403036115316,-0.011017918586729234,-2.5749935596053293
35.96,-0.7783046364784241,0.5238174200057983,-2.6006232343547344,-1.4619916677477884,-0.026965141296392083,-2.560075904432145
35.97,-0.793074369430542,0.5234715342521667,-2.6261377136345887,-1.4883220195773226,-0.042045116424568915,-2.5405920338437085
35.98,-0.8080710768699646,0.5229765176773071,-2.6514350750315985,-1.5128493309018631,-0.05686879158019131,-2.5166226671054233
35.99,-0.823331356048584,0.5223341584205627,-2.676470166976705,-1.5408903360364412,-0.07131993770598251,-2.488207656586072
36.0,-0.8388888835906982,0.5215501189231873,-2.7011992281633277,-1.571378111839607,-0.08496642112733624,-2.4554201939861686
36.01,-0.8547589182853699,0.5206348299980164,-2.7255785708564186,-1.6023784875867246,-0.09742081165312198,-2.4183578787719813
36.02,-0.8709364533424377,0.5196017026901245,-2.749566385738775,-1.6304850578305556,-0.10854899883268566,-2.377147857133638
36.03,-0.8873686194419861,0.5184638500213623,-2.773121527999099,-1.653471589088769,-0.1182675361633536,-2.3318784134856974
36.04,-0.9040058851242065,0.5172363519668579,-2.7962039540084795,-1.6726791858676424,-0.1266479492187752,-2.2826609885894347
36.05,-0.9208222031593323,0.5159308910369873,-2.8187747477708784,-1.6874998807904467,-0.1335859298705846,-2.2296649300755322
36.06,-0.9377558827400208,0.5145646333694458,-2.840797252609997,-1.6916185617444255,-0.13817548751828895,-2.1730287538773196
36.07,-0.9546545743942261,0.5131673812866211,-2.8622353228484316,-1.662585139274928,-0.13701021671297892,-2.1129295344708408
36.08,-0.9710075855255127,0.5118244290351868,-2.8830558432994056,-1.606258749961602,-0.13112127780912258,-2.0495509531503493
36.09,-0.9867797493934631,0.5105449557304382,-2.903226341911445,-1.5458822250363795,-0.12429952621458018,-1.9830701834335338
36.1,-1.0019252300262451,0.5093384385108948,-2.9227172469680824,-1.4832526445391745,-0.11689960956575812,-1.9136844818462373
36.11,-1.0164448022842407,0.5082069635391235,-2.941500031548362,-1.420563459396645,-0.10931491851808815,-1.841611855319225
36.12,-1.0303364992141724,0.5071521401405334,-2.9595494840744596,-1.3580739498136305,-0.10176897048948605,-1.767098393739576
36.13,-1.0436062812805176,0.5061715841293335,-2.976841999423159,-1.296186447143352,-0.09445548057554676,-1.6903755276078924
36.14,-1.0562602281570435,0.5052630305290222,-2.9933569946266227,-1.2349188327791762,-0.08730292320253202,-1.6117001381863991
36.15,-1.0683046579360962,0.5044255256652832,-3.0090760021868808,-1.1742293834688615,-0.08025467395784068,-1.5313079178834004
36.16,-1.079744815826416,0.5036579370498657,-3.0239831529842847,-1.1141121387479949,-0.07352232933043285,-1.4494995798734767
36.17,-1.0905869007110596,0.5029550790786743,-3.038065993784355,-1.054567098617389,-0.0672161579131975,-1.3665777793125362
36.18,-1.100836157798767,0.5023136138916016,-3.0513147085705397,-0.9955704212190701,-0.0612884759903076,-1.2828263058549558
36.19,-1.110498309135437,0.5017293095588684,-3.063722519901449,-0.9371280670164551,-0.05573332309722029,-1.1985677583732937
36.2,-1.1195787191390991,0.501198947429657,-3.0752860637380093,-0.8792459964750823,-0.05049109458922551,-1.1141204155861208
36.21,-1.1280832290649414,0.5007194876670837,-3.0860049282131747,-0.821912288665935,-0.045678019523629695,-1.0298318898082799
36.22,-1.1360169649124146,0.5002853870391846,-3.0958827015341708,-0.7651031017304989,-0.04136562347412932,-0.9460593570166703
36.23,-1.1433852910995483,0.4998921751976013,-3.1049261153535044,-0.7088303565977896,-0.03741234540938746,-0.8631556673074786
36.24,-1.1501935720443726,0.4995371401309967,-3.113145814880323,-0.653100013732808,-0.03368705511092613,-0.7815166921033456
36.25,-1.1564472913742065,0.4992184340953827,-3.1205564491955737,-0.5979180335999724,-0.030151009559637346,-0.7015270054966446
36.26,-1.1621519327163696,0.4989341199398041,-3.127176354990253,-0.543278455734168,-0.02683550119399605,-0.6235779203409033
36.27,-1.1673128604888916,0.4986817240715027,-3.1330280076023937,-0.4891693592070768,-0.023734569549556838,-0.5480880336767444
36.28,-1.1719353199005127,0.49845942854881287,-3.1381381156637898,-0.4355967044831189,-0.020793080329899155,-0.4754995303724976
36.29,-1.1760247945785522,0.4982658624649048,3.140647308969745,-0.3825545310974882,-0.01802146434784294,-0.40624391732294907
36.3,-1.179586410522461,0.4980989992618561,3.1369223131693387,-0.3300309181212863,-0.015416741371152376,-0.3407636189398344
36.31,-1.182625412940979,0.4979575276374817,3.133832036590947,-0.278013944625811,-0.01292973756789959,-0.27953960829525465
36.32,-1.185146689414978,0.49784040451049805,3.1313315210034327,-0.22650957107548453,-0.010584294795992096,-0.22303740330786856
36.33,-1.1871556043624878,0.4977458417415619,3.1293712885247906,-0.17551779747006532,-0.008404254913328765,-0.17175672921118748
36.34,-1.1886570453643799,0.49767231941223145,3.1278963864192084,-0.12502670288083984,-0.006362795829771954,-0.12619189391378763
36.35,-1.189656138420105,0.49761858582496643,3.1268474506465145,-0.07503628730775419,-0.00443607568740933,-0.08686724652597407
36.36,-1.1901577711105347,0.4975835978984833,3.1261590414886893,-0.025540590286259966,-0.002598762512207548,-0.05432313921388514
36.37,-1.19016695022583,0.4975666105747223,3.125760987862237,0.023460388183590083,-0.0008285045623778001,-0.029073785464102005
36.38,-1.1896885633468628,0.4975670278072357,3.125577565779407,0.07197856903075046,0.0008702278137205671,-0.011678935913182316
36.39,-1.1887273788452148,0.4975840151309967,3.1255274091439733,0.12000203132631782,0.0025138258934025996,-0.0026397884014489315
36.4,-1.187288522720337,0.49761730432510376,3.125524770011378,0.16756057739261146,0.004158914089203708,-0.0009082997601163742
36.41,-1.1853761672973633,0.49766719341278076,3.125509243148771,0.21466016769405824,0.005954504013060593,-0.003687494325776398
36.42,-1.182995319366455,0.497736394405365,3.1254510201248626,0.2612531185149738,0.008156895637510932,-0.009285271526081265
36.43,-1.180151104927063,0.497830331325531,3.1253235377182493,0.3060162067413939,0.011031329631807614,-0.017475059480823875
36.44,-1.1768749952316284,0.4979570209980011,3.1251015189352462,0.34214854240412135,0.014774501323697642,-0.028121675628773924
36.45,-1.1733081340789795,0.498125821352005,3.1247611042056738,0.36714673042291623,0.019614398479458603,-0.04106553233475443
36.46,-1.169532060623169,0.49834930896759033,3.124280208288551,0.37931799888618384,0.025652348995213844,-0.056156351783054406
36.47,-1.1657217741012573,0.4986388683319092,3.123637977170013,0.3798127174378197,0.03316551446915333,-0.07326804717932359
36.48,-1.161935806274414,0.49901261925697327,3.122814847344965,0.3720939159392729,0.04244148731231026,-0.0922603258142052
36.49,-1.1582798957824707,0.4994876980781555,3.1217927706537285,0.35645961761469036,0.05372315645217056,-0.11298328792026978
36.5,-1.1548066139221191,0.5000870823860168,3.120555181586559,0.3357768058777523,0.06733536720277218,-0.13530628805631856
36.51,-1.151564359664917,0.5008344054222107,3.1190866448926027,0.30743479728693923,0.08265078067778249,-0.15910268584579956
36.52,-1.1486579179763794,0.5017400979995728,3.1173731278696426,0.2714693546294742,0.09992718696592676,-0.18424060957832783
36.53,-1.1461349725723267,0.5028329491615295,3.1154018327010355,0.23084878921513383,0.11997222900393012,-0.21059293820333308
36.54,-1.1440409421920776,0.5041395425796509,3.113161269105577,0.18700361251834774,0.1417011022568031,-0.23804516260035619
36.55,-1.1423949003219604,0.505666971206665,3.1106409294490294,0.1425325870513693,0.1639515161514026,-0.26648018507411664
36.56,-1.1411902904510498,0.5074185729026794,3.1078316654040936,0.09853839874266038,0.18614232540127706,-0.29576501039167796
36.57,-1.140424132347107,0.5093898177146912,3.104725629241195,0.054901838302623227,0.20795464515690174,-0.325793375124082
36.58,-1.1400922536849976,0.5115776658058167,3.1013157979016133,0.011849403381345804,0.22979378700252756,-0.3564573038615013
36.59,-1.14018714427948,0.5139856934547424,3.0975964831639637,-0.030684471130366296,0.251585245132407,-0.38764551333495034
36.6,-1.140705943107605,0.5166093707084656,3.093562887634913,-0.07277131080628889,0.2732068300247736,-0.4192607951928275
36.61,-1.1416425704956055,0.5194498300552368,3.089211267260109,-0.11411309242250806,0.2951830625534645,-0.45118796113423715
36.62,-1.1429882049560547,0.5225130319595337,3.08453912841223,-0.15459060668942895,0.31769275665278235,-0.4833347322034464
36.63,-1.1447343826293945,0.5258036851882935,3.0795445726160384,-0.19428133964535538,0.3405928611754839,-0.5156045311779904
36.64,-1.1468738317489624,0.5293248891830444,3.0742270377886687,-0.23333430290226811,0.3636628389359244,-0.5478948266769625
36.65,-1.149401068687439,0.5330769419670105,3.0685866760825014,-0.27180314064031286,0.38680136203773563,-0.5801245446035264
36.66,-1.1523098945617676,0.5370609164237976,3.0626245468966005,-0.30966997146601605,0.41002333164208676,-0.6121915081492777
36.67,-1.1555944681167603,0.5412774085998535,3.056342845919514,-0.3469467163085395,0.4333257675170221,-0.6440163077089714
36.68,-1.1592488288879395,0.5457274317741394,3.049744220742419,-0.38365721702583316,0.45668780803689507,-0.6755313926175356
36.69,-1.1632676124572754,0.5504111647605896,3.042832218067166,-0.41991472244256134,0.4799693822859967,-0.7066485781545456
36.7,-1.167647123336792,0.5553268194198608,3.035611249179326,-0.4556894302367452,0.5031853914260078,-0.7372795762759357
36.71,-1.1723814010620117,0.5604748725891113,3.028086626541645,-0.4909515380860352,0.5263745784760568,-0.7673539678931779
36.72,-1.1774661540985107,0.5658543109893799,3.0202641698214654,-0.5258142948151681,0.5494177341462275,-0.7968116429152992
36.73,-1.182897686958313,0.5714632272720337,3.012150393683342,-0.5602598190306741,0.572314858436495,-0.8255718322218761
36.74,-1.188671350479126,0.5773006081581116,3.0037527331770253,-0.5943715572356248,0.5949735641478562,-0.8535672543949822
36.75,-1.1947851181030273,0.5833626985549927,2.9950790485954397,-0.6281256675721465,0.6174534559251106,-0.8807410426125959
36.76,-1.2012338638305664,0.5896496772766113,2.986137912324777,-0.6613790988921086,0.6399154663084937,-0.9070296647065405
36.77,-1.2080127000808716,0.5961610078811646,2.976938455301306,-0.6941497325896132,0.6623506546019472,-0.9323798773423916
36.78,-1.2151168584823608,0.6028966903686523,2.967490314777926,-0.7264435291291729,0.684785842895644,-0.9567437237371428
36.79,-1.2225415706634521,0.6098567247390747,2.957803580826567,-0.7583320140840132,0.7071167230607486,-0.9800592419687288
36.8,-1.230283498764038,0.6170390248298645,2.9478891299385555,-0.7898867130278306,0.7292479276655964,-1.0022729635016145
36.81,-1.2383393049240112,0.6244416832923889,2.9377581215565316,-0.8211970329283385,0.7510632276533861,-1.023350680085584
36.82,-1.2467074394226074,0.6320602893829346,2.9274221163368406,-0.8522510528566148,0.7725775241853343,-1.0432406309871378
36.83,-1.2553843259811401,0.6398932337760925,2.916893308936793,-0.8830130100248864,0.7938474416731547,-1.061908828685521
36.84,-1.264367699623108,0.6479372382164001,2.906183939763127,-0.9134531021116736,0.8149415254591622,-1.0793154119358972
36.85,-1.2736533880233765,0.6561920642852783,2.8953070006980717,-0.9435236454011887,0.8359193801881546,-1.095418918437603
36.86,-1.283238172531128,0.6646556258201599,2.884275561394379,-0.9732246398927717,0.856760144233874,-1.1102181147716539
36.87,-1.293117880821228,0.6733272671699524,2.873102638402643,-1.002544164657436,0.8775174617765962,-1.1236400016168677
36.88,-1.3032890558242798,0.6822059750556946,2.8618027613620383,-1.031464338302451,0.8982121944426086,-1.1356470892522676
36.89,-1.3137471675872803,0.6912915110588074,2.850389696617594,-1.0599613189699375,0.9188830852510373,-1.1462815821455201
36.9,-1.3244882822036743,0.7005836367607117,2.8388771297191324,-1.0880708694460173,0.9394973516466103,-1.1554964734321238
36.91,-1.3355085849761963,0.7100814580917358,2.8272797671489562,-1.1158704757688684,0.9599238634107996,-1.1632546991369355
36.92,-1.3468056917190552,0.7197821140289307,2.81561203573639,-1.1434614658353925,0.9800583124159234,-1.1695378617085421
36.93,-1.3583778142929077,0.7296826243400574,2.8038890099147817,-1.1707723140718882,0.9999990463258825,-1.174363688489322
36.94,-1.3702211380004883,0.7397820949554443,2.7921247619666083,-1.1977255344388997,1.0198593139646843,-1.1777042077250657
36.95,-1.3823323249816895,0.7500798106193542,2.7803349257602767,-1.2243926525114053,1.0395497083662315,-1.17954934769539
36.96,-1.3947089910507202,0.7605730891227722,2.768533775012697,-1.250845193863164,1.0589778423311433,-1.1799172868297696
36.97,-1.4073492288589478,0.7712593674659729,2.756736580023686,-1.2770235538485206,1.0782271623613595,-1.1787906941815987
36.98,-1.4202494621276855,0.7821376323699951,2.7449579611290695,-1.3028383255002847,1.0974138975141716,-1.1761854374692842
36.99,-1.4334059953689575,0.7932076454162598,2.7332128712742967,-1.3283431529996703,1.116484403610055,-1.1720810390150882
37.0,-1.446816325187683,0.8044673204421997,2.721516340348764,-1.3535976409914803,1.1353522539141052,-1.1664878618286345
37.01,-1.4604779481887817,0.8159146904945374,2.7098831140377286,-1.378536224365019,1.1541217565534694,-1.159439015692639
37.02,-1.4743870496749878,0.8275497555732727,2.6983275600349077,-1.403117179870386,1.1728346347807004,-1.1509465315203893
37.03,-1.4885402917861938,0.839371383190155,2.6868641834073173,-1.4273881912234285,1.1914223432543265,-1.1410024807251777
37.04,-1.5029348134994507,0.8513782024383545,2.6755075104204087,-1.4513552188876178,1.2099176645281338,-1.1296421399307892
37.05,-1.5175673961639404,0.8635697364807129,2.664271340608706,-1.4746189117429336,1.2280166149137484,-1.1168986512044818
37.06,-1.532427191734314,0.8759385347366333,2.6531695373963156,-1.4961242675778912,1.2448281049726448,-1.1027755399785342
37.07,-1.547489881515503,0.8884662985801697,2.642215829809132,-1.516449451446835,1.2608200311663276,-1.0873072093044942
37.08,-1.5627561807632446,0.9011549353599548,2.63142339321023,-1.5319168567655077,1.27299726009349,-1.0705170198228244
37.09,-1.5781282186508179,0.9139262437820435,2.620805489412672,-1.5405535697934603,1.2797355651853468,-1.0524522218834285
37.1,-1.5935672521591187,0.9267496466636658,2.610374348772558,-1.5476703643801908,1.2853652238848383,-1.033163843128221
37.11,-1.6090816259384155,0.9396335482597351,2.6001422125501117,-1.5521824359896887,1.2890547513964357,-1.0126737409652768
37.12,-1.6246109008789062,0.9525307416915894,2.5901208739532566,-1.5490591526029072,1.286649703979291,-0.9910131170861819
37.13,-1.6400628089904785,0.965366542339325,2.580321950208385,-1.5277504920957083,1.269409060478012,-0.9682077007227271
37.14,-1.6551659107208252,0.9779189229011536,2.570756719938799,-1.4920413494113076,1.2404471635820948,-0.9443441781522668
37.15,-1.6699036359786987,0.9901754856109619,2.5614350666453434,-1.4537334442141565,1.2094050645830654,-0.9194697549441964
37.16,-1.6842405796051025,1.00210702419281,2.552367324839919,-1.4083743095395749,1.1725127696989135,-0.8936105291743981
37.17,-1.6980711221694946,1.0136257410049438,2.5435628560618526,-1.3572275638578202,1.130795478820624,-0.866873168215274
37.18,-1.7113851308822632,1.024722933769226,2.5350298614756106,-1.3058245182039951,1.08883976936362,-0.8392597372422488
37.19,-1.7241876125335693,1.035402536392212,2.526777661317011,-1.2549400329587883,1.0472536087034496,-0.8108416100093339
37.2,-1.7364839315414429,1.0456680059432983,2.5188130292754214,-1.2046158313749338,1.0060191154478408,-0.7817464968348119
37.21,-1.7482799291610718,1.0555229187011719,2.5111427313803123,-1.1548459529879007,0.9651482105257048,-0.7519730965367786
37.22,-1.7595808506011963,1.0649709701538086,2.503773567344689,-1.1055886745455081,0.9246528148652963,-0.7215791481062542
37.23,-1.7703917026519775,1.0740159749984741,2.49671114841819,-1.0568261146543758,0.8845508098600913,-0.6906843853699249
37.24,-1.780717372894287,1.0826619863510132,2.489959879637288,-1.0085642337797496,0.8448541164396872,-0.6593650886186433
37.25,-1.7905629873275757,1.0909130573272705,2.483523846645815,-0.9608030319215779,0.8055150508882217,-0.627698857268913
37.26,-1.7999334335327148,1.0987722873687744,2.4774059024919124,-0.9135246276854041,0.7665455341337913,-0.5957486019680448
37.27,-1.8088334798812866,1.1062439680099487,2.4716088746064524,-0.8667349815367298,0.7279515266417319,-0.5635670639072117
37.28,-1.8172681331634521,1.1133313179016113,2.4661345612137664,-0.820434093475505,0.6897091865540923,-0.531296881177096
37.29,-1.8252421617507935,1.1200381517410278,2.4609829369829126,-0.774592161178743,0.6518542766572342,-0.49901498933281263
37.3,-1.832759976387024,1.1263684034347534,2.456154261427112,-0.729227066039925,0.6143629550932878,-0.4668049782740205
37.31,-1.8398267030715942,1.1323254108428955,2.4516468374174307,-0.6843447685240629,0.5771994590758375,-0.434741806548232
37.32,-1.8464468717575073,1.137912392616272,2.447459425296146,-0.6399273872376762,0.5403697490693213,-0.4029355155405281
37.33,-1.8526252508163452,1.1431328058242798,2.4435881271066218,-0.5959808826445602,0.5038857460021186,-0.3715444422333599
37.34,-1.8583664894104004,1.147990107536316,2.4400285364514778,-0.552493333816442,0.46775341033928236,-0.34062991132256754
37.35,-1.8636751174926758,1.152487874031067,2.4367755288801694,-0.5094468593598426,0.4319548606873418,-0.31027045365900685
37.36,-1.8685554265975952,1.156629204750061,2.433823127378299,-0.4668354988099073,0.39649605751045486,-0.2806158210694968
37.37,-1.873011827468872,1.1604177951812744,2.4311632124587805,-0.42467117309563673,0.3613770008086593,-0.25174111845061525
37.38,-1.8770488500595093,1.1638567447662354,2.4287883050092858,-0.38294792175286985,0.3265917301177468,-0.22379292479007662
37.39,-1.8806707859039307,1.1669496297836304,2.4266873539629783,-0.341653823852607,0.2921223640442476,-0.19691746047373926
37.4,-1.88388192653656,1.1696991920471191,2.4248499557998118,-0.3007709980011585,0.257968902587942,-0.1711598970817748
37.41,-1.8866862058639526,1.1721090078353882,2.4232641560213435,-0.2603113651275228,0.2241551876067765,-0.14668829834296665
37.42,-1.8890881538391113,1.1741822957992554,2.421916189832952,-0.22028684616085423,0.19065737724301218,-0.12363677421261275
37.43,-1.8910919427871704,1.175922155380249,2.420791420537091,-0.18064975738528985,0.1574814319610909,-0.10210661292813039
37.44,-1.8927011489868164,1.1773319244384766,2.41987405757439,-0.14141201972959216,0.12463331222532231,-0.08228505919865949
37.45,-1.8939201831817627,1.1784148216247559,2.4191457193531174,-0.10259747505186384,0.09208917617796412,-0.06425143777361136
37.46,-1.894753098487854,1.1791737079620361,2.4185890288189174,-0.06417632102967585,0.0598728656768918,-0.04813366903667474
37.47,-1.895203709602356,1.1796122789382935,2.418183045972384,-0.026124715805058908,0.027978420257573924,-0.03412872465740748
37.48,-1.895275592803955,1.1797332763671875,2.4179064543257693,0.011551380157468897,-0.0036180019378656454,-0.022357037262406957
37.49,-1.8949726819992065,1.1795399188995361,2.417735905227136,0.048851966857902517,-0.03488063812255314,-0.012954905500482035
37.5,-1.8942985534667969,1.1790356636047363,2.4176473562157597,0.08577108383180418,-0.06584525108338712,-0.006062442955602306
37.51,-1.8932572603225708,1.1782230138778687,2.417614656368024,0.12232065200803752,-0.09650588035581988,-0.0018559754445754291
37.52,-1.8918521404266357,1.1771055459976196,2.417610236706868,0.15851259231564904,-0.12685656547544405,-2.0774979891943294e-05
37.53,-1.8900870084762573,1.1756858825683594,2.417614240868426,0.19429326057437948,-0.15695691108706736,0.0014752991855940417
37.54,-1.887966275215149,1.173966407775879,2.41763974269058,0.22963881492619315,-0.18685460090640924,0.004604650003959626
37.55,-1.8854942321777344,1.171948790550232,2.417706333868505,0.26446580886836685,-0.21666288375851106,0.009612983930871895
37.56,-1.8826769590377808,1.169633150100708,2.4178320023691975,0.29770731925959704,-0.24575591087337467,0.016405521588611294
37.57,-1.8795400857925415,1.1670336723327637,2.4180344443002775,0.3264844417572671,-0.2720177173615043,0.02488972000592111
37.58,-1.8761472702026367,1.164192795753479,2.418329796769316,0.34843683242792406,-0.29367804527278124,0.034905868804519055
37.59,-1.872571349143982,1.1611601114273071,2.418732561676368,0.3634035587310223,-0.3106951713561526,0.04631358309891529
37.6,-1.8688791990280151,1.157978892326355,2.4192560684312943,0.3703653812409184,-0.32237768173224185,0.05900137833984084
37.61,-1.865164041519165,1.1547125577926636,2.4199125892431645,0.36784410476691887,-0.3275930881500896,0.07284597325013858
37.62,-1.8615223169326782,1.1514270305633545,2.4207129878962967,0.3518521785735534,-0.3226876258849593,0.08776583971655554
37.63,-1.8581269979476929,1.1482588052749634,2.421667906037496,0.32247304916376796,-0.3076851367949959,0.1036765013189116
37.64,-1.8550728559494019,1.1452733278274536,2.4227865179226753,0.2856373786926838,-0.28813481330877316,0.12041992498643858
37.65,-1.8524142503738403,1.142496109008789,2.4240763045372242,0.24339556694035605,-0.2658963203430705,0.13789188807560826
37.66,-1.8502049446105957,1.1399554014205933,2.425544355684187,0.1980364322662044,-0.24187564849849735,0.15599732329087737
37.67,-1.8484535217285156,1.1376585960388184,2.4271962510030423,0.15275478363034722,-0.21703243255611843,0.1746702193599019
37.68,-1.8471498489379883,1.1356147527694702,2.4290377600713855,0.10818839073183305,-0.19193887710575108,0.19379829760070547
37.69,-1.8462897539138794,1.133819818496704,2.4310722169550556,0.06402134895323706,-0.16717314720151194,0.2132705352873576
37.7,-1.8458694219589233,1.1322712898254395,2.4333031707771333,0.020319223403927486,-0.1425743103027121,0.233037426291002
37.71,-1.8458833694458008,1.1309683322906494,2.4357329654808764,-0.022959709167485038,-0.11824965476992098,0.2529999069985915
37.72,-1.846328616142273,1.1299062967300415,2.438363168917104,-0.0658273696899545,-0.09423494338991133,0.27304693664099594
37.73,-1.8471999168395996,1.1290836334228516,2.441193904213695,-0.1082956790923903,-0.07049441337584347,0.2930847239674281
37.74,-1.848494529724121,1.1284964084625244,2.4442248633964536,-0.15046000480649505,-0.04721879959105707,0.3130806808184293
37.75,-1.85020911693573,1.1281392574310303,2.4474555178300648,-0.19233226776126874,-0.02446174621582518,0.3329426113494845
37.76,-1.8523411750793457,1.128007173538208,2.450883715623442,-0.23394227027889408,-0.0021696090698238796,0.3525856060624947
37.77,-1.8548879623413086,1.1280958652496338,2.4545072299513158,-0.27520060539241303,0.019782781600949057,0.3719834950277696
37.78,-1.8578451871871948,1.128402829170227,2.4583233855239985,-0.31606554985052676,0.041437149047859806,0.3910241915104807
37.79,-1.8612092733383179,1.1289246082305908,2.462327713781524,-0.3566205501557106,0.06269812583924587,0.40965135649012985
37.8,-1.8649775981903076,1.1296567916870117,2.4665164126537995,-0.3968775272368764,0.0835657119750846,0.42783994215667115
37.81,-1.8691468238830566,1.1305959224700928,2.4708845126246586,-0.4367947578429493,0.1040756702422933,0.4454944616415682
37.82,-1.873713493347168,1.131738305091858,2.4754263018866323,-0.4763722419739717,0.12422800064089386,0.46253944029071337
37.83,-1.8786742687225342,1.1330804824829102,2.480135301430471,-0.5155742168425708,0.14416575431821477,0.4789800232879144
37.84,-1.884024977684021,1.1346216201782227,2.485005902352392,-0.5543708801268664,0.1639425754546863,0.49477800150664647
37.85,-1.8897616863250732,1.1363593339920044,2.4900308614606055,-0.5927860736848103,0.18348097801212146,0.5098324782333867
37.86,-1.8958806991577148,1.1382912397384644,2.4952025519170578,-0.630867481231815,0.20275115966800908,0.5240841662607897
37.87,-1.902379035949707,1.1404143571853638,2.500512544785819,-0.6685912609099297,0.22181868553158154,0.53752845674409
37.88,-1.9092525243759155,1.1427276134490967,2.5059531210519412,-0.705921649932751,0.2406775951385122,0.5501504442964739
37.89,-1.9164974689483643,1.1452279090881348,2.5115155536717504,-0.7429480552674818,0.25922656059270294,0.561849207489585
37.9,-1.9241114854812622,1.1479121446609497,2.5171901052017307,-0.7796883583070399,0.2774655818939761,0.5726393870844977
37.91,-1.932091236114502,1.1507772207260132,2.522968341413438,-0.8160769939421332,0.2954423427581325,0.5824990067079239
37.92,-1.9404330253601074,1.1538209915161133,2.528840085335891,-0.8521378040312388,0.313180685043286,0.5913864542323973
37.93,-1.9491339921951294,1.1570408344268799,2.534796070498088,-0.8878171443940975,0.3307938575745287,0.599291362614726
37.94,-1.9581893682479858,1.1604368686676025,2.540825912588183,-0.9230792522428977,0.3483176231383733,0.6061582359693393
37.95,-1.9675955772399902,1.1640071868896484,2.5469192352174765,-0.9580254554747037,0.36559104919427876,0.6119873146669106
37.96,-1.977349877357483,1.1677486896514893,2.5530656588815233,-0.9926915168764182,0.382596254348831,0.6167557425365572
37.97,-1.9874494075775146,1.1716591119766235,2.5592543500682052,-1.0270476341249601,0.3993511199951966,0.6204637994059805
37.98,-1.997890830039978,1.1757357120513916,2.5654749348696404,-1.061069965362383,0.41590332984917816,0.62310071533668
37.99,-2.0086708068847656,1.1799771785736084,2.5717163643749408,-1.0947525501249509,0.4322707653044979,0.6246490516326997
38.0,-2.0197858810424805,1.184381127357483,2.5779679159022963,-1.128160953521953,0.44838786125192026,0.6251435531294058
38.01,-2.0312340259552,1.188944935798645,2.5842192354375264,-1.1612057685850237,0.4644453525542487,0.6245189174546885
38.02,-2.0430099964141846,1.1936700344085693,2.590458294251392,-1.1938214302061123,0.4805147647856915,0.6227969273855963
38.03,-2.055110454559326,1.1985552310943604,2.5966751739852403,-1.2261390686037597,0.49638152122507434,0.6200258295538398
38.04,-2.067532777786255,1.2035976648330688,2.6028588108424664,-1.2581348419191956,0.5120635032654828,0.6161572698030531
38.05,-2.080273151397705,1.208796501159668,2.608998319381299,-1.2898087501523863,0.5276143550871978,0.6112182892747885
38.06,-2.0933289527893066,1.2141499519348145,2.615083176627964,-1.3211369514463267,0.5429983139037237,0.6052591972712515
38.07,-2.1066958904266357,1.2196564674377441,2.621103503326726,-1.3521790504458258,0.5582034587861218,0.5982887257541671
38.08,-2.1203725337982178,1.2253140211105347,2.627048951143045,-1.382958889007352,0.5732476711272297,0.5902709004644812
38.09,-2.134355068206787,1.2311214208602905,2.6329089213360173,-1.4133930206296619,0.5881845951079403,0.5812642663673742
38.1,-2.1486403942108154,1.2370777130126953,2.6386742364703943,-1.4435291290286074,0.603020191192747,0.5712819794171402
38.11,-2.1632256507873535,1.243181824684143,2.644334560924358,-1.4733314514163087,0.6177306175233163,0.5603347934262097
38.12,-2.1781070232391357,1.2494323253631592,2.6498809323389163,-1.5016555786130465,0.6318092346190418,0.5484988383877929
38.13,-2.193258762359619,1.2558180093765259,2.6553045376921154,-1.5252113342282771,0.6437659263609834,0.5357810149259341
38.14,-2.208611249923706,1.2623076438903809,2.6605965526374367,-1.5445470809939597,0.6537973880769123,0.5222102546081171
38.15,-2.224149703979492,1.2688939571380615,2.6657487427842756,-1.5576601028445483,0.660997629165781,0.5078293939528533
38.16,-2.239764451980591,1.2755275964736938,2.6707531405164917,-1.559579372405762,0.6632030010222352,0.4926965125472978
38.17,-2.2553412914276123,1.2821580171585083,2.675602673035223,-1.5549540519711924,0.6624758243559755,0.4768483921839071
38.18,-2.2708635330200195,1.2887771129608154,2.6802901083601713,-1.5503287315371737,0.661671161651743,0.46030802337746757
38.19,-2.2863478660583496,1.2953914403915405,2.6848088335027707,-1.5378713607785681,0.6573259830473825,0.44315053245964364
38.2,-2.3016209602355957,1.3019236326217651,2.6891531190093656,-1.5002965927121679,0.6417334079741428,0.42542285034947736
38.21,-2.3163537979125977,1.3082261085510254,2.6933172905097615,-1.4437556266787541,0.6176233291627206,0.40718294687355544
38.22,-2.330496072769165,1.314276099205017,2.697296777946835,-1.3847708702090158,0.5923509597779498,0.3884827095789296
38.23,-2.3440492153167725,1.320073127746582,2.7010869447013386,-1.3261795043943239,0.5671620368956632,0.3693843849544942
38.24,-2.3570196628570557,1.3256193399429321,2.704684465645926,-1.2681841850278779,0.5421757698058235,0.34995327080605904
38.25,-2.369412899017334,1.3309166431427002,2.708086010117461,-1.2107610702517058,0.5174160003663139,0.33026054510656344
38.26,-2.381234884262085,1.3359676599502563,2.711289676548056,-1.153922080993472,0.4929304122924034,0.3103902650283
38.27,-2.392491340637207,1.3407752513885498,2.714293815418028,-1.0976433753965569,0.4687190055846435,0.29037357679926223
38.28,-2.4031877517700195,1.3453420400619507,2.7170971480840422,-1.0419249534609007,0.44475793838509825,0.2703087881186766
38.29,-2.413329839706421,1.34967041015625,2.7196999911804003,-0.9867548942567881,0.4210412502289656,0.2502855042458006
38.3,-2.4229228496551514,1.3537628650665283,2.7221028581689573,-0.932109355926368,0.39758682250970345,0.23035605266329148
38.31,-2.431972026824951,1.3576221466064453,2.724307112233667,-0.8779764175413667,0.374454259872378,0.21062250886628758
38.32,-2.4404823780059814,1.361251950263977,2.7263153083462837,-0.8243560791017265,0.3516316413880094,0.1911944998729645
38.33,-2.4484591484069824,1.364654779434204,2.7281310022311254,-0.7712483406065689,0.3290355205535374,0.172139576807768
38.34,-2.4559073448181152,1.3678326606750488,2.7297580998824396,-0.7186532020567724,0.3067135810851571,0.15353341362567094
38.35,-2.46283221244812,1.3707890510559082,2.7312016705036393,-0.6665825843812362,0.2846658229828447,0.13548526342826359
38.36,-2.4692389965057373,1.3735259771347046,2.7324678051510043,-0.6150126457215579,0.26285648345952495,0.1181119798402865
38.37,-2.475132465362549,1.3760461807250977,2.7335639101004445,-0.5639195442198826,0.2413034439086537,0.10149836110147716
38.38,-2.4805173873901367,1.3783520460128784,2.734497772373034,-0.5133271217345389,0.21998882293697733,0.08572633268216548
38.39,-2.485399007797241,1.380445957183838,2.735278436754088,-0.46325922012338316,0.1989006996155181,0.07092826505895901
38.4,-2.4897825717926025,1.382330060005188,2.735916337674213,-0.41366815567024834,0.17805695533755983,0.057217405965193376
38.41,-2.4936723709106445,1.3840070962905884,2.7364227848733917,-0.36454200744623205,0.15745162963864726,0.04468857603063115
38.42,-2.4970734119415283,1.3854790925979614,2.736810109194826,-0.315916538238476,0.13705492019651178,0.03347029986586235
38.43,-2.499990701675415,1.386748194694519,2.737092190870709,-0.26781558990483845,0.11686682701113164,0.023681538010405227
38.44,-2.502429723739624,1.3878164291381836,2.737283739955034,-0.22014379501339332,0.09688138961790478,0.015441835670857247
38.45,-2.5043935775756836,1.3886858224868774,2.7374010275841263,-0.1729011535644261,0.07709860801695573,0.008852134131885629
38.46,-2.505887746810913,1.389358401298523,2.7374607826376716,-0.12618303298952704,0.057512521743785856,0.004048821929370756
38.47,-2.5069172382354736,1.389836072921753,2.7374820040227137,-0.07991790771485965,0.03811717033386989,0.0011829718739699978
38.48,-2.50748610496521,1.3901207447052002,2.737484442075151,-0.03410577774047319,0.01891255378722849,0.00012190262186349314
38.49,-2.507599353790283,1.3902143239974976,2.737484442075151,0.011241436004636915,-8.344650268553384e-05,0.0
38.5,-2.507261276245117,1.3901190757751465,2.737484442075151,0.05614757537842914,-0.018852949142459805,0.0
38.51,-2.506476402282715,1.3898372650146484,2.737484442075151,0.1006364822387538,-0.037389993667596697,0.0
38.52,-2.505248546600342,1.3893712759017944,2.737484442075151,0.14469623565671566,-0.05570054054259383,0.0
38.53,-2.50358247756958,1.3887232542037964,2.737484442075151,0.18830299377445153,-0.07379651069642582,0.0
38.54,-2.5014824867248535,1.3878953456878662,2.737484442075151,0.23148059844975308,-0.09171962738038934,0.0
38.55,-2.498952865600586,1.386888861656189,2.737484442075151,0.2739787101745177,-0.10936260223386962,0.0
38.56,-2.4960029125213623,1.3857080936431885,2.737484442075151,0.3136277198791014,-0.12578368186948718,0.0
38.57,-2.492680311203003,1.3843731880187988,2.737484442075151,0.3482103347779013,-0.14008879661562845,0.0
38.58,-2.4890387058258057,1.3829063177108765,2.737484442075151,0.37610530853265606,-0.15160441398618235,0.0
38.59,-2.4851582050323486,1.3813410997390747,2.737484442075151,0.39489269256585624,-0.15930533409116163,0.0
38.6,-2.4811408519744873,1.3797202110290527,2.737484442075151,0.4049897193909497,-0.16343593597415362,0.0
38.61,-2.4770584106445312,1.3780723810195923,2.737484442075151,0.40900707244881185,-0.1650631427765221,0.0
38.62,-2.4729607105255127,1.376418948173523,2.737484442075151,0.4101395606993988,-0.16545653343198097,0.0
38.63,-2.468855619430542,1.3747632503509521,2.737484442075151,0.4101872444152191,-0.16540884971616066,0.0
38.64,-2.464756965637207,1.3731107711791992,2.737484442075151,0.40490627288826414,-0.163197517395052,0.0
38.65,-2.4607574939727783,1.3714993000030518,2.737484442075151,0.39150714874275366,-0.15767812728884972,0.0
38.66,-2.4569268226623535,1.3699572086334229,2.737484442075151,0.37243366241449255,-0.14986395835874122,0.0
38.67,-2.4533088207244873,1.3685020208358765,2.737484442075151,0.35073757171625375,-0.14098882675168695,0.0
38.68,-2.4499120712280273,1.3671374320983887,2.737484442075151,0.3278493881226238,-0.1316368579864764,0.0
38.69,-2.446751832962036,1.3658692836761475,2.737484442075151,0.3037929534911635,-0.12185573577878954,0.0
38.7,-2.443836212158203,1.3647003173828125,2.737484442075151,0.27909278869624543,-0.1118600368499581,0.0
38.71,-2.4411699771881104,1.363632082939148,2.737484442075151,0.2540946006775408,-0.10175704956056712,0.0
38.72,-2.4387543201446533,1.3626651763916016,2.737484442075151,0.22906064987187175,-0.09164214134218132,0.0
38.73,-2.436588764190674,1.3617992401123047,2.737484442075151,0.2044439315795579,-0.08169412612913762,0.0
38.74,-2.4346654415130615,1.3610312938690186,2.737484442075151,0.18110275268551856,-0.07225871086119476,0.0
38.75,-2.432966709136963,1.3603540658950806,2.737484442075151,0.15939474105838133,-0.06347894668580364,0.0
38.76,-2.4314775466918945,1.3597617149353027,2.737484442075151,0.13961791992185318,-0.05548000335692492,0.0
38.77,-2.4301743507385254,1.359244465827942,2.737484442075151,0.12239217758176797,-0.048518180847160385,0.0
38.78,-2.429029703140259,1.3587913513183594,2.737484442075151,0.10756254196169132,-0.04249215126038443,0.0
38.79,-2.428023099899292,1.3583946228027344,2.737484442075151,0.09484291076662044,-0.037318468093879495,0.0
38.8,-2.4271328449249268,1.358044981956482,2.737484442075151,0.08387565612791657,-0.032889842987055405,0.0
38.81,-2.4263455867767334,1.3577368259429932,2.737484442075151,0.07405281066893374,-0.028944015502925163,0.0
38.82,-2.425651788711548,1.3574661016464233,2.737484442075151,0.06548166275025717,-0.025522708892827345,0.0
38.83,-2.4250359535217285,1.3572263717651367,2.737484442075151,0.057804584503164794,-0.02247691154479629,0.0
38.84,-2.4244956970214844,1.3570165634155273,2.737484442075151,0.05050897598265812,-0.0195860862731903,0.0
38.85,-2.424025774002075,1.3568346500396729,2.737484442075151,0.04386901855469623,-0.016963481903079548,0.0
38.86,-2.4236183166503906,1.3566772937774658,2.737484442075151,0.03787279129029074,-0.014603137969973609,0.0
38.87,-2.4232683181762695,1.3565425872802734,2.737484442075151,0.032341480255121895,-0.012433528900144541,0.0
38.88,-2.422971487045288,1.356428623199463,2.737484442075151,0.027596950531001547,-0.010609626770017873,0.0
38.89,-2.4227163791656494,1.356330394744873,2.737484442075151,0.024163722991948168,-0.009340047836305569,0.0
38.9,-2.422488212585449,1.3562418222427368,2.737484442075151,0.02162456512451602,-0.008475780487062233,0.0
38.91,-2.422283887863159,1.3561608791351318,2.737484442075151,0.01941919326781923,-0.007766485214232184,0.0
38.92,-2.4220998287200928,1.3560864925384521,2.737484442075151,0.017619132995602714,-0.007247924804686367,0.0
38.93,-2.421931505203247,1.356015920639038,2.737484442075151,0.01630783081055012,-0.00695586204528947,0.0
38.94,-2.421773672103882,1.3559473752975464,2.737484442075151,0.015377998352048377,-0.00682473182678116,0.0
38.95,-2.421623945236206,1.3558794260025024,2.737484442075151,0.014662742614743802,-0.006771087646483317,0.0
38.96,-2.421480417251587,1.3558119535446167,2.737484442075151,0.014054775238039906,-0.006711483001710319,0.0
38.97,-2.4213428497314453,1.3557451963424683,2.737484442075151,0.013518333435061283,-0.006633996963502297,0.0
38.98,-2.4212100505828857,1.3556792736053467,2.737484442075151,0.01304149627685343,-0.006532669067381792,0.0
38.99,-2.421082019805908,1.3556145429611206,2.737484442075151,0.01256465911865038,-0.006413459777831029,0.0
39.0,-2.4209587574005127,1.35555100440979,2.737484442075151,0.012052059173586382,-0.00625252723693972,0.0
39.01,-2.4208409786224365,1.3554894924163818,2.737484442075151,0.011515617370603668,-0.006061792373656279,0.0
39.02,-2.4207284450531006,1.355429768562317,2.737484442075151,0.010979175567625237,-0.0058591365814199825,0.0
39.03,-2.420621395111084,1.3553723096847534,2.737484442075151,0.010418891906740354,-0.005626678466797995,0.0
39.04,-2.420520067214966,1.355317234992981,2.737484442075151,0.00984668731689649,-0.0053882598876963846,0.0
39.05,-2.420424461364746,1.3552645444869995,2.737484442075151,0.009286403656004407,-0.005155801773070483,0.0
39.06,-2.4203343391418457,1.3552141189575195,2.737484442075151,0.004947185516356648,-0.0027656555175776926,0.0
39.07,-2.420325517654419,1.355209231376648,2.737484442075151,0.0004410743713379784,-0.0002443790435791502,0.0
39.08,-2.420325517654419,1.355209231376648,2.737484442075151,0.0,0.0,0.0
39.09,-2.420325517654419,1.355209231376648,2.737484442075151,0.0,0.0,0.0
39.1,-2.420325517654419,1.355209231376648,2.737484442075151,0.0,0.0,0.0
39.11,-2.420325517654419,1.355209231376648,2.737484442075151,0.0,0.0,0.0
39.12,-2.420325517654419,1.355209231376648,2.737484442075151,0.0,0.0,0.0
39.13,-2.420325517654419,1.355209231376648,2.737484442075151,0.0,0.0,0.0
39.14,-2.420325517654419,1.355209231376648,2.737484442075151,0.0,0.0,0.0
39.15,-2.420325517654419,1.355209231376648,2.737484442075151,0.0,0.0,0.0
39.16,-2.420325517654419,1.355209231376648,2.737484442075151,0.0,0.0,0.0
39.17,-2.420325517654419,1.355209231376648,2.737484442075151,0.0,0.0,0.0
39.18,-2.420325517654419,1.355209231376648,2.737484442075151,0.0,0.0,0.0
39.19,-2.420325517654419,1.355209231376648,2.737484442075151,0.0,0.0,0.0
39.2,-2.420325517654419,1.355209231376648,2.737484442075151,0.0,0.0,0.0
39.21,-2.420325517654419,1.355209231376648,2.737484442075151,0.0,0.0,0.0
39.22,-2.420325517654419,1.355209231376648,2.737484442075151,0.0,0.0,0.0
39.23,-2.420325517654419,1.355209231376648,2.737484442075151,0.0,0.0,0.0
39.24,-2.420325517654419,1.355209231376648,2.737484442075151,0.0,0.0,0.0
39.25,-2.420325517654419,1.355209231376648,2.737484442075151,0.0,0.0,0.0
39.26,-2.420325517654419,1.355209231376648,2.737484442075151,0.0,0.0,0.0
39.27,-2.420325517654419,1.355209231376648,2.737484442075151,0.0,0.0,0.0
39.28,-2.420325517654419,1.355209231376648,2.737484442075151,0.0,0.0,0.0
39.29,-2.420325517654419,1.355209231376648,2.737484442075151,0.0,0.0,0.0
39.3,-2.420325517654419,1.355209231376648,2.737484442075151,0.0,0.0,0.0
39.31,-2.420325517654419,1.355209231376648,2.737484442075151,0.00011920928955076262,-0.00011920928955076262,0.00037958937186826806
39.32,-2.420323133468628,1.355206847190857,2.7374920338625883,0.0005960464477540249,-0.0005841255187989444,0.003969788654601638
39.33,-2.420313596725464,1.355197548866272,2.737563837848243,0.0014424324035642276,-0.0015199184417722233,0.013987657439249492
39.34,-2.4202942848205566,1.3551764488220215,2.7377717870113734,0.0027060508728023115,-0.0031173229217524422,0.03104196673282059
39.35,-2.420259475708008,1.355135202407837,2.7381846771828995,0.004613399505616152,-0.005728006362916179,0.05479966803146865
39.36,-2.4202020168304443,1.3550618886947632,2.7388677803720025,0.007379055023194828,-0.009685754776002904,0.08490024570534961
39.37,-2.420111894607544,1.354941487312317,2.739882682097006,0.011241436004636915,-0.015300512313840381,0.12099149249105486
39.38,-2.4199771881103516,1.3547558784484863,2.741287610221824,0.016391277313229858,-0.022888183593746423,0.1627307919123545
39.39,-2.4197840690612793,1.354483723640442,2.7431372979352537,0.022947788238529956,-0.03268718719483072,0.20980276436306244
39.4,-2.419518232345581,1.3541021347045898,2.7454836655090844,0.03103017807007453,-0.04492402076722085,0.2618945370708247
39.41,-2.419163465499878,1.3535852432250977,2.748375188676669,0.04054307937621437,-0.05950331687926316,0.318646585278687
39.42,-2.4187073707580566,1.3529120683670044,2.751856597214659,0.051343441009513456,-0.07623434066771269,0.3797691668086706
39.43,-2.4181365966796875,1.3520605564117432,2.755970572012844,0.06349086761475872,-0.0951349735260199,0.4449678418592559
39.44,-2.4174375534057617,1.3510093688964844,2.7607559540518425,0.07693767547606219,-0.11610388755796525,0.513902250600093
39.45,-2.416597843170166,1.3497384786605835,2.7662486170248473,0.09238719940184102,-0.14020800590512944,0.5862836927147591
39.46,-2.4155898094177246,1.3482052087783813,2.7724816279061395,0.11047124862673097,-0.16844868659976495,0.6618266905626042
39.47,-2.414388418197632,1.3463695049285889,2.7794851508360967,0.13082027435305338,-0.2002060413360994,0.7402741922022978
39.48,-2.412973403930664,1.3442010879516602,2.7872871117501825,0.15234947204587462,-0.23378133773800056,0.8213160732275786
39.49,-2.411341428756714,1.3416938781738281,2.795911472300651,0.17429590225217,-0.2679586410522042,0.9046765843739342
39.5,-2.40948748588562,1.3388419151306152,2.805380643437664,0.1972436904907619,-0.3036379814148553,0.9901037202653755
39.51,-2.4073965549468994,1.3356211185455322,2.8157135467059544,0.22127628326412557,-0.3409862518310014,1.077325553982687
39.52,-2.405061960220337,1.3320221900939941,2.826927154517321,0.24547576904293036,-0.3786087036132221,1.1660959490024279
39.53,-2.40248703956604,1.3280489444732666,2.8390354656860066,0.26941299438481925,-0.41586756706246064,1.2561610122358071
39.54,-2.3996737003326416,1.3237048387527466,2.8520503747620323,0.2931475639343845,-0.45275092124947974,1.3472727967259528
39.55,-2.3966240882873535,1.3189939260482788,2.8659809216205203,0.3166556358336907,-0.48924684524528483,1.4391924497087343
39.56,-2.393340587615967,1.3139199018478394,2.8808342237562115,0.33994913101190977,-0.525379180908121,1.531715603991684
39.57,-2.3898251056671143,1.3084863424301147,2.896615233700359,0.3630161285401113,-0.5611419677735492,1.624588173561782
39.58,-2.386080265045166,1.3026970624923706,2.9133259872274406,0.38582086563104323,-0.5965471267699263,1.7175854388971714
39.59,-2.382108688354492,1.2965553998947144,2.9309669424783076,0.40838718414300257,-0.6316244602202382,1.8105025787114093
39.6,-2.3779125213623047,1.2900645732879639,2.9495360388016745,0.4307508468628787,-0.6663441658021345,1.9031337937233561
39.61,-2.3734936714172363,1.2832285165786743,2.969029618352767,0.4528999328614182,-0.7007062435151541,1.9952744921115624
39.62,-2.368854522705078,1.2760504484176636,2.989441528643898,0.4748225212096426,-0.7347285747526928,2.086722629602351
39.63,-2.363997220993042,1.2685339450836182,3.0107640709448207,0.49648284912101615,-0.7684171199797383,2.177306684797135
39.64,-2.3589248657226562,1.2606821060180664,3.0329876623398473,0.5179643630982476,-0.801765918731849,2.2668190402226855
39.65,-2.353637933731079,1.2524986267089844,3.0561004517492654,0.5392789840699315,-0.8347749710084669,2.355087007280978
39.66,-2.3481392860412598,1.2439866065979004,3.0800894024854575,0.5603671073912698,-0.8674561977385119,2.4419458440358044
39.67,-2.342430591583252,1.2351495027542114,3.104939368629989,0.5812525749205635,-0.8998095989225888,2.5272300415417437
39.68,-2.3365142345428467,1.2259904146194458,3.1306340033163003,0.6019234657288796,-0.9318351745607323,2.610768936158956
39.69,-2.3303921222686768,1.2165127992630005,-3.126030559826428,0.6223797798155766,-0.963532924651949,2.692404938266547
39.7,-2.324066638946533,1.2067197561264038,-3.0987032050979466,0.6426453590392062,-0.9949147701261872,2.7720003977195535
39.71,-2.3175392150878906,1.1966145038604736,-3.0705905518720282,0.6627202033997901,-1.0259926319124355,2.849412567615451
39.72,-2.31081223487854,1.1861999034881592,-3.041714953745649,0.6825923919679092,-1.0567545890810208,2.9244920112014228
39.73,-2.303887367248535,1.1754794120788574,-3.0121007116480114,0.7022738456724976,-1.0872066020963878,2.9971067458381273
39.74,-2.296766757965088,1.164455771446228,-2.981772818828877,0.7217526435850923,-1.1173784732816856,3.0671512301320236
39.75,-2.289452314376831,1.1531318426132202,-2.9507576870453613,0.7409930229188486,-1.1472404003145593,3.1344907380647786
39.76,-2.281946897506714,1.1415109634399414,-2.919083004067594,0.7600545883177523,-1.1768102645872185,3.1989958002542336
39.77,-2.2742512226104736,1.1295956373214722,-2.8867777710402667,0.7789492607115481,-1.2060940265653632,3.260573105534604
39.78,-2.2663679122924805,1.1173890829086304,-2.8538715419568916,0.797629356384436,-1.23507976532007,3.3191208478215937
39.79,-2.258298635482788,1.1048940420150757,-2.820395354083848,0.8161425590516761,-1.2637734413149486,3.3745322316789004
39.8,-2.25004506111145,1.0921136140823364,-2.786380897323327,0.8344888687132485,-1.2921631336210138,3.4267604252833124
39.81,-2.2416088581085205,1.0790507793426514,-2.751860145578171,0.8526802062986948,-1.3202488422391736,3.4757142233638247
39.82,-2.2329914569854736,1.0657086372375488,-2.7168666128560397,0.8707404136659447,-1.3480424880984128,3.5212618603978187
39.83,-2.224194049835205,1.0520899295806885,-2.6814349083702287,0.8886218070982498,-1.3755500316617724,3.5633521697851815
39.84,-2.215219020843506,1.038197636604309,-2.645599569460325,0.9062767028807177,-1.402795314788599,3.601924708065499
39.85,-2.206068515777588,1.024034023284912,-2.6093964142089074,0.9237170219423224,-1.4298081398013098,3.636925994983455
39.86,-2.196744680404663,1.0096014738082886,-2.5728610495606703,0.9410023689271891,-1.4565408229830779,3.668324249429175
39.87,-2.187248468399048,0.9949032068252563,-2.5360299292203385,0.958216190337985,-1.4829307794568605,3.6960081230096526
39.88,-2.1775803565979004,0.9799428582191467,-2.4989408871004657,0.9753227233885194,-1.5090256929395225,3.7199461289357543
39.89,-2.1677420139312744,0.9647226929664612,-2.461631006641612,0.9922981262209005,-1.5348672866824342,3.7401726758588776
39.9,-2.1577343940734863,0.9492455124855042,-2.424137433583303,1.009106636047564,-1.5604436397555594,3.7566150624676644
39.91,-2.147559881210327,0.9335138201713562,-2.3864987053922735,1.0256648063658065,-1.5857636928555872,3.76918922593431
39.92,-2.137221097946167,0.9175302386283875,-2.348753649064605,1.0420560836790362,-1.6108453273770675,3.777938842027959
39.93,-2.126718759536743,0.9012969136238098,-2.3109399285517025,1.0583400726320464,-1.6356736421588338,3.782878873889992
39.94,-2.1160542964935303,0.8848167657852173,-2.2730960715868203,1.0738611221311798,-1.6593396663663178,3.783904925946654
39.95,-2.105241537094116,0.8681101202964783,-2.2352618300327576,1.087653636932203,-1.680409908294415,3.78110091342104
39.96,-2.094301223754883,0.8512085676193237,-2.1974740533183876,1.0991811752321523,-1.6979396343234578,3.77450808248649
39.97,-2.0832579135894775,0.8341513276100159,-2.159771668383043,1.1084079742433846,-1.711785793304784,3.7639938521372756
39.98,-2.0721330642700195,0.8169728517532349,-2.122194176275657,1.115143299102609,-1.721811294555395,3.7496343113605635
39.99,-2.060955047607422,0.7997151017189026,-2.08477898215582,1.1178493499754112,-1.7257362604138538,3.7315022464118717
40.0,-2.049776077270508,0.7824581265449524,-2.047564131347408,1.1116027832033462,-1.7159521579745844,3.7095910650973227
40.01,-2.0387229919433594,0.7653960585594177,-2.010587160853888,1.1005043983457752,-1.6988068819043365,3.6839509624099667
40.02,-2.027765989303589,0.7484819889068604,-1.9738851120991971,1.0914921760557377,-1.6848415136334647,3.6546214532127426
40.03,-2.016893148422241,0.7316992282867432,-1.9374947317896218,1.0786294937135934,-1.664853096008632,3.621646955944123
40.04,-2.0061933994293213,0.7151849269866943,-1.901452172980329,1.061290502548429,-1.63788795471224,3.5849885031045607
40.05,-1.9956673383712769,0.6989414691925049,-1.8657949617275447,1.0449588298795973,-1.6123443841931684,3.5447998070714757
40.06,-1.985294222831726,0.6829380393028259,-1.8305561768388883,1.0295867919920265,-1.5882074832913777,3.501153026437506
40.07,-1.975075602531433,0.6671773195266724,-1.7957719011987836,1.0143220424654118,-1.5642136335376038,3.454038624922283
40.08,-1.9650077819824219,0.6516537666320801,-1.7614754043404564,0.9977757930754055,-1.5381872653958777,3.403646890806745
40.09,-1.9551200866699219,0.63641357421875,-1.7276989633826383,0.979405641555633,-1.5092968940732503,3.350014398676669
40.1,-1.9454196691513062,0.6214678287506104,-1.6944751163669123,0.9619534015657432,-1.481807231903371,3.2931401558990436
40.11,-1.9358810186386108,0.6067774295806885,-1.6618361602646705,0.947201251983831,-1.458472013473801,3.233179927905926
40.12,-1.9264756441116333,0.5922983884811401,-1.6298115178088064,0.93476772308335,-1.4387160539624826,3.1702816125516993
40.13,-1.917185664176941,0.5780031085014343,-1.5984305280136264,0.9178638458250519,-1.4120340347287832,3.1044801599202674
40.14,-1.9081183671951294,0.5640577077865601,-1.5677219146103911,0.894707441330134,-1.3756841421130057,3.0359243768007405
40.15,-1.8992915153503418,0.5504894256591797,-1.5377120404776237,0.8703052997590843,-1.337522268295554,2.96471151798713
40.16,-1.8907122611999512,0.5373072624206543,-1.5084276842506603,0.8433640003203028,-1.2956142425535084,2.8909453076771205
40.17,-1.882424235343933,0.5245771408081055,-1.479893134324072,0.813007354736201,-1.2485980987546876,2.814798759366903
40.18,-1.8744521141052246,0.5123353004455566,-1.4521317090633135,0.7811367511750822,-1.199415326118708,2.736406170930306
40.19,-1.8668015003204346,0.5005888342857361,-1.4251650109054768,0.7492542266844532,-1.150268316268741,2.655931995381551
40.2,-1.8594670295715332,0.4893299341201782,-1.3990130691556744,0.7166445255278421,-1.099902391433544,2.5734122072266414
40.21,-1.8524686098098755,0.47859078645706177,-1.373696766760936,0.6834208965302874,-1.0486155748369397,2.4890143519855257
40.22,-1.8457986116409302,0.4683576226234436,-1.3492327821159737,0.6509184837342603,-0.9984701871873934,2.4029946478810413
40.23,-1.8394502401351929,0.45862138271331787,-1.3256368738033248,0.61861872673025,-0.948415696620793,2.3155111741776246
40.24,-1.8334262371063232,0.4493893086910248,-1.302922558632414,0.5866110324858702,-0.898562371730664,2.226662457012603
40.25,-1.8277180194854736,0.4406501352787018,-1.2811036246630656,0.5553841590882452,-0.8498549461366437,2.136625180953214
40.26,-1.8223185539245605,0.4323922097682953,-1.260190055013358,0.5248725414275303,-0.8025959134100613,2.045631332970368
40.27,-1.8172205686569214,0.42459821701049805,-1.2401909980036516,0.49505829811088453,-0.7567152380942116,1.9538606532507883
40.28,-1.8124173879623413,0.4172579050064087,-1.2211128419483361,0.4658102989197704,-0.7116585969926342,1.8614469665078222
40.29,-1.8079043626785278,0.4103650450706482,-1.2029620586735026,0.43723583221444245,-0.6676509976388352,1.7686400093305876
40.3,-1.8036726713180542,0.40390488505363464,-1.1857400417617314,0.4094421863555268,-0.624896585941217,1.675698665009544
40.31,-1.799715518951416,0.3978671133518219,-1.1694480853733067,0.3820061683654188,-0.58266520500174,1.582748176845047
40.32,-1.7960325479507446,0.392251580953598,-1.1540850782248253,0.3545105457306614,-0.5404084920884253,1.4900492476230898
40.33,-1.7926253080368042,0.38705894351005554,-1.1396471004208508,0.3268957138061012,-0.4982322454451736,1.3977339281048975
40.34,-1.7894946336746216,0.382286936044693,-1.126130399662723,0.2992868423461446,-0.45622140169136544,1.3060978119200775
40.35,-1.7866395711898804,0.3779345154762268,-1.1135251441824454,0.27164816856389684,-0.41413307189949644,1.2154321670908328
40.36,-1.7840616703033447,0.3740042746067047,-1.1018217563209112,0.2450346946716796,-0.37370920181281847,1.125912334608283
40.37,-1.7817388772964478,0.3704603314399719,-1.0910068974902842,0.21958351135250473,-0.335183739662118,1.0378102774142015
40.38,-1.779670000076294,0.3673005998134613,-1.0810655507726237,0.19391775131222555,-0.29633939266200204,0.9513697305186875
40.39,-1.7778605222702026,0.36453354358673096,-1.0719795028799077,0.1677453517914152,-0.2566486597061668,0.866818382679985
40.4,-1.7763150930404663,0.362167626619339,-1.0637291831190274,0.14110803604128783,-0.2161562442779971,0.7844429076239618
40.41,-1.7750383615493774,0.3602104187011719,-1.0562906447274314,0.1142680644988835,-0.17539262771603703,0.7045720143596288
40.42,-1.7740297317504883,0.3586597740650177,-1.0496377428318329,0.08711218833921978,-0.1341700553893833,0.6274065749137933
40.43,-1.7732961177825928,0.3575270175933838,-1.0437425132291533,0.059598684310924945,-0.09233653545381476,0.5532331838961725
40.44,-1.77283775806427,0.3568130433559418,-1.0385730791539116,0.03284811973571264,-0.05163997411727098,0.4823973468614985
40.45,-1.7726391553878784,0.3564942181110382,-1.0340945662919219,0.008970499038694887,-0.015242397785184384,0.4151225077982285
40.46,-1.772658348083496,0.35650819540023804,-1.0302706289979457,-0.013142824172976247,0.018577277660373568,0.35173338401881865
40.47,-1.772902011871338,0.3568657636642456,-1.027059898611547,-0.03607869148255112,0.053699314594279485,0.29256014598894314
40.48,-1.773379921913147,0.3575821816921234,-1.0244194260781678,-0.05967020988463423,0.08983910083769348,0.23784451511890847
40.49,-1.7740954160690308,0.35866254568099976,-1.0223030083091678,-0.08309483528135908,0.12575089931486072,0.18797776216058884
40.5,-1.7750418186187744,0.360097199678421,-1.0206598708349555,-0.10559558868410304,0.1602470874786696,0.14324484921609057
40.51,-1.7762073278427124,0.3618674874305725,-1.0194381113248463,-0.1268506050109665,0.19290745258328285,0.10399405419477299
40.52,-1.7775788307189941,0.3639553487300873,-1.01857998975106,-0.1465141773223648,0.22323727607723562,0.07055326050714468
40.53,-1.7791376113891602,0.3663322329521179,-1.0180270461147034,-0.15981197357180915,0.24399012327199068,0.043260660315133925
40.54,-1.7807750701904297,0.3688351511955261,-1.0177147765447574,-0.16579627990725954,0.2537608146667985,0.022517030818574073
40.55,-1.7824535369873047,0.3714074492454529,-1.0175767054983318,-0.16770362854001283,0.2572908997535303,0.008571886712859016
40.56,-1.7841291427612305,0.37398096919059753,-1.0175433388105002,-0.16698241233823075,0.2566963434218959,0.0017128559510301664
40.57,-1.7857931852340698,0.3765413761138916,-1.017542448379311,-0.16520619392398306,0.2543851733208209,4.452155946133904e-05
40.58,-1.7874332666397095,0.37906867265701294,-1.017542448379311,-0.16241073608395898,0.2504378557204809,0.0
40.59,-1.7890413999557495,0.381550133228302,-1.017542448379311,-0.15600323677060549,0.24091899394985247,0.0
40.6,-1.790553331375122,0.38388705253601074,-1.017542448379311,-0.14380216598513604,0.22248774766926424,0.0
40.61,-1.7919174432754517,0.3859998881816864,-1.017542448379311,-0.12903809547426884,0.20008385181430982,0.0
40.62,-1.793134093284607,0.38788872957229614,-1.017542448379311,-0.11426210403440597,0.1776039600372037,0.0
40.63,-1.7942026853561401,0.38955196738243103,-1.017542448379311,-0.09939670562742586,0.15495866537091693,0.0
40.64,-1.7951220273971558,0.39098790287971497,-1.017542448379311,-0.08460879325868383,0.13236850500109446,0.0
40.65,-1.7958948612213135,0.3921993374824524,-1.017542448379311,-0.07005929946900807,0.1100584864616613,0.0
40.66,-1.7965232133865356,0.39318907260894775,-1.017542448379311,-0.05646347999571871,0.08909553289412059,0.0
40.67,-1.797024130821228,0.3939812481403351,-1.017542448379311,-0.04435181617736123,0.07032752037047241,0.0
40.68,-1.797410249710083,0.3945956230163574,-1.017542448379311,-0.03293752670288741,0.052641332149516086,0.0
40.69,-1.7976828813552856,0.3950340747833252,-1.017542448379311,-0.022435188293453524,0.036293268203729676,0.0
40.7,-1.7978589534759521,0.39532148838043213,-1.017542448379311,-0.014209747314450905,0.02332180738448732,0.0
40.71,-1.7979670763015747,0.395500510931015,-1.017542448379311,-0.007790327072145105,0.012989342212679587,0.0
40.72,-1.798014760017395,0.39558127522468567,-1.017542448379311,-0.001984834671020903,0.0034973025321967405,0.0
40.73,-1.7980067729949951,0.39557045698165894,-1.017542448379311,0.003057718276977061,-0.0048249959945671165,0.0
40.74,-1.7979536056518555,0.3954847753047943,-1.017542448379311,0.006854534149168851,-0.011235475540159377,0.0
40.75,-1.7978696823120117,0.3953457474708557,-1.017542448379311,0.00962018966674996,-0.016069412231448508,0.0
40.76,-1.7977612018585205,0.3951633870601654,-1.017542448379311,0.01147985458373844,-0.019483268260952764,0.0
40.77,-1.797640085220337,0.3949560821056366,-1.017542448379311,0.01202225685119441,-0.020772218704220385,0.0
40.78,-1.7975207567214966,0.39474794268608093,-1.017542448379311,0.011420249938967116,-0.02017617225647374,0.0
40.79,-1.7974116802215576,0.3945525586605072,-1.017542448379311,0.01031160354614463,-0.018762052059177317,0.0
40.8,-1.7973145246505737,0.39437270164489746,-1.017542448379311,0.009095668792723187,-0.017136335372922126,0.0
40.81,-1.7972297668457031,0.3942098319530487,-1.017542448379311,0.007635354995726346,-0.015068054199216394,0.0
40.82,-1.7971618175506592,0.3940713405609131,-1.017542448379311,0.005930662155152547,-0.012576580047609923,0.0
40.83,-1.7971111536026,0.39395830035209656,-1.017542448379311,0.004220008850096996,-0.010162591934202513,0.0
40.84,-1.7970774173736572,0.393868088722229,-1.017542448379311,0.0025510787963863198,-0.007930397987364482,0.0
40.85,-1.7970601320266724,0.39379969239234924,-1.017542448379311,0.0010430812835695435,-0.0058680772781383745,0.0
40.86,-1.7970565557479858,0.39375072717666626,-1.017542448379311,-0.0002741813659668514,-0.003995001316071351,0.0
40.87,-1.7970656156539917,0.39371979236602783,-1.017542448379311,-0.001364946365356232,-0.0024721026420589398,0.0
40.88,-1.797083854675293,0.3937012851238251,-1.017542448379311,-0.002235174179076799,-0.0012874603271482363,0.0
40.89,-1.7971103191375732,0.39369404315948486,-1.017542448379311,-0.003045797348023067,-0.0001803040504455925,0.0
40.9,-1.7971447706222534,0.39369767904281616,-1.017542448379311,-0.0037610530853278965,0.0008195638656617842,0.0
40.91,-1.7971855401992798,0.3937104344367981,-1.017542448379311,-0.004309415817260068,0.0016212463378903715,0.0
40.92,-1.7972309589385986,0.393730103969574,-1.017542448379311,-0.004762411117552967,0.0022917985916134113,0.0
40.93,-1.7972807884216309,0.39375627040863037,-1.017542448379311,-0.005203485488892637,0.0029385089874273424,0.0
40.94,-1.7973350286483765,0.3937888741493225,-1.017542448379311,-0.005638599395751072,0.003565847873687187,0.0
40.95,-1.797393560409546,0.3938275873661041,-1.017542448379311,-0.005966424942015669,0.004041194915770853,0.0
40.96,-1.7974543571472168,0.39386969804763794,-1.017542448379311,-0.006169080734254157,0.004336237907410531,0.0
40.97,-1.797516942024231,0.3939143121242523,-1.017542448379311,-0.006288290023804962,0.004535913467408129,0.0
40.98,-1.7975801229476929,0.3939604163169861,-1.017542448379311,-0.006318092346190418,0.004661083221434818,0.0
40.99,-1.7976433038711548,0.39400753378868103,-1.017542448379311,-0.006318092346190418,0.0046744942665092794,0.0
41.0,-1.7977064847946167,0.3940539062023163,-1.017542448379311,-0.006318092346192663,0.004583597183228451,0.0
41.01,-1.7977696657180786,0.3940992057323456,-1.017542448379311,-0.006258487701415037,0.004476308822631136,0.0
41.02,-1.797831654548645,0.3941434323787689,-1.017542448379311,-0.006079673767088893,0.00417828559875423,0.0
41.03,-1.7978912591934204,0.3941827714443207,-1.017542448379311,-0.005745887756348799,0.0035390257835395227,0.0
41.04,-1.797946572303772,0.3942142128944397,-1.017542448379311,-0.0052928924560557405,0.0027418136596685143,0.0
41.05,-1.7979971170425415,0.39423760771751404,-1.017542448379311,-0.004839897155760962,0.0019401311874386615,0.0
41.06,-1.7980433702468872,0.3942530155181885,-1.017542448379311,-0.004428625106810831,0.0011473894119260902,0.0
41.07,-1.7980856895446777,0.39426055550575256,-1.017542448379311,-0.004005432128907047,0.00035911798477179996,0.0
41.08,-1.7981234788894653,0.3942601978778839,-1.017542448379311,-0.003558397293090264,-0.0004276633262633609,0.0
41.09,-1.7981568574905396,0.3942520022392273,-1.017542448379311,-0.0031173229217524422,-0.0012040138244627024,0.0
41.1,-1.7981858253479004,0.39423611760139465,-1.017542448379311,-0.0027000904083257326,-0.0019341707229618107,0.0
41.11,-1.798210859298706,0.39421331882476807,-1.017542448379311,-0.0023245811462406967,-0.002589821815491238,1.327453240662899e-05
41.12,-1.7982323169708252,0.39418432116508484,-1.017542182888663,-0.001966953277587583,-0.003094971179961674,0.0006435142383186647
41.13,-1.7982501983642578,0.3941514194011688,-1.0175295780945446,-0.0014305114746091514,-0.0034317374229425788,0.003018826486522269
41.14,-1.7982609272003174,0.394115686416626,-1.0174818063589328,-0.0003337860107422539,-0.0036671757698066377,0.007711654517118951
41.15,-1.7982568740844727,0.3940780758857727,-1.0173753450042022,0.0017106533050540514,-0.0037997961044319082,0.014748175357296047
41.16,-1.7982267141342163,0.39403969049453735,-1.017186842851787,0.005060434341429873,-0.0037953257560724048,0.02391517577339978
41.17,-1.798155665397644,0.39400216937065125,-1.0168970414887342,0.01004338264465175,-0.003588199615477955,0.03511057189390938
41.18,-1.7980258464813232,0.3939679265022278,-1.0164846314139084,0.01702308654785495,-0.0031054019927984696,0.04831035161357706
41.19,-1.797815203666687,0.3939400613307953,-1.015930834456463,0.026381015777583765,-0.00232756137847864,0.0633802378782978
41.2,-1.7974982261657715,0.3939213752746582,-1.0152170266563425,0.03849864006041879,-0.0012844800949094672,0.0801511923736661
41.21,-1.7970452308654785,0.3939143717288971,-1.0143278106089897,0.05378127098084566,1.7881393432620745e-05,0.09857080189323593
41.22,-1.7964226007461548,0.39392173290252686,-1.0132456106184782,0.07253289222718728,0.001606345176697097,0.11861412427409818
41.23,-1.795594573020935,0.39394649863243103,-1.0119555281235084,0.09502768516539042,0.003544986248015803,0.1400845172302881
41.24,-1.7945220470428467,0.3939926326274872,-1.0104439202738722,0.12156367301939018,0.005857646465300598,0.16294363025867958
41.25,-1.7931632995605469,0.39406365156173706,-1.0086966555183343,0.1523137092590635,0.008533895015718251,0.1870534476954883
41.26,-1.791475772857666,0.3941633105278015,-1.0067028513199634,0.18745064735409667,0.011585652828214742,0.2123525783621073
41.27,-1.7894142866134644,0.3942953646183014,-1.0044496039510915,0.22724270820614123,0.015032291412351165,0.23877986338445997
41.28,-1.7869309186935425,0.3944639563560486,-1.0019272540522737,0.27120709419255884,0.01881569623947518,0.2661799527465011
41.29,-1.7839901447296143,0.3946716785430908,-0.9991260048961625,0.31692385673529255,0.022712349891667115,0.29451030672850464
41.3,-1.780592441558838,0.39491820335388184,-0.9960370479177046,0.36237835884088576,0.02655982971190991,0.32367585209997435
41.31,-1.7767425775527954,0.3952028751373291,-0.9926524878541619,0.4047989845275246,0.030142068862910328,0.3536082007552179
41.32,-1.7724964618682861,0.39552104473114014,-0.9889648839025993,0.4418075084687158,0.03327578306198782,0.3842196953987563
41.33,-1.7679064273834229,0.3958683907985687,-0.9849680939461882,0.4790127277373519,0.03640800714492229,0.41542339302747144
41.34,-1.7629162073135376,0.3962492048740387,-0.9806564160420486,0.520527362823405,0.039878487586968867,0.44714932914113553
41.35,-1.7574958801269531,0.3966659605503082,-0.9760251073633642,0.5635976791382957,0.0434726476669398,0.4793399774737649
41.36,-1.751644253730774,0.3971186578273773,-0.9710696164925751,0.6059288978577866,0.04699826240540486,0.5118937516893759
41.37,-1.7453773021697998,0.39760592579841614,-0.9657872323295786,0.6475150585173548,0.05043596029280828,0.5447249515493838
41.38,-1.7386939525604248,0.39812737703323364,-0.9601751174615857,0.6892025470732566,0.053837895393363165,0.577771072501519
41.39,-1.7315932512283325,0.39868268370628357,-0.9542318108795463,0.7308423519135976,0.057210028171550686,0.6110093389945054
41.4,-1.7240771055221558,0.39927157759666443,-0.9479549306816981,0.7721245288850414,0.060550868511212,0.6443359859757031
41.41,-1.7161507606506348,0.39989370107650757,-0.9413450911600348,0.8128345012663525,0.06380826234816507,0.6776376254739309
41.42,-1.7078204154968262,0.40054774284362793,-0.9344021781722175,0.8529961109160044,0.06697475910185721,0.7109283109220764
41.43,-1.699090838432312,0.4012331962585449,-0.9271265249415911,0.8916914463044987,0.07003247737885915,0.7441315483155334
41.44,-1.6899865865707397,0.40194839239120483,-0.9195195472059096,0.9301662445066905,0.07308572530745318,0.7771678127766031
41.45,-1.6804875135421753,0.4026949107646942,-0.9115831686860564,0.9694874286650096,0.07619857788084747,0.8099592376809528
41.46,-1.6705968379974365,0.403472363948822,-0.9033203624522878,1.0084569454195123,0.07926523685456899,0.8424617794476574
41.47,-1.660318374633789,0.4042802155017853,-0.8947339330971065,1.0470449924471077,0.08229464292527883,0.8746618658604229
41.48,-1.6496559381484985,0.40511825680732727,-0.8858271251350829,1.0852575302122327,0.08529424667357065,0.9064676785497743
41.49,-1.638613224029541,0.40598610043525696,-0.876604579526108,1.1230826377866896,0.08826553821562341,0.9377922994413845
41.5,-1.6271942853927612,0.40688356757164,-0.8670712791462523,1.160520315170519,0.0912055373192015,0.9686035135406375
41.51,-1.6154028177261353,0.4078102111816406,-0.8572325092552993,1.1976003646848714,0.09411126375196893,0.9989185990425746
41.52,-1.60324227809906,0.4087657928466797,-0.8470929071653975,1.2343168258665063,0.09698718786238109,1.0286335733875553
41.53,-1.5907164812088013,0.40974995493888855,-0.8366598377875449,1.2706577777865078,0.0998243689537247,1.057704585576757
41.54,-1.577829122543335,0.4107622802257538,-0.8259388154538664,1.3066411018374182,0.10262578725816861,1.0860919315057
41.55,-1.564583659172058,0.4118024706840515,-0.8149379991574353,1.3422787189481544,0.10539442300794861,1.1137291769586257
41.56,-1.5509835481643677,0.4128701686859131,-0.8036642319146903,1.377552747726225,0.10814070701597431,1.1406236892111947
41.57,-1.5370326042175293,0.41396528482437134,-0.7921255253732078,1.412475109100623,0.11087507009508432,1.166687146205413
41.58,-1.5227340459823608,0.41508767008781433,-0.7803304889905865,1.447045803069842,0.1135855913162054,1.1919149749259363
41.59,-1.508091688156128,0.4162369966506958,-0.7682872258746855,1.481270790099866,0.1162543892860231,1.2163009810435597
41.6,-1.4931086301803589,0.41741275787353516,-0.7560044693697117,1.5151679515841638,0.11888146400454025,1.2397414628536632
41.61,-1.4777883291244507,0.41861462593078613,-0.7434923966176169,1.5487194061282379,0.12146830558779272,1.262174814452617
41.62,-1.4621342420578003,0.4198421239852905,-0.7307609730806643,1.58193111419653,0.1239985227584645,1.2836502239598193
41.63,-1.4461497068405151,0.4210945963859558,-0.7178193921384165,1.6148149967191079,0.12649297714231422,1.3041207224815126
41.64,-1.429837942123413,0.4223719835281372,-0.7046785586310299,1.647388935089439,0.12896656990053834,1.323548071562827
41.65,-1.413201928138733,0.42367392778396606,-0.6913484307071651,1.6796290874484543,0.13141185045244924,1.3419212732817658
41.66,-1.3962453603744507,0.42500022053718567,-0.6778401331653998,1.7115294933316416,0.13383924961087995,1.3591718407040083
41.67,-1.3789713382720947,0.4263507127761841,-0.6641649938930808,1.7431259155270713,0.13624280691144722,1.3753185707221576
41.68,-1.3613828420639038,0.42772507667541504,-0.6503337617509526,1.7744243144992544,0.13860762119295972,1.3903364027419642
41.69,-1.3434828519821167,0.4291228652000427,-0.6363582658382472,1.8054068088528672,0.14093816280362786,1.4041791248770277
41.7,-1.3252747058868408,0.43054383993148804,-0.6222501792534075,1.8360614776608457,0.1432478427886739,1.4168436463766205
41.71,-1.306761622428894,0.43198782205581665,-0.6080213929107104,1.8664181232456105,0.14553368091586147,1.4283156970061617
41.72,-1.287946343421936,0.4334545135498047,-0.5936838653132899,1.896488666534801,0.1478046178818043,1.4386060447207225
41.73,-1.2688318490982056,0.43494391441345215,-0.5792492720163018,1.9262433052059977,0.1500889658927683,1.4476811947936998
41.74,-1.24942147731781,0.4364562928676605,-0.5647302414174116,1.955687999725036,0.1523718237876654,1.4555002305719655
41.75,-1.2297180891036987,0.43799135088920593,-0.550139267404858,1.9848585128788128,0.1546263694763491,1.4620724020425713
41.76,-1.2097243070602417,0.4395488202571869,-0.535488793376566,2.0137429237362574,0.15685707330701285,1.4673915002152798
41.77,-1.1894432306289673,0.4411284923553467,-0.520791437400548,2.0423293113705303,0.1590669155120601,1.4714459156378288
41.78,-1.1688777208328247,0.4427301585674286,-0.5060598750638049,2.0706355571750947,0.16125738620761265,1.4742480693607887
41.79,-1.1480305194854736,0.4443536400794983,-0.4913064760133383,2.098655700684011,0.163437426090273,1.4757786070848593
41.8,-1.1269046068191528,0.4459989070892334,-0.47654430292211364,2.126401662826206,0.16561001539227757,1.4760328476607933
41.81,-1.1055024862289429,0.44766584038734436,-0.46178581906011773,2.1538674831387015,0.16776323318478822,1.475022212984825
41.82,-1.083827257156372,0.4493541717529297,-0.44704385866241236,2.18104720115705,0.16989707946780724,1.4727404319661286
41.83,-1.0618815422058105,0.45106378197669983,-0.43233101042080113,2.2079646587368376,0.1720339059829443,1.4691890625419126
41.84,-1.0396679639816284,0.4527948498725891,-0.41766007741156935,2.234619855880388,0.17416477203366418,1.464380365347122
41.85,-1.0171891450881958,0.45454707741737366,-0.40304340311385417,2.2610068321232526,0.1762628555298202,1.4583211250967192
41.86,-0.9944478273391724,0.4563201069831848,-0.3884936549096406,2.287125587463834,0.17832666635516853,1.4509930292282869
41.87,-0.9714466333389282,0.4581136107444763,-0.3740235425292942,2.3128986358638963,0.18036365509030383,1.442440218662574
41.88,-0.9481898546218872,0.45992738008499146,-0.35964485053638484,2.33831107616388,0.1824006438255025,1.4326645163228882
41.89,-0.9246804118156433,0.46176162362098694,-0.34537025220283196,2.3625016212468077,0.18438994884494636,1.4216576952497504
41.9,-0.9009398221969604,0.46361517906188965,-0.3312116966313955,2.3855358362202623,0.18633306026462448,1.4094661185113961
41.91,-0.8769696950912476,0.4654882848262787,-0.3171809298326098,2.407935261726003,0.18824040889737048,1.3960903712961807
41.92,-0.8527811169624329,0.46737998723983765,-0.3032898892054675,2.430450916289903,0.19014775753018268,1.381542342876491
41.93,-0.8283606767654419,0.46929123997688293,-0.28955008297507556,2.452024817467224,0.1919969916344071,1.365854768078428
41.94,-0.8037406206130981,0.471219927072525,-0.2759727938439042,2.460199594497296,0.19279718399044837,1.3490348698940724
41.95,-0.7791566848754883,0.4731471836566925,-0.2625693855771899,2.4232953786846188,0.1899808645248116,1.3311136044046241
41.96,-0.7552747130393982,0.47501954436302185,-0.2493505217558077,2.3519843816761883,0.18445700407031868,1.312109379586496
41.97,-0.7321169972419739,0.47683632373809814,-0.2363271979854653,2.2799342870716814,0.178916752338445,1.2920505049952031
41.98,-0.7096760272979736,0.47859787940979004,-0.22350951165590893,2.208605408668173,0.17339587211606175,1.2709771792133406
41.99,-0.6879448890686035,0.4803042411804199,-0.21090765440119433,2.137982845306062,0.16789287328717467,1.24890359385204
42.0,-0.6669163703918457,0.48195573687553406,-0.19853143977886414,2.0680636167530357,0.16243457794192684,1.2258670945708423
42.01,-0.646583616733551,0.4835529327392578,-0.18639031250978236,1.9988358020779347,0.15704631805417468,1.201895652038044
42.02,-0.6269396543502808,0.48509666323661804,-0.1744935267380995,1.9302994012829624,0.15175491571424018,1.1770281146204755
42.03,-0.6079776287078857,0.4865880310535431,-0.16284975021736936,1.8624424934390913,0.14655441045764026,1.1512946956555208
42.04,-0.5896908044815063,0.48802775144577026,-0.1514676328249938,1.7952620983127352,0.14143437147143317,1.1247383591246125
42.05,-0.5720723867416382,0.4894167184829712,-0.14035498303488175,1.7287462949750105,0.13639032840726628,1.0973964682079955
42.06,-0.5551158785820007,0.490755558013916,-0.12951970346083022,1.6628861427304529,0.13139247894285055,1.0693031566564197
42.07,-0.5388146638870239,0.4920445680618286,-0.11896891990175015,1.5976905822757086,0.12644380331041943,1.0405108066790696
42.08,-0.5231620669364929,0.4932844340801239,-0.1087094873272528,1.5331417322156418,0.12156367301939018,1.0110541609425567
42.09,-0.5081518292427063,0.4944758415222168,-0.09874783668289577,1.469226181506881,0.1167342066764649,0.9809844986812942
42.1,-0.4937775433063507,0.49561911821365356,-0.08908979735362373,1.4059543609621938,0.11194795370104156,0.9503595032075766
42.11,-0.480032742023468,0.4967148005962372,-0.07974064661874815,1.3433128595354846,0.10722726583482968,0.9192162308299164
42.12,-0.46691128611564636,0.49776366353034973,-0.07070547273702885,1.2812912464139843,0.10257065296171493,0.8875980654133364
42.13,-0.4544069170951843,0.4987662136554718,-0.06198868531047886,1.2198880314825058,0.09794980287550349,0.8555676259736072
42.14,-0.44251352548599243,0.4997226595878601,-0.05359412021755386,1.1590972542765063,0.09334832429887721,0.8231812990259296
42.15,-0.4312249720096588,0.500633180141449,-0.04552505932996343,1.098912954330663,0.088781118392962,0.7904827031612235
42.16,-0.42053526639938354,0.501498281955719,-0.03778446615433248,1.0393291711805626,0.08425116539000148,0.7575337313761402
42.17,-0.4104383885860443,0.5023182034492493,-0.030374384702438344,0.9803384542463678,0.07973909378050512,0.724399940696483
42.18,-0.4009284973144531,0.5030930638313293,-0.02329646734040076,0.9219363331796573,0.07525086402894564,0.6911404353469751
42.19,-0.39199966192245483,0.5038232207298279,-0.01655157599550146,0.8641198277472099,0.07078945636748162,0.6578106177197534
42.2,-0.3836461007595062,0.5045088529586792,-0.010140254986003688,0.8068785071371725,0.06636977195738708,0.6244795402496585
42.21,-0.37586209177970886,0.5051506161689758,-0.0040619851905063535,0.7502079010011258,0.062000751495373665,0.5912162427218103
42.22,-0.3686419427394867,0.5057488679885864,0.0016840698684303735,0.6940975785256813,0.057673454284679446,0.558080710846176
42.23,-0.361980140209198,0.5063040852546692,0.007099629026414864,0.6385460495947793,0.053387880325309035,0.5251496448438987
42.24,-0.3558710217475891,0.5068166255950928,0.01218706276531013,0.5835533142088931,0.04915595054625697,0.4924771824817216
42.25,-0.3503090739250183,0.5072872042655945,0.01694917267605088,0.5291059613228897,0.04497170448304117,0.4601399644784037
42.26,-0.3452889025211334,0.5077160596847534,0.02138986205487634,0.4751980304717275,0.040820240974419886,0.42822491582794575
42.27,-0.3408051133155823,0.508103609085083,0.02551367099261134,0.4218250513076123,0.036722421646112426,0.39680172479126713
42.28,-0.33685240149497986,0.5084505081176758,0.029325896550702984,0.36898404359824843,0.03267526626587564,0.36593778366410046
42.29,-0.3334254324436188,0.5087571144104004,0.03283242666589174,0.3166675567627583,0.028672814369207364,0.33571309535085375
42.3,-0.33051905035972595,0.5090239644050598,0.036040158457718824,0.26487112045283945,0.024709105491634322,0.30621854991219266
42.31,-0.32812801003456116,0.5092512965202332,0.038956797664136525,0.21359324455257891,0.020781159400936694,0.2775351302663386
42.32,-0.3262471854686737,0.5094395875930786,0.04159086106304634,0.1628279685974445,0.016874074935916444,0.24974203919055332
42.33,-0.3248714506626129,0.5095887780189514,0.043951638447946535,0.11256784200666575,0.012972950935361742,0.22292404692315482
42.34,-0.32399582862854004,0.5096990466117859,0.0460493420015103,0.06281137466429682,0.009095668792723187,0.19716463816764868
42.35,-0.3236152231693268,0.5097706913948059,0.04789493121130008,0.01354962587356837,0.005251169204712958,0.17254528554265894
42.36,-0.3237248361110687,0.5098040699958801,0.049500247712362826,-0.03522485494614348,0.0014364719390871999,0.1491741751667849
42.37,-0.3243197202682495,0.5097994208335876,0.050878414714635056,-0.0835061073303092,-0.0023484230041500237,0.12714688871817936
42.38,-0.32539495825767517,0.5097571015357971,0.0520431854867266,-0.13130754232404562,-0.006097555160521508,0.10653446177547043
42.39,-0.32694587111473083,0.5096774697303772,0.05300910395014492,-0.17863661050800062,-0.009807944297792479,0.08744546012108909
42.4,-0.3289676904678345,0.5095609426498413,0.05379209468914798,-0.2254933118820639,-0.013488531112673582,0.06996661512334305
42.41,-0.3314557373523712,0.5094076991081238,0.054408436252611575,-0.27188509702678243,-0.017139315605160896,0.05418822479784909
42.42,-0.33440539240837097,0.509218156337738,0.05487585918510515,-0.31781047582621375,-0.020766258239742846,0.04024461953477313
42.43,-0.3378119468688965,0.5089923739433289,0.05521332864330708,-0.3612980246544603,-0.024208426475529718,0.028226028976147188
42.44,-0.34163135290145874,0.5087339878082275,0.05544037976462806,-0.39927661418908555,-0.027257204055781872,0.018204326961709857
42.45,-0.34579747915267944,0.5084472298622131,0.05557741518254118,-0.4325583577155391,-0.029972195625300492,0.010299199046002794
42.46,-0.3502825200557709,0.5081345438957214,0.05564636374554799,-0.46172589063653596,-0.03235936164856601,0.00463090777331846
42.47,-0.3550319969654083,0.5078000426292419,0.055670033338007394,-0.48687607049951703,-0.03443360328675001,0.0013167840783093031
42.48,-0.3600200414657593,0.5074458718299866,0.055672699427114045,-0.508286058902661,-0.03618896007537276,0.0013995030626377002
42.49,-0.36519771814346313,0.5070762634277344,0.05569802339926036,-0.5267828702925812,-0.03749430179595361,0.00821759191542575
42.5,-0.37055569887161255,0.5066959857940674,0.05583705126542237,-0.5407303571702126,-0.03779530525208272,0.02421663788679178
42.51,-0.37601232528686523,0.5063203573226929,0.056182356156996245,-0.547239184379492,-0.03634989261626629,0.04913568650210318
42.52,-0.3815004825592041,0.5059689879417419,0.05681976499546445,-0.5452498793601137,-0.03253221511840312,0.08232632804360086
42.53,-0.3869173228740692,0.5056697130203247,0.05782888271786832,-0.5336433649064172,-0.025755167007451413,0.12313120352369873
42.54,-0.3921733498573303,0.505453884601593,0.059282389065937864,-0.5123063921929425,-0.015634298324588073,0.1709266932370286
42.55,-0.397163450717926,0.505357027053833,0.061247416582608114,-0.48300474882118305,-0.0019162893295285091,0.22511189925752217
42.56,-0.4018334448337555,0.5054155588150024,0.0637846270510888,-0.4496961832045806,0.015527009963986831,0.2851081264777953
42.57,-0.40615737438201904,0.5056675672531128,0.0669495791121649,-0.4144653677941193,0.0368088483810498,0.35031632993627637
42.58,-0.41012275218963623,0.5061517357826233,0.0707909536498128,-0.3779247403144246,0.06186366081236826,0.42016455208568987
42.59,-0.4137158691883087,0.5069048404693604,0.07535287015388006,-0.34012049436563896,0.08931756019590889,0.49414095915886236
42.6,-0.4169251620769501,0.5079380869865417,0.08067377283299164,-0.3016367554665212,0.11914968490602956,0.5716949591669156
42.61,-0.41974860429763794,0.5092878341674805,0.08678676933721606,-0.2640470862389136,0.1517951488495175,0.6523016512075507
42.62,-0.4222061038017273,0.5109739899635315,0.09371980585714025,-0.22856891155239348,0.1862138509750075,0.7354620709151232
42.63,-0.4243199825286865,0.5130121111869812,0.1014960107555208,-0.19508451223370363,0.22182464599605908,0.8206996467866206
42.64,-0.426107794046402,0.5154104828834534,0.11013379879287512,-0.16352832317355548,0.25835037231450453,0.90754226436294
42.65,-0.427590548992157,0.5181791186332703,0.11964685604277603,-0.1340016722679405,0.29577314853674097,0.995542416259763
42.66,-0.42878782749176025,0.521325945854187,0.1300446471180664,-0.10631829500196702,0.3338664770125821,1.0842496219199165
42.67,-0.42971691489219666,0.524856448173523,0.14133184848117758,-0.08026808500288662,0.37242174148553747,1.1732507108809629
42.68,-0.43039318919181824,0.5287743806838989,0.15350966133568944,-0.055724382400523784,0.41131973266609745,1.262155730745891
42.69,-0.4308314025402069,0.5330828428268433,0.16657496309609043,-0.03244131803512066,0.450387597083975,1.3505543172934396
42.7,-0.43104201555252075,0.5377821326255798,0.18052074768156237,-0.0101059675216659,0.4894345998763273,1.438057552971081
42.71,-0.43103352189064026,0.5428715348243713,0.19533611415551655,0.011363625526430483,0.5284100770951369,1.524342147626149
42.72,-0.4308147430419922,0.5483503341674805,0.21100759063407917,0.031888484954840327,0.5673438310624298,1.6090484844037394
42.73,-0.4303957521915436,0.5542184114456177,0.2275170838435851,0.05164146423339037,0.6061613559721953,1.6918213490937604
42.74,-0.4297819137573242,0.5604735612869263,0.24484401761595964,0.07086247205733145,0.644737482070822,1.7724008992514921
42.75,-0.42897850275039673,0.5671131610870361,0.26296510182862065,0.08955299854280346,0.6830722093583512,1.8504513460747014
42.76,-0.4279908537864685,0.5741350054740906,0.2818530445374465,0.10784119367597801,0.721123814582712,1.9256895084440382
42.77,-0.42682167887687683,0.5815356373786926,0.30147889199750727,0.12558251619337027,0.7589459419249301,1.9978719560174147
42.78,-0.4254792034626007,0.5893139243125916,0.32181048365780085,0.14265477657320955,0.7966011762620604,2.066737057359725
42.79,-0.4239685833454132,0.5974676609039307,0.34281363314469365,0.15964061021807985,0.8338481187822093,2.132063769818362
42.8,-0.42228639125823975,0.6059908866882324,0.36445175905415966,0.17644762992856128,0.870719552039964,2.193610340166442
42.81,-0.42043963074684143,0.6148820519447327,0.38668583994802913,0.19256770610806315,0.9074330329893601,2.2511865380940224
42.82,-0.4184350371360779,0.6241395473480225,0.4094754898160471,0.20805299282078113,0.943973660469243,2.3046151242613364
42.83,-0.41627857089042664,0.6337615251541138,0.43277814243324686,0.22299438714977593,0.9802937507627862,2.35370355389156
42.84,-0.41397514939308167,0.6437454223632812,0.4565495608938856,0.23761689662929636,1.0163187980650268,2.398302479481454
42.85,-0.41152623295783997,0.6540879011154175,0.48074419202288354,0.2520486712456251,1.0520011186601825,2.4383057167483866
42.86,-0.40893417596817017,0.6647854447364807,0.5053156752288436,0.2661436796188884,1.0873913764955776,2.473546412073561
42.87,-0.40620335936546326,0.6758357286453247,0.5302151202643449,0.2800256013869801,1.122459769248787,2.5039403861701532
42.88,-0.4033336639404297,0.68723464012146,0.5553944829522544,0.2937406301497954,1.1571913957594016,2.5293793360453387
42.89,-0.40032854676246643,0.6989795565605164,0.5808027069852598,0.30707865953451546,1.1916577816011893,2.5497507333079836
42.9,-0.3971920907497406,0.711067795753479,0.6063894976184038,0.3202334046364468,1.2257993221285397,2.56506471407667
42.91,-0.39392387866973877,0.7234955430030823,0.6321040012667831,0.33324658870691815,1.259613037109178,2.5752540137205377
42.92,-0.3905271589756012,0.7362600564956665,0.6578945778928224,0.3459200263022836,1.293155550956524,2.5802787816732806
42.93,-0.387005478143692,0.7493586540222168,0.6837095769002569,0.3582268953324077,1.3262361288073317,2.580081771233769
42.94,-0.38336262106895447,0.7627847790718079,0.7094962133174875,0.37041008472436837,1.358610391616609,2.574719356560104
42.95,-0.3795972764492035,0.7765308618545532,0.7352039640314669,0.3825575113295911,1.3908416032788964,2.5641755700001476
42.96,-0.37571147084236145,0.7906016111373901,0.7607797247174986,0.3942698240280936,1.4227867126467675,2.54849350099244
42.97,-0.3717118799686432,0.8049865961074829,0.7861738340513058,0.4048928618431897,1.4518380165102986,2.5277487490071113
42.98,-0.36761361360549927,0.8196383714675903,0.8113346996976306,0.41397511959069455,1.476240158080824,2.501939597678024
42.99,-0.363432377576828,0.834511399269104,0.8362126260048743,0.42231976985924796,1.4988660812375587,2.4712193639462887
43.0,-0.359167218208313,0.8496156930923462,0.8607590869765642,0.4294380545617004,1.5180498361590544,2.4356664798096133
43.01,-0.3548436164855957,0.864872395992279,0.8849259556010567,0.43467134237282634,1.531550288200139,2.395408663345314
43.02,-0.3504737913608551,0.8802466988563538,0.9086672602434781,0.43672025203698006,1.535138487815617,2.350436281224099
43.03,-0.34610921144485474,0.8955751657485962,0.9319346812255459,0.4336908459664254,1.5224397182467628,2.300926775599535
43.04,-0.3417999744415283,0.910695493221283,0.9546857957554596,0.42448639869698385,1.489508152008353,2.247213547345653
43.05,-0.33761948347091675,0.9253653287887573,0.97687895217245,0.4117742180823636,1.4451563358304627,2.1893717696090182
43.06,-0.33356449007987976,0.9395986199378967,0.9984732311476467,0.39880275726312125,1.4002889394757942,2.127556152017163
43.07,-0.3296434283256531,0.9533711075782776,1.0194300752128,0.384411215782242,1.3510942459109134,2.0620160946579587
43.08,-0.32587626576423645,0.9666205048561096,1.0397135530407977,0.36843419075006445,1.2969940900800585,1.9928806246018997
43.09,-0.32227474451065063,0.9793109893798828,1.0592876877048445,0.3513231873511719,1.239377260207936,1.9204800273646345
43.1,-0.3188498020172119,0.9914080500602722,1.0781231535880966,0.3337457776070305,1.1803269386293853,1.8450569744822183
43.11,-0.31559982895851135,1.0029175281524658,1.0961888271944817,0.31633675098425484,1.1218756437303867,1.7668048204670013
43.12,-0.3125230669975281,1.0138455629348755,1.1134592499974298,0.2991244196891317,1.0640084743498093,1.6860576882116203
43.13,-0.3096173405647278,1.0241976976394653,1.1299099809587196,0.2821564674377,1.0066807270048475,1.6030998570842827
43.14,-0.3068799376487732,1.0339791774749756,1.1455212471391207,0.26544034481053863,0.9498894214632017,1.5183644077603553
43.15,-0.30430853366851807,1.0431954860687256,1.1602772691139207,0.2489864826202888,0.8936464786531318,1.4319806167985412
43.16,-0.3019002079963684,1.0518521070480347,1.174160859475086,0.2327844500541323,0.8379459381102206,1.3443150128806933
43.17,-0.2996528446674347,1.0599544048309326,1.1871635693715388,0.21679103374477812,0.7827877998350827,1.255911190760565
43.18,-0.29756438732147217,1.0675078630447388,1.1992790832903013,0.20100176334385103,0.7281601428987045,1.1669982154279048
43.19,-0.29563280940055847,1.0745176076889038,1.2105035336800922,0.18540769815442049,0.6740570068358321,1.0780248471213485
43.2,-0.2938562333583832,1.0809890031814575,1.2208395802327319,0.17006993293759548,0.6204664707182868,0.9893915822516205
43.21,-0.29223141074180603,1.0869269371032715,1.2302913653251275,0.15500038862231477,0.5673885345460113,0.9014638311402939
43.22,-0.2907562255859375,1.0923367738723755,1.2388688568555344,0.14012902975085184,0.5148112773896288,0.814702670017271
43.23,-0.28942883014678955,1.097223162651062,1.2465854187254695,0.12548714876172964,0.46272277832024017,0.7295612733084514
43.24,-0.2882464826107025,1.1015912294387817,1.253460082321706,0.11107474565504245,0.41115283966058025,0.646545461935154
43.25,-0.28720733523368835,1.105446219444275,1.2595163279641746,0.09684413671495457,0.3600835800171615,0.5661469672135561
43.26,-0.2863095998764038,1.1087929010391235,1.2647830216659748,0.08285492658613818,0.3094911575316899,0.4888652402129114
43.27,-0.28555023670196533,1.1116360425949097,1.269293632768434,0.06911456584929339,0.2593696117400718,0.4151606389105406
43.28,-0.2849273085594177,1.1139802932739258,1.273086234444187,0.05554705858231696,0.2097308635712087,0.34563959498055347
43.29,-0.2844392955303192,1.115830659866333,1.2762064246680438,0.042153894901284024,0.1605749130249343,0.2807567925864455
43.3,-0.2840842306613922,1.1171917915344238,1.278701370295915,0.028993189334864854,0.1118898391723458,0.2211318627293056
43.31,-0.2838594317436218,1.1180684566497803,1.2806290619226304,0.01603215932845819,0.0636816024780174,0.16740837010537793
43.32,-0.283763587474823,1.1184654235839844,1.2820495376980228,0.003214180469513579,0.015938282012942624,0.12009536695385573
43.33,-0.28379514813423157,1.118387222290039,1.283030969261707,-0.009459257125853014,-0.03131628036498534,0.07977531796515698
43.34,-0.2839527726173401,1.1178390979766846,1.2836450440573262,-0.02190470695495263,-0.07771253585814215,0.04714493419516837
43.35,-0.2842332422733307,1.116832971572876,1.2839738679456107,-0.03381222486496644,-0.12212395668032215,0.022864827197026757
43.36,-0.2846290171146393,1.1153966188430786,1.2841023406012666,-0.044786930084237425,-0.16296505928042793,0.007463008315690509
43.37,-0.28512898087501526,1.113573670387268,1.2841231281119247,-0.05493164062499142,-0.20059347152706825,0.0004461901834895001
43.38,-0.2857276499271393,1.1113847494125366,1.2841112644049364,-0.06444454193114227,-0.23642182350154994,-0.005343211904750564
43.39,-0.2864178717136383,1.1088452339172363,1.2840162638738297,-0.07227957248689182,-0.26800632476811975,-0.01790018851386766
43.4,-0.28717324137687683,1.1060246229171753,1.283753260634659,-0.075174868106857,-0.2850890159607501,-0.03864203420081638
43.41,-0.28792136907577515,1.1031434535980225,1.2832434231898133,-0.07313489913939286,-0.28963685035701037,-0.0669769411724703
43.42,-0.2886359393596649,1.1002318859100342,1.2824137218112093,-0.06839036941527252,-0.2918899059295198,-0.10238097279511925
43.43,-0.2892891764640808,1.0973056554794312,1.2811958037339106,-0.06022751331330544,-0.29100179672247,-0.14436655017634012
43.44,-0.2898404896259308,1.094411849975586,1.279526390807683,-0.047969818115226874,-0.28589367866511645,-0.19237045016925794
43.45,-0.2902485728263855,1.091587781906128,1.2773483947305249,-0.031052529811854277,-0.27550458908076747,-0.24590278842274202
43.46,-0.29046154022216797,1.0889017581939697,1.2746083350392272,-0.009571015834810254,-0.26155710220342115,-0.30440896165344017
43.47,-0.29043999314308167,1.0863566398620605,1.271260215497457,0.01595467329025586,-0.2473115921021,-0.36741400610956304
43.48,-0.2901424467563629,1.0839555263519287,1.2672600549170376,0.04557222127913716,-0.2322852611541385,-0.43451492525481283
43.49,-0.2895285487174988,1.081710934638977,1.2625699169923594,0.07914006710051254,-0.2162337303161283,-0.50519903735725
43.5,-0.2885596454143524,1.0796308517456055,1.2571560741698908,0.11644810438158444,-0.19939541816715392,-0.5790848195138796
43.51,-0.28719958662986755,1.0777230262756348,1.2509882206020841,0.15729963779447004,-0.18255710601803787,-0.6556545756604001
43.52,-0.2854136526584625,1.0759797096252441,1.244042982656681,0.20094066858288484,-0.16673803329465167,-0.7344952340631223
43.53,-0.28318077325820923,1.0743882656097412,1.2362983159208194,0.2457424998283875,-0.15208721160891697,-0.8152288153737764
43.54,-0.28049880266189575,1.0729379653930664,1.2277384063492087,0.29055625200277385,-0.13852119445803537,-0.8973852484244658
43.55,-0.2773696482181549,1.071617841720581,1.2183506109523337,0.3351762890815211,-0.12610554695127424,-0.9807084789607033
43.56,-0.2737952768802643,1.0704158544540405,1.2081242367699918,0.37961006164544847,-0.1150012016296207,-1.0647726089648146
43.57,-0.26977744698524475,1.0693178176879883,1.1970551587730343,0.42382925748833505,-0.1051902770996303,-1.1491642542946834
43.58,-0.26531869173049927,1.0683120489120483,1.185140951684103,0.46778172254555067,-0.09649991989134234,-1.2335991305929843
43.59,-0.2604218125343323,1.0673878192901611,1.1723831761611705,0.5114346742629206,-0.08876919746397538,-1.317648305660784
43.6,-0.25508999824523926,1.0665366649627686,1.158787985570883,0.5547419190407903,-0.0817894935608073,-1.4010441713349653
43.61,-0.24932697415351868,1.0657520294189453,1.1443622927344768,0.5976870656014678,-0.0754833221435697,-1.4835915633471262
43.62,-0.24313625693321228,1.0650269985198975,1.129116154303946,0.6402701139449072,-0.06983280181883673,-1.5648846519703992
43.63,-0.23652157187461853,1.0643553733825684,1.1130645996950637,0.6824761629103547,-0.06471276283263148,-1.644600281892537
43.64,-0.22948673367500305,1.0637327432632446,1.0962241486660904,0.724296271801139,-0.060045719146740464,-1.7224691769953322
43.65,-0.22203564643859863,1.0631544589996338,1.0786152161551639,0.7657296955587003,-0.055807828903209344,-1.798321234762115
43.66,-0.2141721397638321,1.0626165866851807,1.0602577239708553,0.8067704737185171,-0.05186200141905928,-1.8719269473013793
43.67,-0.20590023696422577,1.0621172189712524,1.0411766772091302,0.8474111557005511,-0.04810690879821025,-1.9429048699346545
43.68,-0.19722391664981842,1.0616544485092163,1.0213996265721563,0.8876457810403683,-0.044345855712899444,-2.0110123156616315
43.69,-0.18814732134342194,1.0612303018569946,1.0009564308959056,0.9274780750273208,-0.040590763092034673,-2.076227556846741
43.7,-0.1786743551492691,1.0608426332473755,0.9798750754352149,0.9669207036493698,-0.036966800689691486,-2.1383335049557126
43.71,-0.16880890727043152,1.0604909658432007,0.9581897607967846,1.005975902080736,-0.033491849899298654,-2.1970010712839034
43.72,-0.1585548371076584,1.0601727962493896,0.9359350540095454,1.0446496307851962,-0.030183792114263818,-2.252124380142288
43.73,-0.14791591465473175,1.0598872900009155,0.9131472731939476,1.0829433798788286,-0.02695322036742743,-2.3035037578535706
43.74,-0.13689596951007843,1.059633731842041,0.8898649788524667,1.1208645999429858,-0.023925304412838057,-2.3510757118621814
43.75,-0.12549862265586853,1.0594087839126587,0.8661257589566965,1.1584229767324845,-0.021183490753178044,-2.394771410072926
43.76,-0.11372750997543335,1.0592100620269775,0.8419695506510175,1.195601373910717,-0.018370151519772518,-2.434306259425797
43.77,-0.10158659517765045,1.0590413808822632,0.8174396337681729,1.2324005365369777,-0.015407800674436069,-2.4695826055465413
43.78,-0.08907949924468994,1.0589019060134888,0.7925778985400789,1.2688364833595893,-0.012528896331789602,-2.5005493751452423
43.79,-0.07620986551046371,1.0587908029556274,0.767428646265278,1.304896548390648,-0.00980496406555371,-2.527122733351775
43.8,-0.06298156827688217,1.0587058067321777,0.7420354438730533,1.3405891135332872,-0.007182359695433448,-2.5492567225332787
43.81,-0.04939808323979378,1.0586471557617188,0.7164435118146044,1.3759516179559463,-0.004714727401732661,-2.5668175874960157
43.82,-0.03546253591775894,1.058611512184143,0.6906990921231249,1.4109871350231593,-0.002527236938477065,-2.5798161696686943
43.83,-0.021178340539336205,1.0585966110229492,0.6648471884212409,1.4456813223657732,-0.0005125999450682793,-2.588213174213489
43.84,-0.006548909470438957,1.0586012601852417,0.638934828638847,1.4783406164494826,0.0013470649719236176,-2.591959980982578
43.85,0.00838847178965807,1.0586235523223877,0.6130079888015812,1.5080985613170286,0.0031352043151861705,-2.5910979612657585
43.86,0.023613061755895615,1.0586639642715454,0.5871128694135419,1.5359336044642404,0.004863739013672843,-2.585605062863853
43.87,0.03910714387893677,1.0587208271026611,0.5612958875443147,1.5633666887876927,0.006431341171263643,-2.575444592786044
43.88,0.05488039553165436,1.0587925910949707,0.5356039775578129,1.5919633209702864,0.007849931716917719,-2.5606876956395737
43.89,0.07094641029834747,1.0588778257369995,0.5100821336315154,1.613149046898209,0.008958578109742992,-2.5413862113803094
43.9,0.08714337646961212,1.0589717626571655,0.4847762533302166,1.623018831014956,0.009733438491823225,-2.517552421613635
43.91,0.10340678691864014,1.059072494506836,0.45973108519925254,1.6251202672717415,0.010251998901365585,-2.48928345015863
43.92,0.11964578181505203,1.0591768026351929,0.4349905843270363,1.6177169978616093,0.010484457015989572,-2.456669657284498
43.93,0.13576112687587738,1.0592821836471558,0.41059769205355495,1.5959199517968492,0.010436773300172975,-2.4197700610523105
43.94,0.15156418085098267,1.0593855381011963,0.3865951831059996,1.56304687261557,0.010162591934202513,-2.3786842524771648
43.95,0.16702206432819366,1.0594854354858398,0.36302400700400406,1.525843888520956,0.009727478027342229,-2.3335429641034318
43.96,0.18208105862140656,1.0595800876617432,0.33992432382392374,1.4840677380564782,0.00911355018615904,-2.284451750493709
43.97,0.19670341908931732,1.059667706489563,0.3173349719941391,1.4410398900511747,0.00839233398437667,-2.2315817045702957
43.98,0.21090185642242432,1.0597479343414307,0.2952926897325268,1.39688551425912,0.007629394531248807,-2.1751041978036385
43.99,0.2246411293745041,1.059820294380188,0.27383288803805944,1.3513401150701319,0.00682473182678116,-2.1151223251800766
44.0,0.23792865872383118,1.0598844289779663,0.2529902432289187,1.3042531907561037,0.0059962272644054895,-2.0518461613534407
44.01,0.25072619318962097,1.059940218925476,0.23279596481099887,1.2550264596937124,0.005155801773070483,-1.9854936893764612
44.02,0.26302918791770935,1.0599875450134277,0.2132803694413832,1.2056231498716377,0.00430345535278253,-1.9162188758670264
44.03,0.2748386561870575,1.0600262880325317,0.19447158729365246,1.15642249584221,0.0034451484680182633,-1.8442270890467132
44.04,0.28615763783454895,1.060056447982788,0.1763958276604562,1.1076405644419012,0.002586841583252468,-1.769785752249128
44.05,0.2969914674758911,1.0600780248641968,0.15907587224867692,1.0564967989919918,0.0017642974853512867,-1.6931436996756384
44.06,0.3072875738143921,1.0600917339324951,0.14253295366693797,1.0018020868299826,0.001001358032226406,-1.6145242666954525
44.07,0.3170275092124939,1.0600980520248413,0.12678538691476302,0.9457901120187734,0.00031590461730963314,-1.5342029707889393
44.08,0.3262033760547638,1.0600980520248413,0.11184889425116545,0.8891850709913771,-0.00029802322387690656,-1.4524443561858729
44.09,0.3348112106323242,1.0600920915603638,0.09773649979104097,0.8322253823279033,-0.000822544097900262,-1.3695435369179467
44.1,0.34284788370132446,1.0600816011428833,0.08445802351280242,0.7752746343614213,-0.0012397766113283718,-1.2858132871845234
44.11,0.35031670331954956,1.0600672960281372,0.07202023404735548,0.7187783718110561,-0.0015676021575930853,-1.201573424197128
44.12,0.3572234511375427,1.0600502490997314,0.06042655502886479,0.6628468632697023,-0.0018417835235592823,-1.1171297888417562
44.13,0.3635736405849457,1.060030460357666,0.04967763827051694,0.6074666976927762,-0.002133846282958651,-1.03283113498091
44.14,0.36937278509140015,1.0600075721740723,0.039769932329243154,0.5527392029763368,-0.0024080276489262605,-0.9490302630236981
44.15,0.3746284246444702,1.0599822998046875,0.030697033010046938,0.4986882209778824,-0.002574920654297387,-0.8660928972824502
44.16,0.3793465495109558,1.0599560737609863,0.02244807438359764,0.4450738430022498,-0.0026583671569820064,-0.7844041487579441
44.17,0.3835299015045166,1.0599291324615479,0.015008950034885452,0.3918617963790281,-0.0027179718017573875,-0.7043406817726092
44.18,0.3871837854385376,1.0599017143249512,0.008361260748143402,0.33917874097830847,-0.0028014183044439167,-0.6263200473491406
44.19,0.3903134763240814,1.059873104095459,0.0024825490879053407,0.28702318668360993,-0.0028848648071284552,-0.5507363099293033
44.2,0.3929242491722107,1.0598440170288086,-0.0026534654504443427,0.2353847026824583,-0.0029444694519038367,-0.47802259826480753
44.21,0.3950211703777313,1.059814214706421,-0.0070779028773924274,0.18426179885867924,-0.002932548522949802,-0.40863790136208916
44.22,0.39660948514938354,1.0597853660583496,-0.01082622347768429,0.13364851474764622,-0.0028729438781743997,-0.343016979033896
44.23,0.3976941406726837,1.0597567558288574,-0.013938242458069077,0.08353441953657752,-0.0028133392333979977,-0.28163262405438466
44.24,0.39828017354011536,1.0597290992736816,-0.016458875958772913,0.03392249345778889,-0.0027537345886226162,-0.22496433297004384
44.25,0.3983725905418396,1.059701681137085,-0.01843752911747052,-0.01454800367355636,-0.0027060508728032726,-0.1734894844385727
44.26,0.3979892134666443,1.0596749782562256,-0.019928665647543687,-0.05741715431212482,-0.00264644622802693,-0.1277165818714088
44.27,0.3972242474555969,1.0596487522125244,-0.020991860754899012,-0.09406656026838739,-0.0026226043701167777,-0.08816601301767378
44.28,0.39610788226127625,1.0596225261688232,-0.02169198590789733,-0.1266181468963875,-0.002658367156982951,-0.05535730703175581
44.29,0.3946918845176697,1.0595955848693848,-0.02209900689553395,-0.1554161310196232,-0.0026822090148931116,-0.029826479964973167
44.3,0.3929995596408844,1.0595688819885254,-0.022288515507196866,-0.18258988857266434,-0.00264644622802693,-0.012142845658245405
44.31,0.3910400867462158,1.0595426559448242,-0.022341863808698886,-0.20541250705715783,-0.0026583671569820064,-0.0027859163202577173
44.32,0.3888913094997406,1.0595157146453857,-0.02234423383360197,-0.22246688604359285,-0.0027239322662358937,-0.0001968725098056404
44.33,0.38659074902534485,1.0594881772994995,-0.022345801258894817,-0.23320466279979876,-0.0028431415557856883,-0.00041136914163957493
44.34,0.3842272162437439,1.05945885181427,-0.0223524612164349,-0.23729801177974807,-0.0031054019927973663,-0.0010892563504503701
44.35,0.38184478878974915,1.0594260692596436,-0.022367586385903693,-0.23745745420460657,-0.003558397293091528,-0.002093038633388805
44.36,0.3794780671596527,1.0593876838684082,-0.022394321989102666,-0.23355036973957893,-0.0042915344238289785,-0.0034005158338741397
44.37,0.3771737813949585,1.059340238571167,-0.022435596702581145,-0.22536665201183612,-0.005406141281127085,-0.0050078175811033515
44.38,0.3749707341194153,1.0592795610427856,-0.0224944783407247,-0.21240562200542945,-0.0069618225097645365,-0.006909636874751243
44.39,0.37292566895484924,1.0592010021209717,-0.022573789440076035,-0.19400119781498001,-0.009000301361085775,-0.009089613042047726
44.4,0.37109071016311646,1.059099555015564,-0.022676270601565535,-0.17185211181644044,-0.011628866195681025,-0.011527262219048835
44.41,0.3694886267185211,1.058968424797058,-0.02280433468445716,-0.1472651958465346,-0.014942884445188093,-0.014223794706433864
44.42,0.3681454062461853,1.0588006973266602,-0.022960746495694313,-0.12001842260358841,-0.018858909606930645,-0.01716605797388036
44.43,0.367088258266449,1.0585912466049194,-0.023147655843934977,-0.0898778438568294,-0.023382902145390395,-0.02032523721576101
44.44,0.3663478493690491,1.0583330392837524,-0.02336725124000928,-0.05663335323332855,-0.028735399246211327,-0.02371087604764084
44.45,0.3659555912017822,1.0580165386199951,-0.023621873364887948,-0.020052492618557658,-0.03511309623717713,-0.027313662837698153
44.46,0.36594679951667786,1.0576307773590088,-0.023913524496763403,0.019413232803348588,-0.04245638847351919,-0.031110555727160233
44.47,0.3663438558578491,1.057167410850525,-0.024244084479431112,0.06164461374284063,-0.050735473632822596,-0.03509625448550745
44.48,0.3671796917915344,1.0566160678863525,-0.024615449586473215,0.10686367750166176,-0.06002187728880898,-0.0392576048931331
44.49,0.3684811294078827,1.0559669733047485,-0.025029236577293765,0.15329122543332566,-0.06994605064390996,-0.0435855794847549
44.5,0.3702455163002014,1.0552171468734741,-0.025487161176168536,0.1993283629417816,-0.08009076118470831,-0.04807464694466092
44.51,0.37246769666671753,1.0543651580810547,-0.025990729516186726,0.2448469400405501,-0.09037852287291068,-0.05270908463480837
44.52,0.3751424551010132,1.0534095764160156,-0.02654134286886506,0.2898514270782018,-0.10082721710203502,-0.05747549306468692
44.53,0.37826472520828247,1.0523486137390137,-0.027140239377480495,0.33428817987448667,-0.11143088340761494,-0.0623714860079074
44.54,0.3818282186985016,1.0511809587478638,-0.02778877258902297,0.3781944513321675,-0.1221895217895751,-0.06738977181676384
44.55,0.3858286142349243,1.0499048233032227,-0.0284880348138155,0.4216626286505994,-0.13307929038999383,-0.07251722926618885
44.56,0.3902614712715149,1.0485193729400635,-0.02923911717434704,0.4646733403205145,-0.14404058456418647,-0.07774011964801658
44.57,0.39512208104133606,1.0470240116119385,-0.030042837206776165,0.5072236061097201,-0.15501976013186677,-0.08304756155894087
44.58,0.4004059433937073,1.0454189777374268,-0.030900068405525425,0.5493223667143917,-0.16598105430600432,-0.08844310311081077
44.59,0.4061085283756256,1.0437043905258179,-0.031811699268992626,0.5909517407416374,-0.17703175544736002,-0.09390871013799848
44.6,0.41222497820854187,1.041878342628479,-0.03277824260828571,0.6321117281915015,-0.18817782402042318,-0.09943650131576146
44.61,0.4187507629394531,1.0399408340454102,-0.033800429295307584,0.6728425621987728,-0.19927024841312557,-0.10502575830266683
44.62,0.42568182945251465,1.0378929376602173,-0.034878757774338645,0.7131621241568404,-0.21027922630306772,-0.11065418577278988
44.63,0.43301400542259216,1.0357352495193481,-0.03601351301076361,0.7530733942984358,-0.22121071815487264,-0.11632022514265608
44.64,0.4407432973384857,1.0334687232971191,-0.03720516227719206,0.7925853133203176,-0.23202896118168678,-0.12202563235839332
44.65,0.44886571168899536,1.0310946702957153,-0.038454025657931004,0.8316949009896979,-0.2427697181702143,-0.12775109507421656
44.66,0.45737719535827637,1.0286133289337158,-0.03976018417867603,0.8704125881193707,-0.2534389495849213,-0.13348366751924212
44.67,0.4662739634513855,1.0260258913040161,-0.041123699008316444,0.9087383747099409,-0.2640008926391189,-0.13923106738240643
44.68,0.475551962852478,1.0233333110809326,-0.042544805526324454,0.946663320064733,-0.2744555473328183,-0.14497487620917623
44.69,0.4852072298526764,1.0205367803573608,-0.044023196532499406,0.9842157363890063,-0.2848207950591596,-0.15071188640205377
44.7,0.49523627758026123,1.0176368951797485,-0.04555904325436592,1.0214075446127249,-0.29510259628291285,-0.15643496542651955
44.71,0.5056353807449341,1.0146347284317017,-0.04715189584103022,1.0582208633424957,-0.30528903007513397,-0.16212955585207417
44.72,0.5164006948471069,1.011531114578247,-0.0488016343714067,1.094660162925938,-0.3153920173645647,-0.1677984418713697
44.73,0.5275285840034485,1.0083268880844116,-0.05050786467845716,1.1307388544080874,-0.3254175186156718,-0.17343637145287924
44.74,0.5390154719352722,1.0050227642059326,-0.052270361800464675,1.1664509773252572,-0.33535361289972787,-0.1790389824973535
44.75,0.5508576035499573,1.001619815826416,-0.05408864432840483,1.201799511909724,-0.3451973199845047,-0.18458797471140662
44.76,0.5630514621734619,0.9981188178062439,-0.05596212129469187,1.2367904186246845,-0.35496652126306705,-0.1900819275074608
44.77,0.5755934119224548,0.9945204854011536,-0.057890282878554515,1.2714326381681362,-0.3646671772002604,-0.1955120251757286
44.78,0.5884801149368286,0.9908254742622375,-0.059872361798207215,1.305723190307877,-0.3742933273316174,-0.20087322514223516
44.79,0.6017078757286072,0.9870346188545227,-0.06190774738139822,1.3396650552752298,-0.38383007049568185,-0.20616617393180653
44.8,0.6152734160423279,0.9831488728523254,-0.06399568527684263,1.3732731342313527,-0.39327740669244343,-0.21138990447070485
44.81,0.6291733384132385,0.9791690707206726,-0.06613554547081293,1.4065504074094481,-0.4026293754577007,-0.21652558421122406
44.82,0.6434044241905212,0.9750962853431702,-0.06832619696106793,1.439490914345074,-0.41188895702370254,-0.22156943033846377
44.83,0.6579631567001343,0.9709312915802002,-0.07056693407758136,1.4720916748044575,-0.4210710525512037,-0.22652702997255425
44.84,0.672846257686615,0.9666748642921448,-0.07285673756051968,1.504373550414804,-0.4301756620406432,-0.23137435180168023
44.85,0.6880506277084351,0.962327778339386,-0.07519442111361578,1.536336541176148,-0.4391878843308369,-0.2361170636142188
44.86,0.7035729885101318,0.9578911066055298,-0.07757907883280302,1.5679657459262153,-0.448131561279386,-0.24076033954909887
44.87,0.7194099426269531,0.9533651471138,-0.0800096279045967,1.599276065826166,-0.4570186138152362,-0.24529478731357185
44.88,0.7355585098266602,0.9487507343292236,-0.08248497457907507,1.6302794218060805,-0.4658102989196049,-0.24970859461160272
44.89,0.7520155310630798,0.9440489411354065,-0.08500379979682965,1.6609668731692757,-0.4745036363602629,-0.2539992147224507
44.9,0.7687778472900391,0.9392606616020203,-0.0875649588735232,1.691350340843537,-0.4831224679947861,-0.25816739646443293
44.91,0.7858425378799438,0.9343864917755127,-0.0901671477261175,1.72143578529331,-0.491657853126449,-0.262203195914238
44.92,0.8032065629959106,0.9294275045394897,-0.0928090227918087,1.7512232065198068,-0.500097870826643,-0.2661084637529704
44.93,0.8208670020103455,0.9243845343589783,-0.09548931700117776,1.7807126045230595,-0.5084365606308995,-0.269874197370266
44.94,0.8388208150863647,0.9192587733268738,-0.0982065067392128,1.8099159002301248,-0.5166888236998705,-0.27349814610131584
44.95,0.8570653200149536,0.9140507578849792,-0.10095927992320493,1.838833093642901,-0.5248725414275303,-0.2769840609680785
44.96,0.8755974769592285,0.9087613224983215,-0.10374618795857538,1.867449283600225,-0.5329787731171715,-0.2803257870012679
44.97,0.8944143056869507,0.9033911824226379,-0.10656579566322899,1.895779371261974,-0.5410254001618509,-0.2835141503367731
44.98,0.9135130643844604,0.8979408144950867,-0.10941647096530957,1.9238233566281173,-0.5489975214003658,-0.28654795060927235
44.99,0.932890772819519,0.8924112319946289,-0.11229675467541538,1.9515812397000123,-0.5568891763686263,-0.289426635142708
45.0,0.9525446891784668,0.8868030309677124,-0.11520500366816472,1.9790679216388825,-0.5647301673890284,-0.29214329989676585
45.01,0.9724721312522888,0.8811166286468506,-0.11813962067334943,2.0062744617459023,-0.5725115537642538,-0.2947054822367329
45.02,0.9926701784133911,0.8753527998924255,-0.1210991133129004,2.0332008600231806,-0.5802184343337106,-0.2971096707154543
45.03,1.0131361484527588,0.8695122599601746,-0.12408181408765964,2.059859037399702,-0.5878597497941233,-0.2993426888357283
45.04,1.033867359161377,0.8635956048965454,-0.12708596708961392,2.08625197410625,-0.5954295396805994,-0.30140499500598716
45.05,1.0548611879348755,0.8576036691665649,-0.13010991398777808,2.1123766899105583,-0.6029248237608921,-0.30330411869774176
45.06,1.0761148929595947,0.8515371084213257,-0.1331520494635696,2.138245105743074,-0.6103456020354271,-0.3050305392691544
45.07,1.0976260900497437,0.8453967571258545,-0.13621052477316212,2.163857221603824,-0.6177008152009286,-0.30658655260384354
45.08,1.1193920373916626,0.8391830921173096,-0.13928378051564547,2.1892130374905023,-0.6250083446501709,-0.3079759326185057
45.09,1.1414103507995605,0.8328965902328491,-0.14237004342553328,2.2143006324764607,-0.6322562694548572,-0.3091890729710794
45.1,1.1636780500411987,0.8265379667282104,-0.14546756197506802,2.2391378879551573,-0.639423727989324,-0.3102275154745988
45.11,1.1861931085586548,0.8201081156730652,-0.14857459373502413,2.2637426853184435,-0.6465137004853582,-0.31108764107090153
45.12,1.2089529037475586,0.8136076927185059,-0.15168931479648495,2.288085222243905,-0.6535351276396684,-0.3117693710180848
45.13,1.23195481300354,0.8070374131202698,-0.1548099811553868,2.312207221984502,-0.6604969501494329,-0.31227569908664604
45.14,1.2551970481872559,0.8003977537155151,-0.15793482877821902,2.3360729217533946,-0.6674081087113755,-0.31260398219103536
45.15,1.2786762714385986,0.7936892509460449,-0.16106206079920607,2.3596763610844538,-0.6742537021638304,-0.31275624020343346
45.16,1.3023905754089355,0.7869126796722412,-0.16418995358228627,2.3830711841579526,-0.6810337305067905,-0.3127349107372623
45.17,1.3263376951217651,0.780068576335907,-0.16731675901395213,2.4062275886531883,-0.687751173972976,-0.3125260368572036
45.18,1.3505151271820068,0.7731576561927795,-0.17044047431943132,2.4291276931767527,-0.6943970918656777,-0.31213207521278535
45.19,1.3749202489852905,0.7661806344985962,-0.1735594005182067,2.4518191814418775,-0.7009804248808719,-0.3115694170172169
45.2,1.399551510810852,0.7591380476951599,-0.17667186265977686,2.474308013915629,-0.7075011730192986,-0.310835777536185
45.21,1.4244064092636108,0.752030611038208,-0.1797761160689314,2.4965584278111654,-0.7139503955842484,-0.30992616261513234
45.22,1.4494826793670654,0.7448590397834778,-0.18287038591207813,2.5185704231267216,-0.7203280925752166,-0.30883665576959024
45.23,1.4747778177261353,0.7376240491867065,-0.1859528491843221,2.5402963161464536,-0.7266938686369714,-0.30756813978953434
45.24,1.5002886056900024,0.7303251624107361,-0.18902174870786995,2.561348676681118,-0.7329285144804762,-0.3061275095747239
45.25,1.5260047912597656,0.7229654788970947,-0.19207539937581758,2.5802850723271735,-0.7385462522508183,-0.30451816202347554
45.26,1.5518943071365356,0.7155542373657227,-0.1951121119483384,2.5941133499141453,-0.7427126169203551,-0.3027387087609605
45.27,1.5778870582580566,0.7081112265586853,-0.1981301735510378,2.604037523269246,-0.7457971572874811,-0.30079154683211057
45.28,1.6039750576019287,0.7006382942199707,-0.20112794288498137,2.603727579117339,-0.7459610700608784,-0.2986654653716875
45.29,1.629961609840393,0.6931920051574707,-0.2041034828584702,2.5865852832799336,-0.741273164749293,-0.2963764228521105
45.3,1.655706763267517,0.6858128309249878,-0.2070554713420222,2.5667428970332904,-0.7357954978941721,-0.293934666921712
45.31,1.681296467781067,0.678476095199585,-0.2099821761969052,2.551621198653776,-0.7316768169401933,-0.2913191262334569
45.32,1.7067391872406006,0.6711792945861816,-0.21288185386669228,2.528303861618545,-0.7252275943757547,-0.2885405033544194
45.33,1.7318625450134277,0.6639715433120728,-0.2157529862639923,2.497845888137427,-0.7167637348173929,-0.28561894355891826
45.34,1.756696105003357,0.6568440198898315,-0.21859423273787143,2.4695158004756883,-0.7089614868162954,-0.2825457693660607
45.35,1.7812528610229492,0.6497923135757446,-0.2214039016513142,2.438110113144406,-0.7003128528596364,-0.2793106413370717
45.36,1.8054583072662354,0.6428377628326416,-0.22418044556461156,2.3930132389073364,-0.6877273321153101,-0.27592153961660754
45.37,1.8291131258010864,0.6360377669334412,-0.22692233244364504,2.3405790328975833,-0.6730228662489792,-0.2723926538307238
45.38,1.8522698879241943,0.6293773055076599,-0.22962829864122675,2.2922217845913164,-0.6594896316527289,-0.26871951825429247
45.39,1.87495756149292,0.6228479743003845,-0.23229672280873162,2.249360084534139,-0.6475538015366888,-0.26490644696624815
45.4,1.8972570896148682,0.6164262294769287,-0.23492642758055088,2.2112667560581794,-0.6370186805726366,-0.2609712336846112
45.41,1.9191828966140747,0.6101076006889343,-0.23751614748242283,2.1665632724758574,-0.6245672702788331,-0.25688706743328
45.42,1.940588355064392,0.6039348840713501,-0.24006416892921736,2.116602659225133,-0.6105750799178122,-0.2526675180753606
45.43,1.961514949798584,0.5978960990905762,-0.24256949784393073,2.0713508129123994,-0.5979210138322112,-0.24834345955229653
45.44,1.9820153713226318,0.5919764637947083,-0.24503103812026214,2.031195163726489,-0.5867481231688536,-0.24390898074238626
45.45,2.00213885307312,0.5861611366271973,-0.2474476774587791,1.993668079375909,-0.5763828754424147,-0.239347292688337
45.46,2.0218887329101562,0.5804488062858582,-0.24981798397402977,1.9452095031742151,-0.5628675222397971,-0.23466689968694393
45.47,2.0410430431365967,0.5749037861824036,-0.25214101545251705,1.8851161003116543,-0.5459904670716418,-0.22988428673502836
45.48,2.059591054916382,0.5695289969444275,-0.2544156697087292,1.8225908279416096,-0.5284011363982328,-0.22500218274209374
45.49,2.0774948596954346,0.5643357634544373,-0.2566410591073598,1.758110523223602,-0.5102246999739803,-0.22001821149016834
45.5,2.0947532653808594,0.5593245029449463,-0.2588160339385335,1.6937851905826125,-0.49207508564005153,-0.21494101927446
45.51,2.11137056350708,0.5544942617416382,-0.26093987949284814,1.6300439834592177,-0.4740893840789054,-0.2097848222352932
45.52,2.127354145050049,0.5498427152633667,-0.26301173038323994,1.5671849250791008,-0.45632719993584175,-0.2045444089747841
45.53,2.142714262008667,0.5453677177429199,-0.26503076767234446,1.5048503875735415,-0.4386782646180072,-0.19922769612294522
45.54,2.1574511528015137,0.5410691499710083,-0.2669962843056979,1.4428973197939883,-0.4211276769638899,-0.1938344512982967
45.55,2.171572208404541,0.5369451642036438,-0.26890745669830973,1.3816595077512488,-0.4037767648696268,-0.18837760620142138
45.56,2.185084342956543,0.5329936146736145,-0.27076383642972685,1.321017742156776,-0.3866076469420782,-0.18287666412288212
45.57,2.1979925632476807,0.529213011264801,-0.272564989980768,1.26098394393946,-0.36961436271674836,-0.1773118917054581
45.58,2.210304021835327,0.525601327419281,-0.2743100742638354,1.2021660804746657,-0.35298466682428564,-0.17169914339937956
45.59,2.2220358848571777,0.5221533179283142,-0.2759989728487561,1.144254207610905,-0.336551666259713,-0.16605058090621475
45.6,2.233189105987549,0.5188702940940857,-0.2776310858819603,1.0863661766054407,-0.3200322389603298,-0.16036468072478796
45.61,2.2437632083892822,0.5157526731491089,-0.2792062664632513,1.0291814804079196,-0.30368566513067563,-0.15466753817106907
45.62,2.253772735595703,0.5127965807914734,-0.2807244366453808,0.9736657142637638,-0.28780102729792867,-0.1489431180016865
45.63,2.2632365226745605,0.5099966526031494,-0.2821851288232856,0.9194970130918972,-0.2722620964049867,-0.14319276702792189
45.64,2.272162675857544,0.5073513388633728,-0.28358829198593993,0.8663535118104752,-0.25698244571690904,-0.13745550989752678
45.65,2.2805635929107666,0.5048570036888123,-0.2849342390212355,0.8145928382875156,-0.24208724498753595,-0.1317147003943293
45.66,2.288454532623291,0.502509593963623,-0.2862225859938259,0.7645130157469509,-0.22763609886165875,-0.12596456060876257
45.67,2.295853853225708,0.5003042817115784,-0.28745353023341136,0.7160902023314311,-0.21364837884899615,-0.12024699131832137
45.68,2.302776336669922,0.49823662638664246,-0.28862752582019274,0.6697177886964223,-0.20022988319400956,-0.11456707663646318
45.69,2.309248208999634,0.496299684047699,-0.28974487176613994,0.6254076957701659,-0.187382102012605,-0.10891391403993718
45.7,2.315284490585327,0.49448898434638977,-0.2908058041009918,0.5827903747557682,-0.17504692077633982,-0.10329773870050901
45.71,2.320904016494751,0.49279874563217163,-0.2918108265401506,0.5412936210633401,-0.16305297613147166,-0.09771707976881928
45.72,2.326110363006592,0.491227924823761,-0.292760145696368,0.5003213882447285,-0.15121549367907672,-0.09220159936437936
45.73,2.3309104442596436,0.4897744357585907,-0.293654858527438,0.4605531692504163,-0.13972669839856824,-0.08676724641064369
45.74,2.3353214263916016,0.4884333908557892,-0.2944954906245809,0.42179822921746335,-0.10771304368971095,-0.03860556140024514
45.75,2.339346408843994,0.48762017488479614,-0.29442696975544286,0.3839015960694123,-0.03454983234406205,-0.03182806742359568
45.76,2.3429994583129883,0.4877423942089081,-0.29513205197305287,0.34668445587152785,0.017027556896207056,-0.069423863524565
45.77,2.346280097961426,0.48796072602272034,-0.2958154470259342,0.30931234359736376,0.026638805866237292,-0.06582470769277508
45.78,2.3491857051849365,0.4882751703262329,-0.29644854612690835,0.27214288711553264,0.03610700368881944,-0.06085022794778506
45.79,2.3517229557037354,0.4886828660964966,-0.29703245158488945,0.23641586303715642,0.04140287637711395,-0.05598391754778612
45.8,2.3539140224456787,0.489103227853775,-0.29756822447786385,0.2021789550780934,0.03989487886428209,-0.05125316388378296
45.81,2.355766534805298,0.48948076367378235,-0.29805751486256515,0.16878843307492478,0.03117918968200196,-0.0466748195885918
45.82,2.3572897911071777,0.48972681164741516,-0.2985017208696356,0.13625621795657009,0.018894672393802586,-0.04223945988691421
45.83,2.3584916591644287,0.4898586571216583,-0.2989023040603034,0.10405778884886069,0.0090077519416795,-0.03794850003843681
45.84,2.3593709468841553,0.4899069666862488,-0.29926069087040436,0.072062015533436,0.0005334615707396627,-0.033844774403729835
45.85,2.3599328994750977,0.4898693263530731,-0.2995791995483781,0.040411949157722886,-0.008101761341096582,-0.029930037518749855
45.86,2.3601791858673096,0.4897449314594269,-0.299859291620779,0.008022785186769174,-0.016453862190249857,-0.02618422918443907
45.87,2.360093355178833,0.4895402491092682,-0.30010288413206654,-0.02484321594237893,-0.023798644542690373,-0.02264679574259444
45.88,2.359682321548462,0.489268958568573,-0.30031222753563114,-0.05420446395873176,-0.028908252716059936,-0.019328037595209045
45.89,2.359009265899658,0.4889620840549469,-0.3004894448839709,-0.07996559143067997,-0.0316619873046938,-0.01622619307682139
45.9,2.3580830097198486,0.48863571882247925,-0.3006367513971677,-0.10468959808351692,-0.026889145374303446,-0.0012334848190411985
45.91,2.3569154739379883,0.48842430114746094,-0.3005141145803515,-0.12719631195066372,-0.009655952453611772,0.0017504824974642935
45.92,2.355539083480835,0.488442599773407,-0.3006017417472183,-0.14781951904294563,0.0029146671295161458,-0.008014775184571468
45.93,2.353959083557129,0.48848259449005127,-0.3006744100840428,-0.1679182052612639,0.005488097667695184,-0.0062822548030817835
45.94,2.3521807193756104,0.48855236172676086,-0.30072738684327976,-0.18553733825680693,0.009225308895109642,-0.004468122615807614
45.95,2.350248336791992,0.4886671006679535,-0.300763772536359,-0.20018815994259567,0.014036893844602298,-0.002959429445902976
45.96,2.348176956176758,0.48883309960365295,-0.30078657543219783,-0.21104812622074512,0.01815408468246821,-0.00175617533402263
45.97,2.346027374267578,0.4890301823616028,-0.3007988960430396,-0.21727085113529712,0.02076774835586961,-0.0008601261421993845
45.98,2.3438315391540527,0.48924845457077026,-0.3008037779550418,-0.2195000648498192,0.02231448888778338,-0.0002954764962703287
45.99,2.341637372970581,0.4894764721393585,-0.30080480557296513,-0.21826028823849128,0.023046135902401184,-5.1380896159961295e-05
46.0,2.3394663333892822,0.48970937728881836,-0.30080480557296513,-0.21380186080936872,0.023046135902409372,0.0
46.01,2.3373613357543945,0.4899373948574066,-0.30080480557296513,-0.2060890197753584,0.02223402261733661,0.0
46.02,2.3353445529937744,0.49015405774116516,-0.30080480557296513,-0.19687414169308445,0.02099424600600868,0.0
46.03,2.3334238529205322,0.49035727977752686,-0.30080480557296513,-0.18621683120731244,0.019414722919467973,0.0
46.04,2.331620216369629,0.49054235219955444,-0.30080480557296513,-0.17445087432864798,0.017645955085757906,0.0
46.05,2.32993483543396,0.49071019887924194,-0.30080480557296513,-0.16269683837888083,0.01594126224517573,0.0
46.06,2.328366279602051,0.490861177444458,-0.30080480557296513,-0.1507043838500741,0.014178454875943828,0.0
46.07,2.326920747756958,0.49099376797676086,-0.30080480557296513,-0.13836622238161933,0.01236349344253786,0.0
46.08,2.325598955154419,0.4911084473133087,-0.30080480557296513,-0.1260995864867967,0.010626018047331102,0.0
46.09,2.3243987560272217,0.4912062883377075,-0.30080480557296513,-0.11420249938963059,0.009022653102873346,0.0
46.1,2.323314905166626,0.4912889003753662,-0.30080480557296513,-0.10288953781129977,0.007598102092744432,0.0
46.11,2.322340965270996,0.4913582503795624,-0.30080480557296513,-0.09227991104127813,0.006340444087983439,0.0
46.12,2.321469306945801,0.49141570925712585,-0.30080480557296513,-0.08254051208494803,0.005248188972472324,0.0
46.13,2.320690155029297,0.49146321415901184,-0.30080480557296513,-0.07380247116087714,0.004312396049498838,0.0
46.14,2.319993257522583,0.49150195717811584,-0.30080480557296513,-0.06585121154786466,0.0034749507904059647,0.0
46.15,2.31937313079834,0.49153271317481995,-0.30080480557296513,-0.05836486816407411,0.0027075409889226578,0.0
46.16,2.3188259601593018,0.4915561079978943,-0.30080480557296513,-0.05166530609130052,0.0020638108253475777,0.0
46.17,2.3183398246765137,0.4915739893913269,-0.30080480557296513,-0.04603862762450452,0.0016033649444577571,0.0
46.18,2.3179051876068115,0.49158817529678345,-0.30080480557296513,-0.04104375839234215,0.0012680888175966877,0.0
46.19,2.317518949508667,0.49159935116767883,-0.30080480557296513,-0.036275386810297065,0.0009685754775999463,0.0
46.2,2.3171796798706055,0.49160754680633545,-0.30080480557296513,-0.031673908233637624,0.0006869435310362696,0.0
46.21,2.316885471343994,0.49161309003829956,-0.30080480557296513,-0.027453899383550383,0.00044703483581551865,0.0
46.22,2.3166306018829346,0.49161648750305176,-0.30080480557296513,-0.02400875091553212,0.00027716159820562154,0.0
46.23,2.3164052963256836,0.49161863327026367,-0.30080480557296513,-0.021147727966305287,0.0001639127731322986,0.0
46.24,2.3162076473236084,0.4916197657585144,-0.30080480557296513,-0.0184297561645479,7.003545761107303e-05,0.0
46.25,2.3160367012023926,0.4916200339794159,-0.30080480557296513,-0.015878677368167223,1.0430812835695435e-05,0.0
46.26,2.315890073776245,0.4916199743747711,-0.30080480557296513,-0.013661384582517396,-1.043081283569173e-05,0.0
46.27,2.315763473510742,0.4916198253631592,-0.30080480557296513,-0.011992454528806719,8.940696716307196e-06,0.0
46.28,2.315650224685669,0.49162015318870544,-0.30080480557296513,-0.009787082672121087,6.705522537232779e-05,0.0
46.29,2.3155677318573,0.4916211664676666,-0.30080480557296513,-0.004124641418457852,5.0663948059092114e-05,0.0
46.3,2.3155677318573,0.4916211664676666,-0.30080480557296513,0.0,0.0,0.0
46.31,2.3155677318573,0.4916211664676666,-0.30080480557296513,0.0,0.0,0.0
46.32,2.3155677318573,0.4916211664676666,-0.30080480557296513,0.0,0.0,0.0
46.33,2.3155677318573,0.4916211664676666,-0.30080480557296513,0.0,0.0,0.0
46.34,2.3155677318573,0.4916211664676666,-0.30080480557296513,0.0,0.0,0.0
46.35,2.3155677318573,0.4916211664676666,-0.30080480557296513,0.0,0.0,0.0
46.36,2.3155677318573,0.4916211664676666,-0.30080480557296513,0.0,0.0,0.0
46.37,2.3155677318573,0.4916211664676666,-0.30080480557296513,0.0,0.0,0.0
46.38,2.3155677318573,0.4916211664676666,-0.30080480557296513,0.0,0.0,0.0
46.39,2.3155677318573,0.4916211664676666,-0.30080480557296513,0.0,0.0,0.0
46.4,2.3155677318573,0.4916211664676666,-0.30080480557296513,0.0,0.0,0.0
46.41,2.3155677318573,0.4916211664676666,-0.30080480557296513,0.0,0.0,0.0
46.42,2.3155677318573,0.4916211664676666,-0.30080480557296513,0.0,0.0,0.0
46.43,2.3155677318573,0.4916211664676666,-0.30080480557296513,0.0,0.0,0.0
46.44,2.3155677318573,0.4916211664676666,-0.30080480557296513,0.0,0.0,0.0
46.45,2.3155677318573,0.4916211664676666,-0.30080480557296513,0.0,0.0,0.0
46.46,2.3155677318573,0.4916211664676666,-0.30080480557296513,0.0,0.0,0.0
46.47,2.3155677318573,0.4916211664676666,-0.30080480557296513,0.0,0.0,0.0
46.48,2.3155677318573,0.4916211664676666,-0.30080480557296513,0.0,0.0,0.0
46.49,2.3155677318573,0.4916211664676666,-0.30080480557296513,0.0,0.0,0.0
46.5,2.3155677318573,0.4916211664676666,-0.30080480557296513,0.0,0.0,0.0
46.51,2.3155677318573,0.4916211664676666,-0.30080480557296513,0.0,0.0,0.0
46.52,2.3155677318573,0.4916211664676666,-0.30080480557296513,0.0,0.0,0.0
46.53,2.3155677318573,0.4916211664676666,-0.30080480557296513,0.0,4.470348358155186e-06,0.0
46.54,2.3155677318573,0.4916212558746338,-0.30080480557296513,-0.0002741813659668514,9.089708328248878e-05,0.0004981536613658402
46.55,2.3155622482299805,0.4916229844093323,-0.30079484249973776,-0.0010609626770017872,0.0003099441528319828,0.003234638172288689
46.56,2.3155465126037598,0.49162745475769043,-0.30074011280951923,-0.002372264862060176,0.000660121440887348,0.009603656662736269
46.57,2.3155148029327393,0.49163618683815,-0.3006027693664829,-0.004351139068604381,0.00120103359222436,0.0196748946883524
46.58,2.3154594898223877,0.4916514754295349,-0.30034661491575243,-0.007259845733641444,0.0020459294319149636,0.03330098602342714
46.59,2.3153696060180664,0.49167710542678833,-0.29993674964601413,-0.011408329010007982,0.003303587436675509,0.05033938310065368
46.6,2.3152313232421875,0.49171754717826843,-0.29933982725373925,-0.016951560974124466,0.005041062831879665,0.07066070414295818
46.61,2.315030574798584,0.4917779266834259,-0.29852353556315514,-0.024163722991948168,0.00731796026230004,0.09412890858373142
46.62,2.3147480487823486,0.4918639063835144,-0.2974572490820652,-0.033342838287348305,0.010165572166441282,0.12060232864732681
46.63,2.314363718032837,0.49198123812675476,-0.2961114889902082,-0.04460811614989537,0.013597309589383861,0.1499616594797791
46.64,2.3138558864593506,0.4921358525753021,-0.29445801589246906,-0.05828142166138855,0.017695128917697613,0.1820976620201449
46.65,2.3131980895996094,0.49233514070510864,-0.292469535749806,-0.07458925247193866,0.022536516189579678,0.21686457547620425
46.66,2.312364101409912,0.49258658289909363,-0.290120724382946,-0.09366273880003419,0.028161704540248283,0.25413612788452355
46.67,2.3113248348236084,0.4928983747959137,-0.28738681319211484,-0.11523962020872222,0.03449618816375193,0.2937925725584363
46.68,2.3100593090057373,0.4932765066623688,-0.2842448729317763,-0.1395344734192172,0.04160255193711155,0.33571032939667694
46.69,2.3085341453552246,0.49373042583465576,-0.28067260660418253,-0.16751289367673164,0.04974752664565262,0.37977487427277196
46.7,2.306709051132202,0.494271457195282,-0.27664937544631946,-0.19910335540768373,0.05895793437956842,0.42586076123656286
46.71,2.3045520782470703,0.4949095845222473,-0.27215539137945016,-0.23391246795658951,0.06913691759110872,0.4738593854739347
46.72,2.3020308017730713,0.4956541955471039,-0.2671721877368425,-0.2721667289734428,0.08030086755754161,0.5236470202076335
46.73,2.2991087436676025,0.4965156018733978,-0.2616824509752997,-0.31388998031611304,0.09243339300154195,0.5751050208612429
46.74,2.295753002166748,0.497502863407135,-0.25567008731961594,-0.3570556640624442,0.10495185852049141,0.6281362785467555
46.75,2.2919676303863525,0.498614639043808,-0.2491197254043626,-0.3976583480835752,0.11668801307680544,0.6826373935020528
46.76,2.287799835205078,0.49983662366867065,-0.24201733944957737,-0.4330277442931452,0.12687295675275725,0.7384900476205836
46.77,2.2833070755004883,0.5011520981788635,-0.23434992445194885,-0.4646658897399176,0.13595223426816722,0.7955904698570082
46.78,2.2785065174102783,0.5025556683540344,-0.22610553005243475,-0.49655437469492303,0.14506578445437457,0.8538354908234658
46.79,2.273375988006592,0.5040534138679504,-0.21727321463548277,-0.5324602127076254,0.1553058624267887,0.913116615731306
46.8,2.267857313156128,0.5056617856025696,-0.20784319773781215,-0.5725145339964925,0.16674697399136798,0.9733261413490435
46.81,2.26192569732666,0.5073883533477783,-0.19780669180849883,-0.6136775016783709,0.17850697040555072,1.0343787829560185
46.82,2.2555837631225586,0.5092319250106812,-0.18715562207868836,-0.6544947624207845,0.19014775753025023,1.0961829376118186
46.83,2.248835802078247,0.5111913084983826,-0.17588303305626674,-0.6948709487913953,0.2016663551330251,1.1586289099235278
46.84,2.2416863441467285,0.5132652521133423,-0.16398304388021417,-0.7337808609007642,0.21277070045467866,1.2216260434173654
46.85,2.2341601848602295,0.5154467225074768,-0.15145051218791575,-0.77081918716446,0.22335350513462696,1.2850769672477227
46.86,2.2262699604034424,0.5177323222160339,-0.13828150453526497,-0.8085370063783347,0.23414492607121357,1.3489013675775727
46.87,2.217989444732666,0.5201296210289001,-0.12447248483636954,-0.846910476684438,0.24514198303218823,1.4130079131671425
46.88,2.209331750869751,0.5226351618766785,-0.1100213462719175,-0.8838534355162193,0.2557367086410123,1.4773012306980826
46.89,2.200312376022339,0.5252443552017212,-0.09492646022240307,-0.9208679199220582,0.2663642168045574,1.5417039761067077
46.9,2.1909143924713135,0.5279624462127686,-0.07918726674978939,-0.9585618972780228,0.27719736099248676,1.6061307079061258
46.91,2.1811411380767822,0.5307883024215698,-0.06280384606428688,-0.9958982467649811,0.2879202365874794,1.670491245564448
46.92,2.1709964275360107,0.533720850944519,-0.045777441838495074,-1.0328531265257175,0.2985447645186911,1.7347109175573647
46.93,2.1604840755462646,0.5367591977119446,-0.028109627713133956,-1.0694384574892264,0.3090769052506108,1.798723982171449
46.94,2.1496076583862305,0.53990238904953,-0.009802962195073223,-1.1056900024412335,0.3195077180861927,1.8624375455696927
46.95,2.1383702754974365,0.5431493520736694,0.009139123198265925,-1.1415719985960129,0.32984018325800507,1.9257730850693253
46.96,2.1267762184143066,0.5464991927146912,0.02871249950631939,-1.1770606040956932,0.3400623798371038,1.9886672349376426
46.97,2.1148290634155273,0.5499505996704102,0.04891246789701097,-1.2122035026552704,0.3501862287522059,2.0510398234384026
46.98,2.102532148361206,0.5535029172897339,0.06973329597507943,-1.2470126152036625,0.3602147102355394,2.112831826827202
46.99,2.08988881111145,0.5571548938751221,0.09116910443356176,-1.281476020812788,0.37013292312616286,2.1739733577135367
47.0,2.0769026279449463,0.5609055757522583,0.1132127631293568,-1.3155937194826837,0.37997066974647453,2.234384528699152
47.01,2.0635769367218018,0.56475430727005,0.13585679500753595,-1.3493537902829922,0.38974583148950204,2.294007985504695
47.02,2.0499155521392822,0.5687004923820496,0.1590929228394577,-1.382768154144071,0.3994524478911729,2.3527817874668386
47.03,2.035921573638916,0.5727433562278748,0.18291243075688013,-1.4158487319949107,0.4090607166291097,2.4106504643259052
47.04,2.0215985774993896,0.5768817067146301,0.20730593212596612,-1.4486074447634718,0.41857063770302516,2.4675295848935597
47.05,2.0069494247436523,0.5811147689819336,0.23226302245474134,-1.481038331985242,0.4279792308806704,2.523383530671369
47.06,1.9919778108596802,0.5854412913322449,0.25777360273940136,-1.5131413936612625,0.4372954368590625,2.578169861927978
47.07,1.9766865968704224,0.5898606777191162,0.2838264196933091,-1.5449404716494772,0.44654309749612153,2.631793302781395
47.08,1.9610790014266968,0.5943721532821655,0.31040946879501896,-1.5764117240903297,0.45569241046898395,2.6841998248210897
47.09,1.9451583623886108,0.5989745259284973,0.3375104161897394,-1.607573032378899,0.46473741531364804,2.735360879451337
47.1,1.9289275407791138,0.6036669015884399,0.36511668638405437,-1.638418436050741,0.47369897365579494,2.7852277144233097
47.11,1.9123899936676025,0.6084485054016113,0.3932149704781944,-1.668947935104702,0.4825711250306136,2.8337677059202626
47.12,1.8955485820770264,0.6133183240890503,0.4217920405024484,-1.6991913318631378,0.4913389682769007,2.8809385840037276
47.13,1.8784061670303345,0.6182752847671509,0.4508337421582779,-1.7291367053982893,0.5000144243239575,2.9266649820769075
47.14,1.8609658479690552,0.623318612575531,0.48032534014399586,-1.7587780952457113,0.5086094141007481,2.970886627611083
47.15,1.8432306051254272,0.6284474730491638,0.5102514747104879,-1.7881274223331194,0.5170941352845267,3.0136216882447497
47.16,1.8252032995224,0.6336604952812195,0.540597773908879,-1.817178726196005,0.5254745483397616,3.0547708384392247
47.17,1.8068870306015015,0.6389569640159607,0.5713468914792819,-1.845943927764604,0.5337864160536885,3.0943004217081786
47.18,1.788284420967102,0.6443362236022949,0.6024837823430521,-1.8744468688968574,0.5420118570328837,3.132217182841092
47.19,1.7693980932235718,0.6497972011566162,0.6339912351360912,-1.902663707732857,0.5501478910445307,3.1684719719511745
47.2,1.750231146812439,0.6553391814231873,0.6658532217820856,-1.930588483810123,0.5582004785536847,3.203060180054728
47.21,1.7307863235473633,0.6609612107276917,0.698052438737196,-1.9582450389865957,0.5661785602570707,3.235899012372623
47.22,1.7110662460327148,0.6666627526283264,0.7305712020295254,-1.985609531402983,0.5740910768510054,3.2669349637908303
47.23,1.6910741329193115,0.6724430322647095,0.7633911380129995,-2.012693881988211,0.5819439887999579,3.29618685828867
47.24,1.6708123683929443,0.6783016324043274,0.796494939195309,-2.0395159721371323,0.5897343158721002,3.3236599625961283
47.25,1.6502838134765625,0.6842377185821533,0.8298643372649326,-2.0660519599918663,0.5974531173707244,3.3492782352380956
47.26,1.6294913291931152,0.6902506947517395,0.8634805039000576,-2.0923316478725975,0.6050974130629547,3.373043174214635
47.27,1.608437180519104,0.6963396668434143,0.897325200749236,-2.1183609962460066,0.6126612424849506,3.3949328460965345
47.28,1.5871241092681885,0.7025039196014404,0.931379160821999,-2.1441221237186885,0.6201535463334363,3.4148867741062316
47.29,1.5655547380447388,0.7087427377700806,0.9656229362313471,-2.169626951218083,0.6275713443757353,3.4329462488430442
47.3,1.5437315702438354,0.7150553464889526,1.0000380857988462,-2.1948873996731186,0.6349027156828841,3.4490817729460437
47.31,1.5216569900512695,0.7214407920837402,1.0346045716902788,-2.2198915481563914,0.6421595811842868,3.4632669926750874
47.32,1.4993337392807007,0.7278985381126404,1.0693034256523588,-2.2446393966679272,0.6493598222733836,3.4754637564886424
47.33,1.47676420211792,0.7344279885292053,1.1041138468200375,-2.269136905669811,0.6564915180205273,3.485685239360713
47.34,1.4539510011672974,0.741028368473053,1.1390171304395837,-2.293390035628914,0.6635457277296937,3.493983047531999
47.35,1.4308964014053345,0.7476989030838013,1.1739935077706887,-2.3174047470097383,0.6705552339555167,3.5002878846173893
47.36,1.4076029062271118,0.7544394731521606,1.2090228881319174,-2.3411691188816914,0.6775230169297612,3.5045725661942617
47.37,1.38407301902771,0.7612493634223938,1.2440849590945602,-2.3647010326381803,0.6844162940977934,3.506826977394602
47.38,1.3603088855743408,0.7681277990341187,1.2791594276798202,-2.3880004882808765,0.6912142038344257,3.507116700434827
47.39,1.336313009262085,0.7750736474990845,1.3142272931032677,-2.411079406738761,0.6979018449784714,3.505454988939669
47.4,1.3120872974395752,0.7820858359336853,1.3492685274585998,-2.4339258670811725,0.7044970989228696,3.5017712682739206
47.41,1.2876344919204712,0.7891635894775391,1.384262718468732,-2.45655775070152,0.7110476493834338,3.496079751314349
47.42,1.262956142425537,0.7963067889213562,1.4191901224848977,-2.4789690971370635,0.717562437057383,3.488421980103272
47.43,1.2380551099777222,0.803514838218689,1.454031158070808,-2.5011360645299168,0.7240176200868139,3.4787604723464574
47.44,1.2129334211349487,0.8107871413230896,1.4887653319318133,-2.5218546390529504,0.7300853729246906,3.4671198111462154
47.45,1.1876180171966553,0.8181165456771851,1.5233735542937434,-2.5340497493739935,0.7337808609007642,3.4535457050558866
47.46,1.162252426147461,0.8254627585411072,1.5578362460329418,-2.5376200675969405,0.7350653409959348,3.438011584941121
47.47,1.1368656158447266,0.8328178524971008,1.5921337859925522,-2.539235353470354,0.7357925176621948,3.420533742066981
47.48,1.111467719078064,0.8401786088943481,1.6262469208742676,-2.540433406829437,0.7363915443419259,3.401092385243133
47.49,1.0860569477081299,0.8475456833839417,1.6601556336974257,-2.539008855819305,0.736248493194465,3.3797815702438383
47.5,1.06068754196167,0.8549035787582397,1.6938425522791551,-2.536714076996354,0.7358551025392089,3.356571763792828
47.51,1.035322666168213,0.8622627854347229,1.727287068973269,-2.537310123443207,0.7362633943556588,3.331510610519962
47.52,1.0099413394927979,0.8696288466453552,1.7604727644895648,-2.532586455344758,0.7350564002989574,3.3046731314845865
47.53,0.9846709370613098,0.8769639134407043,1.7933805316029712,-2.5153309106831787,0.7301390171052478,3.2759237905933904
47.54,0.9596347212791443,0.8842316269874573,1.8259912403014196,-2.491548657417793,0.723278522491599,3.245342870469516
47.55,0.9348399639129639,0.8914294838905334,1.8582873890123486,-2.4696707725521043,0.7169365882872415,3.2130134979463905
47.56,0.9102413058280945,0.8985703587532043,1.8902515102603574,-2.4397224187847137,0.7081836462019767,3.1789456786624064
47.57,0.886045515537262,0.9055931568145752,1.9218663025856066,-2.390441298485278,0.6937146186829993,3.1432135762418136
47.58,0.8624324798583984,0.9124446511268616,1.9531157817851812,-2.331444621085756,0.6763637065886394,3.1058314610027202
47.59,0.8394166231155396,0.9191204309463501,1.9839829318056705,-2.268409729003552,0.657811760902302,3.0667249981161864
47.6,0.8170642852783203,0.9256008863449097,2.0144502817475143,-2.2028744220738026,0.6385058164597828,3.0260188840195905
47.61,0.7953591346740723,0.9318905472755432,2.0445033094860503,-2.137863636017271,0.6192892789841931,2.983797881878741
47.62,0.7743070125579834,0.9379866719245911,2.0741262393850772,-2.074328064918194,0.600448250770475,2.9400024996586738
47.63,0.7538725733757019,0.9438995122909546,2.103303359479233,-2.015903592109365,0.583103299140839,2.894714183596339
47.64,0.7339889407157898,0.9496487379074097,2.132020523057013,-1.9625335931781858,0.5671918392182524,2.84798106158789
47.65,0.714621901512146,0.9552433490753174,2.1602629807109794,-1.9124478101734153,0.5521506071091796,2.7998269417747874
47.66,0.6957399845123291,0.9606917500495911,2.1880170618924977,-1.8655836582180922,0.5380928516387098,2.7503672978809766
47.67,0.6773102283477783,0.9660052061080933,2.2152703266686076,-1.822936534881307,0.5253285169600619,2.6996039697356755
47.68,0.6592812538146973,0.971198320388794,2.2420091412872196,-1.7850518226627086,0.5139201879502365,2.6475414461400053
47.69,0.6416091918945312,0.976283609867096,2.268221155591397,-1.7508357763287667,0.5035758018492865,2.5942528200683044
47.7,0.6242645382881165,0.9812698364257812,2.293894197688594,-1.7190784215924437,0.4940122365950766,2.5398366659047404
47.71,0.607227623462677,0.986163854598999,2.3190178889095,-1.6867965459826963,0.4842877388001452,2.484316651274138
47.72,0.5905286073684692,0.9909555912017822,2.3435805307140667,-1.651474833488793,0.4736006259919155,2.427689989203258
47.73,0.5741981267929077,0.9956358671188354,2.3675716886935554,-1.612040400504814,0.4617989063262218,2.370098885363155
47.74,0.5582877993583679,1.000191569328308,2.390982508421337,-1.5690624713895251,0.449097156524588,2.3115901202725713
47.75,0.5428168773651123,1.0046178102493286,2.413803491099014,-1.5216171741488622,0.43519139289864617,2.2522205468756424
47.76,0.5278554558753967,1.0088953971862793,2.436026919358841,-1.4712512493131245,0.42054057121270283,2.1920435964365117
47.77,0.5133918523788452,1.013028621673584,2.457644363027751,-1.4217928051946325,0.4062056541442236,2.131115007752915
47.78,0.49941959977149963,1.017019510269165,2.478649219513906,-1.3713523745539533,0.3916144371033494,2.0695290100353767
47.79,0.4859648048877716,1.0208609104156494,2.4990349432284504,-1.3205200433733706,0.37691593170173515,2.0073202001207098
47.8,0.4730091989040375,1.0245578289031982,2.5187956235163123,-1.270098984241287,0.3623723983764082,1.9445653735006798
47.81,0.4605628252029419,1.0281083583831787,2.53792625069847,-1.2188717722890856,0.34760832786554624,1.8813390366774376
47.82,0.44863176345825195,1.0315099954605103,2.556422404249867,-1.1669218540193973,0.33260583877570093,1.8177198196589315
47.83,0.4372243881225586,1.0347604751586914,2.5742806470916415,-1.114714145660226,0.31751394271845623,1.7538084141772192
47.84,0.42633748054504395,1.0378602743148804,2.5914985725334168,-1.0620012879369982,0.3022253513335709,1.6896600315232235
47.85,0.4159843623638153,1.0408049821853638,2.6080738477221113,-1.0081648826601126,0.28656721115118006,1.6253181166810862
47.86,0.4061741828918457,1.0435916185379028,2.624004934867032,-0.9544730186464301,0.270932912826592,1.56089263268242
47.87,0.3968949019908905,1.0462236404418945,2.6392917003757534,-0.9018972516058466,0.25565028190608796,1.4964810245514761
47.88,0.38813623785972595,1.0487046241760254,2.653934555358066,-0.8503913879393202,0.24073123931881002,1.4321458185668527
47.89,0.37988707423210144,1.0510382652282715,2.667934616747095,-0.7998883724214237,0.22617578506474226,1.3679724515393512
47.9,0.37213847041130066,1.0532281398773193,2.681294004388848,-0.7502928376199308,0.2118587493896906,1.3040572273841962
47.91,0.3648812174797058,1.0552754402160645,2.6940157612947737,-0.7014721632002687,0.1977086067199398,1.240482721200437
47.92,0.3581090271472931,1.0571823120117188,2.7061036588128604,-0.6531357765196733,0.18370747566220272,1.1773470661593224
47.93,0.3518185019493103,1.058949589729309,2.717562702617964,-0.6051033735276472,0.1697719097137789,1.1147357137295086
47.94,0.34600695967674255,1.0605777502059937,2.728398373087446,-0.5573004484175764,0.15588998794553227,1.0527185990672059
47.95,0.34067249298095703,1.0620673894882202,2.7386170745993113,-0.5106359720229304,0.14233589172361055,0.9914273144723267
47.96,0.33579424023628235,1.0634244680404663,2.748226919376896,-0.46607255935678216,0.12934207916262339,0.9309491453956285
47.97,0.33135104179382324,1.0646542310714722,2.75723605750722,-0.42362064123162113,0.11689662933351935,0.8713788518377188
47.98,0.3273218274116516,1.0657624006271362,2.7656544964136467,-0.3828853368758557,0.10488033294676095,0.8128304769668366
47.99,0.32369333505630493,1.0667518377304077,2.7734926670465594,-0.34297257661814096,0.09309053421019052,0.755387495164654
48.0,0.3204623758792877,1.0676242113113403,2.780762246316942,-0.30518323183065765,0.08200407028199874,0.6991569696617465
48.01,0.317589670419693,1.0683919191360474,2.7874758064397915,-0.26980191469188286,0.07172226905821633,0.6442365839437573
48.02,0.3150663375854492,1.0690586566925049,2.7936469779958193,-0.23503452539440295,0.06169676780699719,0.5907443517633135
48.03,0.3128889799118042,1.0696258544921875,2.7992906934750597,-0.20151883363727763,0.05205869674683653,0.5387995484291215
48.04,0.31103596091270447,1.0700998306274414,2.8044229689643996,-0.16924738883975535,0.042831897735604224,0.4885081014130849
48.05,0.30950403213500977,1.0704824924468994,2.8090608555033194,-0.1366659998893524,0.0336229801177926,0.4399686227638289
48.06,0.308302640914917,1.0707722902297974,2.8132223414196775,-0.10482519865034372,0.024700164794918014,0.3933077797498903
48.07,0.30740752816200256,1.0709764957427979,2.8169270110983184,-0.07474124431611594,0.01630187034607258,0.34862880305049077
48.08,0.30680781602859497,1.0710983276367188,2.820194917480686,-0.04533976316451318,0.008088350296019243,0.30604683513570585
48.09,0.30650073289871216,1.0711382627487183,2.8230479478010335,-0.01728236675262181,0.00026226043701167777,0.2657093413451135
48.1,0.3064621686935425,1.071103572845459,2.825509104307589,0.00792145729065099,-0.006753206253053101,0.22771446032061693
48.11,0.30665916204452515,1.0710031986236572,2.827602237007445,0.03194808959961573,-0.01345276832580834,0.19218930725166056
48.12,0.30710113048553467,1.0708345174789429,2.8293528904526215,0.055573880672446146,-0.020068883895870887,0.15927336310787862
48.13,0.30777063965797424,1.0706018209457397,2.830787704269603,0.07712543010710464,-0.026124715805049627,0.1290664403737172
48.14,0.308643639087677,1.0703120231628418,2.8319342192600963,0.09792298078538936,-0.031965970993048355,0.1017026736769491
48.15,0.30972909927368164,1.069962501525879,2.8328217577431416,0.1179993152618643,-0.03763437271118913,0.07732176983187716
48.16,0.3110036253929138,1.0695593357086182,2.8334806546567335,0.13313442468641107,-0.041955709457390904,0.05605511730441227
48.17,0.3123917877674103,1.069123387336731,2.83394286008923,0.1447618007659686,-0.04531145095824487,0.03804202193060063
48.18,0.31389886140823364,1.0686531066894531,2.8342414950953456,0.15700459480288767,-0.04884600639344234,0.02337696597909854
48.19,0.3155318796634674,1.0681464672088623,2.834410399408812,0.16920417547223307,-0.052350759506217405,0.012217827071568132
48.2,0.31728294491767883,1.0676060914993286,2.834485851636777,0.18005520105359124,-0.055426359176627076,0.004743731760691685
48.21,0.3191329836845398,1.0670379400253296,2.8345052740440257,0.18653273582462207,-0.05720257759095376,0.0010244380536541349
48.22,0.32101359963417053,1.0664620399475098,2.83450634039785,0.1879751682281868,-0.057518482208263395,0.0006193739308769775
48.23,0.3228924870491028,1.0658875703811646,2.8345176615226433,0.18653869628903333,-0.05707740783690514,0.0026070673911467255
48.24,0.3247443735599518,1.0653204917907715,2.834558481745673,0.18326342105862614,-0.05631446838378026,0.006423157393807938
48.25,0.3265577554702759,1.0647612810134888,2.8346461246705195,0.1772016286850328,-0.05514025688172484,0.011890059161159407
48.26,0.32828840613365173,1.0642176866531372,2.834796282928896,0.16674101352689044,-0.0532567501068032,0.018911559884801463
48.27,0.3298925757408142,1.0636961460113525,2.8350243558682156,0.1521795988082648,-0.05086064338683287,0.02739268032154312
48.28,0.3313319981098175,1.0632004737854004,2.835344136535327,0.13361871242525852,-0.04811882972718243,0.03720649199022338
48.29,0.33256494998931885,1.062733769416809,2.83576848570802,0.1110360026359779,-0.04515647888184492,0.04822318716807122
48.3,0.3335527181625366,1.0622973442077637,2.8363086002786884,0.08460134267805684,-0.04212856292723951,0.0603363441199617
48.31,0.33425697684288025,1.0618911981582642,2.8369752125904193,0.054192543029776684,-0.03908872604369506,0.0734842775731322
48.32,0.3346365690231323,1.0615155696868896,2.8377782858301512,0.019498169422153537,-0.03603696823120834,0.0875392497125823
48.33,0.33464694023132324,1.0611704587936401,2.8387259975846706,-0.019551813602444453,-0.033015012741083705,0.1023956951609346
48.34,0.3342455327510834,1.0608552694320679,2.8398261997333702,-0.06050020456313141,-0.03013610839843279,0.11795847159512916
48.35,0.3334369361400604,1.0605677366256714,2.8410851670165735,-0.1033946871757713,-0.02741813659668514,0.13413552788009045
48.36,0.33217763900756836,1.0603069067001343,2.8425089102909715,-0.14961659908297653,-0.024843215942387756,0.15083884342660062
48.37,0.3304446041584015,1.0600708723068237,2.844101943885105,-0.19681155681607032,-0.02251267433166152,0.16796878590683167
48.38,0.32824140787124634,1.059856653213501,2.8458682860091087,-0.24355947971340186,-0.020420551300045636,0.18544892577416083
48.39,0.3255734145641327,1.0596624612808228,2.8478109224005888,-0.2898246049881558,-0.01845955848694215,0.20319792332547817
48.4,0.3224449157714844,1.0594874620437622,2.8499322444756174,-0.3356695175171566,-0.016593933105472053,0.2211325797907944
48.41,0.3188600242137909,1.0593305826187134,2.8522335739964038,-0.3810822963714004,-0.01488924026489025,0.23917452691289567
48.42,0.3148232698440552,1.0591896772384644,2.854715735013876,-0.42604804038994804,-0.013375282287595566,0.2572512338434849
48.43,0.3103390634059906,1.0590630769729614,2.8573785986732743,-0.47057718038568325,-0.01200437545776606,0.27527770813889835
48.44,0.3054117262363434,1.058949589729309,2.860221289176653,-0.514660775661388,-0.010710954666136021,0.2931899113768329
48.45,0.30004584789276123,1.0588488578796387,2.863242396900812,-0.5583018064498029,-0.009489059448240704,0.3109358966720557
48.46,0.2942456901073456,1.0587598085403442,2.866440007110095,-0.601515173912168,-0.00839233398437667,0.3284423814543512
48.47,0.28801554441452026,1.0586810111999512,2.8698112445298976,-0.6443023681641907,-0.007385015487672368,0.34563110090269017
48.48,0.28135964274406433,1.0586121082305908,2.8733526291281475,-0.6866648793219446,-0.006431341171263643,0.3624567205627082
48.49,0.2742822468280792,1.0585523843765259,2.877060378941153,-0.7286012172697836,-0.005531311035155385,0.37885661103297014
48.5,0.2667876183986664,1.0585014820098877,2.880929761348808,-0.7701218128205878,-0.004673004150391555,0.3947770771238654
48.51,0.25887981057167053,1.058458924293518,2.8849559204836286,-0.8112281560896559,-0.003862380981444709,0.4101771790130629
48.52,0.2505630552768707,1.0584242343902588,2.8891333049290706,-0.8519262075422862,-0.003099441528319828,0.4249976151354142
48.53,0.24184128642082214,1.0583969354629517,2.893455872786338,-0.8922241628171789,-0.0023901462554936394,0.43919800772189566
48.54,0.2327185720205307,1.058376431465149,2.8979172650835068,-0.9321197867395348,-0.0017404556274417525,0.4527333496442422
48.55,0.22319889068603516,1.0583621263504028,2.9025105397792212,-0.9716175496576698,-0.001132488250732245,0.46555821263979885
48.56,0.21328622102737427,1.0583537817001343,2.907228429336304,-1.0107219219206183,-0.000548362731933508,0.47764523411703314
48.57,0.20298445224761963,1.0583511590957642,2.9120634444615634,-1.04943811893484,-5.960464477540248e-06,0.4889565134951508
48.58,0.19229745864868164,1.0583536624908447,2.9170075596062053,-1.087767630815336,0.0005304813385008936,0.4994545221338128
48.59,0.1812290996313095,1.0583617687225342,2.922052534904241,-1.1257186532018808,0.001132488250732245,0.5091097566267336
48.6,0.1697830855846405,1.0583763122558594,2.9271897547387415,-1.1632889509203364,0.0017702579498294537,0.5178969340787241
48.61,0.1579633206129074,1.0583971738815308,2.9324104735858136,-1.2004822492601877,0.0023901462554936394,0.5257874079447047
48.62,0.14577344059944153,1.0584241151809692,2.9377055028976335,-1.2373089790342304,0.0030636787414545993,0.5327618907012888
48.63,0.13321714103221893,1.0584584474563599,2.943065711399841,-1.2737676501272117,0.0037670135498040986,0.5388087785681163
48.64,0.12029808759689331,1.0584994554519653,2.9484816784689976,-1.3098638504746183,0.0043869018554696226,0.5439023844252072
48.65,0.10701986402273178,1.0585461854934692,2.953943759088343,-1.3456009328368004,0.004988908767701188,0.5480280497064596
48.66,0.09338606894016266,1.0585992336273193,2.9594422394631246,-1.3809818774459588,0.005602836608885843,0.5511790561586931
48.67,0.07940022647380829,1.058658242225647,2.9649673402115186,-1.4160111546514205,0.006198883056639656,0.5533472061951784
48.68,0.06506584584712982,1.0587232112884521,2.97050918358703,-1.4506921172144915,0.006771087646485722,0.5545271495197561
48.69,0.05038638412952423,1.0587936639785767,2.9760578832019116,-1.4850277453658645,0.007319450378416825,0.554707231039233
48.7,0.03536529093980789,1.0588696002960205,2.9816033282078163,-1.5190212987360965,0.007855892181395256,0.553889105336205
48.71,0.020005958154797554,1.0589507818222046,2.9871356653086374,-1.5485545154664022,0.008362531661988968,0.5520936895337046
48.72,0.0043942006304860115,1.0590368509292603,2.992645201998488,-1.5726855024698525,0.008845329284669728,0.5493098550557445
48.73,-0.011447751894593239,1.059127688407898,2.99812186240975,-1.5946416649964938,0.009286403656004407,0.545534852497024
48.74,-0.027498632669448853,1.0592225790023804,3.0035558990484303,-1.6147225163874486,0.009655952453611772,0.5407949626203433
48.75,-0.04374220222234726,1.0593208074569702,3.0089377616621586,-1.6282876953485867,0.009959936141969754,0.5351016703101851
48.76,-0.06006438657641411,1.0594217777252197,3.014257932454632,-1.6347270458934136,0.010204315185545279,0.5284604819910506
48.77,-0.07643674314022064,1.0595248937606812,3.0195069713019813,-1.626525633036836,0.010341405868528657,0.5208984371577093
48.78,-0.09259489923715591,1.0596286058425903,3.0246759011977877,-1.6011979430917112,0.010329484939577251,0.5124408177941484
48.79,-0.10846070200204849,1.0597314834594727,3.0297557876578622,-1.573885977268532,0.010269880294801848,0.5031039487097269
48.8,-0.1240726187825203,1.0598340034484863,3.0347379801719803,-1.5488822013137304,0.010228157043455432,0.4929139660710631
48.81,-0.13943834602832794,1.0599360466003418,3.039614066979285,-1.524221524595976,0.010168552398680052,0.4818989801345676
48.82,-0.15455704927444458,1.06003737449646,3.044375959774673,-1.4957636594775314,0.010055303573610399,0.4700972629500247
48.83,-0.16935361921787262,1.060137152671814,3.0490160122382837,-1.4583952724931344,0.009858608245848069,0.45753518894768375
48.84,-0.18372495472431183,1.060234546661377,3.0535266635536282,-1.4144204556939775,0.009584426879881314,0.4442535028703148
48.85,-0.1976420283317566,1.0603288412094116,3.0579010822956914,-1.368542015552793,0.009262561798097545,0.43029649479368837
48.86,-0.21109579503536224,1.0604197978973389,3.0621325934495003,-1.3174466788771388,0.00887513160705743,0.41569065943919903
48.87,-0.22399096190929413,1.0605063438415527,3.0662148954844737,-1.2587092816827714,0.008410215377806302,0.40048992162815944
48.88,-0.2362699806690216,1.060588002204895,3.0701423918820647,-1.1973999440668142,0.007921457290648175,0.3847535322251859
48.89,-0.24793896079063416,1.0606647729873657,3.0739099661289786,-1.1367008090021486,0.00743269920349269,0.36852056430596974
48.9,-0.25900399684906006,1.0607366561889648,3.0775128031681827,-1.0766044259073493,0.0069439411163343895,0.3518456284802774
48.91,-0.26947104930877686,1.0608036518096924,3.0809468786985827,-1.0171055793760617,0.006461143493651334,0.3347863785058723
48.92,-0.2793461084365845,1.060865879058838,3.084208530738301,-0.9582027792929105,0.005972385406493207,0.3173943131685012
48.93,-0.28863510489463806,1.0609230995178223,3.0872947649619538,-0.8998870849611166,0.005471706390381948,0.29973454808995126
48.94,-0.2973438501358032,1.0609753131866455,3.090203221700099,-0.8421480655668849,0.004982948303221877,0.281875946190158
48.95,-0.3054780662059784,1.0610227584838867,3.092932283885758,-0.7849842309950555,0.004500150680541289,0.2638863586717198
48.96,-0.3130435347557068,1.0610653162002563,3.095480948873534,-0.7283881306649703,0.003975629806519346,0.2458300901026434
48.97,-0.3200458288192749,1.061102271080017,3.0978488856878097,-0.672359764576092,0.0033974647521979417,0.22776388420531293
48.98,-0.32649073004722595,1.0611332654953003,3.1000362265576396,-0.6168931722640026,0.002831220626830612,0.2097775208784408
48.99,-0.3323836922645569,1.0611588954925537,3.102044436105379,-0.5619749426840858,0.002276897430419566,0.19195645589131002
49.0,-0.3377302289009094,1.0611788034439087,3.1038753556754664,-0.5076006054879245,0.0017106533050540514,0.17436938924900863
49.01,-0.34253570437431335,1.0611931085586548,3.1055318238903586,-0.4537686705588585,0.0011563301086423973,0.1570989794291021
49.02,-0.346805602312088,1.0612019300460815,3.107017335264049,-0.4004746675490707,0.0006198883056639656,0.1402218345599507
49.03,-0.350545197725296,1.061205506324768,3.108336260581558,-0.34770816564566853,8.940696716310373e-05,0.12383757887850753
49.04,-0.353759765625,1.0612037181854248,3.1094940868416185,-0.29546618461614765,-0.00043511390686043814,0.10803699489363368
49.05,-0.3564545214176178,1.0611968040466309,3.1104970004794303,-0.2437472343444443,-0.0009417533874510246,0.09291711911250879
49.06,-0.35863471031188965,1.0611848831176758,3.111352429223869,-0.19254237413403363,-0.0014305114746091514,0.07855889232223238
49.07,-0.3603053689002991,1.0611681938171387,3.1120681783258752,-0.14184266328814468,-0.0018894672393802588,0.06506619837797396
49.08,-0.361471563577652,1.0611470937728882,3.1126537531914282,-0.09165257215498446,-0.002330541610717409,0.05255080164169601
49.09,-0.36213842034339905,1.0611215829849243,3.1131191943587093,-0.04196316003798783,-0.0027537345886226162,0.04110171640811423
49.1,-0.36231082677841187,1.0610920190811157,3.1134757875195906,0.007236003875733862,-0.0031590461730963315,0.03084026708939983
49.11,-0.3619937002658844,1.0610584020614624,3.113735999700497,0.055941939353954,-0.003552436828613988,0.021865715435125298
49.12,-0.361191987991333,1.0610209703445435,3.113913101828293,0.10257661342619247,-0.00392198562622009,0.01429301986486163
49.13,-0.35994216799736023,1.060979962348938,3.1140218600977945,0.14362633228299757,-0.00427365303039484,0.008235167488311702
49.14,-0.3583194613456726,1.0609354972839355,3.1140778051780593,0.18103867769244936,-0.004607439041138612,0.0038076400018079797
49.15,-0.35632139444351196,1.0608878135681152,3.1140980128978306,0.21853148937229688,-0.0049412250518808655,0.0011364878050426116
49.16,-0.35394883155822754,1.060836672782898,3.11410053493416,0.2542406320571502,-0.00529289245605386,0.0012630067733441466
49.17,-0.35123658180236816,1.0607819557189941,3.1141232730332975,0.2839297056197676,-0.0058293342590322915,0.00799446333508022
49.18,-0.3482702374458313,1.0607200860977173,3.114260424200862,0.30891448259359783,-0.007009506225587332,0.024378497981541312
49.19,-0.34505829215049744,1.0606417655944824,3.1146108429929282,0.33273100852961107,-0.009351968765257327,0.05029455684630082
49.2,-0.34161561727523804,1.060533046722412,3.115266315337788,0.3532782196998044,-0.013369321823118027,0.08504357419499622
49.21,-0.33799272775650024,1.06037437915802,3.1163117144768284,0.3705441951752446,-0.019586086273197256,0.12793855623332342
49.22,-0.3342047333717346,1.0601413249969482,3.117825086462454,0.38633495569236814,-0.028473138809209767,0.17831951212236236
49.23,-0.3302660286426544,1.059804916381836,3.119878104719275,0.39483457803720023,-0.04043579101561868,0.23553531465053326
49.24,-0.3263080418109894,1.0593326091766357,3.1225357927554653,0.3857433795928352,-0.055855512619009826,0.2989560887281838
49.25,-0.3225511610507965,1.0586878061294556,3.1258572264938396,0.36453753709800346,-0.07519721984864777,0.3679728103166035
49.26,-0.31901729106903076,1.057828664779663,3.129895248961796,0.34092068672174847,-0.09891390800474528,0.4419719703464972
49.27,-0.3157327473163605,1.0567095279693604,3.134696665900771,0.3135085105895506,-0.12716650962827603,0.520375036357786
49.28,-0.31274712085723877,1.0552853345870972,3.1403027496889533,0.28034597635274744,-0.1591980457306225,0.602616552835431
49.29,-0.31012582778930664,1.0535255670547485,-3.1364363102221096,0.24389475584035003,-0.19260048866275806,0.6881395449664521
49.3,-0.30786922574043274,1.0514333248138428,-3.129119766591307,0.20678490400311098,-0.22490024566646874,0.7764176282071608
49.31,-0.3059901297092438,1.0490275621414185,-3.120907957657964,0.1698955893516275,-0.25678873062129776,0.8669530726776541
49.32,-0.30447131395339966,1.046297550201416,-3.1117807051377513,0.13474225997927486,-0.2897024154663662,0.9592223544778643
49.33,-0.3032952845096588,1.0432335138320923,-3.1017235105684104,0.10098516941068979,-0.32325387001032546,1.0527356374972505
49.34,-0.30245161056518555,1.0398324728012085,-3.090725992387803,0.06837993860243682,-0.3571808338164725,1.1470446745293943
49.35,-0.30192768573760986,1.0360898971557617,-3.078782617077819,0.037235021591193934,-0.3917157649994676,1.2417068327272658
49.36,-0.3017069101333618,1.0319981575012207,-3.0658918557332626,0.007736682891847243,-0.4269361495972529,1.3362707787547328
49.37,-0.30177295207977295,1.0275511741638184,-3.0520572015027296,-0.020200014114376726,-0.4627108573912851,1.4303158390687838
49.38,-0.3021109104156494,1.0227439403533936,-3.0372855389518825,-0.04666000604628787,-0.4989445209502394,1.5234560141449476
49.39,-0.30270615220069885,1.017572283744812,-3.021588081219826,-0.07161796092988486,-0.5355954170228117,1.615301734649998
49.4,-0.3035432696342468,1.0120320320129395,-3.004979504258889,-0.09513050317766175,-0.572603940963859,1.7054905856496445
49.41,-0.3046087622642517,1.006120204925537,-2.98747826950684,-0.11736601591108395,-0.6098181009291649,1.7936697603637335
49.42,-0.30589058995246887,0.9998356699943542,-2.9691061090516087,-0.13846457004544954,-0.6471365690230312,1.8795140314349983
49.43,-0.30737805366516113,0.9931774735450745,-2.949887988878134,-0.15841424465182596,-0.6845623254777363,1.9627109933232931
49.44,-0.30905887484550476,0.9861444234848022,-2.9298518891851506,-0.17722398042676063,-0.722065567970163,2.04295075128508
49.45,-0.3109225332736969,0.978736162185669,-2.909028973852426,-0.19509196281430055,-0.759530067443729,2.1199331051174903
49.46,-0.3129607141017914,0.9709538221359253,-2.887453227082794,-0.2121463418007319,-0.796890258789221,2.1934160984538633
49.47,-0.3151654601097107,0.9627983570098877,-2.8651606518833574,-0.22848844528202789,-0.8341133594514599,2.2631380909114602
49.48,-0.31753048300743103,0.9542715549468994,-2.842190465264574,-0.24413019418712614,-0.8711814880369732,2.3288472418818396
49.49,-0.320048063993454,0.9453747272491455,-2.8185837070457134,-0.25905519723888165,-0.9080976247786056,2.390363023949442
49.5,-0.3227115869522095,0.9361096024513245,-2.7943832047855777,-0.2733677625656672,-0.9448230266572925,2.447466598765245
49.51,-0.32551541924476624,0.9264782667160034,-2.769634375070418,-0.28716474771495143,-0.981315970420684,2.4999632380155434
49.52,-0.3284548819065094,0.9164832830429077,-2.744383940025259,-0.30054599046702457,-1.017540693282922,2.547719167771302
49.53,-0.33152633905410767,0.9061274528503418,-2.718679991714984,-0.31350404024130385,-1.0535091161730001,2.5905726374138065
49.54,-0.33472496271133423,0.8954131007194519,-2.692572487276993,-0.326038897037571,-1.0892212390901825,2.6283779082478045
49.55,-0.3380471169948578,0.8843430280685425,-2.6661124335500386,-0.3381639719008871,-1.124677062034431,2.6610196066154947
49.56,-0.341488242149353,0.8729195594787598,-2.639352095144675,-0.34986287355417506,-1.1598795652387712,2.6884020110810942
49.57,-0.3450443744659424,0.8611454367637634,-2.6123443933284083,-0.36117136478431255,-1.194813847542047,2.7104318413501645
49.58,-0.34871166944503784,0.8490232825279236,-2.5851434583176824,-0.37207752466195965,-1.229491829871939,2.727097179123801
49.59,-0.35248592495918274,0.8365556001663208,-2.5578024497459237,-0.38260072469705325,-1.263910531997483,2.7382920424985517
49.6,-0.3563636839389801,0.82374507188797,-2.530377617467703,-0.3923043608666247,-1.2964963912966447,2.74395239497013
49.61,-0.36033201217651367,0.8106256723403931,-2.502923401846532,-0.4004821181298099,-1.3250946998598827,2.7441022199137817
49.62,-0.3643733263015747,0.7972431778907776,-2.475495573069438,-0.4083141684531527,-1.3535529375074178,2.7387421679870343
49.63,-0.368498295545578,0.7835546135902405,-2.448148558486783,-0.4169076681136433,-1.3851612806318025,2.7278875237010514
49.64,-0.3727114796638489,0.7695399522781372,-2.4209378225954086,-0.42476654052742824,-1.4150500297549202,2.7115468917867935
49.65,-0.3769936263561249,0.7552536129951477,-2.3939176206510577,-0.4318669438362981,-1.4432579278948794,2.6898220593847078
49.66,-0.3813488185405731,0.7406747937202454,-2.367141381407725,-0.4392981529235153,-1.4731407165525041,2.6627601759487365
49.67,-0.38577958941459656,0.725790798664093,-2.3406624171320747,-0.4440739750861427,-1.4944672584531355,2.6304203833907076
49.68,-0.39023029804229736,0.710785448551178,-2.3145329737399027,-0.4451081156731537,-1.5035659074786316,2.592932312303203
49.69,-0.39468175172805786,0.6957194805145264,-2.288803770886021,-0.4436761140822671,-1.504644751548532,2.5503682916432355
49.7,-0.3991038203239441,0.6806925535202026,-2.26352560790703,-0.4405960440634992,-1.5003293752667943,2.5028618215814897
49.71,-0.4034936726093292,0.6657128930091858,-2.2387465344543833,-0.43689012527474513,-1.4939129352572553,2.450635079135121
49.72,-0.40784162282943726,0.6508142948150635,-2.2145129063243374,-0.43216943740853325,-1.484140753746328,2.3938118815352114
49.73,-0.41213706135749817,0.6360300779342651,-2.1908702968236886,-0.42659044265740403,-1.471632719039687,2.3325235973180054
49.74,-0.41637343168258667,0.6213816404342651,-2.16786243437797,-0.41828304529183524,-1.4492392539975762,2.267005926186717
49.75,-0.4205027222633362,0.6070452928543091,-2.145530178299947,-0.4067793488503312,-1.415157318115516,2.197494128451953
49.76,-0.4245090186595917,0.5930784940719604,-2.1239125518089397,-0.3935173153876643,-1.3747841119764086,2.1242319114003436
49.77,-0.4283730685710907,0.5795496106147766,-2.1030455400719337,-0.37828236818307687,-1.327380537986548,2.047472733311397
49.78,-0.4320746660232544,0.5665308833122253,-2.0829630971427053,-0.3618359565735583,-1.2755066156389867,1.9674414616923348
49.79,-0.4356097877025604,0.554039478302002,-2.063696710838095,-0.3446951508522719,-1.2202113866808457,1.8844013797835153
49.8,-0.43896856904029846,0.5421266555786133,-2.0452750695470425,-0.32702088356012954,-1.1620432138441177,1.798742828552221
49.81,-0.44215020537376404,0.530798614025116,-2.0277218542670448,-0.3093942999839299,-1.1038571596143905,1.7107290684032597
49.82,-0.445156455039978,0.520049512386322,-2.011060488178972,-0.29205679893499464,-1.0462194681169683,1.6206047865917066
49.83,-0.44799134135246277,0.5098742246627808,-1.9953097585352173,-0.27519762516017426,-0.989058613777006,1.5287900637204475
49.84,-0.4506604075431824,0.5002683401107788,-1.9804846869045585,-0.25871396064754254,-0.9324058890341255,1.4357013043233533
49.85,-0.45316562056541443,0.49122610688209534,-1.9665957324487457,-0.24242848157887514,-0.8763134479524448,1.3417163424980676
49.86,-0.4555089771747589,0.4827420711517334,-1.9536503600546025,-0.22638738155369495,-0.8207529783250535,1.2471583470268481
49.87,-0.4576933681964874,0.47481104731559753,-1.9416525655082137,-0.21063983440395878,-0.7657036185263391,1.1525090694861604
49.88,-0.45972177386283875,0.4674279987812042,-1.9306001786648754,-0.19515305757519533,-0.7111698389052233,1.0582033227009136
49.89,-0.46159642934799194,0.46058765053749084,-1.9204884990541924,-0.17988085746768714,-0.6571695208550807,0.9646458038933635
49.9,-0.4633193910121918,0.4542846083641052,-1.911307262587012,-0.16478598117831647,-0.6036967039109478,0.8723128435712061
49.91,-0.4648921489715576,0.4485137164592743,-1.9030422421827715,-0.14986246824262184,-0.550745427608404,0.7816523227133109
49.92,-0.4663166403770447,0.4432696998119354,-1.8956742161327433,-0.1351267099380282,-0.49831569194785913,0.6932365940575806
49.93,-0.4675946831703186,0.43854740262031555,-1.8891775103016175,-0.12058615684511677,-0.44639408588418306,0.6075734954771416
49.94,-0.46872836351394653,0.43434181809425354,-1.883522746223203,-0.10623037815092333,-0.39497911930078056,0.5251037585035491
49.95,-0.4697192907333374,0.4306478202342987,-1.8786754351315451,-0.09203851222990504,-0.3440678119658886,0.44642892336059464
49.96,-0.4705691337585449,0.4274604618549347,-1.8745941677559896,-0.077988207340256,-0.2936616539955723,0.37214462017186223
49.97,-0.4712790548801422,0.4247745871543884,-1.8712325427281093,-0.06405264139176689,-0.2437666058540829,0.3028705212950447
49.98,-0.47185018658638,0.422585129737854,-1.8685367573300902,-0.05024522542952706,-0.19437074661251844,0.2390840954310817
49.99,-0.4722839593887329,0.42088717222213745,-1.8664508608194872,-0.036577880382532124,-0.14546066522595993,0.18136680600594976
50.0,-0.47258174419403076,0.41967591643333435,-1.8649094212099706,-0.023047626018528757,-0.0970408320427134,0.13063165693075018
50.01,-0.4727449119091034,0.41894635558128357,-1.863838227680873,-0.009649991989134233,-0.04910826683043666,0.08734894298968199
50.02,-0.4727747440338135,0.41869375109672546,-1.863162442350177,0.0036239624023431836,-0.0016495585441586777,0.052088044371104335
50.03,-0.4726724326610565,0.4189133644104004,-1.8627964667934507,0.01678764820099211,0.045330822467812976,0.025652661958424746
50.04,-0.4724389910697937,0.41960036754608154,-1.8626493891110083,0.0298365950584471,0.09183585643770138,0.00873262551639616
50.05,-0.4720757007598877,0.42075008153915405,-1.8626218142831226,0.04275441169738101,0.13787746429441203,0.0008891895948880122
50.06,-0.47158390283584595,0.4223579168319702,-1.8626316053191103,0.055457651615134156,0.18348544836041444,-0.004847301417942115
50.07,-0.47096654772758484,0.4244197905063629,-1.8627187603114816,0.06763041019441043,0.2287462353706815,-0.016826693378216868
50.08,-0.470231294631958,0.42693284153938293,-1.8629681391866748,0.07877647876738271,0.2737894654273559,-0.03702259848425403
50.09,-0.46939101815223694,0.4298955798149109,-1.8634592122811666,0.08771568536757052,0.31639486551279844,-0.06489870514773217
50.1,-0.4684769809246063,0.4332607388496399,-1.8642661132896299,0.0927209854126161,0.35243630409247734,-0.099943854532356
50.11,-0.467536598443985,0.43694430589675903,-1.8654580893718131,0.09366124868394808,0.38319677114494316,-0.14153487785846838
50.12,-0.46660375595092773,0.44092467427253723,-1.8670968108467987,0.09101480245588787,0.4118621349334073,-0.18908844910822495
50.13,-0.46571630239486694,0.44518154859542847,-1.8692398583539784,0.08156299591063178,0.4274562001227664,-0.2422314349417375
50.14,-0.46497249603271484,0.4494737982749939,-1.8719414395456342,0.06389468908311208,0.4261091351509942,-0.3005265712743886
50.15,-0.46443840861320496,0.45370373129844666,-1.8752503897794652,0.0404700636863789,0.4187986254692911,-0.3632647113776478
50.16,-0.4641630947589874,0.45784977078437805,-1.8792067337731857,0.011876225471494726,0.40831267833703333,-0.4300657038287519
50.17,-0.464200884103775,0.4618699848651886,-1.8838517038560416,-0.022168457508083692,0.3947511315345147,-0.5006338759515944
50.18,-0.46460646390914917,0.4657447934150696,-1.889219411292219,-0.060759484767925906,0.3757819533348831,-0.5742719797986938
50.19,-0.4654160737991333,0.46938562393188477,-1.8953371434520134,-0.10199248790739372,0.3506675362586427,-0.6506478758271466
50.2,-0.46664631366729736,0.47275814414024353,-1.9022323688087641,-0.14406144618985786,0.32434612512583433,-0.729362565984523
50.21,-0.4682973027229309,0.47587254643440247,-1.9099243947717064,-0.18633902072910202,0.2994984388352036,-0.8099564584334308
50.22,-0.47037309408187866,0.4787481129169464,-1.9184314979774295,-0.22892057895664955,0.2764195203781678,-0.8921155189281381
50.23,-0.472875714302063,0.4814009368419647,-1.9277667051502658,-0.27173161506648585,0.2550914883613188,-0.9753934167481745
50.24,-0.47580772638320923,0.4838499426841736,-1.937939366312396,-0.314684212207745,0.23540109395977155,-1.0593894714911243
50.25,-0.47916939854621887,0.4861089587211609,-1.9489544945800914,-0.3575056791306253,0.21671205759052772,-1.1437857587847378
50.26,-0.4829578399658203,0.4881841838359833,-1.9608150814880863,-0.40019005537026825,0.1990586519241022,-1.228248191726008
50.27,-0.4871731996536255,0.49009013175964355,-1.9735194584146154,-0.4428729414939188,0.18289387226101878,-1.3123741155258442
50.28,-0.4918152987957001,0.4918420612812042,-1.9870625637986072,-0.4854321479798329,0.16791522502902512,-1.3958335993747741
50.29,-0.4968818426132202,0.4934484362602234,-2.001436130402105,-0.5277737975121595,0.15384703874591074,-1.47835781401347
50.3,-0.5023707747459412,0.4949190020561218,-2.0166297200788708,-0.5698859691618983,0.14066845178601928,-1.5596971534756814
50.31,-0.50827956199646,0.4962618052959442,-2.0326300734716236,-0.611779093742275,0.1284509897231855,-1.6394873814813296
50.32,-0.5146063566207886,0.49748802185058594,-2.0494194677085025,-0.6533771753312457,0.11691004037859382,-1.717527303901609
50.33,-0.5213471055030823,0.4986000061035156,-2.066980619549649,-0.6946712732313978,0.10600835084913504,-1.7935825554095202
50.34,-0.5284997820854187,0.49960818886756897,-2.0852911188166985,-0.7357299327849192,0.09612143039701866,-1.8672735618106417
50.35,-0.536061704158783,0.5005224347114563,-2.1043260907858676,-0.776511430740511,0.0870957970619375,-1.9383732867184282
50.36,-0.5440300107002258,0.5013501048088074,-2.1240585845510593,-0.8169800043107704,0.0787258148193516,-2.0067403848030403
50.37,-0.5524013042449951,0.502096951007843,-2.1444608984819205,-0.8570998907087893,0.07081329822539176,-2.072169801690436
50.38,-0.5611720085144043,0.5027663707733154,-2.1655019805848745,-0.8968323469160585,0.06310045719145742,-2.134418464104448
50.39,-0.5703379511833191,0.5033589601516724,-2.187149267764016,-0.9362161159517244,0.05573332309724009,-2.193325657762727
50.4,-0.5798963308334351,0.50388103723526,-2.2093684937401203,-0.9752839803697619,0.048947334289560517,-2.248656953038711
50.41,-0.5898436307907104,0.5043379068374634,-2.2321224068247814,-1.0139763355253542,0.042402744293206264,-2.300307286870047
50.42,-0.6001758575439453,0.5047290921211243,-2.2553746394775285,-1.0523140430448794,0.036150217056268766,-2.348186947782193
50.43,-0.6108899116516113,0.5050609111785889,-2.2790861457804326,-1.0903269052507663,0.03050267696381222,-2.3920675627714703
50.44,-0.6219823956489563,0.5053391456604004,-2.3032159907329484,-1.128008961677375,0.025361776351924745,-2.4318587194186643
50.45,-0.6334500908851624,0.5055681467056274,-2.3277233201688134,-1.165357232093629,0.020623207092281933,-2.467442358907737
50.46,-0.6452895402908325,0.5057516098022461,-2.352564837911111,-1.2023508548738964,0.016191601753238083,-2.498697575599071
50.47,-0.6574971079826355,0.5058919787406921,-2.377697271680785,-1.2389987707140526,0.01199543476104975,-2.5255796115645572
50.48,-0.6700695157051086,0.505991518497467,-2.403076430142392,-1.2753009796140584,0.008058547973631553,-2.547968855878137
50.49,-0.6830031275749207,0.5060531497001648,-2.4286566487983556,-1.3112396001813746,0.004255771636962225,-2.565825988232405
50.5,-0.6962943077087402,0.5060766339302063,-2.454392949907048,-1.3468295335772333,0.0005066394805909211,-2.579137043317028
50.51,-0.70993971824646,0.5060632824897766,-2.480239389664686,-1.382058858871244,-0.003224611282348129,-2.5877947356696747
50.52,-0.7239354848861694,0.5060121417045593,-2.5061488446204496,-1.4169424772260357,-0.006836652755736236,-2.5918468265676733
50.53,-0.7382785677909851,0.5059265494346619,-2.5320763261960475,-1.4514386653903033,-0.010213255882265215,-2.591286519440788
50.54,-0.7529642581939697,0.5058078765869141,-2.557974575009255,-1.4855384826663112,-0.013574957847597916,-2.5860651892811988
50.55,-0.7679893374443054,0.50565505027771,-2.583797629981661,-1.5188634395596992,-0.01679956912994122,-2.5762337256622883
50.56,-0.7833415269851685,0.5054718852043152,-2.609499249522509,-1.5509933233258684,-0.019752979278561365,-2.5617705841784124
50.57,-0.7990092039108276,0.5052599906921387,-2.6350330416652374,-1.5833050012591652,-0.022482872009281816,-2.5427374403212473
50.58,-0.8150076270103455,0.5050222277641296,-2.6603539983289237,-1.6154021024701455,-0.02491176128387062,-2.5192195564069766
50.59,-0.8313172459602356,0.5047617554664612,-2.685417432793385,-1.6431957483289057,-0.02703964710235173,-2.4912479564164083
50.6,-0.8478715419769287,0.5044814348220825,-2.7101789574572597,-1.6610234975818123,-0.028660893440252286,-2.4588979531580133
50.61,-0.8645377159118652,0.5041885375976562,-2.7345953918565353,-1.6692966222766383,-0.029698014259344287,-2.422278839816665
50.62,-0.8812574744224548,0.5038874745368958,-2.7586245342535833,-1.6655206680295247,-0.030091404914851252,-2.3814679684780513
50.63,-0.8978481292724609,0.5035867094993591,-2.782224751226104,-1.6460597515103628,-0.029739737510676503,-2.336559612760504
50.64,-0.9141786694526672,0.5032926797866821,-2.8053557265088007,-1.6169726848605512,-0.028887391090398815,-2.2877089354292557
50.65,-0.9301875829696655,0.5030089616775513,-2.82797892993468,-1.5853315591815287,-0.02781450748444157,-2.235069927243894
50.66,-0.9458853006362915,0.5027363896369934,-2.8500571250536697,-1.5548378229138804,-0.026670098304744365,-2.178808564903704
50.67,-0.961284339427948,0.5024755597114563,-2.8715551012327607,-1.517871022224189,-0.025245547294612754,-2.119070587139584
50.68,-0.97624272108078,0.5022314786911011,-2.892438536796468,-1.4707922935488766,-0.02348124980926981,-2.056013497917473
50.69,-0.9907001852989197,0.502005934715271,-2.912675371191102,-1.414719223975914,-0.021502375602718806,-1.9898447148988916
50.7,-1.0045371055603027,0.5018014311790466,-2.932235431094452,-1.352569460868624,-0.019404292106625386,-1.9207339615566417
50.71,-1.0177515745162964,0.5016178488731384,-2.951090050422241,-1.2905061244967166,-0.01744925975799908,-1.8489229637889697
50.72,-1.030347228050232,0.5014524459838867,-2.969213890370224,-1.2289166450502933,-0.01564621925354315,-1.7746491356769512
50.73,-1.0423299074172974,0.5013049244880676,-2.986583033135773,-1.1679291725156866,-0.013893842697141383,-1.698127449683563
50.74,-1.0537058115005493,0.5011745691299438,-3.0031764393639007,-1.1075437068937477,-0.012284517288206087,-1.6196258867688185
50.75,-1.0644807815551758,0.5010592341423035,-3.018975550871154,-1.0477662086488901,-0.010845065116884482,-1.5394044913161273
50.76,-1.074661135673523,0.5009576678276062,-3.033964529190217,-0.9885847568510417,-0.009498000144957011,-1.457730436546528
50.77,-1.0842524766921997,0.5008692741394043,-3.0481301596020893,-0.9299695491789318,-0.008240342140196465,-1.3748894847595077
50.78,-1.0932605266571045,0.5007928609848022,-3.0614623188854115,-0.8719444274904079,-0.007089972496034125,-1.291200354790613
50.79,-1.1016913652420044,0.5007274746894836,-3.0739541666978965,-0.814497470855875,-0.006076693534852283,-1.2069806681277842
50.8,-1.1095504760742188,0.5006713271141052,-3.0856019322479624,-0.7576167583464392,-0.005200505256652019,-1.122543289375002
50.81,-1.1168437004089355,0.5006234645843506,-3.0964050324854,-0.7012963294981814,-0.0044494867324822145,-1.038221215230377
50.82,-1.1235764026641846,0.5005823373794556,-3.106366356552573,-0.645530223846564,-0.0037997961044319082,-0.9543816794038829
50.83,-1.1297543048858643,0.500547468662262,-3.115492666073474,-0.590318441390899,-0.003203749656676745,-0.8713879134373684
50.84,-1.1353827714920044,0.500518262386322,-3.1237941148213233,-0.5356550216673968,-0.0027030706405635424,-0.7896024615310901
50.85,-1.1404674053192139,0.5004934072494507,-3.131284715304098,-0.48154592514047667,-0.0022917985916142253,-0.7094275959645148
50.86,-1.145013689994812,0.5004724264144897,-3.1379826667406108,-0.42797923088082246,-0.0019550323486332015,-0.6312571668723711
50.87,-1.1490269899368286,0.500454306602478,3.139275448538043,-0.37494897842401365,-0.001683831214904522,-0.5554990614808928
50.88,-1.1525126695632935,0.5004387497901917,3.134092659209355,-0.3224372863769027,-0.0014334917068479205,-0.48259326951459963
50.89,-1.1554757356643677,0.5004256367683411,3.1296235831477497,-0.2704441547394337,-0.0012040138244631302,-0.4129809970858367
50.9,-1.157921552658081,0.5004146695137024,3.12583303926764,-0.21896958351139612,-0.0010192394256593824,-0.34711150536439717
50.91,-1.1598551273345947,0.5004052519798279,3.122681353040463,-0.16800165176388976,-0.0008732080459593362,-0.2854428366683812
50.92,-1.1612815856933594,0.5003972053527832,3.1201241825342714,-0.11754035949705194,-0.0007480382919310354,-0.22844966903688738
50.93,-1.1622059345245361,0.5003902912139893,3.1181123596597247,-0.06758570671082888,-0.0006288290023804962,-0.17662552855971697
50.94,-1.1626332998275757,0.5003846287727356,3.1165916719630777,-0.018131732940670994,-0.0005155801773070484,-0.13047659792684477
50.95,-1.1625685691833496,0.5003799796104431,3.1155028277011874,0.030827522277827212,-0.00042915344238274544,-0.09051060136314432
50.96,-1.162016749382019,0.5003760457038879,3.1147814599358146,0.07901191711427354,-0.00034868717193610455,-0.05724712858118403
50.97,-1.1609883308410645,0.5003730058670044,3.114357885129564,0.12572407722475645,-0.00025331974029546057,-0.031233311505991065
50.98,-1.1595022678375244,0.500370979309082,3.114156793705695,0.16983747482297148,-0.0001728534698486058,-0.01302852298052733
50.99,-1.1575915813446045,0.5003695487976074,3.1140973146699533,0.20967721939083636,-0.00011324882507322449,-0.0031560049797536077
51.0,-1.155308723449707,0.5003687143325806,3.1140936736061,0.23977160453801158,-2.6822090148931118e-05,-0.0008212128641328888
51.01,-1.1527961492538452,0.5003690123558044,3.1140808904126707,0.259327888488729,0.0002235174179076799,-0.003270279797406616
51.02,-1.1501221656799316,0.5003731846809387,3.1140282680101516,0.2741515636443663,0.0009089708328245649,-0.008595781874153096
51.03,-1.147313117980957,0.5003871917724609,3.1139089747751876,0.2852559089661212,0.0023156404495243864,-0.016542631019137406
51.04,-1.1444170475006104,0.5004194974899292,3.113697415389769,0.2913594245911224,0.004723668098450646,-0.02696107346967217
51.05,-1.1414859294891357,0.5004816651344299,3.1133697533057942,0.2904951572417759,0.008425116539000148,-0.03968206625570227
51.06,-1.138607144355774,0.5005879998207092,3.112903774064655,0.28261542320247046,0.013682246208188779,-0.0545679281528292
51.07,-1.1358336210250854,0.5007553100585938,3.1122783947427375,0.2705812454224171,0.020760297775272683,-0.07148559332196582
51.08,-1.1331955194473267,0.5010032057762146,3.1114740621982158,0.2548038959502775,0.029927492141718956,-0.09028654438452942
51.09,-1.130737543106079,0.5013538599014282,3.1104726638550466,0.2334117889403932,0.041267275810235246,-0.11083718102534101
51.1,-1.128527283668518,0.5018285512924194,3.1092573185777086,0.20599961280826853,0.05492866039277216,-0.13300497494968402
51.11,-1.1266175508499146,0.5024524331092834,3.1078125643560535,0.17380714416507365,0.07088184356690863,-0.1566617783922287
51.12,-1.1250511407852173,0.5032461881637573,3.1061240830098646,0.13739466667173145,0.08921623229979074,-0.18167486818014214
51.13,-1.1238696575164795,0.5042367577552795,3.10417906699245,0.09717345237730414,0.11045932769773664,-0.20791436371173724
51.14,-1.123107671737671,0.5054553747177124,3.1019657957356292,0.05484819412232537,0.133690237998989,-0.23526039134798243
51.15,-1.1227726936340332,0.5069105625152588,3.0994738591654913,0.012278556823732911,0.15712678432467725,-0.2635946901646227
51.16,-1.1228621006011963,0.5085979104042053,3.096693901932338,-0.029915571212763878,0.1802623271941857,-0.2928019689857772
51.17,-1.1233710050582886,0.5105158090591431,3.093617819785775,-0.07149577140806988,0.2034604549407641,-0.32276337049942877
51.18,-1.124292016029358,0.5126671195030212,3.0902386345223483,-0.1124620437622294,0.2267926931381677,-0.35337117074272595
51.19,-1.1256202459335327,0.5150516629219055,3.0865503963709218,-0.15282630920407766,0.25020837783809563,-0.3845166520948083
51.2,-1.12734854221344,0.5176712870597839,3.082548301480451,-0.19243955612179608,0.27391910552974236,-0.4160887088448877
51.21,-1.1294690370559692,0.5205300450325012,3.0782286221940227,-0.23131370544438196,0.2979338169098493,-0.4479904822946915
51.22,-1.1319748163223267,0.5236299633979797,3.073588491834559,-0.2695143222809374,0.32217204570776675,-0.4801192133420851
51.23,-1.134859323501587,0.5269734859466553,3.068626237927183,-0.3070235252379891,0.3466129302977974,-0.5123802479017091
51.24,-1.1381152868270874,0.5305622220039368,3.063340886876523,-0.34388303756708494,0.3711909055709259,-0.5446737115889758
51.25,-1.1417369842529297,0.534397304058075,3.0577327636954017,-0.3801643848419946,0.39583146572120914,-0.5769048178070817
51.26,-1.1457185745239258,0.5384788513183594,3.0518027905203837,-0.4158616065978354,0.420525670051509,-0.6089941506301536
51.27,-1.1500542163848877,0.5428078174591064,3.0455528806827967,-0.45099854469292266,0.44526755809776974,-0.640854818648162
51.28,-1.1547385454177856,0.5473842024803162,3.0389856941474185,-0.4856526851655019,0.4699468612671833,-0.6724101648313946
51.29,-1.1597672700881958,0.5522067546844482,3.0321046773861715,-0.5198955535889707,0.4944771528245002,-0.7035640844503656
51.3,-1.165136456489563,0.5572737455368042,3.024914412458414,-0.5537033081053822,0.5188763141631269,-0.7342437935617914
51.31,-1.1708413362503052,0.5625842809677124,3.0174198015149334,-0.5871236324309385,0.5431056022643194,-0.764379883925939
51.32,-1.1768789291381836,0.5681358575820923,3.009626814779893,-0.6201624870301526,0.5671441555024321,-0.7938934144457147
51.33,-1.1832445859909058,0.5739271640777588,3.0015419332260223,-0.6528019905089312,0.5910456180571586,-0.822726387557742
51.34,-1.1899349689483643,0.5799567699432373,2.9931722870287354,-0.6850183010100247,0.6148517131804458,-0.8508039873067255
51.35,-1.1969449520111084,0.5862241983413696,2.984525853479885,-0.7167935371400351,0.6385594606400806,-0.8780644826059639
51.36,-1.204270839691162,0.5927279591560364,2.9756109973766196,-0.7481694221498071,0.662150979042185,-0.9044484653849351
51.37,-1.2119083404541016,0.5994672179222107,2.96643688417219,-0.779157876968262,0.6856024265288235,-0.9299027834270491
51.38,-1.2198539972305298,0.606440007686615,2.9570129417080757,-0.8097708225248978,0.7088959217070425,-0.9543625342397561
51.39,-1.228103756904602,0.6136451363563538,2.947349633487392,-0.8399426937104942,0.7321059703828361,-0.977783618396816
51.4,-1.2366528511047363,0.6210821270942688,2.9374572693401433,-0.8697211742402854,0.7552236318589759,-1.000114630499759
51.41,-1.2454981803894043,0.6287496089935303,2.9273473408774007,-0.899136066436627,0.7782191038130497,-1.021302695666
51.42,-1.2546355724334717,0.6366465091705322,2.91703121542682,-0.9281635284422377,0.8010745048521697,-1.041311754082545
51.43,-1.264061450958252,0.6447710990905762,2.9065211057957465,-0.9568750858308789,0.8237421512605398,-1.0601020189264898
51.44,-1.2737730741500854,0.6531213521957397,2.8958291750482945,-0.9852707386015306,0.8462429046629536,-1.0776406644073735
51.45,-1.2837668657302856,0.6616959571838379,2.8849682925075957,-1.0133147239683475,0.8685857057570053,-1.093866162611008
51.46,-1.2940393686294556,0.6704930663108826,2.873951851796071,-1.0410368442537472,0.8907586336137636,-1.108776980399749
51.47,-1.3045876026153564,0.6795111298561096,2.862792752899605,-1.0684728622438648,0.9127438068391709,-1.1223384933272365
51.48,-1.3154088258743286,0.6887479424476624,2.8515050819295307,-1.0955810546873288,0.9345561265943974,-1.1345101367962187
51.49,-1.3264992237091064,0.6982022523880005,2.840102550163677,-1.1223375797269974,0.9562402963636811,-1.1452919573615037
51.5,-1.337855577468872,0.707872748374939,2.828599242782297,-1.1488437652590175,0.9777128696443596,-1.1546386889528326
51.51,-1.3494760990142822,0.7177565097808838,2.817009776384625,-1.1751174926755976,0.998932123184048,-1.1625398000318214
51.52,-1.3613579273223877,0.727851390838623,2.805348446781657,-1.201075315475276,1.019978523254235,-1.1689822138916732
51.53,-1.3734976053237915,0.7381560802459717,2.793630132106788,-1.226729154587036,1.0408878326418087,-1.1739552448464146
51.54,-1.3858925104141235,0.7486691474914551,2.7818693418847333,-1.252102851867925,1.0616451501848425,-1.1774483119237578
51.55,-1.398539662361145,0.7593889832496643,2.7700811658683175,-1.2771606445310504,1.0822415351865984,-1.1794414514202534
51.56,-1.4114357233047485,0.7703139781951904,2.7582805128563246,-1.3018786907194009,1.1026024818418687,-1.179938215776659
51.57,-1.424577236175537,0.7814410328865051,2.7464824015527807,-1.3263463974001661,1.1227697134020178,-1.1789669112219805
51.58,-1.4379626512527466,0.7927693724632263,2.7347011746318897,-1.35059356689432,1.1428385972974897,-1.1765105792166546
51.59,-1.4515891075134277,0.8042978048324585,2.722952189968444,-1.3725101947782279,1.161059737205324,-1.1725562554625923
51.6,-1.4654128551483154,0.8159905672073364,2.711250049522634,-1.3887047767641922,1.1745512485506486,-1.1671017243733197
51.61,-1.479363203048706,0.8277888298034668,2.699610155480982,-1.4037370681765489,1.1871457099916913,-1.1601917368575387
51.62,-1.4934875965118408,0.8397334814071655,2.688046214785488,-1.4209747314450905,1.2016862630842238,-1.1518601200717324
51.63,-1.5077826976776123,0.851822555065155,2.676572953079544,-1.4340400695798539,1.2127667665479671,-1.1420609565086162
51.64,-1.5221683979034424,0.8639888167381287,2.665204995655312,-1.4416754245760925,1.219314336776976,-1.1308251887343552
51.65,-1.5366162061691284,0.8762088418006897,2.6539564493048613,-1.4410257339480406,1.218873262405638,-1.1182070277767635
51.66,-1.5509889125823975,0.8883662819862366,2.6428408550997813,-1.4334142208097125,1.2125641107557308,-1.1042321279771057
51.67,-1.5652844905853271,0.9004601240158081,2.6318718067453157,-1.4203906059262916,1.2017458677289992,-1.088896230486965
51.68,-1.5793967247009277,0.9124011993408203,2.6210629304900386,-1.399236917496006,1.1840939521791907,-1.0722385557434901
51.69,-1.5932692289352417,0.9241420030593872,2.61042703563045,-1.3719737529752494,1.1612832546232315,-1.0543204318000838
51.7,-1.606836199760437,0.9356268644332886,2.5999765218540336,-1.3424038887021827,1.1365205049512994,-1.0351530138320733
51.71,-1.6201173067092896,0.9468724131584167,2.5897239753538055,-1.3137280941012135,1.1125445365907976,-1.0147727364826518
51.72,-1.633110761642456,0.9578777551651001,2.5796810671243846,-1.2849330902102165,1.0884940624239225,-0.9932220802420155
51.73,-1.6458159685134888,0.9686422944068909,2.569859533748969,-1.2549877166746084,1.0635137557981735,-0.9705390681171525
51.74,-1.6582105159759521,0.9791480302810669,2.5602702857620385,-1.222574710845756,1.0365039110182095,-0.9467947490470493
51.75,-1.6702674627304077,0.9893723726272583,2.550923638768025,-1.187771558761833,1.007488369941912,-0.9220123824370376
51.76,-1.681965947151184,0.9992977976799011,2.5418300381133014,-1.152139902114688,0.9777903556822202,-0.8962446237664221
51.77,-1.693310260772705,1.0089281797409058,2.532998746292694,-1.1163890361784143,0.9479790925978132,-0.8695786841699666
51.78,-1.7042937278747559,1.0182573795318604,2.5244384644298994,-1.0768175125124213,0.9149014949800405,-0.8420574166220783
51.79,-1.7148466110229492,1.027226209640503,2.5161575979602557,-1.0340273380281597,0.879085063934501,-0.8137272388794312
51.8,-1.724974274635315,1.0358390808105469,2.508163919652314,-0.9914815425871253,0.8434236049650781,-0.7846714168894592
51.81,-1.7346762418746948,1.0440946817398071,2.500464169622464,-0.9488999843595929,0.8076429367064167,-0.7549678232888032
51.82,-1.7439522743225098,1.0519919395446777,2.4930645631865356,-0.90632438659686,0.7718145847322092,-0.7246511802821874
51.83,-1.7528027296066284,1.0595309734344482,2.4859711460168232,-0.8628368377684198,0.7351934909819408,-0.6937970616267134
51.84,-1.7612090110778809,1.0666958093643188,2.479188621953999,-0.818002223968378,0.6973683834074837,-0.6625124745232543
51.85,-1.7691627740859985,1.0734783411026,2.472720896526356,-0.7727622985841381,0.6591618061066985,-0.6308779003678134
51.86,-1.7766642570495605,1.0798790454864502,2.4665710639466454,-0.7277846336366194,0.6211519241334243,-0.5989408972068758
51.87,-1.783718466758728,1.0859013795852661,2.460742078582221,-0.683259963989151,0.5834996700285953,-0.5667612471613295
51.88,-1.7903294563293457,1.091549038887024,2.455235839003417,-0.6391882896422341,0.5462229251860719,-0.5345052304790484
51.89,-1.7965022325515747,1.0968258380889893,2.4500519739726383,-0.5955755710602991,0.5092918872834266,-0.502238399275623
51.9,-1.8022409677505493,1.1017348766326904,2.4451910710179066,-0.5523920059205201,0.47270655632028447,-0.47001673089266865
51.91,-1.807550072669983,1.106279969215393,2.440651639354787,-0.5096614360808529,0.4364848136901173,-0.4379512849600901
51.92,-1.812434196472168,1.1104645729064941,2.4364320453187034,-0.46736001968376484,0.40061473846429285,-0.4061415300594926
51.93,-1.8168972730636597,1.1142922639846802,2.4325288087535957,-0.42549371719368817,0.3650844097138177,-0.37465874496519186
51.94,-1.82094407081604,1.117766261100769,2.428938870419401,-0.38406848907464697,0.3298938274383029,-0.3436788258824559
51.95,-1.8245786428451538,1.1208901405334473,2.4256552322359455,-0.3430783748626173,0.29504299163813746,-0.31326512839475285
51.96,-1.8278056383132935,1.1236671209335327,2.422673567851505,-0.30248761177069006,0.26053190231328427,-0.28348526023444043
51.97,-1.8306283950805664,1.126100778579712,2.419985527031258,-0.26227831840520355,0.22636055946354602,-0.2545857122498614
51.98,-1.8330512046813965,1.1281943321228027,2.417581853606509,-0.2224981784820209,0.19252300262448163,-0.22657489712963674
51.99,-1.8350783586502075,1.1299512386322021,2.4154540290886644,-0.18309950828549384,0.15903115272519486,-0.19954629919904032
52.0,-1.836713194847107,1.1313749551773071,2.4135909276225274,-0.1440763473511029,0.1258790493011725,-0.17367870699079982
52.01,-1.837959885597229,1.132468819618225,2.411980454948849,-0.10565519332884091,0.09321570396421883,-0.14909150748105726
52.02,-1.838826298713684,1.1332392692565918,2.4106090974729057,-0.06892681121825095,0.06201863288878425,-0.12586687458984422
52.03,-1.8393384218215942,1.133709192276001,2.4094631174570518,-0.034373998641974615,0.032711029052740884,-0.10416885956407847
52.04,-1.8395137786865234,1.1338934898376465,2.4085257202816246,-0.0015556812286380047,0.0048875808715830036,-0.0841944765350434
52.05,-1.839369535446167,1.1338069438934326,2.4077792279263512,0.031107664108271503,-0.022786855697628273,-0.06594486329011352
52.06,-1.838891625404358,1.1334377527236938,2.407206823015822,0.06462335586546841,-0.051200389862052546,-0.04963579925180485
52.07,-1.8380770683288574,1.1327829360961914,2.406786511941315,0.09520649909975039,-0.07716417312623605,-0.03543999835607531
52.08,-1.8369874954223633,1.1318944692611694,2.4064980230487008,0.12025237083433178,-0.09843111038206469,-0.023431456424690356
52.09,-1.8356720209121704,1.1308143138885498,2.406317882812821,0.14233589172361055,-0.11719465255735473,-0.013790499280073096
52.1,-1.8341407775878906,1.129550576210022,2.4062222130630992,0.16404986381534026,-0.13566613197329358,-0.006642475501462897
52.11,-1.8323910236358643,1.1281009912490845,2.406185033302792,0.18565654754642366,-0.1540482044220277,-0.0021779574787221703
52.12,-1.830427646636963,1.126469612121582,2.406178653913525,0.20522475242611538,-0.17070770263669208,-0.00020289453579455267
52.13,-1.8282865285873413,1.12468683719635,2.406180975412076,0.21966099739071274,-0.18303990364071845,0.0012156824691576295
52.14,-1.826034426689148,1.122808814048767,2.406202967562908,0.2290546894073942,-0.1912772655487441,0.004177855234211712
52.15,-1.8237054347991943,1.120861291885376,2.40626453251676,0.23373961448674083,-0.19595623016361322,0.009040687211816079
52.16,-1.821359634399414,1.1188896894454956,2.4063837813071443,0.23306012153621844,-0.19671916961666847,0.015704418589266064
52.17,-1.8190442323684692,1.116926908493042,2.4065786208885456,0.22608637809749885,-0.19298195838925206,0.024016673151568545
52.18,-1.8168379068374634,1.11503005027771,2.4068641147701757,0.21149516105656063,-0.1837670803070434,0.03382642882204363
52.19,-1.8148143291473389,1.1132515668869019,2.4072551494649863,0.1891434192657175,-0.16912221908566694,0.04509331122276988
52.2,-1.8130550384521484,1.111647605895996,2.4077659809946312,0.16003251075742128,-0.1500487327575449,0.0576777777183811
52.21,-1.81161367893219,1.1102505922317505,2.408408705019354,0.12600421905520084,-0.12824535369875598,0.07146068757534518
52.22,-1.810534954071045,1.1090826988220215,2.409195194746138,0.08760094642640903,-0.10429620742799926,0.0862856165680886
52.23,-1.809861660003662,1.108164668083191,2.4101344173507155,0.04605650901793713,-0.07904171943663316,0.10204900174011837
52.24,-1.809613823890686,1.1075018644332886,2.4112361747809405,0.0034689903259271923,-0.05387067794798962,0.11870398534623937
52.25,-1.8097922801971436,1.107087254524231,2.4125084970576407,-0.03909468650818649,-0.029450654983526368,0.1361106724755472
52.26,-1.8103957176208496,1.1069128513336182,2.413958388230451,-0.08154511451719916,-0.005841255187987368,0.15419359859869342
52.27,-1.8114231824874878,1.1069704294204712,2.415592369029615,-0.1238644123077199,0.01699328422546121,0.17281683308664827
52.28,-1.8128730058670044,1.1072527170181274,2.4174147248921845,-0.1660406589508387,0.039070844650276326,0.19187107544979473
52.29,-1.814743995666504,1.1077518463134766,2.41942979053861,-0.20806193351749744,0.06043314933778058,0.21129539161053076
52.3,-1.8170342445373535,1.1084613800048828,2.4216406327243942,-0.249868631362876,0.08115172386168165,0.23104166912196464
52.31,-1.8197413682937622,1.1093748807907104,2.42405062392105,-0.29141306877131673,0.10131597518919315,0.2510083434926143
52.32,-1.8228625059127808,1.110487699508667,2.4266607995942473,-0.33267140388495386,0.12100934982302212,0.2710652495622951
52.33,-1.82639479637146,1.1117950677871704,2.429471928912295,-0.3736436367034328,0.14026761054990483,0.2910885609546765
52.34,-1.8303353786468506,1.1132930517196655,2.4324825708133417,-0.41432380676263053,0.15910863876340287,0.3110605976317029
52.35,-1.8346812725067139,1.114977240562439,2.43569314086493,-0.4546821117402028,0.1775324344635363,0.3309588126934263
52.36,-1.8394290208816528,1.1168437004089355,2.439101747067209,-0.4947364330292732,0.1955389976501854,0.3506414164647729
52.37,-1.8445760011672974,1.118888020515442,2.442705969194224,-0.5345225334166644,0.21311044692989833,0.37006358973320264
52.38,-1.8501194715499878,1.1211059093475342,2.446503018861874,-0.573992729186922,0.23031830787655092,0.38914655459923475
52.39,-1.8560558557510376,1.1234943866729736,2.45048890028621,-0.6131112575532226,0.24726390838627965,0.4078163849333606
52.4,-1.8623816967010498,1.1260511875152588,2.4546593465605397,-0.6518781185151443,0.2639293670654822,0.42604889842165633
52.41,-1.869093418121338,1.1287729740142822,2.4590098782546415,-0.690293312072646,0.2803206443786183,0.44374932613426565
52.42,-1.8761875629425049,1.131657600402832,2.4635343330832264,-0.7283747196196371,0.2964735031127466,0.46088328868720285
52.43,-1.883660912513733,1.134702444076538,2.468227544028387,-0.7661163806916808,0.3123998641968395,0.47738221678575504
52.44,-1.8915098905563354,1.1379055976867676,2.4730819774189396,-0.8035004138945278,0.3281414508819067,0.49322621587161225
52.45,-1.899730920791626,1.1412652730941772,2.4780920683458207,-0.840508937835562,0.34367442131037107,0.5083626597388906
52.46,-1.9083200693130493,1.144779086112976,2.483249230613719,-0.8771598339082556,0.35901069641120426,0.5227015555233568
52.47,-1.9172741174697876,1.1484454870224,2.488546099456286,-0.9134709835054308,0.3741681575775891,0.5362347266276225
52.48,-1.9265894889831543,1.1522624492645264,2.4939739251462694,-0.9494304656980938,0.3891468048095095,0.5489170693234099
52.49,-1.9362627267837524,1.1562284231185913,2.4995244408427557,-0.9850382804869066,0.40394663810723663,0.5607270521915908
52.5,-1.9462902545928955,1.1603413820266724,2.505188466190103,-1.0203123092653397,0.4185497760773538,0.5716237684256802
52.51,-1.9566689729690552,1.1645994186401367,2.510956916211267,-1.0552525520323057,0.43297410011284737,0.5815653529074295
52.52,-1.967395305633545,1.1690008640289307,2.5168197732482533,-1.0898530483244147,0.44724345207207367,0.5905593344498881
52.53,-1.9784660339355469,1.1735442876815796,2.5227681029002667,-1.1241316795351357,0.4613399505616152,0.5985408901369419
52.54,-1.9898779392242432,1.1782276630401611,2.52879059105099,-1.15807056427025,0.4752635955811492,0.6054870118333705
52.55,-2.0016274452209473,1.1830495595932007,2.5348778431369317,-1.1916518211362883,0.4890322685240935,0.6114460605088178
52.56,-2.0137109756469727,1.1880083084106445,2.541019512261168,-1.2249350547788613,0.5026459693907905,0.6163249130913298
52.57,-2.0261261463165283,1.193102478981018,2.54720434139876,-1.257908344269049,0.516104698181255,0.6201496264852348
52.58,-2.0388691425323486,1.1983304023742676,2.5534225047908703,-1.290547847747601,0.5294084548949368,0.6228806330695583
52.59,-2.0519371032714844,1.2036906480789185,2.5596619540601533,-1.3228774070737679,0.542569160461341,0.6245246038414055
52.6,-2.065326690673828,1.209181785583496,2.5659129968677004,-1.354885101318629,0.5555808544160041,0.6251201173039922
52.61,-2.0790348052978516,1.2148022651672363,2.5721643564062306,-1.386594772339143,0.5684077739716707,0.6246093224412518
52.62,-2.0930585861206055,1.2205499410629272,2.578405183316523,-1.4180183410642315,0.5810558795928047,0.6230382676450622
52.63,-2.1073951721191406,1.2264233827590942,2.584625121759134,-1.4490008354184747,0.5935251712798144,0.6203674608649264
52.64,-2.1220386028289795,1.2324204444885254,2.5908125325338234,-1.4789104461672864,0.6055533885957015,0.6165990193065413
52.65,-2.1369733810424805,1.2385344505310059,2.596957102145262,-1.5051364898684636,0.6160438060761724,0.6117816599666366
52.66,-2.1521413326263428,1.2447413206100464,2.6030481657331537,-1.5211939811704165,0.6223559379576664,0.6059050851522748
52.67,-2.1673972606658936,1.2509815692901611,2.6090752038483096,-1.5314698219296923,0.6263077259062741,0.5990153926907335
52.68,-2.1827707290649414,1.2572674751281738,2.61502847358697,-1.5433788299563618,0.6309151649476353,0.5910987154021562
52.69,-2.1982648372650146,1.2635998725891113,2.6208971781563504,-1.5473842620847191,0.6323039531706776,0.5821799504131842
52.7,-2.2137184143066406,1.2699135541915894,2.6266720725952357,-1.5307903289792528,0.6252944469450927,0.5722986315821903
52.71,-2.2288806438446045,1.2761057615280151,2.632343150787996,-1.499557495117486,0.6122946739197995,0.5614566322460941
52.72,-2.2437095642089844,1.282159447669983,2.6379012052401554,-1.4643549919131331,0.5977094173432586,0.5497039864936754
52.73,-2.2581677436828613,1.288059949874878,2.6433372305178673,-1.4272212982175503,0.5823433399199529,0.5370657345481527
52.74,-2.27225399017334,1.2938063144683838,2.64864251993112,-1.389634609222195,0.5667924880980559,0.523588359799028
52.75,-2.2859604358673096,1.2993957996368408,2.6538089977138495,-1.3510465621950931,0.5508482456208371,0.5092971730319987
52.76,-2.2992749214172363,1.3048232793807983,2.658828463391758,-1.311635971069131,0.5345702171324848,0.494224467285898
52.77,-2.3121931552886963,1.3100872039794922,2.663693487059569,-1.2682318687436982,0.5167424678801682,0.47844214179841044
52.78,-2.3246395587921143,1.3151581287384033,2.6683973062277277,-1.2202501296999497,0.49710273742685673,0.46198377246800293
52.79,-2.3365981578826904,1.3200292587280273,2.672933162508927,-1.1718153953554578,0.4772663116456028,0.4449012433088703
52.8,-2.3480758666992188,1.3247034549713135,2.6772953310939034,-1.1242508888242873,0.45782327651970384,0.42721718354830057
52.81,-2.3590831756591797,1.3291857242584229,2.6814775061798946,-1.0757923126219022,0.4380464553832323,0.409011945564
52.82,-2.36959171295166,1.3334643840789795,2.6854755700051847,-1.0247707366945398,0.41724443435677244,0.3903569669687745
52.83,-2.3795785903930664,1.3375306129455566,2.6892846455192685,-0.9718775749205024,0.39575099945062175,0.37129312237254875
52.84,-2.3890292644500732,1.3413794040679932,2.692901432452637,-0.9177684783934112,0.3738164901732814,0.3519053666979249
52.85,-2.3979339599609375,1.3450069427490234,2.696322752853228,-0.8634328842164803,0.35178661346442547,0.3322285123118269
52.86,-2.4062979221343994,1.3484151363372803,2.699546002698872,-0.809621810913247,0.3299772739411057,0.31235050365849387
52.87,-2.414126396179199,1.3516064882278442,2.7025697629263967,-0.7563471794127236,0.30840039253230045,0.29236116493334
52.88,-2.4214248657226562,1.3545831441879272,2.7053932259975397,-0.7036089897154661,0.28703212738032624,0.27232014774276797
52.89,-2.4281985759735107,1.3573471307754517,2.708016165881253,-0.6513595581055983,0.2658963203430705,0.2522910774136524
52.9,-2.4344520568847656,1.3599010705947876,2.7104390475458118,-0.599622726440549,0.24499893188481436,0.23235324339221558
52.91,-2.4401910305023193,1.362247109413147,2.7126632307490963,-0.5484223365782834,0.22431015968319248,0.21260114531830307
52.92,-2.445420503616333,1.3643872737884521,2.7146910704521785,-0.49771070480338897,0.203835964202849,0.19313129169346333
52.93,-2.4501452445983887,1.3663238286972046,2.716525856582966,-0.4474997520447668,0.18358230590823965,0.1740262453625698
52.94,-2.4543704986572266,1.3680589199066162,2.718171595359429,-0.39780139923089486,0.16352534294125862,0.15537506690135108
52.95,-2.458101272583008,1.3695943355560303,2.7196333579209937,-0.3486156463622502,0.14364719390866895,0.137284960198892
52.96,-2.4613428115844727,1.37093186378479,2.7209172945634075,-0.2999186515808702,0.12396574020388208,0.11983538239552946
52.97,-2.464099645614624,1.3720736503601074,2.722030065568904,-0.2516865730286145,0.10447502136232548,0.10312022422731379
52.98,-2.466376543045044,1.3730213642120361,2.7229796990479533,-0.20395517349239975,0.08513927459715466,0.08725831036190147
52.99,-2.4681787490844727,1.3737764358520508,2.723775231776142,-0.15671253204343252,0.06597638130186957,0.0723560243060526
53.0,-2.469510793685913,1.3743408918380737,2.7244268195340746,-0.10994672775270742,0.0470042228698824,0.058524521530090565
53.01,-2.4703776836395264,1.3747165203094482,2.7249457222067437,-0.06364583969115216,0.028222799301143048,0.04588310266839095
53.02,-2.4707837104797363,1.3749053478240967,2.7253444815874426,-0.017774105072018705,0.00963211059570162,0.03454071828325482
53.03,-2.470733165740967,1.3749091625213623,2.725636536572409,0.02760887145996643,-0.008779764175416786,0.024607215229881973
53.04,-2.470231533050537,1.3747297525405884,2.72583662589204,0.07125139236451612,-0.02645850181580116,0.016202101291365904
53.05,-2.4693081378936768,1.3743799924850464,2.725960578598236,0.11204481124876178,-0.04292130470275208,0.009424564429204222
53.06,-2.4679906368255615,1.3738713264465332,2.7260251171806242,0.1494050025939708,-0.05796551704405832,0.004423535401709008
53.07,-2.466320037841797,1.373220682144165,2.7260490493062703,0.18149614334110056,-0.07088184356690863,0.0013631737803446113
53.08,-2.4643607139587402,1.3724536895751953,2.726052380656231,0.20799636840817062,-0.0815033912658564,0.0001665674980388682
53.09,-2.462160110473633,1.3715906143188477,2.726052380656231,0.22907257080074545,-0.08993148803709532,0.0
53.1,-2.4597792625427246,1.3706550598144531,2.726052380656231,0.24325847625737262,-0.0956237316131782,0.0
53.11,-2.4572949409484863,1.3696781396865845,2.726052380656231,0.25062561035161235,-0.09852051734926276,0.0
53.12,-2.4547667503356934,1.3686846494674683,2.726052380656231,0.25388002395625914,-0.09971857070921293,0.0
53.13,-2.4522173404693604,1.3676837682724,2.726052380656231,0.25439262390132744,-0.09980201721189846,0.0
53.14,-2.449678897857666,1.36668860912323,2.726052380656231,0.25166273117070437,-0.09856820106508309,0.0
53.15,-2.4471840858459473,1.3657124042510986,2.726052380656231,0.24517774581914056,-0.09580850601198196,0.0
53.16,-2.444775342941284,1.3647724390029907,2.726052380656231,0.23434162139888914,-0.09128451347349648,0.0
53.17,-2.4424972534179688,1.3638867139816284,2.726052380656231,0.2209663391112936,-0.08579492568968386,0.0
53.18,-2.4403560161590576,1.3630565404891968,2.726052380656231,0.2069592475891525,-0.08010268211366339,0.0
53.19,-2.4383580684661865,1.3622846603393555,2.726052380656231,0.19237995147702072,-0.07418394088743957,0.0
53.2,-2.4365084171295166,1.3615728616714478,2.726052380656231,0.17740726470944493,-0.06812810897826084,0.0
53.21,-2.434809923171997,1.36092209815979,2.726052380656231,0.16223192214969048,-0.06201863288880628,0.0
53.22,-2.4332637786865234,1.3603324890136719,2.726052380656231,0.14709234237673824,-0.05591511726380507,0.0
53.23,-2.431868076324463,1.3598037958145142,2.726052380656231,0.13215541839597544,-0.04989504814147169,0.0
53.24,-2.4306206703186035,1.3593345880508423,2.726052380656231,0.11802911758421007,-0.044220685958855394,0.0
53.25,-2.4295074939727783,1.358919382095337,2.726052380656231,0.10522603988649555,-0.039070844650276326,0.0
53.26,-2.428516149520874,1.358553171157837,2.726052380656231,0.09336471557615728,-0.03430843353270948,0.0
53.27,-2.427640199661255,1.3582332134246826,2.726052380656231,0.08208751678465513,-0.0297784805297805,0.0
53.28,-2.4268743991851807,1.3579576015472412,2.726052380656231,0.07162094116212363,-0.025582313537602746,0.0
53.29,-2.4262077808380127,1.3577215671539307,2.726052380656231,0.06275177001954374,-0.02205371856689892,0.0
53.3,-2.42561936378479,1.3575165271759033,2.726052380656231,0.0552892684936437,-0.019103288650509708,0.0
53.31,-2.4251019954681396,1.3573395013809204,2.726052380656231,0.04923343658446496,-0.016748905181882146,0.0
53.32,-2.4246346950531006,1.3571815490722656,2.726052380656231,0.04451274871827057,-0.015008449554446345,0.0
53.33,-2.4242117404937744,1.3570393323898315,2.726052380656231,0.04049539566039406,-0.01361966133117463,0.0
53.34,-2.4238247871398926,1.356909155845642,2.726052380656231,0.03737211227416408,-0.01260042190551561,0.0
53.35,-2.423464298248291,1.3567873239517212,2.726052380656231,0.03480911254883505,-0.011801719665529693,0.0
53.36,-2.423128604888916,1.3566731214523315,2.726052380656231,0.032496452331549436,-0.011104345321657483,0.0
53.37,-2.42281436920166,1.356565237045288,2.726052380656231,0.030362606048579238,-0.010478496551512034,0.0
53.38,-2.4225213527679443,1.3564635515213013,2.726052380656231,0.028324127197261198,-0.00988245010375822,0.0
53.39,-2.422247886657715,1.356367588043213,2.726052380656231,0.026464462280278704,-0.009328126907350489,0.0
53.4,-2.421992063522339,1.3562769889831543,2.726052380656231,0.024700164794926788,-0.008803606033326947,0.0
53.41,-2.4217538833618164,1.3561915159225464,2.726052380656231,0.02298355102538703,-0.00829100608825554,0.0
53.42,-2.421532392501831,1.3561111688613892,2.726052380656231,0.02132654190063143,-0.007784366607664799,0.0
53.43,-2.4213273525238037,1.356035828590393,2.726052380656231,0.01970529556274806,-0.007295608520509264,0.0
53.44,-2.421138286590576,1.355965256690979,2.726052380656231,0.018131732940670994,-0.006806850433348545,0.0
53.45,-2.4209647178649902,1.355899691581726,2.726052380656231,0.016605854034421233,-0.006365776062010724,0.0
53.46,-2.4208061695098877,1.3558379411697388,2.726052380656231,0.015151500701907312,-0.005978345870972869,0.0
53.47,-2.420661687850952,1.3557801246643066,2.726052380656231,0.013780593872073053,-0.005584955215455213,0.0
53.48,-2.4205305576324463,1.3557262420654297,2.726052380656231,0.012516975402830074,-0.005203485488890788,0.0
53.49,-2.4204113483428955,1.3556760549545288,2.726052380656231,0.011324882507322448,-0.004851818084716039,0.0
53.5,-2.4203040599823,1.3556292057037354,2.726052380656231,0.010132789611818422,-0.004518032073975508,0.0
53.51,-2.420208692550659,1.3555856943130493,2.726052380656231,0.004768371582030505,-0.002175569534301418,0.0
53.52,-2.420208692550659,1.3555856943130493,2.726052380656231,0.0,0.0,0.0
53.53,-2.420208692550659,1.3555856943130493,2.726052380656231,0.0,0.0,0.0
53.54,-2.420208692550659,1.3555856943130493,2.726052380656231,0.0,0.0,0.0
53.55,-2.420208692550659,1.3555856943130493,2.726052380656231,0.0,0.0,0.0
53.56,-2.420208692550659,1.3555856943130493,2.726052380656231,0.0,0.0,0.0
53.57,-2.420208692550659,1.3555856943130493,2.726052380656231,0.0,0.0,0.0
53.58,-2.420208692550659,1.3555856943130493,2.726052380656231,0.0,0.0,0.0
53.59,-2.420208692550659,1.3555856943130493,2.726052380656231,0.0,0.0,0.0
53.6,-2.420208692550659,1.3555856943130493,2.726052380656231,0.0,0.0,0.0
53.61,-2.420208692550659,1.3555856943130493,2.726052380656231,0.0,0.0,0.0
53.62,-2.420208692550659,1.3555856943130493,2.726052380656231,0.0,0.0,0.0
53.63,-2.420208692550659,1.3555856943130493,2.726052380656231,0.0,0.0,0.0
53.64,-2.420208692550659,1.3555856943130493,2.726052380656231,0.0,0.0,0.0
53.65,-2.420208692550659,1.3555856943130493,2.726052380656231,0.0,0.0,0.0
53.66,-2.420208692550659,1.3555856943130493,2.726052380656231,0.0,0.0,0.0
53.67,-2.420208692550659,1.3555856943130493,2.726052380656231,0.0,0.0,0.0
53.68,-2.420208692550659,1.3555856943130493,2.726052380656231,0.0,0.0,0.0
53.69,-2.420208692550659,1.3555856943130493,2.726052380656231,0.0,0.0,0.0
53.7,-2.420208692550659,1.3555856943130493,2.726052380656231,0.0,0.0,0.0
53.71,-2.420208692550659,1.3555856943130493,2.726052380656231,0.0,0.0,0.0
53.72,-2.420208692550659,1.3555856943130493,2.726052380656231,0.0,0.0,0.0
53.73,-2.420208692550659,1.3555856943130493,2.726052380656231,0.0,0.0,0.0
53.74,-2.420208692550659,1.3555856943130493,2.726052380656231,0.0,0.0,0.0
53.75,-2.420208692550659,1.3555856943130493,2.726052380656231,0.0,0.0,0.0
53.76,-2.420208692550659,1.3555856943130493,2.726052380656231,0.00013113021850583888,-0.00019669532775875833,0.0005443710185292476
53.77,-2.420206069946289,1.3555817604064941,2.7260632680766017,0.0006437301635741181,-0.0008523464202879527,0.004654901878464007
53.78,-2.4201958179473877,1.3555686473846436,2.7261454786938004,0.0015854835510257061,-0.002038478851318765,0.015398932960433997
53.79,-2.4201743602752686,1.3555409908294678,2.7263712467358103,0.002956390380859963,-0.003910064697266403,0.03315251110934219
53.8,-2.4201366901397705,1.3554904460906982,2.726808528915987,0.004982948303221877,-0.0068187713623036215,0.05754625962405491
53.81,-2.420074701309204,1.3554046154022217,2.7275221719282916,0.007915496826170638,-0.01109242439269846,0.08824198419491178
53.82,-2.419978380203247,1.3552685976028442,2.7285733685998856,0.011944770812990658,-0.017064809799197733,0.12491134874051112
53.83,-2.4198358058929443,1.3550633192062378,2.7300203989031013,0.017237663269040273,-0.024986267089839843,0.16721127686860232
53.84,-2.419633626937866,1.3547688722610474,2.731917594137258,0.0238537788391076,-0.03494024276732852,0.21481574632383732
53.85,-2.419358730316162,1.3543645143508911,2.7343167138295787,0.03204345703125638,-0.047361850738534814,0.26738005601490744
53.86,-2.418992757797241,1.3538216352462769,2.7372651952575553,0.042128562927254476,-0.06273388862611111,0.32458932743506325
53.87,-2.418516159057617,1.3531098365783691,2.7408085003782787,0.054180622100821606,-0.08115172386168165,0.3861362291697264
53.88,-2.4179091453552246,1.352198600769043,2.744987919840951,0.06816387176512606,-0.1025736331939537,0.4516928234893762
53.89,-2.4171528816223145,1.3510583639144897,2.7498423568480677,0.08361339569093461,-0.12634396553042065,0.5209947344452386
53.9,-2.4162368774414062,1.349671721458435,2.7554078145298537,0.10076761245729544,-0.15279650688174426,0.5937129780345511
53.91,-2.415137529373169,1.3480024337768555,2.7617166164087563,0.12007951736448318,-0.18261671066281326,0.6695610353463507
53.92,-2.413835287094116,1.3460193872451782,2.768799035236783,0.14015436172483162,-0.21372437477108475,0.7482691622685274
53.93,-2.412334442138672,1.343727946281433,2.776681999654129,0.1610517501831375,-0.24614334106450209,0.8295527832125601
53.94,-2.410614252090454,1.3410965204238892,2.7853900909010307,0.18360614776608458,-0.281137228012041,0.9131504324145683
53.95,-2.4086623191833496,1.3381052017211914,2.7949450083024234,0.20732879638668633,-0.31802058219904694,0.9987765734961178
53.96,-2.4064676761627197,1.3347361087799072,2.805365622370956,0.2315998077393039,-0.35569667816169187,1.0861704068578277
53.97,-2.4040303230285645,1.330991268157959,2.8166684164395757,0.2557396888733419,-0.3931283950806446,1.1750757903985172
53.98,-2.401352882385254,1.326873540878296,2.828867138178922,0.27964115142817897,-0.43021440505974723,1.2652482195925316
53.99,-2.3984375,1.3223869800567627,2.8419733808314303,0.3033161163329604,-0.4669070243834719,1.356461870620117
54.0,-2.3952865600585938,1.317535400390625,2.8559963755913285,0.3267526626587564,-0.5032360553742456,1.4484596306468585
54.01,-2.391902446746826,1.3123222589492798,2.8709425734443617,0.34996271133417384,-0.5392074584960095,1.5410070080601501
54.02,-2.388287305831909,1.3067512512207031,2.8868165157525363,0.37295818328851593,-0.5748033523558672,1.6339042018777117
54.03,-2.3844432830810547,1.3008261919021606,2.903620657481921,0.3957509994507623,-0.6100237369538567,1.7269032664417254
54.04,-2.3803722858428955,1.2945507764816284,2.921354581081364,0.4183173179627297,-0.6449043750764223,1.8197981384748443
54.05,-2.3760769367218018,1.2879281044006348,2.9400166202514106,0.440657138824394,-0.679439306259049,1.9123858301799976
54.06,-2.3715591430664062,1.2809619903564453,2.95960229768497,0.4627704620360605,-0.7136285305022078,2.0044660835588175
54.07,-2.366821527481079,1.2736555337905884,2.9801059419225933,0.4846453666687976,-0.7474899291993675,2.0958490728506702
54.08,-2.3618662357330322,1.266012191772461,3.001519279141975,0.5062699317931337,-0.7810115814207763,2.1863291567273535
54.09,-2.356696128845215,1.2580353021621704,3.023832525057147,0.5276679992674956,-0.8142173290251413,2.2757314739612062
54.1,-2.3513128757476807,1.2497278451919556,3.047033908621206,0.5488514900208612,-0.8471190929414527,2.3638707085557304
54.11,-2.3457190990448,1.2410929203033447,3.0711099392282524,0.5697965621949376,-0.8797049522401652,2.4505788434412414
54.12,-2.339916944503784,1.2321337461471558,3.0960454854900212,0.5905032157897027,-0.9119749069212442,2.5356891820421033
54.13,-2.333909034729004,1.222853422164917,3.1218237228691024,0.6109952926634787,-0.9439408779142812,2.619044870444477
54.14,-2.3276970386505127,1.2132549285888672,-3.1347589242806673,0.6312966346741978,-0.9755790233614001,2.7004850527070845
54.15,-2.3212831020355225,1.2033418416976929,-3.1073518832563525,0.6514310836793288,-1.0068655014040089,2.7798535675498592
54.16,-2.3146684169769287,1.193117618560791,-3.079161852929681,0.6714463233946705,-1.0377943515775965,2.857040501098293
54.17,-2.307854175567627,1.1825859546661377,-3.0502110732343777,0.6912946701048724,-1.0684072971342324,2.931881964975166
54.18,-2.300842523574829,1.171749472618103,-3.0205242136301687,0.7109045982362254,-1.0987341403963367,3.0042309786313375
54.19,-2.2936360836029053,1.1606112718582153,-2.990126453661763,0.730299949645882,-1.1287748813627385,3.0740191220364945
54.2,-2.286236524581909,1.1491739749908447,-2.959043831189429,0.7495164871214649,-1.1585175991056538,3.141080035962804
54.21,-2.2786457538604736,1.1374409198760986,-2.927304852942497,0.7685065269471744,-1.1879622936251142,3.2052877068162005
54.22,-2.2708663940429688,1.1254147291183472,-2.894938077053118,0.7873058319093363,-1.2171149253847637,3.2665715275384923
54.23,-2.26289963722229,1.1130986213684082,-2.86197342239174,0.8059263229368857,-1.245975494384571,3.32481922296052
54.24,-2.2547478675842285,1.1004952192306519,-2.828441692593897,0.8242964744566582,-1.274585723876754,3.3799448855088388
54.25,-2.2464137077331543,1.0876069068908691,-2.794374524681553,0.8424520492555387,-1.302945613861343,3.431845517198567
54.26,-2.237898826599121,1.0744363069534302,-2.7598047822499394,0.8604407310484494,-1.3310134410856074,3.4804295402253493
54.27,-2.2292048931121826,1.0609866380691528,-2.724765933877035,0.8782863616941986,-1.3587832450864574,3.525632260595972
54.28,-2.2203330993652344,1.0472606420516968,-2.689292137038009,0.8959889411928053,-1.3862550258639232,3.5673703273778603
54.29,-2.21128511428833,1.0332615375518799,-2.653418527329492,0.9135127067567735,-1.4134466648104618,3.605601819258848
54.3,-2.2020628452301025,1.0189917087554932,-2.6171801006528463,0.93086957931504,-1.4403581619260444,3.640243543527952
54.31,-2.1926677227020264,1.0044543743133545,-2.5806136564589215,0.9480714797972151,-1.466986536979446,3.6712545879449534
54.32,-2.1831014156341553,0.9896519780158997,-2.543755008893936,0.965118408203317,-1.4933437108996501,3.6985659136569846
54.33,-2.173365354537964,0.9745875000953674,-2.5066423381857965,0.9820580482481375,-1.5194118022916325,3.722154233186843
54.34,-2.1634602546691895,0.9592637419700623,-2.4693119242301873,0.9988069534300197,-1.5452325344083278,3.741983130033281
54.35,-2.1533892154693604,0.943682849407196,-2.431802675585119,1.015305519104206,-1.5708357095721508,3.7580138833729277
54.36,-2.1431541442871094,0.9278470277786255,-2.3941516465627437,1.0315537452699806,-1.5961080789569215,3.77023712900379
54.37,-2.132758140563965,0.911760687828064,-2.3563979330050584,1.0443091392515458,-1.6158252954480505,3.7786134088194956
54.38,-2.122267961502075,0.8955305218696594,-2.318579378386342,1.053726673126056,-1.6301214694974258,3.7831595438625323
54.39,-2.1116836071014404,0.8791582584381104,-2.280734742127796,1.0651707649233075,-1.6475260257724225,3.7838169354169815
54.4,-2.1009645462036133,0.8625800013542175,-2.2429030396780174,1.079750061035371,-1.6696959733966334,3.7806338079693553
54.41,-2.0900886058807373,0.8457643389701843,-2.205122065968424,1.0955214500425534,-1.693612337112162,3.7736244114833104
54.42,-2.079054117202759,0.828707754611969,-2.1674305514483394,1.1112928390501193,-1.717591285705298,3.762737699319219
54.43,-2.0678627490997314,0.811412513256073,-2.1298673119820277,1.1269330978395797,-1.7413228750232346,3.7480308893565923
54.44,-2.0565154552459717,0.7938812971115112,-2.0924699336612225,1.1424660682676437,-1.7647743225094898,3.7295101177808596
54.45,-2.045013427734375,0.7761170268058777,-2.055277109626399,1.1542081832883937,-1.7824172973630026,3.7072299967655353
54.46,-2.0334312915802,0.7582329511642456,-2.0183253337259,1.1569023132326521,-1.7862856388095596,3.681176922224116
54.47,-2.0218753814697266,0.7403913140296936,-1.9816535711819312,1.1513113975527194,-1.7773509025577268,3.6514452047653627
54.48,-2.0104050636291504,0.7226859331130981,-1.9452964296306074,1.1423945426939133,-1.7632424831387625,3.618078339609399
54.49,-1.9990274906158447,0.7051264643669128,-1.909292004389732,1.1252939701078564,-1.7367064952847626,3.581105027322424
54.5,-1.9878991842269897,0.6879518032073975,-1.873674329084148,1.09848380088828,-1.695358753204683,3.540599397867166
54.51,-1.9770578145980835,0.6712192893028259,-1.8384800164324027,1.0718405246732943,-1.6543567180630958,3.4965818564628077
54.52,-1.9664623737335205,0.6548646688461304,-1.8037426919548811,1.0492324829099922,-1.619601249694571,3.4491905451617004
54.53,-1.9560731649398804,0.6388272643089294,-1.7694962055291579,1.0303735733034276,-1.5906512737277334,3.398468751648941
54.54,-1.945854902267456,0.623051643371582,-1.7357733169219158,1.0133743286134829,-1.5646189451220764,3.344455692059033
54.55,-1.9358056783676147,0.6075348854064941,-1.7026070916879903,0.9942710399626131,-1.5352040529248698,3.287279599355816
54.56,-1.9259694814682007,0.5923475623130798,-1.670027724934789,0.9660422801969926,-1.4912009239194446,3.227051313715818
54.57,-1.9164848327636719,0.5777108669281006,-1.6380660654136638,0.9311974048616355,-1.4365434646609303,3.1638285012721554
54.58,-1.9073455333709717,0.5636166930198669,-1.6067511549093587,0.8967757225035219,-1.3823837041852698,3.0977264656053594
54.59,-1.8985493183135986,0.5500631928443909,-1.576111536101547,0.8630990982054315,-1.3294011354444333,3.0288833218331908
54.6,-1.8900835514068604,0.5370286703109741,-1.5461734884726852,0.8292913436891298,-1.2764841318133033,2.957414284571558
54.61,-1.8819634914398193,0.5245335102081299,-1.5169632504101274,0.7948637008668573,-1.2227296829226066,2.8833713568395556
54.62,-1.8741862773895264,0.5125740766525269,-1.4885060613359054,0.7609069347380403,-1.1696606874464115,2.8069776592858418
54.63,-1.8667453527450562,0.501140296459198,-1.460823697224402,0.7275521755217369,-1.1176303029058616,2.72836218273917
54.64,-1.8596352338790894,0.49022147059440613,-1.4339388176811134,0.6950736045838786,-1.0672256350519396,2.6476994403139935
54.65,-1.8528438806533813,0.47979578375816345,-1.4078697084181329,0.6639063358308206,-1.0190874338152052,2.565012632521801
54.66,-1.8463571071624756,0.4698397219181061,-1.3826385650306876,0.6339311599730454,-0.9728193283079534,2.4804608715836127
54.67,-1.8401652574539185,0.46033939719200134,-1.3582604909864526,0.6049454212187775,-0.9279906749723891,2.3942796354296223
54.68,-1.8342581987380981,0.4512799084186554,-1.3347529723220877,0.5763709545136645,-0.8839756250383228,2.3066227531166974
54.69,-1.8286378383636475,0.4426598846912384,-1.3121280359241279,0.5478143692015746,-0.8403241634367583,2.2176409310200014
54.7,-1.823301911354065,0.4344734251499176,-1.2904001537016805,0.5197703838347576,-0.7975637912748997,2.127479857463577
54.71,-1.8182424306869507,0.4267086088657379,-1.2695784387748497,0.4924476146698978,-0.7558882236482217,2.0364114689804644
54.72,-1.813452959060669,0.4193556606769562,-1.2496719243220795,0.46568512916574206,-0.7150545716287128,1.9445431474712431
54.73,-1.8089287281036377,0.4124075174331665,-1.2306875758254328,0.43919682502739715,-0.6746947765349287,1.852118666818269
54.74,-1.8046690225601196,0.4058617651462555,-1.2126295509857086,0.4126608371733974,-0.6344273686408005,1.7593460756045867
54.75,-1.8006755113601685,0.3997189700603485,-1.1955006543133357,0.3861188888550573,-0.5942404270173302,1.666333725863421
54.76,-1.79694664478302,0.39397695660591125,-1.1793028764684468,0.35964846611017326,-0.5541279911994068,1.5733947084223248
54.77,-1.7934825420379639,0.38863641023635864,-1.164032760144884,0.33310055732721844,-0.5138516426085622,1.4807448191630175
54.78,-1.7902846336364746,0.3836999237537384,-1.1496879800851818,0.30639767646795646,-0.4732742905617702,1.388482583533178
54.79,-1.787354588508606,0.3791709244251251,-1.1362631084742258,0.2801299095154366,-0.433132052421656,1.2969702813581034
54.8,-1.784682035446167,0.375037282705307,-1.123748574458025,0.25446414947505785,-0.3936707973479609,1.2063835576157647
54.81,-1.782265305519104,0.3712975084781647,-1.1121354373219068,0.2293646335601448,-0.3549262881278437,1.1169983123715785
54.82,-1.7800947427749634,0.367938756942749,-1.1014086082105898,0.20475387573246262,-0.3168046474457417,1.0290291244214704
54.83,-1.7781702280044556,0.3649614155292511,-1.0915548548334815,0.18072128295895612,-0.2794504165648977,0.9427415110437513
54.84,-1.7764803171157837,0.3623497486114502,-1.0825537779897119,0.15721321105954575,-0.2427667379378893,0.8584688924385898
54.85,-1.7750259637832642,0.36010608077049255,-1.074385476984707,0.13348460197451387,-0.20566582679752626,0.7763705870958971
54.86,-1.773810625076294,0.3582364320755005,-1.067026366247797,0.10954737663271222,-0.16829669475558767,0.6967156848836141
54.87,-1.7728350162506104,0.35674014687538147,-1.0604511632870377,0.08534193038939096,-0.1306354999542032,0.6198024656418085
54.88,-1.7721037864685059,0.355623722076416,-1.0546303169349591,0.06069540977477079,-0.09242445230482564,0.5459685275236249
54.89,-1.7716211080551147,0.35489165782928467,-1.0495317927365633,0.03680586814881103,-0.05538761615754276,0.4754489855402224
54.9,-1.7713676691055298,0.3545159697532654,-1.0451213372241566,0.015974044799807866,-0.022830069065098536,0.4085420535756259
54.91,-1.7713016271591187,0.3544350564479828,-1.0413609516650526,-0.002175569534301418,0.005643069744109225,0.34555774886943097
54.92,-1.7714111804962158,0.3546288311481476,-1.0382101822467669,-0.019615888595577988,0.03285109996795141,0.28681110500481344
54.93,-1.7716939449310303,0.3550920784473419,-1.0356247295649554,-0.036501884460456484,0.05906224250794632,0.2325966334697301
54.94,-1.7721412181854248,0.3558100759983063,-1.0335582495773732,-0.052148103713981105,0.08332729339598306,0.18321157670377253
54.95,-1.77273690700531,0.35675862431526184,-1.0319604980308794,-0.06682872772215752,0.10612010955808888,0.13903121286509326
54.96,-1.7734777927398682,0.3579324781894684,-1.030777625320071,-0.07888078689576765,0.12482851743700604,0.10035663633402912
54.97,-1.774314522743225,0.35925519466400146,-1.029953365304199,-0.08820891380311814,0.13928860425951867,0.06752932213226714
54.98,-1.7752419710159302,0.3607182502746582,-1.0294270388774256,-0.09703636169432077,0.15299469232556812,0.04092015104170592
54.99,-1.7762552499771118,0.3623150885105133,-1.0291349622833645,-0.10544061660764953,0.16604661941525725,0.020827058161062638
55.0,-1.7773507833480835,0.36403918266296387,-1.029010497714204,-0.11362433433534976,0.17866790294650772,0.007578679200028035
55.01,-1.7785277366638184,0.36588844656944275,-1.0289833886993638,-0.12008547782896072,0.18864572048184308,0.0013728283149603356
55.02,-1.779752492904663,0.3678120970726013,-1.0289830411479048,-0.12404322624204604,0.19478350877758796,1.7377572936180866e-05
55.03,-1.7810086011886597,0.3697841167449951,-1.0289830411479048,-0.12665390968325274,0.19880682229999683,0.0
55.04,-1.7822855710983276,0.37178823351860046,-1.0289830411479048,-0.12733340263369233,0.19987523555759593,0.0
55.05,-1.783555269241333,0.37378162145614624,-1.0289830411479048,-0.1242876052856251,0.19521713256832887,0.0
55.06,-1.7847713232040405,0.37569257616996765,-1.0289830411479048,-0.11868476867673926,0.18662810325619641,0.0
55.07,-1.7859289646148682,0.37751418352127075,-1.0289830411479048,-0.11270642280580856,0.17746537923816397,0.0
55.08,-1.7870254516601562,0.3792418837547302,-1.0289830411479048,-0.10628700256345995,0.167572498321507,0.0
55.09,-1.7880547046661377,0.3808656334877014,-1.0289830411479048,-0.09927749633787511,0.15668570995328363,0.0
55.1,-1.789011001586914,0.3823755979537964,-1.0289830411479048,-0.09170174598695673,0.14480054378512403,0.0
55.11,-1.7898887395858765,0.3837616443634033,-1.0289830411479048,-0.08386373519899129,0.13243556022646677,0.0
55.12,-1.7906882762908936,0.3850243091583252,-1.0289830411479048,-0.07607340812681916,0.12014210224149734,0.0
55.13,-1.791410207748413,0.38616448640823364,-1.0289830411479048,-0.06836652755736236,0.10797083377836447,0.0
55.14,-1.792055606842041,0.3871837258338928,-1.0289830411479048,-0.06074905395509021,0.09594559669496537,0.0
55.15,-1.7926251888275146,0.38808339834213257,-1.0289830411479048,-0.05321502685547934,0.08405596017839197,0.0
55.16,-1.7931199073791504,0.3888648450374603,-1.0289830411479048,-0.046223402023308206,0.07293075323103719,0.0
55.17,-1.793549656867981,0.38954201340675354,-1.0289830411479048,-0.04030466079711284,0.06333589553832018,0.0
55.18,-1.7939260005950928,0.39013156294822693,-1.0289830411479048,-0.03525018692017303,0.054985284805308794,0.0
55.19,-1.7942546606063843,0.3906417191028595,-1.0289830411479048,-0.030839443206782287,0.0475436449050829,0.0
55.2,-1.7945427894592285,0.39108243584632874,-1.0289830411479048,-0.026905536651607123,0.0408187508583005,0.0
55.21,-1.7947927713394165,0.39145809412002563,-1.0289830411479048,-0.02331733703613745,0.03466159105301593,0.0
55.22,-1.7950091361999512,0.3917756676673889,-1.0289830411479048,-0.0200808048248331,0.029076635837560715,0.0
55.23,-1.795194387435913,0.39203962683677673,-1.0289830411479048,-0.017178058624264893,0.024007260799404205,0.0
55.24,-1.7953526973724365,0.3922558128833771,-1.0289830411479048,-0.014936923980710556,0.01987963914870905,0.0
55.25,-1.7954931259155273,0.392437219619751,-1.0289830411479048,-0.01318454742431903,0.016447901725772315,0.0
55.26,-1.7956163883209229,0.39258477091789246,-1.0289830411479048,-0.011515617370603668,0.013156235218046038,0.0
55.27,-1.7957234382629395,0.39270034432411194,-1.0289830411479048,-0.010234117507932971,0.01058876514434649,0.0
55.28,-1.7958210706710815,0.3927965462207794,-1.0289830411479048,-0.009518861770631777,0.009104609489442729,0.0
55.29,-1.795913815498352,0.39288243651390076,-1.0289830411479048,-0.009083747863771339,0.008179247379304606,0.0
55.3,-1.796002745628357,0.3929601311683655,-1.0289830411479048,-0.0087380409240709,0.00746250152587774,0.0
55.31,-1.7960885763168335,0.39303168654441833,-1.0289830411479048,-0.008463859558104145,0.006930530071257462,0.0
55.32,-1.796172022819519,0.39309874176979065,-1.0289830411479048,-0.008261203765870783,0.006572902202607509,0.0
55.33,-1.7962538003921509,0.39316314458847046,-1.0289830411479048,-0.008124113082884472,0.0063464045524587245,0.0
55.34,-1.7963345050811768,0.39322566986083984,-1.0289830411479048,-0.008028745651243863,0.006219744682311039,0.0
55.35,-1.7964143753051758,0.3932875394821167,-1.0289830411479048,-0.007951259613038691,0.006154179573060307,0.0
55.36,-1.7964935302734375,0.393348753452301,-1.0289830411479048,-0.007861852645875588,0.006085634231568594,0.0
55.37,-1.7965716123580933,0.39340925216674805,-1.0289830411479048,-0.0077188014984118794,0.005997717380522744,0.0
55.38,-1.7966479063034058,0.3934687077999115,-1.0289830411479048,-0.007522106170653121,0.005868077278136289,0.0
55.39,-1.7967220544815063,0.3935266137123108,-1.0289830411479048,-0.007295608520509264,0.005695223808289707,0.0
55.4,-1.796793818473816,0.39358261227607727,-1.0289830411479048,-0.007039308547975034,0.005489587783814569,0.0
55.41,-1.7968628406524658,0.39363640546798706,-1.0289830411479048,-0.006765127182005779,0.005257129669188632,0.0
55.42,-1.796929121017456,0.39368775486946106,-1.0289830411479048,-0.006502866744994101,0.0049903988838188,0.0
55.43,-1.7969928979873657,0.39373621344566345,-1.0289830411479048,-0.006258487701417261,0.00469237565994356,0.0
55.44,-1.7970542907714844,0.3937816023826599,-1.0289830411479048,-0.005996227264403359,0.004358589649199758,0.0
55.45,-1.7971128225326538,0.39382338523864746,-1.0289830411479048,-0.005680322647093838,0.003971159458159779,0.0
55.46,-1.7971678972244263,0.3938610255718231,-1.0289830411479048,-0.0053465366363536024,0.0035613775253302985,0.0
55.47,-1.7972197532653809,0.39389461278915405,-1.0289830411479048,-0.00503659248352151,0.003166496753693257,0.0
55.48,-1.7972686290740967,0.393924355506897,-1.0289830411479048,-0.004738569259642814,0.0027865171432490763,0.0
55.49,-1.7973145246505737,0.39395034313201904,-1.0289830411479048,-0.004428625106810831,0.0024184584617610964,0.0
55.5,-1.797357201576233,0.3939727246761322,-1.0289830411479048,-0.004124641418457852,0.002062320709228926,0.0
55.51,-1.7973970174789429,0.3939915895462036,-1.0289830411479048,-0.0038444995880120942,0.0017166137695309818,0.0
55.52,-1.7974340915679932,0.3940070569515228,-1.0289830411479048,-0.0035762786865228785,0.0013813376426694618,0.0
55.53,-1.7974685430526733,0.394019216299057,-1.0289830411479048,-0.0033259391784674587,0.001056492328644009,0.0
55.54,-1.7975006103515625,0.3940281867980957,-1.0289830411479048,-0.0030875205993658485,0.0007569789886476115,0.0
55.55,-1.7975302934646606,0.39403435587882996,-1.0289830411479048,-0.002861022949218303,0.0004962086677550494,0.0
55.56,-1.7975578308105469,0.3940381109714508,-1.0289830411479048,-0.00264644622802693,0.0002682209014892159,0.0
55.57,-1.7975832223892212,0.39403972029685974,-1.0289830411479048,-0.0024318695068364215,6.109476089478755e-05,0.0
55.58,-1.7976064682006836,0.3940393328666687,-1.0289830411479048,-0.0022470951080318753,-0.00012218952178953167,0.0
55.59,-1.7976281642913818,0.39403727650642395,-1.0289830411479048,-0.0020802021026608076,-0.00028312206268306123,0.0
55.6,-1.7976480722427368,0.39403367042541504,-1.0289830411479048,-0.00191926956176796,-0.0004395842552185933,0.0
55.61,-1.7976665496826172,0.3940284848213196,-1.0289830411479048,-0.0017821788787845342,-0.0005781650543214041,0.0
55.62,-1.7976837158203125,0.3940221071243286,-1.0289830411479048,-0.0016629695892331384,-0.0006988644599913458,0.0
55.63,-1.7976998090744019,0.39401450753211975,-1.0289830411479048,-0.0015437602996823758,-0.0008240342140196466,0.0
55.64,-1.7977145910263062,0.3940056264400482,-1.0289830411479048,-0.0014185905456545792,-0.0009432435035707443,0.0
55.65,-1.797728180885315,0.39399564266204834,-1.0289830411479048,-0.001293420791626234,-0.0010520219802858538,0.0
55.66,-1.7977404594421387,0.3939845860004425,-1.0289830411479048,-0.0011622905731199355,-0.0011563301086423973,0.0
55.67,-1.7977514266967773,0.3939725160598755,-1.0289830411479048,-0.0010848045349119398,-0.0012472271919248539,0.0
55.68,-1.797762155532837,0.393959641456604,-1.0289830411479048,-0.0010728836059572446,-0.0013276934623720903,0.0
55.69,-1.7977728843688965,0.39394596219062805,-1.0289830411479048,-0.0010430812835691729,-0.0014066696166989989,0.0
55.7,-1.7977830171585083,0.39393150806427,-1.0289830411479048,-0.0010251998901365585,-0.001473724842071303,0.0
55.71,-1.7977933883666992,0.3939164876937866,-1.0289830411479048,-0.001055002212524624,-0.0015199184417727634,0.0
55.72,-1.7978041172027588,0.39390110969543457,-1.0289830411479048,-0.0010728836059572446,-0.0015556812286380047,0.0
55.73,-1.7978148460388184,0.39388537406921387,-1.0289830411479048,-0.001096725463867016,-0.00157803297042822,0.0
55.74,-1.7978260517120361,0.393869549036026,-1.0289830411479048,-0.0011563301086423973,-0.0015705823898312975,0.0
55.75,-1.7978379726409912,0.39385396242141724,-1.0289830411479048,-0.0011920928955080497,-0.0015437602996829242,8.18053120799241e-06
55.76,-1.7978498935699463,0.39383867383003235,-1.0289828775372807,-0.0011622905731199355,-0.001507997512817147,0.00040377444689981075
55.77,-1.7978612184524536,0.3938238024711609,-1.0289749656589666,-0.0009238719940184103,-0.001454353332519304,0.002345972287475983
55.78,-1.7978683710098267,0.39380958676338196,-1.0289359580915312,-0.0001728534698486672,-0.0013589859008791767,0.006643364589199664
55.79,-1.7978646755218506,0.3937966227531433,-1.0288420983671827,0.0014305114746096597,-0.0011578202247621932,0.013191661051339803
55.8,-1.7978397607803345,0.3937864303588867,-1.0286721248705044,0.004267692565917302,-0.000822544097900262,0.021882505330413825
55.81,-1.7977793216705322,0.3937801718711853,-1.0284044482605745,0.008732080459593361,-0.000363588333129826,0.03271900119110093
55.82,-1.7976651191711426,0.3937791585922241,-1.0280177448466823,0.015223026275637794,0.00023841857910160993,0.04551664973911702
55.83,-1.7974748611450195,0.39378494024276733,-1.0274941152657926,0.023990869522090976,0.0010311603546140967,0.06017374814663193
55.84,-1.7971853017807007,0.3937997817993164,-1.0268142698837495,0.03533959388732358,0.0020653009414669625,0.0766438743171718
55.85,-1.796768069267273,0.3938262462615967,-1.025961237779449,0.04925727844239261,0.0032991170883185273,0.09474973273319806
55.86,-1.796200156211853,0.39386576414108276,-1.024919275229086,0.06574988365174649,0.004699826240540486,0.11446183033101466
55.87,-1.7954530715942383,0.39392024278640747,-1.0236720011728289,0.08560419082640264,0.006343424320219956,0.13567156399079228
55.88,-1.7944880723953247,0.3939926326274872,-1.02220584394927,0.10944008827207762,0.008296966552733077,0.1582396926661042
55.89,-1.7932642698287964,0.39408618211746216,-1.0205072073195065,0.13754367828371877,0.010581314563753327,0.18209925076421454
55.9,-1.7917371988296509,0.3942042589187622,-1.0185638589339865,0.1694440841675142,0.013139843940737478,0.2071803192657619
55.91,-1.7898753881454468,0.39434897899627686,-1.0163636009341923,0.2047121524810471,0.015939772129056347,0.2333780605549753
55.92,-1.7876429557800293,0.3945230543613434,-1.0138962977228865,0.24239420890804317,0.01891553401946726,0.26058979612740096
55.93,-1.7850275039672852,0.39472728967666626,-1.0111518050116435,0.2819120883942211,0.02201795578003368,0.28873874062266464
55.94,-1.782004714012146,0.39496341347694397,-1.008121522910434,0.3229320049285384,0.0252217054367026,0.31776613003157733
55.95,-1.7785688638687134,0.3952317237854004,-1.0047964824110107,0.3652989864348794,0.028517842292781186,0.3475801760776232
55.96,-1.7746987342834473,0.3955337703227997,-1.0011699193888806,0.40872693061836746,0.03188252449036279,0.37805138526557397
55.97,-1.7703943252563477,0.3958693742752075,-0.9972354547057006,0.4513978958130781,0.03514140844345792,0.409127764240084
55.98,-1.7656707763671875,0.3962365984916687,-0.9929873641040805,0.49429535865775964,0.0383913516998231,0.4407511939111796
55.99,-1.760508418083191,0.3966372013092041,-0.9884204308274755,0.5379855632781142,0.041726231575005684,0.47285018497735076
56.0,-1.7549110651016235,0.39707112312316895,-0.9835303604045319,0.5812764167786801,0.0450387597084135,0.5053409224568546
56.01,-1.7488828897476196,0.3975379765033722,-0.9783136123783404,0.6241261959074952,0.04831552505492409,0.5381519333502329
56.02,-1.7424285411834717,0.3980374336242676,-0.9727673217375253,0.6665468215941341,0.051526725292197754,0.5711861172060568
56.03,-1.7355519533157349,0.3985685110092163,-0.9668898900342172,0.7085621356965521,0.05467236042023793,0.6043704590984337
56.04,-1.7282572984695435,0.3991308808326721,-0.9606799125555592,0.7501542568208279,0.05779862403870779,0.6376495898062932
56.05,-1.7205488681793213,0.39972448348999023,-0.954136898238094,0.7913231849669173,0.06088465452193262,0.6709772232956829
56.06,-1.7124308347702026,0.40034857392311096,-0.9472603680896433,0.8320868015288005,0.06392300128935768,0.7042928104074484
56.07,-1.7039071321487427,0.4010029435157776,-0.9400510420299427,0.8724451065065212,0.06694197654725453,0.7374937556519214
56.08,-1.6949819326400757,0.4016874134540558,-0.9325104929766076,0.9124040603636269,0.06994903087614873,0.7705529555102192
56.09,-1.6856590509414673,0.4024019241333008,-0.9246399829197359,0.9519696235655251,0.0729486346244698,0.8034102915029339
56.1,-1.6759425401687622,0.4031463861465454,-0.9164422871465466,0.9911239147188251,0.07592886686326585,0.8359946916977832
56.11,-1.6658365726470947,0.4039205014705658,-0.9079200890857835,1.029890775680747,0.07889419794084211,0.8682556864416608
56.12,-1.6553447246551514,0.40472427010536194,-0.8990771734177166,1.0682821273802041,0.08185356855391177,0.9001238941747906
56.13,-1.6444709300994873,0.4055575728416443,-0.889917611202285,1.1062920093534647,0.08479207754133807,0.9315498193596881
56.14,-1.6332188844680786,0.40642011165618896,-0.8804461770305199,1.1439144611360919,0.08771419525148229,0.9625199411788549
56.15,-1.62159264087677,0.4073118567466736,-0.8706672123787117,1.1811435222628082,0.09065121412279026,0.9929323195793293
56.16,-1.6095960140228271,0.4082331359386444,-0.8605875306389372,1.2180149555204396,0.09358376264570681,1.0227550096327764
56.17,-1.5972323417663574,0.409183531999588,-0.8502121121860532,1.2545228004453606,0.09648799896238726,1.0519764155545361
56.18,-1.584505558013916,0.41016289591789246,-0.8395480023278432,1.2906730175020877,0.09939968585969995,1.0804905897048895
56.19,-1.5714188814163208,0.4111715257167816,-0.8286023003919598,1.3264536857602907,0.10230690240858387,1.1082817005035484
56.2,-1.557976484298706,0.41220903396606445,-0.8173823683177689,1.3618588447568671,0.10517239570616031,1.1353028915206844
56.21,-1.5441817045211792,0.41327497363090515,-0.8058962425615424,1.396930217743198,0.1079931855201936,1.1615222904417168
56.22,-1.5300378799438477,0.4143688976764679,-0.7941519225089391,1.4316558837893474,0.1107767224312049,1.1869462290011432
56.23,-1.515548586845398,0.4154905080795288,-0.7821573179815241,1.4660298824308011,0.11353492736814631,1.2114991602549912
56.24,-1.500717282295227,0.4166395962238312,-0.7699219393038353,1.5000641345975438,0.11626183986662,1.2351179052566175
56.25,-1.4855473041534424,0.4178157448768616,-0.7574549598763877,1.5337765216830443,0.11894851922991258,1.2577622090326483
56.26,-1.4700417518615723,0.41901856660842896,-0.7447666951231874,1.567131280898803,0.12161582708356863,1.2794398275086658
56.27,-1.4542046785354614,0.4202480614185333,-0.7318661633262104,1.6001403331754092,0.1242786645889088,1.3001152283188955
56.28,-1.438038945198059,0.4215041399002075,-0.7187643905568055,1.6328454017642409,0.1269370317459359,1.3197399765514999
56.29,-1.421547770500183,0.42278680205345154,-0.7054713637951856,1.6652226448062395,0.12957751750948623,1.3383288465310892
56.3,-1.404734492301941,0.42409569025039673,-0.6919978136261891,1.6972661018368929,0.1321792602538856,1.3558280101822684
56.31,-1.38760244846344,0.42543038725852966,-0.6783548035915359,1.7289936542508284,0.1347586512565402,1.3721913190247368
56.32,-1.370154619216919,0.42679086327552795,-0.6645539872456901,1.7604112625125572,0.1373216509819304,1.3874178043599457
56.33,-1.3523942232131958,0.4281768202781677,-0.6506064475043427,1.7915070056912483,0.13984739780423838,1.4015181078987278
56.34,-1.3343244791030884,0.42958781123161316,-0.6365236250877111,1.8222868442532552,0.14234334230420748,1.4144390315075093
56.35,-1.315948486328125,0.4310236871242523,-0.6223176668741882,1.852774620056521,0.1448228955269148,1.4261499834814457
56.36,-1.2972689867019653,0.4324842691421509,-0.6080006254180876,1.8829643726352623,0.14727115631106447,1.4366578201489204
56.37,-1.2782891988754272,0.433969110250473,-0.5935845104712156,1.912844181060492,0.1496821641921763,1.4459683997117794
56.38,-1.2590121030807495,0.4354779124259949,-0.5790812574238475,1.9424319267269914,0.1520544290542365,1.4540479753747784
56.39,-1.2394405603408813,0.4370101988315582,-0.5645035509637155,1.9713103771213638,0.1543805003166506,1.4608708756155073
56.4,-1.21958589553833,0.43856552243232727,-0.5498638399115431,1.9997179508213208,0.15672743320468205,1.4664438540618083
56.41,-1.199446201324463,0.44014474749565125,-0.5351746738824852,2.0282506942745853,0.15910714864728348,1.4707197052935472
56.42,-1.179020881652832,0.44174766540527344,-0.5204494458056674,2.0565867424008015,0.16144365072247843,1.4737794604307601
56.43,-1.1583144664764404,0.4433736205101013,-0.5056990846738653,2.084529399872241,0.16370862722400106,1.4755947366366589
56.44,-1.1373302936553955,0.4450218379497528,-0.4909375510729401,2.1121799945828,0.16593039035794524,1.4760865675072312
56.45,-1.1160708665847778,0.44669222831726074,-0.476177353323716,2.1382510662075513,0.1680478453635907,1.4753155450618307
56.46,-1.0945652723312378,0.44838279485702515,-0.4614312401716991,2.1603524684910305,0.16987621784213586,1.4733010857361162
56.47,-1.0728638172149658,0.4500897526741028,-0.4467113316089998,2.1818697452549505,0.17165839672092037,1.4700114970958948
56.48,-1.0509278774261475,0.45181596279144287,-0.432031010229787,2.2012412548061744,0.17322897911069068,1.4654392634246767
56.49,-1.0288389921188354,0.45355433225631714,-0.4174025463405017,2.210319042205465,0.17393231391904018,1.459616422865622
56.5,-1.0067214965820312,0.4552946090698242,-0.40283868177247006,2.213019132614576,0.17410218715671189,1.452541792826856
56.51,-0.9845786094665527,0.4570363759994507,-0.3883517104839704,2.202060818671836,0.17316639423367655,1.4442402316032739
56.52,-0.9626802802085876,0.4587579369544983,-0.3739538771404002,2.1794080734249524,0.17128437757489387,1.4347130477394088
56.53,-0.9409904479980469,0.4604620635509491,-0.3596574495291775,2.1601557731632717,0.169660151004825,1.4239493137370776
56.54,-0.9194771647453308,0.4621511399745941,-0.3454748908656644,2.13682353496594,0.1677349209785795,1.4119816740568647
56.55,-0.8982539772987366,0.46381676197052,-0.331417816048046,2.1066159009930177,0.16531497240063944,1.3988457194908077
56.56,-0.8773448467254639,0.4654574394226074,-0.317497976475844,2.0789772272106735,0.16311556100842786,1.3845363336617844
56.57,-0.8566744327545166,0.4670790731906891,-0.303727089374806,2.057966589928083,0.161440670490297,1.369078978373312
56.58,-0.8361855149269104,0.4686862528324127,-0.2901163969083832,2.038180828094164,0.1599133014678705,1.352476245159428
56.59,-0.815910816192627,0.470277339220047,-0.27667756447161346,2.015054225921316,0.158190727233862,1.334767808546835
56.6,-0.7958844304084778,0.47185006737709045,-0.2634210407374421,1.9899874925617362,0.15634298324588072,1.316001147165253
56.61,-0.7761110663414001,0.473404198884964,-0.2503575415283135,1.9597232341770257,0.15412271022799698,1.296148912388975
56.62,-0.7566899657249451,0.4749325215816498,-0.2374980624896676,1.9147396087643491,0.1508221030235055,1.2752629777952555
56.63,-0.7378162741661072,0.47642064094543457,-0.22485228197240453,1.8553495407101592,0.14646649360654448,1.2533949799848716
56.64,-0.7195829749107361,0.47786185145378113,-0.21243016288996608,1.7920821905139674,0.14183521270754776,1.230545714369203
56.65,-0.701974630355835,0.47925734519958496,-0.20024136768502515,1.7293870449069604,0.13724863529208053,1.2067613240686683
56.66,-0.6849952340126038,0.4806068241596222,-0.18829493640859735,1.667699217796065,0.13274103403089355,1.1820709654871182
56.67,-0.6686206459999084,0.48191216588020325,-0.1765999483752791,1.608696579932915,0.12842863798139473,1.1565018421630238
56.68,-0.6528213024139404,0.4831753969192505,-0.1651648995653333,1.5533804893496743,0.1243829727173099,1.130102637792499
56.69,-0.6375530362129211,0.48439982533454895,-0.15399789561943344,1.5006810426709691,0.1205116510391047,1.1029151953319047
56.7,-0.6228076815605164,0.48558562994003296,-0.1431065956586916,1.4489918947217584,0.11669099330900276,1.0749759111578034
56.71,-0.6085731983184814,0.48673364520072937,-0.13249837739627404,1.399379968643467,0.11302381753923757,1.0463207600808517
56.72,-0.5948200821876526,0.48784610629081726,-0.12218018045707872,1.3528317213061163,0.10955184698107039,1.016991173124573
56.73,-0.5815165638923645,0.48892468214035034,-0.11215855393378682,1.3087987899778228,0.1061961054801775,0.9870415953350931
56.74,-0.568644106388092,0.48997002840042114,-0.10243934855037379,1.2653589248655248,0.10282695293424907,0.9565201833028839
56.75,-0.55620938539505,0.49098122119903564,-0.09302815026772604,1.2198269367220445,0.0992745161056716,0.9254744587752282
56.76,-0.544247567653656,0.4919555187225342,-0.08392985937487306,1.1713743209837035,0.09549260139463839,0.8939481370713033
56.77,-0.5327818989753723,0.4928910732269287,-0.07514918752629697,1.121786236762825,0.09158104658125399,0.8619965915579659
56.78,-0.521811842918396,0.49378713965415955,-0.06668992754371107,1.0717958211900935,0.08756816387178255,0.8296742756486494
56.79,-0.5113459825515747,0.494642436504364,-0.058555702013327125,1.0209381580354815,0.08346587419511549,0.7970374691368218
56.8,-0.5013930797576904,0.4954564571380615,-0.05074917816097792,0.9700119495390329,0.07937103509901713,0.7641455823781755
56.81,-0.491945743560791,0.4962298572063446,-0.04327279036576109,0.9193316102026456,0.07529854774473921,0.7310424401820249
56.82,-0.48300644755363464,0.49696242809295654,-0.036128329357335204,0.8689269423486531,0.07124841213227735,0.6978028620852783
56.83,-0.4745672047138214,0.49765482544898987,-0.029316733124058428,0.8191972970961244,0.06725043058394334,0.6644828690261244
56.84,-0.4666225016117096,0.4983074367046356,-0.02283867197681046,0.7698193192480791,0.06326735019682848,0.6311464887454389
56.85,-0.4591708183288574,0.49892017245292664,-0.016693803349147687,0.7205858826638701,0.05929172039033162,0.597857493620987
56.86,-0.45221078395843506,0.499493271112442,-0.010881522104392877,0.6713971495629693,0.05533248186112551,0.5646815079597647
56.87,-0.4457428753376007,0.5000268220901489,-0.005400173189954437,0.622265040874384,0.05137175321578177,0.5316984551889726
56.88,-0.43976548314094543,0.5005207061767578,-0.000247553000611812,0.5735069513320027,0.04743039608000967,0.4989726712327888
56.89,-0.43427273631095886,0.5009754300117493,0.004579280234702907,0.525589287281141,0.04358589649201307,0.4665755682280932
56.9,-0.4292536973953247,0.5013924241065979,0.009083958363948416,0.4793077707291603,0.03989338874817688,0.43456937512016164
56.91,-0.42468658089637756,0.5017732977867126,0.013270667737104598,0.43420791625969773,0.036272406578058296,0.4030346947879773
56.92,-0.4205695390701294,0.5021178722381592,0.017144652259709247,0.38928687572473164,0.0326305627822825,0.3720525877527554
56.93,-0.4169008433818817,0.5024259090423584,0.02071171949216069,0.34422725439078505,0.028961896896368067,0.3417011822931096
56.94,-0.41368499398231506,0.5026971101760864,0.023978675905570027,0.2996623516082295,0.025334954261775827,0.3120556062085012
56.95,-0.4109075963497162,0.502932608127594,0.02695283161633169,0.256243348121603,0.02180933952331202,0.28319577898956466
56.96,-0.4085601270198822,0.5031332969665527,0.02964259148536215,0.21293759346012536,0.018307566642764873,0.25521706940912575
56.97,-0.4066488444805145,0.5032987594604492,0.03205717300451331,0.1715570688248022,0.014996528625491265,0.22819689693143286
56.98,-0.40512898564338684,0.5034332275390625,0.034206529423989995,0.13479143381116668,0.012105703353879943,0.2022147490502352
56.99,-0.40395301580429077,0.5035408735275269,0.03610146798551858,0.1008480787277064,0.009468197822569321,0.17737016740586034
57.0,-0.4031120240688324,0.5036225914955139,0.037753932772107895,0.06844252347947528,0.006964802742005781,0.15374827377732941
57.01,-0.40258416533470154,0.5036801695823669,0.03917643346106477,0.03743469715117823,0.004571676254271746,0.13143809635936143
57.02,-0.4023633301258087,0.5037140250205994,0.04038269469929569,0.005856156349181214,0.002133846282958651,0.11053546435058563
57.03,-0.4024670422077179,0.5037228465080261,0.041387142748077005,-0.026273727416997416,-0.0003427267074585643,0.09112766527316776
57.04,-0.40288880467414856,0.5037071704864502,0.04220524800475862,-0.056618452072154817,-0.002685189247131882,0.07331282669868282
57.05,-0.40359941124916077,0.5036691427230835,0.04285339928205015,-0.08346289396284706,-0.00475049018859789,0.05720147601010688
57.06,-0.40455806255340576,0.5036121606826782,0.043349277524960816,-0.10704845190046544,-0.006559491157530713,0.04287701793210137
57.07,-0.4057403802871704,0.5035379528999329,0.04371093964069209,-0.1294717192650099,-0.008296966552736026,0.03044453506902462
57.08,-0.40714749693870544,0.5034462213516235,0.04395816822634115,-0.15091001987454916,-0.009971857070921292,0.02002784007144285
57.09,-0.40875858068466187,0.5033385157585144,0.04411149644212102,-0.17125904560086433,-0.011557340621946436,0.011706163410261485
57.1,-0.41057267785072327,0.5032150745391846,0.044192291494546496,-0.19094645977024063,-0.013083219528200844,0.005595826699479337
57.11,-0.4125775098800659,0.5030768513679504,0.04422341297611063,-0.20843148231510494,-0.014451146125796331,0.0018102314117033607
57.12,-0.41474130749702454,0.5029260516166687,0.04422849612278062,-0.22400617599483802,-0.01565814018249267,0.0009752415751627804
57.13,-0.4170576333999634,0.5027636885643005,0.044242917807613816,-0.2381041646003351,-0.016593933105466155,0.006161454656904578
57.14,-0.419503390789032,0.5025941729545593,0.044351725215918826,-0.24588406085972908,-0.016504526138308946,0.020285687614589192
57.15,-0.421975314617157,0.5024335980415344,0.04464863155990544,-0.24602711200719007,-0.014746189117434574,0.04346743323629697
57.16,-0.4244239330291748,0.5022992491722107,0.04522107388064475,-0.2391934394836052,-0.010851025581358167,0.07505347351960338
57.17,-0.42675918340682983,0.5022165775299072,0.04614970103029768,-0.22635757923122682,-0.004416704177855755,0.11438915833868346
57.18,-0.42895108461380005,0.5022109150886536,0.04750885704741879,-0.21115541458134085,0.0047445297241220374,0.16084491104063495
57.19,-0.4309822916984558,0.5023114681243896,0.04936659925110993,-0.19416809082028214,0.017043948173520285,0.21381633837319602
57.2,-0.4328344464302063,0.502551794052124,0.05178518381488318,-0.17526894807812812,0.032663345336908955,0.2726907500010496
57.21,-0.4344876706600189,0.5029647350311279,0.05482041425113163,-0.1546084880829165,0.05165040493012502,0.3368925638824298
57.22,-0.435926616191864,0.5035848021507263,0.0585230350925303,-0.13286918401720782,0.07414519786836192,0.40587613868380584
57.23,-0.43714505434036255,0.5044476389884949,0.06293793702480607,-0.11036992073057357,0.10069608688352918,0.4790606828201233
57.24,-0.43813401460647583,0.5055987238883972,0.06810424874893423,-0.0874668359756333,0.13147294521329733,0.5559247020335408
57.25,-0.4388943910598755,0.5070770978927612,0.07405643106547857,-0.06448328495026917,0.1661300659180018,0.6359599778740166
57.26,-0.43942368030548096,0.5089213252067566,0.08082344830641193,-0.042176246643059814,0.2030730247497241,0.7186559433314685
57.27,-0.4397379159927368,0.5111385583877563,0.08842954993211023,-0.02060532569884932,0.2421677112578967,0.8035245769140907
57.28,-0.439835786819458,0.5137646794319153,0.09689393984469644,0.0005021691322327659,0.28344690799718775,0.8900817035232705
57.29,-0.43972787261009216,0.516807496547699,0.10623118400257217,0.020377337932590726,0.3251671791077307,0.9778854985060095
57.3,-0.4394282400608063,0.5202680230140686,0.11645164981481294,0.03900378942489014,0.3669202327727698,1.0664835092505485
57.31,-0.43894779682159424,0.5241459012031555,0.12756085418758648,0.05652755498885225,0.40863752365105915,1.155466360151755
57.32,-0.43829768896102905,0.5284407734870911,0.13956097701785158,0.07301717996598743,0.45027434825906176,1.2444327090516827
57.33,-0.4374874532222748,0.533151388168335,0.15244950836861526,0.08866339921949908,0.49174129962913454,1.3329558537104629
57.34,-0.4365244209766388,0.5382755994796753,0.16622009409206515,0.10366439819334317,0.5329668521880271,1.4206642015722526
57.35,-0.4354141652584076,0.5438107252120972,0.18086279240006453,0.1181080937385794,0.5739241838456342,1.5072008179064622
57.36,-0.4341622591018677,0.5497540831565857,0.19636411045018842,0.13212114572527653,0.6145656108857424,1.5922466273823603
57.37,-0.4327717423439026,0.5561020374298096,0.2127077249477054,0.14578700065610514,0.6548643112181594,1.6754480540451633
57.38,-0.4312465190887451,0.5628513693809509,0.22987307153109682,0.1591548323631038,0.6948173046110975,1.7564818235807163
57.39,-0.42958864569664,0.5699983835220337,0.24783736141932514,0.17224997282031626,0.734427571296838,1.835060308333568
57.4,-0.4278015196323395,0.5775399208068848,0.266574277697761,0.18500834703449115,0.7737010717393507,1.9108832992976303
57.41,-0.4258884787559509,0.5854724049568176,0.28605502740527017,0.19751489162441982,0.8126169443129223,1.983687438323934
57.42,-0.42385122179985046,0.5937922596931458,0.30624802646424576,0.20985007286068497,0.8511632680891614,2.0532350944533104
57.43,-0.4216914772987366,0.6024956703186035,0.32711972929434296,0.22199600934986716,0.8893489837648254,2.1193049673995374
57.44,-0.419411301612854,0.6115792393684387,0.3486341258122281,0.23392736911770026,0.9271830320356828,2.1816219639668875
57.45,-0.41701292991638184,0.6210393309593201,0.3707521685736877,0.2457335591315839,0.9646385908125323,2.2399996427980016
57.46,-0.41449663043022156,0.6308720111846924,0.3934341186681953,0.25740265846257565,1.001471281051835,2.2942725988290515
57.47,-0.41186487674713135,0.6410687565803528,0.4166376205502597,0.26894062757497417,1.0378867387773671,2.3442417720350495
57.48,-0.40911781787872314,0.6516297459602356,0.4403189541088871,0.28034597635264785,1.0742038488386383,2.389755728161251
57.49,-0.4062579572200775,0.6625528335571289,0.46443273511349203,0.29150098562236043,1.1102527379987888,2.4306885831453435
57.5,-0.403287798166275,0.6738348007202148,0.48893272577180164,0.3024056553841239,1.1459857225420371,2.4668925392205243
57.51,-0.40020984411239624,0.6854725480079651,0.5137705858978927,0.3130733966826903,1.1813998222349227,2.4982442696826683
57.52,-0.39702633023262024,0.697462797164917,0.538897611165463,0.3235265612601728,1.2164980173109061,2.5246721224864648
57.53,-0.3937393128871918,0.709802508354187,0.5642640283476298,0.33379942178732835,1.2512743473055468,2.5460844984006097
57.54,-0.390350341796875,0.722488284111023,0.589819301133465,0.34391731023795297,1.2857079505922968,2.562448108725145
57.55,-0.3868609666824341,0.7355166673660278,0.6155129905221226,0.35387575626367757,1.3198107481000745,2.57365361607895
57.56,-0.38327282667160034,0.7488844990730286,0.6412923734550521,0.36367923021310844,1.3535976409909993,2.5796606670458875
57.57,-0.3795873820781708,0.762588620185852,0.6671062038630486,0.3733664751053599,1.3870596885683912,2.5805328135774435
57.58,-0.37580549716949463,0.7766256928443909,0.6929030297265905,0.3817155957221388,1.4155089855191878,2.576211893960464
57.59,-0.3719530701637268,0.7908987998962402,0.7186304417422659,0.38771331310266155,1.4352858066556595,2.566680261087527
57.6,-0.3680512309074402,0.8053314089775085,0.7442366349483491,0.39232671260841545,1.4503061771395707,2.552036766096141
57.61,-0.36410653591156006,0.8199049234390259,0.7696711770641784,0.3961905837059809,1.463022828102403,2.532311426806981
57.62,-0.36012741923332214,0.8345918655395508,0.7948828634844786,0.3998458385466904,1.475244760513075,2.50754082756078
57.63,-0.356109619140625,0.849409818649292,0.8198219936154021,0.40358453989022625,1.4879018068311274,2.4777801536446944
57.64,-0.35205572843551636,0.864349901676178,0.8444384665573804,0.407494604587636,1.5012562274935848,2.4431378769471856
57.65,-0.3479597270488739,0.8794349431991577,0.868684751154336,0.41227936744698146,1.5178889036181609,2.403743214330668
57.66,-0.34381014108657837,0.8947076797485352,0.892513330843984,0.4170104861258809,1.5345305204389081,2.3597589319808905
57.67,-0.339619517326355,0.9101255536079407,0.9158799297939613,0.42013525962823023,1.545616984367129,2.311267934403099
57.68,-0.33540743589401245,0.9256200194358826,0.9387386895320531,0.4212915897370223,1.5496730804446444,2.258358260042531
57.69,-0.3311936855316162,0.9411190152168274,0.9610470949948027,0.4199311137198745,1.5446037054059476,2.201287007803654
57.7,-0.32700881361961365,0.9565120935440063,0.9827644296881332,0.41273385286324726,1.518374681472541,2.140239022686895
57.71,-0.32293900847435,0.971486508846283,1.003851875448547,0.39990693330772725,1.4717698097231933,2.0754209412509184
57.72,-0.3190106749534607,0.9859474897384644,1.0242728485131432,0.3843560814858248,1.4153987169268563,2.0069932531489694
57.73,-0.315251886844635,0.9997944831848145,1.0439917405115184,0.36750286817544914,1.354300975799349,1.9351769187421515
57.74,-0.31166061758995056,1.0130335092544556,1.0629763868879922,0.3508403897284913,1.2938022613523368,1.8603420415812955
57.75,-0.3082350790500641,1.0256705284118652,1.0811985813431502,0.334355235099859,1.233899593353517,1.7826803668993467
57.76,-0.3049735128879547,1.037711501121521,1.0986299942259723,0.31802952289576325,1.1746108531950068,1.7023747118017023
57.77,-0.3018744885921478,1.049162745475769,1.1152460755791895,0.3018543124198442,1.1159181594846888,1.6198710023535368
57.78,-0.2989364266395569,1.0600298643112183,1.1310274142730479,0.2938061952591527,1.0867118835451381,1.5781338693861477
