[INFO] [launch]: All log files can be found below /home/yukichi6105/.ros/log/2026-07-27-20-27-59-971429-fuku-pc-228304
[INFO] [launch]: Default logging verbosity is set to INFO
[INFO] [default_server_endpoint-1]: process started with pid [228335]
[default_server_endpoint-1] /opt/ros/lyrical/lib/python3.14/site-packages/rclpy/executors.py:1073: UserWarning: MultiThreadedExecutor is used with a single thread.
[default_server_endpoint-1] Use the SingleThreadedExecutor instead.
[default_server_endpoint-1]   warnings.warn(
[default_server_endpoint-1] [INFO] [1785151681.010716716] [unity_endpoint]: Starting server on 0.0.0.0:10000
[default_server_endpoint-1] [INFO] [1785151681.069773973] [unity_endpoint]: Connection from 172.25.0.1
[default_server_endpoint-1] [WARN] [1785151681.118845244] [rcl.logging_rosout]: Publisher already registered for node name: 'unity_endpoint'. If this is due to multiple nodes with the same name then all logs for the logger named 'unity_endpoint' will go out over the existing publisher. As soon as any node with that name is destructed it will unregister the publisher, preventing any further logs for that name from being published on the rosout topic.
[default_server_endpoint-1] [INFO] [1785151681.460468950] [unity_endpoint]: RegisterSubscriber(/odom_fast, <class 'nav_msgs.msg._odometry.Odometry'>) OK
[default_server_endpoint-1] [WARN] [1785151681.479461103] [rcl.logging_rosout]: Publisher already registered for node name: 'unity_endpoint'. If this is due to multiple nodes with the same name then all logs for the logger named 'unity_endpoint' will go out over the existing publisher. As soon as any node with that name is destructed it will unregister the publisher, preventing any further logs for that name from being published on the rosout topic.
[default_server_endpoint-1] [INFO] [1785151681.508544556] [unity_endpoint]: RegisterSubscriber(/tf, <class 'tf2_msgs.msg._tf_message.TFMessage'>) OK
[default_server_endpoint-1] [ERROR] [1785151681.509624543] [unity_endpoint]: Not registered to publish topic '/clock'! Valid publish topics are: dict_keys([]) 
[default_server_endpoint-1] [ERROR] [1785151681.510433499] [unity_endpoint]: Not registered to publish topic '/imu/data'! Valid publish topics are: dict_keys([]) 
[default_server_endpoint-1] [ERROR] [1785151681.511049531] [unity_endpoint]: Not registered to publish topic '/clock'! Valid publish topics are: dict_keys([]) 
[default_server_endpoint-1] [ERROR] [1785151681.511728168] [unity_endpoint]: Not registered to publish topic '/imu/data'! Valid publish topics are: dict_keys([]) 
[default_server_endpoint-1] [ERROR] [1785151681.512443433] [unity_endpoint]: Not registered to publish topic '/clock'! Valid publish topics are: dict_keys([]) 
[default_server_endpoint-1] [ERROR] [1785151681.518163409] [unity_endpoint]: Not registered to publish topic '/imu/data'! Valid publish topics are: dict_keys([]) 
[default_server_endpoint-1] [ERROR] [1785151681.522162165] [unity_endpoint]: Not registered to publish topic '/ground_truth_pose'! Valid publish topics are: dict_keys([]) 
[default_server_endpoint-1] [ERROR] [1785151681.523048728] [unity_endpoint]: Not registered to publish topic '/clock'! Valid publish topics are: dict_keys([]) 
[default_server_endpoint-1] [ERROR] [1785151681.523724064] [unity_endpoint]: Not registered to publish topic '/imu/data'! Valid publish topics are: dict_keys([]) 
[default_server_endpoint-1] [ERROR] [1785151681.524347525] [unity_endpoint]: Not registered to publish topic '/clock'! Valid publish topics are: dict_keys([]) 
[default_server_endpoint-1] [ERROR] [1785151681.525207565] [unity_endpoint]: Not registered to publish topic '/imu/data'! Valid publish topics are: dict_keys([]) 
[default_server_endpoint-1] [ERROR] [1785151681.526013623] [unity_endpoint]: Not registered to publish topic '/clock'! Valid publish topics are: dict_keys([]) 
[default_server_endpoint-1] [ERROR] [1785151681.526664979] [unity_endpoint]: Not registered to publish topic '/imu/data'! Valid publish topics are: dict_keys([]) 
[default_server_endpoint-1] [ERROR] [1785151681.527319022] [unity_endpoint]: Not registered to publish topic '/clock'! Valid publish topics are: dict_keys([]) 
[default_server_endpoint-1] [ERROR] [1785151681.527904236] [unity_endpoint]: Not registered to publish topic '/imu/data'! Valid publish topics are: dict_keys([]) 
[default_server_endpoint-1] [ERROR] [1785151681.528512414] [unity_endpoint]: Not registered to publish topic '/clock'! Valid publish topics are: dict_keys([]) 
[default_server_endpoint-1] [ERROR] [1785151681.529110066] [unity_endpoint]: Not registered to publish topic '/imu/data'! Valid publish topics are: dict_keys([]) 
[default_server_endpoint-1] [ERROR] [1785151681.529984006] [unity_endpoint]: Not registered to publish topic '/clock'! Valid publish topics are: dict_keys([]) 
[default_server_endpoint-1] [ERROR] [1785151681.530666716] [unity_endpoint]: Not registered to publish topic '/imu/data'! Valid publish topics are: dict_keys([]) 
[default_server_endpoint-1] [ERROR] [1785151681.531397939] [unity_endpoint]: Not registered to publish topic '/clock'! Valid publish topics are: dict_keys([]) 
[default_server_endpoint-1] [ERROR] [1785151681.531988237] [unity_endpoint]: Not registered to publish topic '/imu/data'! Valid publish topics are: dict_keys([]) 
[default_server_endpoint-1] [ERROR] [1785151681.532553868] [unity_endpoint]: Not registered to publish topic '/clock'! Valid publish topics are: dict_keys([]) 
[default_server_endpoint-1] [ERROR] [1785151681.533176043] [unity_endpoint]: Not registered to publish topic '/imu/data'! Valid publish topics are: dict_keys([]) 
[default_server_endpoint-1] [ERROR] [1785151681.533748429] [unity_endpoint]: Not registered to publish topic '/clock'! Valid publish topics are: dict_keys([]) 
[default_server_endpoint-1] [ERROR] [1785151681.543574267] [unity_endpoint]: Not registered to publish topic '/imu/data'! Valid publish topics are: dict_keys([]) 
[default_server_endpoint-1] [ERROR] [1785151681.544257485] [unity_endpoint]: Not registered to publish topic '/clock'! Valid publish topics are: dict_keys([]) 
[default_server_endpoint-1] [ERROR] [1785151681.544958423] [unity_endpoint]: Not registered to publish topic '/imu/data'! Valid publish topics are: dict_keys([]) 
[default_server_endpoint-1] [ERROR] [1785151681.545579509] [unity_endpoint]: Not registered to publish topic '/ground_truth_pose'! Valid publish topics are: dict_keys([]) 
[default_server_endpoint-1] [ERROR] [1785151681.546131040] [unity_endpoint]: Not registered to publish topic '/clock'! Valid publish topics are: dict_keys([]) 
[default_server_endpoint-1] [ERROR] [1785151681.546654912] [unity_endpoint]: Not registered to publish topic '/imu/data'! Valid publish topics are: dict_keys([]) 
[default_server_endpoint-1] [ERROR] [1785151681.547193434] [unity_endpoint]: Not registered to publish topic '/clock'! Valid publish topics are: dict_keys([]) 
[default_server_endpoint-1] [ERROR] [1785151681.547918445] [unity_endpoint]: Not registered to publish topic '/imu/data'! Valid publish topics are: dict_keys([]) 
[default_server_endpoint-1] [ERROR] [1785151681.548459125] [unity_endpoint]: Not registered to publish topic '/clock'! Valid publish topics are: dict_keys([]) 
[default_server_endpoint-1] [ERROR] [1785151681.549045992] [unity_endpoint]: Not registered to publish topic '/imu/data'! Valid publish topics are: dict_keys([]) 
[default_server_endpoint-1] [ERROR] [1785151681.549603492] [unity_endpoint]: Not registered to publish topic '/clock'! Valid publish topics are: dict_keys([]) 
[default_server_endpoint-1] [ERROR] [1785151681.550305432] [unity_endpoint]: Not registered to publish topic '/imu/data'! Valid publish topics are: dict_keys([]) 
[default_server_endpoint-1] [ERROR] [1785151681.550860206] [unity_endpoint]: Not registered to publish topic '/clock'! Valid publish topics are: dict_keys([]) 
[default_server_endpoint-1] [ERROR] [1785151681.551402022] [unity_endpoint]: Not registered to publish topic '/imu/data'! Valid publish topics are: dict_keys([]) 
[default_server_endpoint-1] [ERROR] [1785151681.551983733] [unity_endpoint]: Not registered to publish topic '/clock'! Valid publish topics are: dict_keys([]) 
[default_server_endpoint-1] [ERROR] [1785151681.552644797] [unity_endpoint]: Not registered to publish topic '/imu/data'! Valid publish topics are: dict_keys([]) 
[default_server_endpoint-1] [ERROR] [1785151681.553199577] [unity_endpoint]: Not registered to publish topic '/clock'! Valid publish topics are: dict_keys([]) 
[default_server_endpoint-1] [ERROR] [1785151681.553786696] [unity_endpoint]: Not registered to publish topic '/imu/data'! Valid publish topics are: dict_keys([]) 
[default_server_endpoint-1] [ERROR] [1785151681.554303694] [unity_endpoint]: Not registered to publish topic '/clock'! Valid publish topics are: dict_keys([]) 
[default_server_endpoint-1] [ERROR] [1785151681.554826945] [unity_endpoint]: Not registered to publish topic '/imu/data'! Valid publish topics are: dict_keys([]) 
[default_server_endpoint-1] [ERROR] [1785151681.556565255] [unity_endpoint]: Not registered to publish topic '/clock'! Valid publish topics are: dict_keys([]) 
[default_server_endpoint-1] [ERROR] [1785151681.558694112] [unity_endpoint]: Not registered to publish topic '/imu/data'! Valid publish topics are: dict_keys([]) 
[default_server_endpoint-1] [ERROR] [1785151681.559507089] [unity_endpoint]: Not registered to publish topic '/clock'! Valid publish topics are: dict_keys([]) 
[default_server_endpoint-1] [ERROR] [1785151681.561361961] [unity_endpoint]: Not registered to publish topic '/imu/data'! Valid publish topics are: dict_keys([]) 
[default_server_endpoint-1] [ERROR] [1785151681.565523751] [unity_endpoint]: Not registered to publish topic '/ground_truth_pose'! Valid publish topics are: dict_keys([]) 
[default_server_endpoint-1] [ERROR] [1785151681.566357759] [unity_endpoint]: Not registered to publish topic '/clock'! Valid publish topics are: dict_keys([]) 
[default_server_endpoint-1] [ERROR] [1785151681.566990361] [unity_endpoint]: Not registered to publish topic '/imu/data'! Valid publish topics are: dict_keys([]) 
[default_server_endpoint-1] [ERROR] [1785151681.567659992] [unity_endpoint]: Not registered to publish topic '/scan'! Valid publish topics are: dict_keys([]) 
[default_server_endpoint-1] [ERROR] [1785151681.568237496] [unity_endpoint]: Not registered to publish topic '/clock'! Valid publish topics are: dict_keys([]) 
[default_server_endpoint-1] [ERROR] [1785151681.568847414] [unity_endpoint]: Not registered to publish topic '/imu/data'! Valid publish topics are: dict_keys([]) 
[default_server_endpoint-1] [ERROR] [1785151681.569572821] [unity_endpoint]: Not registered to publish topic '/clock'! Valid publish topics are: dict_keys([]) 
[default_server_endpoint-1] [ERROR] [1785151681.572213280] [unity_endpoint]: Not registered to publish topic '/imu/data'! Valid publish topics are: dict_keys([]) 
[default_server_endpoint-1] [ERROR] [1785151681.572972359] [unity_endpoint]: Not registered to publish topic '/clock'! Valid publish topics are: dict_keys([]) 
[default_server_endpoint-1] [ERROR] [1785151681.573695740] [unity_endpoint]: Not registered to publish topic '/imu/data'! Valid publish topics are: dict_keys([]) 
[default_server_endpoint-1] [ERROR] [1785151681.574243130] [unity_endpoint]: Not registered to publish topic '/clock'! Valid publish topics are: dict_keys([]) 
[default_server_endpoint-1] [ERROR] [1785151681.575449684] [unity_endpoint]: Not registered to publish topic '/imu/data'! Valid publish topics are: dict_keys([]) 
[default_server_endpoint-1] [ERROR] [1785151681.577016688] [unity_endpoint]: Not registered to publish topic '/clock'! Valid publish topics are: dict_keys([]) 
[default_server_endpoint-1] [ERROR] [1785151681.584118279] [unity_endpoint]: Not registered to publish topic '/imu/data'! Valid publish topics are: dict_keys([]) 
[default_server_endpoint-1] [ERROR] [1785151681.585116212] [unity_endpoint]: Not registered to publish topic '/clock'! Valid publish topics are: dict_keys([]) 
[default_server_endpoint-1] [ERROR] [1785151681.586096599] [unity_endpoint]: Not registered to publish topic '/imu/data'! Valid publish topics are: dict_keys([]) 
[default_server_endpoint-1] [ERROR] [1785151681.587224777] [unity_endpoint]: Not registered to publish topic '/clock'! Valid publish topics are: dict_keys([]) 
[default_server_endpoint-1] [ERROR] [1785151681.587857438] [unity_endpoint]: Not registered to publish topic '/imu/data'! Valid publish topics are: dict_keys([]) 
[default_server_endpoint-1] [ERROR] [1785151681.588472476] [unity_endpoint]: Not registered to publish topic '/clock'! Valid publish topics are: dict_keys([]) 
[default_server_endpoint-1] [ERROR] [1785151681.589178011] [unity_endpoint]: Not registered to publish topic '/imu/data'! Valid publish topics are: dict_keys([]) 
[default_server_endpoint-1] [ERROR] [1785151681.589936236] [unity_endpoint]: Not registered to publish topic '/clock'! Valid publish topics are: dict_keys([]) 
[default_server_endpoint-1] [ERROR] [1785151681.590557881] [unity_endpoint]: Not registered to publish topic '/imu/data'! Valid publish topics are: dict_keys([]) 
[default_server_endpoint-1] [ERROR] [1785151681.591151783] [unity_endpoint]: Not registered to publish topic '/ground_truth_pose'! Valid publish topics are: dict_keys([]) 
[default_server_endpoint-1] [ERROR] [1785151681.591734479] [unity_endpoint]: Not registered to publish topic '/clock'! Valid publish topics are: dict_keys([]) 
[default_server_endpoint-1] [ERROR] [1785151681.592288851] [unity_endpoint]: Not registered to publish topic '/imu/data'! Valid publish topics are: dict_keys([]) 
[default_server_endpoint-1] [ERROR] [1785151681.592854351] [unity_endpoint]: Not registered to publish topic '/clock'! Valid publish topics are: dict_keys([]) 
[default_server_endpoint-1] [ERROR] [1785151681.593624429] [unity_endpoint]: Not registered to publish topic '/imu/data'! Valid publish topics are: dict_keys([]) 
[default_server_endpoint-1] [ERROR] [1785151681.602808978] [unity_endpoint]: Not registered to publish topic '/clock'! Valid publish topics are: dict_keys([]) 
[default_server_endpoint-1] [ERROR] [1785151681.604080379] [unity_endpoint]: Not registered to publish topic '/imu/data'! Valid publish topics are: dict_keys([]) 
[default_server_endpoint-1] [ERROR] [1785151681.604751241] [unity_endpoint]: Not registered to publish topic '/clock'! Valid publish topics are: dict_keys([]) 
[default_server_endpoint-1] [ERROR] [1785151681.605356289] [unity_endpoint]: Not registered to publish topic '/imu/data'! Valid publish topics are: dict_keys([]) 
[default_server_endpoint-1] [ERROR] [1785151681.605984289] [unity_endpoint]: Not registered to publish topic '/clock'! Valid publish topics are: dict_keys([]) 
[default_server_endpoint-1] [ERROR] [1785151681.606651870] [unity_endpoint]: Not registered to publish topic '/imu/data'! Valid publish topics are: dict_keys([]) 
[default_server_endpoint-1] [ERROR] [1785151681.607247136] [unity_endpoint]: Not registered to publish topic '/clock'! Valid publish topics are: dict_keys([]) 
[default_server_endpoint-1] [ERROR] [1785151681.607773477] [unity_endpoint]: Not registered to publish topic '/imu/data'! Valid publish topics are: dict_keys([]) 
[default_server_endpoint-1] [ERROR] [1785151681.608318836] [unity_endpoint]: Not registered to publish topic '/clock'! Valid publish topics are: dict_keys([]) 
[default_server_endpoint-1] [ERROR] [1785151681.608942625] [unity_endpoint]: Not registered to publish topic '/imu/data'! Valid publish topics are: dict_keys([]) 
[default_server_endpoint-1] [ERROR] [1785151681.609626638] [unity_endpoint]: Not registered to publish topic '/clock'! Valid publish topics are: dict_keys([]) 
[default_server_endpoint-1] [ERROR] [1785151681.610262541] [unity_endpoint]: Not registered to publish topic '/imu/data'! Valid publish topics are: dict_keys([]) 
[default_server_endpoint-1] [ERROR] [1785151681.610922101] [unity_endpoint]: Not registered to publish topic '/clock'! Valid publish topics are: dict_keys([]) 
[default_server_endpoint-1] [ERROR] [1785151681.611511191] [unity_endpoint]: Not registered to publish topic '/imu/data'! Valid publish topics are: dict_keys([]) 
[default_server_endpoint-1] [ERROR] [1785151681.612098213] [unity_endpoint]: Not registered to publish topic '/clock'! Valid publish topics are: dict_keys([]) 
[default_server_endpoint-1] [ERROR] [1785151681.612689138] [unity_endpoint]: Not registered to publish topic '/imu/data'! Valid publish topics are: dict_keys([]) 
[default_server_endpoint-1] [ERROR] [1785151681.617310871] [unity_endpoint]: Not registered to publish topic '/ground_truth_pose'! Valid publish topics are: dict_keys([]) 
[default_server_endpoint-1] [ERROR] [1785151681.619532793] [unity_endpoint]: Not registered to publish topic '/clock'! Valid publish topics are: dict_keys([]) 
[default_server_endpoint-1] [ERROR] [1785151681.622280799] [unity_endpoint]: Not registered to publish topic '/imu/data'! Valid publish topics are: dict_keys([]) 
[default_server_endpoint-1] [ERROR] [1785151681.623263489] [unity_endpoint]: Not registered to publish topic '/clock'! Valid publish topics are: dict_keys([]) 
[default_server_endpoint-1] [ERROR] [1785151681.623934939] [unity_endpoint]: Not registered to publish topic '/imu/data'! Valid publish topics are: dict_keys([]) 
[default_server_endpoint-1] [ERROR] [1785151681.624528914] [unity_endpoint]: Not registered to publish topic '/clock'! Valid publish topics are: dict_keys([]) 
[default_server_endpoint-1] [ERROR] [1785151681.625304180] [unity_endpoint]: Not registered to publish topic '/imu/data'! Valid publish topics are: dict_keys([]) 
[default_server_endpoint-1] [ERROR] [1785151681.626033698] [unity_endpoint]: Not registered to publish topic '/clock'! Valid publish topics are: dict_keys([]) 
[default_server_endpoint-1] [ERROR] [1785151681.626590570] [unity_endpoint]: Not registered to publish topic '/imu/data'! Valid publish topics are: dict_keys([]) 
[default_server_endpoint-1] [ERROR] [1785151681.627237071] [unity_endpoint]: Not registered to publish topic '/clock'! Valid publish topics are: dict_keys([]) 
[default_server_endpoint-1] [ERROR] [1785151681.627833543] [unity_endpoint]: Not registered to publish topic '/imu/data'! Valid publish topics are: dict_keys([]) 
[default_server_endpoint-1] [ERROR] [1785151681.628429050] [unity_endpoint]: Not registered to publish topic '/clock'! Valid publish topics are: dict_keys([]) 
[default_server_endpoint-1] [ERROR] [1785151681.628996981] [unity_endpoint]: Not registered to publish topic '/imu/data'! Valid publish topics are: dict_keys([]) 
[default_server_endpoint-1] [ERROR] [1785151681.629628481] [unity_endpoint]: Not registered to publish topic '/scan'! Valid publish topics are: dict_keys([]) 
[default_server_endpoint-1] [ERROR] [1785151681.635396142] [unity_endpoint]: Not registered to publish topic '/clock'! Valid publish topics are: dict_keys([]) 
[default_server_endpoint-1] [ERROR] [1785151681.640913233] [unity_endpoint]: Not registered to publish topic '/imu/data'! Valid publish topics are: dict_keys([]) 
[default_server_endpoint-1] [ERROR] [1785151681.641768272] [unity_endpoint]: Not registered to publish topic '/clock'! Valid publish topics are: dict_keys([]) 
[default_server_endpoint-1] [ERROR] [1785151681.642476069] [unity_endpoint]: Not registered to publish topic '/imu/data'! Valid publish topics are: dict_keys([]) 
[default_server_endpoint-1] [ERROR] [1785151681.643049952] [unity_endpoint]: Not registered to publish topic '/clock'! Valid publish topics are: dict_keys([]) 
[default_server_endpoint-1] [ERROR] [1785151681.643626336] [unity_endpoint]: Not registered to publish topic '/imu/data'! Valid publish topics are: dict_keys([]) 
[default_server_endpoint-1] [ERROR] [1785151681.644227346] [unity_endpoint]: Not registered to publish topic '/clock'! Valid publish topics are: dict_keys([]) 
[default_server_endpoint-1] [ERROR] [1785151681.644820893] [unity_endpoint]: Not registered to publish topic '/imu/data'! Valid publish topics are: dict_keys([]) 
[default_server_endpoint-1] [ERROR] [1785151681.645457338] [unity_endpoint]: Not registered to publish topic '/ground_truth_pose'! Valid publish topics are: dict_keys([]) 
[default_server_endpoint-1] [ERROR] [1785151681.646017143] [unity_endpoint]: Not registered to publish topic '/clock'! Valid publish topics are: dict_keys([]) 
[default_server_endpoint-1] [ERROR] [1785151681.646534041] [unity_endpoint]: Not registered to publish topic '/imu/data'! Valid publish topics are: dict_keys([]) 
[default_server_endpoint-1] [ERROR] [1785151681.647064130] [unity_endpoint]: Not registered to publish topic '/clock'! Valid publish topics are: dict_keys([]) 
[default_server_endpoint-1] [ERROR] [1785151681.647736563] [unity_endpoint]: Not registered to publish topic '/imu/data'! Valid publish topics are: dict_keys([]) 
[default_server_endpoint-1] [ERROR] [1785151681.648509269] [unity_endpoint]: Not registered to publish topic '/clock'! Valid publish topics are: dict_keys([]) 
[default_server_endpoint-1] [ERROR] [1785151681.649137113] [unity_endpoint]: Not registered to publish topic '/imu/data'! Valid publish topics are: dict_keys([]) 
[default_server_endpoint-1] [ERROR] [1785151681.649696746] [unity_endpoint]: Not registered to publish topic '/clock'! Valid publish topics are: dict_keys([]) 
[default_server_endpoint-1] [ERROR] [1785151681.650269619] [unity_endpoint]: Not registered to publish topic '/imu/data'! Valid publish topics are: dict_keys([]) 
[default_server_endpoint-1] [ERROR] [1785151681.652555580] [unity_endpoint]: Not registered to publish topic '/clock'! Valid publish topics are: dict_keys([]) 
[default_server_endpoint-1] [ERROR] [1785151681.654023694] [unity_endpoint]: Not registered to publish topic '/imu/data'! Valid publish topics are: dict_keys([]) 
[default_server_endpoint-1] [ERROR] [1785151681.655010942] [unity_endpoint]: Not registered to publish topic '/clock'! Valid publish topics are: dict_keys([]) 
[default_server_endpoint-1] [ERROR] [1785151681.661203135] [unity_endpoint]: Not registered to publish topic '/imu/data'! Valid publish topics are: dict_keys([]) 
[default_server_endpoint-1] [ERROR] [1785151681.662761663] [unity_endpoint]: Not registered to publish topic '/clock'! Valid publish topics are: dict_keys([]) 
[default_server_endpoint-1] [ERROR] [1785151681.663438526] [unity_endpoint]: Not registered to publish topic '/imu/data'! Valid publish topics are: dict_keys([]) 
[default_server_endpoint-1] [ERROR] [1785151681.664060467] [unity_endpoint]: Not registered to publish topic '/clock'! Valid publish topics are: dict_keys([]) 
[default_server_endpoint-1] [ERROR] [1785151681.664860914] [unity_endpoint]: Not registered to publish topic '/imu/data'! Valid publish topics are: dict_keys([]) 
[default_server_endpoint-1] [ERROR] [1785151681.665703058] [unity_endpoint]: Not registered to publish topic '/clock'! Valid publish topics are: dict_keys([]) 
[default_server_endpoint-1] [ERROR] [1785151681.666277073] [unity_endpoint]: Not registered to publish topic '/imu/data'! Valid publish topics are: dict_keys([]) 
[default_server_endpoint-1] [ERROR] [1785151681.666855974] [unity_endpoint]: Not registered to publish topic '/clock'! Valid publish topics are: dict_keys([]) 
[default_server_endpoint-1] [ERROR] [1785151681.667415316] [unity_endpoint]: Not registered to publish topic '/imu/data'! Valid publish topics are: dict_keys([]) 
[default_server_endpoint-1] [ERROR] [1785151681.668045676] [unity_endpoint]: Not registered to publish topic '/ground_truth_pose'! Valid publish topics are: dict_keys([]) 
[default_server_endpoint-1] [ERROR] [1785151681.668709694] [unity_endpoint]: Not registered to publish topic '/clock'! Valid publish topics are: dict_keys([]) 
[default_server_endpoint-1] [ERROR] [1785151681.669287303] [unity_endpoint]: Not registered to publish topic '/imu/data'! Valid publish topics are: dict_keys([]) 
[default_server_endpoint-1] [ERROR] [1785151681.669833157] [unity_endpoint]: Not registered to publish topic '/clock'! Valid publish topics are: dict_keys([]) 
[default_server_endpoint-1] [ERROR] [1785151681.671060476] [unity_endpoint]: Not registered to publish topic '/imu/data'! Valid publish topics are: dict_keys([]) 
[default_server_endpoint-1] [ERROR] [1785151681.680132716] [unity_endpoint]: Not registered to publish topic '/clock'! Valid publish topics are: dict_keys([]) 
[default_server_endpoint-1] [ERROR] [1785151681.681549786] [unity_endpoint]: Not registered to publish topic '/imu/data'! Valid publish topics are: dict_keys([]) 
[default_server_endpoint-1] [ERROR] [1785151681.682218002] [unity_endpoint]: Not registered to publish topic '/clock'! Valid publish topics are: dict_keys([]) 
[default_server_endpoint-1] [ERROR] [1785151681.682960661] [unity_endpoint]: Not registered to publish topic '/imu/data'! Valid publish topics are: dict_keys([]) 
[default_server_endpoint-1] [ERROR] [1785151681.683583978] [unity_endpoint]: Not registered to publish topic '/clock'! Valid publish topics are: dict_keys([]) 
[default_server_endpoint-1] [ERROR] [1785151681.684286086] [unity_endpoint]: Not registered to publish topic '/imu/data'! Valid publish topics are: dict_keys([]) 
[default_server_endpoint-1] [ERROR] [1785151681.684842708] [unity_endpoint]: Not registered to publish topic '/clock'! Valid publish topics are: dict_keys([]) 
[default_server_endpoint-1] [ERROR] [1785151681.685477089] [unity_endpoint]: Not registered to publish topic '/imu/data'! Valid publish topics are: dict_keys([]) 
[default_server_endpoint-1] [ERROR] [1785151681.686094920] [unity_endpoint]: Not registered to publish topic '/clock'! Valid publish topics are: dict_keys([]) 
[default_server_endpoint-1] [ERROR] [1785151681.686722232] [unity_endpoint]: Not registered to publish topic '/imu/data'! Valid publish topics are: dict_keys([]) 
[default_server_endpoint-1] [ERROR] [1785151681.687340290] [unity_endpoint]: Not registered to publish topic '/clock'! Valid publish topics are: dict_keys([]) 
[default_server_endpoint-1] [ERROR] [1785151681.687923273] [unity_endpoint]: Not registered to publish topic '/imu/data'! Valid publish topics are: dict_keys([]) 
[default_server_endpoint-1] [ERROR] [1785151681.688508760] [unity_endpoint]: Not registered to publish topic '/clock'! Valid publish topics are: dict_keys([]) 
[default_server_endpoint-1] [ERROR] [1785151681.689054185] [unity_endpoint]: Not registered to publish topic '/imu/data'! Valid publish topics are: dict_keys([]) 
[default_server_endpoint-1] [ERROR] [1785151681.690883228] [unity_endpoint]: Not registered to publish topic '/clock'! Valid publish topics are: dict_keys([]) 
[default_server_endpoint-1] [ERROR] [1785151681.692138701] [unity_endpoint]: Not registered to publish topic '/imu/data'! Valid publish topics are: dict_keys([]) 
[default_server_endpoint-1] [ERROR] [1785151681.693652544] [unity_endpoint]: Not registered to publish topic '/ground_truth_pose'! Valid publish topics are: dict_keys([]) 
[default_server_endpoint-1] [ERROR] [1785151681.694617952] [unity_endpoint]: Not registered to publish topic '/clock'! Valid publish topics are: dict_keys([]) 
[default_server_endpoint-1] [ERROR] [1785151681.698613817] [unity_endpoint]: Not registered to publish topic '/imu/data'! Valid publish topics are: dict_keys([]) 
[default_server_endpoint-1] [ERROR] [1785151681.699536792] [unity_endpoint]: Not registered to publish topic '/scan'! Valid publish topics are: dict_keys([]) 
[default_server_endpoint-1] [ERROR] [1785151681.700233729] [unity_endpoint]: Not registered to publish topic '/clock'! Valid publish topics are: dict_keys([]) 
[default_server_endpoint-1] [ERROR] [1785151681.700885536] [unity_endpoint]: Not registered to publish topic '/imu/data'! Valid publish topics are: dict_keys([]) 
[default_server_endpoint-1] [ERROR] [1785151681.701559111] [unity_endpoint]: Not registered to publish topic '/clock'! Valid publish topics are: dict_keys([]) 
[default_server_endpoint-1] [ERROR] [1785151681.702170339] [unity_endpoint]: Not registered to publish topic '/imu/data'! Valid publish topics are: dict_keys([]) 
[default_server_endpoint-1] [ERROR] [1785151681.702807645] [unity_endpoint]: Not registered to publish topic '/clock'! Valid publish topics are: dict_keys([]) 
[default_server_endpoint-1] [ERROR] [1785151681.703478901] [unity_endpoint]: Not registered to publish topic '/imu/data'! Valid publish topics are: dict_keys([]) 
[default_server_endpoint-1] [ERROR] [1785151681.704115206] [unity_endpoint]: Not registered to publish topic '/clock'! Valid publish topics are: dict_keys([]) 
[default_server_endpoint-1] [ERROR] [1785151681.704823155] [unity_endpoint]: Not registered to publish topic '/imu/data'! Valid publish topics are: dict_keys([]) 
[default_server_endpoint-1] [ERROR] [1785151681.705477206] [unity_endpoint]: Not registered to publish topic '/clock'! Valid publish topics are: dict_keys([]) 
[default_server_endpoint-1] [ERROR] [1785151681.706170200] [unity_endpoint]: Not registered to publish topic '/imu/data'! Valid publish topics are: dict_keys([]) 
[default_server_endpoint-1] [ERROR] [1785151681.706751505] [unity_endpoint]: Not registered to publish topic '/clock'! Valid publish topics are: dict_keys([]) 
[default_server_endpoint-1] [ERROR] [1785151681.707375895] [unity_endpoint]: Not registered to publish topic '/imu/data'! Valid publish topics are: dict_keys([]) 
[default_server_endpoint-1] [ERROR] [1785151681.708625822] [unity_endpoint]: Not registered to publish topic '/clock'! Valid publish topics are: dict_keys([]) 
[default_server_endpoint-1] [ERROR] [1785151681.709877695] [unity_endpoint]: Not registered to publish topic '/imu/data'! Valid publish topics are: dict_keys([]) 
[default_server_endpoint-1] [ERROR] [1785151681.711005422] [unity_endpoint]: Not registered to publish topic '/clock'! Valid publish topics are: dict_keys([]) 
[default_server_endpoint-1] [ERROR] [1785151681.715677613] [unity_endpoint]: Not registered to publish topic '/imu/data'! Valid publish topics are: dict_keys([]) 
[default_server_endpoint-1] [ERROR] [1785151681.716573673] [unity_endpoint]: Not registered to publish topic '/clock'! Valid publish topics are: dict_keys([]) 
[default_server_endpoint-1] [ERROR] [1785151681.717306107] [unity_endpoint]: Not registered to publish topic '/imu/data'! Valid publish topics are: dict_keys([]) 
[default_server_endpoint-1] [ERROR] [1785151681.717978889] [unity_endpoint]: Not registered to publish topic '/ground_truth_pose'! Valid publish topics are: dict_keys([]) 
[default_server_endpoint-1] [ERROR] [1785151681.718675617] [unity_endpoint]: Not registered to publish topic '/clock'! Valid publish topics are: dict_keys([]) 
[default_server_endpoint-1] [ERROR] [1785151681.719289113] [unity_endpoint]: Not registered to publish topic '/imu/data'! Valid publish topics are: dict_keys([]) 
[default_server_endpoint-1] [ERROR] [1785151681.719886417] [unity_endpoint]: Not registered to publish topic '/clock'! Valid publish topics are: dict_keys([]) 
[default_server_endpoint-1] [ERROR] [1785151681.720628999] [unity_endpoint]: Not registered to publish topic '/imu/data'! Valid publish topics are: dict_keys([]) 
[default_server_endpoint-1] [ERROR] [1785151681.721296429] [unity_endpoint]: Not registered to publish topic '/clock'! Valid publish topics are: dict_keys([]) 
[default_server_endpoint-1] [ERROR] [1785151681.733959874] [unity_endpoint]: Not registered to publish topic '/imu/data'! Valid publish topics are: dict_keys([]) 
[default_server_endpoint-1] [ERROR] [1785151681.734679068] [unity_endpoint]: Not registered to publish topic '/clock'! Valid publish topics are: dict_keys([]) 
[default_server_endpoint-1] [ERROR] [1785151681.735139568] [unity_endpoint]: Not registered to publish topic '/imu/data'! Valid publish topics are: dict_keys([]) 
[default_server_endpoint-1] [ERROR] [1785151681.735604189] [unity_endpoint]: Not registered to publish topic '/clock'! Valid publish topics are: dict_keys([]) 
[default_server_endpoint-1] [ERROR] [1785151681.736018267] [unity_endpoint]: Not registered to publish topic '/imu/data'! Valid publish topics are: dict_keys([]) 
[default_server_endpoint-1] [ERROR] [1785151681.736423693] [unity_endpoint]: Not registered to publish topic '/clock'! Valid publish topics are: dict_keys([]) 
[default_server_endpoint-1] [ERROR] [1785151681.736814547] [unity_endpoint]: Not registered to publish topic '/imu/data'! Valid publish topics are: dict_keys([]) 
[default_server_endpoint-1] [ERROR] [1785151681.737161027] [unity_endpoint]: Not registered to publish topic '/clock'! Valid publish topics are: dict_keys([]) 
[default_server_endpoint-1] [ERROR] [1785151681.737588407] [unity_endpoint]: Not registered to publish topic '/imu/data'! Valid publish topics are: dict_keys([]) 
[default_server_endpoint-1] [ERROR] [1785151681.737982980] [unity_endpoint]: Not registered to publish topic '/clock'! Valid publish topics are: dict_keys([]) 
[default_server_endpoint-1] [ERROR] [1785151681.738385910] [unity_endpoint]: Not registered to publish topic '/imu/data'! Valid publish topics are: dict_keys([]) 
[default_server_endpoint-1] [ERROR] [1785151681.738863924] [unity_endpoint]: Not registered to publish topic '/clock'! Valid publish topics are: dict_keys([]) 
[default_server_endpoint-1] [ERROR] [1785151681.739323946] [unity_endpoint]: Not registered to publish topic '/imu/data'! Valid publish topics are: dict_keys([]) 
[default_server_endpoint-1] [ERROR] [1785151681.740009167] [unity_endpoint]: Not registered to publish topic '/clock'! Valid publish topics are: dict_keys([]) 
[default_server_endpoint-1] [ERROR] [1785151681.740473321] [unity_endpoint]: Not registered to publish topic '/imu/data'! Valid publish topics are: dict_keys([]) 
[default_server_endpoint-1] [ERROR] [1785151681.740894187] [unity_endpoint]: Not registered to publish topic '/ground_truth_pose'! Valid publish topics are: dict_keys([]) 
[default_server_endpoint-1] [ERROR] [1785151681.741276558] [unity_endpoint]: Not registered to publish topic '/clock'! Valid publish topics are: dict_keys([]) 
[default_server_endpoint-1] [ERROR] [1785151681.741752479] [unity_endpoint]: Not registered to publish topic '/imu/data'! Valid publish topics are: dict_keys([]) 
[default_server_endpoint-1] [ERROR] [1785151681.742119288] [unity_endpoint]: Not registered to publish topic '/clock'! Valid publish topics are: dict_keys([]) 
[default_server_endpoint-1] [ERROR] [1785151681.742480275] [unity_endpoint]: Not registered to publish topic '/imu/data'! Valid publish topics are: dict_keys([]) 
[default_server_endpoint-1] [ERROR] [1785151681.742823997] [unity_endpoint]: Not registered to publish topic '/clock'! Valid publish topics are: dict_keys([]) 
[default_server_endpoint-1] [ERROR] [1785151681.754435634] [unity_endpoint]: Not registered to publish topic '/imu/data'! Valid publish topics are: dict_keys([]) 
[default_server_endpoint-1] [ERROR] [1785151681.760306520] [unity_endpoint]: Not registered to publish topic '/clock'! Valid publish topics are: dict_keys([]) 
[default_server_endpoint-1] [ERROR] [1785151681.760978296] [unity_endpoint]: Not registered to publish topic '/imu/data'! Valid publish topics are: dict_keys([]) 
[default_server_endpoint-1] [ERROR] [1785151681.761555768] [unity_endpoint]: Not registered to publish topic '/clock'! Valid publish topics are: dict_keys([]) 
[default_server_endpoint-1] [ERROR] [1785151681.761949645] [unity_endpoint]: Not registered to publish topic '/imu/data'! Valid publish topics are: dict_keys([]) 
[default_server_endpoint-1] [ERROR] [1785151681.762298472] [unity_endpoint]: Not registered to publish topic '/clock'! Valid publish topics are: dict_keys([]) 
[default_server_endpoint-1] [ERROR] [1785151681.762640865] [unity_endpoint]: Not registered to publish topic '/imu/data'! Valid publish topics are: dict_keys([]) 
[default_server_endpoint-1] [ERROR] [1785151681.763020408] [unity_endpoint]: Not registered to publish topic '/scan'! Valid publish topics are: dict_keys([]) 
[default_server_endpoint-1] [ERROR] [1785151681.763394018] [unity_endpoint]: Not registered to publish topic '/clock'! Valid publish topics are: dict_keys([]) 
[default_server_endpoint-1] [ERROR] [1785151681.763863158] [unity_endpoint]: Not registered to publish topic '/imu/data'! Valid publish topics are: dict_keys([]) 
[default_server_endpoint-1] [ERROR] [1785151681.764233351] [unity_endpoint]: Not registered to publish topic '/clock'! Valid publish topics are: dict_keys([]) 
[default_server_endpoint-1] [ERROR] [1785151681.792132025] [unity_endpoint]: Not registered to publish topic '/imu/data'! Valid publish topics are: dict_keys([]) 
[default_server_endpoint-1] [ERROR] [1785151681.792715496] [unity_endpoint]: Not registered to publish topic '/clock'! Valid publish topics are: dict_keys([]) 
[default_server_endpoint-1] [ERROR] [1785151681.793128577] [unity_endpoint]: Not registered to publish topic '/imu/data'! Valid publish topics are: dict_keys([]) 
[default_server_endpoint-1] [ERROR] [1785151681.793616418] [unity_endpoint]: Not registered to publish topic '/clock'! Valid publish topics are: dict_keys([]) 
[default_server_endpoint-1] [ERROR] [1785151681.794255804] [unity_endpoint]: Not registered to publish topic '/imu/data'! Valid publish topics are: dict_keys([]) 
[default_server_endpoint-1] [ERROR] [1785151681.794738738] [unity_endpoint]: Not registered to publish topic '/ground_truth_pose'! Valid publish topics are: dict_keys([]) 
[default_server_endpoint-1] [ERROR] [1785151681.795289609] [unity_endpoint]: Not registered to publish topic '/clock'! Valid publish topics are: dict_keys([]) 
[default_server_endpoint-1] [ERROR] [1785151681.795716265] [unity_endpoint]: Not registered to publish topic '/imu/data'! Valid publish topics are: dict_keys([]) 
[default_server_endpoint-1] [ERROR] [1785151681.796115816] [unity_endpoint]: Not registered to publish topic '/clock'! Valid publish topics are: dict_keys([]) 
[default_server_endpoint-1] [ERROR] [1785151681.796743028] [unity_endpoint]: Not registered to publish topic '/imu/data'! Valid publish topics are: dict_keys([]) 
[default_server_endpoint-1] [ERROR] [1785151681.818360830] [unity_endpoint]: Not registered to publish topic '/clock'! Valid publish topics are: dict_keys([]) 
[default_server_endpoint-1] [ERROR] [1785151681.819088538] [unity_endpoint]: Not registered to publish topic '/imu/data'! Valid publish topics are: dict_keys([]) 
[default_server_endpoint-1] [ERROR] [1785151681.819585556] [unity_endpoint]: Not registered to publish topic '/clock'! Valid publish topics are: dict_keys([]) 
[default_server_endpoint-1] [ERROR] [1785151681.820812221] [unity_endpoint]: Not registered to publish topic '/imu/data'! Valid publish topics are: dict_keys([]) 
[default_server_endpoint-1] [ERROR] [1785151681.821844315] [unity_endpoint]: Not registered to publish topic '/clock'! Valid publish topics are: dict_keys([]) 
[default_server_endpoint-1] [ERROR] [1785151681.822397446] [unity_endpoint]: Not registered to publish topic '/imu/data'! Valid publish topics are: dict_keys([]) 
[default_server_endpoint-1] [ERROR] [1785151681.833664085] [unity_endpoint]: Not registered to publish topic '/clock'! Valid publish topics are: dict_keys([]) 
[default_server_endpoint-1] [ERROR] [1785151681.834243967] [unity_endpoint]: Not registered to publish topic '/imu/data'! Valid publish topics are: dict_keys([]) 
[default_server_endpoint-1] [ERROR] [1785151681.834593929] [unity_endpoint]: Not registered to publish topic '/clock'! Valid publish topics are: dict_keys([]) 
[default_server_endpoint-1] [ERROR] [1785151681.834931883] [unity_endpoint]: Not registered to publish topic '/imu/data'! Valid publish topics are: dict_keys([]) 
[default_server_endpoint-1] [ERROR] [1785151681.835241226] [unity_endpoint]: Not registered to publish topic '/clock'! Valid publish topics are: dict_keys([]) 
[default_server_endpoint-1] [ERROR] [1785151681.835588503] [unity_endpoint]: Not registered to publish topic '/imu/data'! Valid publish topics are: dict_keys([]) 
[default_server_endpoint-1] [ERROR] [1785151681.835888663] [unity_endpoint]: Not registered to publish topic '/clock'! Valid publish topics are: dict_keys([]) 
[default_server_endpoint-1] [ERROR] [1785151681.836180120] [unity_endpoint]: Not registered to publish topic '/imu/data'! Valid publish topics are: dict_keys([]) 
[default_server_endpoint-1] [ERROR] [1785151681.836466252] [unity_endpoint]: Not registered to publish topic '/clock'! Valid publish topics are: dict_keys([]) 
[default_server_endpoint-1] [ERROR] [1785151681.836769027] [unity_endpoint]: Not registered to publish topic '/imu/data'! Valid publish topics are: dict_keys([]) 
[default_server_endpoint-1] [ERROR] [1785151681.837189955] [unity_endpoint]: Not registered to publish topic '/ground_truth_pose'! Valid publish topics are: dict_keys([]) 
[default_server_endpoint-1] [ERROR] [1785151681.837786858] [unity_endpoint]: Not registered to publish topic '/clock'! Valid publish topics are: dict_keys([]) 
[default_server_endpoint-1] [ERROR] [1785151681.838245417] [unity_endpoint]: Not registered to publish topic '/imu/data'! Valid publish topics are: dict_keys([]) 
[default_server_endpoint-1] [ERROR] [1785151681.838674738] [unity_endpoint]: Not registered to publish topic '/clock'! Valid publish topics are: dict_keys([]) 
[default_server_endpoint-1] [ERROR] [1785151681.849125542] [unity_endpoint]: Not registered to publish topic '/imu/data'! Valid publish topics are: dict_keys([]) 
[default_server_endpoint-1] [ERROR] [1785151681.849730017] [unity_endpoint]: Not registered to publish topic '/clock'! Valid publish topics are: dict_keys([]) 
[default_server_endpoint-1] [ERROR] [1785151681.852420392] [unity_endpoint]: Not registered to publish topic '/imu/data'! Valid publish topics are: dict_keys([]) 
[default_server_endpoint-1] [ERROR] [1785151681.853082266] [unity_endpoint]: Not registered to publish topic '/clock'! Valid publish topics are: dict_keys([]) 
[default_server_endpoint-1] [ERROR] [1785151681.853636031] [unity_endpoint]: Not registered to publish topic '/imu/data'! Valid publish topics are: dict_keys([]) 
[default_server_endpoint-1] [ERROR] [1785151681.854096341] [unity_endpoint]: Not registered to publish topic '/clock'! Valid publish topics are: dict_keys([]) 
[default_server_endpoint-1] [ERROR] [1785151681.854649161] [unity_endpoint]: Not registered to publish topic '/imu/data'! Valid publish topics are: dict_keys([]) 
[default_server_endpoint-1] [ERROR] [1785151681.855265238] [unity_endpoint]: Not registered to publish topic '/clock'! Valid publish topics are: dict_keys([]) 
[default_server_endpoint-1] [ERROR] [1785151681.855720196] [unity_endpoint]: Not registered to publish topic '/imu/data'! Valid publish topics are: dict_keys([]) 
[default_server_endpoint-1] [ERROR] [1785151681.864854071] [unity_endpoint]: Not registered to publish topic '/clock'! Valid publish topics are: dict_keys([]) 
[default_server_endpoint-1] [ERROR] [1785151681.865631056] [unity_endpoint]: Not registered to publish topic '/imu/data'! Valid publish topics are: dict_keys([]) 
[default_server_endpoint-1] [ERROR] [1785151681.865997192] [unity_endpoint]: Not registered to publish topic '/clock'! Valid publish topics are: dict_keys([]) 
[default_server_endpoint-1] [ERROR] [1785151681.866440426] [unity_endpoint]: Not registered to publish topic '/imu/data'! Valid publish topics are: dict_keys([]) 
[default_server_endpoint-1] [ERROR] [1785151681.866835226] [unity_endpoint]: Not registered to publish topic '/clock'! Valid publish topics are: dict_keys([]) 
[default_server_endpoint-1] [ERROR] [1785151681.867234658] [unity_endpoint]: Not registered to publish topic '/imu/data'! Valid publish topics are: dict_keys([]) 
[default_server_endpoint-1] [ERROR] [1785151681.867563057] [unity_endpoint]: Not registered to publish topic '/clock'! Valid publish topics are: dict_keys([]) 
[default_server_endpoint-1] [ERROR] [1785151681.867905252] [unity_endpoint]: Not registered to publish topic '/imu/data'! Valid publish topics are: dict_keys([]) 
[default_server_endpoint-1] [ERROR] [1785151681.869038391] [unity_endpoint]: Not registered to publish topic '/ground_truth_pose'! Valid publish topics are: dict_keys([]) 
[default_server_endpoint-1] [ERROR] [1785151681.869539223] [unity_endpoint]: Not registered to publish topic '/clock'! Valid publish topics are: dict_keys([]) 
[default_server_endpoint-1] [ERROR] [1785151681.880584045] [unity_endpoint]: Not registered to publish topic '/imu/data'! Valid publish topics are: dict_keys([]) 
[default_server_endpoint-1] [ERROR] [1785151681.882075479] [unity_endpoint]: Not registered to publish topic '/scan'! Valid publish topics are: dict_keys([]) 
[default_server_endpoint-1] [ERROR] [1785151681.882653549] [unity_endpoint]: Not registered to publish topic '/clock'! Valid publish topics are: dict_keys([]) 
[default_server_endpoint-1] [ERROR] [1785151681.883031378] [unity_endpoint]: Not registered to publish topic '/imu/data'! Valid publish topics are: dict_keys([]) 
[default_server_endpoint-1] [ERROR] [1785151681.883409438] [unity_endpoint]: Not registered to publish topic '/clock'! Valid publish topics are: dict_keys([]) 
[default_server_endpoint-1] [ERROR] [1785151681.884006910] [unity_endpoint]: Not registered to publish topic '/imu/data'! Valid publish topics are: dict_keys([]) 
[default_server_endpoint-1] [ERROR] [1785151681.884517842] [unity_endpoint]: Not registered to publish topic '/clock'! Valid publish topics are: dict_keys([]) 
[default_server_endpoint-1] [ERROR] [1785151681.884894348] [unity_endpoint]: Not registered to publish topic '/imu/data'! Valid publish topics are: dict_keys([]) 
[default_server_endpoint-1] [ERROR] [1785151681.896276365] [unity_endpoint]: Not registered to publish topic '/clock'! Valid publish topics are: dict_keys([]) 
[default_server_endpoint-1] [ERROR] [1785151681.897130994] [unity_endpoint]: Not registered to publish topic '/imu/data'! Valid publish topics are: dict_keys([]) 
[default_server_endpoint-1] [ERROR] [1785151681.897790906] [unity_endpoint]: Not registered to publish topic '/clock'! Valid publish topics are: dict_keys([]) 
[default_server_endpoint-1] [ERROR] [1785151681.898355288] [unity_endpoint]: Not registered to publish topic '/imu/data'! Valid publish topics are: dict_keys([]) 
[default_server_endpoint-1] [ERROR] [1785151681.898782089] [unity_endpoint]: Not registered to publish topic '/clock'! Valid publish topics are: dict_keys([]) 
[default_server_endpoint-1] [ERROR] [1785151681.899214705] [unity_endpoint]: Not registered to publish topic '/imu/data'! Valid publish topics are: dict_keys([]) 
[default_server_endpoint-1] [ERROR] [1785151681.899797803] [unity_endpoint]: Not registered to publish topic '/clock'! Valid publish topics are: dict_keys([]) 
[default_server_endpoint-1] [ERROR] [1785151681.900259132] [unity_endpoint]: Not registered to publish topic '/imu/data'! Valid publish topics are: dict_keys([]) 
[default_server_endpoint-1] [ERROR] [1785151681.900722784] [unity_endpoint]: Not registered to publish topic '/clock'! Valid publish topics are: dict_keys([]) 
[default_server_endpoint-1] [ERROR] [1785151681.912023398] [unity_endpoint]: Not registered to publish topic '/imu/data'! Valid publish topics are: dict_keys([]) 
[default_server_endpoint-1] [ERROR] [1785151681.912647515] [unity_endpoint]: Not registered to publish topic '/clock'! Valid publish topics are: dict_keys([]) 
[default_server_endpoint-1] [ERROR] [1785151681.913029830] [unity_endpoint]: Not registered to publish topic '/imu/data'! Valid publish topics are: dict_keys([]) 
[default_server_endpoint-1] [ERROR] [1785151681.913377093] [unity_endpoint]: Not registered to publish topic '/ground_truth_pose'! Valid publish topics are: dict_keys([]) 
[default_server_endpoint-1] [ERROR] [1785151681.913845454] [unity_endpoint]: Not registered to publish topic '/clock'! Valid publish topics are: dict_keys([]) 
[default_server_endpoint-1] [ERROR] [1785151681.914271766] [unity_endpoint]: Not registered to publish topic '/imu/data'! Valid publish topics are: dict_keys([]) 
[default_server_endpoint-1] [ERROR] [1785151681.914770035] [unity_endpoint]: Not registered to publish topic '/clock'! Valid publish topics are: dict_keys([]) 
[default_server_endpoint-1] [ERROR] [1785151681.915180265] [unity_endpoint]: Not registered to publish topic '/imu/data'! Valid publish topics are: dict_keys([]) 
[default_server_endpoint-1] [ERROR] [1785151681.915568983] [unity_endpoint]: Not registered to publish topic '/clock'! Valid publish topics are: dict_keys([]) 
[default_server_endpoint-1] [ERROR] [1785151681.916041920] [unity_endpoint]: Not registered to publish topic '/imu/data'! Valid publish topics are: dict_keys([]) 
[default_server_endpoint-1] [ERROR] [1785151681.928008762] [unity_endpoint]: Not registered to publish topic '/clock'! Valid publish topics are: dict_keys([]) 
[default_server_endpoint-1] [ERROR] [1785151681.928884741] [unity_endpoint]: Not registered to publish topic '/imu/data'! Valid publish topics are: dict_keys([]) 
[default_server_endpoint-1] [ERROR] [1785151681.929782628] [unity_endpoint]: Not registered to publish topic '/clock'! Valid publish topics are: dict_keys([]) 
[default_server_endpoint-1] [ERROR] [1785151681.930382748] [unity_endpoint]: Not registered to publish topic '/imu/data'! Valid publish topics are: dict_keys([]) 
[default_server_endpoint-1] [ERROR] [1785151681.931384599] [unity_endpoint]: Not registered to publish topic '/clock'! Valid publish topics are: dict_keys([]) 
[default_server_endpoint-1] [ERROR] [1785151681.932040090] [unity_endpoint]: Not registered to publish topic '/imu/data'! Valid publish topics are: dict_keys([]) 
[default_server_endpoint-1] [ERROR] [1785151681.932619707] [unity_endpoint]: Not registered to publish topic '/clock'! Valid publish topics are: dict_keys([]) 
[default_server_endpoint-1] [ERROR] [1785151681.933211130] [unity_endpoint]: Not registered to publish topic '/imu/data'! Valid publish topics are: dict_keys([]) 
[default_server_endpoint-1] [ERROR] [1785151681.959789108] [unity_endpoint]: Not registered to publish topic '/clock'! Valid publish topics are: dict_keys([]) 
[default_server_endpoint-1] [ERROR] [1785151681.960372785] [unity_endpoint]: Not registered to publish topic '/imu/data'! Valid publish topics are: dict_keys([]) 
[default_server_endpoint-1] [ERROR] [1785151681.960754540] [unity_endpoint]: Not registered to publish topic '/clock'! Valid publish topics are: dict_keys([]) 
[default_server_endpoint-1] [ERROR] [1785151681.961080453] [unity_endpoint]: Not registered to publish topic '/imu/data'! Valid publish topics are: dict_keys([]) 
[default_server_endpoint-1] [ERROR] [1785151681.961465884] [unity_endpoint]: Not registered to publish topic '/clock'! Valid publish topics are: dict_keys([]) 
[default_server_endpoint-1] [ERROR] [1785151681.961915569] [unity_endpoint]: Not registered to publish topic '/imu/data'! Valid publish topics are: dict_keys([]) 
[default_server_endpoint-1] [ERROR] [1785151681.962293385] [unity_endpoint]: Not registered to publish topic '/ground_truth_pose'! Valid publish topics are: dict_keys([]) 
[default_server_endpoint-1] [ERROR] [1785151681.962616981] [unity_endpoint]: Not registered to publish topic '/clock'! Valid publish topics are: dict_keys([]) 
[default_server_endpoint-1] [ERROR] [1785151681.962967572] [unity_endpoint]: Not registered to publish topic '/imu/data'! Valid publish topics are: dict_keys([]) 
[default_server_endpoint-1] [ERROR] [1785151681.963288357] [unity_endpoint]: Not registered to publish topic '/clock'! Valid publish topics are: dict_keys([]) 
[default_server_endpoint-1] [ERROR] [1785151681.963666995] [unity_endpoint]: Not registered to publish topic '/imu/data'! Valid publish topics are: dict_keys([]) 
[default_server_endpoint-1] [ERROR] [1785151681.964198094] [unity_endpoint]: Not registered to publish topic '/clock'! Valid publish topics are: dict_keys([]) 
[default_server_endpoint-1] [ERROR] [1785151681.964577616] [unity_endpoint]: Not registered to publish topic '/imu/data'! Valid publish topics are: dict_keys([]) 
[default_server_endpoint-1] [ERROR] [1785151681.964928532] [unity_endpoint]: Not registered to publish topic '/clock'! Valid publish topics are: dict_keys([]) 
[default_server_endpoint-1] [ERROR] [1785151681.965266414] [unity_endpoint]: Not registered to publish topic '/imu/data'! Valid publish topics are: dict_keys([]) 
[default_server_endpoint-1] [ERROR] [1785151681.965686273] [unity_endpoint]: Not registered to publish topic '/clock'! Valid publish topics are: dict_keys([]) 
[default_server_endpoint-1] [ERROR] [1785151681.966118266] [unity_endpoint]: Not registered to publish topic '/imu/data'! Valid publish topics are: dict_keys([]) 
[default_server_endpoint-1] [ERROR] [1785151681.966492303] [unity_endpoint]: Not registered to publish topic '/clock'! Valid publish topics are: dict_keys([]) 
[default_server_endpoint-1] [ERROR] [1785151681.966854728] [unity_endpoint]: Not registered to publish topic '/imu/data'! Valid publish topics are: dict_keys([]) 
[default_server_endpoint-1] [ERROR] [1785151681.967217726] [unity_endpoint]: Not registered to publish topic '/scan'! Valid publish topics are: dict_keys([]) 
[default_server_endpoint-1] [ERROR] [1785151681.967559522] [unity_endpoint]: Not registered to publish topic '/clock'! Valid publish topics are: dict_keys([]) 
[default_server_endpoint-1] [ERROR] [1785151681.968005393] [unity_endpoint]: Not registered to publish topic '/imu/data'! Valid publish topics are: dict_keys([]) 
[default_server_endpoint-1] [ERROR] [1785151681.968357601] [unity_endpoint]: Not registered to publish topic '/clock'! Valid publish topics are: dict_keys([]) 
[default_server_endpoint-1] [ERROR] [1785151681.968739997] [unity_endpoint]: Not registered to publish topic '/imu/data'! Valid publish topics are: dict_keys([]) 
[default_server_endpoint-1] [ERROR] [1785151681.969169193] [unity_endpoint]: Not registered to publish topic '/clock'! Valid publish topics are: dict_keys([]) 
[default_server_endpoint-1] [ERROR] [1785151681.969598508] [unity_endpoint]: Not registered to publish topic '/imu/data'! Valid publish topics are: dict_keys([]) 
[default_server_endpoint-1] [ERROR] [1785151681.980489043] [unity_endpoint]: Not registered to publish topic '/clock'! Valid publish topics are: dict_keys([]) 
[default_server_endpoint-1] [ERROR] [1785151681.981823818] [unity_endpoint]: Not registered to publish topic '/imu/data'! Valid publish topics are: dict_keys([]) 
[default_server_endpoint-1] [ERROR] [1785151681.982439440] [unity_endpoint]: Not registered to publish topic '/ground_truth_pose'! Valid publish topics are: dict_keys([]) 
[default_server_endpoint-1] [ERROR] [1785151681.983224459] [unity_endpoint]: Not registered to publish topic '/clock'! Valid publish topics are: dict_keys([]) 
[default_server_endpoint-1] [ERROR] [1785151681.983702655] [unity_endpoint]: Not registered to publish topic '/imu/data'! Valid publish topics are: dict_keys([]) 
[default_server_endpoint-1] [ERROR] [1785151681.984166888] [unity_endpoint]: Not registered to publish topic '/clock'! Valid publish topics are: dict_keys([]) 
[default_server_endpoint-1] [ERROR] [1785151681.984747322] [unity_endpoint]: Not registered to publish topic '/imu/data'! Valid publish topics are: dict_keys([]) 
[default_server_endpoint-1] [ERROR] [1785151681.985232415] [unity_endpoint]: Not registered to publish topic '/clock'! Valid publish topics are: dict_keys([]) 
[default_server_endpoint-1] [ERROR] [1785151682.012266100] [unity_endpoint]: Not registered to publish topic '/imu/data'! Valid publish topics are: dict_keys([]) 
[default_server_endpoint-1] [ERROR] [1785151682.012861514] [unity_endpoint]: Not registered to publish topic '/clock'! Valid publish topics are: dict_keys([]) 
[default_server_endpoint-1] [ERROR] [1785151682.013700669] [unity_endpoint]: Not registered to publish topic '/imu/data'! Valid publish topics are: dict_keys([]) 
[default_server_endpoint-1] [ERROR] [1785151682.014630558] [unity_endpoint]: Not registered to publish topic '/clock'! Valid publish topics are: dict_keys([]) 
[default_server_endpoint-1] [ERROR] [1785151682.015092534] [unity_endpoint]: Not registered to publish topic '/imu/data'! Valid publish topics are: dict_keys([]) 
[default_server_endpoint-1] [ERROR] [1785151682.015505093] [unity_endpoint]: Not registered to publish topic '/clock'! Valid publish topics are: dict_keys([]) 
[default_server_endpoint-1] [ERROR] [1785151682.015974686] [unity_endpoint]: Not registered to publish topic '/imu/data'! Valid publish topics are: dict_keys([]) 
[default_server_endpoint-1] [ERROR] [1785151682.016438912] [unity_endpoint]: Not registered to publish topic '/clock'! Valid publish topics are: dict_keys([]) 
[default_server_endpoint-1] [ERROR] [1785151682.016851983] [unity_endpoint]: Not registered to publish topic '/imu/data'! Valid publish topics are: dict_keys([]) 
[default_server_endpoint-1] [ERROR] [1785151682.027817533] [unity_endpoint]: Not registered to publish topic '/clock'! Valid publish topics are: dict_keys([]) 
[default_server_endpoint-1] [ERROR] [1785151682.028449628] [unity_endpoint]: Not registered to publish topic '/imu/data'! Valid publish topics are: dict_keys([]) 
[default_server_endpoint-1] [ERROR] [1785151682.028913543] [unity_endpoint]: Not registered to publish topic '/clock'! Valid publish topics are: dict_keys([]) 
[default_server_endpoint-1] [ERROR] [1785151682.029313765] [unity_endpoint]: Not registered to publish topic '/imu/data'! Valid publish topics are: dict_keys([]) 
[default_server_endpoint-1] [ERROR] [1785151682.029872619] [unity_endpoint]: Not registered to publish topic '/clock'! Valid publish topics are: dict_keys([]) 
[default_server_endpoint-1] [ERROR] [1785151682.030460071] [unity_endpoint]: Not registered to publish topic '/imu/data'! Valid publish topics are: dict_keys([]) 
[default_server_endpoint-1] [ERROR] [1785151682.031145055] [unity_endpoint]: Not registered to publish topic '/ground_truth_pose'! Valid publish topics are: dict_keys([]) 
[default_server_endpoint-1] [ERROR] [1785151682.031544554] [unity_endpoint]: Not registered to publish topic '/clock'! Valid publish topics are: dict_keys([]) 
[default_server_endpoint-1] [ERROR] [1785151682.031897568] [unity_endpoint]: Not registered to publish topic '/imu/data'! Valid publish topics are: dict_keys([]) 
[default_server_endpoint-1] [ERROR] [1785151682.032321112] [unity_endpoint]: Not registered to publish topic '/clock'! Valid publish topics are: dict_keys([]) 
[default_server_endpoint-1] [ERROR] [1785151682.060029774] [unity_endpoint]: Not registered to publish topic '/imu/data'! Valid publish topics are: dict_keys([]) 
[default_server_endpoint-1] [ERROR] [1785151682.060648850] [unity_endpoint]: Not registered to publish topic '/clock'! Valid publish topics are: dict_keys([]) 
[default_server_endpoint-1] [ERROR] [1785151682.061104563] [unity_endpoint]: Not registered to publish topic '/imu/data'! Valid publish topics are: dict_keys([]) 
[default_server_endpoint-1] [ERROR] [1785151682.061562495] [unity_endpoint]: Not registered to publish topic '/clock'! Valid publish topics are: dict_keys([]) 
[default_server_endpoint-1] [ERROR] [1785151682.062089345] [unity_endpoint]: Not registered to publish topic '/imu/data'! Valid publish topics are: dict_keys([]) 
[default_server_endpoint-1] [ERROR] [1785151682.062517815] [unity_endpoint]: Not registered to publish topic '/clock'! Valid publish topics are: dict_keys([]) 
[default_server_endpoint-1] [ERROR] [1785151682.062900306] [unity_endpoint]: Not registered to publish topic '/imu/data'! Valid publish topics are: dict_keys([]) 
[default_server_endpoint-1] [ERROR] [1785151682.075928971] [unity_endpoint]: Not registered to publish topic '/clock'! Valid publish topics are: dict_keys([]) 
[default_server_endpoint-1] [ERROR] [1785151682.076506576] [unity_endpoint]: Not registered to publish topic '/imu/data'! Valid publish topics are: dict_keys([]) 
[default_server_endpoint-1] [ERROR] [1785151682.076939733] [unity_endpoint]: Not registered to publish topic '/clock'! Valid publish topics are: dict_keys([]) 
[default_server_endpoint-1] [ERROR] [1785151682.077385658] [unity_endpoint]: Not registered to publish topic '/imu/data'! Valid publish topics are: dict_keys([]) 
[default_server_endpoint-1] [ERROR] [1785151682.077883839] [unity_endpoint]: Not registered to publish topic '/clock'! Valid publish topics are: dict_keys([]) 
[default_server_endpoint-1] [ERROR] [1785151682.078313081] [unity_endpoint]: Not registered to publish topic '/imu/data'! Valid publish topics are: dict_keys([]) 
[default_server_endpoint-1] [ERROR] [1785151682.078731421] [unity_endpoint]: Not registered to publish topic '/clock'! Valid publish topics are: dict_keys([]) 
[default_server_endpoint-1] [ERROR] [1785151682.079119164] [unity_endpoint]: Not registered to publish topic '/imu/data'! Valid publish topics are: dict_keys([]) 
[default_server_endpoint-1] [ERROR] [1785151682.079558931] [unity_endpoint]: Not registered to publish topic '/clock'! Valid publish topics are: dict_keys([]) 
[default_server_endpoint-1] [ERROR] [1785151682.083627719] [unity_endpoint]: Not registered to publish topic '/imu/data'! Valid publish topics are: dict_keys([]) 
[default_server_endpoint-1] [ERROR] [1785151682.085383354] [unity_endpoint]: Not registered to publish topic '/ground_truth_pose'! Valid publish topics are: dict_keys([]) 
[default_server_endpoint-1] [ERROR] [1785151682.086066430] [unity_endpoint]: Not registered to publish topic '/clock'! Valid publish topics are: dict_keys([]) 
[default_server_endpoint-1] [ERROR] [1785151682.086517805] [unity_endpoint]: Not registered to publish topic '/imu/data'! Valid publish topics are: dict_keys([]) 
[default_server_endpoint-1] [ERROR] [1785151682.087822442] [unity_endpoint]: Not registered to publish topic '/scan'! Valid publish topics are: dict_keys([]) 
[default_server_endpoint-1] [ERROR] [1785151682.091231405] [unity_endpoint]: Not registered to publish topic '/clock'! Valid publish topics are: dict_keys([]) 
[default_server_endpoint-1] [ERROR] [1785151682.091831334] [unity_endpoint]: Not registered to publish topic '/imu/data'! Valid publish topics are: dict_keys([]) 
[default_server_endpoint-1] [ERROR] [1785151682.092285784] [unity_endpoint]: Not registered to publish topic '/clock'! Valid publish topics are: dict_keys([]) 
[default_server_endpoint-1] [ERROR] [1785151682.092731703] [unity_endpoint]: Not registered to publish topic '/imu/data'! Valid publish topics are: dict_keys([]) 
[default_server_endpoint-1] [ERROR] [1785151682.093199066] [unity_endpoint]: Not registered to publish topic '/clock'! Valid publish topics are: dict_keys([]) 
[default_server_endpoint-1] [ERROR] [1785151682.093756679] [unity_endpoint]: Not registered to publish topic '/imu/data'! Valid publish topics are: dict_keys([]) 
[default_server_endpoint-1] [ERROR] [1785151682.094243357] [unity_endpoint]: Not registered to publish topic '/clock'! Valid publish topics are: dict_keys([]) 
[default_server_endpoint-1] [ERROR] [1785151682.094706813] [unity_endpoint]: Not registered to publish topic '/imu/data'! Valid publish topics are: dict_keys([]) 
[default_server_endpoint-1] [ERROR] [1785151682.095209200] [unity_endpoint]: Not registered to publish topic '/clock'! Valid publish topics are: dict_keys([]) 
[default_server_endpoint-1] [ERROR] [1785151682.107400623] [unity_endpoint]: Not registered to publish topic '/imu/data'! Valid publish topics are: dict_keys([]) 
[default_server_endpoint-1] [ERROR] [1785151682.108204967] [unity_endpoint]: Not registered to publish topic '/clock'! Valid publish topics are: dict_keys([]) 
[default_server_endpoint-1] [ERROR] [1785151682.108695088] [unity_endpoint]: Not registered to publish topic '/imu/data'! Valid publish topics are: dict_keys([]) 
[default_server_endpoint-1] [ERROR] [1785151682.109125370] [unity_endpoint]: Not registered to publish topic '/clock'! Valid publish topics are: dict_keys([]) 
[default_server_endpoint-1] [ERROR] [1785151682.109649137] [unity_endpoint]: Not registered to publish topic '/imu/data'! Valid publish topics are: dict_keys([]) 
[default_server_endpoint-1] [ERROR] [1785151682.110098837] [unity_endpoint]: Not registered to publish topic '/clock'! Valid publish topics are: dict_keys([]) 
[default_server_endpoint-1] [ERROR] [1785151682.110523495] [unity_endpoint]: Not registered to publish topic '/imu/data'! Valid publish topics are: dict_keys([]) 
[default_server_endpoint-1] [ERROR] [1785151682.111001275] [unity_endpoint]: Not registered to publish topic '/clock'! Valid publish topics are: dict_keys([]) 
[default_server_endpoint-1] [ERROR] [1785151682.111412601] [unity_endpoint]: Not registered to publish topic '/imu/data'! Valid publish topics are: dict_keys([]) 
[default_server_endpoint-1] [ERROR] [1785151682.111890908] [unity_endpoint]: Not registered to publish topic '/ground_truth_pose'! Valid publish topics are: dict_keys([]) 
[default_server_endpoint-1] [ERROR] [1785151682.112553730] [unity_endpoint]: Not registered to publish topic '/clock'! Valid publish topics are: dict_keys([]) 
[default_server_endpoint-1] [ERROR] [1785151682.113248158] [unity_endpoint]: Not registered to publish topic '/imu/data'! Valid publish topics are: dict_keys([]) 
[default_server_endpoint-1] [ERROR] [1785151682.113877408] [unity_endpoint]: Not registered to publish topic '/clock'! Valid publish topics are: dict_keys([]) 
[default_server_endpoint-1] [ERROR] [1785151682.114695367] [unity_endpoint]: Not registered to publish topic '/imu/data'! Valid publish topics are: dict_keys([]) 
[default_server_endpoint-1] [ERROR] [1785151682.115331476] [unity_endpoint]: Not registered to publish topic '/clock'! Valid publish topics are: dict_keys([]) 
[default_server_endpoint-1] [ERROR] [1785151682.115968255] [unity_endpoint]: Not registered to publish topic '/imu/data'! Valid publish topics are: dict_keys([]) 
[default_server_endpoint-1] [ERROR] [1785151682.116331994] [unity_endpoint]: Not registered to publish topic '/clock'! Valid publish topics are: dict_keys([]) 
[default_server_endpoint-1] [ERROR] [1785151682.116692936] [unity_endpoint]: Not registered to publish topic '/imu/data'! Valid publish topics are: dict_keys([]) 
[default_server_endpoint-1] [ERROR] [1785151682.117085107] [unity_endpoint]: Not registered to publish topic '/clock'! Valid publish topics are: dict_keys([]) 
[default_server_endpoint-1] [ERROR] [1785151682.117712352] [unity_endpoint]: Not registered to publish topic '/imu/data'! Valid publish topics are: dict_keys([]) 
[default_server_endpoint-1] [ERROR] [1785151682.118280796] [unity_endpoint]: Not registered to publish topic '/clock'! Valid publish topics are: dict_keys([]) 
[default_server_endpoint-1] [ERROR] [1785151682.129811075] [unity_endpoint]: Not registered to publish topic '/imu/data'! Valid publish topics are: dict_keys([]) 
[default_server_endpoint-1] [ERROR] [1785151682.130374953] [unity_endpoint]: Not registered to publish topic '/clock'! Valid publish topics are: dict_keys([]) 
[default_server_endpoint-1] [ERROR] [1785151682.130884417] [unity_endpoint]: Not registered to publish topic '/imu/data'! Valid publish topics are: dict_keys([]) 
[default_server_endpoint-1] [ERROR] [1785151682.131237435] [unity_endpoint]: Not registered to publish topic '/clock'! Valid publish topics are: dict_keys([]) 
[default_server_endpoint-1] [ERROR] [1785151682.131665280] [unity_endpoint]: Not registered to publish topic '/imu/data'! Valid publish topics are: dict_keys([]) 
[default_server_endpoint-1] [ERROR] [1785151682.132245683] [unity_endpoint]: Not registered to publish topic '/clock'! Valid publish topics are: dict_keys([]) 
[default_server_endpoint-1] [ERROR] [1785151682.132666193] [unity_endpoint]: Not registered to publish topic '/imu/data'! Valid publish topics are: dict_keys([]) 
[default_server_endpoint-1] [ERROR] [1785151682.133022488] [unity_endpoint]: Not registered to publish topic '/clock'! Valid publish topics are: dict_keys([]) 
[default_server_endpoint-1] [ERROR] [1785151682.133386553] [unity_endpoint]: Not registered to publish topic '/imu/data'! Valid publish topics are: dict_keys([]) 
[default_server_endpoint-1] [ERROR] [1785151682.133841781] [unity_endpoint]: Not registered to publish topic '/ground_truth_pose'! Valid publish topics are: dict_keys([]) 
[default_server_endpoint-1] [ERROR] [1785151682.134210745] [unity_endpoint]: Not registered to publish topic '/clock'! Valid publish topics are: dict_keys([]) 
[default_server_endpoint-1] [ERROR] [1785151682.134610969] [unity_endpoint]: Not registered to publish topic '/imu/data'! Valid publish topics are: dict_keys([]) 
[default_server_endpoint-1] [ERROR] [1785151682.134978966] [unity_endpoint]: Not registered to publish topic '/clock'! Valid publish topics are: dict_keys([]) 
[default_server_endpoint-1] [ERROR] [1785151682.135343124] [unity_endpoint]: Not registered to publish topic '/imu/data'! Valid publish topics are: dict_keys([]) 
[default_server_endpoint-1] [ERROR] [1785151682.135801384] [unity_endpoint]: Not registered to publish topic '/clock'! Valid publish topics are: dict_keys([]) 
[default_server_endpoint-1] [ERROR] [1785151682.145715465] [unity_endpoint]: Not registered to publish topic '/imu/data'! Valid publish topics are: dict_keys([]) 
[default_server_endpoint-1] [ERROR] [1785151682.146350853] [unity_endpoint]: Not registered to publish topic '/clock'! Valid publish topics are: dict_keys([]) 
[default_server_endpoint-1] [ERROR] [1785151682.147046277] [unity_endpoint]: Not registered to publish topic '/imu/data'! Valid publish topics are: dict_keys([]) 
[default_server_endpoint-1] [ERROR] [1785151682.147720183] [unity_endpoint]: Not registered to publish topic '/clock'! Valid publish topics are: dict_keys([]) 
[default_server_endpoint-1] [ERROR] [1785151682.148382333] [unity_endpoint]: Not registered to publish topic '/imu/data'! Valid publish topics are: dict_keys([]) 
[default_server_endpoint-1] [ERROR] [1785151682.148939114] [unity_endpoint]: Not registered to publish topic '/clock'! Valid publish topics are: dict_keys([]) 
[default_server_endpoint-1] [ERROR] [1785151682.149540863] [unity_endpoint]: Not registered to publish topic '/imu/data'! Valid publish topics are: dict_keys([]) 
[default_server_endpoint-1] [ERROR] [1785151682.150317669] [unity_endpoint]: Not registered to publish topic '/scan'! Valid publish topics are: dict_keys([]) 
[default_server_endpoint-1] [ERROR] [1785151682.150937423] [unity_endpoint]: Not registered to publish topic '/clock'! Valid publish topics are: dict_keys([]) 
[default_server_endpoint-1] [ERROR] [1785151682.151545331] [unity_endpoint]: Not registered to publish topic '/imu/data'! Valid publish topics are: dict_keys([]) 
[default_server_endpoint-1] [ERROR] [1785151682.152098770] [unity_endpoint]: Not registered to publish topic '/clock'! Valid publish topics are: dict_keys([]) 
[default_server_endpoint-1] [ERROR] [1785151682.152685278] [unity_endpoint]: Not registered to publish topic '/imu/data'! Valid publish topics are: dict_keys([]) 
[default_server_endpoint-1] [ERROR] [1785151682.153273022] [unity_endpoint]: Not registered to publish topic '/clock'! Valid publish topics are: dict_keys([]) 
[default_server_endpoint-1] [ERROR] [1785151682.153885210] [unity_endpoint]: Not registered to publish topic '/imu/data'! Valid publish topics are: dict_keys([]) 
[default_server_endpoint-1] [ERROR] [1785151682.154522687] [unity_endpoint]: Not registered to publish topic '/clock'! Valid publish topics are: dict_keys([]) 
[default_server_endpoint-1] [ERROR] [1785151682.155163936] [unity_endpoint]: Not registered to publish topic '/imu/data'! Valid publish topics are: dict_keys([]) 
[default_server_endpoint-1] [ERROR] [1785151682.155743782] [unity_endpoint]: Not registered to publish topic '/ground_truth_pose'! Valid publish topics are: dict_keys([]) 
[default_server_endpoint-1] [ERROR] [1785151682.156322010] [unity_endpoint]: Not registered to publish topic '/clock'! Valid publish topics are: dict_keys([]) 
[default_server_endpoint-1] [ERROR] [1785151682.158095530] [unity_endpoint]: Not registered to publish topic '/imu/data'! Valid publish topics are: dict_keys([]) 
[default_server_endpoint-1] [ERROR] [1785151682.159190984] [unity_endpoint]: Not registered to publish topic '/clock'! Valid publish topics are: dict_keys([]) 
[default_server_endpoint-1] [ERROR] [1785151682.159844349] [unity_endpoint]: Not registered to publish topic '/imu/data'! Valid publish topics are: dict_keys([]) 
[default_server_endpoint-1] [ERROR] [1785151682.160383682] [unity_endpoint]: Not registered to publish topic '/clock'! Valid publish topics are: dict_keys([]) 
[default_server_endpoint-1] [ERROR] [1785151682.160962872] [unity_endpoint]: Not registered to publish topic '/imu/data'! Valid publish topics are: dict_keys([]) 
[default_server_endpoint-1] [ERROR] [1785151682.161574608] [unity_endpoint]: Not registered to publish topic '/clock'! Valid publish topics are: dict_keys([]) 
[default_server_endpoint-1] [ERROR] [1785151682.162115190] [unity_endpoint]: Not registered to publish topic '/imu/data'! Valid publish topics are: dict_keys([]) 
[default_server_endpoint-1] [ERROR] [1785151682.162648504] [unity_endpoint]: Not registered to publish topic '/clock'! Valid publish topics are: dict_keys([]) 
[default_server_endpoint-1] [ERROR] [1785151682.163084414] [unity_endpoint]: Not registered to publish topic '/imu/data'! Valid publish topics are: dict_keys([]) 
[default_server_endpoint-1] [ERROR] [1785151682.163643955] [unity_endpoint]: Not registered to publish topic '/clock'! Valid publish topics are: dict_keys([]) 
[default_server_endpoint-1] [ERROR] [1785151682.164210404] [unity_endpoint]: Not registered to publish topic '/imu/data'! Valid publish topics are: dict_keys([]) 
[default_server_endpoint-1] [ERROR] [1785151682.173006579] [unity_endpoint]: Not registered to publish topic '/clock'! Valid publish topics are: dict_keys([]) 
[default_server_endpoint-1] [ERROR] [1785151682.174469331] [unity_endpoint]: Not registered to publish topic '/imu/data'! Valid publish topics are: dict_keys([]) 
[default_server_endpoint-1] [ERROR] [1785151682.175078480] [unity_endpoint]: Not registered to publish topic '/clock'! Valid publish topics are: dict_keys([]) 
[default_server_endpoint-1] [ERROR] [1785151682.175707865] [unity_endpoint]: Not registered to publish topic '/imu/data'! Valid publish topics are: dict_keys([]) 
[default_server_endpoint-1] [ERROR] [1785151682.176330656] [unity_endpoint]: Not registered to publish topic '/clock'! Valid publish topics are: dict_keys([]) 
[default_server_endpoint-1] [ERROR] [1785151682.176865505] [unity_endpoint]: Not registered to publish topic '/imu/data'! Valid publish topics are: dict_keys([]) 
[default_server_endpoint-1] [ERROR] [1785151682.177494188] [unity_endpoint]: Not registered to publish topic '/clock'! Valid publish topics are: dict_keys([]) 
[default_server_endpoint-1] [ERROR] [1785151682.178026813] [unity_endpoint]: Not registered to publish topic '/imu/data'! Valid publish topics are: dict_keys([]) 
[default_server_endpoint-1] [ERROR] [1785151682.178651604] [unity_endpoint]: Not registered to publish topic '/ground_truth_pose'! Valid publish topics are: dict_keys([]) 
[default_server_endpoint-1] [ERROR] [1785151682.179248201] [unity_endpoint]: Not registered to publish topic '/clock'! Valid publish topics are: dict_keys([]) 
[default_server_endpoint-1] [ERROR] [1785151682.179862556] [unity_endpoint]: Not registered to publish topic '/imu/data'! Valid publish topics are: dict_keys([]) 
[default_server_endpoint-1] [ERROR] [1785151682.180529953] [unity_endpoint]: Not registered to publish topic '/clock'! Valid publish topics are: dict_keys([]) 
[default_server_endpoint-1] [ERROR] [1785151682.181134116] [unity_endpoint]: Not registered to publish topic '/imu/data'! Valid publish topics are: dict_keys([]) 
[default_server_endpoint-1] [ERROR] [1785151682.181819949] [unity_endpoint]: Not registered to publish topic '/clock'! Valid publish topics are: dict_keys([]) 
[default_server_endpoint-1] [ERROR] [1785151682.182524573] [unity_endpoint]: Not registered to publish topic '/imu/data'! Valid publish topics are: dict_keys([]) 
[default_server_endpoint-1] [ERROR] [1785151682.183097053] [unity_endpoint]: Not registered to publish topic '/clock'! Valid publish topics are: dict_keys([]) 
[default_server_endpoint-1] [ERROR] [1785151682.183693735] [unity_endpoint]: Not registered to publish topic '/imu/data'! Valid publish topics are: dict_keys([]) 
[default_server_endpoint-1] [ERROR] [1785151682.184256807] [unity_endpoint]: Not registered to publish topic '/clock'! Valid publish topics are: dict_keys([]) 
[default_server_endpoint-1] [ERROR] [1785151682.184791149] [unity_endpoint]: Not registered to publish topic '/imu/data'! Valid publish topics are: dict_keys([]) 
[default_server_endpoint-1] [ERROR] [1785151682.185353471] [unity_endpoint]: Not registered to publish topic '/clock'! Valid publish topics are: dict_keys([]) 
[default_server_endpoint-1] [ERROR] [1785151682.196089779] [unity_endpoint]: Not registered to publish topic '/imu/data'! Valid publish topics are: dict_keys([]) 
[default_server_endpoint-1] [ERROR] [1785151682.196879278] [unity_endpoint]: Not registered to publish topic '/clock'! Valid publish topics are: dict_keys([]) 
[default_server_endpoint-1] [ERROR] [1785151682.197696118] [unity_endpoint]: Not registered to publish topic '/imu/data'! Valid publish topics are: dict_keys([]) 
[default_server_endpoint-1] [ERROR] [1785151682.198383699] [unity_endpoint]: Not registered to publish topic '/clock'! Valid publish topics are: dict_keys([]) 
[default_server_endpoint-1] [ERROR] [1785151682.199013976] [unity_endpoint]: Not registered to publish topic '/imu/data'! Valid publish topics are: dict_keys([]) 
[default_server_endpoint-1] [ERROR] [1785151682.199571286] [unity_endpoint]: Not registered to publish topic '/clock'! Valid publish topics are: dict_keys([]) 
[default_server_endpoint-1] [ERROR] [1785151682.200159948] [unity_endpoint]: Not registered to publish topic '/imu/data'! Valid publish topics are: dict_keys([]) 
[default_server_endpoint-1] [ERROR] [1785151682.200763120] [unity_endpoint]: Not registered to publish topic '/clock'! Valid publish topics are: dict_keys([]) 
[default_server_endpoint-1] [ERROR] [1785151682.201350710] [unity_endpoint]: Not registered to publish topic '/imu/data'! Valid publish topics are: dict_keys([]) 
[default_server_endpoint-1] [ERROR] [1785151682.201924003] [unity_endpoint]: Not registered to publish topic '/ground_truth_pose'! Valid publish topics are: dict_keys([]) 
[default_server_endpoint-1] [ERROR] [1785151682.202474500] [unity_endpoint]: Not registered to publish topic '/clock'! Valid publish topics are: dict_keys([]) 
[default_server_endpoint-1] [ERROR] [1785151682.203150539] [unity_endpoint]: Not registered to publish topic '/imu/data'! Valid publish topics are: dict_keys([]) 
[default_server_endpoint-1] [ERROR] [1785151682.203712188] [unity_endpoint]: Not registered to publish topic '/scan'! Valid publish topics are: dict_keys([]) 
[default_server_endpoint-1] [ERROR] [1785151682.204234715] [unity_endpoint]: Not registered to publish topic '/clock'! Valid publish topics are: dict_keys([]) 
[default_server_endpoint-1] [ERROR] [1785151682.204761229] [unity_endpoint]: Not registered to publish topic '/imu/data'! Valid publish topics are: dict_keys([]) 
[default_server_endpoint-1] [ERROR] [1785151682.205315107] [unity_endpoint]: Not registered to publish topic '/clock'! Valid publish topics are: dict_keys([]) 
[default_server_endpoint-1] [ERROR] [1785151682.205903893] [unity_endpoint]: Not registered to publish topic '/imu/data'! Valid publish topics are: dict_keys([]) 
[default_server_endpoint-1] [ERROR] [1785151682.216898335] [unity_endpoint]: Not registered to publish topic '/clock'! Valid publish topics are: dict_keys([]) 
[default_server_endpoint-1] [ERROR] [1785151682.217757104] [unity_endpoint]: Not registered to publish topic '/imu/data'! Valid publish topics are: dict_keys([]) 
[default_server_endpoint-1] [ERROR] [1785151682.218346681] [unity_endpoint]: Not registered to publish topic '/clock'! Valid publish topics are: dict_keys([]) 
[default_server_endpoint-1] [ERROR] [1785151682.219030861] [unity_endpoint]: Not registered to publish topic '/imu/data'! Valid publish topics are: dict_keys([]) 
[default_server_endpoint-1] [ERROR] [1785151682.219602054] [unity_endpoint]: Not registered to publish topic '/clock'! Valid publish topics are: dict_keys([]) 
[default_server_endpoint-1] [ERROR] [1785151682.220258256] [unity_endpoint]: Not registered to publish topic '/imu/data'! Valid publish topics are: dict_keys([]) 
[default_server_endpoint-1] [ERROR] [1785151682.221020907] [unity_endpoint]: Not registered to publish topic '/clock'! Valid publish topics are: dict_keys([]) 
[default_server_endpoint-1] [ERROR] [1785151682.221887167] [unity_endpoint]: Not registered to publish topic '/imu/data'! Valid publish topics are: dict_keys([]) 
[default_server_endpoint-1] [ERROR] [1785151682.232497133] [unity_endpoint]: Not registered to publish topic '/clock'! Valid publish topics are: dict_keys([]) 
[default_server_endpoint-1] [ERROR] [1785151682.233547743] [unity_endpoint]: Not registered to publish topic '/imu/data'! Valid publish topics are: dict_keys([]) 
[default_server_endpoint-1] [ERROR] [1785151682.234210479] [unity_endpoint]: Not registered to publish topic '/clock'! Valid publish topics are: dict_keys([]) 
[default_server_endpoint-1] [ERROR] [1785151682.234884217] [unity_endpoint]: Not registered to publish topic '/imu/data'! Valid publish topics are: dict_keys([]) 
[default_server_endpoint-1] [ERROR] [1785151682.235413780] [unity_endpoint]: Not registered to publish topic '/clock'! Valid publish topics are: dict_keys([]) 
[default_server_endpoint-1] [ERROR] [1785151682.235962939] [unity_endpoint]: Not registered to publish topic '/imu/data'! Valid publish topics are: dict_keys([]) 
[default_server_endpoint-1] [ERROR] [1785151682.236527217] [unity_endpoint]: Not registered to publish topic '/ground_truth_pose'! Valid publish topics are: dict_keys([]) 
[default_server_endpoint-1] [ERROR] [1785151682.237085247] [unity_endpoint]: Not registered to publish topic '/clock'! Valid publish topics are: dict_keys([]) 
[default_server_endpoint-1] [ERROR] [1785151682.237748398] [unity_endpoint]: Not registered to publish topic '/imu/data'! Valid publish topics are: dict_keys([]) 
[default_server_endpoint-1] [ERROR] [1785151682.238268825] [unity_endpoint]: Not registered to publish topic '/clock'! Valid publish topics are: dict_keys([]) 
[default_server_endpoint-1] [ERROR] [1785151682.238814095] [unity_endpoint]: Not registered to publish topic '/imu/data'! Valid publish topics are: dict_keys([]) 
[default_server_endpoint-1] [ERROR] [1785151682.239335376] [unity_endpoint]: Not registered to publish topic '/clock'! Valid publish topics are: dict_keys([]) 
[default_server_endpoint-1] [ERROR] [1785151682.239821691] [unity_endpoint]: Not registered to publish topic '/imu/data'! Valid publish topics are: dict_keys([]) 
[default_server_endpoint-1] [ERROR] [1785151682.240340501] [unity_endpoint]: Not registered to publish topic '/clock'! Valid publish topics are: dict_keys([]) 
[default_server_endpoint-1] [ERROR] [1785151682.240851607] [unity_endpoint]: Not registered to publish topic '/imu/data'! Valid publish topics are: dict_keys([]) 
[default_server_endpoint-1] [ERROR] [1785151682.241357813] [unity_endpoint]: Not registered to publish topic '/clock'! Valid publish topics are: dict_keys([]) 
[default_server_endpoint-1] [ERROR] [1785151682.241930753] [unity_endpoint]: Not registered to publish topic '/imu/data'! Valid publish topics are: dict_keys([]) 
[default_server_endpoint-1] [ERROR] [1785151682.261817068] [unity_endpoint]: Not registered to publish topic '/clock'! Valid publish topics are: dict_keys([]) 
[default_server_endpoint-1] [ERROR] [1785151682.265107584] [unity_endpoint]: Not registered to publish topic '/imu/data'! Valid publish topics are: dict_keys([]) 
[default_server_endpoint-1] [ERROR] [1785151682.268697584] [unity_endpoint]: Not registered to publish topic '/clock'! Valid publish topics are: dict_keys([]) 
[default_server_endpoint-1] [ERROR] [1785151682.269622839] [unity_endpoint]: Not registered to publish topic '/imu/data'! Valid publish topics are: dict_keys([]) 
[default_server_endpoint-1] [ERROR] [1785151682.270415733] [unity_endpoint]: Not registered to publish topic '/clock'! Valid publish topics are: dict_keys([]) 
[default_server_endpoint-1] [ERROR] [1785151682.271004049] [unity_endpoint]: Not registered to publish topic '/imu/data'! Valid publish topics are: dict_keys([]) 
[default_server_endpoint-1] [ERROR] [1785151682.271650012] [unity_endpoint]: Not registered to publish topic '/clock'! Valid publish topics are: dict_keys([]) 
[default_server_endpoint-1] [ERROR] [1785151682.272258387] [unity_endpoint]: Not registered to publish topic '/imu/data'! Valid publish topics are: dict_keys([]) 
[default_server_endpoint-1] [ERROR] [1785151682.272829100] [unity_endpoint]: Not registered to publish topic '/clock'! Valid publish topics are: dict_keys([]) 
[default_server_endpoint-1] [ERROR] [1785151682.273365421] [unity_endpoint]: Not registered to publish topic '/imu/data'! Valid publish topics are: dict_keys([]) 
[default_server_endpoint-1] [ERROR] [1785151682.273950130] [unity_endpoint]: Not registered to publish topic '/ground_truth_pose'! Valid publish topics are: dict_keys([]) 
[default_server_endpoint-1] [ERROR] [1785151682.274566364] [unity_endpoint]: Not registered to publish topic '/clock'! Valid publish topics are: dict_keys([]) 
[default_server_endpoint-1] [ERROR] [1785151682.275157387] [unity_endpoint]: Not registered to publish topic '/imu/data'! Valid publish topics are: dict_keys([]) 
[default_server_endpoint-1] [ERROR] [1785151682.275746999] [unity_endpoint]: Not registered to publish topic '/clock'! Valid publish topics are: dict_keys([]) 
[default_server_endpoint-1] [ERROR] [1785151682.276316260] [unity_endpoint]: Not registered to publish topic '/imu/data'! Valid publish topics are: dict_keys([]) 
[default_server_endpoint-1] [ERROR] [1785151682.282595746] [unity_endpoint]: Not registered to publish topic '/clock'! Valid publish topics are: dict_keys([]) 
[default_server_endpoint-1] [ERROR] [1785151682.287085393] [unity_endpoint]: Not registered to publish topic '/imu/data'! Valid publish topics are: dict_keys([]) 
[default_server_endpoint-1] [ERROR] [1785151682.288052478] [unity_endpoint]: Not registered to publish topic '/clock'! Valid publish topics are: dict_keys([]) 
[default_server_endpoint-1] [ERROR] [1785151682.288810395] [unity_endpoint]: Not registered to publish topic '/imu/data'! Valid publish topics are: dict_keys([]) 
[default_server_endpoint-1] [ERROR] [1785151682.289465031] [unity_endpoint]: Not registered to publish topic '/clock'! Valid publish topics are: dict_keys([]) 
[default_server_endpoint-1] [ERROR] [1785151682.290049675] [unity_endpoint]: Not registered to publish topic '/imu/data'! Valid publish topics are: dict_keys([]) 
[default_server_endpoint-1] [ERROR] [1785151682.290652193] [unity_endpoint]: Not registered to publish topic '/clock'! Valid publish topics are: dict_keys([]) 
[default_server_endpoint-1] [ERROR] [1785151682.291367276] [unity_endpoint]: Not registered to publish topic '/imu/data'! Valid publish topics are: dict_keys([]) 
[default_server_endpoint-1] [ERROR] [1785151682.291991622] [unity_endpoint]: Not registered to publish topic '/scan'! Valid publish topics are: dict_keys([]) 
[default_server_endpoint-1] [ERROR] [1785151682.292634852] [unity_endpoint]: Not registered to publish topic '/clock'! Valid publish topics are: dict_keys([]) 
[default_server_endpoint-1] [ERROR] [1785151682.293341310] [unity_endpoint]: Not registered to publish topic '/imu/data'! Valid publish topics are: dict_keys([]) 
[default_server_endpoint-1] [ERROR] [1785151682.294044678] [unity_endpoint]: Not registered to publish topic '/clock'! Valid publish topics are: dict_keys([]) 
[default_server_endpoint-1] [ERROR] [1785151682.294655740] [unity_endpoint]: Not registered to publish topic '/imu/data'! Valid publish topics are: dict_keys([]) 
[default_server_endpoint-1] [ERROR] [1785151682.295325219] [unity_endpoint]: Not registered to publish topic '/clock'! Valid publish topics are: dict_keys([]) 
[default_server_endpoint-1] [ERROR] [1785151682.295909160] [unity_endpoint]: Not registered to publish topic '/imu/data'! Valid publish topics are: dict_keys([]) 
[default_server_endpoint-1] [ERROR] [1785151682.308099721] [unity_endpoint]: Not registered to publish topic '/clock'! Valid publish topics are: dict_keys([]) 
[default_server_endpoint-1] [ERROR] [1785151682.308745984] [unity_endpoint]: Not registered to publish topic '/imu/data'! Valid publish topics are: dict_keys([]) 
[default_server_endpoint-1] [ERROR] [1785151682.309314206] [unity_endpoint]: Not registered to publish topic '/ground_truth_pose'! Valid publish topics are: dict_keys([]) 
[default_server_endpoint-1] [ERROR] [1785151682.309878751] [unity_endpoint]: Not registered to publish topic '/clock'! Valid publish topics are: dict_keys([]) 
[default_server_endpoint-1] [ERROR] [1785151682.310496875] [unity_endpoint]: Not registered to publish topic '/imu/data'! Valid publish topics are: dict_keys([]) 
[default_server_endpoint-1] [ERROR] [1785151682.311142908] [unity_endpoint]: Not registered to publish topic '/clock'! Valid publish topics are: dict_keys([]) 
[default_server_endpoint-1] [ERROR] [1785151682.311727625] [unity_endpoint]: Not registered to publish topic '/imu/data'! Valid publish topics are: dict_keys([]) 
[default_server_endpoint-1] [ERROR] [1785151682.312262901] [unity_endpoint]: Not registered to publish topic '/clock'! Valid publish topics are: dict_keys([]) 
[default_server_endpoint-1] [ERROR] [1785151682.323251621] [unity_endpoint]: Not registered to publish topic '/imu/data'! Valid publish topics are: dict_keys([]) 
[default_server_endpoint-1] [ERROR] [1785151682.323915568] [unity_endpoint]: Not registered to publish topic '/clock'! Valid publish topics are: dict_keys([]) 
[default_server_endpoint-1] [ERROR] [1785151682.324440589] [unity_endpoint]: Not registered to publish topic '/imu/data'! Valid publish topics are: dict_keys([]) 
[default_server_endpoint-1] [ERROR] [1785151682.325009069] [unity_endpoint]: Not registered to publish topic '/clock'! Valid publish topics are: dict_keys([]) 
[default_server_endpoint-1] [ERROR] [1785151682.325545366] [unity_endpoint]: Not registered to publish topic '/imu/data'! Valid publish topics are: dict_keys([]) 
[default_server_endpoint-1] [ERROR] [1785151682.326072556] [unity_endpoint]: Not registered to publish topic '/clock'! Valid publish topics are: dict_keys([]) 
[default_server_endpoint-1] [ERROR] [1785151682.326529304] [unity_endpoint]: Not registered to publish topic '/imu/data'! Valid publish topics are: dict_keys([]) 
[default_server_endpoint-1] [ERROR] [1785151682.326954359] [unity_endpoint]: Not registered to publish topic '/clock'! Valid publish topics are: dict_keys([]) 
[default_server_endpoint-1] [ERROR] [1785151682.327362419] [unity_endpoint]: Not registered to publish topic '/imu/data'! Valid publish topics are: dict_keys([]) 
[default_server_endpoint-1] [ERROR] [1785151682.327827109] [unity_endpoint]: Not registered to publish topic '/clock'! Valid publish topics are: dict_keys([]) 
[default_server_endpoint-1] [ERROR] [1785151682.328264940] [unity_endpoint]: Not registered to publish topic '/imu/data'! Valid publish topics are: dict_keys([]) 
[default_server_endpoint-1] [ERROR] [1785151682.328636451] [unity_endpoint]: Not registered to publish topic '/clock'! Valid publish topics are: dict_keys([]) 
[default_server_endpoint-1] [ERROR] [1785151682.328981052] [unity_endpoint]: Not registered to publish topic '/imu/data'! Valid publish topics are: dict_keys([]) 
[default_server_endpoint-1] [ERROR] [1785151682.329300131] [unity_endpoint]: Not registered to publish topic '/clock'! Valid publish topics are: dict_keys([]) 
[default_server_endpoint-1] [ERROR] [1785151682.329635702] [unity_endpoint]: Not registered to publish topic '/imu/data'! Valid publish topics are: dict_keys([]) 
[default_server_endpoint-1] [ERROR] [1785151682.330063438] [unity_endpoint]: Not registered to publish topic '/ground_truth_pose'! Valid publish topics are: dict_keys([]) 
[default_server_endpoint-1] [ERROR] [1785151682.336775953] [unity_endpoint]: Not registered to publish topic '/clock'! Valid publish topics are: dict_keys([]) 
[default_server_endpoint-1] [ERROR] [1785151682.337934796] [unity_endpoint]: Not registered to publish topic '/imu/data'! Valid publish topics are: dict_keys([]) 
[default_server_endpoint-1] [ERROR] [1785151682.338541106] [unity_endpoint]: Not registered to publish topic '/clock'! Valid publish topics are: dict_keys([]) 
[default_server_endpoint-1] [ERROR] [1785151682.343989377] [unity_endpoint]: Not registered to publish topic '/imu/data'! Valid publish topics are: dict_keys([]) 
[default_server_endpoint-1] [ERROR] [1785151682.344892975] [unity_endpoint]: Not registered to publish topic '/clock'! Valid publish topics are: dict_keys([]) 
[default_server_endpoint-1] [ERROR] [1785151682.345577243] [unity_endpoint]: Not registered to publish topic '/imu/data'! Valid publish topics are: dict_keys([]) 
[default_server_endpoint-1] [ERROR] [1785151682.346172715] [unity_endpoint]: Not registered to publish topic '/clock'! Valid publish topics are: dict_keys([]) 
[default_server_endpoint-1] [ERROR] [1785151682.346806823] [unity_endpoint]: Not registered to publish topic '/imu/data'! Valid publish topics are: dict_keys([]) 
[default_server_endpoint-1] [ERROR] [1785151682.347458612] [unity_endpoint]: Not registered to publish topic '/clock'! Valid publish topics are: dict_keys([]) 
[default_server_endpoint-1] [ERROR] [1785151682.348113075] [unity_endpoint]: Not registered to publish topic '/imu/data'! Valid publish topics are: dict_keys([]) 
[default_server_endpoint-1] [ERROR] [1785151682.348714816] [unity_endpoint]: Not registered to publish topic '/clock'! Valid publish topics are: dict_keys([]) 
[default_server_endpoint-1] [ERROR] [1785151682.359797473] [unity_endpoint]: Not registered to publish topic '/imu/data'! Valid publish topics are: dict_keys([]) 
[default_server_endpoint-1] [ERROR] [1785151682.360794017] [unity_endpoint]: Not registered to publish topic '/clock'! Valid publish topics are: dict_keys([]) 
[default_server_endpoint-1] [ERROR] [1785151682.361402056] [unity_endpoint]: Not registered to publish topic '/imu/data'! Valid publish topics are: dict_keys([]) 
[default_server_endpoint-1] [ERROR] [1785151682.362160667] [unity_endpoint]: Not registered to publish topic '/clock'! Valid publish topics are: dict_keys([]) 
[default_server_endpoint-1] [ERROR] [1785151682.362736569] [unity_endpoint]: Not registered to publish topic '/imu/data'! Valid publish topics are: dict_keys([]) 
[default_server_endpoint-1] [ERROR] [1785151682.363261318] [unity_endpoint]: Not registered to publish topic '/clock'! Valid publish topics are: dict_keys([]) 
[default_server_endpoint-1] [ERROR] [1785151682.363740269] [unity_endpoint]: Not registered to publish topic '/imu/data'! Valid publish topics are: dict_keys([]) 
[default_server_endpoint-1] [ERROR] [1785151682.364395575] [unity_endpoint]: Not registered to publish topic '/clock'! Valid publish topics are: dict_keys([]) 
[default_server_endpoint-1] [ERROR] [1785151682.375407442] [unity_endpoint]: Not registered to publish topic '/imu/data'! Valid publish topics are: dict_keys([]) 
[default_server_endpoint-1] [ERROR] [1785151682.376410976] [unity_endpoint]: Not registered to publish topic '/ground_truth_pose'! Valid publish topics are: dict_keys([]) 
[default_server_endpoint-1] [ERROR] [1785151682.377083078] [unity_endpoint]: Not registered to publish topic '/clock'! Valid publish topics are: dict_keys([]) 
[default_server_endpoint-1] [ERROR] [1785151682.377768232] [unity_endpoint]: Not registered to publish topic '/imu/data'! Valid publish topics are: dict_keys([]) 
[default_server_endpoint-1] [ERROR] [1785151682.378394945] [unity_endpoint]: Not registered to publish topic '/scan'! Valid publish topics are: dict_keys([]) 
[default_server_endpoint-1] [ERROR] [1785151682.379023958] [unity_endpoint]: Not registered to publish topic '/clock'! Valid publish topics are: dict_keys([]) 
[default_server_endpoint-1] [ERROR] [1785151682.379557161] [unity_endpoint]: Not registered to publish topic '/imu/data'! Valid publish topics are: dict_keys([]) 
[default_server_endpoint-1] [ERROR] [1785151682.380135986] [unity_endpoint]: Not registered to publish topic '/clock'! Valid publish topics are: dict_keys([]) 
[default_server_endpoint-1] [ERROR] [1785151682.380701434] [unity_endpoint]: Not registered to publish topic '/imu/data'! Valid publish topics are: dict_keys([]) 
[default_server_endpoint-1] [ERROR] [1785151682.391745696] [unity_endpoint]: Not registered to publish topic '/clock'! Valid publish topics are: dict_keys([]) 
[default_server_endpoint-1] [ERROR] [1785151682.392729367] [unity_endpoint]: Not registered to publish topic '/imu/data'! Valid publish topics are: dict_keys([]) 
[default_server_endpoint-1] [ERROR] [1785151682.393333862] [unity_endpoint]: Not registered to publish topic '/clock'! Valid publish topics are: dict_keys([]) 
[default_server_endpoint-1] [ERROR] [1785151682.393958876] [unity_endpoint]: Not registered to publish topic '/imu/data'! Valid publish topics are: dict_keys([]) 
[default_server_endpoint-1] [ERROR] [1785151682.394569022] [unity_endpoint]: Not registered to publish topic '/clock'! Valid publish topics are: dict_keys([]) 
[default_server_endpoint-1] [ERROR] [1785151682.395184221] [unity_endpoint]: Not registered to publish topic '/imu/data'! Valid publish topics are: dict_keys([]) 
[default_server_endpoint-1] [ERROR] [1785151682.395730182] [unity_endpoint]: Not registered to publish topic '/clock'! Valid publish topics are: dict_keys([]) 
[default_server_endpoint-1] [ERROR] [1785151682.396254458] [unity_endpoint]: Not registered to publish topic '/imu/data'! Valid publish topics are: dict_keys([]) 
[default_server_endpoint-1] [ERROR] [1785151682.396770150] [unity_endpoint]: Not registered to publish topic '/clock'! Valid publish topics are: dict_keys([]) 
[default_server_endpoint-1] [ERROR] [1785151682.406143381] [unity_endpoint]: Not registered to publish topic '/imu/data'! Valid publish topics are: dict_keys([]) 
[default_server_endpoint-1] [ERROR] [1785151682.407669769] [unity_endpoint]: Not registered to publish topic '/clock'! Valid publish topics are: dict_keys([]) 
[default_server_endpoint-1] [ERROR] [1785151682.408397997] [unity_endpoint]: Not registered to publish topic '/imu/data'! Valid publish topics are: dict_keys([]) 
[default_server_endpoint-1] [ERROR] [1785151682.409042290] [unity_endpoint]: Not registered to publish topic '/clock'! Valid publish topics are: dict_keys([]) 
[default_server_endpoint-1] [ERROR] [1785151682.409766987] [unity_endpoint]: Not registered to publish topic '/imu/data'! Valid publish topics are: dict_keys([]) 
[default_server_endpoint-1] [ERROR] [1785151682.410366049] [unity_endpoint]: Not registered to publish topic '/ground_truth_pose'! Valid publish topics are: dict_keys([]) 
[default_server_endpoint-1] [ERROR] [1785151682.411034680] [unity_endpoint]: Not registered to publish topic '/clock'! Valid publish topics are: dict_keys([]) 
[default_server_endpoint-1] [ERROR] [1785151682.411694484] [unity_endpoint]: Not registered to publish topic '/imu/data'! Valid publish topics are: dict_keys([]) 
[default_server_endpoint-1] [ERROR] [1785151682.412264284] [unity_endpoint]: Not registered to publish topic '/clock'! Valid publish topics are: dict_keys([]) 
[default_server_endpoint-1] [ERROR] [1785151682.412839338] [unity_endpoint]: Not registered to publish topic '/imu/data'! Valid publish topics are: dict_keys([]) 
[default_server_endpoint-1] [ERROR] [1785151682.413440281] [unity_endpoint]: Not registered to publish topic '/clock'! Valid publish topics are: dict_keys([]) 
[default_server_endpoint-1] [ERROR] [1785151682.414055893] [unity_endpoint]: Not registered to publish topic '/imu/data'! Valid publish topics are: dict_keys([]) 
[default_server_endpoint-1] [ERROR] [1785151682.414687062] [unity_endpoint]: Not registered to publish topic '/clock'! Valid publish topics are: dict_keys([]) 
[default_server_endpoint-1] [ERROR] [1785151682.415416366] [unity_endpoint]: Not registered to publish topic '/imu/data'! Valid publish topics are: dict_keys([]) 
[default_server_endpoint-1] [ERROR] [1785151682.416102255] [unity_endpoint]: Not registered to publish topic '/clock'! Valid publish topics are: dict_keys([]) 
[default_server_endpoint-1] [ERROR] [1785151682.416777096] [unity_endpoint]: Not registered to publish topic '/imu/data'! Valid publish topics are: dict_keys([]) 
[default_server_endpoint-1] [ERROR] [1785151682.421824606] [unity_endpoint]: Not registered to publish topic '/clock'! Valid publish topics are: dict_keys([]) 
[default_server_endpoint-1] [ERROR] [1785151682.423509834] [unity_endpoint]: Not registered to publish topic '/imu/data'! Valid publish topics are: dict_keys([]) 
[default_server_endpoint-1] [ERROR] [1785151682.424338219] [unity_endpoint]: Not registered to publish topic '/clock'! Valid publish topics are: dict_keys([]) 
[default_server_endpoint-1] [ERROR] [1785151682.425969184] [unity_endpoint]: Not registered to publish topic '/imu/data'! Valid publish topics are: dict_keys([]) 
[default_server_endpoint-1] [ERROR] [1785151682.427347195] [unity_endpoint]: Not registered to publish topic '/clock'! Valid publish topics are: dict_keys([]) 
[default_server_endpoint-1] [ERROR] [1785151682.428135653] [unity_endpoint]: Not registered to publish topic '/imu/data'! Valid publish topics are: dict_keys([]) 
[default_server_endpoint-1] [ERROR] [1785151682.428690525] [unity_endpoint]: Not registered to publish topic '/clock'! Valid publish topics are: dict_keys([]) 
[default_server_endpoint-1] [ERROR] [1785151682.429199644] [unity_endpoint]: Not registered to publish topic '/imu/data'! Valid publish topics are: dict_keys([]) 
[default_server_endpoint-1] [ERROR] [1785151682.429762147] [unity_endpoint]: Not registered to publish topic '/clock'! Valid publish topics are: dict_keys([]) 
[default_server_endpoint-1] [ERROR] [1785151682.431189497] [unity_endpoint]: Not registered to publish topic '/imu/data'! Valid publish topics are: dict_keys([]) 
[default_server_endpoint-1] [ERROR] [1785151682.432778170] [unity_endpoint]: Not registered to publish topic '/ground_truth_pose'! Valid publish topics are: dict_keys([]) 
[default_server_endpoint-1] [ERROR] [1785151682.433451748] [unity_endpoint]: Not registered to publish topic '/clock'! Valid publish topics are: dict_keys([]) 
[default_server_endpoint-1] [ERROR] [1785151682.434080439] [unity_endpoint]: Not registered to publish topic '/imu/data'! Valid publish topics are: dict_keys([]) 
[default_server_endpoint-1] [ERROR] [1785151682.435044262] [unity_endpoint]: Not registered to publish topic '/clock'! Valid publish topics are: dict_keys([]) 
[default_server_endpoint-1] [ERROR] [1785151682.435881885] [unity_endpoint]: Not registered to publish topic '/imu/data'! Valid publish topics are: dict_keys([]) 
[default_server_endpoint-1] [ERROR] [1785151682.437209859] [unity_endpoint]: Not registered to publish topic '/clock'! Valid publish topics are: dict_keys([]) 
[default_server_endpoint-1] [ERROR] [1785151682.439978605] [unity_endpoint]: Not registered to publish topic '/imu/data'! Valid publish topics are: dict_keys([]) 
[default_server_endpoint-1] [ERROR] [1785151682.440580845] [unity_endpoint]: Not registered to publish topic '/clock'! Valid publish topics are: dict_keys([]) 
[default_server_endpoint-1] [ERROR] [1785151682.441069569] [unity_endpoint]: Not registered to publish topic '/imu/data'! Valid publish topics are: dict_keys([]) 
[default_server_endpoint-1] [ERROR] [1785151682.442355544] [unity_endpoint]: Not registered to publish topic '/clock'! Valid publish topics are: dict_keys([]) 
[default_server_endpoint-1] [ERROR] [1785151682.442975680] [unity_endpoint]: Not registered to publish topic '/imu/data'! Valid publish topics are: dict_keys([]) 
[default_server_endpoint-1] [ERROR] [1785151682.444678893] [unity_endpoint]: Not registered to publish topic '/clock'! Valid publish topics are: dict_keys([]) 
[default_server_endpoint-1] [ERROR] [1785151682.450279265] [unity_endpoint]: Not registered to publish topic '/imu/data'! Valid publish topics are: dict_keys([]) 
[default_server_endpoint-1] [ERROR] [1785151682.452043628] [unity_endpoint]: Not registered to publish topic '/scan'! Valid publish topics are: dict_keys([]) 
[default_server_endpoint-1] [ERROR] [1785151682.453351485] [unity_endpoint]: Not registered to publish topic '/clock'! Valid publish topics are: dict_keys([]) 
[default_server_endpoint-1] [ERROR] [1785151682.454135495] [unity_endpoint]: Not registered to publish topic '/imu/data'! Valid publish topics are: dict_keys([]) 
[default_server_endpoint-1] [ERROR] [1785151682.454796515] [unity_endpoint]: Not registered to publish topic '/clock'! Valid publish topics are: dict_keys([]) 
[default_server_endpoint-1] [ERROR] [1785151682.455402310] [unity_endpoint]: Not registered to publish topic '/imu/data'! Valid publish topics are: dict_keys([]) 
[default_server_endpoint-1] [ERROR] [1785151682.456014957] [unity_endpoint]: Not registered to publish topic '/clock'! Valid publish topics are: dict_keys([]) 
[default_server_endpoint-1] [ERROR] [1785151682.457834143] [unity_endpoint]: Not registered to publish topic '/imu/data'! Valid publish topics are: dict_keys([]) 
[default_server_endpoint-1] [ERROR] [1785151682.459115433] [unity_endpoint]: Not registered to publish topic '/clock'! Valid publish topics are: dict_keys([]) 
[default_server_endpoint-1] [ERROR] [1785151682.460405528] [unity_endpoint]: Not registered to publish topic '/imu/data'! Valid publish topics are: dict_keys([]) 
[default_server_endpoint-1] [ERROR] [1785151682.466489225] [unity_endpoint]: Not registered to publish topic '/ground_truth_pose'! Valid publish topics are: dict_keys([]) 
[default_server_endpoint-1] [ERROR] [1785151682.467441128] [unity_endpoint]: Not registered to publish topic '/clock'! Valid publish topics are: dict_keys([]) 
[default_server_endpoint-1] [ERROR] [1785151682.468898709] [unity_endpoint]: Not registered to publish topic '/imu/data'! Valid publish topics are: dict_keys([]) 
[default_server_endpoint-1] [ERROR] [1785151682.469694165] [unity_endpoint]: Not registered to publish topic '/clock'! Valid publish topics are: dict_keys([]) 
[default_server_endpoint-1] [ERROR] [1785151682.470330565] [unity_endpoint]: Not registered to publish topic '/imu/data'! Valid publish topics are: dict_keys([]) 
[default_server_endpoint-1] [ERROR] [1785151682.470891369] [unity_endpoint]: Not registered to publish topic '/clock'! Valid publish topics are: dict_keys([]) 
[default_server_endpoint-1] [ERROR] [1785151682.471443148] [unity_endpoint]: Not registered to publish topic '/imu/data'! Valid publish topics are: dict_keys([]) 
[default_server_endpoint-1] [ERROR] [1785151682.471980480] [unity_endpoint]: Not registered to publish topic '/clock'! Valid publish topics are: dict_keys([]) 
[default_server_endpoint-1] [ERROR] [1785151682.472527721] [unity_endpoint]: Not registered to publish topic '/imu/data'! Valid publish topics are: dict_keys([]) 
[default_server_endpoint-1] [ERROR] [1785151682.473060265] [unity_endpoint]: Not registered to publish topic '/clock'! Valid publish topics are: dict_keys([]) 
[default_server_endpoint-1] [ERROR] [1785151682.473752075] [unity_endpoint]: Not registered to publish topic '/imu/data'! Valid publish topics are: dict_keys([]) 
[default_server_endpoint-1] [ERROR] [1785151682.474344164] [unity_endpoint]: Not registered to publish topic '/clock'! Valid publish topics are: dict_keys([]) 
[default_server_endpoint-1] [ERROR] [1785151682.474914835] [unity_endpoint]: Not registered to publish topic '/imu/data'! Valid publish topics are: dict_keys([]) 
[default_server_endpoint-1] [ERROR] [1785151682.485631260] [unity_endpoint]: Not registered to publish topic '/clock'! Valid publish topics are: dict_keys([]) 
[default_server_endpoint-1] [ERROR] [1785151682.486245873] [unity_endpoint]: Not registered to publish topic '/imu/data'! Valid publish topics are: dict_keys([]) 
[default_server_endpoint-1] [ERROR] [1785151682.486742661] [unity_endpoint]: Not registered to publish topic '/clock'! Valid publish topics are: dict_keys([]) 
[default_server_endpoint-1] [ERROR] [1785151682.487207443] [unity_endpoint]: Not registered to publish topic '/imu/data'! Valid publish topics are: dict_keys([]) 
[default_server_endpoint-1] [ERROR] [1785151682.487642135] [unity_endpoint]: Not registered to publish topic '/clock'! Valid publish topics are: dict_keys([]) 
[default_server_endpoint-1] [ERROR] [1785151682.488060249] [unity_endpoint]: Not registered to publish topic '/imu/data'! Valid publish topics are: dict_keys([]) 
[default_server_endpoint-1] [ERROR] [1785151682.488462334] [unity_endpoint]: Not registered to publish topic '/clock'! Valid publish topics are: dict_keys([]) 
[default_server_endpoint-1] [ERROR] [1785151682.488887908] [unity_endpoint]: Not registered to publish topic '/imu/data'! Valid publish topics are: dict_keys([]) 
[default_server_endpoint-1] [ERROR] [1785151682.489698500] [unity_endpoint]: Not registered to publish topic '/ground_truth_pose'! Valid publish topics are: dict_keys([]) 
[default_server_endpoint-1] [ERROR] [1785151682.490364770] [unity_endpoint]: Not registered to publish topic '/clock'! Valid publish topics are: dict_keys([]) 
[default_server_endpoint-1] [ERROR] [1785151682.490836753] [unity_endpoint]: Not registered to publish topic '/imu/data'! Valid publish topics are: dict_keys([]) 
[default_server_endpoint-1] [ERROR] [1785151682.491320643] [unity_endpoint]: Not registered to publish topic '/clock'! Valid publish topics are: dict_keys([]) 
[default_server_endpoint-1] [ERROR] [1785151682.491755317] [unity_endpoint]: Not registered to publish topic '/imu/data'! Valid publish topics are: dict_keys([]) 
[default_server_endpoint-1] [ERROR] [1785151682.492159951] [unity_endpoint]: Not registered to publish topic '/clock'! Valid publish topics are: dict_keys([]) 
[default_server_endpoint-1] [ERROR] [1785151682.492577785] [unity_endpoint]: Not registered to publish topic '/imu/data'! Valid publish topics are: dict_keys([]) 
[default_server_endpoint-1] [ERROR] [1785151682.493008653] [unity_endpoint]: Not registered to publish topic '/clock'! Valid publish topics are: dict_keys([]) 
[default_server_endpoint-1] [ERROR] [1785151682.493564177] [unity_endpoint]: Not registered to publish topic '/imu/data'! Valid publish topics are: dict_keys([]) 
[default_server_endpoint-1] [ERROR] [1785151682.494024239] [unity_endpoint]: Not registered to publish topic '/clock'! Valid publish topics are: dict_keys([]) 
[default_server_endpoint-1] [ERROR] [1785151682.494541211] [unity_endpoint]: Not registered to publish topic '/imu/data'! Valid publish topics are: dict_keys([]) 
[default_server_endpoint-1] [ERROR] [1785151682.506114148] [unity_endpoint]: Not registered to publish topic '/clock'! Valid publish topics are: dict_keys([]) 
[default_server_endpoint-1] [ERROR] [1785151682.507025311] [unity_endpoint]: Not registered to publish topic '/imu/data'! Valid publish topics are: dict_keys([]) 
[default_server_endpoint-1] [ERROR] [1785151682.507585380] [unity_endpoint]: Not registered to publish topic '/clock'! Valid publish topics are: dict_keys([]) 
[default_server_endpoint-1] [ERROR] [1785151682.508168549] [unity_endpoint]: Not registered to publish topic '/imu/data'! Valid publish topics are: dict_keys([]) 
[default_server_endpoint-1] [ERROR] [1785151682.508759859] [unity_endpoint]: Not registered to publish topic '/clock'! Valid publish topics are: dict_keys([]) 
[default_server_endpoint-1] [ERROR] [1785151682.509324904] [unity_endpoint]: Not registered to publish topic '/imu/data'! Valid publish topics are: dict_keys([]) 
[default_server_endpoint-1] [ERROR] [1785151682.509886206] [unity_endpoint]: Not registered to publish topic '/clock'! Valid publish topics are: dict_keys([]) 
[default_server_endpoint-1] [ERROR] [1785151682.510461018] [unity_endpoint]: Not registered to publish topic '/imu/data'! Valid publish topics are: dict_keys([]) 
[default_server_endpoint-1] [ERROR] [1785151682.511119375] [unity_endpoint]: Not registered to publish topic '/clock'! Valid publish topics are: dict_keys([]) 
[default_server_endpoint-1] [ERROR] [1785151682.511716479] [unity_endpoint]: Not registered to publish topic '/imu/data'! Valid publish topics are: dict_keys([]) 
[default_server_endpoint-1] [ERROR] [1785151682.512371276] [unity_endpoint]: Not registered to publish topic '/ground_truth_pose'! Valid publish topics are: dict_keys([]) 
[default_server_endpoint-1] [ERROR] [1785151682.512917705] [unity_endpoint]: Not registered to publish topic '/clock'! Valid publish topics are: dict_keys([]) 
[default_server_endpoint-1] [ERROR] [1785151682.513546458] [unity_endpoint]: Not registered to publish topic '/imu/data'! Valid publish topics are: dict_keys([]) 
[default_server_endpoint-1] [ERROR] [1785151682.514315617] [unity_endpoint]: Not registered to publish topic '/scan'! Valid publish topics are: dict_keys([]) 
[default_server_endpoint-1] [ERROR] [1785151682.515079226] [unity_endpoint]: Not registered to publish topic '/clock'! Valid publish topics are: dict_keys([]) 
[default_server_endpoint-1] [ERROR] [1785151682.543196410] [unity_endpoint]: Not registered to publish topic '/imu/data'! Valid publish topics are: dict_keys([]) 
[default_server_endpoint-1] [ERROR] [1785151682.543988381] [unity_endpoint]: Not registered to publish topic '/clock'! Valid publish topics are: dict_keys([]) 
[default_server_endpoint-1] [ERROR] [1785151682.544586318] [unity_endpoint]: Not registered to publish topic '/imu/data'! Valid publish topics are: dict_keys([]) 
[default_server_endpoint-1] [ERROR] [1785151682.545147109] [unity_endpoint]: Not registered to publish topic '/clock'! Valid publish topics are: dict_keys([]) 
[default_server_endpoint-1] [ERROR] [1785151682.545733000] [unity_endpoint]: Not registered to publish topic '/imu/data'! Valid publish topics are: dict_keys([]) 
[default_server_endpoint-1] [ERROR] [1785151682.546273476] [unity_endpoint]: Not registered to publish topic '/clock'! Valid publish topics are: dict_keys([]) 
[default_server_endpoint-1] [ERROR] [1785151682.546899387] [unity_endpoint]: Not registered to publish topic '/imu/data'! Valid publish topics are: dict_keys([]) 
[default_server_endpoint-1] [ERROR] [1785151682.547556125] [unity_endpoint]: Not registered to publish topic '/clock'! Valid publish topics are: dict_keys([]) 
[default_server_endpoint-1] [ERROR] [1785151682.548183620] [unity_endpoint]: Not registered to publish topic '/imu/data'! Valid publish topics are: dict_keys([]) 
[default_server_endpoint-1] [ERROR] [1785151682.548738825] [unity_endpoint]: Not registered to publish topic '/clock'! Valid publish topics are: dict_keys([]) 
[default_server_endpoint-1] [ERROR] [1785151682.549304393] [unity_endpoint]: Not registered to publish topic '/imu/data'! Valid publish topics are: dict_keys([]) 
[default_server_endpoint-1] [ERROR] [1785151682.549856761] [unity_endpoint]: Not registered to publish topic '/clock'! Valid publish topics are: dict_keys([]) 
[default_server_endpoint-1] [ERROR] [1785151682.550535526] [unity_endpoint]: Not registered to publish topic '/imu/data'! Valid publish topics are: dict_keys([]) 
[default_server_endpoint-1] [ERROR] [1785151682.551151416] [unity_endpoint]: Not registered to publish topic '/clock'! Valid publish topics are: dict_keys([]) 
[default_server_endpoint-1] [ERROR] [1785151682.551725582] [unity_endpoint]: Not registered to publish topic '/imu/data'! Valid publish topics are: dict_keys([]) 
[default_server_endpoint-1] [ERROR] [1785151682.552395848] [unity_endpoint]: Not registered to publish topic '/clock'! Valid publish topics are: dict_keys([]) 
[default_server_endpoint-1] [ERROR] [1785151682.553540991] [unity_endpoint]: Not registered to publish topic '/imu/data'! Valid publish topics are: dict_keys([]) 
[default_server_endpoint-1] [ERROR] [1785151682.565146996] [unity_endpoint]: Not registered to publish topic '/ground_truth_pose'! Valid publish topics are: dict_keys([]) 
[default_server_endpoint-1] [ERROR] [1785151682.566512778] [unity_endpoint]: Not registered to publish topic '/clock'! Valid publish topics are: dict_keys([]) 
[default_server_endpoint-1] [ERROR] [1785151682.567293922] [unity_endpoint]: Not registered to publish topic '/imu/data'! Valid publish topics are: dict_keys([]) 
[default_server_endpoint-1] [ERROR] [1785151682.567939357] [unity_endpoint]: Not registered to publish topic '/clock'! Valid publish topics are: dict_keys([]) 
[default_server_endpoint-1] [ERROR] [1785151682.568582104] [unity_endpoint]: Not registered to publish topic '/imu/data'! Valid publish topics are: dict_keys([]) 
[default_server_endpoint-1] [ERROR] [1785151682.569767691] [unity_endpoint]: Not registered to publish topic '/clock'! Valid publish topics are: dict_keys([]) 
[default_server_endpoint-1] [ERROR] [1785151682.570639501] [unity_endpoint]: Not registered to publish topic '/imu/data'! Valid publish topics are: dict_keys([]) 
[default_server_endpoint-1] [ERROR] [1785151682.571307676] [unity_endpoint]: Not registered to publish topic '/clock'! Valid publish topics are: dict_keys([]) 
[default_server_endpoint-1] [ERROR] [1785151682.572287782] [unity_endpoint]: Not registered to publish topic '/imu/data'! Valid publish topics are: dict_keys([]) 
[default_server_endpoint-1] [ERROR] [1785151682.572892713] [unity_endpoint]: Not registered to publish topic '/clock'! Valid publish topics are: dict_keys([]) 
[default_server_endpoint-1] [ERROR] [1785151682.573553873] [unity_endpoint]: Not registered to publish topic '/imu/data'! Valid publish topics are: dict_keys([]) 
[default_server_endpoint-1] [ERROR] [1785151682.574217655] [unity_endpoint]: Not registered to publish topic '/clock'! Valid publish topics are: dict_keys([]) 
[default_server_endpoint-1] [ERROR] [1785151682.574813720] [unity_endpoint]: Not registered to publish topic '/imu/data'! Valid publish topics are: dict_keys([]) 
[default_server_endpoint-1] [ERROR] [1785151682.575397683] [unity_endpoint]: Not registered to publish topic '/clock'! Valid publish topics are: dict_keys([]) 
[default_server_endpoint-1] [ERROR] [1785151682.575989973] [unity_endpoint]: Not registered to publish topic '/imu/data'! Valid publish topics are: dict_keys([]) 
[default_server_endpoint-1] [ERROR] [1785151682.576674691] [unity_endpoint]: Not registered to publish topic '/clock'! Valid publish topics are: dict_keys([]) 
[default_server_endpoint-1] [ERROR] [1785151682.577382523] [unity_endpoint]: Not registered to publish topic '/imu/data'! Valid publish topics are: dict_keys([]) 
[default_server_endpoint-1] [ERROR] [1785151682.578773850] [unity_endpoint]: Not registered to publish topic '/clock'! Valid publish topics are: dict_keys([]) 
[default_server_endpoint-1] [ERROR] [1785151682.581986126] [unity_endpoint]: Not registered to publish topic '/imu/data'! Valid publish topics are: dict_keys([]) 
[default_server_endpoint-1] [ERROR] [1785151682.585702011] [unity_endpoint]: Not registered to publish topic '/clock'! Valid publish topics are: dict_keys([]) 
[default_server_endpoint-1] [ERROR] [1785151682.586961303] [unity_endpoint]: Not registered to publish topic '/imu/data'! Valid publish topics are: dict_keys([]) 
[default_server_endpoint-1] [ERROR] [1785151682.587627892] [unity_endpoint]: Not registered to publish topic '/ground_truth_pose'! Valid publish topics are: dict_keys([]) 
[default_server_endpoint-1] [ERROR] [1785151682.588402255] [unity_endpoint]: Not registered to publish topic '/clock'! Valid publish topics are: dict_keys([]) 
[default_server_endpoint-1] [ERROR] [1785151682.588974314] [unity_endpoint]: Not registered to publish topic '/imu/data'! Valid publish topics are: dict_keys([]) 
[default_server_endpoint-1] [ERROR] [1785151682.589768734] [unity_endpoint]: Not registered to publish topic '/clock'! Valid publish topics are: dict_keys([]) 
[default_server_endpoint-1] [ERROR] [1785151682.590497141] [unity_endpoint]: Not registered to publish topic '/imu/data'! Valid publish topics are: dict_keys([]) 
[default_server_endpoint-1] [ERROR] [1785151682.591378608] [unity_endpoint]: Not registered to publish topic '/clock'! Valid publish topics are: dict_keys([]) 
[default_server_endpoint-1] [ERROR] [1785151682.592075955] [unity_endpoint]: Not registered to publish topic '/imu/data'! Valid publish topics are: dict_keys([]) 
[default_server_endpoint-1] [ERROR] [1785151682.592922763] [unity_endpoint]: Not registered to publish topic '/clock'! Valid publish topics are: dict_keys([]) 
[default_server_endpoint-1] [ERROR] [1785151682.594130948] [unity_endpoint]: Not registered to publish topic '/imu/data'! Valid publish topics are: dict_keys([]) 
[default_server_endpoint-1] [ERROR] [1785151682.600142333] [unity_endpoint]: Not registered to publish topic '/clock'! Valid publish topics are: dict_keys([]) 
[default_server_endpoint-1] [ERROR] [1785151682.601881865] [unity_endpoint]: Not registered to publish topic '/imu/data'! Valid publish topics are: dict_keys([]) 
[default_server_endpoint-1] [ERROR] [1785151682.602687637] [unity_endpoint]: Not registered to publish topic '/clock'! Valid publish topics are: dict_keys([]) 
[default_server_endpoint-1] [ERROR] [1785151682.603282527] [unity_endpoint]: Not registered to publish topic '/imu/data'! Valid publish topics are: dict_keys([]) 
[default_server_endpoint-1] [ERROR] [1785151682.603920174] [unity_endpoint]: Not registered to publish topic '/scan'! Valid publish topics are: dict_keys([]) 
[default_server_endpoint-1] [ERROR] [1785151682.604516306] [unity_endpoint]: Not registered to publish topic '/clock'! Valid publish topics are: dict_keys([]) 
[default_server_endpoint-1] [ERROR] [1785151682.605088667] [unity_endpoint]: Not registered to publish topic '/imu/data'! Valid publish topics are: dict_keys([]) 
[default_server_endpoint-1] [ERROR] [1785151682.605726458] [unity_endpoint]: Not registered to publish topic '/clock'! Valid publish topics are: dict_keys([]) 
[default_server_endpoint-1] [ERROR] [1785151682.606319560] [unity_endpoint]: Not registered to publish topic '/imu/data'! Valid publish topics are: dict_keys([]) 
[default_server_endpoint-1] [ERROR] [1785151682.606903406] [unity_endpoint]: Not registered to publish topic '/clock'! Valid publish topics are: dict_keys([]) 
[default_server_endpoint-1] [ERROR] [1785151682.607650832] [unity_endpoint]: Not registered to publish topic '/imu/data'! Valid publish topics are: dict_keys([]) 
[default_server_endpoint-1] [ERROR] [1785151682.608304727] [unity_endpoint]: Not registered to publish topic '/clock'! Valid publish topics are: dict_keys([]) 
[default_server_endpoint-1] [ERROR] [1785151682.609088194] [unity_endpoint]: Not registered to publish topic '/imu/data'! Valid publish topics are: dict_keys([]) 
[default_server_endpoint-1] [ERROR] [1785151682.609753882] [unity_endpoint]: Not registered to publish topic '/ground_truth_pose'! Valid publish topics are: dict_keys([]) 
[default_server_endpoint-1] [ERROR] [1785151682.610552971] [unity_endpoint]: Not registered to publish topic '/clock'! Valid publish topics are: dict_keys([]) 
[default_server_endpoint-1] [ERROR] [1785151682.616290567] [unity_endpoint]: Not registered to publish topic '/imu/data'! Valid publish topics are: dict_keys([]) 
[default_server_endpoint-1] [ERROR] [1785151682.618323267] [unity_endpoint]: Not registered to publish topic '/clock'! Valid publish topics are: dict_keys([]) 
[default_server_endpoint-1] [ERROR] [1785151682.619125147] [unity_endpoint]: Not registered to publish topic '/imu/data'! Valid publish topics are: dict_keys([]) 
[default_server_endpoint-1] [ERROR] [1785151682.619883539] [unity_endpoint]: Not registered to publish topic '/clock'! Valid publish topics are: dict_keys([]) 
[default_server_endpoint-1] [ERROR] [1785151682.620576024] [unity_endpoint]: Not registered to publish topic '/imu/data'! Valid publish topics are: dict_keys([]) 
[default_server_endpoint-1] [ERROR] [1785151682.621244120] [unity_endpoint]: Not registered to publish topic '/clock'! Valid publish topics are: dict_keys([]) 
[default_server_endpoint-1] [ERROR] [1785151682.621897891] [unity_endpoint]: Not registered to publish topic '/imu/data'! Valid publish topics are: dict_keys([]) 
[default_server_endpoint-1] [ERROR] [1785151682.622505544] [unity_endpoint]: Not registered to publish topic '/clock'! Valid publish topics are: dict_keys([]) 
[default_server_endpoint-1] [ERROR] [1785151682.623185186] [unity_endpoint]: Not registered to publish topic '/imu/data'! Valid publish topics are: dict_keys([]) 
[default_server_endpoint-1] [ERROR] [1785151682.623816165] [unity_endpoint]: Not registered to publish topic '/clock'! Valid publish topics are: dict_keys([]) 
[default_server_endpoint-1] [ERROR] [1785151682.624388926] [unity_endpoint]: Not registered to publish topic '/imu/data'! Valid publish topics are: dict_keys([]) 
[default_server_endpoint-1] [ERROR] [1785151682.624971819] [unity_endpoint]: Not registered to publish topic '/clock'! Valid publish topics are: dict_keys([]) 
[default_server_endpoint-1] [ERROR] [1785151682.625608327] [unity_endpoint]: Not registered to publish topic '/imu/data'! Valid publish topics are: dict_keys([]) 
[default_server_endpoint-1] [ERROR] [1785151682.626186303] [unity_endpoint]: Not registered to publish topic '/clock'! Valid publish topics are: dict_keys([]) 
[default_server_endpoint-1] [ERROR] [1785151682.626724315] [unity_endpoint]: Not registered to publish topic '/imu/data'! Valid publish topics are: dict_keys([]) 
[default_server_endpoint-1] [ERROR] [1785151682.627305963] [unity_endpoint]: Not registered to publish topic '/clock'! Valid publish topics are: dict_keys([]) 
[default_server_endpoint-1] [ERROR] [1785151682.627890102] [unity_endpoint]: Not registered to publish topic '/imu/data'! Valid publish topics are: dict_keys([]) 
[default_server_endpoint-1] [ERROR] [1785151682.634175941] [unity_endpoint]: Not registered to publish topic '/clock'! Valid publish topics are: dict_keys([]) 
[default_server_endpoint-1] [ERROR] [1785151682.637761187] [unity_endpoint]: Not registered to publish topic '/imu/data'! Valid publish topics are: dict_keys([]) 
[default_server_endpoint-1] [ERROR] [1785151682.638610165] [unity_endpoint]: Not registered to publish topic '/ground_truth_pose'! Valid publish topics are: dict_keys([]) 
[default_server_endpoint-1] [ERROR] [1785151682.640116562] [unity_endpoint]: Not registered to publish topic '/clock'! Valid publish topics are: dict_keys([]) 
[default_server_endpoint-1] [ERROR] [1785151682.641008636] [unity_endpoint]: Not registered to publish topic '/imu/data'! Valid publish topics are: dict_keys([]) 
[default_server_endpoint-1] [ERROR] [1785151682.641765154] [unity_endpoint]: Not registered to publish topic '/clock'! Valid publish topics are: dict_keys([]) 
[default_server_endpoint-1] [ERROR] [1785151682.642218612] [unity_endpoint]: Not registered to publish topic '/imu/data'! Valid publish topics are: dict_keys([]) 
[default_server_endpoint-1] [ERROR] [1785151682.642656830] [unity_endpoint]: Not registered to publish topic '/clock'! Valid publish topics are: dict_keys([]) 
[default_server_endpoint-1] [ERROR] [1785151682.643046975] [unity_endpoint]: Not registered to publish topic '/imu/data'! Valid publish topics are: dict_keys([]) 
[default_server_endpoint-1] [ERROR] [1785151682.643466092] [unity_endpoint]: Not registered to publish topic '/clock'! Valid publish topics are: dict_keys([]) 
[default_server_endpoint-1] [ERROR] [1785151682.643905701] [unity_endpoint]: Not registered to publish topic '/imu/data'! Valid publish topics are: dict_keys([]) 
[default_server_endpoint-1] [ERROR] [1785151682.644298009] [unity_endpoint]: Not registered to publish topic '/clock'! Valid publish topics are: dict_keys([]) 
[default_server_endpoint-1] [ERROR] [1785151682.644747653] [unity_endpoint]: Not registered to publish topic '/imu/data'! Valid publish topics are: dict_keys([]) 
[default_server_endpoint-1] [ERROR] [1785151682.646827269] [unity_endpoint]: Not registered to publish topic '/clock'! Valid publish topics are: dict_keys([]) 
[default_server_endpoint-1] [ERROR] [1785151682.647559239] [unity_endpoint]: Not registered to publish topic '/imu/data'! Valid publish topics are: dict_keys([]) 
[default_server_endpoint-1] [ERROR] [1785151682.651932807] [unity_endpoint]: Not registered to publish topic '/clock'! Valid publish topics are: dict_keys([]) 
[default_server_endpoint-1] [ERROR] [1785151682.655458003] [unity_endpoint]: Not registered to publish topic '/imu/data'! Valid publish topics are: dict_keys([]) 
[default_server_endpoint-1] [ERROR] [1785151682.656133526] [unity_endpoint]: Not registered to publish topic '/clock'! Valid publish topics are: dict_keys([]) 
[default_server_endpoint-1] [ERROR] [1785151682.661215851] [unity_endpoint]: Not registered to publish topic '/imu/data'! Valid publish topics are: dict_keys([]) 
[default_server_endpoint-1] [ERROR] [1785151682.669112460] [unity_endpoint]: Not registered to publish topic '/clock'! Valid publish topics are: dict_keys([]) 
[default_server_endpoint-1] [ERROR] [1785151682.670513680] [unity_endpoint]: Not registered to publish topic '/imu/data'! Valid publish topics are: dict_keys([]) 
[default_server_endpoint-1] [ERROR] [1785151682.671356134] [unity_endpoint]: Not registered to publish topic '/clock'! Valid publish topics are: dict_keys([]) 
[default_server_endpoint-1] [ERROR] [1785151682.672064514] [unity_endpoint]: Not registered to publish topic '/imu/data'! Valid publish topics are: dict_keys([]) 
[default_server_endpoint-1] [ERROR] [1785151682.672553077] [unity_endpoint]: Not registered to publish topic '/ground_truth_pose'! Valid publish topics are: dict_keys([]) 
[default_server_endpoint-1] [ERROR] [1785151682.673588885] [unity_endpoint]: Not registered to publish topic '/clock'! Valid publish topics are: dict_keys([]) 
[default_server_endpoint-1] [ERROR] [1785151682.674231548] [unity_endpoint]: Not registered to publish topic '/imu/data'! Valid publish topics are: dict_keys([]) 
[default_server_endpoint-1] [ERROR] [1785151682.674922156] [unity_endpoint]: Not registered to publish topic '/scan'! Valid publish topics are: dict_keys([]) 
[default_server_endpoint-1] [ERROR] [1785151682.675492296] [unity_endpoint]: Not registered to publish topic '/clock'! Valid publish topics are: dict_keys([]) 
[default_server_endpoint-1] [ERROR] [1785151682.676163706] [unity_endpoint]: Not registered to publish topic '/imu/data'! Valid publish topics are: dict_keys([]) 
[default_server_endpoint-1] [ERROR] [1785151682.676786481] [unity_endpoint]: Not registered to publish topic '/clock'! Valid publish topics are: dict_keys([]) 
[default_server_endpoint-1] [ERROR] [1785151682.677307097] [unity_endpoint]: Not registered to publish topic '/imu/data'! Valid publish topics are: dict_keys([]) 
[default_server_endpoint-1] [ERROR] [1785151682.687623425] [unity_endpoint]: Not registered to publish topic '/clock'! Valid publish topics are: dict_keys([]) 
[default_server_endpoint-1] [ERROR] [1785151682.688437069] [unity_endpoint]: Not registered to publish topic '/imu/data'! Valid publish topics are: dict_keys([]) 
[default_server_endpoint-1] [ERROR] [1785151682.689075411] [unity_endpoint]: Not registered to publish topic '/clock'! Valid publish topics are: dict_keys([]) 
[default_server_endpoint-1] [ERROR] [1785151682.689708852] [unity_endpoint]: Not registered to publish topic '/imu/data'! Valid publish topics are: dict_keys([]) 
[default_server_endpoint-1] [ERROR] [1785151682.690342423] [unity_endpoint]: Not registered to publish topic '/ground_truth_pose'! Valid publish topics are: dict_keys([]) 
[default_server_endpoint-1] [ERROR] [1785151682.690902461] [unity_endpoint]: Not registered to publish topic '/clock'! Valid publish topics are: dict_keys([]) 
[default_server_endpoint-1] [ERROR] [1785151682.691478460] [unity_endpoint]: Not registered to publish topic '/imu/data'! Valid publish topics are: dict_keys([]) 
[default_server_endpoint-1] [ERROR] [1785151682.692047849] [unity_endpoint]: Not registered to publish topic '/scan'! Valid publish topics are: dict_keys([]) 
[default_server_endpoint-1] [ERROR] [1785151682.692628539] [unity_endpoint]: Not registered to publish topic '/clock'! Valid publish topics are: dict_keys([]) 
[default_server_endpoint-1] [ERROR] [1785151682.693350306] [unity_endpoint]: Not registered to publish topic '/imu/data'! Valid publish topics are: dict_keys([]) 
[default_server_endpoint-1] [ERROR] [1785151682.693948382] [unity_endpoint]: Not registered to publish topic '/clock'! Valid publish topics are: dict_keys([]) 
[default_server_endpoint-1] [ERROR] [1785151682.694343451] [unity_endpoint]: Not registered to publish topic '/imu/data'! Valid publish topics are: dict_keys([]) 
[default_server_endpoint-1] [ERROR] [1785151682.695110316] [unity_endpoint]: Not registered to publish topic '/clock'! Valid publish topics are: dict_keys([]) 
[default_server_endpoint-1] [ERROR] [1785151682.695760036] [unity_endpoint]: Not registered to publish topic '/imu/data'! Valid publish topics are: dict_keys([]) 
[default_server_endpoint-1] [ERROR] [1785151682.696365226] [unity_endpoint]: Not registered to publish topic '/clock'! Valid publish topics are: dict_keys([]) 
[default_server_endpoint-1] [ERROR] [1785151682.696994422] [unity_endpoint]: Not registered to publish topic '/imu/data'! Valid publish topics are: dict_keys([]) 
[default_server_endpoint-1] [ERROR] [1785151682.697811204] [unity_endpoint]: Not registered to publish topic '/clock'! Valid publish topics are: dict_keys([]) 
[default_server_endpoint-1] [ERROR] [1785151682.698517992] [unity_endpoint]: Not registered to publish topic '/imu/data'! Valid publish topics are: dict_keys([]) 
[default_server_endpoint-1] [ERROR] [1785151682.699234425] [unity_endpoint]: Not registered to publish topic '/clock'! Valid publish topics are: dict_keys([]) 
[default_server_endpoint-1] [ERROR] [1785151682.699836493] [unity_endpoint]: Not registered to publish topic '/imu/data'! Valid publish topics are: dict_keys([]) 
[default_server_endpoint-1] [ERROR] [1785151682.706049851] [unity_endpoint]: Not registered to publish topic '/clock'! Valid publish topics are: dict_keys([]) 
[default_server_endpoint-1] [ERROR] [1785151682.706666536] [unity_endpoint]: Not registered to publish topic '/imu/data'! Valid publish topics are: dict_keys([]) 
[default_server_endpoint-1] [ERROR] [1785151682.707054320] [unity_endpoint]: Not registered to publish topic '/clock'! Valid publish topics are: dict_keys([]) 
[default_server_endpoint-1] [ERROR] [1785151682.707430453] [unity_endpoint]: Not registered to publish topic '/imu/data'! Valid publish topics are: dict_keys([]) 
[default_server_endpoint-1] [ERROR] [1785151682.707864775] [unity_endpoint]: Not registered to publish topic '/clock'! Valid publish topics are: dict_keys([]) 
[default_server_endpoint-1] [ERROR] [1785151682.708276080] [unity_endpoint]: Not registered to publish topic '/imu/data'! Valid publish topics are: dict_keys([]) 
[default_server_endpoint-1] [ERROR] [1785151682.708677557] [unity_endpoint]: Not registered to publish topic '/ground_truth_pose'! Valid publish topics are: dict_keys([]) 
[default_server_endpoint-1] [ERROR] [1785151682.709031546] [unity_endpoint]: Not registered to publish topic '/clock'! Valid publish topics are: dict_keys([]) 
[default_server_endpoint-1] [ERROR] [1785151682.709382735] [unity_endpoint]: Not registered to publish topic '/imu/data'! Valid publish topics are: dict_keys([]) 
[default_server_endpoint-1] [ERROR] [1785151682.709815574] [unity_endpoint]: Not registered to publish topic '/clock'! Valid publish topics are: dict_keys([]) 
[default_server_endpoint-1] [ERROR] [1785151682.710200346] [unity_endpoint]: Not registered to publish topic '/imu/data'! Valid publish topics are: dict_keys([]) 
[default_server_endpoint-1] [ERROR] [1785151682.710658852] [unity_endpoint]: Not registered to publish topic '/clock'! Valid publish topics are: dict_keys([]) 
[default_server_endpoint-1] [ERROR] [1785151682.711082889] [unity_endpoint]: Not registered to publish topic '/imu/data'! Valid publish topics are: dict_keys([]) 
[default_server_endpoint-1] [ERROR] [1785151682.711419129] [unity_endpoint]: Not registered to publish topic '/clock'! Valid publish topics are: dict_keys([]) 
[default_server_endpoint-1] [ERROR] [1785151682.712250716] [unity_endpoint]: Not registered to publish topic '/imu/data'! Valid publish topics are: dict_keys([]) 
[default_server_endpoint-1] [ERROR] [1785151682.712848543] [unity_endpoint]: Not registered to publish topic '/clock'! Valid publish topics are: dict_keys([]) 
[default_server_endpoint-1] [ERROR] [1785151682.738239297] [unity_endpoint]: Not registered to publish topic '/imu/data'! Valid publish topics are: dict_keys([]) 
[default_server_endpoint-1] [ERROR] [1785151682.739316989] [unity_endpoint]: Not registered to publish topic '/clock'! Valid publish topics are: dict_keys([]) 
[default_server_endpoint-1] [ERROR] [1785151682.740044407] [unity_endpoint]: Not registered to publish topic '/imu/data'! Valid publish topics are: dict_keys([]) 
[default_server_endpoint-1] [ERROR] [1785151682.740785728] [unity_endpoint]: Not registered to publish topic '/clock'! Valid publish topics are: dict_keys([]) 
[default_server_endpoint-1] [ERROR] [1785151682.741472356] [unity_endpoint]: Not registered to publish topic '/imu/data'! Valid publish topics are: dict_keys([]) 
[default_server_endpoint-1] [ERROR] [1785151682.742062175] [unity_endpoint]: Not registered to publish topic '/clock'! Valid publish topics are: dict_keys([]) 
[default_server_endpoint-1] [ERROR] [1785151682.742596943] [unity_endpoint]: Not registered to publish topic '/imu/data'! Valid publish topics are: dict_keys([]) 
[default_server_endpoint-1] [ERROR] [1785151682.743165459] [unity_endpoint]: Not registered to publish topic '/clock'! Valid publish topics are: dict_keys([]) 
[default_server_endpoint-1] [ERROR] [1785151682.743647741] [unity_endpoint]: Not registered to publish topic '/imu/data'! Valid publish topics are: dict_keys([]) 
[default_server_endpoint-1] [ERROR] [1785151682.744225088] [unity_endpoint]: Not registered to publish topic '/clock'! Valid publish topics are: dict_keys([]) 
[default_server_endpoint-1] [ERROR] [1785151682.744760914] [unity_endpoint]: Not registered to publish topic '/imu/data'! Valid publish topics are: dict_keys([]) 
[default_server_endpoint-1] [ERROR] [1785151682.745364753] [unity_endpoint]: Not registered to publish topic '/ground_truth_pose'! Valid publish topics are: dict_keys([]) 
[default_server_endpoint-1] [ERROR] [1785151682.745877239] [unity_endpoint]: Not registered to publish topic '/clock'! Valid publish topics are: dict_keys([]) 
[default_server_endpoint-1] [ERROR] [1785151682.746384123] [unity_endpoint]: Not registered to publish topic '/imu/data'! Valid publish topics are: dict_keys([]) 
[default_server_endpoint-1] [ERROR] [1785151682.747223390] [unity_endpoint]: Not registered to publish topic '/clock'! Valid publish topics are: dict_keys([]) 
[default_server_endpoint-1] [ERROR] [1785151682.747891327] [unity_endpoint]: Not registered to publish topic '/imu/data'! Valid publish topics are: dict_keys([]) 
[default_server_endpoint-1] [ERROR] [1785151682.748461018] [unity_endpoint]: Not registered to publish topic '/clock'! Valid publish topics are: dict_keys([]) 
[default_server_endpoint-1] [ERROR] [1785151682.756210374] [unity_endpoint]: Not registered to publish topic '/imu/data'! Valid publish topics are: dict_keys([]) 
[default_server_endpoint-1] [ERROR] [1785151682.759592057] [unity_endpoint]: Not registered to publish topic '/clock'! Valid publish topics are: dict_keys([]) 
[default_server_endpoint-1] [ERROR] [1785151682.760720915] [unity_endpoint]: Not registered to publish topic '/imu/data'! Valid publish topics are: dict_keys([]) 
[default_server_endpoint-1] [ERROR] [1785151682.761292532] [unity_endpoint]: Not registered to publish topic '/clock'! Valid publish topics are: dict_keys([]) 
[default_server_endpoint-1] [ERROR] [1785151682.761809540] [unity_endpoint]: Not registered to publish topic '/imu/data'! Valid publish topics are: dict_keys([]) 
[default_server_endpoint-1] [ERROR] [1785151682.762574987] [unity_endpoint]: Not registered to publish topic '/clock'! Valid publish topics are: dict_keys([]) 
[default_server_endpoint-1] [ERROR] [1785151682.763226706] [unity_endpoint]: Not registered to publish topic '/imu/data'! Valid publish topics are: dict_keys([]) 
[default_server_endpoint-1] [ERROR] [1785151682.763839702] [unity_endpoint]: Not registered to publish topic '/scan'! Valid publish topics are: dict_keys([]) 
[default_server_endpoint-1] [ERROR] [1785151682.764612590] [unity_endpoint]: Not registered to publish topic '/clock'! Valid publish topics are: dict_keys([]) 
[default_server_endpoint-1] [ERROR] [1785151682.765178019] [unity_endpoint]: Not registered to publish topic '/imu/data'! Valid publish topics are: dict_keys([]) 
[default_server_endpoint-1] [ERROR] [1785151682.765739281] [unity_endpoint]: Not registered to publish topic '/clock'! Valid publish topics are: dict_keys([]) 
[default_server_endpoint-1] [ERROR] [1785151682.766155710] [unity_endpoint]: Not registered to publish topic '/imu/data'! Valid publish topics are: dict_keys([]) 
[default_server_endpoint-1] [ERROR] [1785151682.766561391] [unity_endpoint]: Not registered to publish topic '/clock'! Valid publish topics are: dict_keys([]) 
[default_server_endpoint-1] [ERROR] [1785151682.776970825] [unity_endpoint]: Not registered to publish topic '/imu/data'! Valid publish topics are: dict_keys([]) 
[default_server_endpoint-1] [ERROR] [1785151682.777859660] [unity_endpoint]: Not registered to publish topic '/clock'! Valid publish topics are: dict_keys([]) 
[default_server_endpoint-1] [ERROR] [1785151682.778487493] [unity_endpoint]: Not registered to publish topic '/imu/data'! Valid publish topics are: dict_keys([]) 
[default_server_endpoint-1] [ERROR] [1785151682.779160851] [unity_endpoint]: Not registered to publish topic '/ground_truth_pose'! Valid publish topics are: dict_keys([]) 
[default_server_endpoint-1] [ERROR] [1785151682.779678921] [unity_endpoint]: Not registered to publish topic '/clock'! Valid publish topics are: dict_keys([]) 
[default_server_endpoint-1] [ERROR] [1785151682.780286888] [unity_endpoint]: Not registered to publish topic '/imu/data'! Valid publish topics are: dict_keys([]) 
[default_server_endpoint-1] [ERROR] [1785151682.780798596] [unity_endpoint]: Not registered to publish topic '/clock'! Valid publish topics are: dict_keys([]) 
[default_server_endpoint-1] [ERROR] [1785151682.781555324] [unity_endpoint]: Not registered to publish topic '/imu/data'! Valid publish topics are: dict_keys([]) 
[default_server_endpoint-1] [ERROR] [1785151682.782091844] [unity_endpoint]: Not registered to publish topic '/clock'! Valid publish topics are: dict_keys([]) 
[default_server_endpoint-1] [ERROR] [1785151682.782572413] [unity_endpoint]: Not registered to publish topic '/imu/data'! Valid publish topics are: dict_keys([]) 
[default_server_endpoint-1] [ERROR] [1785151682.783119716] [unity_endpoint]: Not registered to publish topic '/clock'! Valid publish topics are: dict_keys([]) 
[default_server_endpoint-1] [ERROR] [1785151682.783711817] [unity_endpoint]: Not registered to publish topic '/imu/data'! Valid publish topics are: dict_keys([]) 
[default_server_endpoint-1] [ERROR] [1785151682.784197262] [unity_endpoint]: Not registered to publish topic '/clock'! Valid publish topics are: dict_keys([]) 
[default_server_endpoint-1] [ERROR] [1785151682.784852165] [unity_endpoint]: Not registered to publish topic '/imu/data'! Valid publish topics are: dict_keys([]) 
[default_server_endpoint-1] [ERROR] [1785151682.785529299] [unity_endpoint]: Not registered to publish topic '/clock'! Valid publish topics are: dict_keys([]) 
[default_server_endpoint-1] [ERROR] [1785151682.786259761] [unity_endpoint]: Not registered to publish topic '/imu/data'! Valid publish topics are: dict_keys([]) 
[default_server_endpoint-1] [ERROR] [1785151682.786949121] [unity_endpoint]: Not registered to publish topic '/clock'! Valid publish topics are: dict_keys([]) 
[default_server_endpoint-1] [ERROR] [1785151682.787584637] [unity_endpoint]: Not registered to publish topic '/imu/data'! Valid publish topics are: dict_keys([]) 
[default_server_endpoint-1] [ERROR] [1785151682.789850294] [unity_endpoint]: Not registered to publish topic '/clock'! Valid publish topics are: dict_keys([]) 
[default_server_endpoint-1] [ERROR] [1785151682.792392918] [unity_endpoint]: Not registered to publish topic '/imu/data'! Valid publish topics are: dict_keys([]) 
[default_server_endpoint-1] [ERROR] [1785151682.793575840] [unity_endpoint]: Not registered to publish topic '/clock'! Valid publish topics are: dict_keys([]) 
[default_server_endpoint-1] [ERROR] [1785151682.794846323] [unity_endpoint]: Not registered to publish topic '/imu/data'! Valid publish topics are: dict_keys([]) 
[default_server_endpoint-1] [ERROR] [1785151682.797634610] [unity_endpoint]: Not registered to publish topic '/clock'! Valid publish topics are: dict_keys([]) 
[default_server_endpoint-1] [ERROR] [1785151682.798564959] [unity_endpoint]: Not registered to publish topic '/imu/data'! Valid publish topics are: dict_keys([]) 
[default_server_endpoint-1] [ERROR] [1785151682.799240093] [unity_endpoint]: Not registered to publish topic '/ground_truth_pose'! Valid publish topics are: dict_keys([]) 
[default_server_endpoint-1] [ERROR] [1785151682.799877246] [unity_endpoint]: Not registered to publish topic '/clock'! Valid publish topics are: dict_keys([]) 
[default_server_endpoint-1] [ERROR] [1785151682.800420297] [unity_endpoint]: Not registered to publish topic '/imu/data'! Valid publish topics are: dict_keys([]) 
[default_server_endpoint-1] [ERROR] [1785151682.800912103] [unity_endpoint]: Not registered to publish topic '/clock'! Valid publish topics are: dict_keys([]) 
[default_server_endpoint-1] [ERROR] [1785151682.801630510] [unity_endpoint]: Not registered to publish topic '/imu/data'! Valid publish topics are: dict_keys([]) 
[default_server_endpoint-1] [ERROR] [1785151682.802326068] [unity_endpoint]: Not registered to publish topic '/clock'! Valid publish topics are: dict_keys([]) 
[default_server_endpoint-1] [ERROR] [1785151682.802868141] [unity_endpoint]: Not registered to publish topic '/imu/data'! Valid publish topics are: dict_keys([]) 
[default_server_endpoint-1] [ERROR] [1785151682.803433649] [unity_endpoint]: Not registered to publish topic '/clock'! Valid publish topics are: dict_keys([]) 
[default_server_endpoint-1] [ERROR] [1785151682.804037823] [unity_endpoint]: Not registered to publish topic '/imu/data'! Valid publish topics are: dict_keys([]) 
[default_server_endpoint-1] [ERROR] [1785151682.804573440] [unity_endpoint]: Not registered to publish topic '/clock'! Valid publish topics are: dict_keys([]) 
[default_server_endpoint-1] [ERROR] [1785151682.805101085] [unity_endpoint]: Not registered to publish topic '/imu/data'! Valid publish topics are: dict_keys([]) 
[default_server_endpoint-1] [ERROR] [1785151682.805647572] [unity_endpoint]: Not registered to publish topic '/clock'! Valid publish topics are: dict_keys([]) 
[default_server_endpoint-1] [ERROR] [1785151682.806175253] [unity_endpoint]: Not registered to publish topic '/imu/data'! Valid publish topics are: dict_keys([]) 
[default_server_endpoint-1] [ERROR] [1785151682.806678342] [unity_endpoint]: Not registered to publish topic '/clock'! Valid publish topics are: dict_keys([]) 
[default_server_endpoint-1] [ERROR] [1785151682.807201346] [unity_endpoint]: Not registered to publish topic '/imu/data'! Valid publish topics are: dict_keys([]) 
[default_server_endpoint-1] [ERROR] [1785151682.807862039] [unity_endpoint]: Not registered to publish topic '/clock'! Valid publish topics are: dict_keys([]) 
[default_server_endpoint-1] [ERROR] [1785151682.808489710] [unity_endpoint]: Not registered to publish topic '/imu/data'! Valid publish topics are: dict_keys([]) 
[default_server_endpoint-1] [ERROR] [1785151682.815365252] [unity_endpoint]: Not registered to publish topic '/clock'! Valid publish topics are: dict_keys([]) 
[default_server_endpoint-1] [ERROR] [1785151682.819770262] [unity_endpoint]: Not registered to publish topic '/imu/data'! Valid publish topics are: dict_keys([]) 
[default_server_endpoint-1] [ERROR] [1785151682.820753967] [unity_endpoint]: Not registered to publish topic '/clock'! Valid publish topics are: dict_keys([]) 
[default_server_endpoint-1] [ERROR] [1785151682.821656777] [unity_endpoint]: Not registered to publish topic '/imu/data'! Valid publish topics are: dict_keys([]) 
[default_server_endpoint-1] [ERROR] [1785151682.822317946] [unity_endpoint]: Not registered to publish topic '/ground_truth_pose'! Valid publish topics are: dict_keys([]) 
[default_server_endpoint-1] [ERROR] [1785151682.822892619] [unity_endpoint]: Not registered to publish topic '/clock'! Valid publish topics are: dict_keys([]) 
[default_server_endpoint-1] [ERROR] [1785151682.823372112] [unity_endpoint]: Not registered to publish topic '/imu/data'! Valid publish topics are: dict_keys([]) 
[default_server_endpoint-1] [ERROR] [1785151682.824021648] [unity_endpoint]: Not registered to publish topic '/scan'! Valid publish topics are: dict_keys([]) 
[default_server_endpoint-1] [ERROR] [1785151682.824614401] [unity_endpoint]: Not registered to publish topic '/clock'! Valid publish topics are: dict_keys([]) 
[default_server_endpoint-1] [ERROR] [1785151682.825184332] [unity_endpoint]: Not registered to publish topic '/imu/data'! Valid publish topics are: dict_keys([]) 
[default_server_endpoint-1] [ERROR] [1785151682.825833776] [unity_endpoint]: Not registered to publish topic '/clock'! Valid publish topics are: dict_keys([]) 
[default_server_endpoint-1] [ERROR] [1785151682.826398169] [unity_endpoint]: Not registered to publish topic '/imu/data'! Valid publish topics are: dict_keys([]) 
[default_server_endpoint-1] [ERROR] [1785151682.827043613] [unity_endpoint]: Not registered to publish topic '/clock'! Valid publish topics are: dict_keys([]) 
[default_server_endpoint-1] [ERROR] [1785151682.827690641] [unity_endpoint]: Not registered to publish topic '/imu/data'! Valid publish topics are: dict_keys([]) 
[default_server_endpoint-1] [ERROR] [1785151682.828255263] [unity_endpoint]: Not registered to publish topic '/clock'! Valid publish topics are: dict_keys([]) 
[default_server_endpoint-1] [ERROR] [1785151682.828874887] [unity_endpoint]: Not registered to publish topic '/imu/data'! Valid publish topics are: dict_keys([]) 
[default_server_endpoint-1] [ERROR] [1785151682.831831231] [unity_endpoint]: Not registered to publish topic '/clock'! Valid publish topics are: dict_keys([]) 
[default_server_endpoint-1] [ERROR] [1785151682.833456550] [unity_endpoint]: Not registered to publish topic '/imu/data'! Valid publish topics are: dict_keys([]) 
[default_server_endpoint-1] [ERROR] [1785151682.834208047] [unity_endpoint]: Not registered to publish topic '/clock'! Valid publish topics are: dict_keys([]) 
[default_server_endpoint-1] [ERROR] [1785151682.835041844] [unity_endpoint]: Not registered to publish topic '/imu/data'! Valid publish topics are: dict_keys([]) 
[default_server_endpoint-1] [ERROR] [1785151682.836111420] [unity_endpoint]: Not registered to publish topic '/clock'! Valid publish topics are: dict_keys([]) 
[default_server_endpoint-1] [ERROR] [1785151682.837638218] [unity_endpoint]: Not registered to publish topic '/imu/data'! Valid publish topics are: dict_keys([]) 
[default_server_endpoint-1] [ERROR] [1785151682.838505009] [unity_endpoint]: Not registered to publish topic '/clock'! Valid publish topics are: dict_keys([]) 
[default_server_endpoint-1] [ERROR] [1785151682.839383846] [unity_endpoint]: Not registered to publish topic '/imu/data'! Valid publish topics are: dict_keys([]) 
[default_server_endpoint-1] [ERROR] [1785151682.840006549] [unity_endpoint]: Not registered to publish topic '/clock'! Valid publish topics are: dict_keys([]) 
[default_server_endpoint-1] [ERROR] [1785151682.840617914] [unity_endpoint]: Not registered to publish topic '/imu/data'! Valid publish topics are: dict_keys([]) 
[default_server_endpoint-1] [ERROR] [1785151682.841304618] [unity_endpoint]: Not registered to publish topic '/ground_truth_pose'! Valid publish topics are: dict_keys([]) 
[default_server_endpoint-1] [ERROR] [1785151682.841965216] [unity_endpoint]: Not registered to publish topic '/clock'! Valid publish topics are: dict_keys([]) 
[default_server_endpoint-1] [ERROR] [1785151682.842480915] [unity_endpoint]: Not registered to publish topic '/imu/data'! Valid publish topics are: dict_keys([]) 
[default_server_endpoint-1] [ERROR] [1785151682.843020915] [unity_endpoint]: Not registered to publish topic '/clock'! Valid publish topics are: dict_keys([]) 
[default_server_endpoint-1] [ERROR] [1785151682.843584153] [unity_endpoint]: Not registered to publish topic '/imu/data'! Valid publish topics are: dict_keys([]) 
[default_server_endpoint-1] [ERROR] [1785151682.844144195] [unity_endpoint]: Not registered to publish topic '/clock'! Valid publish topics are: dict_keys([]) 
[default_server_endpoint-1] [ERROR] [1785151682.844612012] [unity_endpoint]: Not registered to publish topic '/imu/data'! Valid publish topics are: dict_keys([]) 
[default_server_endpoint-1] [ERROR] [1785151682.848231421] [unity_endpoint]: Not registered to publish topic '/clock'! Valid publish topics are: dict_keys([]) 
[default_server_endpoint-1] [ERROR] [1785151682.849058895] [unity_endpoint]: Not registered to publish topic '/imu/data'! Valid publish topics are: dict_keys([]) 
[default_server_endpoint-1] [ERROR] [1785151682.849934767] [unity_endpoint]: Not registered to publish topic '/clock'! Valid publish topics are: dict_keys([]) 
[default_server_endpoint-1] [ERROR] [1785151682.850627983] [unity_endpoint]: Not registered to publish topic '/imu/data'! Valid publish topics are: dict_keys([]) 
[default_server_endpoint-1] [ERROR] [1785151682.852996635] [unity_endpoint]: Not registered to publish topic '/clock'! Valid publish topics are: dict_keys([]) 
[default_server_endpoint-1] [ERROR] [1785151682.853757575] [unity_endpoint]: Not registered to publish topic '/imu/data'! Valid publish topics are: dict_keys([]) 
[default_server_endpoint-1] [ERROR] [1785151682.855071302] [unity_endpoint]: Not registered to publish topic '/clock'! Valid publish topics are: dict_keys([]) 
[default_server_endpoint-1] [ERROR] [1785151682.855775475] [unity_endpoint]: Not registered to publish topic '/imu/data'! Valid publish topics are: dict_keys([]) 
[default_server_endpoint-1] [ERROR] [1785151682.856397141] [unity_endpoint]: Not registered to publish topic '/clock'! Valid publish topics are: dict_keys([]) 
[default_server_endpoint-1] [ERROR] [1785151682.856964301] [unity_endpoint]: Not registered to publish topic '/imu/data'! Valid publish topics are: dict_keys([]) 
[default_server_endpoint-1] [ERROR] [1785151682.857568172] [unity_endpoint]: Not registered to publish topic '/clock'! Valid publish topics are: dict_keys([]) 
[default_server_endpoint-1] [ERROR] [1785151682.858133776] [unity_endpoint]: Not registered to publish topic '/imu/data'! Valid publish topics are: dict_keys([]) 
[default_server_endpoint-1] [ERROR] [1785151682.858717288] [unity_endpoint]: Not registered to publish topic '/clock'! Valid publish topics are: dict_keys([]) 
[default_server_endpoint-1] [ERROR] [1785151682.859227951] [unity_endpoint]: Not registered to publish topic '/imu/data'! Valid publish topics are: dict_keys([]) 
[default_server_endpoint-1] [ERROR] [1785151682.859775198] [unity_endpoint]: Not registered to publish topic '/ground_truth_pose'! Valid publish topics are: dict_keys([]) 
[default_server_endpoint-1] [ERROR] [1785151682.860426225] [unity_endpoint]: Not registered to publish topic '/clock'! Valid publish topics are: dict_keys([]) 
[default_server_endpoint-1] [ERROR] [1785151682.861069363] [unity_endpoint]: Not registered to publish topic '/imu/data'! Valid publish topics are: dict_keys([]) 
[default_server_endpoint-1] [ERROR] [1785151682.861642736] [unity_endpoint]: Not registered to publish topic '/clock'! Valid publish topics are: dict_keys([]) 
[default_server_endpoint-1] [ERROR] [1785151682.862190638] [unity_endpoint]: Not registered to publish topic '/imu/data'! Valid publish topics are: dict_keys([]) 
[default_server_endpoint-1] [ERROR] [1785151682.868590628] [unity_endpoint]: Not registered to publish topic '/clock'! Valid publish topics are: dict_keys([]) 
[default_server_endpoint-1] [ERROR] [1785151682.870104051] [unity_endpoint]: Not registered to publish topic '/imu/data'! Valid publish topics are: dict_keys([]) 
[default_server_endpoint-1] [ERROR] [1785151682.870838143] [unity_endpoint]: Not registered to publish topic '/clock'! Valid publish topics are: dict_keys([]) 
[default_server_endpoint-1] [ERROR] [1785151682.871463883] [unity_endpoint]: Not registered to publish topic '/imu/data'! Valid publish topics are: dict_keys([]) 
[default_server_endpoint-1] [ERROR] [1785151682.872023455] [unity_endpoint]: Not registered to publish topic '/clock'! Valid publish topics are: dict_keys([]) 
[default_server_endpoint-1] [ERROR] [1785151682.872538946] [unity_endpoint]: Not registered to publish topic '/imu/data'! Valid publish topics are: dict_keys([]) 
[default_server_endpoint-1] [ERROR] [1785151682.873123226] [unity_endpoint]: Not registered to publish topic '/clock'! Valid publish topics are: dict_keys([]) 
[default_server_endpoint-1] [ERROR] [1785151682.873710306] [unity_endpoint]: Not registered to publish topic '/imu/data'! Valid publish topics are: dict_keys([]) 
[default_server_endpoint-1] [ERROR] [1785151682.874301880] [unity_endpoint]: Not registered to publish topic '/scan'! Valid publish topics are: dict_keys([]) 
[default_server_endpoint-1] [ERROR] [1785151682.874869675] [unity_endpoint]: Not registered to publish topic '/clock'! Valid publish topics are: dict_keys([]) 
[default_server_endpoint-1] [ERROR] [1785151682.875431899] [unity_endpoint]: Not registered to publish topic '/imu/data'! Valid publish topics are: dict_keys([]) 
[default_server_endpoint-1] [ERROR] [1785151682.875965914] [unity_endpoint]: Not registered to publish topic '/clock'! Valid publish topics are: dict_keys([]) 
[default_server_endpoint-1] [ERROR] [1785151682.876450732] [unity_endpoint]: Not registered to publish topic '/imu/data'! Valid publish topics are: dict_keys([]) 
[default_server_endpoint-1] [ERROR] [1785151682.876963330] [unity_endpoint]: Not registered to publish topic '/clock'! Valid publish topics are: dict_keys([]) 
[default_server_endpoint-1] [ERROR] [1785151682.877491859] [unity_endpoint]: Not registered to publish topic '/imu/data'! Valid publish topics are: dict_keys([]) 
[default_server_endpoint-1] [ERROR] [1785151682.878349354] [unity_endpoint]: Not registered to publish topic '/clock'! Valid publish topics are: dict_keys([]) 
[default_server_endpoint-1] [ERROR] [1785151682.879160778] [unity_endpoint]: Not registered to publish topic '/imu/data'! Valid publish topics are: dict_keys([]) 
[default_server_endpoint-1] [ERROR] [1785151682.885952464] [unity_endpoint]: Not registered to publish topic '/ground_truth_pose'! Valid publish topics are: dict_keys([]) 
[default_server_endpoint-1] [ERROR] [1785151682.887419279] [unity_endpoint]: Not registered to publish topic '/clock'! Valid publish topics are: dict_keys([]) 
[default_server_endpoint-1] [ERROR] [1785151682.888503446] [unity_endpoint]: Not registered to publish topic '/imu/data'! Valid publish topics are: dict_keys([]) 
[default_server_endpoint-1] [ERROR] [1785151682.889573935] [unity_endpoint]: Not registered to publish topic '/clock'! Valid publish topics are: dict_keys([]) 
[default_server_endpoint-1] [ERROR] [1785151682.890374534] [unity_endpoint]: Not registered to publish topic '/imu/data'! Valid publish topics are: dict_keys([]) 
[default_server_endpoint-1] [ERROR] [1785151682.891212189] [unity_endpoint]: Not registered to publish topic '/clock'! Valid publish topics are: dict_keys([]) 
[default_server_endpoint-1] [ERROR] [1785151682.891809691] [unity_endpoint]: Not registered to publish topic '/imu/data'! Valid publish topics are: dict_keys([]) 
[default_server_endpoint-1] [ERROR] [1785151682.893273700] [unity_endpoint]: Not registered to publish topic '/clock'! Valid publish topics are: dict_keys([]) 
[default_server_endpoint-1] [ERROR] [1785151682.893993232] [unity_endpoint]: Not registered to publish topic '/imu/data'! Valid publish topics are: dict_keys([]) 
[default_server_endpoint-1] [ERROR] [1785151682.894578879] [unity_endpoint]: Not registered to publish topic '/clock'! Valid publish topics are: dict_keys([]) 
[default_server_endpoint-1] [ERROR] [1785151682.895161647] [unity_endpoint]: Not registered to publish topic '/imu/data'! Valid publish topics are: dict_keys([]) 
[default_server_endpoint-1] [ERROR] [1785151682.895733151] [unity_endpoint]: Not registered to publish topic '/clock'! Valid publish topics are: dict_keys([]) 
[default_server_endpoint-1] [ERROR] [1785151682.896346367] [unity_endpoint]: Not registered to publish topic '/imu/data'! Valid publish topics are: dict_keys([]) 
[default_server_endpoint-1] [ERROR] [1785151682.896959301] [unity_endpoint]: Not registered to publish topic '/clock'! Valid publish topics are: dict_keys([]) 
[default_server_endpoint-1] [ERROR] [1785151682.901587989] [unity_endpoint]: Not registered to publish topic '/imu/data'! Valid publish topics are: dict_keys([]) 
[default_server_endpoint-1] [ERROR] [1785151682.902291422] [unity_endpoint]: Not registered to publish topic '/clock'! Valid publish topics are: dict_keys([]) 
[default_server_endpoint-1] [ERROR] [1785151682.902967508] [unity_endpoint]: Not registered to publish topic '/imu/data'! Valid publish topics are: dict_keys([]) 
[default_server_endpoint-1] [ERROR] [1785151682.903790978] [unity_endpoint]: Not registered to publish topic '/clock'! Valid publish topics are: dict_keys([]) 
[default_server_endpoint-1] [ERROR] [1785151682.904325849] [unity_endpoint]: Not registered to publish topic '/imu/data'! Valid publish topics are: dict_keys([]) 
[default_server_endpoint-1] [ERROR] [1785151682.904934002] [unity_endpoint]: Not registered to publish topic '/clock'! Valid publish topics are: dict_keys([]) 
[default_server_endpoint-1] [ERROR] [1785151682.905658795] [unity_endpoint]: Not registered to publish topic '/imu/data'! Valid publish topics are: dict_keys([]) 
[default_server_endpoint-1] [ERROR] [1785151682.906337829] [unity_endpoint]: Not registered to publish topic '/ground_truth_pose'! Valid publish topics are: dict_keys([]) 
[default_server_endpoint-1] [ERROR] [1785151682.907054759] [unity_endpoint]: Not registered to publish topic '/clock'! Valid publish topics are: dict_keys([]) 
[default_server_endpoint-1] [ERROR] [1785151682.907636402] [unity_endpoint]: Not registered to publish topic '/imu/data'! Valid publish topics are: dict_keys([]) 
[default_server_endpoint-1] [ERROR] [1785151682.908289899] [unity_endpoint]: Not registered to publish topic '/clock'! Valid publish topics are: dict_keys([]) 
[default_server_endpoint-1] [ERROR] [1785151682.908880436] [unity_endpoint]: Not registered to publish topic '/imu/data'! Valid publish topics are: dict_keys([]) 
[default_server_endpoint-1] [ERROR] [1785151682.909483154] [unity_endpoint]: Not registered to publish topic '/clock'! Valid publish topics are: dict_keys([]) 
[default_server_endpoint-1] [ERROR] [1785151682.910165884] [unity_endpoint]: Not registered to publish topic '/imu/data'! Valid publish topics are: dict_keys([]) 
[default_server_endpoint-1] [ERROR] [1785151682.910691617] [unity_endpoint]: Not registered to publish topic '/clock'! Valid publish topics are: dict_keys([]) 
[default_server_endpoint-1] [ERROR] [1785151682.911307933] [unity_endpoint]: Not registered to publish topic '/imu/data'! Valid publish topics are: dict_keys([]) 
[default_server_endpoint-1] [ERROR] [1785151682.911878403] [unity_endpoint]: Not registered to publish topic '/clock'! Valid publish topics are: dict_keys([]) 
[default_server_endpoint-1] [ERROR] [1785151682.912644565] [unity_endpoint]: Not registered to publish topic '/imu/data'! Valid publish topics are: dict_keys([]) 
[default_server_endpoint-1] [ERROR] [1785151682.913329508] [unity_endpoint]: Not registered to publish topic '/clock'! Valid publish topics are: dict_keys([]) 
[default_server_endpoint-1] [ERROR] [1785151682.913934733] [unity_endpoint]: Not registered to publish topic '/imu/data'! Valid publish topics are: dict_keys([]) 
[default_server_endpoint-1] [ERROR] [1785151682.914496618] [unity_endpoint]: Not registered to publish topic '/clock'! Valid publish topics are: dict_keys([]) 
[default_server_endpoint-1] [ERROR] [1785151682.915445624] [unity_endpoint]: Not registered to publish topic '/imu/data'! Valid publish topics are: dict_keys([]) 
[default_server_endpoint-1] [ERROR] [1785151682.916348918] [unity_endpoint]: Not registered to publish topic '/clock'! Valid publish topics are: dict_keys([]) 
[default_server_endpoint-1] [ERROR] [1785151682.916846297] [unity_endpoint]: Not registered to publish topic '/imu/data'! Valid publish topics are: dict_keys([]) 
[default_server_endpoint-1] [ERROR] [1785151682.917519198] [unity_endpoint]: Not registered to publish topic '/clock'! Valid publish topics are: dict_keys([]) 
[default_server_endpoint-1] [ERROR] [1785151682.918308128] [unity_endpoint]: Not registered to publish topic '/imu/data'! Valid publish topics are: dict_keys([]) 
[default_server_endpoint-1] [ERROR] [1785151682.919406092] [unity_endpoint]: Not registered to publish topic '/clock'! Valid publish topics are: dict_keys([]) 
[default_server_endpoint-1] [ERROR] [1785151682.920268681] [unity_endpoint]: Not registered to publish topic '/imu/data'! Valid publish topics are: dict_keys([]) 
[default_server_endpoint-1] [ERROR] [1785151682.921524892] [unity_endpoint]: Not registered to publish topic '/ground_truth_pose'! Valid publish topics are: dict_keys([]) 
[default_server_endpoint-1] [ERROR] [1785151682.923539315] [unity_endpoint]: Not registered to publish topic '/clock'! Valid publish topics are: dict_keys([]) 
[default_server_endpoint-1] [ERROR] [1785151682.924844588] [unity_endpoint]: Not registered to publish topic '/imu/data'! Valid publish topics are: dict_keys([]) 
[default_server_endpoint-1] [ERROR] [1785151682.926496041] [unity_endpoint]: Not registered to publish topic '/scan'! Valid publish topics are: dict_keys([]) 
[default_server_endpoint-1] [ERROR] [1785151682.927413457] [unity_endpoint]: Not registered to publish topic '/clock'! Valid publish topics are: dict_keys([]) 
[default_server_endpoint-1] [ERROR] [1785151682.928327783] [unity_endpoint]: Not registered to publish topic '/imu/data'! Valid publish topics are: dict_keys([]) 
[default_server_endpoint-1] [ERROR] [1785151682.929091329] [unity_endpoint]: Not registered to publish topic '/clock'! Valid publish topics are: dict_keys([]) 
[default_server_endpoint-1] [ERROR] [1785151682.929925119] [unity_endpoint]: Not registered to publish topic '/imu/data'! Valid publish topics are: dict_keys([]) 
[default_server_endpoint-1] [ERROR] [1785151682.931187436] [unity_endpoint]: Not registered to publish topic '/clock'! Valid publish topics are: dict_keys([]) 
[default_server_endpoint-1] [ERROR] [1785151682.932141575] [unity_endpoint]: Not registered to publish topic '/imu/data'! Valid publish topics are: dict_keys([]) 
[default_server_endpoint-1] [ERROR] [1785151682.932830528] [unity_endpoint]: Not registered to publish topic '/clock'! Valid publish topics are: dict_keys([]) 
[default_server_endpoint-1] [ERROR] [1785151682.933606595] [unity_endpoint]: Not registered to publish topic '/imu/data'! Valid publish topics are: dict_keys([]) 
[default_server_endpoint-1] [ERROR] [1785151682.934163756] [unity_endpoint]: Not registered to publish topic '/clock'! Valid publish topics are: dict_keys([]) 
[default_server_endpoint-1] [ERROR] [1785151682.934709028] [unity_endpoint]: Not registered to publish topic '/imu/data'! Valid publish topics are: dict_keys([]) 
[default_server_endpoint-1] [ERROR] [1785151682.935297509] [unity_endpoint]: Not registered to publish topic '/clock'! Valid publish topics are: dict_keys([]) 
[default_server_endpoint-1] [ERROR] [1785151682.935853446] [unity_endpoint]: Not registered to publish topic '/imu/data'! Valid publish topics are: dict_keys([]) 
[default_server_endpoint-1] [ERROR] [1785151682.936363583] [unity_endpoint]: Not registered to publish topic '/clock'! Valid publish topics are: dict_keys([]) 
[default_server_endpoint-1] [ERROR] [1785151682.936853964] [unity_endpoint]: Not registered to publish topic '/imu/data'! Valid publish topics are: dict_keys([]) 
[default_server_endpoint-1] [ERROR] [1785151682.937484107] [unity_endpoint]: Not registered to publish topic '/clock'! Valid publish topics are: dict_keys([]) 
[default_server_endpoint-1] [ERROR] [1785151682.938112467] [unity_endpoint]: Not registered to publish topic '/imu/data'! Valid publish topics are: dict_keys([]) 
[default_server_endpoint-1] [ERROR] [1785151682.938733657] [unity_endpoint]: Not registered to publish topic '/clock'! Valid publish topics are: dict_keys([]) 
[default_server_endpoint-1] [ERROR] [1785151682.939443500] [unity_endpoint]: Not registered to publish topic '/imu/data'! Valid publish topics are: dict_keys([]) 
[default_server_endpoint-1] [ERROR] [1785151682.939915629] [unity_endpoint]: Not registered to publish topic '/ground_truth_pose'! Valid publish topics are: dict_keys([]) 
[default_server_endpoint-1] [ERROR] [1785151682.940629746] [unity_endpoint]: Not registered to publish topic '/clock'! Valid publish topics are: dict_keys([]) 
[default_server_endpoint-1] [ERROR] [1785151682.941490380] [unity_endpoint]: Not registered to publish topic '/imu/data'! Valid publish topics are: dict_keys([]) 
[default_server_endpoint-1] [ERROR] [1785151682.942069462] [unity_endpoint]: Not registered to publish topic '/clock'! Valid publish topics are: dict_keys([]) 
[default_server_endpoint-1] [ERROR] [1785151682.942844001] [unity_endpoint]: Not registered to publish topic '/imu/data'! Valid publish topics are: dict_keys([]) 
[default_server_endpoint-1] [ERROR] [1785151682.943429104] [unity_endpoint]: Not registered to publish topic '/clock'! Valid publish topics are: dict_keys([]) 
[default_server_endpoint-1] [ERROR] [1785151682.944034971] [unity_endpoint]: Not registered to publish topic '/imu/data'! Valid publish topics are: dict_keys([]) 
[default_server_endpoint-1] [ERROR] [1785151682.944621631] [unity_endpoint]: Not registered to publish topic '/clock'! Valid publish topics are: dict_keys([]) 
[default_server_endpoint-1] [ERROR] [1785151682.945192769] [unity_endpoint]: Not registered to publish topic '/imu/data'! Valid publish topics are: dict_keys([]) 
[default_server_endpoint-1] [ERROR] [1785151682.945819692] [unity_endpoint]: Not registered to publish topic '/clock'! Valid publish topics are: dict_keys([]) 
[default_server_endpoint-1] [ERROR] [1785151682.946426525] [unity_endpoint]: Not registered to publish topic '/imu/data'! Valid publish topics are: dict_keys([]) 
[default_server_endpoint-1] [ERROR] [1785151682.948676813] [unity_endpoint]: Not registered to publish topic '/clock'! Valid publish topics are: dict_keys([]) 
[default_server_endpoint-1] [ERROR] [1785151682.949966730] [unity_endpoint]: Not registered to publish topic '/imu/data'! Valid publish topics are: dict_keys([]) 
[default_server_endpoint-1] [ERROR] [1785151682.950637242] [unity_endpoint]: Not registered to publish topic '/clock'! Valid publish topics are: dict_keys([]) 
[default_server_endpoint-1] [ERROR] [1785151682.951368209] [unity_endpoint]: Not registered to publish topic '/imu/data'! Valid publish topics are: dict_keys([]) 
[default_server_endpoint-1] [ERROR] [1785151682.952449303] [unity_endpoint]: Not registered to publish topic '/clock'! Valid publish topics are: dict_keys([]) 
[default_server_endpoint-1] [ERROR] [1785151682.953039783] [unity_endpoint]: Not registered to publish topic '/imu/data'! Valid publish topics are: dict_keys([]) 
[default_server_endpoint-1] [ERROR] [1785151682.953672086] [unity_endpoint]: Not registered to publish topic '/clock'! Valid publish topics are: dict_keys([]) 
[default_server_endpoint-1] [ERROR] [1785151682.954619295] [unity_endpoint]: Not registered to publish topic '/imu/data'! Valid publish topics are: dict_keys([]) 
[default_server_endpoint-1] [ERROR] [1785151682.955515028] [unity_endpoint]: Not registered to publish topic '/clock'! Valid publish topics are: dict_keys([]) 
[default_server_endpoint-1] [ERROR] [1785151682.956176543] [unity_endpoint]: Not registered to publish topic '/imu/data'! Valid publish topics are: dict_keys([]) 
[default_server_endpoint-1] [ERROR] [1785151682.956785247] [unity_endpoint]: Not registered to publish topic '/ground_truth_pose'! Valid publish topics are: dict_keys([]) 
[default_server_endpoint-1] [ERROR] [1785151682.957404629] [unity_endpoint]: Not registered to publish topic '/clock'! Valid publish topics are: dict_keys([]) 
[default_server_endpoint-1] [ERROR] [1785151682.957974848] [unity_endpoint]: Not registered to publish topic '/imu/data'! Valid publish topics are: dict_keys([]) 
[default_server_endpoint-1] [ERROR] [1785151682.958567077] [unity_endpoint]: Not registered to publish topic '/clock'! Valid publish topics are: dict_keys([]) 
[default_server_endpoint-1] [ERROR] [1785151682.959064607] [unity_endpoint]: Not registered to publish topic '/imu/data'! Valid publish topics are: dict_keys([]) 
[default_server_endpoint-1] [ERROR] [1785151682.959576826] [unity_endpoint]: Not registered to publish topic '/clock'! Valid publish topics are: dict_keys([]) 
[default_server_endpoint-1] [ERROR] [1785151682.960148934] [unity_endpoint]: Not registered to publish topic '/imu/data'! Valid publish topics are: dict_keys([]) 
[default_server_endpoint-1] [ERROR] [1785151682.960831795] [unity_endpoint]: Not registered to publish topic '/clock'! Valid publish topics are: dict_keys([]) 
[default_server_endpoint-1] [ERROR] [1785151682.961556997] [unity_endpoint]: Not registered to publish topic '/imu/data'! Valid publish topics are: dict_keys([]) 
[default_server_endpoint-1] [ERROR] [1785151682.962209819] [unity_endpoint]: Not registered to publish topic '/clock'! Valid publish topics are: dict_keys([]) 
[default_server_endpoint-1] [ERROR] [1785151682.962951917] [unity_endpoint]: Not registered to publish topic '/imu/data'! Valid publish topics are: dict_keys([]) 
[default_server_endpoint-1] [ERROR] [1785151682.963703605] [unity_endpoint]: Not registered to publish topic '/clock'! Valid publish topics are: dict_keys([]) 
[default_server_endpoint-1] [ERROR] [1785151682.964427648] [unity_endpoint]: Not registered to publish topic '/imu/data'! Valid publish topics are: dict_keys([]) 
[default_server_endpoint-1] [ERROR] [1785151682.965205229] [unity_endpoint]: Not registered to publish topic '/scan'! Valid publish topics are: dict_keys([]) 
[default_server_endpoint-1] [ERROR] [1785151682.965789804] [unity_endpoint]: Not registered to publish topic '/clock'! Valid publish topics are: dict_keys([]) 
[default_server_endpoint-1] [ERROR] [1785151682.966391826] [unity_endpoint]: Not registered to publish topic '/imu/data'! Valid publish topics are: dict_keys([]) 
[default_server_endpoint-1] [ERROR] [1785151682.966992856] [unity_endpoint]: Not registered to publish topic '/clock'! Valid publish topics are: dict_keys([]) 
[default_server_endpoint-1] [ERROR] [1785151682.967597581] [unity_endpoint]: Not registered to publish topic '/imu/data'! Valid publish topics are: dict_keys([]) 
[default_server_endpoint-1] [ERROR] [1785151682.968208096] [unity_endpoint]: Not registered to publish topic '/clock'! Valid publish topics are: dict_keys([]) 
[default_server_endpoint-1] [ERROR] [1785151682.968852161] [unity_endpoint]: Not registered to publish topic '/imu/data'! Valid publish topics are: dict_keys([]) 
[default_server_endpoint-1] [ERROR] [1785151682.970403365] [unity_endpoint]: Not registered to publish topic '/clock'! Valid publish topics are: dict_keys([]) 
[default_server_endpoint-1] [ERROR] [1785151682.971152275] [unity_endpoint]: Not registered to publish topic '/imu/data'! Valid publish topics are: dict_keys([]) 
[default_server_endpoint-1] [ERROR] [1785151682.971876909] [unity_endpoint]: Not registered to publish topic '/ground_truth_pose'! Valid publish topics are: dict_keys([]) 
[default_server_endpoint-1] [ERROR] [1785151682.972792789] [unity_endpoint]: Not registered to publish topic '/clock'! Valid publish topics are: dict_keys([]) 
[default_server_endpoint-1] [ERROR] [1785151682.974032639] [unity_endpoint]: Not registered to publish topic '/imu/data'! Valid publish topics are: dict_keys([]) 
[default_server_endpoint-1] [ERROR] [1785151682.974781042] [unity_endpoint]: Not registered to publish topic '/clock'! Valid publish topics are: dict_keys([]) 
[default_server_endpoint-1] [ERROR] [1785151682.978787893] [unity_endpoint]: Not registered to publish topic '/imu/data'! Valid publish topics are: dict_keys([]) 
[default_server_endpoint-1] [ERROR] [1785151682.979632144] [unity_endpoint]: Not registered to publish topic '/clock'! Valid publish topics are: dict_keys([]) 
[default_server_endpoint-1] [ERROR] [1785151682.980504981] [unity_endpoint]: Not registered to publish topic '/imu/data'! Valid publish topics are: dict_keys([]) 
[default_server_endpoint-1] [ERROR] [1785151682.981174091] [unity_endpoint]: Not registered to publish topic '/clock'! Valid publish topics are: dict_keys([]) 
[default_server_endpoint-1] [ERROR] [1785151682.981776943] [unity_endpoint]: Not registered to publish topic '/imu/data'! Valid publish topics are: dict_keys([]) 
[default_server_endpoint-1] [ERROR] [1785151682.982354985] [unity_endpoint]: Not registered to publish topic '/clock'! Valid publish topics are: dict_keys([]) 
[default_server_endpoint-1] [ERROR] [1785151682.982959630] [unity_endpoint]: Not registered to publish topic '/imu/data'! Valid publish topics are: dict_keys([]) 
[default_server_endpoint-1] [ERROR] [1785151682.983763433] [unity_endpoint]: Not registered to publish topic '/clock'! Valid publish topics are: dict_keys([]) 
[default_server_endpoint-1] [ERROR] [1785151682.984462742] [unity_endpoint]: Not registered to publish topic '/imu/data'! Valid publish topics are: dict_keys([]) 
[default_server_endpoint-1] [ERROR] [1785151682.985078159] [unity_endpoint]: Not registered to publish topic '/clock'! Valid publish topics are: dict_keys([]) 
[default_server_endpoint-1] [ERROR] [1785151682.985699929] [unity_endpoint]: Not registered to publish topic '/imu/data'! Valid publish topics are: dict_keys([]) 
[default_server_endpoint-1] [ERROR] [1785151682.987438049] [unity_endpoint]: Not registered to publish topic '/clock'! Valid publish topics are: dict_keys([]) 
[default_server_endpoint-1] [ERROR] [1785151682.988672358] [unity_endpoint]: Not registered to publish topic '/imu/data'! Valid publish topics are: dict_keys([]) 
[default_server_endpoint-1] [ERROR] [1785151682.989648674] [unity_endpoint]: Not registered to publish topic '/clock'! Valid publish topics are: dict_keys([]) 
[default_server_endpoint-1] [ERROR] [1785151682.990295800] [unity_endpoint]: Not registered to publish topic '/imu/data'! Valid publish topics are: dict_keys([]) 
[default_server_endpoint-1] [ERROR] [1785151682.990959524] [unity_endpoint]: Not registered to publish topic '/clock'! Valid publish topics are: dict_keys([]) 
[default_server_endpoint-1] [ERROR] [1785151682.994293367] [unity_endpoint]: Not registered to publish topic '/imu/data'! Valid publish topics are: dict_keys([]) 
[default_server_endpoint-1] [ERROR] [1785151682.995742914] [unity_endpoint]: Not registered to publish topic '/ground_truth_pose'! Valid publish topics are: dict_keys([]) 
[default_server_endpoint-1] [ERROR] [1785151682.996476958] [unity_endpoint]: Not registered to publish topic '/clock'! Valid publish topics are: dict_keys([]) 
[default_server_endpoint-1] [ERROR] [1785151682.997113430] [unity_endpoint]: Not registered to publish topic '/imu/data'! Valid publish topics are: dict_keys([]) 
[default_server_endpoint-1] [ERROR] [1785151682.998070259] [unity_endpoint]: Not registered to publish topic '/clock'! Valid publish topics are: dict_keys([]) 
[default_server_endpoint-1] [ERROR] [1785151682.998866864] [unity_endpoint]: Not registered to publish topic '/imu/data'! Valid publish topics are: dict_keys([]) 
[default_server_endpoint-1] [ERROR] [1785151682.999434961] [unity_endpoint]: Not registered to publish topic '/clock'! Valid publish topics are: dict_keys([]) 
[default_server_endpoint-1] [ERROR] [1785151682.999962976] [unity_endpoint]: Not registered to publish topic '/imu/data'! Valid publish topics are: dict_keys([]) 
[default_server_endpoint-1] [ERROR] [1785151683.000586369] [unity_endpoint]: Not registered to publish topic '/clock'! Valid publish topics are: dict_keys([]) 
[default_server_endpoint-1] [ERROR] [1785151683.001153588] [unity_endpoint]: Not registered to publish topic '/imu/data'! Valid publish topics are: dict_keys([]) 
[default_server_endpoint-1] [ERROR] [1785151683.001824043] [unity_endpoint]: Not registered to publish topic '/clock'! Valid publish topics are: dict_keys([]) 
[default_server_endpoint-1] [ERROR] [1785151683.002479288] [unity_endpoint]: Not registered to publish topic '/imu/data'! Valid publish topics are: dict_keys([]) 
[default_server_endpoint-1] [ERROR] [1785151683.003173245] [unity_endpoint]: Not registered to publish topic '/clock'! Valid publish topics are: dict_keys([]) 
[default_server_endpoint-1] [ERROR] [1785151683.003860882] [unity_endpoint]: Not registered to publish topic '/imu/data'! Valid publish topics are: dict_keys([]) 
[default_server_endpoint-1] [ERROR] [1785151683.004470374] [unity_endpoint]: Not registered to publish topic '/clock'! Valid publish topics are: dict_keys([]) 
[default_server_endpoint-1] [ERROR] [1785151683.005212439] [unity_endpoint]: Not registered to publish topic '/imu/data'! Valid publish topics are: dict_keys([]) 
[default_server_endpoint-1] [ERROR] [1785151683.005906040] [unity_endpoint]: Not registered to publish topic '/clock'! Valid publish topics are: dict_keys([]) 
[default_server_endpoint-1] [ERROR] [1785151683.006544415] [unity_endpoint]: Not registered to publish topic '/imu/data'! Valid publish topics are: dict_keys([]) 
[default_server_endpoint-1] [ERROR] [1785151683.009322341] [unity_endpoint]: Not registered to publish topic '/clock'! Valid publish topics are: dict_keys([]) 
[default_server_endpoint-1] [ERROR] [1785151683.017054436] [unity_endpoint]: Not registered to publish topic '/imu/data'! Valid publish topics are: dict_keys([]) 
[default_server_endpoint-1] [ERROR] [1785151683.017826160] [unity_endpoint]: Not registered to publish topic '/clock'! Valid publish topics are: dict_keys([]) 
[default_server_endpoint-1] [ERROR] [1785151683.018458072] [unity_endpoint]: Not registered to publish topic '/imu/data'! Valid publish topics are: dict_keys([]) 
[default_server_endpoint-1] [ERROR] [1785151683.019078460] [unity_endpoint]: Not registered to publish topic '/ground_truth_pose'! Valid publish topics are: dict_keys([]) 
[default_server_endpoint-1] [ERROR] [1785151683.019687341] [unity_endpoint]: Not registered to publish topic '/clock'! Valid publish topics are: dict_keys([]) 
[default_server_endpoint-1] [ERROR] [1785151683.020475717] [unity_endpoint]: Not registered to publish topic '/imu/data'! Valid publish topics are: dict_keys([]) 
[default_server_endpoint-1] [ERROR] [1785151683.021115405] [unity_endpoint]: Not registered to publish topic '/scan'! Valid publish topics are: dict_keys([]) 
[default_server_endpoint-1] [ERROR] [1785151683.021746757] [unity_endpoint]: Not registered to publish topic '/clock'! Valid publish topics are: dict_keys([]) 
[default_server_endpoint-1] [ERROR] [1785151683.022362451] [unity_endpoint]: Not registered to publish topic '/imu/data'! Valid publish topics are: dict_keys([]) 
[default_server_endpoint-1] [ERROR] [1785151683.022950844] [unity_endpoint]: Not registered to publish topic '/clock'! Valid publish topics are: dict_keys([]) 
[default_server_endpoint-1] [ERROR] [1785151683.023546342] [unity_endpoint]: Not registered to publish topic '/imu/data'! Valid publish topics are: dict_keys([]) 
[default_server_endpoint-1] [ERROR] [1785151683.024325896] [unity_endpoint]: Not registered to publish topic '/clock'! Valid publish topics are: dict_keys([]) 
[default_server_endpoint-1] [ERROR] [1785151683.025002165] [unity_endpoint]: Not registered to publish topic '/imu/data'! Valid publish topics are: dict_keys([]) 
[default_server_endpoint-1] [ERROR] [1785151683.025611014] [unity_endpoint]: Not registered to publish topic '/clock'! Valid publish topics are: dict_keys([]) 
[default_server_endpoint-1] [ERROR] [1785151683.026165652] [unity_endpoint]: Not registered to publish topic '/imu/data'! Valid publish topics are: dict_keys([]) 
[default_server_endpoint-1] [ERROR] [1785151683.026729713] [unity_endpoint]: Not registered to publish topic '/clock'! Valid publish topics are: dict_keys([]) 
[default_server_endpoint-1] [ERROR] [1785151683.027677560] [unity_endpoint]: Not registered to publish topic '/imu/data'! Valid publish topics are: dict_keys([]) 
[default_server_endpoint-1] [ERROR] [1785151683.030301051] [unity_endpoint]: Not registered to publish topic '/clock'! Valid publish topics are: dict_keys([]) 
[default_server_endpoint-1] [ERROR] [1785151683.032604036] [unity_endpoint]: Not registered to publish topic '/imu/data'! Valid publish topics are: dict_keys([]) 
[default_server_endpoint-1] [ERROR] [1785151683.033321155] [unity_endpoint]: Not registered to publish topic '/clock'! Valid publish topics are: dict_keys([]) 
[default_server_endpoint-1] [ERROR] [1785151683.034085466] [unity_endpoint]: Not registered to publish topic '/imu/data'! Valid publish topics are: dict_keys([]) 
[default_server_endpoint-1] [ERROR] [1785151683.035111835] [unity_endpoint]: Not registered to publish topic '/clock'! Valid publish topics are: dict_keys([]) 
[default_server_endpoint-1] [ERROR] [1785151683.035746444] [unity_endpoint]: Not registered to publish topic '/imu/data'! Valid publish topics are: dict_keys([]) 
[default_server_endpoint-1] [ERROR] [1785151683.036435517] [unity_endpoint]: Not registered to publish topic '/clock'! Valid publish topics are: dict_keys([]) 
[default_server_endpoint-1] [ERROR] [1785151683.037148601] [unity_endpoint]: Not registered to publish topic '/imu/data'! Valid publish topics are: dict_keys([]) 
[default_server_endpoint-1] [ERROR] [1785151683.037925259] [unity_endpoint]: Not registered to publish topic '/ground_truth_pose'! Valid publish topics are: dict_keys([]) 
[default_server_endpoint-1] [ERROR] [1785151683.038489509] [unity_endpoint]: Not registered to publish topic '/clock'! Valid publish topics are: dict_keys([]) 
[default_server_endpoint-1] [ERROR] [1785151683.039057673] [unity_endpoint]: Not registered to publish topic '/imu/data'! Valid publish topics are: dict_keys([]) 
[default_server_endpoint-1] [ERROR] [1785151683.039587881] [unity_endpoint]: Not registered to publish topic '/clock'! Valid publish topics are: dict_keys([]) 
[default_server_endpoint-1] [ERROR] [1785151683.040223922] [unity_endpoint]: Not registered to publish topic '/imu/data'! Valid publish topics are: dict_keys([]) 
[default_server_endpoint-1] [ERROR] [1785151683.040748761] [unity_endpoint]: Not registered to publish topic '/clock'! Valid publish topics are: dict_keys([]) 
[default_server_endpoint-1] [ERROR] [1785151683.041278094] [unity_endpoint]: Not registered to publish topic '/imu/data'! Valid publish topics are: dict_keys([]) 
[default_server_endpoint-1] [ERROR] [1785151683.041890987] [unity_endpoint]: Not registered to publish topic '/clock'! Valid publish topics are: dict_keys([]) 
[default_server_endpoint-1] [ERROR] [1785151683.042493908] [unity_endpoint]: Not registered to publish topic '/imu/data'! Valid publish topics are: dict_keys([]) 
[default_server_endpoint-1] [ERROR] [1785151683.043027816] [unity_endpoint]: Not registered to publish topic '/clock'! Valid publish topics are: dict_keys([]) 
[default_server_endpoint-1] [ERROR] [1785151683.043607594] [unity_endpoint]: Not registered to publish topic '/imu/data'! Valid publish topics are: dict_keys([]) 
[default_server_endpoint-1] [ERROR] [1785151683.044118784] [unity_endpoint]: Not registered to publish topic '/clock'! Valid publish topics are: dict_keys([]) 
[default_server_endpoint-1] [ERROR] [1785151683.044651556] [unity_endpoint]: Not registered to publish topic '/imu/data'! Valid publish topics are: dict_keys([]) 
[default_server_endpoint-1] [ERROR] [1785151683.045209150] [unity_endpoint]: Not registered to publish topic '/clock'! Valid publish topics are: dict_keys([]) 
[default_server_endpoint-1] [ERROR] [1785151683.045763958] [unity_endpoint]: Not registered to publish topic '/imu/data'! Valid publish topics are: dict_keys([]) 
[default_server_endpoint-1] [ERROR] [1785151683.046386599] [unity_endpoint]: Not registered to publish topic '/clock'! Valid publish topics are: dict_keys([]) 
[default_server_endpoint-1] [ERROR] [1785151683.046998508] [unity_endpoint]: Not registered to publish topic '/imu/data'! Valid publish topics are: dict_keys([]) 
[default_server_endpoint-1] [ERROR] [1785151683.047751101] [unity_endpoint]: Not registered to publish topic '/clock'! Valid publish topics are: dict_keys([]) 
[default_server_endpoint-1] [ERROR] [1785151683.050195382] [unity_endpoint]: Not registered to publish topic '/imu/data'! Valid publish topics are: dict_keys([]) 
[default_server_endpoint-1] [ERROR] [1785151683.051197694] [unity_endpoint]: Not registered to publish topic '/clock'! Valid publish topics are: dict_keys([]) 
[default_server_endpoint-1] [ERROR] [1785151683.058588807] [unity_endpoint]: Not registered to publish topic '/imu/data'! Valid publish topics are: dict_keys([]) 
[default_server_endpoint-1] [ERROR] [1785151683.059689074] [unity_endpoint]: Not registered to publish topic '/ground_truth_pose'! Valid publish topics are: dict_keys([]) 
[default_server_endpoint-1] [ERROR] [1785151683.060475203] [unity_endpoint]: Not registered to publish topic '/clock'! Valid publish topics are: dict_keys([]) 
[default_server_endpoint-1] [ERROR] [1785151683.061174476] [unity_endpoint]: Not registered to publish topic '/imu/data'! Valid publish topics are: dict_keys([]) 
[default_server_endpoint-1] [ERROR] [1785151683.061954429] [unity_endpoint]: Not registered to publish topic '/clock'! Valid publish topics are: dict_keys([]) 
[default_server_endpoint-1] [ERROR] [1785151683.062832759] [unity_endpoint]: Not registered to publish topic '/imu/data'! Valid publish topics are: dict_keys([]) 
[default_server_endpoint-1] [ERROR] [1785151683.063672720] [unity_endpoint]: Not registered to publish topic '/clock'! Valid publish topics are: dict_keys([]) 
[default_server_endpoint-1] [ERROR] [1785151683.064334955] [unity_endpoint]: Not registered to publish topic '/imu/data'! Valid publish topics are: dict_keys([]) 
[default_server_endpoint-1] [ERROR] [1785151683.065049798] [unity_endpoint]: Not registered to publish topic '/clock'! Valid publish topics are: dict_keys([]) 
[default_server_endpoint-1] [ERROR] [1785151683.065767089] [unity_endpoint]: Not registered to publish topic '/imu/data'! Valid publish topics are: dict_keys([]) 
[default_server_endpoint-1] [ERROR] [1785151683.066405251] [unity_endpoint]: Not registered to publish topic '/clock'! Valid publish topics are: dict_keys([]) 
[default_server_endpoint-1] [ERROR] [1785151683.067026747] [unity_endpoint]: Not registered to publish topic '/imu/data'! Valid publish topics are: dict_keys([]) 
[default_server_endpoint-1] [ERROR] [1785151683.067673632] [unity_endpoint]: Not registered to publish topic '/clock'! Valid publish topics are: dict_keys([]) 
[default_server_endpoint-1] [ERROR] [1785151683.068409470] [unity_endpoint]: Not registered to publish topic '/imu/data'! Valid publish topics are: dict_keys([]) 
[default_server_endpoint-1] [ERROR] [1785151683.069901184] [unity_endpoint]: Not registered to publish topic '/scan'! Valid publish topics are: dict_keys([]) 
[default_server_endpoint-1] [ERROR] [1785151683.070775792] [unity_endpoint]: Not registered to publish topic '/clock'! Valid publish topics are: dict_keys([]) 
[default_server_endpoint-1] [ERROR] [1785151683.071411662] [unity_endpoint]: Not registered to publish topic '/imu/data'! Valid publish topics are: dict_keys([]) 
[default_server_endpoint-1] [ERROR] [1785151683.072065656] [unity_endpoint]: Not registered to publish topic '/clock'! Valid publish topics are: dict_keys([]) 
[default_server_endpoint-1] [ERROR] [1785151683.072877343] [unity_endpoint]: Not registered to publish topic '/imu/data'! Valid publish topics are: dict_keys([]) 
[default_server_endpoint-1] [ERROR] [1785151683.073911353] [unity_endpoint]: Not registered to publish topic '/clock'! Valid publish topics are: dict_keys([]) 
[default_server_endpoint-1] [ERROR] [1785151683.077144318] [unity_endpoint]: Not registered to publish topic '/imu/data'! Valid publish topics are: dict_keys([]) 
[default_server_endpoint-1] [ERROR] [1785151683.078095847] [unity_endpoint]: Not registered to publish topic '/clock'! Valid publish topics are: dict_keys([]) 
[default_server_endpoint-1] [ERROR] [1785151683.078780371] [unity_endpoint]: Not registered to publish topic '/imu/data'! Valid publish topics are: dict_keys([]) 
[default_server_endpoint-1] [ERROR] [1785151683.079417553] [unity_endpoint]: Not registered to publish topic '/ground_truth_pose'! Valid publish topics are: dict_keys([]) 
[default_server_endpoint-1] [ERROR] [1785151683.080125973] [unity_endpoint]: Not registered to publish topic '/clock'! Valid publish topics are: dict_keys([]) 
[default_server_endpoint-1] [ERROR] [1785151683.080838982] [unity_endpoint]: Not registered to publish topic '/imu/data'! Valid publish topics are: dict_keys([]) 
[default_server_endpoint-1] [ERROR] [1785151683.082294664] [unity_endpoint]: Not registered to publish topic '/clock'! Valid publish topics are: dict_keys([]) 
[default_server_endpoint-1] [ERROR] [1785151683.082974929] [unity_endpoint]: Not registered to publish topic '/imu/data'! Valid publish topics are: dict_keys([]) 
[default_server_endpoint-1] [ERROR] [1785151683.083559209] [unity_endpoint]: Not registered to publish topic '/clock'! Valid publish topics are: dict_keys([]) 
[default_server_endpoint-1] [ERROR] [1785151683.084230502] [unity_endpoint]: Not registered to publish topic '/imu/data'! Valid publish topics are: dict_keys([]) 
[default_server_endpoint-1] [ERROR] [1785151683.084953938] [unity_endpoint]: Not registered to publish topic '/clock'! Valid publish topics are: dict_keys([]) 
[default_server_endpoint-1] [ERROR] [1785151683.085605462] [unity_endpoint]: Not registered to publish topic '/imu/data'! Valid publish topics are: dict_keys([]) 
[default_server_endpoint-1] [ERROR] [1785151683.086176739] [unity_endpoint]: Not registered to publish topic '/clock'! Valid publish topics are: dict_keys([]) 
[default_server_endpoint-1] [ERROR] [1785151683.086750914] [unity_endpoint]: Not registered to publish topic '/imu/data'! Valid publish topics are: dict_keys([]) 
[default_server_endpoint-1] [ERROR] [1785151683.087320009] [unity_endpoint]: Not registered to publish topic '/clock'! Valid publish topics are: dict_keys([]) 
[default_server_endpoint-1] [ERROR] [1785151683.087901462] [unity_endpoint]: Not registered to publish topic '/imu/data'! Valid publish topics are: dict_keys([]) 
[default_server_endpoint-1] [ERROR] [1785151683.088555289] [unity_endpoint]: Not registered to publish topic '/clock'! Valid publish topics are: dict_keys([]) 
[default_server_endpoint-1] [ERROR] [1785151683.089101695] [unity_endpoint]: Not registered to publish topic '/imu/data'! Valid publish topics are: dict_keys([]) 
[default_server_endpoint-1] [ERROR] [1785151683.089644747] [unity_endpoint]: Not registered to publish topic '/clock'! Valid publish topics are: dict_keys([]) 
[default_server_endpoint-1] [ERROR] [1785151683.090699893] [unity_endpoint]: Not registered to publish topic '/imu/data'! Valid publish topics are: dict_keys([]) 
[default_server_endpoint-1] [ERROR] [1785151683.091918727] [unity_endpoint]: Not registered to publish topic '/clock'! Valid publish topics are: dict_keys([]) 
[default_server_endpoint-1] [ERROR] [1785151683.092926365] [unity_endpoint]: Not registered to publish topic '/imu/data'! Valid publish topics are: dict_keys([]) 
[default_server_endpoint-1] [ERROR] [1785151683.093943392] [unity_endpoint]: Not registered to publish topic '/clock'! Valid publish topics are: dict_keys([]) 
[default_server_endpoint-1] [ERROR] [1785151683.096676809] [unity_endpoint]: Not registered to publish topic '/imu/data'! Valid publish topics are: dict_keys([]) 
[default_server_endpoint-1] [ERROR] [1785151683.099665957] [unity_endpoint]: Not registered to publish topic '/scan'! Valid publish topics are: dict_keys([]) 
[default_server_endpoint-1] [ERROR] [1785151683.100850896] [unity_endpoint]: Not registered to publish topic '/clock'! Valid publish topics are: dict_keys([]) 
[default_server_endpoint-1] [ERROR] [1785151683.101743617] [unity_endpoint]: Not registered to publish topic '/imu/data'! Valid publish topics are: dict_keys([]) 
[default_server_endpoint-1] [ERROR] [1785151683.102470383] [unity_endpoint]: Not registered to publish topic '/clock'! Valid publish topics are: dict_keys([]) 
[default_server_endpoint-1] [ERROR] [1785151683.103106851] [unity_endpoint]: Not registered to publish topic '/imu/data'! Valid publish topics are: dict_keys([]) 
[default_server_endpoint-1] [ERROR] [1785151683.103703969] [unity_endpoint]: Not registered to publish topic '/clock'! Valid publish topics are: dict_keys([]) 
[default_server_endpoint-1] [ERROR] [1785151683.104241267] [unity_endpoint]: Not registered to publish topic '/imu/data'! Valid publish topics are: dict_keys([]) 
[default_server_endpoint-1] [ERROR] [1785151683.104711045] [unity_endpoint]: Not registered to publish topic '/clock'! Valid publish topics are: dict_keys([]) 
[default_server_endpoint-1] [ERROR] [1785151683.105294822] [unity_endpoint]: Not registered to publish topic '/imu/data'! Valid publish topics are: dict_keys([]) 
[default_server_endpoint-1] [ERROR] [1785151683.105908719] [unity_endpoint]: Not registered to publish topic '/ground_truth_pose'! Valid publish topics are: dict_keys([]) 
[default_server_endpoint-1] [ERROR] [1785151683.106532359] [unity_endpoint]: Not registered to publish topic '/clock'! Valid publish topics are: dict_keys([]) 
[default_server_endpoint-1] [ERROR] [1785151683.107129604] [unity_endpoint]: Not registered to publish topic '/imu/data'! Valid publish topics are: dict_keys([]) 
[default_server_endpoint-1] [ERROR] [1785151683.107682802] [unity_endpoint]: Not registered to publish topic '/clock'! Valid publish topics are: dict_keys([]) 
[default_server_endpoint-1] [ERROR] [1785151683.108249790] [unity_endpoint]: Not registered to publish topic '/imu/data'! Valid publish topics are: dict_keys([]) 
[default_server_endpoint-1] [ERROR] [1785151683.108841437] [unity_endpoint]: Not registered to publish topic '/clock'! Valid publish topics are: dict_keys([]) 
[default_server_endpoint-1] [ERROR] [1785151683.109509489] [unity_endpoint]: Not registered to publish topic '/imu/data'! Valid publish topics are: dict_keys([]) 
[default_server_endpoint-1] [ERROR] [1785151683.110118777] [unity_endpoint]: Not registered to publish topic '/clock'! Valid publish topics are: dict_keys([]) 
[default_server_endpoint-1] [ERROR] [1785151683.111161796] [unity_endpoint]: Not registered to publish topic '/imu/data'! Valid publish topics are: dict_keys([]) 
[default_server_endpoint-1] [ERROR] [1785151683.115689427] [unity_endpoint]: Not registered to publish topic '/clock'! Valid publish topics are: dict_keys([]) 
[default_server_endpoint-1] [ERROR] [1785151683.119641933] [unity_endpoint]: Not registered to publish topic '/imu/data'! Valid publish topics are: dict_keys([]) 
[default_server_endpoint-1] [ERROR] [1785151683.120311727] [unity_endpoint]: Not registered to publish topic '/clock'! Valid publish topics are: dict_keys([]) 
[default_server_endpoint-1] [ERROR] [1785151683.120940049] [unity_endpoint]: Not registered to publish topic '/imu/data'! Valid publish topics are: dict_keys([]) 
[default_server_endpoint-1] [ERROR] [1785151683.121532400] [unity_endpoint]: Not registered to publish topic '/clock'! Valid publish topics are: dict_keys([]) 
[default_server_endpoint-1] [ERROR] [1785151683.122128091] [unity_endpoint]: Not registered to publish topic '/imu/data'! Valid publish topics are: dict_keys([]) 
[default_server_endpoint-1] [ERROR] [1785151683.122713566] [unity_endpoint]: Not registered to publish topic '/clock'! Valid publish topics are: dict_keys([]) 
[default_server_endpoint-1] [ERROR] [1785151683.123315563] [unity_endpoint]: Not registered to publish topic '/imu/data'! Valid publish topics are: dict_keys([]) 
[default_server_endpoint-1] [ERROR] [1785151683.123904389] [unity_endpoint]: Not registered to publish topic '/clock'! Valid publish topics are: dict_keys([]) 
[default_server_endpoint-1] [ERROR] [1785151683.124528916] [unity_endpoint]: Not registered to publish topic '/imu/data'! Valid publish topics are: dict_keys([]) 
[default_server_endpoint-1] [ERROR] [1785151683.125171410] [unity_endpoint]: Not registered to publish topic '/clock'! Valid publish topics are: dict_keys([]) 
[default_server_endpoint-1] [ERROR] [1785151683.125848294] [unity_endpoint]: Not registered to publish topic '/imu/data'! Valid publish topics are: dict_keys([]) 
[default_server_endpoint-1] [ERROR] [1785151683.126444300] [unity_endpoint]: Not registered to publish topic '/ground_truth_pose'! Valid publish topics are: dict_keys([]) 
[default_server_endpoint-1] [ERROR] [1785151683.127022461] [unity_endpoint]: Not registered to publish topic '/clock'! Valid publish topics are: dict_keys([]) 
[default_server_endpoint-1] [ERROR] [1785151683.127702976] [unity_endpoint]: Not registered to publish topic '/imu/data'! Valid publish topics are: dict_keys([]) 
[default_server_endpoint-1] [ERROR] [1785151683.132605601] [unity_endpoint]: Not registered to publish topic '/clock'! Valid publish topics are: dict_keys([]) 
[default_server_endpoint-1] [ERROR] [1785151683.134340291] [unity_endpoint]: Not registered to publish topic '/imu/data'! Valid publish topics are: dict_keys([]) 
[default_server_endpoint-1] [ERROR] [1785151683.135524641] [unity_endpoint]: Not registered to publish topic '/clock'! Valid publish topics are: dict_keys([]) 
[default_server_endpoint-1] [ERROR] [1785151683.137353593] [unity_endpoint]: Not registered to publish topic '/imu/data'! Valid publish topics are: dict_keys([]) 
[default_server_endpoint-1] [ERROR] [1785151683.138247524] [unity_endpoint]: Not registered to publish topic '/clock'! Valid publish topics are: dict_keys([]) 
[default_server_endpoint-1] [ERROR] [1785151683.138897440] [unity_endpoint]: Not registered to publish topic '/imu/data'! Valid publish topics are: dict_keys([]) 
[default_server_endpoint-1] [ERROR] [1785151683.139492580] [unity_endpoint]: Not registered to publish topic '/clock'! Valid publish topics are: dict_keys([]) 
[default_server_endpoint-1] [ERROR] [1785151683.140051771] [unity_endpoint]: Not registered to publish topic '/imu/data'! Valid publish topics are: dict_keys([]) 
[default_server_endpoint-1] [ERROR] [1785151683.140692868] [unity_endpoint]: Not registered to publish topic '/clock'! Valid publish topics are: dict_keys([]) 
[default_server_endpoint-1] [ERROR] [1785151683.141311104] [unity_endpoint]: Not registered to publish topic '/imu/data'! Valid publish topics are: dict_keys([]) 
[default_server_endpoint-1] [ERROR] [1785151683.141901743] [unity_endpoint]: Not registered to publish topic '/clock'! Valid publish topics are: dict_keys([]) 
[default_server_endpoint-1] [ERROR] [1785151683.142469343] [unity_endpoint]: Not registered to publish topic '/imu/data'! Valid publish topics are: dict_keys([]) 
[default_server_endpoint-1] [ERROR] [1785151683.143009185] [unity_endpoint]: Not registered to publish topic '/clock'! Valid publish topics are: dict_keys([]) 
[default_server_endpoint-1] [ERROR] [1785151683.143567701] [unity_endpoint]: Not registered to publish topic '/imu/data'! Valid publish topics are: dict_keys([]) 
[default_server_endpoint-1] [ERROR] [1785151683.144341688] [unity_endpoint]: Not registered to publish topic '/clock'! Valid publish topics are: dict_keys([]) 
[default_server_endpoint-1] [ERROR] [1785151683.146498817] [unity_endpoint]: Not registered to publish topic '/imu/data'! Valid publish topics are: dict_keys([]) 
[default_server_endpoint-1] [ERROR] [1785151683.148911924] [unity_endpoint]: Not registered to publish topic '/clock'! Valid publish topics are: dict_keys([]) 
[default_server_endpoint-1] [ERROR] [1785151683.149950366] [unity_endpoint]: Not registered to publish topic '/imu/data'! Valid publish topics are: dict_keys([]) 
[default_server_endpoint-1] [ERROR] [1785151683.150958261] [unity_endpoint]: Not registered to publish topic '/ground_truth_pose'! Valid publish topics are: dict_keys([]) 
[default_server_endpoint-1] [ERROR] [1785151683.151943664] [unity_endpoint]: Not registered to publish topic '/clock'! Valid publish topics are: dict_keys([]) 
[default_server_endpoint-1] [ERROR] [1785151683.153167938] [unity_endpoint]: Not registered to publish topic '/imu/data'! Valid publish topics are: dict_keys([]) 
[default_server_endpoint-1] [ERROR] [1785151683.155020703] [unity_endpoint]: Not registered to publish topic '/scan'! Valid publish topics are: dict_keys([]) 
[default_server_endpoint-1] [ERROR] [1785151683.155877466] [unity_endpoint]: Not registered to publish topic '/clock'! Valid publish topics are: dict_keys([]) 
[default_server_endpoint-1] [ERROR] [1785151683.156538666] [unity_endpoint]: Not registered to publish topic '/imu/data'! Valid publish topics are: dict_keys([]) 
[default_server_endpoint-1] [ERROR] [1785151683.157201376] [unity_endpoint]: Not registered to publish topic '/clock'! Valid publish topics are: dict_keys([]) 
[default_server_endpoint-1] [ERROR] [1785151683.157829140] [unity_endpoint]: Not registered to publish topic '/imu/data'! Valid publish topics are: dict_keys([]) 
[default_server_endpoint-1] [ERROR] [1785151683.158476998] [unity_endpoint]: Not registered to publish topic '/clock'! Valid publish topics are: dict_keys([]) 
[default_server_endpoint-1] [ERROR] [1785151683.159068875] [unity_endpoint]: Not registered to publish topic '/imu/data'! Valid publish topics are: dict_keys([]) 
[default_server_endpoint-1] [ERROR] [1785151683.159608593] [unity_endpoint]: Not registered to publish topic '/clock'! Valid publish topics are: dict_keys([]) 
[default_server_endpoint-1] [ERROR] [1785151683.160238315] [unity_endpoint]: Not registered to publish topic '/imu/data'! Valid publish topics are: dict_keys([]) 
[default_server_endpoint-1] [ERROR] [1785151683.160830492] [unity_endpoint]: Not registered to publish topic '/clock'! Valid publish topics are: dict_keys([]) 
[default_server_endpoint-1] [ERROR] [1785151683.161391091] [unity_endpoint]: Not registered to publish topic '/imu/data'! Valid publish topics are: dict_keys([]) 
[default_server_endpoint-1] [ERROR] [1785151683.162144660] [unity_endpoint]: Not registered to publish topic '/clock'! Valid publish topics are: dict_keys([]) 
[default_server_endpoint-1] [ERROR] [1785151683.163951739] [unity_endpoint]: Not registered to publish topic '/imu/data'! Valid publish topics are: dict_keys([]) 
[default_server_endpoint-1] [ERROR] [1785151683.165452605] [unity_endpoint]: Not registered to publish topic '/clock'! Valid publish topics are: dict_keys([]) 
[default_server_endpoint-1] [ERROR] [1785151683.167681676] [unity_endpoint]: Not registered to publish topic '/imu/data'! Valid publish topics are: dict_keys([]) 
[default_server_endpoint-1] [ERROR] [1785151683.168978884] [unity_endpoint]: Not registered to publish topic '/clock'! Valid publish topics are: dict_keys([]) 
[default_server_endpoint-1] [ERROR] [1785151683.170606858] [unity_endpoint]: Not registered to publish topic '/imu/data'! Valid publish topics are: dict_keys([]) 
[default_server_endpoint-1] [ERROR] [1785151683.171426232] [unity_endpoint]: Not registered to publish topic '/clock'! Valid publish topics are: dict_keys([]) 
[default_server_endpoint-1] [ERROR] [1785151683.172086577] [unity_endpoint]: Not registered to publish topic '/imu/data'! Valid publish topics are: dict_keys([]) 
[default_server_endpoint-1] [ERROR] [1785151683.172702105] [unity_endpoint]: Not registered to publish topic '/ground_truth_pose'! Valid publish topics are: dict_keys([]) 
[default_server_endpoint-1] [ERROR] [1785151683.173371426] [unity_endpoint]: Not registered to publish topic '/clock'! Valid publish topics are: dict_keys([]) 
[default_server_endpoint-1] [ERROR] [1785151683.174071764] [unity_endpoint]: Not registered to publish topic '/imu/data'! Valid publish topics are: dict_keys([]) 
[default_server_endpoint-1] [ERROR] [1785151683.174787663] [unity_endpoint]: Not registered to publish topic '/clock'! Valid publish topics are: dict_keys([]) 
[default_server_endpoint-1] [ERROR] [1785151683.175464054] [unity_endpoint]: Not registered to publish topic '/imu/data'! Valid publish topics are: dict_keys([]) 
[default_server_endpoint-1] [ERROR] [1785151683.176102972] [unity_endpoint]: Not registered to publish topic '/clock'! Valid publish topics are: dict_keys([]) 
[default_server_endpoint-1] [ERROR] [1785151683.176657424] [unity_endpoint]: Not registered to publish topic '/imu/data'! Valid publish topics are: dict_keys([]) 
[default_server_endpoint-1] [ERROR] [1785151683.177332265] [unity_endpoint]: Not registered to publish topic '/clock'! Valid publish topics are: dict_keys([]) 
[default_server_endpoint-1] [ERROR] [1785151683.180555118] [unity_endpoint]: Not registered to publish topic '/imu/data'! Valid publish topics are: dict_keys([]) 
[default_server_endpoint-1] [ERROR] [1785151683.182083295] [unity_endpoint]: Not registered to publish topic '/clock'! Valid publish topics are: dict_keys([]) 
[default_server_endpoint-1] [ERROR] [1785151683.183144133] [unity_endpoint]: Not registered to publish topic '/imu/data'! Valid publish topics are: dict_keys([]) 
[default_server_endpoint-1] [ERROR] [1785151683.183903905] [unity_endpoint]: Not registered to publish topic '/clock'! Valid publish topics are: dict_keys([]) 
[default_server_endpoint-1] [ERROR] [1785151683.185363567] [unity_endpoint]: Not registered to publish topic '/imu/data'! Valid publish topics are: dict_keys([]) 
[default_server_endpoint-1] [ERROR] [1785151683.187480728] [unity_endpoint]: Not registered to publish topic '/clock'! Valid publish topics are: dict_keys([]) 
[default_server_endpoint-1] [ERROR] [1785151683.188267281] [unity_endpoint]: Not registered to publish topic '/imu/data'! Valid publish topics are: dict_keys([]) 
[default_server_endpoint-1] [ERROR] [1785151683.188961487] [unity_endpoint]: Not registered to publish topic '/clock'! Valid publish topics are: dict_keys([]) 
[default_server_endpoint-1] [ERROR] [1785151683.189694745] [unity_endpoint]: Not registered to publish topic '/imu/data'! Valid publish topics are: dict_keys([]) 
[default_server_endpoint-1] [ERROR] [1785151683.190323294] [unity_endpoint]: Not registered to publish topic '/clock'! Valid publish topics are: dict_keys([]) 
[default_server_endpoint-1] [ERROR] [1785151683.190913249] [unity_endpoint]: Not registered to publish topic '/imu/data'! Valid publish topics are: dict_keys([]) 
[default_server_endpoint-1] [ERROR] [1785151683.191571104] [unity_endpoint]: Not registered to publish topic '/clock'! Valid publish topics are: dict_keys([]) 
[default_server_endpoint-1] [ERROR] [1785151683.192504072] [unity_endpoint]: Not registered to publish topic '/imu/data'! Valid publish topics are: dict_keys([]) 
[default_server_endpoint-1] [ERROR] [1785151683.193217823] [unity_endpoint]: Not registered to publish topic '/ground_truth_pose'! Valid publish topics are: dict_keys([]) 
[default_server_endpoint-1] [ERROR] [1785151683.193827550] [unity_endpoint]: Not registered to publish topic '/clock'! Valid publish topics are: dict_keys([]) 
[default_server_endpoint-1] [ERROR] [1785151683.194379767] [unity_endpoint]: Not registered to publish topic '/imu/data'! Valid publish topics are: dict_keys([]) 
[default_server_endpoint-1] [ERROR] [1785151683.194924896] [unity_endpoint]: Not registered to publish topic '/clock'! Valid publish topics are: dict_keys([]) 
[default_server_endpoint-1] [ERROR] [1785151683.195522790] [unity_endpoint]: Not registered to publish topic '/imu/data'! Valid publish topics are: dict_keys([]) 
[default_server_endpoint-1] [ERROR] [1785151683.196049393] [unity_endpoint]: Not registered to publish topic '/clock'! Valid publish topics are: dict_keys([]) 
[default_server_endpoint-1] [ERROR] [1785151683.196564049] [unity_endpoint]: Not registered to publish topic '/imu/data'! Valid publish topics are: dict_keys([]) 
[default_server_endpoint-1] [ERROR] [1785151683.197089424] [unity_endpoint]: Not registered to publish topic '/clock'! Valid publish topics are: dict_keys([]) 
[default_server_endpoint-1] [ERROR] [1785151683.197757646] [unity_endpoint]: Not registered to publish topic '/imu/data'! Valid publish topics are: dict_keys([]) 
[default_server_endpoint-1] [ERROR] [1785151683.198294234] [unity_endpoint]: Not registered to publish topic '/clock'! Valid publish topics are: dict_keys([]) 
[default_server_endpoint-1] [ERROR] [1785151683.200351279] [unity_endpoint]: Not registered to publish topic '/imu/data'! Valid publish topics are: dict_keys([]) 
[default_server_endpoint-1] [ERROR] [1785151683.202287382] [unity_endpoint]: Not registered to publish topic '/clock'! Valid publish topics are: dict_keys([]) 
[default_server_endpoint-1] [ERROR] [1785151683.204519163] [unity_endpoint]: Not registered to publish topic '/imu/data'! Valid publish topics are: dict_keys([]) 
[default_server_endpoint-1] [ERROR] [1785151683.206565499] [unity_endpoint]: Not registered to publish topic '/scan'! Valid publish topics are: dict_keys([]) 
[default_server_endpoint-1] [ERROR] [1785151683.208077764] [unity_endpoint]: Not registered to publish topic '/clock'! Valid publish topics are: dict_keys([]) 
[default_server_endpoint-1] [ERROR] [1785151683.208899739] [unity_endpoint]: Not registered to publish topic '/imu/data'! Valid publish topics are: dict_keys([]) 
[default_server_endpoint-1] [ERROR] [1785151683.209688481] [unity_endpoint]: Not registered to publish topic '/clock'! Valid publish topics are: dict_keys([]) 
[default_server_endpoint-1] [ERROR] [1785151683.210601671] [unity_endpoint]: Not registered to publish topic '/imu/data'! Valid publish topics are: dict_keys([]) 
[default_server_endpoint-1] [ERROR] [1785151683.211291185] [unity_endpoint]: Not registered to publish topic '/clock'! Valid publish topics are: dict_keys([]) 
[default_server_endpoint-1] [ERROR] [1785151683.211864594] [unity_endpoint]: Not registered to publish topic '/imu/data'! Valid publish topics are: dict_keys([]) 
[default_server_endpoint-1] [ERROR] [1785151683.212379940] [unity_endpoint]: Not registered to publish topic '/clock'! Valid publish topics are: dict_keys([]) 
[default_server_endpoint-1] [ERROR] [1785151683.212975375] [unity_endpoint]: Not registered to publish topic '/imu/data'! Valid publish topics are: dict_keys([]) 
[default_server_endpoint-1] [ERROR] [1785151683.213756469] [unity_endpoint]: Not registered to publish topic '/ground_truth_pose'! Valid publish topics are: dict_keys([]) 
[default_server_endpoint-1] [ERROR] [1785151683.214934939] [unity_endpoint]: Not registered to publish topic '/clock'! Valid publish topics are: dict_keys([]) 
[default_server_endpoint-1] [ERROR] [1785151683.216242720] [unity_endpoint]: Not registered to publish topic '/imu/data'! Valid publish topics are: dict_keys([]) 
[default_server_endpoint-1] [ERROR] [1785151683.217162336] [unity_endpoint]: Not registered to publish topic '/clock'! Valid publish topics are: dict_keys([]) 
[default_server_endpoint-1] [ERROR] [1785151683.217878737] [unity_endpoint]: Not registered to publish topic '/imu/data'! Valid publish topics are: dict_keys([]) 
[default_server_endpoint-1] [ERROR] [1785151683.218727022] [unity_endpoint]: Not registered to publish topic '/clock'! Valid publish topics are: dict_keys([]) 
[default_server_endpoint-1] [ERROR] [1785151683.219490028] [unity_endpoint]: Not registered to publish topic '/imu/data'! Valid publish topics are: dict_keys([]) 
[default_server_endpoint-1] [ERROR] [1785151683.220554412] [unity_endpoint]: Not registered to publish topic '/clock'! Valid publish topics are: dict_keys([]) 
[default_server_endpoint-1] [ERROR] [1785151683.222234749] [unity_endpoint]: Not registered to publish topic '/imu/data'! Valid publish topics are: dict_keys([]) 
[default_server_endpoint-1] [ERROR] [1785151683.223890795] [unity_endpoint]: Not registered to publish topic '/clock'! Valid publish topics are: dict_keys([]) 
[default_server_endpoint-1] [ERROR] [1785151683.225023779] [unity_endpoint]: Not registered to publish topic '/imu/data'! Valid publish topics are: dict_keys([]) 
[default_server_endpoint-1] [ERROR] [1785151683.226016330] [unity_endpoint]: Not registered to publish topic '/clock'! Valid publish topics are: dict_keys([]) 
[default_server_endpoint-1] [ERROR] [1785151683.226621830] [unity_endpoint]: Not registered to publish topic '/imu/data'! Valid publish topics are: dict_keys([]) 
[default_server_endpoint-1] [ERROR] [1785151683.227194729] [unity_endpoint]: Not registered to publish topic '/clock'! Valid publish topics are: dict_keys([]) 
[default_server_endpoint-1] [ERROR] [1785151683.227803945] [unity_endpoint]: Not registered to publish topic '/imu/data'! Valid publish topics are: dict_keys([]) 
[default_server_endpoint-1] [ERROR] [1785151683.228342329] [unity_endpoint]: Not registered to publish topic '/clock'! Valid publish topics are: dict_keys([]) 
[default_server_endpoint-1] [ERROR] [1785151683.228866828] [unity_endpoint]: Not registered to publish topic '/imu/data'! Valid publish topics are: dict_keys([]) 
[default_server_endpoint-1] [ERROR] [1785151683.229387586] [unity_endpoint]: Not registered to publish topic '/clock'! Valid publish topics are: dict_keys([]) 
[default_server_endpoint-1] [ERROR] [1785151683.230133643] [unity_endpoint]: Not registered to publish topic '/imu/data'! Valid publish topics are: dict_keys([]) 
[default_server_endpoint-1] [ERROR] [1785151683.230843754] [unity_endpoint]: Not registered to publish topic '/clock'! Valid publish topics are: dict_keys([]) 
[default_server_endpoint-1] [ERROR] [1785151683.231526684] [unity_endpoint]: Not registered to publish topic '/imu/data'! Valid publish topics are: dict_keys([]) 
[default_server_endpoint-1] [ERROR] [1785151683.232120799] [unity_endpoint]: Not registered to publish topic '/ground_truth_pose'! Valid publish topics are: dict_keys([]) 
[default_server_endpoint-1] [ERROR] [1785151683.232716134] [unity_endpoint]: Not registered to publish topic '/clock'! Valid publish topics are: dict_keys([]) 
[default_server_endpoint-1] [ERROR] [1785151683.233452999] [unity_endpoint]: Not registered to publish topic '/imu/data'! Valid publish topics are: dict_keys([]) 
[default_server_endpoint-1] [ERROR] [1785151683.233992571] [unity_endpoint]: Not registered to publish topic '/clock'! Valid publish topics are: dict_keys([]) 
[default_server_endpoint-1] [ERROR] [1785151683.234564735] [unity_endpoint]: Not registered to publish topic '/imu/data'! Valid publish topics are: dict_keys([]) 
[default_server_endpoint-1] [ERROR] [1785151683.235114701] [unity_endpoint]: Not registered to publish topic '/clock'! Valid publish topics are: dict_keys([]) 
[default_server_endpoint-1] [ERROR] [1785151683.235648402] [unity_endpoint]: Not registered to publish topic '/imu/data'! Valid publish topics are: dict_keys([]) 
[default_server_endpoint-1] [ERROR] [1785151683.236178591] [unity_endpoint]: Not registered to publish topic '/clock'! Valid publish topics are: dict_keys([]) 
[default_server_endpoint-1] [ERROR] [1785151683.237354605] [unity_endpoint]: Not registered to publish topic '/imu/data'! Valid publish topics are: dict_keys([]) 
[default_server_endpoint-1] [ERROR] [1785151683.244433788] [unity_endpoint]: Not registered to publish topic '/clock'! Valid publish topics are: dict_keys([]) 
[default_server_endpoint-1] [ERROR] [1785151683.246496058] [unity_endpoint]: Not registered to publish topic '/imu/data'! Valid publish topics are: dict_keys([]) 
[default_server_endpoint-1] [ERROR] [1785151683.247577933] [unity_endpoint]: Not registered to publish topic '/clock'! Valid publish topics are: dict_keys([]) 
[default_server_endpoint-1] [ERROR] [1785151683.248312514] [unity_endpoint]: Not registered to publish topic '/imu/data'! Valid publish topics are: dict_keys([]) 
[default_server_endpoint-1] [ERROR] [1785151683.248956054] [unity_endpoint]: Not registered to publish topic '/clock'! Valid publish topics are: dict_keys([]) 
[default_server_endpoint-1] [ERROR] [1785151683.249668349] [unity_endpoint]: Not registered to publish topic '/imu/data'! Valid publish topics are: dict_keys([]) 
[default_server_endpoint-1] [ERROR] [1785151683.250327282] [unity_endpoint]: Not registered to publish topic '/clock'! Valid publish topics are: dict_keys([]) 
[default_server_endpoint-1] [ERROR] [1785151683.251022896] [unity_endpoint]: Not registered to publish topic '/imu/data'! Valid publish topics are: dict_keys([]) 
[default_server_endpoint-1] [ERROR] [1785151683.251653205] [unity_endpoint]: Not registered to publish topic '/clock'! Valid publish topics are: dict_keys([]) 
[default_server_endpoint-1] [ERROR] [1785151683.252240957] [unity_endpoint]: Not registered to publish topic '/imu/data'! Valid publish topics are: dict_keys([]) 
[default_server_endpoint-1] [ERROR] [1785151683.252804430] [unity_endpoint]: Not registered to publish topic '/clock'! Valid publish topics are: dict_keys([]) 
[default_server_endpoint-1] [ERROR] [1785151683.253360298] [unity_endpoint]: Not registered to publish topic '/imu/data'! Valid publish topics are: dict_keys([]) 
[default_server_endpoint-1] [ERROR] [1785151683.253992351] [unity_endpoint]: Not registered to publish topic '/ground_truth_pose'! Valid publish topics are: dict_keys([]) 
[default_server_endpoint-1] [ERROR] [1785151683.254745466] [unity_endpoint]: Not registered to publish topic '/clock'! Valid publish topics are: dict_keys([]) 
[default_server_endpoint-1] [ERROR] [1785151683.255583529] [unity_endpoint]: Not registered to publish topic '/imu/data'! Valid publish topics are: dict_keys([]) 
[default_server_endpoint-1] [ERROR] [1785151683.256268988] [unity_endpoint]: Not registered to publish topic '/scan'! Valid publish topics are: dict_keys([]) 
[default_server_endpoint-1] [ERROR] [1785151683.257459681] [unity_endpoint]: Not registered to publish topic '/clock'! Valid publish topics are: dict_keys([]) 
[default_server_endpoint-1] [ERROR] [1785151683.258428997] [unity_endpoint]: Not registered to publish topic '/imu/data'! Valid publish topics are: dict_keys([]) 
[default_server_endpoint-1] [ERROR] [1785151683.259350140] [unity_endpoint]: Not registered to publish topic '/clock'! Valid publish topics are: dict_keys([]) 
[default_server_endpoint-1] [ERROR] [1785151683.262244854] [unity_endpoint]: Not registered to publish topic '/imu/data'! Valid publish topics are: dict_keys([]) 
[default_server_endpoint-1] [ERROR] [1785151683.264951982] [unity_endpoint]: Not registered to publish topic '/clock'! Valid publish topics are: dict_keys([]) 
[default_server_endpoint-1] [ERROR] [1785151683.269201141] [unity_endpoint]: Not registered to publish topic '/imu/data'! Valid publish topics are: dict_keys([]) 
[default_server_endpoint-1] [ERROR] [1785151683.270101522] [unity_endpoint]: Not registered to publish topic '/clock'! Valid publish topics are: dict_keys([]) 
[default_server_endpoint-1] [ERROR] [1785151683.270659546] [unity_endpoint]: Not registered to publish topic '/imu/data'! Valid publish topics are: dict_keys([]) 
[default_server_endpoint-1] [ERROR] [1785151683.271300358] [unity_endpoint]: Not registered to publish topic '/clock'! Valid publish topics are: dict_keys([]) 
[default_server_endpoint-1] [ERROR] [1785151683.272071054] [unity_endpoint]: Not registered to publish topic '/imu/data'! Valid publish topics are: dict_keys([]) 
[default_server_endpoint-1] [ERROR] [1785151683.276672689] [unity_endpoint]: Not registered to publish topic '/clock'! Valid publish topics are: dict_keys([]) 
[default_server_endpoint-1] [ERROR] [1785151683.280329919] [unity_endpoint]: Not registered to publish topic '/imu/data'! Valid publish topics are: dict_keys([]) 
[default_server_endpoint-1] [ERROR] [1785151683.281733943] [unity_endpoint]: Not registered to publish topic '/clock'! Valid publish topics are: dict_keys([]) 
[default_server_endpoint-1] [ERROR] [1785151683.282377683] [unity_endpoint]: Not registered to publish topic '/imu/data'! Valid publish topics are: dict_keys([]) 
[default_server_endpoint-1] [ERROR] [1785151683.282961234] [unity_endpoint]: Not registered to publish topic '/clock'! Valid publish topics are: dict_keys([]) 
[default_server_endpoint-1] [ERROR] [1785151683.283478363] [unity_endpoint]: Not registered to publish topic '/imu/data'! Valid publish topics are: dict_keys([]) 
[default_server_endpoint-1] [ERROR] [1785151683.284082007] [unity_endpoint]: Not registered to publish topic '/clock'! Valid publish topics are: dict_keys([]) 
[default_server_endpoint-1] [ERROR] [1785151683.284568225] [unity_endpoint]: Not registered to publish topic '/imu/data'! Valid publish topics are: dict_keys([]) 
[default_server_endpoint-1] [ERROR] [1785151683.285017737] [unity_endpoint]: Not registered to publish topic '/ground_truth_pose'! Valid publish topics are: dict_keys([]) 
[default_server_endpoint-1] [ERROR] [1785151683.285585633] [unity_endpoint]: Not registered to publish topic '/clock'! Valid publish topics are: dict_keys([]) 
[default_server_endpoint-1] [ERROR] [1785151683.286173429] [unity_endpoint]: Not registered to publish topic '/imu/data'! Valid publish topics are: dict_keys([]) 
[default_server_endpoint-1] [ERROR] [1785151683.286769890] [unity_endpoint]: Not registered to publish topic '/clock'! Valid publish topics are: dict_keys([]) 
[default_server_endpoint-1] [ERROR] [1785151683.287302714] [unity_endpoint]: Not registered to publish topic '/imu/data'! Valid publish topics are: dict_keys([]) 
[default_server_endpoint-1] [ERROR] [1785151683.287936445] [unity_endpoint]: Not registered to publish topic '/clock'! Valid publish topics are: dict_keys([]) 
[default_server_endpoint-1] [ERROR] [1785151683.288518121] [unity_endpoint]: Not registered to publish topic '/imu/data'! Valid publish topics are: dict_keys([]) 
[default_server_endpoint-1] [ERROR] [1785151683.289098786] [unity_endpoint]: Not registered to publish topic '/clock'! Valid publish topics are: dict_keys([]) 
[default_server_endpoint-1] [ERROR] [1785151683.289770658] [unity_endpoint]: Not registered to publish topic '/imu/data'! Valid publish topics are: dict_keys([]) 
[default_server_endpoint-1] [ERROR] [1785151683.290517576] [unity_endpoint]: Not registered to publish topic '/clock'! Valid publish topics are: dict_keys([]) 
[default_server_endpoint-1] [ERROR] [1785151683.292350463] [unity_endpoint]: Not registered to publish topic '/imu/data'! Valid publish topics are: dict_keys([]) 
[default_server_endpoint-1] [ERROR] [1785151683.298435918] [unity_endpoint]: Not registered to publish topic '/clock'! Valid publish topics are: dict_keys([]) 
[default_server_endpoint-1] [ERROR] [1785151683.299994829] [unity_endpoint]: Not registered to publish topic '/imu/data'! Valid publish topics are: dict_keys([]) 
[default_server_endpoint-1] [ERROR] [1785151683.300730361] [unity_endpoint]: Not registered to publish topic '/clock'! Valid publish topics are: dict_keys([]) 
[default_server_endpoint-1] [ERROR] [1785151683.302151403] [unity_endpoint]: Not registered to publish topic '/imu/data'! Valid publish topics are: dict_keys([]) 
[default_server_endpoint-1] [ERROR] [1785151683.302879289] [unity_endpoint]: Not registered to publish topic '/clock'! Valid publish topics are: dict_keys([]) 
[default_server_endpoint-1] [ERROR] [1785151683.303783225] [unity_endpoint]: Not registered to publish topic '/imu/data'! Valid publish topics are: dict_keys([]) 
[default_server_endpoint-1] [ERROR] [1785151683.304597662] [unity_endpoint]: Not registered to publish topic '/clock'! Valid publish topics are: dict_keys([]) 
[default_server_endpoint-1] [ERROR] [1785151683.305371940] [unity_endpoint]: Not registered to publish topic '/imu/data'! Valid publish topics are: dict_keys([]) 
[default_server_endpoint-1] [ERROR] [1785151683.306035093] [unity_endpoint]: Not registered to publish topic '/clock'! Valid publish topics are: dict_keys([]) 
[default_server_endpoint-1] [ERROR] [1785151683.306654946] [unity_endpoint]: Not registered to publish topic '/imu/data'! Valid publish topics are: dict_keys([]) 
[default_server_endpoint-1] [ERROR] [1785151683.307248032] [unity_endpoint]: Not registered to publish topic '/ground_truth_pose'! Valid publish topics are: dict_keys([]) 
[default_server_endpoint-1] [ERROR] [1785151683.307817190] [unity_endpoint]: Not registered to publish topic '/clock'! Valid publish topics are: dict_keys([]) 
[default_server_endpoint-1] [ERROR] [1785151683.308349230] [unity_endpoint]: Not registered to publish topic '/imu/data'! Valid publish topics are: dict_keys([]) 
[default_server_endpoint-1] [ERROR] [1785151683.308928584] [unity_endpoint]: Not registered to publish topic '/clock'! Valid publish topics are: dict_keys([]) 
[default_server_endpoint-1] [ERROR] [1785151683.309560835] [unity_endpoint]: Not registered to publish topic '/imu/data'! Valid publish topics are: dict_keys([]) 
[default_server_endpoint-1] [ERROR] [1785151683.310397390] [unity_endpoint]: Not registered to publish topic '/clock'! Valid publish topics are: dict_keys([]) 
[default_server_endpoint-1] [ERROR] [1785151683.314141557] [unity_endpoint]: Not registered to publish topic '/imu/data'! Valid publish topics are: dict_keys([]) 
[default_server_endpoint-1] [ERROR] [1785151683.320925698] [unity_endpoint]: Not registered to publish topic '/clock'! Valid publish topics are: dict_keys([]) 
[default_server_endpoint-1] [ERROR] [1785151683.321859063] [unity_endpoint]: Not registered to publish topic '/imu/data'! Valid publish topics are: dict_keys([]) 
[default_server_endpoint-1] [ERROR] [1785151683.322568128] [unity_endpoint]: Not registered to publish topic '/clock'! Valid publish topics are: dict_keys([]) 
[default_server_endpoint-1] [ERROR] [1785151683.323290774] [unity_endpoint]: Not registered to publish topic '/imu/data'! Valid publish topics are: dict_keys([]) 
[default_server_endpoint-1] [ERROR] [1785151683.323961848] [unity_endpoint]: Not registered to publish topic '/clock'! Valid publish topics are: dict_keys([]) 
[default_server_endpoint-1] [ERROR] [1785151683.324597151] [unity_endpoint]: Not registered to publish topic '/imu/data'! Valid publish topics are: dict_keys([]) 
[default_server_endpoint-1] [ERROR] [1785151683.325159191] [unity_endpoint]: Not registered to publish topic '/scan'! Valid publish topics are: dict_keys([]) 
[default_server_endpoint-1] [ERROR] [1785151683.325853827] [unity_endpoint]: Not registered to publish topic '/clock'! Valid publish topics are: dict_keys([]) 
[default_server_endpoint-1] [ERROR] [1785151683.326456228] [unity_endpoint]: Not registered to publish topic '/imu/data'! Valid publish topics are: dict_keys([]) 
[default_server_endpoint-1] [ERROR] [1785151683.327045566] [unity_endpoint]: Not registered to publish topic '/clock'! Valid publish topics are: dict_keys([]) 
[default_server_endpoint-1] [ERROR] [1785151683.327604446] [unity_endpoint]: Not registered to publish topic '/imu/data'! Valid publish topics are: dict_keys([]) 
[default_server_endpoint-1] [ERROR] [1785151683.328118630] [unity_endpoint]: Not registered to publish topic '/clock'! Valid publish topics are: dict_keys([]) 
[default_server_endpoint-1] [ERROR] [1785151683.328681662] [unity_endpoint]: Not registered to publish topic '/imu/data'! Valid publish topics are: dict_keys([]) 
[default_server_endpoint-1] [ERROR] [1785151683.329653033] [unity_endpoint]: Not registered to publish topic '/clock'! Valid publish topics are: dict_keys([]) 
[default_server_endpoint-1] [ERROR] [1785151683.330800927] [unity_endpoint]: Not registered to publish topic '/imu/data'! Valid publish topics are: dict_keys([]) 
[default_server_endpoint-1] [ERROR] [1785151683.331444594] [unity_endpoint]: Not registered to publish topic '/ground_truth_pose'! Valid publish topics are: dict_keys([]) 
[default_server_endpoint-1] [ERROR] [1785151683.331908459] [unity_endpoint]: Not registered to publish topic '/clock'! Valid publish topics are: dict_keys([]) 
[default_server_endpoint-1] [ERROR] [1785151683.332489425] [unity_endpoint]: Not registered to publish topic '/imu/data'! Valid publish topics are: dict_keys([]) 
[default_server_endpoint-1] [ERROR] [1785151683.333108824] [unity_endpoint]: Not registered to publish topic '/clock'! Valid publish topics are: dict_keys([]) 
[default_server_endpoint-1] [ERROR] [1785151683.333648112] [unity_endpoint]: Not registered to publish topic '/imu/data'! Valid publish topics are: dict_keys([]) 
[default_server_endpoint-1] [ERROR] [1785151683.334202066] [unity_endpoint]: Not registered to publish topic '/clock'! Valid publish topics are: dict_keys([]) 
[default_server_endpoint-1] [ERROR] [1785151683.334793977] [unity_endpoint]: Not registered to publish topic '/imu/data'! Valid publish topics are: dict_keys([]) 
[default_server_endpoint-1] [ERROR] [1785151683.335784718] [unity_endpoint]: Not registered to publish topic '/clock'! Valid publish topics are: dict_keys([]) 
[default_server_endpoint-1] [ERROR] [1785151683.337236672] [unity_endpoint]: Not registered to publish topic '/imu/data'! Valid publish topics are: dict_keys([]) 
[default_server_endpoint-1] [ERROR] [1785151683.339289057] [unity_endpoint]: Not registered to publish topic '/clock'! Valid publish topics are: dict_keys([]) 
[default_server_endpoint-1] [ERROR] [1785151683.340388233] [unity_endpoint]: Not registered to publish topic '/imu/data'! Valid publish topics are: dict_keys([]) 
[default_server_endpoint-1] [ERROR] [1785151683.341202789] [unity_endpoint]: Not registered to publish topic '/clock'! Valid publish topics are: dict_keys([]) 
[default_server_endpoint-1] [ERROR] [1785151683.341892703] [unity_endpoint]: Not registered to publish topic '/imu/data'! Valid publish topics are: dict_keys([]) 
[default_server_endpoint-1] [ERROR] [1785151683.342537441] [unity_endpoint]: Not registered to publish topic '/clock'! Valid publish topics are: dict_keys([]) 
[default_server_endpoint-1] [ERROR] [1785151683.343108255] [unity_endpoint]: Not registered to publish topic '/imu/data'! Valid publish topics are: dict_keys([]) 
[default_server_endpoint-1] [ERROR] [1785151683.343710705] [unity_endpoint]: Not registered to publish topic '/clock'! Valid publish topics are: dict_keys([]) 
[default_server_endpoint-1] [ERROR] [1785151683.344265652] [unity_endpoint]: Not registered to publish topic '/imu/data'! Valid publish topics are: dict_keys([]) 
[default_server_endpoint-1] [ERROR] [1785151683.344900919] [unity_endpoint]: Not registered to publish topic '/clock'! Valid publish topics are: dict_keys([]) 
[default_server_endpoint-1] [ERROR] [1785151683.345529536] [unity_endpoint]: Not registered to publish topic '/imu/data'! Valid publish topics are: dict_keys([]) 
[default_server_endpoint-1] [ERROR] [1785151683.346188166] [unity_endpoint]: Not registered to publish topic '/clock'! Valid publish topics are: dict_keys([]) 
[default_server_endpoint-1] [ERROR] [1785151683.348903805] [unity_endpoint]: Not registered to publish topic '/imu/data'! Valid publish topics are: dict_keys([]) 
[default_server_endpoint-1] [ERROR] [1785151683.352300149] [unity_endpoint]: Not registered to publish topic '/ground_truth_pose'! Valid publish topics are: dict_keys([]) 
[default_server_endpoint-1] [ERROR] [1785151683.353720401] [unity_endpoint]: Not registered to publish topic '/clock'! Valid publish topics are: dict_keys([]) 
[default_server_endpoint-1] [ERROR] [1785151683.354759827] [unity_endpoint]: Not registered to publish topic '/imu/data'! Valid publish topics are: dict_keys([]) 
[default_server_endpoint-1] [ERROR] [1785151683.356062299] [unity_endpoint]: Not registered to publish topic '/clock'! Valid publish topics are: dict_keys([]) 
[default_server_endpoint-1] [ERROR] [1785151683.356928271] [unity_endpoint]: Not registered to publish topic '/imu/data'! Valid publish topics are: dict_keys([]) 
[default_server_endpoint-1] [ERROR] [1785151683.357736972] [unity_endpoint]: Not registered to publish topic '/clock'! Valid publish topics are: dict_keys([]) 
[default_server_endpoint-1] [ERROR] [1785151683.358422717] [unity_endpoint]: Not registered to publish topic '/imu/data'! Valid publish topics are: dict_keys([]) 
[default_server_endpoint-1] [ERROR] [1785151683.359085703] [unity_endpoint]: Not registered to publish topic '/clock'! Valid publish topics are: dict_keys([]) 
[default_server_endpoint-1] [ERROR] [1785151683.359715127] [unity_endpoint]: Not registered to publish topic '/imu/data'! Valid publish topics are: dict_keys([]) 
[default_server_endpoint-1] [ERROR] [1785151683.360454235] [unity_endpoint]: Not registered to publish topic '/clock'! Valid publish topics are: dict_keys([]) 
[default_server_endpoint-1] [ERROR] [1785151683.361070182] [unity_endpoint]: Not registered to publish topic '/imu/data'! Valid publish topics are: dict_keys([]) 
[default_server_endpoint-1] [ERROR] [1785151683.361689758] [unity_endpoint]: Not registered to publish topic '/clock'! Valid publish topics are: dict_keys([]) 
[default_server_endpoint-1] [ERROR] [1785151683.362288836] [unity_endpoint]: Not registered to publish topic '/imu/data'! Valid publish topics are: dict_keys([]) 
[default_server_endpoint-1] [ERROR] [1785151683.362822898] [unity_endpoint]: Not registered to publish topic '/clock'! Valid publish topics are: dict_keys([]) 
[default_server_endpoint-1] [ERROR] [1785151683.363474818] [unity_endpoint]: Not registered to publish topic '/imu/data'! Valid publish topics are: dict_keys([]) 
[default_server_endpoint-1] [ERROR] [1785151683.364121740] [unity_endpoint]: Not registered to publish topic '/clock'! Valid publish topics are: dict_keys([]) 
[default_server_endpoint-1] [ERROR] [1785151683.364773442] [unity_endpoint]: Not registered to publish topic '/imu/data'! Valid publish topics are: dict_keys([]) 
[default_server_endpoint-1] [ERROR] [1785151683.365964023] [unity_endpoint]: Not registered to publish topic '/clock'! Valid publish topics are: dict_keys([]) 
[default_server_endpoint-1] [ERROR] [1785151683.368125581] [unity_endpoint]: Not registered to publish topic '/imu/data'! Valid publish topics are: dict_keys([]) 
[default_server_endpoint-1] [ERROR] [1785151683.369985904] [unity_endpoint]: Not registered to publish topic '/clock'! Valid publish topics are: dict_keys([]) 
[default_server_endpoint-1] [ERROR] [1785151683.371272925] [unity_endpoint]: Not registered to publish topic '/imu/data'! Valid publish topics are: dict_keys([]) 
[default_server_endpoint-1] [ERROR] [1785151683.374723767] [unity_endpoint]: Not registered to publish topic '/ground_truth_pose'! Valid publish topics are: dict_keys([]) 
[default_server_endpoint-1] [ERROR] [1785151683.375423753] [unity_endpoint]: Not registered to publish topic '/clock'! Valid publish topics are: dict_keys([]) 
[default_server_endpoint-1] [ERROR] [1785151683.375980352] [unity_endpoint]: Not registered to publish topic '/imu/data'! Valid publish topics are: dict_keys([]) 
[default_server_endpoint-1] [ERROR] [1785151683.376682870] [unity_endpoint]: Not registered to publish topic '/scan'! Valid publish topics are: dict_keys([]) 
[default_server_endpoint-1] [ERROR] [1785151683.377219921] [unity_endpoint]: Not registered to publish topic '/clock'! Valid publish topics are: dict_keys([]) 
[default_server_endpoint-1] [ERROR] [1785151683.377773837] [unity_endpoint]: Not registered to publish topic '/imu/data'! Valid publish topics are: dict_keys([]) 
[default_server_endpoint-1] [ERROR] [1785151683.378338840] [unity_endpoint]: Not registered to publish topic '/clock'! Valid publish topics are: dict_keys([]) 
[default_server_endpoint-1] [ERROR] [1785151683.379014444] [unity_endpoint]: Not registered to publish topic '/imu/data'! Valid publish topics are: dict_keys([]) 
[default_server_endpoint-1] [ERROR] [1785151683.379623370] [unity_endpoint]: Not registered to publish topic '/clock'! Valid publish topics are: dict_keys([]) 
[default_server_endpoint-1] [ERROR] [1785151683.380291736] [unity_endpoint]: Not registered to publish topic '/imu/data'! Valid publish topics are: dict_keys([]) 
[default_server_endpoint-1] [ERROR] [1785151683.381009913] [unity_endpoint]: Not registered to publish topic '/clock'! Valid publish topics are: dict_keys([]) 
[default_server_endpoint-1] [ERROR] [1785151683.381665129] [unity_endpoint]: Not registered to publish topic '/imu/data'! Valid publish topics are: dict_keys([]) 
[default_server_endpoint-1] [ERROR] [1785151683.382202690] [unity_endpoint]: Not registered to publish topic '/clock'! Valid publish topics are: dict_keys([]) 
[default_server_endpoint-1] [ERROR] [1785151683.382745447] [unity_endpoint]: Not registered to publish topic '/imu/data'! Valid publish topics are: dict_keys([]) 
[default_server_endpoint-1] [ERROR] [1785151683.383397780] [unity_endpoint]: Not registered to publish topic '/clock'! Valid publish topics are: dict_keys([]) 
[default_server_endpoint-1] [ERROR] [1785151683.384054723] [unity_endpoint]: Not registered to publish topic '/imu/data'! Valid publish topics are: dict_keys([]) 
[default_server_endpoint-1] [ERROR] [1785151683.386372987] [unity_endpoint]: Not registered to publish topic '/clock'! Valid publish topics are: dict_keys([]) 
[default_server_endpoint-1] [ERROR] [1785151683.390601522] [unity_endpoint]: Not registered to publish topic '/imu/data'! Valid publish topics are: dict_keys([]) 
[default_server_endpoint-1] [ERROR] [1785151683.391590186] [unity_endpoint]: Not registered to publish topic '/clock'! Valid publish topics are: dict_keys([]) 
[default_server_endpoint-1] [ERROR] [1785151683.392538066] [unity_endpoint]: Not registered to publish topic '/imu/data'! Valid publish topics are: dict_keys([]) 
[default_server_endpoint-1] [ERROR] [1785151683.393188606] [unity_endpoint]: Not registered to publish topic '/clock'! Valid publish topics are: dict_keys([]) 
[default_server_endpoint-1] [ERROR] [1785151683.393847770] [unity_endpoint]: Not registered to publish topic '/imu/data'! Valid publish topics are: dict_keys([]) 
[default_server_endpoint-1] [ERROR] [1785151683.394461815] [unity_endpoint]: Not registered to publish topic '/ground_truth_pose'! Valid publish topics are: dict_keys([]) 
[default_server_endpoint-1] [ERROR] [1785151683.395506362] [unity_endpoint]: Not registered to publish topic '/clock'! Valid publish topics are: dict_keys([]) 
[default_server_endpoint-1] [ERROR] [1785151683.396050611] [unity_endpoint]: Not registered to publish topic '/imu/data'! Valid publish topics are: dict_keys([]) 
[default_server_endpoint-1] [ERROR] [1785151683.396600901] [unity_endpoint]: Not registered to publish topic '/clock'! Valid publish topics are: dict_keys([]) 
[default_server_endpoint-1] [ERROR] [1785151683.397061771] [unity_endpoint]: Not registered to publish topic '/imu/data'! Valid publish topics are: dict_keys([]) 
[default_server_endpoint-1] [ERROR] [1785151683.397888703] [unity_endpoint]: Not registered to publish topic '/clock'! Valid publish topics are: dict_keys([]) 
[default_server_endpoint-1] [ERROR] [1785151683.398394327] [unity_endpoint]: Not registered to publish topic '/imu/data'! Valid publish topics are: dict_keys([]) 
[default_server_endpoint-1] [ERROR] [1785151683.398791745] [unity_endpoint]: Not registered to publish topic '/clock'! Valid publish topics are: dict_keys([]) 
[default_server_endpoint-1] [ERROR] [1785151683.399195097] [unity_endpoint]: Not registered to publish topic '/imu/data'! Valid publish topics are: dict_keys([]) 
[default_server_endpoint-1] [ERROR] [1785151683.399570377] [unity_endpoint]: Not registered to publish topic '/clock'! Valid publish topics are: dict_keys([]) 
[default_server_endpoint-1] [ERROR] [1785151683.399952043] [unity_endpoint]: Not registered to publish topic '/imu/data'! Valid publish topics are: dict_keys([]) 
[default_server_endpoint-1] [ERROR] [1785151683.402370613] [unity_endpoint]: Not registered to publish topic '/clock'! Valid publish topics are: dict_keys([]) 
[default_server_endpoint-1] [ERROR] [1785151683.406639237] [unity_endpoint]: Not registered to publish topic '/imu/data'! Valid publish topics are: dict_keys([]) 
[default_server_endpoint-1] [ERROR] [1785151683.408405610] [unity_endpoint]: Not registered to publish topic '/clock'! Valid publish topics are: dict_keys([]) 
[default_server_endpoint-1] [ERROR] [1785151683.409218054] [unity_endpoint]: Not registered to publish topic '/imu/data'! Valid publish topics are: dict_keys([]) 
[default_server_endpoint-1] [ERROR] [1785151683.410013663] [unity_endpoint]: Not registered to publish topic '/clock'! Valid publish topics are: dict_keys([]) 
[default_server_endpoint-1] [ERROR] [1785151683.410572201] [unity_endpoint]: Not registered to publish topic '/imu/data'! Valid publish topics are: dict_keys([]) 
[default_server_endpoint-1] [ERROR] [1785151683.411109613] [unity_endpoint]: Not registered to publish topic '/clock'! Valid publish topics are: dict_keys([]) 
[default_server_endpoint-1] [ERROR] [1785151683.411701359] [unity_endpoint]: Not registered to publish topic '/imu/data'! Valid publish topics are: dict_keys([]) 
[default_server_endpoint-1] [ERROR] [1785151683.412261813] [unity_endpoint]: Not registered to publish topic '/clock'! Valid publish topics are: dict_keys([]) 
[default_server_endpoint-1] [ERROR] [1785151683.412915140] [unity_endpoint]: Not registered to publish topic '/imu/data'! Valid publish topics are: dict_keys([]) 
[default_server_endpoint-1] [ERROR] [1785151683.413636350] [unity_endpoint]: Not registered to publish topic '/ground_truth_pose'! Valid publish topics are: dict_keys([]) 
[default_server_endpoint-1] [ERROR] [1785151683.414392890] [unity_endpoint]: Not registered to publish topic '/clock'! Valid publish topics are: dict_keys([]) 
[default_server_endpoint-1] [ERROR] [1785151683.415021150] [unity_endpoint]: Not registered to publish topic '/imu/data'! Valid publish topics are: dict_keys([]) 
[default_server_endpoint-1] [ERROR] [1785151683.415614886] [unity_endpoint]: Not registered to publish topic '/clock'! Valid publish topics are: dict_keys([]) 
[default_server_endpoint-1] [ERROR] [1785151683.416290706] [unity_endpoint]: Not registered to publish topic '/imu/data'! Valid publish topics are: dict_keys([]) 
[default_server_endpoint-1] [ERROR] [1785151683.416878664] [unity_endpoint]: Not registered to publish topic '/clock'! Valid publish topics are: dict_keys([]) 
[default_server_endpoint-1] [ERROR] [1785151683.417538437] [unity_endpoint]: Not registered to publish topic '/imu/data'! Valid publish topics are: dict_keys([]) 
[default_server_endpoint-1] [ERROR] [1785151683.418303680] [unity_endpoint]: Not registered to publish topic '/clock'! Valid publish topics are: dict_keys([]) 
[default_server_endpoint-1] [ERROR] [1785151683.418944246] [unity_endpoint]: Not registered to publish topic '/imu/data'! Valid publish topics are: dict_keys([]) 
[default_server_endpoint-1] [ERROR] [1785151683.419635105] [unity_endpoint]: Not registered to publish topic '/clock'! Valid publish topics are: dict_keys([]) 
[default_server_endpoint-1] [ERROR] [1785151683.420661116] [unity_endpoint]: Not registered to publish topic '/imu/data'! Valid publish topics are: dict_keys([]) 
[default_server_endpoint-1] [ERROR] [1785151683.422171009] [unity_endpoint]: Not registered to publish topic '/clock'! Valid publish topics are: dict_keys([]) 
[default_server_endpoint-1] [ERROR] [1785151683.422963473] [unity_endpoint]: Not registered to publish topic '/imu/data'! Valid publish topics are: dict_keys([]) 
[default_server_endpoint-1] [ERROR] [1785151683.424273324] [unity_endpoint]: Not registered to publish topic '/scan'! Valid publish topics are: dict_keys([]) 
[default_server_endpoint-1] [ERROR] [1785151683.425895898] [unity_endpoint]: Not registered to publish topic '/clock'! Valid publish topics are: dict_keys([]) 
[default_server_endpoint-1] [ERROR] [1785151683.427332002] [unity_endpoint]: Not registered to publish topic '/imu/data'! Valid publish topics are: dict_keys([]) 
[default_server_endpoint-1] [ERROR] [1785151683.427932337] [unity_endpoint]: Not registered to publish topic '/clock'! Valid publish topics are: dict_keys([]) 
[default_server_endpoint-1] [ERROR] [1785151683.428371445] [unity_endpoint]: Not registered to publish topic '/imu/data'! Valid publish topics are: dict_keys([]) 
[default_server_endpoint-1] [ERROR] [1785151683.428832497] [unity_endpoint]: Not registered to publish topic '/clock'! Valid publish topics are: dict_keys([]) 
[default_server_endpoint-1] [ERROR] [1785151683.429293630] [unity_endpoint]: Not registered to publish topic '/imu/data'! Valid publish topics are: dict_keys([]) 
[default_server_endpoint-1] [ERROR] [1785151683.429798157] [unity_endpoint]: Not registered to publish topic '/clock'! Valid publish topics are: dict_keys([]) 
[default_server_endpoint-1] [ERROR] [1785151683.430282669] [unity_endpoint]: Not registered to publish topic '/imu/data'! Valid publish topics are: dict_keys([]) 
[default_server_endpoint-1] [ERROR] [1785151683.430741902] [unity_endpoint]: Not registered to publish topic '/ground_truth_pose'! Valid publish topics are: dict_keys([]) 
[default_server_endpoint-1] [ERROR] [1785151683.431171729] [unity_endpoint]: Not registered to publish topic '/clock'! Valid publish topics are: dict_keys([]) 
[default_server_endpoint-1] [ERROR] [1785151683.432190233] [unity_endpoint]: Not registered to publish topic '/imu/data'! Valid publish topics are: dict_keys([]) 
[default_server_endpoint-1] [ERROR] [1785151683.432796050] [unity_endpoint]: Not registered to publish topic '/clock'! Valid publish topics are: dict_keys([]) 
[default_server_endpoint-1] [ERROR] [1785151683.433368265] [unity_endpoint]: Not registered to publish topic '/imu/data'! Valid publish topics are: dict_keys([]) 
[default_server_endpoint-1] [ERROR] [1785151683.433981804] [unity_endpoint]: Not registered to publish topic '/clock'! Valid publish topics are: dict_keys([]) 
[default_server_endpoint-1] [ERROR] [1785151683.434645809] [unity_endpoint]: Not registered to publish topic '/imu/data'! Valid publish topics are: dict_keys([]) 
[default_server_endpoint-1] [ERROR] [1785151683.435500376] [unity_endpoint]: Not registered to publish topic '/clock'! Valid publish topics are: dict_keys([]) 
[default_server_endpoint-1] [ERROR] [1785151683.436400679] [unity_endpoint]: Not registered to publish topic '/imu/data'! Valid publish topics are: dict_keys([]) 
[default_server_endpoint-1] [ERROR] [1785151683.437178229] [unity_endpoint]: Not registered to publish topic '/clock'! Valid publish topics are: dict_keys([]) 
[default_server_endpoint-1] [ERROR] [1785151683.437897439] [unity_endpoint]: Not registered to publish topic '/imu/data'! Valid publish topics are: dict_keys([]) 
[default_server_endpoint-1] [ERROR] [1785151683.438689779] [unity_endpoint]: Not registered to publish topic '/clock'! Valid publish topics are: dict_keys([]) 
[default_server_endpoint-1] [ERROR] [1785151683.439618859] [unity_endpoint]: Not registered to publish topic '/imu/data'! Valid publish topics are: dict_keys([]) 
[default_server_endpoint-1] [ERROR] [1785151683.440793981] [unity_endpoint]: Not registered to publish topic '/clock'! Valid publish topics are: dict_keys([]) 
[default_server_endpoint-1] [ERROR] [1785151683.442754002] [unity_endpoint]: Not registered to publish topic '/imu/data'! Valid publish topics are: dict_keys([]) 
[default_server_endpoint-1] [ERROR] [1785151683.444069363] [unity_endpoint]: Not registered to publish topic '/clock'! Valid publish topics are: dict_keys([]) 
[default_server_endpoint-1] [ERROR] [1785151683.444831843] [unity_endpoint]: Not registered to publish topic '/imu/data'! Valid publish topics are: dict_keys([]) 
[default_server_endpoint-1] [ERROR] [1785151683.445572356] [unity_endpoint]: Not registered to publish topic '/clock'! Valid publish topics are: dict_keys([]) 
[default_server_endpoint-1] [ERROR] [1785151683.446218996] [unity_endpoint]: Not registered to publish topic '/imu/data'! Valid publish topics are: dict_keys([]) 
[default_server_endpoint-1] [ERROR] [1785151683.446856929] [unity_endpoint]: Not registered to publish topic '/clock'! Valid publish topics are: dict_keys([]) 
[default_server_endpoint-1] [ERROR] [1785151683.447819005] [unity_endpoint]: Not registered to publish topic '/imu/data'! Valid publish topics are: dict_keys([]) 
[default_server_endpoint-1] [ERROR] [1785151683.448523080] [unity_endpoint]: Not registered to publish topic '/ground_truth_pose'! Valid publish topics are: dict_keys([]) 
[default_server_endpoint-1] [ERROR] [1785151683.449106262] [unity_endpoint]: Not registered to publish topic '/clock'! Valid publish topics are: dict_keys([]) 
[default_server_endpoint-1] [ERROR] [1785151683.449734369] [unity_endpoint]: Not registered to publish topic '/imu/data'! Valid publish topics are: dict_keys([]) 
[default_server_endpoint-1] [ERROR] [1785151683.450576901] [unity_endpoint]: Not registered to publish topic '/clock'! Valid publish topics are: dict_keys([]) 
[default_server_endpoint-1] [ERROR] [1785151683.451271038] [unity_endpoint]: Not registered to publish topic '/imu/data'! Valid publish topics are: dict_keys([]) 
[default_server_endpoint-1] [ERROR] [1785151683.451825266] [unity_endpoint]: Not registered to publish topic '/clock'! Valid publish topics are: dict_keys([]) 
[default_server_endpoint-1] [ERROR] [1785151683.452511819] [unity_endpoint]: Not registered to publish topic '/imu/data'! Valid publish topics are: dict_keys([]) 
[default_server_endpoint-1] [ERROR] [1785151683.453191498] [unity_endpoint]: Not registered to publish topic '/clock'! Valid publish topics are: dict_keys([]) 
[default_server_endpoint-1] [ERROR] [1785151683.453857155] [unity_endpoint]: Not registered to publish topic '/imu/data'! Valid publish topics are: dict_keys([]) 
[default_server_endpoint-1] [ERROR] [1785151683.454469662] [unity_endpoint]: Not registered to publish topic '/clock'! Valid publish topics are: dict_keys([]) 
[default_server_endpoint-1] [ERROR] [1785151683.455058215] [unity_endpoint]: Not registered to publish topic '/imu/data'! Valid publish topics are: dict_keys([]) 
[default_server_endpoint-1] [ERROR] [1785151683.455756902] [unity_endpoint]: Not registered to publish topic '/clock'! Valid publish topics are: dict_keys([]) 
[default_server_endpoint-1] [ERROR] [1785151683.456448276] [unity_endpoint]: Not registered to publish topic '/imu/data'! Valid publish topics are: dict_keys([]) 
[default_server_endpoint-1] [ERROR] [1785151683.457128576] [unity_endpoint]: Not registered to publish topic '/clock'! Valid publish topics are: dict_keys([]) 
[default_server_endpoint-1] [ERROR] [1785151683.458377790] [unity_endpoint]: Not registered to publish topic '/imu/data'! Valid publish topics are: dict_keys([]) 
[default_server_endpoint-1] [ERROR] [1785151683.459973964] [unity_endpoint]: Not registered to publish topic '/clock'! Valid publish topics are: dict_keys([]) 
[default_server_endpoint-1] [ERROR] [1785151683.460845268] [unity_endpoint]: Not registered to publish topic '/imu/data'! Valid publish topics are: dict_keys([]) 
[default_server_endpoint-1] [ERROR] [1785151683.462995907] [unity_endpoint]: Not registered to publish topic '/clock'! Valid publish topics are: dict_keys([]) 
[default_server_endpoint-1] [ERROR] [1785151683.464490224] [unity_endpoint]: Not registered to publish topic '/imu/data'! Valid publish topics are: dict_keys([]) 
[default_server_endpoint-1] [ERROR] [1785151683.465635784] [unity_endpoint]: Not registered to publish topic '/clock'! Valid publish topics are: dict_keys([]) 
[default_server_endpoint-1] [ERROR] [1785151683.466868008] [unity_endpoint]: Not registered to publish topic '/imu/data'! Valid publish topics are: dict_keys([]) 
[default_server_endpoint-1] [ERROR] [1785151683.467544713] [unity_endpoint]: Not registered to publish topic '/ground_truth_pose'! Valid publish topics are: dict_keys([]) 
[default_server_endpoint-1] [ERROR] [1785151683.468246255] [unity_endpoint]: Not registered to publish topic '/clock'! Valid publish topics are: dict_keys([]) 
[default_server_endpoint-1] [ERROR] [1785151683.468867480] [unity_endpoint]: Not registered to publish topic '/imu/data'! Valid publish topics are: dict_keys([]) 
[default_server_endpoint-1] [ERROR] [1785151683.469590059] [unity_endpoint]: Not registered to publish topic '/scan'! Valid publish topics are: dict_keys([]) 
[default_server_endpoint-1] [ERROR] [1785151683.470180543] [unity_endpoint]: Not registered to publish topic '/clock'! Valid publish topics are: dict_keys([]) 
[default_server_endpoint-1] [ERROR] [1785151683.470741156] [unity_endpoint]: Not registered to publish topic '/imu/data'! Valid publish topics are: dict_keys([]) 
[default_server_endpoint-1] [ERROR] [1785151683.471224125] [unity_endpoint]: Not registered to publish topic '/clock'! Valid publish topics are: dict_keys([]) 
[default_server_endpoint-1] [ERROR] [1785151683.471631712] [unity_endpoint]: Not registered to publish topic '/imu/data'! Valid publish topics are: dict_keys([]) 
[default_server_endpoint-1] [ERROR] [1785151683.472055405] [unity_endpoint]: Not registered to publish topic '/clock'! Valid publish topics are: dict_keys([]) 
[default_server_endpoint-1] [ERROR] [1785151683.472435992] [unity_endpoint]: Not registered to publish topic '/imu/data'! Valid publish topics are: dict_keys([]) 
[default_server_endpoint-1] [ERROR] [1785151683.472943182] [unity_endpoint]: Not registered to publish topic '/clock'! Valid publish topics are: dict_keys([]) 
[default_server_endpoint-1] [ERROR] [1785151683.473656644] [unity_endpoint]: Not registered to publish topic '/imu/data'! Valid publish topics are: dict_keys([]) 
[default_server_endpoint-1] [ERROR] [1785151683.474786391] [unity_endpoint]: Not registered to publish topic '/clock'! Valid publish topics are: dict_keys([]) 
[default_server_endpoint-1] [ERROR] [1785151683.477827388] [unity_endpoint]: Not registered to publish topic '/imu/data'! Valid publish topics are: dict_keys([]) 
[default_server_endpoint-1] [ERROR] [1785151683.482598276] [unity_endpoint]: Not registered to publish topic '/clock'! Valid publish topics are: dict_keys([]) 
[default_server_endpoint-1] [ERROR] [1785151683.483416303] [unity_endpoint]: Not registered to publish topic '/imu/data'! Valid publish topics are: dict_keys([]) 
[default_server_endpoint-1] [ERROR] [1785151683.483933176] [unity_endpoint]: Not registered to publish topic '/clock'! Valid publish topics are: dict_keys([]) 
[default_server_endpoint-1] [ERROR] [1785151683.484415559] [unity_endpoint]: Not registered to publish topic '/imu/data'! Valid publish topics are: dict_keys([]) 
[default_server_endpoint-1] [ERROR] [1785151683.484856215] [unity_endpoint]: Not registered to publish topic '/clock'! Valid publish topics are: dict_keys([]) 
[default_server_endpoint-1] [ERROR] [1785151683.485863971] [unity_endpoint]: Not registered to publish topic '/imu/data'! Valid publish topics are: dict_keys([]) 
[default_server_endpoint-1] [ERROR] [1785151683.486507081] [unity_endpoint]: Not registered to publish topic '/clock'! Valid publish topics are: dict_keys([]) 
[default_server_endpoint-1] [ERROR] [1785151683.487218114] [unity_endpoint]: Not registered to publish topic '/imu/data'! Valid publish topics are: dict_keys([]) 
[default_server_endpoint-1] [ERROR] [1785151683.487891086] [unity_endpoint]: Not registered to publish topic '/ground_truth_pose'! Valid publish topics are: dict_keys([]) 
[default_server_endpoint-1] [ERROR] [1785151683.488511664] [unity_endpoint]: Not registered to publish topic '/clock'! Valid publish topics are: dict_keys([]) 
[default_server_endpoint-1] [ERROR] [1785151683.489222274] [unity_endpoint]: Not registered to publish topic '/imu/data'! Valid publish topics are: dict_keys([]) 
[default_server_endpoint-1] [ERROR] [1785151683.489927162] [unity_endpoint]: Not registered to publish topic '/clock'! Valid publish topics are: dict_keys([]) 
[default_server_endpoint-1] [ERROR] [1785151683.490456382] [unity_endpoint]: Not registered to publish topic '/imu/data'! Valid publish topics are: dict_keys([]) 
[default_server_endpoint-1] [ERROR] [1785151683.490980411] [unity_endpoint]: Not registered to publish topic '/clock'! Valid publish topics are: dict_keys([]) 
[default_server_endpoint-1] [ERROR] [1785151683.491392959] [unity_endpoint]: Not registered to publish topic '/imu/data'! Valid publish topics are: dict_keys([]) 
[default_server_endpoint-1] [ERROR] [1785151683.491936617] [unity_endpoint]: Not registered to publish topic '/clock'! Valid publish topics are: dict_keys([]) 
[default_server_endpoint-1] [ERROR] [1785151683.492526336] [unity_endpoint]: Not registered to publish topic '/imu/data'! Valid publish topics are: dict_keys([]) 
[default_server_endpoint-1] [ERROR] [1785151683.493161313] [unity_endpoint]: Not registered to publish topic '/clock'! Valid publish topics are: dict_keys([]) 
[default_server_endpoint-1] [ERROR] [1785151683.493631828] [unity_endpoint]: Not registered to publish topic '/imu/data'! Valid publish topics are: dict_keys([]) 
[default_server_endpoint-1] [ERROR] [1785151683.494052965] [unity_endpoint]: Not registered to publish topic '/clock'! Valid publish topics are: dict_keys([]) 
[default_server_endpoint-1] [ERROR] [1785151683.494472516] [unity_endpoint]: Not registered to publish topic '/imu/data'! Valid publish topics are: dict_keys([]) 
[default_server_endpoint-1] [ERROR] [1785151683.498902828] [unity_endpoint]: Not registered to publish topic '/clock'! Valid publish topics are: dict_keys([]) 
[default_server_endpoint-1] [ERROR] [1785151683.500471431] [unity_endpoint]: Not registered to publish topic '/imu/data'! Valid publish topics are: dict_keys([]) 
[default_server_endpoint-1] [ERROR] [1785151683.502510946] [unity_endpoint]: Not registered to publish topic '/clock'! Valid publish topics are: dict_keys([]) 
[default_server_endpoint-1] [ERROR] [1785151683.503586747] [unity_endpoint]: Not registered to publish topic '/imu/data'! Valid publish topics are: dict_keys([]) 
[default_server_endpoint-1] [ERROR] [1785151683.504263642] [unity_endpoint]: Not registered to publish topic '/clock'! Valid publish topics are: dict_keys([]) 
[default_server_endpoint-1] [ERROR] [1785151683.504920491] [unity_endpoint]: Not registered to publish topic '/imu/data'! Valid publish topics are: dict_keys([]) 
[default_server_endpoint-1] [ERROR] [1785151683.505772306] [unity_endpoint]: Not registered to publish topic '/clock'! Valid publish topics are: dict_keys([]) 
[default_server_endpoint-1] [ERROR] [1785151683.506429245] [unity_endpoint]: Not registered to publish topic '/imu/data'! Valid publish topics are: dict_keys([]) 
[default_server_endpoint-1] [ERROR] [1785151683.507064700] [unity_endpoint]: Not registered to publish topic '/ground_truth_pose'! Valid publish topics are: dict_keys([]) 
[default_server_endpoint-1] [ERROR] [1785151683.507675787] [unity_endpoint]: Not registered to publish topic '/clock'! Valid publish topics are: dict_keys([]) 
[default_server_endpoint-1] [ERROR] [1785151683.508301602] [unity_endpoint]: Not registered to publish topic '/imu/data'! Valid publish topics are: dict_keys([]) 
[default_server_endpoint-1] [ERROR] [1785151683.508969814] [unity_endpoint]: Not registered to publish topic '/clock'! Valid publish topics are: dict_keys([]) 
[default_server_endpoint-1] [ERROR] [1785151683.509755244] [unity_endpoint]: Not registered to publish topic '/imu/data'! Valid publish topics are: dict_keys([]) 
[default_server_endpoint-1] [ERROR] [1785151683.510395571] [unity_endpoint]: Not registered to publish topic '/clock'! Valid publish topics are: dict_keys([]) 
[default_server_endpoint-1] [ERROR] [1785151683.510915584] [unity_endpoint]: Not registered to publish topic '/imu/data'! Valid publish topics are: dict_keys([]) 
[default_server_endpoint-1] [ERROR] [1785151683.511462432] [unity_endpoint]: Not registered to publish topic '/clock'! Valid publish topics are: dict_keys([]) 
[default_server_endpoint-1] [ERROR] [1785151683.512334997] [unity_endpoint]: Not registered to publish topic '/imu/data'! Valid publish topics are: dict_keys([]) 
[default_server_endpoint-1] [ERROR] [1785151683.522107560] [unity_endpoint]: Not registered to publish topic '/clock'! Valid publish topics are: dict_keys([]) 
[default_server_endpoint-1] [ERROR] [1785151683.523005448] [unity_endpoint]: Not registered to publish topic '/imu/data'! Valid publish topics are: dict_keys([]) 
[default_server_endpoint-1] [ERROR] [1785151683.523588916] [unity_endpoint]: Not registered to publish topic '/clock'! Valid publish topics are: dict_keys([]) 
[default_server_endpoint-1] [ERROR] [1785151683.524143025] [unity_endpoint]: Not registered to publish topic '/imu/data'! Valid publish topics are: dict_keys([]) 
[default_server_endpoint-1] [ERROR] [1785151683.525005434] [unity_endpoint]: Not registered to publish topic '/scan'! Valid publish topics are: dict_keys([]) 
[default_server_endpoint-1] [ERROR] [1785151683.525600636] [unity_endpoint]: Not registered to publish topic '/clock'! Valid publish topics are: dict_keys([]) 
[default_server_endpoint-1] [ERROR] [1785151683.526137621] [unity_endpoint]: Not registered to publish topic '/imu/data'! Valid publish topics are: dict_keys([]) 
[default_server_endpoint-1] [ERROR] [1785151683.526616171] [unity_endpoint]: Not registered to publish topic '/clock'! Valid publish topics are: dict_keys([]) 
[default_server_endpoint-1] [ERROR] [1785151683.527186002] [unity_endpoint]: Not registered to publish topic '/imu/data'! Valid publish topics are: dict_keys([]) 
[default_server_endpoint-1] [ERROR] [1785151683.527682912] [unity_endpoint]: Not registered to publish topic '/clock'! Valid publish topics are: dict_keys([]) 
[default_server_endpoint-1] [ERROR] [1785151683.528256858] [unity_endpoint]: Not registered to publish topic '/imu/data'! Valid publish topics are: dict_keys([]) 
[default_server_endpoint-1] [ERROR] [1785151683.528782517] [unity_endpoint]: Not registered to publish topic '/clock'! Valid publish topics are: dict_keys([]) 
[default_server_endpoint-1] [ERROR] [1785151683.529380917] [unity_endpoint]: Not registered to publish topic '/imu/data'! Valid publish topics are: dict_keys([]) 
[default_server_endpoint-1] [ERROR] [1785151683.529980062] [unity_endpoint]: Not registered to publish topic '/ground_truth_pose'! Valid publish topics are: dict_keys([]) 
[default_server_endpoint-1] [ERROR] [1785151683.530694202] [unity_endpoint]: Not registered to publish topic '/clock'! Valid publish topics are: dict_keys([]) 
[default_server_endpoint-1] [ERROR] [1785151683.531276357] [unity_endpoint]: Not registered to publish topic '/imu/data'! Valid publish topics are: dict_keys([]) 
[default_server_endpoint-1] [ERROR] [1785151683.532060146] [unity_endpoint]: Not registered to publish topic '/clock'! Valid publish topics are: dict_keys([]) 
[default_server_endpoint-1] [ERROR] [1785151683.532827835] [unity_endpoint]: Not registered to publish topic '/imu/data'! Valid publish topics are: dict_keys([]) 
[default_server_endpoint-1] [ERROR] [1785151683.536587460] [unity_endpoint]: Not registered to publish topic '/clock'! Valid publish topics are: dict_keys([]) 
[default_server_endpoint-1] [ERROR] [1785151683.537361662] [unity_endpoint]: Not registered to publish topic '/imu/data'! Valid publish topics are: dict_keys([]) 
[default_server_endpoint-1] [ERROR] [1785151683.538880291] [unity_endpoint]: Not registered to publish topic '/clock'! Valid publish topics are: dict_keys([]) 
[default_server_endpoint-1] [ERROR] [1785151683.540369011] [unity_endpoint]: Not registered to publish topic '/imu/data'! Valid publish topics are: dict_keys([]) 
[default_server_endpoint-1] [ERROR] [1785151683.545327115] [unity_endpoint]: Not registered to publish topic '/clock'! Valid publish topics are: dict_keys([]) 
[default_server_endpoint-1] [ERROR] [1785151683.546285136] [unity_endpoint]: Not registered to publish topic '/imu/data'! Valid publish topics are: dict_keys([]) 
[default_server_endpoint-1] [ERROR] [1785151683.547061672] [unity_endpoint]: Not registered to publish topic '/clock'! Valid publish topics are: dict_keys([]) 
[default_server_endpoint-1] [ERROR] [1785151683.548355787] [unity_endpoint]: Not registered to publish topic '/imu/data'! Valid publish topics are: dict_keys([]) 
[default_server_endpoint-1] [ERROR] [1785151683.549388339] [unity_endpoint]: Not registered to publish topic '/clock'! Valid publish topics are: dict_keys([]) 
[default_server_endpoint-1] [ERROR] [1785151683.550220230] [unity_endpoint]: Not registered to publish topic '/imu/data'! Valid publish topics are: dict_keys([]) 
[default_server_endpoint-1] [ERROR] [1785151683.550911335] [unity_endpoint]: Not registered to publish topic '/clock'! Valid publish topics are: dict_keys([]) 
[default_server_endpoint-1] [ERROR] [1785151683.551687827] [unity_endpoint]: Not registered to publish topic '/imu/data'! Valid publish topics are: dict_keys([]) 
[default_server_endpoint-1] [ERROR] [1785151683.552352759] [unity_endpoint]: Not registered to publish topic '/clock'! Valid publish topics are: dict_keys([]) 
[default_server_endpoint-1] [ERROR] [1785151683.553094988] [unity_endpoint]: Not registered to publish topic '/imu/data'! Valid publish topics are: dict_keys([]) 
[default_server_endpoint-1] [ERROR] [1785151683.553860465] [unity_endpoint]: Not registered to publish topic '/clock'! Valid publish topics are: dict_keys([]) 
[default_server_endpoint-1] [ERROR] [1785151683.554402664] [unity_endpoint]: Not registered to publish topic '/imu/data'! Valid publish topics are: dict_keys([]) 
[default_server_endpoint-1] [ERROR] [1785151683.554958362] [unity_endpoint]: Not registered to publish topic '/ground_truth_pose'! Valid publish topics are: dict_keys([]) 
[default_server_endpoint-1] [ERROR] [1785151683.555545166] [unity_endpoint]: Not registered to publish topic '/clock'! Valid publish topics are: dict_keys([]) 
[default_server_endpoint-1] [ERROR] [1785151683.556119481] [unity_endpoint]: Not registered to publish topic '/imu/data'! Valid publish topics are: dict_keys([]) 
[default_server_endpoint-1] [ERROR] [1785151683.557073183] [unity_endpoint]: Not registered to publish topic '/clock'! Valid publish topics are: dict_keys([]) 
[default_server_endpoint-1] [ERROR] [1785151683.557848282] [unity_endpoint]: Not registered to publish topic '/imu/data'! Valid publish topics are: dict_keys([]) 
[default_server_endpoint-1] [ERROR] [1785151683.559524898] [unity_endpoint]: Not registered to publish topic '/clock'! Valid publish topics are: dict_keys([]) 
[default_server_endpoint-1] [ERROR] [1785151683.566511321] [unity_endpoint]: Not registered to publish topic '/imu/data'! Valid publish topics are: dict_keys([]) 
[default_server_endpoint-1] [ERROR] [1785151683.567605135] [unity_endpoint]: Not registered to publish topic '/clock'! Valid publish topics are: dict_keys([]) 
[default_server_endpoint-1] [ERROR] [1785151683.568245587] [unity_endpoint]: Not registered to publish topic '/imu/data'! Valid publish topics are: dict_keys([]) 
[default_server_endpoint-1] [ERROR] [1785151683.569142988] [unity_endpoint]: Not registered to publish topic '/clock'! Valid publish topics are: dict_keys([]) 
[default_server_endpoint-1] [ERROR] [1785151683.569793154] [unity_endpoint]: Not registered to publish topic '/imu/data'! Valid publish topics are: dict_keys([]) 
[default_server_endpoint-1] [ERROR] [1785151683.570399644] [unity_endpoint]: Not registered to publish topic '/clock'! Valid publish topics are: dict_keys([]) 
[default_server_endpoint-1] [ERROR] [1785151683.570975525] [unity_endpoint]: Not registered to publish topic '/imu/data'! Valid publish topics are: dict_keys([]) 
[default_server_endpoint-1] [ERROR] [1785151683.571606345] [unity_endpoint]: Not registered to publish topic '/clock'! Valid publish topics are: dict_keys([]) 
[default_server_endpoint-1] [ERROR] [1785151683.572244323] [unity_endpoint]: Not registered to publish topic '/imu/data'! Valid publish topics are: dict_keys([]) 
[default_server_endpoint-1] [ERROR] [1785151683.572837498] [unity_endpoint]: Not registered to publish topic '/clock'! Valid publish topics are: dict_keys([]) 
[default_server_endpoint-1] [ERROR] [1785151683.573401583] [unity_endpoint]: Not registered to publish topic '/imu/data'! Valid publish topics are: dict_keys([]) 
[default_server_endpoint-1] [ERROR] [1785151683.574014103] [unity_endpoint]: Not registered to publish topic '/clock'! Valid publish topics are: dict_keys([]) 
[default_server_endpoint-1] [ERROR] [1785151683.574671410] [unity_endpoint]: Not registered to publish topic '/imu/data'! Valid publish topics are: dict_keys([]) 
[default_server_endpoint-1] [ERROR] [1785151683.575298159] [unity_endpoint]: Not registered to publish topic '/clock'! Valid publish topics are: dict_keys([]) 
[default_server_endpoint-1] [ERROR] [1785151683.575905394] [unity_endpoint]: Not registered to publish topic '/imu/data'! Valid publish topics are: dict_keys([]) 
[default_server_endpoint-1] [ERROR] [1785151683.576566495] [unity_endpoint]: Not registered to publish topic '/ground_truth_pose'! Valid publish topics are: dict_keys([]) 
[default_server_endpoint-1] [ERROR] [1785151683.577255512] [unity_endpoint]: Not registered to publish topic '/clock'! Valid publish topics are: dict_keys([]) 
[default_server_endpoint-1] [ERROR] [1785151683.580017393] [unity_endpoint]: Not registered to publish topic '/imu/data'! Valid publish topics are: dict_keys([]) 
[default_server_endpoint-1] [ERROR] [1785151683.583824933] [unity_endpoint]: Not registered to publish topic '/scan'! Valid publish topics are: dict_keys([]) 
[default_server_endpoint-1] [ERROR] [1785151683.587606438] [unity_endpoint]: Not registered to publish topic '/clock'! Valid publish topics are: dict_keys([]) 
[default_server_endpoint-1] [ERROR] [1785151683.588372334] [unity_endpoint]: Not registered to publish topic '/imu/data'! Valid publish topics are: dict_keys([]) 
[default_server_endpoint-1] [ERROR] [1785151683.589039851] [unity_endpoint]: Not registered to publish topic '/clock'! Valid publish topics are: dict_keys([]) 
[default_server_endpoint-1] [ERROR] [1785151683.589998319] [unity_endpoint]: Not registered to publish topic '/imu/data'! Valid publish topics are: dict_keys([]) 
[default_server_endpoint-1] [ERROR] [1785151683.590732233] [unity_endpoint]: Not registered to publish topic '/clock'! Valid publish topics are: dict_keys([]) 
[default_server_endpoint-1] [ERROR] [1785151683.593126895] [unity_endpoint]: Not registered to publish topic '/imu/data'! Valid publish topics are: dict_keys([]) 
[default_server_endpoint-1] [ERROR] [1785151683.593882336] [unity_endpoint]: Not registered to publish topic '/clock'! Valid publish topics are: dict_keys([]) 
[default_server_endpoint-1] [ERROR] [1785151683.594527136] [unity_endpoint]: Not registered to publish topic '/imu/data'! Valid publish topics are: dict_keys([]) 
[default_server_endpoint-1] [ERROR] [1785151683.595129876] [unity_endpoint]: Not registered to publish topic '/clock'! Valid publish topics are: dict_keys([]) 
[default_server_endpoint-1] [ERROR] [1785151683.595667717] [unity_endpoint]: Not registered to publish topic '/imu/data'! Valid publish topics are: dict_keys([]) 
[default_server_endpoint-1] [ERROR] [1785151683.596340998] [unity_endpoint]: Not registered to publish topic '/clock'! Valid publish topics are: dict_keys([]) 
[default_server_endpoint-1] [ERROR] [1785151683.597617133] [unity_endpoint]: Not registered to publish topic '/imu/data'! Valid publish topics are: dict_keys([]) 
[default_server_endpoint-1] [ERROR] [1785151683.604557138] [unity_endpoint]: Not registered to publish topic '/clock'! Valid publish topics are: dict_keys([]) 
[default_server_endpoint-1] [ERROR] [1785151683.605597922] [unity_endpoint]: Not registered to publish topic '/imu/data'! Valid publish topics are: dict_keys([]) 
[default_server_endpoint-1] [ERROR] [1785151683.606264498] [unity_endpoint]: Not registered to publish topic '/clock'! Valid publish topics are: dict_keys([]) 
[default_server_endpoint-1] [ERROR] [1785151683.606929442] [unity_endpoint]: Not registered to publish topic '/imu/data'! Valid publish topics are: dict_keys([]) 
[default_server_endpoint-1] [ERROR] [1785151683.607631287] [unity_endpoint]: Not registered to publish topic '/clock'! Valid publish topics are: dict_keys([]) 
[default_server_endpoint-1] [ERROR] [1785151683.608459849] [unity_endpoint]: Not registered to publish topic '/imu/data'! Valid publish topics are: dict_keys([]) 
[default_server_endpoint-1] [ERROR] [1785151683.609094251] [unity_endpoint]: Not registered to publish topic '/ground_truth_pose'! Valid publish topics are: dict_keys([]) 
[default_server_endpoint-1] [ERROR] [1785151683.609722587] [unity_endpoint]: Not registered to publish topic '/clock'! Valid publish topics are: dict_keys([]) 
[default_server_endpoint-1] [ERROR] [1785151683.610351170] [unity_endpoint]: Not registered to publish topic '/imu/data'! Valid publish topics are: dict_keys([]) 
[default_server_endpoint-1] [ERROR] [1785151683.610981142] [unity_endpoint]: Not registered to publish topic '/clock'! Valid publish topics are: dict_keys([]) 
[default_server_endpoint-1] [ERROR] [1785151683.611565736] [unity_endpoint]: Not registered to publish topic '/imu/data'! Valid publish topics are: dict_keys([]) 
[default_server_endpoint-1] [ERROR] [1785151683.612180426] [unity_endpoint]: Not registered to publish topic '/clock'! Valid publish topics are: dict_keys([]) 
[default_server_endpoint-1] [ERROR] [1785151683.612913040] [unity_endpoint]: Not registered to publish topic '/imu/data'! Valid publish topics are: dict_keys([]) 
[default_server_endpoint-1] [ERROR] [1785151683.614212568] [unity_endpoint]: Not registered to publish topic '/clock'! Valid publish topics are: dict_keys([]) 
[default_server_endpoint-1] [ERROR] [1785151683.620919946] [unity_endpoint]: Not registered to publish topic '/imu/data'! Valid publish topics are: dict_keys([]) 
[default_server_endpoint-1] [ERROR] [1785151683.623953509] [unity_endpoint]: Not registered to publish topic '/clock'! Valid publish topics are: dict_keys([]) 
[default_server_endpoint-1] [ERROR] [1785151683.624698151] [unity_endpoint]: Not registered to publish topic '/imu/data'! Valid publish topics are: dict_keys([]) 
[default_server_endpoint-1] [ERROR] [1785151683.625292040] [unity_endpoint]: Not registered to publish topic '/clock'! Valid publish topics are: dict_keys([]) 
[default_server_endpoint-1] [ERROR] [1785151683.625977751] [unity_endpoint]: Not registered to publish topic '/imu/data'! Valid publish topics are: dict_keys([]) 
[default_server_endpoint-1] [ERROR] [1785151683.626679067] [unity_endpoint]: Not registered to publish topic '/clock'! Valid publish topics are: dict_keys([]) 
[default_server_endpoint-1] [ERROR] [1785151683.627299532] [unity_endpoint]: Not registered to publish topic '/imu/data'! Valid publish topics are: dict_keys([]) 
[default_server_endpoint-1] [ERROR] [1785151683.627902924] [unity_endpoint]: Not registered to publish topic '/clock'! Valid publish topics are: dict_keys([]) 
[default_server_endpoint-1] [ERROR] [1785151683.628489131] [unity_endpoint]: Not registered to publish topic '/imu/data'! Valid publish topics are: dict_keys([]) 
[default_server_endpoint-1] [ERROR] [1785151683.629174929] [unity_endpoint]: Not registered to publish topic '/clock'! Valid publish topics are: dict_keys([]) 
[default_server_endpoint-1] [ERROR] [1785151683.629887075] [unity_endpoint]: Not registered to publish topic '/imu/data'! Valid publish topics are: dict_keys([]) 
[default_server_endpoint-1] [ERROR] [1785151683.631809911] [unity_endpoint]: Not registered to publish topic '/clock'! Valid publish topics are: dict_keys([]) 
[default_server_endpoint-1] [ERROR] [1785151683.637853089] [unity_endpoint]: Not registered to publish topic '/imu/data'! Valid publish topics are: dict_keys([]) 
[default_server_endpoint-1] [ERROR] [1785151683.640326900] [unity_endpoint]: Not registered to publish topic '/ground_truth_pose'! Valid publish topics are: dict_keys([]) 
[default_server_endpoint-1] [ERROR] [1785151683.642090041] [unity_endpoint]: Not registered to publish topic '/clock'! Valid publish topics are: dict_keys([]) 
[default_server_endpoint-1] [ERROR] [1785151683.642953061] [unity_endpoint]: Not registered to publish topic '/imu/data'! Valid publish topics are: dict_keys([]) 
[default_server_endpoint-1] [ERROR] [1785151683.643617717] [unity_endpoint]: Not registered to publish topic '/clock'! Valid publish topics are: dict_keys([]) 
[default_server_endpoint-1] [ERROR] [1785151683.644184495] [unity_endpoint]: Not registered to publish topic '/imu/data'! Valid publish topics are: dict_keys([]) 
[default_server_endpoint-1] [ERROR] [1785151683.644778094] [unity_endpoint]: Not registered to publish topic '/clock'! Valid publish topics are: dict_keys([]) 
[default_server_endpoint-1] [ERROR] [1785151683.645372838] [unity_endpoint]: Not registered to publish topic '/imu/data'! Valid publish topics are: dict_keys([]) 
[default_server_endpoint-1] [ERROR] [1785151683.646051933] [unity_endpoint]: Not registered to publish topic '/clock'! Valid publish topics are: dict_keys([]) 
[default_server_endpoint-1] [ERROR] [1785151683.647875939] [unity_endpoint]: Not registered to publish topic '/imu/data'! Valid publish topics are: dict_keys([]) 
[default_server_endpoint-1] [ERROR] [1785151683.649597231] [unity_endpoint]: Not registered to publish topic '/clock'! Valid publish topics are: dict_keys([]) 
[default_server_endpoint-1] [ERROR] [1785151683.650797635] [unity_endpoint]: Not registered to publish topic '/imu/data'! Valid publish topics are: dict_keys([]) 
[default_server_endpoint-1] [ERROR] [1785151683.651779858] [unity_endpoint]: Not registered to publish topic '/clock'! Valid publish topics are: dict_keys([]) 
[default_server_endpoint-1] [ERROR] [1785151683.654692375] [unity_endpoint]: Not registered to publish topic '/imu/data'! Valid publish topics are: dict_keys([]) 
[default_server_endpoint-1] [ERROR] [1785151683.655619273] [unity_endpoint]: Not registered to publish topic '/scan'! Valid publish topics are: dict_keys([]) 
[default_server_endpoint-1] [ERROR] [1785151683.656277103] [unity_endpoint]: Not registered to publish topic '/clock'! Valid publish topics are: dict_keys([]) 
[default_server_endpoint-1] [ERROR] [1785151683.657007122] [unity_endpoint]: Not registered to publish topic '/imu/data'! Valid publish topics are: dict_keys([]) 
[default_server_endpoint-1] [ERROR] [1785151683.657795138] [unity_endpoint]: Not registered to publish topic '/clock'! Valid publish topics are: dict_keys([]) 
[default_server_endpoint-1] [ERROR] [1785151683.658512491] [unity_endpoint]: Not registered to publish topic '/imu/data'! Valid publish topics are: dict_keys([]) 
[default_server_endpoint-1] [ERROR] [1785151683.659265314] [unity_endpoint]: Not registered to publish topic '/clock'! Valid publish topics are: dict_keys([]) 
[default_server_endpoint-1] [ERROR] [1785151683.659953579] [unity_endpoint]: Not registered to publish topic '/imu/data'! Valid publish topics are: dict_keys([]) 
[default_server_endpoint-1] [ERROR] [1785151683.660661606] [unity_endpoint]: Not registered to publish topic '/clock'! Valid publish topics are: dict_keys([]) 
[default_server_endpoint-1] [ERROR] [1785151683.661391579] [unity_endpoint]: Not registered to publish topic '/imu/data'! Valid publish topics are: dict_keys([]) 
[default_server_endpoint-1] [ERROR] [1785151683.661996260] [unity_endpoint]: Not registered to publish topic '/ground_truth_pose'! Valid publish topics are: dict_keys([]) 
[default_server_endpoint-1] [ERROR] [1785151683.662555738] [unity_endpoint]: Not registered to publish topic '/clock'! Valid publish topics are: dict_keys([]) 
[default_server_endpoint-1] [ERROR] [1785151683.663249048] [unity_endpoint]: Not registered to publish topic '/imu/data'! Valid publish topics are: dict_keys([]) 
[default_server_endpoint-1] [ERROR] [1785151683.664331508] [unity_endpoint]: Not registered to publish topic '/clock'! Valid publish topics are: dict_keys([]) 
[default_server_endpoint-1] [ERROR] [1785151683.665627439] [unity_endpoint]: Not registered to publish topic '/imu/data'! Valid publish topics are: dict_keys([]) 
[default_server_endpoint-1] [ERROR] [1785151683.666459696] [unity_endpoint]: Not registered to publish topic '/clock'! Valid publish topics are: dict_keys([]) 
[default_server_endpoint-1] [ERROR] [1785151683.667129429] [unity_endpoint]: Not registered to publish topic '/imu/data'! Valid publish topics are: dict_keys([]) 
[default_server_endpoint-1] [ERROR] [1785151683.667725701] [unity_endpoint]: Not registered to publish topic '/clock'! Valid publish topics are: dict_keys([]) 
[default_server_endpoint-1] [ERROR] [1785151683.668302776] [unity_endpoint]: Not registered to publish topic '/imu/data'! Valid publish topics are: dict_keys([]) 
[default_server_endpoint-1] [ERROR] [1785151683.668908086] [unity_endpoint]: Not registered to publish topic '/clock'! Valid publish topics are: dict_keys([]) 
[default_server_endpoint-1] [ERROR] [1785151683.669638344] [unity_endpoint]: Not registered to publish topic '/imu/data'! Valid publish topics are: dict_keys([]) 
[default_server_endpoint-1] [ERROR] [1785151683.670254418] [unity_endpoint]: Not registered to publish topic '/clock'! Valid publish topics are: dict_keys([]) 
[default_server_endpoint-1] [ERROR] [1785151683.670837377] [unity_endpoint]: Not registered to publish topic '/imu/data'! Valid publish topics are: dict_keys([]) 
[default_server_endpoint-1] [ERROR] [1785151683.671386096] [unity_endpoint]: Not registered to publish topic '/clock'! Valid publish topics are: dict_keys([]) 
[default_server_endpoint-1] [ERROR] [1785151683.671948081] [unity_endpoint]: Not registered to publish topic '/imu/data'! Valid publish topics are: dict_keys([]) 
[default_server_endpoint-1] [ERROR] [1785151683.672512183] [unity_endpoint]: Not registered to publish topic '/clock'! Valid publish topics are: dict_keys([]) 
[default_server_endpoint-1] [ERROR] [1785151683.673067665] [unity_endpoint]: Not registered to publish topic '/imu/data'! Valid publish topics are: dict_keys([]) 
[default_server_endpoint-1] [ERROR] [1785151683.673803419] [unity_endpoint]: Not registered to publish topic '/clock'! Valid publish topics are: dict_keys([]) 
[default_server_endpoint-1] [ERROR] [1785151683.674912201] [unity_endpoint]: Not registered to publish topic '/imu/data'! Valid publish topics are: dict_keys([]) 
[default_server_endpoint-1] [ERROR] [1785151683.675951551] [unity_endpoint]: Not registered to publish topic '/clock'! Valid publish topics are: dict_keys([]) 
[default_server_endpoint-1] [ERROR] [1785151683.682896808] [unity_endpoint]: Not registered to publish topic '/imu/data'! Valid publish topics are: dict_keys([]) 
[default_server_endpoint-1] [ERROR] [1785151683.683888832] [unity_endpoint]: Not registered to publish topic '/ground_truth_pose'! Valid publish topics are: dict_keys([]) 
[default_server_endpoint-1] [ERROR] [1785151683.684829394] [unity_endpoint]: Not registered to publish topic '/clock'! Valid publish topics are: dict_keys([]) 
[default_server_endpoint-1] [ERROR] [1785151683.685585387] [unity_endpoint]: Not registered to publish topic '/imu/data'! Valid publish topics are: dict_keys([]) 
[default_server_endpoint-1] [ERROR] [1785151683.686198282] [unity_endpoint]: Not registered to publish topic '/clock'! Valid publish topics are: dict_keys([]) 
[default_server_endpoint-1] [ERROR] [1785151683.686785483] [unity_endpoint]: Not registered to publish topic '/imu/data'! Valid publish topics are: dict_keys([]) 
[default_server_endpoint-1] [WARN] [1785151683.687341458] [rcl.logging_rosout]: Publisher already registered for node name: 'unity_endpoint'. If this is due to multiple nodes with the same name then all logs for the logger named 'unity_endpoint' will go out over the existing publisher. As soon as any node with that name is destructed it will unregister the publisher, preventing any further logs for that name from being published on the rosout topic.
[default_server_endpoint-1] [INFO] [1785151683.712823339] [unity_endpoint]: RegisterPublisher(/clock, <class 'rosgraph_msgs.msg._clock.Clock'>) OK
[default_server_endpoint-1] [WARN] [1785151683.862869038] [rcl.logging_rosout]: Publisher already registered for node name: 'unity_endpoint'. If this is due to multiple nodes with the same name then all logs for the logger named 'unity_endpoint' will go out over the existing publisher. As soon as any node with that name is destructed it will unregister the publisher, preventing any further logs for that name from being published on the rosout topic.
[default_server_endpoint-1] [INFO] [1785151683.883761183] [unity_endpoint]: RegisterPublisher(/scan, <class 'sensor_msgs.msg._laser_scan.LaserScan'>) OK
[default_server_endpoint-1] [WARN] [1785151683.884220413] [rcl.logging_rosout]: Publisher already registered for node name: 'unity_endpoint'. If this is due to multiple nodes with the same name then all logs for the logger named 'unity_endpoint' will go out over the existing publisher. As soon as any node with that name is destructed it will unregister the publisher, preventing any further logs for that name from being published on the rosout topic.
[default_server_endpoint-1] [INFO] [1785151683.902794905] [unity_endpoint]: RegisterPublisher(/ground_truth_pose, <class 'nav_msgs.msg._odometry.Odometry'>) OK
[default_server_endpoint-1] [WARN] [1785151683.903363471] [rcl.logging_rosout]: Publisher already registered for node name: 'unity_endpoint'. If this is due to multiple nodes with the same name then all logs for the logger named 'unity_endpoint' will go out over the existing publisher. As soon as any node with that name is destructed it will unregister the publisher, preventing any further logs for that name from being published on the rosout topic.
[default_server_endpoint-1] [INFO] [1785151683.921558149] [unity_endpoint]: RegisterPublisher(/imu/data, <class 'sensor_msgs.msg._imu.Imu'>) OK
[INFO] [imu_preintegration_node-2]: process started with pid [228466]
[INFO] [backend_optimizer_node-3]: process started with pid [228467]
[INFO] [laser_scan_matching_node-4]: process started with pid [228468]
[INFO] [ball_tracking_node-5]: process started with pid [228469]
[INFO] [evaluator_node-6]: process started with pid [228470]
[ball_tracking_node-5] [INFO] [1785151685.380858144] [ball_tracking_node]: ball_tracking_node started
[laser_scan_matching_node-4] [INFO] [1785151685.380947655] [laser_scan_matching_node]: laser_scan_matching_node started (0 cylinders, 9 internal walls, field 5.572x3.310m, initial seed=(-2.419, 1.354, 0.000))
[laser_scan_matching_node-4] [WARN] [1785151685.485740640] [laser_scan_matching_node]: wall match rejected by quality check: mean_residual=0.097m (<=0.090) inlier_ratio=0.62 (>=0.40)
[laser_scan_matching_node-4] [INFO] [1785151685.486777163] [laser_scan_matching_node]: note rejection: 480/541 returns unexplained, 2 clusters -> 0 accepted, 0 points dropped (last extent=3.7154m; gate <=0.350m, min 4 points)
[imu_preintegration_node-2] [INFO] [1785151685.569075379] [imu_preintegration_node]: imu_preintegration_node started (waiting for first /state_estimate)
[backend_optimizer_node-3] [INFO] [1785151685.680996997] [backend_optimizer_node]: graph (re)initialized at X0=(-2.419, 1.354, 0.000) V0=(0.000, 0.000)
[backend_optimizer_node-3] [INFO] [1785151685.685579594] [backend_optimizer_node]: backend_optimizer_node started (0 cylinders registered)
[backend_optimizer_node-3] [WARN] [1785151685.991534979] [backend_optimizer_node]: skipping scan: only 0.0000s of IMU integrated since last node (need >= 0.0050s)
[backend_optimizer_node-3] [WARN] [1785151686.007659706] [backend_optimizer_node]: LiDAR wall correction unavailable for 15.00s (> 0.75s): drifting on IMU dead-reckoning
[laser_scan_matching_node-4] [WARN] [1785151686.407854462] [laser_scan_matching_node]: IMU coverage wait exceeded 0.050s, processing scan with extrapolated tail
[evaluator_node-6] [INFO] [1785151687.583623211] [unity_evaluator_node]: evaluator_node started: will run for 60.0s starting from the first /ground_truth_pose
[evaluator_node-6] [INFO] [1785151687.586032514] [unity_evaluator_node]: first ground truth received: measuring for 60.0s
[evaluator_node-6] [WARN] [1785151687.591413367] [unity_evaluator_node]: no /odom_fast samples matched to ground truth yet
[laser_scan_matching_node-4] [WARN] [1785151688.231277314] [laser_scan_matching_node]: IMU coverage wait exceeded 0.050s, processing scan with extrapolated tail
[laser_scan_matching_node-4] [WARN] [1785151688.237973931] [laser_scan_matching_node]: wall match rejected by quality check: mean_residual=0.094m (<=0.090) inlier_ratio=0.62 (>=0.40)
[backend_optimizer_node-3] [WARN] [1785151690.465809998] [backend_optimizer_node]: slow smoother update: 21.8ms (index 84)
[laser_scan_matching_node-4] [WARN] [1785151690.583481990] [laser_scan_matching_node]: wall match rejected by quality check: mean_residual=0.095m (<=0.090) inlier_ratio=0.63 (>=0.40)
[laser_scan_matching_node-4] [INFO] [1785151691.004254581] [laser_scan_matching_node]: note rejection: 534/541 returns unexplained, 2 clusters -> 0 accepted, 0 points dropped (last extent=3.6587m; gate <=0.350m, min 4 points)
[evaluator_node-6] [INFO] [1785151691.117522857] [unity_evaluator_node]: t=19.9s  直近5秒: pos_err mean=4496.39mm max=4801.68mm  samples=2917  detected_balls=0
[laser_scan_matching_node-4] [WARN] [1785151693.082722931] [laser_scan_matching_node]: IMU coverage wait exceeded 0.050s, processing scan with extrapolated tail
[laser_scan_matching_node-4] [WARN] [1785151694.090863293] [laser_scan_matching_node]: IMU coverage wait exceeded 0.050s, processing scan with extrapolated tail
[backend_optimizer_node-3] [WARN] [1785151694.091493008] [backend_optimizer_node]: wall correction downweighted by DCS: d_xy=0.102m (> 0.047m, dt=0.025s, scale=2.20x) — reduced confidence, not rejected
[backend_optimizer_node-3] [WARN] [1785151694.119505863] [backend_optimizer_node]: slow smoother update: 27.9ms (index 180)
[backend_optimizer_node-3] [WARN] [1785151694.779891836] [backend_optimizer_node]: LiDAR wall correction unavailable for 0.78s (> 0.75s): drifting on IMU dead-reckoning
[laser_scan_matching_node-4] [WARN] [1785151695.382403629] [laser_scan_matching_node]: IMU coverage wait exceeded 0.050s, processing scan with extrapolated tail
[laser_scan_matching_node-4] [INFO] [1785151695.903768934] [laser_scan_matching_node]: note rejection: 244/541 returns unexplained, 10 clusters -> 8 accepted, 108 points dropped (last extent=0.1590m; gate <=0.350m, min 4 points)
[evaluator_node-6] [INFO] [1785151695.993146952] [unity_evaluator_node]: t=24.9s  直近5秒: pos_err mean=3407.24mm max=4143.97mm  samples=6679  detected_balls=0
[laser_scan_matching_node-4] [WARN] [1785151698.650799037] [laser_scan_matching_node]: wall match rejected by quality check: mean_residual=0.091m (<=0.090) inlier_ratio=0.63 (>=0.40)
[laser_scan_matching_node-4] [WARN] [1785151700.903819031] [laser_scan_matching_node]: wall match rejected by quality check: mean_residual=0.092m (<=0.090) inlier_ratio=0.64 (>=0.40)
[laser_scan_matching_node-4] [INFO] [1785151701.177911946] [laser_scan_matching_node]: note rejection: 427/541 returns unexplained, 5 clusters -> 0 accepted, 0 points dropped (last extent=1.7931m; gate <=0.350m, min 4 points)
[laser_scan_matching_node-4] [WARN] [1785151701.228604364] [laser_scan_matching_node]: IMU coverage wait exceeded 0.050s, processing scan with extrapolated tail
[evaluator_node-6] [INFO] [1785151701.234155474] [unity_evaluator_node]: t=29.9s  直近5秒: pos_err mean=1971.32mm max=2619.57mm  samples=11137  detected_balls=0
[backend_optimizer_node-3] [WARN] [1785151703.013988350] [backend_optimizer_node]: wall correction downweighted by DCS: d_xy=0.119m (> 0.047m, dt=0.025s, scale=2.56x) — reduced confidence, not rejected
[backend_optimizer_node-3] [WARN] [1785151703.107917356] [backend_optimizer_node]: slow smoother update: 33.3ms (index 459)
[laser_scan_matching_node-4] [WARN] [1785151703.600252470] [laser_scan_matching_node]: IMU coverage wait exceeded 0.050s, processing scan with extrapolated tail
[laser_scan_matching_node-4] [WARN] [1785151705.427721919] [laser_scan_matching_node]: IMU coverage wait exceeded 0.050s, processing scan with extrapolated tail
[laser_scan_matching_node-4] [INFO] [1785151706.367607799] [laser_scan_matching_node]: note rejection: 176/541 returns unexplained, 5 clusters -> 4 accepted, 91 points dropped (last extent=0.2550m; gate <=0.350m, min 4 points)
[evaluator_node-6] [INFO] [1785151706.456596483] [unity_evaluator_node]: t=35.0s  直近5秒: pos_err mean=1600.68mm max=1707.02mm  samples=15390  detected_balls=0
[laser_scan_matching_node-4] [WARN] [1785151710.090852523] [laser_scan_matching_node]: IMU coverage wait exceeded 0.050s, processing scan with extrapolated tail
[laser_scan_matching_node-4] [WARN] [1785151711.177548002] [laser_scan_matching_node]: IMU coverage wait exceeded 0.050s, processing scan with extrapolated tail
[laser_scan_matching_node-4] [INFO] [1785151712.019111475] [laser_scan_matching_node]: note rejection: 169/541 returns unexplained, 6 clusters -> 4 accepted, 93 points dropped (last extent=0.2741m; gate <=0.350m, min 4 points)
[evaluator_node-6] [INFO] [1785151712.087585017] [unity_evaluator_node]: t=40.0s  直近5秒: pos_err mean=1651.43mm max=1656.61mm  samples=19691  detected_balls=0
[laser_scan_matching_node-4] [WARN] [1785151712.590214295] [laser_scan_matching_node]: IMU coverage wait exceeded 0.050s, processing scan with extrapolated tail
[laser_scan_matching_node-4] [WARN] [1785151713.582230133] [laser_scan_matching_node]: IMU coverage wait exceeded 0.050s, processing scan with extrapolated tail
[laser_scan_matching_node-4] [WARN] [1785151715.281609876] [laser_scan_matching_node]: IMU coverage wait exceeded 0.050s, processing scan with extrapolated tail
[laser_scan_matching_node-4] [INFO] [1785151716.524412968] [laser_scan_matching_node]: note rejection: 183/541 returns unexplained, 6 clusters -> 4 accepted, 90 points dropped (last extent=0.2620m; gate <=0.350m, min 4 points)
[evaluator_node-6] [INFO] [1785151716.576890315] [unity_evaluator_node]: t=45.0s  直近5秒: pos_err mean=1651.42mm max=1659.51mm  samples=23309  detected_balls=0
[backend_optimizer_node-3] [WARN] [1785151717.385813097] [backend_optimizer_node]: slow smoother update: 28.9ms (index 849)
[laser_scan_matching_node-4] [WARN] [1785151717.413088134] [laser_scan_matching_node]: IMU coverage wait exceeded 0.050s, processing scan with extrapolated tail
[laser_scan_matching_node-4] [WARN] [1785151720.435548611] [laser_scan_matching_node]: IMU coverage wait exceeded 0.050s, processing scan with extrapolated tail
[laser_scan_matching_node-4] [INFO] [1785151721.750684626] [laser_scan_matching_node]: note rejection: 172/541 returns unexplained, 5 clusters -> 4 accepted, 94 points dropped (last extent=0.2330m; gate <=0.350m, min 4 points)
[evaluator_node-6] [INFO] [1785151721.802870950] [unity_evaluator_node]: t=50.0s  直近5秒: pos_err mean=1651.77mm max=1655.49mm  samples=27484  detected_balls=0
[laser_scan_matching_node-4] [WARN] [1785151722.236714956] [laser_scan_matching_node]: IMU coverage wait exceeded 0.050s, processing scan with extrapolated tail
[backend_optimizer_node-3] [WARN] [1785151723.834444364] [backend_optimizer_node]: slow smoother update: 43.8ms (index 1052)
[backend_optimizer_node-3] [WARN] [1785151723.890291212] [backend_optimizer_node]: slow smoother update: 22.5ms (index 1054)
[backend_optimizer_node-3] [WARN] [1785151725.018062568] [backend_optimizer_node]: slow smoother update: 88.2ms (index 1082)
[laser_scan_matching_node-4] [WARN] [1785151725.018569051] [laser_scan_matching_node]: IMU coverage wait exceeded 0.050s, processing scan with extrapolated tail
[laser_scan_matching_node-4] [WARN] [1785151726.546178980] [laser_scan_matching_node]: IMU coverage wait exceeded 0.050s, processing scan with extrapolated tail
[laser_scan_matching_node-4] [INFO] [1785151726.942716318] [laser_scan_matching_node]: note rejection: 177/541 returns unexplained, 5 clusters -> 4 accepted, 90 points dropped (last extent=0.2309m; gate <=0.350m, min 4 points)
[evaluator_node-6] [INFO] [1785151726.972724761] [unity_evaluator_node]: t=55.0s  直近5秒: pos_err mean=1650.99mm max=1656.14mm  samples=31617  detected_balls=0
[backend_optimizer_node-3] [WARN] [1785151727.350519346] [backend_optimizer_node]: slow smoother update: 32.5ms (index 1152)
[backend_optimizer_node-3] [WARN] [1785151727.423883089] [backend_optimizer_node]: slow smoother update: 20.4ms (index 1154)
[backend_optimizer_node-3] [WARN] [1785151727.797725779] [backend_optimizer_node]: slow smoother update: 23.3ms (index 1163)
[laser_scan_matching_node-4] [WARN] [1785151728.577001681] [laser_scan_matching_node]: IMU coverage wait exceeded 0.050s, processing scan with extrapolated tail
[default_server_endpoint-1] [ERROR] [1785151731.141781443] [unity_endpoint]: Exception: No more data available
[default_server_endpoint-1] [INFO] [1785151731.142404205] [unity_endpoint]: Disconnected from 172.25.0.1
[imu_preintegration_node-2] [ERROR] [1785151733.119444391] [imu_preintegration_node]: IMU signal LOST (no IMU for 2.03s > 2.00s): stopping /odom_fast. IMU is the dead-reckoning backbone; recovery is not possible, restart required.
[backend_optimizer_node-3] [ERROR] [1785151733.135959156] [backend_optimizer_node]: IMU signal LOST (no IMU for 2.04s > 2.00s). Self-localization is the dead-reckoning backbone and cannot continue without it: entering FAIL-SAFE HALT (freezing estimate, no further graph updates).
[default_server_endpoint-1] [INFO] [1785151743.392959443] [unity_endpoint]: Connection from 172.25.0.1
[default_server_endpoint-1] [WARN] [1785151743.403612630] [rcl.logging_rosout]: Publisher already registered for node name: 'unity_endpoint'. If this is due to multiple nodes with the same name then all logs for the logger named 'unity_endpoint' will go out over the existing publisher. As soon as any node with that name is destructed it will unregister the publisher, preventing any further logs for that name from being published on the rosout topic.
[default_server_endpoint-1] [INFO] [1785151743.430630982] [unity_endpoint]: RegisterSubscriber(/odom_fast, <class 'nav_msgs.msg._odometry.Odometry'>) OK
[default_server_endpoint-1] [WARN] [1785151743.432839079] [rcl.logging_rosout]: Publisher already registered for node name: 'unity_endpoint'. If this is due to multiple nodes with the same name then all logs for the logger named 'unity_endpoint' will go out over the existing publisher. As soon as any node with that name is destructed it will unregister the publisher, preventing any further logs for that name from being published on the rosout topic.
[default_server_endpoint-1] [INFO] [1785151743.470842726] [unity_endpoint]: RegisterSubscriber(/tf, <class 'tf2_msgs.msg._tf_message.TFMessage'>) OK
[default_server_endpoint-1] [WARN] [1785151743.472147316] [rcl.logging_rosout]: Publisher already registered for node name: 'unity_endpoint'. If this is due to multiple nodes with the same name then all logs for the logger named 'unity_endpoint' will go out over the existing publisher. As soon as any node with that name is destructed it will unregister the publisher, preventing any further logs for that name from being published on the rosout topic.
[default_server_endpoint-1] [INFO] [1785151743.500458947] [unity_endpoint]: RegisterPublisher(/clock, <class 'rosgraph_msgs.msg._clock.Clock'>) OK
[default_server_endpoint-1] [INFO] [1785151743.535666652] [unity_endpoint]: RegisterPublisher(/scan, <class 'sensor_msgs.msg._laser_scan.LaserScan'>) OK
[default_server_endpoint-1] [INFO] [1785151743.565185101] [unity_endpoint]: RegisterPublisher(/ground_truth_pose, <class 'nav_msgs.msg._odometry.Odometry'>) OK
[default_server_endpoint-1] [INFO] [1785151743.608189759] [unity_endpoint]: RegisterPublisher(/imu/data, <class 'sensor_msgs.msg._imu.Imu'>) OK
[default_server_endpoint-1] [INFO] [1785151743.644396255] [unity_endpoint]: RegisterPublisher(/clock, <class 'rosgraph_msgs.msg._clock.Clock'>) OK
[default_server_endpoint-1] [INFO] [1785151743.680011291] [unity_endpoint]: RegisterPublisher(/scan, <class 'sensor_msgs.msg._laser_scan.LaserScan'>) OK
[default_server_endpoint-1] [INFO] [1785151743.712922369] [unity_endpoint]: RegisterPublisher(/ground_truth_pose, <class 'nav_msgs.msg._odometry.Odometry'>) OK
[default_server_endpoint-1] [INFO] [1785151743.745132829] [unity_endpoint]: RegisterPublisher(/imu/data, <class 'sensor_msgs.msg._imu.Imu'>) OK
[backend_optimizer_node-3] [ERROR] [1785151745.534041245] [backend_optimizer_node]: FAIL-SAFE HALT active (IMU lost): ignoring scan corrections, self-localization is frozen and must be restarted.
[backend_optimizer_node-3] [ERROR] [1785151747.574538752] [backend_optimizer_node]: FAIL-SAFE HALT active (IMU lost): ignoring scan corrections, self-localization is frozen and must be restarted.
[evaluator_node-6] [INFO] [1785151748.610064816] [unity_evaluator_node]: t=59.0s  直近5秒: pos_err mean=1651.47mm max=1657.18mm  samples=34506  detected_balls=2
[backend_optimizer_node-3] [ERROR] [1785151749.672318602] [backend_optimizer_node]: FAIL-SAFE HALT active (IMU lost): ignoring scan corrections, self-localization is frozen and must be restarted.
[backend_optimizer_node-3] [ERROR] [1785151751.706370069] [backend_optimizer_node]: FAIL-SAFE HALT active (IMU lost): ignoring scan corrections, self-localization is frozen and must be restarted.
[default_server_endpoint-1] [ERROR] [1785151753.491837645] [unity_endpoint]: Exception: No more data available
[default_server_endpoint-1] [INFO] [1785151753.492832206] [unity_endpoint]: Disconnected from 172.25.0.1
