[INFO] [launch]: All log files can be found below /home/yukichi6105/ros2_ws/src/lio_localization_sim/docs/stage4_runs/max10_1khz_5_5f1_clean_20260727/ros2_logs/2026-07-27-20-36-36-318821-fuku-pc-237313
[INFO] [launch]: Default logging verbosity is set to INFO
[INFO] [default_server_endpoint-1]: process started with pid [237341]
[default_server_endpoint-1] /opt/ros/lyrical/lib/python3.14/site-packages/rclpy/executors.py:1073: UserWarning: MultiThreadedExecutor is used with a single thread.
[default_server_endpoint-1] Use the SingleThreadedExecutor instead.
[default_server_endpoint-1]   warnings.warn(
[default_server_endpoint-1] [INFO] [1785152197.570005467] [unity_endpoint]: Starting server on 0.0.0.0:10000
[default_server_endpoint-1] [INFO] [1785152197.577621802] [unity_endpoint]: Connection from 127.0.0.1
[default_server_endpoint-1] [ERROR] [1785152197.579164710] [unity_endpoint]: Exception: No more data available
[default_server_endpoint-1] [INFO] [1785152197.579803108] [unity_endpoint]: Disconnected from 127.0.0.1
[default_server_endpoint-1] [INFO] [1785152197.681785943] [unity_endpoint]: Connection from 127.0.0.1
[default_server_endpoint-1] [ERROR] [1785152197.683387498] [unity_endpoint]: Exception: No more data available
[default_server_endpoint-1] [INFO] [1785152197.684000443] [unity_endpoint]: Disconnected from 127.0.0.1
[default_server_endpoint-1] [INFO] [1785152198.087115353] [unity_endpoint]: Connection from 172.25.0.1
[default_server_endpoint-1] [WARN] [1785152198.127940569] [rcl.logging_rosout]: Publisher already registered for node name: 'unity_endpoint'. If this is due to multiple nodes with the same name then all logs for the logger named 'unity_endpoint' will go out over the existing publisher. As soon as any node with that name is destructed it will unregister the publisher, preventing any further logs for that name from being published on the rosout topic.
[default_server_endpoint-1] [INFO] [1785152198.323981084] [unity_endpoint]: RegisterSubscriber(/odom_fast, <class 'nav_msgs.msg._odometry.Odometry'>) OK
[default_server_endpoint-1] [WARN] [1785152198.332175617] [rcl.logging_rosout]: Publisher already registered for node name: 'unity_endpoint'. If this is due to multiple nodes with the same name then all logs for the logger named 'unity_endpoint' will go out over the existing publisher. As soon as any node with that name is destructed it will unregister the publisher, preventing any further logs for that name from being published on the rosout topic.
[default_server_endpoint-1] [INFO] [1785152198.350092357] [unity_endpoint]: RegisterSubscriber(/tf, <class 'tf2_msgs.msg._tf_message.TFMessage'>) OK
[default_server_endpoint-1] [ERROR] [1785152198.353031677] [unity_endpoint]: Not registered to publish topic '/clock'! Valid publish topics are: dict_keys([]) 
[default_server_endpoint-1] [ERROR] [1785152198.353862390] [unity_endpoint]: Not registered to publish topic '/imu/data'! Valid publish topics are: dict_keys([]) 
[default_server_endpoint-1] [ERROR] [1785152198.354496879] [unity_endpoint]: Not registered to publish topic '/clock'! Valid publish topics are: dict_keys([]) 
[default_server_endpoint-1] [ERROR] [1785152198.355053101] [unity_endpoint]: Not registered to publish topic '/imu/data'! Valid publish topics are: dict_keys([]) 
[default_server_endpoint-1] [ERROR] [1785152198.355691429] [unity_endpoint]: Not registered to publish topic '/clock'! Valid publish topics are: dict_keys([]) 
[default_server_endpoint-1] [ERROR] [1785152198.356310066] [unity_endpoint]: Not registered to publish topic '/imu/data'! Valid publish topics are: dict_keys([]) 
[default_server_endpoint-1] [ERROR] [1785152198.356810821] [unity_endpoint]: Not registered to publish topic '/clock'! Valid publish topics are: dict_keys([]) 
[default_server_endpoint-1] [ERROR] [1785152198.357294829] [unity_endpoint]: Not registered to publish topic '/imu/data'! Valid publish topics are: dict_keys([]) 
[default_server_endpoint-1] [ERROR] [1785152198.357832880] [unity_endpoint]: Not registered to publish topic '/clock'! Valid publish topics are: dict_keys([]) 
[default_server_endpoint-1] [ERROR] [1785152198.358293172] [unity_endpoint]: Not registered to publish topic '/imu/data'! Valid publish topics are: dict_keys([]) 
[default_server_endpoint-1] [ERROR] [1785152198.358841321] [unity_endpoint]: Not registered to publish topic '/clock'! Valid publish topics are: dict_keys([]) 
[default_server_endpoint-1] [ERROR] [1785152198.359439855] [unity_endpoint]: Not registered to publish topic '/imu/data'! Valid publish topics are: dict_keys([]) 
[default_server_endpoint-1] [ERROR] [1785152198.359965253] [unity_endpoint]: Not registered to publish topic '/clock'! Valid publish topics are: dict_keys([]) 
[default_server_endpoint-1] [ERROR] [1785152198.360671344] [unity_endpoint]: Not registered to publish topic '/imu/data'! Valid publish topics are: dict_keys([]) 
[default_server_endpoint-1] [ERROR] [1785152198.361262082] [unity_endpoint]: Not registered to publish topic '/clock'! Valid publish topics are: dict_keys([]) 
[default_server_endpoint-1] [ERROR] [1785152198.362176243] [unity_endpoint]: Not registered to publish topic '/imu/data'! Valid publish topics are: dict_keys([]) 
[default_server_endpoint-1] [ERROR] [1785152198.363320927] [unity_endpoint]: Not registered to publish topic '/ground_truth_pose'! Valid publish topics are: dict_keys([]) 
[default_server_endpoint-1] [ERROR] [1785152198.364174328] [unity_endpoint]: Not registered to publish topic '/clock'! Valid publish topics are: dict_keys([]) 
[default_server_endpoint-1] [ERROR] [1785152198.364846399] [unity_endpoint]: Not registered to publish topic '/imu/data'! Valid publish topics are: dict_keys([]) 
[default_server_endpoint-1] [ERROR] [1785152198.365927857] [unity_endpoint]: Not registered to publish topic '/clock'! Valid publish topics are: dict_keys([]) 
[default_server_endpoint-1] [ERROR] [1785152198.367798491] [unity_endpoint]: Not registered to publish topic '/imu/data'! Valid publish topics are: dict_keys([]) 
[default_server_endpoint-1] [ERROR] [1785152198.369223829] [unity_endpoint]: Not registered to publish topic '/clock'! Valid publish topics are: dict_keys([]) 
[default_server_endpoint-1] [ERROR] [1785152198.370031123] [unity_endpoint]: Not registered to publish topic '/imu/data'! Valid publish topics are: dict_keys([]) 
[default_server_endpoint-1] [ERROR] [1785152198.370651981] [unity_endpoint]: Not registered to publish topic '/clock'! Valid publish topics are: dict_keys([]) 
[default_server_endpoint-1] [ERROR] [1785152198.371321727] [unity_endpoint]: Not registered to publish topic '/imu/data'! Valid publish topics are: dict_keys([]) 
[default_server_endpoint-1] [ERROR] [1785152198.371977760] [unity_endpoint]: Not registered to publish topic '/clock'! Valid publish topics are: dict_keys([]) 
[default_server_endpoint-1] [ERROR] [1785152198.372613572] [unity_endpoint]: Not registered to publish topic '/imu/data'! Valid publish topics are: dict_keys([]) 
[default_server_endpoint-1] [ERROR] [1785152198.373235804] [unity_endpoint]: Not registered to publish topic '/clock'! Valid publish topics are: dict_keys([]) 
[default_server_endpoint-1] [ERROR] [1785152198.373784994] [unity_endpoint]: Not registered to publish topic '/imu/data'! Valid publish topics are: dict_keys([]) 
[default_server_endpoint-1] [ERROR] [1785152198.374322973] [unity_endpoint]: Not registered to publish topic '/clock'! Valid publish topics are: dict_keys([]) 
[default_server_endpoint-1] [ERROR] [1785152198.375107563] [unity_endpoint]: Not registered to publish topic '/imu/data'! Valid publish topics are: dict_keys([]) 
[default_server_endpoint-1] [ERROR] [1785152198.375815549] [unity_endpoint]: Not registered to publish topic '/clock'! Valid publish topics are: dict_keys([]) 
[default_server_endpoint-1] [ERROR] [1785152198.376464925] [unity_endpoint]: Not registered to publish topic '/imu/data'! Valid publish topics are: dict_keys([]) 
[default_server_endpoint-1] [ERROR] [1785152198.377584584] [unity_endpoint]: Not registered to publish topic '/clock'! Valid publish topics are: dict_keys([]) 
[default_server_endpoint-1] [ERROR] [1785152198.378415642] [unity_endpoint]: Not registered to publish topic '/imu/data'! Valid publish topics are: dict_keys([]) 
[default_server_endpoint-1] [ERROR] [1785152198.380815789] [unity_endpoint]: Not registered to publish topic '/clock'! Valid publish topics are: dict_keys([]) 
[default_server_endpoint-1] [ERROR] [1785152198.382341074] [unity_endpoint]: Not registered to publish topic '/imu/data'! Valid publish topics are: dict_keys([]) 
[default_server_endpoint-1] [ERROR] [1785152198.385848399] [unity_endpoint]: Not registered to publish topic '/ground_truth_pose'! Valid publish topics are: dict_keys([]) 
[default_server_endpoint-1] [ERROR] [1785152198.387229120] [unity_endpoint]: Not registered to publish topic '/clock'! Valid publish topics are: dict_keys([]) 
[default_server_endpoint-1] [ERROR] [1785152198.388087028] [unity_endpoint]: Not registered to publish topic '/imu/data'! Valid publish topics are: dict_keys([]) 
[default_server_endpoint-1] [ERROR] [1785152198.388728337] [unity_endpoint]: Not registered to publish topic '/clock'! Valid publish topics are: dict_keys([]) 
[default_server_endpoint-1] [ERROR] [1785152198.389297089] [unity_endpoint]: Not registered to publish topic '/imu/data'! Valid publish topics are: dict_keys([]) 
[default_server_endpoint-1] [ERROR] [1785152198.389870902] [unity_endpoint]: Not registered to publish topic '/clock'! Valid publish topics are: dict_keys([]) 
[default_server_endpoint-1] [ERROR] [1785152198.390472317] [unity_endpoint]: Not registered to publish topic '/imu/data'! Valid publish topics are: dict_keys([]) 
[default_server_endpoint-1] [ERROR] [1785152198.391038179] [unity_endpoint]: Not registered to publish topic '/clock'! Valid publish topics are: dict_keys([]) 
[default_server_endpoint-1] [ERROR] [1785152198.391571698] [unity_endpoint]: Not registered to publish topic '/imu/data'! Valid publish topics are: dict_keys([]) 
[default_server_endpoint-1] [ERROR] [1785152198.392096027] [unity_endpoint]: Not registered to publish topic '/clock'! Valid publish topics are: dict_keys([]) 
[default_server_endpoint-1] [ERROR] [1785152198.392674385] [unity_endpoint]: Not registered to publish topic '/imu/data'! Valid publish topics are: dict_keys([]) 
[default_server_endpoint-1] [ERROR] [1785152198.393275131] [unity_endpoint]: Not registered to publish topic '/clock'! Valid publish topics are: dict_keys([]) 
[default_server_endpoint-1] [ERROR] [1785152198.393887433] [unity_endpoint]: Not registered to publish topic '/imu/data'! Valid publish topics are: dict_keys([]) 
[default_server_endpoint-1] [ERROR] [1785152198.395836143] [unity_endpoint]: Not registered to publish topic '/scan'! Valid publish topics are: dict_keys([]) 
[default_server_endpoint-1] [ERROR] [1785152198.398045417] [unity_endpoint]: Not registered to publish topic '/clock'! Valid publish topics are: dict_keys([]) 
[default_server_endpoint-1] [ERROR] [1785152198.404375445] [unity_endpoint]: Not registered to publish topic '/imu/data'! Valid publish topics are: dict_keys([]) 
[default_server_endpoint-1] [ERROR] [1785152198.405345476] [unity_endpoint]: Not registered to publish topic '/clock'! Valid publish topics are: dict_keys([]) 
[default_server_endpoint-1] [ERROR] [1785152198.406047886] [unity_endpoint]: Not registered to publish topic '/imu/data'! Valid publish topics are: dict_keys([]) 
[default_server_endpoint-1] [ERROR] [1785152198.406767144] [unity_endpoint]: Not registered to publish topic '/clock'! Valid publish topics are: dict_keys([]) 
[default_server_endpoint-1] [ERROR] [1785152198.407381481] [unity_endpoint]: Not registered to publish topic '/imu/data'! Valid publish topics are: dict_keys([]) 
[default_server_endpoint-1] [ERROR] [1785152198.408010871] [unity_endpoint]: Not registered to publish topic '/clock'! Valid publish topics are: dict_keys([]) 
[default_server_endpoint-1] [ERROR] [1785152198.408595836] [unity_endpoint]: Not registered to publish topic '/imu/data'! Valid publish topics are: dict_keys([]) 
[default_server_endpoint-1] [ERROR] [1785152198.409118434] [unity_endpoint]: Not registered to publish topic '/ground_truth_pose'! Valid publish topics are: dict_keys([]) 
[default_server_endpoint-1] [ERROR] [1785152198.409693362] [unity_endpoint]: Not registered to publish topic '/clock'! Valid publish topics are: dict_keys([]) 
[default_server_endpoint-1] [ERROR] [1785152198.410532924] [unity_endpoint]: Not registered to publish topic '/imu/data'! Valid publish topics are: dict_keys([]) 
[default_server_endpoint-1] [ERROR] [1785152198.411335795] [unity_endpoint]: Not registered to publish topic '/clock'! Valid publish topics are: dict_keys([]) 
[default_server_endpoint-1] [ERROR] [1785152198.412088076] [unity_endpoint]: Not registered to publish topic '/imu/data'! Valid publish topics are: dict_keys([]) 
[default_server_endpoint-1] [ERROR] [1785152198.412799138] [unity_endpoint]: Not registered to publish topic '/clock'! Valid publish topics are: dict_keys([]) 
[default_server_endpoint-1] [ERROR] [1785152198.413689462] [unity_endpoint]: Not registered to publish topic '/imu/data'! Valid publish topics are: dict_keys([]) 
[default_server_endpoint-1] [ERROR] [1785152198.414466910] [unity_endpoint]: Not registered to publish topic '/clock'! Valid publish topics are: dict_keys([]) 
[default_server_endpoint-1] [ERROR] [1785152198.415128663] [unity_endpoint]: Not registered to publish topic '/imu/data'! Valid publish topics are: dict_keys([]) 
[default_server_endpoint-1] [ERROR] [1785152198.422764851] [unity_endpoint]: Not registered to publish topic '/clock'! Valid publish topics are: dict_keys([]) 
[default_server_endpoint-1] [ERROR] [1785152198.424758530] [unity_endpoint]: Not registered to publish topic '/imu/data'! Valid publish topics are: dict_keys([]) 
[default_server_endpoint-1] [ERROR] [1785152198.425763306] [unity_endpoint]: Not registered to publish topic '/clock'! Valid publish topics are: dict_keys([]) 
[default_server_endpoint-1] [ERROR] [1785152198.426655101] [unity_endpoint]: Not registered to publish topic '/imu/data'! Valid publish topics are: dict_keys([]) 
[default_server_endpoint-1] [ERROR] [1785152198.427337955] [unity_endpoint]: Not registered to publish topic '/clock'! Valid publish topics are: dict_keys([]) 
[default_server_endpoint-1] [ERROR] [1785152198.427955031] [unity_endpoint]: Not registered to publish topic '/imu/data'! Valid publish topics are: dict_keys([]) 
[default_server_endpoint-1] [ERROR] [1785152198.428586712] [unity_endpoint]: Not registered to publish topic '/clock'! Valid publish topics are: dict_keys([]) 
[default_server_endpoint-1] [ERROR] [1785152198.429166910] [unity_endpoint]: Not registered to publish topic '/imu/data'! Valid publish topics are: dict_keys([]) 
[default_server_endpoint-1] [ERROR] [1785152198.429862152] [unity_endpoint]: Not registered to publish topic '/clock'! Valid publish topics are: dict_keys([]) 
[default_server_endpoint-1] [ERROR] [1785152198.430659460] [unity_endpoint]: Not registered to publish topic '/imu/data'! Valid publish topics are: dict_keys([]) 
[default_server_endpoint-1] [ERROR] [1785152198.431717178] [unity_endpoint]: Not registered to publish topic '/clock'! Valid publish topics are: dict_keys([]) 
[default_server_endpoint-1] [ERROR] [1785152198.432485350] [unity_endpoint]: Not registered to publish topic '/imu/data'! Valid publish topics are: dict_keys([]) 
[default_server_endpoint-1] [ERROR] [1785152198.433225972] [unity_endpoint]: Not registered to publish topic '/ground_truth_pose'! Valid publish topics are: dict_keys([]) 
[default_server_endpoint-1] [ERROR] [1785152198.434595760] [unity_endpoint]: Not registered to publish topic '/clock'! Valid publish topics are: dict_keys([]) 
[default_server_endpoint-1] [ERROR] [1785152198.435594390] [unity_endpoint]: Not registered to publish topic '/imu/data'! Valid publish topics are: dict_keys([]) 
[default_server_endpoint-1] [ERROR] [1785152198.436935799] [unity_endpoint]: Not registered to publish topic '/clock'! Valid publish topics are: dict_keys([]) 
[default_server_endpoint-1] [ERROR] [1785152198.437701799] [unity_endpoint]: Not registered to publish topic '/imu/data'! Valid publish topics are: dict_keys([]) 
[default_server_endpoint-1] [ERROR] [1785152198.438382329] [unity_endpoint]: Not registered to publish topic '/clock'! Valid publish topics are: dict_keys([]) 
[default_server_endpoint-1] [ERROR] [1785152198.439420729] [unity_endpoint]: Not registered to publish topic '/imu/data'! Valid publish topics are: dict_keys([]) 
[default_server_endpoint-1] [ERROR] [1785152198.442180842] [unity_endpoint]: Not registered to publish topic '/clock'! Valid publish topics are: dict_keys([]) 
[default_server_endpoint-1] [ERROR] [1785152198.443734704] [unity_endpoint]: Not registered to publish topic '/imu/data'! Valid publish topics are: dict_keys([]) 
[default_server_endpoint-1] [ERROR] [1785152198.444568991] [unity_endpoint]: Not registered to publish topic '/clock'! Valid publish topics are: dict_keys([]) 
[default_server_endpoint-1] [ERROR] [1785152198.445261987] [unity_endpoint]: Not registered to publish topic '/imu/data'! Valid publish topics are: dict_keys([]) 
[default_server_endpoint-1] [ERROR] [1785152198.445833311] [unity_endpoint]: Not registered to publish topic '/clock'! Valid publish topics are: dict_keys([]) 
[default_server_endpoint-1] [ERROR] [1785152198.446408329] [unity_endpoint]: Not registered to publish topic '/imu/data'! Valid publish topics are: dict_keys([]) 
[default_server_endpoint-1] [ERROR] [1785152198.446962572] [unity_endpoint]: Not registered to publish topic '/clock'! Valid publish topics are: dict_keys([]) 
[default_server_endpoint-1] [ERROR] [1785152198.447541628] [unity_endpoint]: Not registered to publish topic '/imu/data'! Valid publish topics are: dict_keys([]) 
[default_server_endpoint-1] [ERROR] [1785152198.448156127] [unity_endpoint]: Not registered to publish topic '/clock'! Valid publish topics are: dict_keys([]) 
[default_server_endpoint-1] [ERROR] [1785152198.448731724] [unity_endpoint]: Not registered to publish topic '/imu/data'! Valid publish topics are: dict_keys([]) 
[default_server_endpoint-1] [ERROR] [1785152198.449285276] [unity_endpoint]: Not registered to publish topic '/clock'! Valid publish topics are: dict_keys([]) 
[default_server_endpoint-1] [ERROR] [1785152198.449931911] [unity_endpoint]: Not registered to publish topic '/imu/data'! Valid publish topics are: dict_keys([]) 
[default_server_endpoint-1] [ERROR] [1785152198.450480151] [unity_endpoint]: Not registered to publish topic '/clock'! Valid publish topics are: dict_keys([]) 
[default_server_endpoint-1] [ERROR] [1785152198.451052764] [unity_endpoint]: Not registered to publish topic '/imu/data'! Valid publish topics are: dict_keys([]) 
[default_server_endpoint-1] [ERROR] [1785152198.451664204] [unity_endpoint]: Not registered to publish topic '/ground_truth_pose'! Valid publish topics are: dict_keys([]) 
[default_server_endpoint-1] [ERROR] [1785152198.452281747] [unity_endpoint]: Not registered to publish topic '/clock'! Valid publish topics are: dict_keys([]) 
[default_server_endpoint-1] [ERROR] [1785152198.452918678] [unity_endpoint]: Not registered to publish topic '/imu/data'! Valid publish topics are: dict_keys([]) 
[default_server_endpoint-1] [ERROR] [1785152198.453554349] [unity_endpoint]: Not registered to publish topic '/scan'! Valid publish topics are: dict_keys([]) 
[default_server_endpoint-1] [ERROR] [1785152198.454188885] [unity_endpoint]: Not registered to publish topic '/clock'! Valid publish topics are: dict_keys([]) 
[default_server_endpoint-1] [ERROR] [1785152198.454887490] [unity_endpoint]: Not registered to publish topic '/imu/data'! Valid publish topics are: dict_keys([]) 
[default_server_endpoint-1] [ERROR] [1785152198.455535485] [unity_endpoint]: Not registered to publish topic '/clock'! Valid publish topics are: dict_keys([]) 
[default_server_endpoint-1] [ERROR] [1785152198.456638068] [unity_endpoint]: Not registered to publish topic '/imu/data'! Valid publish topics are: dict_keys([]) 
[default_server_endpoint-1] [ERROR] [1785152198.457565817] [unity_endpoint]: Not registered to publish topic '/clock'! Valid publish topics are: dict_keys([]) 
[default_server_endpoint-1] [ERROR] [1785152198.458319701] [unity_endpoint]: Not registered to publish topic '/imu/data'! Valid publish topics are: dict_keys([]) 
[default_server_endpoint-1] [ERROR] [1785152198.459081980] [unity_endpoint]: Not registered to publish topic '/clock'! Valid publish topics are: dict_keys([]) 
[default_server_endpoint-1] [ERROR] [1785152198.460152973] [unity_endpoint]: Not registered to publish topic '/imu/data'! Valid publish topics are: dict_keys([]) 
[default_server_endpoint-1] [ERROR] [1785152198.463128385] [unity_endpoint]: Not registered to publish topic '/clock'! Valid publish topics are: dict_keys([]) 
[default_server_endpoint-1] [ERROR] [1785152198.464121271] [unity_endpoint]: Not registered to publish topic '/imu/data'! Valid publish topics are: dict_keys([]) 
[default_server_endpoint-1] [ERROR] [1785152198.464796953] [unity_endpoint]: Not registered to publish topic '/clock'! Valid publish topics are: dict_keys([]) 
[default_server_endpoint-1] [ERROR] [1785152198.465511709] [unity_endpoint]: Not registered to publish topic '/imu/data'! Valid publish topics are: dict_keys([]) 
[default_server_endpoint-1] [ERROR] [1785152198.466118561] [unity_endpoint]: Not registered to publish topic '/clock'! Valid publish topics are: dict_keys([]) 
[default_server_endpoint-1] [ERROR] [1785152198.466714741] [unity_endpoint]: Not registered to publish topic '/imu/data'! Valid publish topics are: dict_keys([]) 
[default_server_endpoint-1] [ERROR] [1785152198.467399719] [unity_endpoint]: Not registered to publish topic '/clock'! Valid publish topics are: dict_keys([]) 
[default_server_endpoint-1] [ERROR] [1785152198.468039701] [unity_endpoint]: Not registered to publish topic '/imu/data'! Valid publish topics are: dict_keys([]) 
[default_server_endpoint-1] [ERROR] [1785152198.468665877] [unity_endpoint]: Not registered to publish topic '/clock'! Valid publish topics are: dict_keys([]) 
[default_server_endpoint-1] [ERROR] [1785152198.469846261] [unity_endpoint]: Not registered to publish topic '/imu/data'! Valid publish topics are: dict_keys([]) 
[default_server_endpoint-1] [ERROR] [1785152198.470465529] [unity_endpoint]: Not registered to publish topic '/ground_truth_pose'! Valid publish topics are: dict_keys([]) 
[default_server_endpoint-1] [ERROR] [1785152198.471092284] [unity_endpoint]: Not registered to publish topic '/clock'! Valid publish topics are: dict_keys([]) 
[default_server_endpoint-1] [ERROR] [1785152198.471687171] [unity_endpoint]: Not registered to publish topic '/imu/data'! Valid publish topics are: dict_keys([]) 
[default_server_endpoint-1] [ERROR] [1785152198.472386343] [unity_endpoint]: Not registered to publish topic '/clock'! Valid publish topics are: dict_keys([]) 
[default_server_endpoint-1] [ERROR] [1785152198.473044729] [unity_endpoint]: Not registered to publish topic '/imu/data'! Valid publish topics are: dict_keys([]) 
[default_server_endpoint-1] [ERROR] [1785152198.473754644] [unity_endpoint]: Not registered to publish topic '/clock'! Valid publish topics are: dict_keys([]) 
[default_server_endpoint-1] [ERROR] [1785152198.474369036] [unity_endpoint]: Not registered to publish topic '/imu/data'! Valid publish topics are: dict_keys([]) 
[default_server_endpoint-1] [ERROR] [1785152198.475101641] [unity_endpoint]: Not registered to publish topic '/clock'! Valid publish topics are: dict_keys([]) 
[default_server_endpoint-1] [ERROR] [1785152198.476143869] [unity_endpoint]: Not registered to publish topic '/imu/data'! Valid publish topics are: dict_keys([]) 
[default_server_endpoint-1] [ERROR] [1785152198.477026371] [unity_endpoint]: Not registered to publish topic '/clock'! Valid publish topics are: dict_keys([]) 
[default_server_endpoint-1] [ERROR] [1785152198.477865463] [unity_endpoint]: Not registered to publish topic '/imu/data'! Valid publish topics are: dict_keys([]) 
[default_server_endpoint-1] [ERROR] [1785152198.478672268] [unity_endpoint]: Not registered to publish topic '/clock'! Valid publish topics are: dict_keys([]) 
[default_server_endpoint-1] [ERROR] [1785152198.479354719] [unity_endpoint]: Not registered to publish topic '/imu/data'! Valid publish topics are: dict_keys([]) 
[default_server_endpoint-1] [ERROR] [1785152198.480056370] [unity_endpoint]: Not registered to publish topic '/clock'! Valid publish topics are: dict_keys([]) 
[default_server_endpoint-1] [ERROR] [1785152198.480618367] [unity_endpoint]: Not registered to publish topic '/imu/data'! Valid publish topics are: dict_keys([]) 
[default_server_endpoint-1] [ERROR] [1785152198.481358667] [unity_endpoint]: Not registered to publish topic '/clock'! Valid publish topics are: dict_keys([]) 
[default_server_endpoint-1] [ERROR] [1785152198.482196499] [unity_endpoint]: Not registered to publish topic '/imu/data'! Valid publish topics are: dict_keys([]) 
[default_server_endpoint-1] [ERROR] [1785152198.482810073] [unity_endpoint]: Not registered to publish topic '/clock'! Valid publish topics are: dict_keys([]) 
[default_server_endpoint-1] [ERROR] [1785152198.483982508] [unity_endpoint]: Not registered to publish topic '/imu/data'! Valid publish topics are: dict_keys([]) 
[default_server_endpoint-1] [ERROR] [1785152198.484825972] [unity_endpoint]: Not registered to publish topic '/clock'! Valid publish topics are: dict_keys([]) 
[default_server_endpoint-1] [ERROR] [1785152198.485568321] [unity_endpoint]: Not registered to publish topic '/imu/data'! Valid publish topics are: dict_keys([]) 
[default_server_endpoint-1] [ERROR] [1785152198.486202933] [unity_endpoint]: Not registered to publish topic '/ground_truth_pose'! Valid publish topics are: dict_keys([]) 
[default_server_endpoint-1] [ERROR] [1785152198.486816184] [unity_endpoint]: Not registered to publish topic '/clock'! Valid publish topics are: dict_keys([]) 
[default_server_endpoint-1] [ERROR] [1785152198.487378327] [unity_endpoint]: Not registered to publish topic '/imu/data'! Valid publish topics are: dict_keys([]) 
[default_server_endpoint-1] [ERROR] [1785152198.488108349] [unity_endpoint]: Not registered to publish topic '/clock'! Valid publish topics are: dict_keys([]) 
[default_server_endpoint-1] [ERROR] [1785152198.488791496] [unity_endpoint]: Not registered to publish topic '/imu/data'! Valid publish topics are: dict_keys([]) 
[default_server_endpoint-1] [ERROR] [1785152198.489556165] [unity_endpoint]: Not registered to publish topic '/clock'! Valid publish topics are: dict_keys([]) 
[default_server_endpoint-1] [ERROR] [1785152198.490219215] [unity_endpoint]: Not registered to publish topic '/imu/data'! Valid publish topics are: dict_keys([]) 
[default_server_endpoint-1] [ERROR] [1785152198.490874918] [unity_endpoint]: Not registered to publish topic '/clock'! Valid publish topics are: dict_keys([]) 
[default_server_endpoint-1] [ERROR] [1785152198.491600190] [unity_endpoint]: Not registered to publish topic '/imu/data'! Valid publish topics are: dict_keys([]) 
[default_server_endpoint-1] [ERROR] [1785152198.492288611] [unity_endpoint]: Not registered to publish topic '/clock'! Valid publish topics are: dict_keys([]) 
[default_server_endpoint-1] [ERROR] [1785152198.492907748] [unity_endpoint]: Not registered to publish topic '/imu/data'! Valid publish topics are: dict_keys([]) 
[default_server_endpoint-1] [ERROR] [1785152198.493645557] [unity_endpoint]: Not registered to publish topic '/clock'! Valid publish topics are: dict_keys([]) 
[default_server_endpoint-1] [ERROR] [1785152198.494286621] [unity_endpoint]: Not registered to publish topic '/imu/data'! Valid publish topics are: dict_keys([]) 
[default_server_endpoint-1] [ERROR] [1785152198.495008891] [unity_endpoint]: Not registered to publish topic '/scan'! Valid publish topics are: dict_keys([]) 
[default_server_endpoint-1] [ERROR] [1785152198.495666241] [unity_endpoint]: Not registered to publish topic '/clock'! Valid publish topics are: dict_keys([]) 
[default_server_endpoint-1] [ERROR] [1785152198.496349245] [unity_endpoint]: Not registered to publish topic '/imu/data'! Valid publish topics are: dict_keys([]) 
[default_server_endpoint-1] [ERROR] [1785152198.497013725] [unity_endpoint]: Not registered to publish topic '/clock'! Valid publish topics are: dict_keys([]) 
[default_server_endpoint-1] [ERROR] [1785152198.497689947] [unity_endpoint]: Not registered to publish topic '/imu/data'! Valid publish topics are: dict_keys([]) 
[default_server_endpoint-1] [ERROR] [1785152198.498381875] [unity_endpoint]: Not registered to publish topic '/clock'! Valid publish topics are: dict_keys([]) 
[default_server_endpoint-1] [ERROR] [1785152198.498979510] [unity_endpoint]: Not registered to publish topic '/imu/data'! Valid publish topics are: dict_keys([]) 
[default_server_endpoint-1] [ERROR] [1785152198.508323461] [unity_endpoint]: Not registered to publish topic '/clock'! Valid publish topics are: dict_keys([]) 
[default_server_endpoint-1] [ERROR] [1785152198.509000585] [unity_endpoint]: Not registered to publish topic '/imu/data'! Valid publish topics are: dict_keys([]) 
[default_server_endpoint-1] [ERROR] [1785152198.509649172] [unity_endpoint]: Not registered to publish topic '/ground_truth_pose'! Valid publish topics are: dict_keys([]) 
[default_server_endpoint-1] [ERROR] [1785152198.510255029] [unity_endpoint]: Not registered to publish topic '/clock'! Valid publish topics are: dict_keys([]) 
[default_server_endpoint-1] [ERROR] [1785152198.510819218] [unity_endpoint]: Not registered to publish topic '/imu/data'! Valid publish topics are: dict_keys([]) 
[default_server_endpoint-1] [ERROR] [1785152198.511336321] [unity_endpoint]: Not registered to publish topic '/clock'! Valid publish topics are: dict_keys([]) 
[default_server_endpoint-1] [ERROR] [1785152198.511912541] [unity_endpoint]: Not registered to publish topic '/imu/data'! Valid publish topics are: dict_keys([]) 
[default_server_endpoint-1] [ERROR] [1785152198.512472081] [unity_endpoint]: Not registered to publish topic '/clock'! Valid publish topics are: dict_keys([]) 
[default_server_endpoint-1] [ERROR] [1785152198.513037019] [unity_endpoint]: Not registered to publish topic '/imu/data'! Valid publish topics are: dict_keys([]) 
[default_server_endpoint-1] [ERROR] [1785152198.513730422] [unity_endpoint]: Not registered to publish topic '/clock'! Valid publish topics are: dict_keys([]) 
[default_server_endpoint-1] [ERROR] [1785152198.514235622] [unity_endpoint]: Not registered to publish topic '/imu/data'! Valid publish topics are: dict_keys([]) 
[default_server_endpoint-1] [ERROR] [1785152198.514790917] [unity_endpoint]: Not registered to publish topic '/clock'! Valid publish topics are: dict_keys([]) 
[default_server_endpoint-1] [ERROR] [1785152198.515444704] [unity_endpoint]: Not registered to publish topic '/imu/data'! Valid publish topics are: dict_keys([]) 
[default_server_endpoint-1] [ERROR] [1785152198.516120429] [unity_endpoint]: Not registered to publish topic '/clock'! Valid publish topics are: dict_keys([]) 
[default_server_endpoint-1] [ERROR] [1785152198.516851127] [unity_endpoint]: Not registered to publish topic '/imu/data'! Valid publish topics are: dict_keys([]) 
[default_server_endpoint-1] [ERROR] [1785152198.517478062] [unity_endpoint]: Not registered to publish topic '/clock'! Valid publish topics are: dict_keys([]) 
[default_server_endpoint-1] [ERROR] [1785152198.518176012] [unity_endpoint]: Not registered to publish topic '/imu/data'! Valid publish topics are: dict_keys([]) 
[default_server_endpoint-1] [ERROR] [1785152198.518928166] [unity_endpoint]: Not registered to publish topic '/clock'! Valid publish topics are: dict_keys([]) 
[default_server_endpoint-1] [ERROR] [1785152198.521079651] [unity_endpoint]: Not registered to publish topic '/imu/data'! Valid publish topics are: dict_keys([]) 
[default_server_endpoint-1] [ERROR] [1785152198.521970068] [unity_endpoint]: Not registered to publish topic '/clock'! Valid publish topics are: dict_keys([]) 
[default_server_endpoint-1] [ERROR] [1785152198.522658535] [unity_endpoint]: Not registered to publish topic '/imu/data'! Valid publish topics are: dict_keys([]) 
[default_server_endpoint-1] [ERROR] [1785152198.523643820] [unity_endpoint]: Not registered to publish topic '/clock'! Valid publish topics are: dict_keys([]) 
[default_server_endpoint-1] [ERROR] [1785152198.524373306] [unity_endpoint]: Not registered to publish topic '/imu/data'! Valid publish topics are: dict_keys([]) 
[default_server_endpoint-1] [ERROR] [1785152198.525083730] [unity_endpoint]: Not registered to publish topic '/ground_truth_pose'! Valid publish topics are: dict_keys([]) 
[default_server_endpoint-1] [ERROR] [1785152198.525889282] [unity_endpoint]: Not registered to publish topic '/clock'! Valid publish topics are: dict_keys([]) 
[default_server_endpoint-1] [ERROR] [1785152198.526419137] [unity_endpoint]: Not registered to publish topic '/imu/data'! Valid publish topics are: dict_keys([]) 
[default_server_endpoint-1] [ERROR] [1785152198.526910659] [unity_endpoint]: Not registered to publish topic '/clock'! Valid publish topics are: dict_keys([]) 
[default_server_endpoint-1] [ERROR] [1785152198.527397100] [unity_endpoint]: Not registered to publish topic '/imu/data'! Valid publish topics are: dict_keys([]) 
[default_server_endpoint-1] [ERROR] [1785152198.528004446] [unity_endpoint]: Not registered to publish topic '/clock'! Valid publish topics are: dict_keys([]) 
[default_server_endpoint-1] [ERROR] [1785152198.528512092] [unity_endpoint]: Not registered to publish topic '/imu/data'! Valid publish topics are: dict_keys([]) 
[default_server_endpoint-1] [ERROR] [1785152198.529000026] [unity_endpoint]: Not registered to publish topic '/clock'! Valid publish topics are: dict_keys([]) 
[default_server_endpoint-1] [ERROR] [1785152198.529623355] [unity_endpoint]: Not registered to publish topic '/imu/data'! Valid publish topics are: dict_keys([]) 
[default_server_endpoint-1] [ERROR] [1785152198.530215078] [unity_endpoint]: Not registered to publish topic '/clock'! Valid publish topics are: dict_keys([]) 
[default_server_endpoint-1] [ERROR] [1785152198.530783020] [unity_endpoint]: Not registered to publish topic '/imu/data'! Valid publish topics are: dict_keys([]) 
[default_server_endpoint-1] [ERROR] [1785152198.531381322] [unity_endpoint]: Not registered to publish topic '/clock'! Valid publish topics are: dict_keys([]) 
[default_server_endpoint-1] [ERROR] [1785152198.531976601] [unity_endpoint]: Not registered to publish topic '/imu/data'! Valid publish topics are: dict_keys([]) 
[default_server_endpoint-1] [ERROR] [1785152198.532484885] [unity_endpoint]: Not registered to publish topic '/clock'! Valid publish topics are: dict_keys([]) 
[default_server_endpoint-1] [ERROR] [1785152198.534778992] [unity_endpoint]: Not registered to publish topic '/imu/data'! Valid publish topics are: dict_keys([]) 
[default_server_endpoint-1] [ERROR] [1785152198.536877597] [unity_endpoint]: Not registered to publish topic '/clock'! Valid publish topics are: dict_keys([]) 
[default_server_endpoint-1] [ERROR] [1785152198.537821497] [unity_endpoint]: Not registered to publish topic '/imu/data'! Valid publish topics are: dict_keys([]) 
[default_server_endpoint-1] [ERROR] [1785152198.538812018] [unity_endpoint]: Not registered to publish topic '/clock'! Valid publish topics are: dict_keys([]) 
[default_server_endpoint-1] [ERROR] [1785152198.539751220] [unity_endpoint]: Not registered to publish topic '/imu/data'! Valid publish topics are: dict_keys([]) 
[default_server_endpoint-1] [ERROR] [1785152198.541123509] [unity_endpoint]: Not registered to publish topic '/clock'! Valid publish topics are: dict_keys([]) 
[default_server_endpoint-1] [ERROR] [1785152198.541940422] [unity_endpoint]: Not registered to publish topic '/imu/data'! Valid publish topics are: dict_keys([]) 
[default_server_endpoint-1] [ERROR] [1785152198.542584219] [unity_endpoint]: Not registered to publish topic '/ground_truth_pose'! Valid publish topics are: dict_keys([]) 
[default_server_endpoint-1] [ERROR] [1785152198.543309323] [unity_endpoint]: Not registered to publish topic '/clock'! Valid publish topics are: dict_keys([]) 
[default_server_endpoint-1] [ERROR] [1785152198.544588276] [unity_endpoint]: Not registered to publish topic '/imu/data'! Valid publish topics are: dict_keys([]) 
[default_server_endpoint-1] [ERROR] [1785152198.546575112] [unity_endpoint]: Not registered to publish topic '/scan'! Valid publish topics are: dict_keys([]) 
[default_server_endpoint-1] [ERROR] [1785152198.548705505] [unity_endpoint]: Not registered to publish topic '/clock'! Valid publish topics are: dict_keys([]) 
[default_server_endpoint-1] [ERROR] [1785152198.549550236] [unity_endpoint]: Not registered to publish topic '/imu/data'! Valid publish topics are: dict_keys([]) 
[default_server_endpoint-1] [ERROR] [1785152198.550225966] [unity_endpoint]: Not registered to publish topic '/clock'! Valid publish topics are: dict_keys([]) 
[default_server_endpoint-1] [ERROR] [1785152198.550846838] [unity_endpoint]: Not registered to publish topic '/imu/data'! Valid publish topics are: dict_keys([]) 
[default_server_endpoint-1] [ERROR] [1785152198.551494343] [unity_endpoint]: Not registered to publish topic '/clock'! Valid publish topics are: dict_keys([]) 
[default_server_endpoint-1] [ERROR] [1785152198.552238165] [unity_endpoint]: Not registered to publish topic '/imu/data'! Valid publish topics are: dict_keys([]) 
[default_server_endpoint-1] [ERROR] [1785152198.553150910] [unity_endpoint]: Not registered to publish topic '/clock'! Valid publish topics are: dict_keys([]) 
[default_server_endpoint-1] [ERROR] [1785152198.553961355] [unity_endpoint]: Not registered to publish topic '/imu/data'! Valid publish topics are: dict_keys([]) 
[default_server_endpoint-1] [ERROR] [1785152198.554670397] [unity_endpoint]: Not registered to publish topic '/clock'! Valid publish topics are: dict_keys([]) 
[default_server_endpoint-1] [ERROR] [1785152198.555381671] [unity_endpoint]: Not registered to publish topic '/imu/data'! Valid publish topics are: dict_keys([]) 
[default_server_endpoint-1] [ERROR] [1785152198.557063270] [unity_endpoint]: Not registered to publish topic '/clock'! Valid publish topics are: dict_keys([]) 
[default_server_endpoint-1] [ERROR] [1785152198.557979963] [unity_endpoint]: Not registered to publish topic '/imu/data'! Valid publish topics are: dict_keys([]) 
[default_server_endpoint-1] [ERROR] [1785152198.558737190] [unity_endpoint]: Not registered to publish topic '/clock'! Valid publish topics are: dict_keys([]) 
[default_server_endpoint-1] [ERROR] [1785152198.559694129] [unity_endpoint]: Not registered to publish topic '/imu/data'! Valid publish topics are: dict_keys([]) 
[default_server_endpoint-1] [ERROR] [1785152198.560320751] [unity_endpoint]: Not registered to publish topic '/clock'! Valid publish topics are: dict_keys([]) 
[default_server_endpoint-1] [ERROR] [1785152198.561010708] [unity_endpoint]: Not registered to publish topic '/imu/data'! Valid publish topics are: dict_keys([]) 
[default_server_endpoint-1] [ERROR] [1785152198.561905830] [unity_endpoint]: Not registered to publish topic '/clock'! Valid publish topics are: dict_keys([]) 
[default_server_endpoint-1] [ERROR] [1785152198.562592700] [unity_endpoint]: Not registered to publish topic '/imu/data'! Valid publish topics are: dict_keys([]) 
[default_server_endpoint-1] [ERROR] [1785152198.563370644] [unity_endpoint]: Not registered to publish topic '/ground_truth_pose'! Valid publish topics are: dict_keys([]) 
[default_server_endpoint-1] [ERROR] [1785152198.564269826] [unity_endpoint]: Not registered to publish topic '/clock'! Valid publish topics are: dict_keys([]) 
[default_server_endpoint-1] [ERROR] [1785152198.564961665] [unity_endpoint]: Not registered to publish topic '/imu/data'! Valid publish topics are: dict_keys([]) 
[default_server_endpoint-1] [ERROR] [1785152198.565731632] [unity_endpoint]: Not registered to publish topic '/clock'! Valid publish topics are: dict_keys([]) 
[default_server_endpoint-1] [ERROR] [1785152198.566417815] [unity_endpoint]: Not registered to publish topic '/imu/data'! Valid publish topics are: dict_keys([]) 
[default_server_endpoint-1] [ERROR] [1785152198.567150748] [unity_endpoint]: Not registered to publish topic '/clock'! Valid publish topics are: dict_keys([]) 
[default_server_endpoint-1] [ERROR] [1785152198.568169476] [unity_endpoint]: Not registered to publish topic '/imu/data'! Valid publish topics are: dict_keys([]) 
[default_server_endpoint-1] [ERROR] [1785152198.568973136] [unity_endpoint]: Not registered to publish topic '/clock'! Valid publish topics are: dict_keys([]) 
[default_server_endpoint-1] [ERROR] [1785152198.570057270] [unity_endpoint]: Not registered to publish topic '/imu/data'! Valid publish topics are: dict_keys([]) 
[default_server_endpoint-1] [ERROR] [1785152198.570884588] [unity_endpoint]: Not registered to publish topic '/clock'! Valid publish topics are: dict_keys([]) 
[default_server_endpoint-1] [ERROR] [1785152198.571556593] [unity_endpoint]: Not registered to publish topic '/imu/data'! Valid publish topics are: dict_keys([]) 
[default_server_endpoint-1] [ERROR] [1785152198.572204465] [unity_endpoint]: Not registered to publish topic '/clock'! Valid publish topics are: dict_keys([]) 
[default_server_endpoint-1] [ERROR] [1785152198.572826855] [unity_endpoint]: Not registered to publish topic '/imu/data'! Valid publish topics are: dict_keys([]) 
[default_server_endpoint-1] [ERROR] [1785152198.573491728] [unity_endpoint]: Not registered to publish topic '/clock'! Valid publish topics are: dict_keys([]) 
[default_server_endpoint-1] [ERROR] [1785152198.574084371] [unity_endpoint]: Not registered to publish topic '/imu/data'! Valid publish topics are: dict_keys([]) 
[default_server_endpoint-1] [ERROR] [1785152198.574703164] [unity_endpoint]: Not registered to publish topic '/clock'! Valid publish topics are: dict_keys([]) 
[default_server_endpoint-1] [ERROR] [1785152198.575360457] [unity_endpoint]: Not registered to publish topic '/imu/data'! Valid publish topics are: dict_keys([]) 
[default_server_endpoint-1] [ERROR] [1785152198.575986191] [unity_endpoint]: Not registered to publish topic '/clock'! Valid publish topics are: dict_keys([]) 
[default_server_endpoint-1] [ERROR] [1785152198.576601658] [unity_endpoint]: Not registered to publish topic '/imu/data'! Valid publish topics are: dict_keys([]) 
[default_server_endpoint-1] [ERROR] [1785152198.577235698] [unity_endpoint]: Not registered to publish topic '/clock'! Valid publish topics are: dict_keys([]) 
[default_server_endpoint-1] [ERROR] [1785152198.577925422] [unity_endpoint]: Not registered to publish topic '/imu/data'! Valid publish topics are: dict_keys([]) 
[default_server_endpoint-1] [ERROR] [1785152198.578618995] [unity_endpoint]: Not registered to publish topic '/ground_truth_pose'! Valid publish topics are: dict_keys([]) 
[default_server_endpoint-1] [ERROR] [1785152198.579306492] [unity_endpoint]: Not registered to publish topic '/clock'! Valid publish topics are: dict_keys([]) 
[default_server_endpoint-1] [ERROR] [1785152198.587242604] [unity_endpoint]: Not registered to publish topic '/imu/data'! Valid publish topics are: dict_keys([]) 
[default_server_endpoint-1] [ERROR] [1785152198.588164051] [unity_endpoint]: Not registered to publish topic '/clock'! Valid publish topics are: dict_keys([]) 
[default_server_endpoint-1] [ERROR] [1785152198.588739004] [unity_endpoint]: Not registered to publish topic '/imu/data'! Valid publish topics are: dict_keys([]) 
[default_server_endpoint-1] [ERROR] [1785152198.589254647] [unity_endpoint]: Not registered to publish topic '/clock'! Valid publish topics are: dict_keys([]) 
[default_server_endpoint-1] [ERROR] [1785152198.589960008] [unity_endpoint]: Not registered to publish topic '/imu/data'! Valid publish topics are: dict_keys([]) 
[default_server_endpoint-1] [ERROR] [1785152198.590592670] [unity_endpoint]: Not registered to publish topic '/clock'! Valid publish topics are: dict_keys([]) 
[default_server_endpoint-1] [ERROR] [1785152198.591198883] [unity_endpoint]: Not registered to publish topic '/imu/data'! Valid publish topics are: dict_keys([]) 
[default_server_endpoint-1] [ERROR] [1785152198.591835574] [unity_endpoint]: Not registered to publish topic '/clock'! Valid publish topics are: dict_keys([]) 
[default_server_endpoint-1] [ERROR] [1785152198.592417557] [unity_endpoint]: Not registered to publish topic '/imu/data'! Valid publish topics are: dict_keys([]) 
[default_server_endpoint-1] [ERROR] [1785152198.593040296] [unity_endpoint]: Not registered to publish topic '/clock'! Valid publish topics are: dict_keys([]) 
[default_server_endpoint-1] [ERROR] [1785152198.593674689] [unity_endpoint]: Not registered to publish topic '/imu/data'! Valid publish topics are: dict_keys([]) 
[default_server_endpoint-1] [ERROR] [1785152198.594450303] [unity_endpoint]: Not registered to publish topic '/scan'! Valid publish topics are: dict_keys([]) 
[default_server_endpoint-1] [ERROR] [1785152198.595128411] [unity_endpoint]: Not registered to publish topic '/clock'! Valid publish topics are: dict_keys([]) 
[default_server_endpoint-1] [ERROR] [1785152198.595725092] [unity_endpoint]: Not registered to publish topic '/imu/data'! Valid publish topics are: dict_keys([]) 
[default_server_endpoint-1] [ERROR] [1785152198.596305149] [unity_endpoint]: Not registered to publish topic '/clock'! Valid publish topics are: dict_keys([]) 
[default_server_endpoint-1] [ERROR] [1785152198.596900767] [unity_endpoint]: Not registered to publish topic '/imu/data'! Valid publish topics are: dict_keys([]) 
[default_server_endpoint-1] [ERROR] [1785152198.597501163] [unity_endpoint]: Not registered to publish topic '/clock'! Valid publish topics are: dict_keys([]) 
[default_server_endpoint-1] [ERROR] [1785152198.598143117] [unity_endpoint]: Not registered to publish topic '/imu/data'! Valid publish topics are: dict_keys([]) 
[default_server_endpoint-1] [ERROR] [1785152198.598774433] [unity_endpoint]: Not registered to publish topic '/clock'! Valid publish topics are: dict_keys([]) 
[default_server_endpoint-1] [ERROR] [1785152198.604123220] [unity_endpoint]: Not registered to publish topic '/imu/data'! Valid publish topics are: dict_keys([]) 
[default_server_endpoint-1] [ERROR] [1785152198.607323949] [unity_endpoint]: Not registered to publish topic '/ground_truth_pose'! Valid publish topics are: dict_keys([]) 
[default_server_endpoint-1] [ERROR] [1785152198.608288714] [unity_endpoint]: Not registered to publish topic '/clock'! Valid publish topics are: dict_keys([]) 
[default_server_endpoint-1] [ERROR] [1785152198.609029848] [unity_endpoint]: Not registered to publish topic '/imu/data'! Valid publish topics are: dict_keys([]) 
[default_server_endpoint-1] [ERROR] [1785152198.609651429] [unity_endpoint]: Not registered to publish topic '/clock'! Valid publish topics are: dict_keys([]) 
[default_server_endpoint-1] [ERROR] [1785152198.610420983] [unity_endpoint]: Not registered to publish topic '/imu/data'! Valid publish topics are: dict_keys([]) 
[default_server_endpoint-1] [ERROR] [1785152198.611109727] [unity_endpoint]: Not registered to publish topic '/clock'! Valid publish topics are: dict_keys([]) 
[default_server_endpoint-1] [ERROR] [1785152198.611851574] [unity_endpoint]: Not registered to publish topic '/imu/data'! Valid publish topics are: dict_keys([]) 
[default_server_endpoint-1] [ERROR] [1785152198.612510029] [unity_endpoint]: Not registered to publish topic '/clock'! Valid publish topics are: dict_keys([]) 
[default_server_endpoint-1] [ERROR] [1785152198.613179872] [unity_endpoint]: Not registered to publish topic '/imu/data'! Valid publish topics are: dict_keys([]) 
[default_server_endpoint-1] [ERROR] [1785152198.613801121] [unity_endpoint]: Not registered to publish topic '/clock'! Valid publish topics are: dict_keys([]) 
[default_server_endpoint-1] [ERROR] [1785152198.614419516] [unity_endpoint]: Not registered to publish topic '/imu/data'! Valid publish topics are: dict_keys([]) 
[default_server_endpoint-1] [ERROR] [1785152198.615041562] [unity_endpoint]: Not registered to publish topic '/clock'! Valid publish topics are: dict_keys([]) 
[default_server_endpoint-1] [ERROR] [1785152198.615592426] [unity_endpoint]: Not registered to publish topic '/imu/data'! Valid publish topics are: dict_keys([]) 
[default_server_endpoint-1] [ERROR] [1785152198.616224142] [unity_endpoint]: Not registered to publish topic '/clock'! Valid publish topics are: dict_keys([]) 
[default_server_endpoint-1] [ERROR] [1785152198.616883972] [unity_endpoint]: Not registered to publish topic '/imu/data'! Valid publish topics are: dict_keys([]) 
[default_server_endpoint-1] [ERROR] [1785152198.618529059] [unity_endpoint]: Not registered to publish topic '/clock'! Valid publish topics are: dict_keys([]) 
[default_server_endpoint-1] [ERROR] [1785152198.621548678] [unity_endpoint]: Not registered to publish topic '/imu/data'! Valid publish topics are: dict_keys([]) 
[default_server_endpoint-1] [ERROR] [1785152198.622707742] [unity_endpoint]: Not registered to publish topic '/clock'! Valid publish topics are: dict_keys([]) 
[default_server_endpoint-1] [ERROR] [1785152198.624036973] [unity_endpoint]: Not registered to publish topic '/imu/data'! Valid publish topics are: dict_keys([]) 
[default_server_endpoint-1] [ERROR] [1785152198.624896151] [unity_endpoint]: Not registered to publish topic '/clock'! Valid publish topics are: dict_keys([]) 
[default_server_endpoint-1] [ERROR] [1785152198.626037406] [unity_endpoint]: Not registered to publish topic '/imu/data'! Valid publish topics are: dict_keys([]) 
[default_server_endpoint-1] [ERROR] [1785152198.626725573] [unity_endpoint]: Not registered to publish topic '/ground_truth_pose'! Valid publish topics are: dict_keys([]) 
[default_server_endpoint-1] [ERROR] [1785152198.627418167] [unity_endpoint]: Not registered to publish topic '/clock'! Valid publish topics are: dict_keys([]) 
[default_server_endpoint-1] [ERROR] [1785152198.628077160] [unity_endpoint]: Not registered to publish topic '/imu/data'! Valid publish topics are: dict_keys([]) 
[default_server_endpoint-1] [ERROR] [1785152198.628689835] [unity_endpoint]: Not registered to publish topic '/clock'! Valid publish topics are: dict_keys([]) 
[default_server_endpoint-1] [ERROR] [1785152198.629334011] [unity_endpoint]: Not registered to publish topic '/imu/data'! Valid publish topics are: dict_keys([]) 
[default_server_endpoint-1] [ERROR] [1785152198.630011058] [unity_endpoint]: Not registered to publish topic '/clock'! Valid publish topics are: dict_keys([]) 
[default_server_endpoint-1] [ERROR] [1785152198.630623126] [unity_endpoint]: Not registered to publish topic '/imu/data'! Valid publish topics are: dict_keys([]) 
[default_server_endpoint-1] [ERROR] [1785152198.631147679] [unity_endpoint]: Not registered to publish topic '/clock'! Valid publish topics are: dict_keys([]) 
[default_server_endpoint-1] [ERROR] [1785152198.631753896] [unity_endpoint]: Not registered to publish topic '/imu/data'! Valid publish topics are: dict_keys([]) 
[default_server_endpoint-1] [ERROR] [1785152198.632417890] [unity_endpoint]: Not registered to publish topic '/clock'! Valid publish topics are: dict_keys([]) 
[default_server_endpoint-1] [ERROR] [1785152198.633060338] [unity_endpoint]: Not registered to publish topic '/imu/data'! Valid publish topics are: dict_keys([]) 
[default_server_endpoint-1] [ERROR] [1785152198.633710983] [unity_endpoint]: Not registered to publish topic '/clock'! Valid publish topics are: dict_keys([]) 
[default_server_endpoint-1] [ERROR] [1785152198.634339075] [unity_endpoint]: Not registered to publish topic '/imu/data'! Valid publish topics are: dict_keys([]) 
[default_server_endpoint-1] [ERROR] [1785152198.635048366] [unity_endpoint]: Not registered to publish topic '/clock'! Valid publish topics are: dict_keys([]) 
[default_server_endpoint-1] [ERROR] [1785152198.635724758] [unity_endpoint]: Not registered to publish topic '/imu/data'! Valid publish topics are: dict_keys([]) 
[default_server_endpoint-1] [ERROR] [1785152198.636578962] [unity_endpoint]: Not registered to publish topic '/clock'! Valid publish topics are: dict_keys([]) 
[default_server_endpoint-1] [ERROR] [1785152198.637355890] [unity_endpoint]: Not registered to publish topic '/imu/data'! Valid publish topics are: dict_keys([]) 
[default_server_endpoint-1] [ERROR] [1785152198.638039760] [unity_endpoint]: Not registered to publish topic '/clock'! Valid publish topics are: dict_keys([]) 
[default_server_endpoint-1] [ERROR] [1785152198.638640689] [unity_endpoint]: Not registered to publish topic '/imu/data'! Valid publish topics are: dict_keys([]) 
[default_server_endpoint-1] [ERROR] [1785152198.639253656] [unity_endpoint]: Not registered to publish topic '/clock'! Valid publish topics are: dict_keys([]) 
[default_server_endpoint-1] [ERROR] [1785152198.640553383] [unity_endpoint]: Not registered to publish topic '/imu/data'! Valid publish topics are: dict_keys([]) 
[default_server_endpoint-1] [ERROR] [1785152198.641659654] [unity_endpoint]: Not registered to publish topic '/ground_truth_pose'! Valid publish topics are: dict_keys([]) 
[default_server_endpoint-1] [ERROR] [1785152198.642765543] [unity_endpoint]: Not registered to publish topic '/clock'! Valid publish topics are: dict_keys([]) 
[default_server_endpoint-1] [ERROR] [1785152198.643667183] [unity_endpoint]: Not registered to publish topic '/imu/data'! Valid publish topics are: dict_keys([]) 
[default_server_endpoint-1] [ERROR] [1785152198.644624472] [unity_endpoint]: Not registered to publish topic '/scan'! Valid publish topics are: dict_keys([]) 
[default_server_endpoint-1] [ERROR] [1785152198.646495961] [unity_endpoint]: Not registered to publish topic '/clock'! Valid publish topics are: dict_keys([]) 
[default_server_endpoint-1] [ERROR] [1785152198.649052954] [unity_endpoint]: Not registered to publish topic '/imu/data'! Valid publish topics are: dict_keys([]) 
[default_server_endpoint-1] [ERROR] [1785152198.650270044] [unity_endpoint]: Not registered to publish topic '/clock'! Valid publish topics are: dict_keys([]) 
[default_server_endpoint-1] [ERROR] [1785152198.651101117] [unity_endpoint]: Not registered to publish topic '/imu/data'! Valid publish topics are: dict_keys([]) 
[default_server_endpoint-1] [ERROR] [1785152198.651837531] [unity_endpoint]: Not registered to publish topic '/clock'! Valid publish topics are: dict_keys([]) 
[default_server_endpoint-1] [ERROR] [1785152198.652521548] [unity_endpoint]: Not registered to publish topic '/imu/data'! Valid publish topics are: dict_keys([]) 
[default_server_endpoint-1] [ERROR] [1785152198.653611817] [unity_endpoint]: Not registered to publish topic '/clock'! Valid publish topics are: dict_keys([]) 
[default_server_endpoint-1] [ERROR] [1785152198.654259076] [unity_endpoint]: Not registered to publish topic '/imu/data'! Valid publish topics are: dict_keys([]) 
[default_server_endpoint-1] [ERROR] [1785152198.654821421] [unity_endpoint]: Not registered to publish topic '/clock'! Valid publish topics are: dict_keys([]) 
[default_server_endpoint-1] [ERROR] [1785152198.655386447] [unity_endpoint]: Not registered to publish topic '/imu/data'! Valid publish topics are: dict_keys([]) 
[default_server_endpoint-1] [ERROR] [1785152198.656030045] [unity_endpoint]: Not registered to publish topic '/clock'! Valid publish topics are: dict_keys([]) 
[default_server_endpoint-1] [ERROR] [1785152198.656951923] [unity_endpoint]: Not registered to publish topic '/imu/data'! Valid publish topics are: dict_keys([]) 
[default_server_endpoint-1] [ERROR] [1785152198.657714181] [unity_endpoint]: Not registered to publish topic '/clock'! Valid publish topics are: dict_keys([]) 
[default_server_endpoint-1] [ERROR] [1785152198.658402132] [unity_endpoint]: Not registered to publish topic '/imu/data'! Valid publish topics are: dict_keys([]) 
[default_server_endpoint-1] [ERROR] [1785152198.659153273] [unity_endpoint]: Not registered to publish topic '/clock'! Valid publish topics are: dict_keys([]) 
[default_server_endpoint-1] [ERROR] [1785152198.659926883] [unity_endpoint]: Not registered to publish topic '/imu/data'! Valid publish topics are: dict_keys([]) 
[default_server_endpoint-1] [ERROR] [1785152198.660567234] [unity_endpoint]: Not registered to publish topic '/clock'! Valid publish topics are: dict_keys([]) 
[default_server_endpoint-1] [ERROR] [1785152198.662492914] [unity_endpoint]: Not registered to publish topic '/imu/data'! Valid publish topics are: dict_keys([]) 
[default_server_endpoint-1] [ERROR] [1785152198.666159102] [unity_endpoint]: Not registered to publish topic '/ground_truth_pose'! Valid publish topics are: dict_keys([]) 
[default_server_endpoint-1] [ERROR] [1785152198.667202685] [unity_endpoint]: Not registered to publish topic '/clock'! Valid publish topics are: dict_keys([]) 
[default_server_endpoint-1] [ERROR] [1785152198.668229071] [unity_endpoint]: Not registered to publish topic '/imu/data'! Valid publish topics are: dict_keys([]) 
[default_server_endpoint-1] [ERROR] [1785152198.669026844] [unity_endpoint]: Not registered to publish topic '/clock'! Valid publish topics are: dict_keys([]) 
[default_server_endpoint-1] [ERROR] [1785152198.670005974] [unity_endpoint]: Not registered to publish topic '/imu/data'! Valid publish topics are: dict_keys([]) 
[default_server_endpoint-1] [ERROR] [1785152198.670708621] [unity_endpoint]: Not registered to publish topic '/clock'! Valid publish topics are: dict_keys([]) 
[default_server_endpoint-1] [ERROR] [1785152198.671323422] [unity_endpoint]: Not registered to publish topic '/imu/data'! Valid publish topics are: dict_keys([]) 
[default_server_endpoint-1] [ERROR] [1785152198.671862913] [unity_endpoint]: Not registered to publish topic '/clock'! Valid publish topics are: dict_keys([]) 
[default_server_endpoint-1] [ERROR] [1785152198.672454926] [unity_endpoint]: Not registered to publish topic '/imu/data'! Valid publish topics are: dict_keys([]) 
[default_server_endpoint-1] [ERROR] [1785152198.673070589] [unity_endpoint]: Not registered to publish topic '/clock'! Valid publish topics are: dict_keys([]) 
[default_server_endpoint-1] [ERROR] [1785152198.673688143] [unity_endpoint]: Not registered to publish topic '/imu/data'! Valid publish topics are: dict_keys([]) 
[default_server_endpoint-1] [ERROR] [1785152198.674204333] [unity_endpoint]: Not registered to publish topic '/clock'! Valid publish topics are: dict_keys([]) 
[default_server_endpoint-1] [ERROR] [1785152198.674868686] [unity_endpoint]: Not registered to publish topic '/imu/data'! Valid publish topics are: dict_keys([]) 
[default_server_endpoint-1] [ERROR] [1785152198.675565657] [unity_endpoint]: Not registered to publish topic '/clock'! Valid publish topics are: dict_keys([]) 
[default_server_endpoint-1] [ERROR] [1785152198.676177411] [unity_endpoint]: Not registered to publish topic '/imu/data'! Valid publish topics are: dict_keys([]) 
[default_server_endpoint-1] [ERROR] [1785152198.676786331] [unity_endpoint]: Not registered to publish topic '/clock'! Valid publish topics are: dict_keys([]) 
[default_server_endpoint-1] [ERROR] [1785152198.677460151] [unity_endpoint]: Not registered to publish topic '/imu/data'! Valid publish topics are: dict_keys([]) 
[default_server_endpoint-1] [ERROR] [1785152198.678071486] [unity_endpoint]: Not registered to publish topic '/clock'! Valid publish topics are: dict_keys([]) 
[default_server_endpoint-1] [ERROR] [1785152198.678788109] [unity_endpoint]: Not registered to publish topic '/imu/data'! Valid publish topics are: dict_keys([]) 
[default_server_endpoint-1] [ERROR] [1785152198.679485400] [unity_endpoint]: Not registered to publish topic '/clock'! Valid publish topics are: dict_keys([]) 
[default_server_endpoint-1] [ERROR] [1785152198.680614241] [unity_endpoint]: Not registered to publish topic '/imu/data'! Valid publish topics are: dict_keys([]) 
[default_server_endpoint-1] [ERROR] [1785152198.685171452] [unity_endpoint]: Not registered to publish topic '/ground_truth_pose'! Valid publish topics are: dict_keys([]) 
[default_server_endpoint-1] [ERROR] [1785152198.687879801] [unity_endpoint]: Not registered to publish topic '/clock'! Valid publish topics are: dict_keys([]) 
[default_server_endpoint-1] [ERROR] [1785152198.691728384] [unity_endpoint]: Not registered to publish topic '/imu/data'! Valid publish topics are: dict_keys([]) 
[default_server_endpoint-1] [ERROR] [1785152198.692465152] [unity_endpoint]: Not registered to publish topic '/clock'! Valid publish topics are: dict_keys([]) 
[default_server_endpoint-1] [ERROR] [1785152198.693018398] [unity_endpoint]: Not registered to publish topic '/imu/data'! Valid publish topics are: dict_keys([]) 
[default_server_endpoint-1] [ERROR] [1785152198.693548466] [unity_endpoint]: Not registered to publish topic '/clock'! Valid publish topics are: dict_keys([]) 
[default_server_endpoint-1] [ERROR] [1785152198.694186499] [unity_endpoint]: Not registered to publish topic '/imu/data'! Valid publish topics are: dict_keys([]) 
[default_server_endpoint-1] [ERROR] [1785152198.694644789] [unity_endpoint]: Not registered to publish topic '/clock'! Valid publish topics are: dict_keys([]) 
[default_server_endpoint-1] [ERROR] [1785152198.695125086] [unity_endpoint]: Not registered to publish topic '/imu/data'! Valid publish topics are: dict_keys([]) 
[default_server_endpoint-1] [ERROR] [1785152198.695557373] [unity_endpoint]: Not registered to publish topic '/clock'! Valid publish topics are: dict_keys([]) 
[default_server_endpoint-1] [ERROR] [1785152198.695972276] [unity_endpoint]: Not registered to publish topic '/imu/data'! Valid publish topics are: dict_keys([]) 
[default_server_endpoint-1] [ERROR] [1785152198.696525680] [unity_endpoint]: Not registered to publish topic '/clock'! Valid publish topics are: dict_keys([]) 
[default_server_endpoint-1] [ERROR] [1785152198.697163032] [unity_endpoint]: Not registered to publish topic '/imu/data'! Valid publish topics are: dict_keys([]) 
[default_server_endpoint-1] [ERROR] [1785152198.701093314] [unity_endpoint]: Not registered to publish topic '/scan'! Valid publish topics are: dict_keys([]) 
[default_server_endpoint-1] [ERROR] [1785152198.703429178] [unity_endpoint]: Not registered to publish topic '/clock'! Valid publish topics are: dict_keys([]) 
[default_server_endpoint-1] [ERROR] [1785152198.704565147] [unity_endpoint]: Not registered to publish topic '/imu/data'! Valid publish topics are: dict_keys([]) 
[default_server_endpoint-1] [ERROR] [1785152198.708088474] [unity_endpoint]: Not registered to publish topic '/clock'! Valid publish topics are: dict_keys([]) 
[default_server_endpoint-1] [ERROR] [1785152198.709063095] [unity_endpoint]: Not registered to publish topic '/imu/data'! Valid publish topics are: dict_keys([]) 
[default_server_endpoint-1] [ERROR] [1785152198.709793909] [unity_endpoint]: Not registered to publish topic '/clock'! Valid publish topics are: dict_keys([]) 
[default_server_endpoint-1] [ERROR] [1785152198.710622370] [unity_endpoint]: Not registered to publish topic '/imu/data'! Valid publish topics are: dict_keys([]) 
[default_server_endpoint-1] [ERROR] [1785152198.711455201] [unity_endpoint]: Not registered to publish topic '/clock'! Valid publish topics are: dict_keys([]) 
[default_server_endpoint-1] [ERROR] [1785152198.712264895] [unity_endpoint]: Not registered to publish topic '/imu/data'! Valid publish topics are: dict_keys([]) 
[default_server_endpoint-1] [ERROR] [1785152198.712900893] [unity_endpoint]: Not registered to publish topic '/ground_truth_pose'! Valid publish topics are: dict_keys([]) 
[default_server_endpoint-1] [ERROR] [1785152198.713538858] [unity_endpoint]: Not registered to publish topic '/clock'! Valid publish topics are: dict_keys([]) 
[default_server_endpoint-1] [ERROR] [1785152198.714094360] [unity_endpoint]: Not registered to publish topic '/imu/data'! Valid publish topics are: dict_keys([]) 
[default_server_endpoint-1] [ERROR] [1785152198.714681976] [unity_endpoint]: Not registered to publish topic '/clock'! Valid publish topics are: dict_keys([]) 
[default_server_endpoint-1] [ERROR] [1785152198.715317031] [unity_endpoint]: Not registered to publish topic '/imu/data'! Valid publish topics are: dict_keys([]) 
[default_server_endpoint-1] [ERROR] [1785152198.716107163] [unity_endpoint]: Not registered to publish topic '/clock'! Valid publish topics are: dict_keys([]) 
[default_server_endpoint-1] [ERROR] [1785152198.717733093] [unity_endpoint]: Not registered to publish topic '/imu/data'! Valid publish topics are: dict_keys([]) 
[default_server_endpoint-1] [ERROR] [1785152198.718975867] [unity_endpoint]: Not registered to publish topic '/clock'! Valid publish topics are: dict_keys([]) 
[default_server_endpoint-1] [ERROR] [1785152198.720827619] [unity_endpoint]: Not registered to publish topic '/imu/data'! Valid publish topics are: dict_keys([]) 
[default_server_endpoint-1] [ERROR] [1785152198.722882391] [unity_endpoint]: Not registered to publish topic '/clock'! Valid publish topics are: dict_keys([]) 
[default_server_endpoint-1] [ERROR] [1785152198.725225244] [unity_endpoint]: Not registered to publish topic '/imu/data'! Valid publish topics are: dict_keys([]) 
[default_server_endpoint-1] [ERROR] [1785152198.726022352] [unity_endpoint]: Not registered to publish topic '/clock'! Valid publish topics are: dict_keys([]) 
[default_server_endpoint-1] [ERROR] [1785152198.726524329] [unity_endpoint]: Not registered to publish topic '/imu/data'! Valid publish topics are: dict_keys([]) 
[default_server_endpoint-1] [ERROR] [1785152198.726961126] [unity_endpoint]: Not registered to publish topic '/clock'! Valid publish topics are: dict_keys([]) 
[default_server_endpoint-1] [ERROR] [1785152198.727406969] [unity_endpoint]: Not registered to publish topic '/imu/data'! Valid publish topics are: dict_keys([]) 
[default_server_endpoint-1] [ERROR] [1785152198.727882677] [unity_endpoint]: Not registered to publish topic '/clock'! Valid publish topics are: dict_keys([]) 
[default_server_endpoint-1] [ERROR] [1785152198.728387657] [unity_endpoint]: Not registered to publish topic '/imu/data'! Valid publish topics are: dict_keys([]) 
[default_server_endpoint-1] [ERROR] [1785152198.728793398] [unity_endpoint]: Not registered to publish topic '/clock'! Valid publish topics are: dict_keys([]) 
[default_server_endpoint-1] [ERROR] [1785152198.729184239] [unity_endpoint]: Not registered to publish topic '/imu/data'! Valid publish topics are: dict_keys([]) 
[default_server_endpoint-1] [ERROR] [1785152198.729624950] [unity_endpoint]: Not registered to publish topic '/clock'! Valid publish topics are: dict_keys([]) 
[default_server_endpoint-1] [ERROR] [1785152198.731608253] [unity_endpoint]: Not registered to publish topic '/imu/data'! Valid publish topics are: dict_keys([]) 
[default_server_endpoint-1] [ERROR] [1785152198.734612247] [unity_endpoint]: Not registered to publish topic '/ground_truth_pose'! Valid publish topics are: dict_keys([]) 
[default_server_endpoint-1] [ERROR] [1785152198.736339070] [unity_endpoint]: Not registered to publish topic '/clock'! Valid publish topics are: dict_keys([]) 
[default_server_endpoint-1] [ERROR] [1785152198.737794181] [unity_endpoint]: Not registered to publish topic '/imu/data'! Valid publish topics are: dict_keys([]) 
[default_server_endpoint-1] [ERROR] [1785152198.739564692] [unity_endpoint]: Not registered to publish topic '/clock'! Valid publish topics are: dict_keys([]) 
[default_server_endpoint-1] [ERROR] [1785152198.741188713] [unity_endpoint]: Not registered to publish topic '/imu/data'! Valid publish topics are: dict_keys([]) 
[default_server_endpoint-1] [ERROR] [1785152198.742989114] [unity_endpoint]: Not registered to publish topic '/clock'! Valid publish topics are: dict_keys([]) 
[default_server_endpoint-1] [ERROR] [1785152198.743719834] [unity_endpoint]: Not registered to publish topic '/imu/data'! Valid publish topics are: dict_keys([]) 
[default_server_endpoint-1] [ERROR] [1785152198.744314184] [unity_endpoint]: Not registered to publish topic '/clock'! Valid publish topics are: dict_keys([]) 
[default_server_endpoint-1] [ERROR] [1785152198.744930063] [unity_endpoint]: Not registered to publish topic '/imu/data'! Valid publish topics are: dict_keys([]) 
[default_server_endpoint-1] [ERROR] [1785152198.745467171] [unity_endpoint]: Not registered to publish topic '/clock'! Valid publish topics are: dict_keys([]) 
[default_server_endpoint-1] [ERROR] [1785152198.746030526] [unity_endpoint]: Not registered to publish topic '/imu/data'! Valid publish topics are: dict_keys([]) 
[default_server_endpoint-1] [ERROR] [1785152198.746685838] [unity_endpoint]: Not registered to publish topic '/clock'! Valid publish topics are: dict_keys([]) 
[default_server_endpoint-1] [ERROR] [1785152198.747319398] [unity_endpoint]: Not registered to publish topic '/imu/data'! Valid publish topics are: dict_keys([]) 
[default_server_endpoint-1] [ERROR] [1785152198.748293763] [unity_endpoint]: Not registered to publish topic '/clock'! Valid publish topics are: dict_keys([]) 
[default_server_endpoint-1] [ERROR] [1785152198.748975805] [unity_endpoint]: Not registered to publish topic '/imu/data'! Valid publish topics are: dict_keys([]) 
[default_server_endpoint-1] [ERROR] [1785152198.749708991] [unity_endpoint]: Not registered to publish topic '/clock'! Valid publish topics are: dict_keys([]) 
[default_server_endpoint-1] [ERROR] [1785152198.750341477] [unity_endpoint]: Not registered to publish topic '/imu/data'! Valid publish topics are: dict_keys([]) 
[default_server_endpoint-1] [ERROR] [1785152198.751027949] [unity_endpoint]: Not registered to publish topic '/clock'! Valid publish topics are: dict_keys([]) 
[default_server_endpoint-1] [ERROR] [1785152198.751865499] [unity_endpoint]: Not registered to publish topic '/imu/data'! Valid publish topics are: dict_keys([]) 
[default_server_endpoint-1] [ERROR] [1785152198.752590229] [unity_endpoint]: Not registered to publish topic '/clock'! Valid publish topics are: dict_keys([]) 
[default_server_endpoint-1] [ERROR] [1785152198.753156710] [unity_endpoint]: Not registered to publish topic '/imu/data'! Valid publish topics are: dict_keys([]) 
[default_server_endpoint-1] [ERROR] [1785152198.753861081] [unity_endpoint]: Not registered to publish topic '/ground_truth_pose'! Valid publish topics are: dict_keys([]) 
[default_server_endpoint-1] [ERROR] [1785152198.755413935] [unity_endpoint]: Not registered to publish topic '/clock'! Valid publish topics are: dict_keys([]) 
[default_server_endpoint-1] [ERROR] [1785152198.758801920] [unity_endpoint]: Not registered to publish topic '/imu/data'! Valid publish topics are: dict_keys([]) 
[default_server_endpoint-1] [ERROR] [1785152198.761742956] [unity_endpoint]: Not registered to publish topic '/scan'! Valid publish topics are: dict_keys([]) 
[default_server_endpoint-1] [ERROR] [1785152198.764085130] [unity_endpoint]: Not registered to publish topic '/clock'! Valid publish topics are: dict_keys([]) 
[default_server_endpoint-1] [ERROR] [1785152198.765249654] [unity_endpoint]: Not registered to publish topic '/imu/data'! Valid publish topics are: dict_keys([]) 
[default_server_endpoint-1] [ERROR] [1785152198.766155197] [unity_endpoint]: Not registered to publish topic '/clock'! Valid publish topics are: dict_keys([]) 
[default_server_endpoint-1] [ERROR] [1785152198.766866645] [unity_endpoint]: Not registered to publish topic '/imu/data'! Valid publish topics are: dict_keys([]) 
[default_server_endpoint-1] [ERROR] [1785152198.767495775] [unity_endpoint]: Not registered to publish topic '/clock'! Valid publish topics are: dict_keys([]) 
[default_server_endpoint-1] [ERROR] [1785152198.768215826] [unity_endpoint]: Not registered to publish topic '/imu/data'! Valid publish topics are: dict_keys([]) 
[default_server_endpoint-1] [ERROR] [1785152198.768942729] [unity_endpoint]: Not registered to publish topic '/clock'! Valid publish topics are: dict_keys([]) 
[default_server_endpoint-1] [ERROR] [1785152198.769709361] [unity_endpoint]: Not registered to publish topic '/imu/data'! Valid publish topics are: dict_keys([]) 
[default_server_endpoint-1] [ERROR] [1785152198.770357880] [unity_endpoint]: Not registered to publish topic '/clock'! Valid publish topics are: dict_keys([]) 
[default_server_endpoint-1] [ERROR] [1785152198.770970940] [unity_endpoint]: Not registered to publish topic '/imu/data'! Valid publish topics are: dict_keys([]) 
[default_server_endpoint-1] [ERROR] [1785152198.771562335] [unity_endpoint]: Not registered to publish topic '/clock'! Valid publish topics are: dict_keys([]) 
[default_server_endpoint-1] [ERROR] [1785152198.772635414] [unity_endpoint]: Not registered to publish topic '/imu/data'! Valid publish topics are: dict_keys([]) 
[default_server_endpoint-1] [ERROR] [1785152198.773727231] [unity_endpoint]: Not registered to publish topic '/clock'! Valid publish topics are: dict_keys([]) 
[default_server_endpoint-1] [ERROR] [1785152198.775325905] [unity_endpoint]: Not registered to publish topic '/imu/data'! Valid publish topics are: dict_keys([]) 
[default_server_endpoint-1] [ERROR] [1785152198.776533685] [unity_endpoint]: Not registered to publish topic '/clock'! Valid publish topics are: dict_keys([]) 
[default_server_endpoint-1] [ERROR] [1785152198.777788793] [unity_endpoint]: Not registered to publish topic '/imu/data'! Valid publish topics are: dict_keys([]) 
[default_server_endpoint-1] [ERROR] [1785152198.779117802] [unity_endpoint]: Not registered to publish topic '/clock'! Valid publish topics are: dict_keys([]) 
[default_server_endpoint-1] [ERROR] [1785152198.780365971] [unity_endpoint]: Not registered to publish topic '/imu/data'! Valid publish topics are: dict_keys([]) 
[default_server_endpoint-1] [ERROR] [1785152198.781838006] [unity_endpoint]: Not registered to publish topic '/ground_truth_pose'! Valid publish topics are: dict_keys([]) 
[default_server_endpoint-1] [ERROR] [1785152198.782309828] [unity_endpoint]: Not registered to publish topic '/clock'! Valid publish topics are: dict_keys([]) 
[default_server_endpoint-1] [ERROR] [1785152198.782757636] [unity_endpoint]: Not registered to publish topic '/imu/data'! Valid publish topics are: dict_keys([]) 
[default_server_endpoint-1] [ERROR] [1785152198.783498175] [unity_endpoint]: Not registered to publish topic '/clock'! Valid publish topics are: dict_keys([]) 
[default_server_endpoint-1] [ERROR] [1785152198.784066665] [unity_endpoint]: Not registered to publish topic '/imu/data'! Valid publish topics are: dict_keys([]) 
[default_server_endpoint-1] [ERROR] [1785152198.784607244] [unity_endpoint]: Not registered to publish topic '/clock'! Valid publish topics are: dict_keys([]) 
[default_server_endpoint-1] [ERROR] [1785152198.785060671] [unity_endpoint]: Not registered to publish topic '/imu/data'! Valid publish topics are: dict_keys([]) 
[default_server_endpoint-1] [ERROR] [1785152198.785625582] [unity_endpoint]: Not registered to publish topic '/clock'! Valid publish topics are: dict_keys([]) 
[default_server_endpoint-1] [ERROR] [1785152198.786114127] [unity_endpoint]: Not registered to publish topic '/imu/data'! Valid publish topics are: dict_keys([]) 
[default_server_endpoint-1] [ERROR] [1785152198.786567061] [unity_endpoint]: Not registered to publish topic '/clock'! Valid publish topics are: dict_keys([]) 
[default_server_endpoint-1] [ERROR] [1785152198.786980150] [unity_endpoint]: Not registered to publish topic '/imu/data'! Valid publish topics are: dict_keys([]) 
[default_server_endpoint-1] [ERROR] [1785152198.787406084] [unity_endpoint]: Not registered to publish topic '/clock'! Valid publish topics are: dict_keys([]) 
[default_server_endpoint-1] [ERROR] [1785152198.789457803] [unity_endpoint]: Not registered to publish topic '/imu/data'! Valid publish topics are: dict_keys([]) 
[default_server_endpoint-1] [ERROR] [1785152198.790682802] [unity_endpoint]: Not registered to publish topic '/clock'! Valid publish topics are: dict_keys([]) 
[default_server_endpoint-1] [ERROR] [1785152198.791647959] [unity_endpoint]: Not registered to publish topic '/imu/data'! Valid publish topics are: dict_keys([]) 
[default_server_endpoint-1] [ERROR] [1785152198.792635179] [unity_endpoint]: Not registered to publish topic '/clock'! Valid publish topics are: dict_keys([]) 
[default_server_endpoint-1] [ERROR] [1785152198.793722015] [unity_endpoint]: Not registered to publish topic '/imu/data'! Valid publish topics are: dict_keys([]) 
[default_server_endpoint-1] [ERROR] [1785152198.794622110] [unity_endpoint]: Not registered to publish topic '/clock'! Valid publish topics are: dict_keys([]) 
[default_server_endpoint-1] [ERROR] [1785152198.795457190] [unity_endpoint]: Not registered to publish topic '/imu/data'! Valid publish topics are: dict_keys([]) 
[default_server_endpoint-1] [ERROR] [1785152198.798438132] [unity_endpoint]: Not registered to publish topic '/clock'! Valid publish topics are: dict_keys([]) 
[default_server_endpoint-1] [ERROR] [1785152198.803191285] [unity_endpoint]: Not registered to publish topic '/imu/data'! Valid publish topics are: dict_keys([]) 
[default_server_endpoint-1] [ERROR] [1785152198.804085536] [unity_endpoint]: Not registered to publish topic '/ground_truth_pose'! Valid publish topics are: dict_keys([]) 
[default_server_endpoint-1] [ERROR] [1785152198.804756541] [unity_endpoint]: Not registered to publish topic '/clock'! Valid publish topics are: dict_keys([]) 
[default_server_endpoint-1] [ERROR] [1785152198.805360528] [unity_endpoint]: Not registered to publish topic '/imu/data'! Valid publish topics are: dict_keys([]) 
[default_server_endpoint-1] [ERROR] [1785152198.805915122] [unity_endpoint]: Not registered to publish topic '/clock'! Valid publish topics are: dict_keys([]) 
[default_server_endpoint-1] [ERROR] [1785152198.806509491] [unity_endpoint]: Not registered to publish topic '/imu/data'! Valid publish topics are: dict_keys([]) 
[default_server_endpoint-1] [ERROR] [1785152198.807132550] [unity_endpoint]: Not registered to publish topic '/clock'! Valid publish topics are: dict_keys([]) 
[default_server_endpoint-1] [ERROR] [1785152198.808747466] [unity_endpoint]: Not registered to publish topic '/imu/data'! Valid publish topics are: dict_keys([]) 
[default_server_endpoint-1] [ERROR] [1785152198.811579268] [unity_endpoint]: Not registered to publish topic '/clock'! Valid publish topics are: dict_keys([]) 
[default_server_endpoint-1] [ERROR] [1785152198.813054322] [unity_endpoint]: Not registered to publish topic '/imu/data'! Valid publish topics are: dict_keys([]) 
[default_server_endpoint-1] [ERROR] [1785152198.814368131] [unity_endpoint]: Not registered to publish topic '/clock'! Valid publish topics are: dict_keys([]) 
[default_server_endpoint-1] [ERROR] [1785152198.824535877] [unity_endpoint]: Not registered to publish topic '/imu/data'! Valid publish topics are: dict_keys([]) 
[default_server_endpoint-1] [ERROR] [1785152198.825447661] [unity_endpoint]: Not registered to publish topic '/clock'! Valid publish topics are: dict_keys([]) 
[default_server_endpoint-1] [ERROR] [1785152198.826129243] [unity_endpoint]: Not registered to publish topic '/imu/data'! Valid publish topics are: dict_keys([]) 
[default_server_endpoint-1] [ERROR] [1785152198.826867994] [unity_endpoint]: Not registered to publish topic '/scan'! Valid publish topics are: dict_keys([]) 
[default_server_endpoint-1] [ERROR] [1785152198.827490583] [unity_endpoint]: Not registered to publish topic '/clock'! Valid publish topics are: dict_keys([]) 
[default_server_endpoint-1] [ERROR] [1785152198.828234162] [unity_endpoint]: Not registered to publish topic '/imu/data'! Valid publish topics are: dict_keys([]) 
[default_server_endpoint-1] [ERROR] [1785152198.828905355] [unity_endpoint]: Not registered to publish topic '/clock'! Valid publish topics are: dict_keys([]) 
[default_server_endpoint-1] [ERROR] [1785152198.829824191] [unity_endpoint]: Not registered to publish topic '/imu/data'! Valid publish topics are: dict_keys([]) 
[default_server_endpoint-1] [ERROR] [1785152198.830597624] [unity_endpoint]: Not registered to publish topic '/clock'! Valid publish topics are: dict_keys([]) 
[default_server_endpoint-1] [ERROR] [1785152198.831384960] [unity_endpoint]: Not registered to publish topic '/imu/data'! Valid publish topics are: dict_keys([]) 
[default_server_endpoint-1] [ERROR] [1785152198.832992901] [unity_endpoint]: Not registered to publish topic '/clock'! Valid publish topics are: dict_keys([]) 
[default_server_endpoint-1] [ERROR] [1785152198.835068869] [unity_endpoint]: Not registered to publish topic '/imu/data'! Valid publish topics are: dict_keys([]) 
[default_server_endpoint-1] [ERROR] [1785152198.837738211] [unity_endpoint]: Not registered to publish topic '/ground_truth_pose'! Valid publish topics are: dict_keys([]) 
[default_server_endpoint-1] [ERROR] [1785152198.838863814] [unity_endpoint]: Not registered to publish topic '/clock'! Valid publish topics are: dict_keys([]) 
[default_server_endpoint-1] [ERROR] [1785152198.840682167] [unity_endpoint]: Not registered to publish topic '/imu/data'! Valid publish topics are: dict_keys([]) 
[default_server_endpoint-1] [ERROR] [1785152198.842171974] [unity_endpoint]: Not registered to publish topic '/clock'! Valid publish topics are: dict_keys([]) 
[default_server_endpoint-1] [ERROR] [1785152198.842933960] [unity_endpoint]: Not registered to publish topic '/imu/data'! Valid publish topics are: dict_keys([]) 
[default_server_endpoint-1] [ERROR] [1785152198.843628349] [unity_endpoint]: Not registered to publish topic '/clock'! Valid publish topics are: dict_keys([]) 
[default_server_endpoint-1] [ERROR] [1785152198.844323528] [unity_endpoint]: Not registered to publish topic '/imu/data'! Valid publish topics are: dict_keys([]) 
[default_server_endpoint-1] [ERROR] [1785152198.844973269] [unity_endpoint]: Not registered to publish topic '/clock'! Valid publish topics are: dict_keys([]) 
[default_server_endpoint-1] [ERROR] [1785152198.845604994] [unity_endpoint]: Not registered to publish topic '/imu/data'! Valid publish topics are: dict_keys([]) 
[default_server_endpoint-1] [ERROR] [1785152198.846173849] [unity_endpoint]: Not registered to publish topic '/clock'! Valid publish topics are: dict_keys([]) 
[default_server_endpoint-1] [ERROR] [1785152198.846848215] [unity_endpoint]: Not registered to publish topic '/imu/data'! Valid publish topics are: dict_keys([]) 
[default_server_endpoint-1] [ERROR] [1785152198.847476274] [unity_endpoint]: Not registered to publish topic '/clock'! Valid publish topics are: dict_keys([]) 
[default_server_endpoint-1] [ERROR] [1785152198.848047697] [unity_endpoint]: Not registered to publish topic '/imu/data'! Valid publish topics are: dict_keys([]) 
[default_server_endpoint-1] [ERROR] [1785152198.848661785] [unity_endpoint]: Not registered to publish topic '/clock'! Valid publish topics are: dict_keys([]) 
[default_server_endpoint-1] [ERROR] [1785152198.849295479] [unity_endpoint]: Not registered to publish topic '/imu/data'! Valid publish topics are: dict_keys([]) 
[default_server_endpoint-1] [ERROR] [1785152198.849889980] [unity_endpoint]: Not registered to publish topic '/clock'! Valid publish topics are: dict_keys([]) 
[default_server_endpoint-1] [ERROR] [1785152198.853167869] [unity_endpoint]: Not registered to publish topic '/imu/data'! Valid publish topics are: dict_keys([]) 
[default_server_endpoint-1] [ERROR] [1785152198.855766441] [unity_endpoint]: Not registered to publish topic '/clock'! Valid publish topics are: dict_keys([]) 
[default_server_endpoint-1] [ERROR] [1785152198.857267396] [unity_endpoint]: Not registered to publish topic '/imu/data'! Valid publish topics are: dict_keys([]) 
[default_server_endpoint-1] [ERROR] [1785152198.859701649] [unity_endpoint]: Not registered to publish topic '/clock'! Valid publish topics are: dict_keys([]) 
[default_server_endpoint-1] [ERROR] [1785152198.860622001] [unity_endpoint]: Not registered to publish topic '/imu/data'! Valid publish topics are: dict_keys([]) 
[default_server_endpoint-1] [ERROR] [1785152198.861358580] [unity_endpoint]: Not registered to publish topic '/ground_truth_pose'! Valid publish topics are: dict_keys([]) 
[default_server_endpoint-1] [ERROR] [1785152198.862206070] [unity_endpoint]: Not registered to publish topic '/clock'! Valid publish topics are: dict_keys([]) 
[default_server_endpoint-1] [ERROR] [1785152198.862842931] [unity_endpoint]: Not registered to publish topic '/imu/data'! Valid publish topics are: dict_keys([]) 
[default_server_endpoint-1] [ERROR] [1785152198.863417134] [unity_endpoint]: Not registered to publish topic '/clock'! Valid publish topics are: dict_keys([]) 
[default_server_endpoint-1] [ERROR] [1785152198.864025620] [unity_endpoint]: Not registered to publish topic '/imu/data'! Valid publish topics are: dict_keys([]) 
[default_server_endpoint-1] [ERROR] [1785152198.864604798] [unity_endpoint]: Not registered to publish topic '/clock'! Valid publish topics are: dict_keys([]) 
[default_server_endpoint-1] [ERROR] [1785152198.865164213] [unity_endpoint]: Not registered to publish topic '/imu/data'! Valid publish topics are: dict_keys([]) 
[default_server_endpoint-1] [ERROR] [1785152198.865733839] [unity_endpoint]: Not registered to publish topic '/clock'! Valid publish topics are: dict_keys([]) 
[default_server_endpoint-1] [ERROR] [1785152198.866295092] [unity_endpoint]: Not registered to publish topic '/imu/data'! Valid publish topics are: dict_keys([]) 
[default_server_endpoint-1] [ERROR] [1785152198.866925291] [unity_endpoint]: Not registered to publish topic '/clock'! Valid publish topics are: dict_keys([]) 
[default_server_endpoint-1] [ERROR] [1785152198.867556949] [unity_endpoint]: Not registered to publish topic '/imu/data'! Valid publish topics are: dict_keys([]) 
[default_server_endpoint-1] [ERROR] [1785152198.868220392] [unity_endpoint]: Not registered to publish topic '/clock'! Valid publish topics are: dict_keys([]) 
[default_server_endpoint-1] [ERROR] [1785152198.868999559] [unity_endpoint]: Not registered to publish topic '/imu/data'! Valid publish topics are: dict_keys([]) 
[default_server_endpoint-1] [ERROR] [1785152198.870165173] [unity_endpoint]: Not registered to publish topic '/clock'! Valid publish topics are: dict_keys([]) 
[default_server_endpoint-1] [ERROR] [1785152198.870806180] [unity_endpoint]: Not registered to publish topic '/imu/data'! Valid publish topics are: dict_keys([]) 
[default_server_endpoint-1] [ERROR] [1785152198.871376604] [unity_endpoint]: Not registered to publish topic '/clock'! Valid publish topics are: dict_keys([]) 
[default_server_endpoint-1] [ERROR] [1785152198.872392471] [unity_endpoint]: Not registered to publish topic '/imu/data'! Valid publish topics are: dict_keys([]) 
[default_server_endpoint-1] [ERROR] [1785152198.873242191] [unity_endpoint]: Not registered to publish topic '/clock'! Valid publish topics are: dict_keys([]) 
[default_server_endpoint-1] [ERROR] [1785152198.874386795] [unity_endpoint]: Not registered to publish topic '/imu/data'! Valid publish topics are: dict_keys([]) 
[default_server_endpoint-1] [ERROR] [1785152198.875146771] [unity_endpoint]: Not registered to publish topic '/clock'! Valid publish topics are: dict_keys([]) 
[default_server_endpoint-1] [ERROR] [1785152198.879137077] [unity_endpoint]: Not registered to publish topic '/imu/data'! Valid publish topics are: dict_keys([]) 
[default_server_endpoint-1] [ERROR] [1785152198.882060362] [unity_endpoint]: Not registered to publish topic '/ground_truth_pose'! Valid publish topics are: dict_keys([]) 
[default_server_endpoint-1] [ERROR] [1785152198.882966728] [unity_endpoint]: Not registered to publish topic '/clock'! Valid publish topics are: dict_keys([]) 
[default_server_endpoint-1] [ERROR] [1785152198.883811109] [unity_endpoint]: Not registered to publish topic '/imu/data'! Valid publish topics are: dict_keys([]) 
[default_server_endpoint-1] [ERROR] [1785152198.884366013] [unity_endpoint]: Not registered to publish topic '/scan'! Valid publish topics are: dict_keys([]) 
[default_server_endpoint-1] [ERROR] [1785152198.884895140] [unity_endpoint]: Not registered to publish topic '/clock'! Valid publish topics are: dict_keys([]) 
[default_server_endpoint-1] [ERROR] [1785152198.885366800] [unity_endpoint]: Not registered to publish topic '/imu/data'! Valid publish topics are: dict_keys([]) 
[default_server_endpoint-1] [ERROR] [1785152198.886014746] [unity_endpoint]: Not registered to publish topic '/clock'! Valid publish topics are: dict_keys([]) 
[default_server_endpoint-1] [ERROR] [1785152198.886519026] [unity_endpoint]: Not registered to publish topic '/imu/data'! Valid publish topics are: dict_keys([]) 
[default_server_endpoint-1] [ERROR] [1785152198.886948781] [unity_endpoint]: Not registered to publish topic '/clock'! Valid publish topics are: dict_keys([]) 
[default_server_endpoint-1] [ERROR] [1785152198.887664617] [unity_endpoint]: Not registered to publish topic '/imu/data'! Valid publish topics are: dict_keys([]) 
[default_server_endpoint-1] [ERROR] [1785152198.888323546] [unity_endpoint]: Not registered to publish topic '/clock'! Valid publish topics are: dict_keys([]) 
[default_server_endpoint-1] [ERROR] [1785152198.890211263] [unity_endpoint]: Not registered to publish topic '/imu/data'! Valid publish topics are: dict_keys([]) 
[default_server_endpoint-1] [ERROR] [1785152198.891748804] [unity_endpoint]: Not registered to publish topic '/clock'! Valid publish topics are: dict_keys([]) 
[default_server_endpoint-1] [ERROR] [1785152198.896075394] [unity_endpoint]: Not registered to publish topic '/imu/data'! Valid publish topics are: dict_keys([]) 
[default_server_endpoint-1] [ERROR] [1785152198.897377735] [unity_endpoint]: Not registered to publish topic '/clock'! Valid publish topics are: dict_keys([]) 
[default_server_endpoint-1] [ERROR] [1785152198.898393089] [unity_endpoint]: Not registered to publish topic '/imu/data'! Valid publish topics are: dict_keys([]) 
[default_server_endpoint-1] [ERROR] [1785152198.899157275] [unity_endpoint]: Not registered to publish topic '/clock'! Valid publish topics are: dict_keys([]) 
[default_server_endpoint-1] [ERROR] [1785152198.899988971] [unity_endpoint]: Not registered to publish topic '/imu/data'! Valid publish topics are: dict_keys([]) 
[default_server_endpoint-1] [ERROR] [1785152198.900674866] [unity_endpoint]: Not registered to publish topic '/ground_truth_pose'! Valid publish topics are: dict_keys([]) 
[default_server_endpoint-1] [ERROR] [1785152198.901278740] [unity_endpoint]: Not registered to publish topic '/clock'! Valid publish topics are: dict_keys([]) 
[default_server_endpoint-1] [ERROR] [1785152198.902027649] [unity_endpoint]: Not registered to publish topic '/imu/data'! Valid publish topics are: dict_keys([]) 
[default_server_endpoint-1] [ERROR] [1785152198.902784871] [unity_endpoint]: Not registered to publish topic '/clock'! Valid publish topics are: dict_keys([]) 
[default_server_endpoint-1] [ERROR] [1785152198.903475892] [unity_endpoint]: Not registered to publish topic '/imu/data'! Valid publish topics are: dict_keys([]) 
[default_server_endpoint-1] [ERROR] [1785152198.904242411] [unity_endpoint]: Not registered to publish topic '/clock'! Valid publish topics are: dict_keys([]) 
[default_server_endpoint-1] [ERROR] [1785152198.904888060] [unity_endpoint]: Not registered to publish topic '/imu/data'! Valid publish topics are: dict_keys([]) 
[default_server_endpoint-1] [ERROR] [1785152198.905548152] [unity_endpoint]: Not registered to publish topic '/clock'! Valid publish topics are: dict_keys([]) 
[default_server_endpoint-1] [ERROR] [1785152198.906158653] [unity_endpoint]: Not registered to publish topic '/imu/data'! Valid publish topics are: dict_keys([]) 
[default_server_endpoint-1] [ERROR] [1785152198.906734689] [unity_endpoint]: Not registered to publish topic '/clock'! Valid publish topics are: dict_keys([]) 
[default_server_endpoint-1] [ERROR] [1785152198.907534613] [unity_endpoint]: Not registered to publish topic '/imu/data'! Valid publish topics are: dict_keys([]) 
[default_server_endpoint-1] [ERROR] [1785152198.908518046] [unity_endpoint]: Not registered to publish topic '/clock'! Valid publish topics are: dict_keys([]) 
[default_server_endpoint-1] [ERROR] [1785152198.912805461] [unity_endpoint]: Not registered to publish topic '/imu/data'! Valid publish topics are: dict_keys([]) 
[default_server_endpoint-1] [ERROR] [1785152198.913902555] [unity_endpoint]: Not registered to publish topic '/clock'! Valid publish topics are: dict_keys([]) 
[default_server_endpoint-1] [ERROR] [1785152198.914751034] [unity_endpoint]: Not registered to publish topic '/imu/data'! Valid publish topics are: dict_keys([]) 
[default_server_endpoint-1] [ERROR] [1785152198.915876343] [unity_endpoint]: Not registered to publish topic '/clock'! Valid publish topics are: dict_keys([]) 
[default_server_endpoint-1] [ERROR] [1785152198.917683450] [unity_endpoint]: Not registered to publish topic '/imu/data'! Valid publish topics are: dict_keys([]) 
[default_server_endpoint-1] [ERROR] [1785152198.918700147] [unity_endpoint]: Not registered to publish topic '/clock'! Valid publish topics are: dict_keys([]) 
[default_server_endpoint-1] [ERROR] [1785152198.919680517] [unity_endpoint]: Not registered to publish topic '/imu/data'! Valid publish topics are: dict_keys([]) 
[default_server_endpoint-1] [ERROR] [1785152198.920492575] [unity_endpoint]: Not registered to publish topic '/clock'! Valid publish topics are: dict_keys([]) 
[default_server_endpoint-1] [ERROR] [1785152198.921227382] [unity_endpoint]: Not registered to publish topic '/imu/data'! Valid publish topics are: dict_keys([]) 
[default_server_endpoint-1] [ERROR] [1785152198.921944712] [unity_endpoint]: Not registered to publish topic '/ground_truth_pose'! Valid publish topics are: dict_keys([]) 
[default_server_endpoint-1] [ERROR] [1785152198.922561253] [unity_endpoint]: Not registered to publish topic '/clock'! Valid publish topics are: dict_keys([]) 
[default_server_endpoint-1] [ERROR] [1785152198.923175363] [unity_endpoint]: Not registered to publish topic '/imu/data'! Valid publish topics are: dict_keys([]) 
[default_server_endpoint-1] [ERROR] [1785152198.923959158] [unity_endpoint]: Not registered to publish topic '/scan'! Valid publish topics are: dict_keys([]) 
[default_server_endpoint-1] [ERROR] [1785152198.924660774] [unity_endpoint]: Not registered to publish topic '/clock'! Valid publish topics are: dict_keys([]) 
[default_server_endpoint-1] [ERROR] [1785152198.926657961] [unity_endpoint]: Not registered to publish topic '/imu/data'! Valid publish topics are: dict_keys([]) 
[default_server_endpoint-1] [ERROR] [1785152198.928235761] [unity_endpoint]: Not registered to publish topic '/clock'! Valid publish topics are: dict_keys([]) 
[default_server_endpoint-1] [ERROR] [1785152198.930127855] [unity_endpoint]: Not registered to publish topic '/imu/data'! Valid publish topics are: dict_keys([]) 
[default_server_endpoint-1] [ERROR] [1785152198.934526787] [unity_endpoint]: Not registered to publish topic '/clock'! Valid publish topics are: dict_keys([]) 
[default_server_endpoint-1] [ERROR] [1785152198.935394585] [unity_endpoint]: Not registered to publish topic '/imu/data'! Valid publish topics are: dict_keys([]) 
[default_server_endpoint-1] [ERROR] [1785152198.936388165] [unity_endpoint]: Not registered to publish topic '/clock'! Valid publish topics are: dict_keys([]) 
[default_server_endpoint-1] [ERROR] [1785152198.937045041] [unity_endpoint]: Not registered to publish topic '/imu/data'! Valid publish topics are: dict_keys([]) 
[default_server_endpoint-1] [ERROR] [1785152198.937711732] [unity_endpoint]: Not registered to publish topic '/clock'! Valid publish topics are: dict_keys([]) 
[default_server_endpoint-1] [ERROR] [1785152198.938321265] [unity_endpoint]: Not registered to publish topic '/imu/data'! Valid publish topics are: dict_keys([]) 
[default_server_endpoint-1] [ERROR] [1785152198.938941408] [unity_endpoint]: Not registered to publish topic '/clock'! Valid publish topics are: dict_keys([]) 
[default_server_endpoint-1] [ERROR] [1785152198.939643350] [unity_endpoint]: Not registered to publish topic '/imu/data'! Valid publish topics are: dict_keys([]) 
[default_server_endpoint-1] [ERROR] [1785152198.940256629] [unity_endpoint]: Not registered to publish topic '/clock'! Valid publish topics are: dict_keys([]) 
[default_server_endpoint-1] [ERROR] [1785152198.940897126] [unity_endpoint]: Not registered to publish topic '/imu/data'! Valid publish topics are: dict_keys([]) 
[default_server_endpoint-1] [ERROR] [1785152198.941503544] [unity_endpoint]: Not registered to publish topic '/clock'! Valid publish topics are: dict_keys([]) 
[default_server_endpoint-1] [ERROR] [1785152198.942096380] [unity_endpoint]: Not registered to publish topic '/imu/data'! Valid publish topics are: dict_keys([]) 
[default_server_endpoint-1] [ERROR] [1785152198.942696048] [unity_endpoint]: Not registered to publish topic '/clock'! Valid publish topics are: dict_keys([]) 
[default_server_endpoint-1] [ERROR] [1785152198.943339261] [unity_endpoint]: Not registered to publish topic '/imu/data'! Valid publish topics are: dict_keys([]) 
[default_server_endpoint-1] [ERROR] [1785152198.943966829] [unity_endpoint]: Not registered to publish topic '/ground_truth_pose'! Valid publish topics are: dict_keys([]) 
[default_server_endpoint-1] [ERROR] [1785152198.944768996] [unity_endpoint]: Not registered to publish topic '/clock'! Valid publish topics are: dict_keys([]) 
[default_server_endpoint-1] [ERROR] [1785152198.945596954] [unity_endpoint]: Not registered to publish topic '/imu/data'! Valid publish topics are: dict_keys([]) 
[default_server_endpoint-1] [ERROR] [1785152198.946500727] [unity_endpoint]: Not registered to publish topic '/clock'! Valid publish topics are: dict_keys([]) 
[default_server_endpoint-1] [ERROR] [1785152198.947157308] [unity_endpoint]: Not registered to publish topic '/imu/data'! Valid publish topics are: dict_keys([]) 
[default_server_endpoint-1] [ERROR] [1785152198.949174659] [unity_endpoint]: Not registered to publish topic '/clock'! Valid publish topics are: dict_keys([]) 
[default_server_endpoint-1] [ERROR] [1785152198.952508374] [unity_endpoint]: Not registered to publish topic '/imu/data'! Valid publish topics are: dict_keys([]) 
[default_server_endpoint-1] [ERROR] [1785152198.956885187] [unity_endpoint]: Not registered to publish topic '/clock'! Valid publish topics are: dict_keys([]) 
[default_server_endpoint-1] [ERROR] [1785152198.957963139] [unity_endpoint]: Not registered to publish topic '/imu/data'! Valid publish topics are: dict_keys([]) 
[default_server_endpoint-1] [ERROR] [1785152198.958670944] [unity_endpoint]: Not registered to publish topic '/clock'! Valid publish topics are: dict_keys([]) 
[default_server_endpoint-1] [ERROR] [1785152198.959254184] [unity_endpoint]: Not registered to publish topic '/imu/data'! Valid publish topics are: dict_keys([]) 
[default_server_endpoint-1] [ERROR] [1785152198.959788015] [unity_endpoint]: Not registered to publish topic '/clock'! Valid publish topics are: dict_keys([]) 
[default_server_endpoint-1] [ERROR] [1785152198.960456079] [unity_endpoint]: Not registered to publish topic '/imu/data'! Valid publish topics are: dict_keys([]) 
[default_server_endpoint-1] [ERROR] [1785152198.961087167] [unity_endpoint]: Not registered to publish topic '/clock'! Valid publish topics are: dict_keys([]) 
[default_server_endpoint-1] [ERROR] [1785152198.961799764] [unity_endpoint]: Not registered to publish topic '/imu/data'! Valid publish topics are: dict_keys([]) 
[default_server_endpoint-1] [ERROR] [1785152198.962464851] [unity_endpoint]: Not registered to publish topic '/clock'! Valid publish topics are: dict_keys([]) 
[default_server_endpoint-1] [ERROR] [1785152198.963106622] [unity_endpoint]: Not registered to publish topic '/imu/data'! Valid publish topics are: dict_keys([]) 
[default_server_endpoint-1] [ERROR] [1785152198.963721475] [unity_endpoint]: Not registered to publish topic '/clock'! Valid publish topics are: dict_keys([]) 
[default_server_endpoint-1] [ERROR] [1785152198.964315760] [unity_endpoint]: Not registered to publish topic '/imu/data'! Valid publish topics are: dict_keys([]) 
[default_server_endpoint-1] [ERROR] [1785152198.965723456] [unity_endpoint]: Not registered to publish topic '/clock'! Valid publish topics are: dict_keys([]) 
[default_server_endpoint-1] [ERROR] [1785152198.971190509] [unity_endpoint]: Not registered to publish topic '/imu/data'! Valid publish topics are: dict_keys([]) 
[default_server_endpoint-1] [ERROR] [1785152198.973593457] [unity_endpoint]: Not registered to publish topic '/ground_truth_pose'! Valid publish topics are: dict_keys([]) 
[default_server_endpoint-1] [ERROR] [1785152198.974508734] [unity_endpoint]: Not registered to publish topic '/clock'! Valid publish topics are: dict_keys([]) 
[default_server_endpoint-1] [ERROR] [1785152198.975312950] [unity_endpoint]: Not registered to publish topic '/imu/data'! Valid publish topics are: dict_keys([]) 
[default_server_endpoint-1] [ERROR] [1785152198.975875894] [unity_endpoint]: Not registered to publish topic '/clock'! Valid publish topics are: dict_keys([]) 
[default_server_endpoint-1] [ERROR] [1785152198.976518790] [unity_endpoint]: Not registered to publish topic '/imu/data'! Valid publish topics are: dict_keys([]) 
[default_server_endpoint-1] [ERROR] [1785152198.977198401] [unity_endpoint]: Not registered to publish topic '/clock'! Valid publish topics are: dict_keys([]) 
[default_server_endpoint-1] [ERROR] [1785152198.977893104] [unity_endpoint]: Not registered to publish topic '/imu/data'! Valid publish topics are: dict_keys([]) 
[default_server_endpoint-1] [ERROR] [1785152198.978491633] [unity_endpoint]: Not registered to publish topic '/clock'! Valid publish topics are: dict_keys([]) 
[default_server_endpoint-1] [ERROR] [1785152198.979110048] [unity_endpoint]: Not registered to publish topic '/imu/data'! Valid publish topics are: dict_keys([]) 
[default_server_endpoint-1] [ERROR] [1785152198.979721573] [unity_endpoint]: Not registered to publish topic '/clock'! Valid publish topics are: dict_keys([]) 
[default_server_endpoint-1] [ERROR] [1785152198.980347056] [unity_endpoint]: Not registered to publish topic '/imu/data'! Valid publish topics are: dict_keys([]) 
[default_server_endpoint-1] [ERROR] [1785152198.980893137] [unity_endpoint]: Not registered to publish topic '/clock'! Valid publish topics are: dict_keys([]) 
[default_server_endpoint-1] [ERROR] [1785152198.981510459] [unity_endpoint]: Not registered to publish topic '/imu/data'! Valid publish topics are: dict_keys([]) 
[default_server_endpoint-1] [ERROR] [1785152198.988207689] [unity_endpoint]: Not registered to publish topic '/scan'! Valid publish topics are: dict_keys([]) 
[default_server_endpoint-1] [ERROR] [1785152198.990737435] [unity_endpoint]: Not registered to publish topic '/clock'! Valid publish topics are: dict_keys([]) 
[default_server_endpoint-1] [ERROR] [1785152198.991663708] [unity_endpoint]: Not registered to publish topic '/imu/data'! Valid publish topics are: dict_keys([]) 
[default_server_endpoint-1] [ERROR] [1785152198.992383023] [unity_endpoint]: Not registered to publish topic '/clock'! Valid publish topics are: dict_keys([]) 
[default_server_endpoint-1] [ERROR] [1785152198.993050002] [unity_endpoint]: Not registered to publish topic '/imu/data'! Valid publish topics are: dict_keys([]) 
[default_server_endpoint-1] [ERROR] [1785152198.993612766] [unity_endpoint]: Not registered to publish topic '/clock'! Valid publish topics are: dict_keys([]) 
[default_server_endpoint-1] [ERROR] [1785152198.994240669] [unity_endpoint]: Not registered to publish topic '/imu/data'! Valid publish topics are: dict_keys([]) 
[default_server_endpoint-1] [ERROR] [1785152198.994831233] [unity_endpoint]: Not registered to publish topic '/clock'! Valid publish topics are: dict_keys([]) 
[default_server_endpoint-1] [ERROR] [1785152198.995402384] [unity_endpoint]: Not registered to publish topic '/imu/data'! Valid publish topics are: dict_keys([]) 
[default_server_endpoint-1] [ERROR] [1785152198.995980973] [unity_endpoint]: Not registered to publish topic '/ground_truth_pose'! Valid publish topics are: dict_keys([]) 
[default_server_endpoint-1] [ERROR] [1785152198.996505512] [unity_endpoint]: Not registered to publish topic '/clock'! Valid publish topics are: dict_keys([]) 
[default_server_endpoint-1] [ERROR] [1785152198.997121782] [unity_endpoint]: Not registered to publish topic '/imu/data'! Valid publish topics are: dict_keys([]) 
[default_server_endpoint-1] [ERROR] [1785152198.997757730] [unity_endpoint]: Not registered to publish topic '/clock'! Valid publish topics are: dict_keys([]) 
[default_server_endpoint-1] [ERROR] [1785152198.998374825] [unity_endpoint]: Not registered to publish topic '/imu/data'! Valid publish topics are: dict_keys([]) 
[default_server_endpoint-1] [ERROR] [1785152198.998929541] [unity_endpoint]: Not registered to publish topic '/clock'! Valid publish topics are: dict_keys([]) 
[default_server_endpoint-1] [ERROR] [1785152198.999560911] [unity_endpoint]: Not registered to publish topic '/imu/data'! Valid publish topics are: dict_keys([]) 
[default_server_endpoint-1] [ERROR] [1785152199.000818983] [unity_endpoint]: Not registered to publish topic '/clock'! Valid publish topics are: dict_keys([]) 
[default_server_endpoint-1] [ERROR] [1785152199.005811863] [unity_endpoint]: Not registered to publish topic '/imu/data'! Valid publish topics are: dict_keys([]) 
[default_server_endpoint-1] [ERROR] [1785152199.007145312] [unity_endpoint]: Not registered to publish topic '/clock'! Valid publish topics are: dict_keys([]) 
[default_server_endpoint-1] [ERROR] [1785152199.008008591] [unity_endpoint]: Not registered to publish topic '/imu/data'! Valid publish topics are: dict_keys([]) 
[default_server_endpoint-1] [ERROR] [1785152199.009232537] [unity_endpoint]: Not registered to publish topic '/clock'! Valid publish topics are: dict_keys([]) 
[default_server_endpoint-1] [ERROR] [1785152199.009976654] [unity_endpoint]: Not registered to publish topic '/imu/data'! Valid publish topics are: dict_keys([]) 
[default_server_endpoint-1] [ERROR] [1785152199.010953879] [unity_endpoint]: Not registered to publish topic '/clock'! Valid publish topics are: dict_keys([]) 
[default_server_endpoint-1] [ERROR] [1785152199.011587362] [unity_endpoint]: Not registered to publish topic '/imu/data'! Valid publish topics are: dict_keys([]) 
[default_server_endpoint-1] [ERROR] [1785152199.012203546] [unity_endpoint]: Not registered to publish topic '/clock'! Valid publish topics are: dict_keys([]) 
[default_server_endpoint-1] [ERROR] [1785152199.012867762] [unity_endpoint]: Not registered to publish topic '/imu/data'! Valid publish topics are: dict_keys([]) 
[default_server_endpoint-1] [ERROR] [1785152199.013473944] [unity_endpoint]: Not registered to publish topic '/clock'! Valid publish topics are: dict_keys([]) 
[default_server_endpoint-1] [ERROR] [1785152199.014036265] [unity_endpoint]: Not registered to publish topic '/imu/data'! Valid publish topics are: dict_keys([]) 
[default_server_endpoint-1] [ERROR] [1785152199.014653552] [unity_endpoint]: Not registered to publish topic '/clock'! Valid publish topics are: dict_keys([]) 
[default_server_endpoint-1] [ERROR] [1785152199.015227390] [unity_endpoint]: Not registered to publish topic '/imu/data'! Valid publish topics are: dict_keys([]) 
[default_server_endpoint-1] [ERROR] [1785152199.015951137] [unity_endpoint]: Not registered to publish topic '/ground_truth_pose'! Valid publish topics are: dict_keys([]) 
[default_server_endpoint-1] [ERROR] [1785152199.016767037] [unity_endpoint]: Not registered to publish topic '/clock'! Valid publish topics are: dict_keys([]) 
[default_server_endpoint-1] [ERROR] [1785152199.022491967] [unity_endpoint]: Not registered to publish topic '/imu/data'! Valid publish topics are: dict_keys([]) 
[default_server_endpoint-1] [ERROR] [1785152199.026036144] [unity_endpoint]: Not registered to publish topic '/clock'! Valid publish topics are: dict_keys([]) 
[default_server_endpoint-1] [ERROR] [1785152199.026947431] [unity_endpoint]: Not registered to publish topic '/imu/data'! Valid publish topics are: dict_keys([]) 
[default_server_endpoint-1] [ERROR] [1785152199.027608287] [unity_endpoint]: Not registered to publish topic '/clock'! Valid publish topics are: dict_keys([]) 
[default_server_endpoint-1] [ERROR] [1785152199.028246999] [unity_endpoint]: Not registered to publish topic '/imu/data'! Valid publish topics are: dict_keys([]) 
[default_server_endpoint-1] [ERROR] [1785152199.028807479] [unity_endpoint]: Not registered to publish topic '/clock'! Valid publish topics are: dict_keys([]) 
[default_server_endpoint-1] [ERROR] [1785152199.029396649] [unity_endpoint]: Not registered to publish topic '/imu/data'! Valid publish topics are: dict_keys([]) 
[default_server_endpoint-1] [ERROR] [1785152199.030014512] [unity_endpoint]: Not registered to publish topic '/clock'! Valid publish topics are: dict_keys([]) 
[default_server_endpoint-1] [ERROR] [1785152199.030664149] [unity_endpoint]: Not registered to publish topic '/imu/data'! Valid publish topics are: dict_keys([]) 
[default_server_endpoint-1] [ERROR] [1785152199.031288439] [unity_endpoint]: Not registered to publish topic '/clock'! Valid publish topics are: dict_keys([]) 
[default_server_endpoint-1] [ERROR] [1785152199.032036814] [unity_endpoint]: Not registered to publish topic '/imu/data'! Valid publish topics are: dict_keys([]) 
[default_server_endpoint-1] [ERROR] [1785152199.032606691] [unity_endpoint]: Not registered to publish topic '/clock'! Valid publish topics are: dict_keys([]) 
[default_server_endpoint-1] [ERROR] [1785152199.033326939] [unity_endpoint]: Not registered to publish topic '/imu/data'! Valid publish topics are: dict_keys([]) 
[default_server_endpoint-1] [ERROR] [1785152199.033979270] [unity_endpoint]: Not registered to publish topic '/clock'! Valid publish topics are: dict_keys([]) 
[default_server_endpoint-1] [ERROR] [1785152199.034648844] [unity_endpoint]: Not registered to publish topic '/imu/data'! Valid publish topics are: dict_keys([]) 
[default_server_endpoint-1] [ERROR] [1785152199.035382000] [unity_endpoint]: Not registered to publish topic '/clock'! Valid publish topics are: dict_keys([]) 
[default_server_endpoint-1] [ERROR] [1785152199.036200880] [unity_endpoint]: Not registered to publish topic '/imu/data'! Valid publish topics are: dict_keys([]) 
[default_server_endpoint-1] [ERROR] [1785152199.036823248] [unity_endpoint]: Not registered to publish topic '/clock'! Valid publish topics are: dict_keys([]) 
[default_server_endpoint-1] [ERROR] [1785152199.037478588] [unity_endpoint]: Not registered to publish topic '/imu/data'! Valid publish topics are: dict_keys([]) 
[default_server_endpoint-1] [ERROR] [1785152199.038120165] [unity_endpoint]: Not registered to publish topic '/clock'! Valid publish topics are: dict_keys([]) 
[default_server_endpoint-1] [ERROR] [1785152199.038688687] [unity_endpoint]: Not registered to publish topic '/imu/data'! Valid publish topics are: dict_keys([]) 
[default_server_endpoint-1] [ERROR] [1785152199.039495594] [unity_endpoint]: Not registered to publish topic '/ground_truth_pose'! Valid publish topics are: dict_keys([]) 
[default_server_endpoint-1] [ERROR] [1785152199.040554902] [unity_endpoint]: Not registered to publish topic '/clock'! Valid publish topics are: dict_keys([]) 
[default_server_endpoint-1] [ERROR] [1785152199.041630195] [unity_endpoint]: Not registered to publish topic '/imu/data'! Valid publish topics are: dict_keys([]) 
[default_server_endpoint-1] [ERROR] [1785152199.042896335] [unity_endpoint]: Not registered to publish topic '/clock'! Valid publish topics are: dict_keys([]) 
[default_server_endpoint-1] [ERROR] [1785152199.043829467] [unity_endpoint]: Not registered to publish topic '/imu/data'! Valid publish topics are: dict_keys([]) 
[default_server_endpoint-1] [ERROR] [1785152199.044703634] [unity_endpoint]: Not registered to publish topic '/clock'! Valid publish topics are: dict_keys([]) 
[default_server_endpoint-1] [ERROR] [1785152199.045541847] [unity_endpoint]: Not registered to publish topic '/imu/data'! Valid publish topics are: dict_keys([]) 
[default_server_endpoint-1] [ERROR] [1785152199.046178593] [unity_endpoint]: Not registered to publish topic '/clock'! Valid publish topics are: dict_keys([]) 
[default_server_endpoint-1] [ERROR] [1785152199.046762271] [unity_endpoint]: Not registered to publish topic '/imu/data'! Valid publish topics are: dict_keys([]) 
[default_server_endpoint-1] [ERROR] [1785152199.047312270] [unity_endpoint]: Not registered to publish topic '/clock'! Valid publish topics are: dict_keys([]) 
[default_server_endpoint-1] [ERROR] [1785152199.047909082] [unity_endpoint]: Not registered to publish topic '/imu/data'! Valid publish topics are: dict_keys([]) 
[default_server_endpoint-1] [ERROR] [1785152199.048596946] [unity_endpoint]: Not registered to publish topic '/clock'! Valid publish topics are: dict_keys([]) 
[default_server_endpoint-1] [ERROR] [1785152199.049128221] [unity_endpoint]: Not registered to publish topic '/imu/data'! Valid publish topics are: dict_keys([]) 
[default_server_endpoint-1] [ERROR] [1785152199.050091867] [unity_endpoint]: Not registered to publish topic '/clock'! Valid publish topics are: dict_keys([]) 
[default_server_endpoint-1] [ERROR] [1785152199.050919070] [unity_endpoint]: Not registered to publish topic '/imu/data'! Valid publish topics are: dict_keys([]) 
[default_server_endpoint-1] [ERROR] [1785152199.051550546] [unity_endpoint]: Not registered to publish topic '/clock'! Valid publish topics are: dict_keys([]) 
[default_server_endpoint-1] [ERROR] [1785152199.052287274] [unity_endpoint]: Not registered to publish topic '/imu/data'! Valid publish topics are: dict_keys([]) 
[default_server_endpoint-1] [ERROR] [1785152199.052968845] [unity_endpoint]: Not registered to publish topic '/clock'! Valid publish topics are: dict_keys([]) 
[default_server_endpoint-1] [ERROR] [1785152199.053579265] [unity_endpoint]: Not registered to publish topic '/imu/data'! Valid publish topics are: dict_keys([]) 
[default_server_endpoint-1] [ERROR] [1785152199.058710485] [unity_endpoint]: Not registered to publish topic '/clock'! Valid publish topics are: dict_keys([]) 
[default_server_endpoint-1] [ERROR] [1785152199.060703226] [unity_endpoint]: Not registered to publish topic '/imu/data'! Valid publish topics are: dict_keys([]) 
[default_server_endpoint-1] [ERROR] [1785152199.063756136] [unity_endpoint]: Not registered to publish topic '/ground_truth_pose'! Valid publish topics are: dict_keys([]) 
[default_server_endpoint-1] [ERROR] [1785152199.064787320] [unity_endpoint]: Not registered to publish topic '/clock'! Valid publish topics are: dict_keys([]) 
[default_server_endpoint-1] [ERROR] [1785152199.065472524] [unity_endpoint]: Not registered to publish topic '/imu/data'! Valid publish topics are: dict_keys([]) 
[default_server_endpoint-1] [ERROR] [1785152199.066036678] [unity_endpoint]: Not registered to publish topic '/clock'! Valid publish topics are: dict_keys([]) 
[default_server_endpoint-1] [ERROR] [1785152199.066660811] [unity_endpoint]: Not registered to publish topic '/imu/data'! Valid publish topics are: dict_keys([]) 
[default_server_endpoint-1] [ERROR] [1785152199.067261454] [unity_endpoint]: Not registered to publish topic '/clock'! Valid publish topics are: dict_keys([]) 
[default_server_endpoint-1] [ERROR] [1785152199.067904184] [unity_endpoint]: Not registered to publish topic '/imu/data'! Valid publish topics are: dict_keys([]) 
[default_server_endpoint-1] [ERROR] [1785152199.068788328] [unity_endpoint]: Not registered to publish topic '/clock'! Valid publish topics are: dict_keys([]) 
[default_server_endpoint-1] [ERROR] [1785152199.069873007] [unity_endpoint]: Not registered to publish topic '/imu/data'! Valid publish topics are: dict_keys([]) 
[default_server_endpoint-1] [ERROR] [1785152199.070492077] [unity_endpoint]: Not registered to publish topic '/clock'! Valid publish topics are: dict_keys([]) 
[default_server_endpoint-1] [ERROR] [1785152199.071055749] [unity_endpoint]: Not registered to publish topic '/imu/data'! Valid publish topics are: dict_keys([]) 
[default_server_endpoint-1] [ERROR] [1785152199.071644093] [unity_endpoint]: Not registered to publish topic '/clock'! Valid publish topics are: dict_keys([]) 
[default_server_endpoint-1] [ERROR] [1785152199.072193460] [unity_endpoint]: Not registered to publish topic '/imu/data'! Valid publish topics are: dict_keys([]) 
[default_server_endpoint-1] [ERROR] [1785152199.072956276] [unity_endpoint]: Not registered to publish topic '/scan'! Valid publish topics are: dict_keys([]) 
[default_server_endpoint-1] [ERROR] [1785152199.073809353] [unity_endpoint]: Not registered to publish topic '/clock'! Valid publish topics are: dict_keys([]) 
[default_server_endpoint-1] [ERROR] [1785152199.074582496] [unity_endpoint]: Not registered to publish topic '/imu/data'! Valid publish topics are: dict_keys([]) 
[default_server_endpoint-1] [ERROR] [1785152199.075246148] [unity_endpoint]: Not registered to publish topic '/clock'! Valid publish topics are: dict_keys([]) 
[default_server_endpoint-1] [ERROR] [1785152199.076306840] [unity_endpoint]: Not registered to publish topic '/imu/data'! Valid publish topics are: dict_keys([]) 
[default_server_endpoint-1] [ERROR] [1785152199.077444215] [unity_endpoint]: Not registered to publish topic '/clock'! Valid publish topics are: dict_keys([]) 
[default_server_endpoint-1] [ERROR] [1785152199.080141648] [unity_endpoint]: Not registered to publish topic '/imu/data'! Valid publish topics are: dict_keys([]) 
[default_server_endpoint-1] [ERROR] [1785152199.083667542] [unity_endpoint]: Not registered to publish topic '/clock'! Valid publish topics are: dict_keys([]) 
[default_server_endpoint-1] [ERROR] [1785152199.084913882] [unity_endpoint]: Not registered to publish topic '/imu/data'! Valid publish topics are: dict_keys([]) 
[default_server_endpoint-1] [ERROR] [1785152199.085790075] [unity_endpoint]: Not registered to publish topic '/ground_truth_pose'! Valid publish topics are: dict_keys([]) 
[default_server_endpoint-1] [ERROR] [1785152199.086507714] [unity_endpoint]: Not registered to publish topic '/clock'! Valid publish topics are: dict_keys([]) 
[default_server_endpoint-1] [ERROR] [1785152199.087137746] [unity_endpoint]: Not registered to publish topic '/imu/data'! Valid publish topics are: dict_keys([]) 
[default_server_endpoint-1] [ERROR] [1785152199.087782704] [unity_endpoint]: Not registered to publish topic '/clock'! Valid publish topics are: dict_keys([]) 
[default_server_endpoint-1] [ERROR] [1785152199.088383883] [unity_endpoint]: Not registered to publish topic '/imu/data'! Valid publish topics are: dict_keys([]) 
[default_server_endpoint-1] [ERROR] [1785152199.089166508] [unity_endpoint]: Not registered to publish topic '/clock'! Valid publish topics are: dict_keys([]) 
[default_server_endpoint-1] [ERROR] [1785152199.089774396] [unity_endpoint]: Not registered to publish topic '/imu/data'! Valid publish topics are: dict_keys([]) 
[default_server_endpoint-1] [ERROR] [1785152199.090342870] [unity_endpoint]: Not registered to publish topic '/clock'! Valid publish topics are: dict_keys([]) 
[default_server_endpoint-1] [ERROR] [1785152199.090862007] [unity_endpoint]: Not registered to publish topic '/imu/data'! Valid publish topics are: dict_keys([]) 
[default_server_endpoint-1] [ERROR] [1785152199.091374401] [unity_endpoint]: Not registered to publish topic '/clock'! Valid publish topics are: dict_keys([]) 
[default_server_endpoint-1] [ERROR] [1785152199.091951474] [unity_endpoint]: Not registered to publish topic '/imu/data'! Valid publish topics are: dict_keys([]) 
[default_server_endpoint-1] [ERROR] [1785152199.092455739] [unity_endpoint]: Not registered to publish topic '/clock'! Valid publish topics are: dict_keys([]) 
[default_server_endpoint-1] [ERROR] [1785152199.092976453] [unity_endpoint]: Not registered to publish topic '/imu/data'! Valid publish topics are: dict_keys([]) 
[default_server_endpoint-1] [ERROR] [1785152199.093580789] [unity_endpoint]: Not registered to publish topic '/clock'! Valid publish topics are: dict_keys([]) 
[default_server_endpoint-1] [ERROR] [1785152199.094145797] [unity_endpoint]: Not registered to publish topic '/imu/data'! Valid publish topics are: dict_keys([]) 
[default_server_endpoint-1] [ERROR] [1785152199.094604030] [unity_endpoint]: Not registered to publish topic '/clock'! Valid publish topics are: dict_keys([]) 
[default_server_endpoint-1] [ERROR] [1785152199.095211751] [unity_endpoint]: Not registered to publish topic '/imu/data'! Valid publish topics are: dict_keys([]) 
[default_server_endpoint-1] [ERROR] [1785152199.104892038] [unity_endpoint]: Not registered to publish topic '/clock'! Valid publish topics are: dict_keys([]) 
[default_server_endpoint-1] [ERROR] [1785152199.109562495] [unity_endpoint]: Not registered to publish topic '/imu/data'! Valid publish topics are: dict_keys([]) 
[default_server_endpoint-1] [ERROR] [1785152199.110670515] [unity_endpoint]: Not registered to publish topic '/clock'! Valid publish topics are: dict_keys([]) 
[default_server_endpoint-1] [ERROR] [1785152199.111528522] [unity_endpoint]: Not registered to publish topic '/imu/data'! Valid publish topics are: dict_keys([]) 
[default_server_endpoint-1] [ERROR] [1785152199.112508566] [unity_endpoint]: Not registered to publish topic '/ground_truth_pose'! Valid publish topics are: dict_keys([]) 
[default_server_endpoint-1] [ERROR] [1785152199.114660617] [unity_endpoint]: Not registered to publish topic '/clock'! Valid publish topics are: dict_keys([]) 
[default_server_endpoint-1] [ERROR] [1785152199.115761099] [unity_endpoint]: Not registered to publish topic '/imu/data'! Valid publish topics are: dict_keys([]) 
[default_server_endpoint-1] [ERROR] [1785152199.116868864] [unity_endpoint]: Not registered to publish topic '/clock'! Valid publish topics are: dict_keys([]) 
[default_server_endpoint-1] [ERROR] [1785152199.121738183] [unity_endpoint]: Not registered to publish topic '/imu/data'! Valid publish topics are: dict_keys([]) 
[default_server_endpoint-1] [ERROR] [1785152199.122652990] [unity_endpoint]: Not registered to publish topic '/clock'! Valid publish topics are: dict_keys([]) 
[default_server_endpoint-1] [ERROR] [1785152199.123295180] [unity_endpoint]: Not registered to publish topic '/imu/data'! Valid publish topics are: dict_keys([]) 
[default_server_endpoint-1] [ERROR] [1785152199.123857928] [unity_endpoint]: Not registered to publish topic '/clock'! Valid publish topics are: dict_keys([]) 
[default_server_endpoint-1] [ERROR] [1785152199.124458042] [unity_endpoint]: Not registered to publish topic '/imu/data'! Valid publish topics are: dict_keys([]) 
[default_server_endpoint-1] [ERROR] [1785152199.125204176] [unity_endpoint]: Not registered to publish topic '/clock'! Valid publish topics are: dict_keys([]) 
[default_server_endpoint-1] [ERROR] [1785152199.125872792] [unity_endpoint]: Not registered to publish topic '/imu/data'! Valid publish topics are: dict_keys([]) 
[default_server_endpoint-1] [ERROR] [1785152199.126634868] [unity_endpoint]: Not registered to publish topic '/clock'! Valid publish topics are: dict_keys([]) 
[default_server_endpoint-1] [ERROR] [1785152199.127302332] [unity_endpoint]: Not registered to publish topic '/imu/data'! Valid publish topics are: dict_keys([]) 
[default_server_endpoint-1] [ERROR] [1785152199.127963589] [unity_endpoint]: Not registered to publish topic '/clock'! Valid publish topics are: dict_keys([]) 
[default_server_endpoint-1] [ERROR] [1785152199.128596778] [unity_endpoint]: Not registered to publish topic '/imu/data'! Valid publish topics are: dict_keys([]) 
[default_server_endpoint-1] [ERROR] [1785152199.129201848] [unity_endpoint]: Not registered to publish topic '/clock'! Valid publish topics are: dict_keys([]) 
[default_server_endpoint-1] [ERROR] [1785152199.129831346] [unity_endpoint]: Not registered to publish topic '/imu/data'! Valid publish topics are: dict_keys([]) 
[default_server_endpoint-1] [ERROR] [1785152199.130462023] [unity_endpoint]: Not registered to publish topic '/clock'! Valid publish topics are: dict_keys([]) 
[default_server_endpoint-1] [ERROR] [1785152199.131125914] [unity_endpoint]: Not registered to publish topic '/imu/data'! Valid publish topics are: dict_keys([]) 
[default_server_endpoint-1] [ERROR] [1785152199.131858788] [unity_endpoint]: Not registered to publish topic '/clock'! Valid publish topics are: dict_keys([]) 
[default_server_endpoint-1] [ERROR] [1785152199.136534421] [unity_endpoint]: Not registered to publish topic '/imu/data'! Valid publish topics are: dict_keys([]) 
[default_server_endpoint-1] [ERROR] [1785152199.139850240] [unity_endpoint]: Not registered to publish topic '/ground_truth_pose'! Valid publish topics are: dict_keys([]) 
[default_server_endpoint-1] [ERROR] [1785152199.140866110] [unity_endpoint]: Not registered to publish topic '/clock'! Valid publish topics are: dict_keys([]) 
[default_server_endpoint-1] [ERROR] [1785152199.141717342] [unity_endpoint]: Not registered to publish topic '/clock'! Valid publish topics are: dict_keys([]) 
[default_server_endpoint-1] [ERROR] [1785152199.142443784] [unity_endpoint]: Not registered to publish topic '/imu/data'! Valid publish topics are: dict_keys([]) 
[default_server_endpoint-1] [ERROR] [1785152199.143162017] [unity_endpoint]: Not registered to publish topic '/clock'! Valid publish topics are: dict_keys([]) 
[default_server_endpoint-1] [ERROR] [1785152199.143844298] [unity_endpoint]: Not registered to publish topic '/imu/data'! Valid publish topics are: dict_keys([]) 
[default_server_endpoint-1] [ERROR] [1785152199.144522949] [unity_endpoint]: Not registered to publish topic '/ground_truth_pose'! Valid publish topics are: dict_keys([]) 
[default_server_endpoint-1] [ERROR] [1785152199.145187021] [unity_endpoint]: Not registered to publish topic '/clock'! Valid publish topics are: dict_keys([]) 
[default_server_endpoint-1] [ERROR] [1785152199.145857253] [unity_endpoint]: Not registered to publish topic '/imu/data'! Valid publish topics are: dict_keys([]) 
[default_server_endpoint-1] [ERROR] [1785152199.146452717] [unity_endpoint]: Not registered to publish topic '/clock'! Valid publish topics are: dict_keys([]) 
[default_server_endpoint-1] [ERROR] [1785152199.147048651] [unity_endpoint]: Not registered to publish topic '/imu/data'! Valid publish topics are: dict_keys([]) 
[default_server_endpoint-1] [ERROR] [1785152199.147661022] [unity_endpoint]: Not registered to publish topic '/clock'! Valid publish topics are: dict_keys([]) 
[default_server_endpoint-1] [ERROR] [1785152199.148246151] [unity_endpoint]: Not registered to publish topic '/imu/data'! Valid publish topics are: dict_keys([]) 
[default_server_endpoint-1] [ERROR] [1785152199.148855054] [unity_endpoint]: Not registered to publish topic '/clock'! Valid publish topics are: dict_keys([]) 
[default_server_endpoint-1] [ERROR] [1785152199.149524439] [unity_endpoint]: Not registered to publish topic '/imu/data'! Valid publish topics are: dict_keys([]) 
[default_server_endpoint-1] [ERROR] [1785152199.150140076] [unity_endpoint]: Not registered to publish topic '/clock'! Valid publish topics are: dict_keys([]) 
[default_server_endpoint-1] [ERROR] [1785152199.156388249] [unity_endpoint]: Not registered to publish topic '/imu/data'! Valid publish topics are: dict_keys([]) 
[default_server_endpoint-1] [ERROR] [1785152199.157332407] [unity_endpoint]: Not registered to publish topic '/clock'! Valid publish topics are: dict_keys([]) 
[default_server_endpoint-1] [ERROR] [1785152199.158185413] [unity_endpoint]: Not registered to publish topic '/imu/data'! Valid publish topics are: dict_keys([]) 
[default_server_endpoint-1] [ERROR] [1785152199.158883235] [unity_endpoint]: Not registered to publish topic '/clock'! Valid publish topics are: dict_keys([]) 
[default_server_endpoint-1] [ERROR] [1785152199.159552471] [unity_endpoint]: Not registered to publish topic '/imu/data'! Valid publish topics are: dict_keys([]) 
[default_server_endpoint-1] [ERROR] [1785152199.160215869] [unity_endpoint]: Not registered to publish topic '/clock'! Valid publish topics are: dict_keys([]) 
[default_server_endpoint-1] [ERROR] [1785152199.160841567] [unity_endpoint]: Not registered to publish topic '/imu/data'! Valid publish topics are: dict_keys([]) 
[default_server_endpoint-1] [ERROR] [1785152199.161493982] [unity_endpoint]: Not registered to publish topic '/clock'! Valid publish topics are: dict_keys([]) 
[default_server_endpoint-1] [ERROR] [1785152199.162188701] [unity_endpoint]: Not registered to publish topic '/imu/data'! Valid publish topics are: dict_keys([]) 
[default_server_endpoint-1] [ERROR] [1785152199.162880714] [unity_endpoint]: Not registered to publish topic '/clock'! Valid publish topics are: dict_keys([]) 
[default_server_endpoint-1] [ERROR] [1785152199.163527074] [unity_endpoint]: Not registered to publish topic '/imu/data'! Valid publish topics are: dict_keys([]) 
[default_server_endpoint-1] [ERROR] [1785152199.164239626] [unity_endpoint]: Not registered to publish topic '/ground_truth_pose'! Valid publish topics are: dict_keys([]) 
[default_server_endpoint-1] [ERROR] [1785152199.164888730] [unity_endpoint]: Not registered to publish topic '/clock'! Valid publish topics are: dict_keys([]) 
[default_server_endpoint-1] [ERROR] [1785152199.165892163] [unity_endpoint]: Not registered to publish topic '/imu/data'! Valid publish topics are: dict_keys([]) 
[default_server_endpoint-1] [ERROR] [1785152199.166602490] [unity_endpoint]: Not registered to publish topic '/clock'! Valid publish topics are: dict_keys([]) 
[default_server_endpoint-1] [ERROR] [1785152199.167234419] [unity_endpoint]: Not registered to publish topic '/imu/data'! Valid publish topics are: dict_keys([]) 
[default_server_endpoint-1] [ERROR] [1785152199.168248954] [unity_endpoint]: Not registered to publish topic '/clock'! Valid publish topics are: dict_keys([]) 
[default_server_endpoint-1] [ERROR] [1785152199.172624930] [unity_endpoint]: Not registered to publish topic '/imu/data'! Valid publish topics are: dict_keys([]) 
[default_server_endpoint-1] [ERROR] [1785152199.177221609] [unity_endpoint]: Not registered to publish topic '/clock'! Valid publish topics are: dict_keys([]) 
[default_server_endpoint-1] [ERROR] [1785152199.178221165] [unity_endpoint]: Not registered to publish topic '/imu/data'! Valid publish topics are: dict_keys([]) 
[default_server_endpoint-1] [ERROR] [1785152199.178909040] [unity_endpoint]: Not registered to publish topic '/clock'! Valid publish topics are: dict_keys([]) 
[default_server_endpoint-1] [ERROR] [1785152199.179580112] [unity_endpoint]: Not registered to publish topic '/imu/data'! Valid publish topics are: dict_keys([]) 
[default_server_endpoint-1] [ERROR] [1785152199.180197686] [unity_endpoint]: Not registered to publish topic '/clock'! Valid publish topics are: dict_keys([]) 
[default_server_endpoint-1] [ERROR] [1785152199.180770114] [unity_endpoint]: Not registered to publish topic '/imu/data'! Valid publish topics are: dict_keys([]) 
[default_server_endpoint-1] [ERROR] [1785152199.182807325] [unity_endpoint]: Not registered to publish topic '/scan'! Valid publish topics are: dict_keys([]) 
[default_server_endpoint-1] [ERROR] [1785152199.183586745] [unity_endpoint]: Not registered to publish topic '/clock'! Valid publish topics are: dict_keys([]) 
[default_server_endpoint-1] [ERROR] [1785152199.184467666] [unity_endpoint]: Not registered to publish topic '/imu/data'! Valid publish topics are: dict_keys([]) 
[default_server_endpoint-1] [ERROR] [1785152199.185082128] [unity_endpoint]: Not registered to publish topic '/clock'! Valid publish topics are: dict_keys([]) 
[default_server_endpoint-1] [ERROR] [1785152199.185925655] [unity_endpoint]: Not registered to publish topic '/imu/data'! Valid publish topics are: dict_keys([]) 
[default_server_endpoint-1] [ERROR] [1785152199.186651498] [unity_endpoint]: Not registered to publish topic '/clock'! Valid publish topics are: dict_keys([]) 
[default_server_endpoint-1] [ERROR] [1785152199.190485104] [unity_endpoint]: Not registered to publish topic '/imu/data'! Valid publish topics are: dict_keys([]) 
[default_server_endpoint-1] [ERROR] [1785152199.192042598] [unity_endpoint]: Not registered to publish topic '/clock'! Valid publish topics are: dict_keys([]) 
[default_server_endpoint-1] [ERROR] [1785152199.193822271] [unity_endpoint]: Not registered to publish topic '/imu/data'! Valid publish topics are: dict_keys([]) 
[default_server_endpoint-1] [ERROR] [1785152199.195738657] [unity_endpoint]: Not registered to publish topic '/ground_truth_pose'! Valid publish topics are: dict_keys([]) 
[default_server_endpoint-1] [ERROR] [1785152199.196756248] [unity_endpoint]: Not registered to publish topic '/clock'! Valid publish topics are: dict_keys([]) 
[default_server_endpoint-1] [ERROR] [1785152199.197563203] [unity_endpoint]: Not registered to publish topic '/imu/data'! Valid publish topics are: dict_keys([]) 
[default_server_endpoint-1] [ERROR] [1785152199.198926476] [unity_endpoint]: Not registered to publish topic '/clock'! Valid publish topics are: dict_keys([]) 
[default_server_endpoint-1] [ERROR] [1785152199.199698634] [unity_endpoint]: Not registered to publish topic '/imu/data'! Valid publish topics are: dict_keys([]) 
[default_server_endpoint-1] [ERROR] [1785152199.201388630] [unity_endpoint]: Not registered to publish topic '/clock'! Valid publish topics are: dict_keys([]) 
[default_server_endpoint-1] [ERROR] [1785152199.202317656] [unity_endpoint]: Not registered to publish topic '/imu/data'! Valid publish topics are: dict_keys([]) 
[default_server_endpoint-1] [ERROR] [1785152199.203066387] [unity_endpoint]: Not registered to publish topic '/clock'! Valid publish topics are: dict_keys([]) 
[default_server_endpoint-1] [ERROR] [1785152199.209951407] [unity_endpoint]: Not registered to publish topic '/imu/data'! Valid publish topics are: dict_keys([]) 
[default_server_endpoint-1] [ERROR] [1785152199.211733643] [unity_endpoint]: Not registered to publish topic '/clock'! Valid publish topics are: dict_keys([]) 
[default_server_endpoint-1] [ERROR] [1785152199.212934959] [unity_endpoint]: Not registered to publish topic '/imu/data'! Valid publish topics are: dict_keys([]) 
[default_server_endpoint-1] [ERROR] [1785152199.214011528] [unity_endpoint]: Not registered to publish topic '/clock'! Valid publish topics are: dict_keys([]) 
[default_server_endpoint-1] [ERROR] [1785152199.214721859] [unity_endpoint]: Not registered to publish topic '/imu/data'! Valid publish topics are: dict_keys([]) 
[default_server_endpoint-1] [ERROR] [1785152199.215370111] [unity_endpoint]: Not registered to publish topic '/clock'! Valid publish topics are: dict_keys([]) 
[default_server_endpoint-1] [ERROR] [1785152199.216029464] [unity_endpoint]: Not registered to publish topic '/imu/data'! Valid publish topics are: dict_keys([]) 
[default_server_endpoint-1] [ERROR] [1785152199.216654762] [unity_endpoint]: Not registered to publish topic '/clock'! Valid publish topics are: dict_keys([]) 
[default_server_endpoint-1] [ERROR] [1785152199.217242809] [unity_endpoint]: Not registered to publish topic '/imu/data'! Valid publish topics are: dict_keys([]) 
[default_server_endpoint-1] [ERROR] [1785152199.217882141] [unity_endpoint]: Not registered to publish topic '/clock'! Valid publish topics are: dict_keys([]) 
[default_server_endpoint-1] [ERROR] [1785152199.218583394] [unity_endpoint]: Not registered to publish topic '/imu/data'! Valid publish topics are: dict_keys([]) 
[default_server_endpoint-1] [ERROR] [1785152199.219576620] [unity_endpoint]: Not registered to publish topic '/clock'! Valid publish topics are: dict_keys([]) 
[default_server_endpoint-1] [ERROR] [1785152199.220234803] [unity_endpoint]: Not registered to publish topic '/imu/data'! Valid publish topics are: dict_keys([]) 
[default_server_endpoint-1] [ERROR] [1785152199.221080523] [unity_endpoint]: Not registered to publish topic '/ground_truth_pose'! Valid publish topics are: dict_keys([]) 
[default_server_endpoint-1] [ERROR] [1785152199.221762713] [unity_endpoint]: Not registered to publish topic '/clock'! Valid publish topics are: dict_keys([]) 
[default_server_endpoint-1] [ERROR] [1785152199.222394028] [unity_endpoint]: Not registered to publish topic '/imu/data'! Valid publish topics are: dict_keys([]) 
[default_server_endpoint-1] [ERROR] [1785152199.223008216] [unity_endpoint]: Not registered to publish topic '/clock'! Valid publish topics are: dict_keys([]) 
[default_server_endpoint-1] [ERROR] [1785152199.223654683] [unity_endpoint]: Not registered to publish topic '/imu/data'! Valid publish topics are: dict_keys([]) 
[default_server_endpoint-1] [ERROR] [1785152199.225209392] [unity_endpoint]: Not registered to publish topic '/clock'! Valid publish topics are: dict_keys([]) 
[default_server_endpoint-1] [ERROR] [1785152199.227005713] [unity_endpoint]: Not registered to publish topic '/imu/data'! Valid publish topics are: dict_keys([]) 
[default_server_endpoint-1] [ERROR] [1785152199.228384997] [unity_endpoint]: Not registered to publish topic '/clock'! Valid publish topics are: dict_keys([]) 
[default_server_endpoint-1] [ERROR] [1785152199.229883046] [unity_endpoint]: Not registered to publish topic '/imu/data'! Valid publish topics are: dict_keys([]) 
[default_server_endpoint-1] [ERROR] [1785152199.231779140] [unity_endpoint]: Not registered to publish topic '/clock'! Valid publish topics are: dict_keys([]) 
[default_server_endpoint-1] [ERROR] [1785152199.232918380] [unity_endpoint]: Not registered to publish topic '/imu/data'! Valid publish topics are: dict_keys([]) 
[default_server_endpoint-1] [ERROR] [1785152199.234027134] [unity_endpoint]: Not registered to publish topic '/clock'! Valid publish topics are: dict_keys([]) 
[default_server_endpoint-1] [ERROR] [1785152199.234900940] [unity_endpoint]: Not registered to publish topic '/imu/data'! Valid publish topics are: dict_keys([]) 
[default_server_endpoint-1] [ERROR] [1785152199.235740910] [unity_endpoint]: Not registered to publish topic '/clock'! Valid publish topics are: dict_keys([]) 
[default_server_endpoint-1] [ERROR] [1785152199.236376984] [unity_endpoint]: Not registered to publish topic '/imu/data'! Valid publish topics are: dict_keys([]) 
[default_server_endpoint-1] [ERROR] [1785152199.236946308] [unity_endpoint]: Not registered to publish topic '/clock'! Valid publish topics are: dict_keys([]) 
[default_server_endpoint-1] [ERROR] [1785152199.237605342] [unity_endpoint]: Not registered to publish topic '/imu/data'! Valid publish topics are: dict_keys([]) 
[default_server_endpoint-1] [ERROR] [1785152199.238163347] [unity_endpoint]: Not registered to publish topic '/clock'! Valid publish topics are: dict_keys([]) 
[default_server_endpoint-1] [ERROR] [1785152199.238805716] [unity_endpoint]: Not registered to publish topic '/imu/data'! Valid publish topics are: dict_keys([]) 
[default_server_endpoint-1] [ERROR] [1785152199.239327825] [unity_endpoint]: Not registered to publish topic '/clock'! Valid publish topics are: dict_keys([]) 
[default_server_endpoint-1] [ERROR] [1785152199.239884606] [unity_endpoint]: Not registered to publish topic '/imu/data'! Valid publish topics are: dict_keys([]) 
[default_server_endpoint-1] [ERROR] [1785152199.240654906] [unity_endpoint]: Not registered to publish topic '/ground_truth_pose'! Valid publish topics are: dict_keys([]) 
[default_server_endpoint-1] [ERROR] [1785152199.241505711] [unity_endpoint]: Not registered to publish topic '/clock'! Valid publish topics are: dict_keys([]) 
[default_server_endpoint-1] [ERROR] [1785152199.242239729] [unity_endpoint]: Not registered to publish topic '/imu/data'! Valid publish topics are: dict_keys([]) 
[default_server_endpoint-1] [ERROR] [1785152199.242897495] [unity_endpoint]: Not registered to publish topic '/scan'! Valid publish topics are: dict_keys([]) 
[default_server_endpoint-1] [ERROR] [1785152199.243464832] [unity_endpoint]: Not registered to publish topic '/clock'! Valid publish topics are: dict_keys([]) 
[default_server_endpoint-1] [ERROR] [1785152199.244051288] [unity_endpoint]: Not registered to publish topic '/imu/data'! Valid publish topics are: dict_keys([]) 
[default_server_endpoint-1] [ERROR] [1785152199.244634525] [unity_endpoint]: Not registered to publish topic '/clock'! Valid publish topics are: dict_keys([]) 
[default_server_endpoint-1] [ERROR] [1785152199.245182697] [unity_endpoint]: Not registered to publish topic '/imu/data'! Valid publish topics are: dict_keys([]) 
[default_server_endpoint-1] [ERROR] [1785152199.245761094] [unity_endpoint]: Not registered to publish topic '/clock'! Valid publish topics are: dict_keys([]) 
[default_server_endpoint-1] [ERROR] [1785152199.246268480] [unity_endpoint]: Not registered to publish topic '/imu/data'! Valid publish topics are: dict_keys([]) 
[default_server_endpoint-1] [ERROR] [1785152199.246831646] [unity_endpoint]: Not registered to publish topic '/clock'! Valid publish topics are: dict_keys([]) 
[default_server_endpoint-1] [ERROR] [1785152199.247428662] [unity_endpoint]: Not registered to publish topic '/imu/data'! Valid publish topics are: dict_keys([]) 
[default_server_endpoint-1] [ERROR] [1785152199.247992358] [unity_endpoint]: Not registered to publish topic '/clock'! Valid publish topics are: dict_keys([]) 
[default_server_endpoint-1] [ERROR] [1785152199.251420659] [unity_endpoint]: Not registered to publish topic '/imu/data'! Valid publish topics are: dict_keys([]) 
[default_server_endpoint-1] [ERROR] [1785152199.254435830] [unity_endpoint]: Not registered to publish topic '/clock'! Valid publish topics are: dict_keys([]) 
[default_server_endpoint-1] [ERROR] [1785152199.255716309] [unity_endpoint]: Not registered to publish topic '/imu/data'! Valid publish topics are: dict_keys([]) 
[default_server_endpoint-1] [ERROR] [1785152199.256497032] [unity_endpoint]: Not registered to publish topic '/clock'! Valid publish topics are: dict_keys([]) 
[default_server_endpoint-1] [ERROR] [1785152199.257170777] [unity_endpoint]: Not registered to publish topic '/imu/data'! Valid publish topics are: dict_keys([]) 
[default_server_endpoint-1] [ERROR] [1785152199.257871754] [unity_endpoint]: Not registered to publish topic '/clock'! Valid publish topics are: dict_keys([]) 
[default_server_endpoint-1] [ERROR] [1785152199.258446440] [unity_endpoint]: Not registered to publish topic '/imu/data'! Valid publish topics are: dict_keys([]) 
[default_server_endpoint-1] [ERROR] [1785152199.259052913] [unity_endpoint]: Not registered to publish topic '/clock'! Valid publish topics are: dict_keys([]) 
[default_server_endpoint-1] [ERROR] [1785152199.259717078] [unity_endpoint]: Not registered to publish topic '/imu/data'! Valid publish topics are: dict_keys([]) 
[default_server_endpoint-1] [ERROR] [1785152199.260545368] [unity_endpoint]: Not registered to publish topic '/ground_truth_pose'! Valid publish topics are: dict_keys([]) 
[default_server_endpoint-1] [ERROR] [1785152199.261279117] [unity_endpoint]: Not registered to publish topic '/clock'! Valid publish topics are: dict_keys([]) 
[default_server_endpoint-1] [ERROR] [1785152199.261935025] [unity_endpoint]: Not registered to publish topic '/imu/data'! Valid publish topics are: dict_keys([]) 
[default_server_endpoint-1] [ERROR] [1785152199.262565229] [unity_endpoint]: Not registered to publish topic '/clock'! Valid publish topics are: dict_keys([]) 
[default_server_endpoint-1] [ERROR] [1785152199.265816104] [unity_endpoint]: Not registered to publish topic '/imu/data'! Valid publish topics are: dict_keys([]) 
[default_server_endpoint-1] [ERROR] [1785152199.267994037] [unity_endpoint]: Not registered to publish topic '/clock'! Valid publish topics are: dict_keys([]) 
[default_server_endpoint-1] [ERROR] [1785152199.271121747] [unity_endpoint]: Not registered to publish topic '/imu/data'! Valid publish topics are: dict_keys([]) 
[default_server_endpoint-1] [ERROR] [1785152199.272182270] [unity_endpoint]: Not registered to publish topic '/clock'! Valid publish topics are: dict_keys([]) 
[default_server_endpoint-1] [ERROR] [1785152199.272987651] [unity_endpoint]: Not registered to publish topic '/imu/data'! Valid publish topics are: dict_keys([]) 
[default_server_endpoint-1] [ERROR] [1785152199.273768887] [unity_endpoint]: Not registered to publish topic '/clock'! Valid publish topics are: dict_keys([]) 
[default_server_endpoint-1] [ERROR] [1785152199.274353810] [unity_endpoint]: Not registered to publish topic '/imu/data'! Valid publish topics are: dict_keys([]) 
[default_server_endpoint-1] [ERROR] [1785152199.275014739] [unity_endpoint]: Not registered to publish topic '/clock'! Valid publish topics are: dict_keys([]) 
[default_server_endpoint-1] [ERROR] [1785152199.275629478] [unity_endpoint]: Not registered to publish topic '/imu/data'! Valid publish topics are: dict_keys([]) 
[default_server_endpoint-1] [ERROR] [1785152199.276208468] [unity_endpoint]: Not registered to publish topic '/clock'! Valid publish topics are: dict_keys([]) 
[default_server_endpoint-1] [ERROR] [1785152199.279745451] [unity_endpoint]: Not registered to publish topic '/imu/data'! Valid publish topics are: dict_keys([]) 
[default_server_endpoint-1] [ERROR] [1785152199.287025757] [unity_endpoint]: Not registered to publish topic '/clock'! Valid publish topics are: dict_keys([]) 
[default_server_endpoint-1] [ERROR] [1785152199.289167606] [unity_endpoint]: Not registered to publish topic '/imu/data'! Valid publish topics are: dict_keys([]) 
[default_server_endpoint-1] [ERROR] [1785152199.291640637] [unity_endpoint]: Not registered to publish topic '/clock'! Valid publish topics are: dict_keys([]) 
[default_server_endpoint-1] [ERROR] [1785152199.292498210] [unity_endpoint]: Not registered to publish topic '/imu/data'! Valid publish topics are: dict_keys([]) 
[default_server_endpoint-1] [ERROR] [1785152199.293216513] [unity_endpoint]: Not registered to publish topic '/clock'! Valid publish topics are: dict_keys([]) 
[default_server_endpoint-1] [ERROR] [1785152199.293948306] [unity_endpoint]: Not registered to publish topic '/imu/data'! Valid publish topics are: dict_keys([]) 
[default_server_endpoint-1] [ERROR] [1785152199.294592884] [unity_endpoint]: Not registered to publish topic '/ground_truth_pose'! Valid publish topics are: dict_keys([]) 
[default_server_endpoint-1] [ERROR] [1785152199.295188881] [unity_endpoint]: Not registered to publish topic '/clock'! Valid publish topics are: dict_keys([]) 
[default_server_endpoint-1] [ERROR] [1785152199.296024329] [unity_endpoint]: Not registered to publish topic '/imu/data'! Valid publish topics are: dict_keys([]) 
[default_server_endpoint-1] [ERROR] [1785152199.296673569] [unity_endpoint]: Not registered to publish topic '/clock'! Valid publish topics are: dict_keys([]) 
[default_server_endpoint-1] [ERROR] [1785152199.297355037] [unity_endpoint]: Not registered to publish topic '/imu/data'! Valid publish topics are: dict_keys([]) 
[default_server_endpoint-1] [ERROR] [1785152199.297992532] [unity_endpoint]: Not registered to publish topic '/clock'! Valid publish topics are: dict_keys([]) 
[default_server_endpoint-1] [ERROR] [1785152199.298596258] [unity_endpoint]: Not registered to publish topic '/imu/data'! Valid publish topics are: dict_keys([]) 
[default_server_endpoint-1] [ERROR] [1785152199.299848994] [unity_endpoint]: Not registered to publish topic '/clock'! Valid publish topics are: dict_keys([]) 
[default_server_endpoint-1] [ERROR] [1785152199.302265333] [unity_endpoint]: Not registered to publish topic '/imu/data'! Valid publish topics are: dict_keys([]) 
[default_server_endpoint-1] [ERROR] [1785152199.306738780] [unity_endpoint]: Not registered to publish topic '/clock'! Valid publish topics are: dict_keys([]) 
[default_server_endpoint-1] [ERROR] [1785152199.308875856] [unity_endpoint]: Not registered to publish topic '/imu/data'! Valid publish topics are: dict_keys([]) 
[default_server_endpoint-1] [ERROR] [1785152199.309744035] [unity_endpoint]: Not registered to publish topic '/clock'! Valid publish topics are: dict_keys([]) 
[default_server_endpoint-1] [ERROR] [1785152199.310468079] [unity_endpoint]: Not registered to publish topic '/imu/data'! Valid publish topics are: dict_keys([]) 
[default_server_endpoint-1] [ERROR] [1785152199.311170719] [unity_endpoint]: Not registered to publish topic '/scan'! Valid publish topics are: dict_keys([]) 
[default_server_endpoint-1] [ERROR] [1785152199.311836934] [unity_endpoint]: Not registered to publish topic '/clock'! Valid publish topics are: dict_keys([]) 
[default_server_endpoint-1] [ERROR] [1785152199.312532824] [unity_endpoint]: Not registered to publish topic '/imu/data'! Valid publish topics are: dict_keys([]) 
[default_server_endpoint-1] [ERROR] [1785152199.313186054] [unity_endpoint]: Not registered to publish topic '/clock'! Valid publish topics are: dict_keys([]) 
[default_server_endpoint-1] [ERROR] [1785152199.313853115] [unity_endpoint]: Not registered to publish topic '/imu/data'! Valid publish topics are: dict_keys([]) 
[default_server_endpoint-1] [ERROR] [1785152199.314514735] [unity_endpoint]: Not registered to publish topic '/clock'! Valid publish topics are: dict_keys([]) 
[default_server_endpoint-1] [ERROR] [1785152199.315168300] [unity_endpoint]: Not registered to publish topic '/imu/data'! Valid publish topics are: dict_keys([]) 
[default_server_endpoint-1] [ERROR] [1785152199.315827449] [unity_endpoint]: Not registered to publish topic '/clock'! Valid publish topics are: dict_keys([]) 
[default_server_endpoint-1] [ERROR] [1785152199.321656695] [unity_endpoint]: Not registered to publish topic '/imu/data'! Valid publish topics are: dict_keys([]) 
[default_server_endpoint-1] [ERROR] [1785152199.323688696] [unity_endpoint]: Not registered to publish topic '/ground_truth_pose'! Valid publish topics are: dict_keys([]) 
[default_server_endpoint-1] [ERROR] [1785152199.324759244] [unity_endpoint]: Not registered to publish topic '/clock'! Valid publish topics are: dict_keys([]) 
[default_server_endpoint-1] [ERROR] [1785152199.326071380] [unity_endpoint]: Not registered to publish topic '/imu/data'! Valid publish topics are: dict_keys([]) 
[default_server_endpoint-1] [ERROR] [1785152199.326803232] [unity_endpoint]: Not registered to publish topic '/clock'! Valid publish topics are: dict_keys([]) 
[default_server_endpoint-1] [ERROR] [1785152199.327539613] [unity_endpoint]: Not registered to publish topic '/imu/data'! Valid publish topics are: dict_keys([]) 
[default_server_endpoint-1] [ERROR] [1785152199.328212009] [unity_endpoint]: Not registered to publish topic '/clock'! Valid publish topics are: dict_keys([]) 
[default_server_endpoint-1] [ERROR] [1785152199.329067892] [unity_endpoint]: Not registered to publish topic '/imu/data'! Valid publish topics are: dict_keys([]) 
[default_server_endpoint-1] [ERROR] [1785152199.329737055] [unity_endpoint]: Not registered to publish topic '/clock'! Valid publish topics are: dict_keys([]) 
[default_server_endpoint-1] [ERROR] [1785152199.330561639] [unity_endpoint]: Not registered to publish topic '/imu/data'! Valid publish topics are: dict_keys([]) 
[default_server_endpoint-1] [ERROR] [1785152199.331312269] [unity_endpoint]: Not registered to publish topic '/clock'! Valid publish topics are: dict_keys([]) 
[default_server_endpoint-1] [ERROR] [1785152199.331989945] [unity_endpoint]: Not registered to publish topic '/imu/data'! Valid publish topics are: dict_keys([]) 
[default_server_endpoint-1] [ERROR] [1785152199.332657048] [unity_endpoint]: Not registered to publish topic '/clock'! Valid publish topics are: dict_keys([]) 
[default_server_endpoint-1] [ERROR] [1785152199.333303181] [unity_endpoint]: Not registered to publish topic '/imu/data'! Valid publish topics are: dict_keys([]) 
[default_server_endpoint-1] [ERROR] [1785152199.334017422] [unity_endpoint]: Not registered to publish topic '/clock'! Valid publish topics are: dict_keys([]) 
[default_server_endpoint-1] [ERROR] [1785152199.335146076] [unity_endpoint]: Not registered to publish topic '/imu/data'! Valid publish topics are: dict_keys([]) 
[default_server_endpoint-1] [ERROR] [1785152199.336976790] [unity_endpoint]: Not registered to publish topic '/clock'! Valid publish topics are: dict_keys([]) 
[default_server_endpoint-1] [ERROR] [1785152199.339711907] [unity_endpoint]: Not registered to publish topic '/imu/data'! Valid publish topics are: dict_keys([]) 
[default_server_endpoint-1] [ERROR] [1785152199.340631615] [unity_endpoint]: Not registered to publish topic '/clock'! Valid publish topics are: dict_keys([]) 
[default_server_endpoint-1] [ERROR] [1785152199.341893253] [unity_endpoint]: Not registered to publish topic '/imu/data'! Valid publish topics are: dict_keys([]) 
[default_server_endpoint-1] [ERROR] [1785152199.342748328] [unity_endpoint]: Not registered to publish topic '/clock'! Valid publish topics are: dict_keys([]) 
[default_server_endpoint-1] [ERROR] [1785152199.343574486] [unity_endpoint]: Not registered to publish topic '/imu/data'! Valid publish topics are: dict_keys([]) 
[default_server_endpoint-1] [ERROR] [1785152199.344404039] [unity_endpoint]: Not registered to publish topic '/ground_truth_pose'! Valid publish topics are: dict_keys([]) 
[default_server_endpoint-1] [ERROR] [1785152199.345009668] [unity_endpoint]: Not registered to publish topic '/clock'! Valid publish topics are: dict_keys([]) 
[default_server_endpoint-1] [ERROR] [1785152199.345662769] [unity_endpoint]: Not registered to publish topic '/imu/data'! Valid publish topics are: dict_keys([]) 
[default_server_endpoint-1] [ERROR] [1785152199.346216892] [unity_endpoint]: Not registered to publish topic '/clock'! Valid publish topics are: dict_keys([]) 
[default_server_endpoint-1] [ERROR] [1785152199.346813537] [unity_endpoint]: Not registered to publish topic '/imu/data'! Valid publish topics are: dict_keys([]) 
[default_server_endpoint-1] [ERROR] [1785152199.347472195] [unity_endpoint]: Not registered to publish topic '/clock'! Valid publish topics are: dict_keys([]) 
[default_server_endpoint-1] [ERROR] [1785152199.348115912] [unity_endpoint]: Not registered to publish topic '/imu/data'! Valid publish topics are: dict_keys([]) 
[default_server_endpoint-1] [ERROR] [1785152199.348657508] [unity_endpoint]: Not registered to publish topic '/clock'! Valid publish topics are: dict_keys([]) 
[default_server_endpoint-1] [ERROR] [1785152199.349212677] [unity_endpoint]: Not registered to publish topic '/imu/data'! Valid publish topics are: dict_keys([]) 
[default_server_endpoint-1] [ERROR] [1785152199.349825507] [unity_endpoint]: Not registered to publish topic '/clock'! Valid publish topics are: dict_keys([]) 
[default_server_endpoint-1] [ERROR] [1785152199.350455717] [unity_endpoint]: Not registered to publish topic '/imu/data'! Valid publish topics are: dict_keys([]) 
[default_server_endpoint-1] [ERROR] [1785152199.351002147] [unity_endpoint]: Not registered to publish topic '/clock'! Valid publish topics are: dict_keys([]) 
[default_server_endpoint-1] [ERROR] [1785152199.351625705] [unity_endpoint]: Not registered to publish topic '/imu/data'! Valid publish topics are: dict_keys([]) 
[default_server_endpoint-1] [ERROR] [1785152199.352336913] [unity_endpoint]: Not registered to publish topic '/clock'! Valid publish topics are: dict_keys([]) 
[default_server_endpoint-1] [ERROR] [1785152199.353023932] [unity_endpoint]: Not registered to publish topic '/imu/data'! Valid publish topics are: dict_keys([]) 
[default_server_endpoint-1] [ERROR] [1785152199.353675465] [unity_endpoint]: Not registered to publish topic '/clock'! Valid publish topics are: dict_keys([]) 
[default_server_endpoint-1] [ERROR] [1785152199.354315074] [unity_endpoint]: Not registered to publish topic '/imu/data'! Valid publish topics are: dict_keys([]) 
[default_server_endpoint-1] [ERROR] [1785152199.355052044] [unity_endpoint]: Not registered to publish topic '/clock'! Valid publish topics are: dict_keys([]) 
[default_server_endpoint-1] [ERROR] [1785152199.357093395] [unity_endpoint]: Not registered to publish topic '/imu/data'! Valid publish topics are: dict_keys([]) 
[default_server_endpoint-1] [ERROR] [1785152199.366220543] [unity_endpoint]: Not registered to publish topic '/clock'! Valid publish topics are: dict_keys([]) 
[default_server_endpoint-1] [ERROR] [1785152199.367098993] [unity_endpoint]: Not registered to publish topic '/imu/data'! Valid publish topics are: dict_keys([]) 
[default_server_endpoint-1] [ERROR] [1785152199.367779905] [unity_endpoint]: Not registered to publish topic '/ground_truth_pose'! Valid publish topics are: dict_keys([]) 
[default_server_endpoint-1] [ERROR] [1785152199.368392396] [unity_endpoint]: Not registered to publish topic '/clock'! Valid publish topics are: dict_keys([]) 
[default_server_endpoint-1] [ERROR] [1785152199.369173570] [unity_endpoint]: Not registered to publish topic '/imu/data'! Valid publish topics are: dict_keys([]) 
[default_server_endpoint-1] [ERROR] [1785152199.369860617] [unity_endpoint]: Not registered to publish topic '/scan'! Valid publish topics are: dict_keys([]) 
[default_server_endpoint-1] [ERROR] [1785152199.370458836] [unity_endpoint]: Not registered to publish topic '/clock'! Valid publish topics are: dict_keys([]) 
[default_server_endpoint-1] [ERROR] [1785152199.370994637] [unity_endpoint]: Not registered to publish topic '/imu/data'! Valid publish topics are: dict_keys([]) 
[default_server_endpoint-1] [ERROR] [1785152199.371675835] [unity_endpoint]: Not registered to publish topic '/clock'! Valid publish topics are: dict_keys([]) 
[default_server_endpoint-1] [ERROR] [1785152199.372289075] [unity_endpoint]: Not registered to publish topic '/imu/data'! Valid publish topics are: dict_keys([]) 
[default_server_endpoint-1] [ERROR] [1785152199.373106577] [unity_endpoint]: Not registered to publish topic '/clock'! Valid publish topics are: dict_keys([]) 
[default_server_endpoint-1] [ERROR] [1785152199.373788328] [unity_endpoint]: Not registered to publish topic '/imu/data'! Valid publish topics are: dict_keys([]) 
[default_server_endpoint-1] [ERROR] [1785152199.374384310] [unity_endpoint]: Not registered to publish topic '/clock'! Valid publish topics are: dict_keys([]) 
[default_server_endpoint-1] [ERROR] [1785152199.375011897] [unity_endpoint]: Not registered to publish topic '/imu/data'! Valid publish topics are: dict_keys([]) 
[default_server_endpoint-1] [ERROR] [1785152199.375602528] [unity_endpoint]: Not registered to publish topic '/clock'! Valid publish topics are: dict_keys([]) 
[default_server_endpoint-1] [ERROR] [1785152199.376147004] [unity_endpoint]: Not registered to publish topic '/imu/data'! Valid publish topics are: dict_keys([]) 
[default_server_endpoint-1] [ERROR] [1785152199.377985056] [unity_endpoint]: Not registered to publish topic '/clock'! Valid publish topics are: dict_keys([]) 
[default_server_endpoint-1] [ERROR] [1785152199.380818538] [unity_endpoint]: Not registered to publish topic '/imu/data'! Valid publish topics are: dict_keys([]) 
[default_server_endpoint-1] [ERROR] [1785152199.384933743] [unity_endpoint]: Not registered to publish topic '/clock'! Valid publish topics are: dict_keys([]) 
[default_server_endpoint-1] [ERROR] [1785152199.386523230] [unity_endpoint]: Not registered to publish topic '/imu/data'! Valid publish topics are: dict_keys([]) 
[default_server_endpoint-1] [ERROR] [1785152199.387252071] [unity_endpoint]: Not registered to publish topic '/clock'! Valid publish topics are: dict_keys([]) 
[default_server_endpoint-1] [ERROR] [1785152199.387918886] [unity_endpoint]: Not registered to publish topic '/imu/data'! Valid publish topics are: dict_keys([]) 
[default_server_endpoint-1] [ERROR] [1785152199.388553523] [unity_endpoint]: Not registered to publish topic '/clock'! Valid publish topics are: dict_keys([]) 
[default_server_endpoint-1] [ERROR] [1785152199.389146223] [unity_endpoint]: Not registered to publish topic '/imu/data'! Valid publish topics are: dict_keys([]) 
[default_server_endpoint-1] [ERROR] [1785152199.389749568] [unity_endpoint]: Not registered to publish topic '/ground_truth_pose'! Valid publish topics are: dict_keys([]) 
[default_server_endpoint-1] [ERROR] [1785152199.390352144] [unity_endpoint]: Not registered to publish topic '/clock'! Valid publish topics are: dict_keys([]) 
[default_server_endpoint-1] [ERROR] [1785152199.390895538] [unity_endpoint]: Not registered to publish topic '/imu/data'! Valid publish topics are: dict_keys([]) 
[default_server_endpoint-1] [ERROR] [1785152199.391423618] [unity_endpoint]: Not registered to publish topic '/clock'! Valid publish topics are: dict_keys([]) 
[default_server_endpoint-1] [ERROR] [1785152199.391975827] [unity_endpoint]: Not registered to publish topic '/imu/data'! Valid publish topics are: dict_keys([]) 
[default_server_endpoint-1] [ERROR] [1785152199.392573089] [unity_endpoint]: Not registered to publish topic '/clock'! Valid publish topics are: dict_keys([]) 
[default_server_endpoint-1] [ERROR] [1785152199.393175651] [unity_endpoint]: Not registered to publish topic '/imu/data'! Valid publish topics are: dict_keys([]) 
[default_server_endpoint-1] [ERROR] [1785152199.393791622] [unity_endpoint]: Not registered to publish topic '/clock'! Valid publish topics are: dict_keys([]) 
[default_server_endpoint-1] [ERROR] [1785152199.394389242] [unity_endpoint]: Not registered to publish topic '/imu/data'! Valid publish topics are: dict_keys([]) 
[default_server_endpoint-1] [ERROR] [1785152199.394897210] [unity_endpoint]: Not registered to publish topic '/clock'! Valid publish topics are: dict_keys([]) 
[default_server_endpoint-1] [ERROR] [1785152199.396719781] [unity_endpoint]: Not registered to publish topic '/imu/data'! Valid publish topics are: dict_keys([]) 
[default_server_endpoint-1] [ERROR] [1785152199.399807014] [unity_endpoint]: Not registered to publish topic '/clock'! Valid publish topics are: dict_keys([]) 
[default_server_endpoint-1] [ERROR] [1785152199.402003204] [unity_endpoint]: Not registered to publish topic '/imu/data'! Valid publish topics are: dict_keys([]) 
[default_server_endpoint-1] [ERROR] [1785152199.403780379] [unity_endpoint]: Not registered to publish topic '/clock'! Valid publish topics are: dict_keys([]) 
[default_server_endpoint-1] [ERROR] [1785152199.405125909] [unity_endpoint]: Not registered to publish topic '/imu/data'! Valid publish topics are: dict_keys([]) 
[default_server_endpoint-1] [ERROR] [1785152199.405866049] [unity_endpoint]: Not registered to publish topic '/clock'! Valid publish topics are: dict_keys([]) 
[default_server_endpoint-1] [ERROR] [1785152199.406563743] [unity_endpoint]: Not registered to publish topic '/imu/data'! Valid publish topics are: dict_keys([]) 
[default_server_endpoint-1] [ERROR] [1785152199.407221402] [unity_endpoint]: Not registered to publish topic '/clock'! Valid publish topics are: dict_keys([]) 
[default_server_endpoint-1] [ERROR] [1785152199.407880350] [unity_endpoint]: Not registered to publish topic '/imu/data'! Valid publish topics are: dict_keys([]) 
[default_server_endpoint-1] [ERROR] [1785152199.408556629] [unity_endpoint]: Not registered to publish topic '/clock'! Valid publish topics are: dict_keys([]) 
[default_server_endpoint-1] [ERROR] [1785152199.409221018] [unity_endpoint]: Not registered to publish topic '/imu/data'! Valid publish topics are: dict_keys([]) 
[default_server_endpoint-1] [ERROR] [1785152199.409908676] [unity_endpoint]: Not registered to publish topic '/ground_truth_pose'! Valid publish topics are: dict_keys([]) 
[default_server_endpoint-1] [ERROR] [1785152199.410603586] [unity_endpoint]: Not registered to publish topic '/clock'! Valid publish topics are: dict_keys([]) 
[default_server_endpoint-1] [ERROR] [1785152199.411333915] [unity_endpoint]: Not registered to publish topic '/imu/data'! Valid publish topics are: dict_keys([]) 
[default_server_endpoint-1] [ERROR] [1785152199.411977237] [unity_endpoint]: Not registered to publish topic '/clock'! Valid publish topics are: dict_keys([]) 
[default_server_endpoint-1] [ERROR] [1785152199.414352896] [unity_endpoint]: Not registered to publish topic '/imu/data'! Valid publish topics are: dict_keys([]) 
[default_server_endpoint-1] [ERROR] [1785152199.415723437] [unity_endpoint]: Not registered to publish topic '/clock'! Valid publish topics are: dict_keys([]) 
[default_server_endpoint-1] [ERROR] [1785152199.419836060] [unity_endpoint]: Not registered to publish topic '/imu/data'! Valid publish topics are: dict_keys([]) 
[default_server_endpoint-1] [ERROR] [1785152199.421368848] [unity_endpoint]: Not registered to publish topic '/clock'! Valid publish topics are: dict_keys([]) 
[default_server_endpoint-1] [ERROR] [1785152199.422165159] [unity_endpoint]: Not registered to publish topic '/imu/data'! Valid publish topics are: dict_keys([]) 
[default_server_endpoint-1] [ERROR] [1785152199.422830085] [unity_endpoint]: Not registered to publish topic '/clock'! Valid publish topics are: dict_keys([]) 
[default_server_endpoint-1] [ERROR] [1785152199.423441901] [unity_endpoint]: Not registered to publish topic '/imu/data'! Valid publish topics are: dict_keys([]) 
[default_server_endpoint-1] [ERROR] [1785152199.424096707] [unity_endpoint]: Not registered to publish topic '/clock'! Valid publish topics are: dict_keys([]) 
[default_server_endpoint-1] [ERROR] [1785152199.424681293] [unity_endpoint]: Not registered to publish topic '/imu/data'! Valid publish topics are: dict_keys([]) 
[default_server_endpoint-1] [ERROR] [1785152199.425336732] [unity_endpoint]: Not registered to publish topic '/scan'! Valid publish topics are: dict_keys([]) 
[default_server_endpoint-1] [ERROR] [1785152199.425936095] [unity_endpoint]: Not registered to publish topic '/clock'! Valid publish topics are: dict_keys([]) 
[default_server_endpoint-1] [ERROR] [1785152199.426626738] [unity_endpoint]: Not registered to publish topic '/imu/data'! Valid publish topics are: dict_keys([]) 
[default_server_endpoint-1] [ERROR] [1785152199.427228467] [unity_endpoint]: Not registered to publish topic '/clock'! Valid publish topics are: dict_keys([]) 
[default_server_endpoint-1] [ERROR] [1785152199.427827936] [unity_endpoint]: Not registered to publish topic '/imu/data'! Valid publish topics are: dict_keys([]) 
[default_server_endpoint-1] [ERROR] [1785152199.428441991] [unity_endpoint]: Not registered to publish topic '/clock'! Valid publish topics are: dict_keys([]) 
[default_server_endpoint-1] [ERROR] [1785152199.429188994] [unity_endpoint]: Not registered to publish topic '/imu/data'! Valid publish topics are: dict_keys([]) 
[default_server_endpoint-1] [ERROR] [1785152199.430665027] [unity_endpoint]: Not registered to publish topic '/clock'! Valid publish topics are: dict_keys([]) 
[default_server_endpoint-1] [ERROR] [1785152199.431874332] [unity_endpoint]: Not registered to publish topic '/imu/data'! Valid publish topics are: dict_keys([]) 
[default_server_endpoint-1] [ERROR] [1785152199.432596945] [unity_endpoint]: Not registered to publish topic '/ground_truth_pose'! Valid publish topics are: dict_keys([]) 
[default_server_endpoint-1] [ERROR] [1785152199.434786516] [unity_endpoint]: Not registered to publish topic '/clock'! Valid publish topics are: dict_keys([]) 
[default_server_endpoint-1] [ERROR] [1785152199.436331650] [unity_endpoint]: Not registered to publish topic '/imu/data'! Valid publish topics are: dict_keys([]) 
[default_server_endpoint-1] [ERROR] [1785152199.437528851] [unity_endpoint]: Not registered to publish topic '/clock'! Valid publish topics are: dict_keys([]) 
[default_server_endpoint-1] [ERROR] [1785152199.438230853] [unity_endpoint]: Not registered to publish topic '/imu/data'! Valid publish topics are: dict_keys([]) 
[default_server_endpoint-1] [ERROR] [1785152199.438936165] [unity_endpoint]: Not registered to publish topic '/clock'! Valid publish topics are: dict_keys([]) 
[default_server_endpoint-1] [ERROR] [1785152199.439506609] [unity_endpoint]: Not registered to publish topic '/imu/data'! Valid publish topics are: dict_keys([]) 
[default_server_endpoint-1] [ERROR] [1785152199.440129546] [unity_endpoint]: Not registered to publish topic '/clock'! Valid publish topics are: dict_keys([]) 
[default_server_endpoint-1] [ERROR] [1785152199.440720799] [unity_endpoint]: Not registered to publish topic '/imu/data'! Valid publish topics are: dict_keys([]) 
[default_server_endpoint-1] [ERROR] [1785152199.441313586] [unity_endpoint]: Not registered to publish topic '/clock'! Valid publish topics are: dict_keys([]) 
[default_server_endpoint-1] [ERROR] [1785152199.441973059] [unity_endpoint]: Not registered to publish topic '/imu/data'! Valid publish topics are: dict_keys([]) 
[default_server_endpoint-1] [ERROR] [1785152199.442667993] [unity_endpoint]: Not registered to publish topic '/clock'! Valid publish topics are: dict_keys([]) 
[default_server_endpoint-1] [ERROR] [1785152199.443386945] [unity_endpoint]: Not registered to publish topic '/imu/data'! Valid publish topics are: dict_keys([]) 
[default_server_endpoint-1] [ERROR] [1785152199.444147444] [unity_endpoint]: Not registered to publish topic '/clock'! Valid publish topics are: dict_keys([]) 
[default_server_endpoint-1] [ERROR] [1785152199.444773162] [unity_endpoint]: Not registered to publish topic '/imu/data'! Valid publish topics are: dict_keys([]) 
[default_server_endpoint-1] [ERROR] [1785152199.445468230] [unity_endpoint]: Not registered to publish topic '/clock'! Valid publish topics are: dict_keys([]) 
[default_server_endpoint-1] [ERROR] [1785152199.446145579] [unity_endpoint]: Not registered to publish topic '/imu/data'! Valid publish topics are: dict_keys([]) 
[default_server_endpoint-1] [ERROR] [1785152199.446809879] [unity_endpoint]: Not registered to publish topic '/clock'! Valid publish topics are: dict_keys([]) 
[default_server_endpoint-1] [ERROR] [1785152199.448250457] [unity_endpoint]: Not registered to publish topic '/imu/data'! Valid publish topics are: dict_keys([]) 
[default_server_endpoint-1] [ERROR] [1785152199.449719160] [unity_endpoint]: Not registered to publish topic '/clock'! Valid publish topics are: dict_keys([]) 
[default_server_endpoint-1] [ERROR] [1785152199.452053017] [unity_endpoint]: Not registered to publish topic '/imu/data'! Valid publish topics are: dict_keys([]) 
[default_server_endpoint-1] [ERROR] [1785152199.454098524] [unity_endpoint]: Not registered to publish topic '/ground_truth_pose'! Valid publish topics are: dict_keys([]) 
[default_server_endpoint-1] [ERROR] [1785152199.455218191] [unity_endpoint]: Not registered to publish topic '/clock'! Valid publish topics are: dict_keys([]) 
[default_server_endpoint-1] [ERROR] [1785152199.455931076] [unity_endpoint]: Not registered to publish topic '/imu/data'! Valid publish topics are: dict_keys([]) 
[default_server_endpoint-1] [ERROR] [1785152199.456521347] [unity_endpoint]: Not registered to publish topic '/clock'! Valid publish topics are: dict_keys([]) 
[default_server_endpoint-1] [ERROR] [1785152199.457184236] [unity_endpoint]: Not registered to publish topic '/imu/data'! Valid publish topics are: dict_keys([]) 
[default_server_endpoint-1] [ERROR] [1785152199.457805995] [unity_endpoint]: Not registered to publish topic '/clock'! Valid publish topics are: dict_keys([]) 
[default_server_endpoint-1] [ERROR] [1785152199.458339927] [unity_endpoint]: Not registered to publish topic '/imu/data'! Valid publish topics are: dict_keys([]) 
[default_server_endpoint-1] [ERROR] [1785152199.458912756] [unity_endpoint]: Not registered to publish topic '/clock'! Valid publish topics are: dict_keys([]) 
[default_server_endpoint-1] [ERROR] [1785152199.459583512] [unity_endpoint]: Not registered to publish topic '/imu/data'! Valid publish topics are: dict_keys([]) 
[default_server_endpoint-1] [ERROR] [1785152199.460172655] [unity_endpoint]: Not registered to publish topic '/clock'! Valid publish topics are: dict_keys([]) 
[default_server_endpoint-1] [ERROR] [1785152199.460757083] [unity_endpoint]: Not registered to publish topic '/imu/data'! Valid publish topics are: dict_keys([]) 
[default_server_endpoint-1] [ERROR] [1785152199.461379922] [unity_endpoint]: Not registered to publish topic '/clock'! Valid publish topics are: dict_keys([]) 
[default_server_endpoint-1] [ERROR] [1785152199.462069290] [unity_endpoint]: Not registered to publish topic '/imu/data'! Valid publish topics are: dict_keys([]) 
[default_server_endpoint-1] [ERROR] [1785152199.462807931] [unity_endpoint]: Not registered to publish topic '/clock'! Valid publish topics are: dict_keys([]) 
[default_server_endpoint-1] [ERROR] [1785152199.464464189] [unity_endpoint]: Not registered to publish topic '/imu/data'! Valid publish topics are: dict_keys([]) 
[default_server_endpoint-1] [ERROR] [1785152199.471750490] [unity_endpoint]: Not registered to publish topic '/clock'! Valid publish topics are: dict_keys([]) 
[default_server_endpoint-1] [ERROR] [1785152199.473185115] [unity_endpoint]: Not registered to publish topic '/imu/data'! Valid publish topics are: dict_keys([]) 
[default_server_endpoint-1] [ERROR] [1785152199.474136622] [unity_endpoint]: Not registered to publish topic '/clock'! Valid publish topics are: dict_keys([]) 
[default_server_endpoint-1] [ERROR] [1785152199.474807759] [unity_endpoint]: Not registered to publish topic '/imu/data'! Valid publish topics are: dict_keys([]) 
[default_server_endpoint-1] [ERROR] [1785152199.475431688] [unity_endpoint]: Not registered to publish topic '/clock'! Valid publish topics are: dict_keys([]) 
[default_server_endpoint-1] [ERROR] [1785152199.476071142] [unity_endpoint]: Not registered to publish topic '/imu/data'! Valid publish topics are: dict_keys([]) 
[default_server_endpoint-1] [ERROR] [1785152199.476693672] [unity_endpoint]: Not registered to publish topic '/ground_truth_pose'! Valid publish topics are: dict_keys([]) 
[default_server_endpoint-1] [ERROR] [1785152199.477311454] [unity_endpoint]: Not registered to publish topic '/clock'! Valid publish topics are: dict_keys([]) 
[default_server_endpoint-1] [ERROR] [1785152199.477985755] [unity_endpoint]: Not registered to publish topic '/imu/data'! Valid publish topics are: dict_keys([]) 
[default_server_endpoint-1] [ERROR] [1785152199.478669849] [unity_endpoint]: Not registered to publish topic '/scan'! Valid publish topics are: dict_keys([]) 
[default_server_endpoint-1] [ERROR] [1785152199.479388071] [unity_endpoint]: Not registered to publish topic '/clock'! Valid publish topics are: dict_keys([]) 
[default_server_endpoint-1] [ERROR] [1785152199.480196620] [unity_endpoint]: Not registered to publish topic '/imu/data'! Valid publish topics are: dict_keys([]) 
[default_server_endpoint-1] [ERROR] [1785152199.480797038] [unity_endpoint]: Not registered to publish topic '/clock'! Valid publish topics are: dict_keys([]) 
[default_server_endpoint-1] [ERROR] [1785152199.481441678] [unity_endpoint]: Not registered to publish topic '/imu/data'! Valid publish topics are: dict_keys([]) 
[default_server_endpoint-1] [ERROR] [1785152199.482055818] [unity_endpoint]: Not registered to publish topic '/clock'! Valid publish topics are: dict_keys([]) 
[default_server_endpoint-1] [ERROR] [1785152199.485198825] [unity_endpoint]: Not registered to publish topic '/imu/data'! Valid publish topics are: dict_keys([]) 
[default_server_endpoint-1] [ERROR] [1785152199.488915999] [unity_endpoint]: Not registered to publish topic '/clock'! Valid publish topics are: dict_keys([]) 
[default_server_endpoint-1] [ERROR] [1785152199.490641100] [unity_endpoint]: Not registered to publish topic '/imu/data'! Valid publish topics are: dict_keys([]) 
[default_server_endpoint-1] [ERROR] [1785152199.492097260] [unity_endpoint]: Not registered to publish topic '/clock'! Valid publish topics are: dict_keys([]) 
[default_server_endpoint-1] [ERROR] [1785152199.492762268] [unity_endpoint]: Not registered to publish topic '/imu/data'! Valid publish topics are: dict_keys([]) 
[default_server_endpoint-1] [ERROR] [1785152199.493455815] [unity_endpoint]: Not registered to publish topic '/clock'! Valid publish topics are: dict_keys([]) 
[default_server_endpoint-1] [ERROR] [1785152199.494130179] [unity_endpoint]: Not registered to publish topic '/imu/data'! Valid publish topics are: dict_keys([]) 
[default_server_endpoint-1] [ERROR] [1785152199.494790400] [unity_endpoint]: Not registered to publish topic '/clock'! Valid publish topics are: dict_keys([]) 
[default_server_endpoint-1] [ERROR] [1785152199.495325054] [unity_endpoint]: Not registered to publish topic '/imu/data'! Valid publish topics are: dict_keys([]) 
[default_server_endpoint-1] [ERROR] [1785152199.495826832] [unity_endpoint]: Not registered to publish topic '/clock'! Valid publish topics are: dict_keys([]) 
[default_server_endpoint-1] [ERROR] [1785152199.496403044] [unity_endpoint]: Not registered to publish topic '/imu/data'! Valid publish topics are: dict_keys([]) 
[default_server_endpoint-1] [ERROR] [1785152199.496997756] [unity_endpoint]: Not registered to publish topic '/clock'! Valid publish topics are: dict_keys([]) 
[default_server_endpoint-1] [ERROR] [1785152199.497617644] [unity_endpoint]: Not registered to publish topic '/imu/data'! Valid publish topics are: dict_keys([]) 
[default_server_endpoint-1] [ERROR] [1785152199.498320372] [unity_endpoint]: Not registered to publish topic '/ground_truth_pose'! Valid publish topics are: dict_keys([]) 
[default_server_endpoint-1] [ERROR] [1785152199.499166706] [unity_endpoint]: Not registered to publish topic '/clock'! Valid publish topics are: dict_keys([]) 
[default_server_endpoint-1] [ERROR] [1785152199.499925546] [unity_endpoint]: Not registered to publish topic '/imu/data'! Valid publish topics are: dict_keys([]) 
[default_server_endpoint-1] [ERROR] [1785152199.500704453] [unity_endpoint]: Not registered to publish topic '/clock'! Valid publish topics are: dict_keys([]) 
[default_server_endpoint-1] [ERROR] [1785152199.501451576] [unity_endpoint]: Not registered to publish topic '/imu/data'! Valid publish topics are: dict_keys([]) 
[default_server_endpoint-1] [ERROR] [1785152199.502105034] [unity_endpoint]: Not registered to publish topic '/clock'! Valid publish topics are: dict_keys([]) 
[default_server_endpoint-1] [ERROR] [1785152199.506720578] [unity_endpoint]: Not registered to publish topic '/imu/data'! Valid publish topics are: dict_keys([]) 
[default_server_endpoint-1] [ERROR] [1785152199.509280625] [unity_endpoint]: Not registered to publish topic '/clock'! Valid publish topics are: dict_keys([]) 
[default_server_endpoint-1] [ERROR] [1785152199.512294111] [unity_endpoint]: Not registered to publish topic '/imu/data'! Valid publish topics are: dict_keys([]) 
[default_server_endpoint-1] [ERROR] [1785152199.513141729] [unity_endpoint]: Not registered to publish topic '/clock'! Valid publish topics are: dict_keys([]) 
[default_server_endpoint-1] [ERROR] [1785152199.513875959] [unity_endpoint]: Not registered to publish topic '/imu/data'! Valid publish topics are: dict_keys([]) 
[default_server_endpoint-1] [ERROR] [1785152199.514502954] [unity_endpoint]: Not registered to publish topic '/clock'! Valid publish topics are: dict_keys([]) 
[default_server_endpoint-1] [ERROR] [1785152199.515172343] [unity_endpoint]: Not registered to publish topic '/imu/data'! Valid publish topics are: dict_keys([]) 
[default_server_endpoint-1] [ERROR] [1785152199.515790679] [unity_endpoint]: Not registered to publish topic '/clock'! Valid publish topics are: dict_keys([]) 
[default_server_endpoint-1] [ERROR] [1785152199.516536970] [unity_endpoint]: Not registered to publish topic '/imu/data'! Valid publish topics are: dict_keys([]) 
[default_server_endpoint-1] [ERROR] [1785152199.517386492] [unity_endpoint]: Not registered to publish topic '/clock'! Valid publish topics are: dict_keys([]) 
[default_server_endpoint-1] [ERROR] [1785152199.518223643] [unity_endpoint]: Not registered to publish topic '/imu/data'! Valid publish topics are: dict_keys([]) 
[default_server_endpoint-1] [ERROR] [1785152199.518876636] [unity_endpoint]: Not registered to publish topic '/clock'! Valid publish topics are: dict_keys([]) 
[default_server_endpoint-1] [ERROR] [1785152199.519459392] [unity_endpoint]: Not registered to publish topic '/imu/data'! Valid publish topics are: dict_keys([]) 
[default_server_endpoint-1] [ERROR] [1785152199.524329758] [unity_endpoint]: Not registered to publish topic '/clock'! Valid publish topics are: dict_keys([]) 
[default_server_endpoint-1] [ERROR] [1785152199.525809134] [unity_endpoint]: Not registered to publish topic '/imu/data'! Valid publish topics are: dict_keys([]) 
[default_server_endpoint-1] [ERROR] [1785152199.526947362] [unity_endpoint]: Not registered to publish topic '/ground_truth_pose'! Valid publish topics are: dict_keys([]) 
[default_server_endpoint-1] [ERROR] [1785152199.527834325] [unity_endpoint]: Not registered to publish topic '/clock'! Valid publish topics are: dict_keys([]) 
[default_server_endpoint-1] [ERROR] [1785152199.528541397] [unity_endpoint]: Not registered to publish topic '/imu/data'! Valid publish topics are: dict_keys([]) 
[default_server_endpoint-1] [ERROR] [1785152199.529275776] [unity_endpoint]: Not registered to publish topic '/clock'! Valid publish topics are: dict_keys([]) 
[default_server_endpoint-1] [ERROR] [1785152199.529916239] [unity_endpoint]: Not registered to publish topic '/imu/data'! Valid publish topics are: dict_keys([]) 
[default_server_endpoint-1] [ERROR] [1785152199.530668326] [unity_endpoint]: Not registered to publish topic '/clock'! Valid publish topics are: dict_keys([]) 
[default_server_endpoint-1] [ERROR] [1785152199.531313223] [unity_endpoint]: Not registered to publish topic '/imu/data'! Valid publish topics are: dict_keys([]) 
[default_server_endpoint-1] [ERROR] [1785152199.531894944] [unity_endpoint]: Not registered to publish topic '/clock'! Valid publish topics are: dict_keys([]) 
[default_server_endpoint-1] [ERROR] [1785152199.532503340] [unity_endpoint]: Not registered to publish topic '/imu/data'! Valid publish topics are: dict_keys([]) 
[default_server_endpoint-1] [ERROR] [1785152199.533101976] [unity_endpoint]: Not registered to publish topic '/clock'! Valid publish topics are: dict_keys([]) 
[default_server_endpoint-1] [ERROR] [1785152199.533841024] [unity_endpoint]: Not registered to publish topic '/imu/data'! Valid publish topics are: dict_keys([]) 
[default_server_endpoint-1] [ERROR] [1785152199.534811692] [unity_endpoint]: Not registered to publish topic '/clock'! Valid publish topics are: dict_keys([]) 
[default_server_endpoint-1] [ERROR] [1785152199.535654882] [unity_endpoint]: Not registered to publish topic '/imu/data'! Valid publish topics are: dict_keys([]) 
[default_server_endpoint-1] [ERROR] [1785152199.536754222] [unity_endpoint]: Not registered to publish topic '/scan'! Valid publish topics are: dict_keys([]) 
[default_server_endpoint-1] [ERROR] [1785152199.537646361] [unity_endpoint]: Not registered to publish topic '/clock'! Valid publish topics are: dict_keys([]) 
[default_server_endpoint-1] [ERROR] [1785152199.538272912] [unity_endpoint]: Not registered to publish topic '/imu/data'! Valid publish topics are: dict_keys([]) 
[default_server_endpoint-1] [ERROR] [1785152199.538940190] [unity_endpoint]: Not registered to publish topic '/clock'! Valid publish topics are: dict_keys([]) 
[default_server_endpoint-1] [ERROR] [1785152199.539522190] [unity_endpoint]: Not registered to publish topic '/imu/data'! Valid publish topics are: dict_keys([]) 
[default_server_endpoint-1] [ERROR] [1785152199.540204382] [unity_endpoint]: Not registered to publish topic '/clock'! Valid publish topics are: dict_keys([]) 
[default_server_endpoint-1] [ERROR] [1785152199.541032399] [unity_endpoint]: Not registered to publish topic '/imu/data'! Valid publish topics are: dict_keys([]) 
[default_server_endpoint-1] [ERROR] [1785152199.544821520] [unity_endpoint]: Not registered to publish topic '/clock'! Valid publish topics are: dict_keys([]) 
[default_server_endpoint-1] [ERROR] [1785152199.548539967] [unity_endpoint]: Not registered to publish topic '/imu/data'! Valid publish topics are: dict_keys([]) 
[default_server_endpoint-1] [ERROR] [1785152199.551954832] [unity_endpoint]: Not registered to publish topic '/ground_truth_pose'! Valid publish topics are: dict_keys([]) 
[default_server_endpoint-1] [ERROR] [1785152199.553604775] [unity_endpoint]: Not registered to publish topic '/clock'! Valid publish topics are: dict_keys([]) 
[default_server_endpoint-1] [ERROR] [1785152199.554320736] [unity_endpoint]: Not registered to publish topic '/imu/data'! Valid publish topics are: dict_keys([]) 
[default_server_endpoint-1] [ERROR] [1785152199.554989740] [unity_endpoint]: Not registered to publish topic '/clock'! Valid publish topics are: dict_keys([]) 
[default_server_endpoint-1] [ERROR] [1785152199.555589244] [unity_endpoint]: Not registered to publish topic '/imu/data'! Valid publish topics are: dict_keys([]) 
[default_server_endpoint-1] [ERROR] [1785152199.556229112] [unity_endpoint]: Not registered to publish topic '/clock'! Valid publish topics are: dict_keys([]) 
[default_server_endpoint-1] [ERROR] [1785152199.556834339] [unity_endpoint]: Not registered to publish topic '/imu/data'! Valid publish topics are: dict_keys([]) 
[default_server_endpoint-1] [ERROR] [1785152199.557482213] [unity_endpoint]: Not registered to publish topic '/clock'! Valid publish topics are: dict_keys([]) 
[default_server_endpoint-1] [ERROR] [1785152199.558175746] [unity_endpoint]: Not registered to publish topic '/imu/data'! Valid publish topics are: dict_keys([]) 
[default_server_endpoint-1] [ERROR] [1785152199.559054714] [unity_endpoint]: Not registered to publish topic '/clock'! Valid publish topics are: dict_keys([]) 
[default_server_endpoint-1] [ERROR] [1785152199.560920999] [unity_endpoint]: Not registered to publish topic '/imu/data'! Valid publish topics are: dict_keys([]) 
[default_server_endpoint-1] [ERROR] [1785152199.561810661] [unity_endpoint]: Not registered to publish topic '/clock'! Valid publish topics are: dict_keys([]) 
[default_server_endpoint-1] [ERROR] [1785152199.563260745] [unity_endpoint]: Not registered to publish topic '/imu/data'! Valid publish topics are: dict_keys([]) 
[default_server_endpoint-1] [ERROR] [1785152199.564549023] [unity_endpoint]: Not registered to publish topic '/clock'! Valid publish topics are: dict_keys([]) 
[default_server_endpoint-1] [ERROR] [1785152199.570149423] [unity_endpoint]: Not registered to publish topic '/imu/data'! Valid publish topics are: dict_keys([]) 
[default_server_endpoint-1] [ERROR] [1785152199.571252593] [unity_endpoint]: Not registered to publish topic '/clock'! Valid publish topics are: dict_keys([]) 
[default_server_endpoint-1] [ERROR] [1785152199.572242148] [unity_endpoint]: Not registered to publish topic '/imu/data'! Valid publish topics are: dict_keys([]) 
[default_server_endpoint-1] [ERROR] [1785152199.572987604] [unity_endpoint]: Not registered to publish topic '/clock'! Valid publish topics are: dict_keys([]) 
[default_server_endpoint-1] [ERROR] [1785152199.573632283] [unity_endpoint]: Not registered to publish topic '/imu/data'! Valid publish topics are: dict_keys([]) 
[default_server_endpoint-1] [ERROR] [1785152199.574239509] [unity_endpoint]: Not registered to publish topic '/clock'! Valid publish topics are: dict_keys([]) 
[default_server_endpoint-1] [ERROR] [1785152199.574869240] [unity_endpoint]: Not registered to publish topic '/imu/data'! Valid publish topics are: dict_keys([]) 
[default_server_endpoint-1] [ERROR] [1785152199.575416863] [unity_endpoint]: Not registered to publish topic '/ground_truth_pose'! Valid publish topics are: dict_keys([]) 
[default_server_endpoint-1] [ERROR] [1785152199.576027993] [unity_endpoint]: Not registered to publish topic '/clock'! Valid publish topics are: dict_keys([]) 
[default_server_endpoint-1] [ERROR] [1785152199.576685601] [unity_endpoint]: Not registered to publish topic '/imu/data'! Valid publish topics are: dict_keys([]) 
[default_server_endpoint-1] [ERROR] [1785152199.577357432] [unity_endpoint]: Not registered to publish topic '/clock'! Valid publish topics are: dict_keys([]) 
[default_server_endpoint-1] [ERROR] [1785152199.578045256] [unity_endpoint]: Not registered to publish topic '/imu/data'! Valid publish topics are: dict_keys([]) 
[default_server_endpoint-1] [ERROR] [1785152199.578650977] [unity_endpoint]: Not registered to publish topic '/clock'! Valid publish topics are: dict_keys([]) 
[default_server_endpoint-1] [ERROR] [1785152199.579266068] [unity_endpoint]: Not registered to publish topic '/imu/data'! Valid publish topics are: dict_keys([]) 
[default_server_endpoint-1] [ERROR] [1785152199.579955814] [unity_endpoint]: Not registered to publish topic '/clock'! Valid publish topics are: dict_keys([]) 
[default_server_endpoint-1] [ERROR] [1785152199.580936027] [unity_endpoint]: Not registered to publish topic '/imu/data'! Valid publish topics are: dict_keys([]) 
[default_server_endpoint-1] [ERROR] [1785152199.581742407] [unity_endpoint]: Not registered to publish topic '/clock'! Valid publish topics are: dict_keys([]) 
[default_server_endpoint-1] [ERROR] [1785152199.587327603] [unity_endpoint]: Not registered to publish topic '/imu/data'! Valid publish topics are: dict_keys([]) 
[default_server_endpoint-1] [ERROR] [1785152199.588230452] [unity_endpoint]: Not registered to publish topic '/clock'! Valid publish topics are: dict_keys([]) 
[default_server_endpoint-1] [ERROR] [1785152199.589064140] [unity_endpoint]: Not registered to publish topic '/imu/data'! Valid publish topics are: dict_keys([]) 
[default_server_endpoint-1] [ERROR] [1785152199.589914541] [unity_endpoint]: Not registered to publish topic '/clock'! Valid publish topics are: dict_keys([]) 
[default_server_endpoint-1] [ERROR] [1785152199.590876749] [unity_endpoint]: Not registered to publish topic '/imu/data'! Valid publish topics are: dict_keys([]) 
[default_server_endpoint-1] [ERROR] [1785152199.591564264] [unity_endpoint]: Not registered to publish topic '/clock'! Valid publish topics are: dict_keys([]) 
[default_server_endpoint-1] [ERROR] [1785152199.592213387] [unity_endpoint]: Not registered to publish topic '/imu/data'! Valid publish topics are: dict_keys([]) 
[default_server_endpoint-1] [ERROR] [1785152199.592859987] [unity_endpoint]: Not registered to publish topic '/clock'! Valid publish topics are: dict_keys([]) 
[default_server_endpoint-1] [ERROR] [1785152199.594358820] [unity_endpoint]: Not registered to publish topic '/imu/data'! Valid publish topics are: dict_keys([]) 
[default_server_endpoint-1] [ERROR] [1785152199.597584437] [unity_endpoint]: Not registered to publish topic '/clock'! Valid publish topics are: dict_keys([]) 
[default_server_endpoint-1] [ERROR] [1785152199.598775266] [unity_endpoint]: Not registered to publish topic '/imu/data'! Valid publish topics are: dict_keys([]) 
[default_server_endpoint-1] [ERROR] [1785152199.604186722] [unity_endpoint]: Not registered to publish topic '/ground_truth_pose'! Valid publish topics are: dict_keys([]) 
[default_server_endpoint-1] [ERROR] [1785152199.605207998] [unity_endpoint]: Not registered to publish topic '/clock'! Valid publish topics are: dict_keys([]) 
[default_server_endpoint-1] [ERROR] [1785152199.606118478] [unity_endpoint]: Not registered to publish topic '/imu/data'! Valid publish topics are: dict_keys([]) 
[default_server_endpoint-1] [ERROR] [1785152199.606729218] [unity_endpoint]: Not registered to publish topic '/scan'! Valid publish topics are: dict_keys([]) 
[default_server_endpoint-1] [ERROR] [1785152199.607359092] [unity_endpoint]: Not registered to publish topic '/clock'! Valid publish topics are: dict_keys([]) 
[default_server_endpoint-1] [ERROR] [1785152199.608102291] [unity_endpoint]: Not registered to publish topic '/imu/data'! Valid publish topics are: dict_keys([]) 
[default_server_endpoint-1] [ERROR] [1785152199.608980580] [unity_endpoint]: Not registered to publish topic '/clock'! Valid publish topics are: dict_keys([]) 
[default_server_endpoint-1] [ERROR] [1785152199.609639477] [unity_endpoint]: Not registered to publish topic '/imu/data'! Valid publish topics are: dict_keys([]) 
[default_server_endpoint-1] [ERROR] [1785152199.610205994] [unity_endpoint]: Not registered to publish topic '/clock'! Valid publish topics are: dict_keys([]) 
[default_server_endpoint-1] [ERROR] [1785152199.610775934] [unity_endpoint]: Not registered to publish topic '/imu/data'! Valid publish topics are: dict_keys([]) 
[default_server_endpoint-1] [ERROR] [1785152199.611287613] [unity_endpoint]: Not registered to publish topic '/clock'! Valid publish topics are: dict_keys([]) 
[default_server_endpoint-1] [ERROR] [1785152199.611822076] [unity_endpoint]: Not registered to publish topic '/imu/data'! Valid publish topics are: dict_keys([]) 
[default_server_endpoint-1] [ERROR] [1785152199.612367773] [unity_endpoint]: Not registered to publish topic '/clock'! Valid publish topics are: dict_keys([]) 
[default_server_endpoint-1] [ERROR] [1785152199.612887169] [unity_endpoint]: Not registered to publish topic '/imu/data'! Valid publish topics are: dict_keys([]) 
[default_server_endpoint-1] [ERROR] [1785152199.613488074] [unity_endpoint]: Not registered to publish topic '/clock'! Valid publish topics are: dict_keys([]) 
[default_server_endpoint-1] [ERROR] [1785152199.614265725] [unity_endpoint]: Not registered to publish topic '/imu/data'! Valid publish topics are: dict_keys([]) 
[default_server_endpoint-1] [ERROR] [1785152199.614947580] [unity_endpoint]: Not registered to publish topic '/clock'! Valid publish topics are: dict_keys([]) 
[default_server_endpoint-1] [ERROR] [1785152199.619454923] [unity_endpoint]: Not registered to publish topic '/imu/data'! Valid publish topics are: dict_keys([]) 
[default_server_endpoint-1] [ERROR] [1785152199.621749150] [unity_endpoint]: Not registered to publish topic '/clock'! Valid publish topics are: dict_keys([]) 
[default_server_endpoint-1] [ERROR] [1785152199.623028629] [unity_endpoint]: Not registered to publish topic '/imu/data'! Valid publish topics are: dict_keys([]) 
[default_server_endpoint-1] [ERROR] [1785152199.624067178] [unity_endpoint]: Not registered to publish topic '/clock'! Valid publish topics are: dict_keys([]) 
[default_server_endpoint-1] [ERROR] [1785152199.624705083] [unity_endpoint]: Not registered to publish topic '/imu/data'! Valid publish topics are: dict_keys([]) 
[default_server_endpoint-1] [ERROR] [1785152199.625273846] [unity_endpoint]: Not registered to publish topic '/ground_truth_pose'! Valid publish topics are: dict_keys([]) 
[default_server_endpoint-1] [ERROR] [1785152199.625865538] [unity_endpoint]: Not registered to publish topic '/clock'! Valid publish topics are: dict_keys([]) 
[default_server_endpoint-1] [ERROR] [1785152199.626629607] [unity_endpoint]: Not registered to publish topic '/imu/data'! Valid publish topics are: dict_keys([]) 
[default_server_endpoint-1] [ERROR] [1785152199.627355394] [unity_endpoint]: Not registered to publish topic '/clock'! Valid publish topics are: dict_keys([]) 
[default_server_endpoint-1] [ERROR] [1785152199.628142319] [unity_endpoint]: Not registered to publish topic '/imu/data'! Valid publish topics are: dict_keys([]) 
[default_server_endpoint-1] [ERROR] [1785152199.628711663] [unity_endpoint]: Not registered to publish topic '/clock'! Valid publish topics are: dict_keys([]) 
[default_server_endpoint-1] [ERROR] [1785152199.629242340] [unity_endpoint]: Not registered to publish topic '/imu/data'! Valid publish topics are: dict_keys([]) 
[default_server_endpoint-1] [ERROR] [1785152199.629836044] [unity_endpoint]: Not registered to publish topic '/clock'! Valid publish topics are: dict_keys([]) 
[default_server_endpoint-1] [ERROR] [1785152199.630520804] [unity_endpoint]: Not registered to publish topic '/imu/data'! Valid publish topics are: dict_keys([]) 
[default_server_endpoint-1] [ERROR] [1785152199.631139753] [unity_endpoint]: Not registered to publish topic '/clock'! Valid publish topics are: dict_keys([]) 
[default_server_endpoint-1] [ERROR] [1785152199.631690221] [unity_endpoint]: Not registered to publish topic '/imu/data'! Valid publish topics are: dict_keys([]) 
[default_server_endpoint-1] [ERROR] [1785152199.632241146] [unity_endpoint]: Not registered to publish topic '/clock'! Valid publish topics are: dict_keys([]) 
[default_server_endpoint-1] [ERROR] [1785152199.632826633] [unity_endpoint]: Not registered to publish topic '/imu/data'! Valid publish topics are: dict_keys([]) 
[default_server_endpoint-1] [ERROR] [1785152199.633517220] [unity_endpoint]: Not registered to publish topic '/clock'! Valid publish topics are: dict_keys([]) 
[default_server_endpoint-1] [ERROR] [1785152199.634125353] [unity_endpoint]: Not registered to publish topic '/imu/data'! Valid publish topics are: dict_keys([]) 
[default_server_endpoint-1] [ERROR] [1785152199.635510221] [unity_endpoint]: Not registered to publish topic '/clock'! Valid publish topics are: dict_keys([]) 
[default_server_endpoint-1] [ERROR] [1785152199.638599084] [unity_endpoint]: Not registered to publish topic '/imu/data'! Valid publish topics are: dict_keys([]) 
[default_server_endpoint-1] [ERROR] [1785152199.639932729] [unity_endpoint]: Not registered to publish topic '/clock'! Valid publish topics are: dict_keys([]) 
[default_server_endpoint-1] [ERROR] [1785152199.642033726] [unity_endpoint]: Not registered to publish topic '/imu/data'! Valid publish topics are: dict_keys([]) 
[default_server_endpoint-1] [ERROR] [1785152199.644492746] [unity_endpoint]: Not registered to publish topic '/clock'! Valid publish topics are: dict_keys([]) 
[default_server_endpoint-1] [ERROR] [1785152199.646563826] [unity_endpoint]: Not registered to publish topic '/imu/data'! Valid publish topics are: dict_keys([]) 
[default_server_endpoint-1] [ERROR] [1785152199.647291021] [unity_endpoint]: Not registered to publish topic '/ground_truth_pose'! Valid publish topics are: dict_keys([]) 
[default_server_endpoint-1] [ERROR] [1785152199.647861875] [unity_endpoint]: Not registered to publish topic '/clock'! Valid publish topics are: dict_keys([]) 
[default_server_endpoint-1] [ERROR] [1785152199.648510488] [unity_endpoint]: Not registered to publish topic '/imu/data'! Valid publish topics are: dict_keys([]) 
[default_server_endpoint-1] [ERROR] [1785152199.649122028] [unity_endpoint]: Not registered to publish topic '/clock'! Valid publish topics are: dict_keys([]) 
[default_server_endpoint-1] [ERROR] [1785152199.649711317] [unity_endpoint]: Not registered to publish topic '/imu/data'! Valid publish topics are: dict_keys([]) 
[default_server_endpoint-1] [ERROR] [1785152199.650308013] [unity_endpoint]: Not registered to publish topic '/clock'! Valid publish topics are: dict_keys([]) 
[default_server_endpoint-1] [ERROR] [1785152199.650903016] [unity_endpoint]: Not registered to publish topic '/imu/data'! Valid publish topics are: dict_keys([]) 
[default_server_endpoint-1] [ERROR] [1785152199.651514471] [unity_endpoint]: Not registered to publish topic '/clock'! Valid publish topics are: dict_keys([]) 
[default_server_endpoint-1] [ERROR] [1785152199.652337056] [unity_endpoint]: Not registered to publish topic '/imu/data'! Valid publish topics are: dict_keys([]) 
[default_server_endpoint-1] [ERROR] [1785152199.653265012] [unity_endpoint]: Not registered to publish topic '/clock'! Valid publish topics are: dict_keys([]) 
[default_server_endpoint-1] [ERROR] [1785152199.653937074] [unity_endpoint]: Not registered to publish topic '/imu/data'! Valid publish topics are: dict_keys([]) 
[default_server_endpoint-1] [ERROR] [1785152199.655028463] [unity_endpoint]: Not registered to publish topic '/clock'! Valid publish topics are: dict_keys([]) 
[default_server_endpoint-1] [ERROR] [1785152199.656812220] [unity_endpoint]: Not registered to publish topic '/imu/data'! Valid publish topics are: dict_keys([]) 
[default_server_endpoint-1] [ERROR] [1785152199.658664813] [unity_endpoint]: Not registered to publish topic '/scan'! Valid publish topics are: dict_keys([]) 
[default_server_endpoint-1] [ERROR] [1785152199.664006639] [unity_endpoint]: Not registered to publish topic '/clock'! Valid publish topics are: dict_keys([]) 
[default_server_endpoint-1] [ERROR] [1785152199.665070103] [unity_endpoint]: Not registered to publish topic '/imu/data'! Valid publish topics are: dict_keys([]) 
[default_server_endpoint-1] [ERROR] [1785152199.665902660] [unity_endpoint]: Not registered to publish topic '/clock'! Valid publish topics are: dict_keys([]) 
[default_server_endpoint-1] [ERROR] [1785152199.666647985] [unity_endpoint]: Not registered to publish topic '/imu/data'! Valid publish topics are: dict_keys([]) 
[default_server_endpoint-1] [ERROR] [1785152199.667334570] [unity_endpoint]: Not registered to publish topic '/clock'! Valid publish topics are: dict_keys([]) 
[default_server_endpoint-1] [ERROR] [1785152199.668064541] [unity_endpoint]: Not registered to publish topic '/imu/data'! Valid publish topics are: dict_keys([]) 
[default_server_endpoint-1] [ERROR] [1785152199.669155835] [unity_endpoint]: Not registered to publish topic '/clock'! Valid publish topics are: dict_keys([]) 
[default_server_endpoint-1] [ERROR] [1785152199.670250642] [unity_endpoint]: Not registered to publish topic '/imu/data'! Valid publish topics are: dict_keys([]) 
[default_server_endpoint-1] [ERROR] [1785152199.671004489] [unity_endpoint]: Not registered to publish topic '/ground_truth_pose'! Valid publish topics are: dict_keys([]) 
[default_server_endpoint-1] [ERROR] [1785152199.672159170] [unity_endpoint]: Not registered to publish topic '/clock'! Valid publish topics are: dict_keys([]) 
[default_server_endpoint-1] [ERROR] [1785152199.674082808] [unity_endpoint]: Not registered to publish topic '/imu/data'! Valid publish topics are: dict_keys([]) 
[default_server_endpoint-1] [ERROR] [1785152199.676416197] [unity_endpoint]: Not registered to publish topic '/clock'! Valid publish topics are: dict_keys([]) 
[default_server_endpoint-1] [ERROR] [1785152199.679031479] [unity_endpoint]: Not registered to publish topic '/imu/data'! Valid publish topics are: dict_keys([]) 
[default_server_endpoint-1] [ERROR] [1785152199.681045577] [unity_endpoint]: Not registered to publish topic '/clock'! Valid publish topics are: dict_keys([]) 
[default_server_endpoint-1] [ERROR] [1785152199.681884598] [unity_endpoint]: Not registered to publish topic '/imu/data'! Valid publish topics are: dict_keys([]) 
[default_server_endpoint-1] [ERROR] [1785152199.682581175] [unity_endpoint]: Not registered to publish topic '/clock'! Valid publish topics are: dict_keys([]) 
[default_server_endpoint-1] [ERROR] [1785152199.683244647] [unity_endpoint]: Not registered to publish topic '/imu/data'! Valid publish topics are: dict_keys([]) 
[default_server_endpoint-1] [ERROR] [1785152199.683886527] [unity_endpoint]: Not registered to publish topic '/clock'! Valid publish topics are: dict_keys([]) 
[default_server_endpoint-1] [ERROR] [1785152199.684451903] [unity_endpoint]: Not registered to publish topic '/imu/data'! Valid publish topics are: dict_keys([]) 
[default_server_endpoint-1] [ERROR] [1785152199.685275152] [unity_endpoint]: Not registered to publish topic '/clock'! Valid publish topics are: dict_keys([]) 
[default_server_endpoint-1] [ERROR] [1785152199.686578073] [unity_endpoint]: Not registered to publish topic '/imu/data'! Valid publish topics are: dict_keys([]) 
[default_server_endpoint-1] [ERROR] [1785152199.687564723] [unity_endpoint]: Not registered to publish topic '/clock'! Valid publish topics are: dict_keys([]) 
[default_server_endpoint-1] [ERROR] [1785152199.688207083] [unity_endpoint]: Not registered to publish topic '/imu/data'! Valid publish topics are: dict_keys([]) 
[default_server_endpoint-1] [ERROR] [1785152199.689047637] [unity_endpoint]: Not registered to publish topic '/clock'! Valid publish topics are: dict_keys([]) 
[default_server_endpoint-1] [ERROR] [1785152199.689735869] [unity_endpoint]: Not registered to publish topic '/imu/data'! Valid publish topics are: dict_keys([]) 
[default_server_endpoint-1] [ERROR] [1785152199.690479604] [unity_endpoint]: Not registered to publish topic '/clock'! Valid publish topics are: dict_keys([]) 
[default_server_endpoint-1] [ERROR] [1785152199.691078034] [unity_endpoint]: Not registered to publish topic '/imu/data'! Valid publish topics are: dict_keys([]) 
[default_server_endpoint-1] [ERROR] [1785152199.691683934] [unity_endpoint]: Not registered to publish topic '/clock'! Valid publish topics are: dict_keys([]) 
[default_server_endpoint-1] [ERROR] [1785152199.692323227] [unity_endpoint]: Not registered to publish topic '/imu/data'! Valid publish topics are: dict_keys([]) 
[default_server_endpoint-1] [ERROR] [1785152199.692939301] [unity_endpoint]: Not registered to publish topic '/ground_truth_pose'! Valid publish topics are: dict_keys([]) 
[default_server_endpoint-1] [ERROR] [1785152199.693598122] [unity_endpoint]: Not registered to publish topic '/clock'! Valid publish topics are: dict_keys([]) 
[default_server_endpoint-1] [ERROR] [1785152199.694241845] [unity_endpoint]: Not registered to publish topic '/imu/data'! Valid publish topics are: dict_keys([]) 
[default_server_endpoint-1] [ERROR] [1785152199.697744170] [unity_endpoint]: Not registered to publish topic '/clock'! Valid publish topics are: dict_keys([]) 
[default_server_endpoint-1] [ERROR] [1785152199.704651466] [unity_endpoint]: Not registered to publish topic '/imu/data'! Valid publish topics are: dict_keys([]) 
[default_server_endpoint-1] [ERROR] [1785152199.705790873] [unity_endpoint]: Not registered to publish topic '/clock'! Valid publish topics are: dict_keys([]) 
[default_server_endpoint-1] [ERROR] [1785152199.706540157] [unity_endpoint]: Not registered to publish topic '/imu/data'! Valid publish topics are: dict_keys([]) 
[default_server_endpoint-1] [ERROR] [1785152199.707230203] [unity_endpoint]: Not registered to publish topic '/clock'! Valid publish topics are: dict_keys([]) 
[default_server_endpoint-1] [ERROR] [1785152199.707887285] [unity_endpoint]: Not registered to publish topic '/imu/data'! Valid publish topics are: dict_keys([]) 
[default_server_endpoint-1] [ERROR] [1785152199.708495522] [unity_endpoint]: Not registered to publish topic '/clock'! Valid publish topics are: dict_keys([]) 
[default_server_endpoint-1] [ERROR] [1785152199.709103396] [unity_endpoint]: Not registered to publish topic '/imu/data'! Valid publish topics are: dict_keys([]) 
[default_server_endpoint-1] [ERROR] [1785152199.709766044] [unity_endpoint]: Not registered to publish topic '/clock'! Valid publish topics are: dict_keys([]) 
[default_server_endpoint-1] [ERROR] [1785152199.710419225] [unity_endpoint]: Not registered to publish topic '/imu/data'! Valid publish topics are: dict_keys([]) 
[default_server_endpoint-1] [ERROR] [1785152199.710971811] [unity_endpoint]: Not registered to publish topic '/clock'! Valid publish topics are: dict_keys([]) 
[default_server_endpoint-1] [ERROR] [1785152199.711560543] [unity_endpoint]: Not registered to publish topic '/imu/data'! Valid publish topics are: dict_keys([]) 
[default_server_endpoint-1] [ERROR] [1785152199.712164851] [unity_endpoint]: Not registered to publish topic '/clock'! Valid publish topics are: dict_keys([]) 
[default_server_endpoint-1] [ERROR] [1785152199.712820251] [unity_endpoint]: Not registered to publish topic '/imu/data'! Valid publish topics are: dict_keys([]) 
[default_server_endpoint-1] [ERROR] [1785152199.713515713] [unity_endpoint]: Not registered to publish topic '/clock'! Valid publish topics are: dict_keys([]) 
[default_server_endpoint-1] [ERROR] [1785152199.724018538] [unity_endpoint]: Not registered to publish topic '/imu/data'! Valid publish topics are: dict_keys([]) 
[default_server_endpoint-1] [ERROR] [1785152199.724955962] [unity_endpoint]: Not registered to publish topic '/clock'! Valid publish topics are: dict_keys([]) 
[default_server_endpoint-1] [ERROR] [1785152199.725626636] [unity_endpoint]: Not registered to publish topic '/imu/data'! Valid publish topics are: dict_keys([]) 
[default_server_endpoint-1] [ERROR] [1785152199.726148726] [unity_endpoint]: Not registered to publish topic '/ground_truth_pose'! Valid publish topics are: dict_keys([]) 
[default_server_endpoint-1] [ERROR] [1785152199.726650488] [unity_endpoint]: Not registered to publish topic '/clock'! Valid publish topics are: dict_keys([]) 
[default_server_endpoint-1] [ERROR] [1785152199.727153039] [unity_endpoint]: Not registered to publish topic '/imu/data'! Valid publish topics are: dict_keys([]) 
[default_server_endpoint-1] [ERROR] [1785152199.727701706] [unity_endpoint]: Not registered to publish topic '/scan'! Valid publish topics are: dict_keys([]) 
[default_server_endpoint-1] [ERROR] [1785152199.728229649] [unity_endpoint]: Not registered to publish topic '/clock'! Valid publish topics are: dict_keys([]) 
[default_server_endpoint-1] [ERROR] [1785152199.728735442] [unity_endpoint]: Not registered to publish topic '/imu/data'! Valid publish topics are: dict_keys([]) 
[default_server_endpoint-1] [ERROR] [1785152199.729234298] [unity_endpoint]: Not registered to publish topic '/clock'! Valid publish topics are: dict_keys([]) 
[default_server_endpoint-1] [ERROR] [1785152199.729870120] [unity_endpoint]: Not registered to publish topic '/imu/data'! Valid publish topics are: dict_keys([]) 
[default_server_endpoint-1] [ERROR] [1785152199.730606583] [unity_endpoint]: Not registered to publish topic '/clock'! Valid publish topics are: dict_keys([]) 
[default_server_endpoint-1] [ERROR] [1785152199.731290876] [unity_endpoint]: Not registered to publish topic '/imu/data'! Valid publish topics are: dict_keys([]) 
[default_server_endpoint-1] [ERROR] [1785152199.736555284] [unity_endpoint]: Not registered to publish topic '/clock'! Valid publish topics are: dict_keys([]) 
[default_server_endpoint-1] [ERROR] [1785152199.742436657] [unity_endpoint]: Not registered to publish topic '/imu/data'! Valid publish topics are: dict_keys([]) 
[default_server_endpoint-1] [ERROR] [1785152199.743245401] [unity_endpoint]: Not registered to publish topic '/clock'! Valid publish topics are: dict_keys([]) 
[default_server_endpoint-1] [ERROR] [1785152199.743981315] [unity_endpoint]: Not registered to publish topic '/imu/data'! Valid publish topics are: dict_keys([]) 
[default_server_endpoint-1] [ERROR] [1785152199.744643210] [unity_endpoint]: Not registered to publish topic '/clock'! Valid publish topics are: dict_keys([]) 
[default_server_endpoint-1] [ERROR] [1785152199.745255902] [unity_endpoint]: Not registered to publish topic '/imu/data'! Valid publish topics are: dict_keys([]) 
[default_server_endpoint-1] [ERROR] [1785152199.745973749] [unity_endpoint]: Not registered to publish topic '/clock'! Valid publish topics are: dict_keys([]) 
[default_server_endpoint-1] [ERROR] [1785152199.746579693] [unity_endpoint]: Not registered to publish topic '/imu/data'! Valid publish topics are: dict_keys([]) 
[default_server_endpoint-1] [ERROR] [1785152199.747192361] [unity_endpoint]: Not registered to publish topic '/clock'! Valid publish topics are: dict_keys([]) 
[default_server_endpoint-1] [ERROR] [1785152199.747809431] [unity_endpoint]: Not registered to publish topic '/imu/data'! Valid publish topics are: dict_keys([]) 
[default_server_endpoint-1] [ERROR] [1785152199.748382354] [unity_endpoint]: Not registered to publish topic '/clock'! Valid publish topics are: dict_keys([]) 
[default_server_endpoint-1] [ERROR] [1785152199.748986885] [unity_endpoint]: Not registered to publish topic '/imu/data'! Valid publish topics are: dict_keys([]) 
[default_server_endpoint-1] [ERROR] [1785152199.752985326] [unity_endpoint]: Not registered to publish topic '/ground_truth_pose'! Valid publish topics are: dict_keys([]) 
[default_server_endpoint-1] [ERROR] [1785152199.758900255] [unity_endpoint]: Not registered to publish topic '/clock'! Valid publish topics are: dict_keys([]) 
[default_server_endpoint-1] [ERROR] [1785152199.760461925] [unity_endpoint]: Not registered to publish topic '/imu/data'! Valid publish topics are: dict_keys([]) 
[default_server_endpoint-1] [ERROR] [1785152199.761227990] [unity_endpoint]: Not registered to publish topic '/clock'! Valid publish topics are: dict_keys([]) 
[default_server_endpoint-1] [ERROR] [1785152199.761947870] [unity_endpoint]: Not registered to publish topic '/imu/data'! Valid publish topics are: dict_keys([]) 
[default_server_endpoint-1] [ERROR] [1785152199.762543880] [unity_endpoint]: Not registered to publish topic '/clock'! Valid publish topics are: dict_keys([]) 
[default_server_endpoint-1] [ERROR] [1785152199.763200756] [unity_endpoint]: Not registered to publish topic '/imu/data'! Valid publish topics are: dict_keys([]) 
[default_server_endpoint-1] [ERROR] [1785152199.763827762] [unity_endpoint]: Not registered to publish topic '/clock'! Valid publish topics are: dict_keys([]) 
[default_server_endpoint-1] [ERROR] [1785152199.764438244] [unity_endpoint]: Not registered to publish topic '/imu/data'! Valid publish topics are: dict_keys([]) 
[default_server_endpoint-1] [ERROR] [1785152199.765048105] [unity_endpoint]: Not registered to publish topic '/clock'! Valid publish topics are: dict_keys([]) 
[default_server_endpoint-1] [ERROR] [1785152199.765754961] [unity_endpoint]: Not registered to publish topic '/imu/data'! Valid publish topics are: dict_keys([]) 
[default_server_endpoint-1] [ERROR] [1785152199.766414952] [unity_endpoint]: Not registered to publish topic '/scan'! Valid publish topics are: dict_keys([]) 
[default_server_endpoint-1] [ERROR] [1785152199.767040249] [unity_endpoint]: Not registered to publish topic '/clock'! Valid publish topics are: dict_keys([]) 
[default_server_endpoint-1] [ERROR] [1785152199.776972854] [unity_endpoint]: Not registered to publish topic '/imu/data'! Valid publish topics are: dict_keys([]) 
[default_server_endpoint-1] [ERROR] [1785152199.778087307] [unity_endpoint]: Not registered to publish topic '/clock'! Valid publish topics are: dict_keys([]) 
[default_server_endpoint-1] [ERROR] [1785152199.778847961] [unity_endpoint]: Not registered to publish topic '/imu/data'! Valid publish topics are: dict_keys([]) 
[default_server_endpoint-1] [ERROR] [1785152199.779565777] [unity_endpoint]: Not registered to publish topic '/clock'! Valid publish topics are: dict_keys([]) 
[default_server_endpoint-1] [ERROR] [1785152199.780238491] [unity_endpoint]: Not registered to publish topic '/imu/data'! Valid publish topics are: dict_keys([]) 
[default_server_endpoint-1] [ERROR] [1785152199.780881625] [unity_endpoint]: Not registered to publish topic '/clock'! Valid publish topics are: dict_keys([]) 
[default_server_endpoint-1] [ERROR] [1785152199.781614155] [unity_endpoint]: Not registered to publish topic '/imu/data'! Valid publish topics are: dict_keys([]) 
[default_server_endpoint-1] [ERROR] [1785152199.782262944] [unity_endpoint]: Not registered to publish topic '/ground_truth_pose'! Valid publish topics are: dict_keys([]) 
[default_server_endpoint-1] [ERROR] [1785152199.782938804] [unity_endpoint]: Not registered to publish topic '/clock'! Valid publish topics are: dict_keys([]) 
[default_server_endpoint-1] [ERROR] [1785152199.783550841] [unity_endpoint]: Not registered to publish topic '/imu/data'! Valid publish topics are: dict_keys([]) 
[default_server_endpoint-1] [ERROR] [1785152199.784159507] [unity_endpoint]: Not registered to publish topic '/clock'! Valid publish topics are: dict_keys([]) 
[default_server_endpoint-1] [ERROR] [1785152199.785022610] [unity_endpoint]: Not registered to publish topic '/imu/data'! Valid publish topics are: dict_keys([]) 
[default_server_endpoint-1] [ERROR] [1785152199.785910442] [unity_endpoint]: Not registered to publish topic '/clock'! Valid publish topics are: dict_keys([]) 
[default_server_endpoint-1] [ERROR] [1785152199.786722659] [unity_endpoint]: Not registered to publish topic '/imu/data'! Valid publish topics are: dict_keys([]) 
[default_server_endpoint-1] [ERROR] [1785152199.788725673] [unity_endpoint]: Not registered to publish topic '/clock'! Valid publish topics are: dict_keys([]) 
[default_server_endpoint-1] [ERROR] [1785152199.792207167] [unity_endpoint]: Not registered to publish topic '/imu/data'! Valid publish topics are: dict_keys([]) 
[default_server_endpoint-1] [ERROR] [1785152199.794552637] [unity_endpoint]: Not registered to publish topic '/clock'! Valid publish topics are: dict_keys([]) 
[default_server_endpoint-1] [ERROR] [1785152199.796976355] [unity_endpoint]: Not registered to publish topic '/imu/data'! Valid publish topics are: dict_keys([]) 
[default_server_endpoint-1] [ERROR] [1785152199.798367378] [unity_endpoint]: Not registered to publish topic '/clock'! Valid publish topics are: dict_keys([]) 
[default_server_endpoint-1] [ERROR] [1785152199.799092216] [unity_endpoint]: Not registered to publish topic '/imu/data'! Valid publish topics are: dict_keys([]) 
[default_server_endpoint-1] [ERROR] [1785152199.799837838] [unity_endpoint]: Not registered to publish topic '/clock'! Valid publish topics are: dict_keys([]) 
[default_server_endpoint-1] [ERROR] [1785152199.800401852] [unity_endpoint]: Not registered to publish topic '/imu/data'! Valid publish topics are: dict_keys([]) 
[default_server_endpoint-1] [ERROR] [1785152199.800988446] [unity_endpoint]: Not registered to publish topic '/clock'! Valid publish topics are: dict_keys([]) 
[default_server_endpoint-1] [ERROR] [1785152199.801867639] [unity_endpoint]: Not registered to publish topic '/imu/data'! Valid publish topics are: dict_keys([]) 
[default_server_endpoint-1] [ERROR] [1785152199.802504849] [unity_endpoint]: Not registered to publish topic '/clock'! Valid publish topics are: dict_keys([]) 
[default_server_endpoint-1] [ERROR] [1785152199.803212606] [unity_endpoint]: Not registered to publish topic '/imu/data'! Valid publish topics are: dict_keys([]) 
[default_server_endpoint-1] [ERROR] [1785152199.803877483] [unity_endpoint]: Not registered to publish topic '/clock'! Valid publish topics are: dict_keys([]) 
[default_server_endpoint-1] [ERROR] [1785152199.806389920] [unity_endpoint]: Not registered to publish topic '/imu/data'! Valid publish topics are: dict_keys([]) 
[default_server_endpoint-1] [ERROR] [1785152199.809230847] [unity_endpoint]: Not registered to publish topic '/ground_truth_pose'! Valid publish topics are: dict_keys([]) 
[default_server_endpoint-1] [ERROR] [1785152199.811043106] [unity_endpoint]: Not registered to publish topic '/clock'! Valid publish topics are: dict_keys([]) 
[default_server_endpoint-1] [ERROR] [1785152199.814059726] [unity_endpoint]: Not registered to publish topic '/imu/data'! Valid publish topics are: dict_keys([]) 
[default_server_endpoint-1] [ERROR] [1785152199.815335504] [unity_endpoint]: Not registered to publish topic '/clock'! Valid publish topics are: dict_keys([]) 
[default_server_endpoint-1] [ERROR] [1785152199.816071213] [unity_endpoint]: Not registered to publish topic '/imu/data'! Valid publish topics are: dict_keys([]) 
[default_server_endpoint-1] [ERROR] [1785152199.822066269] [unity_endpoint]: Not registered to publish topic '/clock'! Valid publish topics are: dict_keys([]) 
[default_server_endpoint-1] [ERROR] [1785152199.823092643] [unity_endpoint]: Not registered to publish topic '/imu/data'! Valid publish topics are: dict_keys([]) 
[default_server_endpoint-1] [ERROR] [1785152199.823957373] [unity_endpoint]: Not registered to publish topic '/clock'! Valid publish topics are: dict_keys([]) 
[default_server_endpoint-1] [ERROR] [1785152199.824858045] [unity_endpoint]: Not registered to publish topic '/imu/data'! Valid publish topics are: dict_keys([]) 
[default_server_endpoint-1] [ERROR] [1785152199.825915468] [unity_endpoint]: Not registered to publish topic '/clock'! Valid publish topics are: dict_keys([]) 
[default_server_endpoint-1] [ERROR] [1785152199.827206744] [unity_endpoint]: Not registered to publish topic '/imu/data'! Valid publish topics are: dict_keys([]) 
[default_server_endpoint-1] [ERROR] [1785152199.829731891] [unity_endpoint]: Not registered to publish topic '/clock'! Valid publish topics are: dict_keys([]) 
[default_server_endpoint-1] [ERROR] [1785152199.832058556] [unity_endpoint]: Not registered to publish topic '/imu/data'! Valid publish topics are: dict_keys([]) 
[default_server_endpoint-1] [ERROR] [1785152199.832944503] [unity_endpoint]: Not registered to publish topic '/clock'! Valid publish topics are: dict_keys([]) 
[default_server_endpoint-1] [ERROR] [1785152199.833848772] [unity_endpoint]: Not registered to publish topic '/imu/data'! Valid publish topics are: dict_keys([]) 
[default_server_endpoint-1] [ERROR] [1785152199.834475175] [unity_endpoint]: Not registered to publish topic '/clock'! Valid publish topics are: dict_keys([]) 
[default_server_endpoint-1] [ERROR] [1785152199.835204749] [unity_endpoint]: Not registered to publish topic '/imu/data'! Valid publish topics are: dict_keys([]) 
[default_server_endpoint-1] [ERROR] [1785152199.835895088] [unity_endpoint]: Not registered to publish topic '/clock'! Valid publish topics are: dict_keys([]) 
[default_server_endpoint-1] [ERROR] [1785152199.836452782] [unity_endpoint]: Not registered to publish topic '/imu/data'! Valid publish topics are: dict_keys([]) 
[default_server_endpoint-1] [ERROR] [1785152199.836963269] [unity_endpoint]: Not registered to publish topic '/clock'! Valid publish topics are: dict_keys([]) 
[default_server_endpoint-1] [ERROR] [1785152199.837532419] [unity_endpoint]: Not registered to publish topic '/imu/data'! Valid publish topics are: dict_keys([]) 
[default_server_endpoint-1] [ERROR] [1785152199.838142442] [unity_endpoint]: Not registered to publish topic '/ground_truth_pose'! Valid publish topics are: dict_keys([]) 
[default_server_endpoint-1] [ERROR] [1785152199.838729983] [unity_endpoint]: Not registered to publish topic '/clock'! Valid publish topics are: dict_keys([]) 
[default_server_endpoint-1] [ERROR] [1785152199.839341073] [unity_endpoint]: Not registered to publish topic '/imu/data'! Valid publish topics are: dict_keys([]) 
[default_server_endpoint-1] [ERROR] [1785152199.839969514] [unity_endpoint]: Not registered to publish topic '/scan'! Valid publish topics are: dict_keys([]) 
[default_server_endpoint-1] [ERROR] [1785152199.840640732] [unity_endpoint]: Not registered to publish topic '/clock'! Valid publish topics are: dict_keys([]) 
[default_server_endpoint-1] [ERROR] [1785152199.841243042] [unity_endpoint]: Not registered to publish topic '/imu/data'! Valid publish topics are: dict_keys([]) 
[default_server_endpoint-1] [ERROR] [1785152199.841955820] [unity_endpoint]: Not registered to publish topic '/clock'! Valid publish topics are: dict_keys([]) 
[default_server_endpoint-1] [ERROR] [1785152199.850504406] [unity_endpoint]: Not registered to publish topic '/imu/data'! Valid publish topics are: dict_keys([]) 
[default_server_endpoint-1] [ERROR] [1785152199.852225733] [unity_endpoint]: Not registered to publish topic '/clock'! Valid publish topics are: dict_keys([]) 
[default_server_endpoint-1] [ERROR] [1785152199.853553610] [unity_endpoint]: Not registered to publish topic '/imu/data'! Valid publish topics are: dict_keys([]) 
[default_server_endpoint-1] [ERROR] [1785152199.854292061] [unity_endpoint]: Not registered to publish topic '/clock'! Valid publish topics are: dict_keys([]) 
[default_server_endpoint-1] [ERROR] [1785152199.854902489] [unity_endpoint]: Not registered to publish topic '/imu/data'! Valid publish topics are: dict_keys([]) 
[default_server_endpoint-1] [ERROR] [1785152199.856349766] [unity_endpoint]: Not registered to publish topic '/clock'! Valid publish topics are: dict_keys([]) 
[default_server_endpoint-1] [ERROR] [1785152199.857105689] [unity_endpoint]: Not registered to publish topic '/imu/data'! Valid publish topics are: dict_keys([]) 
[default_server_endpoint-1] [ERROR] [1785152199.857805425] [unity_endpoint]: Not registered to publish topic '/clock'! Valid publish topics are: dict_keys([]) 
[default_server_endpoint-1] [ERROR] [1785152199.858391646] [unity_endpoint]: Not registered to publish topic '/imu/data'! Valid publish topics are: dict_keys([]) 
[default_server_endpoint-1] [ERROR] [1785152199.858933854] [unity_endpoint]: Not registered to publish topic '/clock'! Valid publish topics are: dict_keys([]) 
[default_server_endpoint-1] [ERROR] [1785152199.859591590] [unity_endpoint]: Not registered to publish topic '/imu/data'! Valid publish topics are: dict_keys([]) 
[default_server_endpoint-1] [ERROR] [1785152199.860297018] [unity_endpoint]: Not registered to publish topic '/clock'! Valid publish topics are: dict_keys([]) 
[default_server_endpoint-1] [ERROR] [1785152199.860954208] [unity_endpoint]: Not registered to publish topic '/imu/data'! Valid publish topics are: dict_keys([]) 
[default_server_endpoint-1] [ERROR] [1785152199.871118237] [unity_endpoint]: Not registered to publish topic '/clock'! Valid publish topics are: dict_keys([]) 
[default_server_endpoint-1] [ERROR] [1785152199.872893874] [unity_endpoint]: Not registered to publish topic '/imu/data'! Valid publish topics are: dict_keys([]) 
[default_server_endpoint-1] [ERROR] [1785152199.873974603] [unity_endpoint]: Not registered to publish topic '/ground_truth_pose'! Valid publish topics are: dict_keys([]) 
[default_server_endpoint-1] [ERROR] [1785152199.874727986] [unity_endpoint]: Not registered to publish topic '/clock'! Valid publish topics are: dict_keys([]) 
[default_server_endpoint-1] [ERROR] [1785152199.875366836] [unity_endpoint]: Not registered to publish topic '/imu/data'! Valid publish topics are: dict_keys([]) 
[default_server_endpoint-1] [ERROR] [1785152199.875890389] [unity_endpoint]: Not registered to publish topic '/clock'! Valid publish topics are: dict_keys([]) 
[default_server_endpoint-1] [ERROR] [1785152199.876454603] [unity_endpoint]: Not registered to publish topic '/imu/data'! Valid publish topics are: dict_keys([]) 
[default_server_endpoint-1] [ERROR] [1785152199.877005518] [unity_endpoint]: Not registered to publish topic '/clock'! Valid publish topics are: dict_keys([]) 
[default_server_endpoint-1] [ERROR] [1785152199.877641493] [unity_endpoint]: Not registered to publish topic '/imu/data'! Valid publish topics are: dict_keys([]) 
[default_server_endpoint-1] [ERROR] [1785152199.878334934] [unity_endpoint]: Not registered to publish topic '/clock'! Valid publish topics are: dict_keys([]) 
[default_server_endpoint-1] [ERROR] [1785152199.879085675] [unity_endpoint]: Not registered to publish topic '/imu/data'! Valid publish topics are: dict_keys([]) 
[default_server_endpoint-1] [ERROR] [1785152199.879731854] [unity_endpoint]: Not registered to publish topic '/clock'! Valid publish topics are: dict_keys([]) 
[default_server_endpoint-1] [ERROR] [1785152199.880344377] [unity_endpoint]: Not registered to publish topic '/imu/data'! Valid publish topics are: dict_keys([]) 
[default_server_endpoint-1] [ERROR] [1785152199.880994117] [unity_endpoint]: Not registered to publish topic '/clock'! Valid publish topics are: dict_keys([]) 
[default_server_endpoint-1] [ERROR] [1785152199.883400270] [unity_endpoint]: Not registered to publish topic '/imu/data'! Valid publish topics are: dict_keys([]) 
[default_server_endpoint-1] [ERROR] [1785152199.888969861] [unity_endpoint]: Not registered to publish topic '/clock'! Valid publish topics are: dict_keys([]) 
[default_server_endpoint-1] [ERROR] [1785152199.891867939] [unity_endpoint]: Not registered to publish topic '/imu/data'! Valid publish topics are: dict_keys([]) 
[default_server_endpoint-1] [ERROR] [1785152199.892707672] [unity_endpoint]: Not registered to publish topic '/clock'! Valid publish topics are: dict_keys([]) 
[default_server_endpoint-1] [ERROR] [1785152199.893349744] [unity_endpoint]: Not registered to publish topic '/imu/data'! Valid publish topics are: dict_keys([]) 
[default_server_endpoint-1] [ERROR] [1785152199.894054521] [unity_endpoint]: Not registered to publish topic '/clock'! Valid publish topics are: dict_keys([]) 
[default_server_endpoint-1] [ERROR] [1785152199.894663961] [unity_endpoint]: Not registered to publish topic '/imu/data'! Valid publish topics are: dict_keys([]) 
[default_server_endpoint-1] [ERROR] [1785152199.895273217] [unity_endpoint]: Not registered to publish topic '/clock'! Valid publish topics are: dict_keys([]) 
[default_server_endpoint-1] [ERROR] [1785152199.895932851] [unity_endpoint]: Not registered to publish topic '/imu/data'! Valid publish topics are: dict_keys([]) 
[default_server_endpoint-1] [ERROR] [1785152199.896549398] [unity_endpoint]: Not registered to publish topic '/ground_truth_pose'! Valid publish topics are: dict_keys([]) 
[default_server_endpoint-1] [ERROR] [1785152199.897178257] [unity_endpoint]: Not registered to publish topic '/clock'! Valid publish topics are: dict_keys([]) 
[default_server_endpoint-1] [ERROR] [1785152199.897746816] [unity_endpoint]: Not registered to publish topic '/imu/data'! Valid publish topics are: dict_keys([]) 
[default_server_endpoint-1] [ERROR] [1785152199.898326423] [unity_endpoint]: Not registered to publish topic '/clock'! Valid publish topics are: dict_keys([]) 
[default_server_endpoint-1] [ERROR] [1785152199.898904288] [unity_endpoint]: Not registered to publish topic '/imu/data'! Valid publish topics are: dict_keys([]) 
[default_server_endpoint-1] [ERROR] [1785152199.899645495] [unity_endpoint]: Not registered to publish topic '/clock'! Valid publish topics are: dict_keys([]) 
[default_server_endpoint-1] [ERROR] [1785152199.900293458] [unity_endpoint]: Not registered to publish topic '/imu/data'! Valid publish topics are: dict_keys([]) 
[default_server_endpoint-1] [ERROR] [1785152199.900921250] [unity_endpoint]: Not registered to publish topic '/clock'! Valid publish topics are: dict_keys([]) 
[default_server_endpoint-1] [ERROR] [1785152199.902826793] [unity_endpoint]: Not registered to publish topic '/imu/data'! Valid publish topics are: dict_keys([]) 
[default_server_endpoint-1] [ERROR] [1785152199.908653546] [unity_endpoint]: Not registered to publish topic '/clock'! Valid publish topics are: dict_keys([]) 
[default_server_endpoint-1] [ERROR] [1785152199.910150539] [unity_endpoint]: Not registered to publish topic '/imu/data'! Valid publish topics are: dict_keys([]) 
[default_server_endpoint-1] [ERROR] [1785152199.910823820] [unity_endpoint]: Not registered to publish topic '/clock'! Valid publish topics are: dict_keys([]) 
[default_server_endpoint-1] [ERROR] [1785152199.911446707] [unity_endpoint]: Not registered to publish topic '/imu/data'! Valid publish topics are: dict_keys([]) 
[default_server_endpoint-1] [ERROR] [1785152199.912074890] [unity_endpoint]: Not registered to publish topic '/scan'! Valid publish topics are: dict_keys([]) 
[default_server_endpoint-1] [ERROR] [1785152199.912711271] [unity_endpoint]: Not registered to publish topic '/clock'! Valid publish topics are: dict_keys([]) 
[default_server_endpoint-1] [ERROR] [1785152199.913440486] [unity_endpoint]: Not registered to publish topic '/imu/data'! Valid publish topics are: dict_keys([]) 
[default_server_endpoint-1] [ERROR] [1785152199.914066790] [unity_endpoint]: Not registered to publish topic '/clock'! Valid publish topics are: dict_keys([]) 
[default_server_endpoint-1] [ERROR] [1785152199.914658839] [unity_endpoint]: Not registered to publish topic '/imu/data'! Valid publish topics are: dict_keys([]) 
[default_server_endpoint-1] [ERROR] [1785152199.915289601] [unity_endpoint]: Not registered to publish topic '/clock'! Valid publish topics are: dict_keys([]) 
[default_server_endpoint-1] [ERROR] [1785152199.915887307] [unity_endpoint]: Not registered to publish topic '/imu/data'! Valid publish topics are: dict_keys([]) 
[default_server_endpoint-1] [ERROR] [1785152199.916512491] [unity_endpoint]: Not registered to publish topic '/clock'! Valid publish topics are: dict_keys([]) 
[default_server_endpoint-1] [ERROR] [1785152199.917183730] [unity_endpoint]: Not registered to publish topic '/imu/data'! Valid publish topics are: dict_keys([]) 
[default_server_endpoint-1] [ERROR] [1785152199.917828908] [unity_endpoint]: Not registered to publish topic '/ground_truth_pose'! Valid publish topics are: dict_keys([]) 
[default_server_endpoint-1] [ERROR] [1785152199.922125777] [unity_endpoint]: Not registered to publish topic '/clock'! Valid publish topics are: dict_keys([]) 
[default_server_endpoint-1] [ERROR] [1785152199.924529547] [unity_endpoint]: Not registered to publish topic '/imu/data'! Valid publish topics are: dict_keys([]) 
[default_server_endpoint-1] [ERROR] [1785152199.928155854] [unity_endpoint]: Not registered to publish topic '/clock'! Valid publish topics are: dict_keys([]) 
[default_server_endpoint-1] [ERROR] [1785152199.929257445] [unity_endpoint]: Not registered to publish topic '/imu/data'! Valid publish topics are: dict_keys([]) 
[default_server_endpoint-1] [ERROR] [1785152199.929973845] [unity_endpoint]: Not registered to publish topic '/clock'! Valid publish topics are: dict_keys([]) 
[default_server_endpoint-1] [ERROR] [1785152199.930752023] [unity_endpoint]: Not registered to publish topic '/imu/data'! Valid publish topics are: dict_keys([]) 
[default_server_endpoint-1] [ERROR] [1785152199.931363163] [unity_endpoint]: Not registered to publish topic '/clock'! Valid publish topics are: dict_keys([]) 
[default_server_endpoint-1] [ERROR] [1785152199.931918747] [unity_endpoint]: Not registered to publish topic '/imu/data'! Valid publish topics are: dict_keys([]) 
[default_server_endpoint-1] [ERROR] [1785152199.932486614] [unity_endpoint]: Not registered to publish topic '/clock'! Valid publish topics are: dict_keys([]) 
[default_server_endpoint-1] [ERROR] [1785152199.933082269] [unity_endpoint]: Not registered to publish topic '/imu/data'! Valid publish topics are: dict_keys([]) 
[default_server_endpoint-1] [ERROR] [1785152199.933720623] [unity_endpoint]: Not registered to publish topic '/clock'! Valid publish topics are: dict_keys([]) 
[default_server_endpoint-1] [ERROR] [1785152199.934260938] [unity_endpoint]: Not registered to publish topic '/imu/data'! Valid publish topics are: dict_keys([]) 
[default_server_endpoint-1] [ERROR] [1785152199.935106038] [unity_endpoint]: Not registered to publish topic '/clock'! Valid publish topics are: dict_keys([]) 
[default_server_endpoint-1] [ERROR] [1785152199.936014602] [unity_endpoint]: Not registered to publish topic '/imu/data'! Valid publish topics are: dict_keys([]) 
[default_server_endpoint-1] [ERROR] [1785152199.937249910] [unity_endpoint]: Not registered to publish topic '/clock'! Valid publish topics are: dict_keys([]) 
[default_server_endpoint-1] [ERROR] [1785152199.946429746] [unity_endpoint]: Not registered to publish topic '/imu/data'! Valid publish topics are: dict_keys([]) 
[default_server_endpoint-1] [ERROR] [1785152199.947845488] [unity_endpoint]: Not registered to publish topic '/clock'! Valid publish topics are: dict_keys([]) 
[default_server_endpoint-1] [ERROR] [1785152199.949095242] [unity_endpoint]: Not registered to publish topic '/imu/data'! Valid publish topics are: dict_keys([]) 
[default_server_endpoint-1] [ERROR] [1785152199.950118984] [unity_endpoint]: Not registered to publish topic '/clock'! Valid publish topics are: dict_keys([]) 
[default_server_endpoint-1] [ERROR] [1785152199.950789504] [unity_endpoint]: Not registered to publish topic '/imu/data'! Valid publish topics are: dict_keys([]) 
[default_server_endpoint-1] [ERROR] [1785152199.951419460] [unity_endpoint]: Not registered to publish topic '/ground_truth_pose'! Valid publish topics are: dict_keys([]) 
[default_server_endpoint-1] [ERROR] [1785152199.952334692] [unity_endpoint]: Not registered to publish topic '/clock'! Valid publish topics are: dict_keys([]) 
[default_server_endpoint-1] [ERROR] [1785152199.952905473] [unity_endpoint]: Not registered to publish topic '/imu/data'! Valid publish topics are: dict_keys([]) 
[default_server_endpoint-1] [ERROR] [1785152199.953664522] [unity_endpoint]: Not registered to publish topic '/clock'! Valid publish topics are: dict_keys([]) 
[default_server_endpoint-1] [ERROR] [1785152199.954361200] [unity_endpoint]: Not registered to publish topic '/imu/data'! Valid publish topics are: dict_keys([]) 
[default_server_endpoint-1] [ERROR] [1785152199.954951373] [unity_endpoint]: Not registered to publish topic '/clock'! Valid publish topics are: dict_keys([]) 
[default_server_endpoint-1] [ERROR] [1785152199.956202894] [unity_endpoint]: Not registered to publish topic '/imu/data'! Valid publish topics are: dict_keys([]) 
[default_server_endpoint-1] [ERROR] [1785152199.963099642] [unity_endpoint]: Not registered to publish topic '/clock'! Valid publish topics are: dict_keys([]) 
[default_server_endpoint-1] [ERROR] [1785152199.965334509] [unity_endpoint]: Not registered to publish topic '/imu/data'! Valid publish topics are: dict_keys([]) 
[default_server_endpoint-1] [ERROR] [1785152199.966258221] [unity_endpoint]: Not registered to publish topic '/clock'! Valid publish topics are: dict_keys([]) 
[default_server_endpoint-1] [ERROR] [1785152199.966892803] [unity_endpoint]: Not registered to publish topic '/imu/data'! Valid publish topics are: dict_keys([]) 
[default_server_endpoint-1] [ERROR] [1785152199.967688984] [unity_endpoint]: Not registered to publish topic '/clock'! Valid publish topics are: dict_keys([]) 
[default_server_endpoint-1] [ERROR] [1785152199.968687385] [unity_endpoint]: Not registered to publish topic '/imu/data'! Valid publish topics are: dict_keys([]) 
[default_server_endpoint-1] [ERROR] [1785152199.969586101] [unity_endpoint]: Not registered to publish topic '/clock'! Valid publish topics are: dict_keys([]) 
[default_server_endpoint-1] [ERROR] [1785152199.970147728] [unity_endpoint]: Not registered to publish topic '/imu/data'! Valid publish topics are: dict_keys([]) 
[default_server_endpoint-1] [ERROR] [1785152199.970780708] [unity_endpoint]: Not registered to publish topic '/clock'! Valid publish topics are: dict_keys([]) 
[default_server_endpoint-1] [ERROR] [1785152199.972016422] [unity_endpoint]: Not registered to publish topic '/imu/data'! Valid publish topics are: dict_keys([]) 
[default_server_endpoint-1] [ERROR] [1785152199.972958455] [unity_endpoint]: Not registered to publish topic '/clock'! Valid publish topics are: dict_keys([]) 
[default_server_endpoint-1] [ERROR] [1785152199.973671825] [unity_endpoint]: Not registered to publish topic '/imu/data'! Valid publish topics are: dict_keys([]) 
[default_server_endpoint-1] [ERROR] [1785152199.974317329] [unity_endpoint]: Not registered to publish topic '/clock'! Valid publish topics are: dict_keys([]) 
[default_server_endpoint-1] [ERROR] [1785152199.974983467] [unity_endpoint]: Not registered to publish topic '/imu/data'! Valid publish topics are: dict_keys([]) 
[default_server_endpoint-1] [ERROR] [1785152199.975638249] [unity_endpoint]: Not registered to publish topic '/ground_truth_pose'! Valid publish topics are: dict_keys([]) 
[default_server_endpoint-1] [ERROR] [1785152199.976417290] [unity_endpoint]: Not registered to publish topic '/clock'! Valid publish topics are: dict_keys([]) 
[default_server_endpoint-1] [ERROR] [1785152199.977273721] [unity_endpoint]: Not registered to publish topic '/imu/data'! Valid publish topics are: dict_keys([]) 
[default_server_endpoint-1] [ERROR] [1785152199.978088052] [unity_endpoint]: Not registered to publish topic '/scan'! Valid publish topics are: dict_keys([]) 
[default_server_endpoint-1] [ERROR] [1785152199.978726001] [unity_endpoint]: Not registered to publish topic '/clock'! Valid publish topics are: dict_keys([]) 
[default_server_endpoint-1] [ERROR] [1785152199.979591477] [unity_endpoint]: Not registered to publish topic '/imu/data'! Valid publish topics are: dict_keys([]) 
[default_server_endpoint-1] [ERROR] [1785152199.980905421] [unity_endpoint]: Not registered to publish topic '/clock'! Valid publish topics are: dict_keys([]) 
[default_server_endpoint-1] [ERROR] [1785152199.981877225] [unity_endpoint]: Not registered to publish topic '/imu/data'! Valid publish topics are: dict_keys([]) 
[default_server_endpoint-1] [ERROR] [1785152199.982901322] [unity_endpoint]: Not registered to publish topic '/clock'! Valid publish topics are: dict_keys([]) 
[default_server_endpoint-1] [ERROR] [1785152199.985762026] [unity_endpoint]: Not registered to publish topic '/imu/data'! Valid publish topics are: dict_keys([]) 
[default_server_endpoint-1] [ERROR] [1785152199.986580474] [unity_endpoint]: Not registered to publish topic '/clock'! Valid publish topics are: dict_keys([]) 
[default_server_endpoint-1] [ERROR] [1785152199.987235138] [unity_endpoint]: Not registered to publish topic '/imu/data'! Valid publish topics are: dict_keys([]) 
[default_server_endpoint-1] [ERROR] [1785152199.988500771] [unity_endpoint]: Not registered to publish topic '/clock'! Valid publish topics are: dict_keys([]) 
[default_server_endpoint-1] [ERROR] [1785152199.989362746] [unity_endpoint]: Not registered to publish topic '/imu/data'! Valid publish topics are: dict_keys([]) 
[default_server_endpoint-1] [ERROR] [1785152199.990090037] [unity_endpoint]: Not registered to publish topic '/clock'! Valid publish topics are: dict_keys([]) 
[default_server_endpoint-1] [ERROR] [1785152199.990648214] [unity_endpoint]: Not registered to publish topic '/imu/data'! Valid publish topics are: dict_keys([]) 
[default_server_endpoint-1] [ERROR] [1785152199.991262417] [unity_endpoint]: Not registered to publish topic '/clock'! Valid publish topics are: dict_keys([]) 
[default_server_endpoint-1] [ERROR] [1785152199.991841375] [unity_endpoint]: Not registered to publish topic '/clock'! Valid publish topics are: dict_keys([]) 
[default_server_endpoint-1] [ERROR] [1785152199.992377064] [unity_endpoint]: Not registered to publish topic '/imu/data'! Valid publish topics are: dict_keys([]) 
[default_server_endpoint-1] [ERROR] [1785152199.992935779] [unity_endpoint]: Not registered to publish topic '/clock'! Valid publish topics are: dict_keys([]) 
[default_server_endpoint-1] [ERROR] [1785152199.993526494] [unity_endpoint]: Not registered to publish topic '/imu/data'! Valid publish topics are: dict_keys([]) 
[default_server_endpoint-1] [ERROR] [1785152199.994118754] [unity_endpoint]: Not registered to publish topic '/clock'! Valid publish topics are: dict_keys([]) 
[default_server_endpoint-1] [ERROR] [1785152199.994737912] [unity_endpoint]: Not registered to publish topic '/imu/data'! Valid publish topics are: dict_keys([]) 
[default_server_endpoint-1] [ERROR] [1785152199.995337778] [unity_endpoint]: Not registered to publish topic '/clock'! Valid publish topics are: dict_keys([]) 
[default_server_endpoint-1] [ERROR] [1785152199.995917102] [unity_endpoint]: Not registered to publish topic '/imu/data'! Valid publish topics are: dict_keys([]) 
[default_server_endpoint-1] [ERROR] [1785152199.996477245] [unity_endpoint]: Not registered to publish topic '/ground_truth_pose'! Valid publish topics are: dict_keys([]) 
[default_server_endpoint-1] [ERROR] [1785152199.997052748] [unity_endpoint]: Not registered to publish topic '/clock'! Valid publish topics are: dict_keys([]) 
[default_server_endpoint-1] [ERROR] [1785152199.997610071] [unity_endpoint]: Not registered to publish topic '/imu/data'! Valid publish topics are: dict_keys([]) 
[default_server_endpoint-1] [ERROR] [1785152199.998238716] [unity_endpoint]: Not registered to publish topic '/clock'! Valid publish topics are: dict_keys([]) 
[default_server_endpoint-1] [ERROR] [1785152199.998712980] [unity_endpoint]: Not registered to publish topic '/imu/data'! Valid publish topics are: dict_keys([]) 
[default_server_endpoint-1] [ERROR] [1785152199.999426829] [unity_endpoint]: Not registered to publish topic '/clock'! Valid publish topics are: dict_keys([]) 
[default_server_endpoint-1] [ERROR] [1785152200.000847189] [unity_endpoint]: Not registered to publish topic '/imu/data'! Valid publish topics are: dict_keys([]) 
[default_server_endpoint-1] [ERROR] [1785152200.002685436] [unity_endpoint]: Not registered to publish topic '/clock'! Valid publish topics are: dict_keys([]) 
[default_server_endpoint-1] [ERROR] [1785152200.006497003] [unity_endpoint]: Not registered to publish topic '/imu/data'! Valid publish topics are: dict_keys([]) 
[default_server_endpoint-1] [ERROR] [1785152200.007533133] [unity_endpoint]: Not registered to publish topic '/clock'! Valid publish topics are: dict_keys([]) 
[default_server_endpoint-1] [ERROR] [1785152200.008254393] [unity_endpoint]: Not registered to publish topic '/imu/data'! Valid publish topics are: dict_keys([]) 
[default_server_endpoint-1] [ERROR] [1785152200.008926195] [unity_endpoint]: Not registered to publish topic '/clock'! Valid publish topics are: dict_keys([]) 
[default_server_endpoint-1] [ERROR] [1785152200.009638133] [unity_endpoint]: Not registered to publish topic '/imu/data'! Valid publish topics are: dict_keys([]) 
[default_server_endpoint-1] [ERROR] [1785152200.010369427] [unity_endpoint]: Not registered to publish topic '/clock'! Valid publish topics are: dict_keys([]) 
[default_server_endpoint-1] [ERROR] [1785152200.010966259] [unity_endpoint]: Not registered to publish topic '/imu/data'! Valid publish topics are: dict_keys([]) 
[default_server_endpoint-1] [ERROR] [1785152200.011600589] [unity_endpoint]: Not registered to publish topic '/clock'! Valid publish topics are: dict_keys([]) 
[default_server_endpoint-1] [ERROR] [1785152200.012216516] [unity_endpoint]: Not registered to publish topic '/imu/data'! Valid publish topics are: dict_keys([]) 
[default_server_endpoint-1] [ERROR] [1785152200.012828755] [unity_endpoint]: Not registered to publish topic '/clock'! Valid publish topics are: dict_keys([]) 
[default_server_endpoint-1] [ERROR] [1785152200.013447868] [unity_endpoint]: Not registered to publish topic '/imu/data'! Valid publish topics are: dict_keys([]) 
[default_server_endpoint-1] [ERROR] [1785152200.014065096] [unity_endpoint]: Not registered to publish topic '/clock'! Valid publish topics are: dict_keys([]) 
[default_server_endpoint-1] [ERROR] [1785152200.014784793] [unity_endpoint]: Not registered to publish topic '/imu/data'! Valid publish topics are: dict_keys([]) 
[default_server_endpoint-1] [ERROR] [1785152200.015491114] [unity_endpoint]: Not registered to publish topic '/ground_truth_pose'! Valid publish topics are: dict_keys([]) 
[default_server_endpoint-1] [ERROR] [1785152200.016116314] [unity_endpoint]: Not registered to publish topic '/clock'! Valid publish topics are: dict_keys([]) 
[default_server_endpoint-1] [ERROR] [1785152200.016735592] [unity_endpoint]: Not registered to publish topic '/imu/data'! Valid publish topics are: dict_keys([]) 
[default_server_endpoint-1] [ERROR] [1785152200.017401289] [unity_endpoint]: Not registered to publish topic '/scan'! Valid publish topics are: dict_keys([]) 
[default_server_endpoint-1] [ERROR] [1785152200.018189981] [unity_endpoint]: Not registered to publish topic '/clock'! Valid publish topics are: dict_keys([]) 
[default_server_endpoint-1] [ERROR] [1785152200.019153894] [unity_endpoint]: Not registered to publish topic '/imu/data'! Valid publish topics are: dict_keys([]) 
[default_server_endpoint-1] [ERROR] [1785152200.019775553] [unity_endpoint]: Not registered to publish topic '/clock'! Valid publish topics are: dict_keys([]) 
[default_server_endpoint-1] [ERROR] [1785152200.020526147] [unity_endpoint]: Not registered to publish topic '/imu/data'! Valid publish topics are: dict_keys([]) 
[default_server_endpoint-1] [ERROR] [1785152200.023537486] [unity_endpoint]: Not registered to publish topic '/clock'! Valid publish topics are: dict_keys([]) 
[default_server_endpoint-1] [ERROR] [1785152200.031572695] [unity_endpoint]: Not registered to publish topic '/imu/data'! Valid publish topics are: dict_keys([]) 
[default_server_endpoint-1] [ERROR] [1785152200.032337714] [unity_endpoint]: Not registered to publish topic '/clock'! Valid publish topics are: dict_keys([]) 
[default_server_endpoint-1] [ERROR] [1785152200.032983123] [unity_endpoint]: Not registered to publish topic '/imu/data'! Valid publish topics are: dict_keys([]) 
[default_server_endpoint-1] [ERROR] [1785152200.033702010] [unity_endpoint]: Not registered to publish topic '/ground_truth_pose'! Valid publish topics are: dict_keys([]) 
[default_server_endpoint-1] [ERROR] [1785152200.034320842] [unity_endpoint]: Not registered to publish topic '/clock'! Valid publish topics are: dict_keys([]) 
[default_server_endpoint-1] [ERROR] [1785152200.035207676] [unity_endpoint]: Not registered to publish topic '/imu/data'! Valid publish topics are: dict_keys([]) 
[default_server_endpoint-1] [ERROR] [1785152200.035988336] [unity_endpoint]: Not registered to publish topic '/clock'! Valid publish topics are: dict_keys([]) 
[default_server_endpoint-1] [ERROR] [1785152200.036568035] [unity_endpoint]: Not registered to publish topic '/imu/data'! Valid publish topics are: dict_keys([]) 
[default_server_endpoint-1] [ERROR] [1785152200.037125038] [unity_endpoint]: Not registered to publish topic '/clock'! Valid publish topics are: dict_keys([]) 
[default_server_endpoint-1] [ERROR] [1785152200.037745833] [unity_endpoint]: Not registered to publish topic '/imu/data'! Valid publish topics are: dict_keys([]) 
[default_server_endpoint-1] [ERROR] [1785152200.038426338] [unity_endpoint]: Not registered to publish topic '/clock'! Valid publish topics are: dict_keys([]) 
[default_server_endpoint-1] [ERROR] [1785152200.039652681] [unity_endpoint]: Not registered to publish topic '/imu/data'! Valid publish topics are: dict_keys([]) 
[default_server_endpoint-1] [ERROR] [1785152200.047604879] [unity_endpoint]: Not registered to publish topic '/clock'! Valid publish topics are: dict_keys([]) 
[default_server_endpoint-1] [ERROR] [1785152200.051304519] [unity_endpoint]: Not registered to publish topic '/imu/data'! Valid publish topics are: dict_keys([]) 
[default_server_endpoint-1] [ERROR] [1785152200.053260576] [unity_endpoint]: Not registered to publish topic '/clock'! Valid publish topics are: dict_keys([]) 
[default_server_endpoint-1] [ERROR] [1785152200.054400746] [unity_endpoint]: Not registered to publish topic '/imu/data'! Valid publish topics are: dict_keys([]) 
[default_server_endpoint-1] [ERROR] [1785152200.055655533] [unity_endpoint]: Not registered to publish topic '/clock'! Valid publish topics are: dict_keys([]) 
[default_server_endpoint-1] [ERROR] [1785152200.056887138] [unity_endpoint]: Not registered to publish topic '/imu/data'! Valid publish topics are: dict_keys([]) 
[default_server_endpoint-1] [ERROR] [1785152200.057657327] [unity_endpoint]: Not registered to publish topic '/clock'! Valid publish topics are: dict_keys([]) 
[default_server_endpoint-1] [ERROR] [1785152200.058286418] [unity_endpoint]: Not registered to publish topic '/imu/data'! Valid publish topics are: dict_keys([]) 
[default_server_endpoint-1] [ERROR] [1785152200.058944831] [unity_endpoint]: Not registered to publish topic '/clock'! Valid publish topics are: dict_keys([]) 
[default_server_endpoint-1] [ERROR] [1785152200.060774776] [unity_endpoint]: Not registered to publish topic '/imu/data'! Valid publish topics are: dict_keys([]) 
[default_server_endpoint-1] [ERROR] [1785152200.070560759] [unity_endpoint]: Not registered to publish topic '/clock'! Valid publish topics are: dict_keys([]) 
[default_server_endpoint-1] [ERROR] [1785152200.071851373] [unity_endpoint]: Not registered to publish topic '/imu/data'! Valid publish topics are: dict_keys([]) 
[default_server_endpoint-1] [ERROR] [1785152200.073515240] [unity_endpoint]: Not registered to publish topic '/ground_truth_pose'! Valid publish topics are: dict_keys([]) 
[default_server_endpoint-1] [ERROR] [1785152200.074235602] [unity_endpoint]: Not registered to publish topic '/clock'! Valid publish topics are: dict_keys([]) 
[default_server_endpoint-1] [ERROR] [1785152200.074850378] [unity_endpoint]: Not registered to publish topic '/imu/data'! Valid publish topics are: dict_keys([]) 
[default_server_endpoint-1] [ERROR] [1785152200.075481580] [unity_endpoint]: Not registered to publish topic '/clock'! Valid publish topics are: dict_keys([]) 
[default_server_endpoint-1] [ERROR] [1785152200.076115301] [unity_endpoint]: Not registered to publish topic '/imu/data'! Valid publish topics are: dict_keys([]) 
[default_server_endpoint-1] [ERROR] [1785152200.076802860] [unity_endpoint]: Not registered to publish topic '/clock'! Valid publish topics are: dict_keys([]) 
[default_server_endpoint-1] [ERROR] [1785152200.077544076] [unity_endpoint]: Not registered to publish topic '/imu/data'! Valid publish topics are: dict_keys([]) 
[default_server_endpoint-1] [ERROR] [1785152200.078142467] [unity_endpoint]: Not registered to publish topic '/clock'! Valid publish topics are: dict_keys([]) 
[default_server_endpoint-1] [ERROR] [1785152200.078750871] [unity_endpoint]: Not registered to publish topic '/imu/data'! Valid publish topics are: dict_keys([]) 
[default_server_endpoint-1] [ERROR] [1785152200.079361094] [unity_endpoint]: Not registered to publish topic '/clock'! Valid publish topics are: dict_keys([]) 
[default_server_endpoint-1] [ERROR] [1785152200.080058827] [unity_endpoint]: Not registered to publish topic '/imu/data'! Valid publish topics are: dict_keys([]) 
[default_server_endpoint-1] [ERROR] [1785152200.080666790] [unity_endpoint]: Not registered to publish topic '/clock'! Valid publish topics are: dict_keys([]) 
[default_server_endpoint-1] [ERROR] [1785152200.081300330] [unity_endpoint]: Not registered to publish topic '/imu/data'! Valid publish topics are: dict_keys([]) 
[default_server_endpoint-1] [ERROR] [1785152200.090391811] [unity_endpoint]: Not registered to publish topic '/clock'! Valid publish topics are: dict_keys([]) 
[default_server_endpoint-1] [ERROR] [1785152200.091999910] [unity_endpoint]: Not registered to publish topic '/imu/data'! Valid publish topics are: dict_keys([]) 
[default_server_endpoint-1] [ERROR] [1785152200.092662817] [unity_endpoint]: Not registered to publish topic '/clock'! Valid publish topics are: dict_keys([]) 
[default_server_endpoint-1] [ERROR] [1785152200.093339904] [unity_endpoint]: Not registered to publish topic '/imu/data'! Valid publish topics are: dict_keys([]) 
[default_server_endpoint-1] [ERROR] [1785152200.094120484] [unity_endpoint]: Not registered to publish topic '/clock'! Valid publish topics are: dict_keys([]) 
[default_server_endpoint-1] [ERROR] [1785152200.094856159] [unity_endpoint]: Not registered to publish topic '/imu/data'! Valid publish topics are: dict_keys([]) 
[default_server_endpoint-1] [ERROR] [1785152200.095480096] [unity_endpoint]: Not registered to publish topic '/clock'! Valid publish topics are: dict_keys([]) 
[default_server_endpoint-1] [ERROR] [1785152200.096050104] [unity_endpoint]: Not registered to publish topic '/imu/data'! Valid publish topics are: dict_keys([]) 
[default_server_endpoint-1] [ERROR] [1785152200.096642370] [unity_endpoint]: Not registered to publish topic '/clock'! Valid publish topics are: dict_keys([]) 
[default_server_endpoint-1] [ERROR] [1785152200.097232864] [unity_endpoint]: Not registered to publish topic '/imu/data'! Valid publish topics are: dict_keys([]) 
[default_server_endpoint-1] [ERROR] [1785152200.097818534] [unity_endpoint]: Not registered to publish topic '/clock'! Valid publish topics are: dict_keys([]) 
[default_server_endpoint-1] [ERROR] [1785152200.098399613] [unity_endpoint]: Not registered to publish topic '/imu/data'! Valid publish topics are: dict_keys([]) 
[default_server_endpoint-1] [ERROR] [1785152200.098977809] [unity_endpoint]: Not registered to publish topic '/clock'! Valid publish topics are: dict_keys([]) 
[default_server_endpoint-1] [ERROR] [1785152200.099540911] [unity_endpoint]: Not registered to publish topic '/imu/data'! Valid publish topics are: dict_keys([]) 
[default_server_endpoint-1] [ERROR] [1785152200.100168690] [unity_endpoint]: Not registered to publish topic '/clock'! Valid publish topics are: dict_keys([]) 
[default_server_endpoint-1] [ERROR] [1785152200.100802277] [unity_endpoint]: Not registered to publish topic '/imu/data'! Valid publish topics are: dict_keys([]) 
[default_server_endpoint-1] [ERROR] [1785152200.101395546] [unity_endpoint]: Not registered to publish topic '/clock'! Valid publish topics are: dict_keys([]) 
[default_server_endpoint-1] [ERROR] [1785152200.102538663] [unity_endpoint]: Not registered to publish topic '/imu/data'! Valid publish topics are: dict_keys([]) 
[default_server_endpoint-1] [ERROR] [1785152200.103550475] [unity_endpoint]: Not registered to publish topic '/clock'! Valid publish topics are: dict_keys([]) 
[default_server_endpoint-1] [ERROR] [1785152200.115057642] [unity_endpoint]: Not registered to publish topic '/imu/data'! Valid publish topics are: dict_keys([]) 
[default_server_endpoint-1] [ERROR] [1785152200.116641648] [unity_endpoint]: Not registered to publish topic '/ground_truth_pose'! Valid publish topics are: dict_keys([]) 
[default_server_endpoint-1] [ERROR] [1785152200.117524998] [unity_endpoint]: Not registered to publish topic '/clock'! Valid publish topics are: dict_keys([]) 
[default_server_endpoint-1] [ERROR] [1785152200.118319699] [unity_endpoint]: Not registered to publish topic '/imu/data'! Valid publish topics are: dict_keys([]) 
[default_server_endpoint-1] [ERROR] [1785152200.119159405] [unity_endpoint]: Not registered to publish topic '/clock'! Valid publish topics are: dict_keys([]) 
[default_server_endpoint-1] [ERROR] [1785152200.119826262] [unity_endpoint]: Not registered to publish topic '/imu/data'! Valid publish topics are: dict_keys([]) 
[default_server_endpoint-1] [ERROR] [1785152200.120576813] [unity_endpoint]: Not registered to publish topic '/clock'! Valid publish topics are: dict_keys([]) 
[default_server_endpoint-1] [ERROR] [1785152200.121192440] [unity_endpoint]: Not registered to publish topic '/imu/data'! Valid publish topics are: dict_keys([]) 
[default_server_endpoint-1] [ERROR] [1785152200.122041396] [unity_endpoint]: Not registered to publish topic '/clock'! Valid publish topics are: dict_keys([]) 
[default_server_endpoint-1] [ERROR] [1785152200.123473512] [unity_endpoint]: Not registered to publish topic '/imu/data'! Valid publish topics are: dict_keys([]) 
[default_server_endpoint-1] [ERROR] [1785152200.124228408] [unity_endpoint]: Not registered to publish topic '/clock'! Valid publish topics are: dict_keys([]) 
[default_server_endpoint-1] [ERROR] [1785152200.124932399] [unity_endpoint]: Not registered to publish topic '/imu/data'! Valid publish topics are: dict_keys([]) 
[default_server_endpoint-1] [ERROR] [1785152200.125628972] [unity_endpoint]: Not registered to publish topic '/clock'! Valid publish topics are: dict_keys([]) 
[default_server_endpoint-1] [ERROR] [1785152200.126239337] [unity_endpoint]: Not registered to publish topic '/imu/data'! Valid publish topics are: dict_keys([]) 
[default_server_endpoint-1] [ERROR] [1785152200.126814234] [unity_endpoint]: Not registered to publish topic '/scan'! Valid publish topics are: dict_keys([]) 
[default_server_endpoint-1] [ERROR] [1785152200.140791241] [unity_endpoint]: Not registered to publish topic '/clock'! Valid publish topics are: dict_keys([]) 
[default_server_endpoint-1] [ERROR] [1785152200.141994636] [unity_endpoint]: Not registered to publish topic '/imu/data'! Valid publish topics are: dict_keys([]) 
[default_server_endpoint-1] [ERROR] [1785152200.142798977] [unity_endpoint]: Not registered to publish topic '/clock'! Valid publish topics are: dict_keys([]) 
[default_server_endpoint-1] [ERROR] [1785152200.143718564] [unity_endpoint]: Not registered to publish topic '/imu/data'! Valid publish topics are: dict_keys([]) 
[default_server_endpoint-1] [ERROR] [1785152200.144674094] [unity_endpoint]: Not registered to publish topic '/clock'! Valid publish topics are: dict_keys([]) 
[default_server_endpoint-1] [ERROR] [1785152200.145490852] [unity_endpoint]: Not registered to publish topic '/imu/data'! Valid publish topics are: dict_keys([]) 
[default_server_endpoint-1] [ERROR] [1785152200.148156076] [unity_endpoint]: Not registered to publish topic '/clock'! Valid publish topics are: dict_keys([]) 
[default_server_endpoint-1] [ERROR] [1785152200.153114408] [unity_endpoint]: Not registered to publish topic '/imu/data'! Valid publish topics are: dict_keys([]) 
[default_server_endpoint-1] [ERROR] [1785152200.156581562] [unity_endpoint]: Not registered to publish topic '/clock'! Valid publish topics are: dict_keys([]) 
[default_server_endpoint-1] [ERROR] [1785152200.157373639] [unity_endpoint]: Not registered to publish topic '/imu/data'! Valid publish topics are: dict_keys([]) 
[default_server_endpoint-1] [ERROR] [1785152200.158125532] [unity_endpoint]: Not registered to publish topic '/clock'! Valid publish topics are: dict_keys([]) 
[default_server_endpoint-1] [ERROR] [1785152200.158742314] [unity_endpoint]: Not registered to publish topic '/imu/data'! Valid publish topics are: dict_keys([]) 
[default_server_endpoint-1] [ERROR] [1785152200.159388561] [unity_endpoint]: Not registered to publish topic '/ground_truth_pose'! Valid publish topics are: dict_keys([]) 
[default_server_endpoint-1] [ERROR] [1785152200.160025049] [unity_endpoint]: Not registered to publish topic '/clock'! Valid publish topics are: dict_keys([]) 
[default_server_endpoint-1] [ERROR] [1785152200.161001986] [unity_endpoint]: Not registered to publish topic '/imu/data'! Valid publish topics are: dict_keys([]) 
[default_server_endpoint-1] [ERROR] [1785152200.161773546] [unity_endpoint]: Not registered to publish topic '/clock'! Valid publish topics are: dict_keys([]) 
[default_server_endpoint-1] [ERROR] [1785152200.162627410] [unity_endpoint]: Not registered to publish topic '/imu/data'! Valid publish topics are: dict_keys([]) 
[default_server_endpoint-1] [ERROR] [1785152200.163725404] [unity_endpoint]: Not registered to publish topic '/clock'! Valid publish topics are: dict_keys([]) 
[default_server_endpoint-1] [ERROR] [1785152200.165052626] [unity_endpoint]: Not registered to publish topic '/imu/data'! Valid publish topics are: dict_keys([]) 
[default_server_endpoint-1] [ERROR] [1785152200.165820787] [unity_endpoint]: Not registered to publish topic '/clock'! Valid publish topics are: dict_keys([]) 
[default_server_endpoint-1] [ERROR] [1785152200.166506200] [unity_endpoint]: Not registered to publish topic '/imu/data'! Valid publish topics are: dict_keys([]) 
[default_server_endpoint-1] [ERROR] [1785152200.167063289] [unity_endpoint]: Not registered to publish topic '/clock'! Valid publish topics are: dict_keys([]) 
[default_server_endpoint-1] [ERROR] [1785152200.167624788] [unity_endpoint]: Not registered to publish topic '/imu/data'! Valid publish topics are: dict_keys([]) 
[default_server_endpoint-1] [ERROR] [1785152200.168232321] [unity_endpoint]: Not registered to publish topic '/clock'! Valid publish topics are: dict_keys([]) 
[default_server_endpoint-1] [ERROR] [1785152200.168981161] [unity_endpoint]: Not registered to publish topic '/imu/data'! Valid publish topics are: dict_keys([]) 
[default_server_endpoint-1] [ERROR] [1785152200.174860116] [unity_endpoint]: Not registered to publish topic '/clock'! Valid publish topics are: dict_keys([]) 
[default_server_endpoint-1] [ERROR] [1785152200.179287272] [unity_endpoint]: Not registered to publish topic '/imu/data'! Valid publish topics are: dict_keys([]) 
[default_server_endpoint-1] [ERROR] [1785152200.180791417] [unity_endpoint]: Not registered to publish topic '/clock'! Valid publish topics are: dict_keys([]) 
[default_server_endpoint-1] [ERROR] [1785152200.181748332] [unity_endpoint]: Not registered to publish topic '/imu/data'! Valid publish topics are: dict_keys([]) 
[default_server_endpoint-1] [ERROR] [1785152200.182684922] [unity_endpoint]: Not registered to publish topic '/clock'! Valid publish topics are: dict_keys([]) 
[default_server_endpoint-1] [ERROR] [1785152200.183454081] [unity_endpoint]: Not registered to publish topic '/imu/data'! Valid publish topics are: dict_keys([]) 
[default_server_endpoint-1] [ERROR] [1785152200.184087224] [unity_endpoint]: Not registered to publish topic '/clock'! Valid publish topics are: dict_keys([]) 
[default_server_endpoint-1] [ERROR] [1785152200.184768760] [unity_endpoint]: Not registered to publish topic '/imu/data'! Valid publish topics are: dict_keys([]) 
[default_server_endpoint-1] [ERROR] [1785152200.185750674] [unity_endpoint]: Not registered to publish topic '/ground_truth_pose'! Valid publish topics are: dict_keys([]) 
[default_server_endpoint-1] [ERROR] [1785152200.186661128] [unity_endpoint]: Not registered to publish topic '/clock'! Valid publish topics are: dict_keys([]) 
[default_server_endpoint-1] [ERROR] [1785152200.187900799] [unity_endpoint]: Not registered to publish topic '/imu/data'! Valid publish topics are: dict_keys([]) 
[default_server_endpoint-1] [ERROR] [1785152200.189114009] [unity_endpoint]: Not registered to publish topic '/clock'! Valid publish topics are: dict_keys([]) 
[default_server_endpoint-1] [ERROR] [1785152200.190246482] [unity_endpoint]: Not registered to publish topic '/imu/data'! Valid publish topics are: dict_keys([]) 
[default_server_endpoint-1] [ERROR] [1785152200.192122949] [unity_endpoint]: Not registered to publish topic '/clock'! Valid publish topics are: dict_keys([]) 
[default_server_endpoint-1] [ERROR] [1785152200.193877785] [unity_endpoint]: Not registered to publish topic '/imu/data'! Valid publish topics are: dict_keys([]) 
[default_server_endpoint-1] [ERROR] [1785152200.197444633] [unity_endpoint]: Not registered to publish topic '/clock'! Valid publish topics are: dict_keys([]) 
[default_server_endpoint-1] [ERROR] [1785152200.198112746] [unity_endpoint]: Not registered to publish topic '/imu/data'! Valid publish topics are: dict_keys([]) 
[default_server_endpoint-1] [ERROR] [1785152200.198609788] [unity_endpoint]: Not registered to publish topic '/clock'! Valid publish topics are: dict_keys([]) 
[default_server_endpoint-1] [ERROR] [1785152200.199067130] [unity_endpoint]: Not registered to publish topic '/imu/data'! Valid publish topics are: dict_keys([]) 
[default_server_endpoint-1] [ERROR] [1785152200.199694959] [unity_endpoint]: Not registered to publish topic '/clock'! Valid publish topics are: dict_keys([]) 
[default_server_endpoint-1] [ERROR] [1785152200.200261000] [unity_endpoint]: Not registered to publish topic '/imu/data'! Valid publish topics are: dict_keys([]) 
[default_server_endpoint-1] [ERROR] [1785152200.200860189] [unity_endpoint]: Not registered to publish topic '/scan'! Valid publish topics are: dict_keys([]) 
[default_server_endpoint-1] [ERROR] [1785152200.201706850] [unity_endpoint]: Not registered to publish topic '/clock'! Valid publish topics are: dict_keys([]) 
[default_server_endpoint-1] [ERROR] [1785152200.202381032] [unity_endpoint]: Not registered to publish topic '/imu/data'! Valid publish topics are: dict_keys([]) 
[default_server_endpoint-1] [ERROR] [1785152200.202886373] [unity_endpoint]: Not registered to publish topic '/clock'! Valid publish topics are: dict_keys([]) 
[default_server_endpoint-1] [ERROR] [1785152200.203349749] [unity_endpoint]: Not registered to publish topic '/imu/data'! Valid publish topics are: dict_keys([]) 
[default_server_endpoint-1] [ERROR] [1785152200.203786624] [unity_endpoint]: Not registered to publish topic '/clock'! Valid publish topics are: dict_keys([]) 
[default_server_endpoint-1] [ERROR] [1785152200.204476923] [unity_endpoint]: Not registered to publish topic '/imu/data'! Valid publish topics are: dict_keys([]) 
[default_server_endpoint-1] [ERROR] [1785152200.205306004] [unity_endpoint]: Not registered to publish topic '/clock'! Valid publish topics are: dict_keys([]) 
[default_server_endpoint-1] [ERROR] [1785152200.205789796] [unity_endpoint]: Not registered to publish topic '/imu/data'! Valid publish topics are: dict_keys([]) 
[default_server_endpoint-1] [ERROR] [1785152200.206172619] [unity_endpoint]: Not registered to publish topic '/ground_truth_pose'! Valid publish topics are: dict_keys([]) 
[default_server_endpoint-1] [ERROR] [1785152200.206558107] [unity_endpoint]: Not registered to publish topic '/clock'! Valid publish topics are: dict_keys([]) 
[default_server_endpoint-1] [ERROR] [1785152200.207503098] [unity_endpoint]: Not registered to publish topic '/imu/data'! Valid publish topics are: dict_keys([]) 
[default_server_endpoint-1] [ERROR] [1785152200.208066771] [unity_endpoint]: Not registered to publish topic '/clock'! Valid publish topics are: dict_keys([]) 
[default_server_endpoint-1] [ERROR] [1785152200.208673500] [unity_endpoint]: Not registered to publish topic '/imu/data'! Valid publish topics are: dict_keys([]) 
[default_server_endpoint-1] [ERROR] [1785152200.212221202] [unity_endpoint]: Not registered to publish topic '/clock'! Valid publish topics are: dict_keys([]) 
[default_server_endpoint-1] [ERROR] [1785152200.214475187] [unity_endpoint]: Not registered to publish topic '/imu/data'! Valid publish topics are: dict_keys([]) 
[default_server_endpoint-1] [ERROR] [1785152200.218851722] [unity_endpoint]: Not registered to publish topic '/clock'! Valid publish topics are: dict_keys([]) 
[default_server_endpoint-1] [ERROR] [1785152200.220438803] [unity_endpoint]: Not registered to publish topic '/imu/data'! Valid publish topics are: dict_keys([]) 
[default_server_endpoint-1] [ERROR] [1785152200.221219908] [unity_endpoint]: Not registered to publish topic '/clock'! Valid publish topics are: dict_keys([]) 
[default_server_endpoint-1] [ERROR] [1785152200.221776601] [unity_endpoint]: Not registered to publish topic '/imu/data'! Valid publish topics are: dict_keys([]) 
[default_server_endpoint-1] [ERROR] [1785152200.222309127] [unity_endpoint]: Not registered to publish topic '/clock'! Valid publish topics are: dict_keys([]) 
[default_server_endpoint-1] [ERROR] [1785152200.222896219] [unity_endpoint]: Not registered to publish topic '/imu/data'! Valid publish topics are: dict_keys([]) 
[default_server_endpoint-1] [ERROR] [1785152200.223492019] [unity_endpoint]: Not registered to publish topic '/clock'! Valid publish topics are: dict_keys([]) 
[default_server_endpoint-1] [ERROR] [1785152200.224117213] [unity_endpoint]: Not registered to publish topic '/imu/data'! Valid publish topics are: dict_keys([]) 
[default_server_endpoint-1] [ERROR] [1785152200.224678921] [unity_endpoint]: Not registered to publish topic '/clock'! Valid publish topics are: dict_keys([]) 
[default_server_endpoint-1] [ERROR] [1785152200.225270834] [unity_endpoint]: Not registered to publish topic '/imu/data'! Valid publish topics are: dict_keys([]) 
[default_server_endpoint-1] [ERROR] [1785152200.233782443] [unity_endpoint]: Not registered to publish topic '/clock'! Valid publish topics are: dict_keys([]) 
[default_server_endpoint-1] [ERROR] [1785152200.236383979] [unity_endpoint]: Not registered to publish topic '/imu/data'! Valid publish topics are: dict_keys([]) 
[default_server_endpoint-1] [ERROR] [1785152200.237295218] [unity_endpoint]: Not registered to publish topic '/clock'! Valid publish topics are: dict_keys([]) 
[default_server_endpoint-1] [ERROR] [1785152200.237957709] [unity_endpoint]: Not registered to publish topic '/imu/data'! Valid publish topics are: dict_keys([]) 
[default_server_endpoint-1] [ERROR] [1785152200.238577858] [unity_endpoint]: Not registered to publish topic '/ground_truth_pose'! Valid publish topics are: dict_keys([]) 
[default_server_endpoint-1] [ERROR] [1785152200.239205915] [unity_endpoint]: Not registered to publish topic '/clock'! Valid publish topics are: dict_keys([]) 
[default_server_endpoint-1] [ERROR] [1785152200.239972570] [unity_endpoint]: Not registered to publish topic '/imu/data'! Valid publish topics are: dict_keys([]) 
[default_server_endpoint-1] [ERROR] [1785152200.240594545] [unity_endpoint]: Not registered to publish topic '/clock'! Valid publish topics are: dict_keys([]) 
[default_server_endpoint-1] [ERROR] [1785152200.241336336] [unity_endpoint]: Not registered to publish topic '/imu/data'! Valid publish topics are: dict_keys([]) 
[default_server_endpoint-1] [ERROR] [1785152200.241992020] [unity_endpoint]: Not registered to publish topic '/clock'! Valid publish topics are: dict_keys([]) 
[default_server_endpoint-1] [ERROR] [1785152200.242583354] [unity_endpoint]: Not registered to publish topic '/imu/data'! Valid publish topics are: dict_keys([]) 
[default_server_endpoint-1] [ERROR] [1785152200.243094062] [unity_endpoint]: Not registered to publish topic '/clock'! Valid publish topics are: dict_keys([]) 
[default_server_endpoint-1] [ERROR] [1785152200.243666652] [unity_endpoint]: Not registered to publish topic '/imu/data'! Valid publish topics are: dict_keys([]) 
[default_server_endpoint-1] [ERROR] [1785152200.244263811] [unity_endpoint]: Not registered to publish topic '/clock'! Valid publish topics are: dict_keys([]) 
[default_server_endpoint-1] [ERROR] [1785152200.244874245] [unity_endpoint]: Not registered to publish topic '/imu/data'! Valid publish topics are: dict_keys([]) 
[default_server_endpoint-1] [ERROR] [1785152200.245617032] [unity_endpoint]: Not registered to publish topic '/clock'! Valid publish topics are: dict_keys([]) 
[default_server_endpoint-1] [ERROR] [1785152200.246377972] [unity_endpoint]: Not registered to publish topic '/imu/data'! Valid publish topics are: dict_keys([]) 
[default_server_endpoint-1] [ERROR] [1785152200.248109029] [unity_endpoint]: Not registered to publish topic '/clock'! Valid publish topics are: dict_keys([]) 
[default_server_endpoint-1] [ERROR] [1785152200.252380935] [unity_endpoint]: Not registered to publish topic '/imu/data'! Valid publish topics are: dict_keys([]) 
[default_server_endpoint-1] [ERROR] [1785152200.254308420] [unity_endpoint]: Not registered to publish topic '/clock'! Valid publish topics are: dict_keys([]) 
[default_server_endpoint-1] [ERROR] [1785152200.255305892] [unity_endpoint]: Not registered to publish topic '/imu/data'! Valid publish topics are: dict_keys([]) 
[default_server_endpoint-1] [ERROR] [1785152200.255864012] [unity_endpoint]: Not registered to publish topic '/clock'! Valid publish topics are: dict_keys([]) 
[default_server_endpoint-1] [ERROR] [1785152200.256324593] [unity_endpoint]: Not registered to publish topic '/imu/data'! Valid publish topics are: dict_keys([]) 
[default_server_endpoint-1] [ERROR] [1785152200.256977897] [unity_endpoint]: Not registered to publish topic '/clock'! Valid publish topics are: dict_keys([]) 
[default_server_endpoint-1] [ERROR] [1785152200.257765116] [unity_endpoint]: Not registered to publish topic '/imu/data'! Valid publish topics are: dict_keys([]) 
[default_server_endpoint-1] [ERROR] [1785152200.258437900] [unity_endpoint]: Not registered to publish topic '/ground_truth_pose'! Valid publish topics are: dict_keys([]) 
[default_server_endpoint-1] [ERROR] [1785152200.258934512] [unity_endpoint]: Not registered to publish topic '/clock'! Valid publish topics are: dict_keys([]) 
[default_server_endpoint-1] [ERROR] [1785152200.259331030] [unity_endpoint]: Not registered to publish topic '/imu/data'! Valid publish topics are: dict_keys([]) 
[default_server_endpoint-1] [ERROR] [1785152200.259728977] [unity_endpoint]: Not registered to publish topic '/scan'! Valid publish topics are: dict_keys([]) 
[default_server_endpoint-1] [ERROR] [1785152200.263788444] [unity_endpoint]: Not registered to publish topic '/clock'! Valid publish topics are: dict_keys([]) 
[default_server_endpoint-1] [ERROR] [1785152200.270694995] [unity_endpoint]: Not registered to publish topic '/imu/data'! Valid publish topics are: dict_keys([]) 
[default_server_endpoint-1] [ERROR] [1785152200.271388012] [unity_endpoint]: Not registered to publish topic '/clock'! Valid publish topics are: dict_keys([]) 
[default_server_endpoint-1] [ERROR] [1785152200.271886671] [unity_endpoint]: Not registered to publish topic '/imu/data'! Valid publish topics are: dict_keys([]) 
[default_server_endpoint-1] [ERROR] [1785152200.272380261] [unity_endpoint]: Not registered to publish topic '/clock'! Valid publish topics are: dict_keys([]) 
[default_server_endpoint-1] [ERROR] [1785152200.272808504] [unity_endpoint]: Not registered to publish topic '/imu/data'! Valid publish topics are: dict_keys([]) 
[default_server_endpoint-1] [ERROR] [1785152200.273226365] [unity_endpoint]: Not registered to publish topic '/clock'! Valid publish topics are: dict_keys([]) 
[default_server_endpoint-1] [ERROR] [1785152200.273716564] [unity_endpoint]: Not registered to publish topic '/imu/data'! Valid publish topics are: dict_keys([]) 
[default_server_endpoint-1] [ERROR] [1785152200.274253431] [unity_endpoint]: Not registered to publish topic '/clock'! Valid publish topics are: dict_keys([]) 
[default_server_endpoint-1] [ERROR] [1785152200.274740675] [unity_endpoint]: Not registered to publish topic '/imu/data'! Valid publish topics are: dict_keys([]) 
[default_server_endpoint-1] [ERROR] [1785152200.275365230] [unity_endpoint]: Not registered to publish topic '/clock'! Valid publish topics are: dict_keys([]) 
[default_server_endpoint-1] [ERROR] [1785152200.275948779] [unity_endpoint]: Not registered to publish topic '/imu/data'! Valid publish topics are: dict_keys([]) 
[default_server_endpoint-1] [ERROR] [1785152200.276394153] [unity_endpoint]: Not registered to publish topic '/clock'! Valid publish topics are: dict_keys([]) 
[default_server_endpoint-1] [ERROR] [1785152200.277160774] [unity_endpoint]: Not registered to publish topic '/imu/data'! Valid publish topics are: dict_keys([]) 
[default_server_endpoint-1] [ERROR] [1785152200.277660688] [unity_endpoint]: Not registered to publish topic '/clock'! Valid publish topics are: dict_keys([]) 
[default_server_endpoint-1] [ERROR] [1785152200.278038551] [unity_endpoint]: Not registered to publish topic '/imu/data'! Valid publish topics are: dict_keys([]) 
[default_server_endpoint-1] [ERROR] [1785152200.278423892] [unity_endpoint]: Not registered to publish topic '/clock'! Valid publish topics are: dict_keys([]) 
[default_server_endpoint-1] [ERROR] [1785152200.278778169] [unity_endpoint]: Not registered to publish topic '/imu/data'! Valid publish topics are: dict_keys([]) 
[default_server_endpoint-1] [ERROR] [1785152200.279188720] [unity_endpoint]: Not registered to publish topic '/ground_truth_pose'! Valid publish topics are: dict_keys([]) 
[default_server_endpoint-1] [ERROR] [1785152200.280576372] [unity_endpoint]: Not registered to publish topic '/clock'! Valid publish topics are: dict_keys([]) 
[default_server_endpoint-1] [ERROR] [1785152200.282799740] [unity_endpoint]: Not registered to publish topic '/imu/data'! Valid publish topics are: dict_keys([]) 
[default_server_endpoint-1] [ERROR] [1785152200.284847945] [unity_endpoint]: Not registered to publish topic '/clock'! Valid publish topics are: dict_keys([]) 
[default_server_endpoint-1] [ERROR] [1785152200.287190110] [unity_endpoint]: Not registered to publish topic '/imu/data'! Valid publish topics are: dict_keys([]) 
[default_server_endpoint-1] [ERROR] [1785152200.288573217] [unity_endpoint]: Not registered to publish topic '/clock'! Valid publish topics are: dict_keys([]) 
[default_server_endpoint-1] [ERROR] [1785152200.289303820] [unity_endpoint]: Not registered to publish topic '/imu/data'! Valid publish topics are: dict_keys([]) 
[default_server_endpoint-1] [ERROR] [1785152200.289950181] [unity_endpoint]: Not registered to publish topic '/clock'! Valid publish topics are: dict_keys([]) 
[default_server_endpoint-1] [ERROR] [1785152200.299078294] [unity_endpoint]: Not registered to publish topic '/imu/data'! Valid publish topics are: dict_keys([]) 
[default_server_endpoint-1] [ERROR] [1785152200.300383777] [unity_endpoint]: Not registered to publish topic '/clock'! Valid publish topics are: dict_keys([]) 
[default_server_endpoint-1] [ERROR] [1785152200.301105812] [unity_endpoint]: Not registered to publish topic '/imu/data'! Valid publish topics are: dict_keys([]) 
[default_server_endpoint-1] [ERROR] [1785152200.303359547] [unity_endpoint]: Not registered to publish topic '/clock'! Valid publish topics are: dict_keys([]) 
[default_server_endpoint-1] [ERROR] [1785152200.304391160] [unity_endpoint]: Not registered to publish topic '/imu/data'! Valid publish topics are: dict_keys([]) 
[default_server_endpoint-1] [ERROR] [1785152200.305067788] [unity_endpoint]: Not registered to publish topic '/clock'! Valid publish topics are: dict_keys([]) 
[default_server_endpoint-1] [ERROR] [1785152200.305688478] [unity_endpoint]: Not registered to publish topic '/imu/data'! Valid publish topics are: dict_keys([]) 
[default_server_endpoint-1] [ERROR] [1785152200.306248650] [unity_endpoint]: Not registered to publish topic '/clock'! Valid publish topics are: dict_keys([]) 
[default_server_endpoint-1] [ERROR] [1785152200.306852337] [unity_endpoint]: Not registered to publish topic '/imu/data'! Valid publish topics are: dict_keys([]) 
[default_server_endpoint-1] [ERROR] [1785152200.307475140] [unity_endpoint]: Not registered to publish topic '/clock'! Valid publish topics are: dict_keys([]) 
[default_server_endpoint-1] [ERROR] [1785152200.308077237] [unity_endpoint]: Not registered to publish topic '/imu/data'! Valid publish topics are: dict_keys([]) 
[default_server_endpoint-1] [ERROR] [1785152200.308647403] [unity_endpoint]: Not registered to publish topic '/clock'! Valid publish topics are: dict_keys([]) 
[default_server_endpoint-1] [ERROR] [1785152200.309233715] [unity_endpoint]: Not registered to publish topic '/imu/data'! Valid publish topics are: dict_keys([]) 
[default_server_endpoint-1] [ERROR] [1785152200.309915742] [unity_endpoint]: Not registered to publish topic '/ground_truth_pose'! Valid publish topics are: dict_keys([]) 
[default_server_endpoint-1] [ERROR] [1785152200.310896156] [unity_endpoint]: Not registered to publish topic '/clock'! Valid publish topics are: dict_keys([]) 
[default_server_endpoint-1] [ERROR] [1785152200.311705364] [unity_endpoint]: Not registered to publish topic '/imu/data'! Valid publish topics are: dict_keys([]) 
[default_server_endpoint-1] [ERROR] [1785152200.312669566] [unity_endpoint]: Not registered to publish topic '/clock'! Valid publish topics are: dict_keys([]) 
[default_server_endpoint-1] [ERROR] [1785152200.313760477] [unity_endpoint]: Not registered to publish topic '/imu/data'! Valid publish topics are: dict_keys([]) 
[default_server_endpoint-1] [ERROR] [1785152200.315129486] [unity_endpoint]: Not registered to publish topic '/clock'! Valid publish topics are: dict_keys([]) 
[default_server_endpoint-1] [ERROR] [1785152200.316344825] [unity_endpoint]: Not registered to publish topic '/imu/data'! Valid publish topics are: dict_keys([]) 
[default_server_endpoint-1] [ERROR] [1785152200.317755236] [unity_endpoint]: Not registered to publish topic '/clock'! Valid publish topics are: dict_keys([]) 
[default_server_endpoint-1] [ERROR] [1785152200.321662724] [unity_endpoint]: Not registered to publish topic '/imu/data'! Valid publish topics are: dict_keys([]) 
[default_server_endpoint-1] [ERROR] [1785152200.322364294] [unity_endpoint]: Not registered to publish topic '/clock'! Valid publish topics are: dict_keys([]) 
[default_server_endpoint-1] [ERROR] [1785152200.322906224] [unity_endpoint]: Not registered to publish topic '/imu/data'! Valid publish topics are: dict_keys([]) 
[default_server_endpoint-1] [ERROR] [1785152200.323398360] [unity_endpoint]: Not registered to publish topic '/clock'! Valid publish topics are: dict_keys([]) 
[default_server_endpoint-1] [ERROR] [1785152200.323883929] [unity_endpoint]: Not registered to publish topic '/imu/data'! Valid publish topics are: dict_keys([]) 
[default_server_endpoint-1] [ERROR] [1785152200.324502297] [unity_endpoint]: Not registered to publish topic '/scan'! Valid publish topics are: dict_keys([]) 
[default_server_endpoint-1] [ERROR] [1785152200.326530502] [unity_endpoint]: Not registered to publish topic '/clock'! Valid publish topics are: dict_keys([]) 
[default_server_endpoint-1] [ERROR] [1785152200.327104554] [unity_endpoint]: Not registered to publish topic '/imu/data'! Valid publish topics are: dict_keys([]) 
[default_server_endpoint-1] [ERROR] [1785152200.327591361] [unity_endpoint]: Not registered to publish topic '/clock'! Valid publish topics are: dict_keys([]) 
[default_server_endpoint-1] [ERROR] [1785152200.328004020] [unity_endpoint]: Not registered to publish topic '/imu/data'! Valid publish topics are: dict_keys([]) 
[default_server_endpoint-1] [ERROR] [1785152200.328429112] [unity_endpoint]: Not registered to publish topic '/clock'! Valid publish topics are: dict_keys([]) 
[default_server_endpoint-1] [ERROR] [1785152200.329355359] [unity_endpoint]: Not registered to publish topic '/imu/data'! Valid publish topics are: dict_keys([]) 
[default_server_endpoint-1] [ERROR] [1785152200.332147140] [unity_endpoint]: Not registered to publish topic '/clock'! Valid publish topics are: dict_keys([]) 
[default_server_endpoint-1] [ERROR] [1785152200.338167769] [unity_endpoint]: Not registered to publish topic '/imu/data'! Valid publish topics are: dict_keys([]) 
[default_server_endpoint-1] [ERROR] [1785152200.338927644] [unity_endpoint]: Not registered to publish topic '/ground_truth_pose'! Valid publish topics are: dict_keys([]) 
[default_server_endpoint-1] [ERROR] [1785152200.339826923] [unity_endpoint]: Not registered to publish topic '/clock'! Valid publish topics are: dict_keys([]) 
[default_server_endpoint-1] [ERROR] [1785152200.340515171] [unity_endpoint]: Not registered to publish topic '/imu/data'! Valid publish topics are: dict_keys([]) 
[default_server_endpoint-1] [ERROR] [1785152200.341241504] [unity_endpoint]: Not registered to publish topic '/clock'! Valid publish topics are: dict_keys([]) 
[default_server_endpoint-1] [ERROR] [1785152200.341852683] [unity_endpoint]: Not registered to publish topic '/imu/data'! Valid publish topics are: dict_keys([]) 
[default_server_endpoint-1] [ERROR] [1785152200.342482786] [unity_endpoint]: Not registered to publish topic '/clock'! Valid publish topics are: dict_keys([]) 
[default_server_endpoint-1] [ERROR] [1785152200.343077066] [unity_endpoint]: Not registered to publish topic '/imu/data'! Valid publish topics are: dict_keys([]) 
[default_server_endpoint-1] [ERROR] [1785152200.343668231] [unity_endpoint]: Not registered to publish topic '/clock'! Valid publish topics are: dict_keys([]) 
[default_server_endpoint-1] [ERROR] [1785152200.344262751] [unity_endpoint]: Not registered to publish topic '/imu/data'! Valid publish topics are: dict_keys([]) 
[default_server_endpoint-1] [ERROR] [1785152200.344790531] [unity_endpoint]: Not registered to publish topic '/clock'! Valid publish topics are: dict_keys([]) 
[default_server_endpoint-1] [ERROR] [1785152200.345457695] [unity_endpoint]: Not registered to publish topic '/imu/data'! Valid publish topics are: dict_keys([]) 
[default_server_endpoint-1] [ERROR] [1785152200.346143024] [unity_endpoint]: Not registered to publish topic '/clock'! Valid publish topics are: dict_keys([]) 
[default_server_endpoint-1] [ERROR] [1785152200.346781700] [unity_endpoint]: Not registered to publish topic '/imu/data'! Valid publish topics are: dict_keys([]) 
[default_server_endpoint-1] [ERROR] [1785152200.347363498] [unity_endpoint]: Not registered to publish topic '/clock'! Valid publish topics are: dict_keys([]) 
[default_server_endpoint-1] [ERROR] [1785152200.347923017] [unity_endpoint]: Not registered to publish topic '/imu/data'! Valid publish topics are: dict_keys([]) 
[default_server_endpoint-1] [ERROR] [1785152200.348439328] [unity_endpoint]: Not registered to publish topic '/clock'! Valid publish topics are: dict_keys([]) 
[default_server_endpoint-1] [ERROR] [1785152200.356965712] [unity_endpoint]: Not registered to publish topic '/imu/data'! Valid publish topics are: dict_keys([]) 
[default_server_endpoint-1] [ERROR] [1785152200.357850627] [unity_endpoint]: Not registered to publish topic '/clock'! Valid publish topics are: dict_keys([]) 
[default_server_endpoint-1] [ERROR] [1785152200.358379459] [unity_endpoint]: Not registered to publish topic '/imu/data'! Valid publish topics are: dict_keys([]) 
[default_server_endpoint-1] [ERROR] [1785152200.358821003] [unity_endpoint]: Not registered to publish topic '/clock'! Valid publish topics are: dict_keys([]) 
[default_server_endpoint-1] [ERROR] [1785152200.359218710] [unity_endpoint]: Not registered to publish topic '/imu/data'! Valid publish topics are: dict_keys([]) 
[default_server_endpoint-1] [ERROR] [1785152200.359579761] [unity_endpoint]: Not registered to publish topic '/ground_truth_pose'! Valid publish topics are: dict_keys([]) 
[default_server_endpoint-1] [ERROR] [1785152200.359985096] [unity_endpoint]: Not registered to publish topic '/clock'! Valid publish topics are: dict_keys([]) 
[default_server_endpoint-1] [ERROR] [1785152200.360399950] [unity_endpoint]: Not registered to publish topic '/imu/data'! Valid publish topics are: dict_keys([]) 
[default_server_endpoint-1] [ERROR] [1785152200.360817326] [unity_endpoint]: Not registered to publish topic '/clock'! Valid publish topics are: dict_keys([]) 
[default_server_endpoint-1] [ERROR] [1785152200.361215764] [unity_endpoint]: Not registered to publish topic '/imu/data'! Valid publish topics are: dict_keys([]) 
[default_server_endpoint-1] [ERROR] [1785152200.361826719] [unity_endpoint]: Not registered to publish topic '/clock'! Valid publish topics are: dict_keys([]) 
[default_server_endpoint-1] [ERROR] [1785152200.362249234] [unity_endpoint]: Not registered to publish topic '/imu/data'! Valid publish topics are: dict_keys([]) 
[default_server_endpoint-1] [ERROR] [1785152200.362692195] [unity_endpoint]: Not registered to publish topic '/clock'! Valid publish topics are: dict_keys([]) 
[default_server_endpoint-1] [ERROR] [1785152200.363083144] [unity_endpoint]: Not registered to publish topic '/imu/data'! Valid publish topics are: dict_keys([]) 
[default_server_endpoint-1] [ERROR] [1785152200.364182767] [unity_endpoint]: Not registered to publish topic '/clock'! Valid publish topics are: dict_keys([]) 
[default_server_endpoint-1] [ERROR] [1785152200.370419208] [unity_endpoint]: Not registered to publish topic '/imu/data'! Valid publish topics are: dict_keys([]) 
[default_server_endpoint-1] [ERROR] [1785152200.372052031] [unity_endpoint]: Not registered to publish topic '/clock'! Valid publish topics are: dict_keys([]) 
[default_server_endpoint-1] [ERROR] [1785152200.373063517] [unity_endpoint]: Not registered to publish topic '/imu/data'! Valid publish topics are: dict_keys([]) 
[default_server_endpoint-1] [ERROR] [1785152200.373783330] [unity_endpoint]: Not registered to publish topic '/clock'! Valid publish topics are: dict_keys([]) 
[default_server_endpoint-1] [ERROR] [1785152200.374439092] [unity_endpoint]: Not registered to publish topic '/imu/data'! Valid publish topics are: dict_keys([]) 
[default_server_endpoint-1] [ERROR] [1785152200.374960768] [unity_endpoint]: Not registered to publish topic '/clock'! Valid publish topics are: dict_keys([]) 
[default_server_endpoint-1] [ERROR] [1785152200.375566005] [unity_endpoint]: Not registered to publish topic '/imu/data'! Valid publish topics are: dict_keys([]) 
[default_server_endpoint-1] [ERROR] [1785152200.376177786] [unity_endpoint]: Not registered to publish topic '/clock'! Valid publish topics are: dict_keys([]) 
[default_server_endpoint-1] [ERROR] [1785152200.376757736] [unity_endpoint]: Not registered to publish topic '/imu/data'! Valid publish topics are: dict_keys([]) 
[default_server_endpoint-1] [ERROR] [1785152200.377364303] [unity_endpoint]: Not registered to publish topic '/clock'! Valid publish topics are: dict_keys([]) 
[default_server_endpoint-1] [ERROR] [1785152200.378124326] [unity_endpoint]: Not registered to publish topic '/imu/data'! Valid publish topics are: dict_keys([]) 
[default_server_endpoint-1] [ERROR] [1785152200.378683615] [unity_endpoint]: Not registered to publish topic '/ground_truth_pose'! Valid publish topics are: dict_keys([]) 
[default_server_endpoint-1] [ERROR] [1785152200.379251000] [unity_endpoint]: Not registered to publish topic '/clock'! Valid publish topics are: dict_keys([]) 
[default_server_endpoint-1] [ERROR] [1785152200.379816291] [unity_endpoint]: Not registered to publish topic '/imu/data'! Valid publish topics are: dict_keys([]) 
[default_server_endpoint-1] [ERROR] [1785152200.380442129] [unity_endpoint]: Not registered to publish topic '/scan'! Valid publish topics are: dict_keys([]) 
[default_server_endpoint-1] [ERROR] [1785152200.381113427] [unity_endpoint]: Not registered to publish topic '/clock'! Valid publish topics are: dict_keys([]) 
[default_server_endpoint-1] [ERROR] [1785152200.391281934] [unity_endpoint]: Not registered to publish topic '/imu/data'! Valid publish topics are: dict_keys([]) 
[default_server_endpoint-1] [ERROR] [1785152200.392173196] [unity_endpoint]: Not registered to publish topic '/clock'! Valid publish topics are: dict_keys([]) 
[default_server_endpoint-1] [ERROR] [1785152200.392840428] [unity_endpoint]: Not registered to publish topic '/imu/data'! Valid publish topics are: dict_keys([]) 
[default_server_endpoint-1] [ERROR] [1785152200.393619594] [unity_endpoint]: Not registered to publish topic '/clock'! Valid publish topics are: dict_keys([]) 
[default_server_endpoint-1] [ERROR] [1785152200.394301148] [unity_endpoint]: Not registered to publish topic '/imu/data'! Valid publish topics are: dict_keys([]) 
[default_server_endpoint-1] [ERROR] [1785152200.394902600] [unity_endpoint]: Not registered to publish topic '/clock'! Valid publish topics are: dict_keys([]) 
[default_server_endpoint-1] [ERROR] [1785152200.395549372] [unity_endpoint]: Not registered to publish topic '/imu/data'! Valid publish topics are: dict_keys([]) 
[default_server_endpoint-1] [ERROR] [1785152200.396180453] [unity_endpoint]: Not registered to publish topic '/clock'! Valid publish topics are: dict_keys([]) 
[default_server_endpoint-1] [ERROR] [1785152200.396778055] [unity_endpoint]: Not registered to publish topic '/imu/data'! Valid publish topics are: dict_keys([]) 
[default_server_endpoint-1] [ERROR] [1785152200.397387402] [unity_endpoint]: Not registered to publish topic '/clock'! Valid publish topics are: dict_keys([]) 
[default_server_endpoint-1] [ERROR] [1785152200.398006455] [unity_endpoint]: Not registered to publish topic '/imu/data'! Valid publish topics are: dict_keys([]) 
[default_server_endpoint-1] [ERROR] [1785152200.398654752] [unity_endpoint]: Not registered to publish topic '/clock'! Valid publish topics are: dict_keys([]) 
[default_server_endpoint-1] [ERROR] [1785152200.399302196] [unity_endpoint]: Not registered to publish topic '/imu/data'! Valid publish topics are: dict_keys([]) 
[default_server_endpoint-1] [ERROR] [1785152200.399972100] [unity_endpoint]: Not registered to publish topic '/clock'! Valid publish topics are: dict_keys([]) 
[default_server_endpoint-1] [ERROR] [1785152200.400706454] [unity_endpoint]: Not registered to publish topic '/imu/data'! Valid publish topics are: dict_keys([]) 
[default_server_endpoint-1] [ERROR] [1785152200.401685846] [unity_endpoint]: Not registered to publish topic '/clock'! Valid publish topics are: dict_keys([]) 
[default_server_endpoint-1] [ERROR] [1785152200.402521420] [unity_endpoint]: Not registered to publish topic '/imu/data'! Valid publish topics are: dict_keys([]) 
[default_server_endpoint-1] [ERROR] [1785152200.403442698] [unity_endpoint]: Not registered to publish topic '/ground_truth_pose'! Valid publish topics are: dict_keys([]) 
[default_server_endpoint-1] [ERROR] [1785152200.408107333] [unity_endpoint]: Not registered to publish topic '/clock'! Valid publish topics are: dict_keys([]) 
[default_server_endpoint-1] [ERROR] [1785152200.409372649] [unity_endpoint]: Not registered to publish topic '/imu/data'! Valid publish topics are: dict_keys([]) 
[default_server_endpoint-1] [ERROR] [1785152200.410376348] [unity_endpoint]: Not registered to publish topic '/clock'! Valid publish topics are: dict_keys([]) 
[default_server_endpoint-1] [ERROR] [1785152200.411316729] [unity_endpoint]: Not registered to publish topic '/imu/data'! Valid publish topics are: dict_keys([]) 
[default_server_endpoint-1] [ERROR] [1785152200.412086236] [unity_endpoint]: Not registered to publish topic '/clock'! Valid publish topics are: dict_keys([]) 
[default_server_endpoint-1] [ERROR] [1785152200.414203062] [unity_endpoint]: Not registered to publish topic '/imu/data'! Valid publish topics are: dict_keys([]) 
[default_server_endpoint-1] [ERROR] [1785152200.414994376] [unity_endpoint]: Not registered to publish topic '/clock'! Valid publish topics are: dict_keys([]) 
[default_server_endpoint-1] [ERROR] [1785152200.415649510] [unity_endpoint]: Not registered to publish topic '/imu/data'! Valid publish topics are: dict_keys([]) 
[default_server_endpoint-1] [ERROR] [1785152200.416212643] [unity_endpoint]: Not registered to publish topic '/clock'! Valid publish topics are: dict_keys([]) 
[default_server_endpoint-1] [ERROR] [1785152200.416784722] [unity_endpoint]: Not registered to publish topic '/imu/data'! Valid publish topics are: dict_keys([]) 
[default_server_endpoint-1] [ERROR] [1785152200.417349598] [unity_endpoint]: Not registered to publish topic '/clock'! Valid publish topics are: dict_keys([]) 
[default_server_endpoint-1] [ERROR] [1785152200.418376239] [unity_endpoint]: Not registered to publish topic '/imu/data'! Valid publish topics are: dict_keys([]) 
[default_server_endpoint-1] [ERROR] [1785152200.419344913] [unity_endpoint]: Not registered to publish topic '/clock'! Valid publish topics are: dict_keys([]) 
[default_server_endpoint-1] [ERROR] [1785152200.420340874] [unity_endpoint]: Not registered to publish topic '/imu/data'! Valid publish topics are: dict_keys([]) 
[default_server_endpoint-1] [ERROR] [1785152200.423025346] [unity_endpoint]: Not registered to publish topic '/clock'! Valid publish topics are: dict_keys([]) 
[default_server_endpoint-1] [ERROR] [1785152200.425908636] [unity_endpoint]: Not registered to publish topic '/imu/data'! Valid publish topics are: dict_keys([]) 
[default_server_endpoint-1] [ERROR] [1785152200.427032237] [unity_endpoint]: Not registered to publish topic '/clock'! Valid publish topics are: dict_keys([]) 
[default_server_endpoint-1] [ERROR] [1785152200.428587724] [unity_endpoint]: Not registered to publish topic '/imu/data'! Valid publish topics are: dict_keys([]) 
[default_server_endpoint-1] [ERROR] [1785152200.430827848] [unity_endpoint]: Not registered to publish topic '/clock'! Valid publish topics are: dict_keys([]) 
[default_server_endpoint-1] [ERROR] [1785152200.431604882] [unity_endpoint]: Not registered to publish topic '/imu/data'! Valid publish topics are: dict_keys([]) 
[default_server_endpoint-1] [ERROR] [1785152200.432246126] [unity_endpoint]: Not registered to publish topic '/ground_truth_pose'! Valid publish topics are: dict_keys([]) 
[default_server_endpoint-1] [ERROR] [1785152200.432808704] [unity_endpoint]: Not registered to publish topic '/clock'! Valid publish topics are: dict_keys([]) 
[default_server_endpoint-1] [ERROR] [1785152200.433445252] [unity_endpoint]: Not registered to publish topic '/imu/data'! Valid publish topics are: dict_keys([]) 
[default_server_endpoint-1] [ERROR] [1785152200.434004930] [unity_endpoint]: Not registered to publish topic '/clock'! Valid publish topics are: dict_keys([]) 
[default_server_endpoint-1] [ERROR] [1785152200.434667522] [unity_endpoint]: Not registered to publish topic '/imu/data'! Valid publish topics are: dict_keys([]) 
[default_server_endpoint-1] [ERROR] [1785152200.435610858] [unity_endpoint]: Not registered to publish topic '/clock'! Valid publish topics are: dict_keys([]) 
[default_server_endpoint-1] [ERROR] [1785152200.436429307] [unity_endpoint]: Not registered to publish topic '/imu/data'! Valid publish topics are: dict_keys([]) 
[default_server_endpoint-1] [ERROR] [1785152200.436935757] [unity_endpoint]: Not registered to publish topic '/clock'! Valid publish topics are: dict_keys([]) 
[default_server_endpoint-1] [ERROR] [1785152200.437695312] [unity_endpoint]: Not registered to publish topic '/imu/data'! Valid publish topics are: dict_keys([]) 
[default_server_endpoint-1] [ERROR] [1785152200.442753798] [unity_endpoint]: Not registered to publish topic '/clock'! Valid publish topics are: dict_keys([]) 
[default_server_endpoint-1] [ERROR] [1785152200.445208386] [unity_endpoint]: Not registered to publish topic '/imu/data'! Valid publish topics are: dict_keys([]) 
[default_server_endpoint-1] [ERROR] [1785152200.446332002] [unity_endpoint]: Not registered to publish topic '/clock'! Valid publish topics are: dict_keys([]) 
[default_server_endpoint-1] [ERROR] [1785152200.447975582] [unity_endpoint]: Not registered to publish topic '/imu/data'! Valid publish topics are: dict_keys([]) 
[default_server_endpoint-1] [ERROR] [1785152200.448792132] [unity_endpoint]: Not registered to publish topic '/scan'! Valid publish topics are: dict_keys([]) 
[default_server_endpoint-1] [ERROR] [1785152200.449517324] [unity_endpoint]: Not registered to publish topic '/clock'! Valid publish topics are: dict_keys([]) 
[default_server_endpoint-1] [ERROR] [1785152200.450252876] [unity_endpoint]: Not registered to publish topic '/imu/data'! Valid publish topics are: dict_keys([]) 
[default_server_endpoint-1] [ERROR] [1785152200.450923357] [unity_endpoint]: Not registered to publish topic '/clock'! Valid publish topics are: dict_keys([]) 
[default_server_endpoint-1] [ERROR] [1785152200.451642085] [unity_endpoint]: Not registered to publish topic '/imu/data'! Valid publish topics are: dict_keys([]) 
[default_server_endpoint-1] [ERROR] [1785152200.452501175] [unity_endpoint]: Not registered to publish topic '/clock'! Valid publish topics are: dict_keys([]) 
[default_server_endpoint-1] [ERROR] [1785152200.453310155] [unity_endpoint]: Not registered to publish topic '/imu/data'! Valid publish topics are: dict_keys([]) 
[default_server_endpoint-1] [ERROR] [1785152200.454009250] [unity_endpoint]: Not registered to publish topic '/clock'! Valid publish topics are: dict_keys([]) 
[default_server_endpoint-1] [ERROR] [1785152200.454628282] [unity_endpoint]: Not registered to publish topic '/imu/data'! Valid publish topics are: dict_keys([]) 
[default_server_endpoint-1] [ERROR] [1785152200.455369739] [unity_endpoint]: Not registered to publish topic '/ground_truth_pose'! Valid publish topics are: dict_keys([]) 
[default_server_endpoint-1] [ERROR] [1785152200.456067299] [unity_endpoint]: Not registered to publish topic '/clock'! Valid publish topics are: dict_keys([]) 
[default_server_endpoint-1] [ERROR] [1785152200.456875489] [unity_endpoint]: Not registered to publish topic '/imu/data'! Valid publish topics are: dict_keys([]) 
[default_server_endpoint-1] [ERROR] [1785152200.457529555] [unity_endpoint]: Not registered to publish topic '/clock'! Valid publish topics are: dict_keys([]) 
[default_server_endpoint-1] [ERROR] [1785152200.460184128] [unity_endpoint]: Not registered to publish topic '/imu/data'! Valid publish topics are: dict_keys([]) 
[default_server_endpoint-1] [ERROR] [1785152200.462606137] [unity_endpoint]: Not registered to publish topic '/clock'! Valid publish topics are: dict_keys([]) 
[default_server_endpoint-1] [ERROR] [1785152200.463676798] [unity_endpoint]: Not registered to publish topic '/imu/data'! Valid publish topics are: dict_keys([]) 
[default_server_endpoint-1] [ERROR] [1785152200.465919101] [unity_endpoint]: Not registered to publish topic '/clock'! Valid publish topics are: dict_keys([]) 
[default_server_endpoint-1] [ERROR] [1785152200.470308731] [unity_endpoint]: Not registered to publish topic '/imu/data'! Valid publish topics are: dict_keys([]) 
[default_server_endpoint-1] [ERROR] [1785152200.471575355] [unity_endpoint]: Not registered to publish topic '/clock'! Valid publish topics are: dict_keys([]) 
[default_server_endpoint-1] [ERROR] [1785152200.473185686] [unity_endpoint]: Not registered to publish topic '/imu/data'! Valid publish topics are: dict_keys([]) 
[default_server_endpoint-1] [ERROR] [1785152200.478534104] [unity_endpoint]: Not registered to publish topic '/clock'! Valid publish topics are: dict_keys([]) 
[default_server_endpoint-1] [ERROR] [1785152200.482020857] [unity_endpoint]: Not registered to publish topic '/imu/data'! Valid publish topics are: dict_keys([]) 
[default_server_endpoint-1] [ERROR] [1785152200.482842680] [unity_endpoint]: Not registered to publish topic '/clock'! Valid publish topics are: dict_keys([]) 
[default_server_endpoint-1] [ERROR] [1785152200.483488239] [unity_endpoint]: Not registered to publish topic '/imu/data'! Valid publish topics are: dict_keys([]) 
[default_server_endpoint-1] [ERROR] [1785152200.484126136] [unity_endpoint]: Not registered to publish topic '/clock'! Valid publish topics are: dict_keys([]) 
[default_server_endpoint-1] [ERROR] [1785152200.484741686] [unity_endpoint]: Not registered to publish topic '/imu/data'! Valid publish topics are: dict_keys([]) 
[default_server_endpoint-1] [ERROR] [1785152200.485390235] [unity_endpoint]: Not registered to publish topic '/clock'! Valid publish topics are: dict_keys([]) 
[default_server_endpoint-1] [ERROR] [1785152200.486236454] [unity_endpoint]: Not registered to publish topic '/imu/data'! Valid publish topics are: dict_keys([]) 
[default_server_endpoint-1] [ERROR] [1785152200.486791670] [unity_endpoint]: Not registered to publish topic '/clock'! Valid publish topics are: dict_keys([]) 
[default_server_endpoint-1] [ERROR] [1785152200.487330966] [unity_endpoint]: Not registered to publish topic '/imu/data'! Valid publish topics are: dict_keys([]) 
[default_server_endpoint-1] [ERROR] [1785152200.487870269] [unity_endpoint]: Not registered to publish topic '/ground_truth_pose'! Valid publish topics are: dict_keys([]) 
[default_server_endpoint-1] [ERROR] [1785152200.488471183] [unity_endpoint]: Not registered to publish topic '/clock'! Valid publish topics are: dict_keys([]) 
[default_server_endpoint-1] [ERROR] [1785152200.489021378] [unity_endpoint]: Not registered to publish topic '/imu/data'! Valid publish topics are: dict_keys([]) 
[default_server_endpoint-1] [ERROR] [1785152200.489651131] [unity_endpoint]: Not registered to publish topic '/clock'! Valid publish topics are: dict_keys([]) 
[default_server_endpoint-1] [ERROR] [1785152200.490171017] [unity_endpoint]: Not registered to publish topic '/imu/data'! Valid publish topics are: dict_keys([]) 
[default_server_endpoint-1] [ERROR] [1785152200.490762027] [unity_endpoint]: Not registered to publish topic '/clock'! Valid publish topics are: dict_keys([]) 
[default_server_endpoint-1] [ERROR] [1785152200.491327293] [unity_endpoint]: Not registered to publish topic '/imu/data'! Valid publish topics are: dict_keys([]) 
[default_server_endpoint-1] [ERROR] [1785152200.491894836] [unity_endpoint]: Not registered to publish topic '/clock'! Valid publish topics are: dict_keys([]) 
[default_server_endpoint-1] [ERROR] [1785152200.492513781] [unity_endpoint]: Not registered to publish topic '/imu/data'! Valid publish topics are: dict_keys([]) 
[default_server_endpoint-1] [ERROR] [1785152200.493102163] [unity_endpoint]: Not registered to publish topic '/clock'! Valid publish topics are: dict_keys([]) 
[default_server_endpoint-1] [ERROR] [1785152200.493656955] [unity_endpoint]: Not registered to publish topic '/imu/data'! Valid publish topics are: dict_keys([]) 
[default_server_endpoint-1] [ERROR] [1785152200.494166881] [unity_endpoint]: Not registered to publish topic '/clock'! Valid publish topics are: dict_keys([]) 
[default_server_endpoint-1] [ERROR] [1785152200.494680709] [unity_endpoint]: Not registered to publish topic '/imu/data'! Valid publish topics are: dict_keys([]) 
[default_server_endpoint-1] [ERROR] [1785152200.495369405] [unity_endpoint]: Not registered to publish topic '/clock'! Valid publish topics are: dict_keys([]) 
[default_server_endpoint-1] [ERROR] [1785152200.496348709] [unity_endpoint]: Not registered to publish topic '/imu/data'! Valid publish topics are: dict_keys([]) 
[default_server_endpoint-1] [ERROR] [1785152200.497313496] [unity_endpoint]: Not registered to publish topic '/clock'! Valid publish topics are: dict_keys([]) 
[default_server_endpoint-1] [ERROR] [1785152200.498149673] [unity_endpoint]: Not registered to publish topic '/imu/data'! Valid publish topics are: dict_keys([]) 
[default_server_endpoint-1] [ERROR] [1785152200.499366377] [unity_endpoint]: Not registered to publish topic '/clock'! Valid publish topics are: dict_keys([]) 
[default_server_endpoint-1] [ERROR] [1785152200.501273633] [unity_endpoint]: Not registered to publish topic '/imu/data'! Valid publish topics are: dict_keys([]) 
[default_server_endpoint-1] [ERROR] [1785152200.502841730] [unity_endpoint]: Not registered to publish topic '/clock'! Valid publish topics are: dict_keys([]) 
[default_server_endpoint-1] [ERROR] [1785152200.504086616] [unity_endpoint]: Not registered to publish topic '/imu/data'! Valid publish topics are: dict_keys([]) 
[default_server_endpoint-1] [ERROR] [1785152200.505255971] [unity_endpoint]: Not registered to publish topic '/ground_truth_pose'! Valid publish topics are: dict_keys([]) 
[default_server_endpoint-1] [ERROR] [1785152200.506869316] [unity_endpoint]: Not registered to publish topic '/clock'! Valid publish topics are: dict_keys([]) 
[default_server_endpoint-1] [ERROR] [1785152200.507634620] [unity_endpoint]: Not registered to publish topic '/imu/data'! Valid publish topics are: dict_keys([]) 
[default_server_endpoint-1] [ERROR] [1785152200.508261381] [unity_endpoint]: Not registered to publish topic '/scan'! Valid publish topics are: dict_keys([]) 
[default_server_endpoint-1] [ERROR] [1785152200.508867887] [unity_endpoint]: Not registered to publish topic '/clock'! Valid publish topics are: dict_keys([]) 
[default_server_endpoint-1] [ERROR] [1785152200.509735231] [unity_endpoint]: Not registered to publish topic '/imu/data'! Valid publish topics are: dict_keys([]) 
[default_server_endpoint-1] [ERROR] [1785152200.510466543] [unity_endpoint]: Not registered to publish topic '/clock'! Valid publish topics are: dict_keys([]) 
[default_server_endpoint-1] [ERROR] [1785152200.511136556] [unity_endpoint]: Not registered to publish topic '/imu/data'! Valid publish topics are: dict_keys([]) 
[default_server_endpoint-1] [ERROR] [1785152200.518146918] [unity_endpoint]: Not registered to publish topic '/clock'! Valid publish topics are: dict_keys([]) 
[default_server_endpoint-1] [ERROR] [1785152200.521270180] [unity_endpoint]: Not registered to publish topic '/imu/data'! Valid publish topics are: dict_keys([]) 
[default_server_endpoint-1] [ERROR] [1785152200.522020630] [unity_endpoint]: Not registered to publish topic '/clock'! Valid publish topics are: dict_keys([]) 
[default_server_endpoint-1] [ERROR] [1785152200.522655062] [unity_endpoint]: Not registered to publish topic '/imu/data'! Valid publish topics are: dict_keys([]) 
[default_server_endpoint-1] [ERROR] [1785152200.523277395] [unity_endpoint]: Not registered to publish topic '/clock'! Valid publish topics are: dict_keys([]) 
[default_server_endpoint-1] [ERROR] [1785152200.523823974] [unity_endpoint]: Not registered to publish topic '/imu/data'! Valid publish topics are: dict_keys([]) 
[default_server_endpoint-1] [ERROR] [1785152200.524384134] [unity_endpoint]: Not registered to publish topic '/clock'! Valid publish topics are: dict_keys([]) 
[default_server_endpoint-1] [ERROR] [1785152200.524983356] [unity_endpoint]: Not registered to publish topic '/imu/data'! Valid publish topics are: dict_keys([]) 
[default_server_endpoint-1] [ERROR] [1785152200.525619614] [unity_endpoint]: Not registered to publish topic '/clock'! Valid publish topics are: dict_keys([]) 
[default_server_endpoint-1] [ERROR] [1785152200.526209614] [unity_endpoint]: Not registered to publish topic '/imu/data'! Valid publish topics are: dict_keys([]) 
[default_server_endpoint-1] [ERROR] [1785152200.526821306] [unity_endpoint]: Not registered to publish topic '/clock'! Valid publish topics are: dict_keys([]) 
[default_server_endpoint-1] [ERROR] [1785152200.527392293] [unity_endpoint]: Not registered to publish topic '/imu/data'! Valid publish topics are: dict_keys([]) 
[default_server_endpoint-1] [ERROR] [1785152200.528039334] [unity_endpoint]: Not registered to publish topic '/clock'! Valid publish topics are: dict_keys([]) 
[default_server_endpoint-1] [ERROR] [1785152200.528638319] [unity_endpoint]: Not registered to publish topic '/imu/data'! Valid publish topics are: dict_keys([]) 
[default_server_endpoint-1] [ERROR] [1785152200.529350474] [unity_endpoint]: Not registered to publish topic '/ground_truth_pose'! Valid publish topics are: dict_keys([]) 
[default_server_endpoint-1] [ERROR] [1785152200.530108130] [unity_endpoint]: Not registered to publish topic '/clock'! Valid publish topics are: dict_keys([]) 
[default_server_endpoint-1] [ERROR] [1785152200.530671537] [unity_endpoint]: Not registered to publish topic '/imu/data'! Valid publish topics are: dict_keys([]) 
[default_server_endpoint-1] [ERROR] [1785152200.531189387] [unity_endpoint]: Not registered to publish topic '/clock'! Valid publish topics are: dict_keys([]) 
[default_server_endpoint-1] [ERROR] [1785152200.531880883] [unity_endpoint]: Not registered to publish topic '/imu/data'! Valid publish topics are: dict_keys([]) 
[default_server_endpoint-1] [ERROR] [1785152200.541592012] [unity_endpoint]: Not registered to publish topic '/clock'! Valid publish topics are: dict_keys([]) 
[default_server_endpoint-1] [ERROR] [1785152200.542408693] [unity_endpoint]: Not registered to publish topic '/imu/data'! Valid publish topics are: dict_keys([]) 
[default_server_endpoint-1] [ERROR] [1785152200.543112940] [unity_endpoint]: Not registered to publish topic '/clock'! Valid publish topics are: dict_keys([]) 
[default_server_endpoint-1] [ERROR] [1785152200.543683407] [unity_endpoint]: Not registered to publish topic '/imu/data'! Valid publish topics are: dict_keys([]) 
[default_server_endpoint-1] [ERROR] [1785152200.544331602] [unity_endpoint]: Not registered to publish topic '/clock'! Valid publish topics are: dict_keys([]) 
[default_server_endpoint-1] [ERROR] [1785152200.544915675] [unity_endpoint]: Not registered to publish topic '/imu/data'! Valid publish topics are: dict_keys([]) 
[default_server_endpoint-1] [ERROR] [1785152200.545640027] [unity_endpoint]: Not registered to publish topic '/clock'! Valid publish topics are: dict_keys([]) 
[default_server_endpoint-1] [ERROR] [1785152200.546288284] [unity_endpoint]: Not registered to publish topic '/imu/data'! Valid publish topics are: dict_keys([]) 
[default_server_endpoint-1] [ERROR] [1785152200.547882222] [unity_endpoint]: Not registered to publish topic '/clock'! Valid publish topics are: dict_keys([]) 
[default_server_endpoint-1] [ERROR] [1785152200.548556506] [unity_endpoint]: Not registered to publish topic '/imu/data'! Valid publish topics are: dict_keys([]) 
[default_server_endpoint-1] [ERROR] [1785152200.549178202] [unity_endpoint]: Not registered to publish topic '/clock'! Valid publish topics are: dict_keys([]) 
[default_server_endpoint-1] [ERROR] [1785152200.549787771] [unity_endpoint]: Not registered to publish topic '/imu/data'! Valid publish topics are: dict_keys([]) 
[default_server_endpoint-1] [ERROR] [1785152200.550438509] [unity_endpoint]: Not registered to publish topic '/clock'! Valid publish topics are: dict_keys([]) 
[default_server_endpoint-1] [ERROR] [1785152200.551099945] [unity_endpoint]: Not registered to publish topic '/imu/data'! Valid publish topics are: dict_keys([]) 
[default_server_endpoint-1] [ERROR] [1785152200.552075530] [unity_endpoint]: Not registered to publish topic '/clock'! Valid publish topics are: dict_keys([]) 
[default_server_endpoint-1] [ERROR] [1785152200.552781037] [unity_endpoint]: Not registered to publish topic '/imu/data'! Valid publish topics are: dict_keys([]) 
[default_server_endpoint-1] [ERROR] [1785152200.556515786] [unity_endpoint]: Not registered to publish topic '/ground_truth_pose'! Valid publish topics are: dict_keys([]) 
[default_server_endpoint-1] [ERROR] [1785152200.558408040] [unity_endpoint]: Not registered to publish topic '/clock'! Valid publish topics are: dict_keys([]) 
[default_server_endpoint-1] [ERROR] [1785152200.559189714] [unity_endpoint]: Not registered to publish topic '/imu/data'! Valid publish topics are: dict_keys([]) 
[default_server_endpoint-1] [ERROR] [1785152200.560112785] [unity_endpoint]: Not registered to publish topic '/clock'! Valid publish topics are: dict_keys([]) 
[default_server_endpoint-1] [ERROR] [1785152200.561204951] [unity_endpoint]: Not registered to publish topic '/imu/data'! Valid publish topics are: dict_keys([]) 
[default_server_endpoint-1] [ERROR] [1785152200.562210449] [unity_endpoint]: Not registered to publish topic '/clock'! Valid publish topics are: dict_keys([]) 
[default_server_endpoint-1] [ERROR] [1785152200.563750643] [unity_endpoint]: Not registered to publish topic '/imu/data'! Valid publish topics are: dict_keys([]) 
[default_server_endpoint-1] [ERROR] [1785152200.564504135] [unity_endpoint]: Not registered to publish topic '/clock'! Valid publish topics are: dict_keys([]) 
[default_server_endpoint-1] [ERROR] [1785152200.565061376] [unity_endpoint]: Not registered to publish topic '/imu/data'! Valid publish topics are: dict_keys([]) 
[default_server_endpoint-1] [ERROR] [1785152200.571191386] [unity_endpoint]: Not registered to publish topic '/clock'! Valid publish topics are: dict_keys([]) 
[default_server_endpoint-1] [ERROR] [1785152200.572474451] [unity_endpoint]: Not registered to publish topic '/imu/data'! Valid publish topics are: dict_keys([]) 
[default_server_endpoint-1] [ERROR] [1785152200.573847358] [unity_endpoint]: Not registered to publish topic '/clock'! Valid publish topics are: dict_keys([]) 
[default_server_endpoint-1] [ERROR] [1785152200.575497208] [unity_endpoint]: Not registered to publish topic '/imu/data'! Valid publish topics are: dict_keys([]) 
[default_server_endpoint-1] [ERROR] [1785152200.577074552] [unity_endpoint]: Not registered to publish topic '/scan'! Valid publish topics are: dict_keys([]) 
[default_server_endpoint-1] [ERROR] [1785152200.579121538] [unity_endpoint]: Not registered to publish topic '/clock'! Valid publish topics are: dict_keys([]) 
[default_server_endpoint-1] [ERROR] [1785152200.580489204] [unity_endpoint]: Not registered to publish topic '/imu/data'! Valid publish topics are: dict_keys([]) 
[default_server_endpoint-1] [ERROR] [1785152200.597660200] [unity_endpoint]: Not registered to publish topic '/clock'! Valid publish topics are: dict_keys([]) 
[default_server_endpoint-1] [ERROR] [1785152200.598628166] [unity_endpoint]: Not registered to publish topic '/imu/data'! Valid publish topics are: dict_keys([]) 
[default_server_endpoint-1] [ERROR] [1785152200.599466235] [unity_endpoint]: Not registered to publish topic '/clock'! Valid publish topics are: dict_keys([]) 
[default_server_endpoint-1] [ERROR] [1785152200.600137060] [unity_endpoint]: Not registered to publish topic '/imu/data'! Valid publish topics are: dict_keys([]) 
[default_server_endpoint-1] [ERROR] [1785152200.600758120] [unity_endpoint]: Not registered to publish topic '/clock'! Valid publish topics are: dict_keys([]) 
[default_server_endpoint-1] [ERROR] [1785152200.601762140] [unity_endpoint]: Not registered to publish topic '/imu/data'! Valid publish topics are: dict_keys([]) 
[default_server_endpoint-1] [ERROR] [1785152200.602528297] [unity_endpoint]: Not registered to publish topic '/ground_truth_pose'! Valid publish topics are: dict_keys([]) 
[default_server_endpoint-1] [ERROR] [1785152200.603323665] [unity_endpoint]: Not registered to publish topic '/clock'! Valid publish topics are: dict_keys([]) 
[default_server_endpoint-1] [ERROR] [1785152200.604028320] [unity_endpoint]: Not registered to publish topic '/imu/data'! Valid publish topics are: dict_keys([]) 
[default_server_endpoint-1] [ERROR] [1785152200.604662052] [unity_endpoint]: Not registered to publish topic '/clock'! Valid publish topics are: dict_keys([]) 
[default_server_endpoint-1] [ERROR] [1785152200.605298069] [unity_endpoint]: Not registered to publish topic '/imu/data'! Valid publish topics are: dict_keys([]) 
[default_server_endpoint-1] [ERROR] [1785152200.605937987] [unity_endpoint]: Not registered to publish topic '/clock'! Valid publish topics are: dict_keys([]) 
[default_server_endpoint-1] [ERROR] [1785152200.606558161] [unity_endpoint]: Not registered to publish topic '/imu/data'! Valid publish topics are: dict_keys([]) 
[default_server_endpoint-1] [ERROR] [1785152200.607205680] [unity_endpoint]: Not registered to publish topic '/clock'! Valid publish topics are: dict_keys([]) 
[default_server_endpoint-1] [ERROR] [1785152200.607883695] [unity_endpoint]: Not registered to publish topic '/imu/data'! Valid publish topics are: dict_keys([]) 
[default_server_endpoint-1] [ERROR] [1785152200.608546564] [unity_endpoint]: Not registered to publish topic '/clock'! Valid publish topics are: dict_keys([]) 
[default_server_endpoint-1] [ERROR] [1785152200.609183612] [unity_endpoint]: Not registered to publish topic '/imu/data'! Valid publish topics are: dict_keys([]) 
[default_server_endpoint-1] [ERROR] [1785152200.609802293] [unity_endpoint]: Not registered to publish topic '/clock'! Valid publish topics are: dict_keys([]) 
[default_server_endpoint-1] [ERROR] [1785152200.610428596] [unity_endpoint]: Not registered to publish topic '/imu/data'! Valid publish topics are: dict_keys([]) 
[default_server_endpoint-1] [ERROR] [1785152200.611043956] [unity_endpoint]: Not registered to publish topic '/clock'! Valid publish topics are: dict_keys([]) 
[default_server_endpoint-1] [ERROR] [1785152200.620697045] [unity_endpoint]: Not registered to publish topic '/imu/data'! Valid publish topics are: dict_keys([]) 
[default_server_endpoint-1] [ERROR] [1785152200.621574744] [unity_endpoint]: Not registered to publish topic '/clock'! Valid publish topics are: dict_keys([]) 
[default_server_endpoint-1] [ERROR] [1785152200.622172384] [unity_endpoint]: Not registered to publish topic '/imu/data'! Valid publish topics are: dict_keys([]) 
[default_server_endpoint-1] [ERROR] [1785152200.622785982] [unity_endpoint]: Not registered to publish topic '/clock'! Valid publish topics are: dict_keys([]) 
[default_server_endpoint-1] [ERROR] [1785152200.623378386] [unity_endpoint]: Not registered to publish topic '/imu/data'! Valid publish topics are: dict_keys([]) 
[default_server_endpoint-1] [ERROR] [1785152200.623971997] [unity_endpoint]: Not registered to publish topic '/clock'! Valid publish topics are: dict_keys([]) 
[default_server_endpoint-1] [ERROR] [1785152200.624543471] [unity_endpoint]: Not registered to publish topic '/imu/data'! Valid publish topics are: dict_keys([]) 
[default_server_endpoint-1] [ERROR] [1785152200.625167830] [unity_endpoint]: Not registered to publish topic '/ground_truth_pose'! Valid publish topics are: dict_keys([]) 
[default_server_endpoint-1] [ERROR] [1785152200.625899742] [unity_endpoint]: Not registered to publish topic '/clock'! Valid publish topics are: dict_keys([]) 
[default_server_endpoint-1] [ERROR] [1785152200.626580778] [unity_endpoint]: Not registered to publish topic '/imu/data'! Valid publish topics are: dict_keys([]) 
[default_server_endpoint-1] [ERROR] [1785152200.627260776] [unity_endpoint]: Not registered to publish topic '/clock'! Valid publish topics are: dict_keys([]) 
[default_server_endpoint-1] [ERROR] [1785152200.627873821] [unity_endpoint]: Not registered to publish topic '/imu/data'! Valid publish topics are: dict_keys([]) 
[default_server_endpoint-1] [ERROR] [1785152200.628526630] [unity_endpoint]: Not registered to publish topic '/clock'! Valid publish topics are: dict_keys([]) 
[default_server_endpoint-1] [ERROR] [1785152200.629164991] [unity_endpoint]: Not registered to publish topic '/imu/data'! Valid publish topics are: dict_keys([]) 
[default_server_endpoint-1] [ERROR] [1785152200.629879050] [unity_endpoint]: Not registered to publish topic '/clock'! Valid publish topics are: dict_keys([]) 
[default_server_endpoint-1] [ERROR] [1785152200.630511934] [unity_endpoint]: Not registered to publish topic '/imu/data'! Valid publish topics are: dict_keys([]) 
[default_server_endpoint-1] [ERROR] [1785152200.631231924] [unity_endpoint]: Not registered to publish topic '/clock'! Valid publish topics are: dict_keys([]) 
[default_server_endpoint-1] [ERROR] [1785152200.632220274] [unity_endpoint]: Not registered to publish topic '/imu/data'! Valid publish topics are: dict_keys([]) 
[default_server_endpoint-1] [ERROR] [1785152200.633108732] [unity_endpoint]: Not registered to publish topic '/clock'! Valid publish topics are: dict_keys([]) 
[default_server_endpoint-1] [ERROR] [1785152200.633784143] [unity_endpoint]: Not registered to publish topic '/imu/data'! Valid publish topics are: dict_keys([]) 
[default_server_endpoint-1] [ERROR] [1785152200.642694285] [unity_endpoint]: Not registered to publish topic '/clock'! Valid publish topics are: dict_keys([]) 
[default_server_endpoint-1] [ERROR] [1785152200.644422179] [unity_endpoint]: Not registered to publish topic '/imu/data'! Valid publish topics are: dict_keys([]) 
[default_server_endpoint-1] [ERROR] [1785152200.645127053] [unity_endpoint]: Not registered to publish topic '/clock'! Valid publish topics are: dict_keys([]) 
[default_server_endpoint-1] [ERROR] [1785152200.645844412] [unity_endpoint]: Not registered to publish topic '/imu/data'! Valid publish topics are: dict_keys([]) 
[default_server_endpoint-1] [ERROR] [1785152200.646687145] [unity_endpoint]: Not registered to publish topic '/clock'! Valid publish topics are: dict_keys([]) 
[default_server_endpoint-1] [ERROR] [1785152200.647396740] [unity_endpoint]: Not registered to publish topic '/imu/data'! Valid publish topics are: dict_keys([]) 
[default_server_endpoint-1] [ERROR] [1785152200.648060059] [unity_endpoint]: Not registered to publish topic '/clock'! Valid publish topics are: dict_keys([]) 
[default_server_endpoint-1] [ERROR] [1785152200.648600300] [unity_endpoint]: Not registered to publish topic '/imu/data'! Valid publish topics are: dict_keys([]) 
[default_server_endpoint-1] [ERROR] [1785152200.649951906] [unity_endpoint]: Not registered to publish topic '/ground_truth_pose'! Valid publish topics are: dict_keys([]) 
[default_server_endpoint-1] [ERROR] [1785152200.651357074] [unity_endpoint]: Not registered to publish topic '/clock'! Valid publish topics are: dict_keys([]) 
[default_server_endpoint-1] [ERROR] [1785152200.653009160] [unity_endpoint]: Not registered to publish topic '/imu/data'! Valid publish topics are: dict_keys([]) 
[default_server_endpoint-1] [ERROR] [1785152200.656900811] [unity_endpoint]: Not registered to publish topic '/scan'! Valid publish topics are: dict_keys([]) 
[default_server_endpoint-1] [ERROR] [1785152200.658332539] [unity_endpoint]: Not registered to publish topic '/clock'! Valid publish topics are: dict_keys([]) 
[default_server_endpoint-1] [ERROR] [1785152200.665281186] [unity_endpoint]: Not registered to publish topic '/imu/data'! Valid publish topics are: dict_keys([]) 
[default_server_endpoint-1] [ERROR] [1785152200.666318242] [unity_endpoint]: Not registered to publish topic '/clock'! Valid publish topics are: dict_keys([]) 
[default_server_endpoint-1] [ERROR] [1785152200.667028966] [unity_endpoint]: Not registered to publish topic '/imu/data'! Valid publish topics are: dict_keys([]) 
[default_server_endpoint-1] [ERROR] [1785152200.667754644] [unity_endpoint]: Not registered to publish topic '/clock'! Valid publish topics are: dict_keys([]) 
[default_server_endpoint-1] [ERROR] [1785152200.668697914] [unity_endpoint]: Not registered to publish topic '/imu/data'! Valid publish topics are: dict_keys([]) 
[default_server_endpoint-1] [ERROR] [1785152200.669473734] [unity_endpoint]: Not registered to publish topic '/clock'! Valid publish topics are: dict_keys([]) 
[default_server_endpoint-1] [ERROR] [1785152200.670148115] [unity_endpoint]: Not registered to publish topic '/imu/data'! Valid publish topics are: dict_keys([]) 
[default_server_endpoint-1] [ERROR] [1785152200.671210375] [unity_endpoint]: Not registered to publish topic '/clock'! Valid publish topics are: dict_keys([]) 
[default_server_endpoint-1] [ERROR] [1785152200.672297194] [unity_endpoint]: Not registered to publish topic '/imu/data'! Valid publish topics are: dict_keys([]) 
[default_server_endpoint-1] [ERROR] [1785152200.674906512] [unity_endpoint]: Not registered to publish topic '/clock'! Valid publish topics are: dict_keys([]) 
[default_server_endpoint-1] [ERROR] [1785152200.677033065] [unity_endpoint]: Not registered to publish topic '/imu/data'! Valid publish topics are: dict_keys([]) 
[default_server_endpoint-1] [ERROR] [1785152200.688667893] [unity_endpoint]: Not registered to publish topic '/clock'! Valid publish topics are: dict_keys([]) 
[default_server_endpoint-1] [ERROR] [1785152200.689949430] [unity_endpoint]: Not registered to publish topic '/imu/data'! Valid publish topics are: dict_keys([]) 
[default_server_endpoint-1] [ERROR] [1785152200.691096303] [unity_endpoint]: Not registered to publish topic '/clock'! Valid publish topics are: dict_keys([]) 
[default_server_endpoint-1] [ERROR] [1785152200.694175709] [unity_endpoint]: Not registered to publish topic '/imu/data'! Valid publish topics are: dict_keys([]) 
[default_server_endpoint-1] [ERROR] [1785152200.696943015] [unity_endpoint]: Not registered to publish topic '/clock'! Valid publish topics are: dict_keys([]) 
[default_server_endpoint-1] [ERROR] [1785152200.697905155] [unity_endpoint]: Not registered to publish topic '/imu/data'! Valid publish topics are: dict_keys([]) 
[default_server_endpoint-1] [ERROR] [1785152200.701109403] [unity_endpoint]: Not registered to publish topic '/ground_truth_pose'! Valid publish topics are: dict_keys([]) 
[default_server_endpoint-1] [ERROR] [1785152200.702877011] [unity_endpoint]: Not registered to publish topic '/clock'! Valid publish topics are: dict_keys([]) 
[default_server_endpoint-1] [ERROR] [1785152200.704046744] [unity_endpoint]: Not registered to publish topic '/imu/data'! Valid publish topics are: dict_keys([]) 
[default_server_endpoint-1] [ERROR] [1785152200.704885021] [unity_endpoint]: Not registered to publish topic '/clock'! Valid publish topics are: dict_keys([]) 
[default_server_endpoint-1] [ERROR] [1785152200.706151834] [unity_endpoint]: Not registered to publish topic '/imu/data'! Valid publish topics are: dict_keys([]) 
[default_server_endpoint-1] [ERROR] [1785152200.708064230] [unity_endpoint]: Not registered to publish topic '/clock'! Valid publish topics are: dict_keys([]) 
[default_server_endpoint-1] [ERROR] [1785152200.712046327] [unity_endpoint]: Not registered to publish topic '/imu/data'! Valid publish topics are: dict_keys([]) 
[default_server_endpoint-1] [ERROR] [1785152200.713179156] [unity_endpoint]: Not registered to publish topic '/clock'! Valid publish topics are: dict_keys([]) 
[default_server_endpoint-1] [ERROR] [1785152200.714010839] [unity_endpoint]: Not registered to publish topic '/imu/data'! Valid publish topics are: dict_keys([]) 
[default_server_endpoint-1] [ERROR] [1785152200.714702360] [unity_endpoint]: Not registered to publish topic '/clock'! Valid publish topics are: dict_keys([]) 
[default_server_endpoint-1] [ERROR] [1785152200.715342277] [unity_endpoint]: Not registered to publish topic '/imu/data'! Valid publish topics are: dict_keys([]) 
[default_server_endpoint-1] [ERROR] [1785152200.715952913] [unity_endpoint]: Not registered to publish topic '/clock'! Valid publish topics are: dict_keys([]) 
[default_server_endpoint-1] [ERROR] [1785152200.716609753] [unity_endpoint]: Not registered to publish topic '/imu/data'! Valid publish topics are: dict_keys([]) 
[default_server_endpoint-1] [ERROR] [1785152200.717387599] [unity_endpoint]: Not registered to publish topic '/clock'! Valid publish topics are: dict_keys([]) 
[default_server_endpoint-1] [ERROR] [1785152200.718052400] [unity_endpoint]: Not registered to publish topic '/imu/data'! Valid publish topics are: dict_keys([]) 
[default_server_endpoint-1] [ERROR] [1785152200.718758264] [unity_endpoint]: Not registered to publish topic '/clock'! Valid publish topics are: dict_keys([]) 
[default_server_endpoint-1] [ERROR] [1785152200.719347000] [unity_endpoint]: Not registered to publish topic '/imu/data'! Valid publish topics are: dict_keys([]) 
[default_server_endpoint-1] [ERROR] [1785152200.719954092] [unity_endpoint]: Not registered to publish topic '/clock'! Valid publish topics are: dict_keys([]) 
[default_server_endpoint-1] [ERROR] [1785152200.720518136] [unity_endpoint]: Not registered to publish topic '/imu/data'! Valid publish topics are: dict_keys([]) 
[default_server_endpoint-1] [ERROR] [1785152200.721064062] [unity_endpoint]: Not registered to publish topic '/clock'! Valid publish topics are: dict_keys([]) 
[default_server_endpoint-1] [ERROR] [1785152200.721707986] [unity_endpoint]: Not registered to publish topic '/imu/data'! Valid publish topics are: dict_keys([]) 
[default_server_endpoint-1] [ERROR] [1785152200.722287298] [unity_endpoint]: Not registered to publish topic '/ground_truth_pose'! Valid publish topics are: dict_keys([]) 
[default_server_endpoint-1] [ERROR] [1785152200.722933576] [unity_endpoint]: Not registered to publish topic '/clock'! Valid publish topics are: dict_keys([]) 
[default_server_endpoint-1] [ERROR] [1785152200.723547371] [unity_endpoint]: Not registered to publish topic '/imu/data'! Valid publish topics are: dict_keys([]) 
[default_server_endpoint-1] [ERROR] [1785152200.724136987] [unity_endpoint]: Not registered to publish topic '/clock'! Valid publish topics are: dict_keys([]) 
[default_server_endpoint-1] [ERROR] [1785152200.724737625] [unity_endpoint]: Not registered to publish topic '/imu/data'! Valid publish topics are: dict_keys([]) 
[default_server_endpoint-1] [ERROR] [1785152200.725357607] [unity_endpoint]: Not registered to publish topic '/clock'! Valid publish topics are: dict_keys([]) 
[default_server_endpoint-1] [ERROR] [1785152200.732550599] [unity_endpoint]: Not registered to publish topic '/imu/data'! Valid publish topics are: dict_keys([]) 
[default_server_endpoint-1] [ERROR] [1785152200.734897592] [unity_endpoint]: Not registered to publish topic '/clock'! Valid publish topics are: dict_keys([]) 
[default_server_endpoint-1] [ERROR] [1785152200.735970421] [unity_endpoint]: Not registered to publish topic '/imu/data'! Valid publish topics are: dict_keys([]) 
[default_server_endpoint-1] [ERROR] [1785152200.736652662] [unity_endpoint]: Not registered to publish topic '/clock'! Valid publish topics are: dict_keys([]) 
[default_server_endpoint-1] [ERROR] [1785152200.737316028] [unity_endpoint]: Not registered to publish topic '/imu/data'! Valid publish topics are: dict_keys([]) 
[default_server_endpoint-1] [ERROR] [1785152200.737960457] [unity_endpoint]: Not registered to publish topic '/clock'! Valid publish topics are: dict_keys([]) 
[default_server_endpoint-1] [ERROR] [1785152200.738589010] [unity_endpoint]: Not registered to publish topic '/imu/data'! Valid publish topics are: dict_keys([]) 
[default_server_endpoint-1] [ERROR] [1785152200.754741279] [unity_endpoint]: Not registered to publish topic '/scan'! Valid publish topics are: dict_keys([]) 
[default_server_endpoint-1] [ERROR] [1785152200.755758789] [unity_endpoint]: Not registered to publish topic '/clock'! Valid publish topics are: dict_keys([]) 
[default_server_endpoint-1] [ERROR] [1785152200.756487393] [unity_endpoint]: Not registered to publish topic '/imu/data'! Valid publish topics are: dict_keys([]) 
[default_server_endpoint-1] [ERROR] [1785152200.757174066] [unity_endpoint]: Not registered to publish topic '/clock'! Valid publish topics are: dict_keys([]) 
[default_server_endpoint-1] [ERROR] [1785152200.757816617] [unity_endpoint]: Not registered to publish topic '/imu/data'! Valid publish topics are: dict_keys([]) 
[default_server_endpoint-1] [ERROR] [1785152200.758490253] [unity_endpoint]: Not registered to publish topic '/clock'! Valid publish topics are: dict_keys([]) 
[default_server_endpoint-1] [ERROR] [1785152200.759104884] [unity_endpoint]: Not registered to publish topic '/imu/data'! Valid publish topics are: dict_keys([]) 
[default_server_endpoint-1] [ERROR] [1785152200.759749147] [unity_endpoint]: Not registered to publish topic '/clock'! Valid publish topics are: dict_keys([]) 
[default_server_endpoint-1] [ERROR] [1785152200.760396769] [unity_endpoint]: Not registered to publish topic '/imu/data'! Valid publish topics are: dict_keys([]) 
[default_server_endpoint-1] [ERROR] [1785152200.761033223] [unity_endpoint]: Not registered to publish topic '/ground_truth_pose'! Valid publish topics are: dict_keys([]) 
[default_server_endpoint-1] [ERROR] [1785152200.761737129] [unity_endpoint]: Not registered to publish topic '/clock'! Valid publish topics are: dict_keys([]) 
[default_server_endpoint-1] [ERROR] [1785152200.762409572] [unity_endpoint]: Not registered to publish topic '/imu/data'! Valid publish topics are: dict_keys([]) 
[default_server_endpoint-1] [ERROR] [1785152200.763046820] [unity_endpoint]: Not registered to publish topic '/clock'! Valid publish topics are: dict_keys([]) 
[default_server_endpoint-1] [ERROR] [1785152200.763744731] [unity_endpoint]: Not registered to publish topic '/imu/data'! Valid publish topics are: dict_keys([]) 
[default_server_endpoint-1] [ERROR] [1785152200.764518522] [unity_endpoint]: Not registered to publish topic '/clock'! Valid publish topics are: dict_keys([]) 
[default_server_endpoint-1] [ERROR] [1785152200.767202004] [unity_endpoint]: Not registered to publish topic '/imu/data'! Valid publish topics are: dict_keys([]) 
[default_server_endpoint-1] [ERROR] [1785152200.772532552] [unity_endpoint]: Not registered to publish topic '/clock'! Valid publish topics are: dict_keys([]) 
[default_server_endpoint-1] [ERROR] [1785152200.775025862] [unity_endpoint]: Not registered to publish topic '/imu/data'! Valid publish topics are: dict_keys([]) 
[default_server_endpoint-1] [ERROR] [1785152200.776074252] [unity_endpoint]: Not registered to publish topic '/clock'! Valid publish topics are: dict_keys([]) 
[default_server_endpoint-1] [ERROR] [1785152200.776942692] [unity_endpoint]: Not registered to publish topic '/imu/data'! Valid publish topics are: dict_keys([]) 
[default_server_endpoint-1] [ERROR] [1785152200.777999966] [unity_endpoint]: Not registered to publish topic '/clock'! Valid publish topics are: dict_keys([]) 
[default_server_endpoint-1] [ERROR] [1785152200.778644318] [unity_endpoint]: Not registered to publish topic '/imu/data'! Valid publish topics are: dict_keys([]) 
[default_server_endpoint-1] [ERROR] [1785152200.779325098] [unity_endpoint]: Not registered to publish topic '/clock'! Valid publish topics are: dict_keys([]) 
[default_server_endpoint-1] [ERROR] [1785152200.780000347] [unity_endpoint]: Not registered to publish topic '/imu/data'! Valid publish topics are: dict_keys([]) 
[default_server_endpoint-1] [ERROR] [1785152200.780675864] [unity_endpoint]: Not registered to publish topic '/clock'! Valid publish topics are: dict_keys([]) 
[default_server_endpoint-1] [ERROR] [1785152200.781319487] [unity_endpoint]: Not registered to publish topic '/imu/data'! Valid publish topics are: dict_keys([]) 
[default_server_endpoint-1] [ERROR] [1785152200.781977808] [unity_endpoint]: Not registered to publish topic '/clock'! Valid publish topics are: dict_keys([]) 
[default_server_endpoint-1] [ERROR] [1785152200.782534026] [unity_endpoint]: Not registered to publish topic '/imu/data'! Valid publish topics are: dict_keys([]) 
[default_server_endpoint-1] [ERROR] [1785152200.783479008] [unity_endpoint]: Not registered to publish topic '/clock'! Valid publish topics are: dict_keys([]) 
[default_server_endpoint-1] [ERROR] [1785152200.792837189] [unity_endpoint]: Not registered to publish topic '/imu/data'! Valid publish topics are: dict_keys([]) 
[default_server_endpoint-1] [ERROR] [1785152200.793875037] [unity_endpoint]: Not registered to publish topic '/ground_truth_pose'! Valid publish topics are: dict_keys([]) 
[default_server_endpoint-1] [ERROR] [1785152200.794582106] [unity_endpoint]: Not registered to publish topic '/clock'! Valid publish topics are: dict_keys([]) 
[default_server_endpoint-1] [ERROR] [1785152200.795166302] [unity_endpoint]: Not registered to publish topic '/imu/data'! Valid publish topics are: dict_keys([]) 
[default_server_endpoint-1] [ERROR] [1785152200.795764508] [unity_endpoint]: Not registered to publish topic '/clock'! Valid publish topics are: dict_keys([]) 
[default_server_endpoint-1] [ERROR] [1785152200.796358237] [unity_endpoint]: Not registered to publish topic '/imu/data'! Valid publish topics are: dict_keys([]) 
[default_server_endpoint-1] [ERROR] [1785152200.796964128] [unity_endpoint]: Not registered to publish topic '/clock'! Valid publish topics are: dict_keys([]) 
[default_server_endpoint-1] [ERROR] [1785152200.797598093] [unity_endpoint]: Not registered to publish topic '/imu/data'! Valid publish topics are: dict_keys([]) 
[default_server_endpoint-1] [ERROR] [1785152200.798217026] [unity_endpoint]: Not registered to publish topic '/clock'! Valid publish topics are: dict_keys([]) 
[default_server_endpoint-1] [ERROR] [1785152200.798959897] [unity_endpoint]: Not registered to publish topic '/imu/data'! Valid publish topics are: dict_keys([]) 
[default_server_endpoint-1] [ERROR] [1785152200.799624981] [unity_endpoint]: Not registered to publish topic '/clock'! Valid publish topics are: dict_keys([]) 
[default_server_endpoint-1] [ERROR] [1785152200.800529547] [unity_endpoint]: Not registered to publish topic '/imu/data'! Valid publish topics are: dict_keys([]) 
[default_server_endpoint-1] [ERROR] [1785152200.801490235] [unity_endpoint]: Not registered to publish topic '/clock'! Valid publish topics are: dict_keys([]) 
[default_server_endpoint-1] [ERROR] [1785152200.802397694] [unity_endpoint]: Not registered to publish topic '/imu/data'! Valid publish topics are: dict_keys([]) 
[default_server_endpoint-1] [ERROR] [1785152200.812258534] [unity_endpoint]: Not registered to publish topic '/clock'! Valid publish topics are: dict_keys([]) 
[default_server_endpoint-1] [ERROR] [1785152200.813335859] [unity_endpoint]: Not registered to publish topic '/imu/data'! Valid publish topics are: dict_keys([]) 
[default_server_endpoint-1] [ERROR] [1785152200.814095508] [unity_endpoint]: Not registered to publish topic '/clock'! Valid publish topics are: dict_keys([]) 
[default_server_endpoint-1] [ERROR] [1785152200.814759722] [unity_endpoint]: Not registered to publish topic '/imu/data'! Valid publish topics are: dict_keys([]) 
[default_server_endpoint-1] [ERROR] [1785152200.815404409] [unity_endpoint]: Not registered to publish topic '/clock'! Valid publish topics are: dict_keys([]) 
[default_server_endpoint-1] [ERROR] [1785152200.816029614] [unity_endpoint]: Not registered to publish topic '/imu/data'! Valid publish topics are: dict_keys([]) 
[default_server_endpoint-1] [ERROR] [1785152200.816650820] [unity_endpoint]: Not registered to publish topic '/clock'! Valid publish topics are: dict_keys([]) 
[default_server_endpoint-1] [ERROR] [1785152200.817283755] [unity_endpoint]: Not registered to publish topic '/imu/data'! Valid publish topics are: dict_keys([]) 
[default_server_endpoint-1] [ERROR] [1785152200.817965768] [unity_endpoint]: Not registered to publish topic '/ground_truth_pose'! Valid publish topics are: dict_keys([]) 
[default_server_endpoint-1] [ERROR] [1785152200.824731302] [unity_endpoint]: Not registered to publish topic '/clock'! Valid publish topics are: dict_keys([]) 
[default_server_endpoint-1] [ERROR] [1785152200.828151284] [unity_endpoint]: Not registered to publish topic '/imu/data'! Valid publish topics are: dict_keys([]) 
[default_server_endpoint-1] [ERROR] [1785152200.829120618] [unity_endpoint]: Not registered to publish topic '/scan'! Valid publish topics are: dict_keys([]) 
[default_server_endpoint-1] [ERROR] [1785152200.830032570] [unity_endpoint]: Not registered to publish topic '/clock'! Valid publish topics are: dict_keys([]) 
[default_server_endpoint-1] [ERROR] [1785152200.830995477] [unity_endpoint]: Not registered to publish topic '/imu/data'! Valid publish topics are: dict_keys([]) 
[default_server_endpoint-1] [ERROR] [1785152200.831849687] [unity_endpoint]: Not registered to publish topic '/clock'! Valid publish topics are: dict_keys([]) 
[default_server_endpoint-1] [ERROR] [1785152200.832515856] [unity_endpoint]: Not registered to publish topic '/imu/data'! Valid publish topics are: dict_keys([]) 
[default_server_endpoint-1] [ERROR] [1785152200.833125201] [unity_endpoint]: Not registered to publish topic '/clock'! Valid publish topics are: dict_keys([]) 
[default_server_endpoint-1] [ERROR] [1785152200.833840582] [unity_endpoint]: Not registered to publish topic '/imu/data'! Valid publish topics are: dict_keys([]) 
[default_server_endpoint-1] [ERROR] [1785152200.834660481] [unity_endpoint]: Not registered to publish topic '/clock'! Valid publish topics are: dict_keys([]) 
[default_server_endpoint-1] [ERROR] [1785152200.835584727] [unity_endpoint]: Not registered to publish topic '/imu/data'! Valid publish topics are: dict_keys([]) 
[default_server_endpoint-1] [ERROR] [1785152200.836460193] [unity_endpoint]: Not registered to publish topic '/clock'! Valid publish topics are: dict_keys([]) 
[default_server_endpoint-1] [ERROR] [1785152200.837205679] [unity_endpoint]: Not registered to publish topic '/imu/data'! Valid publish topics are: dict_keys([]) 
[default_server_endpoint-1] [ERROR] [1785152200.847516834] [unity_endpoint]: Not registered to publish topic '/clock'! Valid publish topics are: dict_keys([]) 
[default_server_endpoint-1] [ERROR] [1785152200.848398454] [unity_endpoint]: Not registered to publish topic '/imu/data'! Valid publish topics are: dict_keys([]) 
[default_server_endpoint-1] [ERROR] [1785152200.849138427] [unity_endpoint]: Not registered to publish topic '/clock'! Valid publish topics are: dict_keys([]) 
[default_server_endpoint-1] [ERROR] [1785152200.849788444] [unity_endpoint]: Not registered to publish topic '/imu/data'! Valid publish topics are: dict_keys([]) 
[default_server_endpoint-1] [ERROR] [1785152200.850579110] [unity_endpoint]: Not registered to publish topic '/clock'! Valid publish topics are: dict_keys([]) 
[default_server_endpoint-1] [ERROR] [1785152200.851530186] [unity_endpoint]: Not registered to publish topic '/imu/data'! Valid publish topics are: dict_keys([]) 
[default_server_endpoint-1] [ERROR] [1785152200.852525145] [unity_endpoint]: Not registered to publish topic '/clock'! Valid publish topics are: dict_keys([]) 
[default_server_endpoint-1] [ERROR] [1785152200.853284462] [unity_endpoint]: Not registered to publish topic '/imu/data'! Valid publish topics are: dict_keys([]) 
[default_server_endpoint-1] [ERROR] [1785152200.854006568] [unity_endpoint]: Not registered to publish topic '/ground_truth_pose'! Valid publish topics are: dict_keys([]) 
[default_server_endpoint-1] [ERROR] [1785152200.854681731] [unity_endpoint]: Not registered to publish topic '/clock'! Valid publish topics are: dict_keys([]) 
[default_server_endpoint-1] [ERROR] [1785152200.855309986] [unity_endpoint]: Not registered to publish topic '/imu/data'! Valid publish topics are: dict_keys([]) 
[default_server_endpoint-1] [ERROR] [1785152200.856118508] [unity_endpoint]: Not registered to publish topic '/clock'! Valid publish topics are: dict_keys([]) 
[default_server_endpoint-1] [ERROR] [1785152200.856992567] [unity_endpoint]: Not registered to publish topic '/imu/data'! Valid publish topics are: dict_keys([]) 
[default_server_endpoint-1] [ERROR] [1785152200.857749064] [unity_endpoint]: Not registered to publish topic '/clock'! Valid publish topics are: dict_keys([]) 
[default_server_endpoint-1] [ERROR] [1785152200.858360192] [unity_endpoint]: Not registered to publish topic '/imu/data'! Valid publish topics are: dict_keys([]) 
[default_server_endpoint-1] [ERROR] [1785152200.859007297] [unity_endpoint]: Not registered to publish topic '/clock'! Valid publish topics are: dict_keys([]) 
[default_server_endpoint-1] [ERROR] [1785152200.859675358] [unity_endpoint]: Not registered to publish topic '/imu/data'! Valid publish topics are: dict_keys([]) 
[default_server_endpoint-1] [ERROR] [1785152200.860349095] [unity_endpoint]: Not registered to publish topic '/clock'! Valid publish topics are: dict_keys([]) 
[default_server_endpoint-1] [ERROR] [1785152200.861586386] [unity_endpoint]: Not registered to publish topic '/imu/data'! Valid publish topics are: dict_keys([]) 
[default_server_endpoint-1] [ERROR] [1785152200.862363527] [unity_endpoint]: Not registered to publish topic '/clock'! Valid publish topics are: dict_keys([]) 
[default_server_endpoint-1] [ERROR] [1785152200.864242624] [unity_endpoint]: Not registered to publish topic '/imu/data'! Valid publish topics are: dict_keys([]) 
[default_server_endpoint-1] [ERROR] [1785152200.869142292] [unity_endpoint]: Not registered to publish topic '/clock'! Valid publish topics are: dict_keys([]) 
[default_server_endpoint-1] [ERROR] [1785152200.870271857] [unity_endpoint]: Not registered to publish topic '/imu/data'! Valid publish topics are: dict_keys([]) 
[default_server_endpoint-1] [ERROR] [1785152200.871045941] [unity_endpoint]: Not registered to publish topic '/clock'! Valid publish topics are: dict_keys([]) 
[default_server_endpoint-1] [ERROR] [1785152200.871682268] [unity_endpoint]: Not registered to publish topic '/imu/data'! Valid publish topics are: dict_keys([]) 
[default_server_endpoint-1] [ERROR] [1785152200.872283669] [unity_endpoint]: Not registered to publish topic '/clock'! Valid publish topics are: dict_keys([]) 
[default_server_endpoint-1] [ERROR] [1785152200.872895215] [unity_endpoint]: Not registered to publish topic '/imu/data'! Valid publish topics are: dict_keys([]) 
[default_server_endpoint-1] [ERROR] [1785152200.873625509] [unity_endpoint]: Not registered to publish topic '/clock'! Valid publish topics are: dict_keys([]) 
[default_server_endpoint-1] [ERROR] [1785152200.874240932] [unity_endpoint]: Not registered to publish topic '/imu/data'! Valid publish topics are: dict_keys([]) 
[default_server_endpoint-1] [ERROR] [1785152200.874847474] [unity_endpoint]: Not registered to publish topic '/ground_truth_pose'! Valid publish topics are: dict_keys([]) 
[default_server_endpoint-1] [ERROR] [1785152200.875474659] [unity_endpoint]: Not registered to publish topic '/clock'! Valid publish topics are: dict_keys([]) 
[default_server_endpoint-1] [ERROR] [1785152200.876213193] [unity_endpoint]: Not registered to publish topic '/imu/data'! Valid publish topics are: dict_keys([]) 
[default_server_endpoint-1] [ERROR] [1785152200.876852357] [unity_endpoint]: Not registered to publish topic '/clock'! Valid publish topics are: dict_keys([]) 
[default_server_endpoint-1] [ERROR] [1785152200.888015853] [unity_endpoint]: Not registered to publish topic '/imu/data'! Valid publish topics are: dict_keys([]) 
[default_server_endpoint-1] [ERROR] [1785152200.889134596] [unity_endpoint]: Not registered to publish topic '/clock'! Valid publish topics are: dict_keys([]) 
[default_server_endpoint-1] [ERROR] [1785152200.889868828] [unity_endpoint]: Not registered to publish topic '/imu/data'! Valid publish topics are: dict_keys([]) 
[default_server_endpoint-1] [ERROR] [1785152200.890515679] [unity_endpoint]: Not registered to publish topic '/clock'! Valid publish topics are: dict_keys([]) 
[default_server_endpoint-1] [ERROR] [1785152200.891189024] [unity_endpoint]: Not registered to publish topic '/imu/data'! Valid publish topics are: dict_keys([]) 
[default_server_endpoint-1] [ERROR] [1785152200.891813483] [unity_endpoint]: Not registered to publish topic '/clock'! Valid publish topics are: dict_keys([]) 
[default_server_endpoint-1] [ERROR] [1785152200.892472739] [unity_endpoint]: Not registered to publish topic '/imu/data'! Valid publish topics are: dict_keys([]) 
[default_server_endpoint-1] [ERROR] [1785152200.893113807] [unity_endpoint]: Not registered to publish topic '/clock'! Valid publish topics are: dict_keys([]) 
[default_server_endpoint-1] [ERROR] [1785152200.893787419] [unity_endpoint]: Not registered to publish topic '/imu/data'! Valid publish topics are: dict_keys([]) 
[default_server_endpoint-1] [ERROR] [1785152200.894482542] [unity_endpoint]: Not registered to publish topic '/scan'! Valid publish topics are: dict_keys([]) 
[default_server_endpoint-1] [ERROR] [1785152200.895257895] [unity_endpoint]: Not registered to publish topic '/clock'! Valid publish topics are: dict_keys([]) 
[default_server_endpoint-1] [ERROR] [1785152200.895909844] [unity_endpoint]: Not registered to publish topic '/imu/data'! Valid publish topics are: dict_keys([]) 
[default_server_endpoint-1] [ERROR] [1785152200.896563792] [unity_endpoint]: Not registered to publish topic '/clock'! Valid publish topics are: dict_keys([]) 
[default_server_endpoint-1] [ERROR] [1785152200.897245794] [unity_endpoint]: Not registered to publish topic '/imu/data'! Valid publish topics are: dict_keys([]) 
[default_server_endpoint-1] [ERROR] [1785152200.897898375] [unity_endpoint]: Not registered to publish topic '/clock'! Valid publish topics are: dict_keys([]) 
[default_server_endpoint-1] [ERROR] [1785152200.898538339] [unity_endpoint]: Not registered to publish topic '/imu/data'! Valid publish topics are: dict_keys([]) 
[default_server_endpoint-1] [ERROR] [1785152200.899192130] [unity_endpoint]: Not registered to publish topic '/clock'! Valid publish topics are: dict_keys([]) 
[default_server_endpoint-1] [ERROR] [1785152200.899863120] [unity_endpoint]: Not registered to publish topic '/imu/data'! Valid publish topics are: dict_keys([]) 
[default_server_endpoint-1] [ERROR] [1785152200.910805490] [unity_endpoint]: Not registered to publish topic '/ground_truth_pose'! Valid publish topics are: dict_keys([]) 
[default_server_endpoint-1] [ERROR] [1785152200.919666279] [unity_endpoint]: Not registered to publish topic '/clock'! Valid publish topics are: dict_keys([]) 
[default_server_endpoint-1] [ERROR] [1785152200.920852419] [unity_endpoint]: Not registered to publish topic '/imu/data'! Valid publish topics are: dict_keys([]) 
[default_server_endpoint-1] [ERROR] [1785152200.922802522] [unity_endpoint]: Not registered to publish topic '/clock'! Valid publish topics are: dict_keys([]) 
[default_server_endpoint-1] [ERROR] [1785152200.925209390] [unity_endpoint]: Not registered to publish topic '/imu/data'! Valid publish topics are: dict_keys([]) 
[default_server_endpoint-1] [ERROR] [1785152200.927727064] [unity_endpoint]: Not registered to publish topic '/clock'! Valid publish topics are: dict_keys([]) 
[default_server_endpoint-1] [ERROR] [1785152200.928469219] [unity_endpoint]: Not registered to publish topic '/imu/data'! Valid publish topics are: dict_keys([]) 
[default_server_endpoint-1] [ERROR] [1785152200.929158442] [unity_endpoint]: Not registered to publish topic '/clock'! Valid publish topics are: dict_keys([]) 
[default_server_endpoint-1] [ERROR] [1785152200.929802655] [unity_endpoint]: Not registered to publish topic '/imu/data'! Valid publish topics are: dict_keys([]) 
[default_server_endpoint-1] [ERROR] [1785152200.932120887] [unity_endpoint]: Not registered to publish topic '/clock'! Valid publish topics are: dict_keys([]) 
[default_server_endpoint-1] [ERROR] [1785152200.932751107] [unity_endpoint]: Not registered to publish topic '/imu/data'! Valid publish topics are: dict_keys([]) 
[default_server_endpoint-1] [ERROR] [1785152200.933233002] [unity_endpoint]: Not registered to publish topic '/clock'! Valid publish topics are: dict_keys([]) 
[default_server_endpoint-1] [ERROR] [1785152200.933744585] [unity_endpoint]: Not registered to publish topic '/imu/data'! Valid publish topics are: dict_keys([]) 
[default_server_endpoint-1] [ERROR] [1785152200.934234527] [unity_endpoint]: Not registered to publish topic '/clock'! Valid publish topics are: dict_keys([]) 
[default_server_endpoint-1] [ERROR] [1785152200.939194227] [unity_endpoint]: Not registered to publish topic '/imu/data'! Valid publish topics are: dict_keys([]) 
[default_server_endpoint-1] [ERROR] [1785152200.942372592] [unity_endpoint]: Not registered to publish topic '/clock'! Valid publish topics are: dict_keys([]) 
[default_server_endpoint-1] [ERROR] [1785152200.943399380] [unity_endpoint]: Not registered to publish topic '/imu/data'! Valid publish topics are: dict_keys([]) 
[default_server_endpoint-1] [ERROR] [1785152200.943951066] [unity_endpoint]: Not registered to publish topic '/clock'! Valid publish topics are: dict_keys([]) 
[default_server_endpoint-1] [ERROR] [1785152200.944426614] [unity_endpoint]: Not registered to publish topic '/imu/data'! Valid publish topics are: dict_keys([]) 
[default_server_endpoint-1] [ERROR] [1785152200.944897208] [unity_endpoint]: Not registered to publish topic '/clock'! Valid publish topics are: dict_keys([]) 
[default_server_endpoint-1] [ERROR] [1785152200.945646761] [unity_endpoint]: Not registered to publish topic '/imu/data'! Valid publish topics are: dict_keys([]) 
[default_server_endpoint-1] [ERROR] [1785152200.946390333] [unity_endpoint]: Not registered to publish topic '/ground_truth_pose'! Valid publish topics are: dict_keys([]) 
[default_server_endpoint-1] [ERROR] [1785152200.947094317] [unity_endpoint]: Not registered to publish topic '/clock'! Valid publish topics are: dict_keys([]) 
[default_server_endpoint-1] [ERROR] [1785152200.947741974] [unity_endpoint]: Not registered to publish topic '/imu/data'! Valid publish topics are: dict_keys([]) 
[default_server_endpoint-1] [ERROR] [1785152200.948339104] [unity_endpoint]: Not registered to publish topic '/clock'! Valid publish topics are: dict_keys([]) 
[default_server_endpoint-1] [ERROR] [1785152200.948973834] [unity_endpoint]: Not registered to publish topic '/imu/data'! Valid publish topics are: dict_keys([]) 
[default_server_endpoint-1] [ERROR] [1785152200.949651215] [unity_endpoint]: Not registered to publish topic '/clock'! Valid publish topics are: dict_keys([]) 
[default_server_endpoint-1] [ERROR] [1785152200.950531571] [unity_endpoint]: Not registered to publish topic '/imu/data'! Valid publish topics are: dict_keys([]) 
[default_server_endpoint-1] [ERROR] [1785152200.951236301] [unity_endpoint]: Not registered to publish topic '/clock'! Valid publish topics are: dict_keys([]) 
[default_server_endpoint-1] [ERROR] [1785152200.952060891] [unity_endpoint]: Not registered to publish topic '/imu/data'! Valid publish topics are: dict_keys([]) 
[default_server_endpoint-1] [ERROR] [1785152200.952744952] [unity_endpoint]: Not registered to publish topic '/clock'! Valid publish topics are: dict_keys([]) 
[default_server_endpoint-1] [ERROR] [1785152200.956041763] [unity_endpoint]: Not registered to publish topic '/imu/data'! Valid publish topics are: dict_keys([]) 
[default_server_endpoint-1] [ERROR] [1785152200.962862327] [unity_endpoint]: Not registered to publish topic '/clock'! Valid publish topics are: dict_keys([]) 
[default_server_endpoint-1] [ERROR] [1785152200.963667047] [unity_endpoint]: Not registered to publish topic '/imu/data'! Valid publish topics are: dict_keys([]) 
[default_server_endpoint-1] [ERROR] [1785152200.964370607] [unity_endpoint]: Not registered to publish topic '/clock'! Valid publish topics are: dict_keys([]) 
[default_server_endpoint-1] [ERROR] [1785152200.964994676] [unity_endpoint]: Not registered to publish topic '/imu/data'! Valid publish topics are: dict_keys([]) 
[default_server_endpoint-1] [ERROR] [1785152200.965624901] [unity_endpoint]: Not registered to publish topic '/clock'! Valid publish topics are: dict_keys([]) 
[default_server_endpoint-1] [ERROR] [1785152200.966195407] [unity_endpoint]: Not registered to publish topic '/imu/data'! Valid publish topics are: dict_keys([]) 
[default_server_endpoint-1] [ERROR] [1785152200.966818620] [unity_endpoint]: Not registered to publish topic '/clock'! Valid publish topics are: dict_keys([]) 
[default_server_endpoint-1] [ERROR] [1785152200.967469100] [unity_endpoint]: Not registered to publish topic '/imu/data'! Valid publish topics are: dict_keys([]) 
[default_server_endpoint-1] [ERROR] [1785152200.968121328] [unity_endpoint]: Not registered to publish topic '/clock'! Valid publish topics are: dict_keys([]) 
[default_server_endpoint-1] [ERROR] [1785152200.968920297] [unity_endpoint]: Not registered to publish topic '/imu/data'! Valid publish topics are: dict_keys([]) 
[default_server_endpoint-1] [ERROR] [1785152200.969535429] [unity_endpoint]: Not registered to publish topic '/ground_truth_pose'! Valid publish topics are: dict_keys([]) 
[default_server_endpoint-1] [ERROR] [1785152200.970125031] [unity_endpoint]: Not registered to publish topic '/clock'! Valid publish topics are: dict_keys([]) 
[default_server_endpoint-1] [ERROR] [1785152200.970640555] [unity_endpoint]: Not registered to publish topic '/imu/data'! Valid publish topics are: dict_keys([]) 
[default_server_endpoint-1] [ERROR] [1785152200.971022356] [unity_endpoint]: Not registered to publish topic '/scan'! Valid publish topics are: dict_keys([]) 
[default_server_endpoint-1] [ERROR] [1785152200.971827744] [unity_endpoint]: Not registered to publish topic '/clock'! Valid publish topics are: dict_keys([]) 
[default_server_endpoint-1] [ERROR] [1785152200.972376456] [unity_endpoint]: Not registered to publish topic '/imu/data'! Valid publish topics are: dict_keys([]) 
[default_server_endpoint-1] [ERROR] [1785152200.977807982] [unity_endpoint]: Not registered to publish topic '/clock'! Valid publish topics are: dict_keys([]) 
[default_server_endpoint-1] [ERROR] [1785152200.983344005] [unity_endpoint]: Not registered to publish topic '/imu/data'! Valid publish topics are: dict_keys([]) 
[default_server_endpoint-1] [ERROR] [1785152200.984063720] [unity_endpoint]: Not registered to publish topic '/clock'! Valid publish topics are: dict_keys([]) 
[default_server_endpoint-1] [ERROR] [1785152200.984624921] [unity_endpoint]: Not registered to publish topic '/imu/data'! Valid publish topics are: dict_keys([]) 
[default_server_endpoint-1] [ERROR] [1785152200.985302390] [unity_endpoint]: Not registered to publish topic '/clock'! Valid publish topics are: dict_keys([]) 
[default_server_endpoint-1] [ERROR] [1785152200.985963524] [unity_endpoint]: Not registered to publish topic '/imu/data'! Valid publish topics are: dict_keys([]) 
[default_server_endpoint-1] [ERROR] [1785152200.986468482] [unity_endpoint]: Not registered to publish topic '/clock'! Valid publish topics are: dict_keys([]) 
[default_server_endpoint-1] [ERROR] [1785152200.986961956] [unity_endpoint]: Not registered to publish topic '/imu/data'! Valid publish topics are: dict_keys([]) 
[default_server_endpoint-1] [ERROR] [1785152200.987427634] [unity_endpoint]: Not registered to publish topic '/clock'! Valid publish topics are: dict_keys([]) 
[default_server_endpoint-1] [ERROR] [1785152200.987953750] [unity_endpoint]: Not registered to publish topic '/imu/data'! Valid publish topics are: dict_keys([]) 
[default_server_endpoint-1] [ERROR] [1785152200.988983795] [unity_endpoint]: Not registered to publish topic '/clock'! Valid publish topics are: dict_keys([]) 
[default_server_endpoint-1] [ERROR] [1785152200.989809774] [unity_endpoint]: Not registered to publish topic '/imu/data'! Valid publish topics are: dict_keys([]) 
[default_server_endpoint-1] [ERROR] [1785152200.990512227] [unity_endpoint]: Not registered to publish topic '/clock'! Valid publish topics are: dict_keys([]) 
[default_server_endpoint-1] [ERROR] [1785152200.991158629] [unity_endpoint]: Not registered to publish topic '/imu/data'! Valid publish topics are: dict_keys([]) 
[default_server_endpoint-1] [ERROR] [1785152200.991790106] [unity_endpoint]: Not registered to publish topic '/clock'! Valid publish topics are: dict_keys([]) 
[default_server_endpoint-1] [ERROR] [1785152200.992460327] [unity_endpoint]: Not registered to publish topic '/imu/data'! Valid publish topics are: dict_keys([]) 
[default_server_endpoint-1] [ERROR] [1785152200.995244816] [unity_endpoint]: Not registered to publish topic '/ground_truth_pose'! Valid publish topics are: dict_keys([]) 
[default_server_endpoint-1] [ERROR] [1785152201.018437489] [unity_endpoint]: Not registered to publish topic '/clock'! Valid publish topics are: dict_keys([]) 
[default_server_endpoint-1] [ERROR] [1785152201.019484410] [unity_endpoint]: Not registered to publish topic '/imu/data'! Valid publish topics are: dict_keys([]) 
[default_server_endpoint-1] [ERROR] [1785152201.020224094] [unity_endpoint]: Not registered to publish topic '/clock'! Valid publish topics are: dict_keys([]) 
[default_server_endpoint-1] [ERROR] [1785152201.020885586] [unity_endpoint]: Not registered to publish topic '/imu/data'! Valid publish topics are: dict_keys([]) 
[default_server_endpoint-1] [ERROR] [1785152201.021591850] [unity_endpoint]: Not registered to publish topic '/clock'! Valid publish topics are: dict_keys([]) 
[default_server_endpoint-1] [ERROR] [1785152201.022353913] [unity_endpoint]: Not registered to publish topic '/imu/data'! Valid publish topics are: dict_keys([]) 
[default_server_endpoint-1] [ERROR] [1785152201.023164927] [unity_endpoint]: Not registered to publish topic '/clock'! Valid publish topics are: dict_keys([]) 
[default_server_endpoint-1] [ERROR] [1785152201.023971783] [unity_endpoint]: Not registered to publish topic '/imu/data'! Valid publish topics are: dict_keys([]) 
[default_server_endpoint-1] [ERROR] [1785152201.024757056] [unity_endpoint]: Not registered to publish topic '/clock'! Valid publish topics are: dict_keys([]) 
[default_server_endpoint-1] [ERROR] [1785152201.025344924] [unity_endpoint]: Not registered to publish topic '/imu/data'! Valid publish topics are: dict_keys([]) 
[default_server_endpoint-1] [ERROR] [1785152201.026075751] [unity_endpoint]: Not registered to publish topic '/clock'! Valid publish topics are: dict_keys([]) 
[default_server_endpoint-1] [ERROR] [1785152201.026747458] [unity_endpoint]: Not registered to publish topic '/imu/data'! Valid publish topics are: dict_keys([]) 
[default_server_endpoint-1] [ERROR] [1785152201.027433980] [unity_endpoint]: Not registered to publish topic '/clock'! Valid publish topics are: dict_keys([]) 
[default_server_endpoint-1] [ERROR] [1785152201.028198345] [unity_endpoint]: Not registered to publish topic '/imu/data'! Valid publish topics are: dict_keys([]) 
[default_server_endpoint-1] [ERROR] [1785152201.028795501] [unity_endpoint]: Not registered to publish topic '/clock'! Valid publish topics are: dict_keys([]) 
[default_server_endpoint-1] [ERROR] [1785152201.029389571] [unity_endpoint]: Not registered to publish topic '/imu/data'! Valid publish topics are: dict_keys([]) 
[default_server_endpoint-1] [ERROR] [1785152201.030043693] [unity_endpoint]: Not registered to publish topic '/clock'! Valid publish topics are: dict_keys([]) 
[default_server_endpoint-1] [ERROR] [1785152201.030700486] [unity_endpoint]: Not registered to publish topic '/imu/data'! Valid publish topics are: dict_keys([]) 
[default_server_endpoint-1] [ERROR] [1785152201.031299877] [unity_endpoint]: Not registered to publish topic '/clock'! Valid publish topics are: dict_keys([]) 
[default_server_endpoint-1] [ERROR] [1785152201.042881508] [unity_endpoint]: Not registered to publish topic '/imu/data'! Valid publish topics are: dict_keys([]) 
[default_server_endpoint-1] [ERROR] [1785152201.043930009] [unity_endpoint]: Not registered to publish topic '/ground_truth_pose'! Valid publish topics are: dict_keys([]) 
[default_server_endpoint-1] [ERROR] [1785152201.044706123] [unity_endpoint]: Not registered to publish topic '/clock'! Valid publish topics are: dict_keys([]) 
[default_server_endpoint-1] [ERROR] [1785152201.045524051] [unity_endpoint]: Not registered to publish topic '/imu/data'! Valid publish topics are: dict_keys([]) 
[default_server_endpoint-1] [WARN] [1785152201.046034923] [rcl.logging_rosout]: Publisher already registered for node name: 'unity_endpoint'. If this is due to multiple nodes with the same name then all logs for the logger named 'unity_endpoint' will go out over the existing publisher. As soon as any node with that name is destructed it will unregister the publisher, preventing any further logs for that name from being published on the rosout topic.
[default_server_endpoint-1] [INFO] [1785152201.065771109] [unity_endpoint]: RegisterPublisher(/clock, <class 'rosgraph_msgs.msg._clock.Clock'>) OK
[default_server_endpoint-1] [WARN] [1785152201.273138242] [rcl.logging_rosout]: Publisher already registered for node name: 'unity_endpoint'. If this is due to multiple nodes with the same name then all logs for the logger named 'unity_endpoint' will go out over the existing publisher. As soon as any node with that name is destructed it will unregister the publisher, preventing any further logs for that name from being published on the rosout topic.
[default_server_endpoint-1] [INFO] [1785152201.307286411] [unity_endpoint]: RegisterPublisher(/scan, <class 'sensor_msgs.msg._laser_scan.LaserScan'>) OK
[default_server_endpoint-1] [WARN] [1785152201.307963619] [rcl.logging_rosout]: Publisher already registered for node name: 'unity_endpoint'. If this is due to multiple nodes with the same name then all logs for the logger named 'unity_endpoint' will go out over the existing publisher. As soon as any node with that name is destructed it will unregister the publisher, preventing any further logs for that name from being published on the rosout topic.
[default_server_endpoint-1] [INFO] [1785152201.330318162] [unity_endpoint]: RegisterPublisher(/ground_truth_pose, <class 'nav_msgs.msg._odometry.Odometry'>) OK
[default_server_endpoint-1] [WARN] [1785152201.330866426] [rcl.logging_rosout]: Publisher already registered for node name: 'unity_endpoint'. If this is due to multiple nodes with the same name then all logs for the logger named 'unity_endpoint' will go out over the existing publisher. As soon as any node with that name is destructed it will unregister the publisher, preventing any further logs for that name from being published on the rosout topic.
[default_server_endpoint-1] [INFO] [1785152201.351268630] [unity_endpoint]: RegisterPublisher(/imu/data, <class 'sensor_msgs.msg._imu.Imu'>) OK
[INFO] [imu_preintegration_node-2]: process started with pid [237407]
[INFO] [backend_optimizer_node-3]: process started with pid [237408]
[INFO] [laser_scan_matching_node-4]: process started with pid [237409]
[INFO] [ball_tracking_node-5]: process started with pid [237410]
[INFO] [evaluator_node-6]: process started with pid [237411]
[laser_scan_matching_node-4] [INFO] [1785152201.751322147] [laser_scan_matching_node]: laser_scan_matching_node started (0 cylinders, 9 internal walls, field 5.572x3.310m, initial seed=(-2.419, 1.354, 0.000))
[ball_tracking_node-5] [INFO] [1785152201.837598550] [ball_tracking_node]: ball_tracking_node started
[laser_scan_matching_node-4] [INFO] [1785152201.870968733] [laser_scan_matching_node]: note rejection: 479/541 returns unexplained, 2 clusters -> 0 accepted, 0 points dropped (last extent=3.7275m; gate <=0.350m, min 4 points)
[laser_scan_matching_node-4] [WARN] [1785152201.891320903] [laser_scan_matching_node]: wall match rejected by quality check: mean_residual=0.097m (<=0.090) inlier_ratio=0.62 (>=0.40)
[backend_optimizer_node-3] [INFO] [1785152201.923286240] [backend_optimizer_node]: graph (re)initialized at X0=(-2.419, 1.354, 0.000) V0=(0.000, 0.000)
[backend_optimizer_node-3] [INFO] [1785152201.937919399] [backend_optimizer_node]: backend_optimizer_node started (0 cylinders registered)
[backend_optimizer_node-3] [WARN] [1785152201.938205407] [backend_optimizer_node]: skipping scan: only 0.0000s of IMU integrated since last node (need >= 0.0050s)
[imu_preintegration_node-2] [INFO] [1785152201.952043775] [imu_preintegration_node]: imu_preintegration_node started (waiting for first /state_estimate)
[backend_optimizer_node-3] [WARN] [1785152202.608046715] [backend_optimizer_node]: LiDAR wall correction unavailable for 0.77s (> 0.75s): drifting on IMU dead-reckoning
[laser_scan_matching_node-4] [WARN] [1785152203.394722756] [laser_scan_matching_node]: IMU coverage wait exceeded 0.050s, processing scan with extrapolated tail
[laser_scan_matching_node-4] [WARN] [1785152203.570401141] [laser_scan_matching_node]: wall match rejected by quality check: mean_residual=0.092m (<=0.090) inlier_ratio=0.61 (>=0.40)
[evaluator_node-6] [INFO] [1785152203.764451582] [unity_evaluator_node]: evaluator_node started: will run for 60.0s starting from the first /ground_truth_pose
[evaluator_node-6] [INFO] [1785152203.766672019] [unity_evaluator_node]: first ground truth received: measuring for 60.0s
[evaluator_node-6] [INFO] [1785152203.770059914] [unity_evaluator_node]: t=252.9s  直近5秒: pos_err mean=4669.81mm max=4669.81mm  samples=1  detected_balls=2
[laser_scan_matching_node-4] [WARN] [1785152206.204557481] [laser_scan_matching_node]: wall match rejected by quality check: mean_residual=0.094m (<=0.090) inlier_ratio=0.58 (>=0.40)
[backend_optimizer_node-3] [WARN] [1785152206.427468770] [backend_optimizer_node]: slow smoother update: 82.9ms (index 121)
[laser_scan_matching_node-4] [WARN] [1785152206.510665256] [laser_scan_matching_node]: IMU coverage wait exceeded 0.050s, processing scan with extrapolated tail
[evaluator_node-6] [INFO] [1785152206.552939967] [unity_evaluator_node]: t=255.0s  直近5秒: pos_err mean=4513.29mm max=4669.81mm  samples=1810  detected_balls=0
[backend_optimizer_node-3] [WARN] [1785152207.004273562] [backend_optimizer_node]: slow smoother update: 22.9ms (index 134)
[laser_scan_matching_node-4] [INFO] [1785152207.262246221] [laser_scan_matching_node]: note rejection: 535/541 returns unexplained, 2 clusters -> 0 accepted, 0 points dropped (last extent=3.6701m; gate <=0.350m, min 4 points)
[laser_scan_matching_node-4] [WARN] [1785152207.620644181] [laser_scan_matching_node]: IMU coverage wait exceeded 0.050s, processing scan with extrapolated tail
[backend_optimizer_node-3] [WARN] [1785152207.881290460] [backend_optimizer_node]: slow smoother update: 22.1ms (index 157)
[laser_scan_matching_node-4] [WARN] [1785152209.422452419] [laser_scan_matching_node]: IMU coverage wait exceeded 0.050s, processing scan with extrapolated tail
[backend_optimizer_node-3] [WARN] [1785152210.145948039] [backend_optimizer_node]: wall correction downweighted by DCS: d_xy=0.089m (> 0.047m, dt=0.025s, scale=1.91x) — reduced confidence, not rejected
[backend_optimizer_node-3] [WARN] [1785152211.028508359] [backend_optimizer_node]: LiDAR wall correction unavailable for 0.78s (> 0.75s): drifting on IMU dead-reckoning
[laser_scan_matching_node-4] [WARN] [1785152211.142299349] [laser_scan_matching_node]: IMU coverage wait exceeded 0.050s, processing scan with extrapolated tail
[backend_optimizer_node-3] [WARN] [1785152211.344042918] [backend_optimizer_node]: slow smoother update: 24.5ms (index 254)
[evaluator_node-6] [INFO] [1785152211.869851673] [unity_evaluator_node]: t=260.0s  直近5秒: pos_err mean=3453.17mm max=4285.46mm  samples=5647  detected_balls=0
[laser_scan_matching_node-4] [INFO] [1785152212.592499675] [laser_scan_matching_node]: note rejection: 438/541 returns unexplained, 5 clusters -> 1 accepted, 60 points dropped (last extent=1.8597m; gate <=0.350m, min 4 points)
[backend_optimizer_node-3] [WARN] [1785152213.256069793] [backend_optimizer_node]: slow smoother update: 20.4ms (index 305)
[laser_scan_matching_node-4] [WARN] [1785152213.262924059] [laser_scan_matching_node]: IMU coverage wait exceeded 0.050s, processing scan with extrapolated tail
[laser_scan_matching_node-4] [WARN] [1785152213.847464127] [laser_scan_matching_node]: wall match rejected by quality check: mean_residual=0.099m (<=0.090) inlier_ratio=0.31 (>=0.40)
[backend_optimizer_node-3] [WARN] [1785152214.548702195] [backend_optimizer_node]: wall correction downweighted by DCS: d_xy=0.116m (> 0.047m, dt=0.025s, scale=2.50x) — reduced confidence, not rejected
[laser_scan_matching_node-4] [WARN] [1785152214.635809851] [laser_scan_matching_node]: IMU coverage wait exceeded 0.050s, processing scan with extrapolated tail
[backend_optimizer_node-3] [WARN] [1785152215.517775591] [backend_optimizer_node]: LiDAR wall correction unavailable for 0.80s (> 0.75s): drifting on IMU dead-reckoning
[evaluator_node-6] [INFO] [1785152216.228944101] [unity_evaluator_node]: t=264.9s  直近5秒: pos_err mean=1634.60mm max=2341.99mm  samples=9553  detected_balls=0
[laser_scan_matching_node-4] [INFO] [1785152216.679142919] [laser_scan_matching_node]: note rejection: 518/541 returns unexplained, 5 clusters -> 1 accepted, 5 points dropped (last extent=1.9000m; gate <=0.350m, min 4 points)
[laser_scan_matching_node-4] [WARN] [1785152216.988940225] [laser_scan_matching_node]: wall match rejected by quality check: mean_residual=0.055m (<=0.090) inlier_ratio=0.34 (>=0.40)
[laser_scan_matching_node-4] [WARN] [1785152217.070862722] [laser_scan_matching_node]: IMU coverage wait exceeded 0.050s, processing scan with extrapolated tail
[laser_scan_matching_node-4] [WARN] [1785152218.308522736] [laser_scan_matching_node]: IMU coverage wait exceeded 0.050s, processing scan with extrapolated tail
[laser_scan_matching_node-4] [WARN] [1785152219.894301432] [laser_scan_matching_node]: IMU coverage wait exceeded 0.050s, processing scan with extrapolated tail
[evaluator_node-6] [INFO] [1785152220.840324846] [unity_evaluator_node]: t=270.0s  直近5秒: pos_err mean=4841.49mm max=7696.41mm  samples=13422  detected_balls=0
[laser_scan_matching_node-4] [INFO] [1785152221.618907692] [laser_scan_matching_node]: note rejection: 541/541 returns unexplained, 1 clusters -> 0 accepted, 0 points dropped (last extent=3.9644m; gate <=0.350m, min 4 points)
[laser_scan_matching_node-4] [WARN] [1785152221.929377839] [laser_scan_matching_node]: IMU coverage wait exceeded 0.050s, processing scan with extrapolated tail
[laser_scan_matching_node-4] [WARN] [1785152224.871212635] [laser_scan_matching_node]: IMU coverage wait exceeded 0.050s, processing scan with extrapolated tail
[laser_scan_matching_node-4] [WARN] [1785152225.883915490] [laser_scan_matching_node]: IMU coverage wait exceeded 0.050s, processing scan with extrapolated tail
[evaluator_node-6] [INFO] [1785152226.135139739] [unity_evaluator_node]: t=275.0s  直近5秒: pos_err mean=11035.78mm max=14958.29mm  samples=17230  detected_balls=0
[laser_scan_matching_node-4] [INFO] [1785152226.702006100] [laser_scan_matching_node]: note rejection: 541/541 returns unexplained, 1 clusters -> 0 accepted, 0 points dropped (last extent=3.8989m; gate <=0.350m, min 4 points)
[default_server_endpoint-1] [ERROR] [1785152227.330125075] [unity_endpoint]: Exception [Errno 32] Broken pipe
[default_server_endpoint-1] [ERROR] [1785152227.330818113] [unity_endpoint]: Exception: [Errno 104] Connection reset by peer
[default_server_endpoint-1] [INFO] [1785152227.331468761] [unity_endpoint]: Disconnected from 172.25.0.1
[backend_optimizer_node-3] [ERROR] [1785152229.288069139] [backend_optimizer_node]: IMU signal LOST (no IMU for 2.00s > 2.00s). Self-localization is the dead-reckoning backbone and cannot continue without it: entering FAIL-SAFE HALT (freezing estimate, no further graph updates).
[imu_preintegration_node-2] [ERROR] [1785152229.302210797] [imu_preintegration_node]: IMU signal LOST (no IMU for 2.02s > 2.00s): stopping /odom_fast. IMU is the dead-reckoning backbone; recovery is not possible, restart required.
