t,pos_err_mm,yaw_err_deg
0.176000,6.3724,0.0008
0.177000,6.4077,0.0008
0.178000,6.4430,0.0008
0.179000,6.4784,0.0008
0.195000,7.0434,0.0004
0.224000,8.0678,0.0001
0.227000,8.1738,0.0000
0.228000,8.2092,0.0000
0.229000,8.2445,0.0000
0.260000,9.3410,0.0004
0.261000,9.3764,0.0004
0.268000,9.6243,0.0003
0.269000,9.6597,0.0003
0.271000,9.7305,0.0003
0.309000,10.8789,0.0042
0.309000,9.8249,0.0060
0.310000,9.8552,0.0061
0.310000,8.0537,0.0060
0.311000,8.0780,0.0060
0.311000,6.1516,0.0121
0.312000,6.1695,0.0121
0.313000,6.1874,0.0122
0.314000,6.2053,0.0122
0.315000,6.2231,0.0122
0.316000,6.2410,0.0123
0.317000,6.2589,0.0123
0.318000,6.2768,0.0124
0.319000,6.2948,0.0124
0.320000,6.3127,0.0125
0.321000,6.3306,0.0125
0.322000,6.3485,0.0125
0.323000,6.3664,0.0126
0.324000,6.3843,0.0126
0.325000,6.4022,0.0127
0.326000,6.4201,0.0127
0.327000,6.4380,0.0127
0.328000,6.4559,0.0128
0.329000,6.4738,0.0128
0.330000,6.4918,0.0129
0.331000,6.5097,0.0129
0.332000,6.5276,0.0129
0.333000,6.5455,0.0130
0.334000,6.5634,0.0130
0.335000,6.5814,0.0131
0.336000,6.5993,0.0131
0.337000,6.6172,0.0131
0.338000,6.6352,0.0132
0.341000,6.6889,0.0133
0.349000,5.9669,0.0142
0.387000,5.7582,0.0233
0.388000,5.7711,0.0233
0.389000,5.7841,0.0233
0.390000,5.7970,0.0234
0.391000,5.8100,0.0234
0.392000,5.8229,0.0234
0.393000,5.8358,0.0235
0.394000,5.8488,0.0235
0.395000,5.8617,0.0236
0.396000,5.8746,0.0236
0.397000,5.8875,0.0237
0.398000,5.9005,0.0237
0.399000,5.9134,0.0237
0.400000,5.9263,0.0237
0.401000,5.9392,0.0238
0.402000,5.9521,0.0238
0.403000,5.9650,0.0238
0.404000,5.9779,0.0239
0.405000,5.9908,0.0239
0.406000,6.0038,0.0240
0.407000,6.0167,0.0240
0.408000,6.0296,0.0241
0.409000,6.0425,0.0241
0.410000,6.0554,0.0241
0.411000,6.0683,0.0241
0.412000,6.0812,0.0241
0.413000,6.0941,0.0242
0.414000,6.1070,0.0242
0.415000,6.1198,0.0243
0.416000,6.1327,0.0243
0.417000,6.1456,0.0244
0.418000,6.1584,0.0244
0.419000,6.1713,0.0245
0.420000,6.1842,0.0246
0.421000,6.1970,0.0246
0.422000,6.2099,0.0247
0.423000,6.2227,0.0247
0.424000,6.2356,0.0248
0.425000,6.2484,0.0248
0.426000,6.2612,0.0249
0.427000,6.2740,0.0249
0.428000,6.2868,0.0250
0.429000,6.2997,0.0250
0.430000,6.3125,0.0251
0.431000,6.3253,0.0251
0.432000,6.3380,0.0252
0.433000,6.3508,0.0253
0.434000,6.3636,0.0253
0.435000,6.3764,0.0254
0.465000,6.6150,0.0429
0.466000,6.6275,0.0429
0.467000,6.6399,0.0430
0.468000,6.6523,0.0431
0.504000,7.0966,0.0461
0.555000,6.2374,0.0572
0.683000,5.5007,0.0603
0.717000,5.6692,0.0635
0.718000,5.6741,0.0636
0.719000,5.6790,0.0637
0.720000,5.6839,0.0638
0.721000,5.6887,0.0639
0.798000,5.2697,0.1040
0.799000,5.2728,0.1041
0.800000,5.2759,0.1043
0.801000,5.2789,0.1044
0.802000,5.2820,0.1045
0.803000,5.2850,0.1046
0.805000,5.2911,0.1048
0.819000,5.3334,0.1066
0.820000,5.3364,0.1067
0.821000,5.3394,0.1068
0.822000,5.3424,0.1070
0.823000,5.3453,0.1071
0.840000,5.3948,0.1090
0.966000,5.7157,0.1245
0.967000,5.7179,0.1247
0.971000,5.7269,0.1251
0.972000,5.7291,0.1253
0.973000,5.7313,0.1254
0.974000,5.7336,0.1255
1.005000,5.8014,0.1285
1.034000,5.8607,0.1322
1.037000,5.8667,0.1326
1.070000,5.9278,0.1368
1.071000,5.9295,0.1369
1.072000,5.9312,0.1370
1.074000,5.9346,0.1372
1.075000,5.9363,0.1374
1.076000,5.9380,0.1374
1.077000,5.9397,0.1375
1.078000,5.9413,0.1377
1.079000,5.9430,0.1378
1.105000,5.9843,0.1410
1.132000,6.0228,0.1442
1.133000,6.0241,0.1443
1.134000,6.0255,0.1444
1.507000,5.3243,0.1346
1.508000,5.3223,0.1347
1.530000,4.0345,0.1452
1.535000,5.2651,0.1369
1.531000,4.0305,0.1453
1.532000,4.0264,0.1454
1.533000,4.0224,0.1454
1.534000,4.0184,0.1455
1.535000,4.0143,0.1456
1.536000,4.0103,0.1457
1.537000,4.0062,0.1457
1.538000,4.0021,0.1458
1.567000,3.8808,0.1484
1.568000,3.8766,0.1485
1.595000,4.2888,0.1664
1.596000,4.2851,0.1665
1.619000,5.0205,0.1953
1.620000,5.0180,0.1954
1.613000,4.2223,0.1682
1.618000,4.2034,0.1686
1.619000,4.1996,0.1687
1.620000,4.1957,0.1688
1.621000,4.1919,0.1689
1.622000,4.1881,0.1690
1.623000,4.1842,0.1691
1.624000,4.1804,0.1692
1.625000,4.1765,0.1693
1.626000,4.1726,0.1694
1.627000,4.1687,0.1695
1.628000,4.1648,0.1696
1.629000,4.1609,0.1697
1.651000,3.9936,0.1738
1.652000,3.9894,0.1740
1.653000,3.9853,0.1741
1.654000,3.9811,0.1743
1.655000,3.9770,0.1744
1.660000,4.0866,0.1630
1.660000,4.4349,0.1724
1.662000,4.9103,0.2003
1.661000,4.4317,0.1725
1.669000,4.4053,0.1732
1.670000,4.4020,0.1733
1.671000,4.3987,0.1734
1.672000,4.3954,0.1735
1.673000,4.3921,0.1736
1.674000,4.3888,0.1737
1.675000,4.3855,0.1738
1.681000,4.3655,0.1745
1.720000,4.3315,0.1682
1.721000,4.3282,0.1682
1.722000,4.3248,0.1683
1.723000,4.3214,0.1684
1.724000,4.3180,0.1685
1.725000,4.3147,0.1686
1.726000,4.3113,0.1687
1.727000,4.3079,0.1688
1.728000,4.3045,0.1689
1.729000,4.3010,0.1690
1.730000,4.2976,0.1691
1.731000,4.2942,0.1692
1.732000,4.2908,0.1694
1.753000,4.2171,0.1715
1.754000,4.2136,0.1716
1.755000,4.2100,0.1717
1.756000,4.2064,0.1718
1.757000,4.2028,0.1720
1.758000,4.1993,0.1721
1.759000,4.1957,0.1722
1.760000,4.1921,0.1723
1.761000,4.1885,0.1724
1.762000,4.1849,0.1725
1.763000,4.1813,0.1726
1.764000,4.1776,0.1727
1.765000,4.1740,0.1728
1.766000,4.1703,0.1730
1.767000,4.1667,0.1731
1.768000,4.1630,0.1732
1.769000,4.1593,0.1733
1.770000,4.1556,0.1734
1.770000,4.0305,0.1943
1.771000,4.0266,0.1944
1.772000,4.0226,0.1946
1.773000,4.0186,0.1947
1.774000,4.0146,0.1948
1.775000,4.0106,0.1949
1.776000,4.0066,0.1950
1.777000,4.0026,0.1951
1.778000,3.9986,0.1952
1.779000,3.9945,0.1954
1.780000,3.9905,0.1955
1.781000,3.9865,0.1956
1.782000,3.9824,0.1958
1.783000,3.9783,0.1959
1.784000,3.9743,0.1960
1.785000,3.9702,0.1961
1.786000,3.9661,0.1962
1.787000,3.9620,0.1963
1.788000,3.9579,0.1964
1.789000,3.9538,0.1965
1.790000,3.9496,0.1966
1.791000,3.9455,0.1968
1.792000,3.9413,0.1969
1.793000,3.9372,0.1970
1.794000,3.9330,0.1971
1.795000,3.9288,0.1972
1.796000,3.9246,0.1973
1.797000,3.9205,0.1974
1.798000,3.9163,0.1976
1.799000,3.9121,0.1977
1.800000,3.9079,0.1979
1.801000,3.9037,0.1980
1.802000,3.8994,0.1981
1.803000,3.8952,0.1983
1.804000,3.8910,0.1984
1.805000,3.8867,0.1985
1.806000,3.8825,0.1986
1.807000,3.8783,0.1988
1.808000,3.8740,0.1989
1.809000,3.8698,0.1990
1.809000,4.5711,0.1939
1.810000,4.5685,0.1941
1.811000,4.5660,0.1942
1.812000,4.5634,0.1943
1.813000,4.5609,0.1945
1.814000,4.5583,0.1946
1.815000,4.5557,0.1947
1.816000,4.5532,0.1949
1.817000,4.5506,0.1950
1.818000,4.5480,0.1951
1.819000,4.5454,0.1952
1.820000,4.5429,0.1954
1.821000,4.5403,0.1955
1.822000,4.5377,0.1957
1.823000,4.5351,0.1958
1.824000,4.5325,0.1959
1.825000,4.5299,0.1960
1.826000,4.5273,0.1962
1.827000,4.5247,0.1963
1.828000,4.5221,0.1964
1.829000,4.5194,0.1965
1.830000,4.5168,0.1967
1.831000,4.5142,0.1968
1.832000,4.5116,0.1969
1.833000,4.5089,0.1971
1.834000,4.5063,0.1972
1.835000,4.5037,0.1973
1.836000,4.5010,0.1974
1.837000,4.4984,0.1975
1.838000,4.4957,0.1977
1.839000,4.4931,0.1978
1.840000,4.4904,0.1979
1.841000,4.4877,0.1980
1.842000,4.4850,0.1982
1.843000,4.4823,0.1983
1.844000,4.4796,0.1985
1.845000,4.4769,0.1986
1.846000,4.4742,0.1987
1.847000,4.4714,0.1989
1.848000,4.4687,0.1990
1.849000,4.4659,0.1991
1.850000,4.4632,0.1993
1.851000,4.4604,0.1994
1.864000,3.7081,0.1836
1.865000,3.7037,0.1837
1.866000,3.6992,0.1838
1.867000,3.6947,0.1840
1.868000,3.6902,0.1841
1.869000,3.6857,0.1842
1.870000,3.6812,0.1844
1.871000,3.6767,0.1845
1.872000,3.6722,0.1846
1.873000,3.6677,0.1847
1.874000,3.6631,0.1848
1.875000,3.6586,0.1849
1.876000,3.6541,0.1850
1.877000,3.6495,0.1851
1.878000,3.6450,0.1852
1.879000,3.6404,0.1853
1.880000,3.6359,0.1854
1.881000,3.6313,0.1855
1.882000,3.6267,0.1856
1.883000,3.6222,0.1857
1.884000,3.6176,0.1858
1.885000,3.6130,0.1859
1.886000,3.6084,0.1860
1.887000,3.6038,0.1861
1.888000,3.5992,0.1861
1.889000,3.5946,0.1862
1.890000,3.5899,0.1863
1.891000,3.5853,0.1864
1.892000,3.5807,0.1865
1.893000,3.5760,0.1866
1.894000,3.5714,0.1867
1.895000,3.5667,0.1867
1.896000,3.5620,0.1868
1.897000,3.5573,0.1869
1.898000,3.5527,0.1870
1.905000,3.5197,0.1878
1.939000,4.1573,0.1744
1.940000,4.1544,0.1745
1.941000,4.1516,0.1746
1.942000,4.1488,0.1747
1.943000,4.1459,0.1747
1.944000,4.1431,0.1748
1.945000,4.1402,0.1749
1.946000,4.1374,0.1750
1.947000,4.1345,0.1751
1.948000,4.1316,0.1751
1.949000,4.1288,0.1752
1.950000,4.1259,0.1753
1.951000,4.1230,0.1754
1.952000,4.1201,0.1754
1.953000,4.1172,0.1755
1.954000,4.1143,0.1756
1.955000,4.1114,0.1757
1.956000,4.1085,0.1758
1.957000,4.1056,0.1759
1.958000,4.1027,0.1759
1.961000,4.0940,0.1762
1.962000,4.0910,0.1763
1.963000,4.0881,0.1764
1.964000,4.0852,0.1765
1.965000,4.0823,0.1766
1.966000,4.0794,0.1767
1.967000,4.0764,0.1769
1.968000,4.0735,0.1770
1.969000,4.0706,0.1771
1.970000,4.0676,0.1772
1.971000,4.0647,0.1773
1.972000,4.0618,0.1775
1.973000,4.0588,0.1776
1.974000,4.0559,0.1777
1.975000,4.0529,0.1778
1.976000,4.0500,0.1779
1.977000,4.0470,0.1780
1.978000,4.0441,0.1781
1.979000,4.0411,0.1782
1.980000,4.0382,0.1783
1.981000,4.0352,0.1784
1.982000,4.0323,0.1785
1.983000,4.0293,0.1786
1.984000,4.0264,0.1787
1.985000,4.0234,0.1788
1.986000,4.0205,0.1789
1.987000,4.0175,0.1790
1.988000,4.0145,0.1792
1.989000,4.0116,0.1793
1.990000,4.0086,0.1794
1.991000,4.0056,0.1795
1.992000,4.0026,0.1796
1.993000,3.9997,0.1797
1.994000,3.9967,0.1798
1.995000,3.9937,0.1798
1.996000,3.9908,0.1799
1.997000,3.9878,0.1800
1.998000,3.9848,0.1801
1.999000,3.9818,0.1802
2.000000,3.9788,0.1803
2.001000,3.9758,0.1804
2.002000,3.9728,0.1805
2.003000,3.9698,0.1806
2.004000,3.9669,0.1806
2.005000,3.9639,0.1807
2.006000,3.9608,0.1808
2.007000,3.9578,0.1809
2.008000,3.9548,0.1810
2.009000,3.9518,0.1811
2.010000,3.9488,0.1812
2.005000,3.8354,0.1685
2.006000,3.8322,0.1686
2.007000,3.8289,0.1687
2.008000,3.8257,0.1688
2.009000,3.8225,0.1689
2.010000,3.8192,0.1690
2.011000,3.8160,0.1691
2.012000,3.8127,0.1692
2.013000,3.8095,0.1693
2.014000,3.8062,0.1694
2.015000,3.8030,0.1695
2.016000,3.7997,0.1696
2.017000,3.7964,0.1697
2.018000,3.7932,0.1698
2.019000,3.7899,0.1699
2.020000,3.7866,0.1700
2.021000,3.7833,0.1701
2.022000,3.7800,0.1702
2.023000,3.7768,0.1703
2.024000,3.7735,0.1704
2.025000,3.7702,0.1705
2.026000,3.7669,0.1706
2.027000,3.7636,0.1707
2.028000,3.7603,0.1708
2.029000,3.7570,0.1709
2.030000,3.7537,0.1711
2.031000,3.7503,0.1711
2.032000,3.7470,0.1712
2.033000,3.7437,0.1713
2.034000,3.7404,0.1714
2.035000,3.7371,0.1715
2.036000,3.7337,0.1716
2.037000,3.7304,0.1716
2.038000,3.7271,0.1717
2.039000,3.7237,0.1718
2.040000,3.7204,0.1719
2.041000,3.7170,0.1720
2.042000,3.7137,0.1721
2.043000,3.7104,0.1721
2.044000,3.7070,0.1722
2.045000,3.7037,0.1723
2.046000,3.7003,0.1724
2.047000,3.6970,0.1724
2.048000,3.6936,0.1725
2.049000,3.6903,0.1726
2.050000,3.6870,0.1727
2.051000,3.6836,0.1728
2.052000,3.6803,0.1729
2.053000,3.6770,0.1729
2.054000,3.6736,0.1730
2.055000,3.6703,0.1731
2.056000,3.6670,0.1731
2.057000,3.6636,0.1732
2.058000,3.6603,0.1733
2.059000,3.6570,0.1734
2.060000,3.6537,0.1735
2.061000,3.6503,0.1736
2.062000,3.6470,0.1737
2.063000,3.6437,0.1738
2.064000,3.6404,0.1739
2.065000,3.6371,0.1740
2.066000,3.6337,0.1741
2.067000,3.6304,0.1742
2.068000,3.6271,0.1742
2.069000,3.6237,0.1743
2.070000,3.6204,0.1744
2.071000,3.6170,0.1745
2.072000,3.6137,0.1746
2.072000,3.7603,0.1861
2.073000,3.7571,0.1862
2.074000,3.7539,0.1863
2.075000,3.7507,0.1864
2.076000,3.7474,0.1865
2.077000,3.7442,0.1866
2.078000,3.7410,0.1867
2.079000,3.7377,0.1868
2.080000,3.7345,0.1869
2.081000,3.7312,0.1870
2.082000,3.7280,0.1870
2.083000,3.7248,0.1871
2.084000,3.7215,0.1872
2.085000,3.7183,0.1873
2.086000,3.7150,0.1874
2.087000,3.7118,0.1875
2.088000,3.7086,0.1876
2.089000,3.7053,0.1877
2.090000,3.7021,0.1878
2.091000,3.6989,0.1879
2.105000,3.6534,0.1891
2.106000,3.6501,0.1891
2.107000,3.6468,0.1892
2.108000,3.6435,0.1893
2.108000,3.5695,0.1783
2.109000,3.5661,0.1784
2.110000,3.5628,0.1784
2.111000,3.5594,0.1785
2.112000,3.5560,0.1786
2.113000,3.5526,0.1787
2.114000,3.5493,0.1788
2.115000,3.5459,0.1789
2.116000,3.5425,0.1790
2.117000,3.5391,0.1792
2.118000,3.5358,0.1793
2.119000,3.5324,0.1794
2.120000,3.5290,0.1795
2.121000,3.5256,0.1796
2.122000,3.5222,0.1797
2.123000,3.5188,0.1798
2.124000,3.5155,0.1799
2.125000,3.5121,0.1800
2.128000,3.5019,0.1803
2.129000,3.4986,0.1803
2.130000,3.4952,0.1804
2.131000,3.4918,0.1805
2.132000,3.4884,0.1806
2.133000,3.4850,0.1806
2.134000,3.4816,0.1807
2.135000,3.4782,0.1808
2.136000,3.4748,0.1809
2.137000,3.4714,0.1810
2.138000,3.4680,0.1811
2.139000,3.4645,0.1812
2.140000,3.4611,0.1813
2.141000,3.4577,0.1813
2.142000,3.4543,0.1814
2.143000,3.4509,0.1815
2.144000,3.4475,0.1816
2.145000,3.4441,0.1817
2.146000,3.4406,0.1818
2.147000,3.4372,0.1818
2.148000,3.4338,0.1819
2.149000,3.4304,0.1820
2.150000,3.4270,0.1821
2.151000,3.4236,0.1822
2.152000,3.4202,0.1822
2.153000,3.4168,0.1823
2.153000,3.5767,0.1754
2.154000,3.5731,0.1754
2.155000,3.5695,0.1755
2.156000,3.5659,0.1756
2.157000,3.5622,0.1757
2.158000,3.5586,0.1758
2.159000,3.5550,0.1759
2.160000,3.5513,0.1759
2.161000,3.5477,0.1760
2.162000,3.5440,0.1761
2.163000,3.5403,0.1762
2.164000,3.5367,0.1763
2.165000,3.5330,0.1764
2.166000,3.5293,0.1765
2.167000,3.5255,0.1766
2.168000,3.5218,0.1767
2.169000,3.5181,0.1768
2.170000,3.5143,0.1769
2.171000,3.5106,0.1770
2.172000,3.5069,0.1771
2.173000,3.5031,0.1772
2.174000,3.4994,0.1773
2.175000,3.4956,0.1774
2.176000,3.4918,0.1774
2.177000,3.4881,0.1775
2.178000,3.4843,0.1776
2.179000,3.4805,0.1777
2.179000,3.3227,0.1692
2.180000,3.3186,0.1693
2.181000,3.3145,0.1694
2.182000,3.3104,0.1694
2.183000,3.3064,0.1695
2.184000,3.3023,0.1696
2.185000,3.2982,0.1696
2.186000,3.2941,0.1697
2.187000,3.2900,0.1698
2.188000,3.2859,0.1698
2.189000,3.2818,0.1699
2.190000,3.2777,0.1700
2.191000,3.2735,0.1701
2.192000,3.2694,0.1702
2.193000,3.2653,0.1702
2.194000,3.2611,0.1703
2.195000,3.2570,0.1704
2.196000,3.2528,0.1705
2.197000,3.2487,0.1706
2.198000,3.2445,0.1707
2.199000,3.2404,0.1708
2.200000,3.2362,0.1709
2.201000,3.2321,0.1710
2.202000,3.2279,0.1710
2.203000,3.2238,0.1711
2.204000,3.2196,0.1712
2.205000,3.2155,0.1713
2.206000,3.2113,0.1714
2.207000,3.2071,0.1715
2.208000,3.2030,0.1716
2.209000,3.1988,0.1717
2.210000,3.1946,0.1717
2.211000,3.1905,0.1718
2.212000,3.1863,0.1719
2.213000,3.1821,0.1720
2.214000,3.1779,0.1721
2.215000,3.1738,0.1722
2.216000,3.1696,0.1723
2.217000,3.1654,0.1724
2.218000,3.1612,0.1725
2.219000,3.1570,0.1726
2.220000,3.1528,0.1727
2.221000,3.1485,0.1728
2.222000,3.1443,0.1729
2.223000,3.1401,0.1730
2.224000,3.1359,0.1731
2.225000,3.1316,0.1732
2.226000,3.1274,0.1732
2.227000,3.1232,0.1733
2.228000,3.1189,0.1734
2.229000,3.1147,0.1735
2.230000,3.1104,0.1736
2.231000,3.1061,0.1736
2.232000,3.1019,0.1737
2.233000,3.0976,0.1738
2.234000,3.0933,0.1739
2.235000,3.0891,0.1739
2.235000,3.2573,0.1736
2.236000,3.2533,0.1737
2.237000,3.2493,0.1738
2.238000,3.2452,0.1739
2.239000,3.2412,0.1740
2.240000,3.2372,0.1740
2.241000,3.2331,0.1741
2.242000,3.2291,0.1742
2.243000,3.2250,0.1743
2.244000,3.2210,0.1744
2.245000,3.2169,0.1744
2.246000,3.2128,0.1745
2.247000,3.2087,0.1746
2.248000,3.2046,0.1746
2.249000,3.2005,0.1747
2.250000,3.1964,0.1748
2.251000,3.1923,0.1749
2.252000,3.1881,0.1749
2.253000,3.1840,0.1750
2.254000,3.1799,0.1751
2.255000,3.1757,0.1751
2.256000,3.1716,0.1752
2.257000,3.1674,0.1753
2.257000,3.3660,0.1695
2.258000,3.3623,0.1696
2.259000,3.3586,0.1697
2.260000,3.3549,0.1697
2.261000,3.3512,0.1698
2.262000,3.3475,0.1698
2.263000,3.3438,0.1699
2.264000,3.3401,0.1699
2.265000,3.3364,0.1700
2.266000,3.3327,0.1700
2.267000,3.3290,0.1701
2.268000,3.3253,0.1701
2.269000,3.3215,0.1702
2.270000,3.3178,0.1702
2.271000,3.3141,0.1703
2.272000,3.3104,0.1703
2.273000,3.3066,0.1704
2.274000,3.3029,0.1705
2.275000,3.2992,0.1705
2.276000,3.2954,0.1706
2.277000,3.2917,0.1707
2.278000,3.2879,0.1708
2.279000,3.2841,0.1708
2.280000,3.2804,0.1709
2.303000,3.3491,0.1685
2.304000,3.3455,0.1686
2.305000,3.3420,0.1687
2.306000,3.3384,0.1688
2.307000,3.3348,0.1689
2.308000,3.3313,0.1689
2.309000,3.3277,0.1690
2.310000,3.3241,0.1691
2.348000,3.1871,0.1721
2.353000,3.7619,0.1646
2.410000,3.6226,0.1686
2.411000,3.6200,0.1686
2.417000,3.6045,0.1689
2.419000,3.5993,0.1691
2.421000,3.5941,0.1692
2.422000,3.5915,0.1692
2.423000,3.5888,0.1693
2.424000,3.5862,0.1693
2.425000,3.5836,0.1694
2.429000,3.5730,0.1696
2.430000,3.5703,0.1697
2.431000,3.5677,0.1698
2.432000,3.5651,0.1698
2.433000,3.5624,0.1699
2.434000,3.5598,0.1700
2.435000,3.5571,0.1700
2.436000,3.5545,0.1701
2.437000,3.5519,0.1702
2.438000,3.5492,0.1703
2.439000,3.5466,0.1704
2.440000,3.5440,0.1705
2.441000,3.5414,0.1705
2.442000,3.5387,0.1706
2.443000,3.5361,0.1707
2.444000,3.5335,0.1708
2.445000,3.5308,0.1709
2.446000,3.5281,0.1710
2.447000,3.5255,0.1710
2.448000,3.5228,0.1711
2.449000,3.5202,0.1712
2.450000,3.5175,0.1713
2.451000,3.5148,0.1713
2.452000,3.5121,0.1714
2.453000,3.5095,0.1715
2.454000,3.5068,0.1715
2.455000,3.5041,0.1716
2.456000,3.5014,0.1717
2.457000,3.4987,0.1717
2.458000,3.4960,0.1717
2.459000,3.4933,0.1718
2.460000,3.4906,0.1718
2.461000,3.4879,0.1719
2.462000,3.4852,0.1719
2.463000,3.4825,0.1720
2.464000,3.4798,0.1720
2.465000,3.4771,0.1721
2.466000,3.4744,0.1722
2.467000,3.4717,0.1722
2.468000,3.4690,0.1723
2.469000,3.4663,0.1724
2.470000,3.4635,0.1724
2.471000,3.4608,0.1725
2.472000,3.4581,0.1726
2.473000,3.4554,0.1726
2.474000,3.4527,0.1727
2.475000,3.4499,0.1728
2.476000,3.4472,0.1729
2.477000,3.4445,0.1730
2.478000,3.4418,0.1731
2.479000,3.4390,0.1732
2.480000,3.4363,0.1733
2.481000,3.4336,0.1734
2.482000,3.4309,0.1735
2.483000,3.4281,0.1735
2.484000,3.4254,0.1736
2.485000,3.4227,0.1736
2.486000,3.4199,0.1737
2.487000,3.4172,0.1737
2.488000,3.4144,0.1738
2.489000,3.4117,0.1738
2.490000,3.4089,0.1739
2.491000,3.4062,0.1740
2.492000,3.4035,0.1741
2.493000,3.4007,0.1741
2.494000,3.3980,0.1742
2.495000,3.3952,0.1743
2.496000,3.3925,0.1744
2.497000,3.3898,0.1745
2.497000,3.7011,0.1788
2.498000,3.6990,0.1789
2.499000,3.6969,0.1790
2.500000,3.6948,0.1791
2.501000,3.6927,0.1792
2.502000,3.6906,0.1793
2.503000,3.6885,0.1794
2.503000,4.0959,0.1672
2.504000,4.0944,0.1673
2.505000,4.0930,0.1674
2.506000,4.0915,0.1675
2.507000,4.0900,0.1676
2.508000,4.0885,0.1677
2.509000,4.0870,0.1677
2.510000,4.0855,0.1678
2.511000,4.0840,0.1679
2.512000,4.0825,0.1679
2.513000,4.0810,0.1680
2.514000,4.0795,0.1681
2.515000,4.0780,0.1682
2.516000,4.0764,0.1683
2.517000,4.0749,0.1684
2.518000,4.0734,0.1685
2.519000,4.0719,0.1686
2.520000,4.0704,0.1687
2.521000,4.0688,0.1687
2.522000,4.0673,0.1688
2.523000,4.0658,0.1689
2.524000,4.0643,0.1690
2.525000,4.0628,0.1691
2.526000,4.0613,0.1691
2.527000,4.0598,0.1692
2.528000,4.0582,0.1693
2.529000,4.0567,0.1693
2.530000,4.0552,0.1694
2.531000,4.0537,0.1694
2.532000,4.0522,0.1695
2.533000,4.0506,0.1696
2.534000,4.0491,0.1696
2.535000,4.0476,0.1697
2.536000,4.0460,0.1697
2.537000,4.0445,0.1698
2.538000,4.0430,0.1698
2.539000,4.0414,0.1698
2.547000,4.0291,0.1702
2.548000,4.0275,0.1703
2.549000,4.0260,0.1703
2.550000,4.0244,0.1704
2.551000,4.0229,0.1705
2.552000,4.0213,0.1705
2.553000,4.0198,0.1706
2.554000,4.0182,0.1707
2.554000,4.0684,0.1646
2.555000,4.0670,0.1647
2.555000,3.7673,0.1610
2.556000,3.7653,0.1610
2.580000,3.7182,0.1630
2.581000,3.7162,0.1631
2.582000,3.7142,0.1631
2.583000,3.7122,0.1631
2.584000,3.7102,0.1632
2.585000,3.7082,0.1632
2.586000,3.7062,0.1632
2.587000,3.7042,0.1633
2.588000,3.7022,0.1634
2.589000,3.7002,0.1634
2.590000,3.6982,0.1635
2.591000,3.6962,0.1635
2.615000,4.2905,0.1596
2.616000,4.2896,0.1597
2.629000,4.7969,0.1661
2.636000,4.7962,0.1665
2.657000,4.7940,0.1677
2.658000,4.7940,0.1678
2.659000,4.7939,0.1678
2.660000,4.7938,0.1679
2.661000,4.7937,0.1680
2.662000,4.7936,0.1680
2.663000,4.7935,0.1681
2.664000,4.7935,0.1681
2.665000,4.7934,0.1682
2.666000,4.7933,0.1683
2.667000,4.7932,0.1683
2.668000,4.7931,0.1684
2.669000,4.7930,0.1685
2.670000,4.7929,0.1686
2.670000,4.7200,0.1567
2.671000,4.7198,0.1567
2.672000,4.7196,0.1568
2.673000,4.7193,0.1569
2.674000,4.7191,0.1569
2.675000,4.7189,0.1570
2.676000,4.7187,0.1570
2.677000,4.7185,0.1571
2.678000,4.7183,0.1571
2.682000,4.7174,0.1574
2.776000,4.5697,0.1629
2.777000,4.5693,0.1629
2.778000,4.5690,0.1630
2.779000,4.5686,0.1631
2.780000,4.5683,0.1631
2.781000,4.5679,0.1631
2.862000,3.9360,0.1646
2.863000,3.9347,0.1646
2.864000,3.9333,0.1647
2.865000,3.9319,0.1648
2.866000,3.9305,0.1648
2.872000,3.9222,0.1652
2.873000,3.9208,0.1653
2.878000,3.9139,0.1656
2.879000,3.9126,0.1657
2.880000,3.9112,0.1658
2.881000,3.9099,0.1658
2.882000,3.9086,0.1659
2.883000,3.9072,0.1659
2.884000,3.9059,0.1660
2.885000,3.9045,0.1660
2.886000,3.9032,0.1661
2.887000,3.9018,0.1661
2.888000,3.9005,0.1662
2.889000,3.8991,0.1663
2.890000,3.8978,0.1663
2.891000,3.8964,0.1664
2.892000,3.8951,0.1665
2.893000,3.8937,0.1666
2.894000,3.8923,0.1667
2.895000,3.8910,0.1668
2.896000,3.8896,0.1669
2.897000,3.8882,0.1670
2.898000,3.8868,0.1672
2.899000,3.8854,0.1673
2.900000,3.8840,0.1673
2.901000,3.8826,0.1674
2.902000,3.8812,0.1675
2.903000,3.8798,0.1675
2.904000,3.8784,0.1676
2.905000,3.8770,0.1676
2.906000,3.8756,0.1677
2.907000,3.8741,0.1678
2.908000,3.8727,0.1678
2.909000,3.8713,0.1679
2.910000,3.8699,0.1680
2.911000,3.8685,0.1680
2.912000,3.8671,0.1681
2.913000,3.8657,0.1682
2.914000,3.8643,0.1683
2.915000,3.8629,0.1683
2.916000,3.8614,0.1684
2.917000,3.8600,0.1685
2.918000,3.8586,0.1686
2.919000,3.8572,0.1687
2.942000,3.3815,0.1791
2.951000,3.3610,0.1798
2.952000,3.3587,0.1798
2.971000,3.8884,0.1775
2.972000,3.8871,0.1776
2.973000,3.8857,0.1776
2.974000,3.8844,0.1777
2.975000,3.8831,0.1778
2.976000,3.8817,0.1779
2.979000,3.8777,0.1780
2.980000,3.8764,0.1781
2.992000,3.8603,0.1788
2.993000,3.8590,0.1789
2.994000,3.8577,0.1789
2.995000,3.8564,0.1790
2.996000,3.8551,0.1791
2.997000,3.8538,0.1791
2.998000,3.8524,0.1792
2.999000,3.8511,0.1793
3.000000,3.8498,0.1794
3.001000,3.8485,0.1795
3.002000,3.8472,0.1796
3.003000,3.8459,0.1797
3.004000,3.8446,0.1798
3.005000,3.8433,0.1799
3.006000,3.8419,0.1800
3.007000,3.8406,0.1801
3.008000,3.8393,0.1802
3.009000,3.8379,0.1803
3.010000,3.8366,0.1804
3.011000,3.8352,0.1805
3.012000,3.8339,0.1806
3.013000,3.8325,0.1806
3.014000,3.8312,0.1807
3.015000,3.8298,0.1808
3.016000,3.8284,0.1808
3.017000,3.8270,0.1809
3.018000,3.8256,0.1809
3.019000,3.8243,0.1810
3.019000,3.8052,0.1699
3.019000,4.0387,0.1651
3.020000,4.0377,0.1652
3.021000,4.0367,0.1653
3.022000,4.0358,0.1653
3.023000,4.0348,0.1654
3.024000,4.0338,0.1655
3.025000,4.0328,0.1655
3.026000,4.0318,0.1656
3.027000,4.0309,0.1657
3.028000,4.0299,0.1657
3.029000,4.0289,0.1658
3.030000,4.0279,0.1659
3.031000,4.0270,0.1659
3.032000,4.0260,0.1660
3.033000,4.0250,0.1661
3.034000,4.0240,0.1661
3.035000,4.0230,0.1662
3.036000,4.0220,0.1662
3.037000,4.0211,0.1663
3.038000,4.0201,0.1664
3.039000,4.0191,0.1664
3.039000,4.4610,0.1657
3.040000,4.4608,0.1657
3.041000,4.4605,0.1658
3.042000,4.4603,0.1658
3.043000,4.4601,0.1658
3.044000,4.4598,0.1659
3.087000,4.3559,0.1568
3.088000,4.3555,0.1568
3.088000,3.9122,0.1588
3.089000,3.9111,0.1589
3.090000,3.9100,0.1589
3.091000,3.9089,0.1590
3.092000,3.9078,0.1591
3.093000,3.9066,0.1591
3.094000,3.9055,0.1592
3.095000,3.9044,0.1593
3.096000,3.9033,0.1593
3.097000,3.9022,0.1594
3.098000,3.9011,0.1595
3.099000,3.9000,0.1595
3.100000,3.8989,0.1596
3.101000,3.8978,0.1597
3.102000,3.8967,0.1597
3.103000,3.8956,0.1598
3.104000,3.8945,0.1599
3.105000,3.8934,0.1599
3.106000,3.8923,0.1600
3.107000,3.8912,0.1600
3.108000,3.8901,0.1600
3.109000,3.8889,0.1601
3.110000,3.8878,0.1601
3.111000,3.8867,0.1602
3.112000,3.8855,0.1602
3.113000,3.8844,0.1603
3.114000,3.8833,0.1603
3.115000,3.8821,0.1604
3.116000,3.8810,0.1604
3.117000,3.8799,0.1605
3.118000,3.8788,0.1605
3.119000,3.8777,0.1606
3.120000,3.8766,0.1606
3.121000,3.8755,0.1607
3.122000,3.8743,0.1608
3.123000,3.8732,0.1609
3.124000,3.8721,0.1609
3.125000,3.8710,0.1610
3.126000,3.8699,0.1611
3.127000,3.8688,0.1612
3.128000,3.8677,0.1613
3.129000,3.8666,0.1613
3.130000,3.8655,0.1614
3.131000,3.8644,0.1614
3.132000,3.8633,0.1615
3.133000,3.8622,0.1615
3.134000,3.8611,0.1615
3.135000,3.8600,0.1616
3.135000,3.8804,0.1749
3.136000,3.8792,0.1749
3.137000,3.8781,0.1750
3.138000,3.8769,0.1750
3.139000,3.8757,0.1751
3.140000,3.8745,0.1751
3.141000,3.8734,0.1752
3.142000,3.8722,0.1753
3.143000,3.8710,0.1753
3.144000,3.8698,0.1754
3.145000,3.8686,0.1755
3.146000,3.8674,0.1755
3.147000,3.8662,0.1756
3.148000,3.8650,0.1756
3.149000,3.8638,0.1757
3.150000,3.8626,0.1757
3.164000,3.8455,0.1765
3.175000,4.2741,0.1813
3.176000,4.2734,0.1813
3.177000,4.2728,0.1814
3.178000,4.2721,0.1815
3.179000,4.2715,0.1815
3.180000,4.2709,0.1816
3.181000,4.2702,0.1816
3.182000,4.2696,0.1817
3.183000,4.2689,0.1817
3.184000,4.2683,0.1818
3.185000,4.2676,0.1818
3.186000,4.2670,0.1819
3.187000,4.2663,0.1820
3.188000,4.2657,0.1820
3.189000,4.2650,0.1821
3.190000,4.2644,0.1821
3.191000,4.2638,0.1822
3.192000,4.2631,0.1822
3.193000,4.2625,0.1822
3.194000,4.2618,0.1823
3.195000,4.2612,0.1823
3.208000,4.0500,0.1808
3.220000,3.8947,0.1745
3.221000,3.8935,0.1745
3.222000,3.8922,0.1746
3.223000,3.8910,0.1746
3.224000,3.8898,0.1747
3.225000,3.8886,0.1747
3.226000,3.8873,0.1747
3.227000,3.8861,0.1748
3.228000,3.8848,0.1748
3.229000,3.8836,0.1748
3.230000,3.8823,0.1749
3.231000,3.8810,0.1749
3.232000,3.8798,0.1749
3.233000,3.8785,0.1749
3.234000,3.8772,0.1750
3.235000,3.8759,0.1750
3.236000,3.8747,0.1751
3.237000,3.8734,0.1751
3.238000,3.8721,0.1752
3.239000,3.8709,0.1752
3.240000,3.8696,0.1753
3.241000,3.8683,0.1753
3.242000,3.8670,0.1754
3.243000,3.8658,0.1755
3.244000,3.8645,0.1755
3.245000,3.8632,0.1756
3.246000,3.8619,0.1757
3.247000,3.8607,0.1757
3.248000,3.8594,0.1758
3.249000,3.8581,0.1759
3.250000,3.8569,0.1759
3.251000,3.8556,0.1760
3.252000,3.8543,0.1761
3.253000,3.8530,0.1761
3.254000,3.8518,0.1762
3.255000,3.8505,0.1762
3.256000,3.8492,0.1763
3.256000,3.9591,0.1713
3.257000,3.9579,0.1714
3.258000,3.9568,0.1715
3.259000,3.9557,0.1715
3.260000,3.9546,0.1716
3.261000,3.9535,0.1716
3.262000,3.9523,0.1717
3.263000,3.9512,0.1718
3.264000,3.9501,0.1718
3.265000,3.9490,0.1719
3.266000,3.9478,0.1720
3.267000,3.9467,0.1721
3.268000,3.9455,0.1721
3.269000,3.9444,0.1722
3.270000,3.9432,0.1723
3.271000,3.9421,0.1723
3.272000,3.9409,0.1724
3.273000,3.9398,0.1724
3.274000,3.9386,0.1725
3.275000,3.9375,0.1725
3.276000,3.9363,0.1726
3.277000,3.9351,0.1726
3.296000,3.9127,0.1739
3.297000,3.9115,0.1739
3.298000,3.9103,0.1740
3.299000,3.9092,0.1741
3.304000,3.9033,0.1743
3.305000,3.9022,0.1744
3.306000,3.9010,0.1744
3.307000,3.8998,0.1745
3.308000,3.8987,0.1745
3.309000,3.8975,0.1746
3.310000,3.8963,0.1746
3.311000,3.8952,0.1747
3.312000,3.8940,0.1748
3.313000,3.8928,0.1748
3.314000,3.8917,0.1749
3.315000,3.8905,0.1749
3.316000,3.8893,0.1750
3.317000,3.8881,0.1750
3.318000,3.8870,0.1751
3.319000,3.8858,0.1751
3.320000,3.8846,0.1752
3.321000,3.8835,0.1752
3.322000,3.8823,0.1753
3.323000,3.8811,0.1754
3.324000,3.8799,0.1754
3.325000,3.8788,0.1755
3.326000,3.8776,0.1755
3.327000,3.8764,0.1756
3.327000,4.0790,0.1766
3.328000,4.0781,0.1767
3.329000,4.0773,0.1768
3.330000,4.0764,0.1769
3.331000,4.0755,0.1770
3.332000,4.0746,0.1770
3.333000,4.0737,0.1771
3.334000,4.0728,0.1772
3.335000,4.0720,0.1773
3.336000,4.0711,0.1774
3.337000,4.0702,0.1775
3.338000,4.0693,0.1775
3.339000,4.0685,0.1776
3.340000,4.0676,0.1777
3.341000,4.0667,0.1778
3.342000,4.0659,0.1779
3.343000,4.0650,0.1779
3.344000,4.0641,0.1780
3.345000,4.0632,0.1781
3.345000,3.7946,0.1727
3.346000,3.7933,0.1728
3.347000,3.7920,0.1729
3.348000,3.7907,0.1730
3.349000,3.7894,0.1731
3.350000,3.7881,0.1732
3.351000,3.7868,0.1732
3.352000,3.7855,0.1733
3.352000,3.7129,0.1693
3.353000,3.7115,0.1694
3.354000,3.7100,0.1695
3.355000,3.7086,0.1695
3.356000,3.7072,0.1696
3.357000,3.7058,0.1697
3.358000,3.7043,0.1697
3.359000,3.7029,0.1698
3.360000,3.7015,0.1698
3.361000,3.7001,0.1699
3.362000,3.6987,0.1699
3.363000,3.6973,0.1700
3.365000,3.6945,0.1701
3.366000,3.6931,0.1702
3.367000,3.6917,0.1703
3.368000,3.6902,0.1703
3.369000,3.6889,0.1704
3.370000,3.6875,0.1705
3.371000,3.6861,0.1706
3.372000,3.6847,0.1706
3.373000,3.6833,0.1707
3.374000,3.6819,0.1708
3.375000,3.6805,0.1708
3.395000,3.6528,0.1719
3.396000,3.6514,0.1720
3.397000,3.6500,0.1720
3.398000,3.6486,0.1721
3.399000,3.6472,0.1722
3.400000,3.6458,0.1723
3.401000,3.6444,0.1724
3.409000,3.6331,0.1729
3.410000,3.6317,0.1729
3.411000,3.6303,0.1730
3.412000,3.6289,0.1730
3.413000,3.6275,0.1731
3.414000,3.6261,0.1731
3.415000,3.6247,0.1732
3.416000,3.6233,0.1733
3.417000,3.6219,0.1734
3.418000,3.6205,0.1735
3.419000,3.6191,0.1736
3.420000,3.6177,0.1737
3.421000,3.6163,0.1738
3.472000,3.5725,0.1810
3.509000,3.5208,0.1829
3.510000,3.5194,0.1830
3.511000,3.5180,0.1830
3.512000,3.5166,0.1831
3.513000,3.5152,0.1832
3.514000,3.5137,0.1832
3.515000,3.5123,0.1832
3.516000,3.5109,0.1833
3.517000,3.5095,0.1833
3.518000,3.5081,0.1834
3.519000,3.5067,0.1834
3.520000,3.5053,0.1834
3.521000,3.5039,0.1835
3.521000,3.1325,0.1798
3.522000,3.1305,0.1799
3.523000,3.1286,0.1799
3.524000,3.1266,0.1800
3.525000,3.1246,0.1800
3.526000,3.1227,0.1801
3.527000,3.1207,0.1801
3.528000,3.1188,0.1802
3.529000,3.1168,0.1803
3.530000,3.1149,0.1803
3.531000,3.1130,0.1804
3.532000,3.1110,0.1805
3.533000,3.1091,0.1805
3.534000,3.1072,0.1805
3.535000,3.1052,0.1806
3.536000,3.1033,0.1806
3.537000,3.1014,0.1807
3.538000,3.0994,0.1808
3.539000,3.0975,0.1808
3.540000,3.0956,0.1809
3.541000,3.0936,0.1809
3.542000,3.0917,0.1810
3.543000,3.0898,0.1811
3.544000,3.0879,0.1811
3.545000,3.0860,0.1812
3.546000,3.0841,0.1812
3.547000,3.0821,0.1813
3.548000,3.0802,0.1814
3.549000,3.0783,0.1814
3.550000,3.0764,0.1815
3.551000,3.0744,0.1816
3.552000,3.0725,0.1816
3.553000,3.0706,0.1817
3.554000,3.0686,0.1817
3.555000,3.0666,0.1818
3.556000,3.0647,0.1818
3.557000,3.0627,0.1819
3.558000,3.0608,0.1819
3.559000,3.0588,0.1820
3.559000,3.5155,0.1806
3.560000,3.5143,0.1807
3.561000,3.5130,0.1807
3.562000,3.5118,0.1808
3.563000,3.5105,0.1808
3.564000,3.5093,0.1809
3.565000,3.5080,0.1809
3.566000,3.5067,0.1809
3.567000,3.5055,0.1810
3.568000,3.5042,0.1810
3.569000,3.5030,0.1811
3.570000,3.5017,0.1811
3.571000,3.5004,0.1811
3.572000,3.4991,0.1812
3.573000,3.4979,0.1812
3.574000,3.4966,0.1812
3.575000,3.4953,0.1813
3.576000,3.4941,0.1813
3.577000,3.4928,0.1814
3.578000,3.4916,0.1815
3.579000,3.4903,0.1815
3.580000,3.4891,0.1815
3.586000,3.6574,0.1860
3.587000,3.6566,0.1861
3.588000,3.6558,0.1862
3.589000,3.6550,0.1862
3.590000,3.6542,0.1863
3.591000,3.6534,0.1863
3.592000,3.6525,0.1864
3.593000,3.6517,0.1864
3.594000,3.6509,0.1865
3.655000,3.5955,0.1902
3.656000,3.5945,0.1903
3.658000,3.5926,0.1904
3.662000,3.5888,0.1908
3.677000,3.5743,0.1920
3.678000,3.5734,0.1921
3.679000,3.5725,0.1921
3.680000,3.5715,0.1922
3.681000,3.5706,0.1923
3.682000,3.5697,0.1923
3.683000,3.5688,0.1924
3.684000,3.5679,0.1924
3.685000,3.5669,0.1925
3.686000,3.5660,0.1925
3.687000,3.5651,0.1926
3.688000,3.5642,0.1927
3.689000,3.5633,0.1928
3.690000,3.5624,0.1928
3.691000,3.5614,0.1929
3.692000,3.5605,0.1930
3.693000,3.5596,0.1930
3.694000,3.5587,0.1931
3.695000,3.5578,0.1931
3.696000,3.5569,0.1932
3.712000,3.5422,0.1943
3.713000,3.5413,0.1943
3.714000,3.5404,0.1944
3.715000,3.5395,0.1944
3.716000,3.5386,0.1945
3.717000,3.5377,0.1945
3.718000,3.5367,0.1946
3.719000,3.5358,0.1946
3.720000,3.5349,0.1947
3.721000,3.5340,0.1947
3.722000,3.5331,0.1948
3.723000,3.5321,0.1948
3.724000,3.5312,0.1949
3.725000,3.5303,0.1949
3.726000,3.5294,0.1950
3.727000,3.5285,0.1951
3.728000,3.5276,0.1951
3.729000,3.5267,0.1952
3.730000,3.5258,0.1952
3.731000,3.5249,0.1953
3.732000,3.5241,0.1953
3.732000,3.5874,0.1875
3.733000,3.5864,0.1875
3.734000,3.5854,0.1876
3.735000,3.5844,0.1876
3.736000,3.5834,0.1877
3.737000,3.5824,0.1878
3.738000,3.5814,0.1879
3.739000,3.5804,0.1880
3.740000,3.5794,0.1881
3.741000,3.5784,0.1882
3.742000,3.5774,0.1882
3.743000,3.5763,0.1883
3.779000,4.0252,0.1858
3.780000,4.0248,0.1858
3.781000,4.0244,0.1859
3.782000,4.0240,0.1859
3.783000,4.0236,0.1860
3.784000,4.0232,0.1860
3.785000,4.0228,0.1861
3.786000,4.0224,0.1861
3.787000,4.0220,0.1862
3.788000,4.0216,0.1862
3.789000,4.0212,0.1863
3.790000,4.0208,0.1863
3.791000,4.0204,0.1864
3.792000,4.0200,0.1864
3.793000,4.0196,0.1865
3.794000,4.0192,0.1866
3.795000,4.0188,0.1866
3.796000,4.0184,0.1867
3.797000,4.0180,0.1868
3.798000,4.0176,0.1869
3.799000,4.0172,0.1869
3.800000,4.0169,0.1870
3.801000,4.0165,0.1871
3.802000,4.0161,0.1871
3.803000,4.0157,0.1872
3.804000,4.0153,0.1873
3.805000,4.0149,0.1874
3.806000,4.0145,0.1874
3.807000,4.0141,0.1875
3.808000,4.0137,0.1875
3.809000,4.0133,0.1876
3.810000,4.0129,0.1876
3.811000,4.0125,0.1877
3.812000,4.0121,0.1878
3.813000,4.0116,0.1878
3.814000,4.0112,0.1878
3.815000,4.0108,0.1879
3.816000,4.0103,0.1879
3.817000,4.0099,0.1879
3.818000,4.0094,0.1880
3.819000,4.0089,0.1880
3.820000,4.0085,0.1881
3.821000,4.0080,0.1881
3.822000,4.0076,0.1881
3.823000,4.0071,0.1882
3.824000,4.0066,0.1882
3.825000,4.0062,0.1882
3.826000,4.0057,0.1883
3.827000,4.0052,0.1883
3.828000,4.0047,0.1884
3.829000,4.0043,0.1885
3.829000,4.5745,0.1887
3.830000,4.5750,0.1887
3.831000,4.5754,0.1888
3.832000,4.5759,0.1888
3.833000,4.5764,0.1889
3.834000,4.5769,0.1890
3.835000,4.5774,0.1890
3.836000,4.5779,0.1891
3.837000,4.5784,0.1892
3.838000,4.5789,0.1892
3.839000,4.5794,0.1893
3.840000,4.5799,0.1893
3.841000,4.5804,0.1894
3.842000,4.5809,0.1894
3.843000,4.5814,0.1895
3.868000,4.4101,0.1819
3.869000,4.4102,0.1820
3.870000,4.4104,0.1820
3.871000,4.4106,0.1821
3.872000,4.4107,0.1822
3.873000,4.4109,0.1822
3.874000,4.4110,0.1823
3.875000,4.4112,0.1823
3.876000,4.4114,0.1824
3.877000,4.4115,0.1825
3.878000,4.4117,0.1826
3.879000,4.4118,0.1826
3.880000,4.4120,0.1827
3.881000,4.4122,0.1827
3.882000,4.4123,0.1828
3.883000,4.4125,0.1828
3.884000,4.4126,0.1829
3.885000,4.4128,0.1829
3.886000,4.4129,0.1830
3.887000,4.4131,0.1831
3.888000,4.4132,0.1831
3.889000,4.4134,0.1832
4.000000,4.2659,0.1834
4.001000,4.2659,0.1834
4.002000,4.2659,0.1834
4.003000,4.2659,0.1835
4.004000,4.2659,0.1835
4.005000,4.2659,0.1835
4.006000,4.2659,0.1836
4.007000,4.2659,0.1836
4.008000,4.2659,0.1836
4.009000,4.2659,0.1837
4.010000,4.2659,0.1837
4.011000,4.2658,0.1838
4.012000,4.2658,0.1838
4.032000,4.2643,0.1849
4.050000,4.2623,0.1858
4.051000,4.2622,0.1859
4.051000,4.2161,0.1864
4.052000,4.2160,0.1864
4.057000,4.2154,0.1867
4.058000,4.1519,0.1825
4.062000,4.1506,0.1828
4.063000,4.1502,0.1828
4.067000,4.1489,0.1830
4.068000,4.1485,0.1831
4.069000,4.1481,0.1831
4.070000,4.1478,0.1832
4.071000,4.1474,0.1832
4.072000,4.1470,0.1833
4.073000,4.1467,0.1833
4.074000,4.1463,0.1834
4.075000,4.1459,0.1834
4.076000,4.1455,0.1835
4.077000,4.1451,0.1835
4.078000,4.1447,0.1836
4.079000,4.1443,0.1837
4.080000,4.1439,0.1837
4.082000,4.1430,0.1839
4.083000,4.1426,0.1839
4.084000,4.1421,0.1840
4.085000,4.1417,0.1840
4.086000,4.1413,0.1841
4.087000,4.1408,0.1842
4.088000,4.1404,0.1842
4.089000,4.1399,0.1843
4.102000,4.1341,0.1849
4.103000,4.1337,0.1849
4.104000,4.1332,0.1850
4.105000,4.1328,0.1850
4.106000,4.1323,0.1851
4.107000,4.1319,0.1851
4.107000,3.8962,0.1790
4.108000,3.8954,0.1790
4.109000,3.8946,0.1791
4.110000,3.8938,0.1791
4.111000,3.8929,0.1791
4.112000,3.8921,0.1791
4.113000,3.8913,0.1792
4.114000,3.8904,0.1792
4.115000,3.8896,0.1793
4.117000,3.8445,0.1806
4.119000,3.8426,0.1807
4.120000,3.8417,0.1807
4.121000,3.8408,0.1808
4.122000,3.8399,0.1808
4.123000,3.8390,0.1809
4.134000,3.8289,0.1814
4.135000,3.8279,0.1814
4.137000,3.8260,0.1816
4.151000,3.8124,0.1824
4.152000,3.8114,0.1824
4.153000,3.8104,0.1825
4.154000,3.8094,0.1826
4.155000,3.8084,0.1826
4.156000,3.8074,0.1827
4.156000,3.7146,0.1794
4.157000,3.7135,0.1795
4.176000,3.6915,0.1803
4.177000,3.6903,0.1804
4.178000,3.6892,0.1804
4.179000,3.6880,0.1804
4.182000,3.7351,0.1815
4.183000,3.7340,0.1816
4.184000,3.7328,0.1816
4.185000,3.7317,0.1817
4.186000,3.7306,0.1817
4.187000,3.7295,0.1818
4.188000,3.7284,0.1819
4.189000,3.7272,0.1819
4.198000,3.7172,0.1824
4.217000,3.6870,0.1713
4.218000,3.6857,0.1713
4.219000,3.6845,0.1714
4.220000,3.6832,0.1714
4.221000,3.6819,0.1715
4.222000,3.6807,0.1716
4.231000,3.6694,0.1721
4.232000,3.6681,0.1721
4.233000,3.6669,0.1721
4.234000,3.6657,0.1721
4.235000,3.6645,0.1722
4.236000,3.6632,0.1722
4.237000,3.6620,0.1722
4.238000,3.6608,0.1723
4.239000,3.6596,0.1724
4.240000,3.6583,0.1725
4.241000,3.6571,0.1725
4.242000,3.6559,0.1726
4.243000,3.6546,0.1727
4.244000,3.6534,0.1727
4.245000,3.6522,0.1727
4.246000,3.6509,0.1728
4.247000,3.6497,0.1728
4.247000,3.5638,0.1744
4.248000,3.5625,0.1745
4.249000,3.5612,0.1745
4.250000,3.5598,0.1746
4.251000,3.5585,0.1746
4.252000,3.5571,0.1747
4.253000,3.5558,0.1747
4.254000,3.5544,0.1748
4.255000,3.5531,0.1748
4.256000,3.5517,0.1749
4.257000,3.5504,0.1749
4.258000,3.5490,0.1750
4.259000,3.5476,0.1750
4.260000,3.5462,0.1751
4.261000,3.5449,0.1752
4.262000,3.5435,0.1752
4.263000,3.5421,0.1753
4.263000,3.5630,0.1691
4.264000,3.5616,0.1691
4.265000,3.5603,0.1692
4.266000,3.5589,0.1692
4.267000,3.5575,0.1693
4.268000,3.5561,0.1693
4.269000,3.5546,0.1694
4.270000,3.5532,0.1694
4.271000,3.5518,0.1695
4.272000,3.5503,0.1695
4.273000,3.5489,0.1695
4.274000,3.5475,0.1695
4.275000,3.5460,0.1696
4.276000,3.5445,0.1696
4.277000,3.5431,0.1697
4.277000,3.2100,0.1707
4.278000,3.2080,0.1707
4.279000,3.2061,0.1707
4.280000,3.2041,0.1707
4.281000,3.2022,0.1707
4.282000,3.2002,0.1708
4.283000,3.1982,0.1708
4.284000,3.1963,0.1708
4.285000,3.1943,0.1708
4.286000,3.1923,0.1709
4.287000,3.1904,0.1709
4.288000,3.1884,0.1710
4.289000,3.1864,0.1710
4.290000,3.1845,0.1711
4.291000,3.1825,0.1711
4.292000,3.1806,0.1712
4.293000,3.1786,0.1712
4.294000,3.1767,0.1713
4.295000,3.1747,0.1713
4.296000,3.1728,0.1714
4.297000,3.1708,0.1715
4.298000,3.1689,0.1715
4.299000,3.1670,0.1716
4.300000,3.1650,0.1716
4.301000,3.1631,0.1716
4.302000,3.1612,0.1717
4.303000,3.1593,0.1717
4.303000,3.1636,0.1671
4.304000,3.1618,0.1671
4.305000,3.1599,0.1672
4.306000,3.1580,0.1672
4.307000,3.1561,0.1673
4.308000,3.1543,0.1673
4.309000,3.1524,0.1673
4.354000,3.0671,0.1697
4.355000,3.0653,0.1698
4.356000,3.0634,0.1699
4.357000,3.0615,0.1699
4.358000,3.0596,0.1700
4.359000,3.0577,0.1700
4.360000,3.0558,0.1701
4.361000,3.0539,0.1702
4.362000,3.0521,0.1702
4.363000,3.0502,0.1703
4.364000,3.0483,0.1703
4.365000,3.0464,0.1704
4.366000,3.0445,0.1704
4.367000,3.0426,0.1705
4.368000,3.0407,0.1705
4.369000,3.0389,0.1706
4.370000,3.0370,0.1707
4.371000,3.0351,0.1707
4.372000,3.0332,0.1708
4.373000,3.0313,0.1709
4.409000,3.1731,0.1647
4.410000,3.1717,0.1647
4.411000,3.1703,0.1647
4.412000,3.1689,0.1647
4.413000,3.1676,0.1647
4.435000,3.1372,0.1653
4.437000,3.1345,0.1654
4.438000,3.1331,0.1654
4.439000,3.1318,0.1655
4.440000,3.1304,0.1655
4.441000,3.1291,0.1655
4.442000,3.1277,0.1656
4.443000,3.1264,0.1657
4.444000,3.1250,0.1657
4.445000,3.1237,0.1658
4.446000,3.1224,0.1658
4.447000,3.1210,0.1659
4.448000,3.1197,0.1659
4.449000,3.1184,0.1660
4.450000,3.1170,0.1661
4.451000,3.1157,0.1661
4.452000,3.1144,0.1662
4.457000,3.1077,0.1666
4.465000,3.0967,0.1669
4.468000,3.0925,0.1670
4.469000,3.0911,0.1670
4.470000,3.0897,0.1671
4.471000,3.0883,0.1671
4.472000,3.0869,0.1671
4.485000,3.0686,0.1676
4.486000,3.0672,0.1676
4.487000,3.0657,0.1677
4.488000,3.0643,0.1677
4.489000,3.0629,0.1678
4.490000,3.0615,0.1679
4.491000,3.0601,0.1679
4.492000,3.0587,0.1680
4.492000,3.4176,0.1695
4.493000,3.4166,0.1696
4.494000,3.4157,0.1696
4.495000,3.4147,0.1697
4.496000,3.4137,0.1697
4.497000,3.4127,0.1698
4.531000,3.5872,0.1711
4.532000,3.5865,0.1711
4.532000,3.8454,0.1684
4.532000,3.9895,0.1675
4.533000,3.9895,0.1675
4.534000,3.9894,0.1676
4.535000,3.9894,0.1677
4.536000,3.9893,0.1677
4.537000,3.9893,0.1678
4.545000,3.9892,0.1682
4.546000,3.9892,0.1682
4.547000,3.9892,0.1682
4.548000,3.9892,0.1683
4.567000,3.9893,0.1693
4.568000,3.9893,0.1693
4.569000,3.9893,0.1693
4.570000,3.9893,0.1694
4.571000,3.9893,0.1694
4.572000,3.9893,0.1695
4.573000,3.9893,0.1695
4.574000,3.9893,0.1695
4.575000,3.9893,0.1696
4.576000,3.9893,0.1696
4.577000,3.9893,0.1697
4.578000,3.9892,0.1697
4.579000,3.9892,0.1697
4.580000,3.9892,0.1698
4.581000,3.9892,0.1698
4.582000,3.9891,0.1699
4.583000,3.9891,0.1699
4.584000,3.9891,0.1699
4.585000,3.9890,0.1699
4.600000,4.2016,0.1683
4.601000,4.2019,0.1684
4.602000,4.2021,0.1685
4.611000,4.2045,0.1690
4.623000,4.2637,0.1660
4.628000,4.2655,0.1663
4.630000,4.2662,0.1664
4.631000,4.2666,0.1664
4.632000,4.2670,0.1664
4.633000,4.2673,0.1665
4.634000,4.2677,0.1665
4.635000,4.2681,0.1665
4.636000,4.2685,0.1665
4.637000,4.2688,0.1666
4.638000,4.2692,0.1666
4.639000,4.2696,0.1667
4.640000,4.2700,0.1668
4.641000,4.2704,0.1668
4.642000,4.2708,0.1669
4.643000,4.2712,0.1670
4.644000,4.2716,0.1670
4.645000,4.2720,0.1671
4.646000,4.2724,0.1671
4.647000,4.2728,0.1672
4.648000,4.2733,0.1673
4.649000,4.2737,0.1673
4.650000,4.2742,0.1674
4.651000,4.2746,0.1674
4.652000,4.2751,0.1674
4.653000,4.2756,0.1675
4.654000,4.2761,0.1675
4.655000,4.2766,0.1675
4.656000,4.2771,0.1675
4.678000,4.0549,0.1664
4.679000,4.0551,0.1664
4.679000,4.2207,0.1695
4.680000,4.2212,0.1695
4.681000,4.2217,0.1695
4.682000,4.2222,0.1696
4.683000,4.2227,0.1696
4.684000,4.2232,0.1696
4.685000,4.2238,0.1697
4.686000,4.2243,0.1697
4.687000,4.2248,0.1698
4.688000,4.2254,0.1698
4.689000,4.2259,0.1699
4.697000,4.2304,0.1702
4.698000,4.2309,0.1703
4.703000,4.2339,0.1706
4.745000,4.2782,0.1738
4.746000,4.2790,0.1739
4.747000,4.2797,0.1739
4.748000,4.2805,0.1740
4.749000,4.2813,0.1740
4.750000,4.2820,0.1740
4.751000,4.2828,0.1741
4.752000,4.2835,0.1741
4.753000,4.2843,0.1742
4.754000,4.2851,0.1742
4.755000,4.2858,0.1742
4.756000,4.2866,0.1743
4.757000,4.2874,0.1743
4.758000,4.2882,0.1744
4.759000,4.2889,0.1744
4.760000,4.2897,0.1744
4.778000,4.3034,0.1749
4.779000,4.3041,0.1750
4.780000,4.3049,0.1750
4.781000,4.3057,0.1750
4.782000,4.3064,0.1751
4.783000,4.3072,0.1751
4.784000,4.3080,0.1751
4.785000,4.3087,0.1751
4.786000,4.3095,0.1752
4.787000,4.3103,0.1752
4.788000,4.3111,0.1752
4.789000,4.3118,0.1753
4.790000,4.3126,0.1753
4.791000,4.3134,0.1753
4.792000,4.3141,0.1753
4.793000,4.3149,0.1753
4.794000,4.3156,0.1753
4.795000,4.3164,0.1754
4.796000,4.3171,0.1754
4.797000,4.3179,0.1754
4.798000,4.3186,0.1754
4.799000,4.3194,0.1755
4.800000,4.3202,0.1755
4.801000,4.3209,0.1755
4.802000,4.3217,0.1755
4.803000,4.3224,0.1755
4.804000,4.3231,0.1755
4.805000,4.3239,0.1756
4.806000,4.3246,0.1756
4.806000,4.7463,0.1812
4.807000,4.7477,0.1812
4.808000,4.7491,0.1812
4.809000,4.7505,0.1813
4.810000,4.7519,0.1813
4.811000,4.7534,0.1813
4.812000,4.7548,0.1813
4.813000,4.7562,0.1814
4.814000,4.7577,0.1814
4.815000,4.7591,0.1815
4.816000,4.7605,0.1815
4.817000,4.7620,0.1815
4.818000,4.7634,0.1816
4.819000,4.7649,0.1817
4.820000,4.7663,0.1817
4.821000,4.7677,0.1817
4.822000,4.7692,0.1818
4.823000,4.7706,0.1819
4.824000,4.7720,0.1819
4.825000,4.7735,0.1820
4.826000,4.7749,0.1820
4.827000,4.7764,0.1820
4.828000,4.7778,0.1821
4.829000,4.7793,0.1821
4.829000,4.8756,0.1768
4.830000,4.8771,0.1768
4.831000,4.8787,0.1768
4.832000,4.8802,0.1768
4.847000,4.9038,0.1776
4.848000,4.9054,0.1777
4.849000,4.9070,0.1777
4.850000,4.9086,0.1778
4.851000,4.9102,0.1779
4.853000,4.9134,0.1780
4.854000,4.9151,0.1780
4.855000,4.9167,0.1780
4.857000,4.9199,0.1780
4.858000,4.9215,0.1781
4.859000,4.9231,0.1781
4.875000,4.9494,0.1784
4.876000,4.9511,0.1785
4.877000,4.9528,0.1785
4.878000,4.9544,0.1786
4.879000,4.9561,0.1786
4.880000,4.9578,0.1787
4.881000,4.9595,0.1787
4.882000,4.9611,0.1788
4.920000,5.2462,0.1829
4.922000,5.2502,0.1829
4.923000,5.2523,0.1830
4.924000,5.2543,0.1830
4.924000,5.1136,0.1745
4.925000,5.1154,0.1745
4.926000,5.1172,0.1745
4.927000,5.1189,0.1746
4.928000,5.1207,0.1746
4.929000,5.1225,0.1747
4.930000,5.1243,0.1747
4.931000,5.1260,0.1748
4.932000,5.1278,0.1749
4.933000,5.1296,0.1749
4.934000,5.1314,0.1750
4.935000,5.1331,0.1750
4.936000,5.1349,0.1751
4.937000,5.1367,0.1751
4.977000,5.5305,0.1752
4.978000,5.5328,0.1753
4.979000,5.5350,0.1753
4.980000,5.5373,0.1753
4.981000,5.5396,0.1754
4.982000,5.5419,0.1755
4.983000,5.5441,0.1755
4.984000,5.5464,0.1755
4.985000,5.5487,0.1755
4.986000,5.5510,0.1756
4.987000,5.5533,0.1756
5.036000,5.5157,0.1737
5.037000,5.5179,0.1737
5.038000,5.5200,0.1738
5.039000,5.5222,0.1738
5.040000,5.5243,0.1739
5.041000,5.5265,0.1739
5.042000,5.5287,0.1740
5.043000,5.5308,0.1740
5.044000,5.5330,0.1741
5.045000,5.5352,0.1741
5.046000,5.5374,0.1741
5.048000,5.5418,0.1742
5.049000,5.5440,0.1742
5.050000,5.5461,0.1743
5.051000,5.5483,0.1743
5.052000,5.5505,0.1743
5.053000,5.5527,0.1744
5.054000,5.5549,0.1744
5.055000,5.5571,0.1744
5.056000,5.5593,0.1744
5.057000,5.5615,0.1744
5.058000,5.5637,0.1744
5.059000,5.5659,0.1745
5.060000,5.5681,0.1745
5.061000,5.5703,0.1745
5.062000,5.5725,0.1746
5.063000,5.5747,0.1746
5.064000,5.5769,0.1746
5.065000,5.5791,0.1746
5.066000,5.5813,0.1747
5.067000,5.5835,0.1747
5.068000,5.5857,0.1747
5.069000,5.5879,0.1747
5.070000,5.5901,0.1748
5.071000,5.5923,0.1748
5.072000,5.5944,0.1748
5.073000,5.5966,0.1748
5.074000,5.5988,0.1749
5.075000,5.6010,0.1749
5.076000,5.6032,0.1749
5.087000,5.9990,0.1811
5.088000,6.0018,0.1811
5.089000,6.0046,0.1812
5.090000,6.0074,0.1812
5.091000,6.0103,0.1813
5.092000,6.0131,0.1813
5.093000,6.0159,0.1814
5.094000,6.0187,0.1815
5.095000,6.0216,0.1815
5.151000,5.7213,0.1786
5.152000,5.7235,0.1786
5.200000,5.5877,0.1792
5.223000,5.6319,0.1801
5.225000,5.6357,0.1802
5.226000,5.6376,0.1802
5.227000,5.6395,0.1803
5.228000,5.6414,0.1803
5.229000,5.6433,0.1803
5.230000,5.6452,0.1803
5.282000,5.7449,0.1822
5.283000,5.7468,0.1822
5.284000,5.7488,0.1823
5.285000,5.7508,0.1823
5.286000,5.7528,0.1823
5.287000,5.7548,0.1824
5.288000,5.7569,0.1824
5.289000,5.7589,0.1824
5.290000,5.7609,0.1824
5.291000,5.7629,0.1825
5.292000,5.7649,0.1825
5.293000,5.7669,0.1825
5.294000,5.7690,0.1826
5.295000,5.7710,0.1826
5.296000,5.7730,0.1827
5.297000,5.7750,0.1827
5.298000,5.7770,0.1828
5.299000,5.7791,0.1828
5.300000,5.7811,0.1829
5.301000,5.7831,0.1829
5.302000,5.7852,0.1830
5.303000,5.7872,0.1830
5.304000,5.7892,0.1831
5.305000,5.7913,0.1832
5.331000,5.8447,0.1845
5.344000,6.1456,0.1846
5.345000,6.1482,0.1847
5.346000,6.1507,0.1847
5.347000,6.1532,0.1848
5.348000,6.1557,0.1848
5.349000,6.1582,0.1848
5.350000,6.1607,0.1849
5.351000,6.1632,0.1849
5.352000,6.1657,0.1849
5.353000,6.1682,0.1850
5.353000,5.5120,0.1791
5.354000,5.5136,0.1792
5.355000,5.5151,0.1792
5.356000,5.5167,0.1792
5.357000,5.5182,0.1793
5.358000,5.5198,0.1793
5.359000,5.5213,0.1794
5.360000,5.5229,0.1794
5.361000,5.5244,0.1794
5.362000,5.5260,0.1795
5.363000,5.5275,0.1795
5.364000,5.5291,0.1795
5.365000,5.5306,0.1796
5.366000,5.5322,0.1796
5.367000,5.5337,0.1797
5.368000,5.5352,0.1797
5.369000,5.5368,0.1798
5.370000,5.5383,0.1798
5.371000,5.5398,0.1798
5.372000,5.5413,0.1799
5.373000,5.5428,0.1799
5.374000,5.5444,0.1799
5.375000,5.5459,0.1800
5.376000,5.5474,0.1800
5.377000,5.5489,0.1800
5.378000,5.5504,0.1801
5.379000,5.5519,0.1801
5.380000,5.5534,0.1801
5.381000,5.5549,0.1802
5.382000,5.5564,0.1802
5.383000,5.5578,0.1803
5.384000,5.5593,0.1803
5.385000,5.5609,0.1803
5.386000,5.5624,0.1803
5.387000,5.5639,0.1804
5.388000,5.5654,0.1804
5.389000,5.5669,0.1805
5.390000,5.5684,0.1805
5.391000,5.5699,0.1806
5.392000,5.5714,0.1807
5.393000,5.5729,0.1807
5.393000,5.4107,0.1785
5.394000,5.4120,0.1785
5.395000,5.4132,0.1786
5.396000,5.4145,0.1787
5.397000,5.4158,0.1788
5.398000,5.4171,0.1788
5.399000,5.4184,0.1789
5.400000,5.4198,0.1790
5.401000,5.4211,0.1790
5.402000,5.4224,0.1790
5.403000,5.4237,0.1791
5.404000,5.4250,0.1791
5.405000,5.4263,0.1791
5.406000,5.4276,0.1792
5.407000,5.4290,0.1792
5.408000,5.4303,0.1792
5.409000,5.4316,0.1793
5.410000,5.4329,0.1793
5.411000,5.4343,0.1793
5.412000,5.4356,0.1794
5.412000,5.1009,0.1741
5.413000,5.1017,0.1742
5.414000,5.1026,0.1742
5.415000,5.1035,0.1742
5.416000,5.1043,0.1743
5.417000,5.1052,0.1743
5.418000,5.1061,0.1743
5.419000,5.1069,0.1744
5.420000,5.1078,0.1745
5.421000,5.1087,0.1745
5.422000,5.1095,0.1745
5.423000,5.1104,0.1746
5.424000,5.1113,0.1746
5.425000,5.1121,0.1747
5.426000,5.1130,0.1748
5.427000,5.1138,0.1748
5.428000,5.1147,0.1749
5.429000,5.1156,0.1750
5.430000,5.1164,0.1750
5.431000,5.1173,0.1751
5.432000,5.1182,0.1751
5.433000,5.1191,0.1752
5.434000,5.1200,0.1752
5.435000,5.1209,0.1753
5.435000,5.1096,0.1770
5.436000,5.1105,0.1770
5.437000,5.1114,0.1771
5.438000,5.1123,0.1771
5.439000,5.1133,0.1771
5.460000,5.1326,0.1777
5.461000,5.1336,0.1777
5.536000,5.2069,0.1799
5.537000,5.2080,0.1800
5.538000,5.2091,0.1800
5.539000,5.2102,0.1800
5.540000,5.2113,0.1800
5.541000,5.2124,0.1800
5.542000,5.2135,0.1800
5.543000,5.2146,0.1800
5.544000,5.2157,0.1800
5.545000,5.2168,0.1800
5.546000,5.2180,0.1800
5.547000,5.2191,0.1800
5.559000,4.6911,0.1744
5.560000,4.6915,0.1744
5.560000,4.4801,0.1672
5.561000,4.4802,0.1672
5.562000,4.4804,0.1672
5.563000,4.4806,0.1672
5.564000,4.4807,0.1673
5.565000,4.4809,0.1673
5.566000,4.4811,0.1673
5.567000,4.4813,0.1673
5.568000,4.4815,0.1674
5.569000,4.4816,0.1674
5.570000,4.4818,0.1675
5.626000,4.0319,0.1568
5.627000,4.0314,0.1568
5.628000,4.0308,0.1569
5.639000,4.0245,0.1570
5.640000,4.0239,0.1570
5.641000,4.0233,0.1570
5.658000,4.0124,0.1577
5.659000,4.0117,0.1577
5.660000,4.0111,0.1577
5.661000,4.0104,0.1577
5.662000,4.0098,0.1578
5.663000,4.0091,0.1578
5.664000,4.0085,0.1578
5.665000,4.0079,0.1578
5.666000,4.0072,0.1578
5.677000,4.0001,0.1581
5.678000,3.9995,0.1581
5.679000,3.9988,0.1581
5.680000,3.9981,0.1581
5.681000,3.9975,0.1582
5.682000,3.9968,0.1582
5.683000,3.9962,0.1582
5.684000,3.9955,0.1582
5.685000,3.9948,0.1583
5.686000,3.9942,0.1583
5.687000,3.9935,0.1584
5.688000,3.9928,0.1584
5.689000,3.9922,0.1584
5.707000,3.9806,0.1588
5.708000,3.9800,0.1589
5.709000,3.9794,0.1589
5.710000,3.9787,0.1589
5.711000,3.9781,0.1589
5.712000,3.9775,0.1590
5.713000,3.9769,0.1590
5.714000,3.9763,0.1590
5.715000,3.9757,0.1591
5.716000,3.9751,0.1591
5.717000,3.9745,0.1591
5.718000,3.9740,0.1592
5.719000,3.9734,0.1592
5.720000,3.9728,0.1592
5.721000,3.9722,0.1592
5.722000,3.9716,0.1593
5.723000,3.9710,0.1593
5.724000,3.9704,0.1593
5.725000,3.9699,0.1593
5.726000,3.9693,0.1593
5.727000,3.9687,0.1594
5.730000,3.9669,0.1595
5.731000,3.9663,0.1595
5.732000,3.9657,0.1595
5.733000,3.9651,0.1596
5.734000,3.9646,0.1596
5.735000,3.9640,0.1596
5.736000,3.9634,0.1596
5.743000,3.9591,0.1598
5.760000,4.3175,0.1514
5.761000,4.4229,0.1530
5.761000,4.6312,0.1505
5.762000,4.6315,0.1505
5.763000,4.6318,0.1505
5.764000,4.6321,0.1506
5.765000,4.6324,0.1506
5.766000,4.6327,0.1506
5.767000,4.6330,0.1506
5.768000,4.6333,0.1507
5.769000,4.6336,0.1507
5.770000,4.6339,0.1507
5.771000,4.6342,0.1507
5.772000,4.6345,0.1507
5.773000,4.6348,0.1507
5.774000,4.6352,0.1508
5.804000,4.6443,0.1512
5.806000,4.6449,0.1513
5.807000,4.6452,0.1513
5.808000,4.6455,0.1513
5.814000,3.9148,0.1467
5.815000,3.9141,0.1467
5.816000,3.9134,0.1467
5.817000,3.9128,0.1467
5.818000,3.9121,0.1467
5.819000,3.9114,0.1468
5.820000,3.9108,0.1468
5.821000,3.9101,0.1468
5.822000,3.9094,0.1468
5.823000,3.9088,0.1469
5.824000,3.9081,0.1469
5.839000,3.8976,0.1475
5.840000,3.8969,0.1475
5.841000,3.8962,0.1475
5.842000,3.8955,0.1475
5.843000,3.8947,0.1475
5.844000,3.8940,0.1475
5.845000,3.8933,0.1475
5.846000,3.8926,0.1475
5.847000,3.8919,0.1475
5.848000,3.8912,0.1475
5.849000,3.8905,0.1475
5.850000,3.8898,0.1475
5.851000,3.8891,0.1475
5.852000,3.8884,0.1476
5.853000,3.8877,0.1476
5.854000,3.8869,0.1477
5.855000,3.8862,0.1477
5.856000,3.8855,0.1478
5.857000,3.8847,0.1478
5.858000,3.8840,0.1478
5.859000,3.8832,0.1479
5.860000,3.8825,0.1479
5.861000,3.8817,0.1479
5.862000,3.8809,0.1479
5.863000,3.8801,0.1480
5.863000,4.1376,0.1448
5.864000,4.1371,0.1448
5.864000,4.1903,0.1468
5.865000,4.1899,0.1468
5.866000,4.1895,0.1468
5.867000,4.1890,0.1469
5.868000,4.1886,0.1469
5.869000,4.1881,0.1470
5.870000,4.1876,0.1470
5.871000,4.1872,0.1470
5.872000,4.1867,0.1471
5.873000,4.1862,0.1471
5.874000,4.1858,0.1471
5.875000,4.1853,0.1472
5.876000,4.1848,0.1472
5.877000,4.1843,0.1472
5.878000,4.1839,0.1473
5.879000,4.1834,0.1473
5.880000,4.1829,0.1473
5.881000,4.1824,0.1474
5.882000,4.1819,0.1474
5.883000,4.1814,0.1474
5.884000,4.1809,0.1475
5.885000,4.1804,0.1475
5.886000,4.1799,0.1475
5.886000,4.2305,0.1456
5.887000,4.2301,0.1456
5.888000,4.2297,0.1456
5.889000,4.2293,0.1457
5.890000,4.2289,0.1457
5.891000,4.2285,0.1457
5.892000,4.2282,0.1458
5.893000,4.2278,0.1458
5.894000,4.2274,0.1459
5.895000,4.2270,0.1459
5.896000,4.2266,0.1460
5.897000,4.2262,0.1461
5.898000,4.2258,0.1461
5.899000,4.2254,0.1462
5.900000,4.2251,0.1462
5.901000,4.2247,0.1462
5.902000,4.2243,0.1463
5.903000,4.2239,0.1463
5.904000,4.2235,0.1464
5.905000,4.2232,0.1465
5.906000,4.2228,0.1465
5.907000,4.2224,0.1466
5.908000,4.2220,0.1467
5.909000,4.2217,0.1467
5.910000,4.2213,0.1468
5.911000,4.2209,0.1468
5.912000,4.2206,0.1469
5.913000,4.2202,0.1470
5.914000,4.2198,0.1470
5.915000,4.2195,0.1471
5.916000,4.2191,0.1472
5.917000,4.2188,0.1472
5.920000,4.3879,0.1471
5.921000,4.3878,0.1472
5.922000,4.3877,0.1472
5.923000,4.3876,0.1472
5.924000,4.3875,0.1472
5.925000,4.3875,0.1473
5.926000,4.3874,0.1473
5.927000,4.3873,0.1473
5.928000,4.3873,0.1473
5.929000,4.3872,0.1474
5.930000,4.3871,0.1474
5.931000,4.3871,0.1474
5.932000,4.3870,0.1474
5.933000,4.3870,0.1475
5.934000,4.3869,0.1475
5.935000,4.3869,0.1475
5.936000,4.3868,0.1476
5.947000,4.3862,0.1479
5.948000,4.3862,0.1479
5.949000,4.3862,0.1480
5.950000,4.3861,0.1480
5.951000,4.3861,0.1481
5.952000,4.3860,0.1481
5.953000,4.3860,0.1482
5.954000,4.3860,0.1483
5.955000,4.3860,0.1483
5.956000,4.3859,0.1484
5.957000,4.3859,0.1484
5.958000,4.3859,0.1484
5.959000,4.3859,0.1485
5.960000,4.3859,0.1485
5.961000,4.3859,0.1485
5.962000,4.3859,0.1486
5.963000,4.3859,0.1486
5.964000,4.3859,0.1486
5.965000,4.3859,0.1487
5.966000,4.3859,0.1487
5.967000,4.3859,0.1488
5.987000,4.3855,0.1493
5.988000,4.3854,0.1494
5.989000,4.3854,0.1494
5.990000,4.3853,0.1495
5.991000,4.3852,0.1495
5.992000,4.3852,0.1496
5.993000,4.3851,0.1496
5.994000,4.3850,0.1496
6.003000,4.3844,0.1499
6.012000,4.5578,0.1488
6.013000,4.5580,0.1489
6.014000,4.5582,0.1489
6.015000,4.5584,0.1490
6.016000,4.5585,0.1490
6.017000,4.5587,0.1490
6.018000,4.5589,0.1490
6.019000,4.5590,0.1491
6.020000,4.5592,0.1491
6.021000,4.5594,0.1492
6.022000,4.5596,0.1492
6.023000,4.5597,0.1493
6.024000,4.5599,0.1493
6.025000,4.5601,0.1494
6.026000,4.5602,0.1494
6.027000,4.5604,0.1495
6.028000,4.5605,0.1495
6.029000,4.5607,0.1496
6.030000,4.5609,0.1496
6.031000,4.5610,0.1497
6.032000,4.5612,0.1497
6.033000,4.5613,0.1498
6.034000,4.5614,0.1498
6.035000,4.5616,0.1498
6.036000,4.5617,0.1498
6.037000,4.5619,0.1498
6.038000,4.5620,0.1499
6.039000,4.5621,0.1499
6.040000,4.5622,0.1499
6.040000,4.1021,0.1476
6.041000,4.1016,0.1476
6.042000,4.1011,0.1476
6.043000,4.1005,0.1476
6.044000,4.1000,0.1476
6.045000,4.0995,0.1477
6.046000,4.0989,0.1477
6.053000,4.0953,0.1480
6.054000,4.0948,0.1480
6.055000,4.0943,0.1480
6.056000,4.0938,0.1480
6.057000,4.0933,0.1481
6.058000,4.0928,0.1481
6.059000,4.0923,0.1481
6.060000,4.0918,0.1481
6.078000,3.8360,0.1529
6.079000,3.8351,0.1530
6.080000,3.8341,0.1530
6.081000,3.8332,0.1531
6.082000,3.8323,0.1532
6.083000,3.8314,0.1532
6.084000,3.8304,0.1533
6.085000,3.8295,0.1534
6.086000,3.8286,0.1534
6.087000,3.8277,0.1535
6.088000,3.8267,0.1536
6.089000,3.8258,0.1536
6.090000,3.8249,0.1537
6.091000,3.8239,0.1537
6.092000,3.8230,0.1538
6.093000,3.8221,0.1539
6.094000,3.8212,0.1539
6.095000,3.8203,0.1539
6.096000,3.8194,0.1540
6.097000,3.8185,0.1540
6.109000,3.7089,0.1534
6.117000,3.7004,0.1538
6.118000,3.6993,0.1538
6.119000,3.6983,0.1539
6.129000,3.7104,0.1535
6.179000,3.6611,0.1553
6.180000,3.6600,0.1553
6.181000,3.6589,0.1553
6.185000,3.6547,0.1556
6.186000,3.6536,0.1556
6.187000,3.6525,0.1557
6.194000,3.6450,0.1560
6.199000,3.6396,0.1560
6.200000,3.6386,0.1561
6.201000,3.6375,0.1561
6.202000,3.6365,0.1561
6.203000,3.6354,0.1561
6.228000,3.6088,0.1570
6.229000,3.6077,0.1571
6.229000,3.7855,0.1585
6.230000,3.7846,0.1586
6.231000,3.7837,0.1587
6.241000,3.9100,0.1629
6.258000,3.8972,0.1639
6.259000,3.8965,0.1640
6.260000,3.8957,0.1640
6.261000,3.8949,0.1640
6.262000,3.8942,0.1640
6.263000,3.8934,0.1641
6.264000,3.8926,0.1641
6.265000,3.8919,0.1641
6.266000,3.8911,0.1641
6.267000,3.8903,0.1641
6.280000,4.1182,0.1626
6.281000,4.1178,0.1627
6.282000,4.1174,0.1627
6.283000,4.1169,0.1627
6.284000,4.1165,0.1627
6.285000,4.1161,0.1628
6.286000,4.1157,0.1628
6.287000,4.1153,0.1628
6.288000,4.1149,0.1628
6.289000,4.1145,0.1629
6.290000,4.1141,0.1629
6.291000,4.1137,0.1629
6.292000,4.1133,0.1629
6.293000,4.1129,0.1630
6.294000,4.1125,0.1630
6.295000,4.1121,0.1631
6.296000,4.1117,0.1631
6.297000,4.1113,0.1632
6.298000,4.1108,0.1632
6.299000,4.1104,0.1633
6.300000,4.1100,0.1633
6.301000,4.1096,0.1634
6.328000,3.3937,0.1597
6.329000,3.3923,0.1598
6.330000,3.3909,0.1598
6.331000,3.3896,0.1599
6.332000,3.3882,0.1599
6.333000,3.3869,0.1599
6.334000,3.3855,0.1600
6.335000,3.3842,0.1600
6.336000,3.3828,0.1600
6.337000,3.3815,0.1600
6.338000,3.3802,0.1601
6.339000,3.3788,0.1601
6.340000,3.3775,0.1601
6.341000,3.3761,0.1602
6.342000,3.3748,0.1602
6.343000,3.3734,0.1602
6.375000,3.3301,0.1608
6.376000,3.3288,0.1608
6.377000,3.3275,0.1609
6.378000,3.3262,0.1609
6.379000,3.3249,0.1609
6.384000,3.3183,0.1610
6.417000,3.2752,0.1617
6.418000,3.2738,0.1617
6.419000,3.2724,0.1618
6.420000,3.2711,0.1618
6.421000,3.2697,0.1619
6.422000,3.2684,0.1619
6.423000,3.2670,0.1620
6.461000,3.4007,0.1544
6.463000,3.3983,0.1544
6.463000,3.4617,0.1593
6.464000,3.4606,0.1593
6.465000,3.4595,0.1593
6.466000,3.4584,0.1593
6.467000,3.4573,0.1593
6.468000,3.4562,0.1593
6.469000,3.4551,0.1594
6.481000,3.4416,0.1599
6.482000,3.4405,0.1599
6.483000,3.4394,0.1600
6.484000,3.4383,0.1600
6.485000,3.4372,0.1600
6.497000,3.6737,0.1573
6.498000,3.6729,0.1573
6.499000,3.6720,0.1573
6.500000,3.6712,0.1573
6.501000,3.6703,0.1573
6.502000,3.6695,0.1574
6.503000,3.6686,0.1574
6.504000,3.6678,0.1574
6.505000,3.6669,0.1574
6.506000,3.6661,0.1574
6.507000,3.6653,0.1574
6.508000,3.6644,0.1574
6.508000,3.6164,0.1593
6.545000,3.6626,0.1619
6.546000,3.6619,0.1619
6.547000,3.6612,0.1619
6.548000,3.6605,0.1620
6.549000,3.6599,0.1620
6.550000,3.6592,0.1620
6.551000,3.6585,0.1620
6.552000,3.6579,0.1620
6.553000,3.6572,0.1621
6.554000,3.6565,0.1621
6.555000,3.6559,0.1621
6.556000,3.6553,0.1621
6.557000,3.6546,0.1621
6.558000,3.6540,0.1621
6.559000,3.6534,0.1621
6.563000,3.6509,0.1621
6.564000,3.6503,0.1621
6.565000,3.6497,0.1621
6.572000,3.6454,0.1623
6.573000,3.6448,0.1623
6.574000,3.6443,0.1623
6.575000,3.6437,0.1623
6.576000,3.6431,0.1623
6.577000,3.6426,0.1623
6.578000,3.6420,0.1624
6.579000,3.6415,0.1624
6.580000,3.6410,0.1624
6.581000,3.6404,0.1624
6.582000,3.6399,0.1625
6.583000,3.6394,0.1625
6.584000,3.6389,0.1626
6.585000,3.6383,0.1626
6.586000,3.6378,0.1627
6.587000,3.6373,0.1627
6.588000,3.6368,0.1628
6.596000,3.4166,0.1619
6.597000,3.4158,0.1619
6.598000,3.4151,0.1619
6.599000,3.4143,0.1619
6.600000,3.4136,0.1619
6.604000,3.4105,0.1620
6.605000,3.4097,0.1620
6.606000,3.4090,0.1620
6.613000,3.4036,0.1622
6.614000,3.4028,0.1622
6.615000,3.4020,0.1622
6.616000,3.4013,0.1622
6.617000,3.4005,0.1622
6.618000,3.3997,0.1622
6.674000,3.6928,0.1591
6.675000,3.6926,0.1591
6.676000,3.6923,0.1591
6.677000,3.6921,0.1592
6.678000,3.6918,0.1593
6.679000,3.6916,0.1593
6.680000,3.6913,0.1594
6.681000,3.6911,0.1595
6.682000,3.6909,0.1595
6.683000,3.6906,0.1596
6.684000,3.6904,0.1596
6.685000,3.6901,0.1597
6.686000,3.6899,0.1597
6.687000,3.6896,0.1598
6.688000,3.6894,0.1598
6.698000,3.6868,0.1601
6.699000,3.6865,0.1601
6.700000,3.6863,0.1602
6.701000,3.6860,0.1602
6.702000,3.6857,0.1602
6.703000,3.6855,0.1603
6.704000,3.6852,0.1603
6.705000,3.6849,0.1603
6.706000,3.6847,0.1603
6.708000,3.6841,0.1604
6.714000,3.6824,0.1605
6.723000,3.2680,0.1588
6.724000,3.2671,0.1589
6.727000,3.2644,0.1590
6.733000,3.2590,0.1591
6.736000,3.2563,0.1592
6.737000,3.2554,0.1592
6.738000,3.2544,0.1593
6.739000,3.2535,0.1593
6.740000,3.2526,0.1593
6.741000,3.2517,0.1593
6.742000,3.2508,0.1593
6.743000,3.2498,0.1593
6.744000,3.2489,0.1593
6.745000,3.2480,0.1593
6.746000,3.2471,0.1593
6.747000,3.2462,0.1593
6.748000,3.2453,0.1593
6.749000,3.2444,0.1593
6.750000,3.2436,0.1593
6.751000,3.2427,0.1593
6.752000,3.2418,0.1594
6.753000,3.2409,0.1594
6.754000,3.2400,0.1594
6.755000,3.2392,0.1594
6.756000,3.2383,0.1595
6.761000,3.2338,0.1595
6.762000,3.2329,0.1595
6.763000,3.2320,0.1596
6.772000,3.2659,0.1596
6.773000,3.2650,0.1596
6.773000,3.3514,0.1548
6.774000,3.3506,0.1548
6.775000,3.3498,0.1548
6.776000,3.3489,0.1549
6.777000,3.3481,0.1549
6.778000,3.3473,0.1549
6.779000,3.3464,0.1549
6.780000,3.3456,0.1550
6.781000,3.3447,0.1550
6.782000,3.3439,0.1550
6.783000,3.3430,0.1551
6.784000,3.3422,0.1551
6.784000,3.6916,0.1540
6.785000,3.6913,0.1540
6.786000,3.6909,0.1541
6.787000,3.6906,0.1541
6.788000,3.6902,0.1542
6.789000,3.6899,0.1542
6.790000,3.6895,0.1543
6.791000,3.6892,0.1543
6.792000,3.6888,0.1544
6.793000,3.6885,0.1544
6.794000,3.6881,0.1544
6.795000,3.6877,0.1544
6.796000,3.6874,0.1544
6.797000,3.6870,0.1544
6.798000,3.6866,0.1544
6.799000,3.6863,0.1544
6.800000,3.6859,0.1544
6.801000,3.6855,0.1544
6.802000,3.6851,0.1544
6.803000,3.6847,0.1545
6.804000,3.6844,0.1545
6.805000,3.6840,0.1545
6.806000,3.6836,0.1546
6.807000,3.6832,0.1546
6.808000,3.6828,0.1546
6.809000,3.6824,0.1547
6.810000,3.6820,0.1547
6.811000,3.6816,0.1547
6.812000,3.6812,0.1547
6.813000,3.6808,0.1548
6.814000,3.6804,0.1548
6.815000,3.6800,0.1548
6.816000,3.6796,0.1548
6.817000,3.6792,0.1549
6.818000,3.6787,0.1549
6.819000,3.6783,0.1550
6.819000,3.3925,0.1511
6.820000,3.3917,0.1511
6.821000,3.3909,0.1512
6.822000,3.3900,0.1512
6.823000,3.3892,0.1512
6.824000,3.3883,0.1512
6.825000,3.3875,0.1512
6.826000,3.3866,0.1513
6.827000,3.3858,0.1513
6.828000,3.3849,0.1513
6.829000,3.3841,0.1513
6.830000,3.3832,0.1513
6.831000,3.3824,0.1513
6.832000,3.3815,0.1513
6.833000,3.3807,0.1513
6.834000,3.3798,0.1513
6.835000,3.3790,0.1513
6.836000,3.3781,0.1513
6.837000,3.3772,0.1513
6.838000,3.3764,0.1513
6.839000,3.3755,0.1513
6.840000,3.3746,0.1514
6.841000,3.3738,0.1514
6.842000,3.3729,0.1514
6.843000,3.3720,0.1514
6.844000,3.3711,0.1515
6.844000,3.7523,0.1503
6.845000,3.7519,0.1503
6.846000,3.7516,0.1503
6.847000,3.7512,0.1504
6.848000,3.7509,0.1504
6.849000,3.7505,0.1505
6.850000,3.7502,0.1505
6.851000,3.7498,0.1505
6.852000,3.7494,0.1506
6.853000,3.7491,0.1506
6.854000,3.7487,0.1506
6.855000,3.7484,0.1506
6.856000,3.7480,0.1507
6.857000,3.7477,0.1507
6.858000,3.7473,0.1507
6.859000,3.7469,0.1508
6.860000,3.7466,0.1508
6.861000,3.7462,0.1508
6.862000,3.7458,0.1508
6.863000,3.7455,0.1509
6.864000,3.7451,0.1509
6.865000,3.7447,0.1509
6.866000,3.7443,0.1510
6.867000,3.7439,0.1510
6.867000,4.0335,0.1508
6.868000,4.0335,0.1509
6.869000,4.0335,0.1509
6.870000,4.0335,0.1509
6.871000,4.0336,0.1510
6.872000,4.0336,0.1510
6.873000,4.0336,0.1510
6.874000,4.0336,0.1511
6.875000,4.0336,0.1511
6.876000,4.0337,0.1511
6.877000,4.0337,0.1512
6.878000,4.0337,0.1512
6.879000,4.0337,0.1513
6.880000,4.0337,0.1514
6.881000,4.0337,0.1514
6.882000,4.0337,0.1515
6.883000,4.0337,0.1515
6.884000,4.0338,0.1516
6.885000,4.0338,0.1516
6.886000,4.0338,0.1517
6.887000,4.0338,0.1517
6.888000,4.0338,0.1517
6.889000,4.0339,0.1517
6.890000,4.0339,0.1518
6.891000,4.0339,0.1518
6.892000,4.0339,0.1518
6.893000,4.0340,0.1518
6.894000,4.0340,0.1519
6.895000,4.0340,0.1519
6.896000,4.0340,0.1519
6.897000,4.0341,0.1519
6.898000,4.0341,0.1519
6.899000,4.0341,0.1520
6.900000,4.0341,0.1520
6.901000,4.0341,0.1520
6.902000,4.0341,0.1521
6.903000,4.0342,0.1521
6.904000,4.0342,0.1521
6.905000,4.0342,0.1521
6.906000,4.0342,0.1521
6.907000,4.0342,0.1522
6.908000,4.0342,0.1522
6.909000,4.0343,0.1523
6.910000,4.0343,0.1523
6.911000,4.0343,0.1524
6.912000,4.0343,0.1524
6.913000,4.0343,0.1524
6.914000,4.0342,0.1524
6.915000,4.0342,0.1525
6.916000,4.0342,0.1525
6.917000,4.0342,0.1525
6.918000,4.0341,0.1526
6.919000,4.0341,0.1526
6.920000,4.0340,0.1526
6.921000,4.0340,0.1527
6.922000,4.0339,0.1527
6.923000,4.0339,0.1527
6.924000,4.0338,0.1527
6.925000,4.0337,0.1527
6.926000,4.0337,0.1528
6.927000,4.0336,0.1528
6.928000,4.0335,0.1528
6.929000,4.0335,0.1528
6.930000,4.0334,0.1528
6.931000,4.0334,0.1529
6.932000,4.0333,0.1529
6.933000,4.0332,0.1530
6.933000,3.6848,0.1512
6.934000,3.6843,0.1513
6.935000,3.6837,0.1513
6.936000,3.6832,0.1514
6.937000,3.6827,0.1514
6.938000,3.6822,0.1515
6.939000,3.6817,0.1515
6.940000,3.6811,0.1516
6.941000,3.6806,0.1516
6.942000,3.6801,0.1516
6.943000,3.6796,0.1517
6.944000,3.6790,0.1517
6.945000,3.6785,0.1517
6.946000,3.6779,0.1518
6.947000,3.6774,0.1518
6.948000,3.6768,0.1518
6.949000,3.6763,0.1518
6.950000,3.6757,0.1519
6.951000,3.6752,0.1519
6.952000,3.6746,0.1519
6.953000,3.6741,0.1520
6.954000,3.6735,0.1520
6.955000,3.6729,0.1520
6.956000,3.6724,0.1520
6.957000,3.6718,0.1520
6.958000,3.6712,0.1520
6.959000,3.6707,0.1519
6.960000,3.6701,0.1520
6.961000,3.6695,0.1519
6.962000,3.6690,0.1519
6.963000,3.6684,0.1520
6.964000,3.6678,0.1520
6.965000,3.6672,0.1520
6.966000,3.6666,0.1520
6.966000,3.7003,0.1514
6.967000,3.6998,0.1514
6.968000,3.6992,0.1513
6.969000,3.6987,0.1514
6.970000,3.6981,0.1514
6.971000,3.6975,0.1514
6.972000,3.6970,0.1514
6.973000,3.6964,0.1514
6.974000,3.6959,0.1515
6.975000,3.6953,0.1515
6.976000,3.6948,0.1515
6.977000,3.6942,0.1516
7.009000,3.6818,0.1551
7.010000,3.6813,0.1551
7.011000,3.6807,0.1552
7.012000,3.6802,0.1552
7.013000,3.6796,0.1553
7.014000,3.6791,0.1553
7.015000,3.6785,0.1554
7.016000,3.6780,0.1554
7.017000,3.6774,0.1554
7.018000,3.6769,0.1555
7.019000,3.6764,0.1555
7.020000,3.6758,0.1555
7.021000,3.6753,0.1556
7.022000,3.6748,0.1556
7.023000,3.6742,0.1556
7.024000,3.6737,0.1556
7.025000,3.6732,0.1556
7.026000,3.6726,0.1556
7.040000,3.6653,0.1557
7.041000,3.6648,0.1558
7.042000,3.6642,0.1558
7.043000,3.6637,0.1558
7.044000,3.6632,0.1558
7.045000,3.6627,0.1559
7.046000,3.6622,0.1559
7.047000,3.6617,0.1559
7.048000,3.6611,0.1559
7.049000,3.6606,0.1560
7.050000,3.6601,0.1560
7.051000,3.6596,0.1560
7.052000,3.6591,0.1560
7.053000,3.6586,0.1561
7.054000,3.6581,0.1561
7.055000,3.6576,0.1561
7.056000,3.6571,0.1562
7.057000,3.6566,0.1562
7.058000,3.6561,0.1562
7.059000,3.6556,0.1562
7.059000,4.0775,0.1583
7.077000,4.0793,0.1587
7.088000,4.3391,0.1623
7.089000,4.3396,0.1624
7.089000,4.5951,0.1617
7.090000,4.5959,0.1618
7.091000,4.5967,0.1618
7.092000,4.5975,0.1618
7.093000,4.5983,0.1618
7.094000,4.5991,0.1618
7.095000,4.5999,0.1618
7.096000,4.6006,0.1618
7.097000,4.6014,0.1619
7.106000,4.6085,0.1622
7.107000,4.6093,0.1622
7.108000,4.6100,0.1623
7.109000,4.6108,0.1623
7.110000,4.6116,0.1623
7.111000,4.6123,0.1623
7.112000,4.6131,0.1623
7.113000,4.6139,0.1622
7.114000,4.6146,0.1623
7.115000,4.6154,0.1623
7.116000,4.6161,0.1623
7.117000,4.6169,0.1623
7.118000,4.6176,0.1623
7.119000,4.6184,0.1623
7.120000,4.6191,0.1624
7.121000,4.6199,0.1624
7.122000,4.6206,0.1625
7.123000,4.6214,0.1626
7.124000,4.6221,0.1626
7.125000,4.6229,0.1627
7.126000,4.6237,0.1627
7.127000,4.6244,0.1628
7.128000,4.6252,0.1628
7.129000,4.6260,0.1629
7.130000,4.6268,0.1629
7.131000,4.6276,0.1629
7.132000,4.6283,0.1630
7.133000,4.6291,0.1630
7.134000,4.6299,0.1631
7.134000,4.8356,0.1622
7.134000,5.0325,0.1627
7.135000,5.0339,0.1628
7.136000,5.0353,0.1629
7.137000,5.0367,0.1629
7.138000,5.0381,0.1630
7.139000,5.0395,0.1630
7.140000,5.0409,0.1631
7.141000,5.0423,0.1631
7.142000,5.0437,0.1632
7.143000,5.0451,0.1632
7.144000,5.0465,0.1633
7.145000,5.0480,0.1633
7.146000,5.0494,0.1634
7.147000,5.0508,0.1635
7.148000,5.0522,0.1635
7.149000,5.0536,0.1636
7.150000,5.0551,0.1636
7.151000,5.0565,0.1637
7.152000,5.0579,0.1638
7.153000,5.0594,0.1638
7.154000,5.0608,0.1638
7.155000,5.0623,0.1639
7.156000,5.0637,0.1639
7.156000,4.8223,0.1589
7.157000,4.8234,0.1589
7.158000,4.8245,0.1590
7.159000,4.8257,0.1590
7.160000,4.8268,0.1590
7.161000,4.8279,0.1590
7.162000,4.8291,0.1591
7.163000,4.8302,0.1591
7.164000,4.8313,0.1591
7.165000,4.8325,0.1591
7.166000,4.8336,0.1592
7.167000,4.8348,0.1592
7.168000,4.8359,0.1592
7.169000,4.8370,0.1593
7.170000,4.8382,0.1593
7.171000,4.8393,0.1593
7.172000,4.8404,0.1593
7.173000,4.8415,0.1593
7.174000,4.8427,0.1593
7.175000,4.8438,0.1593
7.176000,4.8449,0.1593
7.177000,4.8460,0.1593
7.178000,4.8471,0.1594
7.179000,4.8482,0.1594
7.180000,4.8494,0.1594
7.181000,4.8505,0.1594
7.181000,4.7454,0.1603
7.182000,4.7464,0.1604
7.183000,4.7473,0.1604
7.184000,4.7482,0.1604
7.185000,4.7491,0.1604
7.186000,4.7500,0.1604
7.187000,4.7509,0.1604
7.188000,4.7518,0.1604
7.189000,4.7527,0.1604
7.190000,4.7536,0.1605
7.191000,4.7545,0.1605
7.192000,4.7553,0.1605
7.193000,4.7562,0.1605
7.194000,4.7571,0.1606
7.195000,4.7580,0.1606
7.196000,4.7589,0.1606
7.197000,4.7597,0.1607
7.198000,4.7606,0.1607
7.199000,4.7615,0.1607
7.200000,4.7623,0.1608
7.201000,4.7632,0.1608
7.202000,4.7640,0.1608
7.203000,4.7649,0.1609
7.204000,4.7657,0.1609
7.205000,4.7666,0.1609
7.206000,4.7674,0.1609
7.207000,4.7683,0.1610
7.208000,4.7691,0.1610
7.209000,4.7699,0.1610
7.210000,4.7708,0.1611
7.211000,4.7716,0.1611
7.212000,4.7725,0.1612
7.213000,4.7733,0.1612
7.214000,4.7742,0.1613
7.215000,4.7750,0.1613
7.216000,4.7759,0.1614
7.217000,4.7767,0.1614
7.218000,4.7776,0.1614
7.219000,4.7784,0.1615
7.220000,4.7793,0.1615
7.221000,4.7802,0.1615
7.222000,4.7810,0.1615
7.223000,4.7819,0.1616
7.230000,4.7880,0.1617
7.231000,4.7889,0.1617
7.232000,4.7898,0.1617
7.233000,4.7907,0.1617
7.234000,4.7916,0.1618
7.245000,4.8016,0.1621
7.246000,4.8025,0.1621
7.247000,4.8035,0.1621
7.248000,4.8044,0.1621
7.249000,4.8053,0.1621
7.250000,4.8062,0.1622
7.251000,4.8072,0.1622
7.252000,4.8081,0.1622
7.253000,4.8090,0.1622
7.254000,4.8100,0.1622
7.255000,4.8109,0.1623
7.256000,4.8118,0.1623
7.257000,4.8127,0.1623
7.258000,4.8137,0.1623
7.259000,4.8146,0.1623
7.260000,4.8155,0.1623
7.261000,4.8164,0.1623
7.262000,4.8174,0.1624
7.263000,4.8183,0.1624
7.264000,4.8193,0.1624
7.265000,4.8202,0.1624
7.266000,4.8212,0.1625
7.267000,4.8221,0.1625
7.268000,4.8231,0.1626
7.269000,4.8240,0.1626
7.270000,4.8250,0.1627
7.271000,4.8259,0.1627
7.272000,4.8269,0.1627
7.273000,4.8279,0.1628
7.274000,4.8288,0.1628
7.275000,4.8298,0.1629
7.276000,4.8308,0.1629
7.277000,4.8318,0.1630
7.278000,4.8327,0.1630
7.279000,4.8337,0.1630
7.279000,4.4892,0.1579
7.280000,4.4897,0.1580
7.281000,4.4902,0.1580
7.282000,4.4907,0.1580
7.283000,4.4913,0.1580
7.284000,4.4918,0.1580
7.285000,4.4923,0.1580
7.286000,4.4928,0.1580
7.287000,4.4933,0.1581
7.288000,4.4939,0.1581
7.289000,4.4944,0.1581
7.290000,4.4949,0.1582
7.291000,4.4954,0.1582
7.292000,4.4959,0.1583
7.292000,4.3786,0.1573
7.293000,4.3790,0.1574
7.294000,4.3794,0.1574
7.295000,4.3798,0.1574
7.296000,4.3802,0.1574
7.297000,4.3806,0.1574
7.298000,4.3810,0.1575
7.299000,4.3814,0.1575
7.300000,4.3818,0.1575
7.301000,4.3821,0.1575
7.302000,4.3825,0.1576
7.303000,4.3829,0.1576
7.304000,4.3833,0.1576
7.305000,4.3837,0.1576
7.306000,4.3841,0.1577
7.307000,4.3844,0.1577
7.308000,4.3848,0.1577
7.309000,4.3852,0.1576
7.309000,4.5240,0.1554
7.310000,4.5245,0.1554
7.311000,4.5251,0.1554
7.312000,4.5256,0.1554
7.313000,4.5261,0.1554
7.314000,4.5267,0.1554
7.315000,4.5272,0.1554
7.316000,4.5277,0.1554
7.317000,4.5283,0.1554
7.318000,4.5288,0.1554
7.319000,4.5294,0.1555
7.320000,4.5300,0.1555
7.321000,4.5305,0.1555
7.322000,4.5311,0.1556
7.323000,4.5317,0.1556
7.324000,4.5323,0.1556
7.325000,4.5328,0.1556
7.326000,4.5334,0.1557
7.327000,4.5340,0.1557
7.328000,4.5346,0.1557
7.329000,4.5351,0.1557
7.330000,4.5357,0.1558
7.331000,4.5363,0.1558
7.332000,4.5369,0.1558
7.333000,4.5375,0.1558
7.334000,4.5380,0.1558
7.335000,4.5386,0.1558
7.335000,4.3182,0.1540
7.336000,4.3185,0.1540
7.337000,4.3187,0.1540
7.338000,4.3190,0.1541
7.339000,4.3193,0.1541
7.340000,4.3196,0.1541
7.341000,4.3199,0.1541
7.342000,4.3202,0.1541
7.343000,4.3205,0.1542
7.344000,4.3208,0.1542
7.345000,4.3211,0.1542
7.346000,4.3214,0.1542
7.347000,4.3217,0.1543
7.348000,4.3219,0.1543
7.349000,4.3222,0.1543
7.350000,4.3225,0.1543
7.351000,4.3227,0.1543
7.352000,4.3230,0.1544
7.353000,4.3232,0.1544
7.354000,4.3235,0.1544
7.355000,4.3237,0.1545
7.356000,4.3239,0.1545
7.357000,4.3242,0.1545
7.357000,4.3127,0.1534
7.358000,4.3128,0.1535
7.359000,4.3130,0.1535
7.360000,4.3132,0.1535
7.361000,4.3134,0.1535
7.362000,4.3135,0.1536
7.363000,4.3137,0.1536
7.364000,4.3138,0.1536
7.365000,4.3140,0.1536
7.366000,4.3141,0.1536
7.367000,4.3143,0.1536
7.368000,4.3144,0.1537
7.369000,4.3145,0.1537
7.370000,4.3146,0.1537
7.371000,4.3147,0.1537
7.372000,4.3149,0.1537
7.373000,4.3150,0.1537
7.374000,4.3151,0.1537
7.375000,4.3152,0.1537
7.376000,4.3153,0.1537
7.377000,4.3155,0.1538
7.378000,4.3156,0.1538
7.395000,4.3176,0.1543
7.396000,4.3178,0.1543
7.397000,4.3179,0.1543
7.399000,4.3181,0.1543
7.400000,4.3183,0.1544
7.401000,4.3184,0.1544
7.402000,4.3185,0.1545
7.403000,4.3186,0.1545
7.404000,4.3188,0.1546
7.405000,4.3189,0.1546
7.406000,4.3190,0.1546
7.407000,4.3191,0.1547
7.408000,4.3193,0.1547
7.409000,4.3194,0.1547
7.410000,4.3195,0.1547
7.411000,4.3197,0.1548
7.412000,4.3198,0.1548
7.413000,4.3199,0.1548
7.414000,4.3200,0.1548
7.415000,4.3202,0.1548
7.416000,4.3203,0.1549
7.417000,4.3205,0.1549
7.418000,4.3206,0.1549
7.419000,4.3208,0.1550
7.420000,4.3210,0.1550
7.421000,4.3211,0.1551
7.422000,4.3213,0.1551
7.423000,4.3215,0.1551
7.424000,4.3217,0.1552
7.425000,4.3218,0.1552
7.426000,4.3220,0.1553
7.427000,4.3222,0.1553
7.428000,4.3224,0.1554
7.437000,4.3242,0.1556
7.438000,4.3243,0.1556
7.439000,4.3245,0.1556
7.440000,4.3247,0.1557
7.441000,4.3249,0.1557
7.442000,4.3251,0.1557
7.443000,4.3253,0.1557
7.444000,4.3255,0.1557
7.445000,4.3257,0.1557
7.446000,4.3259,0.1558
7.447000,4.3261,0.1558
7.448000,4.3263,0.1558
7.448000,4.5358,0.1577
7.449000,4.5363,0.1577
7.450000,4.5368,0.1577
7.451000,4.5374,0.1578
7.452000,4.5379,0.1578
7.453000,4.5384,0.1579
7.454000,4.5390,0.1579
7.455000,4.5395,0.1579
7.456000,4.5400,0.1579
7.457000,4.5405,0.1580
7.458000,4.5410,0.1580
7.459000,4.5415,0.1580
7.460000,4.5420,0.1580
7.461000,4.5425,0.1581
7.462000,4.5430,0.1581
7.463000,4.5435,0.1581
7.464000,4.5440,0.1581
7.465000,4.5445,0.1581
7.466000,4.5450,0.1581
7.467000,4.5455,0.1582
7.468000,4.5460,0.1582
7.469000,4.5464,0.1582
7.470000,4.5469,0.1582
7.471000,4.5474,0.1583
7.472000,4.5479,0.1583
7.473000,4.5483,0.1583
7.474000,4.5488,0.1583
7.475000,4.5492,0.1584
7.476000,4.5497,0.1584
7.477000,4.5501,0.1584
7.478000,4.5506,0.1584
7.479000,4.5510,0.1584
7.480000,4.5514,0.1584
7.481000,4.5519,0.1584
7.482000,4.5523,0.1584
7.483000,4.5527,0.1585
7.484000,4.5531,0.1585
7.485000,4.5535,0.1585
7.486000,4.5539,0.1586
7.487000,4.5544,0.1586
7.488000,4.5548,0.1586
7.489000,4.5552,0.1586
7.490000,4.5556,0.1587
7.490000,4.9614,0.1542
7.490000,4.8638,0.1544
7.491000,4.8646,0.1544
7.492000,4.8654,0.1544
7.493000,4.8662,0.1544
7.494000,4.8669,0.1545
7.495000,4.8677,0.1545
7.496000,4.8685,0.1545
7.497000,4.8693,0.1545
7.498000,4.8701,0.1545
7.499000,4.8709,0.1545
7.500000,4.8717,0.1545
7.501000,4.8725,0.1546
7.502000,4.8733,0.1546
7.503000,4.8741,0.1546
7.504000,4.8749,0.1546
7.505000,4.8757,0.1546
7.506000,4.8765,0.1546
7.507000,4.8773,0.1546
7.508000,4.8782,0.1546
7.509000,4.8790,0.1546
7.510000,4.8798,0.1546
7.523000,4.8907,0.1548
7.524000,4.8916,0.1548
7.525000,4.8924,0.1548
7.526000,4.8932,0.1548
7.527000,4.8941,0.1549
7.528000,4.8949,0.1549
7.529000,4.8957,0.1549
7.530000,4.8966,0.1550
7.531000,4.8974,0.1550
7.532000,4.8982,0.1550
7.533000,4.8990,0.1550
7.534000,4.8999,0.1551
7.535000,4.9007,0.1551
7.536000,4.9015,0.1551
7.537000,4.9024,0.1551
7.538000,4.9032,0.1552
7.539000,4.9040,0.1552
7.540000,4.9048,0.1553
7.541000,4.9057,0.1553
7.542000,4.9065,0.1553
7.543000,4.9073,0.1553
7.544000,4.9082,0.1553
7.545000,4.9090,0.1553
7.546000,4.9098,0.1553
7.547000,4.9107,0.1553
7.548000,4.9115,0.1554
7.549000,4.9123,0.1554
7.550000,4.9132,0.1554
7.551000,4.9140,0.1554
7.552000,4.9149,0.1555
7.553000,4.9157,0.1555
7.554000,4.9166,0.1555
7.555000,4.9174,0.1556
7.556000,4.9183,0.1556
7.557000,4.9191,0.1557
7.558000,4.9200,0.1557
7.559000,4.9208,0.1557
7.560000,4.9217,0.1557
7.561000,4.9225,0.1558
7.562000,4.9234,0.1558
7.563000,4.9243,0.1558
7.564000,4.9251,0.1558
7.565000,4.9260,0.1558
7.566000,4.9268,0.1558
7.567000,4.9277,0.1559
7.568000,4.9285,0.1559
7.569000,4.9294,0.1559
7.570000,4.9302,0.1559
7.571000,4.9311,0.1559
7.572000,4.9319,0.1559
7.572000,5.0312,0.1563
7.573000,5.0322,0.1563
7.574000,5.0332,0.1563
7.575000,5.0342,0.1563
7.576000,5.0352,0.1563
7.577000,5.0362,0.1563
7.578000,5.0372,0.1563
7.579000,5.0382,0.1563
7.580000,5.0393,0.1563
7.581000,5.0403,0.1564
7.582000,5.0413,0.1564
7.583000,5.0423,0.1564
7.584000,5.0434,0.1564
7.585000,5.0444,0.1565
7.586000,5.0454,0.1565
7.587000,5.0464,0.1565
7.588000,5.0475,0.1566
7.589000,5.0485,0.1566
7.590000,5.0495,0.1566
7.591000,5.0506,0.1566
7.591000,4.5973,0.1565
7.592000,4.5977,0.1565
7.593000,4.5981,0.1566
7.594000,4.5985,0.1566
7.595000,4.5989,0.1566
7.596000,4.5994,0.1566
7.597000,4.5998,0.1567
7.598000,4.6002,0.1567
7.599000,4.6006,0.1567
7.600000,4.6010,0.1567
7.601000,4.6015,0.1567
7.602000,4.6019,0.1568
7.603000,4.6024,0.1568
7.604000,4.6028,0.1568
7.605000,4.6032,0.1568
7.606000,4.6037,0.1568
7.607000,4.6042,0.1569
7.608000,4.6046,0.1569
7.609000,4.6051,0.1569
7.610000,4.6056,0.1569
7.611000,4.6060,0.1569
7.612000,4.6065,0.1570
7.612000,4.7312,0.1541
7.613000,4.7319,0.1541
7.614000,4.7326,0.1542
7.615000,4.7332,0.1542
7.616000,4.7339,0.1542
7.617000,4.7346,0.1542
7.618000,4.7353,0.1543
7.619000,4.7360,0.1543
7.620000,4.7367,0.1543
7.621000,4.7374,0.1544
7.622000,4.7381,0.1544
7.623000,4.7388,0.1544
7.624000,4.7395,0.1545
7.625000,4.7402,0.1545
7.626000,4.7409,0.1545
7.627000,4.7416,0.1546
7.628000,4.7423,0.1546
7.629000,4.7430,0.1547
7.630000,4.7437,0.1547
7.631000,4.7444,0.1547
7.632000,4.7451,0.1548
7.633000,4.7457,0.1548
7.634000,4.7464,0.1549
7.635000,4.7471,0.1549
7.636000,4.7478,0.1550
7.637000,4.7485,0.1550
7.638000,4.7492,0.1550
7.639000,4.7499,0.1550
7.640000,4.7506,0.1551
7.641000,4.7513,0.1551
7.642000,4.7520,0.1551
7.643000,4.7527,0.1551
7.644000,4.7534,0.1551
7.645000,4.7541,0.1552
7.646000,4.7547,0.1552
7.646000,4.3959,0.1477
7.647000,4.3961,0.1478
7.648000,4.3963,0.1478
7.649000,4.3965,0.1478
7.650000,4.3967,0.1478
7.651000,4.3969,0.1478
7.652000,4.3971,0.1478
7.653000,4.3973,0.1479
7.654000,4.3975,0.1479
7.655000,4.3977,0.1479
7.656000,4.3979,0.1479
7.657000,4.3981,0.1479
7.658000,4.3983,0.1479
7.659000,4.3984,0.1479
7.660000,4.3986,0.1480
7.661000,4.3988,0.1480
7.662000,4.3990,0.1480
7.663000,4.3992,0.1481
7.664000,4.3993,0.1481
7.665000,4.3995,0.1481
7.666000,4.3996,0.1481
7.667000,4.3998,0.1481
7.668000,4.3999,0.1482
7.669000,4.4001,0.1482
7.670000,4.4002,0.1482
7.671000,4.4004,0.1482
7.672000,4.4005,0.1482
7.672000,4.1716,0.1505
7.673000,4.1714,0.1505
7.674000,4.1712,0.1505
7.675000,4.1710,0.1506
7.676000,4.1708,0.1506
7.677000,4.1706,0.1506
7.678000,4.1704,0.1506
7.679000,4.1701,0.1506
7.680000,4.1699,0.1506
7.681000,4.1697,0.1506
7.682000,4.1695,0.1506
7.683000,4.1693,0.1506
7.684000,4.1691,0.1507
7.685000,4.1689,0.1507
7.686000,4.1686,0.1507
7.687000,4.1684,0.1507
7.688000,4.1682,0.1508
7.689000,4.1680,0.1508
7.690000,4.1677,0.1509
7.691000,4.1675,0.1509
7.692000,4.1673,0.1510
7.693000,4.1671,0.1510
7.694000,4.1668,0.1510
7.695000,4.1666,0.1510
7.696000,4.1664,0.1511
7.697000,4.1662,0.1511
7.698000,4.1660,0.1511
7.699000,4.1657,0.1511
7.700000,4.1655,0.1511
7.701000,4.1653,0.1512
7.706000,4.1039,0.1495
7.707000,4.1036,0.1495
7.708000,4.1034,0.1495
7.709000,4.1031,0.1496
7.714000,4.0728,0.1530
7.715000,4.0725,0.1531
7.716000,4.0722,0.1531
7.717000,4.0719,0.1532
7.718000,4.0716,0.1532
7.719000,4.0713,0.1532
7.723000,4.0701,0.1532
7.724000,4.0698,0.1532
7.736000,4.0663,0.1534
7.737000,4.0660,0.1534
7.738000,4.0656,0.1534
7.739000,4.0653,0.1535
7.740000,4.0650,0.1535
7.741000,4.0647,0.1535
7.742000,4.0644,0.1536
7.743000,4.0641,0.1536
7.744000,4.0638,0.1536
7.745000,4.0635,0.1537
7.746000,4.0631,0.1537
7.747000,4.0628,0.1537
7.748000,4.0625,0.1537
7.749000,4.0622,0.1537
7.750000,4.0618,0.1538
7.794000,3.7931,0.1555
7.795000,3.7925,0.1556
7.796000,3.7918,0.1555
7.863000,3.7638,0.1582
7.864000,3.7633,0.1582
7.865000,3.7628,0.1582
7.866000,3.7623,0.1582
7.867000,3.7618,0.1582
7.868000,3.7613,0.1582
7.869000,3.7608,0.1582
7.870000,3.7603,0.1581
7.871000,3.7598,0.1581
7.872000,3.7593,0.1581
7.873000,3.7588,0.1581
7.874000,3.7583,0.1580
7.875000,3.7578,0.1580
7.876000,3.7573,0.1580
7.877000,3.7568,0.1580
7.878000,3.7562,0.1580
7.879000,3.7557,0.1580
7.880000,3.7552,0.1580
7.881000,3.7547,0.1581
7.882000,3.7542,0.1581
7.883000,3.7537,0.1581
7.884000,3.7532,0.1581
7.885000,3.7527,0.1581
7.886000,3.7522,0.1581
7.887000,3.7516,0.1582
7.888000,3.7511,0.1582
7.889000,3.7506,0.1582
7.890000,3.7501,0.1582
7.891000,3.7496,0.1583
7.892000,3.7491,0.1583
7.893000,3.7485,0.1583
7.894000,3.7480,0.1584
7.895000,3.7474,0.1584
7.896000,3.7469,0.1584
7.897000,3.7464,0.1585
7.898000,3.7458,0.1586
7.899000,3.7453,0.1586
7.900000,3.7447,0.1587
7.901000,3.7442,0.1587
7.908000,3.7403,0.1591
7.909000,3.7398,0.1591
7.910000,3.7393,0.1591
7.911000,3.7387,0.1591
7.912000,3.7382,0.1592
7.912000,3.7685,0.1571
7.913000,3.7679,0.1572
7.914000,3.7673,0.1572
7.915000,3.7668,0.1572
7.916000,3.7662,0.1573
7.917000,3.7657,0.1573
7.918000,3.7651,0.1573
7.919000,3.7646,0.1573
7.920000,3.7640,0.1573
7.921000,3.7635,0.1574
7.922000,3.7630,0.1574
7.923000,3.7624,0.1574
7.924000,3.7619,0.1574
7.925000,3.7613,0.1574
7.926000,3.7608,0.1574
7.927000,3.7603,0.1575
7.927000,3.7974,0.1545
7.928000,3.7970,0.1545
7.929000,3.7966,0.1546
7.930000,3.7962,0.1546
7.931000,3.7958,0.1546
7.932000,3.7954,0.1547
7.933000,3.7950,0.1547
7.934000,3.7946,0.1547
7.935000,3.7941,0.1548
7.936000,3.7937,0.1548
7.937000,3.7933,0.1548
7.938000,3.7930,0.1549
7.939000,3.7926,0.1549
7.940000,3.7922,0.1549
7.941000,3.7918,0.1549
7.942000,3.7914,0.1549
7.943000,3.7910,0.1549
7.944000,3.7906,0.1549
7.945000,3.7902,0.1549
7.946000,3.7898,0.1549
7.947000,3.7894,0.1549
7.948000,3.7891,0.1549
7.949000,3.7887,0.1549
7.950000,3.7883,0.1549
7.951000,3.7879,0.1549
7.952000,3.7875,0.1549
7.953000,3.7871,0.1550
7.954000,3.7867,0.1550
7.955000,3.7864,0.1550
7.956000,3.7860,0.1551
7.957000,3.7856,0.1551
7.958000,3.7852,0.1552
7.959000,3.7848,0.1552
7.960000,3.7844,0.1553
7.960000,3.5947,0.1526
7.961000,3.5940,0.1527
7.962000,3.5934,0.1527
7.963000,3.5928,0.1528
7.964000,3.5921,0.1528
7.965000,3.5915,0.1528
7.966000,3.5909,0.1529
7.967000,3.5903,0.1529
7.968000,3.5896,0.1530
7.969000,3.5890,0.1530
7.970000,3.5884,0.1531
7.971000,3.5878,0.1531
7.972000,3.5872,0.1532
7.973000,3.5865,0.1532
7.974000,3.5859,0.1532
7.993000,3.5738,0.1537
7.994000,3.5731,0.1537
7.995000,3.5724,0.1537
7.996000,3.5717,0.1537
7.997000,3.5710,0.1537
7.998000,3.5704,0.1537
7.999000,3.5697,0.1537
8.000000,3.5690,0.1538
8.001000,3.5683,0.1538
8.002000,3.5676,0.1539
8.003000,3.5669,0.1539
8.004000,3.5662,0.1539
8.005000,3.5655,0.1539
8.006000,3.5649,0.1539
8.007000,3.5642,0.1539
8.008000,3.5635,0.1539
8.009000,3.5628,0.1539
8.010000,3.5621,0.1539
8.011000,3.5614,0.1539
8.012000,3.5607,0.1539
8.013000,3.5600,0.1539
8.014000,3.5593,0.1539
8.015000,3.5586,0.1538
8.016000,3.5579,0.1538
8.017000,3.5572,0.1538
8.018000,3.5565,0.1538
8.019000,3.5557,0.1538
8.020000,3.5550,0.1538
8.021000,3.5543,0.1537
8.022000,3.5536,0.1537
8.023000,3.5528,0.1537
8.034000,3.5447,0.1540
8.035000,3.5440,0.1540
8.036000,3.5432,0.1541
8.037000,3.5424,0.1541
8.038000,3.5417,0.1541
8.039000,3.5409,0.1541
8.040000,3.5402,0.1542
8.041000,3.5394,0.1542
8.042000,3.5387,0.1542
8.043000,3.5379,0.1542
8.044000,3.5371,0.1542
8.044000,3.6962,0.1609
8.044000,3.7840,0.1617
8.045000,3.7836,0.1617
8.046000,3.7832,0.1618
8.047000,3.7828,0.1618
8.048000,3.7824,0.1618
8.054000,3.7799,0.1621
8.055000,3.7795,0.1622
8.056000,3.7791,0.1622
8.057000,3.7786,0.1622
8.058000,3.7782,0.1623
8.059000,3.7778,0.1623
8.060000,3.7773,0.1623
8.061000,3.7769,0.1623
8.062000,3.7765,0.1623
8.063000,3.7760,0.1623
8.064000,3.7756,0.1624
8.065000,3.7751,0.1624
8.066000,3.7747,0.1624
8.067000,3.7743,0.1624
8.068000,3.7739,0.1625
8.069000,3.7734,0.1625
8.070000,3.7730,0.1625
8.071000,3.7726,0.1625
8.072000,3.7722,0.1625
8.073000,3.7718,0.1626
8.074000,3.7713,0.1626
8.075000,3.7709,0.1626
8.076000,3.7705,0.1626
8.077000,3.7701,0.1627
8.078000,3.7697,0.1627
8.079000,3.7693,0.1628
8.080000,3.7689,0.1628
8.081000,3.7685,0.1629
8.082000,3.7681,0.1629
8.082000,3.5392,0.1626
8.083000,3.5386,0.1626
8.084000,3.5379,0.1627
8.085000,3.5373,0.1627
8.086000,3.5366,0.1627
8.087000,3.5360,0.1628
8.088000,3.5353,0.1628
8.089000,3.5347,0.1628
8.090000,3.5341,0.1628
8.091000,3.5334,0.1629
8.092000,3.5328,0.1629
8.092000,3.6502,0.1627
8.093000,3.6497,0.1627
8.094000,3.6493,0.1628
8.095000,3.6488,0.1628
8.096000,3.6483,0.1629
8.097000,3.6478,0.1629
8.098000,3.6473,0.1629
8.099000,3.6468,0.1629
8.100000,3.6463,0.1630
8.101000,3.6458,0.1630
8.102000,3.6453,0.1630
8.102000,3.5873,0.1633
8.103000,3.5868,0.1633
8.104000,3.5862,0.1633
8.105000,3.5856,0.1633
8.106000,3.5851,0.1633
8.107000,3.5845,0.1633
8.108000,3.5840,0.1633
8.109000,3.5834,0.1634
8.110000,3.5828,0.1634
8.111000,3.5823,0.1634
8.112000,3.5817,0.1634
8.113000,3.5812,0.1634
8.114000,3.5806,0.1634
8.115000,3.5801,0.1635
8.116000,3.5795,0.1635
8.117000,3.5789,0.1635
8.118000,3.5784,0.1635
8.119000,3.5778,0.1636
8.120000,3.5772,0.1636
8.121000,3.5767,0.1636
8.122000,3.5761,0.1636
8.123000,3.5755,0.1636
8.124000,3.5749,0.1636
8.125000,3.5744,0.1636
8.126000,3.5738,0.1636
8.127000,3.5732,0.1636
8.128000,3.5726,0.1636
8.129000,3.5720,0.1637
8.130000,3.5715,0.1637
8.131000,3.5709,0.1637
8.132000,3.5703,0.1638
8.133000,3.5698,0.1638
8.134000,3.5692,0.1638
8.135000,3.5686,0.1639
8.136000,3.5681,0.1639
8.137000,3.5675,0.1639
8.138000,3.5670,0.1639
8.139000,3.5664,0.1639
8.140000,3.5659,0.1640
8.141000,3.5654,0.1640
8.142000,3.5648,0.1640
8.142000,3.6663,0.1581
8.143000,3.6659,0.1581
8.144000,3.6655,0.1581
8.145000,3.6651,0.1581
8.146000,3.6646,0.1581
8.147000,3.6642,0.1581
8.148000,3.6638,0.1581
8.149000,3.6634,0.1581
8.150000,3.6630,0.1581
8.151000,3.6626,0.1581
8.152000,3.6622,0.1581
8.153000,3.6618,0.1581
8.154000,3.6614,0.1582
8.155000,3.6611,0.1582
8.156000,3.6607,0.1582
8.157000,3.6603,0.1582
8.158000,3.6599,0.1582
8.159000,3.6596,0.1582
8.160000,3.6592,0.1582
8.161000,3.6588,0.1582
8.162000,3.6584,0.1582
8.163000,3.6580,0.1582
8.164000,3.6577,0.1582
8.165000,3.6573,0.1582
8.166000,3.6569,0.1582
8.167000,3.6565,0.1582
8.168000,3.6561,0.1582
8.169000,3.6558,0.1583
8.170000,3.6554,0.1583
8.171000,3.6550,0.1583
8.172000,3.6546,0.1583
8.173000,3.6543,0.1583
8.174000,3.6539,0.1583
8.175000,3.6535,0.1584
8.176000,3.6532,0.1584
8.177000,3.6528,0.1584
8.178000,3.6524,0.1584
8.179000,3.6520,0.1585
8.180000,3.6517,0.1585
8.180000,3.9829,0.1603
8.181000,3.9831,0.1603
8.182000,3.9832,0.1603
8.183000,3.9833,0.1603
8.184000,3.9835,0.1604
8.185000,3.9837,0.1604
8.186000,3.9838,0.1605
8.187000,3.9840,0.1605
8.188000,3.9841,0.1605
8.189000,3.9843,0.1606
8.190000,3.9845,0.1606
8.191000,3.9846,0.1606
8.192000,3.9848,0.1607
8.193000,3.9850,0.1607
8.194000,3.9852,0.1607
8.195000,3.9854,0.1608
8.196000,3.9856,0.1608
8.197000,3.9857,0.1608
8.198000,3.9859,0.1608
8.199000,3.9861,0.1609
8.200000,3.9863,0.1609
8.201000,3.9865,0.1609
8.202000,3.9867,0.1610
8.203000,3.9869,0.1610
8.204000,3.9871,0.1610
8.205000,3.9873,0.1610
8.206000,3.9875,0.1611
8.207000,3.9877,0.1611
8.208000,3.9879,0.1611
8.209000,3.9882,0.1611
8.210000,3.9884,0.1612
8.211000,3.9886,0.1612
8.212000,3.9888,0.1613
8.213000,3.9890,0.1613
8.214000,3.9893,0.1614
8.215000,3.9895,0.1614
8.216000,3.9897,0.1614
8.217000,3.9899,0.1615
8.218000,3.9902,0.1615
8.219000,3.9904,0.1616
8.220000,3.9906,0.1616
8.221000,3.9909,0.1616
8.222000,3.9911,0.1616
8.223000,3.9913,0.1616
8.224000,3.9916,0.1616
8.225000,3.9918,0.1617
8.226000,3.9920,0.1617
8.227000,3.9923,0.1618
8.228000,3.9925,0.1618
8.229000,3.9927,0.1618
8.230000,3.9930,0.1619
8.231000,3.9932,0.1619
8.232000,3.9934,0.1619
8.233000,3.9936,0.1619
8.234000,3.9939,0.1619
8.234000,3.9594,0.1570
8.235000,3.9594,0.1570
8.236000,3.9595,0.1571
8.236000,4.1236,0.1595
8.237000,4.1238,0.1595
8.238000,4.1241,0.1595
8.239000,4.1244,0.1595
8.240000,4.1247,0.1595
8.241000,4.1250,0.1595
8.242000,4.1252,0.1595
8.243000,4.1255,0.1596
8.244000,4.1258,0.1596
8.245000,4.1261,0.1596
8.246000,4.1264,0.1596
8.247000,4.1267,0.1596
8.248000,4.1270,0.1596
8.249000,4.1274,0.1596
8.250000,4.1277,0.1596
8.251000,4.1280,0.1596
8.252000,4.1283,0.1596
8.253000,4.1286,0.1596
8.254000,4.1289,0.1596
8.255000,4.1293,0.1596
8.256000,4.1296,0.1596
8.257000,4.1299,0.1596
8.258000,4.1302,0.1596
8.259000,4.1306,0.1597
8.260000,4.1309,0.1597
8.261000,4.1313,0.1597
8.262000,4.1316,0.1598
8.263000,4.1320,0.1598
8.264000,4.1323,0.1599
8.265000,4.1327,0.1599
8.266000,4.1331,0.1599
8.267000,4.1335,0.1599
8.268000,4.1338,0.1600
8.269000,4.1342,0.1600
8.270000,4.1346,0.1600
8.271000,4.1350,0.1600
8.272000,4.1354,0.1601
8.273000,4.1358,0.1601
8.274000,4.1363,0.1601
8.275000,4.1367,0.1601
8.276000,4.1371,0.1601
8.276000,3.8356,0.1590
8.277000,3.8356,0.1590
8.278000,3.8355,0.1590
8.279000,3.8355,0.1591
8.280000,3.8354,0.1591
8.281000,3.8354,0.1591
8.281000,3.8808,0.1582
8.282000,3.8809,0.1583
8.283000,3.8809,0.1583
8.284000,3.8810,0.1583
8.285000,3.8810,0.1583
8.286000,3.8810,0.1584
8.287000,3.8811,0.1584
8.288000,3.8811,0.1584
8.289000,3.8812,0.1584
8.329000,3.6303,0.1550
8.330000,3.6300,0.1550
8.331000,3.6298,0.1550
8.332000,3.6295,0.1550
8.333000,3.6293,0.1551
8.334000,3.6290,0.1551
8.335000,3.6287,0.1551
8.336000,3.6284,0.1551
8.337000,3.6282,0.1551
8.350000,3.6243,0.1552
8.351000,3.6240,0.1552
8.352000,3.6237,0.1552
8.353000,3.6234,0.1552
8.354000,3.6230,0.1552
8.355000,3.6227,0.1553
8.356000,3.6224,0.1553
8.357000,3.6221,0.1553
8.358000,3.6218,0.1553
8.359000,3.6215,0.1553
8.360000,3.6212,0.1553
8.361000,3.6209,0.1553
8.362000,3.6206,0.1554
8.363000,3.6203,0.1554
8.364000,3.6199,0.1554
8.365000,3.6196,0.1554
8.366000,3.6193,0.1554
8.367000,3.6190,0.1554
8.368000,3.6187,0.1554
8.369000,3.6183,0.1554
8.370000,3.6180,0.1554
8.371000,3.6177,0.1555
8.372000,3.6174,0.1555
8.373000,3.6171,0.1555
8.374000,3.6168,0.1555
8.375000,3.6165,0.1556
8.376000,3.6162,0.1556
8.377000,3.6158,0.1556
8.378000,3.6155,0.1556
8.379000,3.6152,0.1557
8.380000,3.6149,0.1557
8.381000,3.6146,0.1557
8.382000,3.6143,0.1557
8.383000,3.6140,0.1557
8.384000,3.6137,0.1557
8.385000,3.6134,0.1557
8.386000,3.6130,0.1558
8.387000,3.6127,0.1558
8.388000,3.6124,0.1558
8.389000,3.6121,0.1558
8.390000,3.6118,0.1559
8.391000,3.6115,0.1559
8.391000,3.3322,0.1522
8.392000,3.3315,0.1522
8.393000,3.3307,0.1522
8.394000,3.3300,0.1523
8.395000,3.3293,0.1523
8.396000,3.3286,0.1523
8.397000,3.3279,0.1524
8.398000,3.3271,0.1524
8.399000,3.3264,0.1525
8.400000,3.3257,0.1525
8.401000,3.3250,0.1525
8.402000,3.3243,0.1525
8.403000,3.3235,0.1526
8.404000,3.3228,0.1526
8.405000,3.3221,0.1526
8.406000,3.3214,0.1526
8.406000,3.5231,0.1587
8.407000,3.5227,0.1587
8.408000,3.5224,0.1587
8.409000,3.5221,0.1588
8.410000,3.5218,0.1588
8.411000,3.5215,0.1588
8.412000,3.5212,0.1588
8.413000,3.5208,0.1588
8.414000,3.5205,0.1588
8.415000,3.5202,0.1588
8.416000,3.5199,0.1589
8.417000,3.5196,0.1589
8.418000,3.5193,0.1589
8.419000,3.5189,0.1589
8.420000,3.5186,0.1589
8.421000,3.5183,0.1589
8.422000,3.5180,0.1590
8.423000,3.5177,0.1590
8.424000,3.5174,0.1590
8.425000,3.5171,0.1590
8.426000,3.5168,0.1591
8.427000,3.5165,0.1591
8.428000,3.5162,0.1591
8.429000,3.5159,0.1591
8.430000,3.5156,0.1591
8.430000,3.6905,0.1588
8.431000,3.6904,0.1588
8.432000,3.6904,0.1588
8.433000,3.6903,0.1588
8.434000,3.6902,0.1589
8.435000,3.6902,0.1589
8.436000,3.6901,0.1589
8.437000,3.6901,0.1590
8.438000,3.6900,0.1590
8.439000,3.6899,0.1590
8.440000,3.6899,0.1590
8.441000,3.6898,0.1591
8.442000,3.6897,0.1591
8.443000,3.6896,0.1591
8.444000,3.6896,0.1591
8.445000,3.6895,0.1591
8.446000,3.6894,0.1591
8.447000,3.6893,0.1590
8.448000,3.6892,0.1590
8.449000,3.6892,0.1590
8.450000,3.6891,0.1591
8.451000,3.6890,0.1591
8.452000,3.6889,0.1591
8.453000,3.6889,0.1591
8.453000,3.5439,0.1591
8.454000,3.5435,0.1591
8.455000,3.5432,0.1591
8.456000,3.5429,0.1591
8.457000,3.5426,0.1591
8.458000,3.5422,0.1591
8.459000,3.5419,0.1591
8.460000,3.5416,0.1591
8.461000,3.5413,0.1591
8.462000,3.5409,0.1591
8.463000,3.5406,0.1591
8.464000,3.5403,0.1592
8.465000,3.5399,0.1592
8.466000,3.5396,0.1592
8.467000,3.5393,0.1593
8.468000,3.5389,0.1593
8.469000,3.5386,0.1593
8.470000,3.5383,0.1594
8.471000,3.5380,0.1594
8.472000,3.5376,0.1595
8.473000,3.5373,0.1595
8.474000,3.5370,0.1595
8.475000,3.5367,0.1595
8.476000,3.5364,0.1595
8.477000,3.5360,0.1595
8.478000,3.5357,0.1595
8.479000,3.5354,0.1595
8.480000,3.5351,0.1595
8.481000,3.5348,0.1596
8.482000,3.5344,0.1595
8.483000,3.5341,0.1595
8.484000,3.5338,0.1595
8.485000,3.5335,0.1595
8.486000,3.5332,0.1595
8.487000,3.5329,0.1595
8.488000,3.5326,0.1594
8.489000,3.5322,0.1595
8.490000,3.5319,0.1595
8.491000,3.5316,0.1595
8.492000,3.5313,0.1595
8.493000,3.5310,0.1595
8.494000,3.5307,0.1595
8.495000,3.5303,0.1595
8.496000,3.5300,0.1595
8.497000,3.5297,0.1595
8.498000,3.5294,0.1595
8.499000,3.5291,0.1596
8.500000,3.5288,0.1596
8.501000,3.5284,0.1596
8.502000,3.5281,0.1596
8.503000,3.5278,0.1596
8.504000,3.5275,0.1596
8.505000,3.5272,0.1597
8.506000,3.5269,0.1597
8.507000,3.5267,0.1597
8.508000,3.5264,0.1597
8.509000,3.5261,0.1597
8.510000,3.5258,0.1597
8.511000,3.5255,0.1597
8.512000,3.5253,0.1598
8.513000,3.5250,0.1598
8.514000,3.5247,0.1598
8.515000,3.5245,0.1598
8.516000,3.5242,0.1598
8.517000,3.5240,0.1598
8.518000,3.5237,0.1598
8.519000,3.5235,0.1598
8.520000,3.5232,0.1598
8.521000,3.5230,0.1599
8.522000,3.5227,0.1599
8.523000,3.5225,0.1599
8.524000,3.5223,0.1599
8.525000,3.5220,0.1600
8.526000,3.5218,0.1600
8.526000,3.5056,0.1534
8.526000,3.8727,0.1572
8.527000,3.8729,0.1572
8.528000,3.8732,0.1573
8.528000,3.8139,0.1565
8.529000,3.8141,0.1565
8.530000,3.8142,0.1566
8.531000,3.8143,0.1566
8.532000,3.8145,0.1567
8.533000,3.8146,0.1567
8.534000,3.8148,0.1567
8.535000,3.8149,0.1568
8.561000,3.8177,0.1574
8.564000,3.8179,0.1574
8.576000,3.8189,0.1577
8.577000,3.8190,0.1578
8.578000,3.8191,0.1578
8.653000,4.0887,0.1569
8.654000,4.0892,0.1569
8.655000,4.0896,0.1569
8.656000,4.0900,0.1569
8.657000,4.0905,0.1568
8.658000,4.0909,0.1568
8.659000,4.0913,0.1568
8.660000,4.0918,0.1567
8.661000,4.0922,0.1567
8.662000,4.0926,0.1567
8.663000,4.0931,0.1567
8.664000,4.0935,0.1566
8.665000,4.0940,0.1566
8.666000,4.0944,0.1566
8.667000,4.0949,0.1566
8.668000,4.0953,0.1566
8.669000,4.0957,0.1566
8.670000,4.0962,0.1566
8.671000,4.0967,0.1566
8.672000,4.0971,0.1566
8.673000,4.0976,0.1566
8.674000,4.0980,0.1566
8.675000,4.0985,0.1566
8.676000,4.0989,0.1566
8.677000,4.0994,0.1566
8.678000,4.0999,0.1566
8.679000,4.1003,0.1566
8.680000,4.1008,0.1566
8.677000,4.3026,0.1572
8.678000,4.3034,0.1572
8.681000,4.1013,0.1566
8.682000,4.1018,0.1566
8.683000,4.1022,0.1566
8.684000,4.1027,0.1565
8.685000,4.1032,0.1565
8.686000,4.1037,0.1565
8.687000,4.1041,0.1566
8.688000,4.1046,0.1566
8.689000,4.1051,0.1566
8.690000,4.1055,0.1566
8.679000,4.3041,0.1572
8.691000,4.1060,0.1566
8.692000,4.1065,0.1566
8.693000,4.1069,0.1566
8.694000,4.1074,0.1566
8.695000,4.1079,0.1566
8.696000,4.1083,0.1566
8.697000,4.1088,0.1566
8.698000,4.1093,0.1567
8.699000,4.1097,0.1567
8.700000,4.1102,0.1567
8.680000,4.3048,0.1572
8.701000,4.1107,0.1567
8.702000,4.1112,0.1567
8.703000,4.1116,0.1567
8.682000,4.3063,0.1573
8.683000,4.3071,0.1573
8.684000,4.3079,0.1573
8.685000,4.3086,0.1573
8.686000,4.3094,0.1573
8.687000,4.3101,0.1573
8.688000,4.3109,0.1573
8.689000,4.3117,0.1573
8.690000,4.3125,0.1573
8.691000,4.3132,0.1573
8.692000,4.3140,0.1573
8.693000,4.3148,0.1573
8.709000,4.3272,0.1576
8.710000,4.3280,0.1576
8.711000,4.3288,0.1577
8.712000,4.3296,0.1577
8.713000,4.3303,0.1577
8.714000,4.3311,0.1577
8.715000,4.3319,0.1577
8.716000,4.3327,0.1578
8.717000,4.3336,0.1578
8.718000,4.3344,0.1578
8.719000,4.3352,0.1578
8.720000,4.3360,0.1578
8.721000,4.3369,0.1578
8.722000,4.3377,0.1579
8.723000,4.3385,0.1579
8.724000,4.3394,0.1579
8.725000,4.3402,0.1580
8.725000,4.0660,0.1549
8.726000,4.0665,0.1550
8.727000,4.0669,0.1550
8.728000,4.0674,0.1550
8.729000,4.0678,0.1550
8.730000,4.0683,0.1550
8.731000,4.0687,0.1550
8.732000,4.0692,0.1550
8.733000,4.0696,0.1550
8.734000,4.0701,0.1550
8.735000,4.0706,0.1551
8.736000,4.0710,0.1551
8.737000,4.0715,0.1551
8.738000,4.0719,0.1551
8.739000,4.0723,0.1551
8.740000,4.0728,0.1551
8.741000,4.0732,0.1552
8.742000,4.0736,0.1552
8.743000,4.0741,0.1552
8.744000,4.0745,0.1552
8.745000,4.0749,0.1552
8.746000,4.0754,0.1552
8.747000,4.0758,0.1552
8.748000,4.0762,0.1552
8.749000,4.0767,0.1551
8.750000,4.0771,0.1551
8.751000,4.0775,0.1551
8.752000,4.0780,0.1551
8.753000,4.0784,0.1550
8.754000,4.0789,0.1550
8.755000,4.0793,0.1550
8.756000,4.0797,0.1550
8.757000,4.0802,0.1550
8.758000,4.0806,0.1550
8.759000,4.0811,0.1550
8.760000,4.0815,0.1550
8.761000,4.0819,0.1550
8.762000,4.0823,0.1550
8.762000,3.9272,0.1523
8.763000,3.9274,0.1523
8.764000,3.9276,0.1523
8.765000,3.9279,0.1523
8.766000,3.9281,0.1523
8.767000,3.9283,0.1523
8.768000,3.9285,0.1523
8.769000,3.9287,0.1523
8.770000,3.9289,0.1523
8.771000,3.9292,0.1523
8.772000,3.9294,0.1523
8.773000,3.9296,0.1523
8.774000,3.9298,0.1523
8.775000,3.9301,0.1524
8.776000,3.9303,0.1524
8.777000,3.9305,0.1524
8.778000,3.9307,0.1525
8.779000,3.9310,0.1525
8.780000,3.9312,0.1525
8.781000,3.9315,0.1525
8.782000,3.9317,0.1525
8.783000,3.9320,0.1525
8.784000,3.9322,0.1525
8.784000,4.0713,0.1509
8.785000,4.0718,0.1508
8.786000,4.0722,0.1508
8.787000,4.0727,0.1508
8.788000,4.0731,0.1508
8.789000,4.0736,0.1508
8.790000,4.0741,0.1508
8.791000,4.0745,0.1507
8.792000,4.0750,0.1507
8.793000,4.0755,0.1507
8.794000,4.0760,0.1507
8.795000,4.0764,0.1508
8.796000,4.0769,0.1508
8.797000,4.0774,0.1508
8.798000,4.0779,0.1509
8.799000,4.0783,0.1509
8.800000,4.0788,0.1510
8.801000,4.0793,0.1510
8.802000,4.0797,0.1511
8.802000,3.9105,0.1539
8.803000,3.9108,0.1539
8.804000,3.9110,0.1540
8.805000,3.9112,0.1540
8.806000,3.9114,0.1540
8.807000,3.9117,0.1540
8.808000,3.9119,0.1540
8.809000,3.9121,0.1541
8.810000,3.9124,0.1541
8.811000,3.9126,0.1541
8.812000,3.9128,0.1541
8.813000,3.9130,0.1541
8.814000,3.9133,0.1541
8.815000,3.9135,0.1541
8.816000,3.9137,0.1541
8.817000,3.9139,0.1541
8.818000,3.9142,0.1541
8.819000,3.9144,0.1541
8.820000,3.9146,0.1542
8.821000,3.9148,0.1542
8.822000,3.9150,0.1542
8.823000,3.9152,0.1543
8.843000,4.0792,0.1566
8.848000,4.0815,0.1567
8.849000,4.0820,0.1567
8.850000,4.0825,0.1567
8.851000,4.0829,0.1568
8.852000,4.0834,0.1568
8.853000,4.0839,0.1568
8.854000,4.0843,0.1568
8.855000,4.0848,0.1569
8.856000,4.0852,0.1569
8.857000,4.0857,0.1569
8.858000,4.0861,0.1570
8.859000,4.0865,0.1570
8.860000,4.0870,0.1571
8.861000,4.0874,0.1571
8.862000,4.0878,0.1572
8.863000,4.0882,0.1573
8.864000,4.0886,0.1573
8.865000,4.0890,0.1574
8.866000,4.0894,0.1574
8.867000,4.0898,0.1575
8.868000,4.0902,0.1575
8.869000,4.0905,0.1576
8.870000,4.0909,0.1576
8.871000,4.0913,0.1577
8.872000,4.0916,0.1577
8.873000,4.0920,0.1577
8.874000,4.0924,0.1577
8.875000,4.0927,0.1577
8.876000,4.0931,0.1577
8.877000,4.0935,0.1577
8.878000,4.0939,0.1577
8.878000,3.8385,0.1597
8.879000,3.8385,0.1598
8.880000,3.8386,0.1598
8.881000,3.8386,0.1597
8.882000,3.8386,0.1598
8.883000,3.8386,0.1598
8.884000,3.8387,0.1598
8.885000,3.8387,0.1598
8.886000,3.8387,0.1599
8.887000,3.8388,0.1599
8.888000,3.8388,0.1599
8.889000,3.8388,0.1599
8.890000,3.8388,0.1599
8.891000,3.8389,0.1599
8.892000,3.8389,0.1600
8.893000,3.8389,0.1600
8.894000,3.8390,0.1600
8.895000,3.8390,0.1600
8.896000,3.8390,0.1600
8.897000,3.8391,0.1600
8.898000,3.8391,0.1601
8.899000,3.8391,0.1601
8.900000,3.8392,0.1601
8.901000,3.8392,0.1601
8.902000,3.8392,0.1601
8.903000,3.8392,0.1601
8.904000,3.8392,0.1601
8.905000,3.8392,0.1601
8.996000,4.0621,0.1612
8.998000,4.0624,0.1612
8.999000,4.0625,0.1612
9.000000,4.0626,0.1612
9.001000,4.0627,0.1613
9.002000,4.0628,0.1613
9.003000,4.0629,0.1613
9.004000,4.0630,0.1613
9.005000,4.0632,0.1613
9.006000,4.0633,0.1613
9.007000,4.0634,0.1613
9.008000,4.0635,0.1614
9.009000,4.0636,0.1614
9.010000,4.0638,0.1614
9.011000,4.0639,0.1614
9.012000,4.0640,0.1615
9.013000,4.0642,0.1615
9.014000,4.0643,0.1615
9.015000,4.0644,0.1615
9.042000,4.0682,0.1616
9.043000,4.0684,0.1617
9.044000,4.0685,0.1617
9.074000,4.0731,0.1624
9.075000,4.0732,0.1625
9.076000,4.0734,0.1625
9.077000,4.0736,0.1625
9.078000,4.0738,0.1625
9.079000,4.0739,0.1625
9.080000,4.0741,0.1626
9.091000,4.0765,0.1625
9.093000,4.0769,0.1625
9.094000,4.0772,0.1625
9.095000,4.0774,0.1625
9.096000,4.0776,0.1624
9.097000,4.0779,0.1624
9.098000,4.0781,0.1624
9.099000,4.0783,0.1624
9.100000,4.0786,0.1624
9.101000,4.0788,0.1624
9.102000,4.0791,0.1624
9.103000,4.0793,0.1623
9.104000,4.0796,0.1623
9.105000,4.0798,0.1623
9.106000,4.0801,0.1623
9.107000,4.0804,0.1623
9.108000,4.0806,0.1623
9.109000,4.0809,0.1623
9.110000,4.0812,0.1623
9.111000,4.0815,0.1623
9.112000,4.0818,0.1623
9.113000,4.0820,0.1623
9.114000,4.0823,0.1624
9.115000,4.0826,0.1624
9.116000,4.0829,0.1624
9.117000,4.0831,0.1624
9.130000,4.0864,0.1627
9.136000,4.0881,0.1627
9.137000,4.0883,0.1627
9.138000,4.0886,0.1626
9.144000,3.3703,0.1597
9.174000,2.9297,0.1565
9.202000,2.4926,0.1567
9.203000,2.4908,0.1567
9.204000,2.4890,0.1567
9.205000,2.4872,0.1567
9.206000,2.4854,0.1568
9.208000,2.4818,0.1568
9.209000,2.4800,0.1567
9.210000,2.4782,0.1567
9.211000,2.4764,0.1567
9.212000,2.4746,0.1567
9.213000,2.4728,0.1568
9.214000,2.4710,0.1568
9.215000,2.4693,0.1568
9.216000,2.4675,0.1568
9.217000,2.4657,0.1568
9.218000,2.4639,0.1568
9.219000,2.4621,0.1568
9.220000,2.4603,0.1568
9.221000,2.4586,0.1568
9.222000,2.4568,0.1568
9.223000,2.4550,0.1568
9.224000,2.4532,0.1568
9.225000,2.4514,0.1568
9.226000,2.4497,0.1569
9.227000,2.4479,0.1569
9.228000,2.4461,0.1568
9.229000,2.4444,0.1568
9.230000,2.4426,0.1568
9.231000,2.4408,0.1567
9.232000,2.4391,0.1567
9.233000,2.4373,0.1567
9.234000,2.4356,0.1567
9.235000,2.4338,0.1567
9.236000,2.4320,0.1567
9.237000,2.4303,0.1566
9.238000,2.4285,0.1567
9.239000,2.4267,0.1567
9.240000,2.4250,0.1567
9.241000,2.4232,0.1567
9.242000,2.4215,0.1567
9.243000,2.4197,0.1567
9.244000,2.4179,0.1567
9.245000,2.4161,0.1567
9.246000,2.4144,0.1567
9.294000,3.1684,0.1590
9.295000,3.1678,0.1590
9.296000,3.1672,0.1590
9.297000,3.1666,0.1590
9.298000,3.1660,0.1590
9.299000,3.1654,0.1591
9.300000,3.1648,0.1591
9.301000,3.1643,0.1591
9.302000,3.1637,0.1591
9.303000,3.1631,0.1591
9.304000,3.1625,0.1591
9.305000,3.1619,0.1591
9.306000,3.1614,0.1590
9.307000,3.1608,0.1590
9.308000,3.1602,0.1590
9.309000,3.1597,0.1589
9.310000,3.1591,0.1589
9.311000,3.1585,0.1589
9.312000,3.1580,0.1589
9.313000,3.1574,0.1589
9.314000,3.1568,0.1589
9.315000,3.1563,0.1589
9.316000,3.1557,0.1588
9.317000,3.1552,0.1588
9.318000,3.1546,0.1588
9.319000,3.1540,0.1588
9.320000,3.1535,0.1588
9.321000,3.1529,0.1588
9.322000,3.1523,0.1588
9.323000,3.1518,0.1588
9.324000,3.1512,0.1588
9.325000,3.1506,0.1588
9.326000,3.1501,0.1588
9.327000,3.1495,0.1588
9.328000,3.1489,0.1588
9.329000,3.1483,0.1588
9.330000,3.1478,0.1588
9.331000,3.1472,0.1588
9.332000,3.1466,0.1588
9.333000,3.1460,0.1588
9.334000,3.1455,0.1588
9.335000,3.1449,0.1588
9.336000,3.1443,0.1588
9.337000,3.1437,0.1588
9.338000,3.1432,0.1588
9.339000,3.1426,0.1588
9.340000,3.1420,0.1588
9.341000,3.1414,0.1588
9.342000,3.1409,0.1588
9.343000,3.1403,0.1588
9.344000,3.1397,0.1588
9.345000,3.1391,0.1588
9.346000,3.1386,0.1588
9.347000,3.1380,0.1588
9.348000,3.1374,0.1589
9.349000,3.1369,0.1589
9.350000,3.1363,0.1589
9.351000,3.1358,0.1589
9.352000,3.1352,0.1589
9.353000,3.1347,0.1589
9.354000,3.1342,0.1589
9.355000,3.1336,0.1589
9.356000,3.1331,0.1589
9.357000,3.1326,0.1589
9.358000,3.1321,0.1589
9.359000,3.1315,0.1589
9.360000,3.1310,0.1589
9.361000,3.1305,0.1589
9.362000,3.1300,0.1590
9.363000,3.1295,0.1590
9.364000,3.1289,0.1590
9.365000,3.1284,0.1590
9.366000,3.1279,0.1590
9.367000,3.1274,0.1590
9.368000,3.1269,0.1591
9.369000,3.1263,0.1591
9.370000,3.1258,0.1591
9.370000,2.8883,0.1508
9.371000,2.8874,0.1508
9.372000,2.8865,0.1508
9.373000,2.8856,0.1509
9.374000,2.8847,0.1509
9.375000,2.8838,0.1509
9.376000,2.8829,0.1510
9.377000,2.8820,0.1510
9.378000,2.8811,0.1510
9.379000,2.8802,0.1510
9.380000,2.8793,0.1510
9.381000,2.8784,0.1510
9.382000,2.8775,0.1510
9.383000,2.8766,0.1510
9.384000,2.8757,0.1509
9.385000,2.8748,0.1510
9.386000,2.8738,0.1510
9.387000,2.8729,0.1510
9.388000,2.8721,0.1511
9.389000,2.8712,0.1511
9.390000,2.8703,0.1511
9.391000,2.8694,0.1511
9.392000,2.8685,0.1512
9.393000,2.8676,0.1512
9.394000,2.8667,0.1512
9.395000,2.8658,0.1512
9.396000,2.8649,0.1513
9.397000,2.8640,0.1513
9.398000,2.8632,0.1514
9.399000,2.8623,0.1514
9.400000,2.8614,0.1514
9.401000,2.8605,0.1514
9.402000,2.8597,0.1514
9.403000,2.8588,0.1514
9.404000,2.8580,0.1514
9.405000,2.8571,0.1514
9.406000,2.8562,0.1514
9.407000,2.8554,0.1514
9.408000,2.8545,0.1514
9.409000,2.8537,0.1513
9.410000,2.8528,0.1513
9.411000,2.8519,0.1514
9.412000,2.8511,0.1514
9.413000,2.8502,0.1514
9.414000,2.8494,0.1513
9.414000,3.0214,0.1513
9.415000,3.0208,0.1513
9.416000,3.0201,0.1514
9.417000,3.0195,0.1514
9.417000,3.0019,0.1476
9.418000,3.0012,0.1476
9.419000,3.0005,0.1476
9.420000,2.9998,0.1475
9.421000,2.9991,0.1476
9.422000,2.9984,0.1476
9.423000,2.9977,0.1476
9.424000,2.9970,0.1476
9.425000,2.9963,0.1476
9.426000,2.9956,0.1476
9.427000,2.9949,0.1476
9.428000,2.9942,0.1476
9.429000,2.9935,0.1477
9.430000,2.9928,0.1477
9.431000,2.9921,0.1477
9.432000,2.9915,0.1477
9.433000,2.9908,0.1477
9.434000,2.9901,0.1478
9.435000,2.9894,0.1478
9.436000,2.9887,0.1479
9.437000,2.9880,0.1479
9.438000,2.9874,0.1479
9.439000,2.9867,0.1479
9.440000,2.9860,0.1480
9.441000,2.9853,0.1480
9.442000,2.9846,0.1480
9.443000,2.9839,0.1481
9.444000,2.9833,0.1481
9.445000,2.9826,0.1481
9.446000,2.9819,0.1481
9.447000,2.9812,0.1481
9.448000,2.9806,0.1481
9.449000,2.9799,0.1481
9.450000,2.9793,0.1482
9.451000,2.9786,0.1482
9.452000,2.9779,0.1482
9.453000,2.9773,0.1482
9.454000,2.9766,0.1482
9.455000,2.9760,0.1482
9.456000,2.9754,0.1483
9.457000,2.9747,0.1483
9.458000,2.9741,0.1483
9.458000,3.0567,0.1463
9.459000,3.0562,0.1464
9.460000,3.0557,0.1464
9.461000,3.0551,0.1464
9.462000,3.0546,0.1464
9.463000,3.0540,0.1464
9.464000,3.0535,0.1465
9.465000,3.0529,0.1465
9.466000,3.0524,0.1465
9.467000,3.0518,0.1465
9.468000,3.0513,0.1465
9.469000,3.0507,0.1465
9.470000,3.0502,0.1466
9.471000,3.0496,0.1466
9.472000,3.0490,0.1467
9.472000,2.9478,0.1472
9.473000,2.9471,0.1473
9.474000,2.9464,0.1473
9.475000,2.9456,0.1474
9.476000,2.9449,0.1474
9.477000,2.9442,0.1474
9.478000,2.9435,0.1474
9.479000,2.9428,0.1474
9.480000,2.9421,0.1474
9.481000,2.9413,0.1475
9.482000,2.9406,0.1475
9.483000,2.9399,0.1475
9.484000,2.9392,0.1475
9.485000,2.9385,0.1475
9.486000,2.9378,0.1476
9.487000,2.9371,0.1476
9.488000,2.9364,0.1477
9.489000,2.9357,0.1477
9.490000,2.9350,0.1478
9.491000,2.9343,0.1478
9.492000,2.9336,0.1478
9.493000,2.9329,0.1479
9.494000,2.9322,0.1479
9.495000,2.9315,0.1480
9.496000,2.9308,0.1480
9.497000,2.9301,0.1480
9.498000,2.9294,0.1480
9.498000,2.6631,0.1457
9.499000,2.6620,0.1457
9.500000,2.6609,0.1457
9.501000,2.6598,0.1458
9.502000,2.6587,0.1458
9.503000,2.6576,0.1458
9.504000,2.6565,0.1458
9.505000,2.6554,0.1458
9.506000,2.6543,0.1458
9.507000,2.6533,0.1458
9.508000,2.6522,0.1458
9.509000,2.6511,0.1458
9.510000,2.6500,0.1458
9.511000,2.6489,0.1458
9.512000,2.6479,0.1457
9.513000,2.6468,0.1457
9.514000,2.6457,0.1457
9.515000,2.6447,0.1457
9.516000,2.6436,0.1457
9.517000,2.6425,0.1457
9.518000,2.6415,0.1457
9.519000,2.6404,0.1456
9.520000,2.6394,0.1456
9.521000,2.6383,0.1456
9.522000,2.6372,0.1456
9.523000,2.6362,0.1456
9.524000,2.6351,0.1456
9.525000,2.6340,0.1455
9.526000,2.6330,0.1455
9.527000,2.6319,0.1455
9.528000,2.6308,0.1455
9.529000,2.6297,0.1455
9.530000,2.6287,0.1455
9.531000,2.6276,0.1455
9.532000,2.6265,0.1455
9.532000,3.0076,0.1480
9.532000,3.0677,0.1466
9.533000,3.0672,0.1466
9.534000,3.0667,0.1466
9.535000,3.0662,0.1467
9.536000,3.0657,0.1467
9.537000,3.0653,0.1468
9.538000,3.0648,0.1468
9.539000,3.0643,0.1469
9.540000,3.0638,0.1469
9.541000,3.0633,0.1470
9.542000,3.0629,0.1470
9.543000,3.0624,0.1471
9.544000,3.0619,0.1471
9.545000,3.0615,0.1471
9.546000,3.0610,0.1472
9.547000,3.0605,0.1472
9.548000,3.0601,0.1472
9.549000,3.0596,0.1473
9.550000,3.0591,0.1473
9.551000,3.0587,0.1473
9.552000,3.0582,0.1473
9.553000,3.0578,0.1473
9.554000,3.0573,0.1473
9.554000,2.9406,0.1446
9.555000,2.9400,0.1446
9.556000,2.9394,0.1446
9.557000,2.9388,0.1446
9.558000,2.9382,0.1446
9.559000,2.9376,0.1446
9.560000,2.9371,0.1446
9.565000,2.9341,0.1445
9.566000,2.9335,0.1446
9.579000,2.9258,0.1448
9.580000,2.9252,0.1448
9.581000,2.9246,0.1448
9.582000,2.9240,0.1448
9.583000,2.9234,0.1448
9.584000,2.9228,0.1448
9.585000,2.9222,0.1448
9.586000,2.9216,0.1448
9.587000,2.9210,0.1448
9.588000,2.9204,0.1448
9.589000,2.9198,0.1448
9.590000,2.9191,0.1449
9.591000,2.9185,0.1449
9.592000,2.9179,0.1449
9.593000,2.9173,0.1450
9.594000,2.9167,0.1450
9.595000,2.9161,0.1451
9.596000,2.9155,0.1451
9.597000,2.9149,0.1451
9.598000,2.9143,0.1451
9.599000,2.9137,0.1451
9.600000,2.9131,0.1451
9.601000,2.9125,0.1451
9.602000,2.9119,0.1452
9.603000,2.9113,0.1452
9.604000,2.9107,0.1452
9.605000,2.9101,0.1452
9.606000,2.9095,0.1452
9.607000,2.9089,0.1452
9.608000,2.9083,0.1452
9.609000,2.9077,0.1452
9.610000,2.9071,0.1452
9.611000,2.9065,0.1452
9.612000,2.9059,0.1452
9.613000,2.9053,0.1453
9.614000,2.9048,0.1453
9.615000,2.9042,0.1453
9.616000,2.9036,0.1453
9.617000,2.9030,0.1453
9.618000,2.9024,0.1453
9.619000,2.9019,0.1452
9.620000,2.9013,0.1452
9.621000,2.9007,0.1452
9.622000,2.9001,0.1452
9.623000,2.8995,0.1453
9.624000,2.8990,0.1453
9.625000,2.8984,0.1453
9.626000,2.8978,0.1453
9.627000,2.8972,0.1454
9.628000,2.8966,0.1454
9.628000,3.0239,0.1415
9.628000,3.2435,0.1409
9.629000,3.2433,0.1409
9.630000,3.2432,0.1409
9.631000,3.2431,0.1409
9.632000,3.2429,0.1409
9.633000,3.2428,0.1409
9.634000,3.2427,0.1409
9.635000,3.2426,0.1410
9.636000,3.2424,0.1410
9.637000,3.2423,0.1410
9.638000,3.2422,0.1410
9.639000,3.2421,0.1410
9.640000,3.2420,0.1411
9.647000,3.2411,0.1412
9.648000,3.2410,0.1412
9.649000,3.2409,0.1412
9.650000,3.2408,0.1413
9.651000,3.2407,0.1413
9.652000,3.2405,0.1413
9.653000,3.2404,0.1413
9.654000,3.2403,0.1413
9.655000,3.2402,0.1413
9.656000,3.2401,0.1413
9.657000,3.2399,0.1413
9.658000,3.2398,0.1413
9.658000,3.3221,0.1359
9.659000,3.3222,0.1359
9.660000,3.3222,0.1359
9.661000,3.3222,0.1359
9.662000,3.3222,0.1360
9.663000,3.3222,0.1360
9.664000,3.3222,0.1360
9.665000,3.3222,0.1361
9.666000,3.3222,0.1361
9.667000,3.3222,0.1362
9.668000,3.3222,0.1362
9.669000,3.3222,0.1363
9.670000,3.3222,0.1363
9.671000,3.3221,0.1364
9.672000,3.3221,0.1364
9.673000,3.3221,0.1364
9.674000,3.3221,0.1365
9.675000,3.3220,0.1365
9.676000,3.3220,0.1365
9.677000,3.3220,0.1365
9.678000,3.3220,0.1365
9.679000,3.3220,0.1365
9.680000,3.3220,0.1365
9.681000,3.3219,0.1366
9.682000,3.3219,0.1366
9.683000,3.3219,0.1366
9.684000,3.3219,0.1366
9.685000,3.3219,0.1367
9.686000,3.3219,0.1367
9.687000,3.3219,0.1367
9.688000,3.3219,0.1367
9.689000,3.3219,0.1367
9.690000,3.3219,0.1367
9.691000,3.3219,0.1367
9.692000,3.3219,0.1368
9.693000,3.3219,0.1368
9.694000,3.3219,0.1368
9.694000,3.6053,0.1386
9.695000,3.6057,0.1386
9.696000,3.6061,0.1386
9.697000,3.6065,0.1387
9.698000,3.6069,0.1387
9.699000,3.6073,0.1387
9.700000,3.6077,0.1387
9.701000,3.6081,0.1387
9.702000,3.6085,0.1387
9.703000,3.6088,0.1387
9.704000,3.6092,0.1387
9.705000,3.6096,0.1388
9.706000,3.6100,0.1388
9.707000,3.6104,0.1388
9.708000,3.6108,0.1388
9.709000,3.6112,0.1388
9.710000,3.6115,0.1388
9.711000,3.6119,0.1388
9.712000,3.6122,0.1389
9.713000,3.6126,0.1389
9.714000,3.6129,0.1389
9.715000,3.6132,0.1388
9.716000,3.6135,0.1389
9.717000,3.6139,0.1389
9.718000,3.6142,0.1389
9.719000,3.6145,0.1389
9.720000,3.6147,0.1389
9.721000,3.6150,0.1389
9.722000,3.6153,0.1389
9.723000,3.6156,0.1389
9.724000,3.6159,0.1389
9.725000,3.6161,0.1389
9.726000,3.6164,0.1390
9.727000,3.6167,0.1390
9.728000,3.6169,0.1390
9.729000,3.6172,0.1390
9.730000,3.6174,0.1390
9.731000,3.6177,0.1391
9.732000,3.6179,0.1391
9.733000,3.6182,0.1391
9.734000,3.6185,0.1391
9.735000,3.6187,0.1391
9.736000,3.6190,0.1392
9.737000,3.6192,0.1392
9.738000,3.6195,0.1392
9.739000,3.6198,0.1393
9.740000,3.6200,0.1393
9.741000,3.6203,0.1393
9.742000,3.6206,0.1393
9.742000,3.8740,0.1364
9.743000,3.8746,0.1364
9.744000,3.8752,0.1365
9.745000,3.8758,0.1364
9.746000,3.8764,0.1365
9.747000,3.8769,0.1365
9.748000,3.8775,0.1365
9.749000,3.8780,0.1365
9.750000,3.8786,0.1365
9.751000,3.8792,0.1365
9.752000,3.8797,0.1365
9.752000,3.8614,0.1362
9.753000,3.8619,0.1362
9.754000,3.8624,0.1362
9.755000,3.8630,0.1363
9.756000,3.8635,0.1363
9.757000,3.8640,0.1363
9.758000,3.8645,0.1364
9.759000,3.8650,0.1364
9.759000,3.5792,0.1361
9.760000,3.5794,0.1361
9.761000,3.5795,0.1361
9.762000,3.5797,0.1361
9.763000,3.5798,0.1362
9.764000,3.5800,0.1362
9.765000,3.5801,0.1362
9.766000,3.5802,0.1362
9.767000,3.5804,0.1362
9.768000,3.5805,0.1362
9.769000,3.5806,0.1362
9.770000,3.5808,0.1362
9.771000,3.5809,0.1362
9.772000,3.5810,0.1362
9.773000,3.5811,0.1362
9.774000,3.5813,0.1362
9.775000,3.5814,0.1362
9.776000,3.5815,0.1362
9.777000,3.5817,0.1362
9.778000,3.5818,0.1362
9.779000,3.5820,0.1363
9.780000,3.5821,0.1363
9.781000,3.5822,0.1363
9.782000,3.5824,0.1363
9.783000,3.5826,0.1363
9.784000,3.5827,0.1363
9.785000,3.5829,0.1364
9.786000,3.5830,0.1364
9.787000,3.5832,0.1364
9.788000,3.5834,0.1364
9.789000,3.5835,0.1365
9.790000,3.5837,0.1365
9.790000,3.5643,0.1313
9.791000,3.5644,0.1313
9.792000,3.5646,0.1313
9.793000,3.5648,0.1313
9.794000,3.5650,0.1312
9.795000,3.5652,0.1312
9.796000,3.5654,0.1312
9.797000,3.5656,0.1312
9.798000,3.5658,0.1312
9.799000,3.5660,0.1311
9.800000,3.5662,0.1311
9.801000,3.5664,0.1311
9.802000,3.5666,0.1311
9.803000,3.5668,0.1311
9.804000,3.5670,0.1311
9.805000,3.5672,0.1311
9.806000,3.5674,0.1312
9.807000,3.5676,0.1312
9.808000,3.5678,0.1312
9.809000,3.5680,0.1312
9.810000,3.5682,0.1312
9.811000,3.5685,0.1313
9.812000,3.5687,0.1313
9.813000,3.5689,0.1312
9.814000,3.5691,0.1312
9.815000,3.5694,0.1312
9.816000,3.5696,0.1312
9.817000,3.5698,0.1312
9.818000,3.5700,0.1312
9.819000,3.5703,0.1312
9.820000,3.5705,0.1312
9.821000,3.5707,0.1312
9.822000,3.5710,0.1312
9.823000,3.5712,0.1312
9.824000,3.5714,0.1312
9.825000,3.5717,0.1312
9.826000,3.5719,0.1312
9.827000,3.5721,0.1312
9.828000,3.5724,0.1312
9.829000,3.5726,0.1312
9.830000,3.5728,0.1312
9.831000,3.5731,0.1313
9.832000,3.5733,0.1313
9.833000,3.5735,0.1313
9.833000,3.6046,0.1315
9.834000,3.6049,0.1315
9.835000,3.6051,0.1315
9.836000,3.6053,0.1316
9.837000,3.6055,0.1316
9.838000,3.6057,0.1316
9.839000,3.6059,0.1316
9.840000,3.6061,0.1316
9.841000,3.6062,0.1316
9.842000,3.6064,0.1316
9.843000,3.6066,0.1316
9.844000,3.6067,0.1316
9.845000,3.6069,0.1316
9.846000,3.6071,0.1316
9.847000,3.6072,0.1316
9.848000,3.6074,0.1316
9.849000,3.6075,0.1316
9.850000,3.6077,0.1317
9.851000,3.6078,0.1317
9.851000,3.8193,0.1288
9.852000,3.8198,0.1288
9.853000,3.8202,0.1288
9.854000,3.8206,0.1288
9.855000,3.8211,0.1288
9.856000,3.8215,0.1288
9.857000,3.8220,0.1288
9.858000,3.8224,0.1288
9.859000,3.8229,0.1289
9.860000,3.8233,0.1289
9.861000,3.8238,0.1289
9.862000,3.8243,0.1289
9.863000,3.8247,0.1289
9.864000,3.8252,0.1289
9.865000,3.8256,0.1289
9.866000,3.8261,0.1289
9.867000,3.8265,0.1289
9.868000,3.8270,0.1288
9.869000,3.8274,0.1289
9.870000,3.8278,0.1289
9.871000,3.8283,0.1289
9.872000,3.8287,0.1289
9.873000,3.8291,0.1289
9.874000,3.8296,0.1289
9.875000,3.8300,0.1289
9.876000,3.8304,0.1290
9.876000,4.0360,0.1298
9.877000,4.0368,0.1298
9.878000,4.0375,0.1298
9.879000,4.0382,0.1298
9.880000,4.0389,0.1298
9.881000,4.0396,0.1298
9.881000,4.1775,0.1273
9.884000,4.1802,0.1273
9.885000,4.1811,0.1273
9.886000,4.1820,0.1273
9.887000,4.1829,0.1273
9.888000,4.1838,0.1273
9.889000,4.1847,0.1273
9.890000,4.1856,0.1273
9.891000,4.1865,0.1273
9.892000,4.1873,0.1273
9.928000,4.2187,0.1277
9.929000,4.2195,0.1278
9.930000,4.2204,0.1278
9.933000,4.2229,0.1277
9.933000,4.2313,0.1266
9.934000,4.2322,0.1266
9.935000,4.2331,0.1265
9.936000,4.2340,0.1265
9.937000,4.2348,0.1265
9.938000,4.2357,0.1265
9.939000,4.2366,0.1265
9.940000,4.2374,0.1265
9.941000,4.2383,0.1264
9.942000,4.2391,0.1264
9.943000,4.2400,0.1264
9.946000,4.2425,0.1264
9.947000,4.2433,0.1264
9.948000,4.2442,0.1264
9.949000,4.2450,0.1264
9.950000,4.2458,0.1264
9.951000,4.2467,0.1264
9.952000,4.2475,0.1264
9.953000,4.2483,0.1264
9.954000,4.2492,0.1264
9.955000,4.2500,0.1265
9.956000,4.2508,0.1265
9.957000,4.2517,0.1265
9.958000,4.2525,0.1266
9.965000,4.2584,0.1268
9.966000,4.2592,0.1268
9.967000,4.2600,0.1268
9.968000,4.2609,0.1268
9.969000,4.2617,0.1268
9.977000,4.1852,0.1274
9.978000,4.1859,0.1275
9.979000,4.1866,0.1275
9.980000,4.1873,0.1275
9.981000,4.1880,0.1276
9.981000,4.2335,0.1237
9.982000,4.2343,0.1237
9.983000,4.2351,0.1237
9.984000,4.2360,0.1237
9.985000,4.2368,0.1237
10.012000,4.2722,0.1242
10.012000,4.2676,0.1275
10.013000,4.2701,0.1275
10.014000,4.2723,0.1275
10.015000,4.2743,0.1275
10.016000,4.2761,0.1276
10.017000,4.2777,0.1276
10.018000,4.2790,0.1276
10.019000,4.2801,0.1277
10.020000,4.2811,0.1277
10.021000,4.2837,0.1277
10.022000,4.2862,0.1277
10.023000,4.2884,0.1277
10.040000,4.3129,0.1277
10.041000,4.3140,0.1277
10.047000,4.3197,0.1277
10.048000,4.3205,0.1277
10.049000,4.3212,0.1277
10.050000,4.3220,0.1277
10.051000,4.3220,0.1276
10.052000,4.3220,0.1276
10.066000,4.0819,0.1284
10.067000,4.0815,0.1284
10.068000,4.0814,0.1284
10.069000,4.0816,0.1284
10.070000,4.0820,0.1284
10.071000,4.0788,0.1285
10.082000,4.0559,0.1287
10.083000,4.0518,0.1287
10.084000,4.0482,0.1287
10.085000,4.0452,0.1287
10.086000,4.0427,0.1287
10.087000,4.0408,0.1288
10.088000,4.0396,0.1288
10.089000,4.0389,0.1288
10.090000,4.0389,0.1288
10.091000,4.0315,0.1288
10.092000,4.0249,0.1289
10.093000,4.0190,0.1289
10.093000,4.1810,0.1299
10.094000,4.1781,0.1299
10.095000,4.1758,0.1299
10.096000,4.1743,0.1300
10.105000,4.1494,0.1302
10.106000,4.1468,0.1302
10.107000,4.1452,0.1303
10.108000,4.1445,0.1303
10.109000,4.1448,0.1303
10.110000,4.1460,0.1303
10.111000,4.1365,0.1303
10.112000,4.1281,0.1303
10.113000,4.1207,0.1303
10.113000,4.2772,0.1292
10.114000,4.2735,0.1291
10.115000,4.2709,0.1291
10.116000,4.2695,0.1291
10.117000,4.2692,0.1291
10.118000,4.2702,0.1291
10.119000,4.2724,0.1290
10.120000,4.2759,0.1290
10.121000,4.2659,0.1290
10.122000,4.2573,0.1290
10.123000,4.2501,0.1290
10.124000,4.2443,0.1290
10.125000,4.2399,0.1290
10.126000,4.2370,0.1290
10.127000,4.2355,0.1290
10.128000,4.2355,0.1290
10.129000,4.2370,0.1290
10.130000,4.2401,0.1291
10.131000,4.2276,0.1291
10.132000,4.2167,0.1291
10.154000,4.1855,0.1287
10.155000,4.1792,0.1287
10.156000,4.1752,0.1287
10.156000,4.1004,0.1283
10.157000,4.1020,0.1283
10.158000,4.1061,0.1283
10.179000,4.0402,0.1286
10.180000,4.0485,0.1286
10.181000,4.0318,0.1286
10.182000,4.0179,0.1286
10.183000,4.0068,0.1286
10.184000,3.9985,0.1286
10.185000,3.9930,0.1286
10.186000,3.9902,0.1287
10.187000,3.9901,0.1287
10.200000,3.9646,0.1289
10.201000,3.9482,0.1289
10.202000,3.9347,0.1289
10.203000,3.9238,0.1290
10.204000,3.9157,0.1290
10.212000,3.8934,0.1292
10.213000,3.8828,0.1292
10.214000,3.8749,0.1293
10.215000,3.8695,0.1293
10.216000,3.8668,0.1293
10.217000,3.8666,0.1294
10.218000,3.8690,0.1294
10.219000,3.8740,0.1294
10.220000,3.8817,0.1295
10.221000,3.8662,0.1295
10.232000,3.9517,0.1306
10.233000,3.9438,0.1306
10.234000,3.9385,0.1306
10.235000,3.9358,0.1306
10.236000,3.9357,0.1306
10.237000,3.9381,0.1306
10.238000,3.9431,0.1306
10.239000,3.9508,0.1306
10.240000,3.9610,0.1306
10.241000,3.9481,0.1306
10.242000,3.9377,0.1306
10.243000,3.9300,0.1306
10.244000,3.9248,0.1306
10.245000,3.9221,0.1306
10.246000,3.9220,0.1305
10.247000,3.9245,0.1305
10.250000,3.6543,0.1321
10.258000,3.6188,0.1322
10.259000,3.6248,0.1322
10.260000,3.6331,0.1322
10.261000,3.6205,0.1322
10.262000,3.6102,0.1322
10.276000,3.6705,0.1287
10.277000,3.6716,0.1287
10.278000,3.6749,0.1287
10.279000,3.6805,0.1287
10.280000,3.6883,0.1287
10.280000,3.6035,0.1311
10.281000,3.5916,0.1311
10.282000,3.5819,0.1311
10.283000,3.5743,0.1311
10.284000,3.5688,0.1311
10.293000,3.5506,0.1310
10.294000,3.5452,0.1310
10.295000,3.5419,0.1310
10.296000,3.5405,0.1310
10.297000,3.5412,0.1310
10.298000,3.5439,0.1310
10.299000,3.5486,0.1310
10.300000,3.5554,0.1311
10.301000,3.5440,0.1311
10.302000,3.5347,0.1311
10.303000,3.5274,0.1311
10.304000,3.5221,0.1311
10.305000,3.5188,0.1312
10.305000,3.4379,0.1337
10.306000,3.4360,0.1337
10.307000,3.4358,0.1337
10.308000,3.4374,0.1337
10.309000,3.4408,0.1336
10.310000,3.4459,0.1336
10.311000,3.4353,0.1336
10.312000,3.4265,0.1336
10.313000,3.4195,0.1335
10.314000,3.4142,0.1335
10.332000,3.3725,0.1335
10.333000,3.3657,0.1335
10.334000,3.3606,0.1335
10.335000,3.3572,0.1335
10.336000,3.3554,0.1335
10.337000,3.3552,0.1335
10.338000,3.3567,0.1335
10.339000,3.3598,0.1335
10.339000,3.4101,0.1342
10.340000,3.4143,0.1342
10.341000,3.4046,0.1342
10.342000,3.3965,0.1342
10.343000,3.3900,0.1342
10.344000,3.3850,0.1342
10.345000,3.3815,0.1341
10.346000,3.3795,0.1341
10.347000,3.3791,0.1341
10.348000,3.3801,0.1340
10.349000,3.3826,0.1340
10.350000,3.3868,0.1340
10.351000,3.3772,0.1340
10.352000,3.3693,0.1340
10.353000,3.3629,0.1339
10.354000,3.3580,0.1339
10.355000,3.3546,0.1339
10.356000,3.3526,0.1339
10.357000,3.3521,0.1339
10.358000,3.3531,0.1338
10.359000,3.3556,0.1338
10.360000,3.3596,0.1338
10.361000,3.3502,0.1338
10.362000,3.3424,0.1338
10.363000,3.3361,0.1338
10.364000,3.3313,0.1337
10.365000,3.3279,0.1337
10.366000,3.3260,0.1337
10.367000,3.3255,0.1338
10.368000,3.3264,0.1338
10.369000,3.3288,0.1338
10.370000,3.3328,0.1338
10.371000,3.3235,0.1338
10.372000,3.3158,0.1338
10.373000,3.3096,0.1337
10.374000,3.3048,0.1337
10.375000,3.3014,0.1337
10.376000,3.2995,0.1337
10.377000,3.2989,0.1337
10.378000,3.2998,0.1337
10.379000,3.3022,0.1336
10.380000,3.3060,0.1336
10.381000,3.2969,0.1336
10.382000,3.2894,0.1336
10.383000,3.2832,0.1336
10.384000,3.2785,0.1336
10.385000,3.2751,0.1336
10.386000,3.2732,0.1336
10.387000,3.2727,0.1336
10.388000,3.2735,0.1336
10.389000,3.2758,0.1336
10.389000,3.2769,0.1344
10.390000,3.2804,0.1344
10.391000,3.2706,0.1344
10.392000,3.2624,0.1345
10.393000,3.2556,0.1345
10.394000,3.2503,0.1345
10.395000,3.2465,0.1345
10.396000,3.2440,0.1345
10.397000,3.2430,0.1345
10.398000,3.2434,0.1346
10.399000,3.2452,0.1346
10.400000,3.2485,0.1346
10.401000,3.2389,0.1346
10.402000,3.2308,0.1346
10.403000,3.2241,0.1346
10.404000,3.2189,0.1346
10.405000,3.2150,0.1345
10.406000,3.2126,0.1345
10.407000,3.2115,0.1345
10.408000,3.2119,0.1345
10.409000,3.2137,0.1345
10.410000,3.2170,0.1345
10.411000,3.2075,0.1345
10.412000,3.1995,0.1345
10.413000,3.1929,0.1345
10.414000,3.1877,0.1345
10.415000,3.1839,0.1345
10.416000,3.1814,0.1346
10.417000,3.1803,0.1346
10.418000,3.1806,0.1346
10.419000,3.1823,0.1346
10.420000,3.1855,0.1346
10.421000,3.1761,0.1346
10.422000,3.1682,0.1346
10.423000,3.1617,0.1346
10.424000,3.1565,0.1346
10.425000,3.1527,0.1346
10.426000,3.1503,0.1346
10.427000,3.1492,0.1346
10.428000,3.1494,0.1345
10.429000,3.1511,0.1346
10.430000,3.1541,0.1346
10.431000,3.1449,0.1346
10.432000,3.1370,0.1346
10.433000,3.1306,0.1346
10.434000,3.1254,0.1346
10.435000,3.1217,0.1345
10.436000,3.1192,0.1345
10.437000,3.1181,0.1345
10.438000,3.1184,0.1345
10.439000,3.1200,0.1346
10.440000,3.1230,0.1346
10.440000,3.3979,0.1277
10.441000,3.3886,0.1277
10.442000,3.3808,0.1277
10.443000,3.3743,0.1277
10.444000,3.3692,0.1277
10.445000,3.3654,0.1278
10.446000,3.3630,0.1278
10.447000,3.3618,0.1278
10.448000,3.3621,0.1278
10.449000,3.3637,0.1278
10.450000,3.3667,0.1278
10.451000,3.3575,0.1278
10.452000,3.3498,0.1279
10.452000,3.5019,0.1253
10.453000,3.4948,0.1253
10.454000,3.4893,0.1253
10.455000,3.4854,0.1253
10.456000,3.4832,0.1253
10.462000,3.4716,0.1253
10.473000,3.4353,0.1255
10.474000,3.4300,0.1255
10.475000,3.4263,0.1255
10.476000,3.4242,0.1255
10.477000,3.4237,0.1256
10.478000,3.4248,0.1256
10.479000,3.4275,0.1256
10.480000,3.4319,0.1256
10.481000,3.4219,0.1256
10.482000,3.4134,0.1256
10.483000,3.4066,0.1256
10.484000,3.4014,0.1256
10.485000,3.3978,0.1256
10.486000,3.3957,0.1256
10.487000,3.3952,0.1256
10.488000,3.3963,0.1256
10.489000,3.3990,0.1256
10.490000,3.4034,0.1256
10.491000,3.3934,0.1256
10.492000,3.3850,0.1256
10.493000,3.3783,0.1256
10.494000,3.3731,0.1256
10.495000,3.3695,0.1256
10.496000,3.3674,0.1256
10.497000,3.3669,0.1256
10.498000,3.3680,0.1256
10.499000,3.3706,0.1256
10.500000,3.3749,0.1255
10.501000,3.3650,0.1255
10.504000,3.3447,0.1255
10.505000,3.3411,0.1254
10.506000,3.3390,0.1254
10.507000,3.3385,0.1254
10.508000,3.3396,0.1255
10.509000,3.3422,0.1255
10.510000,3.3465,0.1255
10.535000,3.3724,0.1277
10.538000,3.3716,0.1278
10.539000,3.3747,0.1278
10.540000,3.3797,0.1278
10.540000,3.2297,0.1357
10.541000,3.2176,0.1357
10.542000,3.2074,0.1357
10.543000,3.1992,0.1358
10.544000,3.1928,0.1358
10.545000,3.1884,0.1358
10.546000,3.1858,0.1358
10.547000,3.1850,0.1359
10.548000,3.1862,0.1359
10.549000,3.1893,0.1359
10.550000,3.1944,0.1359
10.551000,3.1824,0.1359
10.552000,3.1724,0.1359
10.553000,3.1642,0.1359
10.554000,3.1579,0.1359
10.555000,3.1535,0.1359
10.561000,3.1481,0.1359
10.562000,3.1381,0.1359
10.563000,3.1300,0.1359
10.564000,3.1238,0.1359
10.565000,3.1195,0.1359
10.566000,3.1170,0.1359
10.567000,3.1164,0.1359
10.568000,3.1177,0.1359
10.569000,3.1210,0.1359
10.570000,3.1261,0.1359
10.571000,3.1144,0.1359
10.572000,3.1045,0.1359
10.573000,3.0966,0.1359
10.574000,3.0905,0.1358
10.577000,3.0834,0.1358
10.578000,3.0848,0.1358
10.579000,3.0881,0.1358
10.580000,3.0933,0.1358
10.581000,3.0816,0.1359
10.582000,3.0717,0.1359
10.583000,3.0637,0.1359
10.584000,3.0576,0.1359
10.585000,3.0533,0.1359
10.586000,3.0509,0.1358
10.586000,3.0338,0.1453
10.586000,3.3671,0.1348
10.587000,3.3670,0.1348
10.588000,3.3690,0.1348
10.589000,3.3731,0.1348
10.590000,3.3793,0.1348
10.591000,3.3669,0.1348
10.592000,3.3566,0.1348
10.593000,3.3484,0.1348
10.594000,3.3422,0.1348
10.595000,3.3381,0.1348
10.596000,3.3360,0.1348
10.597000,3.3360,0.1348
10.598000,3.3380,0.1347
10.599000,3.3421,0.1347
10.600000,3.3484,0.1347
10.601000,3.3360,0.1347
10.602000,3.3258,0.1346
10.603000,3.3176,0.1346
10.604000,3.3115,0.1346
10.605000,3.3074,0.1346
10.606000,3.3054,0.1346
10.607000,3.3054,0.1346
10.608000,3.3076,0.1346
10.609000,3.3118,0.1346
10.610000,3.3182,0.1346
10.611000,3.3059,0.1346
10.611000,3.1319,0.1448
10.612000,3.1208,0.1448
10.613000,3.1119,0.1448
10.614000,3.1053,0.1448
10.624000,3.0722,0.1451
10.625000,3.0678,0.1452
10.626000,3.0657,0.1452
10.627000,3.0658,0.1452
10.628000,3.0681,0.1453
10.629000,3.0726,0.1453
10.630000,3.0794,0.1453
10.631000,3.0663,0.1453
10.632000,3.0553,0.1453
10.632000,3.3139,0.1459
10.633000,3.3052,0.1459
10.634000,3.2990,0.1459
10.635000,3.2951,0.1459
10.636000,3.2935,0.1459
10.637000,3.2943,0.1459
10.638000,3.2975,0.1459
10.639000,3.3031,0.1459
10.640000,3.3111,0.1459
10.641000,3.2979,0.1459
10.642000,3.2871,0.1459
10.643000,3.2787,0.1459
10.644000,3.2726,0.1459
10.645000,3.2689,0.1459
10.646000,3.2676,0.1459
10.647000,3.2686,0.1458
10.648000,3.2720,0.1458
10.649000,3.2778,0.1458
10.650000,3.2860,0.1459
10.651000,3.2730,0.1459
10.652000,3.2623,0.1459
10.653000,3.2540,0.1460
10.654000,3.2481,0.1460
10.655000,3.2445,0.1460
10.656000,3.2433,0.1461
10.657000,3.2444,0.1461
10.658000,3.2480,0.1461
10.659000,3.2539,0.1461
10.660000,3.2623,0.1461
10.661000,3.2494,0.1461
10.662000,3.2389,0.1461
10.663000,3.2308,0.1461
10.664000,3.2250,0.1461
10.665000,3.2217,0.1461
10.666000,3.2206,0.1461
10.667000,3.2220,0.1461
10.668000,3.2258,0.1461
10.669000,3.2319,0.1461
10.670000,3.2405,0.1461
10.671000,3.2278,0.1461
10.672000,3.2175,0.1461
10.673000,3.2095,0.1461
10.674000,3.2039,0.1461
10.675000,3.2007,0.1461
10.676000,3.1999,0.1461
10.676000,3.4534,0.1284
10.677000,3.4543,0.1284
10.678000,3.4574,0.1285
10.679000,3.4627,0.1285
10.680000,3.4702,0.1285
10.681000,3.4588,0.1285
10.682000,3.4495,0.1284
10.683000,3.4425,0.1284
10.683000,3.5651,0.1208
10.684000,3.5601,0.1208
10.685000,3.5571,0.1208
10.686000,3.5561,0.1208
10.687000,3.5570,0.1208
10.688000,3.5600,0.1208
10.689000,3.5650,0.1208
10.690000,3.5721,0.1208
10.691000,3.5606,0.1208
10.692000,3.5512,0.1207
10.693000,3.5439,0.1207
10.694000,3.5386,0.1207
10.695000,3.5354,0.1207
10.696000,3.5342,0.1207
10.697000,3.5352,0.1207
10.698000,3.5382,0.1207
10.699000,3.5434,0.1207
10.700000,3.5507,0.1207
10.701000,3.5489,0.1207
10.702000,3.5492,0.1207
10.703000,3.5517,0.1207
10.703000,3.8346,0.1144
10.704000,3.8393,0.1144
10.705000,3.8453,0.1144
10.706000,3.8520,0.1144
10.707000,3.8593,0.1144
10.708000,3.8667,0.1144
10.709000,3.8741,0.1144
10.710000,3.8812,0.1144
10.711000,3.8981,0.1144
10.712000,3.9147,0.1144
10.713000,3.9306,0.1144
10.714000,3.9459,0.1144
10.715000,3.9606,0.1144
10.716000,3.9746,0.1144
10.717000,3.9878,0.1144
10.718000,4.0004,0.1144
10.719000,4.0123,0.1144
10.720000,4.0234,0.1144
10.721000,4.0442,0.1144
10.722000,4.0645,0.1143
10.723000,4.0841,0.1143
10.724000,4.1028,0.1143
10.725000,4.1206,0.1142
10.726000,4.1372,0.1142
10.727000,4.1527,0.1142
10.728000,4.1669,0.1141
10.729000,4.1799,0.1141
10.730000,4.1915,0.1141
10.740000,4.3853,0.1140
10.741000,4.4239,0.1140
10.742000,4.4602,0.1140
10.743000,4.4940,0.1140
10.744000,4.5253,0.1140
10.745000,4.5539,0.1140
10.746000,4.5798,0.1140
10.747000,4.6029,0.1140
10.748000,4.6232,0.1140
10.763000,3.8059,0.1282
10.764000,3.8142,0.1282
10.765000,3.8202,0.1282
10.766000,3.8241,0.1282
10.767000,3.8260,0.1282
10.787000,3.9477,0.1283
10.788000,3.9480,0.1283
10.789000,3.9462,0.1283
10.813000,3.7391,0.1334
10.814000,3.7547,0.1334
10.815000,3.7671,0.1334
10.816000,3.7759,0.1334
10.817000,3.7807,0.1334
10.819000,3.7768,0.1333
10.820000,3.7675,0.1333
10.821000,3.8126,0.1333
10.822000,3.8526,0.1333
10.829000,3.9729,0.1334
10.830000,3.9662,0.1334
10.831000,4.0162,0.1334
10.843000,4.3237,0.1339
10.858000,4.6504,0.1342
10.859000,4.6512,0.1342
10.860000,4.6458,0.1342
10.861000,4.6968,0.1341
10.862000,4.7414,0.1341
10.862000,5.3115,0.1141
10.863000,5.3534,0.1140
10.863000,4.2605,0.1124
10.864000,4.2741,0.1124
10.864000,4.1751,0.1077
10.865000,4.1814,0.1077
10.866000,4.1819,0.1076
10.867000,4.1766,0.1076
10.868000,4.1655,0.1076
10.869000,4.1487,0.1076
10.870000,4.1262,0.1076
10.871000,4.1551,0.1076
10.872000,4.1783,0.1076
10.873000,4.1958,0.1076
10.874000,4.2075,0.1076
10.875000,4.2136,0.1076
10.876000,4.2138,0.1076
10.877000,4.2084,0.1076
10.878000,4.1972,0.1076
10.879000,4.1802,0.1076
10.880000,4.1576,0.1076
10.881000,4.1860,0.1076
10.882000,4.2089,0.1076
10.883000,4.2260,0.1076
10.884000,4.2375,0.1076
10.885000,4.2432,0.1076
10.886000,4.2432,0.1076
10.887000,4.2375,0.1076
10.888000,4.2261,0.1076
10.889000,4.2090,0.1077
10.890000,4.1863,0.1077
10.891000,4.2144,0.1077
10.892000,4.2369,0.1078
10.903000,4.2794,0.1077
10.904000,4.2904,0.1078
10.905000,4.2956,0.1078
10.906000,4.2953,0.1078
10.907000,4.2893,0.1078
10.908000,4.2776,0.1078
10.909000,4.2603,0.1078
10.910000,4.2375,0.1078
10.911000,4.2649,0.1078
10.912000,4.2867,0.1077
10.913000,4.3029,0.1077
10.914000,4.3136,0.1077
10.914000,4.5862,0.1082
10.915000,4.5932,0.1082
10.916000,4.5945,0.1082
10.917000,4.5901,0.1082
10.918000,4.5800,0.1082
10.919000,4.5642,0.1082
10.920000,4.5426,0.1082
10.921000,4.5721,0.1082
10.922000,4.5960,0.1082
10.923000,4.6141,0.1083
10.924000,4.6266,0.1083
10.925000,4.6334,0.1083
10.926000,4.6345,0.1083
10.927000,4.6299,0.1083
10.928000,4.6196,0.1083
10.929000,4.6036,0.1083
10.930000,4.5820,0.1083
10.931000,4.6111,0.1083
10.932000,4.6347,0.1083
10.933000,4.6525,0.1082
10.934000,4.6648,0.1082
10.935000,4.6713,0.1082
10.936000,4.6722,0.1082
10.937000,4.6675,0.1082
10.938000,4.6571,0.1082
10.939000,4.6410,0.1082
10.940000,4.6193,0.1082
10.941000,4.6480,0.1081
10.942000,4.6712,0.1081
10.943000,4.6887,0.1081
10.944000,4.7006,0.1081
10.945000,4.7069,0.1081
10.946000,4.7075,0.1081
10.947000,4.7025,0.1081
10.948000,4.6920,0.1081
10.949000,4.6758,0.1081
10.950000,4.6540,0.1081
10.951000,4.6823,0.1081
10.951000,4.6385,0.1018
10.952000,4.6614,0.1019
10.953000,4.6788,0.1019
10.954000,4.6907,0.1019
10.955000,4.6972,0.1019
10.956000,4.6981,0.1020
10.957000,4.6936,0.1020
10.958000,4.6835,0.1020
10.960000,4.6471,0.1020
10.960000,4.6514,0.1027
10.961000,4.6802,0.1027
10.962000,4.7036,0.1027
10.963000,4.7215,0.1026
10.964000,4.7339,0.1026
10.965000,4.7407,0.1026
10.966000,4.7421,0.1026
10.967000,4.7380,0.1026
10.968000,4.7284,0.1026
10.969000,4.7133,0.1026
10.970000,4.6927,0.1026
10.971000,4.7211,0.1025
10.972000,4.7441,0.1025
10.973000,4.7616,0.1025
10.974000,4.7737,0.1025
10.975000,4.7803,0.1025
10.976000,4.7815,0.1025
10.977000,4.7772,0.1025
10.978000,4.7674,0.1025
10.979000,4.7522,0.1025
10.980000,4.7316,0.1025
10.981000,4.7596,0.1025
10.982000,4.7822,0.1025
10.983000,4.7994,0.1025
10.984000,4.8111,0.1025
10.985000,4.8175,0.1025
10.986000,4.8184,0.1025
10.987000,4.8139,0.1025
10.988000,4.8041,0.1025
10.989000,4.7888,0.1024
11.033000,5.7206,0.1002
11.034000,5.7334,0.1002
11.035000,5.7410,0.1002
11.036000,5.7432,0.1002
11.037000,5.7401,0.1002
11.038000,5.7318,0.1003
11.039000,5.7182,0.1003
11.040000,5.6993,0.1003
11.062000,5.8389,0.1002
11.066000,5.8759,0.1002
11.067000,5.8723,0.1002
11.068000,5.8635,0.1002
11.069000,5.8496,0.1002
11.070000,5.8306,0.1002
11.071000,5.8574,0.1002
11.072000,5.8791,0.1002
11.073000,5.8957,0.1002
11.074000,5.9073,0.1002
11.075000,5.9137,0.1002
11.076000,5.9149,0.1002
11.077000,5.9111,0.1002
11.078000,5.9023,0.1002
11.079000,5.8883,0.1002
11.080000,5.8692,0.1001
11.081000,5.8956,0.1001
11.082000,5.9169,0.1001
11.082000,6.2919,0.1013
11.083000,6.3095,0.1013
11.084000,6.3220,0.1013
11.085000,6.3293,0.1013
11.086000,6.3316,0.1013
11.087000,6.3287,0.1013
11.088000,6.3208,0.1013
11.089000,6.3077,0.1014
11.090000,6.2896,0.1014
11.091000,6.3170,0.1014
11.092000,6.3392,0.1014
11.093000,6.3565,0.1014
11.094000,6.3686,0.1015
11.095000,6.3757,0.1015
11.096000,6.3777,0.1015
11.097000,6.3747,0.1015
11.098000,6.3666,0.1015
11.099000,6.3535,0.1015
11.100000,6.3354,0.1015
11.101000,6.3622,0.1015
11.102000,6.3841,0.1016
11.103000,6.4009,0.1016
11.104000,6.4128,0.1016
11.105000,6.4196,0.1015
11.106000,6.4214,0.1016
11.107000,6.4182,0.1016
11.108000,6.4100,0.1016
11.109000,6.3968,0.1015
11.110000,6.3786,0.1015
11.111000,6.4050,0.1015
11.112000,6.4265,0.1015
11.113000,6.4430,0.1015
11.114000,6.4545,0.1015
11.114000,6.9500,0.0959
11.114000,7.3492,0.0944
11.115000,7.3588,0.0944
11.116000,7.3635,0.0944
11.117000,7.3631,0.0944
11.118000,7.3578,0.0943
11.119000,7.3476,0.0943
11.120000,7.3324,0.0943
11.121000,7.3615,0.0943
11.122000,7.3856,0.0943
11.123000,7.4049,0.0943
11.124000,7.4191,0.0943
11.125000,7.4285,0.0943
11.126000,7.4329,0.0943
11.127000,7.4324,0.0943
11.128000,7.4270,0.0944
11.129000,7.4166,0.0944
11.130000,7.4013,0.0944
11.131000,7.4299,0.0944
11.132000,7.4536,0.0944
11.133000,7.4725,0.0944
11.134000,7.4864,0.0944
11.135000,7.4954,0.0944
11.136000,7.4996,0.0943
11.137000,7.4989,0.0943
11.138000,7.4933,0.0943
11.139000,7.4829,0.0943
11.139000,7.9058,0.0899
11.140000,7.8917,0.0899
11.141000,7.9210,0.0898
11.142000,7.9454,0.0898
11.143000,7.9649,0.0898
11.144000,7.9797,0.0898
11.145000,7.9896,0.0898
11.146000,7.9947,0.0898
11.147000,7.9950,0.0897
11.148000,7.9905,0.0897
11.149000,7.9812,0.0897
11.150000,7.9671,0.0897
11.151000,7.9959,0.0897
11.152000,8.0199,0.0897
11.153000,8.0391,0.0897
11.154000,8.0536,0.0896
11.155000,8.0632,0.0896
11.156000,8.0681,0.0896
11.157000,8.0682,0.0896
11.158000,8.0636,0.0896
11.159000,8.0542,0.0896
11.160000,8.0400,0.0896
11.170000,8.1106,0.0895
11.172000,8.1617,0.0895
11.173000,8.1802,0.0895
11.174000,8.1940,0.0894
11.175000,8.2032,0.0894
11.176000,8.2076,0.0894
11.177000,8.2074,0.0894
11.178000,8.2025,0.0894
11.179000,8.1929,0.0894
11.180000,8.1787,0.0894
11.181000,8.2061,0.0893
11.182000,8.2290,0.0893
11.183000,8.2471,0.0893
11.184000,8.2607,0.0893
11.185000,8.2695,0.0893
11.186000,8.2738,0.0893
11.187000,8.2734,0.0893
11.188000,8.2684,0.0893
11.189000,8.2588,0.0893
11.190000,8.2446,0.0893
11.191000,8.2717,0.0893
11.192000,8.2942,0.0892
11.193000,8.3120,0.0892
11.194000,8.3253,0.0892
11.195000,8.3340,0.0892
11.196000,8.3380,0.0892
11.197000,8.3375,0.0892
11.198000,8.3325,0.0891
11.199000,8.3228,0.0891
11.200000,8.3086,0.0891
11.201000,8.3352,0.0891
11.202000,8.3573,0.0891
11.203000,8.3749,0.0891
11.204000,8.3878,0.0891
11.215000,8.4561,0.0888
11.221000,8.4552,0.0888
11.224000,9.3954,0.0836
11.225000,9.4063,0.0836
11.226000,9.4126,0.0836
11.227000,9.4144,0.0837
11.228000,9.4118,0.0836
11.229000,9.4046,0.0836
11.230000,9.3930,0.0836
11.231000,9.4214,0.0836
11.232000,9.4454,0.0837
11.233000,9.4648,0.0837
11.234000,9.4799,0.0837
11.235000,9.4904,0.0837
11.236000,9.4965,0.0837
11.237000,9.4982,0.0837
11.238000,9.4954,0.0837
11.239000,9.4881,0.0837
11.240000,9.4765,0.0837
11.241000,9.5045,0.0837
11.242000,9.5280,0.0837
11.243000,9.5472,0.0837
11.255000,9.6517,0.0837
11.256000,9.6574,0.0837
11.257000,9.6587,0.0837
11.258000,9.6557,0.0837
11.259000,9.6483,0.0837
11.260000,9.6365,0.0836
11.261000,9.6636,0.0836
11.262000,9.6864,0.0836
11.262000,10.0325,0.0812
11.263000,10.0519,0.0811
11.264000,10.0670,0.0811
11.265000,10.0778,0.0811
11.266000,10.0842,0.0811
11.267000,10.0863,0.0811
11.268000,10.0841,0.0811
11.269000,10.0776,0.0811
11.270000,10.0668,0.0811
11.271000,10.0945,0.0810
11.272000,10.1179,0.0810
11.272000,9.9168,0.0732
11.273000,9.9362,0.0731
11.274000,9.9513,0.0731
11.348000,10.1166,0.0702
11.349000,10.1046,0.0701
11.350000,10.0918,0.0701
11.367000,9.8302,0.0699
11.378000,9.5903,0.0699
11.380000,9.5576,0.0698
11.381000,9.5277,0.0698
11.382000,9.4994,0.0698
11.383000,9.4727,0.0698
11.384000,9.4475,0.0698
11.385000,9.4239,0.0698
11.386000,9.4019,0.0698
11.387000,9.3815,0.0698
11.388000,9.3626,0.0698
11.389000,9.3453,0.0698
11.390000,9.3296,0.0698
11.391000,9.2961,0.0698
11.392000,9.2641,0.0698
11.393000,9.2337,0.0698
11.394000,9.2052,0.0698
11.395000,9.1787,0.0697
11.396000,9.1541,0.0697
11.397000,9.1318,0.0697
11.398000,9.1116,0.0696
11.399000,9.0937,0.0695
11.412000,8.7517,0.0628
11.421000,8.5033,0.0626
11.426000,8.3128,0.0626
11.432000,9.6408,0.0665
11.432000,10.2731,0.0733
11.433000,10.2592,0.0733
11.434000,10.2501,0.0733
11.435000,10.2456,0.0733
11.436000,10.2459,0.0733
11.437000,10.2510,0.0733
11.438000,10.2609,0.0734
11.439000,10.2756,0.0734
11.440000,10.2953,0.0733
11.441000,10.2685,0.0733
11.442000,10.2465,0.0733
11.443000,10.2296,0.0733
11.444000,10.2176,0.0733
11.445000,10.2107,0.0733
11.446000,10.2090,0.0733
11.447000,10.2125,0.0733
11.448000,10.2211,0.0733
11.449000,10.2350,0.0733
11.450000,10.2542,0.0733
11.451000,10.2251,0.0733
11.452000,10.2012,0.0732
11.453000,10.1827,0.0732
11.454000,10.1695,0.0732
11.455000,10.1616,0.0732
11.456000,10.1590,0.0732
11.457000,10.1617,0.0732
11.458000,10.1698,0.0733
11.459000,10.1832,0.0733
11.460000,10.2020,0.0733
11.461000,10.1729,0.0733
11.462000,10.1492,0.0733
11.463000,10.1307,0.0733
11.464000,10.1176,0.0734
11.465000,10.1098,0.0734
11.466000,10.1074,0.0734
11.467000,10.1102,0.0734
11.468000,10.1183,0.0734
11.469000,10.1317,0.0735
11.470000,10.1505,0.0735
11.471000,10.1219,0.0735
11.472000,10.0986,0.0735
11.473000,10.0805,0.0735
11.474000,10.0678,0.0735
11.481000,9.9843,0.0785
11.482000,9.9691,0.0785
11.483000,9.9591,0.0785
11.484000,9.9544,0.0785
11.485000,9.9548,0.0785
11.486000,9.9605,0.0784
11.487000,9.9713,0.0784
11.488000,9.9874,0.0784
11.489000,10.0086,0.0784
11.490000,10.0350,0.0783
11.491000,10.0151,0.0783
11.492000,10.0004,0.0783
11.493000,9.9909,0.0782
11.494000,9.9865,0.0782
11.495000,9.9872,0.0781
11.496000,9.9931,0.0781
11.497000,10.0042,0.0781
11.498000,10.0204,0.0781
11.499000,10.0417,0.0781
11.500000,10.0681,0.0780
11.501000,10.0487,0.0780
11.502000,10.0345,0.0780
11.503000,10.0253,0.0779
11.504000,10.0213,0.0779
11.505000,10.0223,0.0779
11.506000,10.0285,0.0779
11.507000,10.0397,0.0779
11.508000,10.0560,0.0779
11.509000,10.0774,0.0779
11.510000,10.1038,0.0779
11.511000,10.0849,0.0779
11.512000,10.0711,0.0779
11.513000,10.0623,0.0778
11.514000,10.0586,0.0778
11.515000,10.0600,0.0778
11.516000,10.0664,0.0778
11.523000,9.6420,0.0848
11.524000,9.6375,0.0847
11.525000,9.6379,0.0847
11.526000,9.6434,0.0847
11.527000,9.6538,0.0847
11.528000,9.6691,0.0847
11.529000,9.6894,0.0848
11.530000,9.7146,0.0848
11.531000,9.6957,0.0848
11.532000,9.6817,0.0848
11.533000,9.6726,0.0848
11.534000,9.6685,0.0848
11.535000,9.6693,0.0848
11.536000,9.6749,0.0848
11.537000,9.6855,0.0848
11.538000,9.7010,0.0848
11.539000,9.7214,0.0848
11.540000,9.7466,0.0849
11.541000,9.7282,0.0849
11.542000,9.7147,0.0849
11.542000,9.4869,0.0884
11.543000,9.4774,0.0884
11.544000,9.4727,0.0884
11.545000,9.4729,0.0884
11.546000,9.4779,0.0884
11.547000,9.4877,0.0884
11.548000,9.5024,0.0884
11.549000,9.5219,0.0884
11.550000,9.5463,0.0884
11.551000,9.5275,0.0884
11.552000,9.5135,0.0884
11.553000,9.5044,0.0883
11.554000,9.5001,0.0883
11.555000,9.5005,0.0883
11.556000,9.5058,0.0883
11.557000,9.5158,0.0882
11.558000,9.5306,0.0882
11.559000,9.5502,0.0881
11.560000,9.5746,0.0881
11.561000,9.5564,0.0881
11.562000,9.5429,0.0881
11.563000,9.5342,0.0880
11.564000,9.5302,0.0880
11.565000,9.5310,0.0880
11.566000,9.5366,0.0880
11.567000,9.5468,0.0880
11.568000,9.5618,0.0879
11.569000,9.5816,0.0879
11.570000,9.6060,0.0879
11.571000,9.5882,0.0879
11.572000,9.5752,0.0879
11.573000,9.5668,0.0879
11.573000,9.0763,0.0898
11.574000,9.0714,0.0898
11.575000,9.0712,0.0898
11.576000,9.0757,0.0898
11.577000,9.0848,0.0898
11.578000,9.0986,0.0898
11.579000,9.1171,0.0898
11.580000,9.1402,0.0898
11.581000,9.1218,0.0898
11.582000,9.1079,0.0897
11.583000,9.0987,0.0897
11.584000,9.0941,0.0897
11.585000,9.0942,0.0897
11.586000,9.0989,0.0897
11.587000,9.1082,0.0897
11.588000,9.1221,0.0897
11.589000,9.1406,0.0897
11.590000,9.1637,0.0897
11.591000,9.1456,0.0896
11.592000,9.1322,0.0896
11.593000,9.1233,0.0896
11.594000,9.1190,0.0896
11.595000,9.1193,0.0895
11.596000,9.1242,0.0895
11.597000,9.1337,0.0895
11.598000,9.1477,0.0894
11.599000,9.1663,0.0894
11.600000,9.1895,0.0894
11.601000,9.1719,0.0894
11.602000,9.1589,0.0894
11.603000,9.1505,0.0893
11.604000,9.1466,0.0893
11.605000,9.1472,0.0893
11.606000,9.1524,0.0892
11.607000,9.1621,0.0892
11.608000,9.1763,0.0892
11.609000,9.1950,0.0892
11.610000,9.2182,0.0891
11.611000,9.2018,0.0891
11.611000,8.6629,0.0854
11.611000,8.2171,0.0821
11.612000,8.2028,0.0821
11.613000,8.1930,0.0820
11.614000,8.1876,0.0820
11.615000,8.1868,0.0820
11.616000,8.1904,0.0820
11.617000,8.1985,0.0820
11.618000,8.2110,0.0820
11.619000,8.2276,0.0820
11.620000,8.2483,0.0820
11.621000,8.2375,0.0820
11.622000,8.2306,0.0820
11.623000,8.2273,0.0819
11.624000,8.2277,0.0819
11.625000,8.2318,0.0819
11.626000,8.2393,0.0819
11.627000,8.2504,0.0819
11.628000,8.2649,0.0819
11.629000,8.2829,0.0819
11.630000,8.3043,0.0818
11.631000,8.3018,0.0818
11.632000,8.3025,0.0818
11.633000,8.3063,0.0818
11.634000,8.3130,0.0818
11.635000,8.3224,0.0818
11.636000,8.3345,0.0818
11.637000,8.3491,0.0818
11.638000,8.3662,0.0818
11.639000,8.3856,0.0818
11.640000,8.4074,0.0818
11.641000,8.4111,0.0818
11.642000,8.4171,0.0818
11.643000,8.4253,0.0818
11.643000,7.8890,0.0780
11.644000,7.8936,0.0780
11.645000,7.9004,0.0780
11.646000,7.9094,0.0779
11.647000,7.9204,0.0779
11.648000,7.9336,0.0779
11.649000,7.9488,0.0779
11.650000,7.9660,0.0779
11.651000,7.9657,0.0779
11.652000,7.9673,0.0779
11.653000,7.9710,0.0779
11.653000,7.5198,0.0813
11.654000,7.5176,0.0813
11.655000,7.5173,0.0813
11.656000,7.5190,0.0813
11.657000,7.5226,0.0814
11.658000,7.5282,0.0814
11.659000,7.5357,0.0814
11.660000,7.5451,0.0815
11.661000,7.5391,0.0815
11.816000,16.0839,0.0794
11.820000,16.6096,0.0794
11.821000,16.7576,0.0794
11.822000,16.9039,0.0794
11.823000,17.0485,0.0794
11.824000,17.1914,0.0794
11.825000,17.3327,0.0794
11.826000,17.4722,0.0794
11.827000,17.6100,0.0794
11.828000,17.7462,0.0794
11.829000,17.8806,0.0794
11.830000,18.0133,0.0793
11.831000,18.1667,0.0793
11.832000,18.3182,0.0793
11.833000,18.4679,0.0793
11.834000,18.6158,0.0792
11.835000,18.7617,0.0792
11.836000,18.9057,0.0792
11.837000,19.0478,0.0792
11.838000,19.1880,0.0792
11.839000,19.3262,0.0791
11.840000,19.4624,0.0791
11.801000,7.5862,0.0819
11.802000,7.5952,0.0819
11.803000,7.6022,0.0819
11.804000,7.6073,0.0819
11.805000,7.6105,0.0819
11.806000,7.6118,0.0819
11.807000,7.6112,0.0819
11.808000,7.6086,0.0819
11.809000,7.6042,0.0819
11.810000,7.5978,0.0819
11.811000,7.6088,0.0819
11.812000,7.6179,0.0819
11.813000,7.6251,0.0819
11.814000,7.6304,0.0819
11.815000,7.6338,0.0819
11.841000,19.6195,0.0791
11.848000,20.6633,0.0789
11.816000,7.6352,0.0819
11.854000,21.5707,0.0788
11.856000,21.8722,0.0788
11.857000,22.0200,0.0788
11.858000,22.1658,0.0788
11.859000,22.3096,0.0788
11.860000,22.4515,0.0788
11.817000,7.6347,0.0818
11.861000,22.6137,0.0788
11.862000,22.7739,0.0788
11.863000,22.9321,0.0788
11.864000,23.0884,0.0787
11.865000,23.2426,0.0787
11.818000,7.6323,0.0818
11.821000,7.6331,0.0818
11.876000,7.3382,0.0746
11.885000,7.3610,0.0745
11.886000,7.3623,0.0745
11.887000,7.3615,0.0745
11.888000,7.3586,0.0745
11.900000,7.3691,0.0746
11.901000,7.3926,0.0746
11.902000,7.4139,0.0746
11.903000,7.4324,0.0746
11.904000,7.4478,0.0746
11.905000,7.4599,0.0746
11.906000,7.4685,0.0746
11.907000,7.4733,0.0746
11.908000,7.4742,0.0746
11.909000,7.4710,0.0745
11.910000,7.4636,0.0745
11.911000,7.4991,0.0745
11.912000,7.5303,0.0745
11.913000,7.5571,0.0745
11.914000,7.5795,0.0745
11.915000,7.5974,0.0745
11.916000,7.6107,0.0745
11.917000,7.6195,0.0745
11.918000,7.6237,0.0746
11.919000,7.6234,0.0746
11.920000,7.6184,0.0746
11.921000,7.6555,0.0746
11.922000,7.6880,0.0746
11.923000,7.7159,0.0746
11.924000,7.7392,0.0746
11.925000,7.7578,0.0746
11.926000,7.7718,0.0746
11.927000,7.7812,0.0746
11.928000,7.7858,0.0746
11.929000,7.7859,0.0746
11.930000,7.7813,0.0746
11.931000,7.8136,0.0747
11.932000,7.8413,0.0747
11.933000,7.8644,0.0747
11.934000,7.8832,0.0747
11.935000,7.8979,0.0747
11.936000,7.9086,0.0747
11.937000,7.9153,0.0748
11.938000,7.9183,0.0748
11.939000,7.9176,0.0748
11.940000,7.9133,0.0749
11.941000,7.9382,0.0749
11.942000,7.9596,0.0749
11.943000,7.9775,0.0748
11.944000,7.9919,0.0749
11.945000,8.0030,0.0748
11.946000,8.0107,0.0748
11.947000,8.0150,0.0748
11.948000,8.0160,0.0749
11.948000,7.6421,0.0739
11.948000,7.3408,0.0773
11.949000,7.3374,0.0773
11.950000,7.3308,0.0772
11.950000,6.7367,0.0798
11.951000,6.7451,0.0797
11.952000,6.7505,0.0797
11.953000,6.7528,0.0797
11.954000,6.7521,0.0797
11.971000,6.4285,0.0782
11.972000,6.4389,0.0782
11.973000,6.4464,0.0782
12.012000,6.4839,0.0778
12.024000,6.4493,0.0776
12.025000,6.4455,0.0775
12.028000,6.4238,0.0775
12.029000,6.4132,0.0775
12.030000,6.4008,0.0775
12.031000,6.4033,0.0775
12.032000,6.4042,0.0775
12.033000,6.4033,0.0775
12.039000,6.3633,0.0776
12.040000,6.3509,0.0776
12.041000,6.3532,0.0777
12.042000,6.3538,0.0777
12.043000,6.3528,0.0777
12.044000,6.3502,0.0777
12.045000,6.3459,0.0778
12.046000,6.3400,0.0778
12.047000,6.3325,0.0778
12.048000,6.3234,0.0778
12.049000,6.3127,0.0778
12.050000,6.3003,0.0777
12.051000,6.3025,0.0777
12.052000,6.3031,0.0777
12.053000,6.3020,0.0777
12.054000,6.2994,0.0777
12.055000,6.2951,0.0776
12.056000,6.2893,0.0776
12.057000,6.2818,0.0776
12.058000,6.2727,0.0775
12.059000,6.2620,0.0775
12.060000,6.2498,0.0775
12.061000,6.2518,0.0774
12.062000,6.2523,0.0774
12.063000,6.2511,0.0774
12.064000,6.2483,0.0774
12.065000,6.2440,0.0774
12.066000,6.2381,0.0774
12.067000,6.2305,0.0774
12.075000,6.7242,0.0785
12.086000,6.5757,0.0786
12.088000,6.5470,0.0787
12.089000,6.5348,0.0787
12.090000,6.5239,0.0787
12.091000,6.4968,0.0788
12.092000,6.4713,0.0788
12.093000,6.4474,0.0788
12.094000,6.4252,0.0788
12.095000,6.4046,0.0788
12.096000,6.3858,0.0788
12.097000,6.3686,0.0788
12.098000,6.3532,0.0788
12.099000,6.3394,0.0788
12.100000,6.3274,0.0788
12.101000,6.2997,0.0788
12.101000,6.3150,0.0758
12.102000,6.2919,0.0758
12.103000,6.2705,0.0758
12.104000,6.2509,0.0757
12.105000,6.2331,0.0757
12.106000,6.2171,0.0757
12.107000,6.2028,0.0757
12.108000,6.1902,0.0757
12.109000,6.1794,0.0756
12.110000,6.1703,0.0756
12.111000,6.1444,0.0755
12.112000,6.1203,0.0755
12.113000,6.0979,0.0755
12.114000,6.0774,0.0755
12.115000,6.0588,0.0754
12.116000,6.0421,0.0754
12.117000,6.0274,0.0754
12.118000,6.0146,0.0754
12.119000,6.0038,0.0753
12.120000,5.9950,0.0753
12.121000,5.9670,0.0753
12.122000,5.9409,0.0752
12.123000,5.9170,0.0752
12.124000,5.8951,0.0752
12.125000,5.8753,0.0751
12.126000,5.8575,0.0751
12.127000,5.8418,0.0751
12.128000,5.8281,0.0751
12.129000,5.8166,0.0750
12.130000,5.8077,0.0750
12.131000,5.7652,0.0750
12.132000,5.7259,0.0750
12.133000,5.6901,0.0750
12.134000,5.6578,0.0750
12.139000,5.5523,0.0750
12.141000,5.4959,0.0750
12.142000,5.4533,0.0750
12.143000,5.4147,0.0749
12.143000,6.6845,0.0683
12.144000,6.6644,0.0683
12.145000,6.6488,0.0683
12.146000,6.6377,0.0683
12.147000,6.6311,0.0682
12.148000,6.6289,0.0682
12.149000,6.6312,0.0682
12.150000,6.6380,0.0682
12.151000,6.6043,0.0682
12.152000,6.5750,0.0682
12.153000,6.5503,0.0682
12.154000,6.5302,0.0683
12.155000,6.5145,0.0683
12.156000,6.5033,0.0683
12.157000,6.4965,0.0684
12.158000,6.4942,0.0684
12.159000,6.4964,0.0684
12.160000,6.5030,0.0684
12.161000,6.4699,0.0684
12.162000,6.4412,0.0684
12.163000,6.4170,0.0684
12.164000,6.3972,0.0684
12.204000,6.1720,0.0690
12.211000,6.1912,0.0689
12.212000,6.1755,0.0689
12.213000,6.1640,0.0688
12.214000,6.1565,0.0688
12.251000,6.1449,0.0687
12.252000,6.1307,0.0687
12.253000,6.1203,0.0687
12.254000,6.1137,0.0686
12.255000,6.1111,0.0686
12.256000,6.1122,0.0686
12.257000,6.1172,0.0686
12.258000,6.1260,0.0686
12.259000,6.1387,0.0686
12.260000,6.1552,0.0685
12.261000,6.1374,0.0685
12.262000,6.1234,0.0685
12.263000,6.1133,0.0684
12.264000,6.1070,0.0684
12.265000,6.1044,0.0684
12.266000,6.1057,0.0684
12.267000,6.1108,0.0683
12.268000,6.1197,0.0683
12.269000,6.1324,0.0683
12.270000,6.1488,0.0683
12.271000,6.1315,0.0683
12.272000,6.1179,0.0683
12.273000,6.1081,0.0684
12.274000,6.1020,0.0684
12.275000,6.0998,0.0684
12.276000,6.1013,0.0684
12.277000,6.1065,0.0685
12.278000,6.1155,0.0685
12.279000,6.1283,0.0685
12.280000,6.1448,0.0685
12.281000,6.1279,0.0685
12.282000,6.1146,0.0685
12.283000,6.1052,0.0685
12.284000,6.0994,0.0685
12.285000,6.0974,0.0685
12.286000,6.0990,0.0685
12.287000,6.1044,0.0685
12.288000,6.1135,0.0685
12.289000,6.1263,0.0685
12.290000,6.1428,0.0685
12.291000,6.1271,0.0685
12.292000,6.1150,0.0685
12.293000,6.1067,0.0685
12.294000,6.1020,0.0685
12.295000,6.1010,0.0685
12.296000,6.1036,0.0685
12.297000,6.1098,0.0685
12.298000,6.1194,0.0685
12.299000,6.1325,0.0685
12.300000,6.1489,0.0685
12.301000,6.1371,0.0685
12.301000,6.0398,0.0695
12.301000,5.9135,0.0694
12.302000,5.9034,0.0693
12.303000,5.8965,0.0693
12.304000,5.8926,0.0693
12.337000,5.9842,0.0662
12.338000,5.9922,0.0662
12.339000,6.0026,0.0662
12.340000,6.0154,0.0661
12.341000,6.0068,0.0661
12.342000,6.0006,0.0661
12.359000,6.0481,0.0661
12.360000,6.0611,0.0661
12.361000,6.0530,0.0661
12.362000,6.0472,0.0661
12.363000,6.0438,0.0662
12.364000,6.0428,0.0662
12.365000,6.0441,0.0662
12.366000,6.0477,0.0662
12.389000,6.1237,0.0660
12.390000,6.1367,0.0660
12.391000,6.1352,0.0660
12.392000,6.1360,0.0659
12.393000,6.1391,0.0659
12.394000,6.1445,0.0659
12.395000,6.1522,0.0659
12.422000,6.9043,0.0640
12.426000,7.0535,0.0639
12.427000,7.0812,0.0639
12.428000,7.1049,0.0639
12.437000,7.4194,0.0638
12.438000,7.4435,0.0638
12.439000,7.4636,0.0638
12.439000,6.9422,0.0615
12.443000,6.9383,0.0588
12.444000,6.9469,0.0588
12.445000,6.9516,0.0587
12.446000,6.9522,0.0587
12.447000,6.9489,0.0587
12.448000,6.9416,0.0587
12.449000,6.9303,0.0587
12.450000,6.9150,0.0587
12.451000,6.9357,0.0587
12.452000,6.9524,0.0586
12.453000,6.9651,0.0586
12.464000,7.0001,0.0586
12.465000,7.0047,0.0586
12.466000,7.0053,0.0586
12.467000,7.0019,0.0586
12.491000,7.1643,0.0574
12.492000,7.1804,0.0574
12.493000,7.1925,0.0574
12.500000,7.4059,0.0560
12.501000,7.4269,0.0560
12.502000,7.4438,0.0560
12.503000,7.4566,0.0560
12.504000,7.4654,0.0560
12.505000,7.4701,0.0560
12.506000,7.4707,0.0560
12.507000,7.4672,0.0559
12.508000,7.4597,0.0559
12.509000,7.4480,0.0559
12.510000,7.4324,0.0560
12.511000,7.4549,0.0560
12.512000,7.4735,0.0560
12.513000,7.4879,0.0560
12.514000,7.4982,0.0560
12.515000,7.5042,0.0560
12.516000,7.5059,0.0559
12.517000,7.5033,0.0559
12.537000,7.6003,0.0562
12.545000,7.6477,0.0561
12.546000,7.6503,0.0561
12.547000,7.6484,0.0561
12.548000,7.6420,0.0561
12.549000,7.6312,0.0561
12.550000,7.6159,0.0561
12.551000,7.6405,0.0561
12.552000,7.6606,0.0560
12.553000,7.6763,0.0560
12.554000,7.6875,0.0560
12.555000,7.6943,0.0559
12.573000,8.0516,0.0544
12.574000,8.0613,0.0544
12.575000,8.0666,0.0544
12.576000,8.0675,0.0545
12.577000,8.0639,0.0545
12.578000,8.0559,0.0544
12.579000,8.0434,0.0544
12.580000,8.0266,0.0544
12.581000,8.0493,0.0544
12.582000,8.0676,0.0544
12.583000,8.0814,0.0543
12.592000,8.0956,0.0543
12.593000,8.1091,0.0543
12.594000,8.1182,0.0543
12.595000,8.1230,0.0543
12.596000,8.1234,0.0543
12.597000,8.1195,0.0542
12.598000,8.1112,0.0542
12.599000,8.0986,0.0542
12.600000,8.0816,0.0542
12.601000,8.1034,0.0542
12.602000,8.1209,0.0542
12.603000,8.1340,0.0542
12.604000,8.1428,0.0542
12.605000,8.1473,0.0542
12.608000,8.1350,0.0541
12.609000,8.1223,0.0541
12.610000,8.1054,0.0541
12.611000,8.1267,0.0541
12.612000,8.1438,0.0540
12.613000,8.1566,0.0540
12.614000,8.1652,0.0540
12.615000,8.1695,0.0540
12.616000,8.1695,0.0540
12.617000,8.1652,0.0540
12.618000,8.1567,0.0540
12.619000,8.1440,0.0540
12.620000,8.1271,0.0540
12.621000,8.1480,0.0541
12.622000,8.1648,0.0541
12.622000,8.5415,0.0504
12.623000,8.5561,0.0504
12.624000,8.5664,0.0504
12.625000,8.5723,0.0504
12.626000,8.5740,0.0504
12.627000,8.5713,0.0504
12.628000,8.5644,0.0504
12.629000,8.5531,0.0504
12.630000,8.5376,0.0504
12.631000,8.5604,0.0504
12.632000,8.5790,0.0504
12.633000,8.5933,0.0504
12.634000,8.6034,0.0504
12.635000,8.6091,0.0504
12.636000,8.6106,0.0504
12.637000,8.6078,0.0504
12.638000,8.6008,0.0503
12.639000,8.5895,0.0503
12.640000,8.5739,0.0503
12.641000,8.5964,0.0502
12.642000,8.6147,0.0502
12.643000,8.6287,0.0501
12.644000,8.6386,0.0501
12.645000,8.6441,0.0501
12.646000,8.6455,0.0501
12.647000,8.6426,0.0501
12.648000,8.6355,0.0500
12.649000,8.6242,0.0500
12.649000,9.0870,0.0459
12.650000,9.0725,0.0459
12.651000,9.0960,0.0459
12.652000,9.1152,0.0459
12.653000,9.1303,0.0459
12.654000,9.1410,0.0459
12.655000,9.1476,0.0458
12.655000,9.6169,0.0410
12.656000,9.6204,0.0410
12.657000,9.6196,0.0410
12.658000,9.6146,0.0410
12.659000,9.6053,0.0410
12.660000,9.5919,0.0410
12.661000,9.6162,0.0409
12.684000,9.6464,0.0404
12.685000,9.6364,0.0404
12.686000,9.6252,0.0404
12.687000,9.6128,0.0404
12.688000,9.5992,0.0404
12.689000,9.5846,0.0403
12.690000,9.5691,0.0403
12.691000,9.5594,0.0403
12.692000,9.5487,0.0403
12.693000,9.5372,0.0403
12.694000,9.5249,0.0403
12.695000,9.5118,0.0403
12.696000,9.4979,0.0403
12.697000,9.4833,0.0403
12.698000,9.4679,0.0402
12.699000,9.4518,0.0402
12.700000,9.4350,0.0402
12.701000,9.4238,0.0401
12.702000,9.4119,0.0401
12.703000,9.3993,0.0401
12.704000,9.3860,0.0401
12.705000,9.3720,0.0401
12.706000,9.3574,0.0401
12.707000,9.3421,0.0401
12.708000,9.3261,0.0402
12.709000,9.3097,0.0402
12.710000,9.2927,0.0402
12.711000,9.2775,0.0402
12.712000,9.2619,0.0402
12.713000,9.2460,0.0402
12.714000,9.2299,0.0402
12.715000,9.2135,0.0402
12.716000,9.1969,0.0402
12.717000,9.1801,0.0402
12.718000,9.1631,0.0402
12.719000,9.1460,0.0402
12.720000,9.1287,0.0401
12.721000,9.1122,0.0401
12.752000,10.1276,0.0349
12.753000,10.1291,0.0350
12.754000,10.1305,0.0350
12.755000,10.1320,0.0350
12.756000,10.1338,0.0350
12.757000,10.1359,0.0350
12.758000,10.1384,0.0350
12.759000,10.1414,0.0350
12.760000,10.1448,0.0351
12.761000,10.1414,0.0351
12.762000,10.1385,0.0351
12.763000,10.1363,0.0352
12.764000,10.1347,0.0352
12.765000,10.1338,0.0353
12.766000,10.1335,0.0353
12.767000,10.1339,0.0353
12.768000,10.1351,0.0353
12.769000,10.1369,0.0353
12.770000,10.1395,0.0353
12.771000,10.1308,0.0353
12.772000,10.1229,0.0354
12.773000,10.1160,0.0354
12.774000,10.1101,0.0354
12.775000,10.1055,0.0354
12.776000,10.1022,0.0354
12.777000,10.1002,0.0354
12.778000,10.0997,0.0354
12.779000,10.1006,0.0354
12.780000,10.1030,0.0354
12.781000,10.0898,0.0355
12.782000,10.0782,0.0355
12.783000,10.0682,0.0355
12.784000,10.0598,0.0355
12.785000,10.0531,0.0355
12.786000,10.0480,0.0355
12.787000,10.0445,0.0356
12.788000,10.0427,0.0356
12.789000,10.0426,0.0356
12.790000,10.0442,0.0356
12.791000,10.0304,0.0356
12.792000,10.0184,0.0356
12.793000,10.0080,0.0356
12.794000,9.9993,0.0356
12.795000,9.9923,0.0356
12.796000,9.9870,0.0356
12.797000,9.9834,0.0356
12.798000,9.9815,0.0356
12.799000,9.9813,0.0355
12.800000,9.9827,0.0355
12.801000,9.9583,0.0355
12.801000,9.8201,0.0379
12.802000,9.8042,0.0379
12.802000,9.6629,0.0363
12.803000,9.6504,0.0363
12.804000,9.6403,0.0363
12.816000,9.5199,0.0360
12.818000,9.5121,0.0360
12.819000,9.5149,0.0360
12.820000,9.5222,0.0359
12.821000,9.4879,0.0359
12.822000,9.4583,0.0359
12.823000,9.4331,0.0359
12.824000,9.4125,0.0359
12.825000,9.3965,0.0359
12.826000,9.3850,0.0359
12.844000,9.1374,0.0358
12.845000,9.1214,0.0358
12.846000,9.1100,0.0358
12.847000,9.1031,0.0358
12.848000,9.1007,0.0358
12.849000,9.1028,0.0358
12.850000,9.1094,0.0358
12.851000,9.0757,0.0358
12.852000,9.0465,0.0358
12.853000,9.0218,0.0358
12.854000,9.0016,0.0358
12.855000,8.9859,0.0358
12.856000,8.9747,0.0358
12.857000,8.9680,0.0358
12.858000,8.9657,0.0358
12.859000,8.9679,0.0358
12.860000,8.9746,0.0358
12.861000,8.9414,0.0358
12.862000,8.9128,0.0357
12.863000,8.8885,0.0357
12.864000,8.8687,0.0357
12.865000,8.8533,0.0357
12.866000,8.8424,0.0357
12.866000,9.8973,0.0332
12.867000,9.9053,0.0332
12.868000,9.9178,0.0332
12.869000,9.9348,0.0332
12.870000,9.9562,0.0332
12.871000,9.9377,0.0331
12.872000,9.9237,0.0331
12.873000,9.9142,0.0332
12.874000,9.9090,0.0332
12.875000,9.9084,0.0332
12.876000,9.9121,0.0332
12.877000,9.9203,0.0332
12.878000,9.9329,0.0332
12.879000,9.9499,0.0333
12.880000,9.9713,0.0333
12.881000,9.9522,0.0333
12.882000,9.9375,0.0333
12.883000,9.9271,0.0333
12.884000,9.9212,0.0333
12.885000,9.9198,0.0333
12.886000,9.9229,0.0333
12.887000,9.9306,0.0334
12.888000,9.9429,0.0334
12.889000,9.9598,0.0334
12.890000,9.9813,0.0334
12.891000,9.9603,0.0334
12.892000,9.9439,0.0335
12.893000,9.9323,0.0335
12.894000,9.9253,0.0335
12.895000,9.9230,0.0335
12.895000,9.3564,0.0318
12.896000,9.3575,0.0318
12.897000,9.3633,0.0318
12.898000,9.3738,0.0318
12.899000,9.3890,0.0318
12.900000,9.4089,0.0318
12.901000,9.3866,0.0318
12.902000,9.3689,0.0318
12.902000,8.9944,0.0340
12.903000,8.9824,0.0340
12.904000,8.9751,0.0340
12.905000,8.9725,0.0340
12.906000,8.9744,0.0340
12.907000,8.9810,0.0340
12.908000,8.9922,0.0340
12.909000,9.0080,0.0340
12.910000,9.0284,0.0340
12.911000,9.0076,0.0340
12.912000,8.9915,0.0340
12.913000,8.9799,0.0340
12.914000,8.9729,0.0340
12.915000,8.9705,0.0340
12.916000,8.9727,0.0340
12.917000,8.9795,0.0340
12.918000,8.9909,0.0340
12.919000,9.0068,0.0340
12.920000,9.0273,0.0340
12.921000,9.0070,0.0340
12.922000,8.9912,0.0339
12.923000,8.9800,0.0339
12.924000,8.9733,0.0339
12.925000,8.9712,0.0339
12.926000,8.9736,0.0339
12.927000,8.9805,0.0338
12.928000,8.9920,0.0338
12.929000,9.0080,0.0338
12.930000,9.0285,0.0338
12.931000,9.0119,0.0337
12.932000,8.9998,0.0337
12.933000,8.9923,0.0337
12.934000,8.9892,0.0337
12.935000,8.9907,0.0337
12.936000,8.9964,0.0337
12.937000,9.0062,0.0337
12.938000,9.0196,0.0337
12.939000,9.0365,0.0337
12.940000,9.0567,0.0337
12.940000,8.7411,0.0326
12.941000,8.7384,0.0327
12.942000,8.7387,0.0327
12.943000,8.7419,0.0327
12.944000,8.7477,0.0327
12.999000,8.3020,0.0325
13.000000,8.3127,0.0325
13.001000,8.3074,0.0324
13.002000,8.3038,0.0324
13.003000,8.3020,0.0324
13.004000,8.3021,0.0324
13.056000,8.4892,0.0321
13.057000,8.4958,0.0321
13.058000,8.5039,0.0321
13.059000,8.5135,0.0320
13.100000,9.1353,0.0313
13.101000,9.1571,0.0313
13.102000,9.1779,0.0313
13.105000,9.2352,0.0314
13.106000,9.2525,0.0314
13.107000,9.2689,0.0314
13.108000,9.2844,0.0314
13.109000,9.2990,0.0313
13.177000,9.7729,0.0299
13.178000,9.7873,0.0299
13.179000,9.8008,0.0299
13.180000,9.8133,0.0299
13.181000,9.8346,0.0298
13.182000,9.8549,0.0298
13.183000,9.8742,0.0297
13.184000,9.8926,0.0297
13.185000,9.9100,0.0297
13.191000,10.0040,0.0297
13.192000,10.0244,0.0297
13.193000,10.0439,0.0297
13.194000,10.0624,0.0297
13.195000,10.0799,0.0297
13.196000,10.0964,0.0297
13.197000,10.1120,0.0296
13.198000,10.1265,0.0296
13.199000,10.1401,0.0296
13.200000,10.1526,0.0296
13.201000,10.1742,0.0296
13.202000,10.1949,0.0296
13.203000,10.2145,0.0296
13.240000,8.6838,0.0239
13.241000,8.7105,0.0239
13.272000,8.8833,0.0239
13.273000,8.8995,0.0239
13.274000,8.9110,0.0239
13.275000,8.9180,0.0238
13.276000,8.9203,0.0238
13.277000,8.9179,0.0238
13.278000,8.9110,0.0238
13.286000,8.9647,0.0237
13.287000,8.9622,0.0237
13.288000,8.9552,0.0236
13.289000,8.9435,0.0236
13.289000,9.2621,0.0203
13.290000,9.2453,0.0203
13.291000,9.2696,0.0203
13.292000,9.2894,0.0202
13.293000,9.3046,0.0202
13.294000,9.3151,0.0202
13.296000,9.3225,0.0202
13.299000,9.2993,0.0201
13.300000,9.2825,0.0201
13.301000,9.3064,0.0200
13.302000,9.3258,0.0200
13.303000,9.3406,0.0200
13.304000,9.3508,0.0199
13.305000,9.3566,0.0199
13.306000,9.3578,0.0199
13.307000,9.3544,0.0198
13.308000,9.3465,0.0198
13.309000,9.3341,0.0197
13.310000,9.3172,0.0197
13.311000,9.3406,0.0197
13.312000,9.3595,0.0197
13.313000,9.3739,0.0196
13.314000,9.3838,0.0196
13.315000,9.3892,0.0196
13.316000,9.3902,0.0196
13.317000,9.3866,0.0196
13.318000,9.3786,0.0196
13.319000,9.3661,0.0196
13.320000,9.3491,0.0197
13.321000,9.3721,0.0197
13.322000,9.3906,0.0197
13.323000,9.4047,0.0197
13.324000,9.4144,0.0197
13.325000,9.4196,0.0197
13.326000,9.4203,0.0197
13.327000,9.4166,0.0196
13.328000,9.4085,0.0196
13.329000,9.3960,0.0196
13.330000,9.3790,0.0196
13.331000,9.4015,0.0196
13.332000,9.4197,0.0196
13.333000,9.4334,0.0196
13.334000,9.4428,0.0196
13.335000,9.4477,0.0196
13.336000,9.4482,0.0196
13.337000,9.4443,0.0195
13.338000,9.4360,0.0195
13.339000,9.4234,0.0195
13.340000,9.4063,0.0195
13.341000,9.4285,0.0195
13.342000,9.4462,0.0194
13.343000,9.4596,0.0194
13.344000,9.4687,0.0193
13.345000,9.4733,0.0193
13.346000,9.4737,0.0193
13.347000,9.4696,0.0193
13.348000,9.4612,0.0193
13.348000,9.7548,0.0163
13.349000,9.7434,0.0163
13.350000,9.7277,0.0163
13.351000,9.7437,0.0163
13.352000,9.7554,0.0163
13.353000,9.7627,0.0163
13.354000,9.7656,0.0163
13.355000,9.7640,0.0163
13.356000,9.7586,0.0163
13.357000,9.7499,0.0163
13.358000,9.7386,0.0162
13.359000,9.7254,0.0162
13.360000,9.7106,0.0162
13.361000,9.6927,0.0162
13.362000,9.6740,0.0162
13.363000,9.6547,0.0163
13.364000,9.6349,0.0163
13.365000,9.6150,0.0163
13.366000,9.5950,0.0163
13.367000,9.5751,0.0163
13.368000,9.5553,0.0163
13.369000,9.5358,0.0162
13.369000,10.0584,0.0124
13.370000,10.0404,0.0124
13.371000,10.0144,0.0124
13.372000,9.9889,0.0123
13.373000,9.9641,0.0123
13.374000,9.9398,0.0123
13.375000,9.9163,0.0123
13.376000,9.8935,0.0122
13.377000,9.8715,0.0122
13.378000,9.8502,0.0122
13.379000,9.8297,0.0122
13.380000,9.8101,0.0123
13.381000,9.7797,0.0123
13.382000,9.7501,0.0123
13.383000,9.7214,0.0123
13.384000,9.6938,0.0123
13.385000,9.6672,0.0123
13.386000,9.6419,0.0123
13.387000,9.6179,0.0123
13.388000,9.5952,0.0123
13.389000,9.5740,0.0123
13.390000,9.5541,0.0123
13.391000,9.5196,0.0124
13.392000,9.4865,0.0123
13.393000,9.4550,0.0123
13.394000,9.4250,0.0123
13.395000,9.3965,0.0123
13.396000,9.3696,0.0123
13.397000,9.3443,0.0123
13.398000,9.3205,0.0123
13.399000,9.2983,0.0123
13.400000,9.2777,0.0122
13.401000,9.2381,0.0122
13.402000,9.2001,0.0122
13.403000,9.1638,0.0121
13.404000,9.1293,0.0121
13.405000,9.0969,0.0121
13.406000,9.0667,0.0120
13.407000,9.0388,0.0120
13.408000,9.0133,0.0120
13.408000,10.6065,0.0064
13.409000,10.6099,0.0063
13.410000,10.6158,0.0063
13.411000,10.5957,0.0063
13.412000,10.5784,0.0063
13.413000,10.5637,0.0063
13.414000,10.5517,0.0062
13.415000,10.5425,0.0062
13.416000,10.5360,0.0062
13.417000,10.5323,0.0062
13.418000,10.5313,0.0062
13.419000,10.5332,0.0061
13.420000,10.5378,0.0061
13.421000,10.5159,0.0061
13.422000,10.4967,0.0061
13.423000,10.4805,0.0061
13.424000,10.4671,0.0060
13.425000,10.4567,0.0060
13.426000,10.4492,0.0060
13.427000,10.4447,0.0060
13.428000,10.4431,0.0059
13.429000,10.4446,0.0059
13.429000,10.1386,0.0056
13.429000,9.7407,0.0040
13.430000,9.7549,0.0040
13.431000,9.7416,0.0040
13.432000,9.7314,0.0039
13.433000,9.7242,0.0039
13.434000,9.7200,0.0039
13.435000,9.7188,0.0038
13.436000,9.7207,0.0038
13.437000,9.7255,0.0038
13.438000,9.7334,0.0038
13.439000,9.7444,0.0038
13.440000,9.7583,0.0038
13.441000,9.7452,0.0038
13.442000,9.7350,0.0038
13.443000,9.7279,0.0038
13.444000,9.7238,0.0038
13.445000,9.7227,0.0038
13.446000,9.7246,0.0038
13.447000,9.7296,0.0037
13.448000,9.7375,0.0037
13.449000,9.7485,0.0038
13.450000,9.7624,0.0038
13.451000,9.7494,0.0038
13.452000,9.7393,0.0038
13.453000,9.7323,0.0038
13.454000,9.7283,0.0038
13.455000,9.7272,0.0037
13.456000,9.7292,0.0037
13.457000,9.7342,0.0037
13.458000,9.7422,0.0037
13.459000,9.7532,0.0037
13.460000,9.7672,0.0037
13.461000,9.7530,0.0037
13.462000,9.7419,0.0037
13.463000,9.7338,0.0037
13.464000,9.7288,0.0037
13.465000,9.7269,0.0037
13.466000,9.7281,0.0037
13.467000,9.7325,0.0037
13.468000,9.7401,0.0037
13.469000,9.7509,0.0036
13.470000,9.7649,0.0036
13.471000,9.7493,0.0036
13.472000,9.7369,0.0036
13.473000,9.7278,0.0036
13.474000,9.7220,0.0036
13.475000,9.7194,0.0036
13.476000,9.7200,0.0036
13.477000,9.7240,0.0036
13.478000,9.7312,0.0036
13.479000,9.7417,0.0036
13.480000,9.7554,0.0035
13.481000,9.7398,0.0035
13.482000,9.7275,0.0035
13.483000,9.7185,0.0035
13.484000,9.7127,0.0035
13.485000,9.7102,0.0034
13.486000,9.7110,0.0034
13.486000,9.2836,0.0039
13.487000,9.2885,0.0039
13.488000,9.2966,0.0038
13.489000,9.3080,0.0038
13.490000,9.3226,0.0037
13.491000,9.3082,0.0037
13.492000,9.2972,0.0037
13.493000,9.2893,0.0036
13.494000,9.2847,0.0036
13.495000,9.2833,0.0036
13.496000,9.2851,0.0035
13.497000,9.2901,0.0035
13.498000,9.2983,0.0035
13.499000,9.3098,0.0035
13.500000,9.3244,0.0035
13.501000,9.3105,0.0035
13.502000,9.2997,0.0035
13.503000,9.2921,0.0034
13.504000,9.2878,0.0034
13.505000,9.2866,0.0034
13.506000,9.2886,0.0034
13.507000,9.2938,0.0034
13.508000,9.3022,0.0034
13.509000,9.3138,0.0034
13.510000,9.3285,0.0034
13.511000,9.3149,0.0034
13.512000,9.3044,0.0034
13.513000,9.2972,0.0034
13.514000,9.2930,0.0034
13.515000,9.2921,0.0034
13.516000,9.2943,0.0034
13.517000,9.2997,0.0034
13.518000,9.3082,0.0034
13.519000,9.3198,0.0034
13.520000,9.3346,0.0034
13.538000,8.7450,0.0016
13.546000,8.7330,0.0017
13.550000,8.7702,0.0017
13.552000,8.7528,0.0018
13.553000,8.7483,0.0018
13.554000,8.7464,0.0018
13.555000,8.7473,0.0018
13.556000,8.7509,0.0018
13.557000,8.7572,0.0018
13.558000,8.7661,0.0018
13.559000,8.7777,0.0018
13.560000,8.7919,0.0018
13.561000,8.7871,0.0018
13.562000,8.7850,0.0018
13.563000,8.7854,0.0018
13.564000,8.7881,0.0018
13.565000,8.7930,0.0018
13.566000,8.8000,0.0017
13.567000,8.8089,0.0017
13.568000,8.8195,0.0017
13.569000,8.8320,0.0017
13.570000,8.8461,0.0017
13.571000,8.8481,0.0017
13.572000,8.8517,0.0016
13.573000,8.8568,0.0016
13.574000,8.8635,0.0017
13.575000,8.8716,0.0017
13.576000,8.8812,0.0017
13.577000,8.8923,0.0017
13.578000,8.9048,0.0017
13.579000,8.9188,0.0017
13.580000,8.9341,0.0017
13.581000,8.9377,0.0017
13.582000,8.9427,0.0016
13.583000,8.9491,0.0016
13.584000,8.9568,0.0016
13.585000,8.9659,0.0015
13.586000,8.9762,0.0015
13.587000,8.9879,0.0015
13.588000,9.0008,0.0014
13.589000,9.0151,0.0014
13.590000,9.0306,0.0014
13.591000,9.0349,0.0014
13.592000,9.0405,0.0014
13.593000,9.0473,0.0014
13.594000,9.0554,0.0013
13.595000,9.0648,0.0013
13.596000,9.0754,0.0012
13.597000,9.0873,0.0012
13.598000,9.1004,0.0012
13.599000,9.1148,0.0011
13.600000,9.1304,0.0011
13.601000,9.1349,0.0010
13.602000,9.1407,0.0010
13.603000,9.1477,0.0009
13.604000,9.1560,0.0009
13.605000,9.1655,0.0009
13.606000,9.1762,0.0009
13.607000,9.1882,0.0008
13.608000,9.2014,0.0008
13.609000,9.2159,0.0008
13.610000,9.2316,0.0008
13.610000,8.7315,0.0024
13.611000,8.7352,0.0024
13.612000,8.7401,0.0024
13.613000,8.7462,0.0024
13.614000,8.7536,0.0023
13.615000,8.7622,0.0023
13.616000,8.7720,0.0023
13.617000,8.7830,0.0023
13.618000,8.7952,0.0023
13.619000,8.8086,0.0023
13.620000,8.8232,0.0023
13.621000,8.8273,0.0023
13.622000,8.8325,0.0023
13.623000,8.8389,0.0023
13.624000,8.8464,0.0023
13.625000,8.8552,0.0022
13.626000,8.8651,0.0022
13.627000,8.8762,0.0022
13.628000,8.8885,0.0022
13.629000,8.9020,0.0022
13.630000,8.9167,0.0022
13.631000,8.9208,0.0022
13.632000,8.9262,0.0021
13.632000,8.0249,0.0019
13.633000,8.0217,0.0018
13.633000,7.8831,0.0015
13.634000,7.8806,0.0015
13.635000,7.8791,0.0014
13.636000,7.8789,0.0014
13.645000,7.8834,0.0012
13.651000,7.9138,0.0012
13.663000,8.0666,0.0013
13.709000,7.3998,0.0001
13.710000,7.3888,0.0001
13.711000,7.4035,0.0001
13.712000,7.4153,0.0001
13.713000,7.4243,0.0000
13.752000,7.4924,0.0008
13.753000,7.5027,0.0008
13.754000,7.5100,0.0009
13.755000,7.5143,0.0009
13.762000,7.5208,0.0010
13.765000,7.5433,0.0011
13.770000,7.5202,0.0011
13.779000,7.5611,0.0012
13.780000,7.5503,0.0012
13.781000,7.5691,0.0012
13.793000,7.6378,0.0012
13.794000,7.6464,0.0012
13.795000,7.6518,0.0012
13.796000,7.6540,0.0012
13.797000,7.6530,0.0011
13.798000,7.6489,0.0011
13.799000,7.6416,0.0011
13.801000,7.6478,0.0011
13.801000,8.0584,0.0032
13.802000,8.0716,0.0032
13.802000,7.6236,0.0026
13.803000,7.6317,0.0027
13.804000,7.6368,0.0027
13.805000,7.6389,0.0026
13.806000,7.6380,0.0027
13.807000,7.6341,0.0027
13.808000,7.6273,0.0027
13.809000,7.6174,0.0027
13.816000,7.6419,0.0028
13.818000,7.6307,0.0029
13.819000,7.6207,0.0029
13.820000,7.6078,0.0030
13.854000,6.9430,0.0047
13.855000,6.9292,0.0048
13.856000,6.9150,0.0048
13.857000,6.9002,0.0048
13.858000,6.8850,0.0048
13.859000,6.8693,0.0049
13.859000,6.7539,0.0069
13.860000,6.7381,0.0070
13.860000,6.8632,0.0055
13.861000,6.8522,0.0055
13.862000,6.8412,0.0055
13.863000,6.8305,0.0056
13.864000,6.8203,0.0056
13.865000,6.8108,0.0056
13.866000,6.8022,0.0057
13.867000,6.7945,0.0057
13.868000,6.7879,0.0057
13.869000,6.7825,0.0057
13.870000,6.7783,0.0058
13.871000,6.7594,0.0058
13.872000,6.7419,0.0058
13.873000,6.7257,0.0057
13.874000,6.7110,0.0057
13.875000,6.6977,0.0057
13.876000,6.6859,0.0058
13.877000,6.6756,0.0058
13.878000,6.6668,0.0058
13.879000,6.6595,0.0058
13.880000,6.6538,0.0058
13.881000,6.6338,0.0057
13.882000,6.6153,0.0058
13.883000,6.5984,0.0058
13.884000,6.5830,0.0058
13.885000,6.5692,0.0059
13.886000,6.5570,0.0059
13.887000,6.5463,0.0059
13.888000,6.5372,0.0060
13.889000,6.5297,0.0060
13.890000,6.5237,0.0060
13.891000,6.4995,0.0060
13.892000,6.4769,0.0060
13.893000,6.4558,0.0060
13.894000,6.4365,0.0060
13.895000,6.4191,0.0059
13.896000,6.4037,0.0060
13.897000,6.3906,0.0060
13.898000,6.3799,0.0060
13.899000,6.3716,0.0060
13.900000,6.3660,0.0060
13.901000,6.3332,0.0060
13.902000,6.3032,0.0061
13.903000,6.2760,0.0061
13.904000,6.2516,0.0061
13.905000,6.2299,0.0062
13.906000,6.2112,0.0062
13.906000,6.1678,0.0050
13.906000,6.2594,0.0039
13.907000,6.2587,0.0039
13.908000,6.2609,0.0039
13.909000,6.2661,0.0039
13.910000,6.2742,0.0040
13.911000,6.2540,0.0040
13.912000,6.2369,0.0040
13.913000,6.2228,0.0040
13.914000,6.2118,0.0041
13.915000,6.2039,0.0041
13.916000,6.1991,0.0041
13.917000,6.1974,0.0041
13.918000,6.1988,0.0041
13.919000,6.2033,0.0041
13.920000,6.2110,0.0041
13.921000,6.1899,0.0041
13.922000,6.1720,0.0041
13.923000,6.1573,0.0042
13.924000,6.1456,0.0042
13.925000,6.1371,0.0042
13.926000,6.1317,0.0042
13.927000,6.1295,0.0042
13.928000,6.1304,0.0042
13.929000,6.1346,0.0042
13.930000,6.1422,0.0042
13.931000,6.1168,0.0043
13.932000,6.0950,0.0043
13.933000,6.0767,0.0042
13.942000,6.0005,0.0042
13.950000,5.9513,0.0042
13.952000,6.0214,0.0043
13.953000,6.0051,0.0043
13.954000,5.9924,0.0043
13.955000,5.9835,0.0043
13.956000,5.9782,0.0043
13.957000,5.9765,0.0043
13.958000,5.9785,0.0044
13.959000,5.9842,0.0044
13.960000,5.9935,0.0044
13.961000,5.9704,0.0044
13.962000,5.9510,0.0044
13.963000,5.9352,0.0045
13.970000,5.9252,0.0047
13.971000,5.9026,0.0047
13.972000,5.8836,0.0048
13.973000,5.8681,0.0048
13.974000,5.8562,0.0048
13.975000,5.8479,0.0049
13.976000,5.8431,0.0049
13.977000,5.8419,0.0049
13.978000,5.8441,0.0049
13.979000,5.8499,0.0049
13.980000,5.8593,0.0049
13.981000,5.8371,0.0050
13.982000,5.8184,0.0050
13.983000,5.8033,0.0050
13.984000,5.7917,0.0050
13.985000,5.7835,0.0050
13.986000,5.7789,0.0050
13.987000,5.7778,0.0050
13.988000,5.7801,0.0051
13.989000,5.7860,0.0051
13.990000,5.7953,0.0051
13.991000,5.7735,0.0052
13.992000,5.7552,0.0052
13.993000,5.7403,0.0052
13.994000,5.7290,0.0052
13.995000,5.7211,0.0052
13.996000,5.7166,0.0052
13.997000,5.7156,0.0052
13.998000,5.7181,0.0052
13.999000,5.7239,0.0052
14.000000,5.7333,0.0052
14.001000,5.7123,0.0052
14.002000,5.6949,0.0052
14.003000,5.6808,0.0052
14.004000,5.6702,0.0053
14.005000,5.6630,0.0053
14.006000,5.6591,0.0053
14.007000,5.6586,0.0053
14.008000,5.6614,0.0053
14.009000,5.6673,0.0053
14.010000,5.6765,0.0053
14.011000,5.6582,0.0053
14.012000,5.6430,0.0052
14.013000,5.6309,0.0052
14.014000,5.6219,0.0052
14.015000,5.6161,0.0052
14.016000,5.6133,0.0052
14.017000,5.6136,0.0052
14.018000,5.6170,0.0052
14.019000,5.6233,0.0052
14.019000,5.8365,0.0040
14.020000,5.8479,0.0040
14.021000,5.8322,0.0041
14.022000,5.8195,0.0041
14.023000,5.8099,0.0041
14.024000,5.8033,0.0041
14.025000,5.7997,0.0041
14.026000,5.7992,0.0041
14.027000,5.8016,0.0042
14.028000,5.8071,0.0042
14.029000,5.8157,0.0042
14.030000,5.8272,0.0042
14.031000,5.8119,0.0042
14.032000,5.7996,0.0042
14.033000,5.7903,0.0042
14.033000,5.3543,0.0037
14.034000,5.3457,0.0037
14.035000,5.3400,0.0037
14.036000,5.3372,0.0037
14.037000,5.3373,0.0037
14.038000,5.3403,0.0037
14.039000,5.3462,0.0037
14.040000,5.3551,0.0037
14.041000,5.3547,0.0037
14.042000,5.3565,0.0037
14.043000,5.3601,0.0037
14.044000,5.3651,0.0037
14.045000,5.3712,0.0037
14.046000,5.3783,0.0037
14.047000,5.3862,0.0037
14.048000,5.3946,0.0036
14.049000,5.4035,0.0037
14.050000,5.4127,0.0037
14.051000,5.4243,0.0037
14.052000,5.4362,0.0037
14.053000,5.4481,0.0037
14.054000,5.4601,0.0037
14.055000,5.4721,0.0037
14.056000,5.4841,0.0037
14.057000,5.4960,0.0037
14.058000,5.5078,0.0037
14.059000,5.5196,0.0037
14.060000,5.5312,0.0037
14.061000,5.5448,0.0037
14.062000,5.5583,0.0038
14.063000,5.5716,0.0038
14.064000,5.5847,0.0037
14.065000,5.5977,0.0037
14.066000,5.6105,0.0037
14.067000,5.6231,0.0037
14.068000,5.6355,0.0037
14.069000,5.6477,0.0037
14.070000,5.6597,0.0037
14.071000,5.6761,0.0037
14.072000,5.6923,0.0037
14.073000,5.7083,0.0036
14.074000,5.7240,0.0036
14.075000,5.7394,0.0036
14.076000,5.7542,0.0036
14.077000,5.7684,0.0036
14.078000,5.7819,0.0036
14.079000,5.7946,0.0036
14.080000,5.8065,0.0036
14.113000,5.0632,0.0033
14.114000,5.0703,0.0033
14.115000,5.0760,0.0033
14.125000,5.1288,0.0034
14.126000,5.1334,0.0034
14.127000,5.1367,0.0034
14.128000,5.1384,0.0034
14.137000,5.1918,0.0035
14.138000,5.1936,0.0035
14.139000,5.1939,0.0035
14.140000,5.1927,0.0035
14.141000,5.2059,0.0035
14.142000,5.2177,0.0036
14.143000,5.2279,0.0036
14.160000,5.3228,0.0035
14.161000,5.3375,0.0035
14.162000,5.3505,0.0035
14.176000,5.1289,0.0031
14.177000,5.1312,0.0031
14.177000,4.9374,0.0050
14.178000,4.9322,0.0050
14.179000,4.9246,0.0050
14.180000,4.9146,0.0050
14.181000,4.9296,0.0050
14.182000,4.9421,0.0049
14.183000,4.9519,0.0049
14.184000,4.9592,0.0049
14.184000,5.2035,0.0050
14.185000,5.2061,0.0049
14.186000,5.2060,0.0049
14.187000,5.2032,0.0048
14.188000,5.1976,0.0048
14.189000,5.1894,0.0048
14.190000,5.1784,0.0048
14.191000,5.1928,0.0048
14.192000,5.2046,0.0048
14.214000,5.2573,0.0047
14.215000,5.2604,0.0047
14.216000,5.2607,0.0047
14.217000,5.2582,0.0047
14.218000,5.2530,0.0047
14.219000,5.2449,0.0047
14.220000,5.2341,0.0047
14.221000,5.2445,0.0046
14.222000,5.2523,0.0046
14.223000,5.2576,0.0046
14.224000,5.2605,0.0046
14.225000,5.2610,0.0046
14.226000,5.2591,0.0046
14.226000,5.0104,0.0041
14.227000,5.0030,0.0040
14.228000,4.9935,0.0040
14.229000,4.9817,0.0040
14.230000,4.9679,0.0040
14.231000,4.9720,0.0039
14.232000,4.9741,0.0039
14.233000,4.9740,0.0039
14.234000,4.9718,0.0039
14.235000,4.9676,0.0038
14.236000,4.9613,0.0038
14.237000,4.9529,0.0038
14.238000,4.9426,0.0037
14.239000,4.9303,0.0037
14.240000,4.9163,0.0037
14.241000,4.9174,0.0037
14.242000,4.9167,0.0037
14.243000,4.9143,0.0037
14.244000,4.9101,0.0038
14.245000,4.9041,0.0038
14.248000,4.8762,0.0038
14.249000,4.8636,0.0037
14.250000,4.8493,0.0037
14.268000,4.8761,0.0031
14.269000,4.8673,0.0031
14.270000,4.8573,0.0031
14.271000,4.8565,0.0031
14.272000,4.8545,0.0030
14.273000,4.8513,0.0030
14.274000,4.8471,0.0030
14.275000,4.8417,0.0030
14.276000,4.8352,0.0030
14.277000,4.8277,0.0030
14.278000,4.8191,0.0030
14.279000,4.8094,0.0030
14.280000,4.7988,0.0030
14.281000,4.7958,0.0030
14.282000,4.7917,0.0030
14.283000,4.7866,0.0030
14.284000,4.7806,0.0030
14.285000,4.7735,0.0029
14.289000,4.7376,0.0028
14.290000,4.7270,0.0028
14.295000,4.6834,0.0027
14.296000,4.6733,0.0027
14.296000,4.9606,0.0024
14.297000,4.9536,0.0024
14.298000,4.9463,0.0023
14.300000,4.9316,0.0023
14.302000,4.9054,0.0022
14.303000,4.8929,0.0022
14.304000,4.8808,0.0022
14.305000,4.8693,0.0022
14.306000,4.8584,0.0022
14.307000,4.8481,0.0022
14.308000,4.8385,0.0022
14.309000,4.8296,0.0022
14.310000,4.8214,0.0021
14.311000,4.8052,0.0022
14.312000,4.7899,0.0022
14.313000,4.7753,0.0022
14.314000,4.7616,0.0022
14.315000,4.7486,0.0023
14.316000,4.7365,0.0023
14.316000,5.1489,0.0030
14.317000,5.1439,0.0030
14.318000,5.1398,0.0030
14.319000,5.1366,0.0030
14.320000,5.1345,0.0030
14.321000,5.1216,0.0030
14.322000,5.1099,0.0029
14.323000,5.0992,0.0029
14.324000,5.0897,0.0029
14.325000,5.0813,0.0029
14.326000,5.0741,0.0028
14.327000,5.0681,0.0028
14.328000,5.0632,0.0028
14.329000,5.0595,0.0028
14.330000,5.0570,0.0028
14.331000,5.0435,0.0028
14.332000,5.0311,0.0029
14.333000,5.0200,0.0029
14.334000,5.0101,0.0029
14.335000,5.0014,0.0029
14.366000,4.6429,0.0018
14.370000,4.6386,0.0017
14.371000,4.6264,0.0017
14.372000,4.6158,0.0017
14.373000,4.6066,0.0017
14.374000,4.5989,0.0018
14.375000,4.5926,0.0018
14.376000,4.5879,0.0018
14.377000,4.5846,0.0018
14.378000,4.5827,0.0018
14.390000,4.5288,0.0020
14.392000,4.5065,0.0020
14.393000,4.4975,0.0020
14.394000,4.4899,0.0020
14.395000,4.4838,0.0021
14.396000,4.4791,0.0021
14.397000,4.4758,0.0021
14.398000,4.4740,0.0022
14.399000,4.4736,0.0022
14.400000,4.4746,0.0022
14.401000,4.4629,0.0022
14.402000,4.4526,0.0023
14.403000,4.4437,0.0023
14.411000,4.4098,0.0023
14.413000,4.3911,0.0022
14.414000,4.3838,0.0022
14.415000,4.3779,0.0022
14.416000,4.3734,0.0021
14.417000,4.3702,0.0021
14.418000,4.3685,0.0021
14.419000,4.3681,0.0021
14.420000,4.3692,0.0022
14.421000,4.3578,0.0022
14.422000,4.3479,0.0022
14.423000,4.3393,0.0022
14.424000,4.3321,0.0022
14.424000,4.8768,0.0023
14.425000,4.8732,0.0023
14.426000,4.8710,0.0023
14.427000,4.8701,0.0023
14.428000,4.8705,0.0023
14.429000,4.8723,0.0023
14.430000,4.8754,0.0023
14.431000,4.8667,0.0023
14.432000,4.8594,0.0023
14.433000,4.8535,0.0023
14.434000,4.8488,0.0023
14.435000,4.8455,0.0023
14.436000,4.8435,0.0023
14.437000,4.8428,0.0023
14.438000,4.8434,0.0023
14.439000,4.8452,0.0023
14.440000,4.8484,0.0023
14.441000,4.8405,0.0023
14.442000,4.8338,0.0023
14.442000,4.8800,0.0028
14.443000,4.8743,0.0028
14.444000,4.8699,0.0028
14.445000,4.8667,0.0028
14.446000,4.8648,0.0028
14.447000,4.8642,0.0028
14.448000,4.8648,0.0028
14.449000,4.8667,0.0028
14.450000,4.8699,0.0028
14.451000,4.8619,0.0028
14.452000,4.8552,0.0028
14.453000,4.8497,0.0028
14.454000,4.8455,0.0028
14.455000,4.8425,0.0027
14.456000,4.8407,0.0027
14.457000,4.8402,0.0027
14.458000,4.8409,0.0027
14.461000,4.8391,0.0026
14.471000,4.8288,0.0025
14.472000,4.8284,0.0025
14.473000,4.8287,0.0025
14.474000,4.8296,0.0025
14.475000,4.8310,0.0025
14.476000,4.8329,0.0025
14.477000,4.7231,0.0033
14.482000,4.7317,0.0033
14.483000,4.7327,0.0033
14.484000,4.7341,0.0033
14.488000,4.7430,0.0035
14.489000,4.7460,0.0035
14.495000,4.7597,0.0035
14.509000,4.8126,0.0035
14.514000,4.8357,0.0035
14.515000,4.8402,0.0035
14.526000,4.9659,0.0036
14.535000,4.9667,0.0034
14.536000,4.9669,0.0034
14.537000,4.9667,0.0034
14.538000,4.9659,0.0034
14.539000,4.9646,0.0034
14.540000,4.9628,0.0034
14.544000,4.9744,0.0034
14.545000,4.9759,0.0034
14.546000,4.9768,0.0034
14.547000,4.9770,0.0034
14.548000,4.9767,0.0034
14.549000,4.9757,0.0034
14.550000,4.9741,0.0034
14.551000,4.9783,0.0034
14.552000,4.9819,0.0034
14.553000,4.9848,0.0034
14.554000,4.9871,0.0034
14.555000,4.9888,0.0034
14.556000,4.9898,0.0034
14.557000,4.9902,0.0034
14.558000,4.9900,0.0034
14.559000,4.9891,0.0034
14.560000,4.9876,0.0034
14.561000,4.9930,0.0034
14.562000,4.9978,0.0034
14.563000,5.0020,0.0034
14.564000,5.0055,0.0034
14.565000,5.0082,0.0035
14.566000,5.0101,0.0035
14.567000,5.0112,0.0035
14.568000,5.0114,0.0036
14.569000,5.0107,0.0036
14.570000,5.0091,0.0037
14.571000,5.0170,0.0037
14.572000,5.0240,0.0038
14.573000,5.0299,0.0038
14.574000,5.0349,0.0039
14.575000,5.0388,0.0039
14.576000,5.0417,0.0040
14.577000,5.0436,0.0040
14.578000,5.0444,0.0040
14.579000,5.0442,0.0041
14.579000,4.8200,0.0029
14.580000,4.8158,0.0029
14.581000,4.8208,0.0029
14.582000,4.8249,0.0030
14.583000,4.8280,0.0030
14.584000,4.8300,0.0030
14.585000,4.8309,0.0030
14.586000,4.8308,0.0030
14.587000,4.8297,0.0030
14.588000,4.8275,0.0031
14.589000,4.8243,0.0031
14.590000,4.8201,0.0031
14.591000,4.8249,0.0031
14.592000,4.8287,0.0031
14.592000,5.0838,0.0036
14.593000,5.0850,0.0036
14.594000,5.0852,0.0036
14.595000,5.0845,0.0036
14.596000,5.0828,0.0036
14.597000,5.0801,0.0036
14.598000,5.0765,0.0036
14.599000,5.0720,0.0036
14.600000,5.0666,0.0036
14.601000,5.0693,0.0036
14.602000,5.0710,0.0036
14.603000,5.0718,0.0036
14.604000,5.0717,0.0036
14.605000,5.0708,0.0036
14.606000,5.0689,0.0036
14.607000,5.0661,0.0036
14.608000,5.0624,0.0036
14.609000,5.0578,0.0036
14.610000,5.0523,0.0036
14.611000,5.0541,0.0036
14.612000,5.0550,0.0036
14.613000,5.0550,0.0036
14.614000,5.0541,0.0036
14.614000,5.0627,0.0032
14.615000,5.0612,0.0032
14.616000,5.0589,0.0032
14.617000,5.0559,0.0031
14.618000,5.0521,0.0031
14.619000,5.0476,0.0031
14.620000,5.0425,0.0031
14.621000,5.0429,0.0031
14.622000,5.0426,0.0031
14.623000,5.0417,0.0031
14.624000,5.0401,0.0031
14.625000,5.0379,0.0031
14.626000,5.0350,0.0031
14.627000,5.0315,0.0031
14.628000,5.0274,0.0031
14.629000,5.0226,0.0031
14.630000,5.0172,0.0031
14.631000,5.0172,0.0030
14.632000,5.0166,0.0030
14.633000,5.0154,0.0030
14.634000,5.0136,0.0030
14.635000,5.0111,0.0030
14.636000,5.0081,0.0029
14.637000,5.0045,0.0029
14.638000,5.0002,0.0029
14.639000,4.9954,0.0029
14.640000,4.9900,0.0029
14.641000,4.9898,0.0029
14.642000,4.9889,0.0029
14.643000,4.9875,0.0029
14.643000,4.8406,0.0043
14.644000,4.8395,0.0043
14.645000,4.8378,0.0043
14.646000,4.8354,0.0043
14.647000,4.8324,0.0043
14.648000,4.8288,0.0043
14.649000,4.8246,0.0043
14.650000,4.8197,0.0043
14.651000,4.8199,0.0043
14.652000,4.8196,0.0043
14.653000,4.8185,0.0043
14.654000,4.8169,0.0043
14.655000,4.8147,0.0043
14.656000,4.8120,0.0043
14.657000,4.8086,0.0043
14.658000,4.8048,0.0043
14.659000,4.8004,0.0043
14.660000,4.7956,0.0043
14.661000,4.7944,0.0043
14.662000,4.7927,0.0043
14.663000,4.7905,0.0043
14.664000,4.7880,0.0043
14.665000,4.7850,0.0042
14.666000,4.7816,0.0042
14.667000,4.7779,0.0042
14.668000,4.7737,0.0041
14.669000,4.7691,0.0041
14.670000,4.7642,0.0041
14.671000,4.7620,0.0040
14.672000,4.7595,0.0040
14.673000,4.7566,0.0040
14.673000,4.8804,0.0045
14.674000,4.8776,0.0045
14.675000,4.8745,0.0044
14.676000,4.8712,0.0044
14.677000,4.8675,0.0044
14.678000,4.8636,0.0043
14.679000,4.8595,0.0043
14.680000,4.8551,0.0042
14.681000,4.8518,0.0042
14.682000,4.8484,0.0041
14.683000,4.8447,0.0041
14.684000,4.8410,0.0041
14.685000,4.8371,0.0040
14.686000,4.8330,0.0040
14.687000,4.8289,0.0040
14.688000,4.8246,0.0040
14.689000,4.8202,0.0040
14.690000,4.8157,0.0040
14.691000,4.8119,0.0040
14.692000,4.8081,0.0040
14.693000,4.8041,0.0040
14.694000,4.8001,0.0040
14.695000,4.7960,0.0040
14.696000,4.7917,0.0040
14.697000,4.7874,0.0040
14.697000,5.0799,0.0050
14.698000,5.0773,0.0050
14.699000,5.0745,0.0050
14.700000,5.0717,0.0050
14.701000,5.0695,0.0050
14.702000,5.0673,0.0050
14.703000,5.0650,0.0050
14.704000,5.0626,0.0050
14.705000,5.0601,0.0050
14.706000,5.0576,0.0050
14.707000,5.0549,0.0051
14.708000,5.0522,0.0051
14.709000,5.0494,0.0051
14.710000,5.0465,0.0051
14.711000,5.0443,0.0052
14.712000,5.0419,0.0052
14.713000,5.0395,0.0052
14.714000,5.0370,0.0052
14.715000,5.0345,0.0052
14.716000,5.0318,0.0052
14.717000,5.0291,0.0052
14.718000,5.0263,0.0052
14.719000,5.0235,0.0052
14.720000,5.0205,0.0052
14.721000,5.0181,0.0052
14.722000,5.0155,0.0052
14.723000,5.0129,0.0052
14.724000,5.0102,0.0052
14.725000,5.0075,0.0052
14.726000,5.0047,0.0051
14.727000,5.0019,0.0051
14.728000,4.9990,0.0051
14.729000,4.9961,0.0051
14.730000,4.9932,0.0052
14.731000,4.9893,0.0052
14.732000,4.9855,0.0052
14.733000,4.9817,0.0051
14.734000,4.9780,0.0051
14.735000,4.9745,0.0052
14.735000,4.7847,0.0038
14.736000,4.7820,0.0038
14.737000,4.7795,0.0038
14.738000,4.7771,0.0037
14.739000,4.7749,0.0037
14.740000,4.7727,0.0037
14.741000,4.7688,0.0037
14.742000,4.7651,0.0036
14.743000,4.7616,0.0036
14.744000,4.7582,0.0036
14.745000,4.7550,0.0036
14.746000,4.7520,0.0035
14.747000,4.7491,0.0035
14.748000,4.7465,0.0035
14.749000,4.7440,0.0035
14.750000,4.7418,0.0035
14.751000,4.7376,0.0034
14.752000,4.7336,0.0034
14.753000,4.7298,0.0034
14.754000,4.7262,0.0034
14.755000,4.7228,0.0033
14.756000,4.7197,0.0033
14.762000,4.6997,0.0033
14.763000,4.6954,0.0033
14.764000,4.6914,0.0032
14.765000,4.6877,0.0032
14.766000,4.6842,0.0033
14.767000,4.6810,0.0033
14.769000,4.6755,0.0033
14.770000,4.6733,0.0033
14.771000,4.6681,0.0033
14.772000,4.6633,0.0033
14.773000,4.6588,0.0033
14.781000,5.2512,0.0053
14.800000,5.2308,0.0050
14.801000,5.2282,0.0050
14.802000,5.2258,0.0050
14.803000,5.2238,0.0050
14.804000,5.2221,0.0049
14.805000,5.2208,0.0049
14.806000,5.2197,0.0049
14.807000,5.2190,0.0049
14.808000,5.2186,0.0049
14.809000,5.2185,0.0050
14.810000,5.2188,0.0050
14.811000,5.2161,0.0050
14.812000,5.2137,0.0050
14.813000,5.2117,0.0050
14.814000,5.2100,0.0050
14.815000,5.2086,0.0050
14.816000,5.2075,0.0050
14.817000,5.2067,0.0050
14.818000,5.2063,0.0050
14.819000,5.2062,0.0050
14.820000,5.2064,0.0050
14.821000,5.2038,0.0050
14.822000,5.2015,0.0050
14.823000,5.1995,0.0051
14.824000,5.1978,0.0050
14.825000,5.1964,0.0050
14.826000,5.1954,0.0050
14.827000,5.1947,0.0050
14.851000,5.3673,0.0077
14.852000,5.3652,0.0077
14.853000,5.3634,0.0077
14.854000,5.3620,0.0077
14.855000,5.3609,0.0076
14.856000,5.3600,0.0076
14.857000,5.3595,0.0076
14.858000,5.3593,0.0076
14.859000,5.3595,0.0076
14.860000,5.3599,0.0076
14.861000,5.3577,0.0076
14.862000,5.3557,0.0076
14.863000,5.3541,0.0076
14.864000,5.3528,0.0076
14.865000,5.3519,0.0075
14.866000,5.3512,0.0075
14.867000,5.3509,0.0075
14.868000,5.3508,0.0075
14.869000,5.3510,0.0075
14.870000,5.3514,0.0075
14.871000,5.3511,0.0075
14.872000,5.3509,0.0075
14.873000,5.3509,0.0075
14.874000,5.3509,0.0075
14.875000,5.3511,0.0075
14.876000,5.3514,0.0075
14.877000,5.3517,0.0075
14.878000,5.3522,0.0075
14.879000,5.3527,0.0075
14.880000,5.3532,0.0075
14.881000,5.3536,0.0075
14.882000,5.3540,0.0075
14.883000,5.3544,0.0074
14.884000,5.3549,0.0074
14.885000,5.3555,0.0074
14.886000,5.3560,0.0074
14.887000,5.3566,0.0074
14.888000,5.3572,0.0074
14.889000,5.3579,0.0074
14.890000,5.3585,0.0074
14.891000,5.3590,0.0074
14.892000,5.3596,0.0073
14.893000,5.3601,0.0073
14.894000,5.3607,0.0073
14.895000,5.3613,0.0073
14.896000,5.3618,0.0073
14.897000,5.3625,0.0073
14.898000,5.3631,0.0073
14.899000,5.3637,0.0073
14.900000,5.3643,0.0073
14.901000,5.3649,0.0073
14.902000,5.3655,0.0072
14.904000,5.4251,0.0063
14.905000,5.4247,0.0063
14.906000,5.4242,0.0063
14.907000,5.4237,0.0063
14.911000,5.4220,0.0062
14.917000,5.3393,0.0057
14.936000,5.3238,0.0054
14.937000,5.3230,0.0054
14.938000,5.3222,0.0054
14.939000,5.3213,0.0053
14.940000,5.3203,0.0053
14.941000,5.3204,0.0053
14.942000,5.3203,0.0052
14.943000,5.3202,0.0052
14.944000,5.3200,0.0052
14.945000,5.3197,0.0051
14.946000,5.3192,0.0051
14.947000,5.3186,0.0051
14.948000,5.3180,0.0051
14.949000,5.3172,0.0051
14.950000,5.3163,0.0050
14.951000,5.3165,0.0050
14.952000,5.3165,0.0050
14.953000,5.3165,0.0050
14.953000,5.0979,0.0041
14.954000,5.0974,0.0041
14.955000,5.0967,0.0041
14.956000,5.0960,0.0041
14.957000,5.0951,0.0041
14.958000,5.0941,0.0041
14.959000,5.0930,0.0041
14.960000,5.0918,0.0040
14.961000,5.0916,0.0040
14.962000,5.0913,0.0040
14.963000,5.0909,0.0040
14.964000,5.0904,0.0040
14.965000,5.0897,0.0039
14.966000,5.0890,0.0039
14.967000,5.0881,0.0039
14.968000,5.0871,0.0038
14.969000,5.0860,0.0038
14.970000,5.0848,0.0038
14.971000,5.0846,0.0037
14.972000,5.0843,0.0037
14.973000,5.0840,0.0037
14.974000,5.0834,0.0036
14.975000,5.0828,0.0036
14.976000,5.0821,0.0036
14.977000,5.0812,0.0036
14.978000,5.0802,0.0036
14.979000,5.0792,0.0035
14.980000,5.0780,0.0035
14.981000,5.0778,0.0035
14.982000,5.0775,0.0035
14.983000,5.0771,0.0035
14.984000,5.0766,0.0035
14.984000,5.1451,0.0041
14.985000,5.1439,0.0041
14.986000,5.1427,0.0041
14.987000,5.1414,0.0041
14.988000,5.1399,0.0041
14.989000,5.1383,0.0041
14.990000,5.1366,0.0041
14.991000,5.1360,0.0041
14.992000,5.1352,0.0040
14.993000,5.1343,0.0040
14.994000,5.1333,0.0040
14.995000,5.1322,0.0040
14.996000,5.1310,0.0040
14.997000,5.1296,0.0040
14.998000,5.1282,0.0040
14.999000,5.1266,0.0040
15.000000,5.1249,0.0041
15.001000,5.1242,0.0041
15.002000,5.1234,0.0041
15.003000,5.1225,0.0041
15.004000,5.1215,0.0042
15.005000,5.1203,0.0042
15.006000,5.1191,0.0042
15.007000,5.1177,0.0042
15.008000,5.1162,0.0041
15.009000,5.1146,0.0041
15.010000,5.1129,0.0040
15.011000,5.1121,0.0040
15.012000,5.1113,0.0040
15.012000,5.0964,0.0043
15.013000,5.0953,0.0043
15.014000,5.0942,0.0042
15.015000,5.0929,0.0042
15.016000,5.0916,0.0042
15.017000,5.0901,0.0042
15.018000,5.0885,0.0042
15.019000,5.0868,0.0042
15.020000,5.0850,0.0041
15.021000,5.0838,0.0041
15.022000,5.0826,0.0041
15.023000,5.0812,0.0040
15.024000,5.0798,0.0040
15.025000,5.0782,0.0040
15.026000,5.0766,0.0040
15.027000,5.0750,0.0040
15.028000,5.0733,0.0040
15.029000,5.0715,0.0040
15.030000,5.0697,0.0040
15.031000,5.0678,0.0040
15.032000,5.0658,0.0040
15.033000,5.0639,0.0041
15.034000,5.0619,0.0041
15.035000,5.0599,0.0041
15.036000,5.0579,0.0041
15.037000,5.0560,0.0041
15.038000,5.0540,0.0041
15.039000,5.0521,0.0041
15.039000,5.1107,0.0024
15.040000,5.1091,0.0025
15.041000,5.1065,0.0025
15.042000,5.1040,0.0025
15.043000,5.1015,0.0025
15.044000,5.0991,0.0025
15.045000,5.0968,0.0024
15.046000,5.0946,0.0024
15.047000,5.0925,0.0024
15.048000,5.0906,0.0024
15.049000,5.0888,0.0023
15.050000,5.0872,0.0023
15.051000,5.0832,0.0023
15.052000,5.0794,0.0023
15.053000,5.0758,0.0023
15.054000,5.0724,0.0023
15.055000,5.0692,0.0023
15.056000,5.0663,0.0022
15.057000,5.0636,0.0022
15.058000,5.0613,0.0022
15.059000,5.0592,0.0022
15.060000,5.0575,0.0022
15.061000,5.0517,0.0022
15.062000,5.0464,0.0022
15.107000,4.6628,0.0025
15.108000,4.6575,0.0025
15.109000,4.6538,0.0025
15.110000,4.6518,0.0025
15.111000,4.6328,0.0025
15.112000,4.6155,0.0025
15.113000,4.6000,0.0026
15.114000,4.5862,0.0026
15.115000,4.5743,0.0026
15.116000,4.5642,0.0026
15.117000,4.5560,0.0026
15.118000,4.5496,0.0026
15.119000,4.5453,0.0027
15.120000,4.5429,0.0027
15.121000,4.5203,0.0027
15.122000,4.4998,0.0027
15.123000,4.4814,0.0028
15.124000,4.4651,0.0028
15.125000,4.4510,0.0028
15.126000,4.4391,0.0028
15.127000,4.4294,0.0028
15.128000,4.4220,0.0029
15.129000,4.4169,0.0029
15.130000,4.4141,0.0029
15.131000,4.3877,0.0029
15.132000,4.3638,0.0029
15.133000,4.3424,0.0029
15.134000,4.3235,0.0029
15.135000,4.3071,0.0030
15.136000,4.2933,0.0030
15.137000,4.2821,0.0030
15.138000,4.2736,0.0030
15.139000,4.2677,0.0030
15.140000,4.2646,0.0030
15.141000,4.2342,0.0030
15.142000,4.2067,0.0030
15.143000,4.1820,0.0030
15.144000,4.1603,0.0030
15.145000,4.1415,0.0030
15.146000,4.1257,0.0030
15.147000,4.1129,0.0030
15.148000,4.1031,0.0029
15.149000,4.0965,0.0029
15.150000,4.0929,0.0029
15.151000,4.0584,0.0029
15.152000,4.0271,0.0029
15.153000,3.9991,0.0029
15.154000,3.9744,0.0029
15.155000,3.9531,0.0029
15.156000,3.9352,0.0029
15.156000,5.0474,0.0040
15.157000,5.0486,0.0040
15.158000,5.0533,0.0040
15.159000,5.0617,0.0040
15.160000,5.0736,0.0040
15.161000,5.0500,0.0040
15.162000,5.0301,0.0040
15.163000,5.0139,0.0040
15.164000,5.0016,0.0040
15.165000,4.9932,0.0040
15.166000,4.9887,0.0041
15.167000,4.9881,0.0041
15.168000,4.9915,0.0041
15.169000,4.9989,0.0041
15.170000,5.0103,0.0042
15.171000,4.9843,0.0042
15.172000,4.9624,0.0042
15.173000,4.9446,0.0042
15.174000,4.9308,0.0043
15.175000,4.9212,0.0043
15.176000,4.9157,0.0043
15.191000,4.8330,0.0043
15.203000,5.0874,0.0036
15.205000,5.0745,0.0036
15.206000,5.0740,0.0036
15.207000,5.0773,0.0036
15.208000,5.0846,0.0036
15.209000,5.0958,0.0036
15.210000,5.1109,0.0036
15.211000,5.0911,0.0036
15.212000,5.0751,0.0036
15.213000,5.0631,0.0036
15.214000,5.0549,0.0036
15.215000,5.0507,0.0036
15.216000,5.0503,0.0036
15.217000,5.0538,0.0035
15.218000,5.0612,0.0035
15.219000,5.0724,0.0035
15.220000,5.0876,0.0035
15.221000,5.0679,0.0035
15.222000,5.0521,0.0034
15.223000,5.0402,0.0034
15.224000,5.0322,0.0034
15.225000,5.0280,0.0034
15.226000,5.0277,0.0034
15.227000,5.0313,0.0034
15.228000,5.0387,0.0034
15.229000,5.0500,0.0033
15.230000,5.0651,0.0033
15.231000,5.0457,0.0033
15.232000,5.0302,0.0033
15.233000,5.0185,0.0033
15.234000,5.0106,0.0033
15.235000,5.0065,0.0033
15.236000,5.0063,0.0032
15.237000,5.0100,0.0032
15.238000,5.0174,0.0032
15.239000,5.0287,0.0032
15.240000,5.0439,0.0032
15.241000,5.0247,0.0031
15.242000,5.0093,0.0031
15.243000,4.9978,0.0031
15.244000,4.9901,0.0031
15.245000,4.9863,0.0031
15.246000,4.9862,0.0030
15.247000,4.9900,0.0030
15.248000,4.9976,0.0030
15.249000,5.0090,0.0029
15.250000,5.0242,0.0029
15.251000,5.0053,0.0029
15.252000,4.9903,0.0029
15.253000,4.9791,0.0029
15.254000,4.9716,0.0029
15.255000,4.9680,0.0029
15.256000,4.9681,0.0029
15.256000,5.0442,0.0026
15.257000,5.0480,0.0026
15.257000,5.4031,0.0024
15.258000,5.4103,0.0024
15.259000,5.4212,0.0023
15.260000,5.4358,0.0023
15.261000,5.4175,0.0023
15.262000,5.4030,0.0023
15.263000,5.3921,0.0022
15.264000,5.3849,0.0022
15.265000,5.3813,0.0022
15.266000,5.3813,0.0022
15.267000,5.3850,0.0022
15.268000,5.3923,0.0022
15.269000,5.4033,0.0022
15.270000,5.4179,0.0022
15.271000,5.4001,0.0022
15.272000,5.3859,0.0022
15.273000,5.3753,0.0022
15.274000,5.3684,0.0022
15.275000,5.3651,0.0022
15.276000,5.3653,0.0022
15.277000,5.3692,0.0022
15.278000,5.3766,0.0022
15.279000,5.3876,0.0022
15.280000,5.4022,0.0022
15.280000,5.7270,0.0004
15.281000,5.7101,0.0004
15.282000,5.6967,0.0004
15.283000,5.6868,0.0004
15.284000,5.6803,0.0004
15.285000,5.6773,0.0004
15.286000,5.6777,0.0004
15.287000,5.6816,0.0004
15.288000,5.6889,0.0004
15.289000,5.6996,0.0004
15.290000,5.7138,0.0004
15.291000,5.6971,0.0003
15.292000,5.6839,0.0003
15.293000,5.6741,0.0003
15.294000,5.6677,0.0003
15.295000,5.6648,0.0003
15.296000,5.6652,0.0002
15.297000,5.6691,0.0002
15.298000,5.6764,0.0002
15.299000,5.6871,0.0002
15.300000,5.7013,0.0001
15.301000,5.6849,0.0001
15.302000,5.6720,0.0001
15.303000,5.6625,0.0001
15.304000,5.6564,0.0000
15.305000,5.6537,0.0000
15.305000,5.9609,0.0014
15.306000,5.9617,0.0014
15.307000,5.9657,0.0014
15.308000,5.9730,0.0014
15.309000,5.9836,0.0014
15.310000,5.9975,0.0015
15.311000,5.9820,0.0015
15.312000,5.9699,0.0015
15.358000,5.9536,0.0009
15.359000,5.9643,0.0009
15.360000,5.9781,0.0009
15.361000,5.9647,0.0009
15.362000,5.9544,0.0009
15.363000,5.9471,0.0009
15.364000,5.9429,0.0009
15.365000,5.9417,0.0010
15.366000,5.9434,0.0010
15.367000,5.9482,0.0010
15.368000,5.9560,0.0010
15.369000,5.9668,0.0010
15.370000,5.9806,0.0011
15.371000,5.9677,0.0011
15.372000,5.9578,0.0011
15.373000,5.9509,0.0011
15.374000,5.9469,0.0011
15.375000,5.9459,0.0011
15.376000,5.9479,0.0011
15.377000,5.9529,0.0011
15.378000,5.9608,0.0011
15.379000,5.9716,0.0011
15.380000,5.9854,0.0011
15.381000,5.9728,0.0011
15.382000,5.9632,0.0012
15.383000,5.9565,0.0012
15.384000,5.9528,0.0012
15.385000,5.9519,0.0013
15.386000,5.9540,0.0013
15.387000,5.9590,0.0013
15.388000,5.9669,0.0013
15.389000,5.9778,0.0014
15.390000,5.9915,0.0014
15.391000,5.9792,0.0014
15.392000,5.9699,0.0014
15.393000,5.9634,0.0014
15.394000,5.9599,0.0014
15.395000,5.9592,0.0014
15.396000,5.9614,0.0014
15.397000,5.9665,0.0014
15.398000,5.9745,0.0014
15.399000,5.9854,0.0014
15.400000,5.9991,0.0014
15.401000,5.9872,0.0014
15.402000,5.9781,0.0014
15.403000,5.9719,0.0014
15.404000,5.9686,0.0014
15.405000,5.9681,0.0014
15.406000,5.9705,0.0015
15.407000,5.9757,0.0015
15.407000,6.3427,0.0099
15.408000,6.3496,0.0099
15.409000,6.3593,0.0099
15.410000,6.3716,0.0099
15.411000,6.3598,0.0100
15.412000,6.3508,0.0100
15.413000,6.3444,0.0100
15.414000,6.3407,0.0101
15.415000,6.3397,0.0101
15.416000,6.3414,0.0101
15.417000,6.3458,0.0102
15.418000,6.3528,0.0102
15.419000,6.3625,0.0102
15.420000,6.3749,0.0102
15.421000,6.3635,0.0102
15.422000,6.3547,0.0102
15.423000,6.3486,0.0102
15.424000,6.3452,0.0102
15.425000,6.3444,0.0102
15.426000,6.3463,0.0102
15.427000,6.3508,0.0102
15.428000,6.3579,0.0102
15.429000,6.3676,0.0103
15.430000,6.3800,0.0103
15.431000,6.3689,0.0103
15.432000,6.3605,0.0103
15.433000,6.3547,0.0103
15.434000,6.3515,0.0103
15.435000,6.3509,0.0104
15.436000,6.3529,0.0104
15.437000,6.3575,0.0104
15.438000,6.3646,0.0104
15.439000,6.3744,0.0104
15.440000,6.3868,0.0104
15.441000,6.3760,0.0104
15.442000,6.3678,0.0104
15.443000,6.3623,0.0104
15.444000,6.3592,0.0104
15.445000,6.3588,0.0104
15.446000,6.3609,0.0104
15.447000,6.3655,0.0104
15.450000,6.3948,0.0104
15.452000,6.3764,0.0104
15.453000,6.3710,0.0105
15.454000,6.3682,0.0105
15.455000,6.3679,0.0105
15.456000,6.3701,0.0105
15.457000,6.3749,0.0105
15.458000,6.3821,0.0106
15.459000,6.3919,0.0106
15.460000,6.4042,0.0106
15.461000,6.3941,0.0106
15.462000,6.3864,0.0107
15.463000,6.3813,0.0107
15.464000,6.3787,0.0107
15.465000,6.3786,0.0107
15.466000,6.3810,0.0107
15.467000,6.3858,0.0107
15.468000,6.3932,0.0108
15.469000,6.4031,0.0108
15.470000,6.4154,0.0108
15.471000,6.4057,0.0108
15.472000,6.3984,0.0108
15.473000,6.3937,0.0108
15.474000,6.3913,0.0108
15.475000,6.3915,0.0108
15.476000,6.3941,0.0108
15.477000,6.3991,0.0109
15.478000,6.4065,0.0109
15.479000,6.4164,0.0109
15.480000,6.4287,0.0109
15.481000,6.4194,0.0109
15.482000,6.4125,0.0109
15.483000,6.4080,0.0109
15.484000,6.4059,0.0110
15.485000,6.4063,0.0110
15.486000,6.4090,0.0110
15.487000,6.4141,0.0110
15.488000,6.4216,0.0110
15.489000,6.4315,0.0110
15.490000,6.4438,0.0110
15.491000,6.4347,0.0110
15.492000,6.4280,0.0110
15.493000,6.4237,0.0110
15.494000,6.4218,0.0110
15.495000,6.4222,0.0110
15.496000,6.4250,0.0110
15.497000,6.4302,0.0110
15.498000,6.4377,0.0110
15.499000,6.4477,0.0111
15.500000,6.4599,0.0111
15.500000,6.4365,0.0102
15.501000,6.4272,0.0102
15.501000,6.4042,0.0114
15.502000,6.3971,0.0115
15.503000,6.3923,0.0115
15.504000,6.3898,0.0115
15.505000,6.3895,0.0115
15.506000,6.3915,0.0115
15.507000,6.3957,0.0115
15.508000,6.4021,0.0115
15.509000,6.4108,0.0115
15.510000,6.4218,0.0115
15.511000,6.4129,0.0115
15.512000,6.4063,0.0115
15.513000,6.4020,0.0115
15.514000,6.3998,0.0115
15.515000,6.3999,0.0115
15.516000,6.4021,0.0115
15.517000,6.4066,0.0115
15.518000,6.4132,0.0115
15.519000,6.4219,0.0115
15.520000,6.4328,0.0116
15.521000,6.4245,0.0116
15.522000,6.4183,0.0116
15.523000,6.4143,0.0116
15.524000,6.4124,0.0116
15.525000,6.4127,0.0116
15.526000,6.4151,0.0117
15.527000,6.4197,0.0117
15.528000,6.4264,0.0117
15.529000,6.4352,0.0117
15.530000,6.4462,0.0117
15.531000,6.4383,0.0118
15.532000,6.4325,0.0118
15.533000,6.4289,0.0118
15.534000,6.4273,0.0118
15.535000,6.4279,0.0119
15.536000,6.4306,0.0119
15.537000,6.4353,0.0119
15.538000,6.4422,0.0120
15.539000,6.4511,0.0120
15.540000,6.4621,0.0120
15.541000,6.4545,0.0121
15.542000,6.4489,0.0121
15.543000,6.4454,0.0121
15.544000,6.4441,0.0122
15.544000,6.9086,0.0240
15.545000,6.9100,0.0240
15.546000,6.9133,0.0241
15.547000,6.9186,0.0241
15.548000,6.9258,0.0242
15.549000,6.9350,0.0242
15.550000,6.9462,0.0242
15.551000,6.9398,0.0243
15.552000,6.9355,0.0243
15.553000,6.9331,0.0243
15.554000,6.9326,0.0243
15.555000,6.9341,0.0243
15.556000,6.9375,0.0243
15.557000,6.9428,0.0243
15.558000,6.9501,0.0243
15.559000,6.9593,0.0243
15.560000,6.9705,0.0243
15.561000,6.9643,0.0243
15.562000,6.9601,0.0243
15.563000,6.9579,0.0243
15.563000,7.4624,0.0344
15.564000,7.4625,0.0344
15.564000,7.9278,0.0417
15.565000,7.9303,0.0417
15.566000,7.9346,0.0417
15.567000,7.9409,0.0417
15.568000,7.9490,0.0417
15.569000,7.9591,0.0417
15.570000,7.9711,0.0416
15.571000,7.9660,0.0416
15.572000,7.9629,0.0416
15.573000,7.9617,0.0416
15.574000,7.9624,0.0417
15.575000,7.9650,0.0417
15.576000,7.9694,0.0418
15.577000,7.9758,0.0418
15.578000,7.9840,0.0418
15.579000,7.9941,0.0418
15.580000,8.0061,0.0418
15.581000,8.0013,0.0418
15.582000,7.9984,0.0419
15.583000,7.9974,0.0418
15.584000,7.9982,0.0418
15.585000,8.0009,0.0419
15.586000,8.0055,0.0419
15.587000,8.0119,0.0419
15.588000,8.0201,0.0419
15.589000,8.0302,0.0419
15.590000,8.0422,0.0419
15.592000,8.0349,0.0419
15.599000,8.0673,0.0420
15.601000,8.0750,0.0421
15.601000,8.3488,0.0458
15.602000,8.3466,0.0458
15.603000,8.3462,0.0458
15.604000,8.3476,0.0459
15.605000,8.3508,0.0459
15.605000,8.5068,0.0493
15.606000,8.5119,0.0494
15.607000,8.5188,0.0494
15.608000,8.5274,0.0494
15.609000,8.5378,0.0495
15.610000,8.5500,0.0495
15.611000,8.5465,0.0495
15.612000,8.5448,0.0495
15.613000,8.5449,0.0496
15.614000,8.5467,0.0496
15.615000,8.5503,0.0496
15.616000,8.5556,0.0496
15.617000,8.5626,0.0496
15.618000,8.5713,0.0496
15.619000,8.5818,0.0497
15.620000,8.5940,0.0497
15.621000,8.5909,0.0497
15.622000,8.5896,0.0497
15.623000,8.5899,0.0498
15.624000,8.5920,0.0498
15.625000,8.5958,0.0499
15.626000,8.6013,0.0499
15.627000,8.6084,0.0500
15.628000,8.6172,0.0500
15.629000,8.6278,0.0500
15.630000,8.6400,0.0501
15.631000,8.6371,0.0501
15.632000,8.6360,0.0501
15.633000,8.6365,0.0502
15.634000,8.6387,0.0502
15.635000,8.6426,0.0502
15.636000,8.6482,0.0503
15.637000,8.6554,0.0503
15.638000,8.6643,0.0503
15.639000,8.6749,0.0503
15.640000,8.6871,0.0503
15.641000,8.6845,0.0503
15.642000,8.6836,0.0503
15.643000,8.6843,0.0503
15.644000,8.6867,0.0503
15.645000,8.6907,0.0503
15.646000,8.6964,0.0503
15.647000,8.7038,0.0503
15.648000,8.7127,0.0503
15.649000,8.7234,0.0503
15.649000,8.6960,0.0411
15.650000,8.7080,0.0412
15.651000,8.7050,0.0412
15.652000,8.7037,0.0412
15.653000,8.7041,0.0413
15.654000,8.7062,0.0413
15.655000,8.7099,0.0413
15.656000,8.7153,0.0413
15.657000,8.7224,0.0414
15.658000,8.7311,0.0414
15.659000,8.7414,0.0414
15.660000,8.7534,0.0414
15.661000,8.7508,0.0414
15.662000,8.7498,0.0414
15.663000,8.7504,0.0414
15.664000,8.7527,0.0414
15.665000,8.7567,0.0414
15.666000,8.7622,0.0414
15.667000,8.7694,0.0414
15.668000,8.7782,0.0414
15.669000,8.7887,0.0414
15.670000,8.8007,0.0414
15.671000,8.7986,0.0414
15.671000,8.7889,0.0398
15.672000,8.7881,0.0398
15.673000,8.7890,0.0398
15.674000,8.7915,0.0399
15.675000,8.7955,0.0399
15.676000,8.8012,0.0399
15.677000,8.8085,0.0399
15.678000,8.8173,0.0399
15.679000,8.8276,0.0399
15.680000,8.8393,0.0399
15.681000,8.8391,0.0399
15.682000,8.8402,0.0399
15.683000,8.8427,0.0399
15.684000,8.8465,0.0398
15.685000,8.8516,0.0398
15.686000,8.8581,0.0398
15.687000,8.8660,0.0399
15.688000,8.8752,0.0399
15.689000,8.8859,0.0399
15.690000,8.8980,0.0399
15.691000,8.8966,0.0399
15.692000,8.8968,0.0398
15.693000,8.8983,0.0398
15.693000,9.1222,0.0501
15.694000,9.1258,0.0501
15.695000,9.1307,0.0501
15.696000,9.1370,0.0501
15.697000,9.1447,0.0501
15.698000,9.1538,0.0501
15.699000,9.1643,0.0501
15.700000,9.1763,0.0501
15.701000,9.1754,0.0501
15.702000,9.1760,0.0501
15.703000,9.1780,0.0502
15.704000,9.1815,0.0502
15.705000,9.1863,0.0502
15.706000,9.1926,0.0502
15.707000,9.2002,0.0502
15.708000,9.2093,0.0502
15.709000,9.2197,0.0503
15.710000,9.2316,0.0503
15.711000,9.2318,0.0503
15.712000,9.2335,0.0503
15.712000,9.5176,0.0562
15.713000,9.5208,0.0562
15.714000,9.5253,0.0562
15.715000,9.5311,0.0562
15.716000,9.5381,0.0562
15.717000,9.5463,0.0562
15.718000,9.5557,0.0562
15.719000,9.5663,0.0563
15.720000,9.5781,0.0563
15.721000,9.5787,0.0563
15.722000,9.5804,0.0563
15.723000,9.5835,0.0563
15.724000,9.5878,0.0563
15.725000,9.5933,0.0564
15.726000,9.6002,0.0564
15.727000,9.6084,0.0564
15.728000,9.6178,0.0564
15.729000,9.6286,0.0564
15.730000,9.6407,0.0565
15.731000,9.6406,0.0565
15.732000,9.6419,0.0565
15.733000,9.6445,0.0565
15.734000,9.6484,0.0566
15.735000,9.6537,0.0566
15.736000,9.6603,0.0566
15.737000,9.6683,0.0566
15.738000,9.6775,0.0567
15.739000,9.6881,0.0567
15.740000,9.7001,0.0567
15.741000,9.6999,0.0567
15.742000,9.7011,0.0567
15.743000,9.7036,0.0568
15.744000,9.7075,0.0568
15.745000,9.7127,0.0568
15.746000,9.7192,0.0569
15.754000,9.7663,0.0573
15.755000,9.7716,0.0573
15.756000,9.7781,0.0573
15.757000,9.7860,0.0574
15.758000,9.7952,0.0574
15.759000,9.8058,0.0574
15.760000,9.8177,0.0574
15.760000,10.0074,0.0617
15.761000,10.0078,0.0617
15.762000,10.0095,0.0617
15.763000,10.0126,0.0617
15.764000,10.0169,0.0617
15.765000,10.0226,0.0617
15.766000,10.0295,0.0617
15.767000,10.0377,0.0617
15.768000,10.0473,0.0617
15.769000,10.0581,0.0617
15.770000,10.0702,0.0617
15.792000,10.2168,0.0623
15.793000,10.2206,0.0623
15.794000,10.2256,0.0623
15.795000,10.2318,0.0624
15.796000,10.2393,0.0624
15.797000,10.2479,0.0624
15.798000,10.2578,0.0625
15.799000,10.2689,0.0625
15.800000,10.2811,0.0625
15.812000,10.3531,0.0630
15.813000,10.3570,0.0630
15.814000,10.3620,0.0630
15.815000,10.3683,0.0631
15.816000,10.3758,0.0631
15.817000,10.3845,0.0632
15.818000,10.3944,0.0632
15.819000,10.4055,0.0632
15.820000,10.4178,0.0633
15.821000,10.4193,0.0633
15.822000,10.4221,0.0633
15.823000,10.4261,0.0633
15.824000,10.4312,0.0633
15.825000,10.4376,0.0633
15.826000,10.4452,0.0634
15.827000,10.4540,0.0634
15.828000,10.4639,0.0634
15.829000,10.4751,0.0634
15.830000,10.4874,0.0634
15.831000,10.4911,0.0634
15.832000,10.4960,0.0635
15.833000,10.5021,0.0635
15.834000,10.5094,0.0635
15.835000,10.5178,0.0635
15.836000,10.5275,0.0635
15.837000,10.5381,0.0635
15.838000,10.5495,0.0635
15.839000,10.5613,0.0635
15.839000,10.5922,0.0610
15.840000,10.6040,0.0610
15.840000,10.7406,0.0550
15.841000,10.7571,0.0551
15.842000,10.7736,0.0551
15.843000,10.7898,0.0551
15.844000,10.8059,0.0551
15.845000,10.8216,0.0551
15.846000,10.8369,0.0551
15.847000,10.8519,0.0552
15.848000,10.8665,0.0552
15.849000,10.8806,0.0552
15.850000,10.8943,0.0552
15.851000,10.9173,0.0553
15.852000,10.9398,0.0553
15.853000,10.9621,0.0553
15.854000,10.9839,0.0554
15.855000,11.0054,0.0554
15.856000,11.0263,0.0555
15.857000,11.0460,0.0555
15.858000,11.0640,0.0555
15.859000,11.0799,0.0556
15.859000,10.6832,0.0409
15.860000,10.6875,0.0410
15.861000,10.7255,0.0410
15.862000,10.7607,0.0410
15.863000,10.7930,0.0411
15.864000,10.8220,0.0411
15.865000,10.8477,0.0412
15.866000,10.8699,0.0412
15.867000,10.8885,0.0412
15.868000,10.9033,0.0412
15.869000,10.9143,0.0412
15.870000,10.9216,0.0413
15.871000,10.9641,0.0413
15.872000,11.0030,0.0413
15.873000,11.0381,0.0414
15.874000,11.0695,0.0414
15.875000,11.0970,0.0414
15.876000,11.1207,0.0414
15.877000,11.1405,0.0414
15.878000,11.1564,0.0415
15.879000,11.1685,0.0415
15.880000,11.1767,0.0415
15.881000,11.2176,0.0416
15.882000,11.2548,0.0416
15.883000,11.2884,0.0416
15.884000,11.3183,0.0417
15.885000,11.3445,0.0417
15.886000,11.3671,0.0417
15.887000,11.3860,0.0418
15.888000,11.4012,0.0418
15.889000,11.4128,0.0418
15.890000,11.4209,0.0419
15.891000,11.4607,0.0419
15.892000,11.4971,0.0420
15.893000,11.5299,0.0420
15.894000,11.5591,0.0420
15.895000,11.5847,0.0420
15.896000,11.6067,0.0421
15.897000,11.6251,0.0421
15.898000,11.6399,0.0421
15.899000,11.6511,0.0421
15.900000,11.6588,0.0422
15.901000,11.6973,0.0422
15.902000,11.7324,0.0422
15.903000,11.7642,0.0422
15.904000,11.7925,0.0422
15.905000,11.8174,0.0422
15.906000,11.8390,0.0422
15.919000,12.1493,0.0425
15.920000,12.1570,0.0425
15.921000,12.2046,0.0425
15.922000,12.2479,0.0426
15.923000,12.2870,0.0426
15.924000,12.3217,0.0426
15.925000,12.3520,0.0427
15.926000,12.3779,0.0427
15.927000,12.3993,0.0427
15.928000,12.4163,0.0428
15.929000,12.4287,0.0428
15.930000,12.4367,0.0429
15.931000,12.4850,0.0429
15.932000,12.5290,0.0429
15.933000,12.5685,0.0430
15.934000,12.6036,0.0430
15.935000,12.6343,0.0431
15.936000,12.6604,0.0431
15.937000,12.6820,0.0431
15.938000,12.6990,0.0432
15.939000,12.7115,0.0432
15.940000,12.7194,0.0433
15.941000,12.7681,0.0433
15.942000,12.8124,0.0434
15.943000,12.8522,0.0434
15.944000,12.8875,0.0434
15.945000,12.9183,0.0434
15.946000,12.9445,0.0435
15.947000,12.9661,0.0435
15.948000,12.9832,0.0435
15.949000,12.9956,0.0435
15.950000,13.0034,0.0435
15.951000,13.0523,0.0435
15.952000,13.0968,0.0435
15.953000,13.1367,0.0436
15.954000,13.1721,0.0436
15.955000,13.2029,0.0437
15.956000,13.2291,0.0437
15.957000,13.2507,0.0437
15.958000,13.2677,0.0438
15.959000,13.2800,0.0438
15.960000,13.2878,0.0438
15.961000,13.3368,0.0439
15.962000,13.3813,0.0439
15.963000,13.4213,0.0439
15.963000,11.0404,0.0174
15.964000,11.0528,0.0174
15.965000,11.0613,0.0174
15.966000,11.0660,0.0174
15.967000,11.0669,0.0174
15.968000,11.0640,0.0175
15.969000,11.0573,0.0175
15.970000,11.0469,0.0175
15.971000,11.0702,0.0175
15.972000,11.0898,0.0175
15.973000,11.1056,0.0175
15.974000,11.1177,0.0176
15.975000,11.1260,0.0176
15.976000,11.1305,0.0176
15.977000,11.1312,0.0176
15.978000,11.1282,0.0176
15.979000,11.1215,0.0176
15.980000,11.1110,0.0176
15.980000,11.0410,0.0025
15.981000,11.0653,0.0025
15.982000,11.0857,0.0025
15.983000,11.1021,0.0025
15.984000,11.1145,0.0025
15.985000,11.1229,0.0026
15.986000,11.1274,0.0026
15.987000,11.1278,0.0026
15.988000,11.1244,0.0026
15.989000,11.1169,0.0026
15.990000,11.1056,0.0027
15.991000,11.1295,0.0027
15.992000,11.1495,0.0027
15.993000,11.1656,0.0027
15.994000,11.1778,0.0027
15.995000,11.1860,0.0027
15.996000,11.1903,0.0027
15.997000,11.1906,0.0028
15.998000,11.1870,0.0028
15.999000,11.1795,0.0028
16.000000,11.1681,0.0028
16.000000,11.0268,0.0071
16.001000,11.0509,0.0071
16.002000,11.0711,0.0071
16.003000,11.0874,0.0071
16.004000,11.0997,0.0071
16.005000,11.1081,0.0070
16.006000,11.1125,0.0070
16.007000,11.1130,0.0070
16.008000,11.1095,0.0069
16.009000,11.1021,0.0069
16.010000,11.0908,0.0069
16.011000,11.1145,0.0069
16.012000,11.1344,0.0069
16.013000,11.1503,0.0069
16.014000,11.1623,0.0069
16.015000,11.1704,0.0069
16.016000,11.1746,0.0069
16.017000,11.1749,0.0069
16.018000,11.1713,0.0069
16.019000,11.1638,0.0068
16.019000,11.1441,0.0210
16.020000,11.1323,0.0210
16.061000,11.4030,0.0200
16.062000,11.4223,0.0200
16.063000,11.4378,0.0200
16.064000,11.4493,0.0199
16.065000,11.4570,0.0199
16.066000,11.4607,0.0199
16.067000,11.4606,0.0199
16.068000,11.4566,0.0199
16.079000,11.5042,0.0198
16.080000,11.4925,0.0198
16.117000,11.7169,0.0193
16.122000,11.7306,0.0193
16.123000,11.7442,0.0193
16.124000,11.7542,0.0193
16.125000,11.7605,0.0193
16.126000,11.7632,0.0193
16.127000,11.7623,0.0193
16.128000,11.7577,0.0193
16.129000,11.7496,0.0193
16.129000,11.4522,0.0389
16.130000,11.4415,0.0389
16.131000,11.4643,0.0389
16.132000,11.4834,0.0389
16.133000,11.4988,0.0388
16.134000,11.5104,0.0388
16.135000,11.5183,0.0388
16.136000,11.5225,0.0388
16.137000,11.5230,0.0388
16.138000,11.5197,0.0388
16.139000,11.5127,0.0388
16.140000,11.5020,0.0387
16.141000,11.5246,0.0387
16.142000,11.5435,0.0387
16.143000,11.5587,0.0386
16.144000,11.5703,0.0386
16.145000,11.5781,0.0386
16.146000,11.5822,0.0386
16.147000,11.5826,0.0386
16.148000,11.5793,0.0385
16.149000,11.5723,0.0385
16.150000,11.5617,0.0384
16.151000,11.5840,0.0384
16.152000,11.6026,0.0384
16.153000,11.6176,0.0384
16.154000,11.6289,0.0383
16.155000,11.6365,0.0383
16.156000,11.6405,0.0383
16.157000,11.6408,0.0383
16.158000,11.6375,0.0382
16.159000,11.6305,0.0382
16.160000,11.6199,0.0383
16.161000,11.6419,0.0382
16.162000,11.6603,0.0382
16.163000,11.6751,0.0382
16.164000,11.6862,0.0382
16.165000,11.6937,0.0382
16.166000,11.6976,0.0381
16.167000,11.6978,0.0381
16.168000,11.6945,0.0381
16.169000,11.6875,0.0381
16.170000,11.6770,0.0381
16.170000,11.5320,0.0442
16.171000,11.5541,0.0442
16.172000,11.5727,0.0442
16.173000,11.5879,0.0442
16.174000,11.5995,0.0441
16.175000,11.6076,0.0441
16.176000,11.6122,0.0441
16.177000,11.6132,0.0441
16.178000,11.6108,0.0441
16.179000,11.6049,0.0441
16.179000,11.3604,0.0577
16.180000,11.3505,0.0577
16.181000,11.3734,0.0577
16.182000,11.3926,0.0577
16.183000,11.4081,0.0577
16.184000,11.4201,0.0577
16.185000,11.4284,0.0576
16.186000,11.4330,0.0576
16.187000,11.4340,0.0576
16.188000,11.4314,0.0576
16.189000,11.4252,0.0576
16.190000,11.4155,0.0576
16.227000,11.6831,0.0568
16.228000,11.6803,0.0568
16.229000,11.6741,0.0568
16.230000,11.6644,0.0568
16.231000,11.6859,0.0568
16.232000,11.7040,0.0569
16.233000,11.7185,0.0569
16.234000,11.7296,0.0569
16.238000,11.7392,0.0568
16.239000,11.7330,0.0568
16.240000,11.7233,0.0568
16.241000,11.7445,0.0568
16.242000,11.7623,0.0567
16.243000,11.7766,0.0567
16.262000,11.8753,0.0566
16.263000,11.8892,0.0566
16.264000,11.8998,0.0566
16.265000,11.9070,0.0566
16.266000,11.9108,0.0566
16.281000,11.5774,0.0628
16.282000,11.5957,0.0628
16.299000,11.6901,0.0628
16.300000,11.6810,0.0628
16.328000,11.8742,0.0627
16.329000,11.8684,0.0627
16.338000,11.9313,0.0627
16.339000,11.9256,0.0626
16.340000,11.9166,0.0626
16.341000,11.9368,0.0626
16.342000,11.9537,0.0626
16.345000,11.9851,0.0625
16.349000,11.7102,0.0691
16.354000,11.7647,0.0691
16.361000,11.7805,0.0690
16.366000,11.8339,0.0688
16.368000,11.8321,0.0688
16.369000,11.8263,0.0688
16.370000,11.8171,0.0688
16.371000,11.8375,0.0688
16.372000,11.8546,0.0687
16.373000,11.8684,0.0687
16.374000,11.8789,0.0687
16.375000,11.8861,0.0687
16.376000,11.8901,0.0686
16.377000,11.8908,0.0686
16.378000,11.8882,0.0686
16.379000,11.8823,0.0686
16.380000,11.8732,0.0686
16.381000,11.8933,0.0686
16.382000,11.9103,0.0686
16.382000,12.3457,0.0812
16.383000,12.3605,0.0812
16.384000,12.3720,0.0812
16.384000,11.9989,0.0809
16.385000,12.0071,0.0809
16.386000,12.0120,0.0809
16.387000,12.0136,0.0809
16.388000,12.0119,0.0809
16.389000,12.0069,0.0808
16.390000,11.9986,0.0808
16.391000,12.0200,0.0808
16.392000,12.0381,0.0808
16.393000,12.0529,0.0808
16.394000,12.0644,0.0808
16.395000,12.0726,0.0808
16.396000,12.0775,0.0808
16.397000,12.0792,0.0808
16.398000,12.0775,0.0808
16.399000,12.0725,0.0808
16.400000,12.0643,0.0808
16.401000,12.0860,0.0808
16.402000,12.1044,0.0808
16.403000,12.1195,0.0808
16.404000,12.1313,0.0808
16.405000,12.1397,0.0808
16.406000,12.1448,0.0808
16.407000,12.1466,0.0808
16.408000,12.1451,0.0808
16.409000,12.1402,0.0808
16.410000,12.1320,0.0808
16.411000,12.1543,0.0808
16.412000,12.1733,0.0808
16.413000,12.1889,0.0808
16.446000,12.1569,0.0802
16.447000,12.1596,0.0801
16.448000,12.1586,0.0801
16.449000,12.1539,0.0800
16.450000,12.1455,0.0800
16.451000,12.1705,0.0800
16.452000,12.1919,0.0800
16.453000,12.2095,0.0800
16.454000,12.2234,0.0799
16.455000,12.2336,0.0799
16.456000,12.2402,0.0799
16.457000,12.2430,0.0799
16.458000,12.2422,0.0798
16.459000,12.2376,0.0798
16.460000,12.2294,0.0798
16.461000,12.2552,0.0798
16.462000,12.2773,0.0798
16.463000,12.2956,0.0797
16.464000,12.3103,0.0797
16.465000,12.3211,0.0797
16.466000,12.3282,0.0797
16.467000,12.3316,0.0797
16.479000,12.4236,0.0797
16.480000,12.4159,0.0796
16.502000,12.2461,0.0862
16.503000,12.2529,0.0862
16.504000,12.2571,0.0862
16.507000,12.2535,0.0861
16.508000,12.2470,0.0861
16.509000,12.2379,0.0861
16.510000,12.2261,0.0860
16.511000,12.2371,0.0860
16.512000,12.2456,0.0860
16.513000,12.2516,0.0859
16.514000,12.2550,0.0860
16.515000,12.2558,0.0860
16.516000,12.2541,0.0860
16.517000,12.2498,0.0860
16.518000,12.2429,0.0860
16.519000,12.2334,0.0860
16.520000,12.2214,0.0860
16.521000,12.2273,0.0860
16.522000,12.2308,0.0860
16.523000,12.2320,0.0860
16.524000,12.2310,0.0860
16.525000,12.2280,0.0860
16.526000,12.2231,0.0860
16.527000,12.2163,0.0860
16.528000,12.2077,0.0860
16.529000,12.1975,0.0860
16.530000,12.1856,0.0861
16.531000,12.1853,0.0860
16.532000,12.1837,0.0860
16.533000,12.1806,0.0860
16.534000,12.1762,0.0860
16.535000,12.1703,0.0860
16.536000,12.1631,0.0860
16.537000,12.1543,0.0860
16.538000,12.1442,0.0860
16.539000,12.1326,0.0860
16.540000,12.1195,0.0860
16.541000,12.1190,0.0860
16.542000,12.1172,0.0859
16.543000,12.1140,0.0859
16.544000,12.1096,0.0859
16.545000,12.1037,0.0859
16.546000,12.0964,0.0858
16.547000,12.0876,0.0858
16.548000,12.0774,0.0858
16.549000,12.0657,0.0858
16.555000,11.6056,0.0785
16.556000,11.6035,0.0785
16.557000,11.6011,0.0784
16.558000,11.5989,0.0784
16.559000,11.5972,0.0784
16.560000,11.5965,0.0784
16.561000,11.5765,0.0784
16.562000,11.5580,0.0783
16.563000,11.5410,0.0783
16.564000,11.5257,0.0783
16.565000,11.5120,0.0783
16.566000,11.5002,0.0783
16.567000,11.4903,0.0783
16.568000,11.4823,0.0783
16.569000,11.4763,0.0783
16.570000,11.4723,0.0783
16.571000,11.4489,0.0783
16.572000,11.4277,0.0783
16.573000,11.4085,0.0783
16.574000,11.3914,0.0783
16.575000,11.3763,0.0783
16.576000,11.3632,0.0784
16.577000,11.3521,0.0784
16.578000,11.3431,0.0784
16.579000,11.3360,0.0784
16.580000,11.3309,0.0785
16.581000,11.3078,0.0785
16.582000,11.2867,0.0785
16.583000,11.2675,0.0785
16.584000,11.2503,0.0786
16.585000,11.2350,0.0786
16.586000,11.2215,0.0786
16.587000,11.2101,0.0786
16.588000,11.2008,0.0786
16.589000,11.1935,0.0786
16.590000,11.1885,0.0786
16.591000,11.1629,0.0786
16.592000,11.1396,0.0786
16.593000,11.1186,0.0786
16.594000,11.0998,0.0786
16.595000,11.0832,0.0786
16.596000,11.0688,0.0786
16.597000,11.0567,0.0786
16.598000,11.0467,0.0786
16.599000,11.0390,0.0785
16.600000,11.0334,0.0785
16.601000,11.0091,0.0785
16.602000,10.9871,0.0785
16.603000,10.9671,0.0785
16.604000,10.9493,0.0785
16.605000,10.9336,0.0785
16.606000,10.9199,0.0785
16.607000,10.9083,0.0785
16.608000,10.8986,0.0785
16.609000,10.8910,0.0785
16.610000,10.8854,0.0785
16.611000,10.8632,0.0785
16.612000,10.8431,0.0785
16.613000,10.8249,0.0784
16.614000,10.8085,0.0784
16.615000,10.7940,0.0784
16.616000,10.7814,0.0784
16.617000,10.7705,0.0783
16.618000,10.7615,0.0783
16.619000,10.7541,0.0783
16.620000,10.7486,0.0783
16.621000,10.7285,0.0782
16.622000,10.7103,0.0782
16.623000,10.6937,0.0782
16.624000,10.6787,0.0782
16.625000,10.6654,0.0782
16.626000,10.6537,0.0782
16.626000,11.8902,0.0905
16.627000,11.8972,0.0904
16.628000,11.9057,0.0904
16.628000,11.4072,0.0799
16.629000,11.4142,0.0799
16.630000,11.4228,0.0799
16.631000,11.4176,0.0799
16.632000,11.4139,0.0798
16.633000,11.4118,0.0798
16.634000,11.4112,0.0799
16.635000,11.4120,0.0798
16.636000,11.4143,0.0798
16.637000,11.4180,0.0798
16.638000,11.4233,0.0799
16.639000,11.4303,0.0799
16.640000,11.4390,0.0799
16.641000,11.4301,0.0799
16.642000,11.4230,0.0799
16.643000,11.4179,0.0799
16.644000,11.4146,0.0799
16.645000,11.4133,0.0799
16.646000,11.4138,0.0799
16.647000,11.4162,0.0799
16.648000,11.4205,0.0799
16.649000,11.4268,0.0799
16.650000,11.4349,0.0799
16.651000,11.4266,0.0799
16.652000,11.4201,0.0798
16.653000,11.4156,0.0798
16.654000,11.4128,0.0798
16.655000,11.4119,0.0797
16.656000,11.4128,0.0797
16.657000,11.4155,0.0797
16.658000,11.4200,0.0796
16.659000,11.4262,0.0796
16.660000,11.4342,0.0796
16.660000,11.2792,0.0841
16.661000,11.2743,0.0841
16.662000,11.2711,0.0841
16.663000,11.2695,0.0841
16.664000,11.2694,0.0841
16.665000,11.2709,0.0841
16.666000,11.2739,0.0841
16.667000,11.2784,0.0840
16.668000,11.2844,0.0840
16.669000,11.2918,0.0840
16.670000,11.3008,0.0840
16.671000,11.2974,0.0840
16.672000,11.2955,0.0840
16.673000,11.2951,0.0840
16.674000,11.2960,0.0840
16.675000,11.2982,0.0840
16.676000,11.3018,0.0840
16.677000,11.3067,0.0840
16.678000,11.3130,0.0840
16.679000,11.3206,0.0840
16.680000,11.3296,0.0839
16.681000,11.3269,0.0839
16.682000,11.3255,0.0839
16.683000,11.3255,0.0839
16.684000,11.3268,0.0839
16.685000,11.3295,0.0839
16.686000,11.3334,0.0839
16.687000,11.3385,0.0839
16.688000,11.3449,0.0839
16.689000,11.3526,0.0839
16.690000,11.3615,0.0839
16.691000,11.3600,0.0839
16.691000,11.2338,0.0839
16.692000,11.2312,0.0838
16.693000,11.2298,0.0838
16.694000,11.2297,0.0838
16.695000,11.2307,0.0838
16.696000,11.2329,0.0838
16.697000,11.2363,0.0838
16.698000,11.2408,0.0838
16.699000,11.2466,0.0838
16.700000,11.2535,0.0838
16.701000,11.2502,0.0838
16.702000,11.2482,0.0838
16.703000,11.2472,0.0838
16.704000,11.2475,0.0838
16.705000,11.2489,0.0838
16.706000,11.2513,0.0838
16.707000,11.2549,0.0838
16.708000,11.2596,0.0838
16.709000,11.2653,0.0838
16.710000,11.2721,0.0839
16.711000,11.2698,0.0839
16.712000,11.2687,0.0839
16.713000,11.2685,0.0839
16.714000,11.2694,0.0839
16.715000,11.2713,0.0839
16.716000,11.2742,0.0839
16.717000,11.2781,0.0839
16.718000,11.2830,0.0839
16.719000,11.2889,0.0839
16.720000,11.2957,0.0839
16.721000,11.2946,0.0839
16.722000,11.2945,0.0839
16.723000,11.2954,0.0839
16.724000,11.2971,0.0839
16.725000,11.2998,0.0839
16.726000,11.3032,0.0839
16.727000,11.3076,0.0838
16.728000,11.3127,0.0838
16.729000,11.3187,0.0838
16.730000,11.3255,0.0838
16.731000,11.3257,0.0837
16.740000,11.3619,0.0834
16.741000,11.3633,0.0834
16.742000,11.3655,0.0833
16.743000,11.3683,0.0833
16.744000,11.3717,0.0833
16.745000,11.3757,0.0833
16.746000,11.3803,0.0833
16.747000,11.3855,0.0832
16.748000,11.3913,0.0832
16.749000,11.3976,0.0831
16.750000,11.4045,0.0831
16.751000,11.4070,0.0831
16.752000,11.4101,0.0830
16.753000,11.4138,0.0830
16.754000,11.4179,0.0830
16.755000,11.4225,0.0830
16.756000,11.4276,0.0830
16.757000,11.4332,0.0829
16.758000,11.4392,0.0829
16.759000,11.4457,0.0829
16.766000,11.4520,0.0934
16.767000,11.4565,0.0934
16.768000,11.4614,0.0933
16.769000,11.4666,0.0933
16.770000,11.4722,0.0933
16.771000,11.4750,0.0933
16.772000,11.4781,0.0933
16.773000,11.4816,0.0932
16.774000,11.4853,0.0932
16.775000,11.4893,0.0932
16.776000,11.4937,0.0932
16.777000,11.4982,0.0932
16.778000,11.5031,0.0932
16.779000,11.5083,0.0932
16.780000,11.5138,0.0932
16.781000,11.5168,0.0932
16.782000,11.5202,0.0932
16.783000,11.5238,0.0931
16.784000,11.5277,0.0931
16.785000,11.5318,0.0931
16.786000,11.5362,0.0930
16.787000,11.5408,0.0930
16.788000,11.5457,0.0931
16.788000,11.3432,0.1004
16.789000,11.3452,0.1004
16.790000,11.3474,0.1004
16.791000,11.3486,0.1004
16.792000,11.3500,0.1004
16.793000,11.3516,0.1004
16.794000,11.3532,0.1004
16.795000,11.3550,0.1004
16.796000,11.3568,0.1004
16.797000,11.3587,0.1004
16.798000,11.3607,0.1004
16.799000,11.3628,0.1004
16.800000,11.3649,0.1003
16.801000,11.3667,0.1003
16.802000,11.3687,0.1003
16.803000,11.3707,0.1003
16.804000,11.3727,0.1002
16.805000,11.3748,0.1002
16.807000,11.3788,0.1001
16.808000,11.3808,0.1001
16.809000,11.3829,0.1001
16.810000,11.3849,0.1001
16.811000,11.3861,0.1001
16.812000,11.3873,0.1001
16.813000,11.3886,0.1000
16.814000,11.3901,0.1000
16.840000,11.0279,0.1328
16.846000,11.0326,0.1327
16.847000,11.0323,0.1327
16.848000,11.0316,0.1327
16.849000,11.0306,0.1327
16.850000,11.0294,0.1327
16.851000,11.0305,0.1327
16.852000,11.0314,0.1326
16.853000,11.0320,0.1326
16.854000,11.0324,0.1326
16.855000,11.0324,0.1326
16.856000,11.0321,0.1326
16.857000,11.0315,0.1326
16.858000,11.0305,0.1326
16.859000,11.0293,0.1326
16.860000,11.0278,0.1325
16.861000,11.0282,0.1326
16.862000,11.0284,0.1325
16.863000,11.0283,0.1325
16.864000,11.0281,0.1325
16.865000,11.0276,0.1325
16.866000,11.0268,0.1325
16.867000,11.0259,0.1325
16.868000,11.0246,0.1325
16.869000,11.0232,0.1325
16.870000,11.0215,0.1325
16.871000,11.0219,0.1325
16.872000,11.0220,0.1325
16.873000,11.0220,0.1325
16.874000,11.0216,0.1326
16.875000,11.0210,0.1326
16.876000,11.0202,0.1326
16.877000,11.0191,0.1326
16.879000,11.0161,0.1326
16.880000,11.0142,0.1326
16.881000,11.0146,0.1326
16.882000,11.0149,0.1326
16.883000,11.0148,0.1326
16.884000,11.0145,0.1327
16.885000,11.0140,0.1327
16.886000,11.0131,0.1327
16.887000,11.0120,0.1327
16.888000,11.0105,0.1327
16.889000,11.0087,0.1327
16.890000,11.0067,0.1327
16.891000,11.0073,0.1326
16.892000,11.0076,0.1326
16.893000,11.0076,0.1326
16.894000,11.0074,0.1326
16.895000,11.0068,0.1326
16.895000,11.1442,0.1479
16.898000,10.9774,0.1571
16.903000,10.9805,0.1571
16.904000,10.9818,0.1571
16.905000,10.9825,0.1571
16.906000,10.9824,0.1571
16.907000,10.9818,0.1571
16.908000,10.9804,0.1571
16.909000,10.9783,0.1571
16.910000,10.9756,0.1571
16.911000,10.9787,0.1570
16.919000,10.9799,0.1571
16.920000,10.9770,0.1571
16.921000,10.9799,0.1572
16.922000,10.9821,0.1572
16.923000,10.9837,0.1572
16.924000,10.9845,0.1572
16.924000,10.7602,0.1655
16.925000,10.7601,0.1655
16.926000,10.7592,0.1655
16.927000,10.7574,0.1655
16.928000,10.7548,0.1654
16.929000,10.7516,0.1654
16.930000,10.7477,0.1654
16.931000,10.7485,0.1654
16.932000,10.7487,0.1654
16.933000,10.7483,0.1654
16.934000,10.7474,0.1654
16.935000,10.7459,0.1654
16.936000,10.7438,0.1654
16.937000,10.7412,0.1654
16.938000,10.7380,0.1654
16.939000,10.7342,0.1654
16.940000,10.7299,0.1654
16.941000,10.7289,0.1654
16.942000,10.7274,0.1654
16.943000,10.7256,0.1654
16.944000,10.7233,0.1654
16.945000,10.7207,0.1654
16.946000,10.7176,0.1654
16.948000,10.7102,0.1654
16.959000,10.6650,0.1651
16.960000,10.6602,0.1651
16.961000,10.6547,0.1651
16.962000,10.6493,0.1651
16.963000,10.6439,0.1651
16.964000,10.6384,0.1651
16.965000,10.6330,0.1651
16.976000,10.0058,0.1740
16.977000,10.0019,0.1740
16.979000,9.9933,0.1740
16.980000,9.9886,0.1740
16.981000,9.9864,0.1740
16.982000,9.9840,0.1740
16.983000,9.9814,0.1740
16.984000,9.9784,0.1741
16.985000,9.9751,0.1741
16.986000,9.9715,0.1741
16.987000,9.9676,0.1742
16.988000,9.9632,0.1742
16.989000,9.9586,0.1742
16.990000,9.9537,0.1742
16.991000,9.9492,0.1742
16.992000,9.9447,0.1742
16.993000,9.9400,0.1743
16.994000,9.9352,0.1743
17.003000,9.6624,0.1810
17.004000,9.6575,0.1811
17.005000,9.6525,0.1811
17.005000,9.5426,0.1937
17.006000,9.5387,0.1938
17.007000,9.5345,0.1938
17.008000,9.5301,0.1938
17.009000,9.5261,0.1938
17.010000,9.5227,0.1938
17.011000,9.5018,0.1938
17.012000,9.4821,0.1938
17.013000,9.4638,0.1938
17.014000,9.4470,0.1938
17.015000,9.4320,0.1938
17.016000,9.4188,0.1938
17.017000,9.4076,0.1937
17.018000,9.3984,0.1937
17.019000,9.3912,0.1937
17.020000,9.3862,0.1936
17.021000,9.3583,0.1936
17.022000,9.3326,0.1936
17.023000,9.3091,0.1936
17.024000,9.2879,0.1936
17.025000,9.2691,0.1936
17.027000,9.2383,0.1936
17.029000,9.2176,0.1935
17.030000,9.2115,0.1935
17.031000,9.1728,0.1935
17.031000,9.3601,0.2071
17.032000,9.3376,0.2071
17.033000,9.3185,0.2071
17.034000,9.3027,0.2072
17.035000,9.2905,0.2072
17.036000,9.2818,0.2072
17.037000,9.2768,0.2072
17.038000,9.2755,0.2072
17.039000,9.2780,0.2072
17.040000,9.2842,0.2072
17.041000,9.2540,0.2072
17.042000,9.2277,0.2072
17.043000,9.2053,0.2072
17.044000,9.1867,0.2072
17.045000,9.1721,0.2072
17.046000,9.1613,0.2072
17.047000,9.1546,0.2072
17.048000,9.1519,0.2072
17.049000,9.1534,0.2072
17.050000,9.1590,0.2072
17.051000,9.1252,0.2072
17.052000,9.0956,0.2072
17.053000,9.0703,0.2072
17.054000,9.0492,0.2072
17.055000,9.0324,0.2072
17.056000,9.0199,0.2072
17.057000,9.0117,0.2072
17.058000,9.0078,0.2072
17.058000,8.9252,0.2158
17.059000,8.9356,0.2158
17.060000,8.9507,0.2158
17.061000,8.9168,0.2158
17.062000,8.8879,0.2158
17.063000,8.8642,0.2158
17.064000,8.8458,0.2159
17.065000,8.8327,0.2159
17.066000,8.8251,0.2159
17.067000,8.8229,0.2159
17.068000,8.8262,0.2159
17.069000,8.8351,0.2159
17.070000,8.8495,0.2159
17.071000,8.8126,0.2159
17.072000,8.7812,0.2159
17.073000,8.7555,0.2159
17.074000,8.7355,0.2159
17.075000,8.7211,0.2159
17.076000,8.7123,0.2159
17.077000,8.7092,0.2159
17.077000,8.4957,0.2239
17.078000,8.5056,0.2239
17.079000,8.5212,0.2239
17.080000,8.5427,0.2240
17.081000,8.5135,0.2240
17.082000,8.4901,0.2240
17.083000,8.4723,0.2241
17.084000,8.4602,0.2241
17.085000,8.4537,0.2242
17.086000,8.4529,0.2242
17.087000,8.4577,0.2242
17.088000,8.4681,0.2242
17.089000,8.4841,0.2243
17.090000,8.5058,0.2243
17.091000,8.4782,0.2243
17.092000,8.4563,0.2243
17.093000,8.4400,0.2243
17.094000,8.4292,0.2243
17.095000,8.4240,0.2243
17.096000,8.4243,0.2244
17.097000,8.4300,0.2244
17.105000,8.4095,0.2242
17.106000,8.4112,0.2242
17.107000,8.4180,0.2242
17.108000,8.4301,0.2242
17.109000,8.4474,0.2241
17.109000,8.0244,0.2302
17.110000,8.0447,0.2302
17.111000,8.0181,0.2303
17.112000,7.9968,0.2303
17.113000,7.9808,0.2303
17.114000,7.9701,0.2303
17.118000,7.9797,0.2302
17.121000,7.9906,0.2302
17.123000,7.9551,0.2302
17.124000,7.9452,0.2303
17.125000,7.9405,0.2303
17.126000,7.9409,0.2303
17.127000,7.9465,0.2303
17.134000,7.5481,0.2368
17.135000,7.5421,0.2368
17.138000,7.5558,0.2368
17.140000,7.5916,0.2369
17.141000,7.5648,0.2369
17.142000,7.5434,0.2369
17.143000,7.5273,0.2369
17.144000,7.5164,0.2369
17.145000,7.5108,0.2369
17.146000,7.5105,0.2369
17.147000,7.5155,0.2369
17.148000,7.5258,0.2369
17.149000,7.5414,0.2369
17.150000,7.5623,0.2368
17.151000,7.5361,0.2368
17.152000,7.5152,0.2368
17.152000,7.2873,0.2459
17.153000,7.2708,0.2460
17.154000,7.2597,0.2460
17.155000,7.2541,0.2460
17.156000,7.2538,0.2460
17.157000,7.2590,0.2460
17.158000,7.2696,0.2460
17.159000,7.2856,0.2460
17.160000,7.3071,0.2461
17.161000,7.2804,0.2461
17.162000,7.2591,0.2461
17.163000,7.2432,0.2461
17.164000,7.2327,0.2461
17.165000,7.2276,0.2461
17.166000,7.2279,0.2461
17.167000,7.2336,0.2461
17.168000,7.2447,0.2461
17.169000,7.2612,0.2461
17.170000,7.2830,0.2462
17.171000,7.2575,0.2462
17.172000,7.2374,0.2462
17.173000,7.2225,0.2462
17.174000,7.2130,0.2462
17.175000,7.2088,0.2462
17.176000,7.2098,0.2463
17.177000,7.2162,0.2463
17.178000,7.2279,0.2464
17.179000,7.2448,0.2464
17.180000,7.2671,0.2465
17.181000,7.2424,0.2465
17.182000,7.2229,0.2465
17.183000,7.2087,0.2466
17.184000,7.1998,0.2466
17.185000,7.1961,0.2466
17.186000,7.1977,0.2467
17.187000,7.2045,0.2467
17.188000,7.2166,0.2467
17.189000,7.2340,0.2467
17.190000,7.2567,0.2468
17.213000,6.5923,0.2572
17.214000,6.5832,0.2572
17.215000,6.5795,0.2572
17.216000,6.5811,0.2572
17.217000,6.5881,0.2572
17.218000,6.6004,0.2572
17.219000,6.6181,0.2572
17.220000,6.6411,0.2572
17.221000,6.6165,0.2572
17.222000,6.5973,0.2572
17.223000,6.5833,0.2572
17.224000,6.5747,0.2572
17.225000,6.5714,0.2572
17.226000,6.5734,0.2572
17.227000,6.5808,0.2572
17.228000,6.5934,0.2572
17.229000,6.6114,0.2572
17.230000,6.6347,0.2572
17.231000,6.6107,0.2572
17.232000,6.5920,0.2572
17.233000,6.5787,0.2572
17.234000,6.5705,0.2572
17.235000,6.5677,0.2572
17.236000,6.5702,0.2572
17.237000,6.5779,0.2572
17.238000,6.5909,0.2572
17.239000,6.6092,0.2572
17.240000,6.6327,0.2572
17.241000,6.6094,0.2572
17.242000,6.5913,0.2572
17.243000,6.5784,0.2572
17.244000,6.5708,0.2572
17.245000,6.5684,0.2572
17.246000,6.5713,0.2572
17.247000,6.5794,0.2572
17.248000,6.5927,0.2571
17.249000,6.6113,0.2571
17.250000,6.6351,0.2571
17.251000,6.6124,0.2571
17.252000,6.5949,0.2571
17.253000,6.5826,0.2571
17.254000,6.5754,0.2571
17.255000,6.5735,0.2571
17.256000,6.5768,0.2571
17.257000,6.5853,0.2571
17.258000,6.5990,0.2571
17.259000,6.6179,0.2572
17.260000,6.6420,0.2572
17.261000,6.6198,0.2572
17.262000,6.6029,0.2572
17.263000,6.5911,0.2573
17.264000,6.5845,0.2573
17.264000,6.4597,0.2635
17.265000,6.4574,0.2635
17.266000,6.4603,0.2635
17.267000,6.4685,0.2635
17.268000,6.4818,0.2635
17.269000,6.5004,0.2635
17.270000,6.5242,0.2635
17.271000,6.5016,0.2635
17.272000,6.4843,0.2636
17.273000,6.4721,0.2636
17.274000,6.4651,0.2636
17.275000,6.4633,0.2636
17.276000,6.4666,0.2636
17.277000,6.4751,0.2637
17.278000,6.4888,0.2637
17.279000,6.5076,0.2637
17.280000,6.5316,0.2638
17.281000,6.5097,0.2638
17.282000,6.4930,0.2638
17.283000,6.4814,0.2638
17.284000,6.4749,0.2639
17.285000,6.4736,0.2639
17.286000,6.4773,0.2639
17.287000,6.4862,0.2640
17.288000,6.5003,0.2640
17.289000,6.5194,0.2640
17.290000,6.5437,0.2640
17.291000,6.5224,0.2641
17.292000,6.5062,0.2641
17.292000,6.1756,0.2657
17.293000,6.1640,0.2657
17.294000,6.1574,0.2658
17.295000,6.1559,0.2658
17.296000,6.1596,0.2658
17.297000,6.1682,0.2658
17.298000,6.1820,0.2659
17.319000,6.2417,0.2707
17.320000,6.2657,0.2707
17.321000,6.2460,0.2707
17.322000,6.2312,0.2707
17.323000,6.2213,0.2707
17.324000,6.2162,0.2707
17.325000,6.2161,0.2707
17.326000,6.2208,0.2707
17.327000,6.2303,0.2707
17.328000,6.2448,0.2707
17.329000,6.2640,0.2707
17.330000,6.2881,0.2707
17.331000,6.2693,0.2707
17.332000,6.2553,0.2707
17.333000,6.2461,0.2707
17.334000,6.2417,0.2707
17.340000,6.3155,0.2707
17.341000,6.2977,0.2707
17.342000,6.2847,0.2707
17.343000,6.2764,0.2707
17.344000,6.2728,0.2707
17.345000,6.2739,0.2707
17.346000,6.2796,0.2707
17.347000,6.2900,0.2707
17.348000,6.3051,0.2707
17.349000,6.3247,0.2708
17.350000,6.3490,0.2708
17.351000,6.3325,0.2709
17.352000,6.3207,0.2709
17.353000,6.3134,0.2710
17.354000,6.3107,0.2710
17.355000,6.3126,0.2710
17.356000,6.3190,0.2711
17.357000,6.3299,0.2711
17.358000,6.3453,0.2711
17.359000,6.3653,0.2711
17.360000,6.3896,0.2712
17.361000,6.3747,0.2712
17.362000,6.3643,0.2712
17.363000,6.3583,0.2713
17.364000,6.3568,0.2713
17.365000,6.3596,0.2713
17.366000,6.3668,0.2713
17.367000,6.3784,0.2714
17.368000,6.3943,0.2714
17.368000,6.3168,0.2721
17.369000,6.3351,0.2721
17.370000,6.3575,0.2722
17.371000,6.3436,0.2722
17.372000,6.3339,0.2722
17.373000,6.3283,0.2722
17.374000,6.3268,0.2723
17.375000,6.3294,0.2723
17.376000,6.3360,0.2723
17.377000,6.3467,0.2723
17.378000,6.3613,0.2723
17.379000,6.3799,0.2724
17.380000,6.4024,0.2724
17.381000,6.3910,0.2724
17.382000,6.3836,0.2725
17.383000,6.3800,0.2725
17.384000,6.3803,0.2726
17.389000,6.4381,0.2726
17.390000,6.4606,0.2726
17.391000,6.4522,0.2726
17.392000,6.4475,0.2726
17.393000,6.4464,0.2726
17.405000,6.4848,0.2718
17.417000,6.8099,0.2710
17.418000,6.8228,0.2710
17.419000,6.8379,0.2710
17.420000,6.8549,0.2710
17.421000,6.8579,0.2710
17.422000,6.8628,0.2710
17.423000,6.8695,0.2710
17.424000,6.8781,0.2711
17.425000,6.8883,0.2711
17.426000,6.9001,0.2711
17.427000,6.9134,0.2711
17.428000,6.9281,0.2711
17.429000,6.9442,0.2711
17.430000,6.9616,0.2711
17.431000,6.9736,0.2711
17.432000,6.9869,0.2711
17.433000,7.0015,0.2712
17.434000,7.0172,0.2712
17.435000,7.0339,0.2712
17.436000,7.0514,0.2712
17.437000,7.0693,0.2712
17.438000,7.0873,0.2712
17.439000,7.1050,0.2712
17.440000,7.1224,0.2712
17.441000,7.1534,0.2712
17.442000,7.1838,0.2712
17.443000,7.2132,0.2712
17.444000,7.2415,0.2711
17.445000,7.2686,0.2711
17.446000,7.2944,0.2711
17.447000,7.3186,0.2711
17.448000,7.3413,0.2711
17.449000,7.3624,0.2711
17.450000,7.3818,0.2711
17.451000,7.4200,0.2712
17.452000,7.4564,0.2712
17.453000,7.4910,0.2712
17.454000,7.5238,0.2712
17.455000,7.5545,0.2711
17.456000,7.5832,0.2711
17.457000,7.6098,0.2711
17.458000,7.6343,0.2711
17.459000,7.6566,0.2711
17.460000,7.6767,0.2711
17.461000,7.7203,0.2711
17.462000,7.7618,0.2711
17.463000,7.8010,0.2711
17.464000,7.8379,0.2711
17.465000,7.8724,0.2711
17.466000,7.9044,0.2711
17.467000,7.9337,0.2711
17.467000,7.3485,0.2682
17.468000,7.3524,0.2682
17.469000,7.3533,0.2682
17.470000,7.3510,0.2682
17.471000,7.3827,0.2682
17.472000,7.4111,0.2682
17.473000,7.4360,0.2682
17.474000,7.4572,0.2682
17.475000,7.4749,0.2682
17.476000,7.4888,0.2682
17.477000,7.4990,0.2682
17.478000,7.5055,0.2682
17.479000,7.5082,0.2682
17.480000,7.5071,0.2682
17.480000,7.3592,0.2633
17.481000,7.3865,0.2633
17.482000,7.4097,0.2633
17.483000,7.4289,0.2633
17.484000,7.4441,0.2633
17.485000,7.4551,0.2633
17.486000,7.4620,0.2633
17.487000,7.4647,0.2633
17.488000,7.4631,0.2633
17.489000,7.4573,0.2633
17.490000,7.4472,0.2633
17.491000,7.4764,0.2633
17.492000,7.5012,0.2633
17.493000,7.5218,0.2633
17.494000,7.5380,0.2633
17.495000,7.5499,0.2633
17.496000,7.5575,0.2633
17.497000,7.5607,0.2633
17.498000,7.5596,0.2633
17.502000,7.5997,0.2632
17.503000,7.6209,0.2632
17.504000,7.6377,0.2632
17.505000,7.6501,0.2631
17.506000,7.6581,0.2631
17.506000,7.7174,0.2587
17.507000,7.7192,0.2587
17.508000,7.7166,0.2587
17.509000,7.7094,0.2587
17.510000,7.6977,0.2587
17.511000,7.7271,0.2587
17.512000,7.7518,0.2587
17.513000,7.7721,0.2588
17.514000,7.7878,0.2588
17.521000,7.8165,0.2590
17.529000,7.8910,0.2589
17.530000,7.8794,0.2589
17.531000,7.9098,0.2589
17.532000,7.9356,0.2589
17.533000,7.9568,0.2589
17.534000,7.9732,0.2589
17.535000,7.9850,0.2589
17.542000,8.0296,0.2590
17.543000,8.0504,0.2590
17.544000,8.0665,0.2590
17.545000,8.0780,0.2590
17.546000,8.0850,0.2590
17.547000,8.0873,0.2590
17.548000,8.0850,0.2590
17.549000,8.0781,0.2590
17.550000,8.0666,0.2590
17.550000,8.2076,0.2552
17.551000,8.2367,0.2552
17.552000,8.2612,0.2553
17.553000,8.2811,0.2553
17.554000,8.2965,0.2553
17.555000,8.3072,0.2554
17.556000,8.3134,0.2554
17.557000,8.3151,0.2554
17.558000,8.3121,0.2554
17.559000,8.3046,0.2554
17.560000,8.2926,0.2554
17.561000,8.3213,0.2554
17.562000,8.3455,0.2554
17.563000,8.3651,0.2554
17.564000,8.3802,0.2555
17.565000,8.3907,0.2555
17.566000,8.3968,0.2555
17.567000,8.3983,0.2555
17.568000,8.3953,0.2555
17.569000,8.3878,0.2555
17.584000,8.5428,0.2557
17.585000,8.5530,0.2557
17.586000,8.5589,0.2557
17.645000,9.3425,0.2625
17.646000,9.3491,0.2625
17.647000,9.3515,0.2625
17.648000,9.3497,0.2625
17.663000,9.4865,0.2627
17.664000,9.5010,0.2627
17.665000,9.5113,0.2627
17.666000,9.5176,0.2627
17.667000,9.5197,0.2627
17.668000,9.5178,0.2627
17.669000,9.5118,0.2627
17.670000,9.5017,0.2627
17.671000,9.5283,0.2628
17.672000,9.5508,0.2628
17.673000,9.5692,0.2628
17.674000,9.5835,0.2628
17.675000,9.5938,0.2627
17.676000,9.6000,0.2627
17.677000,9.6021,0.2627
17.678000,9.6002,0.2627
17.679000,9.5943,0.2627
17.680000,9.5843,0.2627
17.681000,9.6105,0.2627
17.730000,9.4581,0.2746
17.731000,9.4831,0.2746
17.732000,9.5043,0.2746
17.733000,9.5217,0.2746
17.734000,9.5353,0.2745
17.735000,9.5451,0.2745
17.736000,9.5510,0.2745
17.737000,9.5533,0.2745
17.738000,9.5517,0.2745
17.739000,9.5464,0.2745
17.740000,9.5373,0.2745
17.741000,9.5619,0.2745
17.742000,9.5827,0.2745
17.743000,9.5998,0.2746
17.750000,9.6147,0.2746
17.751000,9.6390,0.2746
17.752000,9.6596,0.2746
17.755000,9.6989,0.2746
17.756000,9.7046,0.2746
17.757000,9.7067,0.2745
17.758000,9.7050,0.2745
17.759000,9.6997,0.2745
17.760000,9.6908,0.2745
17.761000,9.7146,0.2745
17.762000,9.7348,0.2746
17.763000,9.7514,0.2746
17.764000,9.7643,0.2746
17.765000,9.7735,0.2746
17.766000,9.7792,0.2746
17.774000,9.8383,0.2747
17.778000,9.8536,0.2748
17.779000,9.8485,0.2748
17.780000,9.8397,0.2748
17.781000,9.8632,0.2748
17.782000,9.8831,0.2748
17.783000,9.8995,0.2748
17.784000,9.9122,0.2748
17.785000,9.9214,0.2748
17.786000,9.9270,0.2748
17.802000,10.0308,0.2750
17.807000,10.1000,0.2767
17.808000,10.0993,0.2767
17.809000,10.0951,0.2767
17.810000,10.0874,0.2768
17.811000,10.1111,0.2768
17.829000,10.2451,0.2769
17.830000,10.2376,0.2769
17.831000,10.2585,0.2770
17.831000,9.9719,0.2828
17.832000,9.9895,0.2828
17.832000,10.0788,0.2826
17.833000,10.0950,0.2826
17.834000,10.1079,0.2826
17.835000,10.1176,0.2826
17.836000,10.1240,0.2826
17.837000,10.1273,0.2826
17.838000,10.1274,0.2825
17.839000,10.1243,0.2825
17.840000,10.1181,0.2825
17.841000,10.1401,0.2825
17.842000,10.1590,0.2825
17.843000,10.1748,0.2825
17.844000,10.1874,0.2825
17.845000,10.1968,0.2825
17.846000,10.2032,0.2825
17.847000,10.2064,0.2825
17.848000,10.2065,0.2825
17.849000,10.2035,0.2825
17.850000,10.1974,0.2825
17.851000,10.2197,0.2825
17.852000,10.2388,0.2826
17.853000,10.2547,0.2826
17.854000,10.2676,0.2826
17.855000,10.2773,0.2827
17.856000,10.2840,0.2827
17.857000,10.2875,0.2827
17.858000,10.2879,0.2827
17.859000,10.2852,0.2827
17.860000,10.2795,0.2827
17.861000,10.3020,0.2827
17.862000,10.3214,0.2827
17.863000,10.3376,0.2827
17.864000,10.3508,0.2827
17.865000,10.3608,0.2827
17.866000,10.3677,0.2827
17.867000,10.3715,0.2827
17.868000,10.3723,0.2827
17.869000,10.3699,0.2826
17.870000,10.3644,0.2826
17.871000,10.3871,0.2826
17.872000,10.4066,0.2826
17.873000,10.4231,0.2826
17.874000,10.4364,0.2826
17.875000,10.4467,0.2826
17.876000,10.4538,0.2826
17.876000,10.2043,0.2847
17.877000,10.2083,0.2848
17.878000,10.2091,0.2848
17.879000,10.2068,0.2848
17.880000,10.2014,0.2848
17.881000,10.2244,0.2848
17.882000,10.2443,0.2848
17.883000,10.2610,0.2849
17.884000,10.2746,0.2849
17.885000,10.2851,0.2849
17.886000,10.2924,0.2850
17.887000,10.2966,0.2850
17.888000,10.2977,0.2851
17.889000,10.2958,0.2851
17.890000,10.2907,0.2852
17.891000,10.3136,0.2852
17.892000,10.3333,0.2852
17.893000,10.3500,0.2852
17.896000,10.4650,0.2788
17.897000,10.4686,0.2788
17.898000,10.4690,0.2789
17.899000,10.4663,0.2789
17.900000,10.4606,0.2789
17.901000,10.4808,0.2789
17.902000,10.4981,0.2789
17.903000,10.5125,0.2789
17.904000,10.5239,0.2789
17.905000,10.5325,0.2789
17.906000,10.5382,0.2789
17.907000,10.5410,0.2789
17.908000,10.5410,0.2789
17.908000,10.1263,0.2856
17.909000,10.1235,0.2856
17.910000,10.1177,0.2856
17.911000,10.1380,0.2856
17.912000,10.1554,0.2857
17.913000,10.1700,0.2857
17.914000,10.1816,0.2857
17.915000,10.1903,0.2858
17.916000,10.1962,0.2858
17.917000,10.1992,0.2859
17.918000,10.1993,0.2859
17.919000,10.1965,0.2859
17.920000,10.1909,0.2860
17.921000,10.2112,0.2860
17.922000,10.2285,0.2860
17.923000,10.2430,0.2861
17.924000,10.2547,0.2861
17.925000,10.2635,0.2861
17.926000,10.2694,0.2861
17.927000,10.2725,0.2862
17.928000,10.2728,0.2862
17.929000,10.2702,0.2863
17.930000,10.2649,0.2863
17.931000,10.2834,0.2863
17.932000,10.2991,0.2864
17.933000,10.3119,0.2864
17.934000,10.3220,0.2864
17.935000,10.3292,0.2864
17.936000,10.3335,0.2864
17.937000,10.3351,0.2864
17.938000,10.3339,0.2864
17.939000,10.3303,0.2865
17.940000,10.3253,0.2865
17.941000,10.3067,0.2865
17.942000,10.2880,0.2865
17.943000,10.2697,0.2865
17.944000,10.2522,0.2866
17.945000,10.2358,0.2866
17.945000,9.8956,0.2905
17.946000,9.8806,0.2905
17.947000,9.8673,0.2905
17.948000,9.8559,0.2905
17.949000,9.8465,0.2905
17.950000,9.8392,0.2905
17.951000,9.8011,0.2905
17.952000,9.7653,0.2905
17.953000,9.7320,0.2905
17.954000,9.7011,0.2905
18.000000,9.1721,0.2953
18.002000,9.0964,0.2953
18.003000,9.0675,0.2953
18.004000,9.0444,0.2953
18.005000,9.0273,0.2953
18.006000,9.0161,0.2953
18.007000,9.0108,0.2953
18.008000,9.0114,0.2953
18.009000,9.0180,0.2954
18.010000,9.0306,0.2954
18.010000,9.6136,0.2953
18.011000,9.5907,0.2953
18.012000,9.5736,0.2953
18.013000,9.5625,0.2953
18.014000,9.5572,0.2953
18.015000,9.5577,0.2953
18.016000,9.5642,0.2953
18.017000,9.5765,0.2953
18.018000,9.5947,0.2953
18.019000,9.6188,0.2953
18.020000,9.6488,0.2953
18.021000,9.6264,0.2953
18.022000,9.6099,0.2953
18.023000,9.5993,0.2953
18.024000,9.5945,0.2953
18.025000,9.5955,0.2953
18.026000,9.6024,0.2953
18.027000,9.6151,0.2953
18.028000,9.6336,0.2953
18.029000,9.6580,0.2953
18.030000,9.6882,0.2953
18.031000,9.6665,0.2953
18.032000,9.6506,0.2953
18.033000,9.6405,0.2952
18.034000,9.6362,0.2952
18.035000,9.6377,0.2952
18.036000,9.6451,0.2952
18.037000,9.6582,0.2952
18.038000,9.6771,0.2952
18.039000,9.7019,0.2952
18.040000,9.7324,0.2952
18.041000,9.7098,0.2952
18.042000,9.6931,0.2952
18.043000,9.6822,0.2952
18.044000,9.6772,0.2952
18.045000,9.6782,0.2952
18.046000,9.6851,0.2952
18.047000,9.6980,0.2952
18.048000,9.7169,0.2952
18.049000,9.7417,0.2952
18.050000,9.7726,0.2952
18.051000,9.7497,0.2952
18.052000,9.7328,0.2951
18.070000,10.1164,0.2930
18.071000,10.0951,0.2930
18.072000,10.0796,0.2930
18.073000,10.0701,0.2930
18.074000,10.0664,0.2930
18.075000,10.0685,0.2930
18.076000,10.0765,0.2930
18.077000,10.0904,0.2931
18.078000,10.1102,0.2931
18.079000,10.1358,0.2931
18.080000,10.1673,0.2931
18.081000,10.1466,0.2931
18.082000,10.1317,0.2931
18.083000,10.1227,0.2931
18.084000,10.1195,0.2931
18.085000,10.1221,0.2931
18.086000,10.1306,0.2931
18.087000,10.1448,0.2931
18.088000,10.1649,0.2931
18.089000,10.1907,0.2931
18.090000,10.2224,0.2931
18.091000,10.2023,0.2931
18.092000,10.1880,0.2931
18.093000,10.1794,0.2931
18.094000,10.1767,0.2932
18.095000,10.1797,0.2932
18.096000,10.1884,0.2932
18.097000,10.2030,0.2932
18.098000,10.2232,0.2932
18.099000,10.2493,0.2932
18.100000,10.2810,0.2932
18.101000,10.2615,0.2932
18.102000,10.2477,0.2932
18.103000,10.2397,0.2932
18.104000,10.2373,0.2932
18.105000,10.2407,0.2932
18.106000,10.2498,0.2932
18.107000,10.2646,0.2932
18.108000,10.2851,0.2932
18.109000,10.3113,0.2932
18.110000,10.3432,0.2932
18.111000,10.3242,0.2932
18.112000,10.3108,0.2932
18.113000,10.3032,0.2932
18.114000,10.3012,0.2932
18.115000,10.3049,0.2932
18.116000,10.3142,0.2932
18.117000,10.3293,0.2932
18.118000,10.3500,0.2932
18.118000,10.3156,0.2855
18.119000,10.3410,0.2855
18.120000,10.3719,0.2855
18.121000,10.3527,0.2855
18.122000,10.3390,0.2856
18.123000,10.3310,0.2856
18.124000,10.3285,0.2856
18.124000,10.0045,0.2847
18.125000,10.0064,0.2847
18.126000,10.0139,0.2847
18.127000,10.0270,0.2848
18.128000,10.0456,0.2848
18.129000,10.0698,0.2848
18.130000,10.0996,0.2848
18.131000,10.0796,0.2849
18.132000,10.0651,0.2849
18.133000,10.0562,0.2850
18.134000,10.0529,0.2850
18.135000,10.0551,0.2851
18.136000,10.0628,0.2851
18.137000,10.0761,0.2852
18.138000,10.0949,0.2852
18.139000,10.1193,0.2852
18.140000,10.1492,0.2852
18.141000,10.1297,0.2852
18.142000,10.1157,0.2852
18.143000,10.1073,0.2853
18.144000,10.1043,0.2853
18.145000,10.1069,0.2853
18.146000,10.1149,0.2853
18.147000,10.1285,0.2854
18.148000,10.1475,0.2854
18.149000,10.1720,0.2854
18.150000,10.2020,0.2854
18.151000,10.1832,0.2855
18.152000,10.1697,0.2855
18.153000,10.1618,0.2855
18.154000,10.1593,0.2856
18.155000,10.1622,0.2856
18.156000,10.1706,0.2856
18.157000,10.1845,0.2856
18.158000,10.2038,0.2857
18.159000,10.2285,0.2857
18.160000,10.2586,0.2857
18.160000,9.9840,0.2869
18.161000,9.9649,0.2870
18.161000,9.7681,0.2906
18.162000,9.7536,0.2907
18.163000,9.7445,0.2907
18.164000,9.7407,0.2907
18.165000,9.7423,0.2907
18.166000,9.7493,0.2907
18.167000,9.7616,0.2907
18.168000,9.7793,0.2908
18.169000,9.8024,0.2908
18.170000,9.8307,0.2908
18.171000,9.8114,0.2908
18.172000,9.7974,0.2908
18.173000,9.7887,0.2908
18.174000,9.7853,0.2908
18.175000,9.7873,0.2908
18.176000,9.7945,0.2908
18.177000,9.8071,0.2908
18.178000,9.8250,0.2908
18.179000,9.8482,0.2908
18.180000,9.8767,0.2908
18.181000,9.8579,0.2908
18.182000,9.8445,0.2908
18.183000,9.8363,0.2908
18.184000,9.8335,0.2908
18.185000,9.8358,0.2909
18.186000,9.8435,0.2909
18.187000,9.8564,0.2909
18.188000,9.8746,0.2909
18.189000,9.8980,0.2910
18.190000,9.9267,0.2910
18.191000,9.9085,0.2910
18.192000,9.8956,0.2910
18.192000,9.8085,0.2955
18.193000,9.8001,0.2955
18.194000,9.7970,0.2955
18.195000,9.7990,0.2955
18.196000,9.8063,0.2955
18.197000,9.8188,0.2955
18.198000,9.8365,0.2955
18.199000,9.8593,0.2955
18.200000,9.8874,0.2955
18.201000,9.8691,0.2955
18.202000,9.8561,0.2955
18.228000,9.9938,0.2954
18.229000,10.0172,0.2954
18.230000,10.0456,0.2954
18.231000,10.0288,0.2954
18.232000,10.0171,0.2954
18.233000,10.0104,0.2954
18.234000,10.0088,0.2955
18.235000,10.0122,0.2955
18.236000,10.0206,0.2955
18.237000,10.0341,0.2955
18.247000,9.6644,0.2973
18.248000,9.6814,0.2972
18.249000,9.7033,0.2972
18.250000,9.7302,0.2972
18.251000,9.7128,0.2972
18.252000,9.7003,0.2972
18.253000,9.6928,0.2972
18.254000,9.6902,0.2972
18.255000,9.6926,0.2972
18.256000,9.6999,0.2972
18.257000,9.7121,0.2972
18.258000,9.7292,0.2972
18.259000,9.7513,0.2972
18.260000,9.7782,0.2972
18.261000,9.7613,0.2972
18.262000,9.7493,0.2972
18.263000,9.7423,0.2972
18.264000,9.7401,0.2973
18.265000,9.7427,0.2973
18.266000,9.7503,0.2973
18.267000,9.7627,0.2973
18.268000,9.7801,0.2973
18.269000,9.8022,0.2973
18.270000,9.8293,0.2972
18.271000,9.8129,0.2972
18.272000,9.8014,0.2972
18.273000,9.7947,0.2972
18.274000,9.7928,0.2972
18.275000,9.7958,0.2972
18.276000,9.8037,0.2972
18.277000,9.8163,0.2972
18.278000,9.8338,0.2972
18.279000,9.8562,0.2972
18.280000,9.8833,0.2972
18.281000,9.8674,0.2972
18.282000,9.8562,0.2972
18.283000,9.8499,0.2972
18.284000,9.8484,0.2972
18.285000,9.8517,0.2972
18.286000,9.8598,0.2972
18.287000,9.8726,0.2972
18.288000,9.8903,0.2972
18.289000,9.9127,0.2972
18.290000,9.9400,0.2972
18.291000,9.9244,0.2972
18.292000,9.9136,0.2972
18.293000,9.9076,0.2972
18.294000,9.9064,0.2972
18.295000,9.9099,0.2972
18.296000,9.9182,0.2973
18.296000,9.4012,0.2986
18.297000,9.4125,0.2986
18.298000,9.4285,0.2986
18.299000,9.4493,0.2986
18.300000,9.4748,0.2986
18.301000,9.4579,0.2986
18.302000,9.4458,0.2986
18.303000,9.4383,0.2986
18.304000,9.4356,0.2986
18.305000,9.4377,0.2986
18.306000,9.4444,0.2986
18.307000,9.4559,0.2987
18.308000,9.4721,0.2987
18.309000,9.4930,0.2987
18.310000,9.5186,0.2987
18.311000,9.5022,0.2987
18.312000,9.4904,0.2988
18.313000,9.4834,0.2988
18.314000,9.4810,0.2988
18.315000,9.4833,0.2988
18.316000,9.4903,0.2988
18.317000,9.5020,0.2988
18.318000,9.5183,0.2988
18.319000,9.5393,0.2988
18.320000,9.5649,0.2988
18.320000,9.2842,0.3002
18.321000,9.2674,0.3002
18.322000,9.2552,0.3002
18.408000,9.7619,0.3012
18.409000,9.7839,0.3012
18.410000,9.8091,0.3013
18.411000,9.8077,0.3013
18.412000,9.8096,0.3013
18.413000,9.8146,0.3013
18.414000,9.8227,0.3013
18.415000,9.8339,0.3014
18.416000,9.8480,0.3014
18.417000,9.8650,0.3014
18.418000,9.8849,0.3014
18.419000,9.9076,0.3013
18.420000,9.9331,0.3014
18.421000,9.9370,0.3014
18.422000,9.9436,0.3014
18.423000,9.9529,0.3014
18.424000,9.9647,0.3014
18.425000,9.9790,0.3014
18.426000,9.9958,0.3013
18.427000,10.0149,0.3013
18.428000,10.0362,0.3014
18.429000,10.0598,0.3014
18.448000,10.4756,0.3015
18.449000,10.5024,0.3015
18.450000,10.5292,0.3014
18.451000,10.5603,0.3014
18.452000,10.5915,0.3014
18.453000,10.6225,0.3014
18.454000,10.6533,0.3013
18.467000,9.1589,0.3099
18.485000,9.3689,0.3101
18.486000,9.3817,0.3101
18.506000,9.6889,0.3105
18.513000,9.8074,0.3107
18.514000,9.8286,0.3107
18.537000,9.5204,0.3195
18.538000,9.5281,0.3195
18.562000,9.9194,0.3197
18.571000,10.0928,0.3198
18.572000,10.1297,0.3198
18.573000,10.1624,0.3198
18.574000,10.1909,0.3198
18.575000,10.2152,0.3198
18.576000,10.2353,0.3199
18.577000,10.2513,0.3199
18.578000,10.2630,0.3199
18.579000,10.2706,0.3199
18.580000,10.2741,0.3199
18.581000,10.3151,0.3199
18.582000,10.3520,0.3200
18.583000,10.3847,0.3200
18.584000,10.4132,0.3200
18.585000,10.4375,0.3200
18.586000,10.4577,0.3200
18.587000,10.4737,0.3200
18.588000,10.4856,0.3201
18.589000,10.4934,0.3201
18.590000,10.4970,0.3201
18.591000,10.5377,0.3201
18.592000,10.5742,0.3202
18.593000,10.6066,0.3202
18.594000,10.6348,0.3202
18.595000,10.6589,0.3203
18.596000,10.6789,0.3203
18.597000,10.6948,0.3203
18.598000,10.7066,0.3203
18.599000,10.7144,0.3204
18.600000,10.7182,0.3204
18.601000,10.7591,0.3204
18.602000,10.7959,0.3204
18.603000,10.8288,0.3204
18.604000,10.8576,0.3205
18.605000,10.8823,0.3205
18.606000,10.9029,0.3205
18.607000,10.9193,0.3205
18.608000,10.9315,0.3206
18.609000,10.9394,0.3206
18.610000,10.9432,0.3206
18.611000,10.9865,0.3206
18.612000,11.0254,0.3206
18.613000,11.0601,0.3206
18.614000,11.0903,0.3206
18.615000,11.1163,0.3206
18.616000,11.1379,0.3206
18.617000,11.1551,0.3206
18.618000,11.1681,0.3206
18.619000,11.1767,0.3206
18.620000,11.1810,0.3206
18.620000,8.7678,0.3218
18.620000,8.2175,0.3209
18.621000,8.2400,0.3209
18.622000,8.2581,0.3209
18.623000,8.2716,0.3209
18.624000,8.2807,0.3209
18.642000,7.7414,0.3187
18.643000,7.7542,0.3187
18.644000,7.7624,0.3187
18.645000,7.7659,0.3187
18.649000,7.7330,0.3187
18.654000,7.7745,0.3188
18.677000,7.8843,0.3101
18.678000,7.8724,0.3102
18.679000,7.8559,0.3102
18.681000,7.8544,0.3102
18.682000,7.8695,0.3103
18.683000,7.8800,0.3103
18.687000,7.8765,0.3104
18.689000,7.8476,0.3104
18.690000,7.8263,0.3104
18.691000,7.8452,0.3104
18.692000,7.8595,0.3105
18.693000,7.8693,0.3105
18.694000,7.8747,0.3105
18.695000,7.8756,0.3106
18.696000,7.8720,0.3106
18.697000,7.8640,0.3106
18.698000,7.8515,0.3106
18.704000,7.8585,0.3107
18.705000,7.8589,0.3107
18.706000,7.8548,0.3107
18.707000,7.8464,0.3107
18.723000,7.8082,0.3109
18.724000,7.8118,0.3109
18.725000,7.8111,0.3110
18.726000,7.8062,0.3110
18.726000,7.7753,0.3013
18.728000,7.7559,0.3014
18.731000,7.7370,0.3014
18.732000,7.7502,0.3014
18.740000,7.6892,0.2888
18.741000,7.7074,0.2888
18.742000,7.7214,0.2888
18.743000,7.7312,0.2888
18.746000,7.7352,0.2888
18.754000,7.7275,0.2888
18.755000,7.7285,0.2888
18.756000,7.7253,0.2888
18.766000,7.7153,0.2889
18.767000,7.7080,0.2889
18.768000,7.6965,0.2889
18.769000,7.6809,0.2890
18.770000,7.6611,0.2890
18.771000,7.6785,0.2890
18.772000,7.6917,0.2891
18.773000,7.7008,0.2891
18.774000,7.7057,0.2891
18.780000,7.6486,0.2891
18.781000,7.6654,0.2891
18.782000,7.6782,0.2891
18.783000,7.6868,0.2890
18.784000,7.6914,0.2890
18.785000,7.6918,0.2890
18.786000,7.6882,0.2889
18.787000,7.6805,0.2889
18.788000,7.6687,0.2889
18.788000,7.7501,0.2838
18.789000,7.7352,0.2838
18.790000,7.7161,0.2837
18.790000,7.2830,0.2852
18.820000,7.1308,0.2785
18.821000,7.1474,0.2785
18.822000,7.1601,0.2785
18.823000,7.1688,0.2785
18.824000,7.1736,0.2785
18.825000,7.1744,0.2785
18.826000,7.1713,0.2786
18.827000,7.1643,0.2786
18.828000,7.1533,0.2786
18.829000,7.1384,0.2786
18.830000,7.1196,0.2786
18.831000,7.1357,0.2786
18.832000,7.1480,0.2787
18.833000,7.1563,0.2787
18.834000,7.1607,0.2787
18.835000,7.1613,0.2787
18.836000,7.1579,0.2787
18.837000,7.1507,0.2787
18.838000,7.1396,0.2787
18.839000,7.1247,0.2787
18.840000,7.1058,0.2787
18.841000,7.1217,0.2787
18.842000,7.1337,0.2787
18.843000,7.1419,0.2787
18.844000,7.1461,0.2787
18.858000,7.1079,0.2788
18.859000,7.0928,0.2787
18.860000,7.0740,0.2787
18.861000,7.0892,0.2787
18.862000,7.1005,0.2787
18.863000,7.1081,0.2787
18.864000,7.1118,0.2787
18.865000,7.1118,0.2787
18.866000,7.1081,0.2787
18.867000,7.1005,0.2787
18.868000,7.0892,0.2787
18.869000,7.0741,0.2787
18.869000,7.2362,0.2715
18.870000,7.2183,0.2715
18.870000,7.0702,0.2705
18.871000,7.0864,0.2705
18.872000,7.0988,0.2706
18.873000,7.1074,0.2706
18.874000,7.1124,0.2706
18.875000,7.1135,0.2707
18.876000,7.1110,0.2707
18.877000,7.1047,0.2707
18.878000,7.0947,0.2708
18.879000,7.0809,0.2708
18.880000,7.0634,0.2708
18.881000,7.0792,0.2709
18.882000,7.0913,0.2709
18.883000,7.0996,0.2709
18.884000,7.1043,0.2710
18.885000,7.1052,0.2710
18.886000,7.1025,0.2710
18.887000,7.0961,0.2711
18.888000,7.0859,0.2711
18.889000,7.0722,0.2711
18.890000,7.0547,0.2712
18.891000,7.0702,0.2712
18.892000,7.0820,0.2712
18.893000,7.0902,0.2712
18.894000,7.0946,0.2712
18.894000,7.1019,0.2711
18.895000,7.1031,0.2711
18.896000,7.1007,0.2711
18.897000,7.0946,0.2711
18.898000,7.0848,0.2711
18.899000,7.0714,0.2712
18.900000,7.0543,0.2712
18.901000,7.0698,0.2712
18.902000,7.0818,0.2712
18.903000,7.0900,0.2712
18.904000,7.0947,0.2712
18.928000,6.8816,0.2725
18.929000,6.8683,0.2725
18.930000,6.8514,0.2725
18.931000,6.8659,0.2726
18.932000,6.8770,0.2726
18.933000,6.8846,0.2726
18.934000,6.8886,0.2726
18.935000,6.8892,0.2727
18.935000,6.8377,0.2711
18.973000,6.7948,0.2714
18.982000,6.7759,0.2715
18.983000,6.7829,0.2715
18.988000,6.7687,0.2716
18.989000,6.7559,0.2716
18.990000,6.7399,0.2716
18.991000,6.7534,0.2716
18.992000,6.7636,0.2716
18.993000,6.7706,0.2716
18.994000,6.7742,0.2716
18.995000,6.7746,0.2716
18.996000,6.7717,0.2716
18.997000,6.7656,0.2716
18.998000,6.7562,0.2717
18.999000,6.7436,0.2716
19.000000,6.7277,0.2716
19.001000,6.7410,0.2716
19.002000,6.7511,0.2716
19.003000,6.7580,0.2716
19.004000,6.7616,0.2716
19.005000,6.7620,0.2716
19.006000,6.7592,0.2716
19.007000,6.7531,0.2716
19.008000,6.7439,0.2716
19.009000,6.7313,0.2716
19.010000,6.7156,0.2716
19.011000,6.7288,0.2716
19.012000,6.7388,0.2717
19.013000,6.7455,0.2717
19.014000,6.7491,0.2717
19.015000,6.7495,0.2717
19.016000,6.7467,0.2717
19.017000,6.7407,0.2717
19.018000,6.7315,0.2717
19.019000,6.7191,0.2717
19.020000,6.7035,0.2718
19.021000,6.7166,0.2718
19.021000,6.7350,0.2707
19.021000,6.7787,0.2668
19.022000,6.7900,0.2668
19.023000,6.7981,0.2668
19.024000,6.8030,0.2668
19.025000,6.8048,0.2668
19.026000,6.8034,0.2668
19.027000,6.7988,0.2668
19.028000,6.7911,0.2668
19.029000,6.7803,0.2668
19.030000,6.7663,0.2668
19.031000,6.7805,0.2668
19.032000,6.7917,0.2668
19.033000,6.7997,0.2668
19.034000,6.8045,0.2668
19.034000,6.4872,0.2691
19.035000,6.4891,0.2691
19.036000,6.4879,0.2691
19.037000,6.4835,0.2691
19.038000,6.4761,0.2691
19.039000,6.4655,0.2691
19.040000,6.4518,0.2691
19.041000,6.4661,0.2691
19.042000,6.4774,0.2691
19.043000,6.4855,0.2691
19.044000,6.4905,0.2692
19.045000,6.4924,0.2692
19.046000,6.4912,0.2692
19.047000,6.4869,0.2693
19.048000,6.4796,0.2693
19.049000,6.4691,0.2693
19.050000,6.4556,0.2693
19.051000,6.4698,0.2694
19.052000,6.4809,0.2694
19.053000,6.4889,0.2694
19.054000,6.4938,0.2695
19.054000,6.3401,0.2641
19.055000,6.3418,0.2642
19.056000,6.3405,0.2642
19.057000,6.3361,0.2642
19.058000,6.3287,0.2642
19.059000,6.3182,0.2642
19.060000,6.3047,0.2643
19.061000,6.3186,0.2643
19.062000,6.3294,0.2643
19.063000,6.3372,0.2643
19.064000,6.3420,0.2643
19.065000,6.3438,0.2643
19.066000,6.3425,0.2643
19.072000,6.3316,0.2642
19.073000,6.3394,0.2642
19.074000,6.3441,0.2643
19.075000,6.3459,0.2643
19.076000,6.3447,0.2643
19.077000,6.3404,0.2643
19.078000,6.3332,0.2643
19.105000,6.3546,0.2644
19.106000,6.3535,0.2644
19.107000,6.3496,0.2645
19.108000,6.3428,0.2645
19.109000,6.3331,0.2645
19.110000,6.3205,0.2645
19.122000,6.3613,0.2627
19.123000,6.3692,0.2628
19.124000,6.3742,0.2628
19.131000,6.2696,0.2616
19.132000,6.2804,0.2616
19.133000,6.2883,0.2616
19.134000,6.2935,0.2616
19.135000,6.2958,0.2616
19.136000,6.2954,0.2616
19.137000,6.2921,0.2615
19.138000,6.2861,0.2615
19.139000,6.2772,0.2615
19.140000,6.2656,0.2616
19.141000,6.2791,0.2616
19.142000,6.2898,0.2616
19.153000,6.3079,0.2618
19.154000,6.3131,0.2618
19.155000,6.3156,0.2619
19.156000,6.3153,0.2619
19.156000,5.9728,0.2586
19.157000,5.9697,0.2586
19.158000,5.9639,0.2587
19.159000,5.9554,0.2587
19.160000,5.9441,0.2587
19.161000,5.9575,0.2587
19.182000,5.9922,0.2591
19.183000,6.0002,0.2591
19.184000,6.0055,0.2591
19.185000,6.0082,0.2591
19.186000,6.0082,0.2591
19.187000,6.0056,0.2592
19.188000,6.0004,0.2592
19.189000,5.9926,0.2592
19.190000,5.9822,0.2592
19.191000,5.9954,0.2592
19.192000,6.0061,0.2592
19.193000,6.0141,0.2592
19.194000,6.0195,0.2592
19.195000,6.0223,0.2592
19.197000,5.8898,0.2452
19.198000,5.8840,0.2452
19.199000,5.8756,0.2451
19.200000,5.8646,0.2452
19.201000,5.8771,0.2452
19.202000,5.8871,0.2452
19.203000,5.8944,0.2452
19.204000,5.8991,0.2452
19.205000,5.9012,0.2452
19.206000,5.9007,0.2452
19.207000,5.8975,0.2452
19.208000,5.8918,0.2452
19.209000,5.8835,0.2452
19.210000,5.8727,0.2452
19.211000,5.8851,0.2452
19.212000,5.8950,0.2452
19.218000,5.9003,0.2451
19.220000,5.8394,0.2454
19.221000,5.8521,0.2454
19.222000,5.8624,0.2453
19.223000,5.8701,0.2453
19.224000,5.8752,0.2453
19.225000,5.8778,0.2453
19.226000,5.8779,0.2453
19.227000,5.8754,0.2453
19.228000,5.8704,0.2453
19.229000,5.8629,0.2453
19.229000,5.5714,0.2339
19.230000,5.5608,0.2339
19.232000,5.5826,0.2340
19.237000,5.5930,0.2340
19.238000,5.5876,0.2340
19.239000,5.5797,0.2340
19.240000,5.5692,0.2340
19.241000,5.5814,0.2341
19.242000,5.5911,0.2341
19.243000,5.5983,0.2341
19.244000,5.6030,0.2341
19.245000,5.6052,0.2341
19.246000,5.6049,0.2341
19.247000,5.6021,0.2341
19.278000,5.3223,0.2390
19.285000,5.3447,0.2390
19.299000,5.0465,0.2406
19.304000,5.0749,0.2407
19.311000,5.0747,0.2409
19.317000,5.1034,0.2411
19.325000,5.1292,0.2414
19.351000,5.0049,0.2235
19.352000,5.0150,0.2236
19.353000,5.0230,0.2236
19.354000,5.0287,0.2236
19.355000,5.0324,0.2236
19.356000,5.0338,0.2237
19.357000,5.0331,0.2237
19.358000,5.0303,0.2237
19.359000,5.0253,0.2237
19.360000,5.0182,0.2236
19.361000,5.0301,0.2236
19.362000,5.0399,0.2236
19.363000,5.0476,0.2236
19.364000,5.0531,0.2236
19.365000,5.0565,0.2237
19.366000,5.0578,0.2237
19.367000,5.0569,0.2237
19.368000,5.0540,0.2238
19.369000,5.0489,0.2238
19.370000,5.0418,0.2238
19.371000,5.0534,0.2238
19.372000,5.0629,0.2238
19.373000,5.0703,0.2239
19.374000,5.0756,0.2239
19.375000,5.0788,0.2239
19.376000,5.0799,0.2240
19.377000,5.0790,0.2240
19.378000,5.0759,0.2240
19.379000,5.0709,0.2241
19.380000,5.0637,0.2241
19.381000,5.0750,0.2240
19.382000,5.0842,0.2240
19.383000,5.0913,0.2240
19.384000,5.0964,0.2240
19.385000,5.0995,0.2240
19.386000,5.1005,0.2240
19.387000,5.0994,0.2240
19.388000,5.0964,0.2240
19.389000,5.0913,0.2240
19.390000,5.0842,0.2240
19.391000,5.0952,0.2240
19.392000,5.1042,0.2240
19.393000,5.1111,0.2240
19.394000,5.1160,0.2240
19.402000,5.1233,0.2239
19.411000,5.1334,0.2240
19.412000,5.1420,0.2240
19.431000,5.3738,0.2230
19.432000,5.3848,0.2230
19.433000,5.3938,0.2230
19.434000,5.4010,0.2230
19.436000,5.4095,0.2230
19.437000,5.4109,0.2230
19.438000,5.4105,0.2230
19.439000,5.4081,0.2229
19.440000,5.4039,0.2229
19.441000,5.4163,0.2229
19.442000,5.4268,0.2229
19.443000,5.4355,0.2229
19.444000,5.4422,0.2230
19.445000,5.4471,0.2230
19.446000,5.4501,0.2230
19.447000,5.4512,0.2231
19.448000,5.4505,0.2231
19.449000,5.4480,0.2231
19.450000,5.4436,0.2231
19.451000,5.4555,0.2232
19.452000,5.4656,0.2232
19.453000,5.4738,0.2232
19.471000,5.5257,0.2231
19.472000,5.5352,0.2230
19.473000,5.5430,0.2230
19.474000,5.5490,0.2230
19.475000,5.5532,0.2230
19.476000,5.5557,0.2230
19.477000,5.5565,0.2230
19.478000,5.5556,0.2230
19.479000,5.5530,0.2230
19.480000,5.5487,0.2230
19.481000,5.5600,0.2230
19.482000,5.5697,0.2230
19.483000,5.5776,0.2230
19.484000,5.5838,0.2230
19.485000,5.5884,0.2230
19.486000,5.5912,0.2230
19.487000,5.5924,0.2230
19.488000,5.5919,0.2230
19.489000,5.5898,0.2230
19.490000,5.5860,0.2230
19.491000,5.5977,0.2230
19.492000,5.6077,0.2231
19.493000,5.6160,0.2231
19.494000,5.6227,0.2231
19.495000,5.6277,0.2231
19.496000,5.6311,0.2231
19.497000,5.6329,0.2231
19.504000,5.2185,0.2054
19.505000,5.2244,0.2055
19.506000,5.2286,0.2055
19.507000,5.2311,0.2055
19.508000,5.2319,0.2055
19.509000,5.2310,0.2055
19.510000,5.2284,0.2054
19.511000,5.2048,0.2054
19.511000,4.8030,0.1901
19.511000,4.3031,0.1776
19.512000,4.2754,0.1776
19.527000,3.8748,0.1773
19.528000,3.8564,0.1773
19.529000,3.8426,0.1772
19.530000,3.8334,0.1772
19.531000,3.7830,0.1772
19.532000,3.7378,0.1772
19.535000,3.6320,0.1771
19.536000,3.6062,0.1771
19.537000,3.5850,0.1771
19.538000,3.5683,0.1771
19.539000,3.5559,0.1771
19.540000,3.5478,0.1770
19.541000,3.5034,0.1771
19.542000,3.4638,0.1771
19.543000,3.4289,0.1771
19.552000,3.2347,0.1771
19.553000,3.2064,0.1771
19.554000,3.1822,0.1770
19.555000,3.1618,0.1770
19.556000,3.1452,0.1770
19.557000,3.1321,0.1770
19.558000,3.1223,0.1770
19.559000,3.1158,0.1770
19.560000,3.1124,0.1770
19.561000,3.0810,0.1770
19.562000,3.0538,0.1770
19.563000,3.0304,0.1770
19.564000,3.0107,0.1770
19.565000,2.9944,0.1770
19.566000,2.9815,0.1770
19.567000,2.9719,0.1770
19.568000,2.9655,0.1770
19.569000,2.9623,0.1770
19.570000,2.9620,0.1770
19.571000,2.9346,0.1770
19.585000,2.8378,0.1767
19.588000,2.8478,0.1766
19.596000,2.9001,0.1764
19.598000,2.9181,0.1765
19.599000,2.9269,0.1765
19.600000,2.9355,0.1765
19.601000,2.9481,0.1765
19.601000,4.3498,0.1681
19.602000,4.3375,0.1681
19.618000,4.3650,0.1684
19.629000,4.3803,0.1687
19.630000,4.4043,0.1687
19.631000,4.3794,0.1687
19.632000,4.3601,0.1687
19.633000,4.3462,0.1687
19.634000,4.3378,0.1687
19.634000,3.3454,0.1541
19.635000,3.3346,0.1541
19.636000,3.3287,0.1541
19.637000,3.3278,0.1541
19.638000,3.3317,0.1541
19.639000,3.3405,0.1541
19.640000,3.3541,0.1541
19.641000,3.3241,0.1541
19.642000,3.2993,0.1541
19.643000,3.2795,0.1541
19.651000,3.3891,0.1460
19.652000,3.3697,0.1460
19.653000,3.3557,0.1460
19.654000,3.3470,0.1460
19.661000,3.3783,0.1459
19.672000,3.3517,0.1458
19.677000,3.1666,0.1354
19.678000,3.1782,0.1354
19.679000,3.1950,0.1354
19.680000,3.2171,0.1354
19.681000,3.1922,0.1354
19.682000,3.1726,0.1354
19.693000,3.1471,0.1354
19.694000,3.1387,0.1354
19.695000,3.1352,0.1354
19.696000,3.1368,0.1354
19.697000,3.1433,0.1354
19.702000,3.1515,0.1354
19.703000,3.1385,0.1354
19.704000,3.1305,0.1354
19.705000,3.1273,0.1354
19.707000,3.1356,0.1354
19.708000,3.1470,0.1354
19.709000,3.1632,0.1354
19.710000,3.1843,0.1354
19.711000,3.1619,0.1354
19.712000,3.1445,0.1354
19.713000,3.1320,0.1354
19.714000,3.1244,0.1354
19.715000,3.1215,0.1355
19.716000,3.1234,0.1355
19.717000,3.1300,0.1355
19.718000,3.1412,0.1355
19.719000,3.1573,0.1355
19.720000,3.1780,0.1355
19.721000,3.1564,0.1355
19.722000,3.1397,0.1355
19.723000,3.1277,0.1355
19.724000,3.1205,0.1355
19.725000,3.1179,0.1355
19.726000,3.1199,0.1356
19.726000,3.2981,0.1447
19.726000,3.0425,0.1325
19.727000,3.0483,0.1325
19.728000,3.0587,0.1325
19.729000,3.0739,0.1326
19.730000,3.0937,0.1326
19.731000,3.0718,0.1326
19.732000,3.0547,0.1326
19.733000,3.0424,0.1325
19.734000,3.0347,0.1325
19.735000,3.0315,0.1325
19.736000,3.0329,0.1325
19.737000,3.0388,0.1325
19.738000,3.0492,0.1325
19.739000,3.0641,0.1326
19.740000,3.0835,0.1326
19.741000,3.0626,0.1326
19.742000,3.0463,0.1326
19.743000,3.0346,0.1326
19.744000,3.0273,0.1326
19.745000,3.0246,0.1326
19.746000,3.0261,0.1326
19.747000,3.0321,0.1326
19.748000,3.0424,0.1326
19.749000,3.0571,0.1326
19.750000,3.0762,0.1326
19.751000,2.9364,0.1326
19.752000,2.8020,0.1325
19.753000,2.6735,0.1325
19.753000,2.6865,0.1280
19.754000,2.5701,0.1280
19.755000,2.4692,0.1280
19.756000,2.3965,0.1280
19.757000,2.3551,0.1280
19.758000,2.3411,0.1280
19.759000,2.3506,0.1280
19.760000,2.3803,0.1280
19.761000,2.2936,0.1280
19.762000,2.2230,0.1280
19.763000,2.1667,0.1280
19.764000,2.1231,0.1280
19.765000,2.0908,0.1280
19.766000,2.0688,0.1280
19.767000,2.0563,0.1280
19.768000,2.0526,0.1280
19.769000,2.0572,0.1280
19.770000,2.0696,0.1281
19.771000,2.0339,0.1281
19.772000,2.0051,0.1281
19.773000,1.9832,0.1281
19.774000,1.9677,0.1281
19.775000,1.9587,0.1281
19.776000,1.9558,0.1281
19.777000,1.9591,0.1281
19.778000,1.9683,0.1281
19.779000,1.9835,0.1281
19.780000,2.0046,0.1281
19.781000,1.9765,0.1281
19.782000,1.9543,0.1281
19.783000,1.9378,0.1281
19.784000,1.9270,0.1281
19.785000,1.9218,0.1281
19.786000,1.9222,0.1281
19.787000,1.9281,0.1281
19.788000,1.9394,0.1281
19.789000,1.9563,0.1281
19.790000,1.9785,0.1281
19.791000,1.9527,0.1281
19.792000,1.9323,0.1281
19.793000,1.9175,0.1280
19.824000,4.0908,0.1277
19.825000,4.1356,0.1277
19.826000,4.1689,0.1277
19.827000,4.1918,0.1277
19.828000,4.2054,0.1277
19.829000,4.2104,0.1277
19.860000,3.2574,0.1308
19.861000,3.2592,0.1308
19.865000,3.3006,0.1308
19.866000,3.3197,0.1309
19.867000,3.3425,0.1309
19.868000,3.3691,0.1309
19.869000,3.3994,0.1309
19.870000,3.4337,0.1309
19.871000,3.4368,0.1309
19.872000,3.4434,0.1309
19.892000,3.8642,0.1308
19.894000,3.8958,0.1308
19.895000,3.9173,0.1308
19.896000,3.9426,0.1308
19.897000,3.9717,0.1308
19.898000,4.0047,0.1308
19.899000,4.0416,0.1308
19.900000,4.0825,0.1309
19.901000,4.0900,0.1309
19.902000,4.1014,0.1309
19.903000,4.1165,0.1309
19.904000,4.1354,0.1308
19.905000,4.1581,0.1308
19.906000,4.1848,0.1308
19.907000,4.2153,0.1307
19.908000,4.2498,0.1307
19.909000,4.2882,0.1307
19.910000,4.3306,0.1306
19.911000,4.3390,0.1306
19.912000,4.3512,0.1306
19.913000,4.3672,0.1306
19.914000,4.3871,0.1306
19.915000,4.4109,0.1305
19.916000,4.4386,0.1306
19.917000,4.4703,0.1306
19.918000,4.5059,0.1305
19.919000,4.5455,0.1305
19.920000,4.5892,0.1305
19.921000,4.5987,0.1305
19.922000,4.6120,0.1305
19.923000,4.6293,0.1305
19.924000,4.6504,0.1305
19.925000,4.6753,0.1305
19.926000,4.7042,0.1305
19.927000,4.7370,0.1305
19.928000,4.7738,0.1305
19.929000,4.8145,0.1305
19.930000,4.8592,0.1305
19.931000,4.8695,0.1305
19.932000,4.8836,0.1304
19.933000,4.9016,0.1304
19.934000,4.9235,0.1304
19.935000,4.9493,0.1304
19.936000,4.9791,0.1304
19.937000,5.0127,0.1303
19.938000,5.0503,0.1303
19.939000,5.0919,0.1303
19.939000,2.6233,0.1286
19.940000,2.6319,0.1286
19.941000,2.6233,0.1285
19.942000,2.6167,0.1285
19.942000,2.0271,0.1319
19.943000,2.0176,0.1318
19.944000,2.0104,0.1318
19.945000,2.0055,0.1318
19.946000,2.0030,0.1318
19.947000,2.0028,0.1317
19.948000,2.0048,0.1317
19.949000,2.0093,0.1317
19.950000,2.0161,0.1317
19.951000,2.0026,0.1316
19.952000,1.9915,0.1316
19.953000,1.9828,0.1316
19.954000,1.9764,0.1316
19.954000,2.2832,0.1336
19.955000,2.2783,0.1335
19.956000,2.2761,0.1335
19.957000,2.2767,0.1336
19.958000,2.2801,0.1336
19.959000,2.2862,0.1335
19.960000,2.2951,0.1335
19.961000,2.2797,0.1335
19.962000,2.2672,0.1336
19.963000,2.2574,0.1336
19.964000,2.2503,0.1336
19.965000,2.2458,0.1336
19.966000,2.2440,0.1336
19.967000,2.2448,0.1336
19.968000,2.2483,0.1336
19.969000,2.2544,0.1336
19.970000,2.2633,0.1336
19.971000,2.2483,0.1337
19.972000,2.2361,0.1337
19.973000,2.2266,0.1337
19.974000,2.2197,0.1337
19.975000,2.2154,0.1337
19.976000,2.2136,0.1336
19.977000,2.2145,0.1336
19.978000,2.2179,0.1336
19.979000,2.2240,0.1336
19.980000,2.2327,0.1336
19.981000,2.2181,0.1336
19.982000,2.2062,0.1336
19.983000,2.1970,0.1336
19.984000,2.1903,0.1336
19.985000,2.1861,0.1336
19.986000,2.1845,0.1336
19.987000,2.1855,0.1336
19.988000,2.1889,0.1336
19.989000,2.1949,0.1336
19.990000,2.2035,0.1336
19.991000,2.1898,0.1336
19.992000,2.1786,0.1336
19.993000,2.1700,0.1336
20.015000,2.4156,0.1333
20.019000,2.4254,0.1333
20.110000,1.9442,0.1477
20.146000,2.8907,0.1475
20.147000,2.9308,0.1475
20.148000,2.9739,0.1475
20.149000,3.0200,0.1475
20.150000,3.0691,0.1475
20.151000,3.0955,0.1474
20.152000,3.1248,0.1474
20.153000,3.1571,0.1474
20.154000,3.1924,0.1474
20.155000,3.2305,0.1474
20.156000,3.2717,0.1474
20.157000,3.3158,0.1474
20.158000,3.3628,0.1474
20.159000,3.4129,0.1474
20.160000,3.4659,0.1474
20.161000,3.4984,0.1474
20.162000,3.5339,0.1474
20.163000,3.5723,0.1474
20.164000,3.6137,0.1474
20.165000,3.6579,0.1474
20.166000,3.7052,0.1474
20.167000,3.7554,0.1474
20.168000,3.8085,0.1473
20.169000,3.8647,0.1473
20.170000,3.9238,0.1473
20.148000,1.4961,0.1477
20.149000,1.5018,0.1476
20.150000,1.5102,0.1476
20.151000,1.4963,0.1476
20.152000,1.4850,0.1476
20.152000,1.5232,0.1564
20.153000,1.5140,0.1564
20.154000,1.5076,0.1564
20.155000,1.5039,0.1564
20.156000,1.5030,0.1563
20.157000,1.5047,0.1563
20.158000,1.5093,0.1563
20.159000,1.5165,0.1562
20.160000,1.5265,0.1562
20.161000,1.5145,0.1562
20.162000,1.5051,0.1561
20.163000,1.4984,0.1561
20.164000,1.4944,0.1561
20.165000,1.4931,0.1560
20.166000,1.4944,0.1560
20.167000,1.4985,0.1560
20.171000,4.0002,0.1473
20.172000,4.0795,0.1472
20.173000,4.1619,0.1472
20.174000,4.2472,0.1472
20.175000,4.3355,0.1472
20.176000,4.4268,0.1472
20.177000,4.5211,0.1472
20.178000,4.6183,0.1472
20.179000,4.7186,0.1472
20.180000,4.8219,0.1472
20.168000,1.5052,0.1560
20.169000,1.5142,0.1560
20.170000,1.5245,0.1559
20.171000,1.5492,0.1559
20.172000,1.5739,0.1559
20.173000,1.5982,0.1559
20.174000,1.6216,0.1559
20.175000,1.6438,0.1559
20.176000,1.6646,0.1558
20.177000,1.6837,0.1558
20.178000,1.7009,0.1558
20.179000,1.7160,0.1557
20.180000,1.7290,0.1557
20.181000,4.9580,0.1472
20.182000,5.0971,0.1472
20.183000,5.2392,0.1471
20.184000,5.3842,0.1471
20.185000,5.5323,0.1471
20.186000,5.6834,0.1471
20.187000,5.8375,0.1471
20.188000,5.9946,0.1471
20.189000,6.1547,0.1470
20.190000,6.3178,0.1470
20.181000,1.7688,0.1557
20.182000,1.8062,0.1557
20.183000,1.8412,0.1557
20.184000,1.8736,0.1557
20.185000,1.9034,0.1557
20.186000,1.9306,0.1556
20.187000,1.9550,0.1556
20.187000,1.4478,0.1377
20.188000,1.4445,0.1377
20.189000,1.4385,0.1376
20.190000,1.4295,0.1376
20.191000,6.5149,0.1470
20.192000,6.7150,0.1470
20.193000,6.9181,0.1470
20.194000,7.1242,0.1470
20.195000,7.3333,0.1469
20.191000,1.4483,0.1376
20.192000,1.4643,0.1376
20.193000,1.4773,0.1376
20.194000,1.4873,0.1375
20.195000,1.4943,0.1375
20.196000,1.4983,0.1375
20.197000,1.4993,0.1375
20.198000,1.4972,0.1375
20.199000,1.4922,0.1375
20.200000,1.4841,0.1375
20.201000,1.5168,0.1375
20.202000,1.5464,0.1375
20.203000,1.5724,0.1375
20.204000,1.5942,0.1375
20.205000,1.6117,0.1374
20.206000,1.6245,0.1374
20.207000,1.6324,0.1374
20.208000,1.6352,0.1375
20.209000,1.6327,0.1375
20.210000,1.6249,0.1375
20.211000,1.6720,0.1375
20.212000,1.7136,0.1375
20.213000,1.7497,0.1374
20.214000,1.7801,0.1374
20.215000,1.8047,0.1374
20.216000,1.8236,0.1373
20.233000,2.0060,0.1539
20.244000,2.2144,0.1540
20.245000,2.2354,0.1540
20.246000,2.2505,0.1540
20.247000,2.2598,0.1540
20.248000,2.2633,0.1540
20.249000,2.2611,0.1540
20.250000,2.2531,0.1540
20.251000,2.2968,0.1540
20.252000,2.3347,0.1540
20.253000,2.3669,0.1539
20.254000,2.3933,0.1539
20.255000,2.4140,0.1539
20.256000,2.4289,0.1539
20.257000,2.4381,0.1539
20.258000,2.4416,0.1538
20.259000,2.4394,0.1538
20.260000,2.4316,0.1538
20.261000,2.4749,0.1537
20.262000,2.5125,0.1537
20.263000,2.5444,0.1537
20.264000,2.5707,0.1537
20.265000,2.5912,0.1537
20.266000,2.6060,0.1537
20.267000,2.6152,0.1537
20.268000,2.6187,0.1537
20.269000,2.6166,0.1537
20.270000,2.6088,0.1537
20.271000,2.6516,0.1537
20.272000,2.6888,0.1537
20.273000,2.7203,0.1537
20.274000,2.7462,0.1537
20.275000,2.7664,0.1537
20.276000,2.7811,0.1537
20.277000,2.7901,0.1537
20.278000,2.7936,0.1537
20.279000,2.7915,0.1537
20.280000,2.7838,0.1537
20.281000,2.8259,0.1537
20.282000,2.8625,0.1536
20.283000,2.8936,0.1536
20.284000,2.9191,0.1536
20.285000,2.9390,0.1536
20.286000,2.9534,0.1536
20.287000,2.9622,0.1536
20.288000,2.9656,0.1536
20.289000,2.9634,0.1536
20.290000,2.9558,0.1535
20.291000,2.9973,0.1535
20.292000,3.0334,0.1535
20.292000,2.0373,0.1606
20.292000,2.4321,0.1786
20.293000,2.4486,0.1786
20.294000,2.4607,0.1786
20.295000,2.4683,0.1785
20.296000,2.4715,0.1785
20.297000,2.4702,0.1785
20.298000,2.4645,0.1785
20.299000,2.4545,0.1785
20.300000,2.4403,0.1785
20.301000,2.4651,0.1785
20.302000,2.4855,0.1785
20.303000,2.5016,0.1785
20.304000,2.5133,0.1785
20.304000,2.3947,0.1733
20.305000,2.4022,0.1733
20.306000,2.4053,0.1733
20.307000,2.4040,0.1733
20.308000,2.3983,0.1733
20.309000,2.3882,0.1734
20.310000,2.3740,0.1734
20.311000,2.3986,0.1734
20.312000,2.4190,0.1734
20.313000,2.4350,0.1734
20.314000,2.4467,0.1734
20.315000,2.4539,0.1734
20.316000,2.4569,0.1735
20.317000,2.4555,0.1735
20.318000,2.4498,0.1735
20.319000,2.4398,0.1735
20.320000,2.4257,0.1735
20.321000,2.4497,0.1736
20.322000,2.4695,0.1736
20.323000,2.4850,0.1736
20.324000,2.4963,0.1736
20.325000,2.5032,0.1736
20.326000,2.5059,0.1737
20.327000,2.5043,0.1737
20.328000,2.4986,0.1737
20.329000,2.4887,0.1737
20.330000,2.4747,0.1737
20.331000,2.4979,0.1736
20.332000,2.5170,0.1736
20.333000,2.5319,0.1736
20.334000,2.5427,0.1736
20.335000,2.5492,0.1736
20.336000,2.5516,0.1736
20.337000,2.5499,0.1735
20.338000,2.5440,0.1735
20.339000,2.5341,0.1735
20.340000,2.5202,0.1735
20.340000,2.0932,0.1564
20.359000,2.1780,0.1563
20.360000,2.1610,0.1563
20.361000,2.1843,0.1563
20.362000,2.2031,0.1563
20.363000,2.2174,0.1563
20.364000,2.2272,0.1563
20.365000,2.2325,0.1563
20.366000,2.2333,0.1563
20.367000,2.2297,0.1563
20.368000,2.2215,0.1563
20.369000,2.2090,0.1563
20.370000,2.1921,0.1563
20.371000,2.2149,0.1563
20.400000,2.2732,0.1561
20.401000,2.2941,0.1561
20.402000,2.3108,0.1561
20.403000,2.3234,0.1561
20.404000,2.3318,0.1561
20.405000,2.3360,0.1561
20.406000,2.3360,0.1561
20.407000,2.3319,0.1561
20.408000,2.3237,0.1561
20.409000,2.3114,0.1561
20.410000,2.2952,0.1561
20.411000,2.3153,0.1561
20.412000,2.3314,0.1562
20.413000,2.3435,0.1562
20.414000,2.3514,0.1562
20.415000,2.3552,0.1562
20.416000,2.3550,0.1562
20.417000,2.3508,0.1563
20.418000,2.3425,0.1563
20.419000,2.3302,0.1563
20.420000,2.3141,0.1563
20.421000,2.3337,0.1563
20.422000,2.3493,0.1563
20.423000,2.3610,0.1563
20.424000,2.3686,0.1563
20.425000,2.3723,0.1563
20.426000,2.3720,0.1563
20.427000,2.3677,0.1563
20.428000,2.3594,0.1563
20.429000,2.3474,0.1563
20.430000,2.3314,0.1563
20.431000,2.3505,0.1563
20.432000,2.3656,0.1563
20.433000,2.3768,0.1563
20.434000,2.3841,0.1563
20.435000,2.3875,0.1563
20.436000,2.3870,0.1564
20.437000,2.3827,0.1564
20.438000,2.3745,0.1564
20.439000,2.3625,0.1564
20.440000,2.3467,0.1565
20.441000,2.3651,0.1564
20.442000,2.3798,0.1564
20.443000,2.3906,0.1564
20.444000,2.3976,0.1564
20.445000,2.4007,0.1564
20.446000,2.4001,0.1564
20.447000,2.3956,0.1564
20.448000,2.3874,0.1564
20.449000,2.3755,0.1564
20.450000,2.3600,0.1564
20.450000,2.1966,0.1488
20.450000,2.4988,0.1611
20.451000,2.5173,0.1611
20.452000,2.5324,0.1610
20.453000,2.5440,0.1610
20.454000,2.5522,0.1611
20.455000,2.5569,0.1611
20.456000,2.5580,0.1611
20.457000,2.5557,0.1611
20.458000,2.5500,0.1611
20.459000,2.5408,0.1611
20.460000,2.5284,0.1611
20.461000,2.5463,0.1611
20.462000,2.5609,0.1611
20.463000,2.5721,0.1611
20.464000,2.5798,0.1611
20.465000,2.5842,0.1612
20.466000,2.5851,0.1612
20.467000,2.5825,0.1612
20.468000,2.5766,0.1612
20.469000,2.5674,0.1612
20.470000,2.5549,0.1613
20.471000,2.5724,0.1613
20.472000,2.5865,0.1613
20.473000,2.5973,0.1613
20.474000,2.6047,0.1613
20.475000,2.6087,0.1612
20.476000,2.6094,0.1612
20.477000,2.6067,0.1612
20.478000,2.6007,0.1612
20.479000,2.5914,0.1612
20.480000,2.5789,0.1612
20.481000,2.5958,0.1612
20.482000,2.6094,0.1612
20.483000,2.6198,0.1612
20.484000,2.6268,0.1612
20.485000,2.6305,0.1612
20.486000,2.6309,0.1612
20.487000,2.6280,0.1612
20.488000,2.6219,0.1612
20.489000,2.6125,0.1612
20.490000,2.6000,0.1612
20.491000,2.6163,0.1612
20.492000,2.6294,0.1612
20.493000,2.6394,0.1612
20.493000,2.5374,0.1615
20.494000,2.5443,0.1615
20.495000,2.5483,0.1615
20.496000,2.5495,0.1615
20.497000,2.5477,0.1615
20.498000,2.5431,0.1615
20.499000,2.5357,0.1615
20.500000,2.5256,0.1615
20.501000,2.5406,0.1615
20.502000,2.5529,0.1615
20.503000,2.5623,0.1615
20.504000,2.5690,0.1615
20.504000,2.1828,0.1519
20.505000,2.1865,0.1519
20.506000,2.1871,0.1519
20.507000,2.1844,0.1519
20.508000,2.1786,0.1519
20.509000,2.1697,0.1519
20.510000,2.1578,0.1519
20.511000,2.1737,0.1519
20.512000,2.1866,0.1519
20.513000,2.1964,0.1519
20.514000,2.2030,0.1519
20.558000,2.2508,0.1514
20.559000,2.2415,0.1515
20.560000,2.2294,0.1515
20.561000,2.2431,0.1515
20.562000,2.2540,0.1515
20.563000,2.2620,0.1515
20.564000,2.2671,0.1515
20.565000,2.2693,0.1515
20.566000,2.2685,0.1515
20.567000,2.2649,0.1515
20.568000,2.2584,0.1515
20.569000,2.2490,0.1515
20.570000,2.2369,0.1514
20.571000,2.2502,0.1514
20.572000,2.2606,0.1514
20.573000,2.2683,0.1514
20.574000,2.2730,0.1513
20.575000,2.2749,0.1513
20.576000,2.2739,0.1513
20.577000,2.2701,0.1513
20.578000,2.2635,0.1513
20.579000,2.2541,0.1513
20.580000,2.2420,0.1513
20.581000,2.2547,0.1513
20.582000,2.2647,0.1513
20.583000,2.2720,0.1513
20.584000,2.2764,0.1514
20.585000,2.2781,0.1514
20.590000,2.2447,0.1514
20.593000,2.2735,0.1514
20.594000,2.2776,0.1515
20.595000,2.2790,0.1515
20.601000,2.2572,0.1514
20.602000,2.2664,0.1514
20.603000,2.2730,0.1514
20.604000,2.2769,0.1514
20.605000,2.2781,0.1514
20.606000,2.2766,0.1514
20.607000,2.2724,0.1514
20.607000,1.8461,0.1421
20.608000,1.8376,0.1421
20.609000,1.8260,0.1421
20.609000,1.6810,0.1400
20.610000,1.6675,0.1400
20.611000,1.6814,0.1400
20.616000,1.7055,0.1399
20.617000,1.7010,0.1399
20.618000,1.6934,0.1398
20.619000,1.6828,0.1398
20.620000,1.6693,0.1398
20.621000,1.6829,0.1398
20.622000,1.6935,0.1397
20.623000,1.7011,0.1397
20.624000,1.7057,0.1397
20.625000,1.7071,0.1397
20.626000,1.7056,0.1397
20.627000,1.7009,0.1396
20.628000,1.6932,0.1396
20.629000,1.6825,0.1396
20.630000,1.6689,0.1396
20.631000,1.6821,0.1396
20.632000,1.6924,0.1396
20.633000,1.6997,0.1396
20.634000,1.7040,0.1396
20.635000,1.7052,0.1396
20.636000,1.7034,0.1396
20.637000,1.6986,0.1396
20.638000,1.6908,0.1396
20.639000,1.6800,0.1396
20.640000,1.6664,0.1396
20.641000,1.6792,0.1396
20.642000,1.6891,0.1396
20.643000,1.6961,0.1397
20.644000,1.7001,0.1397
20.645000,1.7011,0.1397
20.646000,1.6991,0.1397
20.647000,1.6941,0.1397
20.648000,1.6862,0.1397
20.649000,1.6753,0.1397
20.649000,1.3449,0.1332
20.650000,1.3287,0.1332
20.651000,1.3436,0.1332
20.652000,1.3551,0.1332
20.653000,1.3631,0.1332
20.654000,1.3676,0.1331
20.655000,1.3686,0.1331
20.656000,1.3661,0.1331
20.657000,1.3601,0.1331
20.658000,1.3507,0.1331
20.659000,1.3378,0.1331
20.660000,1.3215,0.1330
20.661000,1.3360,0.1330
20.662000,1.3470,0.1329
20.663000,1.3547,0.1329
20.664000,1.3589,0.1329
20.664000,1.5555,0.1337
20.665000,1.5566,0.1337
20.666000,1.5547,0.1336
20.667000,1.5498,0.1336
20.668000,1.5418,0.1336
20.669000,1.5308,0.1335
20.670000,1.5168,0.1335
20.671000,1.5297,0.1336
20.672000,1.5396,0.1336
20.673000,1.5466,0.1336
20.674000,1.5505,0.1336
20.675000,1.5515,0.1336
20.676000,1.5493,0.1336
20.677000,1.5442,0.1336
20.678000,1.5360,0.1336
20.679000,1.5249,0.1336
20.680000,1.5109,0.1336
20.681000,1.5234,0.1336
20.682000,1.5330,0.1336
20.683000,1.5396,0.1336
20.684000,1.5432,0.1336
20.685000,1.5439,0.1336
20.686000,1.5416,0.1336
20.687000,1.5362,0.1336
20.688000,1.5280,0.1336
20.689000,1.5167,0.1336
20.690000,1.5026,0.1337
20.691000,1.5147,0.1337
20.692000,1.5240,0.1337
20.693000,1.5303,0.1337
20.694000,1.5336,0.1337
20.695000,1.5340,0.1338
20.696000,1.5314,0.1338
20.697000,1.5259,0.1338
20.698000,1.5175,0.1338
20.699000,1.5062,0.1338
20.700000,1.4920,0.1338
20.700000,1.1976,0.1305
20.701000,1.2121,0.1305
20.702000,1.2231,0.1305
20.703000,1.2307,0.1305
20.704000,1.2347,0.1305
20.704000,1.3745,0.1303
20.705000,1.3758,0.1303
20.706000,1.3736,0.1303
20.707000,1.3678,0.1303
20.708000,1.3586,0.1303
20.709000,1.3459,0.1303
20.710000,1.3298,0.1303
20.711000,1.3446,0.1303
20.712000,1.3560,0.1303
20.713000,1.3639,0.1303
20.714000,1.3683,0.1303
20.715000,1.3693,0.1303
20.716000,1.3668,0.1302
20.717000,1.3609,0.1302
20.718000,1.3515,0.1302
20.719000,1.3386,0.1301
20.720000,1.3223,0.1301
20.721000,1.3368,0.1301
20.722000,1.3478,0.1301
20.723000,1.3554,0.1301
20.724000,1.3596,0.1301
20.725000,1.3603,0.1300
20.726000,1.3576,0.1300
20.727000,1.3515,0.1300
20.728000,1.3419,0.1300
20.729000,1.3288,0.1299
20.729000,1.4783,0.1283
20.730000,1.4622,0.1283
20.731000,1.4772,0.1283
20.732000,1.4888,0.1283
20.733000,1.4969,0.1282
20.734000,1.5015,0.1282
20.735000,1.5027,0.1282
20.736000,1.5004,0.1282
20.737000,1.4946,0.1282
20.738000,1.4853,0.1282
20.739000,1.4727,0.1282
20.740000,1.4565,0.1282
20.741000,1.4712,0.1281
20.742000,1.4825,0.1281
20.743000,1.4904,0.1281
20.744000,1.4948,0.1281
20.745000,1.4958,0.1281
20.746000,1.4933,0.1281
20.747000,1.4874,0.1280
20.748000,1.4780,0.1280
20.749000,1.4652,0.1280
20.750000,1.4490,0.1280
20.751000,1.4634,0.1280
20.752000,1.4745,0.1280
20.753000,1.4821,0.1280
20.754000,1.4863,0.1280
20.755000,1.4871,0.1280
20.756000,1.4844,0.1280
20.757000,1.4784,0.1280
20.758000,1.4689,0.1280
20.759000,1.4560,0.1280
20.760000,1.4398,0.1280
20.761000,1.4539,0.1279
20.762000,1.4646,0.1279
20.763000,1.4719,0.1279
20.764000,1.4759,0.1279
20.765000,1.4764,0.1279
20.766000,1.4736,0.1279
20.767000,1.4673,0.1279
20.768000,1.4577,0.1278
20.769000,1.4447,0.1278
20.770000,1.4283,0.1278
20.771000,1.4104,0.1278
20.772000,1.3891,0.1278
20.773000,1.3653,0.1278
20.774000,1.3402,0.1279
20.775000,1.3150,0.1279
20.776000,1.2905,0.1279
20.777000,1.2677,0.1279
20.778000,1.2471,0.1279
20.779000,1.2292,0.1279
20.780000,1.2145,0.1279
20.781000,1.1509,0.1279
20.782000,1.0914,0.1280
20.783000,1.0365,0.1280
20.784000,0.9861,0.1280
20.785000,0.9404,0.1280
20.786000,0.8995,0.1280
20.787000,0.8634,0.1281
20.788000,0.8322,0.1281
20.789000,0.8058,0.1281
20.790000,0.7843,0.1281
20.791000,0.7166,0.1281
20.792000,0.6559,0.1281
20.793000,0.6022,0.1281
20.794000,0.5556,0.1281
20.795000,0.5161,0.1281
20.796000,0.4833,0.1281
20.796000,0.8905,0.1270
20.797000,0.8726,0.1270
20.798000,0.8602,0.1269
20.799000,0.8533,0.1269
20.800000,0.8519,0.1269
20.801000,0.8004,0.1269
20.802000,0.7549,0.1269
20.803000,0.7154,0.1269
20.804000,0.6818,0.1269
20.805000,0.6538,0.1269
20.806000,0.6312,0.1269
20.807000,0.6141,0.1269
20.808000,0.6021,0.1269
20.809000,0.5952,0.1269
20.810000,0.5933,0.1269
20.811000,0.5474,0.1269
20.811000,1.4154,0.1230
20.812000,1.3920,0.1230
20.813000,1.3742,0.1230
20.814000,1.3617,0.1230
20.815000,1.3546,0.1230
20.816000,1.3529,0.1230
20.817000,1.3565,0.1230
20.818000,1.3655,0.1230
20.819000,1.3798,0.1231
20.820000,1.3995,0.1231
20.821000,1.3714,0.1231
20.822000,1.3488,0.1231
20.823000,1.3315,0.1231
20.824000,1.3195,0.1231
20.825000,1.3129,0.1231
20.826000,1.3114,0.1231
20.827000,1.3152,0.1231
20.828000,1.3243,0.1231
20.829000,1.3387,0.1231
20.830000,1.3584,0.1231
20.831000,1.3310,0.1231
20.832000,1.3090,0.1231
20.833000,1.2923,0.1231
20.834000,1.2808,0.1231
20.835000,1.2746,0.1231
20.836000,1.2734,0.1231
20.837000,1.2775,0.1231
20.838000,1.2866,0.1231
20.839000,1.3010,0.1231
20.840000,1.3206,0.1231
20.841000,1.2941,0.1230
20.842000,1.2728,0.1230
20.843000,1.2568,0.1230
20.844000,1.2459,0.1229
20.845000,1.2401,0.1229
20.846000,1.2393,0.1229
20.847000,1.2436,0.1229
20.848000,1.2530,0.1229
20.849000,1.2675,0.1229
20.850000,1.2871,0.1229
20.851000,1.2613,0.1229
20.851000,1.3295,0.1214
20.875000,1.2733,0.1241
20.876000,1.2727,0.1241
20.877000,1.2777,0.1241
20.878000,1.2882,0.1241
20.879000,1.3042,0.1241
20.880000,1.3257,0.1241
20.881000,1.2980,0.1241
20.882000,1.2758,0.1241
20.883000,1.2591,0.1240
20.884000,1.2479,0.1240
20.885000,1.2422,0.1240
20.886000,1.2419,0.1240
20.887000,1.2472,0.1240
20.888000,1.2579,0.1240
20.889000,1.2740,0.1240
20.955000,1.0281,0.1286
20.956000,1.0283,0.1286
20.957000,1.0337,0.1286
20.958000,1.0444,0.1286
20.959000,1.0603,0.1286
20.960000,1.0815,0.1285
20.961000,1.0560,0.1285
20.962000,1.0357,0.1284
20.963000,1.0206,0.1284
20.964000,1.0107,0.1284
20.987000,0.9779,0.1282
20.988000,0.9891,0.1282
20.989000,1.0053,0.1282
20.990000,1.0267,0.1282
20.991000,1.0027,0.1281
20.992000,0.9838,0.1281
20.995000,0.9574,0.1280
20.996000,0.9587,0.1280
20.997000,0.9650,0.1280
20.998000,0.9764,0.1281
20.999000,0.9928,0.1281
21.000000,1.0142,0.1281
21.001000,0.9907,0.1281
21.002000,0.9722,0.1281
21.005000,0.9469,0.1281
21.006000,0.9484,0.1281
21.007000,0.9549,0.1280
21.008000,0.9664,0.1280
21.009000,0.9829,0.1280
21.010000,1.0044,0.1280
21.011000,0.9814,0.1280
21.012000,0.9633,0.1280
21.013000,0.9502,0.1280
21.014000,0.9421,0.1280
21.015000,0.9389,0.1279
21.052000,1.1957,0.1299
21.052000,1.4026,0.1271
21.053000,1.3884,0.1272
21.054000,1.3788,0.1272
21.055000,1.3740,0.1272
21.056000,1.3738,0.1272
21.057000,1.3784,0.1272
21.058000,1.3876,0.1272
21.059000,1.4015,0.1272
21.060000,1.4201,0.1272
21.061000,1.3968,0.1272
21.062000,1.3782,0.1272
21.063000,1.3642,0.1272
21.064000,1.3549,0.1272
21.065000,1.3503,0.1272
21.066000,1.3503,0.1272
21.067000,1.3550,0.1272
21.068000,1.3643,0.1272
21.069000,1.3783,0.1272
21.070000,1.3969,0.1272
21.108000,1.5332,0.1230
21.109000,1.5479,0.1230
21.110000,1.5670,0.1230
21.111000,1.5461,0.1230
21.112000,1.5298,0.1230
21.113000,1.5179,0.1230
21.114000,1.5104,0.1230
21.115000,1.5074,0.1230
21.116000,1.5089,0.1230
21.120000,1.5589,0.1230
21.121000,1.5387,0.1231
21.122000,1.5229,0.1231
21.123000,1.5114,0.1231
21.124000,1.5044,0.1231
21.125000,1.5018,0.1231
21.126000,1.5036,0.1231
21.127000,1.5097,0.1231
21.128000,1.5202,0.1230
21.129000,1.5351,0.1230
21.130000,1.5543,0.1230
21.133000,1.5085,0.1229
21.134000,1.5020,0.1228
21.135000,1.4997,0.1228
21.136000,1.5018,0.1228
21.137000,1.5082,0.1228
21.138000,1.5189,0.1227
21.139000,1.5339,0.1227
21.140000,1.5532,0.1227
21.141000,1.5341,0.1227
21.142000,1.5194,0.1227
21.143000,1.5090,0.1227
21.144000,1.5029,0.1227
21.145000,1.5010,0.1226
21.146000,1.5034,0.1226
21.147000,1.5101,0.1226
21.148000,1.5209,0.1227
21.149000,1.5360,0.1227
21.150000,1.5554,0.1227
21.151000,1.5369,0.1227
21.152000,1.5227,0.1227
21.173000,1.4756,0.1193
21.174000,1.4681,0.1192
21.175000,1.4649,0.1192
21.176000,1.4659,0.1192
21.177000,1.4711,0.1192
21.178000,1.4806,0.1192
21.179000,1.4942,0.1192
21.180000,1.5121,0.1191
21.180000,1.6654,0.1170
21.181000,1.6452,0.1169
21.182000,1.6292,0.1169
21.183000,1.6173,0.1169
21.184000,1.6096,0.1169
21.185000,1.6060,0.1169
21.186000,1.6066,0.1169
21.187000,1.6113,0.1169
21.188000,1.6202,0.1168
21.189000,1.6333,0.1168
21.190000,1.6504,0.1168
21.191000,1.6306,0.1168
21.192000,1.6149,0.1168
21.193000,1.6034,0.1168
21.194000,1.5959,0.1167
21.195000,1.5926,0.1167
21.196000,1.5934,0.1167
21.197000,1.5983,0.1166
21.198000,1.6073,0.1166
21.199000,1.6204,0.1165
21.200000,1.6377,0.1165
21.201000,1.6193,0.1164
21.202000,1.6049,0.1164
21.203000,1.5947,0.1164
21.204000,1.5885,0.1164
21.205000,1.5865,0.1164
21.206000,1.5885,0.1164
21.207000,1.5946,0.1165
21.208000,1.6047,0.1165
21.209000,1.6187,0.1165
21.210000,1.6359,0.1165
21.211000,1.6392,0.1165
21.212000,1.6450,0.1165
21.213000,1.6530,0.1166
21.214000,1.6631,0.1166
21.229000,2.0085,0.1140
21.230000,2.0279,0.1140
21.230000,1.7373,0.1135
21.231000,1.7343,0.1135
21.261000,1.7883,0.1134
21.262000,1.7904,0.1134
21.263000,1.7929,0.1134
21.264000,1.7957,0.1134
21.265000,1.7987,0.1134
21.266000,1.8022,0.1135
21.267000,1.8059,0.1135
21.268000,1.8099,0.1135
21.269000,1.8142,0.1135
21.300000,1.8590,0.1104
21.301000,1.8739,0.1104
21.346000,2.3249,0.1133
21.366000,2.7258,0.1137
21.367000,2.7390,0.1137
21.368000,2.7476,0.1137
21.369000,2.7517,0.1137
21.370000,2.7511,0.1136
21.371000,2.7925,0.1136
21.372000,2.8294,0.1136
21.373000,2.8615,0.1136
21.374000,2.8891,0.1136
21.375000,2.9119,0.1136
21.376000,2.9302,0.1136
21.377000,2.9437,0.1136
21.378000,2.9526,0.1136
21.379000,2.9568,0.1136
21.380000,2.9564,0.1136
21.381000,2.9981,0.1136
21.382000,3.0352,0.1136
21.383000,3.0677,0.1137
21.384000,3.0955,0.1137
21.385000,3.1186,0.1137
21.386000,3.1370,0.1137
21.387000,3.1507,0.1138
21.388000,3.1597,0.1138
21.389000,3.1641,0.1137
21.390000,3.1637,0.1138
21.391000,3.2058,0.1137
21.392000,3.2431,0.1137
21.393000,3.2758,0.1137
21.394000,3.3037,0.1137
21.395000,3.3269,0.1137
21.396000,3.3454,0.1137
21.419000,2.2519,0.1080
21.420000,2.2347,0.1080
21.421000,2.2645,0.1079
21.422000,2.2890,0.1079
21.423000,2.3083,0.1079
21.440000,2.3580,0.1080
21.441000,2.3868,0.1080
21.442000,2.4105,0.1080
21.443000,2.4291,0.1080
21.444000,2.4425,0.1080
21.445000,2.4508,0.1080
21.446000,2.4541,0.1080
21.447000,2.4522,0.1080
21.448000,2.4451,0.1079
21.449000,2.4330,0.1079
21.450000,2.4158,0.1079
21.451000,2.4442,0.1079
21.452000,2.4674,0.1079
21.453000,2.4856,0.1078
21.454000,2.4987,0.1078
21.455000,2.5068,0.1078
21.456000,2.5098,0.1078
21.457000,2.5077,0.1078
21.458000,2.5005,0.1078
21.459000,2.4883,0.1078
21.474000,2.6037,0.1078
21.490000,2.6219,0.1076
21.491000,2.6484,0.1076
21.492000,2.6701,0.1076
21.493000,2.6868,0.1076
21.494000,2.6986,0.1076
21.495000,2.7056,0.1075
21.506000,2.2220,0.1082
21.507000,2.2170,0.1082
21.508000,2.2072,0.1082
21.518000,2.2279,0.1080
21.519000,2.2132,0.1080
21.520000,2.1937,0.1079
21.521000,2.2168,0.1079
21.522000,2.2352,0.1079
21.523000,2.2488,0.1079
21.524000,2.2577,0.1078
21.525000,2.2618,0.1078
21.526000,2.2611,0.1078
21.527000,2.2557,0.1078
21.528000,2.2456,0.1078
21.529000,2.2307,0.1077
21.530000,2.2111,0.1077
21.531000,2.2330,0.1077
21.532000,2.2502,0.1077
21.533000,2.2627,0.1077
21.534000,2.2704,0.1077
21.535000,2.2735,0.1076
21.536000,2.2718,0.1076
21.537000,2.2655,0.1076
21.538000,2.2545,0.1076
21.539000,2.2392,0.1076
21.540000,2.2196,0.1076
21.541000,2.2321,0.1075
21.542000,2.2407,0.1075
21.543000,2.2454,0.1075
21.544000,2.2463,0.1075
21.545000,2.2436,0.1075
21.546000,2.2373,0.1075
21.547000,2.2274,0.1074
21.548000,2.2140,0.1074
21.549000,2.1970,0.1074
21.550000,2.1767,0.1074
21.551000,2.1845,0.1074
21.552000,2.1888,0.1073
21.553000,2.1899,0.1073
21.579000,2.2484,0.1021
21.580000,2.2374,0.1020
21.581000,2.2500,0.1020
21.582000,2.2598,0.1020
21.583000,2.2667,0.1020
21.584000,2.2708,0.1020
21.585000,2.2721,0.1019
21.615000,1.9720,0.1015
21.616000,1.9526,0.1014
21.617000,1.9345,0.1014
21.618000,1.9177,0.1013
21.619000,1.9022,0.1013
21.620000,1.8880,0.1013
21.621000,1.8591,0.1012
21.626000,1.7370,0.1011
21.627000,1.7172,0.1011
21.627000,2.3333,0.0985
21.628000,2.3368,0.0984
21.629000,2.3420,0.0984
21.630000,2.3488,0.0984
21.631000,2.3400,0.0983
21.632000,2.3329,0.0983
21.633000,2.3275,0.0982
21.634000,2.3237,0.0982
21.635000,2.3217,0.0981
21.636000,2.3214,0.0981
21.637000,2.3228,0.0980
21.638000,2.3259,0.0980
21.639000,2.3307,0.0979
21.640000,2.3373,0.0979
21.641000,2.3282,0.0978
21.642000,2.3209,0.0978
21.643000,2.3153,0.0978
21.644000,2.3115,0.0978
21.645000,2.3093,0.0977
21.646000,2.3089,0.0977
21.647000,2.3103,0.0977
21.648000,2.3133,0.0977
21.649000,2.3181,0.0976
21.650000,2.3246,0.0976
21.651000,2.3146,0.0976
21.652000,2.3064,0.0976
21.653000,2.2999,0.0976
21.654000,2.2952,0.0975
21.655000,2.2922,0.0975
21.656000,2.2910,0.0975
21.657000,2.2917,0.0975
21.658000,2.2944,0.0975
21.659000,2.2990,0.0975
21.660000,2.3057,0.0974
21.661000,2.2928,0.0974
21.662000,2.2819,0.0974
21.663000,2.2732,0.0974
21.664000,2.2666,0.0974
21.664000,2.1016,0.0964
21.665000,2.0978,0.0964
21.666000,2.0962,0.0964
21.667000,2.0966,0.0964
21.668000,2.0992,0.0964
21.669000,2.1039,0.0963
21.670000,2.1108,0.0963
21.671000,2.0983,0.0963
21.672000,2.0879,0.0963
21.673000,2.0797,0.0963
21.674000,2.0737,0.0963
21.675000,2.0697,0.0963
21.676000,2.0679,0.0963
21.677000,2.0682,0.0963
21.678000,2.0707,0.0963
21.679000,2.0753,0.0963
21.680000,2.0820,0.0963
21.681000,2.0696,0.0963
21.682000,2.0593,0.0963
21.682000,2.0742,0.0950
21.683000,2.0683,0.0950
21.684000,2.0644,0.0950
21.685000,2.0627,0.0949
21.686000,2.0630,0.0949
21.687000,2.0655,0.0949
21.688000,2.0700,0.0949
21.689000,2.0766,0.0949
21.690000,2.0854,0.0949
21.691000,2.0655,0.0949
21.692000,2.0481,0.0949
21.693000,2.0335,0.0949
21.694000,2.0218,0.0949
21.695000,2.0133,0.0949
21.696000,2.0080,0.0949
21.697000,2.0060,0.0949
21.698000,2.0075,0.0949
21.699000,2.0124,0.0948
21.700000,2.0210,0.0948
21.701000,1.9950,0.0948
21.702000,1.9727,0.0948
21.703000,1.9542,0.0948
21.704000,1.9393,0.0947
21.705000,1.9282,0.0947
21.706000,1.9208,0.0947
21.707000,1.9170,0.0946
21.707000,1.8498,0.0951
21.708000,1.8572,0.0951
21.709000,1.8685,0.0951
21.710000,1.8834,0.0950
21.711000,1.8655,0.0950
21.712000,1.8512,0.0949
21.713000,1.8406,0.0949
21.714000,1.8337,0.0949
21.715000,1.8305,0.0949
21.716000,1.8309,0.0948
21.717000,1.8351,0.0948
21.718000,1.8428,0.0948
21.719000,1.8542,0.0948
21.720000,1.8693,0.0948
21.721000,1.8519,0.0948
21.722000,1.8381,0.0948
21.723000,1.8279,0.0948
21.724000,1.8214,0.0948
21.725000,1.8185,0.0948
21.726000,1.8192,0.0948
21.727000,1.8235,0.0948
21.728000,1.8315,0.0948
21.729000,1.8430,0.0948
21.730000,1.8582,0.0949
21.731000,1.8412,0.0949
21.760000,1.8399,0.0940
21.761000,1.8245,0.0940
21.762000,1.8125,0.0939
21.763000,1.8040,0.0939
21.767000,1.8041,0.0938
21.773000,1.9742,0.0911
21.778000,1.9800,0.0913
21.782000,1.9785,0.0914
21.784000,1.9644,0.0914
21.785000,1.9624,0.0914
21.786000,1.9637,0.0914
21.787000,1.9684,0.0914
21.788000,1.9764,0.0914
21.789000,1.9878,0.0914
21.812000,1.9843,0.0914
21.813000,1.9774,0.0914
21.814000,1.9736,0.0914
21.815000,1.9730,0.0913
21.817000,1.9810,0.0913
21.818000,1.9897,0.0913
21.836000,2.0854,0.0910
21.838000,2.0974,0.0910
21.839000,2.1079,0.0910
21.840000,2.1213,0.0910
21.841000,2.1083,0.0910
21.842000,2.0983,0.0910
21.843000,2.0912,0.0909
21.844000,2.0871,0.0909
21.845000,2.0859,0.0909
21.846000,2.0877,0.0909
21.847000,2.0924,0.0909
21.848000,2.1001,0.0909
21.849000,2.1106,0.0909
21.850000,2.1241,0.0909
21.851000,2.1117,0.0910
21.852000,2.1022,0.0910
21.853000,2.0957,0.0909
21.854000,2.0920,0.0909
21.896000,1.7690,0.0908
21.900000,1.8040,0.0907
21.901000,1.7983,0.0907
21.902000,1.7948,0.0907
21.903000,1.7936,0.0906
21.904000,1.7947,0.0906
21.905000,1.7979,0.0906
21.906000,1.8031,0.0906
21.907000,1.8102,0.0906
21.908000,1.8190,0.0906
21.909000,1.8294,0.0905
21.910000,1.8413,0.0905
21.911000,1.8431,0.0905
21.912000,1.8462,0.0905
21.913000,1.8507,0.0905
21.914000,1.8564,0.0905
21.915000,1.8635,0.0905
21.916000,1.8718,0.0905
21.917000,1.8813,0.0905
21.918000,1.8920,0.0905
21.919000,1.9039,0.0905
21.920000,1.9170,0.0905
21.921000,1.9219,0.0905
21.922000,1.9280,0.0905
21.923000,1.9353,0.0905
21.924000,1.9437,0.0905
21.925000,1.9531,0.0904
21.926000,1.9634,0.0904
21.927000,1.9746,0.0904
21.928000,1.9865,0.0904
21.929000,1.9991,0.0903
21.930000,2.0123,0.0903
21.931000,2.0225,0.0903
21.932000,2.0332,0.0903
21.933000,2.0443,0.0903
21.934000,2.0560,0.0902
21.935000,2.0680,0.0902
21.936000,2.0805,0.0902
21.937000,2.0934,0.0901
21.938000,2.1068,0.0901
21.939000,2.1204,0.0901
21.940000,2.1345,0.0901
21.940000,1.9178,0.0900
21.941000,1.9221,0.0899
21.942000,1.9265,0.0899
21.943000,1.9310,0.0899
21.944000,1.9357,0.0899
21.945000,1.9403,0.0899
21.946000,1.9450,0.0899
21.947000,1.9496,0.0898
21.948000,1.9543,0.0898
21.949000,1.9588,0.0898
21.950000,1.9633,0.0898
21.951000,1.9694,0.0897
21.952000,1.9754,0.0897
21.953000,1.9813,0.0897
21.954000,1.9871,0.0896
21.955000,1.9928,0.0896
21.956000,1.9983,0.0896
21.957000,2.0038,0.0896
21.958000,2.0091,0.0895
21.959000,2.0143,0.0895
21.960000,2.0192,0.0894
21.961000,2.0436,0.0894
21.962000,2.0668,0.0894
21.963000,2.0885,0.0893
21.964000,2.1083,0.0892
21.965000,2.1262,0.0892
21.966000,2.1418,0.0891
21.967000,2.1551,0.0891
21.968000,2.1659,0.0891
21.969000,2.1742,0.0890
21.970000,2.1797,0.0890
21.971000,2.2171,0.0889
21.972000,2.2517,0.0889
21.973000,2.2835,0.0889
21.974000,2.3124,0.0888
21.975000,2.3382,0.0888
21.976000,2.3606,0.0888
21.977000,2.3795,0.0888
21.978000,2.3945,0.0888
21.979000,2.4057,0.0888
21.980000,2.4127,0.0888
21.981000,2.4630,0.0887
21.982000,2.5090,0.0887
21.983000,2.5507,0.0887
21.984000,2.5879,0.0887
21.985000,2.6206,0.0887
21.985000,2.2248,0.0878
21.992000,2.3888,0.0878
21.993000,2.4293,0.0878
22.002000,2.6681,0.0876
22.005000,2.7757,0.0875
22.019000,1.8725,0.0872
22.021000,1.8773,0.0872
22.022000,1.8975,0.0872
22.023000,1.9126,0.0872
22.049000,1.9365,0.0866
22.050000,1.9160,0.0866
22.050000,1.8525,0.0856
22.051000,1.8767,0.0856
22.052000,1.8959,0.0856
22.053000,1.9102,0.0856
22.054000,1.9196,0.0856
22.055000,1.9239,0.0856
22.056000,1.9234,0.0856
22.057000,1.9179,0.0856
22.058000,1.9075,0.0856
22.059000,1.8922,0.0856
22.060000,1.8719,0.0856
22.061000,1.8956,0.0857
22.062000,1.9144,0.0857
22.063000,1.9283,0.0857
22.064000,1.9373,0.0857
22.065000,1.9414,0.0856
22.066000,1.9406,0.0856
22.067000,1.9349,0.0856
22.068000,1.9243,0.0856
22.069000,1.9089,0.0856
22.070000,1.8886,0.0856
22.071000,1.9117,0.0857
22.072000,1.9300,0.0857
22.073000,1.9434,0.0857
22.074000,1.9520,0.0857
22.075000,1.9557,0.0857
22.076000,1.9546,0.0857
22.077000,1.9487,0.0857
22.078000,1.9379,0.0857
22.079000,1.9223,0.0857
22.080000,1.9019,0.0857
22.081000,1.9246,0.0857
22.082000,1.9425,0.0857
22.083000,1.9556,0.0857
22.084000,1.9639,0.0857
22.085000,1.9674,0.0856
22.086000,1.9661,0.0856
22.087000,1.9601,0.0856
22.088000,1.9492,0.0856
22.089000,1.9336,0.0856
22.090000,1.9132,0.0856
22.091000,1.9355,0.0855
22.092000,1.9530,0.0855
22.093000,1.9657,0.0855
22.093000,2.0533,0.0862
22.094000,2.0620,0.0862
22.095000,2.0660,0.0861
22.096000,2.0652,0.0861
22.097000,2.0597,0.0861
22.098000,2.0494,0.0861
22.098000,2.1920,0.0839
22.099000,2.1778,0.0838
22.100000,2.1589,0.0838
22.101000,2.1821,0.0838
22.102000,2.2006,0.0838
22.103000,2.2144,0.0837
22.103000,2.2619,0.0841
22.104000,2.2716,0.0841
22.105000,2.2766,0.0841
22.106000,2.2770,0.0840
22.107000,2.2727,0.0840
22.108000,2.2638,0.0840
22.109000,2.2503,0.0839
22.110000,2.2322,0.0839
22.111000,2.2554,0.0838
22.112000,2.2739,0.0838
22.113000,2.2878,0.0837
22.114000,2.2972,0.0837
22.175000,2.2475,0.0838
22.176000,2.2369,0.0837
22.177000,2.2244,0.0837
22.178000,2.2099,0.0837
22.179000,2.1935,0.0837
22.180000,2.1752,0.0837
22.181000,2.1719,0.0836
22.182000,2.1668,0.0836
22.183000,2.1600,0.0835
22.184000,2.1514,0.0835
22.185000,2.1412,0.0835
22.186000,2.1293,0.0835
22.187000,2.1158,0.0835
22.188000,2.1007,0.0835
22.189000,2.0840,0.0835
22.190000,2.0657,0.0834
22.191000,2.0615,0.0834
22.192000,2.0556,0.0834
22.193000,2.0482,0.0834
22.194000,2.0393,0.0834
22.195000,2.0288,0.0834
22.196000,2.0167,0.0833
22.197000,2.0031,0.0833
22.198000,1.9881,0.0833
22.199000,1.9715,0.0833
22.200000,1.9534,0.0833
22.201000,1.9491,0.0833
22.202000,1.9433,0.0833
22.203000,1.9360,0.0833
22.204000,1.9271,0.0832
22.205000,1.9168,0.0832
22.206000,1.9051,0.0832
22.207000,1.8918,0.0832
22.208000,1.8772,0.0831
22.209000,1.8610,0.0831
22.210000,1.8435,0.0830
22.211000,1.8384,0.0830
22.212000,1.8318,0.0829
22.213000,1.8238,0.0829
22.214000,1.8144,0.0828
22.215000,1.8038,0.0828
22.216000,1.7918,0.0828
22.217000,1.7786,0.0827
22.218000,1.7641,0.0827
22.219000,1.7485,0.0826
22.220000,1.7316,0.0826
22.222000,1.7184,0.0826
22.227000,2.3520,0.0816
22.228000,2.3485,0.0816
22.229000,2.3436,0.0816
22.230000,2.3375,0.0815
22.230000,2.1836,0.0797
22.232000,2.1950,0.0797
22.233000,2.1987,0.0796
22.234000,2.2012,0.0796
22.235000,2.2024,0.0796
22.252000,2.1108,0.0789
22.255000,2.0650,0.0788
22.256000,2.0507,0.0788
22.257000,2.0379,0.0788
22.258000,2.0270,0.0787
22.259000,2.0187,0.0787
22.260000,2.0133,0.0787
22.261000,1.9660,0.0787
22.262000,1.9225,0.0787
22.270000,1.7259,0.0785
22.271000,1.6740,0.0785
22.272000,1.6270,0.0785
22.273000,1.5850,0.0784
22.274000,1.5478,0.0784
22.275000,1.5154,0.0784
22.276000,1.4876,0.0784
22.276000,1.4508,0.0752
22.277000,1.4328,0.0752
22.283000,1.2843,0.0751
22.284000,1.2533,0.0751
22.285000,1.2270,0.0751
22.286000,1.2054,0.0751
22.287000,1.1883,0.0751
22.288000,1.1757,0.0751
22.289000,1.1675,0.0750
22.290000,1.1637,0.0750
22.291000,1.1214,0.0750
22.292000,1.0841,0.0750
22.293000,1.0517,0.0750
22.294000,1.0239,0.0750
22.295000,1.0006,0.0750
22.296000,0.9816,0.0749
22.297000,0.9667,0.0749
22.298000,0.9557,0.0749
22.299000,0.9486,0.0749
22.300000,0.9452,0.0748
22.300000,1.7376,0.0685
22.301000,1.7115,0.0685
22.302000,1.6906,0.0684
22.303000,1.6748,0.0684
22.304000,1.6643,0.0684
22.305000,1.6589,0.0684
22.306000,1.6587,0.0684
22.307000,1.6636,0.0684
22.308000,1.6737,0.0683
22.309000,1.6889,0.0683
22.310000,1.7093,0.0683
22.311000,1.6836,0.0683
22.312000,1.6631,0.0683
22.313000,1.6477,0.0683
22.314000,1.6375,0.0682
22.314000,1.4139,0.0633
22.315000,1.4083,0.0633
22.316000,1.4080,0.0632
22.317000,1.4128,0.0632
22.318000,1.4228,0.0631
22.319000,1.4380,0.0631
22.320000,1.4584,0.0631
22.321000,1.4325,0.0630
22.322000,1.4118,0.0630
22.323000,1.3963,0.0630
22.324000,1.3859,0.0629
22.325000,1.3807,0.0629
22.326000,1.3807,0.0629
22.327000,1.3857,0.0628
22.328000,1.3960,0.0628
22.329000,1.4113,0.0628
22.335000,1.5444,0.0635
22.336000,1.5443,0.0635
22.337000,1.5492,0.0635
22.339000,1.5743,0.0635
22.340000,1.5944,0.0635
22.341000,1.5692,0.0635
22.342000,1.5490,0.0635
22.343000,1.5339,0.0635
22.344000,1.5239,0.0634
22.345000,1.5189,0.0634
22.346000,1.5190,0.0634
22.348000,1.5342,0.0634
22.349000,1.5494,0.0634
22.350000,1.5696,0.0634
22.351000,1.5448,0.0633
22.352000,1.5251,0.0633
22.353000,1.5103,0.0633
22.354000,1.5006,0.0632
22.355000,1.4959,0.0632
22.356000,1.4962,0.0632
22.357000,1.5014,0.0632
22.358000,1.5117,0.0631
22.359000,1.5269,0.0631
22.360000,1.5471,0.0631
22.361000,1.5228,0.0630
22.362000,1.5035,0.0630
22.363000,1.4892,0.0630
22.364000,1.4798,0.0630
22.365000,1.4754,0.0630
22.366000,1.4759,0.0630
22.367000,1.4814,0.0629
22.368000,1.4918,0.0629
22.369000,1.5071,0.0629
22.370000,1.5274,0.0629
22.371000,1.5036,0.0629
22.372000,1.4847,0.0628
22.373000,1.4708,0.0628
22.374000,1.4617,0.0628
22.375000,1.4576,0.0628
22.376000,1.4584,0.0627
22.377000,1.4640,0.0627
22.378000,1.4745,0.0627
22.381000,1.4869,0.0628
22.382000,1.4684,0.0628
22.383000,1.4547,0.0628
22.384000,1.4459,0.0628
22.385000,1.4420,0.0628
22.386000,1.4430,0.0628
22.387000,1.4487,0.0628
22.388000,1.4594,0.0628
22.389000,1.4748,0.0628
22.390000,1.4951,0.0628
22.391000,1.4723,0.0628
22.392000,1.4543,0.0628
22.393000,1.4411,0.0628
22.394000,1.4327,0.0628
22.395000,1.4291,0.0628
22.396000,1.4304,0.0628
22.397000,1.4364,0.0628
22.397000,1.6764,0.0635
22.398000,1.6864,0.0634
22.399000,1.7011,0.0634
22.400000,1.7206,0.0634
22.401000,1.6973,0.0633
22.402000,1.6789,0.0633
22.403000,1.6652,0.0633
22.404000,1.6562,0.0632
22.405000,1.6521,0.0632
22.406000,1.6526,0.0631
22.407000,1.6579,0.0631
22.408000,1.6680,0.0631
22.409000,1.6828,0.0630
22.410000,1.7023,0.0631
22.411000,1.6795,0.0630
22.412000,1.6614,0.0630
22.413000,1.6481,0.0630
22.413000,1.7517,0.0625
22.414000,1.7426,0.0625
22.415000,1.7383,0.0625
22.416000,1.7386,0.0625
22.417000,1.7437,0.0625
22.418000,1.7534,0.0625
22.419000,1.7679,0.0625
22.420000,1.7870,0.0625
22.421000,1.7643,0.0625
22.422000,1.7462,0.0625
22.423000,1.7328,0.0625
22.424000,1.7241,0.0624
22.425000,1.7201,0.0624
22.426000,1.7207,0.0624
22.427000,1.7259,0.0624
22.428000,1.7359,0.0623
22.428000,1.8986,0.0641
22.429000,1.9126,0.0640
22.430000,1.9312,0.0640
22.431000,1.9087,0.0640
22.432000,1.8908,0.0640
22.433000,1.8774,0.0640
22.434000,1.8687,0.0640
22.435000,1.8645,0.0639
22.436000,1.8649,0.0639
22.437000,1.8699,0.0639
22.438000,1.8795,0.0639
22.439000,1.8936,0.0639
22.440000,1.9123,0.0639
22.441000,1.8902,0.0639
22.442000,1.8727,0.0638
22.443000,1.8597,0.0638
22.444000,1.8513,0.0638
22.445000,1.8474,0.0638
22.446000,1.8480,0.0638
22.447000,1.8532,0.0637
22.448000,1.8628,0.0637
22.449000,1.8770,0.0637
22.450000,1.8957,0.0637
22.451000,1.8741,0.0636
22.452000,1.8569,0.0636
22.453000,1.8443,0.0636
22.454000,1.8361,0.0636
22.455000,1.8325,0.0635
22.455000,1.8882,0.0603
22.456000,1.8886,0.0603
22.457000,1.8935,0.0603
22.458000,1.9029,0.0602
22.459000,1.9169,0.0602
22.460000,1.9353,0.0602
22.461000,1.9137,0.0602
22.462000,1.8966,0.0602
22.463000,1.8839,0.0601
22.464000,1.8757,0.0601
22.465000,1.8720,0.0600
22.466000,1.8728,0.0600
22.467000,1.8779,0.0599
22.468000,1.8876,0.0599
22.469000,1.9017,0.0598
22.470000,1.9202,0.0598
22.471000,1.8991,0.0597
22.472000,1.8824,0.0597
22.473000,1.8702,0.0597
22.474000,1.8623,0.0597
22.475000,1.8589,0.0596
22.476000,1.8599,0.0596
22.477000,1.8653,0.0596
22.478000,1.8751,0.0595
22.479000,1.8892,0.0595
22.480000,1.9078,0.0595
22.481000,1.8874,0.0594
22.482000,1.8715,0.0594
22.483000,1.8599,0.0594
22.484000,1.8526,0.0594
22.485000,1.8496,0.0593
22.486000,1.8510,0.0593
22.487000,1.8567,0.0592
22.488000,1.8668,0.0592
22.489000,1.8811,0.0591
22.490000,1.8998,0.0591
22.490000,1.8071,0.0582
22.491000,1.7880,0.0582
22.492000,1.7732,0.0582
22.493000,1.7626,0.0581
22.494000,1.7563,0.0581
22.495000,1.7542,0.0580
22.496000,1.7561,0.0580
22.497000,1.7620,0.0579
22.498000,1.7718,0.0579
22.499000,1.7856,0.0578
22.500000,1.8033,0.0578
22.501000,1.7878,0.0577
22.502000,1.7761,0.0577
22.503000,1.7682,0.0577
22.504000,1.7641,0.0577
22.505000,1.7637,0.0577
22.506000,1.7671,0.0577
22.507000,1.7742,0.0577
22.508000,1.7850,0.0577
22.509000,1.7996,0.0577
22.510000,1.8178,0.0578
22.511000,1.8122,0.0577
22.512000,1.8102,0.0577
22.513000,1.8120,0.0577
22.514000,1.8171,0.0578
22.515000,1.8251,0.0578
22.516000,1.8357,0.0578
22.517000,1.8484,0.0578
22.518000,1.8630,0.0578
22.519000,1.8792,0.0578
22.520000,1.8969,0.0577
22.521000,1.9106,0.0577
22.522000,1.9256,0.0577
22.522000,1.9486,0.0569
22.523000,1.9620,0.0568
22.524000,1.9764,0.0568
22.525000,1.9915,0.0568
22.526000,2.0075,0.0568
22.553000,2.0311,0.0550
22.574000,2.2818,0.0546
22.587000,2.4467,0.0543
22.603000,2.6633,0.0542
22.604000,2.6800,0.0542
22.605000,2.6950,0.0541
22.606000,2.7081,0.0541
22.607000,2.7195,0.0540
22.692000,2.1187,0.0513
22.698000,2.1757,0.0511
22.699000,2.1694,0.0511
22.700000,2.1583,0.0510
22.701000,2.1930,0.0510
22.702000,2.2229,0.0510
22.703000,2.2479,0.0510
22.704000,2.2680,0.0509
22.705000,2.2831,0.0509
22.706000,2.2932,0.0509
22.707000,2.2984,0.0508
22.708000,2.2986,0.0508
22.709000,2.2937,0.0508
22.710000,2.2838,0.0507
22.711000,2.3194,0.0507
22.712000,2.3499,0.0507
22.713000,2.3755,0.0507
22.714000,2.3960,0.0507
22.715000,2.4114,0.0507
22.716000,2.4219,0.0506
22.717000,2.4273,0.0506
22.718000,2.4277,0.0506
22.719000,2.4230,0.0506
22.720000,2.4134,0.0505
22.721000,2.4486,0.0505
22.722000,2.4788,0.0505
22.723000,2.5039,0.0504
22.724000,2.5241,0.0504
22.725000,2.5393,0.0504
22.726000,2.5495,0.0504
22.727000,2.5547,0.0503
22.728000,2.5549,0.0503
22.729000,2.5502,0.0504
22.730000,2.5404,0.0504
22.731000,2.5752,0.0503
22.732000,2.6049,0.0503
22.733000,2.6298,0.0503
22.734000,2.6496,0.0503
22.735000,2.6646,0.0503
22.736000,2.6745,0.0503
22.737000,2.6796,0.0503
22.738000,2.6797,0.0503
22.739000,2.6749,0.0503
22.740000,2.6652,0.0503
22.741000,2.6994,0.0502
22.742000,2.7286,0.0502
22.743000,2.7530,0.0502
22.744000,2.7725,0.0502
22.745000,2.7871,0.0502
22.746000,2.7968,0.0502
22.747000,2.8016,0.0501
22.747000,1.8942,0.0513
22.748000,1.8845,0.0513
22.752000,1.8913,0.0512
22.754000,1.9129,0.0512
22.765000,1.6226,0.0511
22.766000,1.6220,0.0511
22.767000,1.6170,0.0511
22.768000,1.6076,0.0511
22.769000,1.5939,0.0511
22.770000,1.5759,0.0511
22.771000,1.5966,0.0511
22.772000,1.6131,0.0511
22.773000,1.6252,0.0511
22.774000,1.6329,0.0511
22.775000,1.6363,0.0511
22.776000,1.6354,0.0511
22.777000,1.6302,0.0511
22.778000,1.6206,0.0510
22.779000,1.6068,0.0510
22.780000,1.5888,0.0510
22.781000,1.6087,0.0510
22.782000,1.6244,0.0509
22.783000,1.6358,0.0509
22.784000,1.6430,0.0509
22.785000,1.6460,0.0509
22.786000,1.6447,0.0508
22.787000,1.6391,0.0508
22.788000,1.6293,0.0508
22.789000,1.6153,0.0508
22.790000,1.5972,0.0508
22.791000,1.6157,0.0508
22.792000,1.6301,0.0507
22.798000,1.6300,0.0507
22.799000,1.6156,0.0507
22.800000,1.5972,0.0507
22.801000,1.6150,0.0507
22.802000,1.6289,0.0507
22.803000,1.6387,0.0506
22.804000,1.6444,0.0506
22.805000,1.6461,0.0506
22.806000,1.6437,0.0505
22.807000,1.6372,0.0505
22.808000,1.6267,0.0505
22.808000,1.5842,0.0503
22.809000,1.5697,0.0503
22.809000,1.7476,0.0494
22.810000,1.7315,0.0494
22.811000,1.7507,0.0494
22.812000,1.7659,0.0494
22.813000,1.7773,0.0494
22.814000,1.7847,0.0493
22.815000,1.7881,0.0493
22.816000,1.7876,0.0493
22.817000,1.7831,0.0493
22.818000,1.7747,0.0493
22.819000,1.7623,0.0493
22.820000,1.7461,0.0493
22.821000,1.7646,0.0493
22.822000,1.7792,0.0493
22.823000,1.7899,0.0492
22.824000,1.7967,0.0492
22.825000,1.7996,0.0492
22.826000,1.7986,0.0492
22.827000,1.7936,0.0491
22.828000,1.7848,0.0491
22.829000,1.7723,0.0491
22.830000,1.7561,0.0491
22.831000,1.7705,0.0491
22.832000,1.7815,0.0491
22.833000,1.7889,0.0491
22.834000,1.7928,0.0490
22.835000,1.7932,0.0490
22.836000,1.7902,0.0490
22.837000,1.7837,0.0490
22.838000,1.7738,0.0490
22.842000,1.7566,0.0490
22.848000,1.8488,0.0487
22.852000,1.8116,0.0486
22.853000,1.8057,0.0486
22.854000,1.7978,0.0485
22.855000,1.7879,0.0485
22.856000,1.7762,0.0485
22.857000,1.7626,0.0484
22.858000,1.7473,0.0484
22.859000,1.7302,0.0483
22.860000,1.7114,0.0483
22.861000,1.7069,0.0483
22.862000,1.7008,0.0482
22.863000,1.6930,0.0482
22.864000,1.6835,0.0482
22.865000,1.6724,0.0482
22.866000,1.6597,0.0481
22.867000,1.6453,0.0481
22.868000,1.6293,0.0480
22.869000,1.6118,0.0480
22.870000,1.5926,0.0480
22.871000,1.5876,0.0480
22.872000,1.5809,0.0480
22.873000,1.5727,0.0480
22.874000,1.5629,0.0480
22.875000,1.5515,0.0480
22.876000,1.5385,0.0479
22.877000,1.5240,0.0480
22.878000,1.5080,0.0480
22.879000,1.4904,0.0479
22.880000,1.4713,0.0479
22.881000,1.4661,0.0479
22.882000,1.4593,0.0479
22.883000,1.4509,0.0479
22.884000,1.4410,0.0479
22.885000,1.4296,0.0479
22.886000,1.4167,0.0478
22.887000,1.4023,0.0478
22.888000,1.3864,0.0478
22.889000,1.3690,0.0477
22.890000,1.3502,0.0477
22.891000,1.3442,0.0478
22.892000,1.3368,0.0477
22.893000,1.3280,0.0477
22.894000,1.3176,0.0477
22.895000,1.3059,0.0477
22.896000,1.2927,0.0477
22.897000,1.2781,0.0477
22.898000,1.2622,0.0477
22.899000,1.2449,0.0477
22.900000,1.2262,0.0477
22.901000,1.2193,0.0477
22.901000,1.6073,0.0479
22.901000,1.8410,0.0470
22.902000,1.8455,0.0469
22.903000,1.8486,0.0469
22.904000,1.8502,0.0469
22.905000,1.8504,0.0469
22.906000,1.8492,0.0469
22.907000,1.8467,0.0468
22.908000,1.8429,0.0468
22.909000,1.8378,0.0468
22.910000,1.8314,0.0467
22.911000,1.8351,0.0467
22.912000,1.8376,0.0467
22.913000,1.8388,0.0466
22.914000,1.8388,0.0466
22.915000,1.8376,0.0466
22.916000,1.8352,0.0466
22.917000,1.8315,0.0466
22.918000,1.8267,0.0466
22.919000,1.8208,0.0466
22.919000,1.9564,0.0453
22.920000,1.9511,0.0453
22.921000,1.9422,0.0453
22.922000,1.9330,0.0453
22.923000,1.9239,0.0453
22.924000,1.9150,0.0453
22.925000,1.9064,0.0452
22.926000,1.8981,0.0452
22.927000,1.8903,0.0452
22.928000,1.8831,0.0451
22.929000,1.8765,0.0451
22.930000,1.8705,0.0450
22.931000,1.8557,0.0450
22.932000,1.8417,0.0450
22.933000,1.8284,0.0449
22.934000,1.8159,0.0449
22.935000,1.8042,0.0449
22.936000,1.7934,0.0449
22.937000,1.7833,0.0448
22.938000,1.7742,0.0448
22.938000,1.9718,0.0427
22.939000,1.9724,0.0427
22.940000,1.9743,0.0427
22.941000,1.9520,0.0427
22.942000,1.9318,0.0427
22.943000,1.9138,0.0426
22.944000,1.8983,0.0426
22.945000,1.8853,0.0426
22.946000,1.8750,0.0425
22.947000,1.8674,0.0425
22.948000,1.8627,0.0424
22.949000,1.8608,0.0424
22.950000,1.8618,0.0424
22.951000,1.8331,0.0423
22.952000,1.8076,0.0423
22.953000,1.7854,0.0422
22.954000,1.7662,0.0422
22.954000,1.7995,0.0434
22.955000,1.7945,0.0434
22.956000,1.7928,0.0434
22.957000,1.7946,0.0434
22.958000,1.7999,0.0433
22.959000,1.8090,0.0433
22.960000,1.8218,0.0433
22.961000,1.7974,0.0433
22.962000,1.7770,0.0432
22.963000,1.7607,0.0432
22.964000,1.7484,0.0432
22.965000,1.7400,0.0432
22.966000,1.7357,0.0432
22.967000,1.7354,0.0432
22.968000,1.7391,0.0432
22.969000,1.7468,0.0432
22.970000,1.7585,0.0431
22.971000,1.7336,0.0431
22.972000,1.7129,0.0431
22.973000,1.6964,0.0430
22.974000,1.6839,0.0430
22.975000,1.6754,0.0430
22.976000,1.6710,0.0430
22.977000,1.6705,0.0430
22.978000,1.6739,0.0429
22.979000,1.6813,0.0429
22.980000,1.6927,0.0429
22.981000,1.6686,0.0429
22.982000,1.6486,0.0429
22.983000,1.6327,0.0429
22.984000,1.6208,0.0428
22.985000,1.6127,0.0428
22.986000,1.6085,0.0428
22.987000,1.6082,0.0428
22.987000,1.7238,0.0482
22.988000,1.7326,0.0482
22.989000,1.7459,0.0482
22.990000,1.7636,0.0482
22.991000,1.7394,0.0482
22.992000,1.7198,0.0482
22.993000,1.7049,0.0482
22.994000,1.6946,0.0482
22.995000,1.6889,0.0481
22.996000,1.6878,0.0481
22.997000,1.6913,0.0481
22.998000,1.6995,0.0480
22.999000,1.7124,0.0480
23.000000,1.7299,0.0480
23.001000,1.7055,0.0479
23.002000,1.6858,0.0479
23.003000,1.6709,0.0479
23.004000,1.6606,0.0479
23.005000,1.6549,0.0479
23.006000,1.6538,0.0479
23.006000,1.8180,0.0490
23.007000,1.8233,0.0490
23.008000,1.8334,0.0490
23.009000,1.8484,0.0490
23.010000,1.8681,0.0490
23.011000,1.8451,0.0490
23.012000,1.8268,0.0489
23.013000,1.8134,0.0489
23.014000,1.8048,0.0489
23.015000,1.8009,0.0489
23.016000,1.8017,0.0489
23.017000,1.8073,0.0488
23.018000,1.8176,0.0488
23.019000,1.8327,0.0488
23.022000,1.8126,0.0487
23.023000,1.7998,0.0487
23.024000,1.7916,0.0487
23.025000,1.7882,0.0487
23.031000,1.8195,0.0486
23.032000,1.8027,0.0486
23.033000,1.7906,0.0486
23.034000,1.7831,0.0486
23.035000,1.7803,0.0486
23.036000,1.7820,0.0486
23.037000,1.7883,0.0486
23.053000,1.8340,0.0482
23.054000,1.8330,0.0482
23.055000,1.8358,0.0481
23.056000,1.8423,0.0481
23.057000,1.8525,0.0481
23.058000,1.8663,0.0480
23.059000,1.8835,0.0480
23.060000,1.9041,0.0480
23.061000,1.9028,0.0479
23.062000,1.9058,0.0479
23.064000,1.9223,0.0479
23.065000,1.9347,0.0478
23.066000,1.9493,0.0478
23.067000,1.9658,0.0478
23.068000,1.9837,0.0478
23.069000,2.0029,0.0477
23.070000,2.0232,0.0477
23.071000,2.0435,0.0476
23.072000,2.0645,0.0476
23.072000,1.8464,0.0484
23.073000,1.8630,0.0484
23.074000,1.8802,0.0483
23.075000,1.8979,0.0483
23.076000,1.9159,0.0482
23.077000,1.9343,0.0482
23.078000,1.9529,0.0481
23.079000,1.9717,0.0481
23.080000,1.9907,0.0481
23.081000,2.0100,0.0480
23.082000,2.0295,0.0480
23.083000,2.0492,0.0480
23.084000,2.0689,0.0479
23.085000,2.0887,0.0479
23.086000,2.1085,0.0479
23.087000,2.1284,0.0479
23.088000,2.1484,0.0479
23.089000,2.1684,0.0479
23.090000,2.1885,0.0479
23.091000,2.2085,0.0479
23.092000,2.2287,0.0479
23.092000,1.8985,0.0422
23.093000,1.9007,0.0421
23.094000,1.9030,0.0421
23.095000,1.9053,0.0421
23.096000,1.9075,0.0420
23.097000,1.9098,0.0420
23.098000,1.9121,0.0419
23.099000,1.9144,0.0419
23.100000,1.9167,0.0419
23.101000,1.9189,0.0418
23.102000,1.9212,0.0418
23.103000,1.9235,0.0417
23.103000,2.0872,0.0441
23.104000,2.0883,0.0441
23.105000,2.0893,0.0440
23.116000,2.1009,0.0438
23.117000,2.1019,0.0438
23.118000,2.1030,0.0438
23.119000,2.1040,0.0437
23.120000,2.1050,0.0437
23.121000,2.1061,0.0437
23.122000,2.1071,0.0436
23.123000,2.1081,0.0436
23.124000,2.1092,0.0436
23.125000,2.1102,0.0436
23.126000,2.1112,0.0435
23.127000,2.1122,0.0435
23.128000,2.1132,0.0435
23.129000,2.1142,0.0435
23.130000,2.1152,0.0435
23.131000,2.1162,0.0434
23.132000,2.1171,0.0434
23.133000,2.1181,0.0434
23.134000,2.1190,0.0434
23.149000,2.1112,0.0458
23.150000,2.1120,0.0458
23.151000,2.1127,0.0458
23.152000,2.1135,0.0458
23.153000,2.1143,0.0458
23.154000,2.1151,0.0458
23.155000,2.1159,0.0458
23.156000,2.1167,0.0458
23.157000,2.1175,0.0458
23.158000,2.1183,0.0457
23.159000,2.1190,0.0457
23.166000,1.9899,0.0497
23.167000,1.9906,0.0496
23.168000,1.9914,0.0496
23.169000,1.9922,0.0496
23.170000,1.9929,0.0496
23.171000,1.9937,0.0496
23.172000,1.9945,0.0496
23.173000,1.9954,0.0496
23.174000,1.9962,0.0496
23.175000,1.9970,0.0496
23.176000,1.9978,0.0496
23.177000,1.9986,0.0496
23.178000,1.9994,0.0496
23.179000,2.0002,0.0496
23.180000,2.0010,0.0496
23.181000,2.0017,0.0496
23.182000,2.0025,0.0496
23.183000,2.0033,0.0495
23.184000,2.0040,0.0495
23.185000,2.0047,0.0495
23.186000,2.0055,0.0495
23.187000,2.0062,0.0494
23.188000,2.0069,0.0494
23.189000,2.0076,0.0494
23.190000,2.0084,0.0494
23.191000,2.0091,0.0493
23.192000,2.0098,0.0493
23.193000,2.0105,0.0493
23.194000,2.0112,0.0493
23.195000,2.0119,0.0492
23.196000,2.0126,0.0492
23.197000,2.0134,0.0492
23.197000,1.9736,0.0511
23.198000,1.9742,0.0511
23.199000,1.9748,0.0510
23.200000,1.9755,0.0510
23.201000,1.9761,0.0510
23.202000,1.9767,0.0510
23.203000,1.9774,0.0510
23.204000,1.9780,0.0510
23.205000,1.9787,0.0510
23.206000,1.9793,0.0510
23.207000,1.9799,0.0510
23.208000,1.9806,0.0510
23.209000,1.9812,0.0510
23.210000,1.9818,0.0510
23.211000,1.9825,0.0509
23.219000,1.9788,0.0512
23.220000,1.9794,0.0511
23.221000,1.9800,0.0511
23.230000,1.9855,0.0508
23.231000,1.9861,0.0508
23.232000,1.9867,0.0508
23.233000,1.9873,0.0507
23.234000,1.9879,0.0507
23.235000,1.9885,0.0507
23.236000,1.9891,0.0506
23.237000,1.9897,0.0506
23.238000,1.9902,0.0506
23.239000,1.9908,0.0505
23.240000,1.9913,0.0505
23.241000,1.9919,0.0505
23.242000,1.9924,0.0505
23.243000,1.9929,0.0504
23.244000,1.9934,0.0504
23.245000,1.9939,0.0504
23.246000,1.9944,0.0504
23.247000,1.9949,0.0503
23.248000,1.9954,0.0503
23.249000,1.9959,0.0503
23.250000,1.9963,0.0503
23.251000,1.9969,0.0503
23.252000,1.9976,0.0503
23.253000,1.9982,0.0503
23.254000,1.9988,0.0503
23.255000,1.9994,0.0503
23.256000,2.0000,0.0503
23.257000,2.0006,0.0503
23.258000,2.0013,0.0503
23.259000,2.0019,0.0503
23.260000,2.0025,0.0503
23.261000,2.0031,0.0502
23.262000,2.0038,0.0502
23.263000,2.0044,0.0502
23.264000,2.0051,0.0501
23.265000,2.0058,0.0501
23.266000,2.0064,0.0500
23.267000,2.0071,0.0500
23.268000,2.0077,0.0500
23.269000,2.0084,0.0500
23.270000,2.0090,0.0499
23.271000,2.0096,0.0499
23.272000,2.0103,0.0499
23.273000,2.0109,0.0499
23.274000,2.0115,0.0499
23.275000,2.0121,0.0499
23.280000,2.1122,0.0495
23.281000,2.1130,0.0495
23.282000,2.1137,0.0495
23.282000,1.9166,0.0497
23.283000,1.9170,0.0497
23.284000,1.9175,0.0497
23.285000,1.9179,0.0496
23.286000,1.9184,0.0496
23.287000,1.9188,0.0496
23.288000,1.9192,0.0496
23.289000,1.9197,0.0495
23.290000,1.9201,0.0495
23.300000,1.9243,0.0493
23.301000,1.9247,0.0493
23.302000,1.9251,0.0493
23.303000,1.9255,0.0493
23.304000,1.9259,0.0493
23.305000,1.9264,0.0492
23.306000,1.9268,0.0492
23.307000,1.9272,0.0492
23.308000,1.9277,0.0493
23.309000,1.9281,0.0493
23.310000,1.9285,0.0493
23.311000,1.9290,0.0493
23.312000,1.9294,0.0493
23.313000,1.9298,0.0493
23.314000,1.9302,0.0493
23.315000,1.9306,0.0493
23.316000,1.9310,0.0493
23.317000,1.9314,0.0492
23.318000,1.9317,0.0492
23.319000,1.9321,0.0492
23.320000,1.9324,0.0492
23.321000,1.9329,0.0491
23.322000,1.9333,0.0491
23.323000,1.9337,0.0491
23.324000,1.9340,0.0490
23.325000,1.9344,0.0490
23.326000,1.9348,0.0489
23.327000,1.9351,0.0489
23.328000,1.9355,0.0489
23.329000,1.9359,0.0489
23.330000,1.9363,0.0489
23.331000,1.9363,0.0489
23.332000,1.9364,0.0489
23.333000,1.9366,0.0489
23.334000,1.9367,0.0489
23.335000,1.9369,0.0488
23.336000,1.9371,0.0488
23.337000,1.9373,0.0488
23.338000,1.9376,0.0488
23.339000,1.9380,0.0488
23.340000,1.9384,0.0487
23.341000,1.9378,0.0487
23.342000,1.9372,0.0487
23.343000,1.9368,0.0486
23.344000,1.9364,0.0486
23.345000,1.9361,0.0486
23.346000,1.9360,0.0486
23.347000,1.9359,0.0486
23.348000,1.9360,0.0486
23.349000,1.9362,0.0486
23.349000,1.9372,0.0524
23.350000,1.9376,0.0524
23.351000,1.9359,0.0523
23.352000,1.9345,0.0523
23.353000,1.9332,0.0523
23.353000,1.8790,0.0496
23.354000,1.8786,0.0496
23.355000,1.8785,0.0496
23.356000,1.8785,0.0495
23.357000,1.8788,0.0495
23.358000,1.8793,0.0495
23.359000,1.8800,0.0494
23.360000,1.8810,0.0494
23.361000,1.8787,0.0494
23.362000,1.8767,0.0493
23.363000,1.8750,0.0493
23.364000,1.8736,0.0493
23.365000,1.8726,0.0492
23.366000,1.8718,0.0492
23.367000,1.8715,0.0492
23.368000,1.8715,0.0491
23.369000,1.8720,0.0491
23.371000,1.8688,0.0491
23.393000,1.8040,0.0488
23.394000,1.7983,0.0487
23.395000,1.7937,0.0487
23.396000,1.7899,0.0487
23.397000,1.7872,0.0486
23.398000,1.7854,0.0486
23.399000,1.7846,0.0486
23.400000,1.7849,0.0485
23.401000,1.7742,0.0485
23.402000,1.7645,0.0485
23.403000,1.7560,0.0484
23.404000,1.7486,0.0484
23.405000,1.7423,0.0484
23.406000,1.7373,0.0483
23.407000,1.7335,0.0483
23.408000,1.7310,0.0482
23.409000,1.7297,0.0482
23.410000,1.7297,0.0482
23.411000,1.7161,0.0481
23.412000,1.7038,0.0481
23.413000,1.6929,0.0480
23.414000,1.6835,0.0480
23.415000,1.6755,0.0479
23.416000,1.6690,0.0479
23.417000,1.6641,0.0479
23.418000,1.6607,0.0479
23.419000,1.6589,0.0479
23.420000,1.6587,0.0478
23.421000,1.6418,0.0478
23.422000,1.6266,0.0478
23.423000,1.6132,0.0478
23.424000,1.6015,0.0478
23.425000,1.5916,0.0478
23.426000,1.5834,0.0478
23.427000,1.5772,0.0478
23.428000,1.5728,0.0477
23.429000,1.5704,0.0477
23.430000,1.5698,0.0477
23.433000,1.5150,0.0477
23.443000,1.6655,0.0478
23.444000,1.6535,0.0478
23.444000,1.8888,0.0467
23.457000,1.8162,0.0464
23.458000,1.8170,0.0464
23.459000,1.8209,0.0464
23.460000,1.8279,0.0463
23.461000,1.8040,0.0463
23.462000,1.7833,0.0463
23.463000,1.7659,0.0463
23.464000,1.7517,0.0462
23.465000,1.7409,0.0462
23.466000,1.7334,0.0462
23.467000,1.7294,0.0461
23.468000,1.7288,0.0461
23.491000,1.9540,0.0456
23.492000,1.9324,0.0456
23.493000,1.9153,0.0456
23.494000,1.9028,0.0456
23.495000,1.8947,0.0455
23.496000,1.8913,0.0455
23.497000,1.8924,0.0455
23.498000,1.8980,0.0455
23.499000,1.9080,0.0454
23.500000,1.9224,0.0454
23.501000,1.8977,0.0453
23.502000,1.8773,0.0453
23.503000,1.8611,0.0452
23.504000,1.8493,0.0452
23.505000,1.8418,0.0451
23.506000,1.8387,0.0451
23.507000,1.8399,0.0451
23.508000,1.8455,0.0450
23.506000,2.1783,0.0456
23.507000,2.1830,0.0456
23.508000,2.1922,0.0455
23.509000,2.2058,0.0455
23.510000,2.2239,0.0455
23.511000,2.2014,0.0455
23.512000,2.1834,0.0455
23.513000,2.1698,0.0454
23.514000,2.1607,0.0454
23.515000,2.1561,0.0454
23.516000,2.1560,0.0453
23.517000,2.1604,0.0453
23.518000,2.1693,0.0453
23.519000,2.1826,0.0452
23.520000,2.2005,0.0452
23.521000,2.1782,0.0451
23.522000,2.1603,0.0451
23.523000,2.1469,0.0451
23.524000,2.1380,0.0451
23.525000,2.1336,0.0451
23.526000,2.1337,0.0451
23.527000,2.1382,0.0451
23.528000,2.1472,0.0451
23.529000,2.1606,0.0451
23.530000,2.1786,0.0451
23.531000,2.1566,0.0451
23.532000,2.1391,0.0451
23.533000,2.1261,0.0451
23.534000,2.1175,0.0451
23.535000,2.1133,0.0450
23.536000,2.1136,0.0451
23.537000,2.1183,0.0451
23.538000,2.1274,0.0451
23.538000,2.1266,0.0456
23.539000,2.1407,0.0456
23.540000,2.1591,0.0456
23.541000,2.1389,0.0456
23.542000,2.1231,0.0456
23.543000,2.1116,0.0456
23.544000,2.1043,0.0456
23.545000,2.1014,0.0457
23.546000,2.1027,0.0457
23.547000,2.1084,0.0457
23.548000,2.1183,0.0457
23.549000,2.1325,0.0457
23.550000,2.1510,0.0457
23.551000,2.1313,0.0457
23.552000,2.1159,0.0458
23.553000,2.1047,0.0458
23.554000,2.0979,0.0458
23.555000,2.0952,0.0458
23.556000,2.0968,0.0458
23.557000,2.1026,0.0458
23.558000,2.1127,0.0458
23.559000,2.1269,0.0459
23.560000,2.1454,0.0459
23.561000,2.1261,0.0459
23.561000,2.2127,0.0458
23.562000,2.1972,0.0458
23.563000,2.1860,0.0458
23.564000,2.1789,0.0458
23.565000,2.1760,0.0458
23.566000,2.1774,0.0458
23.567000,2.1829,0.0458
23.568000,2.1926,0.0457
23.569000,2.2064,0.0457
23.578000,2.1965,0.0456
23.579000,2.2106,0.0456
23.580000,2.2285,0.0456
23.581000,2.2120,0.0456
23.582000,2.1993,0.0456
23.583000,2.1904,0.0455
23.584000,2.1852,0.0455
23.585000,2.1840,0.0455
23.586000,2.1866,0.0455
23.587000,2.1931,0.0455
23.588000,2.2037,0.0455
23.593000,2.1149,0.0457
23.594000,2.1069,0.0456
23.595000,2.1029,0.0456
23.596000,2.1031,0.0456
23.597000,2.1074,0.0455
23.599000,2.1285,0.0454
23.603000,2.0964,0.0453
23.604000,2.0884,0.0453
23.605000,2.0845,0.0453
23.606000,2.0848,0.0453
23.607000,2.0891,0.0452
23.608000,2.0975,0.0452
23.609000,2.1101,0.0452
23.610000,2.1267,0.0452
23.611000,2.1067,0.0451
23.612000,2.0907,0.0451
23.613000,2.0789,0.0451
23.614000,2.0711,0.0451
23.615000,2.0674,0.0451
23.616000,2.0677,0.0451
23.617000,2.0722,0.0451
23.618000,2.0807,0.0450
23.619000,2.0933,0.0450
23.620000,2.1099,0.0450
23.621000,2.0903,0.0450
23.622000,2.0747,0.0450
23.623000,2.0631,0.0449
23.624000,2.0557,0.0449
23.625000,2.0522,0.0449
23.626000,2.0528,0.0448
23.627000,2.0574,0.0448
23.628000,2.0660,0.0448
23.629000,2.0787,0.0447
23.630000,2.0954,0.0447
23.631000,2.0762,0.0447
23.632000,2.0609,0.0447
23.633000,2.0497,0.0446
23.634000,2.0425,0.0446
23.635000,2.0394,0.0446
23.636000,2.0402,0.0446
23.637000,2.0450,0.0445
23.638000,2.0538,0.0445
23.639000,2.0666,0.0444
23.640000,2.0833,0.0444
23.641000,2.0646,0.0443
23.642000,2.0498,0.0443
23.643000,2.0390,0.0443
23.644000,2.0321,0.0443
23.645000,2.0292,0.0443
23.646000,2.0303,0.0443
23.647000,2.0353,0.0442
23.648000,2.0443,0.0443
23.649000,2.0572,0.0443
23.650000,2.0741,0.0442
23.651000,2.0557,0.0442
23.652000,2.0412,0.0442
23.652000,1.9304,0.0465
23.652000,1.9986,0.0451
23.653000,1.9877,0.0451
23.654000,1.9808,0.0451
23.655000,1.9779,0.0450
23.656000,1.9788,0.0450
23.657000,1.9838,0.0450
23.658000,1.9926,0.0450
23.659000,2.0054,0.0450
23.660000,2.0220,0.0450
23.661000,2.0037,0.0450
23.662000,1.9893,0.0450
23.663000,1.9787,0.0450
23.664000,1.9721,0.0450
23.665000,1.9694,0.0450
23.666000,1.9706,0.0450
23.667000,1.9757,0.0449
23.668000,1.9846,0.0449
23.669000,1.9975,0.0449
23.670000,2.0142,0.0449
23.671000,1.9963,0.0448
23.672000,1.9822,0.0448
23.673000,1.9721,0.0447
23.674000,1.9657,0.0447
23.675000,1.9633,0.0447
23.676000,1.9647,0.0446
23.677000,1.9700,0.0446
23.678000,1.9791,0.0446
23.679000,1.9921,0.0446
23.680000,2.0089,0.0446
23.681000,1.9914,0.0445
23.682000,1.9777,0.0445
23.683000,1.9679,0.0445
23.684000,1.9619,0.0445
23.685000,1.9597,0.0444
23.686000,1.9613,0.0444
23.686000,2.0374,0.0477
23.687000,2.0427,0.0476
23.688000,2.0517,0.0476
23.689000,2.0645,0.0476
23.690000,2.0810,0.0475
23.691000,2.0640,0.0475
23.692000,2.0507,0.0475
23.693000,2.0411,0.0474
23.694000,2.0353,0.0474
23.695000,2.0333,0.0474
23.696000,2.0350,0.0473
23.697000,2.0404,0.0473
23.698000,2.0496,0.0473
23.699000,2.0625,0.0472
23.700000,2.0791,0.0472
23.701000,2.0625,0.0471
23.702000,2.0497,0.0471
23.703000,2.0405,0.0470
23.704000,2.0351,0.0470
23.705000,2.0334,0.0470
23.706000,2.0353,0.0470
23.707000,2.0410,0.0470
23.708000,2.0504,0.0469
23.709000,2.0634,0.0469
23.710000,2.0801,0.0469
23.711000,2.0639,0.0469
23.712000,2.0513,0.0469
23.713000,2.0424,0.0468
23.714000,2.0371,0.0468
23.715000,2.0356,0.0468
23.716000,2.0377,0.0468
23.717000,2.0434,0.0467
23.718000,2.0528,0.0467
23.719000,2.0658,0.0466
23.731000,2.0721,0.0462
23.732000,2.0603,0.0462
23.733000,2.0521,0.0462
23.734000,2.0475,0.0461
23.735000,2.0465,0.0461
23.748000,1.9892,0.0493
23.749000,2.0014,0.0493
23.750000,2.0170,0.0492
23.751000,2.0021,0.0492
23.752000,1.9905,0.0492
23.753000,1.9824,0.0492
23.754000,1.9777,0.0492
23.755000,1.9764,0.0492
23.756000,1.9785,0.0492
23.757000,1.9841,0.0491
23.781000,1.9741,0.0500
23.782000,1.9634,0.0500
23.783000,1.9560,0.0500
23.784000,1.9519,0.0500
23.785000,1.9510,0.0500
23.786000,1.9533,0.0500
23.787000,1.9589,0.0500
23.790000,1.6434,0.0503
23.793000,1.6119,0.0503
23.794000,1.6076,0.0503
23.795000,1.6064,0.0503
23.796000,1.6082,0.0503
23.797000,1.6131,0.0502
23.798000,1.6210,0.0502
23.799000,1.6320,0.0502
23.800000,1.6461,0.0502
23.801000,1.6330,0.0502
23.802000,1.6229,0.0502
23.803000,1.6159,0.0502
23.804000,1.6119,0.0502
23.805000,1.6110,0.0502
23.806000,1.6131,0.0502
23.807000,1.6182,0.0502
23.808000,1.6262,0.0501
23.822000,1.6375,0.0500
23.823000,1.6312,0.0500
23.824000,1.6279,0.0500
23.825000,1.6274,0.0500
23.826000,1.6299,0.0499
23.827000,1.6352,0.0499
23.828000,1.6435,0.0499
23.829000,1.6546,0.0499
23.830000,1.6686,0.0499
23.831000,1.6568,0.0498
23.832000,1.6480,0.0498
23.833000,1.6420,0.0498
23.834000,1.6390,0.0498
23.835000,1.6388,0.0498
23.836000,1.6414,0.0498
23.837000,1.6469,0.0498
23.838000,1.6552,0.0497
23.839000,1.6664,0.0497
23.840000,1.6804,0.0497
23.841000,1.6691,0.0497
23.842000,1.6607,0.0496
23.843000,1.6551,0.0496
23.844000,1.6523,0.0496
23.845000,1.6523,0.0496
23.846000,1.6552,0.0496
23.847000,1.6608,0.0496
23.848000,1.6692,0.0496
23.849000,1.6804,0.0495
23.850000,1.6943,0.0495
23.851000,1.6835,0.0495
23.852000,1.6754,0.0494
23.853000,1.6702,0.0494
23.854000,1.6677,0.0494
23.855000,1.6680,0.0493
23.856000,1.6710,0.0493
23.857000,1.6767,0.0493
23.857000,1.3182,0.0378
23.858000,1.3256,0.0378
23.859000,1.3360,0.0378
23.860000,1.3495,0.0377
23.861000,1.3362,0.0377
23.862000,1.3259,0.0377
23.863000,1.3186,0.0377
23.864000,1.3143,0.0377
23.865000,1.3129,0.0377
23.866000,1.3146,0.0376
23.867000,1.3192,0.0376
23.868000,1.3267,0.0376
23.869000,1.3372,0.0376
23.870000,1.3507,0.0376
23.870000,1.4049,0.0488
23.871000,1.3949,0.0488
23.872000,1.3874,0.0488
23.873000,1.3823,0.0487
23.874000,1.3797,0.0487
23.875000,1.3795,0.0487
23.876000,1.3816,0.0487
23.877000,1.3861,0.0487
23.878000,1.3930,0.0486
23.879000,1.4023,0.0486
23.880000,1.4139,0.0486
23.881000,1.4044,0.0486
23.882000,1.3974,0.0486
23.883000,1.3928,0.0486
23.883000,1.4593,0.0517
23.884000,1.4569,0.0516
23.885000,1.4567,0.0516
23.886000,1.4590,0.0516
23.887000,1.4634,0.0516
23.888000,1.4702,0.0515
23.889000,1.4793,0.0515
23.890000,1.4907,0.0515
23.891000,1.4816,0.0515
23.892000,1.4749,0.0515
23.893000,1.4705,0.0515
23.894000,1.4684,0.0515
23.895000,1.4686,0.0515
23.896000,1.4710,0.0515
23.897000,1.4756,0.0515
23.898000,1.4824,0.0515
23.899000,1.4914,0.0515
23.900000,1.5027,0.0515
23.901000,1.4941,0.0515
23.902000,1.4878,0.0515
23.903000,1.4837,0.0515
23.904000,1.4819,0.0514
23.905000,1.4822,0.0514
23.906000,1.4847,0.0514
23.906000,1.2255,0.0412
23.907000,1.2294,0.0411
23.908000,1.2357,0.0411
23.909000,1.2446,0.0411
23.910000,1.2559,0.0411
23.911000,1.2451,0.0411
23.912000,1.2369,0.0411
23.913000,1.2311,0.0411
23.914000,1.2279,0.0411
23.915000,1.2270,0.0411
23.916000,1.2286,0.0411
23.917000,1.2326,0.0411
23.918000,1.2390,0.0411
23.919000,1.2478,0.0411
23.920000,1.2591,0.0411
23.921000,1.2487,0.0411
23.922000,1.2408,0.0411
23.923000,1.2353,0.0411
23.924000,1.2323,0.0411
23.925000,1.2316,0.0411
23.926000,1.2333,0.0411
23.927000,1.2373,0.0411
23.928000,1.2437,0.0411
23.929000,1.2525,0.0411
23.942000,1.2536,0.0408
23.945000,1.2460,0.0407
23.946000,1.2480,0.0406
23.948000,1.2587,0.0405
23.958000,1.4003,0.0562
23.968000,1.4221,0.0564
23.976000,1.4359,0.0563
23.977000,1.4399,0.0563
23.978000,1.4450,0.0563
23.979000,1.4512,0.0563
23.980000,1.4585,0.0562
23.981000,1.4558,0.0562
23.983000,1.4541,0.0562
23.989000,1.4749,0.0560
23.990000,1.4821,0.0559
23.991000,1.4798,0.0559
23.992000,1.4786,0.0559
23.992000,1.4756,0.0548
23.993000,1.4749,0.0548
23.994000,1.4755,0.0548
23.995000,1.4772,0.0547
24.002000,1.4982,0.0545
24.003000,1.4979,0.0545
24.004000,1.4986,0.0544
24.005000,1.5004,0.0544
24.006000,1.5033,0.0544
24.007000,1.5073,0.0544
24.008000,1.5123,0.0544
24.009000,1.5184,0.0543
24.010000,1.5257,0.0543
24.011000,1.5232,0.0543
24.012000,1.5220,0.0542
24.013000,1.5218,0.0542
24.014000,1.5227,0.0542
24.015000,1.5247,0.0542
24.016000,1.5277,0.0542
24.019000,1.5429,0.0541
24.020000,1.5501,0.0541
24.021000,1.5479,0.0541
24.022000,1.5469,0.0541
24.023000,1.5469,0.0541
24.024000,1.5479,0.0540
24.025000,1.5500,0.0540
24.026000,1.5531,0.0539
24.027000,1.5571,0.0539
24.028000,1.5622,0.0539
24.029000,1.5682,0.0538
24.030000,1.5753,0.0538
24.031000,1.5734,0.0538
24.032000,1.5726,0.0538
24.033000,1.5729,0.0538
24.034000,1.5741,0.0537
24.035000,1.5763,0.0537
24.036000,1.5794,0.0537
24.043000,1.6346,0.0569
24.049000,1.6565,0.0569
24.052000,1.6640,0.0568
24.053000,1.6659,0.0568
24.054000,1.6683,0.0568
24.055000,1.6713,0.0568
24.056000,1.6748,0.0567
24.057000,1.6788,0.0567
24.058000,1.6833,0.0567
24.059000,1.6884,0.0566
24.060000,1.6940,0.0566
24.061000,1.6949,0.0566
24.062000,1.6964,0.0566
24.063000,1.6985,0.0565
24.064000,1.7011,0.0565
24.065000,1.7042,0.0564
24.066000,1.7078,0.0564
24.066000,1.5961,0.0522
24.067000,1.5999,0.0522
24.068000,1.6042,0.0521
24.069000,1.6090,0.0521
24.070000,1.6144,0.0520
24.071000,1.6152,0.0520
24.072000,1.6166,0.0519
24.073000,1.6185,0.0519
24.074000,1.6209,0.0519
24.075000,1.6238,0.0518
24.076000,1.6272,0.0518
24.077000,1.6311,0.0518
24.078000,1.6354,0.0517
24.079000,1.6402,0.0517
24.079000,1.5221,0.0470
24.080000,1.5275,0.0470
24.081000,1.5284,0.0470
24.082000,1.5299,0.0470
24.083000,1.5319,0.0470
24.084000,1.5344,0.0470
24.085000,1.5373,0.0470
24.086000,1.5408,0.0470
24.087000,1.5447,0.0469
24.088000,1.5490,0.0469
24.089000,1.5539,0.0469
24.090000,1.5594,0.0469
24.091000,1.5599,0.0469
24.092000,1.5611,0.0469
24.093000,1.5628,0.0469
24.094000,1.5651,0.0468
24.095000,1.5679,0.0468
24.096000,1.5711,0.0467
24.097000,1.5749,0.0467
24.098000,1.5792,0.0466
24.099000,1.5840,0.0466
24.100000,1.5894,0.0465
24.101000,1.5899,0.0465
24.102000,1.5911,0.0464
24.103000,1.5928,0.0464
24.104000,1.5951,0.0463
24.105000,1.5979,0.0463
24.106000,1.6011,0.0462
24.107000,1.6048,0.0462
24.108000,1.6090,0.0462
24.109000,1.6138,0.0461
24.110000,1.6190,0.0461
24.111000,1.6197,0.0460
24.112000,1.6210,0.0460
24.113000,1.6229,0.0459
24.114000,1.6252,0.0459
24.115000,1.6280,0.0459
24.116000,1.6313,0.0459
24.117000,1.6350,0.0458
24.118000,1.6393,0.0458
24.119000,1.6440,0.0457
24.120000,1.6492,0.0457
24.121000,1.6500,0.0457
24.122000,1.6515,0.0456
24.123000,1.6534,0.0456
24.124000,1.6558,0.0456
24.125000,1.6587,0.0456
24.126000,1.6620,0.0456
24.126000,1.8920,0.0545
24.127000,1.8962,0.0545
24.128000,1.9009,0.0545
24.129000,1.9061,0.0545
24.130000,1.9119,0.0544
24.131000,1.9129,0.0544
24.132000,1.9145,0.0544
24.132000,1.5668,0.0422
24.133000,1.5680,0.0421
24.134000,1.5698,0.0421
24.135000,1.5721,0.0421
24.136000,1.5750,0.0421
24.137000,1.5785,0.0420
24.138000,1.5826,0.0420
24.139000,1.5872,0.0419
24.140000,1.5924,0.0419
24.141000,1.5924,0.0419
24.142000,1.5930,0.0418
24.143000,1.5943,0.0418
24.144000,1.5961,0.0417
24.145000,1.5985,0.0417
24.146000,1.6014,0.0416
24.147000,1.6048,0.0416
24.148000,1.6088,0.0416
24.149000,1.6134,0.0415
24.150000,1.6186,0.0415
24.151000,1.6191,0.0414
24.152000,1.6202,0.0414
24.153000,1.6219,0.0413
24.154000,1.6241,0.0412
24.155000,1.6267,0.0412
24.156000,1.6299,0.0411
24.157000,1.6335,0.0410
24.158000,1.6375,0.0410
24.159000,1.6421,0.0409
24.160000,1.6473,0.0409
24.161000,1.6477,0.0408
24.162000,1.6487,0.0408
24.163000,1.6502,0.0407
24.164000,1.6523,0.0406
24.165000,1.6548,0.0406
24.166000,1.6579,0.0406
24.171000,1.4828,0.0314
24.172000,1.4819,0.0314
24.176000,1.4872,0.0312
24.178000,1.4948,0.0311
24.179000,1.4999,0.0311
24.180000,1.5058,0.0311
24.181000,1.5042,0.0310
24.182000,1.5036,0.0310
24.183000,1.5038,0.0310
24.191000,1.5265,0.0307
24.192000,1.5260,0.0307
24.193000,1.5264,0.0307
24.194000,1.5276,0.0307
24.195000,1.5295,0.0307
24.196000,1.5322,0.0307
24.197000,1.5356,0.0307
24.197000,1.7952,0.0390
24.198000,1.8000,0.0390
24.199000,1.8057,0.0390
24.200000,1.8122,0.0390
24.201000,1.8123,0.0389
24.202000,1.8132,0.0389
24.206000,1.8252,0.0387
24.208000,1.8353,0.0387
24.209000,1.8411,0.0386
24.210000,1.8476,0.0386
24.213000,1.8542,0.0384
24.214000,1.8574,0.0384
24.215000,1.8613,0.0383
24.216000,1.8657,0.0383
24.217000,1.8707,0.0383
24.218000,1.8763,0.0382
24.219000,1.8827,0.0382
24.220000,1.8898,0.0382
24.221000,1.8891,0.0381
24.222000,1.8892,0.0381
24.223000,1.8901,0.0381
24.224000,1.8918,0.0381
24.225000,1.8943,0.0380
24.226000,1.8977,0.0380
24.226000,1.7703,0.0312
24.227000,1.7743,0.0311
24.228000,1.7793,0.0311
24.229000,1.7853,0.0311
24.230000,1.7924,0.0311
24.231000,1.7898,0.0311
24.232000,1.7882,0.0310
24.233000,1.7878,0.0310
24.234000,1.7884,0.0310
24.235000,1.7900,0.0309
24.236000,1.7927,0.0309
24.237000,1.7964,0.0309
24.238000,1.8012,0.0308
24.239000,1.8070,0.0308
24.240000,1.8140,0.0308
24.241000,1.8114,0.0308
24.242000,1.8099,0.0308
24.243000,1.8095,0.0307
24.244000,1.8101,0.0307
24.245000,1.8118,0.0307
24.246000,1.8146,0.0307
24.247000,1.8183,0.0307
24.248000,1.8231,0.0307
24.249000,1.8289,0.0306
24.250000,1.8358,0.0306
24.251000,1.8334,0.0306
24.252000,1.8321,0.0305
24.253000,1.8318,0.0305
24.254000,1.8326,0.0305
24.255000,1.8343,0.0305
24.256000,1.8371,0.0305
24.256000,2.0962,0.0371
24.257000,2.1003,0.0371
24.257000,2.4606,0.0467
24.258000,2.4668,0.0467
24.259000,2.4742,0.0467
24.260000,2.4828,0.0467
24.261000,2.4810,0.0467
24.262000,2.4803,0.0467
24.263000,2.4809,0.0467
24.264000,2.4827,0.0467
24.265000,2.4857,0.0467
24.266000,2.4899,0.0467
24.267000,2.4952,0.0466
24.268000,2.5018,0.0466
24.269000,2.5095,0.0466
24.270000,2.5182,0.0466
24.271000,2.5359,0.0465
24.272000,2.5537,0.0465
24.273000,2.5713,0.0465
24.274000,2.5884,0.0465
24.275000,2.6048,0.0465
24.276000,2.6202,0.0465
24.277000,2.6344,0.0465
24.278000,2.6473,0.0465
24.279000,2.6588,0.0465
24.280000,2.6689,0.0465
24.281000,2.6944,0.0465
24.282000,2.7187,0.0464
24.283000,2.7415,0.0464
24.284000,2.7630,0.0464
24.285000,2.7830,0.0464
24.286000,2.8015,0.0463
24.287000,2.8185,0.0463
24.288000,2.8340,0.0462
24.289000,2.8480,0.0462
24.290000,2.8606,0.0461
24.291000,2.8832,0.0461
24.292000,2.9046,0.0460
24.293000,2.9248,0.0460
24.294000,2.9437,0.0459
24.295000,2.9615,0.0459
24.296000,2.9782,0.0459
24.297000,2.9938,0.0458
24.298000,3.0084,0.0458
24.299000,3.0221,0.0458
24.300000,3.0348,0.0458
24.300000,2.5703,0.0404
24.301000,2.5763,0.0403
24.302000,2.5816,0.0403
24.303000,2.5864,0.0403
24.304000,2.5906,0.0402
24.304000,2.8578,0.0442
24.305000,2.8646,0.0441
24.306000,2.8707,0.0441
24.307000,2.8757,0.0440
24.308000,2.8793,0.0440
24.309000,2.8814,0.0440
24.310000,2.8818,0.0439
24.311000,2.9029,0.0439
24.312000,2.9221,0.0439
24.313000,2.9394,0.0438
24.314000,2.9545,0.0438
24.315000,2.9675,0.0438
24.316000,2.9783,0.0437
24.317000,2.9868,0.0437
24.318000,2.9931,0.0437
24.319000,2.9972,0.0436
24.320000,2.9991,0.0436
24.321000,3.0187,0.0436
24.322000,3.0363,0.0436
24.323000,3.0518,0.0435
24.324000,3.0652,0.0435
24.325000,3.0767,0.0435
24.326000,3.0862,0.0434
24.327000,3.0937,0.0434
24.328000,3.0993,0.0433
24.329000,3.1031,0.0433
24.330000,3.1050,0.0433
24.331000,3.1194,0.0432
24.332000,3.1321,0.0432
24.333000,3.1432,0.0431
24.334000,3.1528,0.0431
24.335000,3.1608,0.0431
24.336000,3.1674,0.0430
24.337000,3.1726,0.0430
24.338000,3.1765,0.0430
24.339000,3.1792,0.0430
24.340000,3.1807,0.0430
24.341000,3.1932,0.0430
24.341000,2.7637,0.0277
24.342000,2.7687,0.0277
24.343000,2.7724,0.0276
24.355000,2.7670,0.0272
24.356000,2.7655,0.0272
24.357000,2.7630,0.0271
24.358000,2.7596,0.0271
24.359000,2.7550,0.0270
24.360000,2.7492,0.0270
24.361000,2.7578,0.0270
24.362000,2.7649,0.0269
24.363000,2.7705,0.0269
24.364000,2.7745,0.0269
24.365000,2.7769,0.0269
24.366000,2.7777,0.0268
24.367000,2.7769,0.0268
24.368000,2.7745,0.0268
24.369000,2.7706,0.0268
24.370000,2.7652,0.0267
24.371000,2.7711,0.0267
24.372000,2.7755,0.0266
24.373000,2.7786,0.0265
24.374000,2.7803,0.0265
24.375000,2.7807,0.0264
24.376000,2.7799,0.0264
24.377000,2.7779,0.0264
24.378000,2.7748,0.0263
24.379000,2.7706,0.0263
24.380000,2.7654,0.0263
24.381000,2.7659,0.0263
24.382000,2.7654,0.0263
24.383000,2.7641,0.0263
24.386000,2.7559,0.0262
24.389000,2.7423,0.0261
24.390000,2.7369,0.0261
24.425000,3.5008,0.0280
24.426000,3.5072,0.0280
24.427000,3.5115,0.0280
24.428000,3.5136,0.0279
24.429000,3.5136,0.0279
24.430000,3.5115,0.0279
24.431000,3.5258,0.0278
24.432000,3.5381,0.0278
24.433000,3.5484,0.0278
24.434000,3.5568,0.0278
24.435000,3.5633,0.0278
24.436000,3.5680,0.0278
24.437000,3.5708,0.0277
24.438000,3.5719,0.0277
24.439000,3.5713,0.0277
24.440000,3.5691,0.0277
24.441000,3.5808,0.0276
24.442000,3.5910,0.0276
24.443000,3.5995,0.0276
24.446000,3.6150,0.0274
24.447000,3.6170,0.0274
24.448000,3.6174,0.0273
24.454000,3.6388,0.0272
24.455000,3.6418,0.0272
24.456000,3.6435,0.0272
24.457000,3.6440,0.0272
24.458000,3.6433,0.0271
24.459000,3.6416,0.0271
24.460000,3.6388,0.0271
24.461000,3.6430,0.0271
24.462000,3.6464,0.0271
24.463000,3.6488,0.0271
24.464000,3.6503,0.0270
24.465000,3.6510,0.0270
24.466000,3.6509,0.0270
24.467000,3.6502,0.0269
24.468000,3.6487,0.0269
24.469000,3.6466,0.0269
24.470000,3.6435,0.0268
24.471000,3.6764,0.0268
24.472000,3.7070,0.0268
24.473000,3.7347,0.0267
24.474000,3.7591,0.0267
24.475000,3.7796,0.0267
24.475000,3.8775,0.0332
24.476000,3.8946,0.0332
24.477000,3.9074,0.0331
24.478000,3.9156,0.0331
24.479000,3.9192,0.0331
24.480000,3.9178,0.0330
24.481000,3.9668,0.0330
24.482000,4.0109,0.0330
24.483000,4.0501,0.0330
24.484000,4.0841,0.0329
24.485000,4.1129,0.0329
24.486000,4.1364,0.0328
24.487000,4.1545,0.0328
24.488000,4.1672,0.0327
24.489000,4.1744,0.0327
24.490000,4.1760,0.0327
24.491000,4.2288,0.0326
24.492000,4.2762,0.0326
24.493000,4.3182,0.0326
24.494000,4.3545,0.0325
24.495000,4.3853,0.0325
24.496000,4.4103,0.0324
24.496000,4.1881,0.0387
24.497000,4.1928,0.0386
24.498000,4.1920,0.0386
24.499000,4.1859,0.0386
24.500000,4.1744,0.0385
24.501000,4.2114,0.0385
24.502000,4.2432,0.0385
24.503000,4.2696,0.0384
24.504000,4.2906,0.0384
24.505000,4.3062,0.0384
24.506000,4.3163,0.0384
24.507000,4.3209,0.0383
24.508000,4.3201,0.0383
24.509000,4.3139,0.0383
24.510000,4.3022,0.0383
24.510000,4.4557,0.0521
24.511000,4.4853,0.0521
24.512000,4.5098,0.0521
24.513000,4.5293,0.0520
24.514000,4.5436,0.0520
24.515000,4.5528,0.0520
24.516000,4.5568,0.0519
24.517000,4.5557,0.0519
24.518000,4.5494,0.0519
24.519000,4.5381,0.0519
24.520000,4.5217,0.0518
24.521000,4.5508,0.0518
24.522000,4.5749,0.0518
24.523000,4.5939,0.0517
24.524000,4.6078,0.0517
24.525000,4.6166,0.0516
24.526000,4.6204,0.0515
24.527000,4.6190,0.0514
24.528000,4.6125,0.0514
24.529000,4.6010,0.0513
24.530000,4.5845,0.0513
24.531000,4.6131,0.0513
24.532000,4.6368,0.0512
24.533000,4.6554,0.0512
24.534000,4.6690,0.0511
24.535000,4.6776,0.0511
24.536000,4.6810,0.0511
24.537000,4.6794,0.0510
24.537000,5.1081,0.0652
24.538000,5.1029,0.0652
24.539000,5.0929,0.0651
24.589000,5.8634,0.0746
24.590000,5.8491,0.0746
24.591000,5.8761,0.0746
24.592000,5.8985,0.0746
24.595000,5.9380,0.0746
24.601000,5.9382,0.0746
24.602000,5.9602,0.0746
24.603000,5.9776,0.0745
24.604000,5.9905,0.0745
24.605000,5.9987,0.0745
24.606000,6.0024,0.0745
24.607000,6.0015,0.0745
24.608000,5.9960,0.0745
24.609000,5.9860,0.0745
24.610000,5.9715,0.0745
24.611000,5.9975,0.0745
24.612000,6.0190,0.0745
24.613000,6.0360,0.0745
24.614000,6.0484,0.0745
24.615000,6.0564,0.0744
24.616000,6.0597,0.0744
24.617000,6.0586,0.0744
24.618000,6.0529,0.0744
24.619000,6.0427,0.0743
24.620000,6.0281,0.0743
24.621000,6.0536,0.0743
24.622000,6.0747,0.0743
24.623000,6.0913,0.0743
24.624000,6.1034,0.0742
24.625000,6.1110,0.0742
24.626000,6.1141,0.0741
24.627000,6.1128,0.0741
24.628000,6.1069,0.0740
24.629000,6.0966,0.0740
24.630000,6.0819,0.0739
24.631000,6.1070,0.0739
24.632000,6.1276,0.0738
24.633000,6.1439,0.0737
24.634000,6.1557,0.0737
24.635000,6.1630,0.0737
24.636000,6.1659,0.0736
24.637000,6.1643,0.0736
24.638000,6.1583,0.0735
24.639000,6.1479,0.0735
24.640000,6.1331,0.0735
24.641000,6.1578,0.0735
24.642000,6.1781,0.0734
24.643000,6.1939,0.0734
24.644000,6.2054,0.0734
24.645000,6.2125,0.0733
24.646000,6.2152,0.0733
24.647000,6.2134,0.0733
24.648000,6.2072,0.0732
24.649000,6.1967,0.0732
24.650000,6.1819,0.0732
24.651000,6.2060,0.0731
24.651000,6.2066,0.0788
24.652000,6.2278,0.0787
24.653000,6.2446,0.0787
24.654000,6.2572,0.0787
24.655000,6.2654,0.0786
24.656000,6.2694,0.0786
24.657000,6.2690,0.0785
24.658000,6.2643,0.0785
24.659000,6.2553,0.0785
24.659000,6.3285,0.0894
24.660000,6.3168,0.0894
24.661000,6.3410,0.0893
24.662000,6.3613,0.0893
24.663000,6.3775,0.0893
24.664000,6.3897,0.0893
24.665000,6.3980,0.0893
24.666000,6.4021,0.0892
24.667000,6.4023,0.0892
24.668000,6.3984,0.0892
24.669000,6.3906,0.0892
24.670000,6.3788,0.0892
24.671000,6.4026,0.0892
24.672000,6.4225,0.0892
24.673000,6.4384,0.0892
24.674000,6.4503,0.0892
24.675000,6.4582,0.0892
24.676000,6.4621,0.0892
24.677000,6.4620,0.0892
24.678000,6.4579,0.0892
24.678000,6.1483,0.0913
24.679000,6.1405,0.0913
24.680000,6.1288,0.0913
24.681000,6.1518,0.0913
24.682000,6.1710,0.0913
24.683000,6.1863,0.0912
24.684000,6.1978,0.0912
24.685000,6.2053,0.0912
24.686000,6.2090,0.0912
24.687000,6.2087,0.0912
24.688000,6.2046,0.0911
24.689000,6.1965,0.0911
24.690000,6.1847,0.0911
24.691000,6.2073,0.0910
24.692000,6.2261,0.0910
24.693000,6.2410,0.0909
24.694000,6.2521,0.0909
24.695000,6.2593,0.0908
24.696000,6.2626,0.0908
24.697000,6.2621,0.0907
24.698000,6.2577,0.0906
24.699000,6.2494,0.0906
24.700000,6.2374,0.0905
24.701000,6.2595,0.0904
24.702000,6.2779,0.0904
24.703000,6.2925,0.0904
24.704000,6.3032,0.0903
24.705000,6.3101,0.0903
24.706000,6.3132,0.0902
24.707000,6.3123,0.0902
24.708000,6.3077,0.0902
24.709000,6.2993,0.0901
24.710000,6.2870,0.0901
24.711000,6.3088,0.0901
24.712000,6.3269,0.0900
24.713000,6.3411,0.0900
24.714000,6.3515,0.0900
24.715000,6.3582,0.0899
24.716000,6.3609,0.0899
24.717000,6.3599,0.0899
24.718000,6.3551,0.0898
24.719000,6.3464,0.0898
24.720000,6.3340,0.0898
24.721000,6.3554,0.0898
24.721000,6.3451,0.0965
24.722000,6.3622,0.0964
24.723000,6.3757,0.0964
24.724000,6.3857,0.0964
24.725000,6.3921,0.0963
24.726000,6.3949,0.0963
24.727000,6.3942,0.0963
24.728000,6.3899,0.0962
24.729000,6.3821,0.0962
24.729000,6.4763,0.1033
24.730000,6.4657,0.1032
24.731000,6.4859,0.1032
24.732000,6.5027,0.1032
24.733000,6.5161,0.1032
24.734000,6.5261,0.1032
24.735000,6.5326,0.1031
24.736000,6.5356,0.1031
24.737000,6.5351,0.1031
24.738000,6.5312,0.1031
24.739000,6.5239,0.1031
24.740000,6.5132,0.1031
24.741000,6.5330,0.1031
24.742000,6.5495,0.1030
24.743000,6.5626,0.1030
24.744000,6.5722,0.1031
24.745000,6.5785,0.1030
24.746000,6.5812,0.1031
24.747000,6.5806,0.1030
24.748000,6.5765,0.1030
24.749000,6.5690,0.1030
24.750000,6.5581,0.1030
24.751000,6.5776,0.1030
24.752000,6.5937,0.1030
24.753000,6.6065,0.1030
24.754000,6.6158,0.1029
24.755000,6.6218,0.1029
24.756000,6.6243,0.1029
24.757000,6.6234,0.1029
24.758000,6.6191,0.1029
24.759000,6.6115,0.1029
24.760000,6.6005,0.1029
24.761000,6.6196,0.1029
24.762000,6.6354,0.1029
24.763000,6.6478,0.1029
24.764000,6.6569,0.1028
24.765000,6.6626,0.1028
24.766000,6.6649,0.1028
24.767000,6.6638,0.1028
24.768000,6.6593,0.1028
24.769000,6.6515,0.1028
24.770000,6.6403,0.1028
24.771000,6.6590,0.1028
24.772000,6.6745,0.1028
24.773000,6.6866,0.1028
24.774000,6.6953,0.1028
24.775000,6.7007,0.1028
24.776000,6.7028,0.1028
24.777000,6.7015,0.1028
24.778000,6.6968,0.1028
24.779000,6.6888,0.1028
24.780000,6.6775,0.1028
24.781000,6.6959,0.1027
24.782000,6.7109,0.1027
24.783000,6.7227,0.1026
24.784000,6.7311,0.1026
24.785000,6.7362,0.1026
24.786000,6.7380,0.1025
24.787000,6.7364,0.1025
24.787000,6.8129,0.1064
24.788000,6.8085,0.1064
24.789000,6.8009,0.1064
24.790000,6.7900,0.1063
24.791000,6.8083,0.1063
24.792000,6.8234,0.1063
24.792000,7.1030,0.1100
24.793000,7.1156,0.1100
24.794000,7.1249,0.1100
24.795000,7.1309,0.1099
24.796000,7.1336,0.1099
24.797000,7.1331,0.1099
24.798000,7.1292,0.1098
24.799000,7.1220,0.1098
24.800000,7.1117,0.1098
24.801000,7.1304,0.1098
24.802000,7.1459,0.1098
24.803000,7.1581,0.1098
24.804000,7.1671,0.1098
24.805000,7.1729,0.1099
24.806000,7.1753,0.1098
24.807000,7.1745,0.1098
24.808000,7.1704,0.1098
24.809000,7.1631,0.1098
24.810000,7.1525,0.1098
24.811000,7.1709,0.1098
24.812000,7.1861,0.1098
24.813000,7.1981,0.1098
24.814000,7.2068,0.1098
24.815000,7.2122,0.1098
24.816000,7.2145,0.1098
24.817000,7.2134,0.1098
24.818000,7.2092,0.1098
24.819000,7.2017,0.1097
24.820000,7.1910,0.1097
24.821000,7.2090,0.1097
24.822000,7.2238,0.1096
24.823000,7.2355,0.1096
24.824000,7.2439,0.1095
24.825000,7.2491,0.1095
24.826000,7.2511,0.1094
24.826000,7.5707,0.1102
24.827000,7.5701,0.1102
24.828000,7.5663,0.1102
24.829000,7.5591,0.1102
24.830000,7.5486,0.1102
24.831000,7.5676,0.1102
24.832000,7.5834,0.1102
24.833000,7.5959,0.1101
24.834000,7.6050,0.1101
24.835000,7.6109,0.1101
24.836000,7.6134,0.1100
24.837000,7.6127,0.1100
24.838000,7.6086,0.1100
24.838000,7.2952,0.1140
24.839000,7.2880,0.1139
24.840000,7.2776,0.1139
24.841000,7.2959,0.1139
24.842000,7.3110,0.1139
24.843000,7.3229,0.1139
24.844000,7.3316,0.1138
24.845000,7.3371,0.1138
24.846000,7.3393,0.1137
24.847000,7.3383,0.1137
24.848000,7.3341,0.1137
24.849000,7.3267,0.1136
24.850000,7.3161,0.1136
24.851000,7.3340,0.1135
24.855000,7.3741,0.1134
24.856000,7.3761,0.1133
24.857000,7.3750,0.1133
24.858000,7.3706,0.1133
24.859000,7.3630,0.1133
24.860000,7.3523,0.1133
24.861000,7.3700,0.1132
24.862000,7.3845,0.1132
24.863000,7.3958,0.1131
24.864000,7.4040,0.1131
24.865000,7.4089,0.1130
24.866000,7.4107,0.1130
24.867000,7.4093,0.1130
24.868000,7.4047,0.1129
24.869000,7.3970,0.1129
24.870000,7.3861,0.1129
24.871000,7.4034,0.1128
24.872000,7.4175,0.1128
24.873000,7.4285,0.1127
24.874000,7.4363,0.1127
24.875000,7.4410,0.1126
24.876000,7.4425,0.1125
24.877000,7.4409,0.1125
24.878000,7.4361,0.1124
24.879000,7.4282,0.1124
24.880000,7.4172,0.1124
24.881000,7.4341,0.1123
24.882000,7.4479,0.1123
24.883000,7.4586,0.1123
24.884000,7.4661,0.1123
24.885000,7.4706,0.1122
24.886000,7.4719,0.1122
24.887000,7.4701,0.1122
24.888000,7.4651,0.1122
24.889000,7.4571,0.1122
24.890000,7.4460,0.1121
24.891000,7.4625,0.1121
24.892000,7.4760,0.1121
24.893000,7.4864,0.1121
24.894000,7.4937,0.1121
24.895000,7.4978,0.1121
24.896000,7.4989,0.1120
24.897000,7.4968,0.1120
24.898000,7.4917,0.1120
24.899000,7.4835,0.1120
24.900000,7.4722,0.1120
24.901000,7.4883,0.1119
24.902000,7.5015,0.1119
24.903000,7.5116,0.1119
24.904000,7.5186,0.1118
24.904000,7.5797,0.1144
24.904000,7.3130,0.1214
24.905000,7.3176,0.1214
24.906000,7.3191,0.1214
24.907000,7.3176,0.1213
24.908000,7.3131,0.1213
24.909000,7.3055,0.1213
24.930000,7.3489,0.1208
24.931000,7.3647,0.1208
24.932000,7.3775,0.1208
24.933000,7.3873,0.1208
24.934000,7.3942,0.1208
24.935000,7.3980,0.1208
24.936000,7.3989,0.1207
24.937000,7.3967,0.1207
24.938000,7.3916,0.1207
24.939000,7.3835,0.1207
24.940000,7.3724,0.1208
24.941000,7.3879,0.1208
24.942000,7.4004,0.1208
24.943000,7.4100,0.1208
24.944000,7.4165,0.1208
24.945000,7.4202,0.1208
24.946000,7.4208,0.1207
24.947000,7.4184,0.1207
24.948000,7.4131,0.1206
24.949000,7.4048,0.1206
24.950000,7.3936,0.1206
24.951000,7.4087,0.1206
24.952000,7.4209,0.1205
24.953000,7.4302,0.1205
24.954000,7.4365,0.1205
24.955000,7.4398,0.1205
24.956000,7.4402,0.1205
24.957000,7.4376,0.1204
24.962000,7.4390,0.1203
24.963000,7.4480,0.1203
24.972000,7.4548,0.1201
24.973000,7.4635,0.1201
24.974000,7.4693,0.1201
24.975000,7.4721,0.1200
24.976000,7.4721,0.1200
24.977000,7.4691,0.1200
24.978000,7.4633,0.1200
24.979000,7.4545,0.1201
24.980000,7.4429,0.1201
24.983000,7.5587,0.1214
24.986000,7.5700,0.1214
24.987000,7.5680,0.1214
24.992000,7.5717,0.1214
24.993000,7.5810,0.1214
24.994000,7.5874,0.1213
24.995000,7.5909,0.1213
24.996000,7.5916,0.1213
24.997000,7.5893,0.1212
24.998000,7.5842,0.1212
24.999000,7.5762,0.1212
25.000000,7.5653,0.1212
25.001000,7.5800,0.1211
25.002000,7.5918,0.1211
25.003000,7.6008,0.1211
25.004000,7.6069,0.1211
25.005000,7.6101,0.1211
25.006000,7.6105,0.1211
25.007000,7.6080,0.1210
25.008000,7.6026,0.1210
25.009000,7.5944,0.1210
25.010000,7.5834,0.1210
25.011000,7.5976,0.1210
25.012000,7.6090,0.1209
25.013000,7.6177,0.1209
25.014000,7.6234,0.1209
25.015000,7.6264,0.1208
25.016000,7.6265,0.1208
25.017000,7.6237,0.1208
25.018000,7.6182,0.1208
25.019000,7.6098,0.1208
25.020000,7.5986,0.1207
25.020000,7.7469,0.1214
25.021000,7.7615,0.1214
25.022000,7.7733,0.1214
25.023000,7.7823,0.1213
25.024000,7.7884,0.1213
25.025000,7.7917,0.1213
25.026000,7.7921,0.1213
25.027000,7.7897,0.1212
25.028000,7.7844,0.1212
25.029000,7.7764,0.1212
25.030000,7.7655,0.1212
25.031000,7.7796,0.1212
25.032000,7.7909,0.1211
25.033000,7.7995,0.1211
25.034000,7.8052,0.1211
25.035000,7.8081,0.1211
25.036000,7.8083,0.1211
25.037000,7.8056,0.1210
25.038000,7.8001,0.1210
25.039000,7.7918,0.1210
25.040000,7.7808,0.1210
25.040000,7.8500,0.1219
25.041000,7.8624,0.1219
25.042000,7.8721,0.1219
25.043000,7.8791,0.1219
25.044000,7.8834,0.1219
25.045000,7.8852,0.1218
25.046000,7.8844,0.1218
25.047000,7.8811,0.1218
25.048000,7.8753,0.1218
25.049000,7.8672,0.1218
25.050000,7.8567,0.1217
25.051000,7.8640,0.1217
25.052000,7.8691,0.1217
25.053000,7.8719,0.1217
25.054000,7.8725,0.1217
25.055000,7.8710,0.1217
25.056000,7.8674,0.1217
25.057000,7.8616,0.1217
25.058000,7.8538,0.1217
25.059000,7.8442,0.1217
25.060000,7.8332,0.1217
25.061000,7.8209,0.1217
25.062000,7.8078,0.1217
25.063000,7.7942,0.1217
25.064000,7.7804,0.1217
25.065000,7.7665,0.1217
25.066000,7.7527,0.1216
25.067000,7.7391,0.1216
25.068000,7.7259,0.1216
25.069000,7.7131,0.1216
25.070000,7.7009,0.1215
25.071000,7.6785,0.1215
25.072000,7.6568,0.1215
25.073000,7.6360,0.1214
25.074000,7.6160,0.1214
25.075000,7.5969,0.1213
25.076000,7.5788,0.1213
25.076000,7.7652,0.1224
25.077000,7.7510,0.1223
25.078000,7.7379,0.1223
25.079000,7.7260,0.1222
25.080000,7.7153,0.1222
25.080000,7.6759,0.1326
25.081000,7.6663,0.1326
25.082000,7.6580,0.1326
25.083000,7.6510,0.1326
25.084000,7.6456,0.1326
25.086000,7.6390,0.1326
25.087000,7.6381,0.1326
25.088000,7.6388,0.1326
25.089000,7.6412,0.1325
25.090000,7.6452,0.1325
25.091000,7.6311,0.1325
25.092000,7.6188,0.1324
25.093000,7.6084,0.1324
25.094000,7.5998,0.1324
25.095000,7.5932,0.1323
25.139000,7.3482,0.1267
25.140000,7.3555,0.1267
25.141000,7.3258,0.1266
25.142000,7.3003,0.1266
25.143000,7.2791,0.1266
25.144000,7.2619,0.1266
25.145000,7.2489,0.1265
25.146000,7.2400,0.1265
25.147000,7.2352,0.1265
25.148000,7.2344,0.1264
25.149000,7.2377,0.1264
25.150000,7.2450,0.1264
25.151000,7.2162,0.1263
25.152000,7.1916,0.1263
25.153000,7.1711,0.1263
25.154000,7.1546,0.1263
25.155000,7.1421,0.1263
25.156000,7.1337,0.1262
25.157000,7.1292,0.1262
25.158000,7.1286,0.1262
25.159000,7.1321,0.1261
25.160000,7.1395,0.1261
25.161000,7.1116,0.1260
25.162000,7.0878,0.1260
25.163000,7.0680,0.1260
25.164000,7.0522,0.1260
25.165000,7.0403,0.1259
25.166000,7.0322,0.1259
25.167000,7.0281,0.1259
25.168000,7.0279,0.1259
25.169000,7.0314,0.1259
25.170000,7.0389,0.1259
25.171000,7.0120,0.1258
25.172000,6.9890,0.1258
25.173000,6.9699,0.1258
25.174000,6.9547,0.1257
25.175000,6.9433,0.1257
25.176000,6.9357,0.1257
25.177000,6.9319,0.1256
25.178000,6.9319,0.1256
25.179000,6.9357,0.1256
25.180000,6.9432,0.1255
25.181000,6.9171,0.1255
25.182000,6.8949,0.1255
25.183000,6.8765,0.1254
25.184000,6.8619,0.1254
25.185000,6.8510,0.1254
25.186000,6.8438,0.1253
25.187000,6.8403,0.1253
25.188000,6.8405,0.1253
25.188000,7.5276,0.1223
25.188000,7.5492,0.1266
25.189000,7.5626,0.1266
25.190000,7.5800,0.1266
25.191000,7.5615,0.1265
25.192000,7.5471,0.1265
25.193000,7.5367,0.1265
25.194000,7.5302,0.1265
25.195000,7.5278,0.1264
25.196000,7.5293,0.1265
25.197000,7.5348,0.1265
25.198000,7.5444,0.1264
25.199000,7.5579,0.1264
25.200000,7.5754,0.1264
25.201000,7.5576,0.1263
25.202000,7.5439,0.1263
25.203000,7.5342,0.1263
25.204000,7.5284,0.1263
25.205000,7.5265,0.1262
25.205000,7.4190,0.1298
25.206000,7.4205,0.1297
25.207000,7.4259,0.1297
25.208000,7.4351,0.1297
25.209000,7.4482,0.1296
25.210000,7.4650,0.1296
25.211000,7.4482,0.1295
25.212000,7.4352,0.1295
25.213000,7.4259,0.1295
25.214000,7.4205,0.1294
25.215000,7.4188,0.1294
25.216000,7.4209,0.1294
25.217000,7.4268,0.1293
25.218000,7.4364,0.1293
25.219000,7.4497,0.1292
25.220000,7.4668,0.1291
25.221000,7.4506,0.1291
25.222000,7.4382,0.1290
25.223000,7.4296,0.1289
25.224000,7.4247,0.1289
25.225000,7.4235,0.1288
25.226000,7.4260,0.1288
25.227000,7.4322,0.1287
25.228000,7.4420,0.1287
25.229000,7.4556,0.1286
25.230000,7.4728,0.1285
25.231000,7.4574,0.1285
25.232000,7.4456,0.1284
25.233000,7.4375,0.1284
25.234000,7.4331,0.1284
25.235000,7.4323,0.1283
25.236000,7.4351,0.1283
25.237000,7.4416,0.1283
25.238000,7.4517,0.1282
25.239000,7.4654,0.1282
25.240000,7.4828,0.1282
25.241000,7.4678,0.1281
25.242000,7.4565,0.1281
25.242000,7.4192,0.1284
25.243000,7.4106,0.1284
25.244000,7.4057,0.1283
25.245000,7.4042,0.1283
25.246000,7.4063,0.1282
25.247000,7.4118,0.1282
25.248000,7.4209,0.1281
25.249000,7.4335,0.1281
25.250000,7.4495,0.1281
25.251000,7.4345,0.1280
25.252000,7.4230,0.1280
25.252000,7.4029,0.1330
25.253000,7.3940,0.1329
25.254000,7.3886,0.1329
25.255000,7.3868,0.1329
25.256000,7.3884,0.1328
25.257000,7.3936,0.1328
25.258000,7.4024,0.1328
25.259000,7.4146,0.1328
25.260000,7.4304,0.1328
25.261000,7.4147,0.1328
25.262000,7.4025,0.1327
25.263000,7.3938,0.1327
25.264000,7.3887,0.1327
25.265000,7.3871,0.1327
25.266000,7.3889,0.1326
25.267000,7.3943,0.1326
25.268000,7.4031,0.1326
25.269000,7.4155,0.1326
25.270000,7.4313,0.1325
25.271000,7.4159,0.1325
25.272000,7.4039,0.1325
25.273000,7.3955,0.1325
25.274000,7.3905,0.1325
25.275000,7.3891,0.1324
25.276000,7.3911,0.1324
25.277000,7.3966,0.1324
25.278000,7.4055,0.1324
25.279000,7.4180,0.1323
25.280000,7.4340,0.1323
25.281000,7.4189,0.1323
25.282000,7.4074,0.1323
25.283000,7.3994,0.1323
25.284000,7.3948,0.1323
25.285000,7.3936,0.1323
25.286000,7.3959,0.1323
25.299000,7.4310,0.1316
25.305000,7.4093,0.1314
25.320000,7.4684,0.1307
25.342000,7.2623,0.1386
25.343000,7.2552,0.1385
25.345000,7.2508,0.1385
25.345000,7.1435,0.1440
25.346000,7.1457,0.1440
25.347000,7.1512,0.1440
25.348000,7.1599,0.1440
25.349000,7.1718,0.1440
25.350000,7.1870,0.1440
25.365000,7.1638,0.1436
25.374000,7.1781,0.1435
25.375000,7.1780,0.1434
25.376000,7.1811,0.1434
25.377000,7.1872,0.1433
25.378000,7.1964,0.1432
25.379000,7.2088,0.1432
25.380000,7.2242,0.1431
25.381000,7.2120,0.1431
25.382000,7.2029,0.1431
25.383000,7.1970,0.1430
25.384000,7.1941,0.1430
25.385000,7.1942,0.1430
25.386000,7.1975,0.1429
25.387000,7.2038,0.1429
25.388000,7.2132,0.1429
25.389000,7.2256,0.1428
25.390000,7.2412,0.1428
25.391000,7.2293,0.1427
25.392000,7.2206,0.1427
25.393000,7.2149,0.1427
25.394000,7.2123,0.1426
25.395000,7.2127,0.1426
25.396000,7.2162,0.1426
25.397000,7.2227,0.1426
25.398000,7.2323,0.1425
25.399000,7.2448,0.1425
25.400000,7.2605,0.1425
25.401000,7.2490,0.1424
25.401000,7.3355,0.1412
25.402000,7.3271,0.1411
25.403000,7.3216,0.1411
25.404000,7.3189,0.1410
25.405000,7.3192,0.1409
25.406000,7.3224,0.1409
25.407000,7.3284,0.1408
25.408000,7.3373,0.1407
25.409000,7.3491,0.1407
25.410000,7.3637,0.1406
25.411000,7.3528,0.1405
25.412000,7.3447,0.1404
25.413000,7.3395,0.1404
25.414000,7.3372,0.1403
25.415000,7.3377,0.1402
25.416000,7.3411,0.1402
25.417000,7.3473,0.1401
25.418000,7.3563,0.1400
25.419000,7.3682,0.1400
25.420000,7.3830,0.1399
25.421000,7.3725,0.1399
25.422000,7.3648,0.1399
25.423000,7.3600,0.1399
25.425000,7.3588,0.1399
25.426000,7.3625,0.1399
25.427000,7.3689,0.1399
25.427000,7.7558,0.1338
25.428000,7.7652,0.1338
25.429000,7.7773,0.1338
25.430000,7.7922,0.1338
25.431000,7.7828,0.1337
25.432000,7.7761,0.1337
25.433000,7.7722,0.1336
25.434000,7.7710,0.1336
25.435000,7.7724,0.1336
25.436000,7.7766,0.1336
25.437000,7.7835,0.1335
25.438000,7.7930,0.1335
25.439000,7.8053,0.1334
25.440000,7.8203,0.1334
25.441000,7.8112,0.1333
25.442000,7.8048,0.1333
25.443000,7.8012,0.1333
25.444000,7.8002,0.1333
25.445000,7.8019,0.1333
25.446000,7.8062,0.1332
25.447000,7.8132,0.1332
25.448000,7.8229,0.1332
25.449000,7.8352,0.1332
25.450000,7.8502,0.1332
25.451000,7.8414,0.1331
25.452000,7.8353,0.1331
25.454000,7.8311,0.1330
25.455000,7.8329,0.1329
25.456000,7.8374,0.1329
25.457000,7.8445,0.1329
25.458000,7.8543,0.1328
25.459000,7.8667,0.1328
25.460000,7.8817,0.1328
25.461000,7.8734,0.1327
25.462000,7.8676,0.1327
25.463000,7.8646,0.1327
25.464000,7.8641,0.1326
25.465000,7.8662,0.1326
25.466000,7.8709,0.1326
25.467000,7.8782,0.1326
25.468000,7.8882,0.1325
25.469000,7.9007,0.1325
25.470000,7.9158,0.1325
25.471000,7.9078,0.1324
25.472000,7.9023,0.1324
25.473000,7.8995,0.1324
25.474000,7.8993,0.1324
25.475000,7.9016,0.1323
25.476000,7.9066,0.1323
25.476000,8.2630,0.1283
25.477000,8.2706,0.1283
25.478000,8.2808,0.1283
25.479000,8.2936,0.1283
25.480000,8.3090,0.1282
25.481000,8.3012,0.1282
25.482000,8.2960,0.1282
25.483000,8.2934,0.1281
25.484000,8.2934,0.1281
25.484000,8.4922,0.1291
25.485000,8.4946,0.1291
25.486000,8.4997,0.1291
25.487000,8.5074,0.1291
25.488000,8.5178,0.1290
25.489000,8.5309,0.1290
25.490000,8.5466,0.1291
25.491000,8.5386,0.1291
25.492000,8.5333,0.1291
25.493000,8.5307,0.1291
25.494000,8.5307,0.1291
25.495000,8.5333,0.1290
25.496000,8.5386,0.1290
25.497000,8.5465,0.1290
25.498000,8.5570,0.1289
25.499000,8.5701,0.1289
25.500000,8.5859,0.1288
25.501000,8.5783,0.1288
25.502000,8.5734,0.1287
25.503000,8.5711,0.1287
25.504000,8.5714,0.1286
25.504000,8.4855,0.1331
25.505000,8.4880,0.1330
25.506000,8.4931,0.1330
25.507000,8.5008,0.1329
25.508000,8.5111,0.1329
25.508000,8.2597,0.1406
25.509000,8.2718,0.1405
25.510000,8.2865,0.1405
25.511000,8.2789,0.1404
25.512000,8.2738,0.1404
25.528000,8.3340,0.1400
25.529000,8.3465,0.1400
25.530000,8.3613,0.1400
25.531000,8.3546,0.1399
25.532000,8.3503,0.1399
25.533000,8.3484,0.1399
25.534000,8.3490,0.1398
25.535000,8.3519,0.1398
25.536000,8.3573,0.1398
25.537000,8.3651,0.1397
25.538000,8.3753,0.1397
25.539000,8.3879,0.1397
25.541000,8.3965,0.1396
25.544000,8.3917,0.1396
25.546000,8.4005,0.1395
25.548000,8.4187,0.1394
25.550000,8.4464,0.1393
25.552000,8.4368,0.1392
25.555000,8.4402,0.1392
25.556000,8.4460,0.1391
25.557000,8.4541,0.1391
25.558000,8.4646,0.1391
25.559000,8.4774,0.1391
25.560000,8.4926,0.1391
25.561000,8.4870,0.1390
25.562000,8.4837,0.1390
25.563000,8.4827,0.1390
25.564000,8.4841,0.1389
25.590000,8.8030,0.1465
25.591000,8.7983,0.1464
25.592000,8.7959,0.1464
25.593000,8.7956,0.1463
25.594000,8.7974,0.1463
25.595000,8.8013,0.1462
25.596000,8.8074,0.1462
25.597000,8.8156,0.1462
25.598000,8.8258,0.1461
25.599000,8.8382,0.1461
25.600000,8.8527,0.1460
25.601000,8.8484,0.1460
25.605000,8.8252,0.1491
25.606000,8.8312,0.1491
25.609000,8.8618,0.1490
25.610000,8.8762,0.1489
25.611000,8.8721,0.1489
25.612000,8.8700,0.1489
25.613000,8.8700,0.1488
25.614000,8.8721,0.1488
25.615000,8.8763,0.1488
25.616000,8.8825,0.1487
25.617000,8.8908,0.1487
25.618000,8.9011,0.1487
25.619000,8.9135,0.1487
25.620000,8.9279,0.1486
25.621000,8.9241,0.1486
25.622000,8.9223,0.1486
25.623000,8.9226,0.1486
25.624000,8.9249,0.1486
25.625000,8.9293,0.1486
25.626000,8.9357,0.1486
25.627000,8.9441,0.1485
25.628000,8.9545,0.1485
25.629000,8.9669,0.1485
25.630000,8.9814,0.1485
25.631000,8.9784,0.1485
25.632000,8.9775,0.1484
25.633000,8.9785,0.1484
25.634000,8.9815,0.1484
25.635000,8.9865,0.1484
25.636000,8.9933,0.1484
25.637000,9.0021,0.1483
25.638000,9.0128,0.1483
25.639000,9.0254,0.1483
25.640000,9.0399,0.1483
25.641000,9.0375,0.1482
25.642000,9.0370,0.1482
25.643000,9.0385,0.1482
25.644000,9.0418,0.1481
25.645000,9.0470,0.1481
25.646000,9.0541,0.1481
25.647000,9.0631,0.1481
25.648000,9.0740,0.1481
25.649000,9.0867,0.1480
25.650000,9.1014,0.1480
25.651000,9.0995,0.1480
25.652000,9.0995,0.1479
25.653000,9.1013,0.1479
25.654000,9.1051,0.1479
25.654000,9.3440,0.1518
25.655000,9.3498,0.1518
25.656000,9.3574,0.1518
25.657000,9.3669,0.1518
25.657000,9.6730,0.1559
25.658000,9.6842,0.1558
25.659000,9.6972,0.1558
25.660000,9.7120,0.1558
25.661000,9.7110,0.1558
25.662000,9.7118,0.1557
25.663000,9.7144,0.1557
25.664000,9.7188,0.1556
25.665000,9.7249,0.1556
25.666000,9.7328,0.1555
25.667000,9.7425,0.1555
25.668000,9.7539,0.1555
25.669000,9.7670,0.1554
25.670000,9.7819,0.1554
25.671000,9.7829,0.1554
25.672000,9.7855,0.1553
25.673000,9.7898,0.1553
25.674000,9.7957,0.1553
25.675000,9.8031,0.1552
25.676000,9.8121,0.1552
25.677000,9.8227,0.1551
25.678000,9.8347,0.1551
25.679000,9.8482,0.1551
25.680000,9.8632,0.1551
25.681000,9.8657,0.1550
25.682000,9.8696,0.1550
25.683000,9.8750,0.1550
25.684000,9.8818,0.1549
25.685000,9.8901,0.1549
25.686000,9.8998,0.1549
25.687000,9.9110,0.1548
25.688000,9.9235,0.1548
25.689000,9.9375,0.1547
25.690000,9.9528,0.1547
25.691000,9.9563,0.1547
25.692000,9.9611,0.1546
25.693000,9.9674,0.1546
25.694000,9.9749,0.1546
25.695000,9.9839,0.1545
25.696000,9.9941,0.1545
25.697000,10.0057,0.1544
25.698000,10.0185,0.1544
25.699000,10.0327,0.1543
25.700000,10.0482,0.1543
25.701000,10.0549,0.1542
25.702000,10.0630,0.1542
25.703000,10.0724,0.1541
25.704000,10.0830,0.1541
25.705000,10.0949,0.1540
25.706000,10.1081,0.1540
25.706000,10.0934,0.1554
25.707000,10.1061,0.1554
25.724000,10.4585,0.1552
25.725000,10.4827,0.1552
25.726000,10.5055,0.1552
25.727000,10.5269,0.1552
25.728000,10.5469,0.1551
25.729000,10.5654,0.1551
25.730000,10.5824,0.1551
25.731000,10.6146,0.1551
25.732000,10.6453,0.1551
25.733000,10.6745,0.1551
25.734000,10.7020,0.1551
25.735000,10.7279,0.1551
25.736000,10.7522,0.1550
25.737000,10.7748,0.1550
25.738000,10.7958,0.1550
25.739000,10.8150,0.1549
25.740000,10.8326,0.1549
25.741000,10.8665,0.1549
25.742000,10.8987,0.1549
25.743000,10.9292,0.1548
25.744000,10.9579,0.1548
25.745000,10.9849,0.1548
25.746000,11.0101,0.1548
25.747000,11.0334,0.1548
25.748000,11.0550,0.1547
25.749000,11.0747,0.1547
25.750000,11.0926,0.1547
25.751000,11.1280,0.1547
25.752000,11.1616,0.1547
25.753000,11.1933,0.1547
25.754000,11.2232,0.1546
25.755000,11.2511,0.1546
25.756000,11.2771,0.1546
25.757000,11.3012,0.1546
25.758000,11.3233,0.1546
25.759000,11.3434,0.1545
25.760000,11.3616,0.1545
25.761000,11.4027,0.1545
25.761000,11.1230,0.1543
25.762000,11.1611,0.1543
25.763000,11.1971,0.1543
25.764000,11.2308,0.1542
25.765000,11.2619,0.1542
25.766000,11.2905,0.1542
25.767000,11.3163,0.1541
25.768000,11.3393,0.1541
25.769000,11.3594,0.1541
25.770000,11.3764,0.1541
25.771000,11.4292,0.1541
25.772000,11.4791,0.1540
25.772000,10.8275,0.1638
25.773000,10.8549,0.1638
25.774000,10.8791,0.1638
25.775000,10.8998,0.1638
25.776000,10.9169,0.1638
25.777000,10.9302,0.1638
25.778000,10.9396,0.1638
25.779000,10.9451,0.1638
25.780000,10.9464,0.1638
25.781000,10.9885,0.1638
25.782000,11.0264,0.1637
25.783000,11.0601,0.1637
25.784000,11.0895,0.1637
25.784000,10.9686,0.1677
25.785000,10.9841,0.1677
25.786000,10.9952,0.1677
25.787000,11.0020,0.1676
25.788000,11.0044,0.1676
25.789000,11.0024,0.1676
25.790000,10.9960,0.1676
25.791000,11.0284,0.1676
25.792000,11.0564,0.1676
25.793000,11.0800,0.1675
25.794000,11.0992,0.1675
25.795000,11.1142,0.1675
25.796000,11.1248,0.1675
25.797000,11.1313,0.1674
25.798000,11.1335,0.1674
25.799000,11.1315,0.1674
25.800000,11.1254,0.1674
25.801000,11.1553,0.1674
25.802000,11.1812,0.1674
25.803000,11.2029,0.1673
25.804000,11.2206,0.1673
25.805000,11.2342,0.1673
25.806000,11.2437,0.1673
25.807000,11.2492,0.1673
25.807000,11.1508,0.1707
25.808000,11.1500,0.1707
25.809000,11.1453,0.1707
25.810000,11.1366,0.1707
25.811000,11.1629,0.1707
25.812000,11.1853,0.1707
25.813000,11.2038,0.1707
25.814000,11.2183,0.1707
25.815000,11.2288,0.1706
25.816000,11.2355,0.1706
25.817000,11.2382,0.1706
25.818000,11.2369,0.1706
25.819000,11.2318,0.1706
25.820000,11.2228,0.1705
25.821000,11.2485,0.1705
25.822000,11.2702,0.1704
25.823000,11.2881,0.1704
25.824000,11.3021,0.1704
25.825000,11.3122,0.1704
25.826000,11.3184,0.1704
25.870000,11.5952,0.1696
25.871000,11.6179,0.1696
25.872000,11.6369,0.1695
25.873000,11.6522,0.1695
25.874000,11.6639,0.1694
25.875000,11.6719,0.1694
25.876000,11.6763,0.1693
25.877000,11.6770,0.1693
25.878000,11.6740,0.1693
25.879000,11.6674,0.1693
25.880000,11.6573,0.1692
25.881000,11.6793,0.1692
25.882000,11.6977,0.1692
25.883000,11.7125,0.1692
25.884000,11.7237,0.1691
25.885000,11.7313,0.1691
25.886000,11.7353,0.1690
25.887000,11.7356,0.1690
25.888000,11.7324,0.1690
25.889000,11.7256,0.1689
25.890000,11.7152,0.1689
25.891000,11.7367,0.1689
25.892000,11.7546,0.1689
25.894000,11.7797,0.1688
25.895000,11.7869,0.1687
25.896000,11.7905,0.1687
25.897000,11.7905,0.1686
25.898000,11.7869,0.1686
25.899000,11.7798,0.1685
25.900000,11.7692,0.1685
25.901000,11.7902,0.1685
25.902000,11.8076,0.1684
25.903000,11.8215,0.1684
25.904000,11.8319,0.1683
25.905000,11.8387,0.1683
25.906000,11.8420,0.1682
25.907000,11.8417,0.1682
25.908000,11.8379,0.1682
25.909000,11.8307,0.1681
25.910000,11.8199,0.1681
25.911000,11.8404,0.1681
25.912000,11.8574,0.1680
25.913000,11.8709,0.1680
25.914000,11.8810,0.1680
25.915000,11.8875,0.1680
25.916000,11.8905,0.1680
25.917000,11.8899,0.1680
25.918000,11.8859,0.1679
25.919000,11.8785,0.1679
25.919000,11.7128,0.1599
25.920000,11.7035,0.1599
25.921000,11.7264,0.1598
25.922000,11.7458,0.1598
25.923000,11.7615,0.1598
25.924000,11.7737,0.1597
25.925000,11.7822,0.1597
25.926000,11.7871,0.1596
25.927000,11.7884,0.1596
25.928000,11.7861,0.1596
25.929000,11.7802,0.1595
25.930000,11.7708,0.1595
25.931000,11.7932,0.1595
25.932000,11.8121,0.1595
25.933000,11.8274,0.1595
25.934000,11.8392,0.1594
25.935000,11.8473,0.1594
25.936000,11.8520,0.1594
25.937000,11.8530,0.1594
25.938000,11.8505,0.1593
25.939000,11.8444,0.1593
25.940000,11.8348,0.1593
25.941000,11.8567,0.1592
25.942000,11.8751,0.1592
25.942000,11.4424,0.1520
25.943000,11.4573,0.1520
25.944000,11.4686,0.1519
25.945000,11.4763,0.1519
25.946000,11.4804,0.1518
25.947000,11.4810,0.1518
25.948000,11.4779,0.1518
25.949000,11.4713,0.1518
25.950000,11.4612,0.1518
25.951000,11.4826,0.1518
25.952000,11.5005,0.1518
25.953000,11.5149,0.1518
25.954000,11.5258,0.1517
25.955000,11.5330,0.1517
25.956000,11.5368,0.1517
25.957000,11.5370,0.1517
25.958000,11.5336,0.1516
25.959000,11.5267,0.1516
25.960000,11.5164,0.1515
25.961000,11.5369,0.1515
25.962000,11.5539,0.1515
25.963000,11.5674,0.1515
25.964000,11.5775,0.1514
25.965000,11.5840,0.1514
25.966000,11.5871,0.1513
25.967000,11.5868,0.1513
25.968000,11.5830,0.1513
25.969000,11.5758,0.1513
25.970000,11.5652,0.1513
25.971000,11.5845,0.1512
25.972000,11.6004,0.1512
25.973000,11.6129,0.1512
25.974000,11.6221,0.1511
25.975000,11.6279,0.1511
25.976000,11.6303,0.1511
25.977000,11.6294,0.1511
25.978000,11.6252,0.1511
25.979000,11.6177,0.1511
25.980000,11.6068,0.1510
25.981000,11.6249,0.1510
25.982000,11.6397,0.1510
25.983000,11.6512,0.1510
25.984000,11.6595,0.1510
25.985000,11.6646,0.1509
25.986000,11.6663,0.1509
25.987000,11.6649,0.1509
25.988000,11.6602,0.1509
25.989000,11.6523,0.1508
25.990000,11.6413,0.1508
25.991000,11.6581,0.1508
25.992000,11.6718,0.1508
25.993000,11.6824,0.1508
25.994000,11.6898,0.1508
25.995000,11.6940,0.1508
25.996000,11.6951,0.1508
25.997000,11.6931,0.1508
25.998000,11.6879,0.1508
25.999000,11.6796,0.1508
25.999000,11.4083,0.1449
26.000000,11.3977,0.1449
26.001000,11.4152,0.1449
26.002000,11.4296,0.1449
26.003000,11.4408,0.1449
26.004000,11.4488,0.1449
26.005000,11.4536,0.1449
26.006000,11.4552,0.1448
26.007000,11.4537,0.1448
26.008000,11.4490,0.1448
26.009000,11.4412,0.1448
26.010000,11.4303,0.1447
26.011000,11.4464,0.1447
26.012000,11.4594,0.1446
26.013000,11.4694,0.1446
26.014000,11.4763,0.1445
26.015000,11.4801,0.1445
26.016000,11.4809,0.1444
26.017000,11.4787,0.1444
26.018000,11.4735,0.1443
26.019000,11.4652,0.1443
26.020000,11.4541,0.1443
26.021000,11.4686,0.1442
26.022000,11.4802,0.1442
26.023000,11.4889,0.1442
26.024000,11.4946,0.1442
26.025000,11.4975,0.1442
26.026000,11.4975,0.1442
26.027000,11.4945,0.1442
26.028000,11.4887,0.1441
26.029000,11.4801,0.1441
26.030000,11.4686,0.1441
26.031000,11.4813,0.1441
26.032000,11.4913,0.1441
26.033000,11.4985,0.1441
26.034000,11.5030,0.1440
26.035000,11.5047,0.1440
26.036000,11.5037,0.1439
26.037000,11.4999,0.1439
26.038000,11.4935,0.1439
26.039000,11.4843,0.1438
26.040000,11.4726,0.1438
26.041000,11.4831,0.1438
26.042000,11.4911,0.1438
26.043000,11.4965,0.1438
26.044000,11.4993,0.1438
26.045000,11.4995,0.1438
26.046000,11.4972,0.1438
26.047000,11.4924,0.1437
26.048000,11.4851,0.1438
26.049000,11.4754,0.1437
26.050000,11.4633,0.1437
26.051000,11.4711,0.1437
26.052000,11.4767,0.1437
26.053000,11.4799,0.1437
26.054000,11.4808,0.1437
26.054000,11.1725,0.1391
26.055000,11.1738,0.1391
26.056000,11.1728,0.1391
26.057000,11.1694,0.1391
26.058000,11.1637,0.1391
26.059000,11.1558,0.1390
26.060000,11.1456,0.1390
26.061000,11.1541,0.1390
26.061000,10.7603,0.1374
26.062000,10.7690,0.1374
26.063000,10.7755,0.1374
26.064000,10.7798,0.1373
26.065000,10.7818,0.1373
26.066000,10.7816,0.1373
26.067000,10.7793,0.1373
26.068000,10.7748,0.1373
26.069000,10.7682,0.1373
26.070000,10.7595,0.1372
26.071000,10.7670,0.1372
26.072000,10.7724,0.1372
26.073000,10.7759,0.1372
26.074000,10.7775,0.1372
26.075000,10.7773,0.1371
26.076000,10.7751,0.1371
26.077000,10.7712,0.1370
26.078000,10.7655,0.1369
26.079000,10.7581,0.1369
26.080000,10.7490,0.1368
26.081000,10.7527,0.1368
26.082000,10.7548,0.1367
26.083000,10.7554,0.1367
26.084000,10.7544,0.1366
26.085000,10.7520,0.1366
26.086000,10.7479,0.1365
26.087000,10.7425,0.1365
26.088000,10.7355,0.1364
26.089000,10.7272,0.1364
26.090000,10.7174,0.1364
26.091000,10.7182,0.1363
26.092000,10.7177,0.1363
26.093000,10.7159,0.1363
26.094000,10.7128,0.1362
26.095000,10.7085,0.1362
26.096000,10.7029,0.1362
26.097000,10.6962,0.1362
26.098000,10.6882,0.1361
26.099000,10.6791,0.1361
26.100000,10.6689,0.1361
26.101000,10.6666,0.1361
26.102000,10.6634,0.1360
26.103000,10.6591,0.1360
26.104000,10.6538,0.1359
26.105000,10.6474,0.1359
26.105000,10.3791,0.1330
26.106000,10.3750,0.1329
26.107000,10.3698,0.1329
26.108000,10.3637,0.1328
26.109000,10.3567,0.1328
26.110000,10.3488,0.1328
26.111000,10.3456,0.1327
26.112000,10.3417,0.1327
26.113000,10.3371,0.1327
26.113000,10.1525,0.1332
26.114000,10.1510,0.1332
26.115000,10.1488,0.1331
26.116000,10.1459,0.1331
26.117000,10.1423,0.1331
26.118000,10.1381,0.1330
26.119000,10.1333,0.1330
26.120000,10.1280,0.1330
26.121000,10.1248,0.1329
26.122000,10.1212,0.1329
26.123000,10.1172,0.1329
26.124000,10.1127,0.1329
26.125000,10.1080,0.1329
26.126000,10.1029,0.1329
26.127000,10.0975,0.1329
26.128000,10.0920,0.1329
26.129000,10.0862,0.1329
26.130000,10.0803,0.1329
26.131000,10.0733,0.1328
26.132000,10.0662,0.1328
26.133000,10.0592,0.1328
26.134000,10.0521,0.1328
26.135000,10.0450,0.1327
26.136000,10.0380,0.1327
26.136000,9.8476,0.1341
26.137000,9.8455,0.1341
26.138000,9.8434,0.1340
26.139000,9.8413,0.1340
26.140000,9.8394,0.1340
26.141000,9.8325,0.1340
26.142000,9.8259,0.1339
26.143000,9.8196,0.1338
26.144000,9.8137,0.1338
26.145000,9.8082,0.1337
26.146000,9.8033,0.1337
26.147000,9.7988,0.1336
26.148000,9.7950,0.1335
26.149000,9.7919,0.1335
26.150000,9.7894,0.1334
26.151000,9.7782,0.1334
26.152000,9.7679,0.1334
26.153000,9.7583,0.1333
26.154000,9.7496,0.1333
26.155000,9.7418,0.1333
26.156000,9.7348,0.1333
26.157000,9.7286,0.1332
26.158000,9.7235,0.1332
26.159000,9.7192,0.1332
26.160000,9.7160,0.1331
26.161000,9.7019,0.1331
26.162000,9.6890,0.1330
26.163000,9.6771,0.1330
26.164000,9.6663,0.1330
26.165000,9.6567,0.1329
26.166000,9.6482,0.1329
26.167000,9.6409,0.1329
26.168000,9.6347,0.1329
26.169000,9.6298,0.1328
26.170000,9.6261,0.1328
26.171000,9.6098,0.1328
26.172000,9.5949,0.1327
26.173000,9.5812,0.1327
26.174000,9.5689,0.1327
26.175000,9.5579,0.1326
26.176000,9.5483,0.1326
26.177000,9.5400,0.1326
26.178000,9.5330,0.1325
26.179000,9.5275,0.1325
26.180000,9.5235,0.1325
26.181000,9.5049,0.1325
26.182000,9.4878,0.1324
26.183000,9.4723,0.1324
26.184000,9.4583,0.1324
26.185000,9.4458,0.1324
26.186000,9.4349,0.1323
26.187000,9.4256,0.1322
26.188000,9.4179,0.1322
26.189000,9.4119,0.1321
26.190000,9.4075,0.1321
26.191000,9.3869,0.1320
26.192000,9.3681,0.1320
26.193000,9.3510,0.1319
26.194000,9.3356,0.1319
26.195000,9.3219,0.1319
26.196000,9.3099,0.1319
26.197000,9.2998,0.1319
26.198000,9.2914,0.1319
26.199000,9.2848,0.1319
26.200000,9.2802,0.1319
26.201000,9.2572,0.1318
26.201000,9.5762,0.1333
26.202000,9.5610,0.1333
26.203000,9.5477,0.1333
26.204000,9.5363,0.1332
26.205000,9.5268,0.1332
26.206000,9.5191,0.1332
26.207000,9.5135,0.1332
26.208000,9.5098,0.1332
26.209000,9.5083,0.1332
26.210000,9.5088,0.1332
26.211000,9.4891,0.1332
26.212000,9.4716,0.1332
26.213000,9.4562,0.1332
26.214000,9.4430,0.1332
26.215000,9.4320,0.1332
26.216000,9.4231,0.1332
26.217000,9.4165,0.1332
26.218000,9.4121,0.1332
26.219000,9.4100,0.1332
26.220000,9.4101,0.1332
26.221000,9.3892,0.1331
26.222000,9.3706,0.1331
26.223000,9.3543,0.1331
26.224000,9.3402,0.1331
26.225000,9.3285,0.1331
26.226000,9.3191,0.1330
26.227000,9.3119,0.1330
26.227000,9.4490,0.1356
26.228000,9.4498,0.1356
26.229000,9.4529,0.1356
26.230000,9.4582,0.1355
26.231000,9.4428,0.1355
26.232000,9.4296,0.1355
26.233000,9.4187,0.1355
26.234000,9.4101,0.1354
26.235000,9.4038,0.1354
26.236000,9.3997,0.1354
26.237000,9.3980,0.1353
26.238000,9.3985,0.1353
26.239000,9.4013,0.1353
26.240000,9.4065,0.1352
26.241000,9.3884,0.1352
26.242000,9.3727,0.1352
26.243000,9.3593,0.1352
26.244000,9.3484,0.1352
26.245000,9.3401,0.1351
26.246000,9.3343,0.1351
26.247000,9.3312,0.1351
26.248000,9.3307,0.1351
26.249000,9.3330,0.1350
26.250000,9.3381,0.1350
26.250000,9.0753,0.1391
26.251000,9.0562,0.1390
26.252000,9.0398,0.1390
26.253000,9.0262,0.1390
26.254000,9.0154,0.1390
26.255000,9.0073,0.1390
26.256000,9.0021,0.1390
26.257000,8.9996,0.1389
26.258000,8.9999,0.1389
26.259000,9.0031,0.1389
26.260000,9.0091,0.1389
26.261000,8.9880,0.1389
26.262000,8.9699,0.1388
26.263000,8.9547,0.1388
26.264000,8.9424,0.1388
26.265000,8.9332,0.1388
26.266000,8.9268,0.1388
26.267000,8.9235,0.1388
26.268000,8.9232,0.1387
26.269000,8.9260,0.1387
26.270000,8.9317,0.1388
26.271000,8.9097,0.1388
26.272000,8.8907,0.1388
26.273000,8.8748,0.1388
26.274000,8.8619,0.1388
26.275000,8.8521,0.1388
26.276000,8.8453,0.1388
26.277000,8.8415,0.1388
26.278000,8.8409,0.1388
26.279000,8.8433,0.1388
26.280000,8.8488,0.1388
26.281000,8.8264,0.1388
26.282000,8.8071,0.1388
26.283000,8.7909,0.1387
26.284000,8.7777,0.1387
26.285000,8.7677,0.1386
26.286000,8.7607,0.1386
26.287000,8.7567,0.1385
26.288000,8.7559,0.1385
26.289000,8.7581,0.1384
26.290000,8.7635,0.1384
26.291000,8.7399,0.1383
26.292000,8.7194,0.1383
26.293000,8.7021,0.1382
26.294000,8.6880,0.1382
26.295000,8.6771,0.1382
26.296000,8.6694,0.1381
26.297000,8.6649,0.1381
26.298000,8.6637,0.1381
26.299000,8.6657,0.1381
26.300000,8.6709,0.1381
26.301000,8.6469,0.1381
26.301000,9.0289,0.1374
26.302000,9.0128,0.1373
26.303000,9.0000,0.1373
26.304000,8.9904,0.1373
26.304000,8.5575,0.1442
26.305000,8.5512,0.1442
26.306000,8.5483,0.1442
26.307000,8.5486,0.1442
26.308000,8.5523,0.1441
26.309000,8.5593,0.1441
26.310000,8.5696,0.1441
26.311000,8.5490,0.1441
26.312000,8.5317,0.1441
26.313000,8.5178,0.1441
26.314000,8.5074,0.1441
26.315000,8.5004,0.1441
26.316000,8.4969,0.1441
26.317000,8.4968,0.1441
26.318000,8.5001,0.1440
26.319000,8.5069,0.1440
26.320000,8.5172,0.1440
26.321000,8.4961,0.1439
26.322000,8.4786,0.1439
26.323000,8.4644,0.1438
26.324000,8.4538,0.1437
26.325000,8.4465,0.1437
26.326000,8.4427,0.1436
26.327000,8.4424,0.1436
26.328000,8.4456,0.1435
26.329000,8.4522,0.1435
26.330000,8.4624,0.1434
26.331000,8.4410,0.1434
26.332000,8.4232,0.1433
26.333000,8.4089,0.1433
26.334000,8.3980,0.1432
26.335000,8.3907,0.1432
26.336000,8.3868,0.1432
26.337000,8.3864,0.1432
26.338000,8.3894,0.1431
26.339000,8.3960,0.1431
26.340000,8.4060,0.1431
26.341000,8.3844,0.1430
26.342000,8.3662,0.1430
26.343000,8.3516,0.1430
26.344000,8.3405,0.1430
26.345000,8.3329,0.1429
26.346000,8.3288,0.1429
26.347000,8.3282,0.1429
26.348000,8.3311,0.1429
26.349000,8.3376,0.1428
26.350000,8.3476,0.1428
26.351000,8.3260,0.1428
26.352000,8.3080,0.1427
26.353000,8.2935,0.1427
26.354000,8.2825,0.1427
26.355000,8.2749,0.1427
26.356000,8.2709,0.1426
26.357000,8.2704,0.1426
26.358000,8.2734,0.1426
26.359000,8.2798,0.1425
26.360000,8.2898,0.1425
26.361000,8.2685,0.1425
26.362000,8.2507,0.1424
26.363000,8.2364,0.1424
26.364000,8.2256,0.1424
26.365000,8.2182,0.1424
26.366000,8.2143,0.1424
26.367000,8.2139,0.1423
26.368000,8.2169,0.1423
26.369000,8.2234,0.1423
26.369000,7.8705,0.1512
26.370000,7.8808,0.1512
26.371000,7.8583,0.1512
26.372000,7.8394,0.1512
26.373000,7.8241,0.1512
26.374000,7.8123,0.1512
26.375000,7.8042,0.1512
26.376000,7.7997,0.1512
26.377000,7.7989,0.1511
26.378000,7.8017,0.1511
26.379000,7.8082,0.1511
26.380000,7.8184,0.1511
26.381000,7.7953,0.1511
26.382000,7.7758,0.1511
26.383000,7.7600,0.1511
26.384000,7.7480,0.1510
26.385000,7.7395,0.1510
26.386000,7.7348,0.1510
26.387000,7.7338,0.1509
26.388000,7.7364,0.1509
26.389000,7.7427,0.1509
26.389000,7.2884,0.1601
26.390000,7.2983,0.1601
26.391000,7.2753,0.1600
26.392000,7.2559,0.1600
26.393000,7.2403,0.1600
26.394000,7.2283,0.1600
26.395000,7.2200,0.1600
26.396000,7.2153,0.1599
26.397000,7.2143,0.1599
26.398000,7.2169,0.1599
26.399000,7.2232,0.1599
26.400000,7.2331,0.1599
26.401000,7.2105,0.1598
26.402000,7.1914,0.1598
26.403000,7.1760,0.1598
26.404000,7.1642,0.1598
26.405000,7.1560,0.1598
26.406000,7.1514,0.1598
26.407000,7.1504,0.1597
26.408000,7.1531,0.1597
26.409000,7.1594,0.1597
26.410000,7.1694,0.1596
26.411000,7.1464,0.1596
26.412000,7.1270,0.1595
26.413000,7.1113,0.1595
26.414000,7.0993,0.1595
26.415000,7.0909,0.1594
26.416000,7.0862,0.1594
26.417000,7.0852,0.1594
26.418000,7.0878,0.1594
26.419000,7.0940,0.1594
26.420000,7.1039,0.1593
26.421000,7.0813,0.1593
26.422000,7.0623,0.1593
26.423000,7.0470,0.1592
26.424000,7.0352,0.1592
26.425000,7.0271,0.1592
26.426000,7.0226,0.1592
26.426000,6.7032,0.1658
26.427000,6.7017,0.1658
26.428000,6.7038,0.1658
26.429000,6.7095,0.1658
26.430000,6.7190,0.1658
26.431000,6.6956,0.1658
26.432000,6.6760,0.1658
26.433000,6.6599,0.1658
26.434000,6.6475,0.1658
26.435000,6.6387,0.1658
26.436000,6.6335,0.1658
26.437000,6.6320,0.1658
26.438000,6.6342,0.1658
26.438000,6.9450,0.1623
26.439000,6.9514,0.1623
26.440000,6.9615,0.1623
26.441000,6.9383,0.1622
26.442000,6.9188,0.1622
26.443000,6.9029,0.1622
26.444000,6.8908,0.1622
26.445000,6.8824,0.1622
26.446000,6.8776,0.1622
26.447000,6.8766,0.1621
26.448000,6.8793,0.1621
26.449000,6.8857,0.1621
26.450000,6.8957,0.1620
26.451000,6.8728,0.1620
26.452000,6.8536,0.1620
26.453000,6.8381,0.1620
26.454000,6.8263,0.1620
26.455000,6.8181,0.1619
26.456000,6.8136,0.1619
26.457000,6.8127,0.1619
26.458000,6.8155,0.1619
26.459000,6.8219,0.1619
26.460000,6.8320,0.1618
26.461000,6.8096,0.1618
26.462000,6.7908,0.1618
26.463000,6.7757,0.1618
26.464000,6.7642,0.1618
26.465000,6.7563,0.1618
26.466000,6.7520,0.1618
26.467000,6.7514,0.1618
26.467000,6.6124,0.1675
26.468000,6.6151,0.1675
26.469000,6.6214,0.1675
26.470000,6.6314,0.1675
26.471000,6.6084,0.1675
26.472000,6.5891,0.1674
26.473000,6.5734,0.1674
26.474000,6.5613,0.1674
26.475000,6.5529,0.1673
26.476000,6.5482,0.1673
26.477000,6.5471,0.1672
26.478000,6.5497,0.1672
26.479000,6.5560,0.1672
26.480000,6.5660,0.1672
26.481000,6.5427,0.1671
26.482000,6.5231,0.1671
26.483000,6.5071,0.1671
26.484000,6.4949,0.1671
26.485000,6.4864,0.1671
26.486000,6.4815,0.1671
26.487000,6.4804,0.1671
26.488000,6.4830,0.1671
26.489000,6.4892,0.1671
26.490000,6.4991,0.1671
26.491000,6.4758,0.1671
26.492000,6.4563,0.1671
26.493000,6.4404,0.1671
26.494000,6.4282,0.1671
26.495000,6.4197,0.1670
26.496000,6.4149,0.1670
26.497000,6.4137,0.1670
26.498000,6.4163,0.1670
26.499000,6.4225,0.1670
26.503000,6.3746,0.1670
26.504000,6.3627,0.1670
26.505000,6.2667,0.1738
26.507000,6.2606,0.1737
26.508000,6.2630,0.1737
26.509000,6.2691,0.1737
26.510000,6.2787,0.1737
26.511000,6.2561,0.1737
26.517000,6.1963,0.1735
26.522000,6.1753,0.1734
26.526000,6.1386,0.1733
26.528000,6.1411,0.1732
26.529000,6.1475,0.1731
26.530000,6.1573,0.1731
26.531000,6.1367,0.1730
26.532000,6.1196,0.1730
26.533000,6.1059,0.1730
26.534000,6.0956,0.1729
26.535000,6.0888,0.1729
26.536000,6.0853,0.1729
26.537000,6.0853,0.1728
26.537000,6.0679,0.1793
26.538000,6.0705,0.1793
26.539000,6.0763,0.1793
26.540000,6.0853,0.1793
26.541000,6.0659,0.1792
26.542000,6.0498,0.1792
26.543000,6.0369,0.1792
26.544000,6.0271,0.1791
26.545000,6.0205,0.1791
26.546000,6.0171,0.1790
26.547000,6.0169,0.1790
26.548000,6.0197,0.1790
26.549000,6.0257,0.1789
26.550000,6.0348,0.1789
26.551000,6.0166,0.1789
26.552000,6.0014,0.1789
26.553000,5.9895,0.1788
26.554000,5.9806,0.1788
26.555000,5.9749,0.1788
26.556000,5.9722,0.1788
26.557000,5.9725,0.1787
26.558000,5.9757,0.1787
26.559000,5.9820,0.1786
26.560000,5.9911,0.1786
26.561000,5.9746,0.1786
26.562000,5.9611,0.1786
26.563000,5.9504,0.1785
26.564000,5.9427,0.1785
26.565000,5.9379,0.1785
26.566000,5.9359,0.1785
26.567000,5.9368,0.1784
26.568000,5.9406,0.1784
26.569000,5.9471,0.1784
26.570000,5.9565,0.1784
26.571000,5.9530,0.1784
26.572000,5.9524,0.1784
26.589000,5.5597,0.2064
26.590000,5.5599,0.2064
26.591000,5.5901,0.2064
26.592000,5.6184,0.2064
26.593000,5.6443,0.2065
26.594000,5.6675,0.2064
26.595000,5.6876,0.2064
26.596000,5.7043,0.2064
26.597000,5.7173,0.2064
26.598000,5.7266,0.2064
26.599000,5.7318,0.2064
26.600000,5.7330,0.2064
26.601000,5.7774,0.2064
26.602000,5.8176,0.2063
26.603000,5.8535,0.2063
26.604000,5.8850,0.2063
26.605000,5.9119,0.2063
26.606000,5.9344,0.2063
26.607000,5.9522,0.2063
26.608000,5.9654,0.2063
26.609000,5.9739,0.2063
26.610000,5.9777,0.2063
26.611000,6.0333,0.2062
26.612000,6.0838,0.2062
26.613000,6.1290,0.2062
26.614000,6.1687,0.2061
26.615000,6.2028,0.2061
26.616000,6.2311,0.2061
26.617000,6.2536,0.2061
26.618000,6.2701,0.2060
26.619000,6.2807,0.2060
26.620000,6.2852,0.2060
26.621000,6.3467,0.2059
26.622000,6.4022,0.2059
26.623000,6.4515,0.2059
26.624000,6.4946,0.2058
26.625000,6.5314,0.2058
26.626000,6.5621,0.2058
26.627000,6.5866,0.2058
26.628000,6.6048,0.2057
26.629000,6.6168,0.2056
26.630000,6.6226,0.2056
26.631000,6.6846,0.2056
26.632000,6.7404,0.2055
26.633000,6.7900,0.2055
26.634000,6.8334,0.2054
26.635000,6.8705,0.2053
26.636000,6.9013,0.2053
26.637000,6.9260,0.2052
26.638000,6.9443,0.2052
26.638000,5.3243,0.2230
26.639000,5.3045,0.2230
26.640000,5.2784,0.2230
26.641000,5.3088,0.2230
26.642000,5.3328,0.2230
26.643000,5.3506,0.2230
26.644000,5.3621,0.2230
26.645000,5.3674,0.2230
26.646000,5.3663,0.2229
26.647000,5.3591,0.2229
26.648000,5.3455,0.2229
26.649000,5.3257,0.2229
26.650000,5.2997,0.2229
26.651000,5.3296,0.2228
26.652000,5.3532,0.2228
26.652000,5.1321,0.2410
26.653000,5.1506,0.2410
26.654000,5.1630,0.2410
26.655000,5.1692,0.2409
26.656000,5.1692,0.2409
26.657000,5.1632,0.2409
26.658000,5.1510,0.2409
26.659000,5.1327,0.2409
26.660000,5.1083,0.2408
26.661000,5.1385,0.2408
26.662000,5.1625,0.2408
26.663000,5.1805,0.2407
26.664000,5.1925,0.2407
26.665000,5.1983,0.2407
26.666000,5.1982,0.2407
26.667000,5.1919,0.2407
26.668000,5.1797,0.2407
26.669000,5.1615,0.2407
26.670000,5.1372,0.2407
26.671000,5.1667,0.2407
26.672000,5.1901,0.2407
26.679000,5.1868,0.2406
26.680000,5.1627,0.2406
26.681000,5.1912,0.2406
26.682000,5.2138,0.2407
26.683000,5.2305,0.2407
26.684000,5.2413,0.2407
26.685000,5.2462,0.2407
26.686000,5.2454,0.2407
26.688000,5.2260,0.2407
26.696000,5.2630,0.2406
26.698000,5.2433,0.2406
26.699000,5.2249,0.2406
26.704000,5.2747,0.2407
26.705000,5.2790,0.2407
26.706000,5.2775,0.2407
26.707000,5.2703,0.2407
26.708000,5.2575,0.2407
26.709000,5.2391,0.2407
26.710000,5.2150,0.2407
26.711000,5.2408,0.2407
26.712000,5.2609,0.2407
26.713000,5.2754,0.2406
26.714000,5.2844,0.2406
26.715000,5.2878,0.2406
26.716000,5.2857,0.2405
26.717000,5.2781,0.2405
26.718000,5.2649,0.2405
26.719000,5.2463,0.2405
26.720000,5.2222,0.2404
26.721000,5.2469,0.2404
26.722000,5.2661,0.2404
26.723000,5.2799,0.2404
26.724000,5.2882,0.2404
26.725000,5.2911,0.2404
26.726000,5.2885,0.2404
26.726000,5.1719,0.2575
26.726000,5.1773,0.2739
26.727000,5.1737,0.2739
26.728000,5.1656,0.2739
26.729000,5.1527,0.2739
26.730000,5.1353,0.2740
26.731000,5.1593,0.2740
26.732000,5.1787,0.2740
26.733000,5.1935,0.2739
26.734000,5.2036,0.2739
26.735000,5.2090,0.2739
26.736000,5.2099,0.2739
26.737000,5.2061,0.2739
26.738000,5.1978,0.2738
26.739000,5.1849,0.2738
26.740000,5.1675,0.2738
26.741000,5.1908,0.2738
26.742000,5.2096,0.2738
26.743000,5.2238,0.2738
26.744000,5.2334,0.2738
26.745000,5.2385,0.2738
26.745000,5.4707,0.2883
26.746000,5.4742,0.2883
26.747000,5.4736,0.2883
26.748000,5.4690,0.2882
26.749000,5.4603,0.2882
26.750000,5.4477,0.2882
26.751000,5.4711,0.2881
26.752000,5.4905,0.2881
26.753000,5.5058,0.2881
26.754000,5.5171,0.2881
26.755000,5.5243,0.2881
26.756000,5.5275,0.2880
26.757000,5.5268,0.2880
26.758000,5.5220,0.2880
26.759000,5.5134,0.2880
26.760000,5.5009,0.2880
26.761000,5.5235,0.2879
26.762000,5.5423,0.2879
26.763000,5.5570,0.2879
26.763000,5.7460,0.2982
26.764000,5.7577,0.2982
26.765000,5.7658,0.2982
26.766000,5.7703,0.2981
26.767000,5.7713,0.2981
26.768000,5.7688,0.2981
26.769000,5.7627,0.2981
26.770000,5.7533,0.2981
26.771000,5.7750,0.2981
26.772000,5.7932,0.2981
26.773000,5.8080,0.2981
26.774000,5.8192,0.2980
26.775000,5.8269,0.2980
26.776000,5.8312,0.2980
26.777000,5.8319,0.2980
26.778000,5.8293,0.2979
26.779000,5.8232,0.2979
26.780000,5.8138,0.2979
26.781000,5.8344,0.2979
26.782000,5.8516,0.2979
26.782000,6.0402,0.3097
26.783000,6.0541,0.3097
26.784000,6.0650,0.3097
26.785000,6.0730,0.3097
26.786000,6.0779,0.3096
26.795000,6.1324,0.3095
26.796000,6.1366,0.3095
26.797000,6.1380,0.3095
26.798000,6.1367,0.3095
26.799000,6.1327,0.3095
26.800000,6.1260,0.3096
26.801000,6.1435,0.3096
26.802000,6.1583,0.3096
26.803000,6.1703,0.3096
26.804000,6.1796,0.3096
26.813000,6.2211,0.3097
26.821000,6.2439,0.3095
26.822000,6.2574,0.3095
26.823000,6.2684,0.3095
26.824000,6.2767,0.3095
26.825000,6.2825,0.3094
26.827000,6.2864,0.3094
26.828000,6.2846,0.3094
26.829000,6.2802,0.3094
26.830000,6.2735,0.3093
26.831000,6.2890,0.3093
26.832000,6.3020,0.3093
26.833000,6.3124,0.3093
26.834000,6.3204,0.3093
26.835000,6.3259,0.3093
26.836000,6.3289,0.3093
26.837000,6.3293,0.3092
26.838000,6.3274,0.3092
26.839000,6.3230,0.3093
26.869000,6.4401,0.3092
26.870000,6.4335,0.3092
26.871000,6.4479,0.3092
26.872000,6.4599,0.3092
26.873000,6.4695,0.3091
26.874000,6.4769,0.3091
26.875000,6.4819,0.3091
26.876000,6.4845,0.3091
26.877000,6.4848,0.3091
26.878000,6.4828,0.3091
26.879000,6.4786,0.3091
26.880000,6.4721,0.3091
26.881000,6.4866,0.3091
26.882000,6.4987,0.3091
26.883000,6.5085,0.3091
26.884000,6.5160,0.3091
26.885000,6.5211,0.3090
26.886000,6.5239,0.3090
26.887000,6.5244,0.3090
26.888000,6.5226,0.3090
26.889000,6.5185,0.3090
26.890000,6.5121,0.3089
26.891000,6.5267,0.3089
26.892000,6.5390,0.3089
26.893000,6.5490,0.3088
26.894000,6.5566,0.3088
26.895000,6.5619,0.3088
26.896000,6.5648,0.3088
26.897000,6.5655,0.3088
26.898000,6.5638,0.3087
26.899000,6.5598,0.3087
26.900000,6.5536,0.3087
26.901000,6.5686,0.3087
26.902000,6.5813,0.3087
26.903000,6.5916,0.3087
26.904000,6.5996,0.3087
26.905000,6.6052,0.3088
26.906000,6.6085,0.3088
26.907000,6.6094,0.3088
26.908000,6.6079,0.3088
26.909000,6.6042,0.3089
26.910000,6.5982,0.3089
26.911000,6.6138,0.3089
26.912000,6.6270,0.3089
26.913000,6.6378,0.3089
26.914000,6.6462,0.3089
26.915000,6.6523,0.3089
26.916000,6.6559,0.3088
26.917000,6.6571,0.3088
26.918000,6.6560,0.3088
26.918000,6.9755,0.3134
26.919000,6.9742,0.3134
26.920000,6.9706,0.3134
26.921000,6.9885,0.3134
26.922000,7.0041,0.3134
26.923000,7.0174,0.3134
26.924000,7.0283,0.3134
26.925000,7.0367,0.3134
26.926000,7.0428,0.3134
26.927000,7.0465,0.3134
26.927000,7.1811,0.3145
26.932000,7.1960,0.3174
26.933000,7.2077,0.3174
26.934000,7.2172,0.3174
26.935000,7.2246,0.3173
26.936000,7.2297,0.3173
26.937000,7.2326,0.3173
26.938000,7.2333,0.3173
26.939000,7.2317,0.3174
26.940000,7.2279,0.3174
26.941000,7.2458,0.3174
26.942000,7.2615,0.3174
26.943000,7.2748,0.3174
26.944000,7.2857,0.3174
26.945000,7.2942,0.3174
26.946000,7.3003,0.3173
26.947000,7.3040,0.3173
26.948000,7.3053,0.3173
26.949000,7.3042,0.3172
26.950000,7.3006,0.3172
26.951000,7.3212,0.3172
26.952000,7.3393,0.3172
26.961000,7.4121,0.3169
26.962000,7.4329,0.3168
26.963000,7.4509,0.3168
26.964000,7.4660,0.3168
26.965000,7.4782,0.3168
26.966000,7.4875,0.3168
26.967000,7.4937,0.3168
26.968000,7.4969,0.3168
26.969000,7.4970,0.3168
26.969000,7.5071,0.3185
26.970000,7.5020,0.3185
26.971000,7.5263,0.3185
26.972000,7.5475,0.3185
26.973000,7.5655,0.3185
26.974000,7.5804,0.3185
26.975000,7.5920,0.3185
26.976000,7.6005,0.3185
26.977000,7.6057,0.3185
26.978000,7.6077,0.3185
26.979000,7.6065,0.3186
26.980000,7.6020,0.3186
26.980000,7.3355,0.3164
27.001000,7.5055,0.3169
27.002000,7.5287,0.3169
27.003000,7.5479,0.3169
27.004000,7.5633,0.3169
27.005000,7.5748,0.3169
27.006000,7.5822,0.3169
27.007000,7.5857,0.3169
27.008000,7.5852,0.3169
27.009000,7.5807,0.3169
27.009000,7.9371,0.3162
27.010000,7.9260,0.3162
27.011000,7.9529,0.3162
27.012000,7.9758,0.3162
27.013000,7.9944,0.3162
27.014000,8.0090,0.3162
27.015000,8.0194,0.3161
27.016000,8.0256,0.3161
27.020000,8.0086,0.3161
27.021000,8.0369,0.3161
27.022000,8.0608,0.3162
27.023000,8.0806,0.3162
27.024000,8.0960,0.3162
27.025000,8.1072,0.3162
27.026000,8.1141,0.3163
27.027000,8.1168,0.3163
27.028000,8.1151,0.3163
27.029000,8.1092,0.3162
27.030000,8.0990,0.3162
27.031000,8.1282,0.3162
27.032000,8.1531,0.3162
27.033000,8.1737,0.3162
27.034000,8.1900,0.3162
27.035000,8.2019,0.3162
27.036000,8.2095,0.3162
27.037000,8.2127,0.3163
27.038000,8.2116,0.3163
27.039000,8.2061,0.3163
27.040000,8.1963,0.3163
27.041000,8.2263,0.3163
27.050000,8.1812,0.3148
27.051000,8.2061,0.3148
27.052000,8.2268,0.3148
27.053000,8.2433,0.3148
27.054000,8.2556,0.3148
27.055000,8.2637,0.3148
27.056000,8.2675,0.3148
27.057000,8.2673,0.3148
27.058000,8.2628,0.3148
27.059000,8.2542,0.3148
27.060000,8.2414,0.3148
27.061000,8.2656,0.3148
27.062000,8.2856,0.3148
27.063000,8.3016,0.3148
27.064000,8.3135,0.3148
27.065000,8.3214,0.3148
27.066000,8.3251,0.3147
27.067000,8.3248,0.3147
27.068000,8.3204,0.3147
27.068000,8.6017,0.3114
27.069000,8.5930,0.3114
27.070000,8.5802,0.3114
27.071000,8.5997,0.3114
27.077000,8.6393,0.3113
27.078000,8.6335,0.3112
27.079000,8.6241,0.3112
27.080000,8.6113,0.3113
27.081000,8.6286,0.3113
27.082000,8.6425,0.3113
27.083000,8.6531,0.3113
27.084000,8.6603,0.3113
27.093000,8.6913,0.3103
27.094000,8.7018,0.3103
27.095000,8.7090,0.3103
27.096000,8.7129,0.3103
27.097000,8.7135,0.3103
27.098000,8.7108,0.3102
27.099000,8.7048,0.3102
27.100000,8.6955,0.3102
27.101000,8.7159,0.3102
27.102000,8.7330,0.3102
27.103000,8.7469,0.3101
27.104000,8.7575,0.3101
27.105000,8.7648,0.3100
27.106000,8.7688,0.3100
27.107000,8.7695,0.3100
27.108000,8.7669,0.3099
27.109000,8.7610,0.3099
27.110000,8.7517,0.3099
27.111000,8.7708,0.3099
27.112000,8.7866,0.3099
27.113000,8.7992,0.3099
27.114000,8.8087,0.3098
27.115000,8.8150,0.3098
27.116000,8.8181,0.3099
27.117000,8.8182,0.3099
27.118000,8.8152,0.3099
27.119000,8.8091,0.3099
27.120000,8.7999,0.3099
27.121000,8.8180,0.3099
27.122000,8.8330,0.3099
27.123000,8.8450,0.3099
27.124000,8.8540,0.3099
27.125000,8.8599,0.3100
27.125000,8.7688,0.3111
27.126000,8.7728,0.3111
27.127000,8.7739,0.3111
27.128000,8.7719,0.3112
27.129000,8.7670,0.3112
27.130000,8.7591,0.3111
27.131000,8.7783,0.3111
27.132000,8.7946,0.3112
27.133000,8.8079,0.3112
27.134000,8.8182,0.3112
27.135000,8.8254,0.3112
27.136000,8.8297,0.3112
27.137000,8.8309,0.3112
27.138000,8.8291,0.3112
27.139000,8.8243,0.3112
27.140000,8.8165,0.3112
27.141000,8.8358,0.3112
27.141000,8.4705,0.3183
27.142000,8.4876,0.3183
27.143000,8.5017,0.3183
27.144000,8.5128,0.3182
27.145000,8.5209,0.3182
27.146000,8.5259,0.3182
27.147000,8.5281,0.3182
27.148000,8.5273,0.3182
27.149000,8.5236,0.3182
27.150000,8.5170,0.3182
27.151000,8.5359,0.3181
27.152000,8.5519,0.3181
27.152000,8.6708,0.3152
27.153000,8.6849,0.3152
27.154000,8.6963,0.3151
27.155000,8.7047,0.3151
27.156000,8.7103,0.3151
27.157000,8.7130,0.3151
27.158000,8.7129,0.3151
27.159000,8.7098,0.3151
27.160000,8.7040,0.3150
27.161000,8.7237,0.3150
27.162000,8.7406,0.3150
27.163000,8.7547,0.3150
27.164000,8.7658,0.3150
27.165000,8.7742,0.3150
27.166000,8.7796,0.3150
27.167000,8.7822,0.3150
27.168000,8.7820,0.3150
27.169000,8.7791,0.3150
27.170000,8.7734,0.3150
27.171000,8.7921,0.3150
27.172000,8.8081,0.3150
27.173000,8.8214,0.3149
27.174000,8.8319,0.3149
27.175000,8.8398,0.3149
27.176000,8.8449,0.3149
27.177000,8.8473,0.3148
27.178000,8.8470,0.3148
27.179000,8.8440,0.3148
27.180000,8.8382,0.3148
27.181000,8.8569,0.3148
27.182000,8.8729,0.3148
27.183000,8.8861,0.3148
27.184000,8.8967,0.3148
27.185000,8.9045,0.3148
27.186000,8.9096,0.3148
27.187000,8.9120,0.3148
27.188000,8.9118,0.3148
27.189000,8.9088,0.3148
27.190000,8.9033,0.3147
27.191000,8.9215,0.3147
27.192000,8.9372,0.3147
27.193000,8.9502,0.3147
27.194000,8.9605,0.3146
27.195000,8.9683,0.3146
27.195000,8.8938,0.3143
27.196000,8.8999,0.3143
27.197000,8.9032,0.3142
27.198000,8.9038,0.3142
27.199000,8.9018,0.3142
27.200000,8.8970,0.3142
27.201000,8.9169,0.3142
27.202000,8.9341,0.3142
27.203000,8.9486,0.3142
27.204000,8.9604,0.3142
27.205000,8.9695,0.3141
27.206000,8.9758,0.3141
27.207000,8.9794,0.3141
27.207000,8.8416,0.3175
27.208000,8.8428,0.3175
27.209000,8.8413,0.3175
27.210000,8.8372,0.3175
27.211000,8.8574,0.3175
27.212000,8.8749,0.3174
27.213000,8.8898,0.3174
27.214000,8.9020,0.3174
27.215000,8.9115,0.3174
27.216000,8.9183,0.3174
27.217000,8.9224,0.3174
27.267000,9.3488,0.3168
27.268000,9.3510,0.3168
27.269000,9.3505,0.3168
27.270000,9.3473,0.3168
27.271000,9.3684,0.3168
27.272000,9.3868,0.3168
27.273000,9.4025,0.3168
27.274000,9.4154,0.3168
27.275000,9.4257,0.3168
27.276000,9.4333,0.3168
27.277000,9.4383,0.3168
27.278000,9.4405,0.3169
27.279000,9.4402,0.3169
27.280000,9.4371,0.3169
27.281000,9.4580,0.3169
27.282000,9.4762,0.3169
27.283000,9.4918,0.3168
27.284000,9.5048,0.3168
27.285000,9.5151,0.3168
27.286000,9.5227,0.3168
27.287000,9.5278,0.3168
27.288000,9.5301,0.3168
27.289000,9.5299,0.3168
27.290000,9.5270,0.3168
27.306000,9.7029,0.3165
27.307000,9.7080,0.3165
27.308000,9.7105,0.3165
27.309000,9.7105,0.3165
27.310000,9.7080,0.3164
27.311000,9.7284,0.3164
27.312000,9.7463,0.3164
27.313000,9.7616,0.3164
27.314000,9.7744,0.3164
27.315000,9.7847,0.3164
27.316000,9.7924,0.3164
27.317000,9.7976,0.3163
27.318000,9.8003,0.3163
27.319000,9.8004,0.3163
27.320000,9.7981,0.3163
27.321000,9.8186,0.3163
27.322000,9.8366,0.3163
27.323000,9.8521,0.3163
27.324000,9.8650,0.3162
27.325000,9.8754,0.3162
27.326000,9.8833,0.3162
27.327000,9.8886,0.3162
27.328000,9.8914,0.3162
27.329000,9.8918,0.3163
27.330000,9.8895,0.3163
27.330000,9.7473,0.3238
27.331000,9.7678,0.3239
27.332000,9.7859,0.3239
27.333000,9.8014,0.3239
27.334000,9.8144,0.3239
27.335000,9.8250,0.3239
27.336000,9.8330,0.3239
27.337000,9.8385,0.3239
27.338000,9.8415,0.3239
27.339000,9.8421,0.3239
27.340000,9.8402,0.3239
27.341000,9.8604,0.3239
27.342000,9.8781,0.3238
27.343000,9.8934,0.3238
27.344000,9.9063,0.3238
27.345000,9.9167,0.3238
27.346000,9.9247,0.3238
27.347000,9.9302,0.3238
27.348000,9.9333,0.3238
27.349000,9.9339,0.3237
27.350000,9.9322,0.3237
27.351000,9.9524,0.3237
27.352000,9.9701,0.3237
27.353000,9.9855,0.3237
27.354000,9.9984,0.3237
27.354000,10.0124,0.3251
27.354000,9.9052,0.3277
27.355000,9.9161,0.3277
27.356000,9.9247,0.3277
27.357000,9.9310,0.3278
27.358000,9.9348,0.3278
27.359000,9.9363,0.3278
27.360000,9.9355,0.3278
27.361000,9.9560,0.3279
27.362000,9.9741,0.3279
27.363000,9.9899,0.3279
27.364000,10.0033,0.3279
27.365000,10.0143,0.3279
27.379000,10.1327,0.3280
27.380000,10.1322,0.3280
27.381000,10.1516,0.3280
27.382000,10.1687,0.3280
27.383000,10.1837,0.3280
27.383000,9.8049,0.3378
27.384000,9.8173,0.3378
27.385000,9.8275,0.3378
27.386000,9.8356,0.3378
27.387000,9.8415,0.3378
27.388000,9.8452,0.3378
27.389000,9.8469,0.3378
27.390000,9.8464,0.3378
27.391000,9.8630,0.3378
27.392000,9.8775,0.3378
27.393000,9.8899,0.3378
27.401000,9.9387,0.3376
27.402000,9.9509,0.3376
27.403000,9.9614,0.3376
27.404000,9.9703,0.3376
27.405000,9.9777,0.3376
27.406000,9.9834,0.3376
27.407000,9.9875,0.3376
27.408000,9.9901,0.3376
27.409000,9.9910,0.3375
27.410000,9.9904,0.3375
27.411000,10.0010,0.3375
27.412000,10.0099,0.3375
27.413000,10.0174,0.3375
27.414000,10.0235,0.3375
27.415000,10.0284,0.3375
27.416000,10.0321,0.3375
27.417000,10.0347,0.3375
27.418000,10.0362,0.3375
27.419000,10.0368,0.3375
27.420000,10.0364,0.3375
27.421000,10.0430,0.3375
27.422000,10.0487,0.3375
27.423000,10.0536,0.3375
27.424000,10.0577,0.3375
27.425000,10.0608,0.3375
27.426000,10.0632,0.3375
27.427000,10.0646,0.3375
27.428000,10.0653,0.3374
27.429000,10.0651,0.3374
27.430000,10.0640,0.3374
27.431000,10.0707,0.3374
27.432000,10.0766,0.3374
27.433000,10.0816,0.3374
27.434000,10.0858,0.3373
27.435000,10.0892,0.3373
27.436000,10.0916,0.3373
27.437000,10.0933,0.3373
27.438000,10.0940,0.3373
27.439000,10.0939,0.3373
27.440000,10.0930,0.3373
27.441000,10.1002,0.3373
27.442000,10.1066,0.3373
27.443000,10.1122,0.3373
27.444000,10.1168,0.3372
27.445000,10.1205,0.3372
27.446000,10.1234,0.3372
27.447000,10.1253,0.3371
27.448000,10.1263,0.3371
27.449000,10.1264,0.3371
27.449000,10.1306,0.3379
27.449000,10.2363,0.3434
27.450000,10.2432,0.3434
27.451000,10.2574,0.3434
27.452000,10.2708,0.3434
27.452000,9.9656,0.3522
27.453000,9.9775,0.3522
27.454000,9.9886,0.3522
27.455000,9.9991,0.3522
27.456000,10.0089,0.3522
27.473000,10.0518,0.3520
27.474000,10.0458,0.3521
27.475000,10.0416,0.3521
27.476000,10.0392,0.3521
27.477000,10.0388,0.3521
27.478000,10.0403,0.3521
27.479000,10.0437,0.3521
27.480000,10.0491,0.3521
27.481000,10.0288,0.3521
27.482000,10.0105,0.3521
27.483000,9.9943,0.3521
27.484000,9.9806,0.3521
27.485000,9.9697,0.3522
27.486000,9.9617,0.3522
27.487000,9.9570,0.3522
27.488000,9.9556,0.3522
27.489000,9.9578,0.3522
27.490000,9.9635,0.3521
27.491000,9.9302,0.3521
27.492000,9.9005,0.3521
27.493000,9.8747,0.3520
27.494000,9.8527,0.3520
27.495000,9.8346,0.3520
27.496000,9.8205,0.3520
27.497000,9.8105,0.3520
27.498000,9.8050,0.3520
27.499000,9.8043,0.3520
27.500000,9.8086,0.3520
27.501000,9.7594,0.3520
27.502000,9.7156,0.3520
27.503000,9.6774,0.3520
27.504000,9.6449,0.3520
27.505000,9.6181,0.3520
27.506000,9.5971,0.3520
27.507000,9.5821,0.3521
27.508000,9.5730,0.3521
27.509000,9.5698,0.3521
27.510000,9.5727,0.3521
27.511000,9.5204,0.3522
27.512000,9.4742,0.3522
27.513000,9.4341,0.3522
27.514000,9.4001,0.3522
27.515000,9.3722,0.3522
27.516000,9.3504,0.3523
27.517000,9.3347,0.3523
27.518000,9.3251,0.3523
27.550000,10.5717,0.3474
27.551000,10.5529,0.3474
27.552000,10.5401,0.3474
27.553000,10.5332,0.3474
27.554000,10.5322,0.3474
27.555000,10.5370,0.3474
27.578000,10.7526,0.3470
27.579000,10.7810,0.3469
27.580000,10.8152,0.3469
27.581000,10.7985,0.3469
27.582000,10.7875,0.3468
27.583000,10.7821,0.3468
27.584000,10.7824,0.3468
27.585000,10.7884,0.3468
27.586000,10.8001,0.3467
27.587000,10.8173,0.3467
27.588000,10.8402,0.3467
27.589000,10.8688,0.3467
27.590000,10.9029,0.3466
27.591000,10.8868,0.3466
27.592000,10.8763,0.3466
27.593000,10.8715,0.3466
27.594000,10.8722,0.3466
27.595000,10.8785,0.3466
27.596000,10.8904,0.3466
27.597000,10.9078,0.3466
27.606000,10.9936,0.3464
27.607000,11.0124,0.3464
27.608000,11.0363,0.3464
27.609000,11.0652,0.3464
27.610000,11.0991,0.3464
27.611000,11.0911,0.3464
27.612000,11.0880,0.3464
27.613000,11.0897,0.3464
27.614000,11.0962,0.3464
27.615000,11.1074,0.3464
27.616000,11.1233,0.3464
27.617000,11.1439,0.3464
27.618000,11.1692,0.3463
27.619000,11.1990,0.3463
27.620000,11.2334,0.3463
27.621000,11.2271,0.3462
27.622000,11.2254,0.3462
27.623000,11.2283,0.3462
27.624000,11.2357,0.3462
27.625000,11.2477,0.3462
27.626000,11.2642,0.3462
27.627000,11.2852,0.3461
27.627000,11.0277,0.3408
27.628000,11.0521,0.3408
27.629000,11.0810,0.3408
27.630000,11.1145,0.3407
27.631000,11.1073,0.3407
27.632000,11.1047,0.3407
27.633000,11.1066,0.3407
27.634000,11.1130,0.3407
27.635000,11.1239,0.3407
27.636000,11.1393,0.3406
27.637000,11.1592,0.3406
27.637000,10.5215,0.3377
27.638000,10.5389,0.3377
27.639000,10.5609,0.3377
27.640000,10.5874,0.3377
27.641000,10.5743,0.3377
27.642000,10.5656,0.3377
27.643000,10.5615,0.3377
27.644000,10.5617,0.3377
27.645000,10.5664,0.3377
27.646000,10.5755,0.3377
27.647000,10.5889,0.3377
27.648000,10.6067,0.3377
27.649000,10.6288,0.3377
27.650000,10.6552,0.3376
27.651000,10.6432,0.3376
27.652000,10.6355,0.3376
27.653000,10.6320,0.3376
27.654000,10.6329,0.3376
27.655000,10.6380,0.3376
27.656000,10.6474,0.3376
27.657000,10.6611,0.3376
27.658000,10.6790,0.3376
27.659000,10.7012,0.3376
27.660000,10.7276,0.3376
27.661000,10.7159,0.3376
27.661000,10.5215,0.3388
27.662000,10.5123,0.3389
27.663000,10.5072,0.3389
27.664000,10.5063,0.3389
27.665000,10.5096,0.3389
27.666000,10.5170,0.3389
27.667000,10.5286,0.3389
27.668000,10.5443,0.3389
27.669000,10.5642,0.3389
27.670000,10.5883,0.3389
27.671000,10.5754,0.3390
27.672000,10.5666,0.3390
27.673000,10.5620,0.3390
27.674000,10.5616,0.3390
27.675000,10.5653,0.3390
27.676000,10.5731,0.3390
27.677000,10.5850,0.3391
27.678000,10.6010,0.3391
27.679000,10.6210,0.3391
27.680000,10.6449,0.3391
27.681000,10.6366,0.3391
27.696000,10.7360,0.3391
27.697000,10.7498,0.3391
27.698000,10.7670,0.3391
27.699000,10.7876,0.3391
27.700000,10.8116,0.3391
27.701000,10.8049,0.3391
27.701000,10.7332,0.3420
27.702000,10.7296,0.3420
27.703000,10.7293,0.3420
27.710000,10.8193,0.3421
27.711000,10.8126,0.3421
27.712000,10.8092,0.3421
27.713000,10.8091,0.3422
27.714000,10.8122,0.3422
27.715000,10.8186,0.3422
27.716000,10.8282,0.3422
27.737000,10.9993,0.3421
27.738000,11.0150,0.3421
27.739000,11.0340,0.3420
27.740000,11.0561,0.3420
27.741000,11.0498,0.3420
27.742000,11.0466,0.3420
27.745000,11.0561,0.3420
27.750000,10.6324,0.3433
27.751000,10.6224,0.3433
27.752000,10.6154,0.3433
27.753000,10.6115,0.3433
27.754000,10.6107,0.3434
27.755000,10.6129,0.3434
27.756000,10.6182,0.3433
27.757000,10.6265,0.3433
27.758000,10.6379,0.3433
27.759000,10.6523,0.3433
27.780000,10.7445,0.3432
27.781000,10.7348,0.3431
27.782000,10.7282,0.3431
27.783000,10.7245,0.3431
27.784000,10.7239,0.3431
27.785000,10.7261,0.3431
27.786000,10.7314,0.3431
27.787000,10.7396,0.3431
27.788000,10.7508,0.3430
27.789000,10.7650,0.3430
27.790000,10.7822,0.3430
27.791000,10.7728,0.3430
27.792000,10.7663,0.3431
27.793000,10.7628,0.3430
27.794000,10.7622,0.3430
27.795000,10.7646,0.3430
27.796000,10.7699,0.3430
27.797000,10.7781,0.3430
27.798000,10.7893,0.3430
27.799000,10.8034,0.3430
27.800000,10.8204,0.3430
27.801000,10.8117,0.3430
27.847000,10.4045,0.3431
27.848000,10.4113,0.3431
27.849000,10.4202,0.3431
27.850000,10.4313,0.3431
27.851000,10.4235,0.3430
27.852000,10.4179,0.3430
27.853000,10.4143,0.3430
27.854000,10.4129,0.3429
27.855000,10.4136,0.3429
27.856000,10.4163,0.3429
27.857000,10.4211,0.3429
27.858000,10.4280,0.3429
27.859000,10.4370,0.3429
27.860000,10.4480,0.3429
27.861000,10.4415,0.3428
27.862000,10.4370,0.3428
27.863000,10.4346,0.3428
27.875000,10.4645,0.3429
27.876000,10.4685,0.3429
27.877000,10.4743,0.3429
27.878000,10.4819,0.3428
27.879000,10.4911,0.3428
27.880000,10.5021,0.3428
27.881000,10.5005,0.3428
27.882000,10.5004,0.3428
27.883000,10.5019,0.3428
27.884000,10.5048,0.3428
27.885000,10.5091,0.3428
27.886000,10.5148,0.3428
27.887000,10.5219,0.3428
27.888000,10.5303,0.3428
27.889000,10.5400,0.3428
27.890000,10.5511,0.3427
27.894000,10.5635,0.3426
27.895000,10.5695,0.3426
27.896000,10.5767,0.3426
27.897000,10.5849,0.3425
27.898000,10.5942,0.3425
27.899000,10.6044,0.3425
27.900000,10.6156,0.3424
27.901000,10.6220,0.3424
27.902000,10.6293,0.3424
27.903000,10.6372,0.3424
27.904000,10.6458,0.3424
27.905000,10.6549,0.3424
27.906000,10.6646,0.3424
27.907000,10.6747,0.3424
27.908000,10.6853,0.3424
27.908000,10.6366,0.3419
27.909000,10.6439,0.3419
27.910000,10.6515,0.3419
27.911000,10.6592,0.3419
27.912000,10.6671,0.3419
27.913000,10.6751,0.3420
27.914000,10.6832,0.3420
27.915000,10.6913,0.3420
27.916000,10.6994,0.3420
27.917000,10.7074,0.3420
27.934000,10.4083,0.3398
27.935000,10.4187,0.3398
27.936000,10.4276,0.3398
27.944000,10.5280,0.3395
27.954000,10.6711,0.3357
27.955000,10.6867,0.3357
27.956000,10.6991,0.3357
27.959000,10.7167,0.3357
27.967000,10.8702,0.3356
27.968000,10.8779,0.3356
27.969000,10.8817,0.3356
27.970000,10.8816,0.3355
27.971000,10.9211,0.3355
27.972000,10.9566,0.3354
27.976000,11.0561,0.3353
27.977000,11.0702,0.3353
27.978000,11.0800,0.3353
27.979000,11.0854,0.3353
27.980000,11.0864,0.3353
27.981000,11.1282,0.3352
27.982000,11.1656,0.3352
27.983000,11.1985,0.3352
27.984000,11.2269,0.3352
27.985000,11.2509,0.3352
27.986000,11.2705,0.3352
27.987000,11.2855,0.3352
27.991000,11.3464,0.3352
27.992000,11.3844,0.3352
27.993000,11.4178,0.3352
27.994000,11.4468,0.3352
27.995000,11.4713,0.3352
27.996000,11.4912,0.3352
27.997000,11.5067,0.3352
27.998000,11.5178,0.3352
27.999000,11.5243,0.3352
28.000000,11.5264,0.3352
28.001000,11.5701,0.3352
28.001000,10.7108,0.3336
28.002000,10.7371,0.3335
28.003000,10.7589,0.3335
28.004000,10.7761,0.3336
28.005000,10.7887,0.3336
28.006000,10.7967,0.3336
28.007000,10.8000,0.3336
28.008000,10.7987,0.3336
28.009000,10.7927,0.3336
28.010000,10.7820,0.3336
28.011000,10.8142,0.3336
28.012000,10.8417,0.3336
28.013000,10.8645,0.3336
28.014000,10.8825,0.3336
28.015000,10.8959,0.3336
28.016000,10.9046,0.3335
28.017000,10.9086,0.3335
28.018000,10.9079,0.3336
28.019000,10.9025,0.3336
28.020000,10.8924,0.3336
28.021000,10.9248,0.3336
28.022000,10.9526,0.3336
28.022000,10.3099,0.3337
28.022000,10.0735,0.3336
28.023000,10.0861,0.3336
28.024000,10.0939,0.3336
28.025000,10.0970,0.3336
28.027000,10.0891,0.3336
28.031000,10.0637,0.3334
28.032000,10.0807,0.3334
28.034000,10.1007,0.3333
28.036000,10.1020,0.3333
28.037000,10.0956,0.3333
28.037000,10.2424,0.3284
28.038000,10.2308,0.3284
28.041000,10.2143,0.3283
28.042000,10.2303,0.3283
28.043000,10.2417,0.3283
28.044000,10.2485,0.3284
28.045000,10.2507,0.3283
28.046000,10.2482,0.3283
28.047000,10.2412,0.3283
28.048000,10.2295,0.3283
28.049000,10.2132,0.3282
28.050000,10.1923,0.3282
28.051000,10.2126,0.3282
28.052000,10.2284,0.3282
28.059000,10.2108,0.3281
28.067000,10.2357,0.3280
28.084000,10.2355,0.3278
28.095000,10.4602,0.3227
28.096000,10.4586,0.3227
28.097000,10.4526,0.3227
28.122000,10.4468,0.3219
28.123000,10.4574,0.3219
28.124000,10.4638,0.3218
28.125000,10.4659,0.3218
28.126000,10.4637,0.3217
28.127000,10.4572,0.3217
28.128000,10.4464,0.3216
28.129000,10.4314,0.3216
28.130000,10.4121,0.3216
28.131000,10.4310,0.3215
28.132000,10.4456,0.3215
28.133000,10.4560,0.3215
28.134000,10.4621,0.3215
28.135000,10.4640,0.3215
28.136000,10.4616,0.3215
28.137000,10.4550,0.3214
28.138000,10.4441,0.3214
28.139000,10.4290,0.3213
28.140000,10.4096,0.3213
28.141000,10.4282,0.3213
28.142000,10.4425,0.3212
28.143000,10.4526,0.3212
28.144000,10.4585,0.3212
28.145000,10.4602,0.3212
28.146000,10.4577,0.3212
28.147000,10.4509,0.3212
28.148000,10.4399,0.3212
28.149000,10.4248,0.3211
28.150000,10.4054,0.3211
28.151000,10.4237,0.3211
28.152000,10.4377,0.3210
28.153000,10.4475,0.3210
28.155000,10.4547,0.3210
28.156000,10.4520,0.3209
28.157000,10.4452,0.3209
28.158000,10.4342,0.3209
28.159000,10.4190,0.3209
28.160000,10.3997,0.3209
28.161000,10.4176,0.3208
28.162000,10.4313,0.3208
28.163000,10.4409,0.3207
28.164000,10.4464,0.3207
28.165000,10.4477,0.3206
28.166000,10.4449,0.3206
28.167000,10.4379,0.3205
28.168000,10.4269,0.3205
28.169000,10.4117,0.3205
28.170000,10.3924,0.3204
28.193000,10.2407,0.3223
28.194000,10.2471,0.3223
28.195000,10.2495,0.3222
28.196000,10.2479,0.3222
28.197000,10.2422,0.3222
28.247000,10.1082,0.3216
28.248000,10.0984,0.3216
28.249000,10.0848,0.3216
28.252000,10.0967,0.3217
28.253000,10.1057,0.3217
28.254000,10.1109,0.3217
28.255000,10.1123,0.3216
28.256000,10.1100,0.3216
28.257000,10.1039,0.3216
28.258000,10.0941,0.3217
28.259000,10.0805,0.3217
28.260000,10.0631,0.3217
28.261000,10.0794,0.3217
28.262000,10.0920,0.3217
28.263000,10.1008,0.3216
28.276000,10.0984,0.3212
28.277000,10.0922,0.3212
28.278000,10.0824,0.3212
28.279000,10.0688,0.3211
28.280000,10.0516,0.3211
28.281000,10.0673,0.3210
28.282000,10.0793,0.3210
28.283000,10.0877,0.3209
28.284000,10.0924,0.3209
28.285000,10.0934,0.3208
28.291000,10.0592,0.3206
28.292000,10.0710,0.3206
28.293000,10.0791,0.3206
28.294000,10.0836,0.3206
28.295000,10.0845,0.3206
28.323000,9.7733,0.3248
28.324000,9.7783,0.3248
28.325000,9.7798,0.3248
28.326000,9.7777,0.3248
28.330000,9.7343,0.3246
28.331000,9.7496,0.3246
28.332000,9.7615,0.3245
28.333000,9.7698,0.3245
28.334000,9.7746,0.3245
28.335000,9.7760,0.3245
28.336000,9.7738,0.3245
28.337000,9.7682,0.3245
28.338000,9.7591,0.3245
28.339000,9.7465,0.3245
28.339000,9.5476,0.3247
28.340000,9.5314,0.3247
28.340000,9.2279,0.3277
28.341000,9.2431,0.3276
28.342000,9.2547,0.3276
28.343000,9.2629,0.3276
28.344000,9.2676,0.3276
28.345000,9.2688,0.3276
28.346000,9.2666,0.3276
28.347000,9.2609,0.3276
28.348000,9.2517,0.3276
28.349000,9.2391,0.3277
28.350000,9.2230,0.3277
28.351000,9.2379,0.3277
28.352000,9.2493,0.3277
28.353000,9.2573,0.3278
28.354000,9.2619,0.3278
28.355000,9.2630,0.3278
28.356000,9.2607,0.3278
28.357000,9.2550,0.3278
28.358000,9.2458,0.3278
28.359000,9.2332,0.3278
28.360000,9.2172,0.3277
28.361000,9.2316,0.3277
28.362000,9.2426,0.3277
28.363000,9.2502,0.3277
28.364000,9.2545,0.3277
28.365000,9.2553,0.3276
28.366000,9.2528,0.3276
28.367000,9.2470,0.3276
28.368000,9.2377,0.3275
28.369000,9.2251,0.3275
28.370000,9.2092,0.3274
28.371000,9.2233,0.3274
28.372000,9.2340,0.3274
28.372000,9.3775,0.3163
28.373000,9.3855,0.3163
28.380000,9.3468,0.3162
28.397000,9.2135,0.3131
28.404000,9.2120,0.3129
28.405000,9.2126,0.3128
28.406000,9.2101,0.3127
28.407000,9.2043,0.3127
28.408000,9.1954,0.3126
28.409000,9.1832,0.3126
28.413000,9.1979,0.3124
28.414000,9.2015,0.3124
28.415000,9.2020,0.3123
28.416000,9.1992,0.3123
28.417000,9.1933,0.3122
28.418000,9.1842,0.3122
28.427000,9.1793,0.3120
28.428000,9.1701,0.3120
28.429000,9.1578,0.3120
28.430000,9.1424,0.3120
28.431000,9.1548,0.3120
28.432000,9.1641,0.3120
28.433000,9.1704,0.3120
28.433000,9.2141,0.3020
28.434000,9.2180,0.3020
28.435000,9.2188,0.3020
28.436000,9.2164,0.3020
28.437000,9.2110,0.3019
28.438000,9.2024,0.3019
28.439000,9.1907,0.3019
28.440000,9.1760,0.3018
28.441000,9.1890,0.3018
28.442000,9.1990,0.3018
28.443000,9.2059,0.3018
28.444000,9.2097,0.3017
28.467000,8.9799,0.2913
28.468000,8.9717,0.2913
28.469000,8.9605,0.2913
28.470000,8.9461,0.2912
28.471000,8.9593,0.2912
28.472000,8.9695,0.2911
28.473000,8.9765,0.2911
28.474000,8.9806,0.2911
28.475000,8.9815,0.2910
28.476000,8.9794,0.2910
28.477000,8.9742,0.2909
28.478000,8.9660,0.2909
28.479000,8.9548,0.2908
28.480000,8.9405,0.2908
28.481000,8.9532,0.2908
28.482000,8.9629,0.2907
28.487000,8.9660,0.2906
28.488000,8.9576,0.2906
28.489000,8.9463,0.2906
28.490000,8.9321,0.2906
28.491000,8.9431,0.2906
28.492000,8.9513,0.2905
28.493000,8.9566,0.2905
28.494000,8.9590,0.2905
28.495000,8.9587,0.2905
28.496000,8.9555,0.2905
28.497000,8.9495,0.2904
28.498000,8.9407,0.2904
28.499000,8.9291,0.2904
28.500000,8.9148,0.2904
28.501000,8.9253,0.2903
28.502000,8.9331,0.2903
28.503000,8.9381,0.2902
28.504000,8.9402,0.2902
28.505000,8.9396,0.2901
28.506000,8.9363,0.2901
28.507000,8.9302,0.2901
28.508000,8.9213,0.2901
28.509000,8.9096,0.2901
28.510000,8.8953,0.2900
28.511000,8.9053,0.2900
28.512000,8.9127,0.2900
28.513000,8.9173,0.2900
28.514000,8.9191,0.2900
28.515000,8.9183,0.2900
28.516000,8.9147,0.2899
28.517000,8.9084,0.2899
28.518000,8.8994,0.2899
28.519000,8.8877,0.2898
28.520000,8.8734,0.2898
28.521000,8.8819,0.2897
28.522000,8.8879,0.2897
28.523000,8.8912,0.2897
28.524000,8.8921,0.2896
28.525000,8.8903,0.2896
28.526000,8.8861,0.2896
28.527000,8.8793,0.2895
28.528000,8.8700,0.2895
28.529000,8.8581,0.2895
28.530000,8.8438,0.2895
28.531000,8.8521,0.2895
28.532000,8.8580,0.2894
28.533000,8.8613,0.2894
28.534000,8.8621,0.2894
28.535000,8.8604,0.2893
28.536000,8.8562,0.2893
28.537000,8.8494,0.2893
28.538000,8.8401,0.2893
28.539000,8.8284,0.2893
28.540000,8.8141,0.2893
28.541000,8.8226,0.2892
28.542000,8.8286,0.2892
28.543000,8.8321,0.2892
28.544000,8.8331,0.2892
28.544000,9.0044,0.2832
28.545000,9.0045,0.2832
28.546000,9.0021,0.2832
28.547000,8.9972,0.2831
28.548000,8.9899,0.2831
28.549000,8.9801,0.2831
28.550000,8.9678,0.2831
28.551000,8.9778,0.2830
28.552000,8.9854,0.2830
28.553000,8.9905,0.2830
28.554000,8.9930,0.2829
28.555000,8.9931,0.2829
28.556000,8.9908,0.2829
28.557000,8.9859,0.2828
28.558000,8.9787,0.2828
28.559000,8.9689,0.2828
28.560000,8.9568,0.2828
28.561000,8.9664,0.2827
28.562000,8.9736,0.2827
28.563000,8.9784,0.2827
28.564000,8.9808,0.2827
28.565000,8.9808,0.2827
28.566000,8.9783,0.2827
28.567000,8.9734,0.2827
28.568000,8.9661,0.2827
28.569000,8.9565,0.2826
28.570000,8.9444,0.2826
28.571000,8.9331,0.2826
28.572000,8.9194,0.2825
28.573000,8.9033,0.2825
28.574000,8.8855,0.2824
28.575000,8.8669,0.2824
28.575000,8.6511,0.2777
28.576000,8.6338,0.2777
28.577000,8.6176,0.2776
28.578000,8.6031,0.2776
28.579000,8.5909,0.2776
28.580000,8.5815,0.2776
28.581000,8.5278,0.2775
28.582000,8.4776,0.2775
28.583000,8.4310,0.2775
28.584000,8.3884,0.2774
28.585000,8.3497,0.2774
28.586000,8.3153,0.2773
28.587000,8.2852,0.2773
28.588000,8.2595,0.2773
28.588000,8.2085,0.2704
28.589000,8.1870,0.2704
28.590000,8.1699,0.2703
28.591000,8.0998,0.2703
28.592000,8.0347,0.2703
28.593000,7.9749,0.2703
28.594000,7.9205,0.2702
28.595000,7.8718,0.2702
28.596000,7.8290,0.2701
28.597000,7.7920,0.2701
28.598000,7.7611,0.2701
28.599000,7.7364,0.2700
28.600000,7.7178,0.2700
28.600000,8.0527,0.2689
28.601000,7.9912,0.2689
28.603000,7.8872,0.2688
28.604000,7.8447,0.2688
28.619000,7.3982,0.2683
28.620000,7.3944,0.2682
28.621000,7.3323,0.2682
28.622000,7.2766,0.2682
28.623000,7.2275,0.2682
28.624000,7.1849,0.2681
28.625000,7.1487,0.2681
28.626000,7.1191,0.2681
28.627000,7.0960,0.2681
28.628000,7.0794,0.2680
28.629000,7.0693,0.2680
28.630000,7.0656,0.2679
28.631000,7.0039,0.2679
28.632000,6.9487,0.2678
28.633000,6.8999,0.2678
28.634000,6.8577,0.2677
28.635000,6.8219,0.2677
28.636000,6.7925,0.2676
28.637000,6.7697,0.2676
28.638000,6.7533,0.2675
28.639000,6.7434,0.2675
28.640000,6.7399,0.2674
28.641000,6.6786,0.2674
28.642000,6.6238,0.2673
28.643000,6.5754,0.2673
28.644000,6.5334,0.2673
28.645000,6.4979,0.2672
28.646000,6.4689,0.2672
28.647000,6.4463,0.2671
28.648000,6.4302,0.2670
28.649000,6.4205,0.2670
28.650000,6.4173,0.2669
28.651000,6.3560,0.2668
28.652000,6.3012,0.2668
28.653000,6.2528,0.2667
28.654000,6.2109,0.2667
28.655000,6.1755,0.2667
28.656000,6.1467,0.2666
28.657000,6.1242,0.2666
28.658000,6.1083,0.2665
28.659000,6.0989,0.2664
28.660000,6.0959,0.2664
28.661000,6.0352,0.2663
28.662000,5.9810,0.2663
28.663000,5.9332,0.2663
28.664000,5.8919,0.2662
28.665000,5.8571,0.2661
28.666000,5.8287,0.2660
28.667000,5.8067,0.2660
28.668000,5.7912,0.2659
28.668000,8.0104,0.2619
28.669000,8.0288,0.2618
28.670000,8.0536,0.2617
28.671000,8.0213,0.2616
28.672000,7.9953,0.2616
28.673000,7.9758,0.2615
28.674000,7.9626,0.2615
28.675000,7.9557,0.2614
28.676000,7.9553,0.2614
28.677000,7.9611,0.2613
28.678000,7.9734,0.2613
28.679000,7.9919,0.2613
28.680000,8.0168,0.2613
28.681000,7.9851,0.2612
28.682000,7.9597,0.2612
28.683000,7.9407,0.2612
28.684000,7.9279,0.2612
28.685000,7.9214,0.2612
28.686000,7.9213,0.2611
28.687000,7.9274,0.2611
28.688000,7.9398,0.2611
28.689000,7.9585,0.2610
28.690000,7.9834,0.2610
28.691000,7.9524,0.2610
28.692000,7.9276,0.2610
28.693000,7.9091,0.2610
28.694000,7.8968,0.2610
28.695000,7.8907,0.2610
28.696000,7.8909,0.2609
28.697000,7.8973,0.2609
28.698000,7.9100,0.2609
28.699000,7.9289,0.2609
28.700000,7.9539,0.2609
28.701000,7.9235,0.2608
28.702000,7.8994,0.2608
28.703000,7.8814,0.2607
28.704000,7.8696,0.2607
28.704000,7.8528,0.2509
28.705000,7.8458,0.2508
28.706000,7.8450,0.2508
28.707000,7.8504,0.2507
28.708000,7.8618,0.2506
28.709000,7.8795,0.2506
28.710000,7.9032,0.2505
28.711000,7.8721,0.2505
28.712000,7.8472,0.2504
28.713000,7.8283,0.2503
28.714000,7.8156,0.2503
28.715000,7.8089,0.2502
28.716000,7.8084,0.2502
28.717000,7.8139,0.2501
28.718000,7.8256,0.2501
28.719000,7.8433,0.2500
28.720000,7.8671,0.2500
28.721000,7.8364,0.2500
28.722000,7.8118,0.2499
28.723000,7.7933,0.2499
28.724000,7.7809,0.2498
28.725000,7.7745,0.2498
28.726000,7.7741,0.2498
28.727000,7.7798,0.2497
28.728000,7.7915,0.2497
28.728000,7.6820,0.2416
28.729000,7.6989,0.2416
28.730000,7.7217,0.2415
28.731000,7.6908,0.2415
28.768000,7.5419,0.2404
28.769000,7.5592,0.2403
28.770000,7.5823,0.2403
28.771000,7.5538,0.2403
28.772000,7.5310,0.2403
28.773000,7.5140,0.2402
28.774000,7.5028,0.2402
28.775000,7.4973,0.2402
28.776000,7.4975,0.2401
28.777000,7.5036,0.2401
28.778000,7.5153,0.2401
28.779000,7.5328,0.2400
28.780000,7.5560,0.2400
28.781000,7.5281,0.2400
28.783000,7.4895,0.2399
28.795000,7.4538,0.2396
28.799000,7.4913,0.2395
28.800000,7.5146,0.2395
28.801000,7.4880,0.2394
28.802000,7.4669,0.2394
28.803000,7.4514,0.2394
28.804000,7.4415,0.2393
28.805000,7.4372,0.2393
28.806000,7.4384,0.2392
28.807000,7.4453,0.2392
28.808000,7.4576,0.2391
28.809000,7.4755,0.2391
28.810000,7.4990,0.2390
28.811000,7.4729,0.2390
28.812000,7.4523,0.2389
28.813000,7.4373,0.2389
28.814000,7.4278,0.2389
28.815000,7.4239,0.2389
28.816000,7.4254,0.2388
28.817000,7.4324,0.2388
28.818000,7.4450,0.2388
28.819000,7.4630,0.2387
28.820000,7.4866,0.2387
28.821000,7.4611,0.2387
28.822000,7.4411,0.2386
28.823000,7.4266,0.2386
28.824000,7.4175,0.2386
28.825000,7.4139,0.2386
28.826000,7.4158,0.2385
28.827000,7.4232,0.2385
28.828000,7.4359,0.2385
28.829000,7.4541,0.2385
28.830000,7.4778,0.2385
28.831000,7.4529,0.2385
28.832000,7.4335,0.2385
28.833000,7.4195,0.2385
28.834000,7.4109,0.2384
28.835000,7.4078,0.2384
28.836000,7.4100,0.2384
28.837000,7.4176,0.2384
28.838000,7.4306,0.2383
28.839000,7.4490,0.2383
28.840000,7.4728,0.2383
28.841000,7.4485,0.2382
28.842000,7.4297,0.2382
28.843000,7.4161,0.2382
28.844000,7.4080,0.2381
28.845000,7.4052,0.2381
28.846000,7.4077,0.2380
28.847000,7.4156,0.2380
28.848000,7.4288,0.2380
28.848000,7.1361,0.2268
28.848000,7.1793,0.2144
28.849000,7.1950,0.2144
28.850000,7.2159,0.2143
28.851000,7.1905,0.2143
28.852000,7.1703,0.2143
28.853000,7.1552,0.2142
28.854000,7.1454,0.2142
28.855000,7.1407,0.2142
28.856000,7.1412,0.2141
28.857000,7.1469,0.2141
28.858000,7.1577,0.2141
28.859000,7.1736,0.2141
28.860000,7.1946,0.2141
28.861000,7.1699,0.2140
28.862000,7.1504,0.2140
28.863000,7.1360,0.2139
28.864000,7.1267,0.2139
28.865000,7.1225,0.2138
28.866000,7.1233,0.2138
28.867000,7.1293,0.2138
28.868000,7.1403,0.2137
28.869000,7.1564,0.2137
28.873000,7.1207,0.2136
28.875000,7.1080,0.2135
28.878000,7.1267,0.2134
28.880000,6.6919,0.2156
28.880000,6.5342,0.2139
28.881000,6.5082,0.2139
28.882000,6.4873,0.2139
28.883000,6.4715,0.2138
28.884000,6.4606,0.2138
28.885000,6.4548,0.2138
28.886000,6.4541,0.2137
28.887000,6.4583,0.2137
28.888000,6.4676,0.2136
28.889000,6.4819,0.2136
28.890000,6.5012,0.2136
28.891000,6.4758,0.2136
28.892000,6.4554,0.2136
28.893000,6.4401,0.2136
28.894000,6.4297,0.2136
28.895000,6.4243,0.2136
28.896000,6.4239,0.2136
28.897000,6.4285,0.2136
28.898000,6.4380,0.2136
28.899000,6.4524,0.2135
28.900000,6.4718,0.2135
28.901000,6.4471,0.2135
28.902000,6.4273,0.2135
28.903000,6.4124,0.2135
28.904000,6.4025,0.2135
28.905000,6.3974,0.2135
28.906000,6.3973,0.2135
28.907000,6.4021,0.2135
28.908000,6.4118,0.2135
28.909000,6.4264,0.2135
28.910000,6.4459,0.2135
28.911000,6.4217,0.2134
28.912000,6.4025,0.2134
28.913000,6.3881,0.2134
28.914000,6.3786,0.2134
28.915000,6.3740,0.2133
28.916000,6.3742,0.2133
28.917000,6.3793,0.2132
28.918000,6.3892,0.2131
28.919000,6.4040,0.2131
28.920000,6.4235,0.2130
28.921000,6.4000,0.2129
28.922000,6.3814,0.2129
28.923000,6.3676,0.2128
28.924000,6.3585,0.2128
28.925000,6.3543,0.2127
28.926000,6.3549,0.2127
28.927000,6.3603,0.2126
28.928000,6.3705,0.2126
28.929000,6.3854,0.2126
28.929000,6.2184,0.2105
28.930000,6.2367,0.2105
28.931000,6.2130,0.2105
28.932000,6.1940,0.2105
28.933000,6.1797,0.2105
28.934000,6.1701,0.2105
28.935000,6.1652,0.2104
28.936000,6.1650,0.2104
28.937000,6.1695,0.2104
28.938000,6.1787,0.2103
28.939000,6.1925,0.2103
28.940000,6.2110,0.2103
28.941000,6.1880,0.2103
28.942000,6.1696,0.2102
28.943000,6.1559,0.2102
28.944000,6.1469,0.2102
28.945000,6.1425,0.2101
28.946000,6.1427,0.2101
28.947000,6.1475,0.2100
28.948000,6.1569,0.2100
28.949000,6.1709,0.2099
28.950000,6.1895,0.2098
28.951000,6.1672,0.2098
28.952000,6.1495,0.2097
28.953000,6.1364,0.2097
28.954000,6.1278,0.2096
28.955000,6.1239,0.2095
28.956000,6.1244,0.2095
28.957000,6.1296,0.2094
28.958000,6.1392,0.2093
28.959000,6.1534,0.2093
28.960000,6.1721,0.2092
28.961000,6.1505,0.2092
28.962000,6.1335,0.2091
28.963000,6.1210,0.2091
28.964000,6.1130,0.2091
28.965000,6.1095,0.2091
28.966000,6.1105,0.2090
28.967000,6.1159,0.2090
28.968000,6.1258,0.2090
28.969000,6.1402,0.2090
28.970000,6.1590,0.2090
28.971000,6.1382,0.2090
28.972000,6.1219,0.2090
28.973000,6.1100,0.2090
28.974000,6.1026,0.2089
28.975000,6.0996,0.2089
28.976000,6.1010,0.2089
28.977000,6.1068,0.2089
28.978000,6.1169,0.2089
28.979000,6.1315,0.2089
28.980000,6.1504,0.2089
28.981000,6.1305,0.2089
28.982000,6.1149,0.2088
28.983000,6.1038,0.2088
28.984000,6.0969,0.2088
28.984000,5.8162,0.2054
28.985000,5.8124,0.2053
28.986000,5.8127,0.2053
28.987000,5.8174,0.2053
29.029000,5.8191,0.2040
29.030000,5.8370,0.2040
29.031000,5.8206,0.2039
29.032000,5.8082,0.2039
29.032000,5.6940,0.2015
29.033000,5.6845,0.2015
29.034000,5.6788,0.2014
29.035000,5.6770,0.2014
29.036000,5.6790,0.2014
29.037000,5.6849,0.2013
29.058000,5.6366,0.1968
29.059000,5.6496,0.1967
29.060000,5.6661,0.1967
29.061000,5.6633,0.1966
29.062000,5.6639,0.1965
29.063000,5.6678,0.1965
29.064000,5.6744,0.1964
29.065000,5.6833,0.1964
29.066000,5.6942,0.1964
29.067000,5.7067,0.1963
29.068000,5.7207,0.1963
29.069000,5.7359,0.1962
29.070000,5.7520,0.1962
29.071000,5.7731,0.1962
29.072000,5.7948,0.1961
29.073000,5.8170,0.1961
29.074000,5.8395,0.1961
29.075000,5.8623,0.1960
29.076000,5.8852,0.1960
29.077000,5.9079,0.1960
29.078000,5.9297,0.1959
29.079000,5.9503,0.1958
29.080000,5.9692,0.1958
29.080000,5.9666,0.1901
29.081000,6.0165,0.1900
29.081000,5.6588,0.1859
29.082000,5.6885,0.1858
29.083000,5.7157,0.1858
29.084000,5.7400,0.1858
29.085000,5.7612,0.1857
29.086000,5.7792,0.1857
29.087000,5.7937,0.1856
29.088000,5.8048,0.1856
29.089000,5.8121,0.1856
29.090000,5.8155,0.1855
29.091000,5.8608,0.1855
29.092000,5.9020,0.1854
29.093000,5.9390,0.1854
29.094000,5.9718,0.1854
29.121000,6.0150,0.1844
29.122000,6.0345,0.1844
29.123000,6.0495,0.1844
29.124000,6.0598,0.1843
29.125000,6.0655,0.1843
29.127000,6.0630,0.1843
29.128000,6.0548,0.1843
29.129000,6.0421,0.1842
29.130000,6.0249,0.1842
29.131000,6.0484,0.1842
29.132000,6.0673,0.1842
29.133000,6.0817,0.1842
29.134000,6.0916,0.1841
29.135000,6.0968,0.1841
29.136000,6.0976,0.1841
29.137000,6.0938,0.1841
29.138000,6.0854,0.1840
29.139000,6.0726,0.1840
29.140000,6.0553,0.1840
29.141000,6.0782,0.1839
29.142000,6.0966,0.1839
29.143000,6.1105,0.1838
29.144000,6.1199,0.1838
29.145000,6.1249,0.1837
29.146000,6.1253,0.1837
29.147000,6.1212,0.1836
29.148000,6.1127,0.1836
29.149000,6.0998,0.1835
29.156000,6.1484,0.1833
29.157000,6.1440,0.1832
29.160000,6.1047,0.1831
29.161000,6.1261,0.1830
29.162000,6.1432,0.1830
29.163000,6.1560,0.1830
29.164000,6.1644,0.1829
29.165000,6.1684,0.1829
29.166000,6.1681,0.1829
29.167000,6.1635,0.1828
29.168000,6.1546,0.1828
29.169000,6.1414,0.1828
29.170000,6.1239,0.1828
29.171000,6.1447,0.1828
29.172000,6.1613,0.1827
29.173000,6.1736,0.1827
29.174000,6.1816,0.1827
29.175000,6.1853,0.1826
29.176000,6.1847,0.1826
29.176000,6.3994,0.1826
29.176000,6.3060,0.1736
29.177000,6.3025,0.1736
29.178000,6.2949,0.1735
29.179000,6.2830,0.1735
29.180000,6.2669,0.1735
29.181000,6.2886,0.1735
29.182000,6.3061,0.1735
29.183000,6.3193,0.1735
29.184000,6.3284,0.1735
29.185000,6.3332,0.1734
29.186000,6.3338,0.1734
29.187000,6.3302,0.1734
29.188000,6.3224,0.1733
29.189000,6.3105,0.1733
29.190000,6.2944,0.1732
29.191000,6.3156,0.1732
29.192000,6.3326,0.1731
29.193000,6.3455,0.1731
29.194000,6.3541,0.1730
29.197000,6.3552,0.1728
29.198000,6.3473,0.1728
29.200000,6.3191,0.1727
29.204000,6.3771,0.1724
29.205000,6.3813,0.1724
29.218000,6.3635,0.1643
29.221000,6.1020,0.1595
29.222000,6.1181,0.1595
29.223000,6.1301,0.1595
29.224000,6.1381,0.1595
29.225000,6.1421,0.1595
29.226000,6.1420,0.1594
29.227000,6.1379,0.1594
29.243000,6.1634,0.1588
29.244000,6.1707,0.1588
29.244000,6.5297,0.1641
29.245000,6.5341,0.1641
29.246000,6.5346,0.1641
29.247000,6.5313,0.1641
29.248000,6.5242,0.1641
29.249000,6.5132,0.1641
29.262000,6.5553,0.1638
29.263000,6.5668,0.1638
29.264000,6.5745,0.1638
29.265000,6.5784,0.1638
29.266000,6.5786,0.1638
29.266000,6.4499,0.1542
29.267000,6.4462,0.1542
29.268000,6.4385,0.1542
29.269000,6.4270,0.1542
29.270000,6.4117,0.1542
29.271000,6.4309,0.1542
29.272000,6.4463,0.1541
29.273000,6.4579,0.1541
29.274000,6.4655,0.1541
29.275000,6.4693,0.1541
29.290000,6.4469,0.1538
29.296000,6.4996,0.1535
29.297000,6.4953,0.1534
29.332000,6.2638,0.1427
29.333000,6.2731,0.1426
29.334000,6.2789,0.1426
29.335000,6.2809,0.1425
29.336000,6.2794,0.1425
29.337000,6.2742,0.1424
29.338000,6.2654,0.1423
29.339000,6.2530,0.1423
29.340000,6.2370,0.1422
29.341000,6.2532,0.1421
29.342000,6.2657,0.1421
29.343000,6.2747,0.1420
29.344000,6.2801,0.1420
29.345000,6.2819,0.1419
29.346000,6.2800,0.1418
29.347000,6.2746,0.1418
29.348000,6.2657,0.1417
29.349000,6.2532,0.1417
29.350000,6.2371,0.1416
29.351000,6.2527,0.1416
29.352000,6.2648,0.1415
29.353000,6.2734,0.1415
29.354000,6.2784,0.1414
29.355000,6.2798,0.1414
29.356000,6.2777,0.1414
29.357000,6.2721,0.1413
29.358000,6.2630,0.1413
29.359000,6.2504,0.1412
29.360000,6.2342,0.1412
29.361000,6.2494,0.1411
29.362000,6.2611,0.1410
29.363000,6.2692,0.1410
29.364000,6.2739,0.1409
29.365000,6.2750,0.1409
29.366000,6.2727,0.1409
29.366000,6.1172,0.1313
29.367000,6.1119,0.1313
29.368000,6.1030,0.1313
29.369000,6.0907,0.1312
29.370000,6.0749,0.1312
29.371000,6.0903,0.1312
29.372000,6.1023,0.1312
29.373000,6.1108,0.1312
29.374000,6.1157,0.1312
29.375000,6.1172,0.1311
29.376000,6.1152,0.1311
29.377000,6.1097,0.1310
29.378000,6.1008,0.1310
29.379000,6.0884,0.1309
29.383000,5.9374,0.1214
29.384000,5.9423,0.1214
29.385000,5.9437,0.1214
29.386000,5.9416,0.1213
29.387000,5.9359,0.1213
29.388000,5.9267,0.1212
29.403000,5.9663,0.1194
29.404000,5.9711,0.1193
29.405000,5.9724,0.1193
29.406000,5.9703,0.1192
29.407000,5.9646,0.1192
29.408000,5.9555,0.1192
29.409000,5.9428,0.1192
29.410000,5.9268,0.1191
29.411000,5.9416,0.1191
29.412000,5.9530,0.1191
29.413000,5.9610,0.1190
29.414000,5.9654,0.1190
29.415000,5.9665,0.1189
29.416000,5.9641,0.1189
29.416000,6.0728,0.1169
29.417000,6.0675,0.1168
29.418000,6.0587,0.1168
29.419000,6.0466,0.1168
29.420000,6.0310,0.1168
29.421000,6.0460,0.1168
29.422000,6.0576,0.1167
29.423000,6.0657,0.1167
29.424000,6.0705,0.1167
29.425000,6.0718,0.1167
29.426000,6.0697,0.1167
29.427000,6.0643,0.1166
29.428000,6.0554,0.1166
29.429000,6.0431,0.1165
29.430000,6.0275,0.1165
29.431000,6.0420,0.1164
29.432000,6.0532,0.1164
29.433000,6.0611,0.1164
29.434000,6.0655,0.1163
29.435000,6.0666,0.1163
29.436000,6.0644,0.1162
29.437000,6.0588,0.1162
29.438000,6.0498,0.1161
29.439000,6.0375,0.1160
29.440000,6.0219,0.1160
29.441000,6.0360,0.1159
29.442000,6.0469,0.1158
29.443000,6.0544,0.1157
29.444000,6.0586,0.1156
29.445000,6.0594,0.1155
29.446000,6.0569,0.1155
29.484000,5.6346,0.1023
29.485000,5.6349,0.1022
29.486000,5.6320,0.1022
29.487000,5.6258,0.1022
29.488000,5.6164,0.1022
29.489000,5.6037,0.1021
29.490000,5.5879,0.1021
29.491000,5.6009,0.1020
29.492000,5.6108,0.1020
29.493000,5.6174,0.1019
29.494000,5.6208,0.1019
29.495000,5.6209,0.1018
29.496000,5.6179,0.1018
29.497000,5.6116,0.1018
29.499000,5.5894,0.1017
29.529000,5.7403,0.0985
29.530000,5.7252,0.0985
29.531000,5.7372,0.0985
29.532000,5.7462,0.0985
29.533000,5.7522,0.0985
29.534000,5.7551,0.0985
29.535000,5.7550,0.0985
29.535000,5.6435,0.0953
29.536000,5.6410,0.0953
29.537000,5.6354,0.0953
29.538000,5.6269,0.0953
29.539000,5.6153,0.0953
29.540000,5.6008,0.0953
29.541000,5.6128,0.0952
29.542000,5.6219,0.0952
29.543000,5.6280,0.0952
29.544000,5.6311,0.0952
29.545000,5.6312,0.0952
29.546000,5.6284,0.0951
29.547000,5.6226,0.0951
29.548000,5.6138,0.0951
29.549000,5.6021,0.0950
29.550000,5.5875,0.0950
29.551000,5.5991,0.0950
29.552000,5.6077,0.0950
29.553000,5.6134,0.0949
29.554000,5.6162,0.0949
29.555000,5.6160,0.0949
29.556000,5.6130,0.0949
29.557000,5.6069,0.0948
29.558000,5.5980,0.0948
29.559000,5.5862,0.0948
29.560000,5.5714,0.0948
29.561000,5.5826,0.0947
29.562000,5.5909,0.0947
29.563000,5.5963,0.0947
29.564000,5.5988,0.0947
29.565000,5.5984,0.0947
29.566000,5.5951,0.0947
29.567000,5.5889,0.0947
29.568000,5.5799,0.0946
29.581000,5.3780,0.0885
29.582000,5.3863,0.0885
29.583000,5.3918,0.0885
29.584000,5.3945,0.0884
29.585000,5.3943,0.0884
29.605000,5.2215,0.0878
29.606000,5.2051,0.0878
29.607000,5.1886,0.0878
29.608000,5.1722,0.0878
29.609000,5.1560,0.0877
29.610000,5.1399,0.0877
29.611000,5.1197,0.0877
29.612000,5.0999,0.0876
29.613000,5.0802,0.0876
29.614000,5.0609,0.0875
29.615000,5.0418,0.0875
29.616000,5.0231,0.0875
29.617000,5.0048,0.0875
29.618000,4.9869,0.0874
29.619000,4.9695,0.0874
29.620000,4.9526,0.0874
29.621000,4.9299,0.0873
29.622000,4.9078,0.0873
29.623000,4.8862,0.0873
29.650000,4.3052,0.0862
29.651000,4.2753,0.0861
29.652000,4.2468,0.0861
29.654000,4.1940,0.0860
29.655000,4.1697,0.0860
29.656000,4.1468,0.0860
29.657000,4.1254,0.0860
29.658000,4.1055,0.0860
29.659000,4.0871,0.0859
29.660000,4.0701,0.0859
29.661000,4.0319,0.0859
29.662000,3.9953,0.0859
29.662000,5.1222,0.0839
29.689000,4.7406,0.0797
29.690000,4.7407,0.0796
29.691000,4.6909,0.0796
29.692000,4.6467,0.0795
29.693000,4.6079,0.0795
29.694000,4.5747,0.0794
29.695000,4.5468,0.0794
29.696000,4.5245,0.0793
29.696000,4.8422,0.0728
29.697000,4.8387,0.0727
29.698000,4.8406,0.0726
29.699000,4.8480,0.0726
29.700000,4.8608,0.0725
29.701000,4.8245,0.0724
29.705000,4.7342,0.0722
29.707000,4.7217,0.0721
29.708000,4.7235,0.0720
29.709000,4.7307,0.0719
29.723000,4.6340,0.0728
29.724000,4.6210,0.0728
29.725000,4.6135,0.0728
29.726000,4.6114,0.0727
29.727000,4.6146,0.0727
29.728000,4.6232,0.0726
29.729000,4.6372,0.0726
29.730000,4.6565,0.0725
29.731000,4.6282,0.0724
29.732000,4.6052,0.0724
29.733000,4.5877,0.0723
29.734000,4.5754,0.0723
29.735000,4.5685,0.0722
29.736000,4.5669,0.0722
29.736000,4.6385,0.0702
29.737000,4.6417,0.0702
29.746000,4.5999,0.0698
29.747000,4.6039,0.0698
29.754000,4.5745,0.0696
29.755000,4.5691,0.0696
29.756000,4.5686,0.0695
29.757000,4.5730,0.0695
29.758000,4.5822,0.0695
29.759000,4.5963,0.0695
29.760000,4.6153,0.0695
29.761000,4.5910,0.0694
29.762000,4.5716,0.0694
29.763000,4.5571,0.0694
29.764000,4.5474,0.0693
29.765000,4.5426,0.0693
29.766000,4.5425,0.0692
29.766000,4.7965,0.0591
29.767000,4.8000,0.0591
29.768000,4.8082,0.0591
29.769000,4.8210,0.0590
29.770000,4.8386,0.0590
29.771000,4.8145,0.0590
29.772000,4.7951,0.0589
29.773000,4.7804,0.0589
29.774000,4.7704,0.0589
29.775000,4.7650,0.0588
29.776000,4.7642,0.0588
29.777000,4.7680,0.0587
29.778000,4.7764,0.0587
29.779000,4.7893,0.0586
29.780000,4.8069,0.0586
29.781000,4.7837,0.0585
29.782000,4.7651,0.0584
29.783000,4.7511,0.0584
29.784000,4.7417,0.0583
29.785000,4.7368,0.0583
29.786000,4.7364,0.0582
29.787000,4.7405,0.0582
29.788000,4.7491,0.0582
29.789000,4.7621,0.0581
29.790000,4.7797,0.0581
29.791000,4.7575,0.0581
29.792000,4.7399,0.0580
29.793000,4.7268,0.0580
29.794000,4.7181,0.0579
29.795000,4.7138,0.0579
29.796000,4.7139,0.0579
29.797000,4.7183,0.0578
29.797000,4.7169,0.0532
29.798000,4.7248,0.0532
29.799000,4.7371,0.0532
29.800000,4.7536,0.0532
29.801000,4.7318,0.0531
29.802000,4.7145,0.0531
29.803000,4.7014,0.0531
29.804000,4.6926,0.0531
29.804000,4.6936,0.0523
29.805000,4.6882,0.0523
29.806000,4.6870,0.0523
29.807000,4.6900,0.0522
29.808000,4.6973,0.0522
29.809000,4.7089,0.0522
29.810000,4.7247,0.0522
29.811000,4.7026,0.0522
29.812000,4.6849,0.0522
29.813000,4.6714,0.0521
29.814000,4.6621,0.0521
29.815000,4.6571,0.0521
29.816000,4.6562,0.0520
29.817000,4.6595,0.0520
29.818000,4.6670,0.0520
29.819000,4.6786,0.0519
29.820000,4.6944,0.0519
29.890000,4.5787,0.0487
29.904000,4.5341,0.0479
29.905000,4.5323,0.0478
29.906000,4.5340,0.0478
29.907000,4.5391,0.0477
29.908000,4.5475,0.0477
29.909000,4.5594,0.0476
29.910000,4.5746,0.0476
29.911000,4.5596,0.0476
29.912000,4.5480,0.0476
29.913000,4.5399,0.0475
29.914000,4.5351,0.0475
29.915000,4.5337,0.0475
29.916000,4.5356,0.0474
29.917000,4.5408,0.0474
29.918000,4.5493,0.0474
29.919000,4.5612,0.0473
29.920000,4.5764,0.0473
29.921000,4.5619,0.0472
29.922000,4.5507,0.0472
29.929000,4.5651,0.0469
29.930000,4.5802,0.0468
29.931000,4.5663,0.0468
29.954000,4.3288,0.0401
29.979000,4.1311,0.0379
29.980000,4.1421,0.0379
29.981000,4.1293,0.0378
29.982000,4.1193,0.0378
29.983000,4.1121,0.0377
30.003000,3.7322,0.0350
30.004000,3.7257,0.0350
30.005000,3.7221,0.0349
30.006000,3.7214,0.0349
30.007000,3.7235,0.0348
30.008000,3.7284,0.0348
30.031000,3.6981,0.0342
30.032000,3.6878,0.0342
30.033000,3.6801,0.0341
30.034000,3.6750,0.0341
30.035000,3.6726,0.0341
30.036000,3.6727,0.0341
30.037000,3.6753,0.0341
30.038000,3.6805,0.0341
30.039000,3.6882,0.0340
30.040000,3.6985,0.0340
30.041000,3.6860,0.0340
30.042000,3.6762,0.0340
30.043000,3.6690,0.0339
30.044000,3.6642,0.0339
30.045000,3.6620,0.0338
30.046000,3.6623,0.0338
30.047000,3.6650,0.0338
30.048000,3.6702,0.0337
30.049000,3.6778,0.0337
30.050000,3.6879,0.0337
30.051000,3.6760,0.0336
30.052000,3.6667,0.0336
30.053000,3.6598,0.0335
30.054000,3.6555,0.0335
30.069000,3.6630,0.0330
30.091000,3.6935,0.0226
30.092000,3.6919,0.0225
30.093000,3.6919,0.0225
30.094000,3.6933,0.0224
30.095000,3.6963,0.0223
30.096000,3.7007,0.0223
30.124000,3.8483,0.0217
30.125000,3.8534,0.0216
30.126000,3.8596,0.0216
30.127000,3.8669,0.0216
30.128000,3.8753,0.0216
30.129000,3.8848,0.0216
30.130000,3.8954,0.0215
30.131000,3.8963,0.0215
30.132000,3.8983,0.0214
30.133000,3.9013,0.0214
30.134000,3.9055,0.0214
30.142000,3.9636,0.0211
30.143000,3.9701,0.0211
30.144000,3.9775,0.0211
30.145000,3.9856,0.0210
30.146000,3.9943,0.0210
30.147000,4.0037,0.0210
30.148000,4.0136,0.0209
30.149000,4.0241,0.0209
30.150000,4.0350,0.0208
30.151000,4.0437,0.0208
30.152000,4.0528,0.0208
30.153000,4.0623,0.0207
30.154000,4.0722,0.0207
30.155000,4.0824,0.0207
30.156000,4.0931,0.0207
30.157000,4.1041,0.0206
30.158000,4.1154,0.0206
30.159000,4.1271,0.0205
30.160000,4.1392,0.0205
30.161000,4.1498,0.0205
30.162000,4.1607,0.0205
30.163000,4.1719,0.0204
30.164000,4.1834,0.0204
30.179000,4.1047,0.0211
30.183000,4.1235,0.0210
30.184000,4.1282,0.0209
30.187000,4.1424,0.0208
30.188000,4.1472,0.0207
30.189000,4.1519,0.0207
30.190000,4.1568,0.0206
30.190000,3.9976,0.0154
30.191000,3.9988,0.0153
30.192000,4.0001,0.0152
30.193000,4.0013,0.0152
30.202000,4.0133,0.0148
30.202000,3.7185,0.0082
30.203000,3.7176,0.0081
30.204000,3.7167,0.0081
30.205000,3.7159,0.0081
30.206000,3.7151,0.0080
30.207000,3.7143,0.0080
30.208000,3.7136,0.0079
30.209000,3.7128,0.0079
30.210000,3.7121,0.0078
30.211000,3.7112,0.0077
30.212000,3.7104,0.0077
30.213000,3.7096,0.0076
30.214000,3.7088,0.0076
30.215000,3.7080,0.0075
30.216000,3.7072,0.0075
30.217000,3.7065,0.0075
30.218000,3.7058,0.0074
30.219000,3.7051,0.0074
30.220000,3.7044,0.0074
30.221000,3.7055,0.0073
30.222000,3.7067,0.0073
30.223000,3.7079,0.0073
30.224000,3.7091,0.0072
30.225000,3.7103,0.0072
30.226000,3.7116,0.0072
30.227000,3.7129,0.0071
30.228000,3.7139,0.0071
30.229000,3.7141,0.0070
30.230000,3.7131,0.0070
30.231000,3.7372,0.0070
30.232000,3.7597,0.0069
30.233000,3.7801,0.0069
30.234000,3.7984,0.0068
30.234000,4.1417,0.0119
30.235000,4.1581,0.0118
30.236000,4.1717,0.0118
30.237000,4.1825,0.0118
30.238000,4.1902,0.0117
30.239000,4.1949,0.0117
30.240000,4.1964,0.0117
30.241000,4.2302,0.0116
30.242000,4.2610,0.0116
30.243000,4.2886,0.0116
30.244000,4.3130,0.0115
30.245000,4.3340,0.0115
30.246000,4.3515,0.0115
30.247000,4.3655,0.0114
30.248000,4.3759,0.0114
30.249000,4.3827,0.0114
30.250000,4.3858,0.0113
30.251000,4.4224,0.0113
30.252000,4.4555,0.0113
30.252000,3.9777,0.0062
30.253000,3.9868,0.0061
30.254000,3.9928,0.0061
30.255000,3.9955,0.0061
30.256000,3.9950,0.0060
30.257000,3.9912,0.0060
30.258000,3.9843,0.0059
30.259000,3.9743,0.0059
30.260000,3.9611,0.0058
30.261000,3.9763,0.0058
30.262000,3.9885,0.0057
30.263000,3.9975,0.0057
30.264000,4.0033,0.0056
30.265000,4.0059,0.0056
30.266000,4.0053,0.0055
30.267000,4.0015,0.0055
30.268000,3.9945,0.0054
30.269000,3.9844,0.0054
30.270000,3.9712,0.0054
30.271000,3.9861,0.0054
30.272000,3.9980,0.0053
30.273000,4.0067,0.0052
30.274000,4.0123,0.0052
30.275000,4.0147,0.0051
30.276000,4.0139,0.0050
30.277000,4.0100,0.0050
30.278000,4.0030,0.0049
30.279000,3.9929,0.0049
30.280000,3.9797,0.0048
30.281000,3.9943,0.0048
30.282000,4.0058,0.0048
30.283000,4.0142,0.0048
30.284000,4.0195,0.0047
30.285000,4.0218,0.0047
30.286000,4.0208,0.0046
30.287000,4.0168,0.0046
30.288000,4.0097,0.0045
30.289000,3.9996,0.0045
30.290000,3.9865,0.0044
30.291000,4.0006,0.0044
30.292000,4.0117,0.0043
30.303000,3.7300,0.0072
30.304000,3.7348,0.0072
30.305000,3.7364,0.0073
30.306000,3.7348,0.0074
30.307000,3.7299,0.0075
30.308000,3.7218,0.0075
30.309000,3.7105,0.0076
30.310000,3.6961,0.0077
30.311000,3.7101,0.0077
30.312000,3.7209,0.0077
30.313000,3.7286,0.0078
30.314000,3.7331,0.0078
30.315000,3.7344,0.0079
30.332000,3.7124,0.0081
30.333000,3.7194,0.0081
30.334000,3.7234,0.0081
30.335000,3.7243,0.0081
30.336000,3.7220,0.0081
30.337000,3.7167,0.0081
30.338000,3.7084,0.0082
30.339000,3.6971,0.0082
30.340000,3.6828,0.0083
30.341000,3.6955,0.0083
30.342000,3.7053,0.0083
30.343000,3.7120,0.0083
30.344000,3.7158,0.0083
30.345000,3.7165,0.0084
30.346000,3.7141,0.0084
30.347000,3.7087,0.0084
30.348000,3.7004,0.0084
30.389000,3.9560,0.0076
30.406000,3.9791,0.0082
30.417000,3.9730,0.0085
30.418000,3.9657,0.0085
30.419000,3.9556,0.0086
30.420000,3.9427,0.0086
30.421000,3.9550,0.0086
30.422000,3.9645,0.0087
30.423000,3.9712,0.0087
30.424000,3.9751,0.0088
30.425000,3.9762,0.0089
30.426000,3.9744,0.0089
30.427000,3.9699,0.0090
30.428000,3.9625,0.0091
30.429000,3.9524,0.0092
30.430000,3.9396,0.0092
30.431000,3.9516,0.0093
30.432000,3.9608,0.0094
30.433000,3.9673,0.0095
30.434000,3.9710,0.0095
30.435000,3.9719,0.0096
30.468000,3.9051,0.0158
30.469000,3.8944,0.0158
30.470000,3.8809,0.0158
30.471000,3.8926,0.0159
30.472000,3.9015,0.0159
30.473000,3.9076,0.0159
30.474000,3.9108,0.0160
30.475000,3.9113,0.0160
30.477000,3.9037,0.0160
30.478000,3.8958,0.0161
30.479000,3.8850,0.0161
30.480000,3.8716,0.0162
30.481000,3.8830,0.0162
30.482000,3.8917,0.0162
30.483000,3.8976,0.0163
30.484000,3.9008,0.0163
30.485000,3.9011,0.0163
30.486000,3.8987,0.0164
30.487000,3.8935,0.0164
30.488000,3.8856,0.0164
30.489000,3.8750,0.0165
30.490000,3.8616,0.0165
30.491000,3.8727,0.0165
30.492000,3.8811,0.0165
30.493000,3.8867,0.0166
30.494000,3.8896,0.0166
30.495000,3.8898,0.0167
30.496000,3.8873,0.0167
30.497000,3.8820,0.0167
30.498000,3.8740,0.0167
30.499000,3.8634,0.0167
30.500000,3.8501,0.0168
30.501000,3.8606,0.0168
30.502000,3.8685,0.0168
30.503000,3.8737,0.0168
30.504000,3.8762,0.0169
30.505000,3.8760,0.0169
30.506000,3.8732,0.0169
30.507000,3.8678,0.0169
30.508000,3.8597,0.0169
30.509000,3.8490,0.0169
30.510000,3.8358,0.0170
30.511000,3.8458,0.0170
30.512000,3.8533,0.0170
30.513000,3.8581,0.0170
30.514000,3.8603,0.0171
30.515000,3.8600,0.0171
30.516000,3.8570,0.0172
30.517000,3.8515,0.0172
30.518000,3.8434,0.0172
30.519000,3.8327,0.0173
30.520000,3.8196,0.0173
30.521000,3.8291,0.0174
30.522000,3.8362,0.0174
30.523000,3.8407,0.0175
30.524000,3.8426,0.0175
30.525000,3.8420,0.0176
30.526000,3.8389,0.0176
30.526000,4.1396,0.0186
30.526000,4.5334,0.0199
30.527000,4.5294,0.0200
30.528000,4.5224,0.0200
30.529000,4.5123,0.0201
30.530000,4.4991,0.0201
30.531000,4.5089,0.0202
30.532000,4.5156,0.0202
30.533000,4.5192,0.0203
30.534000,4.5199,0.0203
30.534000,4.3581,0.0251
30.535000,4.3559,0.0251
30.536000,4.3509,0.0252
30.537000,4.3434,0.0252
30.538000,4.3339,0.0253
30.539000,4.3227,0.0254
30.540000,4.3101,0.0254
30.541000,4.3004,0.0255
30.542000,4.2898,0.0256
30.543000,4.2782,0.0256
30.544000,4.2659,0.0257
30.545000,4.2530,0.0257
30.546000,4.2396,0.0258
30.549000,4.1968,0.0260
30.550000,4.1819,0.0261
30.552000,4.1531,0.0263
30.553000,4.1384,0.0263
30.554000,4.1236,0.0264
30.555000,4.1086,0.0265
30.556000,4.0936,0.0266
30.557000,4.0784,0.0266
30.558000,4.0633,0.0267
30.559000,4.0481,0.0268
30.560000,4.0329,0.0268
30.561000,4.0169,0.0269
30.562000,4.0009,0.0269
30.563000,3.9848,0.0270
30.564000,3.9689,0.0270
30.565000,3.9529,0.0271
30.566000,3.9371,0.0271
30.567000,3.9212,0.0271
30.568000,3.9055,0.0272
30.569000,3.8900,0.0272
30.570000,3.8753,0.0273
30.571000,3.8418,0.0273
30.572000,3.8100,0.0274
30.573000,3.7799,0.0274
30.574000,3.7519,0.0274
30.575000,3.7259,0.0275
30.576000,3.7021,0.0275
30.577000,3.6806,0.0276
30.578000,3.6613,0.0276
30.579000,3.6444,0.0277
30.580000,3.6299,0.0277
30.581000,3.5924,0.0277
30.582000,3.5577,0.0278
30.583000,3.5258,0.0278
30.584000,3.4966,0.0279
30.585000,3.4701,0.0279
30.586000,3.4462,0.0280
30.587000,3.4249,0.0280
30.588000,3.4060,0.0281
30.589000,3.3896,0.0281
30.590000,3.3757,0.0282
30.591000,3.3366,0.0282
30.592000,3.3011,0.0283
30.593000,3.2690,0.0283
30.594000,3.2402,0.0284
30.595000,3.2146,0.0284
30.596000,3.1922,0.0285
30.597000,3.1727,0.0285
30.598000,3.1560,0.0286
30.599000,3.1421,0.0286
30.600000,3.1309,0.0287
30.601000,3.0983,0.0287
30.602000,3.0695,0.0288
30.603000,3.0441,0.0288
30.604000,3.0219,0.0288
30.605000,3.0026,0.0288
30.606000,2.9860,0.0289
30.607000,2.9720,0.0289
30.608000,2.9602,0.0289
30.609000,2.9506,0.0289
30.610000,2.9430,0.0290
30.611000,2.9215,0.0290
30.696000,4.0816,0.0327
30.697000,4.0854,0.0328
30.698000,4.0926,0.0328
30.699000,4.1034,0.0329
30.700000,4.1176,0.0329
30.701000,4.1006,0.0330
30.702000,4.0871,0.0331
30.703000,4.0771,0.0331
30.704000,4.0705,0.0332
30.705000,4.0675,0.0333
30.706000,4.0678,0.0333
30.707000,4.0716,0.0334
30.708000,4.0788,0.0334
30.709000,4.0895,0.0335
30.710000,4.1037,0.0335
30.711000,4.0871,0.0335
30.712000,4.0739,0.0336
30.713000,4.0642,0.0336
30.714000,4.0580,0.0336
30.715000,4.0551,0.0337
30.716000,4.0557,0.0337
30.717000,4.0596,0.0338
30.718000,4.0670,0.0338
30.719000,4.0777,0.0338
30.720000,4.0919,0.0339
30.721000,4.0758,0.0339
30.722000,4.0632,0.0340
30.723000,4.0540,0.0340
30.724000,4.0481,0.0341
30.725000,4.0456,0.0341
30.726000,4.0464,0.0341
30.727000,4.0505,0.0342
30.728000,4.0579,0.0342
30.729000,4.0687,0.0343
30.730000,4.0828,0.0343
30.731000,4.0673,0.0343
30.732000,4.0551,0.0344
30.740000,4.0944,0.0367
30.741000,4.0790,0.0367
30.742000,4.0669,0.0367
30.743000,4.0582,0.0367
30.743000,3.8114,0.0397
30.744000,3.8048,0.0397
30.745000,3.8012,0.0397
30.746000,3.8006,0.0397
30.747000,3.8031,0.0398
30.748000,3.8087,0.0398
30.767000,3.7657,0.0405
30.768000,3.7714,0.0405
30.769000,3.7800,0.0406
30.770000,3.7916,0.0406
30.771000,3.7767,0.0406
30.772000,3.7649,0.0406
30.773000,3.7560,0.0406
30.774000,3.7500,0.0407
30.792000,3.7347,0.0412
30.793000,3.7263,0.0413
30.794000,3.7208,0.0413
30.799000,3.7352,0.0416
30.814000,3.6974,0.0421
30.815000,3.6950,0.0422
30.816000,3.6953,0.0422
30.816000,3.8395,0.0447
30.817000,3.8421,0.0447
30.818000,3.8476,0.0447
30.819000,3.8561,0.0448
30.849000,3.9688,0.0514
30.850000,3.9845,0.0514
30.851000,3.9999,0.0514
30.852000,4.0155,0.0515
30.853000,4.0313,0.0515
30.854000,4.0473,0.0516
30.855000,4.0634,0.0516
30.856000,4.0797,0.0517
30.857000,4.0961,0.0517
30.863000,4.0991,0.0506
30.864000,4.0990,0.0507
30.865000,4.0989,0.0507
30.866000,4.0989,0.0507
30.867000,4.0989,0.0508
30.868000,4.0989,0.0508
30.869000,4.0991,0.0509
30.870000,4.0993,0.0509
30.871000,4.0990,0.0510
30.872000,4.0988,0.0510
30.878000,4.0987,0.0512
30.887000,4.1253,0.0516
30.889000,4.1294,0.0517
30.890000,4.1289,0.0518
30.891000,4.1592,0.0518
30.892000,4.1873,0.0518
30.893000,4.2127,0.0518
30.894000,4.2353,0.0518
30.904000,4.4231,0.0543
30.905000,4.4468,0.0544
30.906000,4.4666,0.0544
30.907000,4.4825,0.0544
30.908000,4.4943,0.0545
30.909000,4.5021,0.0545
30.910000,4.5059,0.0546
30.911000,4.5472,0.0546
30.912000,4.5846,0.0546
30.912000,3.9417,0.0580
30.913000,3.9543,0.0580
30.914000,3.9630,0.0580
30.915000,3.9677,0.0580
30.916000,3.9684,0.0581
30.917000,3.9650,0.0581
30.918000,3.9576,0.0581
30.919000,3.9459,0.0581
30.920000,3.9302,0.0581
30.921000,3.9531,0.0582
30.922000,3.9719,0.0582
30.923000,3.9865,0.0583
30.924000,3.9968,0.0583
30.925000,4.0028,0.0583
30.926000,4.0045,0.0583
30.955000,4.3430,0.0576
30.956000,4.3422,0.0576
30.957000,4.3372,0.0577
30.958000,4.3280,0.0577
30.959000,4.3147,0.0578
30.960000,4.2972,0.0578
30.960000,4.0679,0.0612
30.961000,4.0883,0.0613
30.962000,4.1044,0.0613
30.963000,4.1163,0.0613
30.964000,4.1239,0.0613
30.965000,4.1273,0.0613
30.966000,4.1263,0.0614
30.967000,4.1211,0.0614
30.968000,4.1115,0.0614
30.969000,4.0977,0.0614
30.970000,4.0797,0.0615
30.971000,4.0997,0.0615
30.972000,4.1155,0.0615
30.973000,4.1271,0.0616
30.974000,4.1344,0.0616
30.975000,4.1375,0.0616
30.976000,4.1364,0.0617
30.977000,4.1310,0.0617
30.978000,4.1214,0.0618
30.979000,4.1075,0.0618
30.980000,4.0895,0.0619
30.981000,4.1091,0.0619
30.982000,4.1246,0.0620
30.983000,4.1359,0.0620
30.984000,4.1430,0.0621
30.985000,4.1459,0.0621
30.986000,4.1445,0.0621
30.987000,4.1390,0.0622
30.988000,4.1293,0.0622
30.989000,4.1154,0.0623
30.993000,4.1432,0.0625
30.996000,4.1516,0.0626
31.023000,3.8208,0.0676
31.041000,3.8073,0.0683
31.071000,3.8120,0.0692
31.072000,3.8257,0.0693
31.073000,3.8355,0.0693
31.074000,3.8412,0.0693
31.075000,3.8430,0.0693
31.076000,3.8408,0.0694
31.077000,3.8347,0.0694
31.078000,3.8245,0.0694
31.079000,3.8104,0.0694
31.080000,3.7924,0.0694
31.081000,3.8074,0.0694
31.082000,3.8184,0.0695
31.083000,3.8255,0.0695
31.084000,3.8287,0.0695
31.085000,3.8279,0.0696
31.086000,3.8233,0.0696
31.087000,3.8152,0.0697
31.088000,3.8036,0.0697
31.089000,3.7889,0.0698
31.090000,3.7712,0.0698
31.091000,3.7756,0.0699
31.092000,3.7772,0.0699
31.093000,3.7760,0.0700
31.094000,3.7722,0.0700
31.095000,3.7657,0.0701
31.096000,3.7566,0.0701
31.097000,3.7450,0.0702
31.098000,3.7309,0.0702
31.099000,3.7143,0.0703
31.100000,3.6953,0.0703
31.101000,3.6971,0.0703
31.102000,3.6965,0.0704
31.103000,3.6935,0.0704
31.104000,3.6881,0.0704
31.105000,3.6803,0.0705
31.106000,3.6702,0.0706
31.107000,3.6578,0.0706
31.108000,3.6430,0.0706
31.109000,3.6259,0.0707
31.110000,3.6065,0.0707
31.111000,3.6077,0.0707
31.112000,3.6066,0.0707
31.113000,3.6032,0.0707
31.114000,3.5974,0.0707
31.115000,3.5894,0.0707
31.116000,3.5792,0.0708
31.117000,3.5666,0.0708
31.118000,3.5518,0.0708
31.119000,3.5347,0.0708
31.119000,3.6404,0.0695
31.119000,3.6970,0.0703
31.119000,3.6396,0.0715
31.120000,3.6291,0.0715
31.121000,3.6351,0.0716
31.122000,3.6391,0.0716
31.123000,3.6411,0.0716
31.124000,3.6411,0.0717
31.125000,3.6392,0.0718
31.126000,3.6355,0.0718
31.127000,3.6300,0.0719
31.128000,3.6228,0.0719
31.129000,3.6139,0.0720
31.130000,3.6033,0.0720
31.131000,3.6064,0.0721
31.132000,3.6079,0.0721
31.133000,3.6077,0.0721
31.133000,3.5131,0.0716
31.134000,3.5143,0.0716
31.135000,3.5139,0.0716
31.136000,3.5118,0.0717
31.137000,3.5081,0.0717
31.170000,3.5780,0.0714
31.171000,3.5564,0.0714
31.172000,3.5339,0.0714
31.177000,3.4360,0.0714
31.178000,3.4233,0.0714
31.179000,3.4136,0.0714
31.180000,3.4074,0.0715
31.181000,3.3581,0.0715
31.182000,3.3127,0.0715
31.183000,3.2713,0.0715
31.184000,3.2341,0.0716
31.185000,3.2010,0.0716
31.186000,3.1722,0.0716
31.187000,3.1477,0.0716
31.188000,3.1275,0.0716
31.189000,3.1116,0.0716
31.190000,3.1001,0.0716
31.191000,3.0477,0.0717
31.192000,2.9999,0.0717
31.193000,2.9567,0.0717
31.194000,2.9180,0.0717
31.195000,2.8839,0.0717
31.196000,2.8541,0.0718
31.197000,2.8289,0.0718
31.198000,2.8080,0.0718
31.199000,2.7916,0.0718
31.200000,2.7795,0.0718
31.201000,2.7271,0.0719
31.202000,2.6792,0.0719
31.203000,2.6360,0.0719
31.204000,2.5974,0.0719
31.205000,2.5633,0.0719
31.206000,2.5338,0.0719
31.207000,2.5088,0.0719
31.208000,2.4882,0.0720
31.209000,2.4721,0.0720
31.210000,2.4603,0.0720
31.211000,2.4091,0.0720
31.212000,2.3626,0.0720
31.213000,2.3208,0.0720
31.214000,2.2836,0.0720
31.215000,2.2509,0.0720
31.216000,2.2226,0.0720
31.217000,2.1987,0.0721
31.218000,2.1790,0.0721
31.219000,2.1636,0.0721
31.220000,2.1523,0.0721
31.221000,2.1047,0.0721
31.222000,2.0617,0.0722
31.223000,2.0233,0.0722
31.224000,1.9893,0.0722
31.227000,1.9124,0.0723
31.228000,1.8946,0.0724
31.229000,1.8807,0.0724
31.230000,1.8704,0.0724
31.230000,3.2347,0.0679
31.231000,3.2085,0.0679
31.231000,3.1786,0.0687
31.232000,3.1582,0.0687
31.233000,3.1428,0.0687
31.234000,3.1321,0.0688
31.235000,3.1263,0.0688
31.236000,3.1253,0.0688
31.261000,3.0839,0.0699
31.262000,3.0648,0.0699
31.263000,3.0504,0.0699
31.264000,3.0407,0.0700
31.265000,3.0357,0.0700
31.266000,3.0353,0.0701
31.267000,3.0396,0.0701
31.268000,3.0486,0.0701
31.269000,3.0623,0.0701
31.270000,3.0807,0.0702
31.271000,3.0574,0.0702
31.272000,3.0387,0.0702
31.275000,3.0107,0.0703
31.276000,3.0106,0.0704
31.277000,3.0152,0.0704
31.278000,3.0244,0.0704
31.279000,3.0382,0.0704
31.280000,3.0567,0.0705
31.281000,3.0339,0.0705
31.282000,3.0157,0.0706
31.283000,3.0021,0.0706
31.292000,2.9953,0.0709
31.293000,2.9820,0.0709
31.294000,2.9732,0.0709
31.295000,2.9690,0.0710
31.296000,2.9693,0.0710
31.297000,2.9742,0.0710
31.298000,2.9836,0.0710
31.299000,2.9976,0.0710
31.300000,3.0161,0.0710
31.301000,2.9941,0.0710
31.302000,2.9766,0.0710
31.303000,2.9637,0.0710
31.304000,2.9553,0.0710
31.312000,2.9608,0.0714
31.313000,2.9482,0.0714
31.314000,2.9401,0.0714
31.315000,2.9364,0.0714
31.316000,2.9372,0.0715
31.317000,2.9425,0.0715
31.318000,2.9522,0.0715
31.319000,2.9664,0.0715
31.320000,2.9851,0.0715
31.321000,2.9640,0.0716
31.322000,2.9474,0.0716
31.323000,2.9352,0.0716
31.324000,2.9275,0.0716
31.324000,3.1811,0.0711
31.325000,3.1765,0.0711
31.326000,3.1764,0.0712
31.327000,3.1808,0.0712
31.328000,3.1898,0.0712
31.329000,3.2032,0.0712
31.330000,3.2212,0.0712
31.331000,3.2002,0.0712
31.332000,3.1837,0.0712
31.333000,3.1715,0.0712
31.334000,3.1637,0.0713
31.335000,3.1603,0.0713
31.336000,3.1612,0.0713
31.337000,3.1664,0.0713
31.338000,3.1759,0.0713
31.339000,3.1897,0.0713
31.340000,3.2079,0.0714
31.341000,3.1909,0.0714
31.342000,3.1782,0.0714
31.343000,3.1695,0.0715
31.378000,3.5328,0.0722
31.379000,3.5498,0.0723
31.380000,3.5674,0.0723
31.381000,3.5820,0.0723
31.382000,3.5971,0.0724
31.383000,3.6126,0.0724
31.384000,3.6285,0.0724
31.388000,3.6961,0.0725
31.389000,3.7139,0.0726
31.390000,3.7320,0.0726
31.391000,3.7478,0.0726
31.392000,3.7639,0.0727
31.393000,3.7803,0.0727
31.394000,3.7970,0.0727
31.395000,3.8140,0.0728
31.396000,3.8312,0.0728
31.397000,3.8488,0.0728
31.398000,3.8666,0.0729
31.399000,3.8847,0.0729
31.400000,3.9031,0.0729
31.401000,3.9219,0.0730
31.402000,3.9410,0.0730
31.407000,4.0398,0.0731
31.424000,4.4751,0.0733
31.424000,3.5998,0.0705
31.425000,3.6096,0.0705
31.426000,3.6179,0.0705
31.427000,3.6249,0.0705
31.428000,3.6304,0.0706
31.429000,3.6344,0.0706
31.430000,3.6371,0.0706
31.431000,3.6528,0.0706
31.432000,3.6671,0.0706
31.433000,3.6799,0.0706
31.434000,3.6913,0.0707
31.435000,3.7012,0.0707
31.436000,3.7097,0.0707
31.437000,3.7168,0.0707
31.437000,3.4734,0.0692
31.438000,3.4705,0.0692
31.439000,3.4661,0.0693
31.440000,3.4603,0.0693
31.441000,3.4696,0.0693
31.442000,3.4773,0.0694
31.443000,3.4835,0.0694
31.444000,3.4880,0.0694
31.445000,3.4909,0.0694
31.446000,3.4920,0.0695
31.447000,3.4915,0.0695
31.448000,3.4893,0.0695
31.449000,3.4853,0.0695
31.450000,3.4796,0.0695
31.451000,3.4921,0.0696
31.452000,3.5029,0.0696
31.453000,3.5119,0.0696
31.454000,3.5190,0.0696
31.455000,3.5241,0.0696
31.456000,3.5271,0.0696
31.457000,3.5280,0.0697
31.458000,3.5268,0.0697
31.459000,3.5234,0.0697
31.460000,3.5178,0.0698
31.461000,3.5334,0.0698
31.462000,3.5468,0.0698
31.463000,3.5579,0.0699
31.464000,3.5667,0.0699
31.465000,3.5732,0.0700
31.466000,3.5775,0.0700
31.467000,3.5794,0.0701
31.468000,3.5790,0.0701
31.469000,3.5763,0.0702
31.470000,3.5713,0.0702
31.471000,3.5905,0.0702
31.472000,3.6074,0.0702
31.472000,3.6600,0.0682
31.473000,3.6730,0.0682
31.474000,3.6834,0.0682
31.475000,3.6912,0.0683
31.476000,3.6963,0.0683
31.477000,3.6985,0.0683
31.477000,3.9345,0.0699
31.478000,3.9290,0.0699
31.479000,3.9205,0.0700
31.480000,3.9091,0.0700
31.481000,3.9266,0.0701
31.482000,3.9410,0.0702
31.483000,3.9524,0.0702
31.484000,3.9607,0.0703
31.485000,3.9659,0.0704
31.486000,3.9679,0.0704
31.487000,3.9668,0.0704
31.488000,3.9626,0.0704
31.489000,3.9552,0.0704
31.490000,3.9447,0.0705
31.491000,3.9652,0.0705
31.492000,3.9824,0.0705
31.493000,3.9964,0.0705
31.494000,4.0069,0.0705
31.495000,4.0141,0.0706
31.496000,4.0177,0.0706
31.497000,4.0179,0.0706
31.498000,4.0146,0.0707
31.499000,4.0078,0.0707
31.511000,4.0798,0.0713
31.512000,4.0983,0.0714
31.513000,4.1131,0.0714
31.514000,4.1244,0.0715
31.515000,4.1321,0.0715
31.516000,4.1363,0.0715
31.517000,4.1369,0.0716
31.518000,4.1340,0.0716
31.519000,4.1274,0.0716
31.520000,4.1174,0.0717
31.521000,4.1381,0.0717
31.522000,4.1554,0.0718
31.523000,4.1691,0.0718
31.524000,4.1792,0.0718
31.525000,4.1860,0.0719
31.533000,4.2149,0.0720
31.534000,4.2237,0.0721
31.535000,4.2292,0.0721
31.536000,4.2316,0.0722
31.537000,4.2309,0.0722
31.538000,4.2269,0.0723
31.539000,4.2198,0.0723
31.540000,4.2095,0.0724
31.541000,4.2273,0.0725
31.542000,4.2419,0.0725
31.543000,4.2533,0.0726
31.544000,4.2617,0.0727
31.545000,4.2669,0.0728
31.546000,4.2690,0.0728
31.547000,4.2679,0.0729
31.548000,4.2638,0.0729
31.549000,4.2565,0.0730
31.550000,4.2461,0.0730
31.551000,4.2630,0.0731
31.552000,4.2768,0.0731
31.553000,4.2875,0.0731
31.554000,4.2951,0.0732
31.555000,4.2996,0.0732
31.556000,4.3011,0.0733
31.557000,4.2996,0.0733
31.558000,4.2951,0.0733
31.559000,4.2877,0.0733
31.560000,4.2773,0.0734
31.560000,4.1611,0.0760
31.561000,4.1749,0.0760
31.562000,4.1857,0.0761
31.563000,4.1936,0.0761
31.564000,4.1987,0.0761
31.565000,4.2009,0.0762
31.566000,4.2003,0.0762
31.567000,4.1968,0.0762
31.568000,4.1905,0.0762
31.569000,4.1814,0.0762
31.570000,4.1694,0.0762
31.571000,4.1823,0.0762
31.572000,4.1924,0.0762
31.573000,4.1996,0.0762
31.574000,4.2041,0.0763
31.576000,4.2048,0.0763
31.581000,4.1852,0.0765
31.582000,4.1946,0.0765
31.583000,4.2014,0.0765
31.584000,4.2054,0.0766
31.585000,4.2067,0.0766
31.586000,4.2053,0.0766
31.587000,4.2013,0.0767
31.588000,4.1945,0.0767
31.589000,4.1851,0.0767
31.590000,4.1730,0.0768
31.591000,4.1845,0.0768
31.592000,4.1933,0.0769
31.608000,4.4402,0.0792
31.609000,4.4333,0.0792
31.610000,4.4238,0.0793
31.611000,4.4371,0.0793
31.612000,4.4478,0.0793
31.613000,4.4560,0.0793
31.614000,4.4616,0.0794
31.615000,4.4648,0.0794
31.616000,4.4654,0.0795
31.617000,4.4635,0.0795
31.618000,4.4591,0.0796
31.619000,4.4522,0.0796
31.620000,4.4428,0.0797
31.667000,4.3819,0.0811
31.668000,4.3707,0.0811
31.669000,4.3594,0.0811
31.670000,4.3482,0.0811
31.671000,4.3349,0.0811
31.691000,4.0753,0.0818
31.692000,4.0610,0.0818
31.693000,4.0470,0.0818
31.694000,4.0332,0.0818
31.695000,4.0196,0.0818
31.696000,4.0063,0.0819
31.697000,3.9933,0.0819
31.698000,3.9805,0.0819
31.699000,3.9680,0.0820
31.700000,3.9559,0.0820
31.701000,3.9407,0.0820
31.702000,3.9258,0.0820
31.703000,3.9113,0.0821
31.704000,3.8970,0.0821
31.705000,3.8830,0.0822
31.706000,3.8694,0.0822
31.707000,3.8561,0.0823
31.708000,3.8431,0.0823
31.709000,3.8304,0.0824
31.710000,3.8181,0.0824
31.711000,3.8019,0.0825
31.712000,3.7861,0.0825
31.713000,3.7707,0.0826
31.714000,3.7558,0.0826
31.715000,3.7412,0.0827
31.716000,3.7271,0.0827
31.717000,3.7134,0.0827
31.718000,3.7001,0.0827
31.719000,3.6873,0.0828
31.720000,3.6749,0.0828
31.721000,3.6583,0.0828
31.722000,3.6422,0.0828
31.723000,3.6265,0.0828
31.724000,3.6113,0.0828
31.725000,3.5965,0.0828
31.726000,3.5822,0.0828
31.727000,3.5684,0.0827
31.728000,3.5551,0.0827
31.729000,3.5422,0.0827
31.730000,3.5298,0.0827
31.731000,3.5124,0.0827
31.732000,3.4954,0.0827
31.733000,3.4789,0.0827
31.734000,3.4629,0.0828
31.735000,3.4473,0.0828
31.736000,3.4322,0.0828
31.737000,3.4176,0.0828
31.738000,3.4035,0.0828
31.739000,3.3903,0.0829
31.739000,3.0841,0.0818
31.739000,4.3323,0.0826
31.740000,4.3348,0.0826
31.741000,4.3234,0.0827
31.742000,4.3132,0.0827
31.743000,4.3043,0.0827
31.744000,4.2967,0.0827
31.745000,4.2906,0.0827
31.746000,4.2860,0.0827
31.747000,4.2829,0.0828
31.748000,4.2813,0.0828
31.749000,4.2814,0.0829
31.750000,4.2832,0.0829
31.751000,4.2677,0.0829
31.752000,4.2540,0.0829
31.753000,4.2420,0.0830
31.754000,4.2319,0.0830
31.755000,4.2237,0.0830
31.756000,4.2173,0.0831
31.757000,4.2127,0.0831
31.758000,4.2100,0.0832
31.759000,4.2093,0.0832
31.760000,4.2104,0.0832
31.761000,4.1938,0.0832
31.762000,4.1791,0.0832
31.763000,4.1664,0.0832
31.764000,4.1555,0.0833
31.765000,4.1465,0.0833
31.766000,4.1395,0.0833
31.767000,4.1344,0.0834
31.768000,4.1312,0.0834
31.769000,4.1300,0.0835
31.770000,4.1309,0.0835
31.770000,4.1862,0.0854
31.771000,4.1695,0.0854
31.772000,4.1551,0.0854
31.773000,4.1433,0.0854
31.774000,4.1339,0.0855
31.775000,4.1271,0.0855
31.776000,4.1230,0.0855
31.777000,4.1215,0.0855
31.778000,4.1227,0.0855
31.779000,4.1267,0.0855
31.780000,4.1334,0.0856
31.781000,4.1132,0.0856
31.782000,4.0958,0.0857
31.782000,3.7531,0.0863
31.783000,3.7426,0.0864
31.784000,3.7348,0.0864
31.785000,3.7299,0.0864
31.786000,3.7278,0.0864
31.787000,3.7285,0.0864
31.788000,3.7324,0.0864
31.789000,3.7394,0.0864
31.790000,3.7498,0.0864
31.791000,3.7262,0.0864
31.792000,3.7062,0.0865
31.793000,3.6897,0.0865
31.794000,3.6768,0.0865
31.795000,3.6676,0.0865
31.796000,3.6621,0.0866
31.797000,3.6603,0.0866
31.798000,3.6622,0.0866
31.799000,3.6679,0.0866
31.800000,3.6774,0.0866
31.801000,3.6507,0.0866
31.802000,3.6278,0.0866
31.803000,3.6087,0.0866
31.804000,3.5934,0.0866
31.805000,3.5819,0.0866
31.806000,3.5744,0.0866
31.807000,3.5708,0.0866
31.808000,3.5714,0.0866
31.809000,3.5763,0.0866
31.810000,3.5856,0.0866
31.811000,3.5526,0.0866
31.812000,3.5241,0.0866
31.812000,3.6003,0.0832
31.813000,3.5820,0.0832
31.814000,3.5683,0.0832
31.815000,3.5592,0.0832
31.816000,3.5547,0.0832
31.817000,3.5549,0.0832
31.818000,3.5596,0.0832
31.819000,3.5691,0.0832
31.853000,3.3033,0.0840
31.854000,3.2899,0.0840
31.855000,3.2811,0.0840
31.856000,3.2768,0.0841
31.857000,3.2771,0.0841
31.858000,3.2818,0.0842
31.859000,3.2912,0.0843
31.860000,3.3050,0.0843
31.861000,3.2785,0.0844
31.862000,3.2564,0.0844
31.863000,3.2389,0.0845
31.864000,3.2259,0.0845
31.865000,3.2175,0.0845
31.866000,3.2135,0.0846
31.867000,3.2140,0.0846
31.868000,3.2189,0.0846
31.869000,3.2284,0.0846
31.870000,3.2423,0.0847
31.871000,3.2162,0.0847
31.872000,3.1945,0.0847
31.873000,3.1773,0.0847
31.874000,3.1645,0.0848
31.875000,3.1562,0.0848
31.876000,3.1524,0.0848
31.877000,3.1530,0.0848
31.878000,3.1580,0.0849
31.879000,3.1675,0.0849
31.880000,3.1814,0.0849
31.881000,3.1557,0.0849
31.882000,3.1344,0.0850
31.883000,3.1175,0.0850
31.884000,3.1050,0.0850
31.885000,3.0969,0.0851
31.886000,3.0933,0.0851
31.887000,3.0940,0.0851
31.888000,3.0990,0.0851
31.889000,3.1085,0.0852
31.890000,3.1224,0.0852
31.891000,3.0971,0.0852
31.892000,3.0761,0.0853
31.893000,3.0595,0.0853
31.894000,3.0473,0.0853
31.895000,3.0395,0.0853
31.896000,3.0359,0.0853
31.897000,3.0368,0.0853
31.898000,3.0420,0.0854
31.899000,3.0515,0.0854
31.900000,3.0654,0.0854
31.901000,3.0405,0.0854
31.902000,3.0199,0.0855
31.903000,3.0036,0.0855
31.904000,2.9917,0.0855
31.905000,2.9841,0.0856
31.906000,2.9808,0.0856
31.907000,2.9818,0.0857
31.908000,2.9871,0.0857
31.908000,3.7234,0.0873
31.908000,3.4381,0.0839
31.909000,3.4510,0.0840
31.910000,3.4682,0.0840
31.911000,3.4464,0.0841
31.912000,3.4290,0.0841
31.913000,3.4159,0.0842
31.914000,3.4071,0.0842
31.915000,3.4027,0.0842
31.916000,3.4027,0.0843
31.917000,3.4070,0.0843
31.918000,3.4157,0.0844
31.919000,3.4286,0.0844
31.920000,3.4460,0.0845
31.921000,3.4285,0.0845
31.922000,3.4151,0.0845
31.923000,3.4058,0.0846
31.924000,3.4005,0.0846
31.961000,3.5140,0.0854
31.962000,3.5066,0.0854
31.963000,3.5024,0.0855
31.964000,3.5016,0.0855
31.965000,3.5040,0.0855
31.966000,3.5096,0.0855
31.967000,3.5185,0.0855
31.968000,3.5307,0.0856
31.969000,3.5461,0.0856
31.970000,3.5648,0.0856
31.971000,3.5547,0.0856
31.972000,3.5477,0.0857
31.973000,3.5440,0.0857
31.974000,3.5435,0.0857
31.975000,3.5463,0.0858
31.976000,3.5522,0.0858
31.977000,3.5614,0.0858
31.978000,3.5737,0.0858
31.979000,3.5893,0.0859
31.980000,3.6081,0.0859
31.981000,3.5983,0.0859
31.983000,3.5884,0.0860
31.984000,3.5882,0.0861
31.988000,3.6192,0.0862
31.997000,3.6539,0.0864
32.002000,3.6859,0.0865
32.003000,3.6830,0.0866
32.004000,3.6832,0.0866
32.005000,3.6866,0.0867
32.006000,3.6930,0.0868
32.007000,3.7027,0.0868
32.008000,3.7154,0.0868
32.009000,3.7313,0.0868
32.010000,3.7503,0.0869
32.011000,3.7543,0.0869
32.012000,3.7614,0.0869
32.013000,3.7716,0.0869
32.014000,3.7849,0.0869
32.014000,3.2066,0.0862
32.015000,3.2153,0.0862
32.016000,3.2257,0.0862
32.017000,3.2369,0.0863
32.018000,3.2483,0.0863
32.019000,3.2595,0.0864
32.020000,3.2699,0.0864
32.021000,3.3049,0.0865
32.022000,3.3385,0.0865
32.023000,3.3704,0.0866
32.024000,3.4006,0.0866
32.025000,3.4287,0.0867
32.026000,3.4546,0.0867
32.027000,3.4782,0.0868
32.028000,3.4994,0.0868
32.029000,3.5181,0.0869
32.030000,3.5343,0.0869
32.031000,3.5771,0.0870
32.032000,3.6172,0.0870
32.033000,3.6547,0.0871
32.034000,3.6894,0.0871
32.035000,3.7214,0.0872
32.036000,3.7505,0.0872
32.037000,3.7769,0.0873
32.038000,3.8004,0.0873
32.039000,3.8211,0.0874
32.040000,3.8389,0.0874
32.041000,3.8830,0.0874
32.042000,3.9243,0.0875
32.043000,3.9627,0.0875
32.044000,3.9982,0.0876
32.045000,4.0309,0.0877
32.046000,4.0606,0.0877
32.047000,4.0875,0.0878
32.048000,4.1115,0.0879
32.049000,4.1326,0.0880
32.050000,4.1508,0.0880
32.051000,4.1962,0.0881
32.052000,4.2388,0.0882
32.052000,3.3634,0.0842
32.053000,3.3724,0.0843
32.054000,3.3786,0.0843
32.055000,3.3818,0.0844
32.056000,3.3821,0.0845
32.057000,3.3795,0.0846
32.058000,3.3739,0.0846
32.059000,3.3652,0.0847
32.060000,3.3536,0.0847
32.061000,3.3696,0.0848
32.062000,3.3826,0.0848
32.063000,3.3925,0.0848
32.064000,3.3994,0.0849
32.065000,3.4033,0.0849
32.066000,3.4041,0.0849
32.067000,3.4019,0.0850
32.068000,3.3966,0.0850
32.069000,3.3883,0.0851
32.070000,3.3770,0.0851
32.071000,3.3930,0.0852
32.072000,3.4059,0.0852
32.073000,3.4159,0.0853
32.074000,3.4228,0.0853
32.075000,3.4266,0.0853
32.088000,3.4421,0.0854
32.089000,3.4337,0.0854
32.090000,3.4224,0.0855
32.091000,3.4413,0.0855
32.092000,3.4571,0.0856
32.093000,3.4700,0.0856
32.094000,3.4799,0.0856
32.095000,3.4868,0.0856
32.096000,3.4905,0.0857
32.097000,3.4907,0.0857
32.098000,3.4871,0.0857
32.099000,3.4795,0.0857
32.100000,3.4677,0.0857
32.101000,3.5008,0.0857
32.108000,3.6018,0.0860
32.126000,3.8622,0.0863
32.127000,3.8680,0.0863
32.132000,3.9221,0.0863
32.133000,3.9480,0.0863
32.134000,3.9688,0.0863
32.135000,3.9846,0.0863
32.136000,3.9954,0.0863
32.137000,4.0011,0.0863
32.138000,4.0018,0.0863
32.139000,3.9974,0.0863
32.140000,3.9880,0.0863
32.141000,4.0237,0.0863
32.142000,4.0543,0.0863
32.143000,4.0799,0.0863
32.144000,4.1005,0.0864
32.144000,3.7485,0.0861
32.145000,3.7558,0.0861
32.172000,3.8558,0.0865
32.173000,3.8719,0.0865
32.174000,3.8832,0.0865
32.174000,3.8243,0.0833
32.177000,3.8217,0.0833
32.178000,3.8118,0.0834
32.179000,3.7974,0.0834
32.180000,3.7786,0.0834
32.181000,3.7999,0.0834
32.182000,3.8167,0.0834
32.183000,3.8291,0.0835
32.184000,3.8370,0.0835
32.185000,3.8404,0.0835
32.186000,3.8393,0.0835
32.187000,3.8338,0.0836
32.188000,3.8238,0.0836
32.189000,3.8094,0.0836
32.190000,3.7905,0.0836
32.191000,3.8114,0.0836
32.192000,3.8278,0.0836
32.193000,3.8398,0.0836
32.194000,3.8473,0.0836
32.195000,3.8505,0.0836
32.196000,3.8492,0.0837
32.197000,3.8435,0.0837
32.198000,3.8334,0.0837
32.199000,3.8189,0.0837
32.200000,3.8000,0.0837
32.201000,3.8205,0.0837
32.202000,3.8366,0.0837
32.203000,3.8483,0.0837
32.204000,3.8556,0.0838
32.205000,3.8585,0.0838
32.206000,3.8571,0.0838
32.207000,3.8513,0.0838
32.208000,3.8411,0.0838
32.209000,3.8265,0.0838
32.210000,3.8077,0.0838
32.211000,3.8278,0.0838
32.212000,3.8435,0.0838
32.213000,3.8549,0.0838
32.214000,3.8620,0.0838
32.215000,3.8647,0.0838
32.216000,3.8631,0.0838
32.217000,3.8572,0.0839
32.218000,3.8470,0.0839
32.219000,3.8324,0.0839
32.220000,3.8136,0.0839
32.221000,3.8333,0.0839
32.222000,3.8487,0.0839
32.223000,3.8598,0.0839
32.224000,3.8666,0.0839
32.225000,3.8692,0.0839
32.226000,3.8674,0.0839
32.226000,4.2918,0.0810
32.226000,4.0442,0.0807
32.226000,3.8791,0.0806
32.227000,3.8741,0.0806
32.228000,3.8647,0.0806
32.229000,3.8506,0.0806
32.230000,3.8321,0.0806
32.231000,3.8540,0.0806
32.232000,3.8715,0.0805
32.233000,3.8844,0.0805
32.234000,3.8928,0.0805
32.235000,3.8967,0.0806
32.236000,3.8960,0.0806
32.237000,3.8909,0.0806
32.238000,3.8813,0.0806
32.239000,3.8671,0.0807
32.240000,3.8485,0.0807
32.241000,3.8700,0.0808
32.242000,3.8871,0.0808
32.243000,3.8996,0.0808
32.244000,3.9077,0.0808
32.245000,3.9113,0.0809
32.246000,3.9105,0.0809
32.247000,3.9052,0.0809
32.247000,4.0948,0.0803
32.248000,4.0859,0.0803
32.249000,4.0726,0.0803
32.250000,4.0549,0.0803
32.251000,4.0765,0.0804
32.252000,4.0938,0.0804
32.253000,4.1066,0.0804
32.254000,4.1151,0.0804
32.255000,4.1191,0.0805
32.256000,4.1188,0.0805
32.257000,4.1142,0.0805
32.258000,4.1051,0.0806
32.259000,4.0917,0.0806
32.260000,4.0740,0.0807
32.261000,4.0952,0.0807
32.262000,4.1120,0.0807
32.263000,4.1246,0.0808
32.264000,4.1327,0.0808
32.265000,4.1365,0.0808
32.266000,4.1360,0.0808
32.267000,4.1312,0.0808
32.268000,4.1220,0.0808
32.269000,4.1085,0.0809
32.269000,4.0721,0.0807
32.270000,4.0551,0.0807
32.271000,4.0761,0.0807
32.272000,4.0928,0.0807
32.273000,4.1053,0.0808
32.274000,4.1136,0.0808
32.275000,4.1177,0.0809
32.276000,4.1175,0.0809
32.277000,4.1131,0.0809
32.278000,4.1046,0.0810
32.279000,4.0918,0.0810
32.280000,4.0748,0.0810
32.281000,4.0953,0.0810
32.282000,4.1117,0.0811
32.282000,3.9823,0.0823
32.283000,3.9949,0.0823
32.284000,4.0032,0.0824
32.285000,4.0074,0.0824
32.286000,4.0073,0.0824
32.287000,4.0030,0.0825
32.288000,3.9946,0.0825
32.289000,3.9819,0.0825
32.290000,3.9650,0.0825
32.291000,3.9855,0.0826
32.292000,4.0018,0.0826
32.293000,4.0138,0.0826
32.294000,4.0217,0.0826
32.295000,4.0255,0.0827
32.296000,4.0250,0.0827
32.297000,4.0204,0.0827
32.298000,4.0117,0.0827
32.299000,3.9989,0.0828
32.300000,3.9819,0.0828
32.301000,4.0007,0.0828
32.302000,4.0154,0.0828
32.303000,4.0261,0.0828
32.304000,4.0328,0.0829
32.305000,4.0356,0.0829
32.306000,4.0343,0.0829
32.307000,4.0290,0.0830
32.308000,4.0198,0.0830
32.309000,4.0067,0.0831
32.310000,3.9896,0.0831
32.311000,4.0075,0.0831
32.312000,4.0216,0.0831
32.313000,4.0317,0.0832
32.314000,4.0379,0.0832
32.314000,4.0791,0.0821
32.315000,4.0824,0.0821
32.316000,4.0818,0.0821
32.317000,4.0774,0.0821
32.318000,4.0690,0.0821
32.319000,4.0567,0.0822
32.330000,4.0487,0.0823
32.332000,4.0666,0.0824
32.333000,4.0706,0.0824
32.334000,4.0716,0.0824
32.335000,4.0695,0.0825
32.336000,4.0644,0.0825
32.337000,4.0563,0.0825
32.338000,4.0454,0.0826
32.339000,4.0316,0.0826
32.340000,4.0150,0.0826
32.341000,4.0224,0.0827
32.342000,4.0270,0.0827
32.343000,4.0288,0.0828
32.344000,4.0278,0.0828
32.345000,4.0242,0.0829
32.346000,4.0178,0.0829
32.347000,4.0088,0.0829
32.348000,3.9970,0.0829
32.349000,3.9826,0.0829
32.350000,3.9655,0.0830
32.351000,3.9721,0.0830
32.352000,3.9761,0.0830
32.353000,3.9774,0.0830
32.354000,3.9761,0.0830
32.355000,3.9721,0.0830
32.356000,3.9655,0.0830
32.357000,3.9562,0.0830
32.358000,3.9443,0.0830
32.359000,3.9298,0.0830
32.360000,3.9126,0.0830
32.361000,3.9189,0.0830
32.362000,3.9226,0.0830
32.363000,3.9237,0.0830
32.364000,3.9222,0.0830
32.365000,3.9180,0.0830
32.366000,3.9113,0.0830
32.367000,3.9019,0.0831
32.368000,3.8900,0.0831
32.369000,3.8755,0.0832
32.370000,3.8584,0.0832
32.371000,3.8645,0.0832
32.372000,3.8679,0.0833
32.373000,3.8688,0.0833
32.374000,3.8672,0.0834
32.375000,3.8629,0.0834
32.376000,3.8561,0.0834
32.377000,3.8467,0.0834
32.378000,3.8348,0.0834
32.379000,3.8203,0.0834
32.380000,3.8033,0.0834
32.381000,3.8090,0.0834
32.381000,4.4428,0.0842
32.382000,4.4534,0.0842
32.383000,4.4615,0.0842
32.384000,4.4670,0.0843
32.385000,4.4700,0.0843
32.386000,4.4704,0.0843
32.387000,4.4683,0.0843
32.388000,4.4637,0.0844
32.389000,4.4565,0.0844
32.390000,4.4468,0.0844
32.391000,4.4596,0.0845
32.392000,4.4698,0.0845
32.393000,4.4775,0.0845
32.394000,4.4827,0.0846
32.395000,4.4854,0.0847
32.396000,4.4855,0.0848
32.397000,4.4831,0.0848
32.398000,4.4783,0.0849
32.399000,4.4709,0.0850
32.400000,4.4612,0.0850
32.401000,4.4635,0.0850
32.402000,4.4639,0.0851
32.403000,4.4627,0.0851
32.404000,4.4599,0.0851
32.405000,4.4557,0.0851
32.406000,4.4501,0.0851
32.407000,4.4434,0.0851
32.408000,4.4355,0.0851
32.409000,4.4265,0.0852
32.410000,4.4165,0.0852
32.410000,4.5376,0.0828
32.411000,4.5374,0.0828
32.412000,4.5361,0.0829
32.413000,4.5339,0.0829
32.414000,4.5308,0.0830
32.419000,4.5022,0.0832
32.427000,4.4686,0.0834
32.428000,4.4617,0.0834
32.429000,4.4541,0.0834
32.430000,4.4458,0.0834
32.431000,4.4443,0.0834
32.432000,4.4421,0.0835
32.433000,4.4391,0.0835
32.434000,4.4353,0.0836
32.435000,4.4308,0.0836
32.436000,4.4255,0.0837
32.437000,4.4194,0.0837
32.438000,4.4125,0.0837
32.439000,4.4049,0.0838
32.440000,4.3965,0.0838
32.441000,4.3950,0.0838
32.442000,4.3927,0.0838
32.443000,4.3896,0.0839
32.444000,4.3858,0.0839
32.445000,4.3812,0.0839
32.446000,4.3758,0.0839
32.447000,4.3697,0.0839
32.448000,4.3628,0.0840
32.449000,4.3552,0.0840
32.450000,4.3468,0.0840
32.451000,4.3452,0.0840
32.452000,4.3429,0.0840
32.453000,4.3398,0.0840
32.454000,4.3360,0.0841
32.455000,4.3314,0.0841
32.456000,4.3261,0.0841
32.457000,4.3200,0.0841
32.458000,4.3132,0.0842
32.459000,4.3057,0.0842
32.460000,4.2974,0.0842
32.461000,4.2959,0.0842
32.462000,4.2937,0.0842
32.463000,4.2907,0.0842
32.464000,4.2870,0.0843
32.465000,4.2825,0.0843
32.466000,4.2774,0.0843
32.467000,4.2714,0.0843
32.468000,4.2647,0.0843
32.469000,4.2573,0.0843
32.470000,4.2492,0.0843
32.471000,4.2475,0.0843
32.472000,4.2452,0.0842
32.473000,4.2420,0.0842
32.474000,4.2382,0.0842
32.475000,4.2336,0.0842
32.476000,4.2282,0.0843
32.476000,4.6353,0.0819
32.477000,4.6352,0.0819
32.477000,4.5343,0.0789
32.478000,4.5334,0.0789
32.479000,4.5317,0.0789
32.489000,4.5409,0.0790
32.490000,4.5385,0.0790
32.491000,4.5427,0.0790
32.492000,4.5462,0.0791
32.493000,4.5489,0.0791
32.494000,4.5508,0.0791
32.495000,4.5521,0.0791
32.496000,4.5526,0.0790
32.497000,4.5523,0.0790
32.498000,4.5514,0.0790
32.508000,4.4992,0.0735
32.509000,4.4974,0.0735
32.510000,4.4949,0.0735
32.511000,4.4897,0.0735
32.512000,4.4837,0.0735
32.513000,4.4770,0.0735
32.514000,4.4696,0.0735
32.569000,4.5318,0.0735
32.570000,4.5535,0.0735
32.571000,4.4930,0.0735
32.611000,4.4472,0.0739
32.645000,4.3846,0.0745
32.646000,4.3861,0.0746
32.647000,4.3917,0.0746
32.648000,4.4014,0.0746
32.649000,4.4153,0.0746
32.650000,4.4333,0.0747
32.651000,4.4144,0.0747
32.652000,4.3997,0.0747
32.653000,4.3891,0.0748
32.654000,4.3826,0.0748
32.655000,4.3801,0.0748
32.656000,4.3818,0.0748
32.657000,4.3876,0.0749
32.658000,4.3974,0.0749
32.659000,4.4114,0.0750
32.660000,4.4295,0.0750
32.660000,4.2050,0.0793
32.661000,4.1834,0.0794
32.662000,4.1664,0.0794
32.663000,4.1539,0.0795
32.664000,4.1460,0.0795
32.665000,4.1427,0.0796
32.666000,4.1439,0.0796
32.667000,4.1496,0.0797
32.668000,4.1599,0.0797
32.669000,4.1748,0.0797
32.670000,4.1942,0.0798
32.671000,4.1729,0.0798
32.672000,4.1562,0.0799
32.673000,4.1441,0.0800
32.674000,4.1364,0.0800
32.697000,3.7396,0.0826
32.698000,3.7478,0.0826
32.699000,3.7603,0.0826
32.700000,3.7772,0.0826
32.701000,3.7554,0.0826
32.702000,3.7379,0.0826
32.703000,3.7247,0.0826
32.704000,3.7158,0.0826
32.705000,3.7112,0.0826
32.807000,3.0376,0.0939
32.827000,2.9782,0.0945
32.828000,2.9865,0.0945
32.829000,2.9990,0.0945
32.830000,3.0157,0.0946
32.838000,2.9736,0.0949
32.857000,2.9769,0.0955
32.858000,2.9882,0.0955
32.859000,3.0029,0.0956
32.860000,3.0208,0.0956
32.861000,3.0130,0.0956
32.862000,3.0086,0.0957
32.863000,3.0076,0.0957
32.864000,3.0097,0.0957
32.865000,3.0148,0.0958
32.866000,3.0229,0.0958
32.867000,3.0339,0.0958
32.868000,3.0476,0.0958
32.869000,3.0641,0.0958
32.870000,3.0832,0.0958
32.871000,3.0798,0.0958
32.872000,3.0794,0.0958
32.873000,3.0819,0.0958
32.874000,3.0871,0.0958
32.875000,3.0949,0.0958
32.876000,3.1053,0.0958
32.877000,3.1181,0.0958
32.878000,3.1333,0.0958
32.879000,3.1508,0.0958
32.880000,3.1707,0.0959
32.881000,3.1705,0.0959
32.882000,3.1729,0.0959
32.883000,3.1778,0.0960
32.884000,3.1852,0.0961
32.885000,3.1949,0.0961
32.886000,3.2067,0.0961
32.887000,3.2208,0.0962
32.887000,3.2265,0.0928
32.888000,3.2357,0.0929
32.889000,3.2485,0.0929
32.890000,3.2649,0.0930
32.905000,3.2623,0.0936
32.905000,3.1716,0.0944
32.905000,3.0151,0.0917
32.906000,3.0200,0.0917
32.907000,3.0279,0.0917
32.908000,3.0379,0.0917
32.909000,3.0491,0.0918
32.910000,3.0611,0.0918
32.911000,3.0885,0.0918
32.912000,3.1158,0.0918
32.913000,3.1427,0.0918
32.914000,3.1687,0.0918
32.915000,3.1935,0.0918
32.916000,3.2169,0.0918
32.917000,3.2387,0.0918
32.918000,3.2587,0.0918
32.935000,3.9200,0.0921
32.936000,3.9592,0.0921
32.937000,3.9936,0.0921
32.938000,4.0233,0.0921
32.939000,4.0483,0.0922
32.940000,4.0685,0.0922
32.941000,4.1349,0.0922
32.942000,4.1964,0.0923
32.943000,4.2529,0.0923
32.949000,4.4851,0.0924
32.950000,4.5057,0.0924
32.951000,4.5741,0.0925
32.952000,4.6373,0.0925
32.953000,4.6952,0.0925
32.954000,4.7479,0.0926
32.955000,4.7953,0.0926
32.956000,4.8375,0.0926
32.956000,2.9040,0.0922
32.957000,2.8981,0.0922
32.958000,2.8871,0.0923
32.959000,2.8710,0.0923
32.960000,2.8497,0.0923
32.961000,2.8750,0.0924
32.962000,2.8951,0.0924
32.963000,2.9101,0.0924
32.964000,2.9199,0.0924
32.965000,2.9245,0.0924
32.966000,2.9240,0.0924
32.967000,2.9183,0.0925
32.968000,2.9075,0.0925
32.969000,2.8915,0.0925
32.970000,2.8703,0.0925
32.971000,2.8956,0.0925
32.973000,2.9307,0.0926
32.974000,2.9406,0.0926
32.992000,2.9998,0.0921
32.993000,3.0141,0.0921
32.994000,3.0232,0.0921
32.995000,3.0272,0.0922
32.996000,3.0259,0.0922
32.997000,3.0196,0.0923
33.030000,3.0966,0.0932
33.031000,3.1220,0.0932
33.032000,3.1422,0.0932
33.033000,3.1572,0.0932
33.034000,3.1670,0.0933
33.035000,3.1716,0.0933
33.036000,3.1710,0.0933
33.037000,3.1653,0.0933
33.040000,3.1169,0.0934
33.041000,3.1420,0.0934
33.042000,3.1620,0.0934
33.043000,3.1768,0.0934
33.050000,3.1362,0.0935
33.051000,3.1610,0.0935
33.052000,3.1807,0.0935
33.072000,3.2144,0.0941
33.073000,3.2284,0.0942
33.074000,3.2373,0.0942
33.075000,3.2412,0.0942
33.076000,3.2402,0.0943
33.077000,3.2341,0.0943
33.078000,3.2231,0.0943
33.078000,3.3621,0.0921
33.079000,3.3467,0.0921
33.080000,3.3263,0.0921
33.081000,3.3506,0.0921
33.082000,3.3699,0.0921
33.083000,3.3842,0.0922
33.084000,3.3935,0.0922
33.085000,3.3979,0.0922
33.086000,3.3973,0.0922
33.087000,3.3917,0.0922
33.088000,3.3812,0.0922
33.089000,3.3657,0.0923
33.090000,3.3453,0.0923
33.091000,3.3691,0.0923
33.092000,3.3880,0.0923
33.093000,3.4020,0.0923
33.094000,3.4110,0.0924
33.095000,3.4151,0.0924
33.096000,3.4142,0.0924
33.097000,3.4085,0.0924
33.098000,3.3978,0.0924
33.099000,3.3821,0.0925
33.100000,3.3616,0.0925
33.101000,3.3850,0.0925
33.102000,3.4034,0.0926
33.103000,3.4170,0.0926
33.104000,3.4257,0.0926
33.105000,3.4295,0.0927
33.106000,3.4284,0.0927
33.107000,3.4224,0.0927
33.108000,3.4116,0.0927
33.109000,3.3959,0.0927
33.110000,3.3754,0.0927
33.111000,3.3982,0.0927
33.112000,3.4163,0.0928
33.113000,3.4294,0.0928
33.114000,3.4378,0.0928
33.115000,3.4413,0.0929
33.116000,3.4400,0.0929
33.117000,3.4338,0.0929
33.118000,3.4228,0.0930
33.119000,3.4070,0.0930
33.120000,3.3864,0.0930
33.120000,3.2759,0.0960
33.121000,3.2986,0.0960
33.122000,3.3165,0.0960
33.123000,3.3297,0.0960
33.124000,3.3380,0.0961
33.125000,3.3415,0.0961
33.126000,3.3403,0.0961
33.127000,3.3343,0.0961
33.128000,3.3236,0.0962
33.129000,3.3081,0.0962
33.130000,3.2878,0.0962
33.131000,3.3093,0.0962
33.132000,3.3261,0.0963
33.138000,3.3289,0.0964
33.156000,3.3406,0.0967
33.157000,3.3330,0.0967
33.158000,3.3211,0.0967
33.159000,3.3049,0.0967
33.160000,3.2843,0.0968
33.161000,3.3021,0.0968
33.162000,3.3157,0.0967
33.163000,3.3249,0.0967
33.164000,3.3299,0.0968
33.165000,3.3306,0.0968
33.166000,3.3270,0.0968
33.167000,3.3191,0.0968
33.168000,3.3069,0.0968
33.169000,3.2904,0.0968
33.170000,3.2696,0.0968
33.171000,3.2872,0.0968
33.172000,3.3005,0.0968
33.173000,3.3095,0.0968
33.174000,3.3144,0.0968
33.175000,3.3149,0.0969
33.176000,3.3112,0.0969
33.177000,3.3033,0.0969
33.178000,3.2910,0.0969
33.202000,3.7978,0.0967
33.214000,4.1451,0.0934
33.215000,4.1470,0.0934
33.216000,4.1467,0.0934
33.217000,4.1440,0.0935
33.218000,4.1389,0.0935
33.219000,4.1316,0.0935
33.220000,4.1219,0.0936
33.221000,4.1329,0.0936
33.227000,4.1503,0.0937
33.228000,4.1452,0.0937
33.229000,4.1377,0.0937
33.230000,4.1280,0.0937
33.231000,4.1387,0.0937
33.232000,4.1471,0.0937
33.233000,4.1532,0.0937
33.234000,4.1571,0.0937
33.235000,4.1587,0.0938
33.236000,4.1580,0.0938
33.237000,4.1550,0.0938
33.257000,4.1596,0.0941
33.258000,4.1541,0.0941
33.259000,4.1464,0.0941
33.260000,4.1364,0.0942
33.261000,4.1338,0.0942
33.262000,4.1290,0.0942
33.262000,4.1741,0.0952
33.263000,4.1681,0.0953
33.272000,4.0497,0.0955
33.273000,4.0243,0.0956
33.274000,4.0004,0.0956
33.275000,3.9783,0.0956
33.276000,3.9578,0.0956
33.277000,3.9393,0.0957
33.278000,3.9226,0.0957
33.279000,3.9079,0.0957
33.280000,3.8951,0.0958
33.281000,3.8623,0.0958
33.282000,3.8315,0.0958
33.283000,3.8029,0.0959
33.284000,3.7763,0.0959
33.285000,3.7518,0.0959
33.286000,3.7295,0.0959
33.287000,3.7094,0.0959
33.288000,3.6913,0.0960
33.289000,3.6755,0.0960
33.290000,3.6618,0.0960
33.291000,3.6247,0.0960
33.292000,3.5898,0.0960
33.293000,3.5571,0.0960
33.294000,3.5269,0.0960
33.295000,3.4992,0.0961
33.296000,3.4742,0.0961
33.297000,3.4519,0.0961
33.298000,3.4324,0.0962
33.299000,3.4158,0.0962
33.300000,3.4021,0.0962
33.301000,3.3597,0.0962
33.302000,3.3202,0.0963
33.303000,3.2838,0.0963
33.303000,4.4140,0.1021
33.304000,4.4017,0.1022
33.305000,4.5159,0.1038
33.306000,4.5159,0.1038
33.310000,4.5463,0.1039
33.316000,4.4977,0.1038
33.320000,4.5272,0.1038
33.321000,4.5112,0.1038
33.322000,4.4983,0.1039
33.323000,4.4885,0.1039
33.324000,4.4818,0.1039
33.325000,4.4783,0.1039
33.326000,4.4778,0.1039
33.327000,4.4804,0.1039
33.327000,4.7002,0.1036
33.328000,4.7071,0.1036
33.329000,4.7171,0.1036
33.352000,4.6426,0.1040
33.353000,4.6205,0.1040
33.354000,4.6030,0.1041
33.357000,4.5794,0.1041
33.363000,4.5113,0.1043
33.367000,4.4640,0.1044
33.369000,4.4710,0.1044
33.370000,4.4822,0.1045
33.371000,4.4472,0.1045
33.372000,4.4174,0.1045
33.373000,4.3927,0.1045
33.374000,4.3732,0.1046
33.375000,4.3587,0.1046
33.376000,4.3494,0.1046
33.377000,4.3452,0.1046
33.378000,4.3462,0.1046
33.379000,4.3522,0.1046
33.380000,4.3634,0.1046
33.381000,4.3290,0.1046
33.382000,4.2996,0.1046
33.383000,4.2754,0.1046
33.384000,4.2563,0.1046
33.385000,4.2423,0.1046
33.386000,4.2334,0.1046
33.387000,4.2295,0.1046
33.388000,4.2307,0.1046
33.389000,4.2369,0.1047
33.390000,4.2482,0.1047
33.391000,4.2145,0.1048
33.392000,4.1859,0.1048
33.393000,4.1623,0.1048
33.394000,4.1438,0.1049
33.395000,4.1303,0.1049
33.396000,4.1217,0.1050
33.397000,4.1182,0.1050
33.398000,4.1197,0.1050
33.399000,4.1262,0.1050
33.400000,4.1377,0.1050
33.401000,4.1047,0.1051
33.402000,4.0767,0.1051
33.403000,4.0537,0.1051
33.404000,4.0357,0.1051
33.405000,4.0226,0.1052
33.406000,4.0145,0.1052
33.407000,4.0114,0.1053
33.408000,4.0131,0.1053
33.409000,4.0199,0.1053
33.410000,4.0315,0.1054
33.411000,3.9992,0.1054
33.412000,3.9719,0.1054
33.413000,3.9495,0.1054
33.414000,3.9321,0.1054
33.415000,3.9195,0.1054
33.416000,3.9118,0.1054
33.417000,3.9090,0.1054
33.418000,3.9110,0.1053
33.419000,3.9180,0.1053
33.420000,3.9297,0.1053
33.420000,4.5312,0.1074
33.421000,4.5080,0.1074
33.422000,4.4898,0.1074
33.423000,4.4764,0.1075
33.424000,4.4679,0.1075
33.425000,4.4643,0.1075
33.426000,4.4656,0.1075
33.427000,4.4718,0.1075
33.428000,4.4828,0.1075
33.429000,4.4988,0.1076
33.430000,4.5195,0.1076
33.431000,4.4971,0.1076
33.432000,4.4794,0.1077
33.433000,4.4667,0.1077
33.434000,4.4587,0.1077
33.435000,4.4556,0.1077
33.436000,4.4573,0.1078
33.437000,4.4639,0.1078
33.438000,4.4753,0.1078
33.438000,4.3845,0.1067
33.439000,4.4000,0.1067
33.440000,4.4201,0.1067
33.441000,4.4079,0.1068
33.442000,4.3999,0.1068
33.443000,4.3959,0.1068
33.444000,4.3957,0.1068
33.445000,4.3992,0.1068
33.446000,4.4063,0.1068
33.447000,4.4169,0.1068
33.448000,4.4309,0.1068
33.449000,4.4483,0.1068
33.450000,4.4689,0.1068
33.451000,4.4627,0.1068
33.452000,4.4597,0.1068
33.453000,4.4599,0.1068
33.454000,4.4633,0.1068
33.454000,4.5710,0.1074
33.455000,4.5694,0.1074
33.456000,4.5709,0.1074
33.457000,4.5756,0.1074
33.458000,4.5832,0.1074
33.459000,4.5940,0.1074
33.521000,4.7685,0.1091
33.522000,4.7722,0.1091
33.523000,4.7775,0.1091
33.524000,4.7842,0.1092
33.525000,4.7925,0.1092
33.526000,4.8022,0.1092
33.527000,4.8134,0.1092
33.528000,4.8262,0.1092
33.529000,4.8403,0.1092
33.530000,4.8560,0.1093
33.531000,4.8586,0.1093
33.532000,4.8627,0.1093
33.533000,4.8683,0.1093
33.534000,4.8753,0.1093
33.535000,4.8838,0.1093
33.536000,4.8938,0.1093
33.537000,4.9052,0.1094
33.538000,4.9180,0.1094
33.539000,4.9324,0.1094
33.540000,4.9481,0.1094
33.541000,4.9525,0.1095
33.542000,4.9583,0.1095
33.543000,4.9653,0.1095
33.544000,4.9737,0.1096
33.545000,4.9834,0.1096
33.546000,4.9944,0.1096
33.547000,5.0066,0.1096
33.548000,5.0200,0.1096
33.549000,5.0347,0.1096
33.550000,5.0506,0.1096
33.551000,5.0580,0.1096
33.552000,5.0666,0.1096
33.553000,5.0764,0.1096
33.554000,5.0872,0.1096
33.555000,5.0990,0.1096
33.556000,5.1118,0.1096
33.557000,5.1254,0.1096
33.568000,5.2750,0.1096
33.569000,5.2910,0.1097
33.570000,4.8901,0.1066
33.577000,4.1787,0.1070
33.578000,4.1833,0.1070
33.579000,4.1884,0.1070
33.580000,4.1940,0.1070
33.581000,4.1955,0.1070
33.582000,4.1975,0.1070
33.583000,4.1999,0.1070
33.591000,3.9803,0.1056
33.592000,3.9804,0.1057
33.593000,3.9809,0.1057
33.594000,3.9817,0.1057
33.595000,3.9828,0.1057
33.596000,3.9842,0.1058
33.597000,3.9859,0.1058
33.598000,3.9879,0.1058
33.599000,3.9902,0.1058
33.600000,3.9928,0.1058
33.601000,3.9935,0.1059
33.602000,3.9944,0.1059
33.603000,3.9956,0.1059
33.604000,3.9970,0.1059
33.605000,3.9986,0.1059
33.606000,4.0005,0.1059
33.607000,4.0025,0.1059
33.608000,4.0048,0.1059
33.609000,4.0072,0.1059
33.610000,4.0099,0.1059
33.611000,4.0110,0.1059
33.612000,4.0123,0.1059
33.613000,4.0138,0.1060
33.614000,4.0154,0.1060
33.615000,4.0173,0.1060
33.616000,4.0193,0.1060
33.617000,4.0215,0.1060
33.618000,4.0239,0.1060
33.619000,4.0264,0.1060
33.620000,4.0292,0.1060
33.621000,4.0304,0.1061
33.622000,4.0318,0.1061
33.627000,4.0415,0.1063
33.654000,4.8893,0.1083
33.655000,4.9199,0.1083
33.656000,4.9458,0.1082
33.657000,4.9671,0.1082
33.658000,4.9837,0.1082
33.659000,4.9956,0.1082
33.660000,5.0027,0.1082
33.661000,5.0535,0.1082
33.662000,5.0994,0.1082
33.663000,5.1407,0.1082
33.664000,5.1772,0.1082
33.665000,5.2089,0.1082
33.666000,5.2358,0.1082
33.667000,5.2579,0.1082
33.668000,5.2752,0.1083
33.669000,5.2877,0.1083
33.670000,5.2954,0.1083
33.671000,5.3467,0.1083
33.672000,5.3933,0.1084
33.673000,5.4350,0.1084
33.674000,5.4720,0.1084
33.675000,5.5042,0.1084
33.676000,5.5315,0.1084
33.677000,5.5539,0.1084
33.678000,5.5715,0.1085
33.679000,5.5842,0.1085
33.680000,5.5920,0.1085
33.681000,5.6442,0.1085
33.682000,5.6916,0.1085
33.683000,5.7342,0.1086
33.684000,5.7718,0.1086
33.685000,5.8045,0.1086
33.686000,5.8322,0.1087
33.687000,5.8551,0.1087
33.688000,5.8730,0.1087
33.689000,5.8860,0.1088
33.690000,5.8940,0.1088
33.691000,5.9463,0.1088
33.692000,5.9938,0.1088
33.693000,6.0363,0.1088
33.694000,6.0739,0.1088
33.695000,6.1066,0.1088
33.696000,6.1344,0.1088
33.697000,6.1572,0.1088
33.698000,6.1751,0.1088
33.699000,6.1881,0.1088
33.700000,6.1962,0.1089
33.701000,6.2482,0.1089
33.701000,4.7574,0.1086
33.701000,4.5951,0.1097
33.702000,4.6149,0.1097
33.703000,4.6298,0.1097
33.703000,4.8231,0.1117
33.704000,4.8338,0.1117
33.705000,4.8395,0.1117
33.706000,4.8403,0.1117
33.707000,4.8363,0.1117
33.708000,4.8274,0.1118
33.709000,4.8136,0.1118
33.710000,4.7950,0.1119
33.711000,4.8195,0.1119
33.712000,4.8392,0.1119
33.713000,4.8540,0.1119
33.714000,4.8640,0.1119
33.715000,4.8693,0.1119
33.716000,4.8697,0.1119
33.717000,4.8653,0.1119
33.718000,4.8561,0.1119
33.719000,4.8422,0.1119
33.720000,4.8234,0.1120
33.721000,4.8473,0.1120
33.722000,4.8664,0.1120
33.723000,4.8808,0.1120
33.724000,4.8904,0.1120
33.725000,4.8952,0.1119
33.726000,4.8953,0.1119
33.727000,4.8907,0.1120
33.728000,4.8813,0.1120
33.729000,4.8671,0.1120
33.730000,4.8482,0.1121
33.731000,4.8716,0.1121
33.732000,4.8902,0.1121
33.733000,4.9041,0.1121
33.734000,4.9132,0.1121
33.735000,4.9177,0.1121
33.736000,4.9175,0.1122
33.737000,4.9125,0.1122
33.738000,4.9029,0.1122
33.739000,4.8886,0.1122
33.740000,4.8696,0.1123
33.741000,4.8914,0.1123
33.742000,4.9087,0.1123
33.742000,4.7263,0.1110
33.743000,4.7399,0.1110
33.744000,4.7489,0.1110
33.745000,4.7533,0.1111
33.746000,4.7530,0.1111
33.747000,4.7481,0.1112
33.748000,4.7386,0.1112
33.749000,4.7245,0.1113
33.750000,4.7059,0.1113
33.751000,4.7278,0.1113
33.752000,4.7453,0.1113
33.753000,4.7582,0.1113
33.754000,4.7665,0.1113
33.755000,4.7702,0.1113
33.756000,4.7694,0.1113
33.757000,4.7641,0.1113
33.758000,4.7543,0.1114
33.759000,4.7400,0.1114
33.760000,4.7212,0.1115
33.761000,4.7420,0.1115
33.762000,4.7582,0.1115
33.763000,4.7701,0.1115
33.764000,4.7776,0.1115
33.765000,4.7806,0.1115
33.766000,4.7792,0.1115
33.767000,4.7734,0.1116
33.768000,4.7632,0.1116
33.769000,4.7486,0.1116
33.770000,4.7296,0.1116
33.771000,4.7496,0.1117
33.772000,4.7652,0.1117
33.805000,4.9878,0.1116
33.814000,4.9639,0.1118
33.819000,4.9210,0.1120
33.820000,4.9023,0.1120
33.822000,4.9182,0.1120
33.828000,4.8885,0.1122
33.843000,4.8079,0.1124
33.869000,4.6034,0.1130
33.870000,4.5837,0.1131
33.877000,4.5286,0.1133
33.880000,4.4741,0.1134
33.881000,4.4702,0.1134
33.882000,4.4643,0.1134
33.883000,4.4565,0.1134
33.884000,4.4469,0.1134
33.885000,4.4354,0.1134
33.886000,4.4220,0.1134
33.887000,4.4067,0.1134
33.888000,4.3896,0.1134
33.889000,4.3707,0.1134
33.890000,4.3501,0.1134
33.891000,4.3416,0.1134
33.892000,4.3317,0.1134
33.893000,4.3202,0.1135
33.894000,4.3073,0.1135
33.895000,4.2930,0.1135
33.896000,4.2773,0.1135
33.897000,4.2602,0.1136
33.897000,4.9275,0.1115
33.898000,4.9218,0.1115
33.899000,4.9149,0.1115
33.900000,4.9066,0.1116
33.901000,4.9088,0.1116
33.902000,4.9098,0.1116
33.903000,4.9095,0.1116
33.904000,4.9079,0.1116
33.905000,4.9050,0.1116
33.906000,4.9010,0.1117
33.907000,4.8958,0.1117
33.908000,4.8894,0.1117
33.909000,4.8818,0.1117
33.910000,4.8731,0.1117
33.911000,4.8715,0.1117
33.912000,4.8687,0.1118
33.913000,4.8648,0.1118
33.914000,4.8599,0.1118
33.915000,4.8539,0.1119
33.916000,4.8469,0.1119
33.917000,4.8392,0.1119
33.918000,4.8310,0.1119
33.918000,4.9563,0.1099
33.919000,4.9517,0.1100
33.920000,4.9470,0.1100
33.921000,4.9382,0.1100
33.922000,4.9293,0.1101
33.923000,4.9207,0.1101
33.924000,4.9123,0.1101
33.925000,4.9042,0.1101
33.926000,4.8964,0.1102
33.927000,4.8890,0.1102
33.934000,4.5958,0.1114
33.935000,4.5941,0.1114
33.936000,4.5930,0.1114
33.937000,4.5924,0.1114
33.938000,4.5923,0.1114
33.939000,4.5928,0.1115
33.940000,4.5938,0.1115
33.941000,4.5898,0.1115
33.942000,4.5862,0.1115
33.943000,4.5833,0.1116
33.944000,4.5809,0.1116
33.945000,4.5790,0.1116
33.946000,4.5777,0.1116
33.947000,4.5770,0.1117
33.948000,4.5769,0.1117
33.949000,4.5773,0.1117
33.950000,4.5783,0.1118
33.951000,4.5566,0.1118
33.953000,4.5154,0.1118
33.962000,4.3607,0.1118
33.963000,4.3228,0.1118
33.964000,4.2896,0.1119
33.967000,4.2198,0.1120
33.968000,4.2066,0.1120
33.969000,4.1986,0.1120
33.970000,4.1957,0.1121
33.971000,4.1449,0.1121
33.972000,4.0993,0.1121
33.973000,4.0590,0.1121
33.974000,4.0239,0.1121
33.975000,3.9941,0.1121
33.976000,3.9695,0.1122
33.977000,3.9502,0.1122
33.978000,3.9361,0.1122
33.979000,3.9272,0.1122
33.980000,3.9236,0.1122
33.981000,3.8732,0.1122
33.982000,3.8280,0.1122
33.983000,3.7881,0.1123
33.984000,3.7534,0.1123
33.984000,4.3092,0.1159
33.985000,4.3036,0.1160
33.986000,4.3034,0.1160
33.987000,4.3084,0.1160
33.988000,4.3188,0.1160
33.989000,4.3343,0.1160
33.990000,4.3552,0.1160
33.991000,4.3289,0.1161
33.992000,4.3079,0.1161
33.993000,4.2922,0.1161
33.994000,4.2817,0.1161
33.995000,4.2764,0.1162
33.996000,4.2764,0.1162
33.997000,4.2816,0.1163
33.998000,4.2920,0.1163
33.999000,4.3077,0.1164
34.000000,4.3286,0.1164
34.001000,4.3030,0.1164
34.002000,4.2825,0.1164
34.003000,4.2673,0.1164
34.004000,4.2572,0.1165
34.005000,4.2524,0.1165
34.006000,4.2527,0.1165
34.007000,4.2582,0.1166
34.008000,4.2688,0.1167
34.009000,4.2846,0.1167
34.010000,4.3056,0.1168
34.011000,4.2805,0.1168
34.012000,4.2606,0.1169
34.013000,4.2458,0.1169
34.014000,4.2361,0.1170
34.015000,4.2316,0.1171
34.015000,4.0109,0.1200
34.016000,4.0108,0.1201
34.017000,4.0159,0.1201
34.018000,4.0261,0.1201
34.019000,4.0415,0.1202
34.020000,4.0621,0.1202
34.021000,4.0367,0.1203
34.022000,4.0164,0.1203
34.023000,4.0012,0.1204
34.024000,3.9912,0.1204
34.025000,3.9862,0.1205
34.026000,3.9864,0.1205
34.027000,3.9917,0.1205
34.028000,4.0021,0.1206
34.029000,4.0176,0.1206
34.030000,4.0381,0.1207
34.031000,4.0132,0.1207
34.032000,3.9934,0.1208
34.033000,3.9786,0.1208
34.034000,3.9689,0.1208
34.035000,3.9643,0.1209
34.036000,3.9647,0.1209
34.037000,3.9702,0.1209
34.038000,3.9807,0.1209
34.039000,3.9962,0.1209
34.040000,4.0167,0.1209
34.041000,3.9925,0.1209
34.042000,3.9732,0.1209
34.043000,3.9590,0.1210
34.044000,3.9497,0.1210
34.045000,3.9454,0.1210
34.046000,3.9462,0.1210
34.047000,3.9519,0.1210
34.048000,3.9626,0.1210
34.049000,3.9782,0.1211
34.050000,3.9988,0.1211
34.051000,3.9751,0.1211
34.051000,4.0879,0.1202
34.052000,4.0687,0.1202
34.053000,4.0544,0.1203
34.054000,4.0450,0.1203
34.055000,4.0406,0.1203
34.056000,4.0411,0.1203
34.057000,4.0465,0.1203
34.058000,4.0568,0.1204
34.059000,4.0720,0.1204
34.060000,4.0921,0.1204
34.060000,3.8664,0.1160
34.062000,3.8226,0.1161
34.084000,3.7480,0.1163
34.085000,3.7435,0.1163
34.086000,3.7437,0.1163
34.087000,3.7485,0.1163
34.088000,3.7580,0.1164
34.089000,3.7721,0.1164
34.090000,3.7909,0.1164
34.091000,3.7683,0.1164
34.092000,3.7503,0.1164
34.093000,3.7369,0.1164
34.094000,3.7282,0.1165
34.095000,3.7240,0.1165
34.096000,3.7245,0.1165
34.097000,3.7296,0.1166
34.098000,3.7393,0.1166
34.099000,3.7535,0.1166
34.100000,3.7724,0.1167
34.101000,3.7504,0.1167
34.102000,3.7329,0.1167
34.103000,3.7200,0.1167
34.104000,3.7117,0.1167
34.105000,3.7079,0.1168
34.106000,3.7087,0.1168
34.107000,3.7141,0.1168
34.108000,3.7240,0.1168
34.109000,3.7384,0.1168
34.110000,3.7574,0.1168
34.111000,3.7358,0.1169
34.112000,3.7189,0.1169
34.113000,3.7064,0.1169
34.114000,3.6985,0.1170
34.115000,3.6950,0.1170
34.116000,3.6961,0.1170
34.117000,3.7016,0.1171
34.118000,3.7117,0.1171
34.119000,3.7262,0.1171
34.120000,3.7453,0.1171
34.121000,3.7242,0.1172
34.122000,3.7077,0.1172
34.123000,3.6957,0.1172
34.124000,3.6881,0.1173
34.125000,3.6849,0.1173
34.126000,3.6863,0.1173
34.127000,3.6920,0.1174
34.128000,3.7022,0.1174
34.129000,3.7169,0.1174
34.130000,3.7360,0.1175
34.131000,3.7154,0.1175
34.132000,3.6993,0.1175
34.133000,3.6875,0.1175
34.134000,3.6803,0.1176
34.135000,3.6774,0.1176
34.135000,3.7471,0.1154
34.136000,3.7469,0.1154
34.137000,3.7511,0.1154
34.138000,3.7596,0.1154
34.139000,3.7725,0.1154
34.140000,3.7896,0.1155
34.141000,3.7684,0.1155
34.142000,3.7514,0.1155
34.143000,3.7388,0.1156
34.144000,3.7305,0.1156
34.145000,3.7264,0.1156
34.146000,3.7266,0.1156
34.147000,3.7310,0.1156
34.148000,3.7397,0.1156
34.149000,3.7526,0.1156
34.150000,3.7698,0.1156
34.151000,3.7491,0.1156
34.152000,3.7326,0.1156
34.153000,3.7204,0.1156
34.154000,3.7123,0.1156
34.155000,3.7085,0.1156
34.156000,3.7090,0.1156
34.157000,3.7136,0.1156
34.158000,3.7224,0.1156
34.159000,3.7354,0.1156
34.160000,3.7526,0.1156
34.161000,3.7323,0.1156
34.162000,3.7162,0.1157
34.163000,3.7044,0.1157
34.164000,3.6966,0.1157
34.165000,3.6931,0.1158
34.166000,3.6937,0.1158
34.167000,3.6985,0.1159
34.168000,3.7075,0.1159
34.168000,3.9758,0.1175
34.169000,3.9887,0.1176
34.170000,4.0059,0.1176
34.171000,3.9854,0.1177
34.172000,3.9692,0.1177
34.173000,3.9573,0.1178
34.174000,3.9495,0.1179
34.175000,3.9459,0.1179
34.176000,3.9465,0.1179
34.177000,3.9513,0.1179
34.178000,3.9603,0.1180
34.179000,3.9734,0.1180
34.180000,3.9907,0.1181
34.181000,3.9720,0.1181
34.182000,3.9574,0.1182
34.183000,3.9470,0.1182
34.184000,3.9407,0.1182
34.185000,3.9385,0.1183
34.186000,3.9404,0.1183
34.186000,4.1496,0.1184
34.187000,4.1554,0.1184
34.188000,4.1652,0.1185
34.189000,4.1788,0.1185
34.190000,4.1957,0.1186
34.191000,4.1982,0.1186
34.192000,4.2032,0.1187
34.193000,4.2105,0.1188
34.194000,4.2198,0.1188
34.195000,4.2309,0.1189
34.196000,4.2437,0.1189
34.197000,4.2580,0.1189
34.198000,4.2737,0.1190
34.199000,4.2908,0.1190
34.200000,4.3090,0.1191
34.201000,4.3201,0.1191
34.202000,4.3323,0.1192
34.203000,4.3456,0.1192
34.204000,4.3599,0.1193
34.205000,4.3752,0.1193
34.206000,4.3915,0.1194
34.207000,4.4088,0.1194
34.208000,4.4269,0.1195
34.209000,4.4460,0.1195
34.210000,4.4660,0.1196
34.210000,4.1688,0.1199
34.211000,4.1670,0.1200
34.212000,4.1660,0.1200
34.213000,4.1658,0.1200
34.214000,4.1664,0.1201
34.215000,4.1678,0.1201
34.216000,4.1701,0.1202
34.217000,4.1731,0.1202
34.218000,4.1769,0.1203
34.219000,4.1815,0.1203
34.220000,4.1868,0.1203
34.221000,4.1856,0.1204
34.222000,4.1851,0.1204
34.223000,4.1853,0.1204
34.224000,4.1863,0.1205
34.225000,4.1881,0.1205
34.226000,4.1906,0.1206
34.227000,4.1939,0.1206
34.228000,4.1979,0.1207
34.228000,4.2760,0.1244
34.229000,4.2791,0.1244
34.230000,4.2828,0.1245
34.231000,4.2805,0.1245
34.257000,4.3450,0.1257
34.258000,4.3496,0.1257
34.259000,4.3542,0.1258
34.260000,4.3586,0.1258
34.262000,4.3704,0.1259
34.263000,4.3760,0.1259
34.264000,4.3816,0.1260
34.265000,4.3870,0.1260
34.267000,4.3974,0.1260
34.284000,4.4892,0.1263
34.285000,4.4947,0.1263
34.286000,4.5000,0.1264
34.296000,4.6073,0.1269
34.324000,4.2951,0.1263
34.325000,4.3044,0.1263
34.326000,4.3102,0.1263
34.327000,4.3126,0.1263
34.328000,4.3113,0.1263
34.329000,4.3063,0.1263
34.330000,4.2976,0.1263
34.331000,4.3249,0.1264
34.332000,4.3483,0.1264
34.333000,4.3679,0.1264
34.334000,4.3837,0.1264
34.335000,4.3956,0.1264
34.336000,4.4036,0.1265
34.337000,4.4076,0.1265
34.338000,4.4078,0.1265
34.339000,4.4040,0.1265
34.340000,4.3963,0.1266
34.341000,4.4242,0.1266
34.342000,4.4482,0.1266
34.343000,4.4683,0.1267
34.355000,4.5995,0.1273
34.356000,4.6080,0.1273
34.357000,4.6125,0.1274
34.357000,4.0549,0.1242
34.358000,4.0494,0.1243
34.359000,4.0399,0.1243
34.360000,4.0263,0.1244
34.361000,4.0509,0.1244
34.374000,3.9170,0.1243
34.375000,3.9242,0.1243
34.376000,3.9269,0.1244
34.377000,3.9250,0.1244
34.378000,3.9186,0.1244
34.379000,3.9075,0.1245
34.380000,3.8918,0.1245
34.381000,3.9186,0.1245
34.382000,3.9407,0.1245
34.383000,3.9582,0.1245
34.384000,3.9710,0.1246
34.385000,3.9791,0.1246
34.386000,3.9826,0.1246
34.409000,4.0835,0.1252
34.410000,3.8462,0.1246
34.413000,3.8985,0.1247
34.418000,3.8932,0.1248
34.422000,3.8972,0.1248
34.427000,3.9131,0.1249
34.428000,3.9025,0.1250
34.429000,3.8874,0.1250
34.430000,3.8677,0.1250
34.431000,3.8887,0.1250
34.432000,3.9051,0.1251
34.433000,3.9170,0.1251
34.434000,3.9244,0.1251
34.435000,3.9272,0.1252
34.436000,3.9255,0.1252
34.437000,3.9193,0.1253
34.438000,3.9085,0.1253
34.439000,3.8933,0.1254
34.440000,3.8735,0.1255
34.441000,3.8939,0.1255
34.442000,3.9099,0.1256
34.443000,3.9214,0.1256
34.444000,3.9283,0.1256
34.445000,3.9308,0.1257
34.446000,3.9288,0.1257
34.447000,3.9223,0.1257
34.448000,3.9114,0.1258
34.449000,3.8960,0.1258
34.450000,3.8761,0.1259
34.451000,3.8960,0.1259
34.452000,3.9115,0.1260
34.453000,3.9225,0.1261
34.454000,3.9291,0.1261
34.455000,3.9313,0.1261
34.456000,3.9289,0.1262
34.457000,3.9222,0.1262
34.458000,3.9110,0.1263
34.459000,3.8954,0.1263
34.460000,3.8754,0.1263
34.470000,3.8709,0.1266
34.471000,3.8894,0.1267
34.472000,3.9035,0.1267
34.473000,3.9134,0.1267
34.474000,3.9189,0.1267
34.475000,3.9200,0.1267
34.476000,3.9169,0.1267
34.476000,4.1857,0.1271
34.477000,4.1797,0.1271
34.478000,4.1693,0.1271
34.479000,4.1546,0.1271
34.480000,4.1356,0.1271
34.481000,4.1548,0.1271
34.482000,4.1698,0.1271
34.483000,4.1805,0.1271
34.484000,4.1869,0.1272
34.485000,4.1890,0.1272
34.486000,4.1869,0.1272
34.487000,4.1804,0.1273
34.488000,4.1697,0.1273
34.489000,4.1547,0.1274
34.490000,4.1354,0.1274
34.491000,4.1538,0.1275
34.492000,4.1679,0.1275
34.493000,4.1778,0.1275
34.494000,4.1835,0.1276
34.494000,3.9936,0.1286
34.495000,3.9956,0.1287
34.496000,3.9935,0.1287
34.497000,3.9871,0.1287
34.498000,3.9766,0.1288
34.499000,3.9619,0.1288
34.500000,3.9430,0.1288
34.501000,3.9607,0.1289
34.502000,3.9742,0.1289
34.503000,3.9837,0.1289
34.504000,3.9890,0.1289
34.505000,3.9903,0.1289
34.506000,3.9875,0.1289
34.507000,3.9805,0.1290
34.508000,3.9694,0.1290
34.509000,3.9543,0.1290
34.510000,3.9352,0.1290
34.518000,3.9342,0.1278
34.525000,3.8961,0.1280
34.526000,3.8872,0.1280
34.527000,3.8756,0.1281
34.528000,3.8615,0.1281
34.529000,3.8447,0.1282
34.530000,3.8255,0.1283
34.531000,3.8140,0.1283
34.532000,3.8009,0.1284
34.533000,3.7864,0.1284
34.534000,3.7706,0.1285
34.535000,3.7539,0.1285
34.536000,3.7363,0.1286
34.537000,3.7179,0.1286
34.538000,3.6990,0.1286
34.539000,3.6795,0.1287
34.540000,3.6596,0.1288
34.541000,3.6401,0.1288
34.542000,3.6203,0.1288
34.543000,3.6001,0.1289
34.544000,3.5797,0.1289
34.545000,3.5591,0.1290
34.546000,3.5382,0.1290
34.547000,3.5172,0.1290
34.548000,3.4960,0.1291
34.549000,3.4747,0.1291
34.550000,3.4533,0.1291
34.551000,3.4325,0.1292
34.552000,3.4115,0.1292
34.553000,3.3905,0.1293
34.554000,3.3693,0.1293
34.555000,3.3481,0.1293
34.556000,3.3267,0.1294
34.557000,3.3054,0.1294
34.557000,3.6401,0.1314
34.558000,3.6260,0.1314
34.559000,3.6119,0.1315
34.560000,3.5978,0.1315
34.561000,3.5825,0.1316
34.562000,3.5673,0.1316
34.563000,3.5521,0.1317
34.564000,3.5370,0.1317
34.565000,3.5220,0.1318
34.566000,3.5071,0.1318
34.567000,3.4924,0.1319
34.569000,3.4635,0.1320
34.570000,3.4493,0.1320
34.571000,3.4331,0.1321
34.572000,3.4172,0.1321
34.575000,3.3705,0.1322
34.576000,3.3553,0.1322
34.577000,3.3403,0.1322
34.582000,3.2645,0.1324
34.582000,4.0148,0.1321
34.583000,4.0114,0.1322
34.584000,4.0082,0.1322
34.590000,3.9935,0.1324
34.590000,4.0963,0.1326
34.591000,4.0831,0.1326
34.592000,4.0704,0.1327
34.593000,4.0585,0.1327
34.594000,4.0476,0.1327
34.595000,4.0381,0.1328
34.596000,4.0301,0.1328
34.597000,4.0238,0.1329
34.598000,4.0194,0.1329
34.599000,4.0170,0.1329
34.600000,4.0167,0.1330
34.605000,3.9123,0.1331
34.606000,3.8989,0.1332
34.607000,3.8882,0.1332
34.629000,3.8806,0.1371
34.630000,3.8879,0.1371
34.631000,3.8515,0.1372
34.632000,3.8197,0.1372
34.633000,3.7925,0.1373
34.634000,3.7699,0.1373
34.635000,3.7519,0.1373
34.636000,3.7387,0.1373
34.636000,3.8124,0.1316
34.637000,3.8117,0.1317
34.641000,3.8084,0.1317
34.643000,3.7642,0.1318
34.645000,3.7387,0.1318
34.646000,3.7330,0.1318
34.647000,3.7319,0.1319
34.648000,3.7354,0.1319
34.649000,3.7436,0.1319
34.650000,3.7565,0.1320
34.651000,3.7277,0.1320
34.652000,3.7036,0.1320
34.653000,3.6842,0.1320
34.654000,3.6694,0.1320
34.655000,3.6592,0.1321
34.656000,3.6537,0.1321
34.657000,3.6528,0.1321
34.658000,3.6564,0.1322
34.658000,4.1268,0.1327
34.659000,4.1401,0.1327
34.660000,4.1582,0.1328
34.661000,4.1346,0.1328
34.662000,4.1156,0.1329
34.663000,4.1014,0.1329
34.664000,4.0917,0.1330
34.665000,4.0867,0.1330
34.666000,4.0863,0.1330
34.667000,4.0905,0.1331
34.668000,4.0994,0.1331
34.669000,4.1128,0.1332
34.670000,4.1309,0.1332
34.671000,4.1080,0.1333
34.672000,4.0896,0.1333
34.673000,4.0759,0.1334
34.674000,4.0667,0.1334
34.675000,4.0622,0.1335
34.676000,4.0621,0.1335
34.677000,4.0666,0.1336
34.678000,4.0757,0.1336
34.679000,4.0893,0.1336
34.680000,4.1073,0.1336
34.681000,4.0854,0.1336
34.682000,4.0680,0.1336
34.683000,4.0551,0.1336
34.684000,4.0466,0.1336
34.685000,4.0427,0.1336
34.686000,4.0432,0.1336
34.687000,4.0482,0.1336
34.688000,4.0575,0.1336
34.689000,4.0713,0.1336
34.690000,4.0895,0.1336
34.691000,4.0694,0.1336
34.692000,4.0537,0.1336
34.693000,4.0422,0.1337
34.694000,4.0351,0.1337
34.695000,4.0323,0.1337
34.696000,4.0337,0.1337
34.696000,3.8624,0.1358
34.697000,3.8672,0.1358
34.698000,3.8763,0.1358
34.699000,3.8897,0.1359
34.700000,3.9074,0.1359
34.701000,3.8871,0.1359
34.702000,3.8711,0.1360
34.703000,3.8595,0.1360
34.704000,3.8520,0.1360
34.705000,3.8489,0.1360
34.706000,3.8499,0.1360
34.707000,3.8552,0.1360
34.708000,3.8647,0.1360
34.709000,3.8784,0.1361
34.710000,3.8962,0.1361
34.711000,3.8778,0.1361
34.712000,3.8635,0.1361
34.713000,3.8532,0.1361
34.714000,3.8471,0.1362
34.715000,3.8450,0.1362
34.716000,3.8470,0.1363
34.717000,3.8530,0.1363
34.718000,3.8629,0.1363
34.719000,3.8769,0.1364
34.720000,3.8949,0.1365
34.721000,3.8815,0.1365
34.721000,3.9891,0.1326
34.722000,3.9786,0.1326
34.723000,3.9717,0.1327
34.724000,3.9685,0.1327
34.725000,3.9686,0.1328
34.726000,3.9721,0.1328
34.727000,3.9789,0.1328
34.727000,3.8464,0.1304
34.728000,3.8520,0.1304
34.729000,3.8607,0.1304
34.730000,3.8724,0.1304
34.731000,3.8590,0.1304
34.732000,3.8486,0.1304
34.733000,3.8411,0.1305
34.734000,3.8366,0.1305
34.735000,3.8350,0.1305
34.736000,3.8362,0.1306
34.737000,3.8403,0.1306
34.738000,3.8473,0.1306
34.739000,3.8571,0.1307
34.740000,3.8698,0.1307
34.741000,3.8629,0.1307
34.742000,3.8587,0.1307
34.743000,3.8571,0.1307
34.744000,3.8578,0.1307
34.745000,3.8608,0.1307
34.746000,3.8659,0.1307
34.747000,3.8730,0.1308
34.748000,3.8821,0.1308
34.749000,3.8931,0.1308
34.750000,3.9059,0.1308
34.751000,3.9050,0.1309
34.752000,3.9058,0.1309
34.753000,3.9084,0.1309
34.754000,3.9126,0.1310
34.772000,4.0898,0.1317
34.788000,4.2846,0.1323
34.789000,4.2993,0.1323
34.790000,4.3147,0.1323
34.791000,4.3248,0.1324
34.792000,4.3355,0.1324
34.793000,4.3468,0.1324
34.794000,4.3587,0.1324
34.795000,4.3712,0.1324
34.796000,4.3843,0.1324
34.797000,4.3981,0.1324
34.798000,4.4124,0.1324
34.799000,4.4273,0.1324
34.800000,4.4429,0.1324
34.801000,4.4534,0.1325
34.802000,4.4646,0.1325
34.803000,4.4763,0.1325
34.804000,4.4886,0.1325
34.805000,4.5014,0.1325
34.806000,4.5148,0.1325
34.807000,4.5288,0.1326
34.808000,4.5433,0.1326
34.809000,4.5584,0.1326
34.810000,4.5741,0.1326
34.811000,4.5911,0.1326
34.812000,4.6083,0.1327
34.813000,4.6256,0.1327
34.814000,4.6430,0.1327
34.815000,4.6603,0.1327
34.816000,4.6774,0.1327
34.817000,4.6943,0.1328
34.818000,4.7109,0.1328
34.819000,4.7272,0.1328
34.820000,4.7431,0.1328
34.821000,4.7656,0.1329
34.822000,4.7876,0.1328
34.823000,4.8091,0.1328
34.824000,4.8301,0.1328
34.825000,4.8505,0.1328
34.826000,4.8702,0.1328
34.827000,4.8893,0.1327
34.828000,4.9076,0.1327
34.829000,4.9252,0.1327
34.830000,4.9421,0.1327
34.831000,4.9668,0.1327
34.832000,4.9907,0.1327
34.833000,5.0139,0.1328
34.834000,5.0362,0.1328
34.835000,5.0578,0.1328
34.836000,5.0785,0.1328
34.837000,5.0984,0.1328
34.838000,5.1174,0.1328
34.839000,5.1357,0.1328
34.840000,5.1531,0.1329
34.840000,3.8003,0.1309
34.841000,3.8053,0.1309
34.842000,3.8095,0.1309
34.843000,3.8128,0.1309
34.844000,3.8152,0.1310
34.845000,3.8167,0.1310
34.846000,3.8173,0.1310
34.847000,3.8171,0.1311
34.848000,3.8158,0.1311
34.849000,3.8137,0.1311
34.850000,3.8106,0.1311
34.851000,3.8162,0.1311
34.852000,3.8209,0.1311
34.852000,4.0428,0.1293
34.853000,4.0457,0.1293
34.854000,4.0476,0.1293
34.855000,4.0486,0.1293
34.856000,4.0486,0.1293
34.857000,4.0477,0.1294
34.858000,4.0458,0.1294
34.859000,4.0429,0.1294
34.860000,4.0391,0.1294
34.861000,4.0441,0.1294
34.862000,4.0481,0.1294
34.863000,4.0512,0.1295
34.864000,4.0533,0.1295
34.865000,4.0544,0.1295
34.866000,4.0545,0.1296
34.867000,4.0537,0.1296
34.868000,4.0519,0.1296
34.869000,4.0491,0.1297
34.870000,4.0453,0.1297
34.871000,4.0503,0.1297
34.872000,4.0544,0.1297
34.873000,4.0575,0.1297
34.874000,4.0596,0.1298
34.875000,4.0607,0.1298
34.876000,4.0609,0.1299
34.877000,4.0600,0.1299
34.878000,4.0582,0.1299
34.879000,4.0555,0.1300
34.880000,4.0517,0.1300
34.881000,4.0566,0.1301
34.882000,4.0606,0.1301
34.883000,4.0636,0.1302
34.884000,4.0656,0.1302
34.885000,4.0666,0.1303
34.886000,4.0667,0.1303
34.887000,4.0658,0.1303
34.888000,4.0640,0.1303
34.889000,4.0611,0.1304
34.890000,4.0574,0.1304
34.890000,4.3362,0.1314
34.891000,4.3421,0.1315
34.892000,4.3469,0.1315
34.893000,4.3508,0.1316
34.894000,4.3536,0.1316
34.895000,4.3553,0.1316
34.896000,4.3560,0.1317
34.897000,4.3556,0.1317
34.898000,4.3542,0.1318
34.899000,4.3517,0.1318
34.900000,4.3481,0.1318
34.901000,4.3543,0.1319
34.902000,4.3594,0.1319
34.903000,4.3634,0.1320
34.904000,4.3663,0.1320
34.905000,4.3682,0.1321
34.906000,4.3690,0.1321
34.907000,4.3687,0.1322
34.908000,4.3673,0.1322
34.909000,4.3649,0.1323
34.910000,4.3613,0.1323
34.911000,4.3675,0.1324
34.912000,4.3725,0.1324
34.913000,4.3765,0.1325
34.914000,4.3794,0.1325
34.915000,4.3812,0.1326
34.916000,4.3820,0.1326
34.917000,4.3817,0.1326
34.918000,4.3803,0.1326
34.919000,4.3778,0.1327
34.920000,4.3743,0.1327
34.921000,4.3803,0.1327
34.922000,4.3852,0.1328
34.923000,4.3891,0.1328
34.924000,4.3919,0.1328
34.925000,4.3937,0.1328
34.926000,4.3944,0.1328
34.926000,4.4412,0.1319
34.927000,4.4405,0.1319
34.928000,4.4388,0.1319
34.929000,4.4360,0.1319
34.930000,4.4322,0.1319
34.931000,4.4402,0.1320
34.932000,4.4473,0.1320
34.933000,4.4532,0.1320
34.934000,4.4582,0.1320
34.935000,4.4621,0.1321
34.936000,4.4649,0.1321
34.937000,4.4665,0.1321
34.938000,4.4665,0.1322
34.939000,4.4646,0.1322
34.940000,4.4604,0.1323
34.941000,4.4852,0.1323
34.942000,4.5075,0.1324
34.943000,4.5271,0.1324
34.944000,4.5438,0.1324
34.945000,4.5575,0.1325
34.946000,4.5681,0.1325
34.947000,4.5756,0.1326
34.948000,4.5798,0.1326
34.949000,4.5806,0.1326
34.950000,4.5782,0.1326
34.951000,4.6078,0.1326
34.951000,4.4665,0.1312
34.952000,4.4932,0.1312
34.952000,4.0382,0.1277
34.953000,4.0484,0.1277
34.954000,4.0552,0.1277
34.955000,4.0586,0.1278
34.956000,4.0587,0.1278
34.957000,4.0553,0.1278
34.958000,4.0486,0.1278
34.959000,4.0384,0.1278
34.960000,4.0249,0.1278
35.013000,4.1102,0.1295
35.027000,4.0970,0.1299
35.028000,4.0883,0.1300
35.029000,4.0766,0.1300
35.030000,4.0619,0.1301
35.031000,4.0743,0.1302
35.032000,4.0836,0.1303
35.033000,4.0899,0.1304
35.034000,4.0932,0.1305
35.035000,4.0935,0.1305
35.036000,4.0908,0.1306
35.037000,4.0850,0.1306
35.038000,4.0761,0.1307
35.039000,4.0643,0.1308
35.040000,4.0494,0.1308
35.041000,4.0616,0.1309
35.042000,4.0707,0.1309
35.043000,4.0769,0.1309
35.044000,4.0801,0.1309
35.045000,4.0802,0.1309
35.046000,4.0773,0.1309
35.047000,4.0714,0.1309
35.048000,4.0624,0.1309
35.049000,4.0505,0.1310
35.050000,4.0355,0.1310
35.051000,4.0474,0.1310
35.052000,4.0563,0.1310
35.053000,4.0622,0.1311
35.054000,4.0651,0.1311
35.055000,4.0650,0.1311
35.056000,4.0619,0.1311
35.057000,4.0557,0.1312
35.058000,4.0466,0.1312
35.059000,4.0345,0.1312
35.060000,4.0194,0.1313
35.061000,4.0309,0.1313
35.062000,4.0396,0.1314
35.063000,4.0452,0.1314
35.064000,4.0479,0.1315
35.065000,4.0475,0.1316
35.066000,4.0442,0.1316
35.067000,4.0378,0.1317
35.068000,4.0285,0.1318
35.069000,4.0162,0.1318
35.070000,4.0009,0.1318
35.071000,4.0122,0.1319
35.072000,4.0205,0.1319
35.073000,4.0259,0.1320
35.074000,4.0284,0.1320
35.075000,4.0278,0.1320
35.076000,4.0243,0.1321
35.077000,4.0178,0.1321
35.078000,4.0083,0.1322
35.079000,3.9959,0.1323
35.080000,3.9805,0.1323
35.080000,3.7841,0.1315
35.081000,3.7940,0.1316
35.082000,3.8011,0.1317
35.083000,3.8054,0.1317
35.084000,3.8068,0.1318
35.084000,4.2572,0.1302
35.085000,4.2588,0.1302
35.086000,4.2577,0.1303
35.087000,4.2540,0.1304
35.088000,4.2476,0.1304
35.089000,4.2385,0.1305
35.090000,4.2268,0.1305
35.091000,4.2384,0.1305
35.092000,4.2475,0.1306
35.093000,4.2539,0.1306
35.094000,4.2577,0.1307
35.095000,4.2588,0.1307
35.096000,4.2574,0.1308
35.097000,4.2533,0.1309
35.098000,4.2466,0.1309
35.099000,4.2373,0.1310
35.100000,4.2255,0.1310
35.101000,4.2364,0.1311
35.102000,4.2447,0.1311
35.103000,4.2505,0.1312
35.104000,4.2537,0.1313
35.105000,4.2544,0.1313
35.106000,4.2525,0.1314
35.107000,4.2481,0.1314
35.108000,4.2411,0.1314
35.109000,4.2316,0.1315
35.110000,4.2195,0.1315
35.111000,4.2291,0.1315
35.112000,4.2363,0.1315
35.113000,4.2409,0.1315
35.114000,4.2431,0.1315
35.115000,4.2427,0.1316
35.116000,4.2400,0.1316
35.117000,4.2348,0.1316
35.118000,4.2272,0.1317
35.119000,4.2173,0.1317
35.120000,4.2050,0.1318
35.121000,4.2132,0.1318
35.122000,4.2191,0.1318
35.123000,4.2227,0.1319
35.124000,4.2240,0.1319
35.125000,4.2229,0.1319
35.126000,4.2195,0.1320
35.127000,4.2138,0.1320
35.128000,4.2058,0.1320
35.129000,4.1954,0.1320
35.130000,4.1829,0.1321
35.131000,4.1901,0.1321
35.132000,4.1951,0.1322
35.133000,4.1979,0.1322
35.133000,4.3786,0.1331
35.134000,4.3819,0.1332
35.135000,4.3827,0.1332
35.136000,4.3810,0.1332
35.137000,4.3768,0.1333
35.138000,4.3701,0.1333
35.139000,4.3609,0.1334
35.140000,4.3492,0.1334
35.141000,4.3595,0.1335
35.142000,4.3673,0.1335
35.143000,4.3726,0.1336
35.144000,4.3754,0.1336
35.145000,4.3758,0.1336
35.146000,4.3737,0.1337
35.147000,4.3692,0.1337
35.148000,4.3622,0.1338
35.149000,4.3528,0.1338
35.150000,4.3410,0.1339
35.151000,4.3503,0.1339
35.152000,4.3573,0.1340
35.153000,4.3618,0.1340
35.154000,4.3639,0.1340
35.155000,4.3637,0.1340
35.156000,4.3609,0.1341
35.157000,4.3558,0.1341
35.158000,4.3482,0.1341
35.159000,4.3384,0.1342
35.160000,4.3264,0.1342
35.161000,4.3286,0.1342
35.165000,4.7182,0.1366
35.166000,4.7132,0.1366
35.167000,4.7065,0.1367
35.168000,4.6983,0.1367
35.169000,4.6886,0.1367
35.170000,4.6775,0.1367
35.171000,4.6781,0.1367
35.172000,4.6773,0.1368
35.173000,4.6751,0.1368
35.174000,4.6715,0.1368
35.175000,4.6666,0.1368
35.176000,4.6603,0.1368
35.177000,4.6526,0.1369
35.202000,4.3516,0.1375
35.203000,4.3157,0.1375
35.204000,4.2826,0.1375
35.205000,4.2523,0.1376
35.206000,4.2251,0.1376
35.207000,4.2009,0.1377
35.208000,4.1798,0.1377
35.209000,4.1620,0.1378
35.210000,4.1475,0.1378
35.211000,4.0988,0.1379
35.212000,4.0538,0.1379
35.213000,4.0125,0.1380
35.214000,3.9749,0.1380
35.215000,3.9411,0.1381
35.242000,3.9473,0.1384
35.251000,3.8597,0.1388
35.254000,3.7989,0.1388
35.255000,3.7862,0.1389
35.256000,3.7773,0.1389
35.257000,3.7720,0.1389
35.258000,3.7705,0.1389
35.259000,3.7727,0.1389
35.260000,3.7786,0.1389
35.261000,3.7489,0.1390
35.262000,3.7229,0.1390
35.263000,3.7009,0.1390
35.264000,3.6826,0.1390
35.265000,3.6684,0.1390
35.266000,3.6581,0.1391
35.267000,3.6519,0.1391
35.268000,3.6497,0.1391
35.269000,3.6516,0.1391
35.270000,3.6577,0.1391
35.271000,3.6254,0.1391
35.272000,3.5975,0.1391
35.273000,3.5739,0.1391
35.274000,3.5545,0.1391
35.275000,3.5394,0.1391
35.276000,3.5284,0.1392
35.277000,3.5215,0.1392
35.278000,3.5188,0.1393
35.279000,3.5201,0.1393
35.280000,3.5256,0.1394
35.281000,3.4950,0.1394
35.282000,3.4687,0.1395
35.283000,3.4465,0.1396
35.284000,3.4285,0.1396
35.285000,3.4145,0.1397
35.286000,3.4045,0.1397
35.287000,3.3984,0.1397
35.288000,3.3962,0.1398
35.289000,3.3978,0.1398
35.290000,3.4033,0.1399
35.291000,3.3748,0.1399
35.292000,3.3505,0.1400
35.293000,3.3301,0.1400
35.294000,3.3136,0.1400
35.295000,3.3009,0.1401
35.296000,3.2919,0.1401
35.297000,3.2866,0.1401
35.298000,3.2850,0.1402
35.299000,3.2870,0.1402
35.300000,3.2926,0.1402
35.301000,3.2663,0.1403
35.302000,3.2438,0.1403
35.303000,3.2252,0.1404
35.312000,3.8295,0.1426
35.313000,3.8160,0.1426
35.314000,3.8068,0.1426
35.315000,3.8018,0.1426
35.316000,3.8010,0.1427
35.317000,3.8045,0.1427
35.318000,3.8122,0.1427
35.319000,3.8241,0.1427
35.320000,3.8403,0.1428
35.321000,3.8190,0.1428
35.322000,3.8019,0.1428
35.323000,3.7891,0.1428
35.324000,3.7805,0.1429
35.325000,3.7760,0.1429
35.326000,3.7758,0.1429
35.327000,3.7796,0.1430
35.328000,3.7876,0.1430
35.329000,3.7997,0.1430
35.330000,3.8159,0.1430
35.331000,3.7965,0.1431
35.332000,3.7812,0.1431
35.333000,3.7699,0.1431
35.334000,3.7626,0.1432
35.335000,3.7593,0.1432
35.336000,3.7599,0.1432
35.336000,3.6084,0.1503
35.337000,3.6123,0.1503
35.338000,3.6205,0.1504
35.339000,3.6330,0.1504
35.351000,3.6113,0.1509
35.354000,3.5762,0.1510
35.355000,3.5728,0.1510
35.378000,3.4342,0.1506
35.379000,3.4463,0.1506
35.382000,3.4310,0.1508
35.383000,3.4211,0.1508
35.394000,3.4107,0.1511
35.400000,3.7740,0.1501
35.401000,3.7560,0.1501
35.402000,3.7418,0.1502
35.403000,3.7313,0.1502
35.404000,3.7244,0.1502
35.405000,3.7212,0.1503
35.406000,3.7216,0.1503
35.407000,3.7256,0.1503
35.408000,3.7333,0.1503
35.409000,3.7446,0.1503
35.410000,3.7595,0.1504
35.413000,3.7189,0.1504
35.414000,3.7126,0.1505
35.415000,3.7098,0.1505
35.416000,3.7106,0.1505
35.417000,3.7149,0.1506
35.418000,3.7227,0.1506
35.419000,3.7341,0.1506
35.420000,3.7491,0.1507
35.421000,3.7326,0.1507
35.422000,3.7198,0.1507
35.423000,3.7105,0.1508
35.424000,3.7046,0.1508
35.425000,3.7023,0.1509
35.426000,3.7035,0.1509
35.426000,3.5344,0.1495
35.427000,3.5382,0.1496
35.428000,3.5454,0.1496
35.429000,3.5560,0.1497
35.430000,3.5701,0.1497
35.431000,3.5542,0.1498
35.432000,3.5418,0.1498
35.433000,3.5328,0.1499
35.434000,3.5272,0.1499
35.435000,3.5249,0.1499
35.436000,3.5259,0.1500
35.437000,3.5302,0.1500
35.438000,3.5378,0.1500
35.439000,3.5487,0.1501
35.440000,3.5629,0.1501
35.441000,3.5479,0.1501
35.442000,3.5362,0.1501
35.443000,3.5277,0.1501
35.444000,3.5226,0.1501
35.445000,3.5207,0.1501
35.446000,3.5220,0.1502
35.447000,3.5266,0.1502
35.448000,3.5344,0.1502
35.449000,3.5454,0.1503
35.450000,3.5597,0.1503
35.451000,3.5454,0.1503
35.452000,3.5345,0.1504
35.453000,3.5267,0.1504
35.454000,3.5222,0.1505
35.455000,3.5209,0.1506
35.456000,3.5228,0.1506
35.457000,3.5277,0.1507
35.458000,3.5359,0.1507
35.459000,3.5471,0.1508
35.460000,3.5614,0.1509
35.460000,3.6707,0.1499
35.461000,3.6579,0.1500
35.462000,3.6482,0.1500
35.463000,3.6416,0.1501
35.464000,3.6379,0.1501
35.465000,3.6372,0.1501
35.466000,3.6394,0.1501
35.467000,3.6446,0.1501
35.468000,3.6527,0.1501
35.469000,3.6637,0.1502
35.470000,3.6777,0.1502
35.471000,3.6659,0.1502
35.472000,3.6570,0.1502
35.472000,3.5732,0.1484
35.473000,3.5656,0.1484
35.474000,3.5611,0.1484
35.475000,3.5596,0.1485
35.476000,3.5611,0.1485
35.477000,3.5656,0.1486
35.478000,3.5731,0.1486
35.479000,3.5836,0.1487
35.480000,3.5972,0.1487
35.481000,3.5842,0.1488
35.482000,3.5743,0.1488
35.491000,3.5893,0.1492
35.492000,3.5804,0.1493
35.493000,3.5744,0.1493
35.494000,3.5713,0.1493
35.495000,3.5711,0.1494
35.496000,3.5737,0.1494
35.497000,3.5791,0.1494
35.498000,3.5872,0.1494
35.499000,3.5981,0.1494
35.500000,3.6116,0.1495
35.501000,3.6020,0.1495
35.502000,3.5951,0.1496
35.503000,3.5909,0.1496
35.504000,3.5893,0.1497
35.505000,3.5902,0.1497
35.506000,3.5938,0.1498
35.507000,3.5999,0.1498
35.508000,3.6085,0.1498
35.509000,3.6197,0.1499
35.510000,3.6335,0.1499
35.511000,3.6403,0.1499
35.512000,3.6490,0.1500
35.513000,3.6592,0.1500
35.514000,3.6705,0.1501
35.515000,3.6827,0.1501
35.516000,3.6957,0.1501
35.516000,3.7693,0.1511
35.517000,3.7819,0.1511
35.518000,3.7950,0.1512
35.519000,3.8084,0.1512
35.520000,3.8220,0.1512
35.521000,3.8390,0.1512
35.522000,3.8560,0.1512
35.523000,3.8731,0.1512
35.524000,3.8900,0.1513
35.525000,3.9069,0.1513
35.526000,3.9237,0.1513
35.527000,3.9404,0.1513
35.528000,3.9569,0.1514
35.529000,3.9732,0.1514
35.530000,3.9894,0.1515
35.531000,4.0087,0.1515
35.532000,4.0277,0.1516
35.533000,4.0465,0.1516
35.534000,4.0650,0.1516
35.535000,4.0832,0.1516
35.536000,4.1011,0.1517
35.536000,3.8084,0.1505
35.537000,3.8247,0.1505
35.538000,3.8407,0.1505
35.539000,3.8565,0.1505
35.540000,3.8721,0.1506
35.541000,3.8968,0.1506
35.542000,3.9209,0.1507
35.543000,3.9444,0.1507
35.544000,3.9670,0.1508
35.545000,3.9888,0.1508
35.546000,4.0095,0.1509
35.547000,4.0292,0.1509
35.548000,4.0477,0.1510
35.549000,4.0651,0.1510
35.550000,4.0812,0.1510
35.551000,4.1107,0.1511
35.552000,4.1389,0.1511
35.553000,4.1658,0.1511
35.554000,4.1913,0.1511
35.555000,4.2155,0.1511
35.556000,4.2384,0.1511
35.557000,4.2599,0.1511
35.557000,3.6656,0.1506
35.558000,3.6698,0.1506
35.559000,3.6724,0.1506
35.560000,3.6737,0.1507
35.561000,3.6886,0.1507
35.562000,3.7021,0.1507
35.563000,3.7141,0.1507
35.563000,3.4130,0.1473
35.564000,3.4171,0.1473
35.565000,3.4197,0.1473
35.566000,3.4207,0.1473
35.567000,3.4201,0.1473
35.568000,3.4180,0.1473
35.569000,3.4144,0.1473
35.570000,3.4092,0.1473
35.571000,3.4180,0.1474
35.572000,3.4253,0.1474
35.573000,3.4311,0.1474
35.574000,3.4352,0.1475
35.575000,3.4379,0.1475
35.576000,3.4389,0.1475
35.577000,3.4384,0.1476
35.578000,3.4364,0.1477
35.579000,3.4328,0.1477
35.580000,3.4277,0.1478
35.581000,3.4364,0.1478
35.582000,3.4436,0.1479
35.583000,3.4493,0.1479
35.584000,3.4535,0.1479
35.585000,3.4560,0.1480
35.586000,3.4571,0.1480
35.587000,3.4566,0.1480
35.588000,3.4546,0.1481
35.589000,3.4510,0.1481
35.590000,3.4459,0.1482
35.591000,3.4563,0.1482
35.592000,3.4652,0.1482
35.593000,3.4725,0.1483
35.594000,3.4783,0.1483
35.595000,3.4826,0.1484
35.595000,3.7816,0.1507
35.596000,3.7839,0.1508
35.597000,3.7843,0.1508
35.598000,3.7829,0.1509
35.599000,3.7793,0.1509
35.600000,3.7736,0.1509
35.601000,3.7934,0.1509
35.602000,3.8108,0.1510
35.603000,3.8258,0.1510
35.604000,3.8384,0.1510
35.605000,3.8485,0.1510
35.606000,3.8561,0.1510
35.607000,3.8610,0.1510
35.608000,3.8629,0.1510
35.609000,3.8614,0.1510
35.610000,3.8564,0.1510
35.611000,3.8917,0.1510
35.612000,3.9232,0.1510
35.613000,3.9508,0.1510
35.614000,3.9742,0.1510
35.615000,3.9934,0.1510
35.615000,4.0965,0.1502
35.616000,4.1082,0.1502
35.617000,4.1154,0.1502
35.621000,4.1461,0.1503
35.622000,4.1787,0.1504
35.623000,4.2066,0.1504
35.624000,4.2296,0.1504
35.625000,4.2479,0.1504
35.626000,4.2613,0.1504
35.627000,4.2699,0.1504
35.628000,4.2735,0.1504
35.629000,4.2723,0.1504
35.630000,4.2661,0.1504
35.641000,4.4648,0.1506
35.642000,4.4978,0.1506
35.643000,4.5259,0.1507
35.647000,4.5895,0.1508
35.648000,4.5932,0.1508
35.649000,4.5921,0.1509
35.650000,4.5861,0.1509
35.651000,4.6229,0.1510
35.652000,4.6550,0.1510
35.653000,4.6823,0.1511
35.654000,4.7048,0.1511
35.655000,4.7226,0.1512
35.673000,4.9865,0.1520
35.674000,5.0089,0.1520
35.675000,5.0264,0.1520
35.676000,5.0392,0.1521
35.677000,5.0473,0.1521
35.678000,5.0505,0.1521
35.679000,5.0490,0.1521
35.680000,5.0427,0.1521
35.681000,5.0791,0.1521
35.682000,5.1107,0.1521
35.683000,5.1376,0.1522
35.684000,5.1598,0.1522
35.685000,5.1773,0.1522
35.686000,5.1900,0.1523
35.687000,5.1979,0.1524
35.688000,5.2011,0.1524
35.689000,5.1995,0.1524
35.690000,5.1932,0.1525
35.691000,5.2295,0.1525
35.692000,5.2611,0.1526
35.693000,5.2880,0.1526
35.694000,5.3101,0.1526
35.695000,5.3275,0.1527
35.696000,5.3402,0.1527
35.696000,4.6202,0.1548
35.697000,4.6160,0.1548
35.698000,4.6074,0.1549
35.699000,4.5944,0.1550
35.700000,4.5770,0.1550
35.701000,4.5987,0.1550
35.702000,4.6160,0.1551
35.703000,4.6290,0.1551
35.704000,4.6376,0.1552
35.705000,4.6418,0.1552
35.706000,4.6417,0.1552
35.707000,4.6371,0.1552
35.708000,4.6282,0.1553
35.709000,4.6150,0.1553
35.710000,4.5974,0.1553
35.711000,4.6175,0.1553
35.712000,4.6333,0.1553
35.713000,4.6449,0.1554
35.714000,4.6523,0.1554
35.715000,4.6555,0.1555
35.716000,4.6544,0.1555
35.717000,4.6491,0.1555
35.718000,4.6396,0.1556
35.719000,4.6259,0.1556
35.720000,4.6081,0.1557
35.721000,4.6272,0.1557
35.721000,4.7374,0.1583
35.722000,4.7528,0.1584
35.723000,4.7641,0.1584
35.724000,4.7714,0.1584
35.725000,4.7746,0.1585
35.726000,4.7738,0.1585
35.727000,4.7690,0.1585
35.728000,4.7601,0.1586
35.729000,4.7472,0.1586
35.730000,4.7303,0.1586
35.731000,4.7492,0.1586
35.732000,4.7641,0.1587
35.733000,4.7750,0.1587
35.734000,4.7819,0.1587
35.734000,4.6878,0.1599
35.735000,4.6917,0.1599
35.736000,4.6918,0.1599
35.737000,4.6882,0.1599
35.738000,4.6808,0.1599
35.739000,4.6696,0.1599
35.740000,4.6547,0.1600
35.741000,4.6732,0.1600
35.742000,4.6880,0.1601
35.743000,4.6990,0.1601
35.744000,4.7064,0.1602
35.763000,4.6953,0.1560
35.806000,4.6254,0.1573
35.807000,4.6184,0.1573
35.808000,4.6084,0.1573
35.809000,4.5953,0.1574
35.810000,4.5792,0.1574
35.811000,4.5857,0.1575
35.830000,4.3964,0.1583
35.831000,4.3863,0.1584
35.832000,4.3752,0.1584
35.833000,4.3630,0.1584
35.834000,4.3500,0.1585
35.835000,4.3359,0.1585
35.836000,4.3210,0.1585
35.837000,4.3051,0.1586
35.838000,4.2883,0.1586
35.839000,4.2705,0.1587
35.895000,3.2968,0.1604
35.896000,3.2756,0.1605
35.927000,4.5298,0.1624
35.928000,4.5226,0.1625
35.929000,4.5162,0.1625
35.930000,4.5107,0.1626
35.931000,4.4969,0.1626
35.932000,4.4840,0.1626
35.933000,4.4719,0.1627
35.934000,4.4606,0.1627
35.935000,4.4502,0.1627
35.936000,4.4408,0.1627
35.937000,4.4322,0.1628
35.938000,4.4247,0.1628
35.939000,4.4181,0.1628
35.940000,4.4126,0.1628
35.953000,4.2664,0.1631
35.954000,4.2544,0.1631
35.955000,4.2435,0.1632
35.956000,4.2336,0.1632
35.957000,4.2247,0.1632
35.958000,4.2170,0.1633
35.959000,4.2102,0.1633
35.960000,4.2046,0.1634
35.961000,4.1879,0.1635
35.962000,4.1722,0.1635
35.963000,4.1576,0.1636
35.964000,4.1441,0.1636
35.965000,4.1316,0.1637
35.966000,4.1205,0.1638
35.967000,4.1106,0.1638
35.970000,5.1017,0.1662
35.974000,5.0622,0.1665
35.977000,5.0496,0.1666
35.978000,5.0487,0.1666
35.979000,5.0495,0.1667
35.980000,5.0520,0.1667
35.981000,5.0242,0.1668
35.982000,4.9988,0.1668
35.983000,4.9762,0.1669
35.984000,4.9566,0.1669
35.985000,4.9403,0.1670
35.986000,4.9275,0.1670
35.987000,4.9182,0.1670
35.988000,4.9126,0.1671
35.989000,4.9109,0.1671
35.990000,4.9130,0.1672
35.991000,4.8760,0.1672
35.992000,4.8432,0.1673
35.993000,4.8146,0.1674
35.994000,4.7902,0.1674
35.995000,4.7701,0.1675
35.996000,4.7541,0.1675
35.997000,4.7423,0.1676
35.998000,4.7346,0.1676
35.999000,4.7310,0.1677
36.000000,4.7316,0.1677
36.000000,4.5488,0.1626
36.001000,4.5172,0.1627
36.002000,4.4898,0.1628
36.003000,4.4666,0.1629
36.004000,4.4474,0.1629
36.005000,4.4322,0.1630
36.006000,4.4210,0.1631
36.007000,4.4136,0.1632
36.008000,4.4102,0.1632
36.009000,4.4105,0.1633
36.010000,4.4147,0.1634
36.011000,4.3875,0.1634
36.012000,4.3643,0.1635
36.013000,4.3450,0.1635
36.014000,4.3295,0.1636
36.015000,4.3175,0.1636
36.016000,4.3090,0.1637
36.017000,4.3039,0.1637
36.018000,4.3020,0.1638
36.019000,4.3034,0.1638
36.020000,4.3080,0.1638
36.021000,4.2858,0.1639
36.022000,4.2671,0.1639
36.023000,4.2518,0.1639
36.024000,4.2397,0.1640
36.025000,4.2307,0.1640
36.029000,4.2805,0.1641
36.030000,4.2956,0.1641
36.031000,4.2806,0.1641
36.032000,4.2691,0.1641
36.033000,4.2611,0.1642
36.034000,4.2564,0.1642
36.034000,4.4157,0.1676
36.035000,4.4119,0.1676
36.036000,4.4117,0.1677
36.037000,4.4151,0.1677
36.038000,4.4220,0.1678
36.039000,4.4326,0.1678
36.040000,4.4469,0.1679
36.041000,4.4294,0.1679
36.042000,4.4155,0.1680
36.045000,4.3954,0.1681
36.046000,4.3958,0.1681
36.047000,4.3997,0.1682
36.048000,4.4070,0.1682
36.049000,4.4178,0.1683
36.050000,4.4322,0.1684
36.051000,4.4165,0.1684
36.052000,4.4044,0.1685
36.053000,4.3956,0.1685
36.054000,4.3903,0.1685
36.055000,4.3882,0.1686
36.056000,4.3894,0.1686
36.057000,4.3940,0.1687
36.058000,4.4018,0.1687
36.059000,4.4129,0.1687
36.059000,4.2747,0.1697
36.060000,4.2876,0.1697
36.061000,4.2712,0.1697
36.062000,4.2582,0.1698
36.063000,4.2485,0.1698
36.086000,3.9147,0.1753
36.087000,3.9175,0.1753
36.088000,3.9236,0.1753
36.089000,3.9330,0.1754
36.090000,3.9457,0.1754
36.091000,3.9290,0.1755
36.092000,3.9158,0.1755
36.106000,3.8789,0.1760
36.107000,3.8822,0.1761
36.108000,3.8886,0.1761
36.109000,3.8982,0.1762
36.110000,3.9111,0.1762
36.111000,3.8955,0.1763
36.112000,3.8832,0.1763
36.113000,3.8741,0.1763
36.114000,3.8682,0.1764
36.115000,3.8654,0.1764
36.116000,3.8658,0.1764
36.117000,3.8693,0.1765
36.118000,3.8760,0.1765
36.119000,3.8858,0.1766
36.120000,3.8987,0.1766
36.121000,3.8842,0.1767
36.127000,3.8622,0.1768
36.128000,3.8692,0.1768
36.129000,3.8793,0.1769
36.130000,3.8924,0.1769
36.131000,3.8787,0.1769
36.132000,3.8682,0.1769
36.133000,3.8606,0.1769
36.134000,3.8561,0.1769
36.135000,3.8546,0.1769
36.136000,3.8560,0.1769
36.137000,3.8603,0.1769
36.138000,3.8676,0.1769
36.139000,3.8778,0.1769
36.140000,3.8910,0.1770
36.141000,3.8783,0.1770
36.142000,3.8686,0.1770
36.143000,3.8618,0.1770
36.144000,3.8579,0.1771
36.145000,3.8569,0.1771
36.146000,3.8587,0.1771
36.147000,3.8634,0.1771
36.148000,3.8710,0.1771
36.149000,3.8814,0.1771
36.150000,3.8948,0.1772
36.151000,3.8828,0.1772
36.152000,3.8736,0.1772
36.153000,3.8674,0.1772
36.154000,3.8640,0.1772
36.155000,3.8634,0.1773
36.156000,3.8657,0.1773
36.157000,3.8707,0.1774
36.158000,3.8785,0.1774
36.159000,3.8891,0.1774
36.160000,3.9025,0.1775
36.161000,3.8911,0.1775
36.162000,3.8826,0.1776
36.163000,3.8769,0.1776
36.164000,3.8740,0.1777
36.165000,3.8738,0.1777
36.166000,3.8763,0.1778
36.167000,3.8816,0.1778
36.168000,3.8896,0.1779
36.169000,3.9004,0.1779
36.170000,3.9139,0.1780
36.171000,3.9032,0.1780
36.172000,3.8952,0.1780
36.173000,3.8900,0.1781
36.174000,3.8875,0.1781
36.175000,3.8877,0.1781
36.176000,3.8905,0.1782
36.177000,3.8961,0.1783
36.177000,3.6873,0.1727
36.178000,3.6930,0.1727
36.178000,3.5641,0.1728
36.179000,3.5712,0.1729
36.180000,3.5808,0.1729
36.181000,3.5689,0.1730
36.182000,3.5595,0.1730
36.183000,3.5526,0.1730
36.184000,3.5480,0.1731
36.185000,3.5459,0.1731
36.186000,3.5460,0.1732
36.187000,3.5486,0.1732
36.188000,3.5534,0.1733
36.189000,3.5607,0.1733
36.190000,3.5703,0.1734
36.191000,3.5589,0.1734
36.192000,3.5499,0.1735
36.193000,3.5433,0.1735
36.194000,3.5391,0.1735
36.195000,3.5371,0.1736
36.196000,3.5375,0.1736
36.197000,3.5402,0.1737
36.198000,3.5451,0.1737
36.199000,3.5524,0.1737
36.200000,3.5621,0.1737
36.201000,3.5513,0.1738
36.202000,3.5429,0.1738
36.203000,3.5368,0.1738
36.204000,3.5331,0.1738
36.205000,3.5315,0.1739
36.206000,3.5323,0.1738
36.207000,3.5353,0.1738
36.208000,3.5405,0.1739
36.209000,3.5480,0.1739
36.210000,3.5578,0.1739
36.211000,3.5475,0.1740
36.212000,3.5396,0.1740
36.213000,3.5340,0.1740
36.214000,3.5306,0.1741
36.215000,3.5294,0.1741
36.216000,3.5304,0.1741
36.217000,3.5336,0.1741
36.218000,3.5390,0.1742
36.219000,3.5467,0.1742
36.220000,3.5566,0.1742
36.221000,3.5466,0.1743
36.222000,3.5390,0.1743
36.223000,3.5336,0.1744
36.224000,3.5303,0.1744
36.225000,3.5293,0.1745
36.226000,3.5304,0.1745
36.227000,3.5337,0.1745
36.228000,3.5391,0.1745
36.229000,3.5468,0.1746
36.230000,3.5566,0.1746
36.231000,3.5471,0.1746
36.232000,3.5399,0.1747
36.233000,3.5348,0.1747
36.234000,3.5319,0.1748
36.235000,3.5311,0.1748
36.236000,3.5325,0.1748
36.237000,3.5360,0.1748
36.238000,3.5416,0.1749
36.239000,3.5494,0.1749
36.240000,3.5594,0.1749
36.241000,3.5506,0.1750
36.242000,3.5440,0.1750
36.243000,3.5396,0.1750
36.243000,3.4659,0.1745
36.244000,3.4625,0.1745
36.245000,3.4615,0.1745
36.246000,3.4626,0.1745
36.247000,3.4660,0.1745
36.248000,3.4716,0.1746
36.249000,3.4795,0.1746
36.250000,3.4894,0.1746
36.251000,3.4981,0.1746
36.252000,3.5080,0.1746
36.253000,3.5187,0.1746
36.254000,3.5299,0.1746
36.255000,3.5415,0.1746
36.256000,3.5533,0.1747
36.257000,3.5651,0.1747
36.258000,3.5767,0.1747
36.259000,3.5882,0.1747
36.260000,3.5993,0.1748
36.261000,3.6184,0.1748
36.262000,3.6370,0.1749
36.263000,3.6552,0.1749
36.264000,3.6728,0.1750
36.265000,3.6898,0.1750
36.266000,3.7063,0.1751
36.267000,3.7221,0.1751
36.268000,3.7373,0.1751
36.269000,3.7518,0.1752
36.270000,3.7656,0.1752
36.271000,3.7873,0.1753
36.272000,3.8082,0.1753
36.273000,3.8284,0.1754
36.274000,3.8479,0.1754
36.275000,3.8666,0.1754
36.276000,3.8846,0.1754
36.277000,3.9018,0.1754
36.278000,3.9182,0.1754
36.279000,3.9338,0.1755
36.280000,3.9487,0.1755
36.281000,3.9804,0.1755
36.281000,3.4715,0.1742
36.282000,3.4825,0.1742
36.283000,3.4925,0.1742
36.284000,3.5012,0.1742
36.285000,3.5083,0.1743
36.286000,3.5138,0.1743
36.287000,3.5173,0.1743
36.288000,3.5187,0.1744
36.289000,3.5180,0.1744
36.290000,3.5149,0.1744
36.291000,3.5372,0.1744
36.292000,3.5572,0.1744
36.293000,3.5748,0.1744
36.294000,3.5899,0.1745
36.295000,3.6025,0.1745
36.296000,3.6123,0.1745
36.297000,3.6195,0.1745
36.298000,3.6239,0.1746
36.299000,3.6255,0.1746
36.300000,3.6243,0.1746
36.301000,3.6511,0.1747
36.302000,3.6752,0.1747
36.303000,3.6966,0.1747
36.304000,3.7151,0.1747
36.305000,3.7306,0.1748
36.306000,3.7429,0.1748
36.307000,3.7520,0.1748
36.308000,3.7578,0.1749
36.309000,3.7602,0.1749
36.310000,3.7591,0.1749
36.327000,4.0822,0.1754
36.328000,4.0901,0.1754
36.329000,4.0940,0.1754
36.330000,4.0938,0.1755
36.331000,4.1302,0.1755
36.332000,4.1628,0.1756
36.333000,4.1914,0.1756
36.334000,4.2161,0.1756
36.335000,4.2367,0.1757
36.336000,4.2532,0.1757
36.337000,4.2656,0.1758
36.338000,4.2739,0.1758
36.339000,4.2779,0.1759
36.340000,4.2778,0.1759
36.341000,4.3152,0.1760
36.342000,4.3487,0.1760
36.343000,4.3781,0.1760
36.344000,4.4034,0.1761
36.345000,4.4245,0.1761
36.346000,4.4414,0.1761
36.347000,4.4541,0.1761
36.348000,4.4625,0.1762
36.349000,4.4667,0.1762
36.350000,4.4665,0.1762
36.351000,4.5047,0.1763
36.352000,4.5388,0.1763
36.353000,4.5687,0.1764
36.354000,4.5945,0.1764
36.355000,4.6159,0.1764
36.356000,4.6331,0.1765
36.357000,4.6459,0.1765
36.358000,4.6545,0.1765
36.359000,4.6586,0.1766
36.360000,4.6585,0.1766
36.361000,4.6971,0.1767
36.362000,4.7315,0.1767
36.363000,4.7617,0.1767
36.364000,4.7876,0.1768
36.365000,4.8092,0.1768
36.366000,4.8264,0.1769
36.367000,4.8393,0.1769
36.368000,4.8478,0.1770
36.369000,4.8520,0.1770
36.370000,4.8519,0.1770
36.371000,4.8899,0.1770
36.372000,4.9237,0.1771
36.373000,4.9534,0.1771
36.374000,4.9788,0.1771
36.375000,5.0000,0.1771
36.376000,5.0170,0.1772
36.377000,5.0297,0.1772
36.378000,5.0380,0.1772
36.379000,5.0421,0.1773
36.380000,5.0418,0.1773
36.380000,3.8704,0.1771
36.381000,3.8859,0.1771
36.382000,3.8982,0.1772
36.383000,3.9073,0.1772
36.384000,3.9131,0.1772
36.385000,3.9157,0.1772
36.386000,3.9149,0.1773
36.387000,3.9109,0.1773
36.388000,3.9036,0.1773
36.389000,3.8931,0.1774
36.390000,3.8794,0.1774
36.391000,3.8944,0.1774
36.392000,3.9063,0.1774
36.393000,3.9149,0.1774
36.394000,3.9204,0.1775
36.395000,3.9225,0.1775
36.396000,3.9215,0.1775
36.409000,3.9001,0.1780
36.435000,3.9913,0.1814
36.438000,3.9763,0.1816
36.439000,3.9658,0.1817
36.440000,3.9524,0.1817
36.441000,3.9612,0.1818
36.442000,3.9674,0.1818
36.443000,3.9710,0.1819
36.444000,3.9721,0.1819
36.445000,3.9706,0.1820
36.446000,3.9666,0.1820
36.447000,3.9602,0.1820
36.448000,3.9513,0.1821
36.449000,3.9401,0.1821
36.450000,3.9265,0.1822
36.451000,3.9331,0.1822
36.452000,3.9375,0.1823
36.453000,3.9395,0.1823
36.454000,3.9392,0.1823
36.455000,3.9366,0.1824
36.456000,3.9316,0.1824
36.457000,3.9243,0.1825
36.458000,3.9147,0.1825
36.459000,3.9028,0.1825
36.460000,3.8886,0.1826
36.461000,3.8946,0.1826
36.462000,3.8985,0.1827
36.463000,3.9001,0.1827
36.464000,3.8994,0.1828
36.465000,3.8964,0.1828
36.466000,3.8910,0.1828
36.467000,3.8834,0.1828
36.468000,3.8735,0.1829
36.469000,3.8613,0.1829
36.470000,3.8469,0.1829
36.471000,3.8525,0.1829
36.472000,3.8559,0.1829
36.473000,3.8570,0.1830
36.474000,3.8559,0.1830
36.475000,3.8525,0.1830
36.476000,3.8468,0.1831
36.477000,3.8389,0.1831
36.478000,3.8286,0.1831
36.479000,3.8162,0.1831
36.480000,3.8015,0.1831
36.481000,3.8043,0.1831
36.482000,3.8048,0.1831
36.483000,3.8032,0.1832
36.484000,3.7993,0.1832
36.485000,3.7931,0.1832
36.486000,3.7848,0.1832
36.487000,3.7747,0.1832
36.488000,3.7630,0.1833
36.489000,3.7498,0.1833
36.490000,3.7353,0.1833
36.491000,3.7270,0.1833
36.492000,3.7177,0.1834
36.493000,3.7073,0.1834
36.493000,4.0009,0.1816
36.494000,3.9934,0.1817
36.495000,3.9851,0.1817
36.495000,3.8373,0.1810
36.496000,3.8295,0.1811
36.497000,3.8212,0.1811
36.498000,3.8124,0.1812
36.499000,3.8032,0.1812
36.500000,3.7936,0.1812
36.501000,3.7839,0.1813
36.502000,3.7737,0.1813
36.503000,3.7633,0.1814
36.504000,3.7525,0.1814
36.504000,3.6459,0.1796
36.505000,3.6411,0.1796
36.506000,3.6361,0.1796
36.507000,3.6313,0.1797
36.508000,3.6266,0.1797
36.509000,3.6223,0.1798
36.510000,3.6183,0.1798
36.511000,3.6068,0.1799
36.512000,3.5958,0.1800
36.513000,3.5854,0.1801
36.514000,3.5756,0.1801
36.515000,3.5664,0.1802
36.516000,3.5579,0.1803
36.517000,3.5501,0.1803
36.526000,3.4426,0.1805
36.527000,3.4328,0.1805
36.528000,3.4245,0.1806
36.529000,3.4178,0.1806
36.530000,3.4125,0.1806
36.531000,3.3933,0.1807
36.532000,3.3757,0.1807
36.533000,3.3598,0.1807
36.534000,3.3455,0.1808
36.535000,3.3328,0.1808
36.552000,3.3439,0.1812
36.553000,3.3353,0.1813
36.554000,3.3285,0.1813
36.555000,3.3235,0.1814
36.556000,3.3202,0.1814
36.557000,3.3186,0.1814
36.558000,3.3188,0.1814
36.559000,3.3207,0.1815
36.560000,3.3243,0.1815
36.561000,3.3124,0.1815
36.562000,3.3022,0.1816
36.563000,3.2938,0.1816
36.564000,3.2871,0.1816
36.575000,3.2322,0.1818
36.576000,3.2279,0.1818
36.577000,3.2255,0.1818
36.578000,3.2250,0.1819
36.579000,3.2265,0.1819
36.580000,3.2300,0.1819
36.581000,3.2154,0.1819
36.582000,3.2028,0.1819
36.583000,3.1922,0.1820
36.584000,3.1837,0.1820
36.585000,3.1771,0.1821
36.586000,3.1725,0.1821
36.587000,3.1699,0.1822
36.588000,3.1693,0.1822
36.589000,3.1706,0.1823
36.590000,3.1739,0.1823
36.591000,3.1596,0.1823
36.592000,3.1473,0.1824
36.593000,3.1371,0.1824
36.594000,3.1288,0.1824
36.595000,3.1224,0.1825
36.596000,3.1180,0.1825
36.597000,3.1155,0.1825
36.598000,3.1150,0.1825
36.599000,3.1163,0.1826
36.600000,3.1196,0.1826
36.601000,3.1049,0.1826
36.602000,3.0923,0.1827
36.603000,3.0817,0.1827
36.604000,3.0731,0.1827
36.605000,3.0665,0.1827
36.606000,3.0619,0.1828
36.608000,3.0585,0.1828
36.612000,3.0361,0.1831
36.613000,3.0258,0.1831
36.614000,3.0174,0.1832
36.615000,3.0111,0.1833
36.616000,3.0066,0.1834
36.617000,3.0041,0.1834
36.618000,3.0034,0.1835
36.619000,3.0047,0.1836
36.620000,3.0078,0.1836
36.621000,2.9942,0.1837
36.622000,2.9825,0.1837
36.623000,2.9729,0.1837
36.624000,2.9651,0.1838
36.625000,2.9592,0.1838
36.626000,2.9551,0.1839
36.627000,2.9529,0.1839
36.628000,2.9524,0.1840
36.629000,2.9537,0.1840
36.630000,2.9568,0.1841
36.631000,2.9442,0.1841
36.632000,2.9334,0.1841
36.633000,2.9245,0.1842
36.634000,2.9174,0.1842
36.635000,2.9121,0.1843
36.636000,2.9085,0.1843
36.637000,2.9066,0.1844
36.638000,2.9064,0.1845
36.639000,2.9078,0.1846
36.640000,2.9109,0.1846
36.640000,3.0280,0.1838
36.641000,3.0160,0.1839
36.642000,3.0061,0.1839
36.643000,2.9982,0.1839
36.644000,2.9925,0.1840
36.645000,2.9888,0.1840
36.646000,2.9871,0.1840
36.647000,2.9875,0.1840
36.648000,2.9899,0.1841
36.649000,2.9943,0.1841
36.650000,3.0008,0.1841
36.651000,2.9931,0.1842
36.652000,2.9875,0.1842
36.653000,2.9838,0.1843
36.654000,2.9818,0.1843
36.655000,2.9815,0.1844
36.656000,2.9826,0.1844
36.657000,2.9852,0.1844
36.658000,2.9890,0.1844
36.659000,2.9941,0.1845
36.660000,3.0005,0.1845
36.660000,3.3067,0.1818
36.661000,3.3051,0.1819
36.662000,3.3046,0.1819
36.663000,3.3054,0.1819
36.664000,3.3072,0.1820
36.665000,3.3101,0.1820
36.666000,3.3141,0.1821
36.667000,3.3191,0.1821
36.668000,3.3253,0.1821
36.669000,3.3324,0.1821
36.670000,3.3406,0.1822
36.671000,3.3402,0.1822
36.672000,3.3408,0.1822
36.673000,3.3424,0.1822
36.674000,3.3450,0.1822
36.675000,3.3486,0.1823
36.676000,3.3532,0.1823
36.677000,3.3587,0.1823
36.678000,3.3653,0.1824
36.679000,3.3728,0.1824
36.680000,3.3814,0.1824
36.681000,3.3818,0.1825
36.682000,3.3831,0.1825
36.683000,3.3855,0.1825
36.684000,3.3888,0.1826
36.685000,3.3931,0.1826
36.686000,3.3983,0.1826
36.687000,3.4044,0.1827
36.688000,3.4114,0.1827
36.689000,3.4193,0.1827
36.690000,3.4280,0.1828
36.691000,3.4301,0.1828
36.692000,3.4329,0.1828
36.693000,3.4366,0.1829
36.694000,3.4410,0.1829
36.695000,3.4462,0.1830
36.696000,3.4522,0.1830
36.697000,3.4590,0.1831
36.698000,3.4666,0.1831
36.699000,3.4749,0.1832
36.700000,3.4841,0.1832
36.701000,3.4866,0.1833
36.701000,3.1137,0.1814
36.703000,3.0540,0.1821
36.704000,3.0516,0.1821
36.705000,3.0499,0.1822
36.735000,3.1016,0.1835
36.736000,3.1066,0.1835
36.737000,3.1111,0.1835
36.738000,3.1151,0.1835
36.739000,3.1185,0.1835
36.740000,3.1214,0.1835
36.741000,3.1310,0.1835
36.742000,3.1399,0.1836
36.743000,3.1481,0.1836
36.791000,3.1006,0.1819
36.799000,3.0970,0.1824
36.807000,3.0986,0.1827
36.812000,3.0939,0.1829
36.813000,3.0955,0.1829
36.814000,3.0962,0.1830
36.815000,3.0961,0.1830
36.816000,3.0951,0.1830
36.817000,3.0933,0.1831
36.818000,3.0906,0.1831
36.819000,3.0870,0.1832
36.820000,3.0826,0.1832
36.853000,3.1023,0.1847
36.869000,3.1231,0.1850
36.870000,3.1190,0.1850
36.871000,3.1267,0.1850
36.872000,3.1332,0.1850
36.873000,3.1383,0.1850
36.874000,3.1421,0.1851
36.875000,3.1446,0.1851
36.876000,3.1458,0.1851
36.877000,3.1456,0.1851
36.878000,3.1441,0.1852
36.879000,3.1412,0.1852
36.880000,3.1371,0.1852
36.881000,3.1458,0.1852
36.899000,3.2037,0.1859
36.900000,3.1998,0.1860
36.901000,3.2117,0.1860
36.902000,3.2220,0.1861
36.903000,3.2305,0.1861
36.904000,3.2373,0.1862
36.905000,3.2423,0.1862
36.906000,3.2456,0.1863
36.907000,3.2471,0.1863
36.908000,3.2468,0.1863
36.909000,3.2448,0.1863
36.910000,3.2409,0.1864
36.911000,3.2532,0.1864
36.912000,3.2637,0.1864
36.913000,3.2725,0.1865
36.914000,3.2796,0.1865
36.915000,3.2848,0.1865
36.916000,3.2882,0.1865
36.917000,3.2898,0.1865
36.918000,3.2896,0.1866
36.919000,3.2875,0.1866
36.920000,3.2836,0.1866
36.921000,3.2961,0.1867
36.922000,3.3068,0.1867
36.923000,3.3158,0.1867
36.977000,3.1415,0.1842
36.978000,3.1332,0.1843
36.979000,3.1252,0.1844
36.980000,3.1177,0.1844
37.010000,2.7492,0.1852
37.011000,2.7294,0.1852
37.012000,2.7109,0.1852
37.013000,2.6936,0.1853
37.014000,2.6775,0.1853
37.015000,2.6627,0.1854
37.016000,2.6491,0.1854
37.017000,2.6368,0.1855
37.018000,2.6258,0.1855
37.019000,2.6160,0.1856
37.020000,2.6076,0.1856
37.021000,2.5879,0.1857
37.022000,2.5694,0.1857
37.023000,2.5521,0.1857
37.024000,2.5362,0.1858
37.025000,2.5215,0.1859
37.026000,2.5082,0.1859
37.027000,2.4961,0.1860
37.028000,2.4854,0.1860
37.029000,2.4760,0.1860
37.030000,2.4679,0.1861
37.031000,2.4483,0.1861
37.032000,2.4301,0.1862
37.033000,2.4131,0.1862
37.034000,2.3974,0.1863
37.035000,2.3830,0.1863
37.036000,2.3700,0.1864
37.037000,2.3583,0.1864
37.038000,2.3479,0.1864
37.039000,2.3389,0.1865
37.040000,2.3313,0.1865
37.041000,2.3120,0.1865
37.042000,2.2941,0.1866
37.043000,2.2775,0.1866
37.044000,2.2622,0.1867
37.045000,2.2483,0.1867
37.046000,2.2357,0.1867
37.047000,2.2245,0.1868
37.048000,2.2147,0.1868
37.049000,2.2063,0.1869
37.050000,2.1992,0.1869
37.051000,2.1803,0.1870
37.052000,2.1626,0.1870
37.053000,2.1464,0.1871
37.054000,2.1316,0.1871
37.055000,2.1181,0.1872
37.056000,2.1060,0.1872
37.057000,2.0954,0.1873
37.058000,2.0861,0.1873
37.059000,2.0783,0.1873
37.059000,3.4984,0.1868
37.060000,3.5015,0.1868
37.061000,3.4938,0.1869
37.062000,3.4872,0.1869
37.063000,3.4817,0.1869
37.064000,3.4775,0.1869
37.065000,3.4744,0.1870
37.066000,3.4726,0.1870
37.067000,3.4720,0.1871
37.068000,3.4727,0.1871
37.069000,3.4745,0.1871
37.070000,3.4777,0.1872
37.071000,3.4678,0.1872
37.072000,3.4592,0.1872
37.073000,3.4519,0.1872
37.074000,3.4459,0.1872
37.075000,3.4413,0.1872
37.076000,3.4381,0.1872
37.077000,3.4365,0.1872
37.078000,3.4365,0.1872
37.079000,3.4381,0.1873
37.080000,3.4413,0.1873
37.081000,3.4286,0.1874
37.082000,3.4176,0.1874
37.083000,3.4084,0.1875
37.084000,3.4009,0.1875
37.085000,3.3951,0.1875
37.086000,3.3912,0.1876
37.087000,3.3889,0.1876
37.088000,3.3884,0.1876
37.089000,3.3896,0.1877
37.090000,3.3926,0.1877
37.091000,3.3809,0.1878
37.092000,3.3710,0.1878
37.093000,3.3630,0.1878
37.094000,3.3567,0.1879
37.095000,3.3521,0.1879
37.096000,3.3491,0.1880
37.097000,3.3477,0.1880
37.098000,3.3479,0.1881
37.099000,3.3496,0.1881
37.100000,3.3527,0.1882
37.101000,3.3439,0.1882
37.102000,3.3368,0.1883
37.103000,3.3312,0.1883
37.104000,3.3271,0.1884
37.105000,3.3244,0.1884
37.106000,3.3231,0.1885
37.107000,3.3232,0.1885
37.108000,3.3246,0.1886
37.109000,3.3272,0.1886
37.110000,3.3311,0.1887
37.111000,3.3247,0.1887
37.112000,3.3196,0.1887
37.113000,3.3160,0.1888
37.114000,3.3136,0.1888
37.115000,3.3124,0.1889
37.116000,3.3125,0.1890
37.117000,3.3137,0.1890
37.118000,3.3161,0.1890
37.119000,3.3195,0.1890
37.120000,3.3240,0.1890
37.121000,3.3195,0.1890
37.122000,3.3163,0.1890
37.123000,3.3143,0.1891
37.124000,3.3135,0.1891
37.125000,3.3137,0.1891
37.126000,3.3149,0.1891
37.127000,3.3172,0.1891
37.128000,3.3204,0.1892
37.129000,3.3245,0.1892
37.130000,3.3295,0.1892
37.131000,3.3272,0.1893
37.132000,3.3259,0.1893
37.133000,3.3257,0.1893
37.133000,3.2462,0.1877
37.134000,3.2428,0.1878
37.135000,3.2408,0.1878
37.136000,3.2401,0.1878
37.137000,3.2407,0.1879
37.138000,3.2426,0.1880
37.161000,3.2235,0.1891
37.162000,3.2184,0.1891
37.163000,3.2145,0.1892
37.164000,3.2119,0.1892
37.165000,3.2105,0.1893
37.166000,3.2103,0.1893
37.167000,3.2113,0.1893
37.168000,3.2136,0.1893
37.169000,3.2171,0.1894
37.170000,3.2218,0.1894
37.171000,3.2156,0.1895
37.172000,3.2107,0.1895
37.173000,3.2071,0.1895
37.174000,3.2046,0.1896
37.175000,3.2034,0.1896
37.176000,3.2033,0.1896
37.177000,3.2045,0.1897
37.178000,3.2068,0.1897
37.179000,3.2104,0.1898
37.180000,3.2151,0.1898
37.181000,3.2105,0.1898
37.182000,3.2071,0.1899
37.183000,3.2049,0.1899
37.184000,3.2038,0.1900
37.196000,3.2167,0.1905
37.197000,3.2194,0.1906
37.198000,3.2230,0.1906
37.199000,3.2273,0.1907
37.200000,3.2324,0.1907
37.201000,3.2306,0.1908
37.202000,3.2297,0.1908
37.203000,3.2296,0.1908
37.204000,3.2303,0.1908
37.205000,3.2317,0.1909
37.206000,3.2339,0.1909
37.207000,3.2369,0.1910
37.208000,3.2406,0.1910
37.209000,3.2451,0.1910
37.210000,3.2503,0.1910
37.210000,3.7857,0.1879
37.211000,3.7823,0.1880
37.212000,3.7798,0.1880
37.213000,3.7782,0.1880
37.214000,3.7773,0.1880
37.215000,3.7773,0.1880
37.219000,3.7850,0.1882
37.220000,3.7890,0.1882
37.221000,3.7862,0.1883
37.222000,3.7842,0.1883
37.223000,3.7830,0.1884
37.224000,3.7827,0.1884
37.225000,3.7831,0.1885
37.226000,3.7842,0.1885
37.227000,3.7862,0.1886
37.228000,3.7889,0.1886
37.229000,3.7923,0.1886
37.230000,3.7963,0.1886
37.231000,3.8003,0.1886
37.232000,3.8045,0.1887
37.233000,3.8090,0.1887
37.234000,3.8137,0.1887
37.235000,3.8184,0.1887
37.236000,3.8231,0.1888
37.237000,3.8278,0.1888
37.238000,3.8324,0.1888
37.239000,3.8369,0.1888
37.240000,3.8414,0.1889
37.240000,3.7775,0.1861
37.241000,3.7845,0.1862
37.242000,3.7914,0.1862
37.243000,3.7985,0.1863
37.244000,3.8055,0.1863
37.245000,3.8124,0.1863
37.246000,3.8192,0.1864
37.247000,3.8257,0.1864
37.248000,3.8319,0.1864
37.249000,3.8377,0.1865
37.250000,3.8431,0.1865
37.251000,3.8553,0.1865
37.252000,3.8669,0.1865
37.253000,3.8780,0.1866
37.254000,3.8886,0.1866
37.255000,3.8986,0.1866
37.256000,3.9080,0.1867
37.257000,3.9168,0.1867
37.258000,3.9249,0.1867
37.259000,3.9321,0.1868
37.260000,3.9383,0.1868
37.261000,3.9590,0.1868
37.262000,3.9783,0.1869
37.263000,3.9964,0.1869
37.264000,4.0130,0.1869
37.265000,4.0282,0.1870
37.266000,4.0419,0.1870
37.267000,4.0540,0.1870
37.268000,4.0646,0.1870
37.268000,4.0490,0.1842
37.269000,4.0502,0.1842
37.270000,4.0497,0.1843
37.271000,4.0651,0.1843
37.272000,4.0789,0.1843
37.273000,4.0909,0.1843
37.274000,4.1013,0.1844
37.275000,4.1099,0.1844
37.276000,4.1169,0.1844
37.277000,4.1221,0.1845
37.278000,4.1256,0.1845
37.279000,4.1274,0.1846
37.280000,4.1275,0.1846
37.281000,4.1435,0.1847
37.282000,4.1577,0.1848
37.283000,4.1702,0.1848
37.284000,4.1810,0.1849
37.285000,4.1900,0.1850
37.286000,4.1973,0.1850
37.287000,4.2029,0.1851
37.288000,4.2068,0.1851
37.289000,4.2089,0.1851
37.290000,4.2091,0.1852
37.291000,4.2292,0.1852
37.292000,4.2473,0.1853
37.292000,4.2119,0.1790
37.293000,4.2213,0.1790
37.294000,4.2286,0.1791
37.295000,4.2338,0.1791
37.296000,4.2370,0.1792
37.297000,4.2381,0.1793
37.298000,4.2370,0.1793
37.299000,4.2338,0.1794
37.300000,4.2284,0.1794
37.301000,4.2429,0.1795
37.302000,4.2553,0.1796
37.303000,4.2654,0.1796
37.304000,4.2735,0.1796
37.326000,4.2521,0.1799
37.349000,4.2718,0.1810
37.350000,4.2628,0.1810
37.351000,4.2738,0.1811
37.352000,4.2826,0.1811
37.353000,4.2890,0.1811
37.354000,4.2933,0.1812
37.398000,4.2850,0.1836
37.399000,4.2762,0.1836
37.400000,4.2652,0.1837
37.401000,4.2737,0.1837
37.402000,4.2800,0.1837
37.403000,4.2842,0.1838
37.404000,4.2861,0.1838
37.466000,4.0583,0.1867
37.467000,4.0495,0.1868
37.468000,4.0385,0.1868
37.469000,4.0252,0.1869
37.470000,4.0097,0.1869
37.471000,4.0147,0.1870
37.472000,4.0175,0.1870
37.475000,4.0130,0.1871
37.476000,4.0070,0.1872
37.477000,3.9988,0.1872
37.478000,3.9883,0.1873
37.479000,3.9756,0.1873
37.480000,3.9605,0.1873
37.481000,3.9664,0.1874
37.482000,3.9701,0.1874
37.483000,3.9715,0.1874
37.495000,3.9290,0.1877
37.496000,3.9243,0.1877
37.497000,3.9173,0.1877
37.498000,3.9079,0.1877
37.499000,3.8962,0.1878
37.500000,3.8821,0.1878
37.501000,3.8896,0.1878
37.524000,4.6797,0.1846
37.525000,4.6812,0.1847
37.526000,4.6810,0.1847
37.527000,4.6790,0.1847
37.528000,4.6752,0.1848
37.529000,4.6696,0.1848
37.530000,4.6623,0.1849
37.589000,4.3450,0.1878
37.590000,4.3348,0.1878
37.591000,4.3126,0.1878
37.600000,4.1719,0.1881
37.636000,3.2501,0.1889
37.637000,3.2241,0.1890
37.638000,3.2028,0.1890
37.645000,2.9587,0.1891
37.646000,2.9298,0.1891
37.647000,2.9054,0.1891
37.648000,2.8855,0.1891
37.649000,2.8701,0.1891
37.649000,3.9507,0.1904
37.650000,3.9672,0.1904
37.651000,3.9395,0.1904
37.652000,3.9168,0.1904
37.663000,3.8457,0.1908
37.664000,3.8334,0.1909
37.665000,3.8259,0.1909
37.666000,3.8233,0.1910
37.667000,3.8255,0.1911
37.668000,3.8325,0.1911
37.669000,3.8443,0.1912
37.670000,3.8609,0.1912
37.671000,3.8351,0.1912
37.672000,3.8142,0.1912
37.673000,3.7980,0.1913
37.674000,3.7865,0.1913
37.677000,3.7804,0.1915
37.678000,3.7877,0.1915
37.679000,3.7998,0.1916
37.680000,3.8165,0.1916
37.681000,3.7914,0.1916
37.682000,3.7711,0.1917
37.683000,3.7554,0.1917
37.684000,3.7444,0.1917
37.685000,3.7380,0.1917
37.686000,3.7363,0.1918
37.687000,3.7392,0.1918
37.688000,3.7467,0.1918
37.689000,3.7588,0.1919
37.690000,3.7755,0.1919
37.691000,3.7516,0.1920
37.692000,3.7323,0.1920
37.693000,3.7177,0.1920
37.693000,4.1716,0.1904
37.694000,4.1629,0.1905
37.695000,4.1589,0.1905
37.696000,4.1596,0.1905
37.697000,4.1650,0.1905
37.698000,4.1750,0.1905
37.699000,4.1897,0.1905
37.700000,4.2090,0.1905
37.701000,4.1874,0.1905
37.702000,4.1705,0.1906
37.703000,4.1581,0.1906
37.704000,4.1504,0.1906
37.705000,4.1472,0.1906
37.706000,4.1485,0.1906
37.707000,4.1544,0.1906
37.708000,4.1648,0.1906
37.709000,4.1797,0.1906
37.710000,4.1992,0.1906
37.711000,4.1790,0.1907
37.712000,4.1633,0.1907
37.712000,4.1297,0.1913
37.713000,4.1172,0.1914
37.714000,4.1093,0.1914
37.715000,4.1058,0.1914
37.716000,4.1068,0.1915
37.717000,4.1122,0.1915
37.752000,3.7555,0.1908
37.753000,3.7467,0.1909
37.754000,3.7418,0.1909
37.755000,3.7405,0.1910
37.756000,3.7430,0.1911
37.757000,3.7491,0.1911
37.758000,3.7589,0.1912
37.759000,3.7723,0.1913
37.760000,3.7894,0.1914
37.761000,3.7744,0.1914
37.762000,3.7630,0.1915
37.763000,3.7553,0.1916
37.764000,3.7512,0.1916
37.765000,3.7507,0.1917
37.766000,3.7538,0.1918
37.767000,3.7604,0.1919
37.768000,3.7705,0.1919
37.769000,3.7842,0.1920
37.770000,3.8015,0.1921
37.771000,3.7873,0.1921
37.772000,3.7766,0.1922
37.773000,3.7696,0.1923
37.774000,3.7661,0.1923
37.775000,3.7660,0.1924
37.776000,3.7695,0.1924
37.777000,3.7764,0.1924
37.778000,3.7868,0.1925
37.779000,3.8006,0.1925
37.780000,3.8179,0.1926
37.781000,3.8056,0.1926
37.782000,3.7968,0.1926
37.783000,3.7915,0.1927
37.784000,3.7894,0.1927
37.785000,3.7907,0.1927
37.786000,3.7952,0.1927
37.787000,3.8029,0.1928
37.788000,3.8138,0.1928
37.789000,3.8280,0.1928
37.790000,3.8453,0.1928
37.791000,3.8347,0.1929
37.792000,3.8273,0.1929
37.793000,3.8231,0.1929
37.794000,3.8221,0.1930
37.795000,3.8242,0.1930
37.796000,3.8294,0.1931
37.797000,3.8376,0.1932
37.798000,3.8490,0.1932
37.799000,3.8634,0.1933
37.800000,3.8809,0.1933
37.801000,3.8723,0.1934
37.802000,3.8669,0.1934
37.803000,3.8644,0.1935
37.804000,3.8650,0.1935
37.805000,3.8684,0.1936
37.806000,3.8747,0.1936
37.807000,3.8838,0.1937
37.808000,3.8957,0.1937
37.809000,3.9104,0.1938
37.810000,3.9280,0.1938
37.811000,3.9210,0.1939
37.812000,3.9169,0.1939
37.813000,3.9157,0.1939
37.814000,3.9172,0.1939
37.815000,3.9214,0.1940
37.816000,3.9284,0.1940
37.817000,3.9380,0.1940
37.818000,3.9503,0.1940
37.819000,3.9653,0.1940
37.820000,3.9830,0.1941
37.821000,3.9770,0.1941
37.822000,3.9737,0.1941
37.823000,3.9732,0.1942
37.823000,3.8344,0.1935
37.824000,3.8304,0.1935
37.825000,3.8295,0.1935
37.826000,3.8317,0.1935
37.827000,3.8368,0.1935
37.828000,3.8451,0.1935
37.829000,3.8563,0.1935
37.829000,4.0812,0.1888
37.830000,4.0937,0.1888
37.831000,4.0838,0.1889
37.832000,4.0768,0.1889
37.833000,4.0725,0.1890
37.834000,4.0708,0.1890
37.835000,4.0717,0.1890
37.836000,4.0749,0.1891
37.837000,4.0806,0.1891
37.838000,4.0885,0.1891
37.839000,4.0987,0.1892
37.840000,4.1112,0.1893
37.841000,4.1054,0.1893
37.842000,4.1019,0.1893
37.843000,4.1006,0.1894
37.844000,4.1014,0.1894
37.845000,4.1043,0.1894
37.846000,4.1092,0.1895
37.847000,4.1163,0.1895
37.848000,4.1253,0.1896
37.849000,4.1365,0.1896
37.850000,4.1497,0.1897
37.851000,4.1457,0.1897
37.852000,4.1437,0.1898
37.853000,4.1438,0.1899
37.854000,4.1458,0.1899
37.855000,4.1497,0.1900
37.856000,4.1555,0.1900
37.857000,4.1632,0.1901
37.858000,4.1728,0.1902
37.859000,4.1843,0.1902
37.860000,4.1977,0.1903
37.861000,4.1951,0.1903
37.862000,4.1944,0.1904
37.863000,4.1957,0.1904
37.864000,4.1988,0.1904
37.885000,3.7331,0.1907
37.886000,3.7455,0.1907
37.887000,3.7576,0.1908
37.888000,3.7693,0.1908
37.889000,3.7805,0.1909
37.890000,3.7911,0.1909
37.891000,3.8110,0.1910
37.892000,3.8302,0.1910
37.893000,3.8486,0.1910
37.894000,3.8661,0.1911
37.895000,3.8828,0.1911
37.896000,3.8985,0.1911
37.897000,3.9134,0.1912
37.901000,3.9739,0.1913
37.902000,3.9945,0.1914
37.903000,4.0140,0.1914
37.904000,4.0326,0.1914
37.905000,4.0501,0.1915
37.906000,4.0666,0.1915
37.907000,4.0822,0.1915
37.908000,4.0968,0.1915
37.909000,4.1104,0.1916
37.910000,4.1230,0.1916
37.911000,4.1458,0.1917
37.912000,4.1676,0.1917
37.913000,4.1883,0.1918
37.914000,4.2081,0.1919
37.915000,4.2269,0.1919
37.922000,4.3713,0.1922
37.923000,4.4017,0.1922
37.924000,4.4300,0.1923
37.925000,4.4561,0.1923
37.927000,4.5014,0.1924
37.928000,4.5205,0.1924
37.929000,4.5372,0.1924
37.930000,4.5515,0.1924
37.931000,4.5898,0.1925
37.932000,4.6256,0.1924
37.933000,4.6589,0.1924
37.934000,4.6897,0.1925
37.935000,4.7180,0.1924
37.936000,4.7436,0.1925
37.937000,4.7667,0.1925
37.938000,4.7873,0.1925
37.938000,3.8429,0.1926
37.939000,3.8377,0.1926
37.940000,3.8300,0.1926
37.941000,3.8457,0.1926
37.942000,3.8589,0.1926
37.943000,3.8695,0.1927
37.944000,3.8775,0.1927
37.945000,3.8828,0.1927
37.946000,3.8856,0.1927
37.947000,3.8858,0.1927
37.948000,3.8833,0.1927
37.949000,3.8782,0.1928
37.950000,3.8705,0.1928
37.951000,3.8864,0.1928
37.952000,3.8997,0.1928
37.953000,3.9104,0.1928
37.954000,3.9184,0.1928
37.955000,3.9238,0.1928
37.956000,3.9266,0.1927
37.957000,3.9267,0.1927
37.958000,3.9242,0.1927
37.959000,3.9192,0.1927
37.960000,3.9114,0.1928
37.961000,3.9272,0.1928
37.980000,3.7740,0.1904
37.981000,3.7978,0.1904
37.982000,3.8183,0.1905
37.983000,3.8355,0.1906
37.984000,3.8491,0.1906
37.985000,3.8592,0.1907
37.986000,3.8655,0.1907
37.987000,3.8682,0.1908
37.988000,3.8670,0.1908
37.989000,3.8619,0.1908
37.990000,3.8530,0.1909
37.991000,3.8806,0.1909
37.992000,3.9043,0.1909
37.993000,3.9241,0.1910
37.994000,3.9400,0.1910
37.995000,3.9519,0.1910
37.996000,3.9597,0.1911
37.996000,3.9704,0.1903
37.997000,3.9748,0.1903
37.998000,3.9750,0.1904
37.999000,3.9712,0.1904
38.000000,3.9631,0.1904
38.001000,3.9924,0.1904
38.002000,4.0176,0.1904
38.003000,4.0387,0.1905
38.004000,4.0557,0.1905
38.005000,4.0685,0.1905
38.006000,4.0771,0.1906
38.013000,4.1461,0.1909
38.014000,4.1632,0.1909
38.015000,4.1762,0.1910
38.016000,4.1850,0.1910
38.017000,4.1896,0.1911
38.018000,4.1900,0.1911
38.038000,4.3800,0.1915
38.039000,4.3689,0.1915
38.052000,4.4139,0.1920
38.053000,4.4254,0.1920
38.054000,4.4330,0.1921
38.059000,4.4129,0.1923
38.063000,4.4383,0.1925
38.066000,4.4459,0.1926
38.070000,4.4044,0.1927
38.078000,4.4345,0.1930
38.079000,4.4219,0.1930
38.080000,4.4057,0.1930
38.081000,4.4217,0.1931
38.082000,4.4341,0.1931
38.083000,4.4429,0.1931
38.084000,4.4482,0.1932
38.085000,4.4497,0.1932
38.086000,4.4477,0.1932
38.112000,4.4169,0.1944
38.113000,4.4247,0.1944
38.114000,4.4289,0.1944
38.115000,4.4295,0.1945
38.116000,4.4266,0.1945
38.117000,4.4200,0.1946
38.118000,4.4098,0.1946
38.119000,4.3961,0.1946
38.120000,4.3788,0.1947
38.121000,4.3933,0.1947
38.122000,4.4043,0.1948
38.123000,4.4117,0.1948
38.124000,4.4156,0.1948
38.125000,4.4159,0.1949
38.126000,4.4126,0.1949
38.126000,4.4573,0.1911
38.127000,4.4512,0.1912
38.128000,4.4412,0.1912
38.129000,4.4274,0.1912
38.130000,4.4097,0.1913
38.131000,4.4263,0.1913
38.132000,4.4391,0.1913
38.133000,4.4481,0.1914
38.134000,4.4533,0.1914
38.135000,4.4546,0.1914
38.136000,4.4521,0.1914
38.137000,4.4458,0.1914
38.138000,4.4356,0.1915
38.139000,4.4216,0.1915
38.140000,4.4038,0.1915
38.141000,4.4189,0.1915
38.142000,4.4303,0.1915
38.143000,4.4379,0.1915
38.144000,4.4417,0.1915
38.145000,4.4417,0.1915
38.146000,4.4380,0.1915
38.147000,4.4307,0.1914
38.148000,4.4197,0.1914
38.148000,4.2904,0.1870
38.149000,4.2784,0.1870
38.150000,4.2629,0.1870
38.151000,4.2761,0.1870
38.152000,4.2860,0.1870
38.153000,4.2926,0.1870
38.154000,4.2960,0.1871
38.155000,4.2960,0.1871
38.156000,4.2929,0.1871
38.157000,4.2864,0.1872
38.158000,4.2767,0.1872
38.159000,4.2638,0.1872
38.159000,4.2614,0.1802
38.215000,4.3589,0.1854
38.216000,4.3559,0.1854
38.217000,4.3504,0.1854
38.218000,4.3423,0.1855
38.236000,4.1984,0.1858
38.237000,4.1832,0.1858
38.238000,4.1681,0.1859
38.239000,4.1530,0.1859
38.240000,4.1381,0.1859
38.241000,4.1166,0.1860
38.278000,3.2958,0.1873
38.279000,3.2777,0.1874
38.280000,3.2611,0.1874
38.281000,3.2320,0.1875
38.282000,3.2044,0.1875
38.283000,3.1781,0.1875
38.284000,3.1532,0.1876
38.308000,3.9293,0.1777
38.309000,3.9306,0.1777
38.310000,3.9340,0.1777
38.311000,3.9169,0.1778
38.312000,3.9020,0.1778
38.313000,3.8892,0.1778
38.314000,3.8787,0.1778
38.315000,3.8704,0.1779
38.316000,3.8643,0.1779
38.317000,3.8605,0.1779
38.318000,3.8590,0.1779
38.319000,3.8597,0.1779
38.320000,3.8628,0.1780
38.321000,3.8442,0.1780
38.322000,3.8279,0.1780
38.323000,3.8140,0.1781
38.324000,3.8023,0.1781
38.325000,3.7929,0.1781
38.326000,3.7858,0.1781
38.326000,3.9676,0.1742
38.327000,3.9652,0.1742
38.328000,3.9652,0.1742
38.329000,3.9679,0.1742
38.330000,3.9732,0.1742
38.331000,3.9518,0.1743
38.332000,3.9332,0.1743
38.333000,3.9175,0.1743
38.334000,3.9046,0.1743
38.335000,3.8946,0.1744
38.336000,3.8876,0.1744
38.337000,3.8835,0.1744
38.338000,3.8824,0.1745
38.339000,3.8842,0.1745
38.340000,3.8890,0.1745
38.341000,3.8659,0.1746
38.342000,3.8458,0.1746
38.343000,3.8287,0.1746
38.344000,3.8147,0.1746
38.345000,3.8036,0.1747
38.346000,3.7956,0.1747
38.347000,3.7907,0.1747
38.348000,3.7890,0.1747
38.349000,3.7905,0.1748
38.350000,3.7952,0.1748
38.351000,3.7695,0.1748
38.352000,3.7472,0.1749
38.353000,3.7281,0.1749
38.354000,3.7125,0.1749
38.355000,3.7002,0.1750
38.356000,3.6913,0.1750
38.357000,3.6857,0.1751
38.357000,3.8996,0.1763
38.358000,3.9046,0.1763
38.359000,3.9131,0.1764
38.360000,3.9249,0.1764
38.361000,3.9059,0.1764
38.362000,3.8904,0.1764
38.363000,3.8782,0.1765
38.364000,3.8695,0.1765
38.365000,3.8642,0.1765
38.366000,3.8624,0.1766
38.367000,3.8639,0.1766
38.368000,3.8689,0.1767
38.369000,3.8773,0.1767
38.370000,3.8892,0.1767
38.371000,3.8703,0.1767
38.372000,3.8549,0.1768
38.373000,3.8428,0.1768
38.374000,3.8342,0.1768
38.375000,3.8290,0.1768
38.376000,3.8272,0.1768
38.377000,3.8288,0.1769
38.378000,3.8338,0.1769
38.379000,3.8421,0.1769
38.380000,3.8539,0.1770
38.381000,3.8354,0.1770
38.382000,3.8203,0.1771
38.383000,3.8086,0.1771
38.384000,3.8003,0.1772
38.385000,3.7953,0.1772
38.386000,3.7937,0.1773
38.387000,3.7954,0.1773
38.388000,3.8006,0.1773
38.405000,3.6908,0.1778
38.406000,3.6857,0.1778
38.407000,3.6848,0.1779
38.408000,3.6880,0.1779
38.409000,3.6953,0.1780
38.410000,3.7066,0.1780
38.411000,3.6852,0.1780
38.412000,3.6679,0.1781
38.413000,3.6545,0.1781
38.414000,3.6450,0.1782
38.415000,3.6391,0.1782
38.416000,3.6368,0.1783
38.417000,3.6381,0.1783
38.418000,3.6427,0.1783
38.419000,3.6508,0.1784
38.420000,3.6623,0.1784
38.421000,3.6449,0.1784
38.422000,3.6312,0.1784
38.423000,3.6210,0.1785
38.424000,3.6142,0.1785
38.425000,3.6107,0.1785
38.426000,3.6105,0.1785
38.427000,3.6133,0.1785
38.428000,3.6193,0.1786
38.429000,3.6283,0.1786
38.430000,3.6403,0.1786
38.431000,3.6283,0.1786
38.432000,3.6196,0.1786
38.433000,3.6139,0.1786
38.434000,3.6110,0.1786
38.435000,3.6109,0.1786
38.436000,3.6134,0.1786
38.437000,3.6185,0.1786
38.438000,3.6261,0.1786
38.439000,3.6360,0.1786
38.440000,3.6484,0.1786
38.441000,3.6403,0.1786
38.442000,3.6349,0.1786
38.443000,3.6321,0.1786
38.444000,3.6318,0.1786
38.445000,3.6338,0.1786
38.446000,3.6381,0.1786
38.447000,3.6445,0.1786
38.448000,3.6531,0.1786
38.449000,3.6638,0.1786
38.450000,3.6765,0.1787
38.451000,3.6715,0.1787
38.452000,3.6690,0.1787
38.453000,3.6688,0.1787
38.454000,3.6707,0.1787
38.454000,4.1667,0.1724
38.454000,4.1416,0.1726
38.455000,4.1386,0.1726
38.456000,4.1389,0.1726
38.457000,4.1423,0.1726
38.458000,4.1489,0.1726
38.459000,4.1586,0.1727
38.460000,4.1715,0.1727
38.461000,4.1570,0.1727
38.462000,4.1457,0.1728
38.463000,4.1376,0.1728
38.464000,4.1325,0.1728
38.465000,4.1304,0.1729
38.466000,4.1313,0.1729
38.467000,4.1353,0.1729
38.468000,4.1423,0.1730
38.469000,4.1523,0.1730
38.470000,4.1654,0.1731
38.471000,4.1517,0.1731
38.472000,4.1411,0.1731
38.473000,4.1336,0.1732
38.474000,4.1290,0.1732
38.475000,4.1274,0.1732
38.476000,4.1288,0.1732
38.477000,4.1331,0.1732
38.478000,4.1403,0.1732
38.479000,4.1506,0.1732
38.480000,4.1638,0.1732
38.481000,4.1507,0.1732
38.482000,4.1406,0.1733
38.483000,4.1335,0.1733
38.484000,4.1293,0.1733
38.485000,4.1280,0.1734
38.486000,4.1296,0.1734
38.487000,4.1341,0.1734
38.488000,4.1415,0.1734
38.504000,4.1732,0.1737
38.505000,4.1757,0.1738
38.506000,4.1804,0.1738
38.533000,4.2970,0.1745
38.538000,4.3258,0.1747
38.539000,4.3378,0.1747
38.540000,4.3518,0.1748
38.541000,4.3520,0.1748
38.542000,4.3540,0.1749
38.543000,4.3578,0.1750
38.544000,4.3632,0.1750
38.545000,4.3702,0.1751
38.546000,4.3786,0.1752
38.547000,4.3886,0.1752
38.548000,4.3999,0.1753
38.549000,4.4126,0.1753
38.550000,4.4267,0.1754
38.551000,4.4298,0.1754
38.552000,4.4343,0.1755
38.553000,4.4402,0.1755
38.554000,4.4474,0.1756
38.555000,4.4559,0.1756
38.556000,4.4656,0.1757
38.557000,4.4765,0.1757
38.558000,4.4886,0.1757
38.559000,4.5020,0.1758
38.560000,4.5166,0.1758
38.561000,4.5208,0.1759
38.562000,4.5262,0.1759
38.563000,4.5329,0.1759
38.564000,4.5408,0.1760
38.565000,4.5498,0.1760
38.566000,4.5600,0.1761
38.567000,4.5712,0.1761
38.568000,4.5836,0.1762
38.569000,4.5972,0.1762
38.570000,4.6119,0.1763
38.571000,4.6168,0.1764
38.572000,4.6229,0.1764
38.573000,4.6302,0.1765
38.574000,4.6385,0.1765
38.575000,4.6480,0.1766
38.576000,4.6585,0.1766
38.577000,4.6701,0.1766
38.578000,4.6827,0.1766
38.579000,4.6964,0.1767
38.580000,4.7111,0.1767
38.581000,4.7170,0.1767
38.582000,4.7240,0.1767
38.583000,4.7321,0.1767
38.584000,4.7412,0.1767
38.585000,4.7512,0.1768
38.586000,4.7622,0.1768
38.587000,4.7742,0.1768
38.587000,3.9860,0.1759
38.588000,3.9898,0.1760
38.589000,3.9941,0.1760
38.590000,3.9990,0.1761
38.590000,3.7678,0.1766
38.591000,3.7689,0.1766
38.592000,3.7705,0.1766
38.593000,3.7725,0.1767
38.594000,3.7747,0.1767
38.595000,3.7772,0.1768
38.596000,3.7800,0.1768
38.597000,3.7829,0.1768
38.598000,3.7861,0.1769
38.599000,3.7894,0.1769
38.600000,3.7931,0.1769
38.601000,3.7953,0.1770
38.602000,3.7977,0.1770
38.602000,3.7761,0.1738
38.603000,3.7772,0.1739
38.604000,3.7784,0.1739
38.605000,3.7799,0.1739
38.606000,3.7815,0.1740
38.607000,3.7832,0.1740
38.608000,3.7851,0.1740
38.609000,3.7871,0.1741
38.610000,3.7893,0.1741
38.611000,3.7920,0.1741
38.612000,3.7948,0.1741
38.613000,3.7976,0.1742
38.614000,3.8004,0.1742
38.615000,3.8032,0.1742
38.616000,3.8059,0.1742
38.617000,3.8085,0.1742
38.618000,3.8109,0.1743
38.619000,3.8133,0.1743
38.620000,3.8157,0.1743
38.621000,3.8272,0.1744
38.622000,3.8385,0.1744
38.623000,3.8498,0.1744
38.624000,3.8607,0.1744
38.625000,3.8709,0.1745
38.626000,3.8799,0.1745
38.627000,3.8875,0.1745
38.628000,3.8934,0.1745
38.629000,3.8975,0.1745
38.634000,3.9995,0.1744
38.635000,4.0185,0.1744
38.636000,4.0349,0.1744
38.637000,4.0487,0.1744
38.638000,4.0599,0.1745
38.639000,4.0684,0.1745
38.640000,4.0742,0.1745
38.641000,4.1066,0.1746
38.642000,4.1363,0.1746
38.643000,4.1632,0.1746
38.644000,4.1873,0.1746
38.645000,4.2086,0.1747
38.646000,4.2272,0.1747
38.647000,4.2430,0.1747
38.648000,4.2560,0.1748
38.649000,4.2662,0.1748
38.650000,4.2736,0.1748
38.651000,4.3075,0.1748
38.652000,4.3386,0.1748
38.653000,4.3669,0.1749
38.654000,4.3923,0.1749
38.655000,4.4150,0.1750
38.656000,4.4349,0.1750
38.656000,3.8103,0.1745
38.657000,3.8165,0.1745
38.658000,3.8198,0.1745
38.659000,3.8202,0.1745
38.660000,3.8176,0.1746
38.661000,3.8418,0.1746
38.662000,3.8630,0.1746
38.663000,3.8814,0.1747
38.664000,3.8969,0.1747
38.665000,3.9095,0.1747
38.666000,3.9192,0.1748
38.667000,3.9259,0.1748
38.668000,3.9297,0.1748
38.669000,3.9306,0.1749
38.670000,3.9286,0.1749
38.671000,3.9533,0.1749
38.672000,3.9752,0.1750
38.673000,3.9941,0.1750
38.674000,4.0101,0.1751
38.675000,4.0232,0.1751
38.676000,4.0334,0.1751
38.677000,4.0407,0.1751
38.678000,4.0450,0.1752
38.679000,4.0464,0.1752
38.679000,3.6371,0.1757
38.695000,3.5751,0.1714
38.696000,3.5762,0.1715
38.697000,3.5742,0.1715
38.716000,3.6573,0.1717
38.717000,3.6570,0.1717
38.718000,3.6531,0.1717
38.734000,3.7424,0.1723
38.735000,3.7478,0.1724
38.742000,3.7575,0.1727
38.743000,3.7690,0.1727
38.744000,3.7774,0.1728
38.745000,3.7826,0.1728
38.746000,3.7845,0.1729
38.747000,3.7832,0.1729
38.748000,3.7784,0.1730
38.752000,3.7918,0.1731
38.753000,3.8037,0.1731
38.754000,3.8124,0.1731
38.762000,3.8301,0.1734
38.778000,3.7472,0.1733
38.778000,4.2244,0.1753
38.779000,4.2182,0.1753
38.780000,4.2098,0.1753
38.781000,4.2212,0.1753
38.782000,4.2304,0.1754
38.789000,4.2321,0.1756
38.790000,4.2236,0.1756
38.791000,4.2329,0.1756
38.792000,4.2402,0.1757
38.793000,4.2454,0.1757
38.794000,4.2486,0.1757
38.820000,4.2137,0.1763
38.822000,4.2159,0.1764
38.823000,4.2142,0.1764
38.824000,4.2109,0.1765
38.825000,4.2062,0.1765
38.826000,4.2002,0.1765
38.826000,4.0822,0.1739
38.827000,4.0761,0.1739
38.828000,4.0690,0.1740
38.829000,4.0609,0.1740
38.830000,4.0519,0.1740
38.831000,4.0468,0.1741
38.832000,4.0409,0.1741
38.833000,4.0343,0.1741
38.834000,4.0271,0.1742
38.835000,4.0192,0.1742
38.836000,4.0106,0.1742
38.836000,3.9124,0.1712
38.837000,3.9079,0.1712
38.838000,3.9029,0.1712
38.841000,3.8829,0.1713
38.842000,3.8739,0.1713
38.843000,3.8649,0.1713
38.844000,3.8561,0.1714
38.845000,3.8475,0.1714
38.846000,3.8392,0.1714
38.847000,3.8314,0.1714
38.850000,3.8112,0.1714
38.854000,3.7616,0.1715
38.855000,3.7510,0.1715
38.856000,3.7410,0.1715
38.857000,3.7319,0.1715
38.858000,3.7235,0.1715
38.859000,3.7160,0.1716
38.860000,3.7093,0.1716
38.861000,3.6949,0.1716
38.862000,3.6813,0.1716
38.879000,3.8741,0.1746
38.880000,3.8753,0.1747
38.881000,3.8641,0.1747
38.882000,3.8542,0.1747
38.883000,3.8456,0.1748
38.884000,3.8383,0.1748
38.885000,3.8323,0.1748
38.886000,3.8276,0.1748
38.887000,3.8242,0.1749
38.888000,3.8222,0.1749
38.889000,3.8215,0.1749
38.890000,3.8226,0.1749
38.891000,3.8029,0.1750
38.892000,3.7851,0.1750
38.893000,3.7695,0.1750
38.893000,3.7092,0.1702
38.894000,3.6984,0.1702
38.895000,3.6897,0.1703
38.896000,3.6834,0.1703
38.897000,3.6795,0.1703
38.898000,3.6779,0.1703
38.899000,3.6788,0.1704
38.900000,3.6821,0.1704
38.901000,3.6622,0.1704
38.902000,3.6448,0.1705
38.903000,3.6299,0.1705
38.903000,3.6602,0.1677
38.904000,3.6536,0.1677
38.905000,3.6496,0.1678
38.906000,3.6481,0.1678
38.907000,3.6491,0.1678
38.908000,3.6528,0.1678
38.909000,3.6590,0.1679
38.910000,3.6678,0.1679
38.911000,3.6518,0.1679
38.912000,3.6386,0.1679
38.913000,3.6280,0.1679
38.914000,3.6202,0.1680
38.915000,3.6152,0.1680
38.916000,3.6129,0.1680
38.917000,3.6134,0.1681
38.918000,3.6166,0.1681
38.919000,3.6225,0.1681
38.920000,3.6313,0.1682
38.921000,3.6151,0.1682
38.922000,3.6018,0.1683
38.923000,3.5912,0.1683
38.924000,3.5835,0.1684
38.925000,3.5785,0.1684
38.926000,3.5762,0.1684
38.927000,3.5767,0.1684
38.928000,3.5799,0.1684
38.928000,3.5773,0.1700
38.929000,3.5845,0.1699
38.930000,3.5946,0.1699
38.931000,3.5798,0.1699
38.932000,3.5677,0.1699
38.960000,3.5421,0.1702
38.961000,3.5306,0.1702
38.962000,3.5216,0.1702
38.963000,3.5152,0.1702
39.000000,3.6225,0.1715
39.001000,3.6219,0.1715
39.002000,3.6227,0.1716
39.003000,3.6249,0.1716
39.004000,3.6284,0.1717
39.005000,3.6331,0.1717
39.006000,3.6392,0.1717
39.007000,3.6465,0.1718
39.008000,3.6551,0.1718
39.009000,3.6649,0.1719
39.010000,3.6760,0.1719
39.011000,3.6761,0.1719
39.012000,3.6775,0.1719
39.013000,3.6802,0.1719
39.014000,3.6842,0.1720
39.015000,3.6893,0.1720
39.016000,3.6957,0.1720
39.017000,3.7033,0.1721
39.018000,3.7121,0.1721
39.019000,3.7222,0.1722
39.020000,3.7334,0.1722
39.021000,3.7340,0.1722
39.022000,3.7358,0.1723
39.023000,3.7388,0.1723
39.024000,3.7430,0.1724
39.025000,3.7485,0.1724
39.026000,3.7551,0.1725
39.027000,3.7628,0.1725
39.028000,3.7717,0.1725
39.029000,3.7818,0.1725
39.030000,3.7931,0.1726
39.031000,3.7940,0.1726
39.032000,3.7961,0.1726
39.033000,3.7994,0.1727
39.034000,3.8039,0.1727
39.035000,3.8095,0.1727
39.036000,3.8163,0.1727
39.037000,3.8241,0.1728
39.038000,3.8331,0.1728
39.039000,3.8432,0.1729
39.040000,3.8544,0.1729
39.041000,3.8558,0.1729
39.042000,3.8583,0.1729
39.042000,3.8441,0.1745
39.043000,3.8447,0.1745
39.043000,3.6881,0.1747
39.044000,3.6861,0.1747
39.045000,3.6855,0.1747
39.046000,3.6864,0.1747
39.046000,3.7355,0.1763
39.047000,3.7378,0.1763
39.048000,3.7416,0.1763
39.049000,3.7471,0.1763
39.050000,3.7543,0.1763
39.051000,3.7470,0.1763
39.052000,3.7414,0.1763
39.052000,3.7695,0.1801
39.053000,3.7649,0.1802
39.054000,3.7620,0.1802
39.055000,3.7608,0.1802
39.056000,3.7614,0.1802
39.057000,3.7638,0.1802
39.058000,3.7679,0.1802
39.059000,3.7737,0.1803
39.089000,3.9768,0.1811
39.093000,4.0555,0.1812
39.094000,4.0760,0.1813
39.095000,4.0951,0.1813
39.096000,4.1127,0.1813
39.097000,4.1287,0.1813
39.098000,4.1430,0.1814
39.099000,4.1556,0.1814
39.100000,4.1663,0.1814
39.101000,4.1962,0.1814
39.102000,4.2242,0.1814
39.103000,4.2503,0.1815
39.104000,4.2745,0.1815
39.105000,4.2968,0.1816
39.106000,4.3170,0.1816
39.107000,4.3353,0.1816
39.108000,4.3516,0.1816
39.109000,4.3658,0.1817
39.110000,4.3780,0.1817
39.111000,4.4092,0.1817
39.112000,4.4383,0.1818
39.113000,4.4653,0.1818
39.114000,4.4903,0.1818
39.115000,4.5133,0.1818
39.116000,4.5342,0.1818
39.117000,4.5531,0.1818
39.118000,4.5699,0.1818
39.119000,4.5847,0.1819
39.120000,4.5973,0.1819
39.121000,4.6300,0.1819
39.122000,4.6605,0.1819
39.123000,4.6890,0.1820
39.124000,4.7153,0.1820
39.125000,4.7394,0.1820
39.126000,4.7613,0.1820
39.127000,4.7810,0.1821
39.128000,4.7984,0.1821
39.129000,4.8136,0.1822
39.130000,4.8265,0.1822
39.131000,4.8607,0.1822
39.132000,4.8926,0.1822
39.133000,4.9222,0.1822
39.134000,4.9495,0.1823
39.135000,4.9746,0.1823
39.136000,4.9973,0.1823
39.137000,5.0177,0.1824
39.138000,5.0358,0.1824
39.139000,5.0516,0.1824
39.140000,5.0651,0.1824
39.141000,5.0995,0.1824
39.142000,5.1316,0.1824
39.143000,5.1614,0.1825
39.144000,5.1889,0.1825
39.145000,5.2141,0.1825
39.145000,4.6497,0.1799
39.145000,3.9656,0.1792
39.146000,3.9663,0.1792
39.147000,3.9649,0.1793
39.148000,3.9614,0.1793
39.149000,3.9556,0.1794
39.150000,3.9478,0.1794
39.151000,3.9591,0.1795
39.152000,3.9683,0.1795
39.153000,3.9753,0.1795
39.154000,3.9802,0.1795
39.155000,3.9830,0.1796
39.156000,3.9836,0.1796
39.156000,4.0065,0.1764
39.157000,4.0049,0.1765
39.167000,4.0210,0.1767
39.168000,4.0174,0.1767
39.169000,4.0116,0.1767
39.170000,4.0038,0.1768
39.171000,4.0147,0.1768
39.172000,4.0234,0.1768
39.173000,4.0301,0.1769
39.174000,4.0347,0.1769
39.175000,4.0372,0.1769
39.176000,4.0376,0.1769
39.177000,4.0359,0.1769
39.178000,4.0321,0.1769
39.179000,4.0263,0.1769
39.180000,4.0183,0.1769
39.235000,4.2239,0.1747
39.236000,4.2240,0.1747
39.237000,4.2220,0.1747
39.238000,4.2179,0.1748
39.239000,4.2116,0.1748
39.240000,4.2033,0.1749
39.241000,4.2137,0.1749
39.242000,4.2219,0.1750
39.243000,4.2281,0.1750
39.244000,4.2322,0.1751
39.245000,4.2342,0.1751
39.246000,4.2342,0.1751
39.247000,4.2320,0.1752
39.248000,4.2278,0.1752
39.249000,4.2214,0.1753
39.250000,4.2131,0.1753
39.251000,4.2232,0.1754
39.252000,4.2313,0.1754
39.253000,4.2373,0.1755
39.254000,4.2412,0.1755
39.255000,4.2431,0.1755
39.256000,4.2429,0.1755
39.257000,4.2407,0.1756
39.258000,4.2364,0.1756
39.259000,4.2300,0.1756
39.260000,4.2216,0.1756
39.261000,4.2299,0.1757
39.262000,4.2363,0.1757
39.263000,4.2407,0.1757
39.264000,4.2433,0.1758
39.265000,4.2440,0.1758
39.266000,4.2427,0.1759
39.267000,4.2397,0.1759
39.268000,4.2347,0.1759
39.269000,4.2280,0.1759
39.270000,4.2194,0.1759
39.271000,4.2265,0.1759
39.272000,4.2318,0.1760
39.273000,4.2354,0.1760
39.274000,4.2372,0.1760
39.275000,4.2372,0.1760
39.276000,4.2354,0.1760
39.277000,4.2318,0.1760
39.278000,4.2264,0.1760
39.279000,4.2192,0.1760
39.280000,4.2103,0.1761
39.281000,4.2172,0.1761
39.282000,4.2224,0.1761
39.283000,4.2259,0.1761
39.284000,4.2275,0.1761
39.284000,4.4206,0.1753
39.285000,4.4223,0.1753
39.286000,4.4224,0.1753
39.287000,4.4208,0.1753
39.288000,4.4175,0.1753
39.289000,4.4126,0.1753
39.290000,4.4060,0.1754
39.291000,4.4141,0.1754
39.292000,4.4205,0.1754
39.293000,4.4253,0.1754
39.294000,4.4284,0.1753
39.295000,4.4299,0.1754
39.296000,4.4297,0.1754
39.297000,4.4278,0.1754
39.298000,4.4243,0.1754
39.299000,4.4191,0.1755
39.300000,4.4123,0.1755
39.301000,4.4201,0.1755
39.302000,4.4264,0.1756
39.303000,4.4309,0.1756
39.303000,4.4358,0.1708
39.304000,4.4390,0.1708
39.305000,4.4406,0.1709
39.306000,4.4406,0.1709
39.307000,4.4389,0.1709
39.308000,4.4356,0.1709
39.309000,4.4308,0.1710
39.310000,4.4243,0.1710
39.311000,4.4318,0.1710
39.312000,4.4377,0.1711
39.313000,4.4421,0.1711
39.314000,4.4448,0.1712
39.315000,4.4460,0.1712
39.316000,4.4456,0.1712
39.317000,4.4437,0.1713
39.318000,4.4402,0.1713
39.319000,4.4352,0.1714
39.320000,4.4287,0.1714
39.321000,4.4353,0.1715
39.322000,4.4405,0.1715
39.326000,4.4463,0.1716
39.327000,4.4440,0.1717
39.328000,4.4402,0.1717
39.329000,4.4349,0.1718
39.330000,4.4282,0.1718
39.331000,4.4346,0.1718
39.332000,4.4395,0.1719
39.438000,3.2161,0.1746
39.439000,3.2064,0.1746
39.440000,3.1991,0.1747
39.441000,3.1714,0.1747
39.442000,3.1462,0.1747
39.443000,3.1235,0.1748
39.444000,3.1032,0.1748
39.454000,2.9431,0.1751
39.455000,2.9270,0.1752
39.456000,2.9133,0.1752
39.457000,2.9019,0.1753
39.458000,2.8927,0.1753
39.459000,2.8858,0.1753
39.479000,2.6512,0.1762
39.480000,2.6501,0.1762
39.481000,2.6337,0.1763
39.482000,2.6197,0.1764
39.483000,2.6078,0.1764
39.484000,2.5979,0.1765
39.485000,2.5901,0.1766
39.486000,2.5841,0.1766
39.487000,2.5801,0.1767
39.487000,3.2247,0.1727
39.488000,3.2221,0.1727
39.489000,3.2218,0.1728
39.490000,3.2239,0.1728
39.491000,3.2047,0.1729
39.492000,3.1881,0.1729
39.493000,4.2564,0.1708
39.494000,4.2500,0.1709
39.495000,4.2463,0.1709
39.496000,4.2453,0.1709
39.497000,4.2470,0.1709
39.498000,4.2515,0.1709
39.499000,4.2587,0.1709
39.500000,4.2686,0.1710
39.501000,4.2515,0.1710
39.502000,4.2372,0.1710
39.503000,4.2257,0.1711
39.504000,4.2169,0.1711
39.505000,4.2109,0.1711
39.506000,4.2079,0.1711
39.507000,4.2080,0.1711
39.508000,4.2114,0.1712
39.509000,4.2181,0.1712
39.510000,4.2282,0.1713
39.511000,4.2044,0.1713
39.512000,4.1843,0.1713
39.513000,4.1679,0.1714
39.514000,4.1551,0.1714
39.515000,4.1460,0.1715
39.516000,4.1405,0.1715
39.517000,4.1387,0.1716
39.518000,4.1405,0.1716
39.519000,4.1459,0.1716
39.520000,4.1549,0.1717
39.521000,4.1311,0.1717
39.522000,4.1110,0.1718
39.523000,4.0947,0.1719
39.524000,4.0821,0.1719
39.525000,4.0732,0.1720
39.526000,4.0679,0.1720
39.526000,3.9081,0.1709
39.527000,3.9071,0.1709
39.528000,3.9095,0.1710
39.529000,3.9153,0.1710
39.530000,3.9246,0.1711
39.531000,3.9034,0.1711
39.532000,3.8858,0.1712
39.532000,4.0851,0.1674
39.533000,4.0749,0.1674
39.534000,4.0681,0.1674
39.535000,4.0648,0.1675
39.536000,4.0648,0.1675
39.537000,4.0683,0.1676
39.538000,4.0752,0.1676
39.539000,4.0855,0.1676
39.550000,4.1213,0.1680
39.553000,4.1226,0.1682
39.554000,4.1271,0.1682
39.555000,4.1335,0.1682
39.556000,4.1417,0.1683
39.557000,4.1517,0.1683
39.558000,4.1633,0.1684
39.559000,4.1765,0.1684
39.560000,4.1913,0.1685
39.561000,4.1941,0.1685
39.562000,4.1985,0.1685
39.579000,4.3847,0.1695
39.580000,4.3997,0.1695
39.581000,4.4121,0.1696
39.582000,4.4252,0.1696
39.583000,4.4388,0.1697
39.585000,4.1092,0.1666
39.614000,4.3555,0.1699
39.615000,4.3587,0.1699
39.616000,4.3620,0.1700
39.617000,4.3653,0.1700
39.618000,4.3685,0.1701
39.619000,4.3717,0.1702
39.620000,4.3747,0.1702
39.621000,4.3807,0.1703
39.622000,4.3866,0.1704
39.623000,4.3923,0.1705
39.624000,4.3978,0.1705
39.625000,4.4030,0.1706
39.626000,4.4079,0.1706
39.627000,4.4125,0.1707
39.628000,4.4168,0.1708
39.629000,4.4209,0.1708
39.630000,4.4246,0.1709
39.631000,4.4328,0.1710
39.632000,4.4408,0.1710
39.633000,4.4484,0.1711
39.643000,4.5196,0.1717
39.644000,4.5289,0.1717
39.645000,4.5374,0.1718
39.646000,4.5452,0.1718
39.647000,4.5521,0.1719
39.648000,4.5581,0.1719
39.649000,4.5633,0.1720
39.650000,4.5676,0.1720
39.651000,4.5815,0.1721
39.652000,4.5944,0.1721
39.653000,4.6064,0.1722
39.654000,4.6174,0.1723
39.655000,4.6273,0.1723
39.656000,4.6362,0.1724
39.657000,4.6441,0.1724
39.658000,4.6509,0.1725
39.659000,4.6568,0.1726
39.660000,4.6617,0.1727
39.661000,4.6783,0.1727
39.662000,4.6940,0.1728
39.662000,4.2124,0.1726
39.663000,4.2199,0.1727
39.664000,4.2263,0.1728
39.665000,4.2315,0.1728
39.666000,4.2354,0.1729
39.667000,4.2378,0.1729
39.668000,4.2388,0.1729
39.669000,4.2384,0.1730
39.670000,4.2363,0.1730
39.671000,4.2506,0.1730
39.672000,4.2633,0.1731
39.673000,4.2743,0.1731
39.691000,4.3955,0.1738
39.692000,4.4102,0.1738
39.692000,4.2332,0.1742
39.693000,4.2416,0.1742
39.694000,4.2481,0.1742
39.695000,4.2527,0.1742
39.696000,4.2555,0.1743
39.697000,4.2564,0.1743
39.698000,4.2555,0.1743
39.699000,4.2527,0.1743
39.700000,4.2481,0.1743
39.701000,4.2601,0.1744
39.702000,4.2703,0.1744
39.703000,4.2787,0.1744
39.704000,4.2852,0.1745
39.705000,4.2898,0.1745
39.706000,4.2927,0.1745
39.707000,4.2937,0.1746
39.708000,4.2928,0.1746
39.709000,4.2902,0.1747
39.710000,4.2858,0.1747
39.711000,4.2978,0.1748
39.712000,4.3080,0.1748
39.713000,4.3165,0.1748
39.714000,4.3231,0.1749
39.715000,4.3278,0.1749
39.716000,4.3308,0.1749
39.717000,4.3320,0.1750
39.718000,4.3313,0.1750
39.719000,4.3289,0.1751
39.720000,4.3246,0.1751
39.721000,4.3435,0.1752
39.722000,4.3602,0.1753
39.723000,4.3748,0.1754
39.724000,4.3870,0.1754
39.725000,4.3968,0.1755
39.726000,4.4041,0.1755
39.727000,4.4087,0.1756
39.728000,4.4107,0.1756
39.729000,4.4099,0.1757
39.730000,4.4063,0.1758
39.731000,4.4302,0.1758
39.732000,4.4515,0.1759
39.733000,4.4701,0.1759
39.734000,4.4858,0.1759
39.735000,4.4987,0.1759
39.736000,4.5088,0.1760
39.737000,4.5158,0.1760
39.738000,4.5198,0.1760
39.739000,4.5208,0.1761
39.739000,4.4600,0.1725
39.740000,4.4511,0.1725
39.741000,4.4690,0.1725
39.742000,4.4839,0.1725
39.743000,4.4960,0.1726
39.744000,4.5050,0.1726
39.745000,4.5112,0.1726
39.746000,4.5143,0.1727
39.747000,4.5145,0.1727
39.748000,4.5116,0.1728
39.749000,4.5057,0.1728
39.750000,4.4968,0.1729
39.751000,4.5148,0.1729
39.752000,4.5299,0.1729
39.753000,4.5421,0.1729
39.754000,4.5512,0.1730
39.755000,4.5574,0.1730
39.756000,4.5605,0.1730
39.757000,4.5605,0.1730
39.758000,4.5576,0.1730
39.759000,4.5515,0.1731
39.760000,4.5424,0.1731
39.761000,4.5604,0.1731
39.761000,4.4464,0.1721
39.762000,4.4597,0.1722
39.763000,4.4699,0.1722
39.764000,4.4771,0.1722
39.765000,4.4812,0.1723
39.766000,4.4821,0.1723
39.767000,4.4800,0.1723
39.768000,4.4748,0.1724
39.769000,4.4665,0.1724
39.770000,4.4552,0.1725
39.771000,4.4705,0.1725
39.772000,4.4828,0.1725
39.773000,4.4922,0.1726
39.774000,4.4986,0.1726
39.775000,4.5020,0.1726
39.776000,4.5024,0.1727
39.777000,4.4997,0.1727
39.778000,4.4941,0.1728
39.779000,4.4854,0.1728
39.780000,4.4737,0.1729
39.781000,4.4886,0.1730
39.782000,4.5007,0.1730
39.783000,4.5097,0.1731
39.784000,4.5158,0.1731
39.785000,4.5189,0.1732
39.786000,4.5190,0.1732
39.811000,4.8159,0.1733
39.812000,4.8277,0.1733
39.813000,4.8367,0.1733
39.814000,4.8426,0.1733
39.815000,4.8455,0.1733
39.816000,4.8453,0.1733
39.817000,4.8422,0.1733
39.818000,4.8360,0.1734
39.819000,4.8268,0.1734
39.820000,4.8147,0.1734
39.821000,4.8234,0.1734
39.822000,4.8296,0.1735
39.823000,4.8333,0.1735
39.824000,4.8345,0.1736
39.825000,4.8333,0.1736
39.826000,4.8297,0.1737
39.827000,4.8238,0.1737
39.828000,4.8156,0.1737
39.829000,4.8051,0.1738
39.830000,4.7924,0.1738
39.831000,4.7980,0.1739
39.832000,4.8016,0.1739
39.833000,4.8030,0.1740
39.834000,4.8023,0.1740
39.835000,4.7995,0.1741
39.836000,4.7944,0.1741
39.837000,4.7873,0.1742
39.838000,4.7779,0.1742
39.839000,4.7664,0.1743
39.840000,4.7528,0.1743
39.841000,4.7575,0.1744
39.842000,4.7601,0.1744
39.843000,4.7608,0.1745
39.844000,4.7593,0.1745
39.845000,4.7558,0.1745
39.846000,4.7502,0.1746
39.847000,4.7424,0.1746
39.848000,4.7325,0.1747
39.849000,4.7205,0.1747
39.850000,4.7064,0.1747
39.851000,4.7109,0.1747
39.852000,4.7133,0.1747
39.853000,4.7138,0.1747
39.854000,4.7121,0.1747
39.855000,4.7084,0.1747
39.856000,4.7025,0.1748
39.857000,4.6945,0.1748
39.858000,4.6843,0.1748
39.859000,4.6720,0.1748
39.860000,4.6576,0.1748
39.861000,4.6620,0.1749
39.862000,4.6644,0.1749
39.863000,4.6647,0.1749
39.864000,4.6629,0.1749
39.864000,4.8749,0.1717
39.865000,4.8769,0.1717
39.866000,4.8770,0.1717
39.867000,4.8751,0.1718
39.868000,4.8712,0.1718
39.869000,4.8653,0.1718
39.870000,4.8576,0.1719
39.871000,4.8672,0.1719
39.872000,4.8749,0.1720
39.873000,4.8807,0.1720
39.874000,4.8846,0.1720
39.875000,4.8864,0.1720
39.876000,4.8863,0.1721
39.877000,4.8842,0.1721
39.878000,4.8801,0.1721
39.879000,4.8741,0.1721
39.880000,4.8662,0.1722
39.881000,4.8736,0.1722
39.882000,4.8792,0.1722
39.883000,4.8829,0.1722
39.884000,4.8847,0.1722
39.885000,4.8846,0.1722
39.886000,4.8828,0.1722
39.886000,4.6373,0.1685
39.887000,4.6339,0.1685
39.888000,4.6289,0.1686
39.889000,4.6224,0.1686
39.890000,4.6146,0.1686
39.891000,4.6175,0.1687
39.892000,4.6191,0.1687
39.893000,4.6195,0.1688
39.894000,4.6185,0.1688
39.895000,4.6162,0.1689
39.896000,4.6126,0.1689
39.897000,4.6077,0.1690
39.898000,4.6015,0.1690
39.899000,4.5940,0.1691
39.900000,4.5853,0.1691
39.901000,4.5823,0.1692
39.902000,4.5780,0.1692
39.903000,4.5726,0.1692
39.904000,4.5660,0.1693
39.905000,4.5586,0.1693
39.906000,4.5507,0.1693
39.907000,4.5423,0.1693
39.908000,4.5336,0.1694
39.909000,4.5249,0.1694
39.910000,4.5163,0.1694
39.923000,4.3241,0.1698
39.924000,4.3045,0.1699
39.931000,4.1879,0.1702
39.932000,4.1610,0.1702
39.933000,4.1359,0.1702
39.934000,4.1126,0.1703
39.935000,4.0913,0.1703
39.936000,4.0720,0.1703
39.937000,4.0548,0.1703
39.944000,3.9059,0.1707
39.945000,3.8840,0.1707
39.946000,3.8644,0.1708
39.947000,3.8470,0.1709
39.948000,3.8320,0.1709
39.949000,3.8193,0.1709
39.957000,3.6441,0.1713
40.003000,2.8813,0.1733
40.004000,2.8663,0.1734
40.005000,2.8537,0.1734
40.006000,2.8435,0.1734
40.007000,2.8357,0.1734
40.008000,2.8303,0.1734
40.009000,2.8272,0.1734
40.010000,2.8264,0.1734
40.011000,2.8073,0.1734
40.012000,2.7907,0.1735
40.013000,2.7764,0.1735
40.014000,2.7646,0.1735
40.015000,2.7551,0.1735
40.016000,2.7480,0.1736
40.017000,2.7432,0.1736
40.018000,2.7406,0.1736
40.019000,2.7402,0.1736
40.020000,2.7421,0.1737
40.021000,2.7280,0.1737
40.022000,2.7165,0.1737
40.023000,2.7074,0.1737
40.024000,2.7008,0.1737
40.025000,2.6964,0.1737
40.026000,2.6941,0.1737
40.027000,2.6939,0.1738
40.028000,2.6956,0.1738
40.029000,2.6991,0.1738
40.030000,2.7044,0.1738
40.031000,2.6977,0.1738
40.032000,2.6934,0.1739
40.033000,2.6913,0.1739
40.034000,2.6911,0.1739
40.035000,2.6928,0.1740
40.036000,2.6962,0.1740
40.037000,2.7012,0.1740
40.038000,2.7076,0.1741
40.039000,2.7154,0.1741
40.040000,2.7244,0.1741
40.041000,2.7257,0.1741
40.042000,2.7289,0.1742
40.043000,2.7338,0.1742
40.044000,2.7401,0.1742
40.045000,2.7478,0.1742
40.046000,2.7568,0.1743
40.047000,2.7667,0.1743
40.048000,2.7777,0.1743
40.049000,2.7894,0.1743
40.050000,2.8020,0.1743
40.051000,2.8113,0.1743
40.052000,2.8220,0.1743
40.052000,4.1940,0.1704
40.053000,4.1839,0.1704
40.054000,4.1768,0.1705
40.055000,4.1727,0.1705
40.056000,4.1716,0.1705
40.057000,4.1736,0.1705
40.058000,4.1785,0.1705
40.059000,4.1865,0.1705
40.060000,4.1976,0.1705
40.061000,4.1812,0.1705
40.062000,4.1679,0.1705
40.063000,4.1577,0.1705
40.064000,4.1505,0.1706
40.065000,4.1463,0.1706
40.066000,4.1452,0.1706
40.067000,4.1471,0.1707
40.068000,4.1520,0.1707
40.069000,4.1599,0.1707
40.070000,4.1709,0.1707
40.071000,4.1548,0.1707
40.072000,4.1418,0.1708
40.073000,4.1318,0.1708
40.074000,4.1248,0.1708
40.075000,4.1208,0.1709
40.076000,4.1198,0.1709
40.077000,4.1218,0.1710
40.078000,4.1268,0.1710
40.079000,4.1347,0.1710
40.080000,4.1457,0.1711
40.081000,4.1301,0.1711
40.082000,4.1175,0.1712
40.083000,4.1079,0.1712
40.084000,4.1013,0.1712
40.085000,4.0976,0.1712
40.086000,4.0969,0.1712
40.087000,4.0991,0.1712
40.088000,4.1043,0.1713
40.089000,4.1124,0.1713
40.090000,4.1233,0.1713
40.091000,4.1099,0.1714
40.092000,4.0995,0.1714
40.093000,4.0920,0.1714
40.094000,4.0872,0.1714
40.095000,4.0852,0.1714
40.096000,4.0859,0.1715
40.097000,4.0893,0.1715
40.098000,4.0952,0.1715
40.099000,4.1037,0.1715
40.100000,4.1148,0.1715
40.101000,4.1036,0.1715
40.102000,4.0952,0.1715
40.103000,4.0895,0.1716
40.104000,4.0865,0.1716
40.105000,4.0859,0.1716
40.106000,4.0878,0.1716
40.107000,4.0920,0.1717
40.108000,4.0987,0.1717
40.109000,4.1077,0.1717
40.110000,4.1190,0.1717
40.111000,4.1098,0.1717
40.112000,4.1032,0.1717
40.113000,4.0990,0.1717
40.114000,4.0972,0.1718
40.115000,4.0978,0.1718
40.116000,4.1005,0.1718
40.117000,4.1055,0.1718
40.118000,4.1126,0.1718
40.119000,4.1218,0.1718
40.120000,4.1331,0.1719
40.121000,4.1352,0.1719
40.122000,4.1394,0.1719
40.123000,4.1455,0.1719
40.124000,4.1530,0.1719
40.125000,4.1616,0.1719
40.126000,4.1711,0.1719
40.127000,4.1812,0.1720
40.128000,4.1918,0.1720
40.129000,4.2027,0.1720
40.130000,4.2139,0.1720
40.131000,4.2276,0.1720
40.132000,4.2417,0.1721
40.133000,4.2560,0.1721
40.134000,4.2704,0.1721
40.135000,4.2848,0.1721
40.136000,4.2990,0.1722
40.137000,4.3130,0.1722
40.138000,4.3268,0.1722
40.139000,4.3402,0.1722
40.140000,4.3533,0.1722
40.140000,4.5860,0.1703
40.141000,4.6065,0.1703
40.141000,4.2666,0.1709
40.142000,4.2740,0.1709
40.143000,4.2819,0.1709
40.144000,4.2900,0.1709
40.145000,4.2982,0.1709
40.146000,4.3063,0.1709
40.147000,4.3142,0.1709
40.148000,4.3217,0.1709
40.149000,4.3290,0.1710
40.150000,4.3358,0.1710
40.151000,4.3497,0.1710
40.152000,4.3632,0.1710
40.153000,4.3762,0.1710
40.154000,4.3885,0.1711
40.155000,4.4003,0.1711
40.156000,4.4113,0.1712
40.157000,4.4216,0.1712
40.158000,4.4311,0.1713
40.159000,4.4400,0.1713
40.160000,4.4482,0.1713
40.161000,4.4637,0.1714
40.162000,4.4786,0.1714
40.163000,4.4928,0.1714
40.164000,4.5062,0.1715
40.165000,4.5188,0.1715
40.166000,4.5305,0.1715
40.166000,3.9811,0.1721
40.167000,3.9816,0.1721
40.168000,3.9814,0.1721
40.169000,3.9806,0.1722
40.170000,3.9791,0.1721
40.171000,3.9841,0.1722
40.172000,3.9886,0.1722
40.173000,3.9924,0.1722
40.174000,3.9956,0.1722
40.175000,3.9980,0.1722
40.176000,3.9996,0.1722
40.177000,4.0005,0.1722
40.178000,4.0007,0.1722
40.179000,4.0002,0.1722
40.180000,3.9988,0.1722
40.181000,4.0179,0.1723
40.182000,4.0356,0.1723
40.183000,4.0515,0.1724
40.184000,4.0654,0.1724
40.185000,4.0771,0.1724
40.186000,4.0865,0.1725
40.187000,4.0935,0.1725
40.188000,4.0979,0.1725
40.189000,4.0998,0.1725
40.190000,4.0992,0.1726
40.191000,4.1256,0.1726
40.192000,4.1494,0.1726
40.193000,4.1703,0.1727
40.194000,4.1885,0.1727
40.195000,4.2038,0.1727
40.196000,4.2163,0.1727
40.197000,4.2258,0.1727
40.198000,4.2325,0.1727
40.199000,4.2363,0.1728
40.200000,4.2373,0.1728
40.201000,4.2652,0.1728
40.202000,4.2902,0.1728
40.203000,4.3123,0.1729
40.204000,4.3314,0.1729
40.205000,4.3476,0.1729
40.206000,4.3608,0.1729
40.207000,4.3710,0.1730
40.208000,4.3782,0.1730
40.209000,4.3826,0.1730
40.210000,4.3841,0.1730
40.211000,4.4121,0.1730
40.212000,4.4373,0.1731
40.212000,4.2331,0.1710
40.213000,4.2538,0.1711
40.213000,3.6958,0.1705
40.214000,3.7024,0.1705
40.215000,3.7059,0.1705
40.216000,3.7061,0.1706
40.217000,3.7030,0.1706
40.218000,3.6966,0.1707
40.219000,3.6870,0.1707
40.220000,3.6743,0.1707
40.221000,3.6907,0.1708
40.222000,3.7040,0.1708
40.223000,3.7140,0.1708
40.224000,3.7207,0.1709
40.225000,3.7242,0.1709
40.226000,3.7245,0.1710
40.227000,3.7214,0.1710
40.228000,3.7151,0.1711
40.229000,3.7056,0.1711
40.230000,3.6929,0.1712
40.231000,3.7102,0.1712
40.232000,3.7244,0.1712
40.233000,3.7353,0.1713
40.234000,3.7430,0.1713
40.235000,3.7474,0.1714
40.236000,3.7485,0.1714
40.236000,3.9772,0.1650
40.237000,3.9746,0.1650
40.238000,3.9683,0.1651
40.239000,3.9584,0.1651
40.240000,3.9449,0.1652
40.241000,3.9653,0.1652
40.242000,3.9820,0.1653
40.243000,3.9950,0.1653
40.244000,4.0043,0.1654
40.245000,4.0098,0.1654
40.246000,4.0117,0.1654
40.247000,4.0099,0.1654
40.248000,4.0044,0.1654
40.249000,3.9951,0.1654
40.250000,3.9823,0.1655
40.251000,4.0020,0.1655
40.252000,4.0181,0.1655
40.253000,4.0305,0.1655
40.254000,4.0393,0.1655
40.255000,4.0446,0.1655
40.256000,4.0463,0.1656
40.257000,4.0444,0.1656
40.258000,4.0390,0.1657
40.259000,4.0302,0.1657
40.260000,4.0178,0.1657
40.261000,4.0370,0.1658
40.262000,4.0526,0.1658
40.263000,4.0647,0.1659
40.264000,4.0733,0.1659
40.265000,4.0785,0.1660
40.266000,4.0802,0.1660
40.267000,4.0785,0.1660
40.268000,4.0733,0.1661
40.269000,4.0648,0.1661
40.270000,4.0528,0.1661
40.271000,4.0717,0.1662
40.272000,4.0872,0.1662
40.273000,4.0993,0.1662
40.274000,4.1080,0.1662
40.275000,4.1132,0.1663
40.276000,4.1151,0.1663
40.277000,4.1136,0.1663
40.278000,4.1087,0.1663
40.279000,4.1005,0.1664
40.280000,4.0889,0.1664
40.281000,4.1079,0.1664
40.282000,4.1235,0.1664
40.283000,4.1358,0.1665
40.284000,4.1447,0.1665
40.285000,4.1503,0.1666
40.286000,4.1526,0.1666
40.287000,4.1515,0.1667
40.288000,4.1472,0.1667
40.289000,4.1395,0.1668
40.290000,4.1285,0.1668
40.291000,4.1478,0.1669
40.292000,4.1637,0.1669
40.293000,4.1764,0.1669
40.294000,4.1858,0.1670
40.295000,4.1918,0.1670
40.296000,4.1946,0.1670
40.297000,4.1941,0.1670
40.298000,4.1903,0.1671
40.299000,4.1833,0.1671
40.299000,3.8429,0.1652
40.300000,3.8290,0.1652
40.301000,3.8451,0.1652
40.302000,3.8579,0.1653
40.303000,3.8673,0.1653
40.304000,3.8733,0.1653
40.304000,3.8766,0.1607
40.305000,3.8800,0.1607
40.306000,3.8801,0.1607
40.307000,3.8769,0.1608
40.308000,3.8704,0.1608
40.309000,3.8605,0.1609
40.310000,3.8474,0.1609
40.311000,3.8632,0.1609
40.312000,3.8758,0.1609
40.313000,3.8850,0.1609
40.314000,3.8910,0.1610
40.315000,3.8936,0.1610
40.316000,3.8930,0.1610
40.317000,3.8891,0.1611
40.318000,3.8821,0.1611
40.319000,3.8719,0.1611
40.320000,3.8588,0.1612
40.321000,3.8707,0.1612
40.322000,3.8797,0.1613
40.323000,3.8859,0.1613
40.324000,3.8891,0.1614
40.325000,3.8895,0.1614
40.326000,3.8871,0.1615
40.327000,3.8818,0.1615
40.328000,3.8738,0.1616
40.329000,3.8629,0.1616
40.330000,3.8493,0.1617
40.331000,3.8537,0.1617
40.332000,3.8556,0.1617
40.333000,3.8551,0.1618
40.334000,3.8523,0.1618
40.334000,3.9017,0.1600
40.335000,3.8992,0.1600
40.336000,3.8948,0.1600
40.337000,3.8886,0.1601
40.338000,3.8805,0.1602
40.339000,3.8709,0.1602
40.340000,3.8596,0.1603
40.341000,3.8596,0.1603
40.342000,3.8583,0.1604
40.343000,3.8556,0.1604
40.344000,3.8514,0.1604
40.345000,3.8458,0.1605
40.346000,3.8388,0.1605
40.347000,3.8303,0.1605
40.348000,3.8204,0.1606
40.349000,3.8091,0.1606
40.350000,3.7964,0.1607
40.351000,3.7957,0.1607
40.352000,3.7938,0.1608
40.353000,3.7905,0.1608
40.354000,3.7859,0.1609
40.355000,3.7799,0.1609
40.356000,3.7725,0.1609
40.357000,3.7637,0.1609
40.358000,3.7534,0.1610
40.359000,3.7417,0.1610
40.360000,3.7286,0.1610
40.361000,3.7282,0.1610
40.362000,3.7265,0.1611
40.363000,3.7235,0.1611
40.364000,3.7190,0.1611
40.365000,3.7132,0.1612
40.366000,3.7058,0.1612
40.367000,3.6970,0.1613
40.368000,3.6867,0.1613
40.369000,3.6749,0.1613
40.370000,3.6616,0.1614
40.371000,3.6473,0.1614
40.372000,3.6324,0.1614
40.373000,3.6172,0.1614
40.374000,3.6019,0.1614
40.375000,3.5865,0.1614
40.376000,3.5713,0.1615
40.377000,3.5563,0.1615
40.378000,3.5416,0.1615
40.379000,3.5273,0.1615
40.379000,4.0993,0.1630
40.380000,4.1028,0.1630
40.381000,4.0925,0.1630
40.382000,4.0834,0.1630
40.383000,4.0755,0.1630
40.384000,4.0688,0.1630
40.385000,4.0634,0.1630
40.386000,4.0592,0.1630
40.387000,4.0562,0.1630
40.388000,4.0545,0.1631
40.389000,4.0542,0.1631
40.390000,4.0553,0.1631
40.391000,4.0418,0.1631
40.392000,4.0299,0.1631
40.393000,4.0196,0.1631
40.394000,4.0108,0.1632
40.395000,4.0034,0.1632
40.396000,3.9976,0.1632
40.397000,3.9933,0.1633
40.398000,3.9904,0.1633
40.399000,3.9890,0.1633
40.400000,3.9892,0.1633
40.401000,3.9753,0.1633
40.402000,3.9630,0.1634
40.403000,3.9523,0.1634
40.404000,3.9432,0.1634
40.404000,4.0559,0.1571
40.405000,4.0535,0.1571
40.406000,4.0527,0.1571
40.407000,4.0537,0.1571
40.408000,4.0565,0.1571
40.409000,4.0610,0.1571
40.410000,4.0673,0.1571
40.411000,4.0577,0.1571
40.412000,4.0499,0.1572
40.413000,4.0439,0.1572
40.414000,4.0397,0.1572
40.415000,4.0371,0.1572
40.416000,4.0363,0.1572
40.417000,4.0371,0.1573
40.418000,4.0397,0.1573
40.419000,4.0440,0.1574
40.420000,4.0501,0.1574
40.421000,4.0397,0.1575
40.422000,4.0311,0.1575
40.423000,4.0242,0.1576
40.424000,4.0191,0.1576
40.425000,4.0156,0.1576
40.426000,4.0138,0.1576
40.427000,4.0138,0.1577
40.428000,4.0158,0.1577
40.429000,4.0197,0.1577
40.430000,4.0257,0.1577
40.431000,4.0114,0.1577
40.432000,3.9994,0.1577
40.433000,3.9894,0.1578
40.434000,3.9817,0.1578
40.435000,3.9760,0.1578
40.436000,3.9725,0.1578
40.437000,3.9711,0.1578
40.438000,3.9720,0.1579
40.439000,3.9750,0.1579
40.440000,3.9804,0.1579
40.441000,3.9652,0.1579
40.442000,3.9524,0.1580
40.442000,3.9798,0.1613
40.443000,3.9705,0.1613
40.444000,3.9631,0.1614
40.445000,3.9577,0.1615
40.446000,3.9541,0.1615
40.447000,3.9524,0.1616
40.448000,3.9526,0.1616
40.449000,3.9547,0.1617
40.450000,3.9589,0.1617
40.451000,3.9446,0.1617
40.452000,3.9323,0.1618
40.453000,3.9221,0.1618
40.454000,3.9138,0.1619
40.455000,3.9075,0.1619
40.456000,3.9032,0.1620
40.457000,3.9009,0.1620
40.458000,3.9007,0.1620
40.459000,3.9025,0.1621
40.460000,3.9065,0.1621
40.461000,3.8913,0.1622
40.462000,3.8784,0.1622
40.463000,3.8675,0.1622
40.464000,3.8587,0.1623
40.465000,3.8519,0.1623
40.465000,3.5946,0.1639
40.466000,3.5917,0.1639
40.467000,3.5906,0.1639
40.468000,3.5915,0.1640
40.469000,3.5942,0.1640
40.470000,3.5990,0.1640
40.471000,3.5865,0.1641
40.472000,3.5760,0.1641
40.473000,3.5674,0.1642
40.474000,3.5607,0.1643
40.475000,3.5559,0.1643
40.476000,3.5529,0.1644
40.477000,3.5518,0.1644
40.478000,3.5525,0.1645
40.479000,3.5551,0.1645
40.480000,3.5596,0.1645
40.481000,3.5464,0.1645
40.482000,3.5352,0.1646
40.483000,3.5259,0.1646
40.484000,3.5184,0.1646
40.485000,3.5128,0.1647
40.486000,3.5090,0.1647
40.487000,3.5070,0.1647
40.488000,3.5069,0.1648
40.489000,3.5090,0.1648
40.490000,3.5136,0.1648
40.490000,3.4640,0.1661
40.491000,3.4437,0.1661
40.492000,3.4259,0.1662
40.493000,3.4106,0.1662
40.494000,3.3978,0.1662
40.495000,3.3877,0.1662
40.496000,3.3802,0.1662
40.497000,3.3754,0.1662
40.498000,3.3734,0.1662
40.499000,3.3743,0.1663
40.500000,3.3781,0.1663
40.501000,3.3546,0.1663
40.502000,3.3340,0.1663
40.503000,3.3164,0.1663
40.504000,3.3016,0.1664
40.505000,3.2898,0.1664
40.505000,3.7421,0.1667
40.506000,3.7396,0.1667
40.507000,3.7399,0.1667
40.508000,3.7431,0.1668
40.509000,3.7491,0.1668
40.510000,3.7581,0.1669
40.511000,3.7402,0.1669
40.512000,3.7253,0.1670
40.513000,3.7134,0.1670
40.514000,3.7044,0.1670
40.515000,3.6983,0.1670
40.516000,3.6950,0.1671
40.517000,3.6947,0.1671
40.518000,3.6973,0.1671
40.519000,3.7029,0.1671
40.572000,3.3762,0.1685
40.573000,3.3622,0.1686
40.574000,3.3513,0.1686
40.575000,3.3436,0.1686
40.576000,3.3389,0.1687
40.577000,3.3375,0.1687
40.607000,3.1519,0.1697
40.608000,3.1536,0.1697
40.609000,3.1587,0.1697
40.610000,3.1673,0.1697
40.611000,3.1448,0.1698
40.612000,3.1256,0.1698
40.613000,3.1099,0.1698
40.614000,3.0975,0.1699
40.615000,3.0886,0.1699
40.616000,3.0830,0.1700
40.617000,3.0810,0.1700
40.618000,3.0823,0.1700
40.619000,3.0873,0.1700
40.620000,3.0959,0.1700
40.621000,3.0698,0.1701
40.622000,3.0474,0.1701
40.623000,3.0288,0.1701
40.624000,3.0141,0.1701
40.625000,3.0031,0.1701
40.626000,2.9961,0.1702
40.627000,2.9930,0.1702
40.628000,2.9939,0.1703
40.629000,2.9988,0.1703
40.637000,2.9027,0.1707
40.638000,2.9038,0.1708
40.686000,2.7167,0.1781
40.688000,2.7196,0.1782
40.689000,2.7264,0.1782
40.690000,2.7369,0.1782
40.691000,2.7151,0.1783
40.692000,2.6970,0.1783
40.693000,2.6824,0.1784
40.694000,2.6715,0.1784
40.695000,2.6641,0.1784
40.696000,2.6604,0.1784
40.697000,2.6604,0.1785
40.698000,2.6639,0.1785
40.699000,2.6711,0.1785
40.702000,2.6431,0.1785
40.728000,2.5378,0.1786
40.729000,2.5468,0.1787
40.730000,2.5590,0.1787
40.731000,2.5426,0.1787
40.732000,2.5296,0.1787
40.733000,2.5200,0.1788
40.734000,2.5138,0.1788
40.734000,2.5567,0.1791
40.752000,2.4781,0.1801
40.753000,2.4648,0.1801
40.754000,2.4549,0.1802
40.755000,2.4484,0.1803
40.756000,2.4455,0.1803
40.757000,2.4460,0.1804
40.758000,2.4499,0.1804
40.759000,2.4572,0.1805
40.760000,2.4680,0.1805
40.761000,2.4483,0.1806
40.762000,2.4322,0.1806
40.763000,2.4195,0.1807
40.764000,2.4102,0.1807
40.765000,2.4042,0.1807
40.766000,2.4017,0.1807
40.767000,2.4025,0.1808
40.768000,2.4066,0.1808
40.769000,2.4141,0.1808
40.770000,2.4249,0.1808
40.771000,2.4059,0.1808
40.772000,2.3904,0.1809
40.773000,2.3782,0.1809
40.774000,2.3693,0.1809
40.775000,2.3637,0.1809
40.776000,2.3614,0.1809
40.777000,2.3624,0.1809
40.826000,2.7440,0.1730
40.827000,2.7450,0.1730
40.828000,2.7484,0.1730
40.829000,2.7541,0.1731
40.830000,2.7622,0.1731
40.831000,2.7493,0.1731
40.832000,2.7390,0.1731
40.833000,2.7310,0.1731
40.834000,2.7253,0.1731
40.835000,2.7219,0.1731
40.836000,2.7208,0.1731
40.837000,2.7220,0.1732
40.838000,2.7255,0.1732
40.839000,2.7312,0.1732
40.840000,2.7392,0.1732
40.841000,2.7270,0.1732
40.842000,2.7171,0.1732
40.843000,2.7096,0.1733
40.844000,2.7043,0.1733
40.845000,2.7013,0.1733
40.846000,2.7005,0.1734
40.847000,2.7018,0.1734
40.848000,2.7054,0.1735
40.852000,2.6986,0.1736
40.857000,2.6853,0.1737
40.867000,2.6721,0.1739
40.879000,2.7605,0.1736
40.880000,2.7651,0.1736
40.881000,2.7674,0.1736
40.882000,2.7711,0.1736
40.883000,2.7760,0.1736
40.884000,2.7822,0.1737
40.885000,2.7895,0.1737
40.886000,2.7975,0.1737
40.887000,2.8052,0.1737
40.888000,2.8120,0.1737
40.892000,2.8995,0.1739
40.893000,2.9345,0.1739
40.894000,2.9661,0.1739
40.895000,2.9942,0.1739
40.896000,3.0185,0.1740
40.897000,3.0389,0.1740
40.898000,3.0553,0.1740
40.899000,3.0676,0.1741
40.900000,3.0758,0.1741
40.901000,3.1255,0.1741
40.902000,3.1710,0.1741
40.903000,3.2122,0.1742
40.904000,3.2490,0.1742
40.905000,3.2814,0.1743
40.906000,3.3092,0.1743
40.918000,3.6578,0.1747
40.919000,3.6725,0.1747
40.920000,3.6828,0.1748
40.921000,3.7339,0.1748
40.922000,3.7805,0.1748
40.923000,3.8226,0.1748
40.924000,3.8601,0.1749
40.925000,3.8931,0.1749
40.926000,3.9215,0.1750
40.927000,3.9454,0.1750
40.928000,3.9647,0.1750
40.929000,3.9795,0.1750
40.930000,3.9897,0.1751
40.931000,4.0406,0.1751
40.932000,4.0870,0.1751
40.933000,4.1288,0.1751
40.933000,2.9639,0.1659
40.934000,2.9722,0.1659
40.937000,2.9720,0.1659
40.938000,2.9636,0.1659
40.939000,2.9510,0.1659
40.940000,2.9343,0.1659
40.941000,2.9548,0.1659
40.942000,2.9713,0.1659
40.943000,2.9837,0.1659
40.944000,2.9919,0.1660
40.946000,2.9957,0.1661
40.947000,2.9914,0.1661
40.951000,2.9738,0.1662
40.955000,3.0143,0.1663
40.961000,2.9937,0.1665
40.965000,3.0417,0.1666
40.967000,2.8202,0.1600
41.003000,2.9571,0.1540
41.004000,2.9655,0.1541
41.005000,2.9698,0.1541
41.006000,2.9698,0.1542
41.007000,2.9656,0.1542
41.008000,2.9573,0.1542
41.009000,2.9448,0.1543
41.010000,2.9282,0.1543
41.011000,2.9489,0.1543
41.012000,2.9654,0.1544
41.013000,2.9779,0.1544
41.014000,2.9861,0.1545
41.015000,2.9902,0.1545
41.016000,2.9902,0.1545
41.017000,2.9859,0.1546
41.018000,2.9776,0.1546
41.019000,2.9651,0.1546
41.020000,2.9485,0.1546
41.021000,2.9689,0.1547
41.022000,2.9852,0.1547
41.023000,2.9974,0.1547
41.024000,3.0055,0.1547
41.025000,3.0095,0.1547
41.026000,3.0093,0.1547
41.027000,3.0050,0.1548
41.028000,2.9966,0.1548
41.029000,2.9841,0.1548
41.030000,2.9675,0.1548
41.031000,2.9880,0.1548
41.032000,3.0044,0.1549
41.033000,3.0167,0.1549
41.034000,3.0249,0.1549
41.034000,3.2690,0.1524
41.035000,3.2738,0.1525
41.036000,3.2748,0.1525
41.037000,3.2718,0.1525
41.038000,3.2650,0.1525
41.039000,3.2542,0.1526
41.040000,3.2393,0.1526
41.041000,3.2640,0.1526
41.042000,3.2845,0.1526
41.043000,3.3007,0.1526
41.044000,3.3126,0.1527
41.045000,3.3202,0.1527
41.046000,3.3234,0.1527
41.047000,3.3222,0.1527
41.048000,3.3166,0.1528
41.049000,3.3067,0.1528
41.050000,3.2924,0.1529
41.051000,3.3182,0.1529
41.052000,3.3397,0.1529
41.052000,3.5405,0.1497
41.053000,3.5549,0.1497
41.054000,3.5649,0.1498
41.055000,3.5705,0.1498
41.056000,3.5717,0.1498
41.057000,3.5685,0.1498
41.058000,3.5609,0.1498
41.059000,3.5489,0.1499
41.060000,3.5326,0.1499
41.061000,3.5556,0.1499
41.062000,3.5742,0.1499
41.063000,3.5885,0.1499
41.064000,3.5984,0.1499
41.065000,3.6040,0.1499
41.066000,3.6051,0.1499
41.067000,3.6019,0.1499
41.068000,3.5943,0.1499
41.069000,3.5823,0.1499
41.070000,3.5661,0.1499
41.071000,3.5889,0.1499
41.072000,3.6073,0.1499
41.073000,3.6214,0.1499
41.074000,3.6312,0.1499
41.075000,3.6366,0.1499
41.076000,3.6377,0.1499
41.077000,3.6345,0.1500
41.078000,3.6269,0.1500
41.079000,3.6150,0.1500
41.085000,3.6981,0.1457
41.086000,3.6995,0.1457
41.087000,3.6966,0.1457
41.188000,4.1832,0.1480
41.192000,4.2090,0.1482
41.193000,4.2264,0.1482
41.194000,4.2395,0.1482
41.195000,4.2483,0.1482
41.196000,4.2528,0.1483
41.197000,4.2531,0.1483
41.198000,4.2491,0.1484
41.213000,4.3648,0.1487
41.214000,4.3783,0.1488
41.215000,4.3875,0.1488
41.226000,4.4645,0.1491
41.227000,4.4656,0.1491
41.244000,4.7144,0.1527
41.245000,4.7209,0.1527
41.246000,4.7230,0.1527
41.247000,4.7209,0.1528
41.248000,4.7144,0.1528
41.249000,4.7037,0.1529
41.251000,4.7120,0.1530
41.285000,4.7197,0.1503
41.292000,4.7343,0.1504
41.295000,4.7679,0.1505
41.296000,4.7708,0.1505
41.297000,4.7697,0.1505
41.298000,4.7643,0.1506
41.299000,4.7548,0.1506
41.300000,4.7411,0.1507
41.301000,4.7658,0.1507
41.302000,4.7864,0.1507
41.303000,4.8027,0.1507
41.304000,4.8147,0.1508
41.305000,4.8225,0.1508
41.306000,4.8261,0.1508
41.307000,4.8255,0.1508
41.308000,4.8205,0.1508
41.309000,4.8114,0.1508
41.310000,4.7980,0.1509
41.311000,4.8228,0.1509
41.312000,4.8434,0.1509
41.313000,4.8598,0.1509
41.314000,4.8720,0.1510
41.315000,4.8799,0.1510
41.316000,4.8836,0.1510
41.317000,4.8832,0.1510
41.318000,4.8785,0.1511
41.319000,4.8695,0.1511
41.320000,4.8564,0.1511
41.321000,4.8814,0.1511
41.322000,4.9022,0.1512
41.323000,4.9189,0.1512
41.324000,4.9313,0.1512
41.325000,4.9396,0.1512
41.326000,4.9437,0.1513
41.327000,4.9436,0.1513
41.328000,4.9392,0.1513
41.329000,4.9306,0.1514
41.341000,5.0091,0.1517
41.342000,5.0308,0.1517
41.343000,5.0483,0.1517
41.344000,5.0616,0.1517
41.344000,5.4763,0.1583
41.345000,5.4832,0.1583
41.346000,5.4860,0.1583
41.347000,5.4846,0.1583
41.348000,5.4791,0.1583
41.349000,5.4696,0.1583
41.350000,5.4560,0.1583
41.351000,5.4766,0.1583
41.352000,5.4933,0.1583
41.353000,5.5061,0.1583
41.354000,5.5152,0.1583
41.355000,5.5203,0.1583
41.370000,5.8011,0.1650
41.371000,5.8220,0.1650
41.372000,5.8392,0.1651
41.373000,5.8527,0.1651
41.374000,5.8625,0.1651
41.375000,5.8686,0.1652
41.376000,5.8709,0.1652
41.377000,5.8695,0.1652
41.378000,5.8643,0.1652
41.379000,5.8554,0.1653
41.380000,5.8427,0.1653
41.381000,5.8592,0.1653
41.382000,5.8722,0.1653
41.383000,5.8818,0.1653
41.384000,5.8881,0.1653
41.385000,5.8912,0.1653
41.386000,5.8909,0.1654
41.388000,5.7429,0.1612
41.389000,5.7343,0.1612
41.390000,5.7225,0.1613
41.391000,5.7368,0.1613
41.392000,5.7481,0.1613
41.393000,5.7565,0.1614
41.394000,5.7620,0.1614
41.395000,5.7644,0.1615
41.396000,5.7639,0.1615
41.397000,5.7604,0.1616
41.398000,5.7538,0.1616
41.399000,5.7442,0.1616
41.400000,5.7316,0.1616
41.401000,5.7402,0.1617
41.402000,5.7461,0.1617
41.403000,5.7495,0.1618
41.404000,5.7505,0.1618
41.405000,5.7490,0.1619
41.406000,5.7452,0.1619
41.407000,5.7390,0.1620
41.408000,5.7304,0.1620
41.409000,5.7196,0.1621
41.410000,5.7066,0.1621
41.411000,5.7109,0.1622
41.412000,5.7133,0.1622
41.413000,5.7136,0.1623
41.414000,5.7118,0.1623
41.415000,5.7079,0.1624
41.426000,5.9559,0.1658
41.427000,5.9498,0.1658
41.428000,5.9425,0.1658
41.429000,5.9340,0.1658
41.430000,5.9244,0.1658
41.431000,5.9209,0.1659
41.432000,5.9166,0.1659
41.433000,5.9116,0.1659
41.434000,5.9057,0.1659
41.435000,5.8990,0.1659
41.458000,6.1459,0.1656
41.459000,6.1437,0.1657
41.460000,6.1412,0.1657
41.461000,6.1410,0.1658
41.462000,6.1406,0.1658
41.463000,6.1398,0.1658
41.464000,6.1387,0.1659
41.465000,6.1372,0.1659
41.466000,6.1353,0.1659
41.467000,6.1331,0.1660
41.468000,6.1306,0.1660
41.469000,6.1280,0.1661
41.470000,6.1252,0.1661
41.471000,6.1221,0.1662
41.472000,6.1190,0.1662
41.473000,6.1159,0.1663
41.474000,6.1127,0.1663
41.476000,6.0837,0.1583
41.477000,6.0840,0.1583
41.478000,6.0844,0.1583
41.479000,6.0848,0.1584
41.480000,6.0854,0.1584
41.481000,6.0823,0.1585
41.482000,6.0794,0.1585
41.483000,6.0766,0.1586
41.484000,6.0739,0.1586
41.485000,6.0713,0.1587
41.500000,5.9896,0.1589
41.501000,5.9728,0.1590
41.502000,5.9576,0.1590
41.503000,5.9440,0.1590
41.504000,5.9319,0.1590
41.505000,5.9213,0.1590
41.506000,5.9123,0.1590
41.507000,5.9049,0.1590
41.508000,5.8993,0.1590
41.509000,5.8956,0.1590
41.510000,5.8937,0.1590
41.511000,5.8714,0.1590
41.511000,6.1673,0.1594
41.512000,6.1569,0.1594
41.513000,6.1486,0.1594
41.514000,6.1423,0.1594
41.532000,6.4065,0.1601
41.546000,6.3582,0.1605
41.566000,6.2282,0.1608
41.567000,6.2282,0.1608
41.568000,6.2331,0.1608
41.569000,6.2431,0.1608
41.570000,6.2580,0.1608
41.571000,6.2283,0.1609
41.572000,6.2036,0.1609
41.573000,6.1838,0.1609
41.574000,6.1690,0.1610
41.575000,6.1592,0.1610
41.576000,6.1543,0.1610
41.577000,6.1543,0.1610
41.578000,6.1594,0.1610
41.579000,6.1694,0.1610
41.580000,6.1844,0.1610
41.581000,6.1541,0.1611
41.582000,6.1288,0.1611
41.583000,6.1084,0.1611
41.584000,6.0931,0.1611
41.585000,6.0828,0.1611
41.586000,6.0776,0.1611
41.587000,6.0774,0.1611
41.588000,6.0824,0.1611
41.589000,6.0924,0.1611
41.590000,6.1076,0.1612
41.591000,6.0768,0.1612
41.592000,6.0512,0.1612
41.593000,6.0306,0.1612
41.594000,6.0152,0.1613
41.595000,6.0048,0.1613
41.596000,5.9995,0.1613
41.597000,5.9994,0.1613
41.598000,6.0043,0.1613
41.599000,6.0144,0.1613
41.600000,6.0296,0.1614
41.601000,5.9991,0.1614
41.602000,5.9738,0.1614
41.603000,5.9535,0.1614
41.604000,5.9383,0.1614
41.605000,5.9282,0.1615
41.606000,5.9232,0.1615
41.607000,5.9232,0.1615
41.608000,5.9284,0.1616
41.609000,5.9386,0.1616
41.610000,5.9540,0.1616
41.611000,5.9240,0.1617
41.612000,5.8991,0.1617
41.613000,5.8792,0.1618
41.614000,5.8645,0.1618
41.615000,5.8547,0.1618
41.615000,5.7455,0.1509
41.616000,5.7444,0.1510
41.617000,5.7483,0.1510
41.618000,5.7572,0.1510
41.619000,5.7710,0.1510
41.620000,5.7898,0.1510
41.621000,5.7641,0.1510
41.622000,5.7433,0.1511
41.622000,5.4722,0.1429
41.623000,5.4585,0.1430
41.624000,5.4496,0.1430
41.625000,5.4457,0.1430
41.626000,5.4467,0.1430
41.627000,5.4526,0.1430
41.628000,5.4633,0.1431
41.628000,5.3069,0.1390
41.629000,5.3220,0.1391
41.630000,5.3419,0.1391
41.631000,5.3175,0.1391
41.632000,5.2980,0.1391
41.633000,5.2834,0.1391
41.634000,5.2736,0.1391
41.635000,5.2687,0.1392
41.636000,5.2688,0.1392
41.637000,5.2738,0.1393
41.638000,5.2837,0.1393
41.639000,5.2986,0.1393
41.651000,5.2649,0.1397
41.665000,5.1870,0.1398
41.666000,5.1869,0.1398
41.667000,5.1918,0.1399
41.668000,5.2016,0.1399
41.669000,5.2165,0.1400
41.670000,5.2364,0.1400
41.671000,5.2113,0.1400
41.672000,5.1912,0.1400
41.672000,4.9545,0.1370
41.673000,4.9394,0.1370
41.674000,4.9293,0.1370
41.675000,4.9242,0.1370
41.676000,4.9241,0.1371
41.677000,4.9291,0.1371
41.678000,4.9390,0.1371
41.679000,4.9539,0.1372
41.680000,4.9738,0.1372
41.681000,4.9492,0.1372
41.682000,4.9295,0.1373
41.683000,4.9147,0.1373
41.684000,4.9050,0.1374
41.685000,4.9002,0.1374
41.686000,4.9005,0.1375
41.687000,4.9056,0.1375
41.688000,4.9157,0.1375
41.689000,4.9308,0.1375
41.690000,4.9508,0.1375
41.691000,4.9267,0.1375
41.692000,4.9075,0.1376
41.693000,4.8932,0.1376
41.694000,4.8839,0.1376
41.695000,4.8795,0.1377
41.696000,4.8800,0.1377
41.697000,4.8854,0.1377
41.698000,4.8958,0.1377
41.699000,4.9110,0.1378
41.700000,4.9310,0.1378
41.701000,4.9089,0.1378
41.702000,4.8917,0.1378
41.703000,4.8793,0.1378
41.704000,4.8719,0.1378
41.705000,4.8692,0.1378
41.706000,4.8712,0.1378
41.707000,4.8779,0.1378
41.708000,4.8891,0.1378
41.709000,4.9047,0.1379
41.710000,4.9248,0.1379
41.711000,4.9075,0.1379
41.712000,4.8947,0.1379
41.713000,4.8861,0.1379
41.714000,4.8819,0.1380
41.715000,4.8818,0.1380
41.716000,4.8860,0.1380
41.716000,4.4835,0.1334
41.717000,4.4903,0.1334
41.718000,4.5014,0.1334
41.719000,4.5167,0.1334
41.720000,4.5361,0.1335
41.721000,4.5192,0.1335
41.722000,4.5065,0.1335
41.723000,4.4979,0.1335
41.724000,4.4935,0.1335
41.725000,4.4931,0.1336
41.726000,4.4967,0.1336
41.727000,4.5044,0.1337
41.728000,4.5161,0.1337
41.729000,4.5317,0.1338
41.730000,4.5513,0.1338
41.731000,4.5359,0.1338
41.732000,4.5245,0.1338
41.733000,4.5170,0.1339
41.734000,4.5134,0.1339
41.735000,4.5138,0.1339
41.736000,4.5180,0.1339
41.737000,4.5262,0.1339
41.738000,4.5383,0.1340
41.739000,4.5542,0.1340
41.740000,4.5740,0.1340
41.741000,4.5595,0.1341
41.742000,4.5489,0.1341
41.743000,4.5421,0.1341
41.744000,4.5392,0.1342
41.745000,4.5401,0.1342
41.746000,4.5449,0.1342
41.747000,4.5534,0.1342
41.748000,4.5658,0.1342
41.749000,4.5820,0.1343
41.750000,4.6019,0.1343
41.751000,4.5882,0.1343
41.752000,4.5783,0.1343
41.753000,4.5721,0.1343
41.754000,4.5697,0.1343
41.755000,4.5711,0.1343
41.756000,4.5763,0.1343
41.757000,4.5851,0.1343
41.758000,4.5977,0.1343
41.759000,4.6141,0.1344
41.760000,4.6341,0.1344
41.761000,4.6210,0.1345
41.762000,4.6116,0.1345
41.763000,4.6059,0.1346
41.763000,4.4208,0.1348
41.764000,4.4133,0.1349
41.765000,4.4096,0.1349
41.766000,4.4096,0.1350
41.767000,4.4134,0.1350
41.768000,4.4210,0.1351
41.769000,4.4323,0.1351
41.770000,4.4473,0.1351
41.771000,4.4289,0.1352
41.772000,4.4143,0.1352
41.773000,4.4034,0.1352
41.774000,4.3962,0.1352
41.775000,4.3927,0.1352
41.776000,4.3930,0.1351
41.777000,4.3970,0.1351
41.778000,4.4047,0.1351
41.779000,4.4161,0.1351
41.780000,4.4313,0.1351
41.780000,4.4255,0.1348
41.781000,4.4091,0.1348
41.782000,4.3963,0.1348
41.783000,4.3873,0.1349
41.784000,4.3819,0.1349
41.785000,4.3803,0.1350
41.786000,4.3823,0.1350
41.787000,4.3878,0.1351
41.788000,4.3965,0.1351
41.789000,4.4081,0.1352
41.790000,4.4225,0.1352
41.791000,4.4202,0.1353
41.792000,4.4204,0.1353
41.793000,4.4228,0.1353
41.794000,4.4274,0.1353
41.795000,4.4341,0.1354
41.806000,4.5333,0.1356
41.807000,4.5452,0.1356
41.808000,4.5588,0.1357
41.809000,4.5739,0.1357
41.810000,4.5905,0.1358
41.811000,4.5936,0.1358
41.812000,4.5983,0.1359
41.813000,4.6046,0.1359
41.814000,4.6123,0.1359
41.815000,4.6216,0.1359
41.816000,4.6324,0.1360
41.817000,4.6447,0.1360
41.818000,4.6585,0.1360
41.819000,4.6737,0.1360
41.819000,4.6314,0.1333
41.820000,4.6384,0.1333
41.821000,4.6324,0.1333
41.822000,4.6279,0.1334
41.823000,4.6248,0.1334
41.824000,4.6232,0.1334
41.825000,4.6231,0.1334
41.826000,4.6243,0.1334
41.827000,4.6270,0.1334
41.828000,4.6312,0.1334
41.829000,4.6367,0.1335
41.830000,4.6438,0.1335
41.841000,4.6442,0.1337
41.842000,4.6401,0.1338
41.843000,4.6373,0.1338
41.855000,4.7323,0.1343
41.855000,4.5935,0.1324
41.856000,4.6066,0.1324
41.857000,4.6181,0.1324
41.858000,4.6276,0.1324
41.859000,4.6349,0.1325
41.860000,4.6395,0.1325
41.861000,4.6796,0.1325
41.862000,4.7167,0.1326
41.863000,4.7507,0.1326
41.864000,4.7814,0.1326
41.865000,4.8088,0.1326
41.866000,4.8328,0.1326
41.867000,4.8533,0.1327
41.868000,4.8703,0.1327
41.869000,4.8837,0.1327
41.870000,4.8935,0.1327
41.871000,4.9401,0.1327
41.872000,4.9829,0.1327
41.873000,5.0219,0.1327
41.874000,5.0569,0.1327
41.875000,5.0879,0.1328
41.876000,5.1149,0.1328
41.877000,5.1379,0.1328
41.878000,5.1568,0.1328
41.897000,4.9263,0.1310
41.898000,4.9201,0.1311
41.899000,4.9093,0.1311
41.900000,4.8939,0.1311
41.908000,4.9081,0.1335
41.909000,4.8955,0.1335
41.910000,4.8782,0.1335
41.911000,4.9029,0.1336
41.912000,4.9229,0.1336
41.913000,4.9383,0.1336
41.914000,4.9491,0.1336
41.915000,4.9552,0.1336
41.916000,4.9567,0.1336
41.917000,4.9535,0.1336
41.918000,4.9456,0.1336
41.919000,4.9332,0.1336
41.920000,4.9161,0.1336
41.921000,4.9408,0.1336
41.922000,4.9609,0.1336
41.923000,4.9763,0.1335
41.924000,4.9871,0.1335
41.925000,4.9933,0.1335
41.926000,4.9948,0.1335
41.927000,4.9916,0.1335
41.928000,4.9838,0.1335
41.929000,4.9714,0.1335
41.930000,4.9543,0.1335
41.931000,4.9789,0.1335
41.932000,4.9989,0.1335
41.933000,5.0142,0.1336
41.934000,5.0250,0.1336
41.935000,5.0310,0.1336
41.936000,5.0325,0.1336
41.937000,5.0293,0.1337
41.938000,5.0215,0.1337
41.939000,5.0091,0.1337
41.940000,4.9921,0.1338
41.941000,5.0179,0.1338
41.942000,5.0390,0.1338
41.979000,4.6634,0.1327
41.985000,4.8834,0.1322
41.986000,4.8836,0.1322
41.993000,4.8937,0.1324
41.994000,4.9031,0.1324
41.995000,4.9078,0.1324
42.033000,4.9687,0.1332
42.034000,4.9766,0.1332
42.035000,4.9801,0.1332
42.061000,4.9669,0.1337
42.062000,4.9828,0.1337
42.063000,4.9944,0.1338
42.064000,5.0016,0.1338
42.065000,5.0044,0.1339
42.066000,5.0030,0.1339
42.067000,4.9972,0.1339
42.068000,4.9870,0.1339
42.069000,4.9725,0.1340
42.070000,4.9537,0.1340
42.071000,4.9738,0.1340
42.072000,4.9896,0.1340
42.073000,5.0011,0.1340
42.074000,5.0083,0.1340
42.075000,5.0111,0.1340
42.076000,5.0097,0.1340
42.077000,5.0039,0.1340
42.078000,4.9938,0.1340
42.079000,4.9794,0.1341
42.091000,4.9794,0.1342
42.092000,4.9936,0.1342
42.093000,5.0038,0.1343
42.099000,4.9784,0.1343
42.100000,4.9597,0.1344
42.188000,5.0136,0.1334
42.189000,4.9970,0.1335
42.190000,4.9773,0.1335
42.191000,4.9781,0.1335
42.192000,4.9761,0.1335
42.195000,4.9523,0.1336
42.196000,4.9384,0.1336
42.197000,4.9217,0.1336
42.198000,4.9021,0.1337
42.199000,4.8797,0.1337
42.200000,4.8546,0.1337
42.201000,4.8494,0.1337
42.202000,4.8417,0.1337
42.203000,4.8315,0.1337
42.204000,4.8186,0.1337
42.205000,4.8032,0.1338
42.206000,4.7851,0.1338
42.207000,4.7644,0.1338
42.208000,4.7411,0.1338
42.209000,4.7151,0.1338
42.210000,4.6865,0.1339
42.211000,4.6783,0.1339
42.212000,4.6677,0.1339
42.213000,4.6545,0.1340
42.214000,4.6388,0.1340
42.215000,4.6205,0.1340
42.216000,4.5996,0.1341
42.217000,4.5760,0.1341
42.218000,4.5497,0.1341
42.219000,4.5207,0.1341
42.220000,4.4890,0.1342
42.221000,4.4786,0.1342
42.222000,4.4658,0.1342
42.223000,4.4504,0.1342
42.224000,4.4324,0.1343
42.225000,4.4117,0.1343
42.226000,4.3883,0.1343
42.227000,4.3622,0.1344
42.228000,4.3332,0.1344
42.229000,4.3015,0.1344
42.230000,4.2669,0.1345
42.231000,4.2549,0.1345
42.232000,4.2404,0.1345
42.233000,4.2232,0.1346
42.234000,4.2033,0.1346
42.235000,4.1807,0.1346
42.236000,4.1554,0.1347
42.237000,4.1273,0.1347
42.238000,4.0965,0.1347
42.239000,4.0629,0.1348
42.240000,4.0265,0.1348
42.226000,4.9541,0.1257
42.227000,4.9501,0.1257
42.227000,4.9009,0.1267
42.228000,4.8959,0.1267
42.229000,4.8891,0.1268
42.230000,4.8804,0.1268
42.231000,4.8879,0.1268
42.232000,4.8937,0.1268
42.233000,4.8977,0.1268
42.234000,4.8999,0.1268
42.235000,4.9002,0.1268
42.236000,4.8987,0.1268
42.237000,4.8953,0.1269
42.238000,4.8901,0.1269
42.239000,4.8831,0.1269
42.240000,4.8743,0.1269
42.241000,4.0074,0.1348
42.242000,3.9858,0.1348
42.243000,3.9616,0.1348
42.244000,3.9347,0.1348
42.245000,3.9051,0.1348
42.246000,3.8728,0.1348
42.247000,3.8376,0.1349
42.248000,3.7997,0.1349
42.249000,3.7588,0.1349
42.250000,3.7151,0.1349
42.241000,4.8750,0.1269
42.242000,4.8741,0.1270
42.243000,4.8713,0.1270
42.244000,4.8666,0.1270
42.245000,4.8602,0.1270
42.246000,4.8519,0.1270
42.247000,4.8423,0.1271
42.248000,4.8325,0.1271
42.249000,4.8232,0.1271
42.251000,3.6415,0.1349
42.252000,3.5655,0.1350
42.253000,3.4871,0.1350
42.254000,3.4061,0.1351
42.255000,3.3224,0.1351
42.256000,3.2361,0.1351
42.257000,3.1471,0.1352
42.258000,3.0553,0.1352
42.259000,2.9607,0.1353
42.260000,2.8631,0.1353
42.250000,4.8152,0.1271
42.251000,4.7715,0.1272
42.252000,4.7301,0.1272
42.254000,4.6558,0.1272
42.255000,4.6235,0.1273
42.256000,4.5948,0.1273
42.257000,4.5698,0.1273
42.258000,4.5488,0.1273
42.259000,4.5318,0.1274
42.260000,4.5190,0.1274
42.261000,4.4635,0.1274
42.262000,4.4123,0.1274
42.263000,4.3655,0.1274
42.264000,4.3232,0.1274
42.265000,4.2853,0.1274
42.266000,4.2519,0.1274
42.267000,4.2231,0.1275
42.268000,4.1988,0.1275
42.269000,4.1792,0.1275
42.270000,4.1642,0.1275
42.271000,4.1070,0.1276
42.272000,4.0545,0.1276
42.273000,4.0066,0.1277
42.274000,3.9634,0.1277
42.275000,3.9248,0.1278
42.276000,3.8908,0.1278
42.276000,4.1525,0.1264
42.277000,4.1426,0.1264
42.278000,4.1373,0.1264
42.279000,4.1367,0.1265
42.280000,4.1408,0.1265
42.281000,4.1032,0.1265
42.282000,4.0703,0.1265
42.283000,4.0419,0.1266
42.284000,4.0183,0.1266
42.284000,3.9260,0.1261
42.285000,3.9189,0.1262
42.286000,3.9163,0.1262
42.287000,3.9183,0.1263
42.288000,3.9250,0.1263
42.289000,3.9363,0.1263
42.290000,3.9522,0.1264
42.291000,3.6762,0.1264
42.292000,3.4049,0.1264
42.293000,3.1386,0.1264
42.294000,2.8773,0.1265
42.295000,2.6212,0.1265
42.296000,2.3704,0.1265
42.297000,2.1642,0.1265
42.298000,2.0493,0.1265
42.299000,2.0279,0.1265
42.300000,2.0879,0.1265
42.301000,1.7388,0.1266
42.302000,1.4479,0.1266
42.303000,1.2065,0.1266
42.304000,1.0070,0.1266
42.305000,0.8432,0.1266
42.306000,0.7100,0.1266
42.307000,0.6030,0.1266
42.308000,0.5186,0.1267
42.309000,0.4540,0.1267
42.309000,4.5321,0.1287
42.310000,4.7783,0.1288
42.311000,4.9913,0.1288
42.312000,5.2180,0.1288
42.313000,5.4569,0.1288
42.314000,5.7068,0.1288
42.315000,5.9666,0.1288
42.334000,11.3214,0.1292
42.351000,16.2658,0.1294
42.366000,20.5801,0.1300
42.384000,3.1424,0.1302
42.392000,3.1573,0.1305
42.393000,3.1461,0.1305
42.395000,3.1369,0.1305
42.408000,3.1585,0.1303
42.416000,3.1502,0.1302
42.426000,3.1667,0.1303
42.433000,2.9890,0.1252
42.434000,2.9816,0.1252
42.435000,2.9779,0.1252
42.436000,2.9781,0.1252
42.437000,2.9822,0.1253
42.438000,2.9900,0.1253
42.439000,3.0017,0.1253
42.441000,2.9987,0.1254
42.442000,2.9841,0.1254
42.443000,2.9734,0.1254
42.444000,2.9664,0.1254
42.445000,2.9632,0.1254
42.446000,2.9637,0.1255
42.447000,2.9680,0.1255
42.448000,2.9760,0.1255
42.449000,2.9877,0.1255
42.450000,3.0032,0.1255
42.451000,2.9859,0.1255
42.452000,2.9724,0.1255
42.453000,2.9627,0.1255
42.454000,2.9567,0.1256
42.455000,2.9543,0.1256
42.456000,2.9555,0.1256
42.457000,2.9604,0.1257
42.458000,2.9687,0.1257
42.459000,2.9805,0.1257
42.460000,2.9959,0.1258
42.461000,2.9808,0.1258
42.462000,2.9693,0.1259
42.463000,2.9614,0.1259
42.464000,2.9568,0.1259
42.465000,2.9557,0.1260
42.466000,2.9579,0.1260
42.467000,2.9635,0.1260
42.468000,2.9724,0.1260
42.469000,2.9846,0.1260
42.470000,3.0002,0.1261
42.471000,2.9877,0.1261
42.472000,2.9786,0.1261
42.473000,2.9729,0.1261
42.474000,2.9705,0.1262
42.475000,2.9713,0.1262
42.476000,2.9752,0.1262
42.477000,2.9821,0.1262
42.478000,2.9919,0.1262
42.479000,3.0045,0.1262
42.480000,3.0198,0.1261
42.481000,3.0127,0.1262
42.482000,3.0085,0.1262
42.483000,3.0070,0.1261
42.484000,3.0082,0.1261
42.485000,3.0120,0.1261
42.486000,3.0183,0.1261
42.487000,3.0271,0.1261
42.488000,3.0383,0.1261
42.489000,3.0519,0.1261
42.490000,3.0679,0.1262
42.491000,3.0702,0.1261
42.492000,3.0751,0.1261
42.492000,2.9518,0.1285
42.492000,3.1942,0.1264
42.493000,3.1953,0.1264
42.493000,3.5206,0.1207
42.494000,3.5228,0.1207
42.495000,3.5271,0.1207
42.496000,3.5333,0.1207
42.497000,3.5413,0.1207
42.498000,3.5509,0.1207
42.499000,3.5620,0.1207
42.500000,3.5747,0.1207
42.501000,3.5773,0.1207
42.502000,3.5816,0.1208
42.503000,3.5874,0.1208
42.504000,3.5945,0.1208
42.505000,3.6028,0.1209
42.506000,3.6124,0.1209
42.506000,3.6079,0.1201
42.507000,3.6096,0.1201
42.508000,3.6122,0.1201
42.509000,3.6158,0.1202
42.510000,3.6205,0.1202
42.511000,3.6224,0.1202
42.512000,3.6253,0.1203
42.513000,3.6290,0.1203
42.514000,3.6332,0.1203
42.515000,3.6377,0.1203
42.516000,3.6425,0.1203
42.517000,3.6473,0.1204
42.518000,3.6521,0.1204
42.519000,3.6569,0.1204
42.520000,3.6616,0.1204
42.521000,3.6698,0.1204
42.522000,3.6780,0.1204
42.523000,3.6861,0.1205
42.524000,3.6939,0.1205
42.525000,3.7015,0.1205
42.526000,3.7087,0.1205
42.527000,3.7155,0.1205
42.528000,3.7219,0.1206
42.529000,3.7279,0.1206
42.530000,3.7336,0.1206
42.531000,3.7433,0.1206
42.532000,3.7528,0.1206
42.533000,3.7619,0.1206
42.534000,3.7706,0.1206
42.535000,3.7788,0.1206
42.536000,3.7865,0.1206
42.537000,3.7936,0.1207
42.538000,3.8002,0.1207
42.539000,3.8063,0.1207
42.540000,3.8119,0.1207
42.541000,3.8223,0.1208
42.542000,3.8323,0.1208
42.543000,3.8418,0.1208
42.544000,3.8509,0.1208
42.545000,3.8593,0.1208
42.546000,3.8672,0.1209
42.547000,3.8744,0.1209
42.548000,3.8810,0.1209
42.549000,3.8870,0.1209
42.550000,3.8925,0.1209
42.551000,3.9033,0.1210
42.552000,3.9137,0.1210
42.553000,3.9236,0.1210
42.554000,3.9328,0.1210
42.555000,3.9415,0.1210
42.556000,3.9494,0.1210
42.556000,3.7646,0.1157
42.557000,3.7649,0.1157
42.558000,3.7651,0.1157
42.559000,3.7652,0.1157
42.560000,3.7653,0.1157
42.561000,3.7748,0.1157
42.562000,3.7844,0.1157
42.563000,3.7939,0.1158
42.564000,3.8032,0.1158
42.565000,3.8121,0.1158
42.566000,3.8199,0.1159
42.567000,3.8261,0.1159
42.568000,3.8302,0.1159
42.569000,3.8319,0.1160
42.570000,3.8309,0.1160
42.571000,3.8665,0.1160
42.572000,3.8990,0.1160
42.573000,3.9282,0.1160
42.574000,3.9539,0.1160
42.575000,3.9759,0.1160
42.576000,3.9943,0.1160
42.577000,4.0089,0.1160
42.578000,4.0197,0.1160
42.579000,4.0266,0.1160
42.580000,4.0296,0.1161
42.581000,4.0704,0.1161
42.582000,4.1072,0.1161
42.584000,4.1686,0.1161
42.585000,4.1932,0.1162
42.586000,4.2138,0.1162
42.587000,4.2302,0.1163
42.588000,4.2425,0.1163
42.589000,4.2508,0.1163
42.590000,4.2549,0.1163
42.591000,4.2964,0.1164
42.591000,3.8702,0.1146
42.592000,3.8893,0.1146
42.593000,3.9043,0.1147
42.594000,3.9153,0.1147
42.595000,3.9222,0.1147
42.596000,3.9251,0.1147
42.597000,3.9238,0.1148
42.598000,3.9185,0.1148
42.599000,3.9091,0.1149
42.600000,3.8956,0.1149
42.601000,3.9189,0.1149
42.602000,3.9381,0.1150
42.603000,3.9532,0.1150
42.604000,3.9643,0.1150
42.605000,3.9713,0.1150
42.606000,3.9742,0.1151
42.607000,3.9730,0.1151
42.608000,3.9677,0.1151
42.609000,3.9583,0.1151
42.610000,3.9448,0.1152
42.611000,3.9689,0.1152
42.612000,3.9890,0.1153
42.613000,4.0049,0.1153
42.614000,4.0167,0.1153
42.615000,4.0243,0.1154
42.616000,4.0277,0.1154
42.617000,4.0269,0.1155
42.618000,4.0218,0.1155
42.619000,4.0126,0.1155
42.620000,3.9992,0.1155
42.621000,4.0238,0.1156
42.622000,4.0441,0.1156
42.623000,4.0603,0.1156
42.624000,4.0722,0.1157
42.625000,4.0799,0.1157
42.626000,4.0834,0.1157
42.627000,4.0827,0.1158
42.628000,4.0778,0.1158
42.629000,4.0686,0.1158
42.630000,4.0553,0.1159
42.631000,4.0798,0.1159
42.632000,4.1001,0.1160
42.632000,3.9074,0.1150
42.633000,3.9207,0.1150
42.634000,3.9298,0.1150
42.635000,3.9348,0.1151
42.636000,3.9356,0.1151
42.637000,3.9321,0.1152
42.638000,3.9245,0.1152
42.639000,3.9127,0.1153
42.640000,3.8968,0.1154
42.641000,3.9181,0.1154
42.642000,3.9353,0.1155
42.643000,3.9484,0.1155
42.644000,3.9574,0.1155
42.645000,3.9621,0.1156
42.646000,3.9627,0.1156
42.647000,3.9591,0.1157
42.648000,3.9514,0.1157
42.649000,3.9395,0.1157
42.650000,3.9235,0.1158
42.651000,3.9447,0.1159
42.652000,3.9617,0.1159
42.653000,3.9747,0.1160
42.654000,3.9835,0.1161
42.655000,3.9882,0.1161
42.656000,3.9887,0.1162
42.657000,3.9851,0.1162
42.658000,3.9773,0.1163
42.659000,3.9654,0.1163
42.660000,3.9494,0.1164
42.661000,3.9705,0.1165
42.662000,3.9874,0.1165
42.663000,4.0002,0.1166
42.664000,4.0090,0.1166
42.665000,4.0136,0.1166
42.666000,4.0140,0.1166
42.667000,4.0103,0.1166
42.668000,4.0025,0.1166
42.669000,3.9905,0.1166
42.670000,3.9744,0.1166
42.671000,3.9957,0.1166
42.672000,4.0129,0.1166
42.673000,4.0260,0.1166
42.674000,4.0349,0.1166
42.675000,4.0396,0.1167
42.676000,4.0402,0.1167
42.677000,4.0367,0.1167
42.677000,4.1626,0.1129
42.678000,4.1556,0.1129
42.679000,4.1447,0.1129
42.680000,4.1297,0.1129
42.681000,4.1559,0.1130
42.693000,4.2612,0.1132
42.781000,4.8425,0.1185
42.782000,4.8787,0.1185
42.783000,4.9106,0.1186
42.784000,4.9381,0.1186
42.785000,4.9612,0.1186
42.786000,4.9799,0.1186
42.787000,4.9943,0.1187
42.788000,5.0044,0.1187
42.789000,5.0102,0.1187
42.790000,5.0117,0.1188
42.791000,5.0566,0.1189
42.792000,5.0971,0.1189
42.827000,6.2813,0.1195
42.828000,6.3139,0.1195
42.829000,6.3426,0.1196
42.830000,6.3676,0.1196
42.834000,4.4665,0.1144
42.835000,4.4710,0.1144
42.836000,4.4709,0.1144
42.837000,4.4663,0.1144
42.838000,4.4572,0.1144
42.839000,4.4435,0.1144
42.840000,4.4254,0.1144
42.841000,4.4475,0.1144
42.842000,4.4651,0.1144
42.843000,4.4781,0.1144
42.844000,4.4867,0.1144
42.845000,4.4908,0.1144
42.846000,4.4904,0.1144
42.847000,4.4856,0.1144
42.848000,4.4762,0.1144
42.856000,4.4670,0.1092
42.857000,4.4623,0.1092
42.871000,4.4605,0.1096
42.872000,4.4937,0.1096
42.873000,4.5388,0.1096
42.874000,4.5951,0.1097
42.875000,4.6610,0.1097
42.876000,4.7237,0.1097
42.877000,4.7662,0.1097
42.878000,4.7835,0.1097
42.879000,4.7762,0.1098
42.880000,4.7469,0.1098
42.881000,4.8444,0.1098
42.882000,4.9309,0.1098
42.883000,5.0055,0.1098
42.884000,5.0681,0.1099
42.885000,5.1192,0.1099
42.886000,5.1594,0.1099
42.887000,5.1894,0.1099
42.888000,5.2099,0.1100
42.889000,5.2217,0.1100
42.906000,4.5024,0.1125
42.907000,4.4927,0.1125
42.908000,4.4809,0.1125
42.909000,4.4672,0.1125
42.910000,4.4519,0.1126
42.911000,4.4400,0.1126
42.912000,4.4270,0.1126
42.913000,4.4130,0.1126
42.922000,4.2583,0.1126
42.923000,4.2400,0.1126
42.924000,4.2212,0.1126
42.925000,4.2020,0.1126
42.926000,4.1825,0.1126
42.927000,4.1627,0.1126
42.928000,4.1428,0.1127
42.929000,4.1228,0.1127
42.930000,4.1029,0.1127
42.931000,4.0788,0.1127
42.932000,4.0550,0.1128
42.933000,4.0315,0.1128
42.934000,4.0081,0.1128
42.935000,3.9849,0.1128
42.936000,3.9619,0.1128
42.937000,3.9390,0.1128
42.938000,3.9162,0.1128
42.939000,3.8939,0.1128
42.940000,3.8727,0.1128
42.941000,3.8208,0.1128
42.942000,3.7709,0.1128
42.943000,3.7237,0.1128
42.944000,3.6793,0.1129
42.945000,3.6381,0.1129
42.946000,3.6002,0.1129
42.947000,3.5659,0.1129
42.948000,3.5353,0.1129
42.949000,3.5085,0.1129
42.950000,3.4856,0.1129
42.951000,3.4229,0.1129
42.952000,3.3644,0.1130
42.953000,3.3101,0.1130
42.954000,3.2600,0.1130
42.955000,3.2142,0.1130
42.955000,4.2981,0.1150
42.956000,4.2960,0.1150
42.957000,4.2982,0.1151
42.958000,4.3045,0.1151
42.959000,4.3151,0.1151
42.960000,4.3300,0.1151
42.961000,4.3056,0.1152
42.962000,4.2855,0.1152
42.963000,4.2697,0.1152
42.964000,4.2582,0.1152
42.965000,4.2511,0.1152
42.966000,4.2483,0.1152
42.967000,4.2498,0.1152
42.968000,4.2556,0.1152
42.969000,4.2658,0.1152
42.970000,4.2803,0.1152
42.971000,4.2548,0.1153
42.972000,4.2336,0.1153
42.973000,4.2169,0.1153
42.974000,4.2045,0.1153
42.975000,4.1966,0.1154
42.976000,4.1932,0.1154
42.977000,4.1942,0.1154
42.978000,4.1997,0.1155
42.978000,4.6411,0.1207
42.979000,4.6536,0.1207
42.980000,4.6704,0.1208
42.981000,4.6481,0.1208
42.982000,4.6303,0.1208
42.983000,4.6169,0.1209
42.984000,4.6079,0.1209
42.991000,4.6185,0.1211
42.992000,4.5972,0.1211
42.993000,4.5804,0.1211
42.994000,4.5682,0.1210
42.995000,4.5607,0.1210
42.996000,4.5579,0.1210
42.997000,4.5599,0.1210
42.998000,4.5669,0.1210
42.999000,4.5787,0.1210
43.000000,4.5955,0.1210
43.001000,4.5661,0.1210
43.002000,4.5416,0.1210
43.003000,4.5222,0.1210
43.004000,4.5078,0.1210
43.005000,4.4984,0.1210
43.006000,4.4941,0.1209
43.007000,4.4949,0.1209
43.008000,4.5008,0.1209
43.008000,4.7762,0.1219
43.009000,4.7908,0.1219
43.010000,4.8105,0.1219
43.011000,4.7846,0.1219
43.012000,4.7638,0.1219
43.013000,4.7481,0.1219
43.014000,4.7374,0.1219
43.015000,4.7318,0.1220
43.016000,4.7313,0.1220
43.017000,4.7359,0.1220
43.018000,4.7455,0.1220
43.019000,4.7601,0.1221
43.020000,4.7798,0.1221
43.021000,4.7545,0.1221
43.022000,4.7342,0.1222
43.023000,4.7189,0.1222
43.024000,4.7087,0.1223
43.025000,4.7034,0.1223
43.026000,4.7032,0.1224
43.027000,4.7080,0.1224
43.028000,4.7178,0.1224
43.029000,4.7325,0.1225
43.030000,4.7523,0.1225
43.031000,4.7274,0.1225
43.032000,4.7075,0.1226
43.033000,4.6926,0.1226
43.034000,4.6827,0.1227
43.035000,4.6777,0.1227
43.036000,4.6777,0.1227
43.037000,4.6826,0.1227
43.038000,4.6925,0.1228
43.039000,4.7073,0.1228
43.039000,4.4952,0.1197
43.040000,4.5147,0.1197
43.041000,4.4897,0.1197
43.042000,4.4698,0.1197
43.043000,4.4548,0.1198
43.044000,4.4447,0.1198
43.045000,4.4396,0.1198
43.046000,4.4394,0.1199
43.047000,4.4442,0.1199
43.048000,4.4538,0.1199
43.049000,4.4684,0.1200
43.050000,4.4879,0.1200
43.051000,4.4635,0.1201
43.052000,4.4440,0.1201
43.053000,4.4293,0.1201
43.054000,4.4196,0.1201
43.055000,4.4147,0.1202
43.056000,4.4148,0.1202
43.057000,4.4197,0.1202
43.058000,4.4294,0.1202
43.059000,4.4441,0.1203
43.060000,4.4636,0.1203
43.061000,4.4396,0.1203
43.062000,4.4205,0.1203
43.063000,4.4062,0.1204
43.064000,4.3967,0.1204
43.065000,4.3921,0.1204
43.066000,4.3924,0.1204
43.067000,4.3975,0.1205
43.068000,4.4074,0.1205
43.069000,4.4221,0.1205
43.070000,4.4417,0.1205
43.071000,4.4182,0.1205
43.072000,4.3995,0.1205
43.073000,4.3857,0.1206
43.074000,4.3766,0.1206
43.075000,4.3723,0.1207
43.076000,4.3729,0.1207
43.077000,4.3782,0.1207
43.078000,4.3883,0.1208
43.079000,4.4032,0.1209
43.080000,4.4228,0.1209
43.081000,4.3998,0.1210
43.082000,4.3816,0.1210
43.083000,4.3682,0.1211
43.084000,4.3595,0.1211
43.085000,4.3555,0.1212
43.086000,4.3563,0.1212
43.087000,4.3618,0.1213
43.088000,4.3720,0.1213
43.088000,4.6063,0.1210
43.089000,4.6210,0.1210
43.090000,4.6403,0.1210
43.090000,4.8711,0.1224
43.091000,4.8494,0.1224
43.092000,4.8325,0.1224
43.093000,4.8202,0.1224
43.094000,4.8126,0.1224
43.095000,4.8097,0.1225
43.096000,4.8115,0.1225
43.097000,4.8179,0.1225
43.098000,4.8286,0.1226
43.099000,4.8435,0.1226
43.100000,4.8624,0.1227
43.101000,4.8508,0.1227
43.102000,4.8430,0.1227
43.103000,4.8389,0.1227
43.104000,4.8384,0.1228
43.105000,4.8414,0.1228
43.106000,4.8479,0.1228
43.107000,4.8578,0.1229
43.108000,4.8711,0.1229
43.109000,4.8878,0.1229
43.110000,4.9079,0.1230
43.111000,4.9025,0.1230
43.112000,4.9004,0.1230
43.112000,4.8425,0.1218
43.113000,4.8387,0.1218
43.114000,4.8378,0.1218
43.115000,4.8399,0.1218
43.116000,4.8448,0.1219
43.117000,4.8525,0.1219
43.118000,4.8629,0.1219
43.123000,4.8811,0.1219
43.129000,4.9283,0.1219
43.135000,4.9448,0.1219
43.139000,4.9878,0.1220
43.141000,5.0030,0.1221
43.142000,5.0040,0.1221
43.143000,5.0072,0.1221
43.146000,5.0310,0.1222
43.153000,4.9443,0.1255
43.176000,5.1653,0.1261
43.177000,5.1762,0.1261
43.178000,5.1877,0.1262
43.179000,5.1996,0.1262
43.180000,5.2119,0.1262
43.181000,5.2214,0.1262
43.182000,5.2314,0.1262
43.183000,5.2418,0.1263
43.184000,5.2528,0.1263
43.185000,5.2642,0.1263
43.186000,5.2760,0.1263
43.191000,5.3431,0.1264
43.193000,4.6958,0.1281
43.194000,4.7016,0.1281
43.196000,4.7119,0.1281
43.197000,4.7164,0.1282
43.198000,4.7204,0.1282
43.199000,4.7239,0.1282
43.200000,4.7268,0.1283
43.201000,4.7374,0.1283
43.202000,4.7474,0.1283
43.203000,4.7568,0.1284
43.204000,4.7657,0.1284
43.205000,4.7739,0.1284
43.206000,4.7816,0.1284
43.207000,4.7884,0.1285
43.208000,4.7942,0.1285
43.209000,4.7987,0.1285
43.210000,4.8018,0.1285
43.211000,4.8248,0.1285
43.212000,4.8461,0.1285
43.213000,4.8655,0.1285
43.214000,4.8830,0.1285
43.215000,4.8985,0.1285
43.216000,4.9118,0.1285
43.217000,4.9229,0.1285
43.218000,4.9318,0.1285
43.219000,4.9385,0.1285
43.220000,4.9429,0.1286
43.221000,4.9693,0.1286
43.224000,5.0348,0.1285
43.226000,4.8158,0.1286
43.230000,4.8276,0.1286
43.231000,4.8486,0.1287
43.232000,4.8672,0.1287
43.233000,4.8835,0.1287
43.234000,4.8974,0.1287
43.235000,4.9089,0.1288
43.236000,4.9180,0.1288
43.237000,4.9247,0.1288
43.238000,4.9290,0.1288
43.239000,4.9309,0.1288
43.240000,4.9305,0.1288
43.241000,4.9547,0.1289
43.242000,4.9766,0.1289
43.243000,4.9961,0.1289
43.244000,5.0132,0.1289
43.244000,4.8285,0.1284
43.245000,4.8343,0.1284
43.246000,4.8377,0.1285
43.247000,4.8384,0.1285
43.248000,4.8362,0.1285
43.249000,4.8307,0.1285
43.250000,4.8219,0.1286
43.251000,4.8505,0.1286
43.252000,4.8756,0.1286
43.252000,4.8350,0.1286
43.254000,4.8594,0.1286
43.255000,4.8658,0.1286
43.256000,4.8682,0.1286
43.257000,4.8666,0.1286
43.258000,4.8609,0.1286
43.259000,4.8511,0.1286
43.263000,4.8994,0.1288
43.272000,4.9439,0.1291
43.273000,4.9612,0.1291
43.274000,4.9742,0.1291
43.275000,4.9828,0.1291
43.280000,4.7506,0.1288
43.281000,4.7706,0.1288
43.282000,4.7864,0.1288
43.283000,4.7980,0.1288
43.284000,4.8054,0.1288
43.285000,4.8086,0.1288
43.286000,4.8077,0.1288
43.299000,4.7849,0.1290
43.300000,4.7675,0.1290
43.301000,4.7852,0.1290
43.302000,4.7989,0.1290
43.308000,4.7995,0.1292
43.309000,4.7860,0.1293
43.310000,4.7687,0.1293
43.310000,4.6266,0.1302
43.311000,4.6448,0.1302
43.312000,4.6592,0.1302
43.313000,4.6697,0.1303
43.321000,4.6547,0.1305
43.322000,4.6670,0.1305
43.323000,4.6756,0.1305
43.324000,4.6805,0.1305
43.325000,4.6818,0.1306
43.326000,4.6795,0.1306
43.330000,4.6365,0.1308
43.332000,4.6745,0.1308
43.347000,4.6191,0.1311
43.348000,4.6086,0.1311
43.349000,4.5957,0.1311
43.350000,4.5806,0.1311
43.367000,4.4890,0.1314
43.368000,4.4766,0.1314
43.368000,4.6770,0.1286
43.369000,4.6697,0.1286
43.370000,4.6611,0.1286
43.371000,4.6598,0.1286
43.372000,4.6573,0.1286
43.373000,4.6539,0.1286
43.374000,4.6494,0.1286
43.375000,4.6439,0.1286
43.376000,4.6375,0.1286
43.377000,4.6302,0.1286
43.378000,4.6220,0.1286
43.379000,4.6130,0.1286
43.380000,4.6030,0.1286
43.381000,4.5975,0.1286
43.382000,4.5912,0.1286
43.383000,4.5841,0.1286
43.384000,4.5762,0.1286
43.385000,4.5677,0.1286
43.386000,4.5587,0.1286
43.387000,4.5494,0.1286
43.388000,4.5398,0.1286
43.389000,4.5300,0.1286
43.390000,4.5201,0.1286
43.391000,4.5088,0.1286
43.392000,4.4974,0.1286
43.393000,4.4860,0.1286
43.398000,4.4297,0.1288
43.399000,4.4187,0.1288
43.400000,4.4077,0.1288
43.401000,4.3932,0.1288
43.402000,4.3788,0.1288
43.403000,4.3646,0.1289
43.403000,4.6588,0.1293
43.404000,4.6516,0.1293
43.405000,4.6448,0.1293
43.406000,4.6384,0.1293
43.407000,4.6325,0.1293
43.408000,4.6271,0.1293
43.409000,4.6222,0.1294
43.410000,4.6179,0.1294
43.411000,4.6054,0.1294
43.412000,4.5936,0.1294
43.413000,4.5824,0.1294
43.414000,4.5719,0.1294
43.417000,4.3641,0.1301
43.418000,4.3616,0.1301
43.419000,4.3603,0.1301
43.420000,4.3603,0.1301
43.421000,4.3456,0.1301
43.422000,4.3324,0.1301
43.423000,4.3205,0.1301
43.424000,4.3102,0.1300
43.425000,4.3013,0.1300
43.426000,4.2940,0.1300
43.427000,4.2882,0.1301
43.428000,4.2840,0.1301
43.429000,4.2813,0.1301
43.430000,4.2804,0.1301
43.431000,4.2625,0.1301
43.432000,4.2464,0.1302
43.448000,4.3954,0.1336
43.450000,4.4045,0.1336
43.451000,4.3889,0.1336
43.452000,4.3756,0.1336
43.453000,4.3645,0.1336
43.454000,4.3557,0.1336
43.455000,4.3492,0.1337
43.456000,4.3450,0.1337
43.457000,4.3432,0.1337
43.458000,4.3437,0.1337
43.459000,4.3466,0.1337
43.460000,4.3518,0.1337
43.461000,4.3354,0.1337
43.462000,4.3213,0.1337
43.463000,4.3097,0.1337
43.464000,4.3004,0.1337
43.465000,4.2935,0.1337
43.465000,4.5986,0.1367
43.466000,4.5979,0.1367
43.467000,4.5995,0.1367
43.468000,4.6034,0.1367
43.469000,4.6098,0.1367
43.470000,4.6185,0.1367
43.471000,4.6058,0.1367
43.472000,4.5954,0.1367
43.473000,4.5875,0.1366
43.474000,4.5819,0.1366
43.475000,4.5787,0.1366
43.476000,4.5779,0.1366
43.477000,4.5794,0.1366
43.478000,4.5833,0.1366
43.479000,4.5896,0.1366
43.480000,4.5982,0.1365
43.481000,4.5856,0.1366
43.482000,4.5755,0.1366
43.483000,4.5677,0.1366
43.484000,4.5622,0.1366
43.485000,4.5591,0.1367
43.486000,4.5583,0.1367
43.487000,4.5599,0.1367
43.488000,4.5638,0.1367
43.489000,4.5700,0.1367
43.490000,4.5785,0.1367
43.497000,4.5451,0.1369
43.498000,4.5493,0.1369
43.498000,4.5501,0.1350
43.499000,4.5575,0.1350
43.500000,4.5670,0.1350
43.501000,4.5572,0.1351
43.502000,4.5496,0.1351
43.503000,4.5441,0.1351
43.504000,4.5409,0.1351
43.504000,4.8394,0.1360
43.505000,4.8379,0.1361
43.506000,4.8385,0.1361
43.507000,4.8413,0.1362
43.508000,4.8462,0.1362
43.509000,4.8533,0.1362
43.510000,4.8626,0.1362
43.511000,4.8528,0.1362
43.512000,4.8453,0.1362
43.526000,4.8464,0.1365
43.527000,4.8504,0.1366
43.528000,4.8563,0.1366
43.529000,4.8639,0.1367
43.530000,4.8734,0.1367
43.531000,4.8684,0.1367
43.532000,4.8652,0.1368
43.533000,4.8638,0.1368
43.534000,4.8641,0.1368
43.535000,4.8662,0.1368
43.536000,4.8700,0.1368
43.537000,4.8754,0.1369
43.538000,4.8822,0.1369
43.539000,4.8904,0.1369
43.540000,4.9000,0.1369
43.540000,4.8998,0.1382
43.541000,4.8982,0.1382
43.545000,4.9037,0.1383
43.552000,4.9362,0.1385
43.553000,4.9382,0.1385
43.554000,4.9412,0.1386
43.555000,4.9451,0.1386
43.556000,4.9500,0.1386
43.556000,4.8437,0.1395
43.557000,4.8454,0.1395
43.558000,4.8480,0.1395
43.559000,4.8516,0.1395
43.560000,4.8561,0.1395
43.561000,4.8526,0.1395
43.562000,4.8500,0.1395
43.563000,4.8483,0.1395
43.564000,4.8476,0.1395
43.565000,4.8477,0.1395
43.566000,4.8488,0.1395
43.567000,4.8507,0.1395
43.568000,4.8536,0.1395
43.569000,4.8573,0.1395
43.570000,4.8620,0.1395
43.571000,4.8590,0.1395
43.572000,4.8569,0.1395
43.573000,4.8557,0.1395
43.574000,4.8554,0.1395
43.575000,4.8559,0.1395
43.576000,4.8573,0.1395
43.577000,4.8594,0.1395
43.578000,4.8624,0.1395
43.579000,4.8663,0.1395
43.580000,4.8709,0.1395
43.581000,4.8685,0.1396
43.582000,4.8670,0.1396
43.583000,4.8662,0.1396
43.584000,4.8662,0.1396
43.585000,4.8671,0.1396
43.586000,4.8687,0.1396
43.587000,4.8710,0.1396
43.588000,4.8742,0.1395
43.589000,4.8782,0.1395
43.590000,4.8829,0.1395
43.591000,4.8847,0.1395
43.592000,4.8872,0.1395
43.593000,4.8902,0.1395
43.594000,4.8937,0.1395
43.595000,4.8976,0.1395
43.596000,4.9018,0.1395
43.597000,4.9061,0.1395
43.598000,4.9106,0.1396
43.599000,4.9152,0.1396
43.600000,4.9199,0.1396
43.601000,4.9258,0.1397
43.602000,4.9317,0.1397
43.603000,4.9376,0.1397
43.604000,4.9434,0.1398
43.605000,4.9492,0.1398
43.606000,4.9550,0.1398
43.607000,4.9607,0.1398
43.608000,4.9663,0.1399
43.608000,4.6179,0.1375
43.608000,4.6730,0.1422
43.609000,4.6734,0.1423
43.610000,4.6737,0.1423
43.611000,4.6768,0.1423
43.612000,4.6797,0.1423
43.613000,4.6825,0.1423
43.614000,4.6850,0.1423
43.615000,4.6873,0.1423
43.616000,4.6892,0.1423
43.617000,4.6908,0.1423
43.618000,4.6920,0.1423
43.619000,4.6928,0.1423
43.620000,4.6932,0.1423
43.621000,4.6984,0.1424
43.622000,4.7031,0.1424
43.623000,4.7074,0.1424
43.624000,4.7113,0.1424
43.625000,4.7146,0.1424
43.626000,4.7174,0.1424
43.627000,4.7197,0.1424
43.628000,4.7215,0.1424
43.629000,4.7228,0.1424
43.630000,4.7235,0.1424
43.631000,4.7297,0.1424
43.632000,4.7353,0.1425
43.633000,4.7404,0.1425
43.634000,4.7450,0.1425
43.635000,4.7490,0.1425
43.643000,4.7813,0.1425
43.644000,4.7870,0.1425
43.645000,4.7919,0.1425
43.646000,4.7961,0.1424
43.647000,4.7995,0.1424
43.648000,4.8021,0.1424
43.649000,4.8039,0.1424
43.650000,4.8050,0.1424
43.651000,4.8134,0.1424
43.652000,4.8211,0.1424
43.653000,4.8279,0.1424
43.654000,4.8340,0.1424
43.655000,4.8393,0.1424
43.656000,4.8438,0.1425
43.657000,4.8475,0.1425
43.658000,4.8503,0.1425
43.659000,4.8523,0.1425
43.660000,4.8535,0.1425
43.660000,4.6658,0.1410
43.660000,4.5935,0.1398
43.661000,4.5985,0.1398
43.662000,4.6026,0.1399
43.663000,4.6058,0.1399
43.664000,4.6081,0.1399
43.665000,4.6096,0.1399
43.666000,4.6102,0.1399
43.667000,4.6098,0.1399
43.668000,4.6086,0.1399
43.669000,4.6065,0.1399
43.670000,4.6035,0.1399
43.671000,4.6091,0.1399
43.672000,4.6138,0.1400
43.673000,4.6176,0.1400
43.674000,4.6204,0.1400
43.675000,4.6223,0.1400
43.676000,4.6232,0.1400
43.677000,4.6232,0.1400
43.678000,4.6222,0.1400
43.679000,4.6202,0.1400
43.680000,4.6172,0.1400
43.681000,4.6231,0.1400
43.682000,4.6279,0.1401
43.683000,4.6318,0.1401
43.684000,4.6347,0.1401
43.685000,4.6367,0.1401
43.686000,4.6377,0.1401
43.687000,4.6377,0.1401
43.688000,4.6367,0.1401
43.689000,4.6348,0.1401
43.690000,4.6319,0.1401
43.691000,4.6423,0.1401
43.691000,4.5873,0.1370
43.692000,4.5950,0.1370
43.693000,4.6004,0.1370
43.694000,4.6036,0.1370
43.695000,4.6051,0.1371
43.696000,4.6052,0.1371
43.697000,4.6041,0.1371
43.698000,4.6021,0.1371
43.699000,4.5991,0.1372
43.700000,4.5955,0.1372
43.701000,4.5934,0.1372
43.702000,4.5909,0.1372
43.703000,4.5879,0.1372
43.704000,4.5847,0.1372
43.705000,4.5811,0.1372
43.706000,4.5773,0.1372
43.707000,4.5733,0.1372
43.708000,4.5692,0.1371
43.709000,4.5649,0.1371
43.710000,4.5605,0.1371
43.711000,4.5560,0.1371
43.712000,4.5515,0.1371
43.713000,4.5468,0.1371
43.714000,4.5422,0.1372
43.715000,4.5374,0.1372
43.716000,4.5327,0.1372
43.717000,4.5279,0.1372
43.718000,4.5231,0.1372
43.718000,4.4345,0.1361
43.719000,4.4318,0.1362
43.720000,4.4291,0.1362
43.721000,4.4264,0.1362
43.722000,4.4237,0.1362
43.723000,4.4210,0.1363
43.724000,4.4182,0.1363
43.725000,4.4155,0.1363
43.726000,4.4128,0.1363
43.727000,4.4101,0.1363
43.728000,4.4073,0.1363
43.729000,4.4046,0.1363
43.730000,4.4019,0.1363
43.731000,4.3991,0.1363
43.732000,4.3964,0.1363
43.733000,4.3937,0.1363
43.734000,4.3910,0.1364
43.735000,4.3882,0.1364
43.736000,4.3855,0.1364
43.737000,4.3828,0.1365
43.737000,4.5189,0.1334
43.738000,4.5189,0.1335
43.739000,4.5189,0.1335
43.740000,4.5188,0.1335
43.765000,4.3476,0.1319
43.766000,4.3474,0.1319
43.767000,4.3472,0.1319
43.768000,4.3470,0.1319
43.769000,4.3468,0.1319
43.770000,4.3466,0.1319
43.771000,4.3464,0.1319
43.772000,4.3462,0.1319
43.779000,4.3449,0.1320
43.780000,4.3447,0.1320
43.781000,4.3446,0.1320
43.782000,4.3444,0.1320
43.783000,4.3442,0.1320
43.784000,4.3441,0.1321
43.785000,4.3439,0.1321
43.786000,4.3438,0.1321
43.787000,4.3436,0.1321
43.788000,4.3434,0.1321
43.789000,4.3433,0.1321
43.790000,4.3431,0.1322
43.791000,4.3430,0.1322
43.792000,4.3428,0.1322
43.793000,4.3427,0.1322
43.794000,4.3425,0.1322
43.795000,4.3424,0.1323
43.796000,4.3422,0.1323
43.797000,4.3421,0.1323
43.798000,4.3419,0.1323
43.799000,4.3418,0.1323
43.800000,4.3416,0.1323
43.801000,4.3415,0.1323
43.802000,4.3413,0.1323
43.803000,4.3412,0.1323
43.804000,4.3410,0.1323
43.805000,4.3408,0.1323
43.806000,4.3407,0.1324
43.807000,4.3405,0.1324
43.808000,4.3403,0.1324
43.809000,4.3402,0.1325
43.810000,4.3400,0.1325
43.811000,4.3398,0.1325
43.812000,4.3397,0.1325
43.813000,4.3395,0.1325
43.814000,4.3393,0.1325
43.814000,4.2905,0.1330
43.815000,4.2903,0.1331
43.816000,4.2900,0.1331
43.817000,4.2898,0.1331
43.833000,4.2787,0.1334
43.834000,4.2785,0.1334
43.835000,4.2782,0.1334
43.836000,4.2779,0.1333
43.837000,4.2776,0.1333
43.852000,4.2741,0.1332
43.853000,4.2739,0.1332
43.854000,4.2737,0.1332
43.855000,4.2735,0.1332
43.856000,4.2733,0.1332
43.857000,4.2731,0.1332
43.858000,4.2730,0.1332
43.859000,4.2728,0.1332
43.860000,4.2726,0.1332
43.861000,4.2724,0.1333
43.862000,4.2723,0.1333
43.863000,4.2721,0.1333
43.919000,3.9431,0.1360
43.920000,3.9423,0.1361
43.921000,3.9416,0.1361
43.922000,3.9409,0.1361
43.923000,3.9402,0.1361
43.932000,4.0101,0.1342
43.933000,4.0095,0.1342
43.934000,4.0089,0.1342
43.935000,4.0083,0.1342
43.936000,4.0077,0.1342
43.937000,4.0071,0.1342
43.938000,4.0065,0.1342
43.939000,4.0059,0.1342
43.940000,4.0053,0.1342
43.943000,4.0058,0.1342
43.944000,4.0060,0.1342
43.945000,4.0060,0.1342
43.946000,4.0060,0.1343
43.947000,4.0058,0.1343
43.948000,4.0056,0.1343
43.949000,4.0052,0.1343
43.950000,4.0047,0.1343
43.951000,4.0058,0.1343
43.952000,4.0068,0.1344
43.953000,4.0076,0.1344
43.954000,4.0082,0.1344
43.955000,4.0087,0.1344
43.956000,4.0091,0.1344
43.957000,4.0092,0.1344
43.958000,4.0092,0.1344
43.959000,4.0091,0.1344
43.960000,4.0088,0.1344
43.961000,4.0098,0.1344
43.962000,4.0107,0.1344
43.963000,4.0114,0.1344
43.964000,4.0120,0.1344
43.965000,4.0124,0.1344
43.966000,4.0127,0.1345
43.967000,4.0128,0.1345
43.967000,4.0146,0.1329
43.967000,4.0276,0.1333
43.968000,4.0269,0.1334
43.969000,4.0261,0.1334
43.970000,4.0251,0.1334
43.971000,4.0250,0.1334
43.972000,4.0248,0.1334
43.973000,4.0244,0.1334
43.974000,4.0240,0.1335
43.975000,4.0234,0.1335
43.976000,4.0227,0.1335
43.986000,3.8855,0.1336
43.987000,3.8845,0.1336
43.988000,3.8836,0.1337
43.989000,3.8826,0.1337
43.990000,3.8816,0.1337
43.991000,3.8799,0.1338
44.003000,3.8597,0.1341
44.004000,3.8574,0.1341
44.006000,3.8532,0.1342
44.007000,3.8513,0.1342
44.008000,3.8497,0.1342
44.009000,3.8483,0.1343
44.010000,3.8470,0.1343
44.011000,3.8430,0.1343
44.012000,3.8392,0.1343
44.013000,3.8357,0.1344
44.014000,3.8324,0.1344
44.015000,3.8294,0.1344
44.016000,3.8267,0.1344
44.017000,3.8244,0.1344
44.018000,3.8223,0.1344
44.019000,3.8206,0.1344
44.020000,3.8193,0.1344
44.021000,3.8138,0.1345
44.022000,3.8087,0.1345
44.023000,3.8040,0.1345
44.024000,3.7998,0.1345
44.025000,3.7959,0.1345
44.026000,3.7925,0.1345
44.027000,3.7896,0.1345
44.028000,3.7871,0.1345
44.029000,3.7851,0.1345
44.030000,3.7835,0.1346
44.031000,3.7766,0.1346
44.032000,3.7703,0.1346
44.033000,3.7645,0.1346
44.034000,3.7592,0.1346
44.035000,3.7546,0.1346
44.040000,3.7403,0.1345
44.042000,3.7240,0.1345
44.043000,3.7169,0.1345
44.044000,3.7106,0.1346
44.045000,3.7049,0.1346
44.046000,3.7000,0.1346
44.047000,3.6959,0.1346
44.048000,3.6925,0.1346
44.049000,3.6899,0.1346
44.053000,3.7570,0.1323
44.060000,4.0062,0.1344
44.074000,3.9465,0.1347
44.075000,3.9418,0.1347
44.076000,3.9386,0.1347
44.077000,3.9367,0.1347
44.078000,3.9362,0.1348
44.079000,3.9373,0.1348
44.080000,3.9398,0.1348
44.081000,3.9273,0.1348
44.082000,3.9165,0.1348
44.083000,3.9072,0.1348
44.084000,3.8996,0.1348
44.085000,3.8935,0.1348
44.086000,3.8891,0.1348
44.087000,3.8862,0.1348
44.088000,3.8850,0.1348
44.089000,3.8854,0.1349
44.090000,3.8874,0.1349
44.090000,3.9086,0.1329
44.091000,3.8960,0.1329
44.092000,3.8852,0.1329
44.093000,3.8763,0.1330
44.094000,3.8692,0.1330
44.095000,3.8640,0.1330
44.096000,3.8606,0.1330
44.097000,3.8591,0.1330
44.098000,3.8595,0.1331
44.099000,3.8619,0.1331
44.100000,3.8663,0.1331
44.101000,3.8515,0.1331
44.102000,3.8388,0.1331
44.103000,3.8283,0.1331
44.104000,3.8198,0.1331
44.105000,3.8134,0.1331
44.106000,3.8090,0.1332
44.107000,3.8067,0.1332
44.108000,3.8063,0.1332
44.109000,3.8080,0.1332
44.110000,3.8117,0.1332
44.111000,3.7968,0.1332
44.112000,3.7841,0.1332
44.113000,3.7735,0.1332
44.114000,3.7650,0.1332
44.120000,3.7555,0.1333
44.134000,3.5765,0.1345
44.135000,3.5730,0.1345
44.136000,3.5716,0.1345
44.137000,3.5724,0.1346
44.139000,3.5806,0.1346
44.140000,3.5880,0.1347
44.141000,3.5758,0.1347
44.142000,3.5658,0.1347
44.143000,3.5580,0.1348
44.144000,3.5523,0.1348
44.145000,3.5488,0.1348
44.146000,3.5474,0.1349
44.147000,3.5481,0.1349
44.148000,3.5510,0.1349
44.149000,3.5561,0.1350
44.150000,3.5633,0.1350
44.189000,3.4487,0.1360
44.190000,3.4555,0.1360
44.192000,3.4334,0.1360
44.193000,3.4256,0.1360
44.194000,3.4199,0.1360
44.195000,3.4162,0.1360
44.196000,3.4146,0.1360
44.197000,3.4151,0.1360
44.198000,3.4177,0.1360
44.199000,3.4223,0.1360
44.200000,3.4292,0.1361
44.201000,3.4173,0.1361
44.202000,3.4075,0.1361
44.203000,3.3999,0.1361
44.204000,3.3943,0.1361
44.205000,3.3907,0.1361
44.206000,3.3892,0.1361
44.207000,3.3898,0.1362
44.208000,3.3924,0.1362
44.209000,3.3971,0.1362
44.210000,3.4039,0.1362
44.211000,3.3921,0.1362
44.231000,3.3419,0.1364
44.232000,3.3321,0.1364
44.233000,3.3244,0.1364
44.234000,3.3187,0.1364
44.235000,3.3151,0.1364
44.280000,3.1144,0.1312
44.281000,3.1007,0.1313
44.282000,3.0895,0.1313
44.283000,3.0807,0.1313
44.284000,3.0743,0.1313
44.285000,3.0702,0.1313
44.286000,3.0685,0.1313
44.287000,3.0691,0.1313
44.288000,3.0722,0.1312
44.289000,3.0776,0.1312
44.320000,3.0037,0.1316
44.325000,2.9618,0.1317
44.327000,2.9616,0.1318
44.328000,2.9650,0.1318
44.329000,2.9708,0.1319
44.330000,2.9791,0.1319
44.330000,3.0135,0.1271
44.331000,3.0010,0.1271
44.332000,2.9906,0.1271
44.333000,2.9821,0.1272
44.334000,2.9756,0.1272
44.335000,2.9710,0.1272
44.336000,2.9684,0.1273
44.337000,2.9677,0.1273
44.338000,2.9690,0.1273
44.339000,2.9722,0.1274
44.340000,2.9775,0.1274
44.341000,2.9652,0.1275
44.342000,2.9549,0.1275
44.343000,2.9465,0.1275
44.344000,2.9401,0.1276
44.345000,2.9357,0.1276
44.346000,2.9331,0.1276
44.347000,2.9325,0.1277
44.348000,2.9338,0.1277
44.349000,2.9371,0.1277
44.350000,2.9424,0.1277
44.351000,2.9302,0.1278
44.352000,2.9200,0.1278
44.353000,2.9117,0.1278
44.354000,2.9054,0.1278
44.355000,2.9009,0.1278
44.356000,2.8984,0.1278
44.357000,2.8978,0.1278
44.358000,2.8991,0.1278
44.359000,2.9024,0.1278
44.360000,2.9076,0.1278
44.361000,2.8953,0.1278
44.362000,2.8849,0.1279
44.363000,2.8765,0.1279
44.364000,2.8700,0.1279
44.365000,2.8654,0.1280
44.366000,2.8627,0.1280
44.367000,2.8620,0.1280
44.368000,2.8633,0.1280
44.377000,3.0185,0.1242
44.378000,3.0195,0.1242
44.379000,3.0224,0.1241
44.380000,3.0273,0.1241
44.381000,3.0153,0.1241
44.382000,3.0052,0.1241
44.383000,2.9970,0.1240
44.384000,2.9907,0.1240
44.385000,2.9862,0.1240
44.386000,2.9836,0.1240
44.390000,2.9918,0.1241
44.391000,2.9799,0.1241
44.396000,2.8792,0.1266
44.397000,2.8788,0.1266
44.398000,2.8805,0.1266
44.399000,2.8845,0.1267
44.400000,2.8906,0.1267
44.401000,2.8772,0.1267
44.402000,2.8660,0.1267
44.403000,2.8570,0.1268
44.404000,2.8502,0.1268
44.408000,2.8442,0.1270
44.411000,2.8411,0.1271
44.413000,2.8212,0.1271
44.414000,2.8145,0.1271
44.415000,2.8099,0.1271
44.416000,2.8074,0.1272
44.417000,2.8071,0.1272
44.418000,2.8090,0.1272
44.419000,2.8130,0.1272
44.420000,2.8193,0.1272
44.421000,2.8062,0.1272
44.429000,2.7791,0.1273
44.429000,2.7115,0.1318
44.430000,2.7183,0.1318
44.431000,2.7038,0.1318
44.432000,2.6917,0.1318
44.433000,2.6819,0.1318
44.434000,2.6745,0.1318
44.435000,2.6694,0.1318
44.436000,2.6667,0.1318
44.437000,2.6663,0.1319
44.438000,2.6682,0.1319
44.439000,2.6726,0.1319
44.440000,2.6793,0.1319
44.441000,2.6650,0.1319
44.442000,2.6530,0.1319
44.443000,2.6435,0.1319
44.444000,2.6362,0.1320
44.445000,2.6313,0.1320
44.446000,2.6287,0.1320
44.447000,2.6284,0.1320
44.448000,2.6305,0.1320
44.449000,2.6350,0.1320
44.450000,2.6419,0.1320
44.451000,2.6277,0.1320
44.452000,2.6159,0.1320
44.453000,2.6065,0.1320
44.454000,2.5994,0.1320
44.455000,2.5946,0.1320
44.456000,2.5921,0.1320
44.457000,2.5920,0.1320
44.458000,2.5942,0.1320
44.459000,2.5988,0.1320
44.460000,2.6057,0.1320
44.461000,2.5918,0.1320
44.462000,2.5802,0.1321
44.463000,2.5709,0.1321
44.464000,2.5639,0.1321
44.465000,2.5593,0.1321
44.466000,2.5570,0.1321
44.468000,2.5595,0.1321
44.478000,2.6821,0.1298
44.479000,2.6866,0.1298
44.480000,2.6934,0.1298
44.485000,2.7687,0.1238
44.511000,2.6983,0.1239
44.512000,2.6878,0.1239
44.521000,2.6671,0.1242
44.522000,2.6568,0.1242
44.523000,2.6485,0.1242
44.524000,2.6424,0.1242
44.525000,2.6383,0.1242
44.526000,2.6363,0.1242
44.546000,2.5796,0.1246
44.547000,2.5800,0.1246
44.548000,2.5825,0.1247
44.549000,2.5871,0.1247
44.550000,2.5938,0.1247
44.551000,2.5817,0.1247
44.561000,2.5548,0.1247
44.562000,2.5449,0.1247
44.563000,2.5371,0.1247
44.588000,2.8368,0.1051
44.589000,2.8398,0.1051
44.590000,2.8447,0.1051
44.591000,2.8338,0.1052
44.592000,2.8246,0.1052
44.593000,2.8173,0.1052
44.594000,2.8117,0.1052
44.623000,2.7314,0.1062
44.624000,2.7260,0.1062
44.625000,2.7224,0.1062
44.626000,2.7206,0.1063
44.627000,2.7204,0.1063
44.628000,2.7220,0.1063
44.629000,2.7253,0.1063
44.630000,2.7304,0.1063
44.631000,2.7213,0.1063
44.632000,2.7137,0.1063
44.633000,2.7077,0.1063
44.634000,2.7033,0.1063
44.635000,2.7004,0.1063
44.636000,2.6991,0.1064
44.637000,2.6995,0.1064
44.637000,2.8273,0.1062
44.638000,2.8291,0.1063
44.639000,2.8326,0.1063
44.640000,2.8378,0.1063
44.641000,2.8283,0.1063
44.642000,2.8205,0.1063
44.643000,2.8145,0.1063
44.644000,2.8102,0.1063
44.645000,2.8075,0.1063
44.646000,2.8065,0.1063
44.647000,2.8071,0.1063
44.648000,2.8091,0.1063
44.649000,2.8127,0.1063
44.650000,2.8179,0.1063
44.651000,2.8090,0.1063
44.652000,2.8017,0.1062
44.670000,2.7982,0.1060
44.706000,3.5507,0.0941
44.707000,3.5595,0.0941
44.708000,3.5657,0.0941
44.721000,3.8454,0.0940
44.724000,3.9748,0.0940
44.725000,4.0071,0.0940
44.726000,4.0339,0.0940
44.727000,4.0551,0.0939
44.728000,4.0705,0.0939
44.729000,4.0801,0.0939
44.737000,4.3602,0.0940
44.738000,4.3765,0.0940
44.739000,4.3869,0.0940
44.740000,4.3914,0.0941
44.741000,4.4476,0.0941
44.742000,4.4982,0.0941
44.743000,4.5431,0.0941
44.744000,4.5822,0.0941
44.745000,4.6155,0.0941
44.746000,4.6431,0.0941
44.747000,4.6649,0.0942
44.748000,4.6810,0.0942
44.749000,4.6913,0.0942
44.750000,4.6959,0.0942
44.751000,4.7494,0.0942
44.752000,4.7974,0.0942
44.753000,4.8399,0.0942
44.754000,4.8769,0.0942
44.755000,4.9084,0.0943
44.756000,4.9345,0.0943
44.757000,4.9551,0.0943
44.758000,4.9704,0.0943
44.759000,4.9803,0.0944
44.760000,4.9848,0.0944
44.761000,5.0386,0.0944
44.762000,5.0871,0.0944
44.763000,5.1302,0.0944
44.764000,5.1677,0.0944
44.765000,5.1998,0.0944
44.766000,5.2263,0.0945
44.767000,5.2473,0.0945
44.768000,5.2627,0.0945
44.769000,5.2727,0.0945
44.770000,5.2771,0.0945
44.770000,3.2649,0.0867
44.771000,3.2821,0.0867
44.772000,3.2951,0.0867
44.772000,3.6342,0.0775
44.780000,3.6046,0.0776
44.781000,3.6274,0.0776
44.782000,3.6459,0.0776
44.783000,3.6599,0.0776
44.784000,3.6693,0.0776
44.784000,4.0080,0.0745
44.785000,4.0158,0.0745
44.786000,4.0186,0.0745
44.787000,4.0166,0.0745
44.788000,4.0096,0.0745
44.789000,3.9976,0.0745
44.790000,3.9808,0.0745
44.791000,4.0087,0.0745
44.792000,4.0319,0.0745
44.793000,4.0501,0.0745
44.794000,4.0634,0.0745
44.795000,4.0717,0.0745
44.796000,4.0750,0.0745
44.797000,4.0733,0.0745
44.798000,4.0666,0.0745
44.799000,4.0548,0.0745
44.800000,4.0380,0.0745
44.810000,4.0953,0.0744
44.811000,4.1235,0.0744
44.812000,4.1467,0.0744
44.813000,4.1649,0.0744
44.814000,4.1781,0.0744
44.815000,4.1863,0.0744
44.816000,4.1894,0.0744
44.817000,4.1875,0.0744
44.830000,4.2063,0.0744
44.831000,4.2342,0.0744
44.832000,4.2572,0.0744
44.832000,4.2385,0.0708
44.833000,4.2534,0.0708
44.834000,4.2633,0.0708
44.871000,4.5150,0.0813
44.872000,4.5369,0.0813
44.874000,4.5650,0.0813
44.875000,4.5712,0.0813
44.876000,4.5721,0.0813
44.877000,4.5677,0.0813
44.878000,4.5581,0.0812
44.900000,4.5865,0.0810
44.901000,4.6123,0.0810
44.902000,4.6331,0.0810
44.903000,4.6487,0.0810
44.904000,4.6591,0.0810
44.905000,4.6644,0.0810
44.906000,4.6645,0.0810
44.907000,4.6595,0.0809
44.908000,4.6493,0.0809
44.909000,4.6340,0.0809
44.910000,4.6136,0.0809
44.911000,4.6390,0.0809
44.912000,4.6593,0.0808
44.913000,4.6744,0.0808
44.914000,4.6845,0.0808
44.915000,4.6895,0.0808
44.916000,4.6894,0.0808
44.917000,4.6841,0.0808
44.918000,4.6738,0.0808
44.919000,4.6584,0.0808
44.920000,4.6379,0.0808
44.921000,4.6628,0.0808
44.922000,4.6827,0.0808
44.923000,4.6975,0.0808
44.924000,4.7073,0.0808
44.925000,4.7120,0.0808
44.926000,4.7116,0.0808
44.927000,4.7062,0.0808
44.928000,4.6958,0.0808
44.929000,4.6803,0.0808
44.930000,4.6597,0.0808
44.931000,4.6843,0.0808
44.932000,4.7038,0.0808
44.933000,4.7183,0.0809
44.934000,4.7277,0.0809
44.935000,4.7322,0.0809
44.935000,4.8739,0.0764
44.936000,4.8741,0.0764
44.937000,4.8693,0.0764
44.938000,4.8596,0.0764
44.939000,4.8448,0.0764
44.940000,4.8251,0.0764
44.941000,4.8498,0.0764
44.942000,4.8696,0.0764
44.943000,4.8844,0.0764
44.944000,4.8943,0.0764
44.945000,4.8992,0.0764
44.946000,4.8991,0.0764
44.947000,4.8941,0.0764
44.947000,5.2671,0.0757
44.971000,5.6004,0.0781
44.980000,5.6195,0.0781
44.981000,5.6463,0.0781
44.981000,5.8711,0.0800
44.982000,5.8945,0.0800
44.983000,5.9127,0.0800
44.984000,5.9258,0.0801
44.985000,5.9339,0.0801
44.986000,5.9368,0.0801
44.987000,5.9347,0.0800
44.988000,5.9274,0.0800
44.989000,5.9151,0.0800
44.990000,5.8977,0.0800
44.991000,5.9257,0.0800
44.992000,5.9485,0.0801
44.993000,5.9664,0.0801
44.994000,5.9791,0.0801
44.995000,5.9868,0.0802
44.996000,5.9895,0.0802
44.997000,5.9871,0.0803
44.998000,5.9796,0.0803
44.999000,5.9671,0.0803
45.000000,5.9496,0.0804
45.001000,5.9771,0.0804
45.002000,5.9996,0.0804
45.003000,6.0170,0.0804
45.004000,6.0294,0.0804
45.005000,6.0368,0.0804
45.006000,6.0392,0.0804
45.007000,6.0366,0.0804
45.008000,6.0290,0.0805
45.009000,6.0164,0.0805
45.010000,5.9988,0.0805
45.011000,6.0258,0.0805
45.012000,6.0478,0.0805
45.013000,6.0649,0.0805
45.014000,6.0770,0.0805
45.015000,6.0841,0.0805
45.016000,6.0862,0.0805
45.017000,6.0834,0.0805
45.018000,6.0757,0.0805
45.019000,6.0630,0.0805
45.020000,6.0453,0.0805
45.021000,6.0719,0.0805
45.022000,6.0935,0.0805
45.023000,6.1102,0.0805
45.024000,6.1220,0.0805
45.025000,6.1288,0.0805
45.026000,6.1307,0.0805
45.027000,6.1278,0.0805
45.028000,6.1199,0.0805
45.028000,6.4095,0.0815
45.029000,6.3982,0.0815
45.030000,6.3820,0.0816
45.031000,6.4102,0.0816
45.032000,6.4335,0.0816
45.033000,6.4518,0.0816
45.034000,6.4652,0.0816
45.035000,6.4736,0.0816
45.036000,6.4771,0.0816
45.037000,6.4756,0.0817
45.038000,6.4692,0.0817
45.039000,6.4579,0.0817
45.040000,6.4416,0.0817
45.041000,6.4694,0.0817
45.042000,6.4923,0.0817
45.043000,6.5103,0.0817
45.044000,6.5234,0.0817
45.045000,6.5315,0.0817
45.046000,6.5348,0.0817
45.047000,6.5331,0.0817
45.048000,6.5265,0.0817
45.049000,6.5151,0.0817
45.050000,6.4987,0.0816
45.051000,6.5260,0.0816
45.052000,6.5485,0.0816
45.053000,6.5661,0.0816
45.054000,6.5788,0.0816
45.055000,6.5866,0.0816
45.056000,6.5896,0.0816
45.057000,6.5877,0.0816
45.058000,6.5810,0.0816
45.059000,6.5694,0.0816
45.060000,6.5530,0.0816
45.061000,6.5798,0.0817
45.062000,6.6018,0.0817
45.063000,6.6189,0.0818
45.064000,6.6313,0.0818
45.065000,6.6388,0.0818
45.066000,6.6414,0.0818
45.067000,6.6393,0.0818
45.068000,6.6324,0.0818
45.069000,6.6206,0.0818
45.070000,6.6041,0.0819
45.071000,6.6305,0.0819
45.072000,6.6521,0.0820
45.073000,6.6689,0.0820
45.074000,6.6809,0.0821
45.075000,6.6882,0.0821
45.076000,6.6907,0.0821
45.077000,6.6884,0.0822
45.078000,6.6814,0.0822
45.079000,6.6696,0.0822
45.080000,6.6530,0.0823
45.081000,6.6789,0.0823
45.082000,6.7001,0.0823
45.083000,6.7166,0.0823
45.084000,6.7283,0.0824
45.085000,6.7352,0.0824
45.086000,6.7375,0.0824
45.087000,6.7350,0.0824
45.088000,6.7278,0.0824
45.088000,7.2073,0.0806
45.089000,7.1972,0.0806
45.090000,7.1824,0.0806
45.091000,7.2098,0.0806
45.092000,7.2325,0.0806
45.093000,7.2505,0.0806
45.094000,7.2637,0.0806
45.095000,7.2723,0.0806
45.096000,7.2762,0.0806
45.097000,7.2754,0.0806
45.098000,7.2699,0.0806
45.099000,7.2597,0.0806
45.100000,7.2448,0.0806
45.101000,7.2717,0.0805
45.102000,7.2940,0.0805
45.103000,7.3115,0.0805
45.104000,7.3245,0.0805
45.104000,7.6896,0.0759
45.105000,7.6990,0.0759
45.106000,7.7038,0.0759
45.107000,7.7038,0.0758
45.108000,7.6993,0.0758
45.109000,7.6900,0.0758
45.110000,7.6761,0.0758
45.111000,7.7039,0.0757
45.112000,7.7270,0.0757
45.113000,7.7454,0.0757
45.114000,7.7592,0.0757
45.115000,7.7684,0.0756
45.116000,7.7729,0.0756
45.117000,7.7728,0.0755
45.122000,7.7949,0.0755
45.123000,7.8131,0.0755
45.124000,7.8266,0.0755
45.125000,7.8355,0.0755
45.126000,7.8399,0.0755
45.169000,8.4407,0.0715
45.177000,8.4808,0.0716
45.178000,8.4740,0.0716
45.179000,8.4637,0.0716
45.180000,8.4499,0.0716
45.181000,8.4667,0.0716
45.189000,8.4768,0.0715
45.195000,8.5073,0.0716
45.205000,8.4913,0.0719
45.206000,8.4874,0.0719
45.207000,8.4808,0.0719
45.208000,8.4716,0.0719
45.209000,8.4596,0.0719
45.210000,8.4450,0.0719
45.211000,8.4529,0.0719
45.212000,8.4582,0.0719
45.213000,8.4609,0.0719
45.214000,8.4610,0.0718
45.215000,8.4585,0.0718
45.216000,8.4533,0.0718
45.217000,8.4457,0.0718
45.218000,8.4355,0.0717
45.219000,8.4229,0.0717
45.220000,8.4080,0.0717
45.221000,8.4104,0.0716
45.222000,8.4107,0.0716
45.223000,8.4090,0.0716
45.224000,8.4052,0.0716
45.225000,8.3994,0.0716
45.226000,8.3916,0.0716
45.227000,8.3819,0.0716
45.228000,8.3704,0.0715
45.229000,8.3569,0.0715
45.230000,8.3416,0.0715
45.231000,8.3405,0.0715
45.232000,8.3375,0.0715
45.233000,8.3328,0.0715
45.234000,8.3262,0.0715
45.235000,8.3178,0.0715
45.236000,8.3077,0.0715
45.237000,8.2961,0.0715
45.238000,8.2830,0.0715
45.239000,8.2688,0.0715
45.240000,8.2533,0.0714
45.241000,8.2443,0.0714
45.242000,8.2344,0.0714
45.243000,8.2234,0.0714
45.244000,8.2116,0.0714
45.245000,8.1990,0.0714
45.246000,8.1855,0.0714
45.247000,8.1713,0.0715
45.254000,8.0647,0.0716
45.255000,8.0482,0.0716
45.256000,8.0312,0.0716
45.273000,8.8370,0.0748
45.275000,8.7926,0.0748
45.276000,8.7759,0.0748
45.277000,8.7632,0.0748
45.278000,8.7546,0.0748
45.279000,8.7504,0.0748
45.280000,8.7508,0.0748
45.281000,8.7038,0.0748
45.282000,8.6615,0.0748
45.283000,8.6240,0.0748
45.284000,8.5914,0.0748
45.285000,8.5637,0.0748
45.286000,8.5410,0.0748
45.287000,8.5232,0.0748
45.288000,8.5105,0.0748
45.289000,8.5027,0.0747
45.290000,8.5001,0.0747
45.291000,8.4500,0.0747
45.292000,8.4050,0.0747
45.293000,8.3652,0.0747
45.294000,8.3306,0.0747
45.295000,8.3013,0.0746
45.296000,8.2771,0.0746
45.297000,8.2582,0.0746
45.298000,8.2446,0.0746
45.299000,8.2362,0.0747
45.300000,8.2331,0.0747
45.301000,8.1825,0.0747
45.302000,8.1373,0.0747
45.303000,8.0972,0.0747
45.304000,8.0625,0.0748
45.305000,8.0330,0.0748
45.306000,8.0088,0.0748
45.307000,7.9898,0.0748
45.308000,7.9760,0.0748
45.309000,7.9675,0.0748
45.310000,7.9642,0.0748
45.311000,7.9141,0.0748
45.312000,7.8692,0.0748
45.313000,7.8295,0.0749
45.314000,7.7950,0.0749
45.315000,7.7658,0.0749
45.316000,7.7418,0.0749
45.317000,7.7229,0.0749
45.318000,7.7093,0.0749
45.319000,7.7008,0.0749
45.320000,7.6975,0.0749
45.320000,8.7518,0.0780
45.320000,8.5818,0.0771
45.321000,8.5612,0.0771
45.322000,8.5458,0.0771
45.323000,8.5355,0.0771
45.324000,8.5303,0.0771
45.325000,8.5303,0.0771
45.326000,8.5354,0.0771
45.327000,8.5456,0.0771
45.328000,8.5609,0.0771
45.329000,8.5814,0.0771
45.330000,8.6069,0.0771
45.331000,8.5868,0.0770
45.332000,8.5718,0.0770
45.333000,8.5618,0.0770
45.334000,8.5570,0.0770
45.335000,8.5572,0.0770
45.336000,8.5625,0.0770
45.337000,8.5728,0.0770
45.338000,8.5883,0.0770
45.339000,8.6087,0.0770
45.340000,8.6343,0.0770
45.340000,8.3019,0.0813
45.341000,8.2815,0.0813
45.342000,8.2661,0.0813
45.343000,8.2557,0.0813
45.344000,8.2502,0.0813
45.345000,8.2498,0.0812
45.346000,8.2544,0.0812
45.347000,8.2639,0.0812
45.348000,8.2784,0.0811
45.349000,8.2979,0.0811
45.350000,8.3223,0.0811
45.383000,8.0867,0.0822
45.384000,8.0819,0.0822
45.385000,8.0817,0.0822
45.386000,8.0863,0.0822
45.387000,8.0957,0.0821
45.388000,8.1098,0.0822
45.389000,8.1287,0.0821
45.390000,8.1523,0.0821
45.391000,8.1341,0.0821
45.392000,8.1206,0.0821
45.393000,8.1119,0.0821
45.394000,8.1078,0.0821
45.395000,8.1085,0.0821
45.396000,8.1138,0.0821
45.397000,8.1238,0.0820
45.398000,8.1383,0.0820
45.399000,8.1574,0.0820
45.400000,8.1810,0.0820
45.401000,8.1655,0.0820
45.402000,8.1545,0.0820
45.403000,8.1478,0.0820
45.404000,8.1456,0.0820
45.405000,8.1478,0.0820
45.406000,8.1544,0.0820
45.407000,8.1653,0.0820
45.408000,8.1805,0.0819
45.409000,8.2001,0.0819
45.410000,8.2240,0.0819
45.411000,8.2114,0.0819
45.412000,8.2030,0.0818
45.413000,8.1990,0.0818
45.414000,8.1992,0.0818
45.415000,8.2035,0.0818
45.416000,8.2119,0.0817
45.417000,8.2242,0.0817
45.418000,8.2405,0.0817
45.419000,8.2607,0.0816
45.420000,8.2846,0.0816
45.421000,8.2763,0.0816
45.422000,8.2717,0.0816
45.423000,8.2708,0.0816
45.424000,8.2736,0.0816
45.425000,8.2801,0.0816
45.426000,8.2903,0.0816
45.427000,8.3041,0.0816
45.428000,8.3215,0.0816
45.429000,8.3425,0.0816
45.430000,8.3672,0.0816
45.431000,8.3612,0.0816
45.432000,8.3588,0.0816
45.432000,7.9559,0.0895
45.433000,7.9504,0.0895
45.434000,7.9484,0.0895
45.435000,7.9497,0.0896
45.436000,7.9543,0.0896
45.437000,7.9622,0.0895
45.438000,7.9734,0.0895
45.439000,7.9879,0.0895
45.440000,8.0057,0.0895
45.441000,7.9950,0.0895
45.442000,7.9875,0.0894
45.443000,7.9833,0.0894
45.444000,7.9822,0.0894
45.445000,7.9844,0.0894
45.454000,7.9117,0.0931
45.466000,7.9670,0.0929
45.467000,7.9759,0.0930
45.468000,7.9873,0.0929
45.469000,8.0012,0.0929
45.470000,8.0175,0.0929
45.471000,8.0120,0.0929
45.474000,8.0100,0.0930
45.477000,8.0301,0.0930
45.478000,8.0417,0.0929
45.479000,8.0557,0.0929
45.480000,8.0722,0.0929
45.481000,8.0669,0.0929
45.482000,8.0641,0.0929
45.483000,8.0637,0.0929
45.484000,8.0657,0.0929
45.485000,8.0701,0.0929
45.489000,8.1120,0.0929
45.490000,8.1285,0.0928
45.491000,8.1266,0.0928
45.492000,8.1271,0.0928
45.493000,8.1301,0.0928
45.494000,8.1354,0.0928
45.495000,8.1432,0.0928
45.496000,8.1533,0.0928
45.497000,8.1656,0.0928
45.498000,8.1795,0.0928
45.499000,8.1946,0.0928
45.500000,8.2106,0.0928
45.501000,8.2304,0.0928
45.502000,8.2506,0.0928
45.503000,8.2710,0.0928
45.504000,8.2914,0.0928
45.505000,8.3117,0.0928
45.506000,8.3317,0.0928
45.507000,8.3514,0.0928
45.508000,8.3708,0.0928
45.509000,8.3896,0.0928
45.510000,8.4080,0.0927
45.511000,8.4346,0.0927
45.512000,8.4606,0.0927
45.513000,8.4860,0.0927
45.533000,8.3063,0.0954
45.534000,8.3236,0.0954
45.535000,8.3393,0.0954
45.536000,8.3533,0.0954
45.537000,8.3656,0.0954
45.538000,8.3762,0.0954
45.538000,8.0154,0.0875
45.539000,8.0144,0.0875
45.540000,8.0117,0.0875
45.541000,8.0256,0.0875
45.542000,8.0377,0.0875
45.543000,8.0481,0.0875
45.544000,8.0568,0.0875
45.545000,8.0637,0.0875
45.546000,8.0688,0.0875
45.547000,8.0723,0.0875
45.548000,8.0740,0.0876
45.549000,8.0737,0.0876
45.550000,8.0711,0.0876
45.551000,8.1017,0.0877
45.552000,8.1293,0.0877
45.553000,8.1538,0.0877
45.554000,8.1749,0.0877
45.555000,8.1925,0.0877
45.556000,8.2065,0.0877
45.557000,8.2167,0.0878
45.558000,8.2230,0.0878
45.559000,8.2255,0.0878
45.560000,8.2240,0.0878
45.561000,8.2612,0.0878
45.562000,8.2943,0.0878
45.563000,8.3234,0.0878
45.564000,8.3483,0.0878
45.565000,8.3691,0.0878
45.566000,8.3857,0.0878
45.567000,8.3981,0.0878
45.568000,8.4064,0.0877
45.569000,8.4104,0.0877
45.570000,8.4102,0.0877
45.571000,8.4483,0.0877
45.572000,8.4821,0.0877
45.573000,8.5117,0.0877
45.574000,8.5371,0.0877
45.575000,8.5583,0.0877
45.576000,8.5752,0.0877
45.577000,8.5879,0.0877
45.578000,8.5964,0.0877
45.579000,8.6006,0.0877
45.580000,8.6006,0.0877
45.585000,7.7848,0.0911
45.586000,7.7876,0.0912
45.587000,7.7861,0.0912
45.588000,7.7806,0.0912
45.589000,7.7710,0.0912
45.590000,7.7572,0.0912
45.591000,7.7804,0.0912
45.592000,7.7996,0.0912
45.593000,7.8146,0.0913
45.594000,7.8255,0.0913
45.595000,7.8323,0.0913
45.596000,7.8350,0.0913
45.597000,7.8335,0.0912
45.598000,7.8279,0.0912
45.599000,7.8183,0.0912
45.600000,7.8046,0.0912
45.601000,7.8268,0.0912
45.602000,7.8449,0.0912
45.603000,7.8591,0.0912
45.604000,7.8692,0.0911
45.605000,7.8753,0.0911
45.606000,7.8774,0.0911
45.607000,7.8755,0.0911
45.608000,7.8696,0.0911
45.609000,7.8598,0.0911
45.610000,7.8459,0.0911
45.611000,7.8675,0.0911
45.612000,7.8851,0.0910
45.613000,7.8987,0.0910
45.614000,7.9084,0.0910
45.615000,7.9142,0.0910
45.616000,7.9160,0.0910
45.617000,7.9139,0.0910
45.618000,7.9078,0.0910
45.619000,7.8979,0.0910
45.620000,7.8840,0.0910
45.621000,7.9051,0.0910
45.622000,7.9223,0.0910
45.623000,7.9355,0.0911
45.624000,7.9449,0.0911
45.625000,7.9504,0.0911
45.626000,7.9520,0.0910
45.627000,7.9497,0.0910
45.628000,7.9435,0.0911
45.629000,7.9335,0.0911
45.630000,7.9196,0.0911
45.631000,7.9350,0.0912
45.632000,7.9468,0.0912
45.633000,7.9551,0.0912
45.634000,7.9600,0.0912
45.635000,7.9616,0.0912
45.654000,7.5634,0.0843
45.655000,7.5615,0.0843
45.661000,7.5201,0.0845
45.662000,7.5243,0.0846
45.663000,7.5259,0.0846
45.664000,7.5250,0.0846
45.665000,7.5216,0.0846
45.666000,7.5159,0.0845
45.667000,7.5078,0.0845
45.668000,7.4974,0.0845
45.669000,7.4848,0.0845
45.670000,7.4700,0.0845
45.671000,7.4728,0.0845
45.672000,7.4734,0.0845
45.673000,7.4720,0.0845
45.674000,7.4684,0.0845
45.698000,7.1464,0.0844
45.699000,7.1298,0.0844
45.700000,7.1129,0.0844
45.701000,7.0977,0.0843
45.701000,7.0408,0.0800
45.701000,6.9456,0.0777
45.702000,6.9383,0.0777
45.703000,6.9308,0.0777
45.704000,6.9231,0.0776
45.705000,6.9152,0.0776
45.706000,6.9071,0.0776
45.707000,6.8989,0.0776
45.708000,6.8904,0.0776
45.709000,6.8817,0.0776
45.709000,7.0411,0.0729
45.710000,7.0413,0.0729
45.711000,7.0429,0.0729
45.712000,7.0443,0.0729
45.713000,7.0455,0.0729
45.714000,7.0465,0.0729
45.715000,7.0473,0.0728
45.716000,7.0480,0.0728
45.717000,7.0485,0.0728
45.718000,7.0490,0.0727
45.719000,7.0493,0.0727
45.720000,7.0495,0.0727
45.721000,7.0501,0.0727
45.722000,7.0507,0.0727
45.723000,7.0511,0.0727
45.724000,7.0515,0.0727
45.725000,7.0519,0.0726
45.726000,7.0522,0.0726
45.727000,7.0524,0.0726
45.728000,7.0527,0.0726
45.729000,7.0529,0.0725
45.730000,7.0530,0.0725
45.731000,7.0454,0.0725
45.732000,7.0377,0.0726
45.733000,7.0302,0.0726
45.734000,7.0232,0.0726
45.735000,7.0170,0.0726
45.736000,7.0118,0.0725
45.737000,7.0079,0.0725
45.738000,7.0053,0.0725
45.739000,7.0042,0.0725
45.740000,7.0047,0.0725
45.741000,6.9853,0.0724
45.742000,6.9677,0.0724
45.743000,6.9520,0.0724
45.744000,6.9382,0.0724
45.744000,6.7761,0.0762
45.745000,6.7651,0.0761
45.746000,6.7561,0.0761
45.754000,6.6723,0.0759
45.755000,6.6605,0.0759
45.756000,6.6509,0.0759
45.757000,6.6433,0.0759
45.758000,6.6378,0.0759
45.758000,6.6359,0.0789
45.759000,6.6426,0.0789
45.760000,6.6515,0.0789
45.761000,6.6414,0.0789
45.762000,6.6333,0.0789
45.763000,6.6273,0.0789
45.764000,6.6234,0.0788
45.765000,6.6215,0.0788
45.766000,6.6217,0.0788
45.767000,6.6241,0.0788
45.768000,6.6285,0.0788
45.769000,6.6351,0.0787
45.770000,6.6439,0.0787
45.771000,6.6323,0.0787
45.783000,6.5983,0.0786
45.784000,6.5928,0.0786
45.785000,6.5895,0.0786
45.786000,6.5886,0.0786
45.787000,6.5900,0.0786
45.788000,6.5938,0.0786
45.789000,6.6000,0.0786
45.790000,6.6086,0.0786
45.791000,6.5947,0.0786
45.792000,6.5833,0.0786
45.793000,6.5743,0.0786
45.794000,6.5678,0.0785
45.795000,6.5637,0.0785
45.796000,6.5621,0.0785
45.797000,6.5630,0.0785
45.798000,6.5663,0.0785
45.799000,6.5722,0.0784
45.800000,6.5805,0.0784
45.801000,6.5666,0.0784
45.802000,6.5551,0.0784
45.803000,6.5462,0.0784
45.804000,6.5397,0.0784
45.805000,6.5357,0.0784
45.806000,6.5341,0.0783
45.807000,6.5350,0.0783
45.808000,6.5384,0.0783
45.809000,6.5442,0.0783
45.810000,6.5524,0.0783
45.811000,6.5391,0.0783
45.812000,6.5281,0.0783
45.813000,6.5197,0.0783
45.814000,6.5137,0.0783
45.815000,6.5100,0.0783
45.816000,6.5088,0.0783
45.817000,6.5099,0.0784
45.818000,6.5135,0.0784
45.819000,6.5193,0.0784
45.820000,6.5276,0.0784
45.821000,6.5151,0.0784
45.822000,6.5050,0.0784
45.823000,6.4972,0.0784
45.824000,6.4918,0.0784
45.825000,6.4887,0.0784
45.826000,6.4878,0.0784
45.827000,6.4893,0.0784
45.828000,6.4931,0.0784
45.829000,6.4992,0.0784
45.830000,6.5075,0.0784
45.831000,6.4958,0.0784
45.832000,6.4863,0.0784
45.832000,6.4363,0.0731
45.832000,6.5712,0.0712
45.833000,6.5653,0.0713
45.834000,6.5617,0.0713
45.835000,6.5605,0.0713
45.836000,6.5615,0.0713
45.837000,6.5647,0.0714
45.838000,6.5703,0.0714
45.839000,6.5780,0.0714
45.840000,6.5881,0.0714
45.841000,6.5784,0.0714
45.842000,6.5711,0.0714
45.843000,6.5659,0.0715
45.844000,6.5630,0.0715
45.845000,6.5622,0.0715
45.846000,6.5637,0.0715
45.847000,6.5674,0.0715
45.862000,6.6208,0.0717
45.863000,6.6218,0.0717
45.864000,6.6242,0.0717
45.865000,6.6281,0.0717
45.866000,6.6334,0.0717
45.867000,6.6400,0.0717
45.868000,6.6481,0.0717
45.869000,6.6576,0.0717
45.869000,6.7107,0.0693
45.870000,6.7197,0.0693
45.871000,6.7164,0.0693
45.872000,6.7144,0.0693
45.873000,6.7138,0.0693
45.874000,6.7147,0.0693
45.875000,6.7169,0.0693
45.876000,6.7205,0.0694
45.877000,6.7254,0.0694
45.878000,6.7318,0.0694
45.879000,6.7395,0.0694
45.881000,6.7455,0.0694
45.882000,6.7437,0.0694
45.883000,6.7433,0.0694
45.888000,6.7617,0.0694
45.890000,6.7787,0.0694
45.891000,6.7757,0.0694
45.892000,6.7740,0.0694
45.893000,6.7737,0.0693
45.894000,6.7748,0.0693
45.895000,6.7772,0.0693
45.896000,6.7810,0.0693
45.897000,6.7862,0.0693
45.898000,6.7927,0.0693
45.899000,6.8005,0.0693
45.900000,6.8097,0.0693
45.901000,6.8123,0.0693
45.902000,6.8159,0.0693
45.903000,6.8206,0.0693
45.904000,6.8261,0.0693
45.905000,6.8324,0.0694
45.906000,6.8394,0.0694
45.907000,6.8471,0.0694
45.908000,6.8553,0.0694
45.909000,6.8641,0.0694
45.910000,6.8734,0.0694
45.910000,6.6010,0.0652
45.911000,6.6044,0.0653
45.912000,6.6083,0.0653
45.913000,6.6126,0.0653
45.914000,6.6174,0.0653
45.915000,6.6225,0.0653
45.915000,6.5891,0.0670
45.916000,6.5935,0.0670
45.917000,6.5983,0.0670
45.918000,6.6034,0.0670
45.919000,6.6089,0.0670
45.920000,6.6148,0.0670
45.921000,6.6179,0.0670
45.922000,6.6214,0.0670
45.923000,6.6252,0.0670
45.924000,6.6294,0.0670
45.925000,6.6339,0.0670
45.926000,6.6387,0.0670
45.927000,6.6438,0.0670
45.928000,6.6493,0.0669
45.929000,6.6551,0.0669
45.930000,6.6611,0.0669
45.931000,6.6676,0.0669
45.932000,6.6742,0.0669
45.933000,6.6808,0.0669
45.934000,6.6874,0.0669
45.935000,6.6941,0.0669
45.936000,6.7007,0.0669
45.937000,6.7072,0.0669
45.938000,6.7136,0.0668
45.938000,6.2387,0.0655
45.939000,6.2404,0.0654
45.940000,6.2419,0.0654
45.941000,6.2451,0.0654
45.942000,6.2482,0.0654
45.943000,6.2511,0.0654
45.944000,6.2539,0.0654
45.945000,6.2565,0.0653
45.946000,6.2589,0.0653
45.947000,6.2612,0.0653
45.948000,6.2634,0.0653
45.949000,6.2653,0.0653
45.950000,6.2671,0.0653
45.951000,6.2705,0.0653
45.952000,6.2737,0.0653
45.953000,6.2767,0.0653
45.954000,6.2795,0.0653
45.955000,6.2822,0.0653
45.956000,6.2847,0.0653
45.957000,6.2870,0.0653
45.958000,6.2891,0.0653
45.959000,6.2911,0.0652
45.960000,6.2930,0.0652
45.961000,6.2985,0.0652
45.962000,6.3039,0.0652
45.963000,6.3090,0.0652
45.964000,6.3137,0.0652
45.965000,6.3180,0.0653
45.965000,6.1097,0.0664
45.966000,6.1109,0.0664
45.967000,6.1117,0.0664
45.968000,6.1119,0.0664
45.969000,6.1116,0.0665
45.970000,6.1108,0.0665
45.971000,6.1158,0.0665
45.972000,6.1203,0.0665
45.973000,6.1242,0.0665
45.974000,6.1274,0.0665
45.975000,6.1301,0.0665
45.976000,6.1322,0.0665
45.977000,6.1336,0.0665
45.978000,6.1345,0.0665
45.979000,6.1347,0.0664
45.980000,6.1343,0.0664
45.981000,6.1403,0.0664
45.982000,6.1457,0.0664
45.983000,6.1504,0.0663
45.984000,6.1544,0.0663
45.985000,6.1576,0.0663
45.986000,6.1602,0.0662
45.987000,6.1621,0.0662
45.988000,6.1633,0.0662
45.989000,6.1637,0.0662
45.990000,6.1634,0.0662
45.991000,6.1715,0.0662
45.992000,6.1789,0.0662
45.993000,6.1856,0.0662
45.994000,6.1915,0.0662
45.995000,6.1966,0.0662
45.996000,6.2008,0.0661
45.997000,6.2039,0.0662
45.998000,6.2059,0.0662
45.999000,6.2067,0.0662
46.000000,6.2063,0.0662
46.001000,6.2196,0.0661
46.002000,6.2316,0.0662
46.003000,6.2423,0.0662
46.003000,6.4862,0.0643
46.004000,6.4937,0.0644
46.005000,6.4998,0.0644
46.006000,6.5044,0.0644
46.007000,6.5075,0.0644
46.008000,6.5091,0.0644
46.009000,6.5092,0.0644
46.010000,6.5077,0.0645
46.011000,6.5204,0.0645
46.011000,6.3626,0.0631
46.012000,6.3700,0.0631
46.013000,6.3758,0.0630
46.014000,6.3801,0.0630
46.015000,6.3828,0.0630
46.016000,6.3840,0.0630
46.017000,6.3836,0.0630
46.018000,6.3817,0.0629
46.019000,6.3783,0.0629
46.020000,6.3733,0.0629
46.021000,6.3822,0.0629
46.022000,6.3895,0.0629
46.023000,6.3953,0.0629
46.024000,6.3996,0.0629
46.025000,6.4023,0.0629
46.026000,6.4035,0.0628
46.027000,6.4031,0.0628
46.028000,6.4012,0.0628
46.029000,6.3977,0.0628
46.030000,6.3927,0.0628
46.031000,6.4015,0.0628
46.032000,6.4087,0.0629
46.033000,6.4144,0.0629
46.034000,6.4185,0.0629
46.035000,6.4211,0.0629
46.036000,6.4222,0.0629
46.037000,6.4217,0.0629
46.038000,6.4198,0.0629
46.039000,6.4163,0.0628
46.040000,6.4113,0.0628
46.041000,6.4199,0.0628
46.042000,6.4270,0.0628
46.043000,6.4326,0.0628
46.044000,6.4366,0.0629
46.045000,6.4392,0.0629
46.046000,6.4402,0.0629
46.047000,6.4398,0.0629
46.048000,6.4378,0.0630
46.049000,6.4343,0.0630
46.050000,6.4293,0.0630
46.051000,6.4395,0.0630
46.052000,6.4483,0.0630
46.052000,6.6956,0.0657
46.053000,6.7021,0.0657
46.054000,6.7070,0.0657
46.055000,6.7102,0.0657
46.056000,6.7118,0.0657
46.057000,6.7116,0.0657
46.058000,6.7097,0.0657
46.059000,6.7060,0.0657
46.060000,6.7004,0.0656
46.061000,6.7123,0.0656
46.062000,6.7222,0.0656
46.063000,6.7304,0.0656
46.064000,6.7366,0.0656
46.065000,6.7410,0.0656
46.066000,6.7434,0.0656
46.067000,6.7440,0.0656
46.068000,6.7427,0.0656
46.069000,6.7394,0.0657
46.070000,6.7343,0.0657
46.071000,6.7464,0.0657
46.071000,6.6649,0.0660
46.072000,6.6751,0.0660
46.105000,6.7854,0.0662
46.108000,6.7856,0.0662
46.109000,6.7822,0.0662
46.110000,6.7772,0.0662
46.111000,6.7874,0.0662
46.112000,6.7959,0.0663
46.113000,6.8027,0.0663
46.114000,6.8078,0.0663
46.115000,6.8111,0.0663
46.116000,6.8128,0.0663
46.117000,6.8128,0.0663
46.118000,6.8111,0.0663
46.119000,6.8077,0.0663
46.120000,6.8026,0.0662
46.121000,6.8126,0.0663
46.122000,6.8209,0.0663
46.123000,6.8275,0.0663
46.124000,6.8325,0.0663
46.125000,6.8357,0.0663
46.126000,6.8373,0.0663
46.127000,6.8372,0.0663
46.128000,6.8354,0.0664
46.129000,6.8320,0.0664
46.130000,6.8268,0.0664
46.131000,6.8367,0.0664
46.132000,6.8449,0.0664
46.133000,6.8514,0.0664
46.134000,6.8563,0.0664
46.135000,6.8595,0.0664
46.136000,6.8610,0.0664
46.137000,6.8609,0.0664
46.138000,6.8591,0.0665
46.139000,6.8556,0.0665
46.140000,6.8505,0.0665
46.141000,6.8602,0.0665
46.142000,6.8683,0.0665
46.143000,6.8747,0.0665
46.144000,6.8795,0.0664
46.145000,6.8826,0.0664
46.146000,6.8840,0.0664
46.147000,6.8838,0.0664
46.148000,6.8820,0.0664
46.149000,6.8785,0.0664
46.150000,6.8734,0.0664
46.151000,6.8819,0.0663
46.152000,6.8887,0.0663
46.153000,6.8940,0.0663
46.154000,6.8978,0.0663
46.155000,6.9000,0.0663
46.156000,6.9007,0.0663
46.157000,6.9000,0.0663
46.158000,6.8977,0.0663
46.159000,6.8940,0.0663
46.160000,6.8889,0.0663
46.161000,6.8964,0.0663
46.162000,6.9025,0.0663
46.163000,6.9071,0.0663
46.164000,6.9103,0.0663
46.165000,6.9120,0.0663
46.166000,6.9124,0.0663
46.167000,6.9113,0.0663
46.168000,6.9088,0.0663
46.169000,6.9049,0.0662
46.170000,6.8995,0.0662
46.171000,6.9048,0.0663
46.172000,6.9088,0.0663
46.173000,6.9115,0.0663
46.174000,6.9129,0.0663
46.175000,6.9132,0.0663
46.176000,6.9123,0.0663
46.177000,6.9102,0.0663
46.178000,6.9070,0.0663
46.179000,6.9027,0.0663
46.180000,6.8973,0.0663
46.181000,6.9007,0.0663
46.182000,6.9031,0.0663
46.183000,6.9044,0.0663
46.184000,6.9046,0.0663
46.185000,6.9038,0.0663
46.185000,6.6358,0.0628
46.186000,6.6330,0.0628
46.187000,6.6292,0.0628
46.188000,6.6245,0.0628
46.189000,6.6189,0.0628
46.190000,6.6124,0.0628
46.191000,6.6121,0.0629
46.192000,6.6110,0.0629
46.193000,6.6092,0.0629
46.194000,6.6066,0.0630
46.227000,6.4497,0.0646
46.228000,6.4412,0.0646
46.229000,6.4342,0.0646
46.230000,6.4286,0.0646
46.231000,6.4070,0.0646
46.232000,6.3869,0.0647
46.233000,6.3684,0.0647
46.234000,6.3516,0.0647
46.235000,6.3364,0.0647
46.236000,6.3229,0.0647
46.237000,6.3110,0.0648
46.238000,6.3008,0.0648
46.239000,6.2924,0.0648
46.240000,6.2857,0.0648
46.241000,6.2611,0.0648
46.242000,6.2385,0.0648
46.243000,6.2178,0.0648
46.244000,6.1990,0.0648
46.245000,6.1822,0.0648
46.246000,6.1674,0.0648
46.247000,6.1545,0.0647
46.248000,6.1436,0.0647
46.249000,6.1348,0.0647
46.250000,6.1279,0.0647
46.251000,6.1026,0.0647
46.252000,6.0794,0.0647
46.253000,6.0582,0.0647
46.254000,6.0390,0.0647
46.255000,6.0219,0.0647
46.256000,6.0068,0.0647
46.257000,5.9937,0.0647
46.258000,5.9826,0.0647
46.259000,5.9737,0.0647
46.260000,5.9667,0.0647
46.261000,5.9412,0.0648
46.262000,5.9178,0.0648
46.263000,5.8965,0.0648
46.264000,5.8772,0.0648
46.265000,5.8601,0.0648
46.266000,5.8450,0.0648
46.267000,5.8320,0.0648
46.268000,5.8211,0.0648
46.269000,5.8121,0.0648
46.290000,5.8439,0.0625
46.291000,5.8271,0.0625
46.292000,5.8129,0.0625
46.293000,5.8013,0.0625
46.294000,5.7924,0.0624
46.295000,5.7860,0.0624
46.318000,5.6832,0.0627
46.319000,5.6872,0.0627
46.320000,5.6937,0.0627
46.321000,5.6797,0.0627
46.322000,5.6680,0.0627
46.323000,5.6588,0.0627
46.339000,5.6220,0.0627
46.340000,5.6287,0.0627
46.341000,5.6166,0.0627
46.342000,5.6066,0.0628
46.343000,5.5987,0.0628
46.344000,5.5929,0.0628
46.345000,5.5892,0.0629
46.346000,5.5876,0.0629
46.347000,5.5881,0.0630
46.348000,5.5907,0.0630
46.349000,5.5954,0.0630
46.354000,5.5676,0.0630
46.355000,5.5642,0.0630
46.356000,5.5628,0.0630
46.357000,5.5634,0.0630
46.358000,5.5661,0.0630
46.359000,5.5708,0.0630
46.360000,5.5776,0.0630
46.361000,5.5661,0.0630
46.362000,5.5568,0.0630
46.365000,5.5409,0.0630
46.366000,5.5396,0.0630
46.367000,5.5404,0.0631
46.368000,5.5431,0.0632
46.369000,5.5479,0.0632
46.369000,5.6067,0.0603
46.370000,5.6153,0.0604
46.371000,5.6054,0.0604
46.372000,5.5975,0.0604
46.373000,5.5918,0.0604
46.374000,5.5881,0.0605
46.395000,5.5211,0.0587
46.398000,5.5418,0.0588
46.399000,5.5496,0.0589
46.406000,5.6051,0.0590
46.407000,5.6138,0.0590
46.408000,5.6227,0.0591
46.409000,5.6318,0.0591
46.424000,5.4696,0.0586
46.425000,5.4729,0.0586
46.426000,5.4757,0.0586
46.427000,5.4781,0.0586
46.428000,5.4800,0.0586
46.429000,5.4813,0.0585
46.430000,5.4821,0.0585
46.431000,5.4895,0.0585
46.432000,5.4963,0.0585
46.433000,5.5025,0.0585
46.434000,5.5080,0.0585
46.435000,5.5128,0.0585
46.436000,5.5170,0.0585
46.437000,5.5206,0.0585
46.438000,5.5234,0.0585
46.439000,5.5256,0.0585
46.440000,5.5271,0.0586
46.441000,5.5351,0.0586
46.442000,5.5425,0.0586
46.443000,5.5492,0.0586
46.444000,5.5551,0.0587
46.445000,5.5603,0.0587
46.446000,5.5648,0.0587
46.447000,5.5686,0.0587
46.448000,5.5716,0.0588
46.449000,5.5739,0.0588
46.450000,5.5755,0.0588
46.451000,5.5836,0.0588
46.452000,5.5911,0.0589
46.453000,5.5978,0.0589
46.454000,5.6037,0.0589
46.455000,5.6090,0.0589
46.456000,5.6135,0.0590
46.457000,5.6172,0.0590
46.458000,5.6203,0.0590
46.459000,5.6225,0.0590
46.460000,5.6241,0.0590
46.461000,5.6322,0.0590
46.462000,5.6397,0.0590
46.463000,5.6463,0.0590
46.464000,5.6523,0.0590
46.465000,5.6575,0.0590
46.466000,5.6620,0.0591
46.467000,5.6657,0.0591
46.468000,5.6688,0.0591
46.469000,5.6710,0.0591
46.470000,5.6726,0.0592
46.471000,5.6840,0.0592
46.472000,5.6946,0.0592
46.472000,5.3403,0.0573
46.489000,5.2019,0.0562
46.490000,5.1969,0.0562
46.491000,5.2093,0.0562
46.492000,5.2200,0.0562
46.493000,5.2288,0.0562
46.494000,5.2357,0.0562
46.538000,5.4213,0.0565
46.539000,5.4188,0.0565
46.540000,5.4142,0.0565
46.541000,5.4277,0.0565
46.542000,5.4392,0.0565
46.543000,5.4487,0.0565
46.544000,5.4562,0.0565
46.545000,5.4617,0.0566
46.546000,5.4652,0.0566
46.547000,5.4666,0.0566
46.548000,5.4661,0.0566
46.549000,5.4635,0.0566
46.550000,5.4589,0.0566
46.551000,5.4723,0.0566
46.552000,5.4837,0.0567
46.553000,5.4931,0.0567
46.554000,5.5005,0.0567
46.556000,5.5093,0.0567
46.557000,5.5107,0.0567
46.568000,5.5526,0.0567
46.569000,5.5500,0.0567
46.577000,5.5895,0.0565
46.605000,5.2527,0.0544
46.606000,5.2494,0.0544
46.607000,5.2451,0.0544
46.608000,5.2397,0.0544
46.609000,5.2332,0.0544
46.610000,5.2258,0.0545
46.611000,5.2261,0.0545
46.612000,5.2254,0.0545
46.613000,5.2238,0.0545
46.614000,5.2212,0.0545
46.615000,5.2177,0.0545
46.628000,4.9995,0.0526
46.629000,4.9921,0.0526
46.653000,4.7850,0.0525
46.661000,5.2644,0.0527
46.662000,5.2604,0.0527
46.663000,5.2570,0.0527
46.664000,5.2541,0.0527
46.665000,5.2518,0.0527
46.666000,5.2501,0.0527
46.667000,5.2489,0.0527
46.668000,5.2483,0.0527
46.669000,5.2482,0.0527
46.670000,5.2488,0.0527
46.671000,5.2440,0.0527
46.672000,5.2399,0.0527
46.673000,5.2363,0.0528
46.674000,5.2333,0.0528
46.675000,5.2309,0.0528
46.676000,5.2290,0.0528
46.677000,5.2278,0.0528
46.678000,5.2271,0.0528
46.679000,5.2270,0.0528
46.681000,5.2227,0.0528
46.682000,5.2186,0.0529
46.683000,5.2151,0.0529
46.684000,5.2121,0.0529
46.685000,5.2097,0.0530
46.685000,5.1481,0.0520
46.686000,5.1473,0.0520
46.687000,5.1472,0.0520
46.688000,5.1476,0.0521
46.689000,5.1485,0.0521
46.690000,5.1500,0.0521
46.691000,5.1430,0.0521
46.692000,5.1366,0.0521
46.693000,5.1311,0.0521
46.694000,5.1265,0.0521
46.695000,5.1228,0.0521
46.696000,5.1200,0.0521
46.727000,5.0624,0.0498
46.728000,5.0630,0.0498
46.767000,5.2180,0.0503
46.777000,5.2046,0.0505
46.778000,5.2068,0.0505
46.779000,5.2104,0.0505
46.781000,5.2082,0.0506
46.782000,5.2024,0.0506
46.783000,5.1979,0.0507
46.784000,5.1949,0.0507
46.785000,5.1932,0.0507
46.786000,5.1928,0.0508
46.787000,5.1938,0.0508
46.797000,5.1848,0.0509
46.798000,5.1872,0.0509
46.799000,5.1909,0.0509
46.800000,5.1959,0.0508
46.801000,5.1894,0.0508
46.838000,5.4802,0.0486
46.839000,5.4839,0.0487
46.840000,5.4887,0.0487
46.841000,5.4840,0.0487
46.842000,5.4804,0.0487
46.843000,5.4780,0.0487
46.844000,5.4766,0.0487
46.855000,5.4812,0.0487
46.856000,5.4823,0.0487
46.857000,5.4844,0.0487
46.858000,5.4875,0.0487
46.866000,5.4899,0.0488
46.867000,5.4921,0.0488
46.868000,5.4953,0.0488
46.869000,5.4994,0.0488
46.870000,5.5045,0.0489
46.871000,5.5011,0.0489
46.872000,5.4987,0.0489
46.873000,5.4972,0.0489
46.874000,5.4967,0.0490
46.879000,5.5081,0.0491
46.880000,5.5132,0.0491
46.881000,5.5103,0.0491
46.882000,5.5084,0.0491
46.883000,5.5075,0.0491
46.884000,5.5074,0.0491
46.885000,5.5083,0.0491
46.886000,5.5101,0.0491
46.887000,5.5129,0.0491
46.888000,5.5165,0.0491
46.912000,6.2007,0.0473
46.913000,6.2083,0.0472
46.913000,6.2866,0.0471
46.914000,6.2904,0.0471
46.915000,6.2942,0.0471
46.916000,6.2978,0.0471
46.917000,6.3010,0.0471
46.918000,6.3037,0.0472
46.919000,6.3060,0.0472
46.920000,6.3077,0.0472
46.921000,6.3175,0.0472
46.922000,6.3266,0.0472
46.923000,6.3350,0.0472
46.924000,6.3427,0.0472
46.925000,6.3496,0.0473
46.926000,6.3557,0.0473
46.927000,6.3610,0.0473
46.945000,6.5312,0.0477
46.946000,6.5415,0.0477
46.947000,6.5502,0.0477
46.948000,6.5573,0.0478
46.949000,6.5628,0.0478
46.950000,6.5664,0.0478
46.951000,6.5894,0.0478
46.952000,6.6106,0.0478
46.953000,6.6297,0.0478
46.954000,6.6468,0.0478
46.955000,6.6619,0.0479
46.956000,6.6747,0.0479
46.976000,6.5927,0.0451
46.977000,6.5935,0.0451
46.978000,6.5918,0.0451
46.979000,6.5875,0.0451
46.980000,6.5808,0.0451
46.981000,6.5971,0.0451
46.982000,6.6109,0.0451
47.016000,6.5956,0.0443
47.032000,6.6177,0.0444
47.033000,6.6254,0.0444
47.034000,6.6306,0.0443
47.035000,6.6334,0.0443
47.036000,6.6339,0.0443
47.037000,6.6319,0.0443
47.038000,6.6276,0.0443
47.039000,6.6210,0.0443
47.040000,6.6120,0.0443
47.041000,6.6237,0.0443
47.042000,6.6331,0.0443
47.043000,6.6401,0.0443
47.044000,6.6449,0.0443
47.046000,6.6473,0.0443
47.049000,6.6336,0.0444
47.050000,6.6245,0.0444
47.051000,6.6310,0.0444
47.052000,6.6355,0.0444
47.053000,6.6381,0.0445
47.054000,6.6388,0.0445
47.055000,6.6377,0.0445
47.061000,6.6110,0.0446
47.062000,6.6131,0.0446
47.077000,6.7015,0.0428
47.078000,6.6946,0.0429
47.079000,6.6862,0.0429
47.080000,6.6766,0.0429
47.081000,6.6789,0.0429
47.081000,6.5181,0.0436
47.082000,6.5241,0.0436
47.083000,6.5289,0.0436
47.084000,6.5323,0.0436
47.085000,6.5343,0.0436
47.086000,6.5351,0.0436
47.087000,6.5345,0.0436
47.088000,6.5327,0.0436
47.089000,6.5295,0.0436
47.090000,6.5250,0.0437
47.091000,6.5299,0.0437
47.092000,6.5336,0.0437
47.093000,6.5359,0.0437
47.100000,6.5210,0.0438
47.101000,6.5110,0.0439
47.102000,6.5011,0.0439
47.103000,6.4915,0.0439
47.104000,6.4822,0.0439
47.105000,6.4734,0.0440
47.124000,6.0597,0.0440
47.125000,6.0545,0.0440
47.126000,6.0501,0.0441
47.127000,6.0468,0.0441
47.127000,6.1242,0.0418
47.128000,6.1264,0.0418
47.129000,6.1296,0.0418
47.130000,6.1340,0.0418
47.131000,6.1271,0.0418
47.132000,6.1214,0.0418
47.133000,6.1169,0.0418
47.134000,6.1135,0.0418
47.135000,6.1114,0.0418
47.136000,6.1105,0.0418
47.137000,6.1108,0.0418
47.138000,6.1124,0.0417
47.139000,6.1152,0.0417
47.140000,6.1192,0.0418
47.141000,6.1116,0.0418
47.142000,6.1052,0.0418
47.143000,6.1001,0.0418
47.144000,6.0962,0.0418
47.145000,6.0935,0.0419
47.146000,6.0922,0.0418
47.147000,6.0921,0.0418
47.148000,6.0933,0.0418
47.149000,6.0959,0.0418
47.150000,6.0999,0.0418
47.151000,6.0908,0.0418
47.152000,6.0831,0.0418
47.153000,6.0768,0.0418
47.154000,6.0720,0.0418
47.155000,6.0685,0.0418
47.156000,6.0665,0.0418
47.157000,6.0659,0.0418
47.158000,6.0668,0.0418
47.159000,6.0690,0.0418
47.160000,6.0728,0.0418
47.161000,6.0614,0.0418
47.162000,6.0516,0.0418
47.163000,6.0433,0.0418
47.164000,6.0367,0.0418
47.165000,6.0317,0.0418
47.166000,6.0283,0.0418
47.167000,6.0267,0.0418
47.168000,6.0268,0.0419
47.169000,6.0287,0.0418
47.170000,6.0324,0.0418
47.171000,6.0192,0.0419
47.172000,6.0078,0.0419
47.172000,6.0887,0.0406
47.173000,6.0812,0.0406
47.174000,6.0756,0.0406
47.175000,6.0718,0.0407
47.176000,6.0698,0.0407
47.177000,6.0697,0.0408
47.177000,5.7179,0.0415
47.178000,5.7214,0.0415
47.179000,5.7267,0.0415
47.180000,5.7339,0.0416
47.181000,5.7245,0.0416
47.194000,5.6962,0.0417
47.204000,5.6859,0.0418
47.205000,5.6841,0.0418
47.206000,5.6840,0.0418
47.207000,5.6857,0.0417
47.208000,5.6892,0.0418
47.214000,5.6719,0.0403
47.218000,5.6778,0.0403
47.219000,5.6831,0.0403
47.220000,5.6900,0.0404
47.221000,5.6836,0.0404
47.222000,5.6786,0.0403
47.223000,5.6752,0.0403
47.224000,5.6732,0.0403
47.225000,5.6728,0.0403
47.234000,5.6808,0.0404
47.235000,5.6812,0.0404
47.236000,5.6830,0.0404
47.237000,5.6861,0.0404
47.238000,5.6905,0.0404
47.239000,5.6963,0.0404
47.240000,5.7035,0.0404
47.241000,5.6989,0.0403
47.242000,5.6957,0.0403
47.243000,5.6938,0.0403
47.244000,5.6932,0.0403
47.245000,5.6939,0.0403
47.246000,5.6960,0.0403
47.247000,5.6993,0.0403
47.248000,5.7040,0.0404
47.249000,5.7100,0.0404
47.250000,5.7173,0.0404
47.251000,5.7149,0.0404
47.252000,5.7137,0.0404
47.253000,5.7136,0.0405
47.254000,5.7147,0.0405
47.255000,5.7168,0.0405
47.256000,5.7201,0.0405
47.257000,5.7244,0.0406
47.258000,5.7298,0.0406
47.259000,5.7362,0.0406
47.260000,5.7436,0.0406
47.261000,5.7424,0.0406
47.262000,5.7422,0.0406
47.263000,5.7429,0.0406
47.264000,5.7447,0.0406
47.265000,5.7474,0.0406
47.266000,5.7512,0.0406
47.267000,5.7559,0.0406
47.267000,5.8150,0.0397
47.268000,5.8181,0.0397
47.269000,5.8222,0.0397
47.270000,5.8272,0.0397
47.271000,5.8237,0.0397
47.272000,5.8211,0.0397
47.273000,5.8195,0.0397
47.274000,5.8189,0.0397
47.275000,5.8192,0.0397
47.276000,5.8205,0.0397
47.277000,5.8228,0.0397
47.278000,5.8260,0.0397
47.279000,5.8301,0.0397
47.280000,5.8352,0.0397
47.281000,5.8325,0.0397
47.282000,5.8307,0.0397
47.283000,5.8298,0.0397
47.284000,5.8299,0.0398
47.285000,5.8308,0.0398
47.286000,5.8327,0.0398
47.287000,5.8353,0.0398
47.288000,5.8388,0.0398
47.288000,5.9074,0.0392
47.289000,5.9105,0.0392
47.290000,5.9145,0.0392
47.291000,5.9118,0.0391
47.292000,5.9100,0.0391
47.293000,5.9089,0.0391
47.294000,5.9085,0.0391
47.295000,5.9090,0.0391
47.296000,5.9101,0.0391
47.297000,5.9120,0.0391
47.298000,5.9146,0.0391
47.299000,5.9180,0.0391
47.300000,5.9221,0.0391
47.301000,5.9232,0.0392
47.302000,5.9251,0.0392
47.303000,5.9277,0.0392
47.304000,5.9310,0.0392
47.305000,5.9346,0.0392
47.306000,5.9385,0.0392
47.307000,5.9426,0.0392
47.308000,5.9466,0.0392
47.309000,5.9506,0.0392
47.310000,5.9544,0.0392
47.311000,5.9631,0.0392
47.312000,5.9715,0.0392
47.313000,5.9796,0.0392
47.314000,5.9874,0.0392
47.315000,5.9947,0.0392
47.316000,6.0017,0.0392
47.317000,6.0082,0.0392
47.318000,6.0143,0.0392
47.319000,6.0198,0.0392
47.320000,6.0249,0.0392
47.321000,6.0355,0.0393
47.322000,6.0456,0.0393
47.323000,6.0552,0.0393
47.324000,6.0642,0.0393
47.325000,6.0727,0.0393
47.326000,6.0806,0.0393
47.327000,6.0880,0.0393
47.328000,6.0946,0.0393
47.329000,6.1007,0.0393
47.330000,6.1060,0.0393
47.331000,6.1179,0.0393
47.332000,6.1292,0.0393
47.333000,6.1398,0.0393
47.334000,6.1497,0.0393
47.335000,6.1588,0.0393
47.336000,6.1673,0.0393
47.337000,6.1751,0.0393
47.338000,6.1822,0.0393
47.339000,6.1886,0.0393
47.340000,6.1942,0.0393
47.341000,6.2068,0.0393
47.342000,6.2187,0.0393
47.343000,6.2298,0.0393
47.344000,6.2402,0.0393
47.345000,6.2498,0.0393
47.346000,6.2587,0.0393
47.347000,6.2668,0.0393
47.348000,6.2740,0.0394
47.349000,6.2806,0.0394
47.350000,6.2863,0.0394
47.351000,6.2992,0.0395
47.352000,6.3114,0.0395
47.353000,6.3227,0.0395
47.354000,6.3333,0.0396
47.355000,6.3431,0.0396
47.356000,6.3522,0.0396
47.357000,6.3604,0.0396
47.358000,6.3679,0.0396
47.358000,6.1937,0.0390
47.359000,6.1991,0.0390
47.360000,6.2036,0.0391
47.361000,6.2168,0.0391
47.362000,6.2292,0.0391
47.363000,6.2406,0.0391
47.364000,6.2511,0.0391
47.364000,5.8264,0.0375
47.364000,5.8322,0.0363
47.365000,5.8338,0.0363
47.366000,5.8345,0.0363
47.367000,5.8342,0.0363
47.368000,5.8329,0.0363
47.369000,5.8306,0.0363
47.370000,5.8273,0.0363
47.371000,5.8333,0.0363
47.372000,5.8384,0.0363
47.373000,5.8424,0.0363
47.374000,5.8454,0.0363
47.375000,5.8474,0.0363
47.376000,5.8484,0.0363
47.377000,5.8484,0.0363
47.378000,5.8474,0.0364
47.379000,5.8453,0.0364
47.380000,5.8421,0.0364
47.381000,5.8494,0.0364
47.382000,5.8556,0.0364
47.383000,5.8607,0.0365
47.384000,5.8646,0.0365
47.385000,5.8674,0.0365
47.386000,5.8690,0.0365
47.387000,5.8694,0.0365
47.388000,5.8687,0.0365
47.389000,5.8668,0.0365
47.390000,5.8638,0.0365
47.391000,5.8714,0.0365
47.392000,5.8779,0.0365
47.393000,5.8832,0.0365
47.394000,5.8873,0.0365
47.395000,5.8902,0.0365
47.396000,5.8920,0.0365
47.397000,5.8925,0.0365
47.398000,5.8919,0.0365
47.399000,5.8901,0.0364
47.400000,5.8871,0.0364
47.401000,5.8947,0.0364
47.402000,5.9011,0.0364
47.403000,5.9063,0.0364
47.404000,5.9103,0.0364
47.405000,5.9132,0.0364
47.406000,5.9148,0.0364
47.407000,5.9153,0.0364
47.408000,5.9146,0.0364
47.409000,5.9127,0.0364
47.410000,5.9096,0.0364
47.411000,5.9166,0.0365
47.412000,5.9223,0.0365
47.412000,5.9205,0.0349
47.413000,5.9233,0.0349
47.414000,5.9249,0.0349
47.415000,5.9255,0.0349
47.416000,5.9249,0.0349
47.417000,5.9234,0.0349
47.418000,5.9207,0.0349
47.419000,5.9170,0.0349
47.420000,5.9123,0.0349
47.421000,5.9165,0.0349
47.422000,5.9197,0.0349
47.423000,5.9219,0.0349
47.424000,5.9230,0.0349
47.425000,5.9232,0.0349
47.426000,5.9223,0.0350
47.427000,5.9204,0.0350
47.428000,5.9175,0.0350
47.429000,5.9137,0.0350
47.430000,5.9088,0.0350
47.431000,5.9105,0.0350
47.432000,5.9113,0.0351
47.433000,5.9111,0.0351
47.434000,5.9101,0.0351
47.435000,5.9083,0.0351
47.435000,5.7104,0.0357
47.436000,5.7083,0.0357
47.437000,5.7055,0.0357
47.438000,5.7021,0.0357
47.439000,5.6982,0.0357
47.440000,5.6937,0.0357
47.441000,5.6925,0.0357
47.442000,5.6908,0.0358
47.443000,5.6886,0.0358
47.444000,5.6860,0.0358
47.445000,5.6830,0.0358
47.446000,5.6795,0.0358
47.447000,5.6756,0.0358
47.448000,5.6713,0.0358
47.449000,5.6666,0.0359
47.450000,5.6615,0.0359
47.451000,5.6596,0.0359
47.452000,5.6573,0.0359
47.453000,5.6546,0.0359
47.454000,5.6516,0.0359
47.455000,5.6482,0.0360
47.456000,5.6444,0.0360
47.457000,5.6403,0.0360
47.458000,5.6358,0.0361
47.459000,5.6309,0.0361
47.460000,5.6257,0.0361
47.460000,5.8405,0.0351
47.461000,5.8417,0.0352
47.462000,5.8426,0.0352
47.463000,5.8432,0.0352
47.464000,5.8434,0.0352
47.465000,5.8432,0.0352
47.466000,5.8427,0.0352
47.467000,5.8418,0.0352
47.468000,5.8406,0.0352
47.469000,5.8391,0.0352
47.470000,5.8372,0.0352
47.471000,5.8384,0.0352
47.472000,5.8392,0.0352
47.473000,5.8397,0.0352
47.474000,5.8398,0.0352
47.475000,5.8396,0.0352
47.476000,5.8391,0.0352
47.477000,5.8382,0.0352
47.478000,5.8370,0.0352
47.479000,5.8355,0.0353
47.480000,5.8336,0.0353
47.481000,5.8346,0.0354
47.482000,5.8354,0.0354
47.483000,5.8357,0.0354
47.484000,5.8358,0.0354
47.485000,5.8355,0.0355
47.486000,5.8349,0.0355
47.487000,5.8340,0.0355
47.488000,5.8328,0.0356
47.489000,5.8312,0.0356
47.490000,5.8293,0.0356
47.490000,5.6030,0.0372
47.491000,5.6018,0.0373
47.492000,5.6002,0.0373
47.493000,5.5984,0.0373
47.494000,5.5964,0.0374
47.495000,5.5943,0.0374
47.496000,5.5922,0.0375
47.497000,5.5901,0.0375
47.498000,5.5881,0.0375
47.499000,5.5861,0.0375
47.500000,5.5843,0.0376
47.501000,5.5800,0.0376
47.502000,5.5758,0.0376
47.503000,5.5718,0.0377
47.504000,5.5681,0.0377
47.504000,5.5396,0.0376
47.505000,5.5385,0.0376
47.506000,5.5376,0.0376
47.507000,5.5370,0.0376
47.508000,5.5366,0.0376
47.509000,5.5364,0.0376
47.510000,5.5365,0.0376
47.511000,5.5341,0.0376
47.512000,5.5320,0.0376
47.513000,5.5301,0.0376
47.514000,5.5285,0.0376
47.515000,5.5272,0.0376
47.516000,5.5261,0.0376
47.517000,5.5252,0.0375
47.518000,5.5247,0.0375
47.519000,5.5243,0.0375
47.520000,5.5243,0.0375
47.521000,5.5218,0.0375
47.522000,5.5196,0.0375
47.523000,5.5177,0.0375
47.524000,5.5161,0.0376
47.525000,5.5147,0.0376
47.526000,5.5136,0.0376
47.527000,5.5127,0.0376
47.528000,5.5121,0.0376
47.529000,5.5118,0.0376
47.530000,5.5118,0.0376
47.531000,5.5091,0.0376
47.532000,5.5067,0.0377
47.533000,5.5045,0.0377
47.534000,5.5026,0.0377
47.535000,5.5011,0.0377
47.536000,5.4998,0.0378
47.537000,5.4988,0.0378
47.538000,5.4981,0.0378
47.539000,5.4977,0.0378
47.540000,5.4977,0.0378
47.541000,5.4947,0.0378
47.541000,5.7090,0.0380
47.542000,5.7072,0.0380
47.543000,5.7057,0.0380
47.544000,5.7045,0.0380
47.545000,5.7037,0.0380
47.546000,5.7031,0.0380
47.547000,5.7029,0.0380
47.548000,5.7030,0.0380
47.549000,5.7034,0.0380
47.550000,5.7041,0.0380
47.551000,5.7020,0.0380
47.552000,5.7002,0.0380
47.553000,5.6987,0.0380
47.554000,5.6976,0.0380
47.555000,5.6967,0.0380
47.556000,5.6962,0.0380
47.557000,5.6960,0.0380
47.558000,5.6961,0.0380
47.558000,5.6164,0.0366
47.559000,5.6170,0.0366
47.560000,5.6179,0.0365
47.561000,5.6159,0.0365
47.562000,5.6142,0.0365
47.563000,5.6129,0.0365
47.564000,5.6119,0.0365
47.565000,5.6112,0.0365
47.566000,5.6108,0.0364
47.567000,5.6107,0.0364
47.568000,5.6110,0.0364
47.569000,5.6115,0.0364
47.570000,5.6124,0.0365
47.571000,5.6106,0.0365
47.572000,5.6090,0.0365
47.573000,5.6077,0.0365
47.574000,5.6068,0.0366
47.575000,5.6062,0.0366
47.576000,5.6058,0.0366
47.577000,5.6058,0.0367
47.578000,5.6061,0.0367
47.579000,5.6067,0.0367
47.580000,5.6077,0.0367
47.581000,5.6057,0.0367
47.582000,5.6040,0.0367
47.583000,5.6026,0.0367
47.584000,5.6016,0.0368
47.585000,5.6008,0.0368
47.586000,5.6004,0.0368
47.587000,5.6003,0.0368
47.588000,5.6005,0.0368
47.620000,5.3799,0.0371
47.621000,5.3774,0.0371
47.628000,5.3698,0.0371
47.629000,5.3701,0.0371
47.630000,5.3706,0.0371
47.631000,5.3684,0.0371
47.632000,5.3665,0.0371
47.633000,5.3649,0.0372
47.634000,5.3637,0.0372
47.635000,5.3627,0.0372
47.636000,5.3620,0.0372
47.637000,5.3616,0.0372
47.638000,5.3616,0.0372
47.639000,5.3618,0.0372
47.640000,5.3623,0.0372
47.641000,5.3602,0.0372
47.642000,5.3583,0.0372
47.643000,5.3568,0.0372
47.644000,5.3555,0.0372
47.645000,5.3546,0.0372
47.646000,5.3539,0.0371
47.647000,5.3536,0.0371
47.648000,5.3535,0.0371
47.649000,5.3538,0.0371
47.650000,5.3543,0.0370
47.651000,5.3523,0.0370
47.652000,5.3505,0.0370
47.653000,5.3491,0.0369
47.654000,5.3479,0.0369
47.655000,5.3470,0.0369
47.656000,5.3464,0.0369
47.657000,5.3461,0.0368
47.658000,5.3461,0.0368
47.659000,5.3464,0.0368
47.660000,5.3470,0.0368
47.661000,5.3449,0.0368
47.662000,5.3431,0.0368
47.663000,5.3416,0.0368
47.664000,5.3404,0.0368
47.665000,5.3395,0.0368
47.666000,5.3389,0.0368
47.667000,5.3385,0.0368
47.668000,5.3385,0.0368
47.669000,5.3387,0.0368
47.670000,5.3392,0.0368
47.671000,5.3372,0.0367
47.672000,5.3355,0.0367
47.673000,5.3340,0.0367
47.674000,5.3329,0.0367
47.675000,5.3320,0.0367
47.676000,5.3314,0.0366
47.677000,5.3311,0.0366
47.678000,5.3310,0.0366
47.679000,5.3313,0.0367
47.680000,5.3318,0.0367
47.681000,5.3298,0.0367
47.682000,5.3281,0.0367
47.683000,5.3267,0.0367
47.684000,5.3255,0.0368
47.684000,5.3934,0.0350
47.685000,5.3925,0.0351
47.685000,5.6339,0.0345
47.686000,5.6335,0.0345
47.687000,5.6335,0.0345
47.688000,5.6338,0.0346
47.689000,5.6343,0.0346
47.690000,5.6351,0.0346
47.691000,5.6334,0.0346
47.692000,5.6320,0.0346
47.693000,5.6309,0.0347
47.694000,5.6301,0.0347
47.695000,5.6295,0.0347
47.696000,5.6293,0.0347
47.697000,5.6293,0.0347
47.698000,5.6296,0.0347
47.699000,5.6302,0.0347
47.700000,5.6310,0.0347
47.701000,5.6294,0.0348
47.702000,5.6280,0.0348
47.703000,5.6269,0.0348
47.704000,5.6261,0.0348
47.705000,5.6255,0.0348
47.706000,5.6253,0.0348
47.707000,5.6253,0.0348
47.708000,5.6256,0.0348
47.709000,5.6262,0.0348
47.710000,5.6271,0.0349
47.711000,5.6257,0.0349
47.712000,5.6246,0.0349
47.713000,5.6238,0.0349
47.714000,5.6233,0.0350
47.715000,5.6229,0.0350
47.716000,5.6229,0.0349
47.717000,5.6231,0.0349
47.718000,5.6235,0.0349
47.719000,5.6241,0.0349
47.720000,5.6250,0.0349
47.721000,5.6239,0.0349
47.722000,5.6231,0.0349
47.723000,5.6224,0.0349
47.724000,5.6220,0.0349
47.725000,5.6219,0.0349
47.725000,5.6304,0.0356
47.726000,5.6305,0.0356
47.727000,5.6307,0.0356
47.728000,5.6312,0.0356
47.729000,5.6319,0.0357
47.730000,5.6328,0.0357
47.731000,5.6318,0.0357
47.732000,5.6310,0.0357
47.733000,5.6305,0.0357
47.734000,5.6301,0.0357
47.735000,5.6300,0.0357
47.736000,5.6301,0.0357
47.737000,5.6304,0.0357
47.738000,5.6309,0.0357
47.739000,5.6316,0.0358
47.740000,5.6325,0.0358
47.741000,5.6316,0.0358
47.742000,5.6309,0.0358
47.743000,5.6304,0.0358
47.744000,5.6301,0.0359
47.745000,5.6300,0.0359
47.746000,5.6301,0.0359
47.747000,5.6304,0.0359
47.748000,5.6309,0.0359
47.749000,5.6317,0.0359
47.750000,5.6326,0.0359
47.751000,5.6318,0.0358
47.752000,5.6312,0.0358
47.753000,5.6308,0.0358
47.754000,5.6306,0.0358
47.755000,5.6306,0.0358
47.756000,5.6308,0.0358
47.756000,5.7325,0.0346
47.757000,5.7327,0.0345
47.758000,5.7331,0.0345
47.759000,5.7337,0.0345
47.760000,5.7345,0.0345
47.761000,5.7337,0.0345
47.761000,5.6315,0.0331
47.762000,5.6307,0.0331
47.763000,5.6300,0.0330
47.764000,5.6296,0.0330
47.765000,5.6293,0.0330
47.766000,5.6292,0.0330
47.786000,5.6334,0.0330
47.787000,5.6338,0.0330
47.802000,5.6394,0.0325
47.803000,5.6397,0.0325
47.804000,5.6401,0.0325
47.805000,5.6405,0.0325
47.806000,5.6410,0.0325
47.807000,5.6416,0.0324
47.808000,5.6422,0.0324
47.809000,5.6428,0.0324
47.810000,5.6435,0.0324
47.811000,5.6438,0.0324
47.812000,5.6441,0.0324
47.813000,5.6444,0.0324
47.814000,5.6448,0.0324
47.815000,5.6453,0.0324
47.816000,5.6458,0.0324
47.832000,5.6588,0.0322
47.833000,5.6598,0.0322
47.834000,5.6608,0.0322
47.835000,5.6617,0.0322
47.836000,5.6626,0.0322
47.837000,5.6634,0.0322
47.838000,5.6643,0.0322
47.839000,5.6651,0.0322
47.840000,5.6660,0.0322
47.860000,5.6681,0.0322
47.861000,5.6653,0.0322
47.862000,5.6628,0.0322
47.863000,5.6606,0.0322
47.864000,5.6587,0.0322
47.865000,5.6572,0.0322
47.866000,5.6561,0.0322
47.867000,5.6553,0.0322
47.868000,5.6550,0.0322
47.869000,5.6550,0.0321
47.870000,5.6556,0.0321
47.871000,5.6506,0.0321
47.872000,5.6461,0.0321
47.873000,5.6421,0.0321
47.874000,5.6386,0.0321
47.875000,5.6357,0.0322
47.876000,5.6334,0.0322
47.877000,5.6318,0.0322
47.878000,5.6307,0.0322
47.937000,4.9220,0.0311
47.938000,4.9148,0.0311
47.939000,4.9101,0.0310
47.940000,4.9079,0.0310
47.941000,4.8800,0.0310
47.975000,4.2087,0.0310
47.976000,4.1887,0.0310
47.977000,4.1727,0.0310
47.978000,4.1607,0.0310
47.979000,4.1527,0.0310
47.980000,4.1487,0.0310
47.981000,4.1086,0.0310
47.982000,4.0725,0.0310
47.983000,4.0405,0.0310
47.984000,4.0126,0.0310
47.986000,3.9686,0.0311
47.987000,3.9527,0.0311
47.988000,3.9406,0.0311
47.989000,3.9326,0.0312
47.990000,3.9285,0.0312
47.991000,3.8890,0.0312
47.992000,3.8536,0.0312
47.993000,3.8221,0.0311
47.994000,3.7946,0.0311
47.995000,3.7711,0.0311
47.996000,3.7515,0.0311
47.997000,3.7358,0.0311
47.998000,3.7240,0.0310
47.999000,3.7161,0.0310
48.000000,3.7120,0.0310
48.001000,3.6736,0.0310
48.002000,3.6391,0.0310
48.003000,3.6086,0.0310
48.004000,3.5819,0.0310
48.005000,3.5590,0.0310
48.006000,3.5399,0.0309
48.007000,3.5246,0.0309
48.008000,3.5131,0.0309
48.009000,3.5053,0.0308
48.010000,3.5013,0.0308
48.011000,3.4638,0.0308
48.012000,3.4301,0.0307
48.013000,3.4002,0.0307
48.014000,3.3742,0.0307
48.015000,3.3518,0.0307
48.016000,3.3332,0.0306
48.017000,3.3182,0.0306
48.018000,3.3069,0.0306
48.019000,3.2993,0.0306
48.020000,3.2954,0.0306
48.021000,3.2588,0.0305
48.022000,3.2260,0.0305
48.023000,3.1969,0.0305
48.024000,3.1715,0.0305
48.024000,4.7212,0.0288
48.024000,5.6123,0.0282
48.025000,5.6091,0.0282
48.026000,5.6097,0.0282
48.027000,5.6139,0.0281
48.028000,5.6219,0.0281
48.029000,5.6335,0.0281
48.030000,5.6489,0.0280
48.031000,5.6314,0.0280
48.031000,5.8103,0.0265
48.032000,5.7975,0.0265
48.033000,5.7882,0.0265
48.034000,5.7823,0.0265
48.035000,5.7799,0.0266
48.036000,5.7809,0.0266
48.037000,5.7853,0.0266
48.038000,5.7931,0.0266
48.039000,5.8044,0.0266
48.040000,5.8189,0.0266
48.041000,5.8034,0.0266
48.042000,5.7913,0.0266
48.043000,5.7826,0.0266
48.044000,5.7772,0.0266
48.045000,5.7752,0.0266
48.046000,5.7765,0.0266
48.047000,5.7812,0.0266
48.048000,5.7891,0.0266
48.049000,5.8005,0.0267
48.050000,5.8152,0.0267
48.051000,5.7999,0.0267
48.052000,5.7880,0.0267
48.053000,5.7794,0.0267
48.063000,5.7836,0.0274
48.064000,5.7784,0.0274
48.065000,5.7763,0.0274
48.066000,5.7772,0.0274
48.067000,5.7811,0.0274
48.068000,5.7881,0.0274
48.069000,5.7981,0.0274
48.070000,5.8112,0.0275
48.071000,5.7969,0.0275
48.072000,5.7856,0.0275
48.098000,5.7697,0.0277
48.099000,5.7797,0.0277
48.100000,5.7927,0.0277
48.101000,5.7784,0.0277
48.102000,5.7672,0.0277
48.103000,5.7590,0.0277
48.104000,5.7538,0.0276
48.105000,5.7517,0.0276
48.106000,5.7525,0.0276
48.113000,5.7530,0.0274
48.114000,5.7480,0.0274
48.115000,5.7460,0.0274
48.116000,5.7470,0.0274
48.117000,5.7510,0.0273
48.123000,5.7484,0.0274
48.124000,5.7436,0.0274
48.125000,5.7417,0.0274
48.126000,5.7429,0.0274
48.127000,5.7470,0.0275
48.130000,5.7773,0.0275
48.131000,5.7636,0.0275
48.132000,5.7530,0.0275
48.133000,5.7453,0.0275
48.134000,5.7406,0.0275
48.145000,6.1767,0.0306
48.146000,6.1788,0.0306
48.147000,6.1836,0.0306
48.148000,6.1911,0.0306
48.149000,6.2013,0.0306
48.150000,6.2143,0.0306
48.151000,6.2030,0.0307
48.152000,6.1945,0.0307
48.153000,6.1886,0.0307
48.154000,6.1855,0.0307
48.155000,6.1850,0.0307
48.156000,6.1872,0.0308
48.157000,6.1921,0.0308
48.158000,6.1996,0.0308
48.159000,6.2099,0.0308
48.160000,6.2228,0.0308
48.161000,6.2117,0.0308
48.161000,6.6395,0.0364
48.162000,6.6325,0.0364
48.184000,6.6615,0.0364
48.185000,6.6622,0.0364
48.186000,6.6653,0.0364
48.187000,6.6708,0.0364
48.188000,6.6786,0.0365
48.189000,6.6889,0.0365
48.190000,6.7015,0.0365
48.191000,6.6928,0.0364
48.192000,6.6865,0.0364
48.193000,6.6826,0.0364
48.193000,6.9943,0.0393
48.194000,6.9931,0.0393
48.195000,6.9943,0.0393
48.196000,6.9978,0.0393
48.197000,7.0036,0.0393
48.198000,7.0116,0.0393
48.199000,7.0220,0.0393
48.200000,7.0347,0.0393
48.201000,7.0267,0.0393
48.202000,7.0210,0.0393
48.203000,7.0177,0.0393
48.206000,7.0214,0.0393
48.207000,7.0271,0.0393
48.208000,7.0352,0.0393
48.209000,7.0455,0.0393
48.210000,7.0580,0.0393
48.211000,7.0503,0.0394
48.212000,7.0448,0.0394
48.213000,7.0416,0.0394
48.214000,7.0406,0.0394
48.216000,7.0455,0.0394
48.217000,7.0513,0.0394
48.218000,7.0593,0.0394
48.219000,7.0696,0.0394
48.220000,7.0821,0.0395
48.221000,7.0746,0.0395
48.222000,7.0693,0.0395
48.223000,7.0663,0.0395
48.224000,7.0655,0.0396
48.225000,7.0669,0.0396
48.226000,7.0706,0.0396
48.227000,7.0764,0.0396
48.228000,7.0845,0.0396
48.229000,7.0948,0.0396
48.230000,7.1073,0.0396
48.231000,7.1000,0.0396
48.232000,7.0950,0.0395
48.233000,7.0921,0.0395
48.234000,7.0915,0.0395
48.235000,7.0931,0.0396
48.236000,7.0968,0.0395
48.237000,7.1028,0.0395
48.238000,7.1109,0.0395
48.239000,7.1212,0.0395
48.240000,7.1338,0.0395
48.240000,7.2080,0.0408
48.241000,7.2014,0.0408
48.242000,7.1969,0.0407
48.243000,7.1946,0.0407
48.244000,7.1943,0.0407
48.245000,7.1960,0.0407
48.246000,7.1998,0.0407
48.247000,7.2056,0.0407
48.248000,7.2135,0.0407
48.249000,7.2235,0.0407
48.278000,7.8251,0.0497
48.293000,7.8814,0.0500
48.294000,7.8829,0.0500
48.295000,7.8862,0.0500
48.296000,7.8913,0.0500
48.297000,7.8983,0.0500
48.298000,7.9071,0.0500
48.314000,7.9681,0.0499
48.315000,7.9713,0.0499
48.316000,7.9764,0.0499
48.317000,7.9834,0.0499
48.318000,7.9921,0.0498
48.319000,8.0027,0.0498
48.324000,8.0100,0.0499
48.327000,8.0254,0.0499
48.328000,8.0341,0.0499
48.329000,8.0447,0.0499
48.330000,8.0571,0.0499
48.331000,8.0531,0.0499
48.332000,8.0510,0.0499
48.333000,8.0507,0.0499
48.358000,8.0219,0.0455
48.361000,8.0407,0.0455
48.362000,8.0392,0.0455
48.363000,8.0394,0.0455
48.364000,8.0412,0.0455
48.365000,8.0448,0.0456
48.366000,8.0500,0.0456
48.367000,8.0568,0.0456
48.368000,8.0654,0.0457
48.369000,8.0756,0.0457
48.370000,8.0875,0.0457
48.371000,8.0844,0.0458
48.372000,8.0831,0.0458
48.373000,8.0835,0.0458
48.374000,8.0855,0.0458
48.375000,8.0891,0.0459
48.376000,8.0944,0.0459
48.377000,8.1014,0.0459
48.378000,8.1100,0.0459
48.379000,8.1203,0.0460
48.380000,8.1322,0.0460
48.381000,8.1292,0.0461
48.382000,8.1280,0.0461
48.383000,8.1284,0.0461
48.384000,8.1304,0.0462
48.385000,8.1342,0.0462
48.386000,8.1395,0.0462
48.387000,8.1465,0.0462
48.388000,8.1551,0.0462
48.389000,8.1653,0.0462
48.390000,8.1772,0.0462
48.391000,8.1745,0.0462
48.392000,8.1734,0.0462
48.393000,8.1740,0.0462
48.394000,8.1762,0.0463
48.395000,8.1800,0.0463
48.396000,8.1854,0.0463
48.397000,8.1924,0.0463
48.398000,8.2011,0.0463
48.399000,8.2113,0.0463
48.400000,8.2232,0.0463
48.401000,8.2207,0.0463
48.402000,8.2199,0.0463
48.402000,8.6644,0.0493
48.403000,8.6654,0.0493
48.404000,8.6681,0.0493
48.405000,8.6724,0.0493
48.406000,8.6785,0.0493
48.407000,8.6862,0.0492
48.408000,8.6956,0.0492
48.409000,8.7067,0.0492
48.410000,8.7194,0.0492
48.410000,8.7848,0.0457
48.411000,8.7822,0.0457
48.412000,8.7813,0.0457
48.413000,8.7821,0.0457
48.414000,8.7846,0.0457
48.415000,8.7888,0.0457
48.443000,9.0421,0.0392
48.444000,9.0444,0.0392
48.445000,9.0485,0.0392
48.451000,9.0919,0.0394
48.452000,9.0910,0.0394
48.453000,9.0918,0.0394
48.454000,9.0942,0.0394
48.455000,9.0984,0.0395
48.456000,9.1043,0.0395
48.457000,9.1119,0.0395
48.458000,9.1212,0.0395
48.459000,9.1321,0.0395
48.460000,9.1448,0.0395
48.461000,9.1424,0.0395
48.462000,9.1416,0.0395
48.469000,9.1835,0.0394
48.470000,9.1962,0.0394
48.471000,9.1940,0.0394
48.477000,9.2155,0.0394
48.480000,9.2485,0.0393
48.483000,9.2474,0.0394
48.484000,9.2503,0.0394
48.485000,9.2548,0.0394
48.486000,9.2610,0.0394
48.487000,9.2688,0.0395
48.488000,9.2782,0.0395
48.489000,9.2892,0.0395
48.490000,9.3018,0.0395
48.494000,9.3043,0.0397
48.495000,9.3090,0.0397
48.496000,9.3152,0.0398
48.497000,9.3231,0.0399
48.498000,9.3326,0.0399
48.499000,9.3436,0.0399
48.500000,9.3563,0.0400
48.500000,9.8735,0.0506
48.501000,9.8725,0.0507
48.502000,9.8730,0.0507
48.503000,9.8751,0.0507
48.504000,9.8788,0.0507
48.505000,9.8841,0.0507
48.506000,9.8910,0.0507
48.507000,9.8995,0.0507
48.508000,9.9096,0.0507
48.509000,9.9212,0.0507
48.510000,9.9344,0.0507
48.511000,9.9334,0.0507
48.512000,9.9341,0.0507
48.513000,9.9362,0.0508
48.519000,10.0780,0.0441
48.520000,10.0913,0.0441
48.521000,10.0899,0.0441
48.522000,10.0901,0.0441
48.523000,10.0920,0.0441
48.524000,10.0956,0.0442
48.525000,10.1007,0.0442
48.526000,10.1075,0.0442
48.527000,10.1159,0.0443
48.528000,10.1259,0.0443
48.529000,10.1375,0.0443
48.530000,10.1508,0.0443
48.560000,10.1565,0.0383
48.562000,10.1557,0.0383
48.565000,10.1661,0.0382
48.567000,10.1580,0.0392
48.568000,10.1675,0.0392
48.569000,10.1784,0.0392
48.591000,10.3088,0.0396
48.592000,10.3097,0.0396
48.593000,10.3121,0.0396
48.594000,10.3159,0.0396
48.595000,10.3212,0.0396
48.596000,10.3279,0.0396
48.602000,10.3696,0.0396
48.603000,10.3721,0.0396
48.604000,10.3760,0.0396
48.605000,10.3814,0.0396
48.633000,10.5589,0.0399
48.634000,10.5633,0.0399
48.635000,10.5690,0.0399
48.636000,10.5761,0.0399
48.637000,10.5845,0.0399
48.639000,10.6054,0.0400
48.649000,10.6700,0.0401
48.650000,10.6824,0.0401
48.651000,10.6830,0.0401
48.652000,10.6849,0.0401
48.653000,10.6882,0.0402
48.654000,10.6928,0.0402
48.715000,10.3528,0.0142
48.717000,10.3649,0.0141
48.722000,10.3918,0.0142
48.723000,10.3931,0.0142
48.724000,10.3957,0.0142
48.725000,10.3997,0.0142
48.727000,10.4118,0.0143
48.728000,10.4199,0.0143
48.729000,10.4294,0.0144
48.730000,10.4402,0.0144
48.762000,10.5817,0.0147
48.763000,10.5829,0.0148
48.764000,10.5855,0.0148
48.765000,10.5895,0.0148
48.766000,10.5948,0.0148
48.767000,10.6015,0.0149
48.768000,10.6095,0.0149
48.793000,10.0451,0.0018
48.794000,10.0466,0.0017
48.795000,10.0494,0.0017
48.796000,10.0535,0.0017
48.808000,10.1001,0.0015
48.809000,10.1081,0.0015
48.810000,10.1173,0.0015
48.832000,10.1786,0.0018
48.833000,10.1783,0.0018
48.834000,10.1793,0.0019
48.835000,10.1817,0.0019
48.836000,10.1854,0.0019
48.837000,10.1905,0.0019
48.838000,10.1970,0.0019
48.839000,10.2048,0.0019
48.840000,10.2141,0.0019
48.841000,11.8669,0.0018
48.842000,13.6092,0.0018
48.842000,12.8729,0.0322
48.843000,14.4929,0.0322
48.844000,15.8740,0.0321
48.844000,16.1267,0.0379
48.845000,17.2780,0.0379
48.846000,18.2169,0.0379
48.847000,18.9714,0.0378
48.848000,19.5685,0.0378
48.849000,20.0323,0.0378
48.850000,20.3837,0.0377
48.851000,20.8718,0.0377
48.852000,21.2819,0.0377
48.853000,21.6265,0.0376
48.854000,21.9164,0.0376
48.855000,22.1604,0.0376
48.856000,22.3661,0.0376
48.857000,22.5398,0.0376
48.858000,22.6867,0.0375
48.859000,22.8114,0.0375
48.860000,22.9176,0.0376
48.877000,10.7561,0.0515
48.878000,10.7556,0.0515
48.886000,10.8070,0.0517
48.887000,10.8082,0.0517
48.888000,10.8067,0.0517
48.895000,10.8571,0.0516
48.902000,10.8845,0.0516
48.903000,10.8967,0.0516
48.904000,10.9064,0.0516
48.919000,10.9717,0.0515
48.921000,10.9838,0.0515
48.930000,11.0270,0.0516
48.977000,11.0459,0.0696
48.978000,11.0459,0.0696
48.979000,11.0433,0.0696
48.980000,11.0381,0.0697
49.007000,11.2458,0.0838
49.008000,11.2457,0.0838
49.009000,11.2430,0.0838
49.010000,11.2376,0.0838
49.011000,11.2564,0.0838
49.012000,11.2725,0.0838
49.013000,11.2860,0.0838
49.014000,11.2967,0.0838
49.015000,11.3047,0.0838
49.016000,11.3100,0.0838
49.017000,11.3127,0.0838
49.018000,11.3127,0.0838
49.019000,11.3100,0.0838
49.020000,11.3047,0.0838
49.021000,11.3232,0.0838
49.022000,11.3391,0.0838
49.023000,11.3523,0.0838
49.024000,11.3629,0.0838
49.025000,11.3708,0.0837
49.026000,11.3760,0.0837
49.027000,11.3786,0.0837
49.028000,11.3786,0.0837
49.029000,11.3760,0.0837
49.030000,11.3708,0.0837
49.031000,11.3891,0.0837
49.032000,11.4047,0.0837
49.047000,11.4882,0.0837
49.048000,11.4870,0.0837
49.049000,11.4839,0.0837
49.050000,11.4788,0.0837
49.080000,11.0489,0.1009
49.081000,11.0635,0.1009
49.082000,11.0762,0.1009
49.083000,11.0869,0.1009
49.085000,11.1027,0.1009
49.086000,11.1076,0.1009
49.087000,11.1107,0.1010
49.088000,11.1118,0.1010
49.089000,11.1111,0.1010
49.090000,11.1084,0.1010
49.091000,11.1187,0.1010
49.092000,11.1273,0.1010
49.093000,11.1343,0.1011
49.097000,11.1474,0.1011
49.136000,11.0380,0.1085
49.137000,11.0405,0.1085
49.138000,11.0460,0.1085
49.139000,11.0547,0.1085
49.140000,11.0665,0.1085
49.141000,11.0477,0.1084
49.142000,11.0322,0.1084
49.143000,11.0199,0.1084
49.144000,11.0109,0.1084
49.145000,11.0052,0.1084
49.146000,11.0029,0.1084
49.147000,11.0039,0.1084
49.148000,11.0082,0.1085
49.149000,11.0159,0.1085
49.150000,11.0270,0.1085
49.151000,11.0080,0.1086
49.152000,10.9923,0.1086
49.153000,10.9800,0.1086
49.154000,10.9710,0.1087
49.155000,10.9654,0.1087
49.156000,10.9631,0.1087
49.157000,10.9642,0.1087
49.158000,10.9686,0.1087
49.159000,10.9764,0.1088
49.160000,10.9875,0.1088
49.161000,10.9690,0.1088
49.162000,10.9538,0.1088
49.163000,10.9419,0.1089
49.163000,11.1425,0.1089
49.164000,11.1418,0.1089
49.212000,10.7489,0.1034
49.213000,10.7391,0.1034
49.214000,10.7335,0.1034
49.220000,10.7832,0.1037
49.221000,10.7718,0.1037
49.222000,10.7641,0.1037
49.223000,10.7600,0.1037
49.224000,10.7594,0.1038
49.225000,10.7622,0.1038
49.226000,10.7683,0.1038
49.227000,10.7776,0.1039
49.228000,10.7900,0.1039
49.229000,10.8055,0.1039
49.230000,10.8240,0.1039
49.231000,10.8176,0.1039
49.232000,10.8143,0.1040
49.233000,10.8141,0.1040
49.234000,10.8169,0.1041
49.235000,10.8226,0.1041
49.236000,10.8311,0.1041
49.237000,10.8423,0.1042
49.238000,10.8563,0.1043
49.239000,10.8729,0.1043
49.240000,10.8922,0.1043
49.241000,10.8893,0.1043
49.242000,10.8893,0.1044
49.243000,10.8919,0.1044
49.244000,10.8971,0.1044
49.245000,10.9049,0.1044
49.246000,10.9152,0.1044
49.247000,10.9278,0.1044
49.247000,10.4518,0.0931
49.248000,10.4638,0.0931
49.249000,10.4789,0.0931
49.274000,10.6501,0.0914
49.285000,10.8025,0.0932
49.286000,10.8081,0.0932
49.287000,10.8160,0.0932
49.288000,10.8260,0.0932
49.332000,10.4976,0.0847
49.333000,10.5001,0.0847
49.333000,10.4075,0.0872
49.334000,10.4085,0.0871
49.365000,10.5266,0.0872
49.366000,10.5318,0.0872
49.367000,10.5375,0.0873
49.368000,10.5437,0.0873
49.385000,10.6403,0.0876
49.386000,10.6467,0.0876
49.387000,10.6532,0.0877
49.388000,10.6601,0.0877
49.389000,10.6672,0.0877
49.390000,10.6745,0.0877
49.391000,10.6803,0.0877
49.392000,10.6864,0.0877
49.393000,10.6927,0.0877
49.394000,10.6992,0.0877
49.395000,10.7058,0.0877
49.396000,10.7126,0.0877
49.397000,10.7196,0.0877
49.398000,10.7266,0.0877
49.399000,10.7339,0.0877
49.400000,10.7413,0.0877
49.401000,10.7481,0.0877
49.401000,10.3986,0.0850
49.402000,10.4012,0.0850
49.403000,10.4041,0.0850
49.404000,10.4070,0.0850
49.405000,10.4101,0.0850
49.406000,10.4132,0.0850
49.407000,10.4165,0.0850
49.408000,10.4198,0.0850
49.409000,10.4233,0.0850
49.410000,10.4268,0.0849
49.411000,10.4302,0.0849
49.412000,10.4337,0.0849
49.413000,10.4372,0.0849
49.413000,10.1973,0.0835
49.414000,10.1992,0.0834
49.415000,10.2011,0.0834
49.416000,10.2030,0.0834
49.417000,10.2049,0.0834
49.418000,10.2069,0.0833
49.419000,10.2088,0.0833
49.420000,10.2108,0.0833
49.421000,10.2134,0.0833
49.422000,10.2159,0.0833
49.423000,10.2185,0.0832
49.424000,10.2210,0.0832
49.425000,10.2235,0.0832
49.426000,10.2259,0.0832
49.427000,10.2282,0.0832
49.428000,10.2304,0.0832
49.429000,10.2325,0.0832
49.430000,10.2345,0.0832
49.431000,10.2391,0.0832
49.432000,10.2436,0.0832
49.432000,9.8857,0.0775
49.433000,9.8881,0.0776
49.434000,9.8902,0.0776
49.435000,9.8922,0.0776
49.436000,9.8940,0.0776
49.437000,9.8955,0.0776
49.438000,9.8967,0.0775
49.439000,9.8977,0.0775
49.440000,9.8985,0.0775
49.441000,9.9025,0.0775
49.442000,9.9062,0.0775
49.443000,9.9097,0.0775
49.444000,9.9128,0.0774
49.445000,9.9157,0.0774
49.446000,9.9181,0.0774
49.447000,9.9201,0.0774
49.448000,9.9218,0.0774
49.449000,9.9230,0.0774
49.450000,9.9238,0.0774
49.451000,9.9293,0.0774
49.452000,9.9344,0.0774
49.453000,9.9390,0.0774
49.454000,9.9431,0.0774
49.455000,9.9467,0.0774
49.456000,9.9497,0.0774
49.457000,9.9523,0.0774
49.457000,9.8517,0.0824
49.458000,9.8511,0.0824
49.459000,9.8498,0.0824
49.460000,9.8480,0.0824
49.461000,9.8521,0.0824
49.462000,9.8557,0.0824
49.463000,9.8587,0.0824
49.464000,9.8610,0.0825
49.465000,9.8626,0.0825
49.466000,9.8635,0.0825
49.467000,9.8637,0.0825
49.468000,9.8632,0.0825
49.469000,9.8620,0.0825
49.470000,9.8601,0.0825
49.471000,9.8648,0.0825
49.472000,9.8689,0.0825
49.473000,9.8722,0.0825
49.474000,9.8748,0.0825
49.475000,9.8766,0.0825
49.483000,10.0902,0.0903
49.484000,10.0923,0.0903
49.485000,10.0937,0.0903
49.486000,10.0942,0.0903
49.487000,10.0939,0.0902
49.499000,10.1026,0.0904
49.502000,10.1100,0.0904
49.503000,10.1137,0.0905
49.504000,10.1165,0.0905
49.505000,10.1184,0.0905
49.506000,10.1193,0.0905
49.507000,10.1193,0.0905
49.508000,10.1183,0.0905
49.509000,10.1164,0.0905
49.510000,10.1135,0.0905
49.511000,10.1194,0.0905
49.512000,10.1243,0.0905
49.513000,10.1282,0.0905
49.514000,10.1312,0.0905
49.515000,10.1332,0.0905
49.516000,10.1343,0.0905
49.517000,10.1343,0.0905
49.518000,10.1333,0.0905
49.519000,10.1314,0.0905
49.520000,10.1285,0.0905
49.521000,10.1346,0.0905
49.522000,10.1397,0.0905
49.523000,10.1438,0.0906
49.524000,10.1469,0.0906
49.525000,10.1491,0.0906
49.526000,10.1501,0.0906
49.527000,10.1502,0.0907
49.528000,10.1492,0.0907
49.576000,10.2344,0.0911
49.577000,10.2345,0.0911
49.578000,10.2335,0.0911
49.579000,10.2313,0.0911
49.580000,10.2281,0.0911
49.581000,10.2348,0.0911
49.582000,10.2404,0.0911
49.583000,10.2449,0.0911
49.584000,10.2483,0.0911
49.585000,10.2506,0.0911
49.586000,10.2518,0.0912
49.587000,10.2518,0.0912
49.588000,10.2507,0.0912
49.589000,10.2485,0.0912
49.590000,10.2453,0.0912
49.591000,10.2521,0.0912
49.592000,10.2577,0.0912
49.593000,10.2623,0.0913
49.594000,10.2658,0.0913
49.595000,10.2681,0.0913
49.596000,10.2693,0.0913
49.597000,10.2694,0.0913
49.598000,10.2683,0.0913
49.599000,10.2661,0.0913
49.600000,10.2628,0.0913
49.601000,10.2698,0.0913
49.602000,10.2756,0.0913
49.603000,10.2803,0.0914
49.604000,10.2838,0.0914
49.605000,10.2863,0.0914
49.606000,10.2875,0.0914
49.607000,10.2877,0.0914
49.608000,10.2867,0.0915
49.609000,10.2846,0.0915
49.610000,10.2813,0.0915
49.611000,10.2883,0.0915
49.612000,10.2941,0.0915
49.613000,10.2988,0.0916
49.614000,10.3024,0.0915
49.615000,10.3048,0.0915
49.616000,10.3061,0.0915
49.617000,10.3062,0.0914
49.618000,10.3052,0.0914
49.619000,10.3030,0.0913
49.620000,10.2998,0.0913
49.621000,10.3067,0.0913
49.622000,10.3126,0.0913
49.623000,10.3173,0.0913
49.624000,10.3208,0.0913
49.624000,10.0323,0.0984
49.625000,10.0329,0.0984
49.626000,10.0322,0.0984
49.627000,10.0302,0.0985
49.628000,10.0269,0.0985
49.629000,10.0223,0.0985
49.630000,10.0164,0.0985
49.631000,10.0223,0.0985
49.632000,10.0268,0.0985
49.633000,10.0301,0.0985
49.634000,10.0320,0.0985
49.668000,10.0215,0.0988
49.673000,10.0230,0.0988
49.674000,10.0245,0.0988
49.675000,10.0248,0.0988
49.676000,10.0237,0.0988
49.677000,10.0213,0.0987
49.678000,10.0176,0.0987
49.679000,10.0125,0.0987
49.680000,10.0061,0.0988
49.681000,10.0116,0.0988
49.716000,9.9205,0.1121
49.717000,9.9172,0.1121
49.718000,9.9124,0.1121
49.719000,9.9061,0.1121
49.720000,9.8983,0.1122
49.747000,10.3208,0.1255
49.748000,10.3160,0.1255
49.749000,10.3096,0.1255
49.750000,10.3015,0.1256
49.768000,9.9795,0.1371
49.769000,9.9720,0.1371
49.770000,9.9627,0.1371
49.771000,9.9694,0.1371
49.772000,9.9744,0.1371
49.773000,9.9775,0.1371
49.774000,9.9789,0.1371
49.775000,9.9784,0.1371
49.776000,9.9762,0.1371
49.777000,9.9722,0.1372
49.784000,9.9649,0.1373
49.789000,9.9442,0.1373
49.790000,9.9346,0.1373
49.791000,9.9410,0.1373
49.792000,9.9456,0.1373
49.793000,9.9484,0.1373
49.794000,9.9495,0.1373
49.795000,9.9488,0.1374
49.796000,9.9463,0.1374
49.821000,9.8871,0.1376
49.822000,9.8912,0.1376
49.823000,9.8935,0.1376
49.824000,9.8941,0.1377
49.825000,9.8929,0.1377
49.826000,9.8900,0.1377
49.827000,9.8853,0.1377
49.887000,9.7347,0.1391
49.888000,9.7275,0.1391
49.889000,9.7186,0.1391
49.890000,9.7081,0.1391
49.891000,9.7126,0.1392
49.892000,9.7154,0.1392
49.893000,9.7165,0.1392
49.894000,9.7160,0.1392
49.895000,9.7137,0.1392
49.896000,9.7098,0.1392
49.897000,9.7041,0.1393
49.898000,9.6968,0.1393
49.899000,9.6878,0.1393
49.900000,9.6771,0.1393
49.901000,9.6814,0.1393
49.902000,9.6841,0.1393
49.903000,9.6850,0.1393
49.904000,9.6844,0.1393
49.905000,9.6820,0.1393
49.906000,9.6779,0.1394
49.907000,9.6722,0.1394
49.908000,9.6648,0.1394
49.909000,9.6557,0.1395
49.910000,9.6450,0.1395
49.911000,9.6493,0.1395
49.916000,9.6462,0.1397
49.917000,9.6405,0.1397
49.918000,9.6332,0.1397
49.919000,9.6241,0.1398
49.920000,9.6132,0.1398
49.921000,9.6189,0.1398
49.922000,9.6227,0.1399
49.923000,9.6247,0.1399
49.924000,9.6250,0.1399
49.925000,9.6234,0.1400
49.926000,9.6200,0.1400
49.927000,9.6147,0.1400
49.928000,9.6076,0.1401
49.929000,9.5987,0.1401
49.930000,9.5880,0.1401
49.955000,8.4822,0.1782
49.956000,8.4783,0.1782
49.957000,8.4723,0.1782
49.958000,8.4641,0.1782
49.959000,8.4537,0.1783
49.960000,8.4411,0.1783
49.961000,8.4483,0.1783
49.963000,7.9256,0.2004
49.978000,7.8893,0.2006
49.979000,7.8787,0.2007
49.980000,7.8656,0.2007
49.981000,7.8693,0.2007
49.982000,7.8704,0.2007
49.983000,7.8689,0.2007
49.984000,7.8649,0.2007
49.985000,7.8584,0.2007
49.986000,7.8497,0.2007
49.987000,7.8394,0.2007
49.988000,7.8281,0.2007
49.989000,7.8161,0.2007
49.990000,7.8039,0.2006
49.991000,7.7795,0.2006
49.992000,7.7554,0.2006
49.993000,7.7318,0.2006
49.994000,7.7091,0.2006
49.995000,7.6872,0.2006
49.996000,7.6664,0.2006
49.997000,7.6468,0.2006
49.998000,7.6284,0.2006
49.999000,7.6114,0.2006
50.000000,7.5958,0.2006
50.001000,7.5639,0.2006
50.002000,7.5335,0.2006
50.003000,7.5048,0.2006
50.004000,7.4777,0.2006
50.005000,7.4522,0.2006
50.006000,7.4284,0.2006
50.007000,7.4063,0.2007
50.008000,7.3859,0.2006
50.009000,7.3672,0.2006
50.010000,7.3503,0.2006
50.011000,7.3162,0.2006
50.012000,7.2840,0.2006
50.013000,7.2536,0.2006
50.014000,7.2251,0.2006
50.015000,7.1985,0.2007
50.016000,7.1737,0.2007
50.017000,7.1508,0.2008
50.018000,7.1298,0.2008
50.019000,7.1108,0.2008
50.020000,7.0936,0.2009
50.021000,7.0584,0.2009
50.022000,7.0251,0.2010
50.023000,6.9939,0.2010
50.024000,6.9647,0.2011
50.025000,6.9374,0.2011
50.026000,6.9122,0.2012
50.027000,6.8889,0.2012
50.028000,6.8677,0.2013
50.029000,6.8484,0.2013
50.030000,6.8312,0.2014
50.031000,6.7864,0.2014
50.032000,6.7437,0.2015
50.032000,6.8229,0.2225
50.033000,6.8020,0.2225
50.034000,6.7840,0.2226
50.035000,6.7694,0.2226
50.036000,6.7587,0.2226
50.037000,6.7522,0.2227
50.038000,6.7504,0.2227
50.039000,6.7535,0.2227
50.040000,6.7617,0.2227
50.041000,6.7146,0.2227
50.042000,6.6729,0.2227
50.043000,6.6368,0.2227
50.044000,6.6064,0.2227
50.045000,6.5816,0.2227
50.046000,6.5627,0.2227
50.047000,6.5496,0.2227
50.048000,6.5425,0.2227
50.049000,6.5414,0.2228
50.050000,6.5464,0.2228
50.053000,6.4130,0.2229
50.054000,6.3807,0.2230
50.055000,6.3544,0.2230
50.056000,6.3344,0.2231
50.056000,6.2764,0.2483
50.057000,6.2823,0.2484
50.058000,6.2947,0.2485
50.078000,1.3912,0.2493
50.079000,1.6167,0.2493
50.080000,1.7865,0.2493
50.081000,2.0704,0.2494
50.082000,2.3138,0.2494
50.083000,2.5187,0.2494
50.084000,2.6888,0.2495
50.090000,3.1918,0.2497
50.091000,3.2519,0.2497
50.112000,26.0993,0.2697
50.113000,26.7816,0.2698
50.114000,27.4688,0.2698
50.115000,28.1607,0.2698
50.116000,28.8574,0.2697
50.117000,29.5587,0.2697
50.118000,30.2648,0.2697
50.119000,30.9755,0.2698
50.120000,31.6909,0.2698
50.121000,32.3656,0.2698
50.122000,33.0450,0.2699
50.123000,33.7290,0.2699
50.124000,34.4176,0.2699
50.125000,35.1108,0.2700
50.126000,35.8086,0.2700
50.127000,36.5109,0.2700
50.128000,37.2178,0.2701
50.129000,37.9292,0.2701
50.130000,38.6451,0.2701
50.131000,39.3208,0.2702
50.132000,40.0010,0.2703
50.133000,40.6857,0.2703
50.134000,41.3750,0.2704
50.135000,42.0687,0.2704
50.136000,42.7670,0.2704
50.137000,43.4698,0.2705
50.138000,44.1771,0.2705
50.139000,44.8888,0.2706
50.140000,45.6051,0.2706
50.141000,46.2814,0.2706
50.142000,46.9622,0.2707
50.143000,47.6475,0.2707
50.144000,48.3373,0.2707
50.145000,49.0315,0.2707
50.146000,49.7302,0.2707
50.147000,50.4333,0.2708
50.148000,51.1409,0.2708
50.149000,51.8529,0.2708
50.150000,52.5693,0.2708
50.151000,53.2462,0.2708
50.152000,53.9274,0.2709
50.153000,54.6131,0.2709
50.154000,55.3033,0.2710
50.166000,4.4679,0.2725
50.167000,4.4805,0.2725
50.168000,4.4977,0.2725
50.169000,4.5195,0.2725
50.170000,4.5460,0.2726
50.171000,4.5312,0.2726
50.172000,4.5211,0.2727
50.177000,4.5393,0.2729
50.179000,4.9044,0.3013
50.180000,4.9223,0.3014
50.181000,4.9063,0.3014
50.182000,4.8942,0.3015
50.183000,4.8858,0.3015
50.184000,4.8813,0.3016
50.185000,4.8805,0.3016
50.186000,4.8835,0.3016
50.187000,4.8901,0.3017
50.188000,4.9005,0.3017
50.189000,4.9146,0.3017
50.190000,4.9323,0.3017
50.191000,4.9174,0.3017
50.192000,4.9062,0.3018
50.193000,4.8987,0.3018
50.194000,4.8948,0.3018
50.195000,4.8946,0.3019
50.196000,4.8979,0.3019
50.197000,4.9049,0.3019
50.198000,4.9154,0.3019
50.199000,4.9294,0.3020
50.200000,4.9470,0.3020
50.201000,4.9330,0.3021
50.202000,4.9226,0.3021
50.203000,4.9157,0.3022
50.204000,4.9124,0.3022
50.205000,4.9126,0.3023
50.207000,4.9234,0.3024
50.208000,4.9340,0.3024
50.218000,4.9573,0.3026
50.219000,4.9714,0.3026
50.220000,4.9888,0.3026
50.221000,4.9769,0.3026
50.222000,4.9684,0.3027
50.223000,4.9632,0.3027
50.224000,4.9613,0.3027
50.225000,4.9626,0.3027
50.271000,6.5387,0.3099
50.272000,6.5364,0.3099
50.273000,6.5362,0.3099
50.274000,6.5380,0.3099
50.284000,6.5871,0.3100
50.292000,6.6364,0.3103
50.296000,6.6523,0.3104
50.297000,6.6603,0.3104
50.298000,6.6699,0.3104
50.299000,6.6810,0.3105
50.300000,6.6938,0.3105
50.301000,6.6930,0.3105
50.302000,6.6938,0.3105
50.303000,6.6962,0.3105
50.304000,6.7000,0.3106
50.308000,6.7303,0.3107
50.322000,6.8254,0.3112
50.330000,7.0408,0.3110
50.352000,7.5355,0.3063
50.353000,7.5544,0.3063
50.354000,7.5724,0.3063
50.355000,7.5892,0.3063
50.356000,7.6048,0.3063
50.357000,7.6191,0.3063
50.358000,7.6321,0.3063
50.359000,7.6436,0.3064
50.369000,7.8380,0.3066
50.370000,7.8487,0.3066
50.378000,8.0450,0.3066
50.379000,8.0586,0.3066
50.380000,8.0697,0.3067
50.381000,8.1053,0.3067
50.382000,8.1383,0.3067
50.385000,8.2212,0.3067
50.389000,8.2927,0.3068
50.390000,8.3041,0.3068
50.399000,8.4600,0.3071
50.400000,8.4707,0.3072
50.401000,7.5846,0.3054
50.402000,7.5868,0.3054
50.403000,7.5878,0.3054
50.404000,7.5875,0.3054
50.405000,7.5859,0.3054
50.406000,7.5830,0.3054
50.407000,7.5788,0.3055
50.408000,7.5732,0.3055
50.409000,7.5662,0.3055
50.410000,7.5578,0.3055
50.411000,7.5629,0.3055
50.412000,7.5666,0.3055
50.413000,7.5689,0.3055
50.414000,7.5698,0.3055
50.415000,7.5691,0.3055
50.416000,7.5670,0.3056
50.417000,7.5633,0.3056
50.418000,7.5580,0.3056
50.419000,7.5511,0.3057
50.428000,7.9065,0.3045
50.429000,7.9065,0.3046
50.430000,7.9049,0.3046
50.431000,7.9198,0.3046
50.432000,7.9330,0.3047
50.433000,7.9444,0.3047
50.434000,7.9540,0.3047
50.438000,7.9740,0.3048
50.439000,7.9743,0.3048
50.440000,7.9727,0.3048
50.441000,7.9894,0.3048
50.442000,8.0042,0.3048
50.443000,8.0170,0.3049
50.444000,8.0278,0.3049
50.445000,8.0366,0.3049
50.446000,8.0434,0.3049
50.447000,8.0480,0.3049
50.448000,8.0506,0.3050
50.449000,8.0511,0.3050
50.450000,8.0495,0.3050
50.451000,8.0704,0.3051
50.452000,8.0892,0.3051
50.453000,8.1056,0.3051
50.454000,8.1197,0.3052
50.454000,8.3075,0.2979
50.455000,8.3176,0.2980
50.456000,8.3252,0.2980
50.457000,8.3301,0.2980
50.458000,8.3324,0.2980
50.459000,8.3319,0.2980
50.460000,8.3287,0.2980
50.461000,8.3521,0.2981
50.462000,8.3728,0.2981
50.463000,8.3906,0.2981
50.464000,8.4056,0.2981
50.465000,8.4176,0.2981
50.466000,8.4267,0.2981
50.477000,8.5434,0.2986
50.483000,8.2740,0.3086
50.501000,7.9939,0.3198
50.503000,8.0268,0.3198
50.504000,8.0380,0.3198
50.505000,8.0456,0.3199
50.506000,8.0497,0.3199
50.556000,8.4927,0.3216
50.557000,8.4963,0.3216
50.558000,8.4957,0.3217
50.559000,8.4908,0.3218
50.566000,11.0773,0.3219
50.567000,11.3089,0.3219
50.568000,11.4533,0.3219
50.569000,11.5217,0.3219
50.570000,11.5251,0.3219
50.571000,11.8132,0.3219
50.572000,12.0583,0.3220
50.573000,12.2659,0.3220
50.574000,12.4408,0.3220
50.619000,13.6473,0.3240
50.620000,13.6433,0.3241
50.621000,13.6698,0.3241
50.622000,13.6929,0.3241
50.623000,13.7125,0.3242
50.624000,13.7288,0.3242
50.625000,13.7416,0.3242
50.626000,13.7509,0.3243
50.627000,13.7569,0.3243
50.628000,13.7595,0.3244
50.629000,13.7586,0.3244
50.645000,13.9779,0.3249
50.646000,13.9892,0.3249
50.647000,13.9966,0.3249
50.648000,14.0002,0.3249
50.649000,13.9999,0.3250
50.650000,13.9957,0.3250
50.651000,14.0267,0.3251
50.652000,14.0537,0.3251
50.653000,14.0769,0.3251
50.654000,14.0963,0.3251
50.655000,14.1117,0.3252
50.656000,14.1232,0.3252
50.657000,14.1309,0.3252
50.658000,14.1347,0.3253
50.659000,14.1345,0.3253
50.660000,14.1306,0.3253
50.661000,14.1614,0.3254
50.662000,14.1883,0.3254
50.663000,14.2114,0.3254
50.664000,14.2306,0.3255
50.665000,14.2459,0.3255
50.666000,14.2574,0.3256
50.667000,14.2650,0.3256
50.668000,14.2687,0.3256
50.669000,14.2686,0.3257
50.670000,14.2646,0.3257
50.671000,14.2951,0.3257
50.672000,14.3217,0.3257
50.673000,14.3445,0.3258
50.674000,14.3635,0.3258
50.675000,14.3786,0.3258
50.676000,14.3899,0.3259
50.677000,14.3973,0.3259
50.678000,14.4009,0.3259
50.679000,14.4007,0.3259
50.680000,14.3966,0.3259
50.681000,14.4269,0.3259
50.682000,14.4533,0.3260
50.683000,14.4759,0.3260
50.684000,14.4947,0.3260
50.685000,14.5096,0.3260
50.686000,14.5208,0.3260
50.711000,9.2092,0.3496
50.712000,9.2268,0.3496
50.712000,8.5895,0.3676
50.713000,8.6054,0.3676
50.714000,8.6184,0.3676
50.715000,8.6285,0.3676
50.716000,8.6358,0.3677
50.717000,8.6402,0.3677
50.718000,8.6417,0.3677
50.719000,8.6402,0.3677
50.720000,8.6356,0.3677
50.721000,8.6599,0.3677
50.722000,8.6811,0.3678
50.723000,8.6991,0.3678
50.724000,8.7141,0.3678
50.725000,8.7259,0.3678
50.726000,8.7347,0.3679
50.727000,8.7403,0.3679
50.728000,8.7428,0.3679
50.729000,8.7422,0.3679
50.730000,8.7384,0.3679
50.736000,8.8408,0.3681
50.740000,8.8466,0.3683
50.741000,8.8716,0.3683
50.742000,8.8934,0.3684
50.743000,8.9122,0.3684
50.744000,8.9278,0.3684
50.745000,8.9404,0.3685
50.746000,8.9498,0.3685
50.747000,8.9562,0.3686
50.778000,8.6593,0.3765
50.779000,8.6514,0.3765
50.782000,8.5974,0.3766
50.783000,8.5760,0.3766
50.784000,8.5562,0.3766
50.785000,8.5381,0.3767
50.786000,8.5218,0.3767
50.787000,8.5073,0.3767
50.788000,8.4946,0.3768
50.789000,8.4837,0.3768
50.790000,8.4747,0.3768
50.803000,8.1868,0.3776
50.804000,8.1572,0.3777
50.804000,8.3655,0.3844
50.805000,8.3577,0.3844
50.806000,8.3530,0.3845
50.807000,8.3517,0.3845
50.808000,8.3538,0.3846
50.809000,8.3595,0.3846
50.810000,8.3690,0.3846
50.818000,8.2526,0.3847
50.828000,8.1039,0.3850
50.829000,8.1066,0.3850
50.830000,8.1148,0.3851
50.831000,8.0722,0.3851
50.832000,8.0350,0.3852
50.833000,8.0033,0.3852
50.834000,7.9771,0.3853
50.851000,8.5209,0.3885
50.852000,8.5038,0.3885
50.853000,8.4922,0.3886
50.854000,8.4861,0.3886
50.855000,8.4856,0.3887
50.856000,8.4906,0.3887
50.857000,8.5013,0.3888
50.858000,8.5178,0.3888
50.859000,8.5400,0.3888
50.860000,8.5681,0.3889
50.861000,8.5424,0.3889
50.862000,8.5225,0.3889
50.863000,8.5086,0.3889
50.864000,8.5006,0.3890
50.865000,8.4986,0.3890
50.866000,8.5025,0.3890
50.867000,8.5125,0.3890
50.868000,8.5285,0.3890
50.869000,8.5505,0.3891
50.870000,8.5785,0.3891
50.871000,8.5528,0.3891
50.872000,8.5330,0.3891
50.873000,8.5193,0.3891
50.874000,8.5115,0.3891
50.875000,8.5098,0.3892
50.876000,8.5141,0.3892
50.877000,8.5244,0.3892
50.878000,8.5407,0.3892
50.879000,8.5629,0.3893
50.880000,8.5912,0.3893
50.881000,8.5662,0.3893
50.882000,8.5472,0.3894
50.883000,8.5341,0.3894
50.884000,8.5270,0.3894
50.885000,8.5259,0.3895
50.886000,8.5307,0.3895
50.887000,8.5415,0.3895
50.888000,8.5583,0.3895
50.889000,8.5810,0.3896
50.903000,8.9080,0.3891
50.927000,8.8664,0.3996
50.928000,8.8870,0.3996
50.929000,8.9133,0.3997
50.930000,8.9455,0.3997
50.931000,8.9263,0.3997
50.932000,8.9128,0.3998
50.933000,8.9051,0.3999
50.934000,8.9031,0.3999
50.935000,8.9068,0.4000
50.936000,8.9162,0.4000
50.937000,8.9314,0.4001
50.938000,8.9522,0.4002
50.939000,8.9787,0.4002
50.940000,9.0109,0.4003
50.941000,8.9923,0.4003
50.942000,8.9794,0.4004
50.943000,8.9722,0.4004
50.944000,8.9706,0.4005
50.945000,8.9747,0.4005
50.965000,9.1202,0.4012
50.966000,9.1305,0.4012
50.967000,9.1464,0.4013
50.968000,9.1677,0.4013
50.969000,9.1946,0.4014
50.970000,9.2270,0.4014
50.971000,9.2101,0.4014
50.972000,9.1987,0.4014
50.973000,9.1928,0.4015
50.974000,9.1924,0.4015
50.975000,9.1975,0.4015
50.976000,9.2081,0.4016
50.977000,9.2241,0.4016
50.978000,9.2456,0.4017
50.979000,9.2725,0.4017
50.980000,9.3049,0.4017
50.981000,9.2887,0.4017
50.982000,9.2779,0.4018
50.983000,9.2726,0.4018
50.984000,9.2727,0.4018
50.985000,9.2781,0.4018
50.986000,9.2890,0.4018
50.987000,9.3053,0.4019
50.988000,9.3270,0.4019
50.989000,9.3540,0.4019
50.990000,9.3865,0.4020
50.991000,9.3709,0.4020
50.992000,9.3607,0.4021
50.993000,9.3558,0.4021
50.994000,9.3563,0.4021
50.995000,9.3622,0.4022
50.996000,9.3734,0.4022
50.997000,9.3899,0.4022
50.998000,9.4117,0.4022
50.999000,9.4389,0.4023
51.000000,9.4714,0.4023
51.001000,9.4564,0.4023
51.002000,9.4466,0.4024
51.003000,9.4422,0.4024
51.004000,9.4431,0.4025
51.005000,9.4492,0.4025
51.006000,9.4607,0.4026
51.007000,9.4774,0.4026
51.008000,9.4994,0.4027
51.009000,9.5267,0.4027
51.010000,9.5592,0.4027
51.011000,9.5447,0.4028
51.012000,9.5354,0.4028
51.013000,9.5314,0.4028
51.014000,9.5327,0.4028
51.015000,9.5392,0.4028
51.016000,9.5508,0.4028
51.017000,9.5677,0.4028
51.017000,9.0222,0.4034
51.017000,8.6711,0.4045
51.018000,8.6894,0.4045
51.019000,8.7129,0.4045
51.020000,8.7417,0.4046
51.021000,8.7235,0.4046
51.022000,8.7105,0.4046
51.023000,8.7028,0.4047
51.024000,8.7003,0.4047
51.025000,8.7030,0.4047
51.026000,8.7110,0.4048
51.027000,8.7242,0.4048
51.028000,8.7426,0.4049
51.029000,8.7662,0.4049
51.030000,8.7950,0.4049
51.031000,8.7773,0.4050
51.032000,8.7648,0.4050
51.033000,8.7575,0.4051
51.034000,8.7554,0.4051
51.035000,8.7584,0.4051
51.036000,8.7666,0.4052
51.037000,8.7800,0.4052
51.038000,8.7986,0.4053
51.039000,8.8223,0.4053
51.040000,8.8511,0.4053
51.041000,8.8340,0.4053
51.042000,8.8219,0.4054
51.043000,8.8150,0.4054
51.044000,8.8133,0.4054
51.045000,8.8166,0.4055
51.046000,8.8251,0.4056
51.047000,8.8387,0.4056
51.048000,8.8574,0.4056
51.049000,8.8811,0.4057
51.050000,8.9100,0.4057
51.051000,8.8934,0.4058
51.052000,8.8818,0.4058
51.053000,8.8752,0.4058
51.054000,8.8738,0.4059
51.055000,8.8774,0.4059
51.056000,8.8861,0.4060
51.057000,8.8998,0.4061
51.058000,8.9186,0.4062
51.059000,8.9424,0.4062
51.060000,8.9713,0.4063
51.061000,8.9551,0.4064
51.062000,8.9439,0.4064
51.063000,8.9378,0.4065
51.064000,8.9367,0.4066
51.065000,8.9406,0.4067
51.066000,8.9495,0.4067
51.067000,8.9634,0.4068
51.068000,8.9823,0.4069
51.069000,9.0061,0.4069
51.070000,9.0350,0.4070
51.071000,9.0194,0.4070
51.072000,9.0087,0.4071
51.073000,9.0030,0.4071
51.074000,9.0023,0.4072
51.075000,9.0065,0.4073
51.076000,9.0157,0.4073
51.077000,9.0298,0.4074
51.078000,9.0488,0.4074
51.079000,9.0728,0.4074
51.080000,9.1017,0.4074
51.081000,9.0866,0.4075
51.081000,8.8072,0.4090
51.082000,8.7947,0.4090
51.083000,8.7871,0.4090
51.084000,8.7844,0.4090
51.085000,8.7867,0.4091
51.086000,8.7938,0.4091
51.087000,8.8059,0.4091
51.088000,8.8229,0.4092
51.089000,8.8447,0.4092
51.090000,8.8715,0.4092
51.091000,8.8545,0.4092
51.092000,8.8425,0.4093
51.093000,8.8352,0.4093
51.094000,8.8329,0.4093
51.095000,8.8354,0.4094
51.096000,8.8428,0.4094
51.097000,8.8551,0.4095
51.098000,8.8722,0.4095
51.099000,8.8941,0.4095
51.104000,8.8841,0.4097
51.105000,8.8869,0.4097
51.106000,8.8946,0.4098
51.107000,8.9070,0.4098
51.108000,8.9243,0.4099
51.109000,8.9463,0.4099
51.110000,8.9731,0.4099
51.111000,8.9572,0.4100
51.112000,8.9461,0.4100
51.113000,8.9397,0.4100
51.114000,8.9382,0.4101
51.115000,8.9413,0.4101
51.116000,8.9492,0.4101
51.117000,8.9619,0.4102
51.118000,8.9793,0.4102
51.119000,9.0014,0.4102
51.121000,9.0130,0.4103
51.122000,9.0024,0.4103
51.123000,8.9965,0.4104
51.124000,8.9953,0.4104
51.125000,8.9988,0.4104
51.126000,9.0070,0.4105
51.127000,9.0199,0.4105
51.128000,9.0374,0.4105
51.129000,9.0597,0.4105
51.130000,9.0866,0.4106
51.131000,9.0721,0.4106
51.132000,9.0622,0.4106
51.133000,9.0570,0.4107
51.134000,9.0564,0.4107
51.135000,9.0604,0.4108
51.136000,9.0690,0.4109
51.137000,9.0822,0.4109
51.138000,9.1000,0.4110
51.139000,9.1223,0.4110
51.140000,9.1492,0.4111
51.141000,9.1356,0.4112
51.142000,9.1265,0.4112
51.143000,9.1220,0.4112
51.144000,9.1219,0.4113
51.145000,9.1264,0.4113
51.146000,9.1354,0.4114
51.147000,9.1489,0.4114
51.148000,9.1669,0.4115
51.149000,9.1893,0.4115
51.150000,9.2162,0.4115
51.151000,9.2034,0.4115
51.152000,9.1951,0.4115
51.153000,9.1912,0.4115
51.154000,9.1917,0.4115
51.155000,9.1967,0.4115
51.156000,9.2060,0.4115
51.157000,9.2198,0.4115
51.158000,9.2379,0.4116
51.159000,9.2605,0.4116
51.160000,9.2874,0.4116
51.161000,9.2754,0.4116
51.162000,9.2679,0.4116
51.163000,9.2647,0.4116
51.164000,9.2658,0.4117
51.165000,9.2712,0.4117
51.166000,9.2809,0.4117
51.167000,9.2950,0.4117
51.168000,9.3133,0.4118
51.169000,9.3359,0.4118
51.170000,9.3627,0.4118
51.171000,9.3526,0.4119
51.172000,9.3467,0.4119
51.173000,9.3450,0.4120
51.174000,9.3474,0.4120
51.175000,9.3540,0.4121
51.176000,9.3646,0.4121
51.177000,9.3794,0.4122
51.178000,9.3982,0.4122
51.179000,9.4211,0.4123
51.179000,8.8681,0.4126
51.180000,8.8932,0.4126
51.180000,9.2625,0.4153
51.181000,9.2497,0.4154
51.182000,9.2411,0.4154
51.183000,9.2364,0.4154
51.184000,9.2359,0.4155
51.185000,9.2393,0.4155
51.186000,9.2467,0.4156
51.187000,9.2581,0.4156
51.188000,9.2734,0.4156
51.189000,9.2928,0.4156
51.190000,9.3160,0.4157
51.191000,9.3050,0.4157
51.192000,9.2979,0.4157
51.193000,9.2947,0.4157
51.194000,9.2953,0.4158
51.195000,9.2998,0.4158
51.196000,9.3080,0.4159
51.197000,9.3200,0.4159
51.198000,9.3358,0.4159
51.199000,9.3553,0.4159
51.200000,9.3785,0.4160
51.201000,9.3732,0.4160
51.202000,9.3716,0.4160
51.203000,9.3737,0.4161
51.204000,9.3793,0.4162
51.205000,9.3882,0.4162
51.206000,9.4001,0.4163
51.207000,9.4150,0.4164
51.208000,9.4327,0.4164
51.209000,9.4531,0.4165
51.210000,9.4759,0.4165
51.211000,9.4820,0.4165
51.212000,9.4904,0.4166
51.213000,9.5011,0.4166
51.214000,9.5139,0.4167
51.215000,9.5288,0.4167
51.216000,9.5457,0.4167
51.217000,9.5644,0.4167
51.218000,9.5850,0.4168
51.219000,9.6074,0.4168
51.220000,9.6314,0.4168
51.221000,9.6466,0.4168
51.222000,9.6634,0.4168
51.223000,9.6818,0.4169
51.224000,9.7016,0.4169
51.225000,9.7225,0.4169
51.226000,9.7444,0.4170
51.227000,9.7670,0.4170
51.228000,9.7903,0.4170
51.229000,9.8140,0.4170
51.230000,9.8382,0.4171
51.231000,9.8647,0.4171
51.232000,9.8914,0.4171
51.233000,9.9183,0.4172
51.234000,9.9452,0.4172
51.235000,9.9720,0.4173
51.236000,9.9986,0.4173
51.237000,10.0250,0.4173
51.238000,10.0511,0.4174
51.239000,10.0768,0.4174
51.240000,10.1021,0.4174
51.241000,10.1346,0.4175
51.242000,10.1666,0.4175
51.243000,10.1980,0.4175
51.244000,10.2287,0.4175
51.245000,10.2588,0.4176
51.246000,10.2880,0.4176
51.247000,10.3164,0.4176
51.248000,10.3438,0.4177
51.249000,10.3704,0.4177
51.250000,10.3959,0.4178
51.251000,10.4328,0.4178
51.252000,10.4686,0.4178
51.252000,10.2183,0.4231
51.253000,10.2498,0.4231
51.253000,9.3530,0.4270
51.254000,9.3688,0.4270
51.255000,9.3839,0.4271
51.256000,9.3983,0.4271
51.257000,9.4119,0.4272
51.258000,9.4246,0.4272
51.259000,9.4364,0.4273
51.260000,9.4473,0.4273
51.261000,9.4695,0.4274
51.262000,9.4907,0.4274
51.263000,9.5108,0.4274
51.264000,9.5297,0.4275
51.265000,9.5474,0.4275
51.266000,9.5638,0.4275
51.267000,9.5789,0.4275
51.268000,9.5928,0.4276
51.292000,9.1716,0.4275
51.293000,9.1870,0.4275
51.294000,9.2005,0.4276
51.295000,9.2121,0.4276
51.296000,9.2217,0.4277
51.296000,8.7082,0.4292
51.297000,8.7103,0.4293
51.298000,8.7106,0.4293
51.299000,8.7089,0.4294
51.300000,8.7053,0.4294
51.301000,8.7225,0.4295
51.302000,8.7377,0.4295
51.324000,8.9770,0.4304
51.325000,8.9904,0.4305
51.326000,9.0007,0.4305
51.327000,9.0077,0.4305
51.328000,9.0116,0.4305
51.329000,9.0123,0.4306
51.330000,9.0099,0.4306
51.331000,9.0369,0.4307
51.332000,9.0608,0.4307
51.333000,9.0816,0.4308
51.334000,9.0991,0.4308
51.335000,9.1134,0.4309
51.336000,9.1246,0.4309
51.337000,9.1325,0.4309
51.338000,9.1370,0.4310
51.339000,9.1381,0.4310
51.340000,9.1356,0.4311
51.341000,9.1687,0.4311
51.342000,9.1980,0.4311
51.343000,9.2235,0.4312
51.344000,9.2452,0.4312
51.345000,9.2629,0.4313
51.346000,9.2768,0.4313
51.347000,9.2868,0.4314
51.348000,9.2929,0.4314
51.349000,9.2951,0.4315
51.350000,9.2934,0.4316
51.351000,9.3274,0.4316
51.352000,9.3575,0.4316
51.353000,9.3836,0.4317
51.354000,9.4057,0.4317
51.355000,9.4239,0.4317
51.356000,9.4382,0.4318
51.357000,9.4485,0.4319
51.358000,9.4550,0.4319
51.359000,9.4575,0.4319
51.360000,9.4562,0.4319
51.361000,9.4899,0.4320
51.362000,9.5196,0.4320
51.363000,9.5455,0.4321
51.364000,9.5674,0.4321
51.365000,9.5854,0.4321
51.366000,9.5996,0.4321
51.367000,9.6098,0.4321
51.368000,9.6162,0.4322
51.369000,9.6188,0.4322
51.370000,9.6176,0.4323
51.371000,9.6509,0.4323
51.372000,9.6804,0.4323
51.373000,9.7060,0.4324
51.374000,9.7279,0.4324
51.375000,9.7459,0.4325
51.376000,9.7600,0.4325
51.377000,9.7704,0.4325
51.378000,9.7769,0.4325
51.379000,9.7795,0.4326
51.379000,8.9151,0.4361
51.380000,8.9040,0.4361
51.380000,8.4579,0.4336
51.381000,8.4779,0.4337
51.382000,8.4939,0.4337
51.383000,8.5058,0.4337
51.384000,8.5137,0.4337
51.385000,8.5175,0.4338
51.386000,8.5173,0.4338
51.387000,8.5130,0.4338
51.388000,8.5047,0.4339
51.389000,8.4923,0.4339
51.390000,8.4760,0.4339
51.391000,8.4966,0.4340
51.397000,8.5355,0.4343
51.398000,8.5275,0.4343
51.402000,8.5413,0.4346
51.403000,8.5561,0.4346
51.404000,8.5665,0.4346
51.405000,8.5724,0.4346
51.412000,8.5781,0.4350
51.413000,8.5925,0.4351
51.414000,8.6026,0.4351
51.415000,8.6083,0.4352
51.416000,8.6096,0.4352
51.417000,8.6065,0.4353
51.418000,8.5991,0.4353
51.419000,8.5873,0.4354
51.420000,8.5712,0.4355
51.421000,8.5936,0.4355
51.422000,8.6117,0.4356
51.423000,8.6255,0.4356
51.424000,8.6349,0.4357
51.425000,8.6401,0.4357
51.426000,8.6409,0.4358
51.427000,8.6374,0.4358
51.428000,8.6297,0.4359
51.429000,8.6178,0.4359
51.430000,8.6016,0.4359
51.431000,8.6230,0.4360
51.432000,8.6401,0.4360
51.433000,8.6531,0.4360
51.434000,8.6618,0.4360
51.435000,8.6663,0.4361
51.436000,8.6666,0.4361
51.437000,8.6628,0.4362
51.438000,8.6547,0.4362
51.439000,8.6425,0.4363
51.440000,8.6261,0.4363
51.441000,8.6465,0.4364
51.442000,8.6628,0.4364
51.443000,8.6749,0.4364
51.444000,8.6829,0.4365
51.445000,8.6868,0.4365
51.446000,8.6866,0.4365
51.446000,8.2878,0.4345
51.447000,8.2811,0.4345
51.448000,8.2704,0.4345
51.449000,8.2554,0.4345
51.450000,8.2363,0.4345
51.451000,8.2539,0.4345
51.452000,8.2674,0.4345
51.453000,8.2767,0.4345
51.454000,8.2819,0.4344
51.455000,8.2831,0.4344
51.456000,8.2801,0.4344
51.457000,8.2730,0.4345
51.458000,8.2618,0.4345
51.459000,8.2466,0.4345
51.460000,8.2273,0.4345
51.460000,7.8261,0.4299
51.461000,7.8432,0.4299
51.462000,7.8563,0.4299
51.463000,7.8653,0.4299
51.464000,7.8703,0.4299
51.465000,7.8713,0.4299
51.466000,7.8682,0.4299
51.467000,7.8610,0.4299
51.468000,7.8499,0.4299
51.469000,7.8347,0.4300
51.470000,7.8156,0.4300
51.471000,7.8318,0.4300
51.472000,7.8440,0.4300
51.473000,7.8523,0.4300
51.474000,7.8566,0.4300
51.475000,7.8569,0.4301
51.476000,7.8533,0.4301
51.477000,7.8458,0.4302
51.478000,7.8343,0.4302
51.479000,7.8188,0.4302
51.480000,7.7995,0.4302
51.480000,7.3868,0.4288
51.481000,7.4029,0.4288
51.482000,7.4150,0.4289
51.483000,7.4232,0.4289
51.484000,7.4275,0.4290
51.485000,7.4279,0.4290
51.486000,7.4243,0.4290
51.487000,7.4168,0.4291
51.488000,7.4055,0.4291
51.489000,7.3903,0.4291
51.490000,7.3711,0.4291
51.491000,7.3864,0.4291
51.492000,7.3977,0.4291
51.493000,7.4052,0.4291
51.494000,7.4089,0.4292
51.495000,7.4087,0.4292
51.496000,7.4047,0.4292
51.497000,7.3968,0.4292
51.498000,7.3851,0.4292
51.499000,7.3696,0.4292
51.500000,7.3503,0.4293
51.501000,7.3646,0.4293
51.502000,7.3752,0.4293
51.503000,7.3820,0.4294
51.504000,7.3850,0.4294
51.505000,7.3842,0.4294
51.506000,7.3797,0.4295
51.507000,7.3713,0.4295
51.508000,7.3593,0.4296
51.509000,7.3435,0.4296
51.510000,7.3239,0.4296
51.510000,7.3054,0.4252
51.511000,7.3203,0.4252
51.512000,7.3314,0.4252
51.513000,7.3389,0.4253
51.514000,7.3425,0.4253
51.515000,7.3424,0.4253
51.516000,7.3385,0.4253
51.517000,7.3308,0.4254
51.518000,7.3193,0.4254
51.519000,7.3040,0.4255
51.520000,7.2850,0.4255
51.521000,7.2996,0.4256
51.522000,7.3104,0.4257
51.523000,7.3175,0.4257
51.532000,7.2858,0.4260
51.533000,7.2922,0.4261
51.534000,7.2949,0.4262
51.535000,7.2939,0.4262
51.536000,7.2893,0.4263
51.537000,7.2809,0.4263
51.538000,7.2689,0.4264
51.539000,7.2531,0.4264
51.540000,7.2338,0.4265
51.541000,7.2468,0.4266
51.542000,7.2562,0.4266
51.543000,7.2619,0.4267
51.544000,7.2640,0.4267
51.545000,7.2625,0.4268
51.546000,7.2573,0.4268
51.547000,7.2485,0.4269
51.548000,7.2361,0.4269
51.549000,7.2200,0.4270
51.550000,7.2004,0.4270
51.551000,7.2127,0.4271
51.552000,7.2214,0.4271
51.553000,7.2266,0.4271
51.554000,7.2282,0.4272
51.555000,7.2262,0.4273
51.556000,7.2206,0.4273
51.557000,7.2114,0.4274
51.558000,7.1987,0.4274
51.559000,7.1824,0.4275
51.560000,7.1626,0.4275
51.561000,7.1743,0.4276
51.562000,7.1824,0.4276
51.563000,7.1871,0.4276
51.564000,7.1882,0.4276
51.565000,7.1857,0.4277
51.566000,7.1797,0.4277
51.567000,7.1702,0.4277
51.568000,7.1572,0.4277
51.569000,7.1406,0.4277
51.570000,7.1205,0.4278
51.571000,7.1317,0.4278
51.572000,7.1393,0.4278
51.573000,7.1434,0.4278
51.574000,7.1440,0.4279
51.575000,7.1412,0.4279
51.576000,7.1348,0.4279
51.577000,7.1249,0.4279
51.578000,7.1116,0.4279
51.579000,7.0947,0.4279
51.580000,7.0744,0.4280
51.580000,6.6775,0.4267
51.580000,6.8338,0.4167
51.580000,6.9470,0.4100
51.581000,6.9601,0.4100
51.582000,6.9697,0.4100
51.583000,6.9758,0.4101
51.584000,6.9782,0.4101
51.585000,6.9771,0.4101
51.586000,6.9725,0.4101
51.587000,6.9642,0.4101
51.588000,6.9524,0.4101
51.589000,6.9371,0.4101
51.590000,6.9182,0.4101
51.591000,6.9308,0.4102
51.592000,6.9399,0.4102
51.593000,6.9454,0.4102
51.594000,6.9474,0.4102
51.595000,6.9460,0.4103
51.596000,6.9409,0.4103
51.597000,6.9324,0.4103
51.598000,6.9204,0.4104
51.599000,6.9049,0.4104
51.600000,6.8858,0.4105
51.601000,6.8980,0.4105
51.602000,6.9067,0.4105
51.603000,6.9119,0.4105
51.604000,6.9137,0.4106
51.605000,6.9119,0.4106
51.605000,6.9480,0.4056
51.606000,6.9436,0.4057
51.607000,6.9357,0.4057
51.608000,6.9244,0.4058
51.609000,6.9094,0.4058
51.610000,6.8910,0.4059
51.611000,6.9042,0.4059
51.612000,6.9138,0.4060
51.613000,6.9199,0.4060
51.614000,6.9225,0.4061
51.615000,6.9216,0.4061
51.616000,6.9172,0.4062
51.617000,6.9093,0.4062
51.618000,6.8979,0.4062
51.619000,6.8829,0.4062
51.620000,6.8645,0.4063
51.621000,6.8772,0.4063
51.622000,6.8866,0.4064
51.623000,6.8924,0.4064
51.624000,6.8947,0.4065
51.625000,6.8936,0.4065
51.626000,6.8890,0.4066
51.627000,6.8809,0.4067
51.628000,6.8693,0.4067
51.628000,7.1250,0.3994
51.629000,7.1106,0.3994
51.630000,7.0926,0.3995
51.631000,7.1059,0.3995
51.632000,7.1157,0.3996
51.633000,7.1220,0.3996
51.634000,7.1248,0.3997
51.635000,7.1242,0.3997
51.636000,7.1201,0.3998
51.637000,7.1124,0.3998
51.638000,7.1014,0.3999
51.639000,7.0868,0.3999
51.640000,7.0688,0.4000
51.641000,7.0816,0.4000
51.642000,7.0909,0.4000
51.643000,7.0968,0.4000
51.644000,7.0992,0.4000
51.645000,7.0982,0.4000
51.646000,7.0938,0.4001
51.647000,7.0860,0.4001
51.648000,7.0747,0.4001
51.649000,7.0600,0.4001
51.650000,7.0419,0.4001
51.651000,7.0542,0.4002
51.652000,7.0631,0.4002
51.653000,7.0686,0.4002
51.654000,7.0707,0.4002
51.655000,7.0694,0.4003
51.656000,7.0647,0.4003
51.657000,7.0567,0.4003
51.657000,6.9920,0.3937
51.658000,6.9812,0.3937
51.659000,6.9669,0.3938
51.660000,6.9493,0.3938
51.661000,6.9620,0.3939
51.662000,6.9714,0.3939
51.663000,6.9774,0.3939
51.664000,6.9800,0.3940
51.665000,6.9792,0.3940
51.666000,6.9750,0.3941
51.667000,6.9675,0.3941
51.668000,6.9565,0.3941
51.669000,6.9422,0.3941
51.670000,6.9245,0.3941
51.671000,6.9370,0.3942
51.672000,6.9461,0.3942
51.676000,6.9489,0.3943
51.677000,6.9412,0.3943
51.695000,6.9426,0.3891
51.696000,6.9387,0.3892
51.697000,6.9315,0.3892
51.698000,6.9209,0.3892
51.735000,6.8372,0.3905
51.736000,6.8327,0.3906
51.737000,6.8250,0.3907
51.738000,6.8141,0.3907
51.739000,6.8001,0.3908
51.740000,6.7828,0.3908
51.741000,6.7940,0.3909
51.757000,6.7628,0.3915
51.758000,6.7518,0.3915
51.759000,6.7377,0.3915
51.760000,6.7204,0.3915
51.761000,6.7311,0.3915
51.791000,6.5305,0.3930
51.792000,6.5395,0.3930
51.793000,6.5453,0.3931
51.794000,6.5482,0.3931
51.795000,6.5480,0.3931
51.812000,5.9723,0.3933
51.813000,5.9782,0.3934
51.814000,5.9811,0.3934
51.827000,5.9568,0.3937
51.828000,5.9479,0.3937
51.829000,5.9361,0.3938
51.830000,5.9213,0.3938
51.831000,5.9331,0.3938
51.832000,5.9420,0.3939
51.833000,5.9479,0.3939
51.834000,5.9509,0.3940
51.835000,5.9509,0.3940
51.836000,5.9481,0.3941
51.837000,5.9423,0.3941
51.838000,5.9335,0.3941
51.838000,5.6818,0.3914
51.839000,5.6703,0.3914
51.840000,5.6558,0.3915
51.841000,5.6677,0.3915
51.842000,5.6766,0.3916
51.843000,5.6827,0.3916
51.844000,5.6858,0.3917
51.845000,5.6861,0.3917
51.846000,5.6834,0.3918
51.847000,5.6779,0.3918
51.848000,5.6694,0.3918
51.849000,5.6581,0.3919
51.850000,5.6438,0.3919
51.851000,5.6557,0.3920
51.852000,5.6647,0.3920
51.853000,5.6708,0.3921
51.854000,5.6741,0.3921
51.855000,5.6745,0.3922
51.856000,5.6720,0.3922
51.857000,5.6667,0.3923
51.858000,5.6585,0.3923
51.859000,5.6474,0.3924
51.880000,5.6399,0.3840
51.881000,5.6517,0.3841
51.882000,5.6607,0.3841
51.883000,5.6669,0.3841
51.884000,5.6703,0.3842
51.885000,5.6710,0.3842
51.902000,5.5614,0.3749
51.904000,5.5708,0.3749
51.905000,5.5715,0.3750
51.906000,5.5693,0.3750
51.907000,5.5645,0.3750
51.908000,5.5569,0.3750
51.909000,5.5466,0.3751
51.910000,5.5336,0.3751
51.911000,5.5452,0.3751
51.912000,5.5540,0.3751
51.913000,5.5602,0.3751
51.914000,5.5637,0.3752
51.915000,5.5644,0.3752
51.916000,5.5625,0.3753
51.917000,5.5578,0.3753
51.918000,5.5505,0.3753
51.919000,5.5404,0.3754
51.920000,5.5277,0.3754
51.920000,5.4064,0.3779
51.921000,5.4186,0.3779
51.922000,5.4280,0.3779
51.923000,5.4348,0.3780
51.924000,5.4388,0.3780
51.925000,5.4403,0.3780
51.926000,5.4390,0.3781
51.927000,5.4351,0.3781
51.928000,5.4286,0.3781
51.929000,5.4193,0.3782
51.930000,5.4075,0.3782
51.931000,5.4196,0.3782
51.932000,5.4291,0.3782
51.933000,5.4360,0.3782
51.934000,5.4402,0.3783
51.935000,5.4418,0.3783
51.936000,5.4408,0.3784
51.937000,5.4371,0.3784
51.938000,5.4308,0.3785
51.939000,5.4219,0.3785
51.940000,5.4104,0.3785
51.941000,5.4226,0.3786
51.942000,5.4323,0.3786
51.943000,5.4393,0.3787
51.944000,5.4437,0.3787
51.945000,5.4455,0.3788
51.946000,5.4447,0.3788
51.947000,5.4413,0.3789
51.948000,5.4354,0.3789
51.949000,5.4269,0.3790
51.950000,5.4158,0.3791
51.950000,5.2062,0.3727
51.951000,5.2180,0.3727
51.952000,5.2273,0.3728
51.953000,5.2340,0.3729
51.954000,5.2381,0.3729
51.955000,5.2396,0.3730
51.956000,5.2385,0.3731
51.956000,5.0248,0.3727
51.957000,5.0213,0.3728
51.958000,5.0153,0.3728
51.959000,5.0067,0.3729
51.960000,4.9955,0.3729
51.961000,5.0076,0.3729
51.962000,5.0171,0.3730
51.963000,5.0241,0.3730
51.964000,5.0285,0.3730
51.965000,5.0304,0.3731
51.966000,5.0297,0.3731
51.967000,5.0266,0.3732
51.968000,5.0209,0.3732
51.969000,5.0127,0.3732
51.970000,5.0019,0.3732
51.971000,5.0141,0.3733
51.972000,5.0238,0.3733
51.973000,5.0310,0.3734
51.974000,5.0356,0.3734
51.975000,5.0378,0.3734
51.976000,5.0375,0.3735
51.977000,5.0346,0.3736
51.978000,5.0293,0.3736
51.978000,5.0156,0.3701
51.979000,5.0080,0.3701
51.980000,4.9979,0.3702
51.981000,5.0105,0.3702
51.982000,5.0205,0.3702
51.983000,5.0281,0.3703
51.984000,5.0332,0.3703
51.985000,5.0358,0.3704
51.986000,5.0360,0.3704
51.987000,5.0337,0.3705
51.988000,5.0289,0.3705
51.989000,5.0217,0.3706
51.990000,5.0121,0.3706
51.991000,5.0247,0.3707
51.992000,5.0349,0.3707
51.993000,5.0427,0.3707
51.994000,5.0480,0.3708
51.995000,5.0509,0.3708
51.996000,5.0514,0.3708
51.997000,5.0494,0.3708
51.998000,5.0451,0.3708
51.999000,5.0383,0.3708
52.000000,5.0291,0.3709
52.001000,5.0419,0.3709
52.002000,5.0523,0.3709
52.003000,5.0603,0.3710
52.004000,5.0659,0.3710
52.005000,5.0691,0.3710
52.006000,5.0699,0.3711
52.007000,5.0683,0.3711
52.028000,4.9552,0.3559
52.029000,4.9486,0.3559
52.030000,4.9397,0.3560
52.031000,4.9521,0.3560
52.032000,4.9621,0.3560
52.033000,4.9698,0.3560
52.034000,4.9751,0.3560
52.072000,5.0582,0.3571
52.083000,5.0995,0.3573
52.084000,5.1062,0.3573
52.085000,5.1108,0.3573
52.086000,5.1133,0.3574
52.127000,5.2860,0.3592
52.128000,5.2862,0.3593
52.129000,5.2845,0.3593
52.130000,5.2809,0.3593
52.131000,5.2950,0.3594
52.132000,5.3073,0.3594
52.133000,5.3175,0.3594
52.134000,5.3259,0.3595
52.135000,5.3323,0.3595
52.136000,5.3369,0.3596
52.137000,5.3395,0.3596
52.138000,5.3403,0.3596
52.139000,5.3392,0.3597
52.140000,5.3362,0.3597
52.141000,5.3506,0.3598
52.142000,5.3630,0.3598
52.143000,5.3735,0.3599
52.144000,5.3822,0.3599
52.145000,5.3890,0.3599
52.154000,5.4423,0.3602
52.155000,5.4494,0.3603
52.156000,5.4548,0.3603
52.157000,5.4583,0.3604
52.158000,5.4600,0.3604
52.159000,5.4599,0.3605
52.160000,5.4581,0.3605
52.161000,5.4728,0.3606
52.162000,5.4857,0.3606
52.163000,5.4968,0.3607
52.164000,5.5061,0.3607
52.165000,5.5136,0.3607
52.180000,4.6590,0.3220
52.181000,4.6722,0.3220
52.182000,4.6835,0.3220
52.207000,4.8180,0.3229
52.208000,4.8192,0.3229
52.209000,4.8187,0.3229
52.210000,4.8164,0.3229
52.211000,4.8301,0.3229
52.232000,4.9588,0.3232
52.233000,4.9671,0.3232
52.234000,4.9737,0.3233
52.235000,4.9786,0.3233
52.236000,4.9820,0.3234
52.254000,4.8892,0.3242
52.255000,4.8758,0.3242
52.256000,4.8646,0.3243
52.257000,4.8558,0.3243
52.258000,4.8493,0.3244
52.259000,4.8454,0.3244
52.260000,4.8441,0.3245
52.260000,4.4904,0.3228
52.261000,4.4632,0.3228
52.262000,4.4389,0.3229
52.262000,4.0962,0.3086
52.263000,4.0830,0.3086
52.264000,4.0724,0.3086
52.265000,4.0647,0.3087
52.266000,4.0600,0.3087
52.267000,4.0583,0.3088
52.268000,4.0598,0.3088
52.269000,4.0645,0.3088
52.270000,4.0724,0.3089
52.271000,4.0492,0.3089
52.272000,4.0296,0.3089
52.273000,4.0135,0.3090
52.274000,4.0009,0.3091
52.275000,3.9918,0.3091
52.276000,3.9861,0.3092
52.277000,3.9837,0.3092
52.278000,3.9846,0.3093
52.279000,3.9887,0.3093
52.280000,3.9961,0.3093
52.281000,3.9705,0.3094
52.282000,3.9483,0.3094
52.283000,3.9297,0.3095
52.284000,3.9144,0.3095
52.285000,3.9025,0.3096
52.286000,3.8944,0.3096
52.287000,3.8902,0.3097
52.288000,3.8901,0.3097
52.289000,3.8942,0.3098
52.290000,3.9027,0.3098
52.291000,3.8665,0.3099
52.292000,3.8356,0.3099
52.293000,3.8099,0.3100
52.294000,3.7893,0.3100
52.295000,3.7736,0.3100
52.296000,3.7627,0.3100
52.297000,3.7564,0.3100
52.298000,3.7548,0.3100
52.299000,3.7576,0.3100
52.300000,3.7648,0.3100
52.301000,3.7324,0.3100
52.302000,3.7053,0.3100
52.303000,3.6833,0.3100
52.304000,3.6662,0.3100
52.305000,3.6536,0.3100
52.306000,3.6454,0.3100
52.306000,4.0638,0.2955
52.307000,4.0748,0.2955
52.308000,4.0913,0.2955
52.309000,4.1134,0.2956
52.310000,4.1411,0.2956
52.311000,4.1187,0.2956
52.312000,4.1021,0.2956
52.313000,4.0912,0.2956
52.314000,4.0858,0.2956
52.315000,4.0860,0.2957
52.316000,4.0915,0.2957
52.317000,4.1024,0.2957
52.318000,4.1187,0.2957
52.319000,4.1404,0.2958
52.320000,4.1674,0.2958
52.321000,4.1462,0.2959
52.322000,4.1306,0.2959
52.323000,4.1205,0.2959
52.324000,4.1157,0.2960
52.325000,4.1162,0.2960
52.326000,4.1220,0.2960
52.327000,4.1329,0.2961
52.328000,4.1490,0.2961
52.329000,4.1703,0.2962
52.330000,4.1968,0.2962
52.331000,4.1768,0.2962
52.332000,4.1621,0.2962
52.333000,4.1527,0.2963
52.334000,4.1485,0.2963
52.335000,4.1494,0.2963
52.336000,4.1553,0.2963
52.337000,4.1662,0.2963
52.338000,4.1820,0.2963
52.339000,4.2029,0.2964
52.340000,4.2287,0.2964
52.341000,4.2099,0.2964
52.342000,4.1962,0.2965
52.343000,4.1876,0.2965
52.344000,4.1840,0.2965
52.345000,4.1852,0.2966
52.346000,4.1913,0.2966
52.347000,4.2022,0.2966
52.348000,4.2179,0.2966
52.349000,4.2383,0.2967
52.350000,4.2636,0.2967
52.351000,4.2459,0.2967
52.351000,3.7403,0.2857
52.352000,3.7277,0.2857
52.353000,3.7198,0.2857
52.354000,3.7165,0.2858
52.355000,3.7177,0.2858
52.356000,3.7234,0.2859
52.357000,3.7335,0.2859
52.358000,3.7480,0.2860
52.359000,3.7669,0.2860
52.360000,3.7903,0.2860
52.361000,3.7739,0.2860
52.361000,3.4631,0.2740
52.362000,3.4491,0.2740
52.363000,3.4398,0.2740
52.364000,3.4352,0.2740
52.365000,3.4352,0.2740
52.366000,3.4396,0.2740
52.367000,3.4486,0.2740
52.368000,3.4619,0.2740
52.369000,3.4798,0.2740
52.370000,3.5021,0.2740
52.371000,3.4843,0.2740
52.372000,3.4712,0.2740
52.373000,3.4627,0.2740
52.374000,3.4586,0.2740
52.375000,3.4589,0.2740
52.376000,3.4635,0.2740
52.377000,3.4724,0.2740
52.378000,3.4855,0.2741
52.379000,3.5029,0.2741
52.380000,3.5246,0.2741
52.381000,3.5079,0.2741
52.382000,3.4957,0.2741
52.383000,3.4880,0.2741
52.384000,3.4844,0.2742
52.385000,3.4851,0.2742
52.386000,3.4898,0.2742
52.387000,3.4986,0.2742
52.388000,3.5115,0.2743
52.389000,3.5285,0.2743
52.390000,3.5496,0.2744
52.391000,3.5340,0.2744
52.392000,3.5227,0.2745
52.393000,3.5155,0.2745
52.394000,3.5125,0.2746
52.395000,3.5134,0.2746
52.396000,3.5182,0.2746
52.397000,3.5269,0.2746
52.398000,3.5395,0.2747
52.399000,3.5561,0.2747
52.400000,3.5766,0.2748
52.401000,3.5618,0.2748
52.402000,3.5512,0.2748
52.403000,3.5446,0.2748
52.404000,3.5419,0.2749
52.405000,3.5430,0.2749
52.406000,3.5478,0.2749
52.407000,3.5564,0.2750
52.408000,3.5687,0.2751
52.409000,3.5847,0.2751
52.410000,3.6046,0.2751
52.411000,3.5906,0.2751
52.412000,3.5806,0.2751
52.413000,3.5745,0.2751
52.414000,3.5721,0.2752
52.415000,3.5733,0.2752
52.416000,3.5781,0.2752
52.417000,3.5865,0.2752
52.418000,3.5985,0.2752
52.419000,3.6141,0.2752
52.446000,3.4597,0.2665
52.447000,3.4666,0.2665
52.448000,3.4769,0.2666
52.449000,3.4908,0.2666
52.450000,3.5082,0.2666
52.451000,3.4942,0.2666
52.452000,3.4838,0.2666
52.453000,3.4771,0.2666
52.454000,3.4738,0.2667
52.455000,3.4738,0.2667
52.456000,3.4773,0.2667
52.457000,3.4840,0.2667
52.458000,3.4940,0.2667
52.459000,3.5074,0.2667
52.460000,3.5243,0.2667
52.461000,3.5109,0.2667
52.462000,3.5010,0.2667
52.463000,3.4945,0.2667
52.464000,3.4914,0.2667
52.465000,3.4916,0.2667
52.466000,3.4949,0.2667
52.467000,3.5014,0.2667
52.468000,3.5111,0.2667
52.469000,3.5241,0.2668
52.470000,3.5404,0.2668
52.471000,3.4552,0.2668
52.472000,3.3732,0.2668
52.473000,3.2945,0.2668
52.474000,3.2191,0.2668
52.475000,3.1469,0.2668
52.476000,3.0782,0.2668
52.477000,3.0130,0.2668
52.478000,2.9647,0.2668
52.479000,2.9535,0.2669
52.480000,2.9841,0.2669
52.481000,2.8012,0.2669
52.482000,2.6506,0.2669
52.483000,2.5273,0.2669
52.484000,2.4273,0.2670
52.485000,2.3474,0.2670
52.486000,2.2848,0.2670
52.487000,2.2373,0.2670
52.488000,2.2031,0.2670
52.489000,2.1807,0.2671
52.490000,2.1689,0.2671
52.491000,2.1281,0.2671
52.492000,2.0955,0.2671
52.493000,2.0705,0.2671
52.494000,2.0522,0.2671
52.495000,2.0402,0.2672
52.496000,2.0341,0.2672
52.497000,2.0335,0.2672
52.498000,2.0382,0.2672
52.499000,2.0481,0.2672
52.500000,2.0629,0.2672
52.500000,2.0374,0.2614
52.501000,2.0144,0.2614
52.502000,1.9966,0.2614
52.503000,1.9838,0.2614
52.504000,1.9758,0.2615
52.505000,1.9724,0.2615
52.506000,1.9736,0.2615
52.507000,1.9793,0.2615
52.508000,1.9894,0.2616
52.509000,2.0040,0.2616
52.510000,2.0230,0.2616
52.511000,2.0039,0.2616
52.512000,1.9894,0.2617
52.513000,1.9794,0.2617
52.514000,1.9736,0.2617
52.515000,1.9721,0.2618
52.516000,1.9746,0.2618
52.517000,1.9814,0.2618
52.518000,1.9922,0.2619
52.519000,2.0072,0.2619
52.520000,2.0264,0.2620
52.521000,2.0087,0.2620
52.521000,3.0211,0.2492
52.522000,3.0120,0.2492
52.523000,3.0065,0.2492
52.524000,3.0046,0.2492
52.525000,3.0061,0.2493
52.526000,3.0111,0.2493
52.527000,3.0194,0.2494
52.528000,3.0312,0.2494
52.529000,3.0464,0.2495
52.530000,3.0650,0.2495
52.531000,3.0534,0.2495
52.532000,3.0453,0.2495
52.533000,3.0408,0.2496
52.534000,3.0396,0.2496
52.535000,3.0418,0.2497
52.536000,3.0472,0.2497
52.537000,3.0559,0.2497
52.538000,3.0678,0.2498
52.539000,3.0828,0.2498
52.540000,3.1009,0.2498
52.541000,3.0111,0.2499
52.542000,2.9425,0.2499
52.543000,2.8950,0.2499
52.544000,2.8684,0.2500
52.545000,2.8615,0.2500
52.546000,2.8733,0.2500
52.547000,2.9020,0.2501
52.548000,2.9389,0.2501
52.549000,2.9614,0.2501
52.550000,2.9570,0.2502
52.551000,3.1329,0.2502
52.552000,3.3566,0.2502
52.553000,3.5857,0.2502
52.554000,3.7997,0.2503
52.555000,3.9899,0.2503
52.556000,4.1538,0.2503
52.557000,4.2917,0.2504
52.558000,4.4053,0.2504
52.559000,4.4969,0.2504
52.560000,4.5687,0.2504
52.561000,4.6582,0.2505
52.562000,4.7328,0.2505
52.563000,4.7941,0.2505
52.564000,4.8435,0.2505
52.565000,4.8821,0.2506
52.566000,4.9112,0.2506
52.567000,4.9316,0.2507
52.568000,4.9441,0.2507
52.569000,4.9495,0.2507
52.570000,4.9482,0.2507
52.571000,4.9772,0.2507
52.572000,5.0005,0.2507
52.573000,5.0184,0.2507
52.574000,5.0313,0.2507
52.575000,5.0394,0.2507
52.575000,4.4277,0.2403
52.576000,4.4289,0.2403
52.576000,11.4543,0.2303
52.577000,11.9800,0.2303
52.578000,12.5119,0.2303
52.579000,13.0496,0.2303
52.580000,13.5931,0.2303
52.581000,14.0947,0.2303
52.582000,14.6017,0.2303
52.582000,1.5072,0.2268
52.583000,1.4981,0.2268
52.584000,1.4909,0.2268
52.585000,1.4856,0.2268
52.586000,1.4821,0.2268
52.587000,1.4804,0.2268
52.588000,1.4807,0.2269
52.589000,1.4831,0.2269
52.590000,1.4876,0.2269
52.591000,1.4748,0.2269
52.592000,1.4641,0.2270
52.593000,1.4554,0.2270
52.594000,1.4485,0.2270
52.595000,1.4435,0.2270
52.596000,1.4403,0.2270
52.597000,1.4390,0.2270
52.598000,1.4397,0.2270
52.599000,1.4425,0.2270
52.600000,1.4476,0.2270
52.601000,1.4350,0.2270
52.602000,1.4244,0.2270
52.603000,1.4159,0.2270
52.604000,1.4092,0.2271
52.605000,1.4045,0.2271
52.606000,1.4016,0.2271
52.607000,1.4007,0.2271
52.608000,1.4017,0.2271
52.609000,1.4050,0.2271
52.610000,1.4105,0.2271
52.611000,1.3974,0.2271
52.612000,1.3864,0.2271
52.613000,1.3775,0.2271
52.613000,1.5022,0.2265
52.614000,1.4920,0.2265
52.615000,1.4844,0.2265
52.616000,1.4794,0.2265
52.617000,1.4770,0.2266
52.618000,1.4774,0.2266
52.619000,1.4806,0.2267
52.620000,1.4867,0.2267
52.621000,1.4673,0.2268
52.622000,1.4507,0.2268
52.623000,1.4370,0.2269
52.624000,1.4261,0.2269
52.625000,1.4179,0.2270
52.626000,1.4124,0.2271
52.627000,1.4097,0.2271
52.628000,1.4099,0.2272
52.629000,1.4129,0.2272
52.630000,1.4189,0.2272
52.631000,1.3991,0.2273
52.632000,1.3823,0.2273
52.633000,1.3683,0.2274
52.634000,1.3572,0.2274
52.635000,1.3488,0.2274
52.636000,1.3432,0.2275
52.637000,1.3404,0.2275
52.638000,1.3405,0.2275
52.638000,1.2172,0.2268
52.639000,1.2247,0.2268
52.640000,1.2362,0.2268
52.641000,1.2127,0.2268
52.642000,1.1931,0.2268
52.643000,1.1775,0.2268
52.644000,1.1657,0.2269
52.645000,1.1578,0.2269
52.646000,1.1538,0.2269
52.647000,1.1537,0.2270
52.648000,1.1576,0.2270
52.649000,1.1655,0.2270
52.650000,1.1774,0.2270
52.651000,1.1539,0.2270
52.652000,1.1344,0.2269
52.653000,1.1187,0.2269
52.654000,1.1071,0.2270
52.655000,1.0993,0.2270
52.656000,1.0956,0.2270
52.657000,1.0958,0.2270
52.658000,1.1001,0.2270
52.659000,1.1086,0.2271
52.660000,1.1211,0.2271
52.661000,1.0976,0.2271
52.662000,1.0781,0.2271
52.663000,1.0626,0.2272
52.663000,1.1227,0.2267
52.664000,1.1126,0.2267
52.665000,1.1070,0.2268
52.666000,1.1058,0.2268
52.667000,1.1091,0.2268
52.668000,1.1168,0.2268
52.669000,1.1290,0.2268
52.670000,1.1456,0.2268
52.671000,1.1231,0.2268
52.672000,1.1050,0.2268
52.673000,1.0914,0.2268
52.674000,1.0822,0.2268
52.675000,1.0774,0.2268
52.676000,1.0770,0.2268
52.677000,1.0810,0.2268
52.678000,1.0894,0.2268
52.679000,1.1022,0.2268
52.680000,1.1193,0.2268
52.681000,1.0979,0.2268
52.682000,1.0808,0.2269
52.683000,1.0682,0.2269
52.684000,1.0599,0.2269
52.685000,1.0560,0.2269
52.686000,1.0564,0.2269
52.687000,1.0612,0.2269
52.688000,1.0703,0.2270
52.689000,1.0837,0.2270
52.690000,1.1014,0.2270
52.691000,1.0811,0.2269
52.692000,1.0653,0.2269
52.693000,1.0537,0.2269
52.694000,1.0465,0.2269
52.695000,1.0435,0.2269
52.696000,1.0448,0.2269
52.697000,1.0503,0.2269
52.698000,1.0601,0.2269
52.699000,1.0740,0.2269
52.700000,1.0922,0.2269
52.701000,1.0733,0.2269
52.702000,1.0588,0.2269
52.703000,1.0484,0.2269
52.704000,1.0423,0.2269
52.705000,1.0404,0.2270
52.706000,1.0426,0.2270
52.707000,1.0490,0.2270
52.708000,1.0594,0.2270
52.709000,1.0740,0.2270
52.710000,1.0925,0.2270
52.711000,1.0753,0.2270
52.712000,1.0623,0.2271
52.713000,1.0534,0.2271
52.714000,1.0486,0.2271
52.715000,1.0478,0.2272
52.716000,1.0510,0.2272
52.717000,1.0582,0.2273
52.718000,1.0693,0.2273
52.719000,1.0844,0.2274
52.720000,1.1033,0.2274
52.721000,1.0877,0.2274
52.722000,1.0762,0.2275
52.723000,1.0687,0.2275
52.723000,1.2629,0.2249
52.724000,1.2566,0.2250
52.725000,1.2545,0.2250
52.726000,1.2564,0.2250
52.727000,1.2623,0.2250
52.728000,1.2722,0.2250
52.729000,1.2861,0.2250
52.730000,1.3040,0.2250
52.731000,1.2867,0.2250
52.731000,1.1880,0.2175
52.732000,1.1717,0.2175
52.733000,1.1596,0.2174
52.734000,1.1516,0.2174
52.735000,1.1478,0.2174
52.736000,1.1481,0.2174
52.737000,1.1524,0.2174
52.738000,1.1609,0.2174
52.739000,1.1734,0.2174
52.740000,1.1900,0.2174
52.741000,1.1706,0.2173
52.742000,1.1553,0.2173
52.743000,1.1441,0.2173
52.744000,1.1370,0.2173
52.745000,1.1339,0.2173
52.746000,1.1349,0.2174
52.747000,1.1399,0.2174
52.748000,1.1489,0.2174
52.749000,1.1619,0.2174
52.750000,1.1789,0.2175
52.751000,1.1607,0.2175
52.752000,1.1465,0.2175
52.753000,1.1363,0.2175
52.753000,1.0916,0.2165
52.754000,1.0853,0.2165
52.755000,1.0829,0.2166
52.767000,1.0914,0.2169
52.768000,1.1011,0.2169
52.769000,1.1145,0.2169
52.770000,1.1316,0.2170
52.771000,1.1213,0.2170
52.772000,1.1149,0.2170
52.773000,1.1121,0.2171
52.774000,1.1130,0.2171
52.775000,1.1173,0.2172
52.776000,1.1247,0.2173
52.777000,1.1347,0.2173
52.778000,1.1472,0.2174
52.779000,1.1618,0.2175
52.780000,1.1784,0.2175
52.781000,1.1848,0.2176
52.782000,1.1929,0.2176
52.783000,1.2025,0.2177
52.784000,1.2137,0.2177
52.785000,1.2263,0.2177
52.786000,1.2403,0.2178
52.787000,1.2556,0.2178
52.788000,1.2721,0.2179
52.789000,1.2899,0.2179
52.790000,1.3088,0.2179
52.791000,1.3188,0.2179
52.792000,1.3299,0.2180
52.793000,1.3422,0.2180
52.794000,1.3556,0.2180
52.795000,1.3700,0.2180
52.796000,1.3855,0.2181
52.797000,1.4021,0.2180
52.798000,1.4197,0.2180
52.799000,1.4383,0.2180
52.800000,1.4579,0.2180
52.801000,1.4691,0.2181
52.802000,1.4813,0.2181
52.803000,1.4944,0.2181
52.804000,1.5085,0.2181
52.805000,1.5236,0.2181
52.806000,1.5396,0.2181
52.807000,1.5566,0.2181
52.808000,1.5745,0.2181
52.809000,1.5934,0.2181
52.810000,1.6132,0.2181
52.811000,1.6254,0.2181
52.812000,1.6385,0.2182
52.813000,1.6526,0.2182
52.814000,1.6676,0.2182
52.815000,1.6834,0.2183
52.816000,1.7001,0.2183
52.817000,1.7176,0.2183
52.818000,1.7359,0.2184
52.819000,1.7550,0.2184
52.820000,1.7748,0.2185
52.821000,1.7886,0.2185
52.822000,1.8032,0.2185
52.823000,1.8185,0.2186
52.824000,1.8345,0.2186
52.825000,1.8512,0.2187
52.826000,1.8686,0.2187
52.827000,1.8866,0.2187
52.828000,1.9054,0.2188
52.829000,1.9248,0.2188
52.830000,1.9449,0.2188
52.831000,1.9596,0.2188
52.832000,1.9751,0.2189
52.833000,1.9911,0.2189
52.850000,2.2990,0.2191
52.851000,2.3165,0.2192
52.851000,0.9248,0.2005
52.852000,0.9274,0.2005
52.853000,0.9304,0.2006
52.854000,0.9337,0.2006
52.855000,0.9375,0.2007
52.856000,0.9415,0.2007
52.857000,0.9459,0.2007
52.858000,0.9506,0.2007
52.859000,0.9556,0.2008
52.860000,0.9609,0.2008
52.861000,0.9673,0.2008
52.862000,0.9740,0.2008
52.863000,0.9810,0.2008
52.864000,0.9882,0.2008
52.865000,0.9956,0.2008
52.866000,1.0033,0.2008
52.867000,1.0113,0.2008
52.868000,1.0191,0.2008
52.869000,1.0259,0.2008
52.870000,1.0310,0.2008
52.871000,1.0728,0.2008
52.872000,1.1122,0.2008
52.873000,1.1487,0.2008
52.874000,1.1819,0.2008
52.875000,1.2114,0.2008
52.876000,1.2370,0.2008
52.877000,1.2585,0.2009
52.878000,1.2755,0.2009
52.879000,1.2881,0.2010
52.880000,1.2960,0.2010
52.881000,1.3507,0.2010
52.882000,1.4010,0.2011
52.883000,1.4465,0.2011
52.884000,1.4872,0.2012
52.885000,1.5230,0.2012
52.886000,1.5537,0.2013
52.887000,1.5793,0.2013
52.888000,1.5997,0.2014
52.889000,1.6150,0.2014
52.890000,1.6250,0.2014
52.891000,1.6825,0.2015
52.892000,1.7349,0.2015
52.893000,1.7822,0.2016
52.894000,1.8243,0.2016
52.895000,1.8612,0.2016
52.896000,1.8927,0.2017
52.897000,1.9189,0.2017
52.897000,1.4803,0.2064
52.898000,1.4788,0.2065
52.899000,1.4729,0.2066
52.900000,1.4627,0.2066
52.901000,1.4919,0.2067
52.902000,1.5169,0.2067
52.903000,1.5374,0.2067
52.904000,1.5536,0.2068
52.948000,1.8008,0.2053
52.949000,1.7904,0.2054
52.950000,1.7760,0.2054
52.951000,1.7982,0.2054
52.952000,1.8163,0.2054
52.953000,1.8304,0.2054
52.954000,1.8403,0.2054
52.955000,1.8461,0.2054
52.956000,1.8478,0.2054
52.957000,1.8454,0.2054
52.958000,1.8390,0.2054
52.959000,1.8286,0.2054
52.960000,1.8144,0.2054
52.961000,1.8357,0.2055
52.962000,1.8532,0.2055
52.963000,1.8666,0.2055
52.978000,1.9054,0.2060
52.979000,1.8951,0.2061
52.980000,1.8811,0.2061
52.981000,1.9009,0.2062
52.982000,1.9170,0.2062
52.983000,1.9293,0.2062
52.984000,1.9379,0.2063
52.985000,1.9426,0.2063
52.997000,1.6264,0.1976
52.998000,1.6210,0.1976
52.999000,1.6121,0.1976
53.000000,1.5999,0.1977
53.001000,1.6188,0.1977
53.002000,1.6344,0.1978
53.003000,1.6466,0.1978
53.004000,1.6552,0.1979
53.005000,1.6602,0.1979
53.006000,1.6617,0.1979
53.007000,1.6597,0.1980
53.008000,1.6542,0.1980
53.009000,1.6454,0.1980
53.010000,1.6333,0.1980
53.011000,1.6516,0.1980
53.012000,1.6666,0.1980
53.013000,1.6783,0.1980
53.014000,1.6864,0.1980
53.015000,1.6911,0.1981
53.016000,1.6924,0.1981
53.017000,1.6902,0.1981
53.018000,1.6846,0.1981
53.019000,1.6757,0.1981
53.020000,1.6636,0.1981
53.021000,1.6813,0.1982
53.022000,1.6958,0.1982
53.023000,1.7070,0.1983
53.024000,1.7148,0.1983
53.025000,1.7191,0.1983
53.026000,1.7201,0.1983
53.027000,1.7178,0.1983
53.027000,1.3624,0.1786
53.028000,1.3527,0.1786
53.029000,1.3385,0.1786
53.030000,1.3198,0.1786
53.031000,1.3419,0.1787
53.032000,1.3595,0.1787
53.033000,1.3726,0.1787
53.034000,1.3811,0.1787
53.035000,1.3850,0.1787
53.036000,1.3843,0.1787
53.054000,1.1718,0.1658
53.055000,1.1751,0.1658
53.056000,1.1735,0.1658
53.057000,1.1670,0.1659
53.058000,1.1556,0.1659
53.059000,1.1393,0.1659
53.060000,1.1181,0.1659
53.061000,1.1404,0.1660
53.062000,1.1577,0.1660
53.063000,1.1702,0.1660
53.064000,1.1778,0.1660
53.065000,1.1805,0.1660
53.066000,1.1784,0.1660
53.074000,1.1764,0.1661
53.075000,1.1783,0.1661
53.076000,1.1755,0.1661
53.076000,1.3390,0.1609
53.077000,1.3323,0.1609
53.078000,1.3208,0.1610
53.079000,1.3047,0.1610
53.088000,1.6396,0.1633
53.089000,1.6250,0.1633
53.090000,1.6057,0.1633
53.091000,1.6278,0.1633
53.092000,1.6452,0.1633
53.093000,1.6581,0.1634
53.094000,1.6663,0.1634
53.095000,1.6699,0.1634
53.096000,1.6689,0.1634
53.097000,1.6633,0.1635
53.119000,1.7009,0.1642
53.120000,1.6822,0.1642
53.121000,1.7004,0.1642
53.134000,1.6969,0.1643
53.157000,1.9425,0.1612
53.158000,1.9284,0.1612
53.159000,1.9121,0.1612
53.160000,1.8936,0.1612
53.182000,2.1934,0.1770
53.183000,2.1901,0.1770
53.184000,2.1872,0.1770
53.185000,2.1849,0.1770
53.186000,2.1832,0.1770
53.213000,2.1963,0.1762
53.214000,2.1919,0.1762
53.215000,2.1888,0.1762
53.216000,2.1872,0.1762
53.217000,2.1869,0.1762
53.218000,2.1881,0.1763
53.219000,2.1907,0.1763
53.220000,2.1948,0.1763
53.221000,2.1860,0.1762
53.222000,2.1786,0.1762
53.223000,2.1727,0.1762
53.224000,2.1682,0.1763
53.225000,2.1652,0.1763
53.226000,2.1635,0.1763
53.227000,2.1633,0.1764
53.228000,2.1645,0.1764
53.229000,2.1671,0.1764
53.230000,2.1711,0.1764
53.230000,2.0960,0.1702
53.231000,2.0875,0.1702
53.232000,2.0805,0.1702
53.233000,2.0751,0.1702
53.234000,2.0712,0.1702
53.235000,2.0689,0.1703
53.236000,2.0683,0.1703
53.237000,2.0692,0.1703
53.238000,2.0718,0.1704
53.239000,2.0761,0.1704
53.240000,2.0820,0.1705
53.241000,2.0725,0.1705
53.242000,2.0647,0.1706
53.243000,2.0586,0.1706
53.244000,2.0542,0.1706
53.245000,2.0514,0.1707
53.246000,2.0504,0.1707
53.247000,2.0510,0.1707
53.248000,2.0534,0.1707
53.249000,2.0574,0.1707
53.250000,2.0632,0.1707
53.251000,2.0432,0.1707
53.252000,2.0255,0.1707
53.253000,2.0102,0.1707
53.254000,1.9974,0.1707
53.255000,1.9874,0.1707
53.256000,1.9804,0.1707
53.257000,1.9763,0.1707
53.258000,1.9754,0.1707
53.259000,1.9776,0.1708
53.260000,1.9831,0.1708
53.261000,1.9560,0.1708
53.261000,1.7333,0.1659
53.262000,1.7113,0.1659
53.263000,1.6927,0.1659
53.264000,1.6777,0.1659
53.265000,1.6662,0.1659
53.266000,1.6583,0.1659
53.267000,1.6540,0.1659
53.268000,1.6532,0.1660
53.271000,1.6361,0.1659
53.281000,1.5348,0.1659
53.284000,1.4778,0.1659
53.285000,1.4660,0.1659
53.286000,1.4579,0.1659
53.287000,1.4533,0.1659
53.288000,1.4524,0.1659
53.294000,1.6031,0.1594
53.295000,1.5993,0.1594
53.296000,1.5991,0.1594
53.297000,1.6027,0.1594
53.298000,1.6099,0.1594
53.299000,1.6209,0.1595
53.300000,1.6356,0.1595
53.301000,1.6167,0.1595
53.302000,1.6014,0.1595
53.314000,1.5637,0.1597
53.315000,1.5602,0.1597
53.316000,1.5604,0.1597
53.317000,1.5643,0.1598
53.318000,1.5718,0.1598
53.319000,1.5829,0.1598
53.320000,1.5977,0.1598
53.327000,1.5514,0.1599
53.328000,1.5592,0.1599
53.329000,1.5705,0.1599
53.330000,1.5854,0.1599
53.331000,1.5692,0.1599
53.363000,1.5780,0.1636
53.364000,1.5737,0.1636
53.365000,1.5725,0.1637
53.366000,1.5744,0.1637
53.367000,1.5793,0.1637
53.368000,1.5873,0.1637
53.369000,1.5983,0.1636
53.370000,1.6124,0.1636
53.371000,1.5997,0.1636
53.372000,1.5900,0.1636
53.373000,1.5833,0.1636
53.374000,1.5796,0.1635
53.375000,1.5790,0.1635
53.376000,1.5813,0.1635
53.377000,1.5865,0.1634
53.378000,1.5948,0.1634
53.379000,1.6060,0.1634
53.390000,1.6305,0.1634
53.405000,1.6135,0.1637
53.406000,1.6163,0.1638
53.407000,1.6220,0.1638
53.408000,1.6305,0.1638
53.409000,1.6419,0.1639
53.428000,1.5709,0.1658
53.429000,1.5799,0.1658
53.430000,1.5909,0.1659
53.431000,1.5954,0.1659
53.432000,1.6014,0.1660
53.433000,1.6086,0.1660
53.434000,1.6168,0.1660
53.441000,1.6921,0.1661
53.442000,1.7035,0.1661
53.443000,1.7152,0.1661
53.455000,1.8689,0.1662
53.493000,1.5865,0.1602
53.494000,1.5932,0.1602
53.495000,1.5972,0.1602
53.496000,1.5985,0.1603
53.497000,1.5973,0.1603
53.503000,1.4687,0.1539
53.504000,1.4743,0.1539
53.505000,1.4770,0.1539
53.506000,1.4768,0.1539
53.524000,1.6102,0.1545
53.525000,1.6221,0.1545
53.543000,1.5179,0.1501
53.544000,1.5264,0.1501
53.552000,1.5223,0.1502
53.562000,1.5340,0.1505
53.563000,1.5448,0.1505
53.564000,1.5513,0.1505
53.565000,1.5535,0.1506
53.566000,1.5516,0.1506
53.567000,1.5455,0.1506
53.568000,1.5352,0.1506
53.569000,1.5209,0.1506
53.570000,1.5026,0.1507
53.570000,1.6569,0.1461
53.571000,1.6739,0.1462
53.572000,1.6871,0.1462
53.573000,1.6963,0.1462
53.574000,1.7016,0.1462
53.575000,1.7031,0.1463
53.578000,1.6843,0.1464
53.579000,1.6703,0.1464
53.580000,1.6526,0.1464
53.581000,1.6684,0.1464
53.582000,1.6805,0.1464
53.585000,1.6941,0.1465
53.586000,1.6912,0.1464
53.587000,1.6845,0.1464
53.588000,1.6740,0.1465
53.589000,1.6599,0.1465
53.590000,1.6421,0.1465
53.591000,1.6506,0.1465
53.591000,1.5967,0.1481
53.592000,1.6037,0.1481
53.593000,1.6070,0.1481
53.594000,1.6070,0.1481
53.595000,1.6040,0.1481
53.596000,1.5981,0.1481
53.597000,1.5895,0.1481
53.598000,1.5784,0.1481
53.599000,1.5649,0.1481
53.600000,1.5490,0.1481
53.601000,1.5492,0.1481
53.602000,1.5473,0.1481
53.603000,1.5432,0.1480
53.604000,1.5371,0.1480
53.605000,1.5289,0.1480
53.606000,1.5188,0.1480
53.607000,1.5068,0.1480
53.608000,1.4928,0.1480
53.609000,1.4769,0.1480
53.609000,1.6015,0.1497
53.618000,1.5883,0.1497
53.619000,1.5805,0.1497
53.620000,1.5711,0.1497
53.621000,1.5712,0.1497
53.622000,1.5699,0.1497
53.623000,1.5670,0.1498
53.624000,1.5625,0.1498
53.625000,1.5566,0.1498
53.647000,1.4160,0.1483
53.648000,1.4097,0.1483
53.649000,1.4037,0.1483
53.650000,1.3981,0.1484
53.651000,1.3888,0.1484
53.652000,1.3798,0.1484
53.653000,1.3712,0.1484
53.654000,1.3630,0.1484
53.655000,1.3551,0.1484
53.656000,1.3477,0.1484
53.660000,1.3218,0.1484
53.661000,1.3061,0.1484
53.662000,1.2912,0.1484
53.663000,1.2773,0.1485
53.664000,1.2643,0.1485
53.665000,1.2524,0.1485
53.666000,1.2416,0.1485
53.667000,1.2319,0.1485
53.670000,1.2100,0.1485
53.671000,1.1919,0.1485
53.672000,1.1750,0.1485
53.673000,1.1594,0.1485
53.674000,1.1451,0.1485
53.675000,1.1321,0.1485
53.676000,1.1204,0.1485
53.677000,1.1100,0.1485
53.678000,1.1009,0.1485
53.679000,1.0931,0.1485
53.680000,1.0866,0.1485
53.681000,1.0683,0.1485
53.750000,1.1888,0.1448
53.752000,1.1646,0.1448
53.753000,1.1557,0.1448
53.754000,1.1489,0.1449
53.755000,1.1442,0.1449
53.771000,1.1045,0.1452
53.772000,1.0945,0.1453
53.776000,1.0748,0.1455
53.777000,1.0749,0.1456
53.778000,1.0770,0.1456
53.789000,1.0578,0.1459
53.790000,1.0640,0.1459
53.791000,1.0544,0.1459
53.792000,1.0467,0.1459
53.793000,1.0408,0.1459
53.794000,1.0366,0.1460
53.795000,1.0343,0.1460
53.796000,1.0337,0.1460
53.797000,1.0348,0.1460
53.798000,1.0376,0.1460
53.799000,1.0422,0.1460
53.800000,1.0484,0.1461
53.801000,1.0399,0.1461
53.802000,1.0331,0.1461
53.803000,1.0280,0.1461
53.804000,1.0246,0.1461
53.805000,1.0228,0.1461
53.806000,1.0226,0.1462
53.807000,1.0242,0.1462
53.808000,1.0274,0.1462
53.808000,1.3311,0.1449
53.809000,1.3368,0.1449
53.810000,1.3440,0.1450
53.811000,1.3379,0.1450
53.812000,1.3332,0.1451
53.813000,1.3301,0.1451
53.814000,1.3284,0.1452
53.815000,1.3283,0.1452
53.816000,1.3296,0.1452
53.817000,1.3324,0.1452
53.818000,1.3367,0.1452
53.819000,1.3425,0.1452
53.820000,1.3498,0.1452
53.821000,1.3460,0.1452
53.822000,1.3436,0.1453
53.823000,1.3427,0.1453
53.824000,1.3433,0.1453
53.868000,1.3759,0.1409
53.869000,1.3771,0.1409
53.870000,1.3776,0.1409
53.871000,1.3843,0.1409
53.874000,1.4005,0.1409
53.875000,1.4047,0.1408
53.876000,1.4082,0.1408
53.877000,1.4110,0.1408
53.878000,1.4132,0.1409
53.879000,1.4147,0.1409
53.880000,1.4155,0.1409
53.901000,1.5033,0.1409
53.902000,1.5098,0.1408
53.903000,1.5156,0.1408
53.904000,1.5207,0.1408
53.905000,1.5252,0.1407
53.906000,1.5289,0.1407
53.952000,1.1682,0.1350
53.953000,1.1639,0.1350
53.954000,1.1597,0.1350
53.955000,1.1553,0.1350
53.956000,1.1510,0.1350
53.957000,1.1467,0.1349
53.958000,1.1424,0.1349
53.959000,1.1380,0.1349
53.960000,1.1337,0.1349
53.961000,1.1294,0.1349
53.962000,1.1250,0.1349
53.963000,1.1207,0.1349
53.964000,1.1164,0.1349
53.965000,1.1121,0.1349
53.966000,1.1078,0.1349
53.967000,1.1035,0.1349
53.968000,1.0992,0.1349
53.969000,1.0950,0.1349
53.970000,1.0907,0.1349
53.971000,1.0865,0.1349
54.007000,0.9385,0.1344
54.008000,0.9346,0.1344
54.009000,0.9306,0.1344
54.010000,0.9267,0.1344
54.011000,0.9227,0.1344
54.012000,0.9186,0.1344
54.013000,0.9146,0.1344
54.017000,0.8986,0.1343
54.018000,0.8946,0.1343
54.033000,0.8369,0.1341
54.034000,0.8332,0.1341
54.035000,0.8295,0.1341
54.036000,0.8259,0.1341
54.037000,0.8222,0.1341
54.038000,0.8186,0.1341
54.039000,0.8150,0.1341
54.040000,0.8114,0.1341
54.041000,0.8079,0.1341
54.042000,0.8043,0.1340
54.043000,0.8008,0.1341
54.044000,0.7972,0.1340
54.045000,0.7937,0.1340
54.046000,0.7902,0.1340
54.047000,0.7867,0.1340
54.048000,0.7832,0.1341
54.049000,0.7797,0.1341
54.050000,0.7763,0.1341
54.051000,0.7728,0.1340
54.052000,0.7694,0.1340
54.053000,0.7659,0.1340
54.054000,0.7625,0.1340
54.055000,0.7591,0.1340
54.056000,0.7558,0.1340
54.056000,1.1657,0.1336
54.057000,1.1655,0.1336
54.058000,1.1652,0.1336
54.059000,1.1650,0.1336
54.060000,1.1648,0.1335
54.060000,1.4685,0.1322
54.061000,1.4685,0.1322
54.062000,1.4685,0.1322
54.063000,1.4685,0.1322
54.064000,1.4685,0.1322
54.065000,1.4685,0.1322
54.066000,1.4685,0.1322
54.067000,1.4685,0.1322
54.068000,1.4685,0.1322
54.069000,1.4685,0.1322
54.070000,1.4685,0.1322
54.071000,1.4685,0.1322
54.072000,1.4685,0.1322
54.073000,1.4685,0.1322
54.074000,1.4685,0.1322
54.075000,1.4685,0.1322
54.076000,1.4685,0.1322
54.077000,1.4685,0.1322
54.078000,1.4685,0.1322
54.079000,1.4686,0.1322
54.080000,1.4686,0.1321
54.080000,1.5135,0.1283
54.081000,1.5136,0.1283
54.082000,1.5137,0.1283
54.083000,1.5138,0.1283
54.084000,1.5139,0.1283
54.085000,1.5140,0.1283
54.086000,1.5141,0.1283
54.087000,1.5141,0.1283
54.088000,1.5142,0.1284
54.089000,1.5143,0.1284
54.090000,1.5144,0.1284
54.091000,1.5145,0.1284
54.092000,1.5146,0.1284
54.093000,1.5147,0.1284
54.094000,1.5147,0.1285
54.095000,1.5148,0.1285
54.096000,1.5149,0.1285
54.097000,1.5150,0.1285
54.104000,1.4541,0.1277
54.105000,1.4540,0.1277
54.106000,1.4540,0.1277
54.107000,1.4540,0.1277
54.108000,1.4539,0.1277
54.109000,1.4539,0.1277
54.110000,1.4539,0.1277
54.111000,1.4538,0.1277
54.112000,1.4538,0.1277
54.113000,1.4538,0.1277
54.114000,1.4538,0.1277
54.115000,1.4538,0.1277
54.116000,1.4538,0.1277
54.117000,1.4538,0.1277
54.140000,1.4549,0.1282
54.141000,1.4550,0.1282
54.152000,1.4558,0.1284
54.153000,1.4559,0.1284
54.154000,1.4559,0.1284
54.155000,1.4560,0.1284
54.156000,1.4560,0.1285
54.157000,1.4561,0.1285
54.158000,1.4561,0.1285
54.159000,1.4562,0.1286
54.160000,1.4562,0.1286
54.161000,1.4563,0.1286
54.162000,1.4563,0.1286
54.163000,1.4563,0.1287
54.164000,1.4564,0.1287
54.165000,1.4564,0.1288
54.166000,1.4564,0.1288
54.167000,1.4564,0.1288
54.168000,1.4564,0.1288
54.169000,1.4564,0.1288
54.170000,1.4563,0.1288
54.171000,1.4564,0.1288
54.172000,1.4564,0.1288
54.173000,1.4564,0.1288
54.174000,1.4564,0.1288
54.175000,1.4564,0.1288
54.176000,1.4564,0.1287
54.177000,1.4564,0.1287
54.178000,1.4564,0.1287
54.179000,1.4564,0.1287
54.180000,1.4564,0.1287
54.181000,1.4574,0.1287
54.182000,1.4584,0.1287
54.183000,1.4593,0.1287
54.184000,1.4600,0.1288
54.185000,1.4607,0.1288
54.186000,1.4613,0.1287
54.187000,1.4617,0.1287
54.188000,1.4620,0.1287
54.189000,1.4622,0.1287
54.190000,1.4623,0.1287
54.191000,1.4635,0.1287
54.192000,1.4646,0.1287
54.193000,1.4656,0.1287
54.194000,1.4665,0.1287
54.195000,1.4673,0.1287
54.213000,1.4736,0.1286
54.220000,1.6833,0.1269
54.221000,1.6825,0.1269
54.222000,1.6818,0.1269
54.223000,1.6811,0.1269
54.224000,1.6806,0.1268
54.225000,1.6801,0.1268
54.225000,1.6195,0.1252
54.226000,1.6191,0.1252
54.227000,1.6188,0.1251
54.228000,1.6186,0.1251
54.229000,1.6186,0.1251
54.230000,1.6188,0.1252
54.231000,1.6165,0.1252
54.232000,1.6145,0.1252
54.233000,1.6126,0.1252
54.234000,1.6110,0.1252
54.235000,1.6096,0.1253
54.236000,1.6085,0.1253
54.237000,1.6076,0.1253
54.238000,1.6070,0.1254
54.239000,1.6068,0.1254
54.240000,1.6068,0.1254
54.241000,1.6029,0.1254
54.242000,1.5993,0.1255
54.243000,1.5961,0.1255
54.244000,1.5932,0.1255
54.245000,1.5908,0.1255
54.246000,1.5888,0.1255
54.247000,1.5873,0.1255
54.248000,1.5862,0.1255
54.249000,1.5856,0.1255
54.250000,1.5855,0.1255
54.251000,1.5795,0.1255
54.252000,1.5740,0.1255
54.253000,1.5691,0.1255
54.254000,1.5648,0.1255
54.255000,1.5611,0.1255
54.256000,1.5581,0.1256
54.257000,1.5556,0.1256
54.258000,1.5539,0.1256
54.259000,1.5529,0.1256
54.260000,1.5526,0.1256
54.261000,1.5442,0.1257
54.262000,1.5366,0.1257
54.270000,1.5468,0.1214
54.271000,1.5387,0.1214
54.272000,1.5315,0.1214
54.273000,1.5255,0.1215
54.274000,1.5204,0.1215
54.275000,1.5165,0.1216
54.276000,1.5136,0.1216
54.277000,1.5119,0.1216
54.278000,1.5114,0.1217
54.279000,1.5120,0.1217
54.280000,1.5138,0.1217
54.281000,1.5028,0.1217
54.282000,1.4931,0.1217
54.283000,1.4848,0.1217
54.284000,1.4777,0.1217
54.285000,1.4720,0.1217
54.286000,1.4677,0.1217
54.287000,1.4648,0.1217
54.288000,1.4634,0.1218
54.289000,1.4634,0.1218
54.290000,1.4649,0.1218
54.291000,1.4506,0.1218
54.292000,1.4378,0.1218
54.292000,1.5946,0.1212
54.293000,1.5867,0.1212
54.294000,1.5804,0.1212
54.295000,1.5758,0.1212
54.296000,1.5729,0.1212
54.297000,1.5718,0.1212
54.298000,1.5724,0.1212
54.299000,1.5749,0.1213
54.300000,1.5792,0.1213
54.301000,1.5646,0.1213
54.302000,1.5520,0.1214
54.303000,1.5414,0.1214
54.304000,1.5327,0.1214
54.305000,1.5261,0.1214
54.306000,1.5215,0.1214
54.307000,1.5190,0.1214
54.308000,1.5186,0.1214
54.309000,1.5203,0.1214
54.310000,1.5243,0.1214
54.311000,1.5063,0.1214
54.312000,1.4906,0.1214
54.313000,1.4772,0.1214
54.314000,1.4662,0.1214
54.315000,1.4575,0.1214
54.316000,1.4512,0.1214
54.317000,1.4474,0.1214
54.318000,1.4460,0.1214
54.318000,1.4639,0.1189
54.319000,1.4688,0.1190
54.320000,1.4762,0.1190
54.321000,1.4589,0.1191
54.322000,1.4443,0.1191
54.323000,1.4322,0.1191
54.324000,1.4228,0.1191
54.325000,1.4161,0.1192
54.326000,1.4120,0.1192
54.327000,1.4107,0.1192
54.327000,1.4763,0.1178
54.328000,1.4822,0.1178
54.329000,1.4910,0.1178
54.330000,1.5027,0.1178
54.331000,1.4864,0.1179
54.332000,1.4731,0.1179
54.333000,1.4628,0.1179
54.334000,1.4557,0.1179
54.335000,1.4516,0.1179
54.336000,1.4506,0.1180
54.337000,1.4527,0.1180
54.338000,1.4578,0.1180
54.339000,1.4660,0.1180
54.340000,1.4772,0.1180
54.341000,1.4598,0.1180
54.342000,1.4455,0.1180
54.343000,1.4343,0.1181
54.344000,1.4263,0.1181
54.345000,1.4213,0.1181
54.346000,1.4195,0.1182
54.347000,1.4209,0.1182
54.348000,1.4255,0.1182
54.349000,1.4334,0.1182
54.350000,1.4446,0.1183
54.351000,1.4250,0.1183
54.352000,1.4089,0.1184
54.353000,1.3962,0.1184
54.354000,1.3870,0.1184
54.355000,1.3813,0.1184
54.356000,1.3790,0.1185
54.357000,1.3801,0.1185
54.358000,1.3843,0.1185
54.359000,1.3918,0.1185
54.360000,1.4024,0.1186
54.361000,1.3852,0.1186
54.362000,1.3712,0.1186
54.363000,1.3602,0.1186
54.364000,1.3524,0.1186
54.365000,1.3476,0.1186
54.365000,1.4985,0.1185
54.366000,1.4999,0.1185
54.367000,1.5046,0.1185
54.368000,1.5126,0.1185
54.369000,1.5239,0.1185
54.370000,1.5385,0.1186
54.371000,1.5207,0.1185
54.372000,1.5062,0.1185
54.373000,1.4953,0.1185
54.374000,1.4879,0.1185
54.375000,1.4840,0.1185
54.376000,1.4837,0.1185
54.377000,1.4870,0.1186
54.378000,1.4940,0.1186
54.379000,1.5047,0.1186
54.380000,1.5192,0.1186
54.381000,1.4970,0.1186
54.381000,1.5677,0.1168
54.382000,1.5502,0.1168
54.383000,1.5368,0.1168
54.384000,1.5273,0.1169
54.385000,1.5219,0.1169
54.386000,1.5206,0.1170
54.387000,1.5234,0.1170
54.388000,1.5304,0.1171
54.389000,1.5414,0.1171
54.390000,1.5566,0.1171
54.391000,1.5340,0.1171
54.392000,1.5156,0.1171
54.393000,1.5014,0.1171
54.394000,1.4914,0.1171
54.395000,1.4855,0.1171
54.396000,1.4838,0.1171
54.397000,1.4862,0.1171
54.398000,1.4928,0.1171
54.399000,1.5035,0.1171
54.400000,1.5184,0.1172
54.401000,1.4962,0.1172
54.402000,1.4782,0.1172
54.403000,1.4643,0.1172
54.404000,1.4546,0.1173
54.405000,1.4490,0.1173
54.406000,1.4475,0.1173
54.407000,1.4500,0.1173
54.408000,1.4566,0.1174
54.409000,1.4673,0.1174
54.410000,1.4821,0.1174
54.411000,1.4605,0.1174
54.412000,1.4431,0.1174
54.413000,1.4297,0.1174
54.414000,1.4204,0.1174
54.415000,1.4151,0.1174
54.415000,1.3257,0.1160
54.416000,1.3268,0.1160
54.417000,1.3319,0.1160
54.418000,1.3408,0.1160
54.419000,1.3536,0.1160
54.420000,1.3704,0.1159
54.421000,1.3524,0.1159
54.422000,1.3384,0.1159
54.423000,1.3282,0.1159
54.458000,1.2171,0.1147
54.458000,1.5011,0.1129
54.459000,1.5144,0.1129
54.460000,1.5318,0.1130
54.461000,1.5130,0.1130
54.462000,1.4983,0.1130
54.463000,1.4876,0.1130
54.464000,1.4810,0.1130
54.465000,1.4784,0.1131
54.466000,1.4798,0.1131
54.467000,1.4853,0.1131
54.468000,1.4947,0.1131
54.469000,1.5081,0.1131
54.470000,1.5256,0.1132
54.471000,1.5073,0.1132
54.503000,1.4844,0.1135
54.504000,1.4792,0.1136
54.505000,1.4778,0.1136
54.506000,1.4801,0.1136
54.507000,1.4863,0.1137
54.508000,1.4962,0.1137
54.509000,1.5099,0.1137
54.510000,1.5274,0.1137
54.523000,1.4988,0.1139
54.524000,1.4943,0.1139
54.525000,1.4935,0.1138
54.526000,1.4964,0.1138
54.527000,1.5029,0.1138
54.528000,1.5131,0.1138
54.529000,1.5269,0.1138
54.530000,1.5444,0.1138
54.531000,1.5293,0.1138
54.532000,1.5179,0.1138
54.549000,1.5547,0.1137
54.552000,1.5475,0.1137
54.553000,1.5406,0.1137
54.553000,1.5754,0.1139
54.554000,1.5711,0.1139
54.555000,1.5704,0.1139
54.556000,1.5731,0.1139
54.557000,1.5794,0.1139
54.558000,1.5891,0.1139
54.559000,1.6023,0.1139
54.560000,1.6190,0.1139
54.561000,1.6046,0.1139
54.562000,1.5938,0.1140
54.563000,1.5864,0.1140
54.564000,1.5825,0.1140
54.565000,1.5821,0.1140
54.566000,1.5850,0.1140
54.566000,1.7754,0.1119
54.567000,1.7811,0.1119
54.568000,1.7904,0.1120
54.569000,1.8032,0.1120
54.585000,1.7875,0.1123
54.586000,1.7901,0.1123
54.587000,1.7962,0.1123
54.588000,1.8057,0.1124
54.589000,1.8186,0.1123
54.590000,1.8350,0.1123
54.591000,1.8208,0.1123
54.592000,1.8100,0.1123
54.593000,1.8026,0.1122
54.594000,1.7987,0.1122
54.595000,1.7982,0.1122
54.596000,1.8011,0.1122
54.597000,1.8073,0.1122
54.598000,1.8170,0.1122
54.599000,1.8301,0.1122
54.603000,1.8705,0.1120
54.604000,1.8666,0.1120
54.605000,1.8661,0.1120
54.606000,1.8689,0.1120
54.607000,1.8750,0.1120
54.608000,1.8845,0.1120
54.609000,1.8973,0.1120
54.610000,1.9134,0.1120
54.611000,1.8999,0.1120
54.612000,1.8897,0.1120
54.613000,1.8829,0.1120
54.614000,1.8794,0.1120
54.615000,1.8792,0.1121
54.616000,1.8822,0.1121
54.617000,1.8885,0.1121
54.631000,1.9311,0.1125
54.633000,1.9158,0.1126
54.633000,1.7890,0.1126
54.634000,1.7853,0.1127
54.635000,1.7848,0.1127
54.636000,1.7874,0.1127
54.637000,1.7931,0.1126
54.638000,1.8020,0.1126
54.639000,1.8139,0.1126
54.640000,1.8290,0.1127
54.641000,1.8162,0.1127
54.642000,1.8066,0.1127
54.643000,1.8001,0.1127
54.644000,1.7967,0.1127
54.645000,1.7964,0.1127
54.646000,1.7992,0.1127
54.647000,1.8051,0.1127
54.648000,1.8140,0.1127
54.649000,1.8260,0.1127
54.650000,1.8410,0.1127
54.651000,1.8287,0.1127
54.652000,1.8195,0.1127
54.653000,1.8134,0.1127
54.654000,1.8103,0.1128
54.655000,1.8102,0.1128
54.656000,1.8132,0.1128
54.656000,1.9012,0.1101
54.657000,1.9069,0.1101
54.658000,1.9157,0.1102
54.659000,1.9276,0.1102
54.680000,1.9716,0.1121
54.681000,1.9611,0.1121
54.682000,1.9534,0.1121
54.683000,1.9485,0.1121
54.684000,1.9463,0.1120
54.685000,1.9469,0.1120
54.686000,1.9502,0.1120
54.703000,1.9918,0.1118
54.704000,1.9903,0.1118
54.705000,1.9914,0.1119
54.706000,1.9952,0.1119
54.707000,2.0015,0.1119
54.708000,2.0105,0.1119
54.709000,2.0221,0.1119
54.710000,2.0363,0.1120
54.711000,2.0271,0.1120
54.712000,2.0207,0.1120
54.713000,2.0168,0.1120
54.714000,2.0156,0.1120
54.715000,2.0169,0.1119
54.716000,2.0208,0.1119
54.744000,2.1869,0.1163
54.745000,2.1890,0.1164
54.746000,2.1933,0.1164
54.747000,2.1997,0.1164
54.754000,2.2200,0.1166
54.757000,2.3894,0.1197
54.761000,2.4154,0.1198
54.765000,2.4134,0.1199
54.766000,2.4180,0.1199
54.783000,2.4851,0.1202
54.784000,2.4862,0.1202
54.785000,2.4893,0.1203
54.786000,2.4942,0.1203
54.787000,2.5011,0.1203
54.788000,2.5099,0.1203
54.789000,2.5205,0.1203
54.810000,2.6191,0.1207
54.811000,2.6155,0.1208
54.812000,2.6138,0.1208
54.813000,2.6139,0.1208
54.816000,2.6251,0.1209
54.817000,2.6324,0.1210
54.818000,2.6415,0.1210
54.819000,2.6523,0.1210
54.821000,2.6618,0.1210
54.822000,2.6605,0.1211
54.823000,2.6609,0.1211
54.824000,2.6631,0.1211
54.825000,2.6671,0.1211
54.826000,2.6728,0.1211
54.833000,2.7100,0.1212
54.834000,2.7125,0.1212
54.835000,2.7167,0.1212
54.836000,2.7225,0.1212
54.847000,2.7816,0.1214
54.848000,2.7909,0.1214
54.849000,2.8020,0.1214
54.851000,2.8126,0.1215
54.852000,2.8122,0.1215
54.853000,2.8135,0.1215
54.917000,3.1101,0.1211
54.918000,3.1190,0.1211
54.919000,3.1292,0.1211
54.920000,3.1407,0.1211
54.921000,3.1404,0.1212
54.922000,3.1414,0.1212
54.923000,3.1437,0.1212
54.924000,3.1474,0.1212
54.924000,3.0275,0.1190
54.925000,3.0323,0.1191
54.926000,3.0383,0.1191
54.927000,3.0456,0.1191
54.928000,3.0540,0.1191
54.929000,3.0637,0.1192
54.930000,3.0746,0.1192
54.931000,3.0746,0.1192
54.932000,3.0759,0.1193
54.933000,3.0784,0.1193
54.934000,3.0822,0.1194
54.946000,2.8248,0.1083
54.947000,2.8313,0.1083
54.948000,2.8390,0.1083
54.949000,2.8481,0.1083
54.950000,2.8583,0.1083
54.951000,2.8575,0.1084
54.952000,2.8579,0.1084
54.953000,2.8596,0.1084
54.954000,2.8625,0.1084
54.955000,2.8666,0.1084
54.956000,2.8720,0.1084
54.957000,2.8786,0.1084
54.958000,2.8865,0.1084
54.959000,2.8955,0.1085
54.960000,2.9058,0.1085
54.961000,2.9051,0.1085
54.962000,2.9058,0.1085
54.963000,2.9076,0.1086
54.964000,2.9107,0.1086
54.965000,2.9150,0.1086
54.966000,2.9205,0.1086
54.975000,2.9643,0.1087
54.977000,2.9766,0.1088
54.977000,2.8867,0.1015
54.978000,2.8944,0.1015
54.979000,2.9034,0.1016
54.980000,2.9138,0.1016
54.981000,2.9120,0.1015
54.982000,2.9116,0.1015
54.983000,2.9125,0.1016
54.984000,2.9148,0.1016
54.985000,2.9185,0.1016
54.986000,2.9235,0.1016
54.987000,2.9299,0.1016
54.988000,2.9376,0.1017
54.989000,2.9466,0.1017
54.990000,2.9570,0.1017
54.991000,2.9554,0.1017
54.992000,2.9552,0.1018
54.993000,2.9564,0.1018
54.994000,2.9588,0.1018
54.995000,2.9626,0.1019
54.996000,2.9678,0.1019
54.997000,2.9742,0.1019
54.998000,2.9820,0.1019
55.034000,3.4548,0.1044
55.035000,3.4588,0.1045
55.036000,3.4642,0.1045
55.037000,3.4711,0.1045
55.038000,3.4796,0.1046
55.039000,3.4895,0.1046
55.040000,3.5008,0.1046
55.041000,3.4990,0.1046
55.042000,3.4986,0.1046
55.043000,3.4997,0.1047
55.044000,3.5023,0.1046
55.045000,3.5064,0.1047
55.048000,3.5273,0.1047
55.049000,3.5372,0.1047
55.050000,3.5486,0.1047
55.051000,3.5469,0.1047
55.052000,3.5467,0.1047
55.053000,3.5480,0.1047
55.054000,3.5508,0.1047
55.055000,3.5549,0.1047
55.056000,3.5606,0.1047
55.057000,3.5676,0.1047
55.058000,3.5761,0.1047
55.059000,3.5861,0.1047
55.060000,3.5975,0.1047
55.061000,3.5960,0.1047
55.062000,3.5960,0.1048
55.063000,3.5975,0.1048
55.065000,3.6048,0.1048
55.072000,3.6467,0.1048
55.073000,3.6484,0.1048
55.074000,3.6514,0.1047
55.075000,3.6558,0.1047
55.076000,3.6617,0.1047
55.077000,3.6689,0.1047
55.078000,3.6775,0.1047
55.079000,3.6875,0.1046
55.080000,3.6990,0.1046
55.081000,3.6979,0.1047
55.082000,3.6983,0.1047
55.083000,3.7001,0.1047
55.084000,3.7033,0.1047
55.085000,3.7078,0.1047
55.086000,3.7137,0.1047
55.087000,3.7211,0.1047
55.088000,3.7297,0.1047
55.089000,3.7398,0.1047
55.090000,3.7513,0.1047
55.091000,3.7504,0.1047
55.092000,3.7510,0.1047
55.093000,3.7530,0.1047
55.094000,3.7563,0.1047
55.095000,3.7610,0.1048
55.096000,3.7671,0.1048
55.097000,3.7745,0.1048
55.098000,3.7832,0.1048
55.099000,3.7934,0.1048
55.100000,3.8049,0.1048
55.101000,3.8042,0.1048
55.102000,3.8049,0.1048
55.103000,3.8070,0.1049
55.104000,3.8105,0.1049
55.105000,3.8152,0.1049
55.106000,3.8214,0.1049
55.107000,3.8288,0.1049
55.108000,3.8376,0.1049
55.109000,3.8477,0.1049
55.110000,3.8592,0.1049
55.111000,3.8587,0.1049
55.112000,3.8596,0.1049
55.113000,3.8619,0.1049
55.114000,3.8654,0.1049
55.115000,3.8703,0.1050
55.116000,3.8765,0.1050
55.117000,3.8841,0.1050
55.118000,3.8929,0.1050
55.119000,3.9031,0.1050
55.120000,3.9147,0.1050
55.121000,3.9144,0.1051
55.122000,3.9154,0.1051
55.123000,3.9178,0.1051
55.123000,3.6318,0.0942
55.124000,3.6345,0.0942
55.125000,3.6385,0.0942
55.126000,3.6439,0.0942
55.127000,3.6506,0.0942
55.128000,3.6587,0.0942
55.129000,3.6682,0.0942
55.130000,3.6789,0.0943
55.131000,3.6777,0.0943
55.132000,3.6779,0.0943
55.133000,3.6794,0.0944
55.134000,3.6822,0.0944
55.135000,3.6864,0.0944
55.135000,3.5694,0.0844
55.136000,3.5743,0.0844
55.137000,3.5807,0.0844
55.138000,3.5886,0.0844
55.139000,3.5980,0.0845
55.140000,3.6089,0.0845
55.141000,3.6065,0.0845
55.142000,3.6056,0.0845
55.143000,3.6062,0.0844
55.144000,3.6083,0.0844
55.145000,3.6118,0.0844
55.146000,3.6168,0.0845
55.147000,3.6233,0.0845
55.148000,3.6312,0.0845
55.149000,3.6406,0.0845
55.150000,3.6514,0.0846
55.151000,3.6492,0.0846
55.152000,3.6485,0.0846
55.152000,3.3088,0.0743
55.153000,3.3086,0.0743
55.154000,3.3099,0.0743
55.155000,3.3126,0.0743
55.156000,3.3169,0.0744
55.190000,3.4667,0.0748
55.191000,3.4642,0.0748
55.192000,3.4632,0.0748
55.193000,3.4636,0.0748
55.194000,3.4654,0.0748
55.195000,3.4687,0.0748
55.196000,3.4734,0.0748
55.197000,3.4795,0.0748
55.210000,3.5821,0.0748
55.211000,3.5854,0.0748
55.212000,3.5894,0.0749
55.213000,3.5941,0.0749
55.214000,3.5997,0.0749
55.215000,3.6060,0.0749
55.216000,3.6133,0.0750
55.217000,3.6214,0.0750
55.254000,3.7831,0.0754
55.255000,3.7867,0.0754
55.256000,3.7915,0.0754
55.257000,3.7978,0.0755
55.258000,3.8054,0.0755
55.259000,3.8143,0.0755
55.259000,3.7069,0.0713
55.260000,3.7168,0.0713
55.261000,3.7143,0.0713
55.262000,3.7132,0.0713
55.263000,3.7135,0.0713
55.264000,3.7152,0.0714
55.265000,3.7183,0.0714
55.266000,3.7227,0.0714
55.267000,3.7286,0.0714
55.268000,3.7358,0.0714
55.269000,3.7444,0.0714
55.270000,3.7544,0.0714
55.271000,3.7521,0.0714
55.277000,3.7670,0.0713
55.278000,3.7743,0.0713
55.279000,3.7829,0.0713
55.280000,3.7929,0.0712
55.281000,3.7906,0.0712
55.282000,3.7898,0.0712
55.283000,3.7903,0.0712
55.285000,3.7954,0.0711
55.287000,3.8059,0.0711
55.288000,3.8132,0.0711
55.289000,3.8218,0.0711
55.290000,3.8318,0.0711
55.291000,3.8296,0.0711
55.292000,3.8288,0.0711
55.300000,3.8709,0.0712
55.304000,3.8706,0.0711
55.305000,3.8739,0.0711
55.306000,3.8786,0.0712
55.307000,3.8846,0.0712
55.308000,3.8919,0.0712
55.309000,3.9006,0.0712
55.310000,3.9107,0.0712
55.311000,3.9088,0.0712
55.312000,3.9082,0.0712
55.313000,3.9089,0.0712
55.314000,3.9111,0.0712
55.315000,3.9145,0.0712
55.322000,3.9494,0.0713
55.323000,3.9503,0.0713
55.324000,3.9525,0.0713
55.340000,4.5043,0.0829
55.341000,4.5178,0.0829
55.342000,4.5325,0.0830
55.342000,4.8374,0.0891
55.343000,4.8541,0.0891
55.344000,4.8722,0.0891
55.345000,4.8910,0.0891
55.346000,4.9095,0.0891
55.347000,4.9268,0.0891
55.348000,4.9420,0.0891
55.349000,4.9545,0.0892
55.350000,4.9638,0.0892
55.351000,5.0239,0.0892
55.352000,5.0803,0.0892
55.353000,5.1327,0.0892
55.354000,5.1807,0.0893
55.355000,5.2240,0.0893
55.356000,5.2622,0.0893
55.357000,5.2953,0.0894
55.358000,5.3230,0.0894
55.407000,5.9684,0.1194
55.411000,5.9693,0.1195
55.412000,5.9945,0.1195
55.415000,6.0400,0.1196
55.416000,6.0450,0.1196
55.417000,6.0450,0.1197
55.418000,6.0400,0.1197
55.419000,6.0300,0.1197
55.420000,6.0150,0.1198
55.421000,6.0447,0.1198
55.422000,6.0694,0.1199
55.423000,6.0892,0.1199
55.424000,6.1040,0.1199
55.441000,6.1853,0.1202
55.442000,6.2090,0.1202
55.443000,6.2279,0.1202
55.444000,6.2418,0.1202
55.445000,6.2508,0.1202
55.446000,6.2549,0.1202
55.454000,6.3052,0.1204
55.455000,6.3138,0.1205
55.456000,6.3175,0.1205
55.457000,6.3163,0.1205
55.458000,6.3103,0.1206
55.477000,7.0513,0.1362
55.478000,7.0462,0.1363
55.479000,7.0364,0.1363
55.480000,7.0220,0.1363
55.482000,7.0720,0.1364
55.483000,7.0901,0.1365
55.491000,7.1124,0.1369
55.499000,7.1606,0.1370
55.500000,7.1459,0.1370
55.500000,7.6470,0.1481
55.501000,7.6754,0.1481
55.501000,8.1218,0.1558
55.502000,8.1469,0.1558
55.503000,8.1673,0.1558
55.504000,8.1829,0.1558
55.505000,8.1937,0.1558
55.506000,8.1997,0.1558
55.507000,8.2009,0.1558
55.508000,8.1973,0.1558
55.509000,8.1890,0.1558
55.510000,8.1760,0.1558
55.511000,8.2054,0.1558
55.512000,8.2301,0.1558
55.513000,8.2500,0.1558
55.514000,8.2652,0.1558
55.515000,8.2756,0.1558
55.516000,8.2813,0.1558
55.517000,8.2822,0.1558
55.518000,8.2784,0.1558
55.519000,8.2698,0.1558
55.520000,8.2565,0.1558
55.521000,8.2854,0.1558
55.522000,8.3095,0.1558
55.523000,8.3290,0.1558
55.524000,8.3438,0.1558
55.524000,8.2816,0.1607
55.525000,8.2919,0.1607
55.526000,8.2977,0.1607
55.527000,8.2988,0.1607
55.528000,8.2953,0.1607
55.529000,8.2872,0.1607
55.530000,8.2745,0.1607
55.531000,8.3028,0.1608
55.532000,8.3266,0.1608
55.533000,8.3458,0.1609
55.534000,8.3604,0.1610
55.535000,8.3704,0.1610
55.536000,8.3758,0.1611
55.537000,8.3767,0.1611
55.538000,8.3729,0.1611
55.539000,8.3646,0.1611
55.540000,8.3517,0.1612
55.541000,8.3795,0.1612
55.542000,8.4029,0.1612
55.543000,8.4216,0.1613
55.544000,8.4358,0.1613
55.545000,8.4455,0.1613
55.546000,8.4506,0.1613
55.547000,8.4511,0.1614
55.548000,8.4470,0.1614
55.548000,8.4742,0.1666
55.559000,8.5410,0.1671
55.569000,8.6120,0.1674
55.570000,8.5993,0.1675
55.572000,8.6477,0.1675
55.596000,8.9910,0.1688
55.606000,9.0558,0.1688
55.614000,9.1050,0.1689
55.615000,9.1132,0.1689
55.616000,9.1171,0.1690
55.617000,9.1166,0.1690
55.618000,9.1118,0.1690
55.619000,9.1027,0.1690
55.620000,9.0893,0.1690
55.621000,9.1144,0.1690
55.622000,9.1352,0.1690
55.623000,9.1516,0.1690
55.624000,9.1638,0.1690
55.625000,9.1717,0.1690
55.626000,9.1753,0.1691
55.627000,9.1745,0.1691
55.628000,9.1695,0.1691
55.645000,9.2782,0.1693
55.646000,9.2810,0.1693
55.647000,9.2797,0.1693
55.648000,9.2741,0.1694
55.649000,9.2643,0.1694
55.650000,9.2503,0.1694
55.651000,9.2739,0.1694
55.652000,9.2933,0.1694
55.653000,9.3085,0.1694
55.654000,9.3195,0.1694
55.655000,9.3263,0.1694
55.656000,9.3288,0.1695
55.657000,9.3272,0.1695
55.660000,9.2973,0.1696
55.661000,9.3204,0.1696
55.662000,9.3394,0.1696
55.663000,9.3542,0.1696
55.664000,9.3648,0.1696
55.664000,9.0393,0.1658
55.665000,9.0476,0.1658
55.666000,9.0516,0.1658
55.667000,9.0514,0.1658
55.668000,9.0469,0.1658
55.669000,9.0381,0.1658
55.670000,9.0250,0.1658
55.671000,9.0500,0.1658
55.672000,9.0708,0.1658
55.673000,9.0873,0.1658
55.674000,9.0996,0.1659
55.675000,9.1077,0.1659
55.676000,9.1114,0.1659
55.677000,9.1109,0.1659
55.678000,9.1062,0.1659
55.679000,9.0972,0.1659
55.701000,9.0175,0.1662
55.702000,9.0376,0.1662
55.703000,9.0534,0.1662
55.704000,9.0651,0.1662
55.705000,9.0725,0.1663
55.706000,9.0756,0.1663
55.707000,9.0746,0.1664
55.708000,9.0692,0.1664
55.708000,8.9039,0.1649
55.709000,8.8944,0.1649
55.710000,8.8805,0.1649
55.711000,8.9055,0.1649
55.712000,8.9261,0.1649
55.713000,8.9425,0.1650
55.714000,8.9544,0.1650
55.715000,8.9621,0.1650
55.716000,8.9654,0.1651
55.717000,8.9644,0.1651
55.718000,8.9590,0.1651
55.719000,8.9493,0.1651
55.720000,8.9352,0.1651
55.721000,8.9598,0.1651
55.724000,9.0076,0.1652
55.725000,9.0149,0.1652
55.726000,9.0179,0.1653
55.727000,9.0165,0.1653
55.728000,9.0109,0.1653
55.729000,9.0009,0.1653
55.730000,8.9867,0.1654
55.733000,9.0461,0.1655
55.734000,9.0573,0.1655
55.735000,9.0643,0.1655
55.736000,9.0670,0.1656
55.737000,9.0654,0.1656
55.738000,9.0595,0.1657
55.739000,9.0493,0.1657
55.740000,9.0349,0.1658
55.741000,9.0586,0.1658
55.742000,9.0780,0.1658
55.743000,9.0932,0.1658
55.744000,9.1041,0.1659
55.745000,9.1108,0.1659
55.746000,9.1132,0.1659
55.747000,9.1114,0.1659
55.751000,8.8715,0.1658
55.752000,8.8908,0.1658
55.753000,8.9059,0.1659
55.754000,8.9168,0.1659
55.755000,8.9235,0.1659
55.756000,8.9258,0.1659
55.757000,8.9240,0.1660
55.758000,8.9179,0.1660
55.782000,9.2904,0.1667
55.783000,9.3063,0.1667
55.784000,9.3179,0.1667
55.785000,9.3252,0.1667
55.786000,9.3282,0.1667
55.787000,9.3269,0.1666
55.788000,9.3213,0.1666
55.789000,9.3115,0.1666
55.790000,9.2974,0.1666
55.791000,9.3213,0.1666
55.792000,9.3411,0.1666
55.793000,9.3566,0.1666
55.794000,9.3678,0.1666
55.795000,9.3747,0.1666
55.796000,9.3774,0.1666
55.797000,9.3759,0.1666
55.798000,9.3700,0.1666
55.799000,9.3599,0.1666
55.800000,9.3456,0.1667
55.801000,9.3691,0.1667
55.802000,9.3885,0.1667
55.803000,9.4036,0.1667
55.804000,9.4144,0.1667
55.805000,9.4211,0.1667
55.806000,9.4235,0.1668
55.807000,9.4217,0.1668
55.808000,9.4156,0.1668
55.809000,9.4054,0.1668
55.810000,9.3909,0.1668
55.811000,9.4140,0.1669
55.812000,9.4330,0.1669
55.813000,9.4477,0.1669
55.814000,9.4583,0.1669
55.815000,9.4647,0.1670
55.816000,9.4668,0.1670
55.817000,9.4647,0.1670
55.818000,9.4585,0.1670
55.819000,9.4480,0.1670
55.820000,9.4333,0.1671
55.821000,9.4561,0.1671
55.822000,9.4747,0.1671
55.823000,9.4891,0.1671
55.824000,9.4994,0.1672
55.825000,9.5055,0.1672
55.826000,9.5074,0.1672
55.827000,9.5051,0.1673
55.828000,9.4986,0.1673
55.829000,9.4880,0.1673
55.830000,9.4732,0.1672
55.830000,9.4515,0.1689
55.854000,9.6116,0.1692
55.855000,9.6180,0.1692
55.856000,9.6202,0.1692
55.859000,9.6019,0.1692
55.860000,9.5876,0.1692
55.861000,9.6101,0.1692
55.862000,9.6285,0.1692
55.863000,9.6428,0.1692
55.864000,9.6530,0.1692
55.865000,9.6591,0.1692
55.866000,9.6610,0.1692
55.867000,9.6589,0.1692
55.868000,9.6526,0.1692
55.869000,9.6422,0.1692
55.877000,9.6968,0.1694
55.878000,9.6903,0.1695
55.879000,9.6798,0.1695
55.880000,9.6651,0.1695
55.881000,9.6868,0.1695
55.882000,9.7045,0.1695
55.883000,9.7181,0.1696
55.884000,9.7277,0.1696
55.885000,9.7331,0.1696
55.886000,9.7346,0.1697
55.887000,9.7319,0.1697
55.888000,9.7252,0.1698
55.889000,9.7145,0.1698
55.890000,9.6997,0.1698
55.891000,9.7209,0.1698
55.892000,9.7382,0.1699
55.893000,9.7514,0.1699
55.895000,9.7658,0.1699
55.896000,9.7669,0.1699
55.897000,9.7640,0.1699
55.898000,9.7571,0.1700
55.899000,9.7461,0.1700
55.900000,9.7312,0.1699
55.901000,9.7520,0.1699
55.902000,9.7689,0.1699
55.903000,9.7817,0.1699
55.904000,9.7906,0.1699
55.905000,9.7954,0.1699
55.906000,9.7963,0.1699
55.907000,9.7931,0.1699
55.908000,9.7859,0.1699
55.909000,9.7748,0.1699
55.910000,9.7597,0.1699
55.911000,9.7801,0.1699
55.912000,9.7966,0.1699
55.913000,9.8091,0.1699
55.914000,9.8176,0.1699
55.915000,9.8222,0.1699
55.916000,9.8228,0.1699
55.917000,9.8194,0.1699
55.918000,9.8121,0.1699
55.919000,9.8009,0.1699
55.920000,9.7856,0.1700
55.921000,9.8057,0.1700
55.922000,9.8218,0.1700
55.923000,9.8339,0.1700
55.930000,10.0630,0.1699
55.930000,9.8438,0.1652
55.931000,9.8651,0.1653
55.932000,9.8827,0.1653
55.933000,9.8963,0.1653
55.934000,9.9061,0.1654
55.935000,9.9121,0.1654
55.936000,9.9143,0.1654
55.937000,9.9126,0.1654
55.938000,9.9070,0.1654
55.939000,9.8977,0.1655
55.940000,9.8845,0.1655
55.941000,9.9053,0.1655
55.942000,9.9223,0.1655
55.943000,9.9356,0.1656
55.944000,9.9450,0.1656
55.945000,9.9507,0.1656
55.946000,9.9525,0.1656
55.947000,9.9506,0.1656
55.948000,9.9448,0.1656
55.949000,9.9353,0.1656
55.950000,9.9220,0.1655
55.951000,9.9424,0.1655
55.952000,9.9591,0.1655
55.953000,9.9720,0.1655
55.954000,9.9811,0.1655
55.955000,9.9865,0.1655
55.956000,9.9881,0.1655
55.957000,9.9860,0.1655
55.958000,9.9801,0.1656
55.959000,9.9704,0.1656
55.960000,9.9570,0.1656
55.960000,10.1344,0.1686
55.961000,10.1557,0.1686
55.962000,10.1731,0.1686
55.963000,10.1868,0.1686
55.964000,10.1968,0.1686
55.965000,10.2029,0.1686
55.966000,10.2052,0.1686
55.967000,10.2038,0.1686
55.968000,10.1985,0.1686
55.969000,10.1895,0.1686
55.970000,10.1767,0.1686
55.982000,9.8916,0.1748
55.983000,9.9046,0.1748
55.984000,9.9139,0.1748
55.985000,9.9194,0.1748
55.986000,9.9213,0.1748
55.987000,9.9194,0.1748
55.988000,9.9138,0.1748
55.989000,9.9045,0.1748
55.990000,9.8915,0.1747
55.991000,9.9114,0.1747
55.992000,9.9276,0.1747
55.993000,9.9402,0.1747
55.994000,9.9491,0.1748
55.995000,9.9544,0.1748
55.996000,9.9559,0.1748
55.997000,9.9538,0.1748
55.998000,9.9480,0.1748
55.999000,9.9386,0.1748
56.000000,9.9254,0.1748
56.001000,9.9448,0.1748
56.002000,9.9606,0.1748
56.003000,9.9727,0.1748
56.004000,9.9812,0.1749
56.005000,9.9861,0.1749
56.006000,9.9873,0.1749
56.021000,10.0018,0.1748
56.022000,10.0166,0.1748
56.023000,10.0278,0.1749
56.024000,10.0355,0.1749
56.025000,10.0397,0.1749
56.026000,10.0403,0.1749
56.027000,10.0374,0.1750
56.028000,10.0310,0.1750
56.029000,10.0211,0.1750
56.030000,10.0076,0.1750
56.031000,10.0253,0.1750
56.032000,10.0396,0.1750
56.033000,10.0504,0.1750
56.034000,10.0577,0.1750
56.035000,10.0615,0.1750
56.036000,10.0618,0.1751
56.037000,10.0586,0.1751
56.038000,10.0520,0.1751
56.039000,10.0419,0.1751
56.040000,10.0283,0.1751
56.041000,10.0454,0.1751
56.042000,10.0592,0.1751
56.043000,10.0694,0.1751
56.044000,10.0763,0.1751
56.045000,10.0797,0.1751
56.046000,10.0797,0.1751
56.047000,10.0763,0.1751
56.048000,10.0694,0.1751
56.049000,10.0591,0.1751
56.050000,10.0454,0.1752
56.051000,10.0619,0.1752
56.052000,10.0750,0.1752
56.053000,10.0848,0.1752
56.054000,10.0912,0.1752
56.055000,10.0942,0.1752
56.056000,10.0938,0.1752
56.057000,10.0901,0.1752
56.058000,10.0829,0.1752
56.059000,10.0724,0.1752
56.060000,10.0586,0.1752
56.061000,10.0744,0.1752
56.062000,10.0868,0.1752
56.063000,10.0959,0.1752
56.064000,10.1018,0.1752
56.065000,10.1043,0.1752
56.066000,10.1035,0.1752
56.067000,10.0994,0.1752
56.068000,10.0920,0.1752
56.069000,10.0814,0.1752
56.070000,10.0674,0.1753
56.070000,10.1788,0.1743
56.070000,9.8295,0.1812
56.071000,9.8461,0.1812
56.072000,9.8595,0.1812
56.073000,9.8697,0.1812
56.074000,9.8767,0.1813
56.075000,9.8804,0.1813
56.076000,9.8809,0.1813
56.077000,9.8782,0.1814
56.078000,9.8723,0.1814
56.079000,9.8631,0.1815
56.080000,9.8508,0.1815
56.081000,9.8664,0.1815
56.082000,9.8788,0.1815
56.083000,9.8881,0.1815
56.084000,9.8943,0.1815
56.085000,9.8973,0.1815
56.086000,9.8972,0.1815
56.087000,9.8940,0.1816
56.088000,9.8877,0.1816
56.089000,9.8783,0.1815
56.090000,9.8658,0.1815
56.091000,9.8802,0.1815
56.092000,9.8915,0.1815
56.093000,9.8998,0.1815
56.094000,9.9051,0.1816
56.095000,9.9074,0.1816
56.096000,9.9066,0.1815
56.097000,9.9029,0.1815
56.098000,9.8961,0.1815
56.099000,9.8864,0.1815
56.107000,9.9048,0.1816
56.108000,9.8976,0.1816
56.109000,9.8875,0.1816
56.110000,9.8746,0.1816
56.128000,9.8778,0.1818
56.129000,9.8671,0.1818
56.130000,9.8537,0.1818
56.131000,9.8623,0.1818
56.132000,9.8683,0.1818
56.133000,9.8719,0.1818
56.134000,9.8729,0.1818
56.135000,9.8714,0.1818
56.136000,9.8674,0.1818
56.137000,9.8610,0.1818
56.138000,9.8520,0.1818
56.139000,9.8405,0.1818
56.140000,9.8269,0.1818
56.141000,9.8122,0.1818
56.142000,9.7964,0.1818
56.143000,9.7798,0.1818
56.144000,9.7629,0.1818
56.145000,9.7457,0.1817
56.146000,9.7287,0.1818
56.147000,9.7120,0.1818
56.148000,9.6958,0.1817
56.149000,9.6803,0.1817
56.150000,9.6657,0.1817
56.151000,9.6331,0.1817
56.152000,9.6018,0.1817
56.153000,9.5720,0.1817
56.154000,9.5437,0.1817
56.155000,9.5170,0.1816
56.156000,9.4920,0.1816
56.157000,9.4687,0.1816
56.158000,9.4474,0.1816
56.159000,9.4280,0.1816
56.160000,9.4107,0.1816
56.161000,9.3687,0.1816
56.162000,9.3291,0.1817
56.163000,9.2920,0.1817
56.164000,9.2573,0.1817
56.165000,9.2252,0.1818
56.166000,9.1957,0.1818
56.167000,9.1688,0.1819
56.168000,9.1446,0.1819
56.169000,9.1233,0.1820
56.170000,9.1047,0.1820
56.171000,9.0557,0.1820
56.172000,9.0097,0.1821
56.173000,8.9670,0.1821
56.174000,8.9274,0.1822
56.175000,8.8910,0.1822
56.176000,8.8579,0.1823
56.177000,8.8280,0.1823
56.177000,8.6534,0.1794
56.177000,9.3184,0.1650
56.178000,9.3148,0.1651
56.179000,9.3152,0.1651
56.180000,9.3198,0.1651
56.181000,9.2814,0.1651
56.182000,9.2473,0.1652
56.183000,9.2177,0.1652
56.183000,9.3647,0.1626
56.184000,9.3510,0.1626
56.185000,9.3420,0.1626
56.186000,9.3378,0.1626
56.187000,9.3383,0.1626
56.188000,9.3437,0.1626
56.189000,9.3540,0.1626
56.190000,9.3692,0.1627
56.191000,9.3378,0.1627
56.192000,9.3114,0.1627
56.193000,9.2901,0.1626
56.194000,9.2738,0.1626
56.195000,9.2625,0.1626
56.196000,9.2564,0.1626
56.197000,9.2554,0.1626
56.198000,9.2596,0.1626
56.199000,9.2689,0.1626
56.243000,8.7985,0.1631
56.244000,8.7804,0.1631
56.245000,8.7677,0.1631
56.246000,8.7605,0.1631
56.247000,8.7587,0.1631
56.248000,8.7622,0.1632
56.249000,8.7712,0.1632
56.250000,8.7856,0.1632
56.251000,8.7516,0.1632
56.252000,8.7230,0.1633
56.253000,8.6998,0.1633
56.254000,8.6820,0.1633
56.255000,8.6696,0.1633
56.256000,8.6626,0.1634
56.257000,8.6610,0.1634
56.258000,8.6648,0.1634
56.259000,8.6739,0.1634
56.260000,8.6885,0.1634
56.261000,8.6549,0.1634
56.262000,8.6268,0.1634
56.263000,8.6039,0.1634
56.264000,8.5865,0.1634
56.265000,8.5744,0.1635
56.266000,8.5677,0.1635
56.267000,8.5664,0.1635
56.268000,8.5704,0.1635
56.269000,8.5797,0.1635
56.270000,8.5944,0.1635
56.271000,8.5614,0.1635
56.272000,8.5338,0.1635
56.273000,8.5115,0.1635
56.274000,8.4945,0.1634
56.275000,8.4828,0.1634
56.276000,8.4765,0.1635
56.277000,8.4755,0.1635
56.278000,8.4798,0.1635
56.279000,8.4894,0.1635
56.280000,8.5043,0.1634
56.281000,8.4719,0.1635
56.282000,8.4449,0.1635
56.283000,8.4232,0.1634
56.284000,8.4067,0.1634
56.285000,8.3956,0.1634
56.286000,8.3897,0.1634
56.287000,8.3890,0.1634
56.288000,8.3937,0.1633
56.289000,8.4036,0.1633
56.290000,8.4187,0.1633
56.291000,8.3871,0.1633
56.292000,8.3608,0.1633
56.293000,8.3397,0.1633
56.294000,8.3238,0.1633
56.295000,8.3132,0.1633
56.296000,8.3077,0.1634
56.297000,8.3075,0.1634
56.298000,8.3125,0.1634
56.299000,8.3227,0.1635
56.300000,8.3380,0.1635
56.301000,8.3077,0.1635
56.302000,8.2825,0.1635
56.303000,8.2625,0.1635
56.304000,8.2477,0.1635
56.304000,8.8836,0.1526
56.305000,8.8791,0.1526
56.306000,8.8797,0.1526
56.307000,8.8855,0.1526
56.308000,8.8965,0.1526
56.309000,8.9126,0.1527
56.310000,8.9339,0.1527
56.311000,8.9093,0.1527
56.312000,8.8899,0.1527
56.313000,8.8756,0.1527
56.314000,8.8664,0.1527
56.315000,8.8624,0.1527
56.316000,8.8634,0.1527
56.317000,8.8696,0.1527
56.318000,8.8808,0.1528
56.319000,8.8971,0.1528
56.320000,8.9185,0.1528
56.321000,8.8948,0.1528
56.322000,8.8761,0.1528
56.323000,8.8624,0.1528
56.324000,8.8539,0.1528
56.325000,8.8503,0.1528
56.326000,8.8518,0.1528
56.327000,8.8583,0.1528
56.327000,9.0334,0.1350
56.328000,9.0450,0.1350
56.328000,8.9799,0.1246
56.329000,8.9945,0.1246
56.330000,9.0139,0.1245
56.331000,8.9912,0.1245
56.332000,8.9733,0.1245
56.333000,8.9600,0.1245
56.334000,8.9515,0.1245
56.335000,8.9476,0.1245
56.336000,8.9484,0.1245
56.337000,8.9539,0.1245
56.338000,8.9640,0.1244
56.339000,8.9788,0.1244
56.340000,8.9983,0.1244
56.341000,8.9762,0.1244
56.342000,8.9588,0.1244
56.343000,8.9460,0.1244
56.344000,8.9378,0.1244
56.345000,8.9342,0.1244
56.346000,8.9353,0.1244
56.347000,8.9410,0.1243
56.348000,8.9513,0.1243
56.349000,8.9662,0.1243
56.350000,8.9858,0.1243
56.351000,8.9641,0.1243
56.352000,8.9471,0.1243
56.373000,8.9456,0.1245
56.374000,8.9418,0.1245
56.375000,8.9420,0.1245
56.376000,8.9462,0.1245
56.377000,8.9544,0.1245
56.378000,8.9666,0.1244
56.379000,8.9828,0.1244
56.380000,9.0029,0.1244
56.381000,8.9877,0.1244
56.382000,8.9766,0.1244
56.383000,8.9694,0.1244
56.384000,8.9661,0.1244
56.385000,8.9669,0.1243
56.386000,8.9715,0.1243
56.387000,8.9800,0.1243
56.388000,8.9925,0.1242
56.389000,9.0089,0.1242
56.390000,9.0291,0.1242
56.391000,9.0145,0.1242
56.392000,9.0038,0.1242
56.393000,8.9970,0.1242
56.394000,8.9941,0.1242
56.395000,8.9951,0.1241
56.396000,9.0000,0.1241
56.397000,9.0087,0.1241
56.398000,9.0213,0.1241
56.399000,9.0377,0.1241
56.400000,9.0581,0.1241
56.401000,9.0442,0.1242
56.402000,9.0342,0.1242
56.403000,9.0281,0.1242
56.404000,9.0257,0.1243
56.405000,9.0272,0.1243
56.406000,9.0324,0.1243
56.407000,9.0415,0.1243
56.408000,9.0543,0.1243
56.409000,9.0708,0.1243
56.410000,9.0912,0.1243
56.411000,9.0779,0.1243
56.412000,9.0685,0.1244
56.413000,9.0628,0.1244
56.414000,9.0609,0.1244
56.415000,9.0627,0.1244
56.416000,9.0683,0.1245
56.417000,9.0775,0.1245
56.418000,9.0905,0.1245
56.419000,9.1072,0.1245
56.420000,9.1276,0.1245
56.421000,9.1408,0.1245
56.422000,9.1585,0.1246
56.423000,9.1809,0.1246
56.424000,9.2077,0.1246
56.425000,9.2388,0.1247
56.426000,9.2742,0.1247
56.427000,9.3136,0.1247
56.428000,9.3570,0.1248
56.429000,9.3949,0.1248
56.430000,9.4121,0.1248
56.430000,8.7403,0.1275
56.431000,8.8942,0.1275
56.432000,9.0363,0.1275
56.433000,9.1644,0.1275
56.434000,9.2784,0.1276
56.435000,9.3791,0.1276
56.436000,9.4680,0.1276
56.437000,9.5466,0.1276
56.438000,9.6164,0.1276
56.439000,9.6790,0.1276
56.440000,9.7358,0.1276
56.441000,9.7615,0.1276
56.442000,9.7840,0.1276
56.443000,9.8042,0.1276
56.444000,9.8228,0.1276
56.444000,9.6320,0.1305
56.445000,9.6496,0.1305
56.446000,9.6665,0.1305
56.447000,9.6831,0.1305
56.448000,9.6999,0.1305
56.449000,9.7172,0.1306
56.450000,9.7353,0.1306
56.451000,9.7303,0.1306
56.452000,9.7267,0.1306
56.453000,9.7246,0.1307
56.454000,9.7241,0.1307
56.455000,9.7254,0.1307
56.466000,9.7338,0.1308
56.467000,9.7372,0.1309
56.468000,9.7430,0.1309
56.469000,9.7511,0.1309
56.470000,9.7616,0.1309
56.471000,9.7507,0.1309
56.472000,9.7422,0.1309
56.483000,9.7343,0.1309
56.484000,9.7307,0.1309
56.485000,9.7294,0.1309
56.486000,9.7305,0.1309
56.487000,9.7340,0.1310
56.488000,9.7398,0.1310
56.489000,9.7480,0.1310
56.490000,9.7586,0.1310
56.498000,9.7422,0.1313
56.499000,9.7506,0.1313
56.500000,9.7613,0.1313
56.501000,9.7518,0.1314
56.502000,9.7445,0.1314
56.503000,9.7395,0.1314
56.504000,9.7368,0.1314
56.505000,9.7364,0.1314
56.506000,9.7382,0.1314
56.507000,9.7424,0.1314
56.508000,9.7488,0.1314
56.509000,9.7574,0.1314
56.510000,9.7684,0.1314
56.515000,9.7560,0.1314
56.518000,9.7723,0.1315
56.519000,9.7816,0.1316
56.520000,9.7928,0.1316
56.521000,9.7878,0.1317
56.522000,9.7847,0.1317
56.523000,9.7834,0.1317
56.524000,9.7840,0.1317
56.525000,9.7865,0.1318
56.526000,9.7907,0.1318
56.527000,9.7968,0.1318
56.528000,9.8047,0.1318
56.529000,9.8144,0.1319
56.530000,9.8260,0.1319
56.531000,9.8216,0.1319
56.532000,9.8190,0.1319
56.533000,9.8182,0.1319
56.534000,9.8193,0.1319
56.535000,9.8221,0.1320
56.536000,9.8267,0.1320
56.537000,9.8330,0.1320
56.538000,9.8411,0.1320
56.539000,9.8511,0.1320
56.540000,9.8628,0.1320
56.541000,9.8584,0.1320
56.542000,9.8557,0.1320
56.543000,9.8549,0.1320
56.544000,9.8558,0.1320
56.545000,9.8585,0.1320
56.546000,9.8629,0.1320
56.547000,9.8690,0.1319
56.548000,9.8770,0.1319
56.549000,9.8869,0.1319
56.550000,9.8988,0.1319
56.551000,9.8904,0.1319
56.552000,9.8841,0.1319
56.553000,9.8800,0.1319
56.553000,8.1914,0.1336
56.554000,8.1865,0.1336
56.555000,8.1844,0.1336
56.556000,8.1852,0.1336
56.557000,8.1890,0.1336
56.558000,8.1956,0.1336
56.559000,8.2053,0.1336
56.560000,8.2179,0.1336
56.561000,8.2027,0.1336
56.562000,8.1904,0.1337
56.563000,8.1812,0.1337
56.564000,8.1750,0.1337
56.565000,8.1718,0.1337
56.566000,8.1718,0.1337
56.566000,8.1706,0.1310
56.567000,8.1744,0.1310
56.568000,8.1811,0.1310
56.569000,8.1907,0.1310
56.570000,8.2033,0.1310
56.571000,8.1888,0.1310
56.572000,8.1774,0.1310
56.573000,8.1689,0.1310
56.577000,8.1647,0.1310
56.578000,8.1711,0.1310
56.579000,8.1805,0.1311
56.580000,8.1929,0.1311
56.581000,8.1784,0.1311
56.582000,8.1668,0.1311
56.583000,8.1583,0.1311
56.584000,8.1527,0.1312
56.585000,8.1502,0.1312
56.586000,8.1506,0.1312
56.587000,8.1540,0.1312
56.588000,8.1604,0.1312
56.589000,8.1698,0.1313
56.597000,8.1439,0.1313
56.598000,8.1504,0.1313
56.599000,8.1598,0.1313
56.600000,8.1723,0.1313
56.601000,8.1582,0.1313
56.602000,8.1470,0.1313
56.603000,8.1389,0.1313
56.604000,8.1337,0.1313
56.605000,8.1314,0.1313
56.606000,8.1321,0.1313
56.607000,8.1358,0.1313
56.608000,8.1424,0.1313
56.609000,8.1520,0.1313
56.610000,8.1646,0.1313
56.611000,8.1508,0.1313
56.612000,8.1401,0.1313
56.613000,8.1323,0.1313
56.614000,8.1274,0.1313
56.615000,8.1254,0.1314
56.616000,8.1264,0.1313
56.616000,8.3365,0.1326
56.617000,8.3428,0.1327
56.618000,8.3520,0.1327
56.619000,8.3641,0.1327
56.620000,8.3791,0.1328
56.621000,8.3683,0.1328
56.622000,8.3604,0.1328
56.623000,8.3553,0.1328
56.624000,8.3531,0.1328
56.625000,8.3538,0.1329
56.626000,8.3574,0.1329
56.627000,8.3638,0.1329
56.628000,8.3731,0.1330
56.629000,8.3853,0.1330
56.630000,8.4004,0.1331
56.631000,8.3892,0.1331
56.632000,8.3809,0.1331
56.633000,8.3755,0.1332
56.634000,8.3731,0.1332
56.635000,8.3736,0.1332
56.636000,8.3770,0.1332
56.637000,8.3833,0.1332
56.638000,8.3925,0.1332
56.639000,8.4046,0.1332
56.645000,8.3939,0.1334
56.654000,8.0435,0.1395
56.655000,8.0438,0.1395
56.656000,8.0468,0.1395
56.657000,8.0527,0.1396
56.658000,8.0613,0.1396
56.659000,8.0727,0.1396
56.660000,8.0870,0.1396
56.661000,8.0760,0.1396
56.662000,8.0678,0.1397
56.663000,8.0624,0.1397
56.664000,8.0599,0.1396
56.665000,8.0602,0.1397
56.666000,8.0632,0.1397
56.667000,8.0691,0.1397
56.668000,8.0777,0.1397
56.669000,8.0892,0.1397
56.670000,8.1035,0.1397
56.671000,8.0928,0.1397
56.672000,8.0849,0.1397
56.673000,8.0798,0.1397
56.674000,8.0775,0.1397
56.675000,8.0779,0.1397
56.676000,8.0812,0.1397
56.677000,8.0872,0.1397
56.678000,8.0960,0.1397
56.679000,8.1075,0.1397
56.680000,8.1218,0.1397
56.681000,8.1116,0.1397
56.682000,8.1042,0.1397
56.683000,8.0995,0.1397
56.684000,8.0975,0.1398
56.685000,8.0983,0.1398
56.686000,8.1019,0.1398
56.687000,8.1081,0.1398
56.688000,8.1171,0.1398
56.688000,8.1223,0.1434
56.689000,8.1344,0.1434
56.690000,8.1493,0.1434
56.691000,8.1393,0.1434
56.692000,8.1321,0.1434
56.693000,8.1277,0.1434
56.693000,8.1877,0.1446
56.694000,8.1866,0.1446
56.695000,8.1880,0.1446
56.696000,8.1921,0.1447
56.697000,8.1988,0.1447
56.698000,8.2082,0.1448
56.699000,8.2201,0.1448
56.700000,8.2347,0.1448
56.701000,8.2258,0.1449
56.702000,8.2196,0.1449
56.703000,8.2160,0.1449
56.703000,8.3216,0.1477
56.704000,8.3206,0.1477
56.705000,8.3221,0.1477
56.706000,8.3262,0.1478
56.707000,8.3329,0.1478
56.708000,8.3421,0.1478
56.709000,8.3538,0.1478
56.710000,8.3681,0.1478
56.711000,8.3599,0.1478
56.712000,8.3543,0.1478
56.713000,8.3511,0.1478
56.714000,8.3505,0.1477
56.715000,8.3524,0.1477
56.716000,8.3568,0.1477
56.717000,8.3637,0.1477
56.718000,8.3731,0.1478
56.719000,8.3850,0.1478
56.720000,8.3993,0.1478
56.721000,8.3918,0.1478
56.722000,8.3868,0.1478
56.723000,8.3842,0.1478
56.724000,8.3841,0.1478
56.725000,8.3864,0.1478
56.726000,8.3912,0.1479
56.727000,8.3984,0.1479
56.728000,8.4080,0.1479
56.729000,8.4200,0.1479
56.730000,8.4345,0.1479
56.731000,8.4276,0.1479
56.732000,8.4233,0.1479
56.733000,8.4213,0.1479
56.734000,8.4217,0.1479
56.735000,8.4245,0.1479
56.736000,8.4296,0.1479
56.737000,8.4371,0.1479
56.738000,8.4469,0.1478
56.739000,8.4591,0.1478
56.740000,8.4736,0.1478
56.741000,8.4821,0.1478
56.742000,8.4923,0.1478
56.743000,8.5038,0.1478
56.744000,8.5164,0.1478
56.745000,8.5298,0.1478
56.746000,8.5438,0.1478
56.747000,8.5583,0.1478
56.748000,8.5731,0.1478
56.749000,8.5880,0.1477
56.750000,8.6030,0.1478
56.751000,8.6231,0.1477
56.752000,8.6431,0.1478
56.753000,8.6630,0.1478
56.754000,8.6826,0.1478
56.755000,8.7019,0.1478
56.755000,8.5032,0.1491
56.756000,8.5089,0.1492
56.757000,8.5141,0.1492
56.758000,8.5190,0.1492
56.759000,8.5234,0.1492
56.760000,8.5272,0.1492
56.761000,8.5373,0.1492
56.762000,8.5468,0.1492
56.763000,8.5557,0.1493
56.764000,8.5640,0.1492
56.765000,8.5717,0.1493
56.766000,8.5788,0.1493
56.767000,8.5852,0.1493
56.768000,8.5909,0.1493
56.769000,8.5960,0.1493
56.770000,8.6003,0.1493
56.771000,8.6118,0.1493
56.772000,8.6225,0.1493
56.793000,8.8061,0.1494
56.827000,9.3621,0.1494
56.828000,9.3743,0.1493
56.829000,9.3835,0.1493
56.830000,9.3897,0.1493
56.831000,9.4220,0.1492
56.832000,9.4514,0.1492
56.833000,9.4779,0.1492
56.834000,9.5015,0.1491
56.835000,9.5221,0.1491
56.836000,9.5399,0.1491
56.837000,9.5547,0.1490
56.838000,9.5667,0.1490
56.839000,9.5758,0.1490
56.840000,9.5819,0.1490
56.841000,9.6135,0.1490
56.842000,9.6423,0.1490
56.843000,9.6683,0.1490
56.844000,9.6915,0.1490
56.845000,9.7120,0.1490
56.846000,9.7296,0.1490
56.847000,9.7444,0.1490
56.848000,9.7563,0.1490
56.849000,9.7652,0.1490
56.850000,9.7711,0.1490
56.851000,9.8050,0.1490
56.852000,9.8360,0.1491
56.853000,9.8639,0.1491
56.854000,9.8888,0.1491
56.855000,9.9105,0.1491
56.856000,9.9291,0.1492
56.857000,9.9446,0.1492
56.858000,9.9570,0.1493
56.859000,9.9662,0.1493
56.860000,9.9722,0.1494
56.861000,10.0053,0.1494
56.862000,10.0354,0.1494
56.863000,10.0625,0.1495
56.865000,10.1077,0.1495
56.874000,10.2812,0.1497
56.875000,10.3025,0.1497
56.876000,10.3208,0.1497
56.877000,10.3359,0.1497
56.878000,10.3478,0.1497
56.878000,8.7440,0.1430
56.879000,8.7385,0.1430
56.880000,8.7302,0.1430
56.881000,8.7479,0.1430
56.882000,8.7627,0.1430
56.883000,8.7747,0.1431
56.916000,8.8984,0.1427
56.917000,8.8971,0.1427
56.918000,8.8932,0.1427
56.919000,8.8868,0.1427
56.920000,8.8779,0.1427
56.921000,8.8899,0.1427
56.922000,8.8995,0.1427
56.923000,8.9067,0.1427
56.923000,8.6845,0.1428
56.924000,8.6888,0.1428
56.980000,8.2429,0.1387
56.982000,8.2395,0.1387
57.001000,8.1601,0.1386
57.011000,8.1319,0.1385
57.012000,8.1312,0.1386
57.017000,8.1157,0.1386
57.018000,8.1103,0.1386
57.019000,8.1042,0.1386
57.020000,8.0975,0.1386
57.021000,8.0955,0.1387
57.022000,8.0929,0.1387
57.023000,8.0897,0.1387
57.024000,8.0859,0.1387
57.025000,8.0815,0.1388
57.026000,8.0765,0.1388
57.027000,8.0710,0.1388
57.028000,8.0649,0.1388
57.029000,8.0583,0.1388
57.029000,7.7648,0.1327
57.030000,7.7612,0.1327
57.031000,7.7623,0.1328
57.032000,7.7628,0.1328
57.033000,7.7627,0.1328
57.034000,7.7619,0.1328
57.035000,7.7606,0.1328
57.036000,7.7587,0.1328
57.037000,7.7563,0.1328
57.038000,7.7533,0.1329
57.039000,7.7498,0.1329
57.049000,7.7229,0.1331
57.050000,7.7186,0.1331
57.051000,7.7157,0.1331
57.052000,7.7126,0.1331
57.053000,7.7092,0.1331
57.054000,7.7056,0.1331
57.055000,7.7018,0.1331
57.056000,7.6977,0.1331
57.068000,7.9689,0.1319
57.069000,7.9658,0.1319
57.070000,7.9624,0.1319
57.071000,7.9603,0.1319
57.072000,7.9580,0.1319
57.073000,7.9554,0.1319
57.074000,7.9527,0.1320
57.075000,7.9497,0.1320
57.076000,7.9466,0.1320
57.077000,7.9432,0.1320
57.078000,7.9398,0.1320
57.079000,7.9362,0.1320
57.080000,7.9325,0.1320
57.081000,7.9287,0.1321
57.087000,7.9051,0.1321
57.123000,7.9689,0.1362
57.124000,7.9656,0.1362
57.125000,7.9627,0.1361
57.126000,7.9601,0.1361
57.127000,7.9579,0.1362
57.128000,7.9560,0.1362
57.129000,7.9546,0.1362
57.130000,7.9536,0.1362
57.131000,7.9478,0.1362
57.132000,7.9425,0.1362
57.133000,7.9377,0.1362
57.134000,7.9333,0.1362
57.135000,7.9294,0.1362
57.136000,7.9260,0.1363
57.137000,7.9231,0.1363
57.138000,7.9207,0.1363
57.139000,7.9189,0.1363
57.140000,7.9176,0.1363
57.141000,7.9105,0.1363
57.142000,7.9040,0.1363
57.143000,7.8981,0.1364
57.144000,7.8928,0.1364
57.145000,7.8881,0.1364
57.146000,7.8840,0.1365
57.147000,7.8805,0.1365
57.148000,7.8776,0.1365
57.149000,7.8754,0.1365
57.150000,7.8738,0.1365
57.151000,7.8655,0.1365
57.152000,7.8579,0.1366
57.153000,7.8509,0.1366
57.154000,7.8447,0.1366
57.165000,7.7833,0.1369
57.166000,7.7779,0.1369
57.167000,7.7733,0.1369
57.168000,7.7696,0.1369
57.169000,7.7668,0.1370
57.170000,7.7648,0.1370
57.171000,7.7543,0.1370
57.172000,7.7447,0.1370
57.172000,7.8564,0.1437
57.173000,7.8497,0.1437
57.174000,7.8442,0.1437
57.175000,7.8397,0.1437
57.176000,7.8365,0.1437
57.177000,7.8344,0.1437
57.178000,7.8334,0.1437
57.184000,7.8030,0.1438
57.185000,7.7980,0.1438
57.186000,7.7942,0.1438
57.187000,7.7917,0.1438
57.188000,7.7904,0.1437
57.189000,7.7904,0.1437
57.190000,7.7917,0.1437
57.191000,7.7810,0.1437
57.204000,7.7055,0.1438
57.205000,7.6995,0.1438
57.206000,7.6948,0.1438
57.207000,7.6916,0.1439
57.208000,7.6897,0.1439
57.209000,7.6893,0.1439
57.210000,7.6904,0.1440
57.211000,7.6780,0.1440
57.232000,8.1716,0.1552
57.233000,8.1630,0.1552
57.234000,8.1563,0.1552
57.235000,8.1515,0.1553
57.236000,8.1487,0.1553
57.237000,8.1478,0.1553
57.238000,8.1489,0.1553
57.239000,8.1520,0.1553
57.240000,8.1571,0.1553
57.241000,8.1441,0.1553
57.242000,8.1332,0.1553
57.243000,8.1242,0.1553
57.244000,8.1172,0.1553
57.245000,8.1122,0.1553
57.246000,8.1092,0.1553
57.247000,8.1082,0.1553
57.256000,8.0676,0.1556
57.257000,8.0665,0.1557
57.258000,8.0673,0.1557
57.259000,8.0702,0.1557
57.260000,8.0752,0.1558
57.261000,8.0615,0.1558
57.263000,8.0403,0.1559
57.264000,8.0328,0.1559
57.265000,8.0273,0.1559
57.266000,8.0239,0.1560
57.267000,8.0226,0.1560
57.268000,8.0233,0.1560
57.269000,8.0261,0.1560
57.270000,8.0311,0.1560
57.307000,7.8386,0.1704
57.308000,7.8412,0.1705
57.309000,7.8465,0.1705
57.310000,7.8543,0.1705
57.311000,7.8385,0.1704
57.312000,7.8252,0.1705
57.312000,7.9186,0.1775
57.322000,7.8831,0.1777
57.323000,7.8726,0.1777
57.324000,7.8648,0.1777
57.325000,7.8598,0.1776
57.326000,7.8576,0.1776
57.327000,7.8582,0.1776
57.332000,7.8472,0.1776
57.333000,7.8365,0.1776
57.334000,7.8287,0.1775
57.335000,7.8236,0.1775
57.336000,7.8214,0.1775
57.337000,7.8219,0.1775
57.338000,7.8253,0.1775
57.339000,7.8316,0.1775
57.340000,7.8406,0.1775
57.341000,7.8240,0.1775
57.342000,7.8103,0.1775
57.343000,7.7994,0.1776
57.344000,7.7913,0.1776
57.345000,7.7861,0.1776
57.346000,7.7837,0.1777
57.347000,7.7842,0.1777
57.348000,7.7876,0.1777
57.349000,7.7938,0.1777
57.350000,7.8030,0.1778
57.351000,7.7861,0.1778
57.352000,7.7720,0.1778
57.353000,7.7609,0.1778
57.354000,7.7526,0.1778
57.355000,7.7471,0.1778
57.356000,7.7446,0.1778
57.357000,7.7450,0.1778
57.358000,7.7483,0.1777
57.359000,7.7546,0.1777
57.360000,7.7638,0.1777
57.361000,7.7458,0.1776
57.362000,7.7308,0.1776
57.363000,7.7188,0.1776
57.364000,7.7098,0.1775
57.365000,7.7039,0.1775
57.366000,7.7009,0.1775
57.367000,7.7011,0.1775
57.368000,7.7042,0.1775
57.369000,7.7105,0.1775
57.370000,7.7198,0.1775
57.371000,7.7016,0.1776
57.371000,7.6585,0.1878
57.372000,7.6438,0.1878
57.373000,7.6321,0.1878
57.374000,7.6236,0.1879
57.375000,7.6183,0.1879
57.376000,7.6160,0.1879
57.377000,7.6170,0.1879
57.378000,7.6211,0.1879
57.379000,7.6284,0.1879
57.380000,7.6388,0.1880
57.380000,8.0198,0.1922
57.381000,8.0031,0.1922
57.382000,7.9896,0.1922
57.383000,7.9794,0.1922
57.384000,7.9723,0.1922
57.385000,7.9685,0.1922
57.386000,7.9678,0.1922
57.387000,7.9704,0.1922
57.388000,7.9761,0.1922
57.389000,7.9851,0.1922
57.390000,7.9973,0.1923
57.391000,7.9894,0.1923
57.392000,7.9846,0.1923
57.393000,7.9829,0.1923
57.394000,7.9838,0.1923
57.395000,7.9870,0.1923
57.396000,7.9924,0.1923
57.397000,7.9996,0.1923
57.398000,8.0085,0.1924
57.399000,8.0191,0.1924
57.400000,8.0310,0.1924
57.401000,8.0352,0.1924
57.402000,8.0408,0.1924
57.403000,8.0476,0.1924
57.404000,8.0556,0.1925
57.405000,8.0648,0.1925
57.406000,8.0750,0.1925
57.407000,8.0864,0.1925
57.408000,8.0989,0.1925
57.409000,8.1124,0.1925
57.410000,8.1270,0.1925
57.411000,8.1327,0.1925
57.412000,8.1394,0.1925
57.413000,8.1473,0.1925
57.414000,8.1561,0.1925
57.415000,8.1661,0.1925
57.416000,8.1771,0.1925
57.417000,8.1891,0.1925
57.418000,8.2022,0.1926
57.419000,8.2164,0.1926
57.420000,8.2316,0.1926
57.421000,8.2468,0.1926
57.422000,8.2631,0.1926
57.423000,8.2806,0.1926
57.424000,8.2989,0.1926
57.425000,8.3175,0.1927
57.426000,8.3359,0.1927
57.427000,8.3538,0.1927
57.427000,7.7970,0.2076
57.428000,7.7955,0.2076
57.443000,7.9421,0.2080
57.444000,7.9579,0.2080
57.445000,7.9713,0.2081
57.446000,7.9822,0.2081
57.447000,7.9905,0.2081
57.448000,7.9962,0.2082
57.449000,7.9993,0.2082
57.450000,7.9996,0.2082
57.451000,8.0255,0.2083
57.452000,8.0487,0.2083
57.453000,8.0693,0.2083
57.454000,8.0870,0.2083
57.455000,8.1020,0.2083
57.456000,8.1142,0.2083
57.457000,8.1237,0.2083
57.458000,8.1302,0.2083
57.459000,8.1340,0.2083
57.460000,8.1349,0.2083
57.461000,8.1618,0.2083
57.462000,8.1860,0.2083
57.463000,8.2073,0.2083
57.464000,8.2257,0.2083
57.465000,8.2413,0.2083
57.466000,8.2541,0.2084
57.467000,8.2640,0.2084
57.468000,8.2710,0.2084
57.469000,8.2750,0.2084
57.470000,8.2762,0.2084
57.471000,8.3041,0.2084
57.472000,8.3290,0.2084
57.473000,8.3511,0.2084
57.474000,8.3703,0.2084
57.475000,8.3865,0.2085
57.476000,8.3998,0.2085
57.477000,8.4101,0.2085
57.478000,8.4175,0.2085
57.479000,8.4218,0.2085
57.480000,8.4232,0.2085
57.481000,8.4522,0.2086
57.482000,8.4782,0.2086
57.483000,8.5012,0.2086
57.484000,8.5212,0.2086
57.485000,8.5382,0.2087
57.486000,8.5521,0.2087
57.487000,8.5630,0.2087
57.488000,8.5707,0.2087
57.489000,8.5754,0.2087
57.490000,8.5769,0.2087
57.491000,8.6085,0.2087
57.492000,8.6369,0.2087
57.492000,7.6934,0.2264
57.493000,7.7075,0.2264
57.494000,7.7182,0.2264
57.495000,7.7256,0.2264
57.496000,7.7296,0.2265
57.497000,7.7300,0.2265
57.498000,7.7269,0.2265
57.499000,7.7200,0.2265
57.500000,7.7094,0.2265
57.501000,7.7357,0.2266
57.502000,7.7582,0.2266
57.503000,7.7769,0.2266
57.504000,7.7916,0.2266
57.505000,7.8025,0.2266
57.506000,7.8094,0.2265
57.507000,7.8123,0.2265
57.508000,7.8112,0.2265
57.509000,7.8059,0.2265
57.510000,7.7961,0.2265
57.511000,7.8370,0.2265
57.512000,7.8730,0.2265
57.513000,7.9038,0.2265
57.514000,7.9293,0.2265
57.515000,7.9492,0.2265
57.516000,7.9637,0.2265
57.517000,7.9724,0.2265
57.518000,7.9754,0.2266
57.519000,7.9727,0.2266
57.520000,7.9640,0.2266
57.521000,8.0104,0.2266
57.522000,8.0508,0.2267
57.523000,8.0853,0.2267
57.524000,8.1139,0.2267
57.525000,8.1365,0.2267
57.526000,8.1530,0.2267
57.527000,8.1636,0.2267
57.528000,8.1681,0.2268
57.529000,8.1666,0.2268
57.530000,8.1591,0.2268
57.531000,8.2060,0.2268
57.532000,8.2469,0.2269
57.533000,8.2818,0.2269
57.534000,8.3107,0.2269
57.535000,8.3335,0.2270
57.536000,8.3503,0.2270
57.536000,7.6470,0.2462
57.537000,7.6442,0.2462
57.538000,7.6354,0.2462
57.539000,7.6204,0.2463
57.540000,7.5994,0.2463
57.541000,7.6329,0.2463
57.542000,7.6603,0.2463
57.543000,7.6817,0.2464
57.544000,7.6970,0.2464
57.545000,7.7063,0.2464
57.546000,7.7095,0.2465
57.547000,7.7067,0.2465
57.548000,7.6978,0.2466
57.549000,7.6828,0.2466
57.550000,7.6619,0.2466
57.551000,7.6950,0.2466
57.552000,7.7221,0.2467
57.553000,7.7431,0.2467
57.554000,7.7582,0.2467
57.555000,7.7672,0.2467
57.556000,7.7702,0.2467
57.557000,7.7672,0.2467
57.558000,7.7583,0.2467
57.559000,7.7433,0.2467
57.560000,7.7224,0.2467
57.561000,7.7550,0.2467
57.562000,7.7817,0.2468
57.563000,7.8024,0.2468
57.564000,7.8171,0.2468
57.565000,7.8259,0.2469
57.566000,7.8287,0.2469
57.567000,7.8256,0.2470
57.568000,7.8166,0.2470
57.569000,7.8016,0.2470
57.578000,7.8719,0.2473
57.579000,7.8568,0.2473
57.580000,7.8359,0.2473
57.581000,7.8673,0.2474
57.586000,7.9366,0.2475
57.587000,7.9330,0.2475
57.588000,7.9237,0.2475
57.589000,7.9085,0.2475
57.590000,7.8875,0.2475
57.591000,7.9182,0.2476
57.592000,7.9431,0.2476
57.593000,7.9623,0.2476
57.594000,7.9757,0.2476
57.595000,7.9834,0.2477
57.596000,7.9853,0.2477
57.597000,7.9814,0.2477
57.598000,7.9718,0.2477
57.599000,7.9565,0.2477
57.600000,7.9355,0.2477
57.601000,7.9656,0.2477
57.602000,7.9900,0.2478
57.603000,8.0087,0.2478
57.604000,8.0217,0.2478
57.605000,8.0290,0.2478
57.606000,8.0306,0.2478
57.607000,8.0265,0.2478
57.608000,8.0168,0.2478
57.609000,8.0013,0.2477
57.610000,7.9802,0.2477
57.611000,8.0097,0.2477
57.612000,8.0335,0.2478
57.613000,8.0517,0.2478
57.614000,8.0642,0.2478
57.615000,8.0711,0.2478
57.616000,8.0724,0.2478
57.617000,8.0680,0.2478
57.618000,8.0581,0.2477
57.619000,8.0425,0.2477
57.620000,8.0213,0.2477
57.621000,8.0501,0.2477
57.622000,8.0734,0.2477
57.623000,8.0910,0.2477
57.624000,8.1031,0.2477
57.625000,8.1096,0.2477
57.626000,8.1105,0.2477
57.627000,8.1059,0.2477
57.628000,8.0957,0.2477
57.629000,8.0799,0.2477
57.630000,8.0586,0.2477
57.631000,8.0867,0.2477
57.632000,8.1092,0.2477
57.633000,8.1263,0.2477
57.634000,8.1378,0.2477
57.635000,8.1438,0.2477
57.636000,8.1443,0.2477
57.636000,8.1915,0.2646
57.637000,8.1903,0.2646
57.638000,8.1838,0.2646
57.639000,8.1721,0.2646
57.640000,8.1551,0.2646
57.641000,8.1850,0.2646
57.642000,8.2097,0.2646
57.643000,8.2291,0.2646
57.644000,8.2433,0.2646
57.645000,8.2523,0.2646
57.646000,8.2560,0.2646
57.647000,8.2545,0.2647
57.648000,8.2478,0.2647
57.649000,8.2359,0.2647
57.650000,8.2189,0.2647
57.651000,8.2481,0.2648
57.652000,8.2722,0.2648
57.653000,8.2911,0.2648
57.654000,8.3048,0.2648
57.655000,8.3134,0.2648
57.656000,8.3168,0.2648
57.657000,8.3150,0.2649
57.658000,8.3082,0.2649
57.659000,8.2962,0.2649
57.660000,8.2791,0.2649
57.661000,8.3077,0.2650
57.662000,8.3312,0.2650
57.663000,8.3495,0.2650
57.664000,8.3628,0.2650
57.665000,8.3710,0.2651
57.666000,8.3741,0.2651
57.667000,8.3721,0.2651
57.668000,8.3651,0.2651
57.669000,8.3530,0.2651
57.670000,8.3358,0.2651
57.671000,8.3637,0.2652
57.672000,8.3866,0.2652
57.672000,8.2706,0.2820
57.673000,8.2892,0.2820
57.674000,8.3030,0.2820
57.675000,8.3120,0.2821
57.677000,8.3157,0.2821
57.678000,8.3104,0.2821
57.679000,8.3004,0.2821
57.680000,8.2856,0.2821
57.681000,8.3130,0.2822
57.682000,8.3357,0.2822
57.691000,8.3743,0.2826
57.692000,8.3962,0.2826
57.693000,8.4135,0.2827
57.694000,8.4261,0.2827
57.695000,8.4342,0.2827
57.696000,8.4376,0.2827
57.697000,8.4364,0.2827
57.698000,8.4306,0.2827
57.699000,8.4203,0.2828
57.700000,8.4054,0.2828
57.701000,8.4313,0.2828
57.702000,8.4526,0.2828
57.703000,8.4694,0.2828
57.704000,8.4816,0.2828
57.705000,8.4893,0.2828
57.712000,8.5060,0.2828
57.713000,8.5224,0.2828
57.714000,8.5342,0.2828
57.715000,8.5416,0.2828
57.716000,8.5445,0.2829
57.717000,8.5429,0.2829
57.718000,8.5368,0.2829
57.719000,8.5263,0.2830
57.720000,8.5113,0.2830
57.721000,8.5363,0.2831
57.722000,8.5568,0.2831
57.723000,8.5729,0.2832
57.724000,8.5845,0.2832
57.725000,8.5917,0.2833
57.726000,8.5943,0.2834
57.727000,8.5926,0.2834
57.728000,8.5864,0.2835
57.729000,8.5758,0.2835
57.730000,8.5608,0.2836
57.731000,8.5854,0.2836
57.732000,8.6057,0.2836
57.733000,8.6215,0.2836
57.734000,8.6328,0.2837
57.735000,8.6398,0.2837
57.736000,8.6423,0.2837
57.737000,8.6404,0.2837
57.738000,8.6341,0.2837
57.739000,8.6234,0.2838
57.740000,8.6084,0.2838
57.741000,8.6328,0.2838
57.742000,8.6528,0.2839
57.743000,8.6684,0.2839
57.744000,8.6796,0.2840
57.745000,8.6864,0.2840
57.746000,8.6888,0.2841
57.747000,8.6869,0.2841
57.748000,8.6806,0.2842
57.749000,8.6699,0.2842
57.750000,8.6548,0.2843
57.751000,8.6789,0.2843
57.752000,8.6985,0.2843
57.753000,8.7139,0.2843
57.754000,8.7248,0.2843
57.755000,8.7314,0.2844
57.756000,8.7336,0.2844
57.757000,8.7315,0.2844
57.758000,8.7251,0.2844
57.759000,8.7143,0.2844
57.760000,8.6993,0.2844
57.761000,8.7231,0.2844
57.761000,8.5464,0.2977
57.761000,8.2571,0.3022
57.762000,8.2770,0.3022
57.763000,8.2930,0.3022
57.764000,8.3051,0.3022
57.765000,8.3134,0.3023
57.766000,8.3178,0.3022
57.767000,8.3183,0.3022
57.768000,8.3149,0.3023
57.769000,8.3077,0.3023
57.770000,8.2967,0.3023
57.771000,8.3205,0.3023
57.772000,8.3405,0.3023
57.773000,8.3566,0.3023
57.774000,8.3688,0.3023
57.775000,8.3771,0.3023
57.776000,8.3815,0.3023
57.777000,8.3821,0.3023
57.778000,8.3787,0.3023
57.779000,8.3715,0.3023
57.780000,8.3605,0.3023
57.781000,8.3845,0.3024
57.782000,8.4047,0.3024
57.783000,8.4210,0.3024
57.784000,8.4334,0.3024
57.785000,8.4418,0.3024
57.786000,8.4464,0.3025
57.787000,8.4470,0.3025
57.788000,8.4438,0.3025
57.789000,8.4367,0.3025
57.790000,8.4256,0.3026
57.791000,8.4505,0.3026
57.792000,8.4714,0.3026
57.793000,8.4883,0.3026
57.794000,8.5013,0.3027
57.795000,8.5103,0.3027
57.796000,8.5153,0.3028
57.797000,8.5162,0.3028
57.798000,8.5133,0.3028
57.799000,8.5063,0.3028
57.800000,8.4953,0.3029
57.801000,8.5208,0.3029
57.802000,8.5422,0.3029
57.803000,8.5597,0.3030
57.804000,8.5731,0.3030
57.805000,8.5824,0.3031
57.806000,8.5877,0.3031
57.807000,8.5890,0.3032
57.808000,8.5862,0.3032
57.809000,8.5794,0.3032
57.810000,8.5686,0.3033
57.811000,8.5947,0.3033
57.812000,8.6167,0.3034
57.813000,8.6347,0.3034
57.814000,8.6486,0.3034
57.815000,8.6584,0.3034
57.816000,8.6641,0.3035
57.817000,8.6657,0.3035
57.818000,8.6633,0.3035
57.819000,8.6567,0.3036
57.820000,8.6460,0.3036
57.821000,8.6734,0.3036
57.821000,8.4741,0.3115
57.822000,8.4971,0.3115
57.823000,8.5161,0.3115
57.824000,8.5309,0.3115
57.824000,8.7337,0.3154
57.825000,8.7440,0.3155
57.826000,8.7504,0.3155
57.827000,8.7528,0.3156
57.828000,8.7514,0.3157
57.829000,8.7459,0.3157
57.830000,8.7366,0.3158
57.831000,8.7637,0.3158
57.832000,8.7868,0.3159
57.833000,8.8060,0.3159
57.834000,8.8211,0.3160
57.835000,8.8322,0.3160
57.841000,8.8558,0.3162
57.842000,8.8804,0.3162
57.843000,8.9008,0.3162
57.844000,8.9171,0.3162
57.845000,8.9292,0.3163
57.846000,8.9372,0.3163
57.847000,8.9409,0.3163
57.848000,8.9405,0.3163
57.848000,8.7451,0.3217
57.849000,8.7392,0.3217
57.850000,8.7291,0.3217
57.851000,8.7567,0.3217
57.852000,8.7803,0.3218
57.853000,8.7996,0.3218
57.854000,8.8149,0.3218
57.855000,8.8259,0.3219
57.856000,8.8327,0.3219
57.857000,8.8354,0.3219
57.858000,8.8339,0.3220
57.859000,8.8283,0.3220
57.860000,8.8184,0.3220
57.861000,8.8469,0.3221
57.862000,8.8711,0.3221
57.863000,8.8911,0.3222
57.864000,8.9069,0.3222
57.865000,8.9185,0.3222
57.866000,8.9258,0.3223
57.867000,8.9290,0.3223
57.868000,8.9278,0.3223
57.869000,8.9225,0.3224
57.870000,8.9129,0.3224
57.871000,8.9419,0.3224
57.872000,8.9668,0.3224
57.884000,9.1042,0.3227
57.885000,9.1167,0.3228
57.886000,9.1248,0.3228
57.887000,9.1287,0.3229
57.888000,9.1282,0.3230
57.888000,8.9366,0.3258
57.888000,9.1941,0.3276
57.889000,9.1868,0.3276
57.890000,9.1752,0.3277
57.891000,9.2021,0.3277
57.892000,9.2248,0.3278
57.893000,9.2432,0.3279
57.894000,9.2574,0.3279
57.895000,9.2672,0.3280
57.896000,9.2728,0.3280
57.897000,9.2742,0.3280
57.898000,9.2713,0.3281
57.899000,9.2641,0.3281
57.900000,9.2526,0.3281
57.901000,9.2798,0.3282
57.902000,9.3026,0.3282
57.903000,9.3212,0.3282
57.904000,9.3355,0.3283
57.905000,9.3455,0.3283
57.906000,9.3513,0.3284
57.913000,9.4005,0.3285
57.914000,9.4149,0.3285
57.915000,9.4251,0.3285
57.916000,9.4310,0.3285
57.919000,9.4229,0.3286
57.922000,9.4623,0.3287
57.931000,9.5208,0.3289
57.935000,9.9407,0.3272
57.936000,9.9461,0.3272
57.937000,9.9473,0.3273
57.938000,9.9443,0.3273
57.939000,9.9370,0.3273
57.940000,9.9255,0.3274
57.941000,9.9516,0.3274
57.942000,9.9735,0.3274
57.943000,9.9913,0.3274
57.944000,10.0048,0.3275
57.945000,10.0142,0.3275
57.946000,10.0194,0.3275
57.947000,10.0204,0.3275
57.948000,10.0173,0.3276
57.949000,10.0100,0.3276
57.950000,9.9985,0.3276
57.951000,10.0241,0.3276
57.952000,10.0455,0.3276
57.953000,10.0628,0.3277
57.954000,10.0760,0.3277
57.955000,10.0851,0.3277
57.956000,10.0901,0.3277
57.957000,10.0910,0.3277
57.958000,10.0877,0.3277
57.959000,10.0804,0.3277
57.960000,10.0691,0.3278
57.961000,10.0940,0.3278
57.962000,10.1150,0.3278
57.963000,10.1318,0.3279
57.964000,10.1447,0.3279
57.965000,10.1535,0.3279
57.966000,10.1583,0.3280
57.967000,10.1590,0.3280
57.968000,10.1557,0.3281
57.969000,10.1484,0.3281
57.970000,10.1370,0.3281
57.972000,10.1822,0.3281
57.973000,10.1988,0.3281
58.011000,10.2409,0.3298
58.012000,10.2603,0.3298
58.029000,10.3569,0.3305
58.030000,10.3469,0.3305
58.031000,10.3690,0.3306
58.032000,10.3875,0.3306
58.033000,10.4025,0.3306
58.034000,10.4138,0.3307
58.035000,10.4215,0.3307
58.036000,10.4256,0.3307
58.037000,10.4262,0.3308
58.038000,10.4232,0.3308
58.039000,10.4168,0.3309
58.040000,10.4069,0.3309
58.041000,10.4267,0.3309
58.042000,10.4432,0.3309
58.043000,10.4563,0.3309
58.044000,10.4661,0.3309
58.045000,10.4725,0.3309
58.046000,10.4757,0.3309
58.047000,10.4756,0.3310
58.048000,10.4721,0.3310
58.049000,10.4654,0.3310
58.050000,10.4554,0.3310
58.051000,10.4746,0.3311
58.052000,10.4906,0.3311
58.053000,10.5033,0.3311
58.054000,10.5128,0.3312
58.055000,10.5190,0.3312
58.056000,10.5220,0.3312
58.057000,10.5218,0.3312
58.087000,10.3144,0.3409
58.089000,10.3124,0.3410
58.090000,10.3072,0.3410
58.091000,10.3272,0.3410
58.092000,10.3444,0.3410
58.093000,10.3588,0.3411
58.094000,10.3704,0.3411
58.095000,10.3793,0.3411
58.096000,10.3853,0.3412
58.097000,10.3885,0.3412
58.098000,10.3889,0.3413
58.099000,10.3866,0.3413
58.100000,10.3815,0.3413
58.101000,10.4010,0.3414
58.102000,10.4178,0.3414
58.103000,10.4318,0.3415
58.104000,10.4431,0.3415
58.129000,10.6039,0.3420
58.130000,10.5991,0.3421
58.131000,10.6186,0.3421
58.132000,10.6353,0.3421
58.133000,10.6495,0.3422
58.134000,10.6609,0.3423
58.135000,10.6696,0.3423
58.136000,10.6757,0.3423
58.137000,10.6790,0.3424
58.138000,10.6797,0.3424
58.138000,10.8369,0.3435
58.139000,10.8362,0.3436
58.140000,10.8329,0.3436
58.141000,10.8531,0.3436
58.142000,10.8707,0.3437
58.142000,10.6221,0.3515
58.143000,10.6368,0.3516
58.144000,10.6490,0.3516
58.145000,10.6587,0.3517
58.146000,10.6659,0.3517
58.147000,10.6705,0.3518
58.148000,10.6727,0.3518
58.149000,10.6723,0.3519
58.150000,10.6694,0.3519
58.151000,10.6892,0.3519
58.152000,10.7065,0.3520
58.153000,10.7213,0.3520
58.154000,10.7336,0.3520
58.155000,10.7434,0.3521
58.156000,10.7507,0.3521
58.157000,10.7554,0.3522
58.158000,10.7577,0.3522
58.159000,10.7575,0.3523
58.160000,10.7548,0.3523
58.161000,10.7741,0.3523
58.162000,10.7909,0.3524
58.163000,10.8052,0.3524
58.164000,10.8170,0.3524
58.165000,10.8263,0.3525
58.166000,10.8332,0.3525
58.167000,10.8377,0.3525
58.168000,10.8398,0.3526
58.169000,10.8395,0.3526
58.170000,10.8371,0.3527
58.171000,10.8542,0.3527
58.172000,10.8691,0.3527
58.173000,10.8817,0.3528
58.174000,10.8922,0.3528
58.175000,10.9005,0.3528
58.176000,10.9066,0.3528
58.176000,10.6246,0.3582
58.177000,10.6283,0.3582
58.178000,10.6298,0.3583
58.179000,10.6293,0.3583
58.180000,10.6265,0.3583
58.181000,10.6426,0.3583
58.182000,10.6566,0.3584
58.183000,10.6685,0.3584
58.184000,10.6783,0.3584
58.185000,10.6861,0.3584
58.186000,10.6917,0.3584
58.187000,10.6952,0.3585
58.188000,10.6967,0.3585
58.189000,10.6961,0.3586
58.190000,10.6935,0.3586
58.191000,10.7094,0.3586
58.192000,10.7233,0.3587
58.193000,10.7352,0.3587
58.194000,10.7450,0.3587
58.195000,10.7528,0.3587
58.196000,10.7585,0.3587
58.197000,10.7621,0.3587
58.198000,10.7637,0.3587
58.199000,10.7632,0.3587
58.200000,10.7606,0.3587
58.201000,10.7764,0.3587
58.202000,10.7900,0.3587
58.203000,10.8017,0.3587
58.203000,10.4848,0.3613
58.204000,10.4955,0.3613
58.205000,10.5042,0.3613
58.206000,10.5109,0.3614
58.207000,10.5155,0.3614
58.208000,10.5181,0.3614
58.209000,10.5189,0.3615
58.210000,10.5177,0.3615
58.211000,10.5331,0.3616
58.212000,10.5467,0.3616
58.213000,10.5585,0.3617
58.214000,10.5683,0.3617
58.215000,10.5763,0.3618
58.216000,10.5825,0.3618
58.217000,10.5868,0.3619
58.218000,10.5892,0.3620
58.219000,10.5898,0.3620
58.220000,10.5887,0.3621
58.221000,10.6031,0.3621
58.222000,10.6157,0.3622
58.223000,10.6265,0.3622
58.224000,10.6355,0.3623
58.225000,10.6426,0.3623
58.226000,10.6480,0.3623
58.227000,10.6517,0.3624
58.228000,10.6537,0.3624
58.229000,10.6543,0.3624
58.230000,10.6534,0.3624
58.231000,10.6640,0.3625
58.232000,10.6733,0.3625
58.233000,10.6813,0.3625
58.234000,10.6878,0.3625
58.235000,10.6931,0.3625
58.236000,10.6970,0.3625
58.236000,10.6229,0.3612
58.237000,10.6259,0.3612
58.237000,10.7073,0.3558
58.238000,10.7107,0.3559
58.239000,10.7129,0.3559
58.240000,10.7138,0.3559
58.241000,10.5283,0.3559
58.242000,10.3701,0.3559
58.243000,10.2480,0.3560
58.244000,10.1557,0.3560
58.245000,10.0862,0.3560
58.246000,10.0339,0.3560
58.247000,9.9943,0.3561
58.248000,9.9644,0.3561
58.249000,9.9417,0.3561
58.250000,9.9244,0.3562
58.251000,9.9146,0.3562
58.252000,9.9083,0.3562
58.253000,9.9042,0.3562
58.254000,9.9017,0.3562
58.255000,9.8998,0.3563
58.256000,9.8981,0.3563
58.257000,9.8962,0.3564
58.258000,9.8936,0.3564
58.259000,9.8902,0.3564
58.260000,9.8856,0.3565
58.261000,9.8977,0.3565
58.262000,9.9085,0.3565
58.263000,9.9180,0.3566
58.264000,9.9263,0.3566
58.264000,11.1310,0.3549
58.265000,11.1773,0.3550
58.266000,11.2236,0.3550
58.267000,11.2698,0.3551
58.268000,11.3161,0.3551
58.269000,11.3624,0.3552
58.270000,11.4087,0.3553
58.271000,11.4604,0.3553
58.272000,11.5118,0.3554
58.273000,11.5630,0.3554
58.274000,11.6140,0.3555
58.275000,11.6648,0.3555
58.276000,11.7156,0.3556
58.277000,11.7663,0.3556
58.278000,11.8170,0.3557
58.279000,11.8677,0.3557
58.280000,11.9185,0.3558
58.281000,11.9728,0.3558
58.282000,12.0269,0.3558
58.283000,12.0810,0.3559
58.284000,12.1349,0.3559
58.285000,12.1889,0.3560
58.286000,12.2428,0.3560
58.287000,12.2968,0.3561
58.288000,12.3509,0.3561
58.289000,12.4051,0.3561
58.290000,12.4595,0.3562
58.291000,12.5161,0.3562
58.292000,12.5728,0.3563
58.293000,12.6294,0.3563
58.294000,12.6860,0.3564
58.295000,12.7427,0.3564
58.296000,12.7995,0.3564
58.297000,12.8564,0.3564
58.298000,12.9135,0.3565
58.299000,12.9708,0.3565
58.300000,13.0284,0.3565
58.301000,13.0868,0.3565
58.302000,13.1453,0.3565
58.303000,13.2039,0.3565
58.304000,13.2626,0.3566
58.305000,13.3215,0.3566
58.306000,13.3805,0.3566
58.306000,11.0842,0.3569
58.307000,11.0950,0.3570
58.307000,10.7247,0.3627
58.308000,10.7340,0.3628
58.309000,10.7428,0.3628
58.310000,10.7509,0.3629
58.311000,10.7623,0.3629
58.312000,10.7732,0.3629
58.313000,10.7837,0.3629
58.314000,10.7938,0.3629
58.315000,10.8035,0.3629
58.316000,10.8128,0.3630
58.317000,10.8218,0.3630
58.318000,10.8305,0.3630
58.319000,10.8389,0.3630
58.320000,10.8470,0.3631
58.326000,10.9028,0.3634
58.328000,10.9191,0.3634
58.329000,10.9271,0.3635
58.330000,10.9353,0.3635
58.331000,10.9380,0.3635
58.332000,10.9411,0.3636
58.333000,10.9446,0.3636
58.334000,10.9486,0.3637
58.335000,10.9532,0.3637
58.336000,10.9583,0.3637
58.337000,10.9640,0.3638
58.338000,10.9703,0.3638
58.339000,10.9773,0.3638
58.340000,10.9850,0.3638
58.341000,10.9848,0.3638
58.342000,10.9853,0.3639
58.343000,10.9865,0.3639
58.344000,10.9885,0.3639
58.345000,10.9912,0.3639
58.346000,10.9948,0.3640
58.347000,10.9993,0.3640
58.348000,11.0048,0.3640
58.349000,11.0113,0.3641
58.350000,11.0189,0.3641
58.351000,11.0155,0.3642
58.352000,11.0134,0.3642
58.353000,11.0123,0.3643
58.354000,11.0125,0.3643
58.355000,11.0138,0.3644
58.356000,11.0163,0.3645
58.357000,11.0200,0.3645
58.358000,11.0248,0.3646
58.359000,11.0309,0.3646
58.360000,11.0382,0.3647
58.361000,11.0340,0.3647
58.362000,11.0311,0.3648
58.363000,11.0294,0.3648
58.364000,11.0289,0.3649
58.365000,11.0296,0.3649
58.366000,11.0316,0.3650
58.367000,11.0349,0.3650
58.368000,11.0396,0.3651
58.369000,11.0456,0.3651
58.370000,11.0531,0.3652
58.371000,11.0472,0.3652
58.372000,11.0427,0.3652
58.373000,11.0397,0.3653
58.374000,11.0382,0.3653
58.375000,11.0382,0.3654
58.375000,11.0483,0.3629
58.376000,11.0586,0.3629
58.377000,11.0705,0.3630
58.378000,11.0838,0.3630
58.379000,11.0987,0.3631
58.380000,11.1150,0.3631
58.381000,11.1199,0.3631
58.382000,11.1262,0.3632
58.383000,11.1339,0.3632
58.384000,11.1430,0.3633
58.385000,11.1534,0.3633
58.386000,11.1650,0.3634
58.387000,11.1779,0.3634
58.388000,11.1920,0.3635
58.389000,11.2074,0.3636
58.390000,11.2240,0.3636
58.391000,11.2305,0.3637
58.392000,11.2382,0.3638
58.393000,11.2470,0.3638
58.394000,11.2571,0.3638
58.394000,11.0843,0.3623
58.395000,11.0971,0.3623
58.396000,11.1110,0.3623
58.397000,11.1261,0.3624
58.398000,11.1424,0.3624
58.399000,11.1599,0.3624
58.400000,11.1786,0.3625
58.401000,11.1869,0.3625
58.402000,11.1965,0.3626
58.403000,11.2073,0.3626
58.409000,11.2961,0.3629
58.412000,11.3329,0.3630
58.413000,11.3436,0.3630
58.418000,11.4149,0.3632
58.421000,11.4599,0.3632
58.422000,11.4691,0.3632
58.423000,11.4795,0.3632
58.424000,11.4912,0.3632
58.425000,11.5042,0.3633
58.426000,11.5183,0.3633
58.427000,11.5338,0.3633
58.428000,11.5505,0.3634
58.429000,11.5685,0.3634
58.430000,11.5878,0.3634
58.431000,11.5860,0.3635
58.432000,11.5856,0.3635
58.442000,11.6338,0.3640
58.443000,11.6245,0.3641
58.444000,11.6189,0.3641
58.445000,11.6170,0.3641
58.446000,11.6189,0.3641
58.447000,11.6247,0.3641
58.448000,11.6344,0.3642
58.452000,11.6251,0.3643
58.453000,11.6112,0.3644
58.454000,11.6016,0.3644
58.455000,11.5964,0.3644
58.468000,11.5660,0.3648
58.472000,11.5457,0.3649
58.473000,11.5280,0.3649
58.474000,11.5153,0.3649
58.475000,11.5073,0.3649
58.476000,11.5043,0.3650
58.477000,11.5061,0.3650
58.478000,11.5129,0.3651
58.479000,11.5249,0.3651
58.480000,11.5420,0.3652
58.481000,11.5085,0.3652
58.482000,11.4803,0.3653
58.483000,11.4576,0.3653
58.484000,11.4405,0.3654
58.485000,11.4290,0.3654
58.486000,11.4231,0.3655
58.487000,11.4229,0.3655
58.488000,11.4283,0.3655
58.489000,11.4394,0.3656
58.490000,11.4563,0.3656
58.491000,11.4214,0.3657
58.492000,11.3922,0.3657
58.492000,11.6015,0.3601
58.493000,11.5896,0.3601
58.494000,11.5835,0.3602
58.495000,11.5831,0.3602
58.496000,11.5885,0.3602
58.497000,11.5997,0.3602
58.498000,11.6165,0.3602
58.499000,11.6391,0.3602
58.500000,11.6675,0.3603
58.501000,11.6443,0.3603
58.502000,11.6269,0.3603
58.503000,11.6152,0.3603
58.504000,11.6093,0.3603
58.505000,11.6090,0.3603
58.506000,11.6146,0.3603
58.507000,11.6258,0.3603
58.508000,11.6428,0.3603
58.509000,11.6654,0.3604
58.510000,11.6938,0.3604
58.511000,11.6711,0.3605
58.512000,11.6541,0.3605
58.513000,11.6428,0.3605
58.514000,11.6373,0.3605
58.515000,11.6374,0.3606
58.516000,11.6431,0.3606
58.517000,11.6546,0.3606
58.518000,11.6717,0.3606
58.519000,11.6945,0.3607
58.520000,11.7229,0.3607
58.520000,11.7936,0.3626
58.521000,11.7748,0.3626
58.522000,11.7616,0.3627
58.523000,11.7540,0.3627
58.524000,11.7521,0.3627
58.525000,11.7558,0.3627
58.526000,11.7651,0.3628
58.527000,11.7801,0.3628
58.528000,11.8006,0.3628
58.568000,12.1537,0.3572
58.569000,12.1835,0.3572
58.570000,12.2181,0.3572
58.571000,12.2107,0.3572
58.572000,12.2080,0.3572
58.573000,12.2101,0.3572
58.574000,12.2169,0.3572
58.575000,12.2284,0.3572
58.576000,12.2445,0.3572
58.577000,12.2653,0.3572
58.578000,12.2906,0.3572
58.579000,12.3205,0.3572
58.580000,12.3551,0.3572
58.581000,12.3485,0.3573
58.582000,12.3466,0.3573
58.583000,12.3493,0.3573
58.584000,12.3565,0.3574
58.585000,12.3684,0.3574
58.586000,12.3847,0.3575
58.587000,12.4055,0.3575
58.588000,12.4309,0.3576
58.589000,12.4608,0.3576
58.590000,12.4951,0.3577
58.591000,12.4899,0.3577
58.592000,12.4893,0.3577
58.593000,12.4931,0.3578
58.594000,12.5014,0.3578
58.595000,12.5142,0.3578
58.596000,12.5314,0.3578
58.597000,12.5530,0.3579
58.598000,12.5788,0.3579
58.599000,12.6087,0.3579
58.600000,12.6427,0.3579
58.601000,12.6436,0.3579
58.602000,12.6485,0.3579
58.603000,12.6573,0.3579
58.604000,12.6698,0.3579
58.605000,12.6861,0.3579
58.606000,12.7060,0.3579
58.607000,12.7295,0.3579
58.608000,12.7566,0.3579
58.609000,12.7873,0.3579
58.610000,12.8215,0.3579
58.611000,12.8244,0.3579
58.612000,12.8309,0.3579
58.613000,12.8410,0.3579
58.614000,12.8545,0.3579
58.615000,12.8716,0.3580
58.616000,12.8920,0.3580
58.617000,12.9160,0.3580
58.618000,12.9433,0.3580
58.618000,12.5469,0.3602
58.619000,12.5701,0.3603
58.620000,12.5971,0.3603
58.621000,12.5906,0.3603
58.622000,12.5879,0.3603
58.623000,12.5889,0.3603
58.624000,12.5935,0.3604
58.625000,12.6019,0.3604
58.626000,12.6139,0.3604
58.627000,12.6296,0.3604
58.628000,12.6489,0.3604
58.629000,12.6720,0.3604
58.630000,12.6988,0.3605
58.631000,12.6924,0.3605
58.632000,12.6897,0.3606
58.633000,12.6907,0.3606
58.634000,12.6953,0.3606
58.635000,12.7036,0.3607
58.636000,12.7155,0.3607
58.637000,12.7310,0.3607
58.638000,12.7502,0.3608
58.639000,12.7731,0.3608
58.640000,12.7996,0.3609
58.641000,12.7947,0.3609
58.641000,12.3065,0.3524
58.642000,12.3026,0.3524
58.678000,12.6469,0.3534
58.679000,12.6673,0.3535
58.680000,12.6908,0.3535
58.681000,12.6874,0.3535
58.682000,12.6871,0.3535
58.683000,12.6897,0.3536
58.684000,12.6953,0.3536
58.685000,12.7038,0.3536
58.686000,12.7153,0.3536
58.687000,12.7297,0.3537
58.688000,12.7470,0.3537
58.689000,12.7673,0.3537
58.690000,12.7905,0.3538
58.691000,12.7877,0.3538
58.692000,12.7878,0.3539
58.693000,12.7908,0.3539
58.694000,12.7966,0.3539
58.695000,12.8054,0.3539
58.696000,12.8170,0.3540
58.697000,12.8314,0.3540
58.698000,12.8488,0.3540
58.699000,12.8690,0.3541
58.700000,12.8920,0.3541
58.701000,12.8896,0.3541
58.702000,12.8900,0.3542
58.703000,12.8932,0.3542
58.704000,12.8993,0.3543
58.705000,12.9082,0.3543
58.706000,12.9198,0.3543
58.707000,12.9343,0.3543
58.708000,12.9516,0.3543
58.709000,12.9717,0.3543
58.710000,12.9947,0.3543
58.711000,12.9926,0.3544
58.712000,12.9933,0.3544
58.713000,12.9968,0.3545
58.714000,13.0031,0.3546
58.715000,13.0121,0.3546
58.716000,13.0239,0.3547
58.717000,13.0384,0.3547
58.718000,13.0556,0.3548
58.719000,13.0757,0.3548
58.720000,13.0984,0.3548
58.721000,13.0968,0.3549
58.722000,13.0979,0.3549
58.723000,13.1018,0.3549
58.728000,12.6676,0.3533
58.747000,12.8192,0.3537
58.748000,12.8330,0.3537
58.749000,12.8486,0.3537
58.750000,12.8660,0.3537
58.751000,12.8681,0.3538
58.752000,12.8719,0.3538
58.753000,12.8775,0.3539
58.754000,12.8848,0.3540
58.755000,12.8937,0.3540
58.756000,12.9043,0.3541
58.757000,12.9166,0.3542
58.758000,12.9305,0.3542
58.759000,12.9461,0.3543
58.760000,12.9634,0.3543
58.761000,12.9663,0.3544
58.762000,12.9708,0.3544
58.763000,12.9769,0.3544
58.764000,12.9846,0.3544
58.765000,12.9939,0.3544
58.766000,13.0047,0.3545
58.767000,13.0171,0.3545
58.768000,13.0310,0.3545
58.769000,13.0466,0.3546
58.770000,13.0636,0.3547
58.771000,13.0672,0.3547
58.772000,13.0722,0.3548
58.773000,13.0788,0.3548
58.774000,13.0869,0.3548
58.775000,13.0965,0.3548
58.776000,13.1075,0.3549
58.777000,13.1200,0.3549
58.778000,13.1339,0.3549
58.779000,13.1494,0.3549
58.780000,13.1663,0.3549
58.781000,13.1706,0.3549
58.782000,13.1763,0.3549
58.783000,13.1835,0.3549
58.784000,13.1920,0.3549
58.785000,13.2020,0.3549
58.786000,13.2133,0.3549
58.787000,13.2259,0.3549
58.788000,13.2399,0.3550
58.802000,13.7708,0.3618
58.803000,13.7794,0.3618
58.804000,13.7890,0.3618
58.805000,13.7996,0.3619
58.806000,13.8113,0.3619
58.807000,13.8241,0.3619
58.808000,13.8378,0.3619
58.809000,13.8526,0.3620
58.810000,13.8684,0.3620
58.811000,13.8759,0.3621
58.812000,13.8843,0.3621
58.813000,13.8937,0.3622
58.814000,13.9041,0.3622
58.815000,13.9154,0.3622
58.816000,13.9275,0.3623
58.817000,13.9406,0.3623
58.818000,13.9545,0.3624
58.819000,13.9694,0.3624
58.820000,13.9851,0.3625
58.821000,13.9939,0.3625
58.822000,14.0036,0.3625
58.823000,14.0141,0.3625
58.824000,14.0253,0.3625
58.825000,14.0373,0.3625
58.826000,14.0500,0.3625
58.827000,14.0635,0.3625
58.828000,14.0777,0.3625
58.829000,14.0926,0.3625
58.830000,14.1082,0.3625
58.831000,14.1183,0.3626
58.832000,14.1290,0.3626
58.833000,14.1403,0.3626
58.834000,14.1523,0.3626
58.835000,14.1650,0.3627
58.836000,14.1782,0.3627
58.837000,14.1920,0.3627
58.838000,14.2064,0.3627
58.839000,14.2213,0.3628
58.840000,14.2369,0.3628
58.841000,14.2482,0.3628
58.842000,14.2600,0.3628
58.843000,14.2723,0.3628
58.844000,14.2851,0.3629
58.845000,14.2984,0.3629
58.846000,14.3121,0.3629
58.847000,14.3263,0.3630
58.848000,14.3410,0.3630
58.848000,13.4783,0.3588
58.849000,13.4870,0.3588
58.850000,13.4960,0.3589
58.851000,13.5055,0.3589
58.852000,13.5151,0.3589
58.852000,13.0841,0.3543
58.852000,12.8546,0.3491
58.853000,12.8578,0.3491
58.854000,12.8608,0.3492
58.855000,12.8636,0.3492
58.856000,12.8660,0.3492
58.857000,12.8682,0.3493
58.858000,12.8700,0.3493
58.859000,12.8715,0.3493
58.860000,12.8726,0.3493
58.861000,12.8782,0.3493
58.862000,12.8835,0.3494
58.863000,12.8883,0.3494
58.864000,12.8927,0.3495
58.865000,12.8965,0.3495
58.866000,12.8999,0.3496
58.867000,12.9027,0.3496
58.868000,12.9050,0.3496
58.869000,12.9067,0.3497
58.870000,12.9079,0.3497
58.871000,12.9150,0.3497
58.889000,12.9964,0.3501
58.890000,12.9975,0.3501
58.891000,13.0070,0.3501
58.892000,13.0156,0.3502
58.893000,13.0233,0.3502
58.894000,13.0301,0.3502
58.895000,13.0359,0.3502
58.896000,13.0408,0.3503
58.897000,13.0448,0.3503
58.964000,13.0056,0.3461
58.966000,13.0249,0.3462
58.967000,13.0307,0.3462
58.968000,13.0339,0.3462
58.969000,13.0346,0.3463
58.970000,13.0326,0.3463
58.971000,13.0545,0.3463
58.972000,13.0738,0.3463
58.973000,13.0904,0.3463
58.974000,13.1044,0.3463
58.975000,13.1157,0.3463
58.976000,13.1244,0.3463
58.977000,13.1305,0.3463
58.978000,13.1339,0.3463
58.979000,13.1346,0.3463
58.980000,13.1327,0.3463
58.981000,13.1553,0.3463
58.982000,13.1751,0.3463
58.983000,13.1923,0.3463
58.984000,13.2067,0.3463
58.985000,13.2184,0.3463
58.986000,13.2274,0.3463
58.987000,13.2337,0.3463
58.988000,13.2373,0.3464
58.989000,13.2381,0.3464
58.990000,13.2362,0.3464
58.991000,13.2594,0.3464
58.992000,13.2798,0.3465
58.993000,13.2975,0.3465
58.994000,13.3124,0.3465
58.995000,13.3245,0.3466
58.996000,13.3337,0.3466
58.997000,13.3402,0.3466
58.998000,13.3440,0.3466
58.999000,13.3449,0.3466
59.000000,13.3430,0.3467
59.001000,13.3668,0.3467
59.002000,13.3877,0.3467
59.003000,13.4058,0.3467
59.007000,13.4498,0.3468
59.013000,13.2367,0.3416
59.015000,12.9787,0.3387
59.018000,12.9642,0.3387
59.019000,12.9529,0.3387
59.020000,12.9385,0.3387
59.021000,12.9530,0.3387
59.022000,12.9644,0.3387
59.023000,12.9725,0.3387
59.024000,12.9774,0.3387
59.025000,12.9791,0.3387
59.026000,12.9775,0.3388
59.027000,12.9727,0.3388
59.028000,12.9647,0.3388
59.029000,12.9534,0.3388
59.030000,12.9389,0.3389
59.031000,12.9537,0.3389
59.032000,12.9653,0.3389
59.033000,12.9736,0.3390
59.034000,12.9787,0.3390
59.035000,12.9805,0.3390
59.046000,12.9811,0.3394
59.047000,12.9763,0.3394
59.048000,12.9682,0.3394
59.049000,12.9568,0.3395
59.050000,12.9421,0.3395
59.051000,12.9593,0.3395
59.052000,12.9730,0.3396
59.053000,12.9833,0.3396
59.054000,12.9902,0.3396
59.055000,12.9934,0.3397
59.056000,12.9931,0.3397
59.057000,12.9893,0.3397
59.058000,12.9818,0.3397
59.059000,12.9707,0.3398
59.060000,12.9560,0.3398
59.061000,12.9747,0.3399
59.062000,12.9897,0.3399
59.063000,13.0010,0.3399
59.064000,13.0087,0.3399
59.065000,13.0126,0.3399
59.066000,13.0129,0.3399
59.067000,13.0095,0.3400
59.068000,13.0024,0.3400
59.069000,12.9916,0.3400
59.070000,12.9772,0.3400
59.071000,12.9961,0.3400
59.072000,13.0113,0.3400
59.073000,13.0227,0.3400
59.074000,13.0305,0.3400
59.075000,13.0346,0.3400
59.076000,13.0350,0.3400
59.077000,13.0317,0.3400
59.078000,13.0246,0.3400
59.079000,13.0139,0.3400
59.080000,12.9995,0.3400
59.081000,13.0201,0.3400
59.082000,13.0369,0.3400
59.083000,13.0499,0.3400
59.084000,13.0591,0.3400
59.085000,13.0643,0.3401
59.086000,13.0657,0.3401
59.087000,13.0631,0.3401
59.088000,13.0566,0.3401
59.089000,13.0461,0.3402
59.090000,13.0317,0.3402
59.091000,13.0534,0.3402
59.092000,13.0712,0.3402
59.093000,13.0849,0.3402
59.094000,13.0947,0.3403
59.095000,13.1004,0.3403
59.096000,13.1021,0.3403
59.097000,13.0999,0.3403
59.098000,13.0937,0.3403
59.098000,12.5681,0.3403
59.099000,12.5534,0.3404
59.100000,12.5347,0.3404
59.101000,12.5525,0.3404
59.102000,12.5662,0.3404
59.103000,12.5759,0.3405
59.104000,12.5815,0.3405
59.105000,12.5831,0.3405
59.106000,12.5805,0.3406
59.107000,12.5739,0.3406
59.108000,12.5632,0.3406
59.109000,12.5485,0.3407
59.110000,12.5297,0.3407
59.111000,12.5473,0.3408
59.111000,12.1190,0.3470
59.112000,12.1304,0.3471
59.113000,12.1378,0.3471
59.114000,12.1412,0.3472
59.115000,12.1405,0.3472
59.116000,12.1357,0.3472
59.117000,12.1268,0.3473
59.187000,11.9141,0.3490
59.188000,11.9008,0.3491
59.189000,11.8836,0.3491
59.190000,11.8624,0.3492
59.191000,11.8770,0.3492
59.192000,11.8876,0.3492
59.193000,11.8943,0.3493
59.198000,11.8677,0.3495
59.204000,11.8627,0.3496
59.205000,11.8612,0.3497
59.206000,11.8557,0.3497
59.207000,11.8463,0.3498
59.208000,11.8330,0.3498
59.209000,11.8157,0.3498
59.210000,11.7944,0.3498
59.211000,11.8084,0.3498
59.212000,11.8184,0.3498
59.260000,11.2739,0.3576
59.266000,11.2941,0.3578
59.267000,11.2843,0.3579
59.268000,11.2709,0.3579
59.269000,11.2537,0.3579
59.270000,11.2329,0.3580
59.271000,11.2453,0.3580
59.272000,11.2540,0.3580
59.273000,11.2590,0.3581
59.274000,11.2602,0.3581
59.275000,11.2578,0.3582
59.283000,11.2154,0.3584
59.284000,11.2165,0.3584
59.284000,10.8512,0.3648
59.285000,10.8483,0.3648
59.286000,10.8417,0.3649
59.287000,10.8314,0.3649
59.288000,10.8174,0.3649
59.304000,10.7526,0.3655
59.305000,10.7494,0.3656
59.306000,10.7425,0.3656
59.307000,10.7320,0.3657
59.308000,10.7180,0.3658
59.308000,10.0656,0.3790
59.309000,10.0472,0.3791
59.310000,10.0252,0.3792
59.311000,10.0355,0.3792
59.312000,10.0422,0.3793
59.313000,10.0453,0.3794
59.316000,9.8795,0.3789
59.317000,9.8684,0.3790
59.318000,9.8537,0.3791
59.319000,9.8354,0.3791
59.320000,9.8134,0.3792
59.321000,9.8240,0.3793
59.322000,9.8309,0.3793
59.323000,9.8343,0.3794
59.324000,9.8340,0.3795
59.325000,9.8302,0.3796
59.326000,9.8227,0.3796
59.327000,9.8116,0.3797
59.328000,9.7970,0.3797
59.329000,9.7787,0.3798
59.330000,9.7569,0.3798
59.331000,9.7672,0.3799
59.332000,9.7739,0.3800
59.333000,9.7771,0.3800
59.334000,9.7767,0.3801
59.335000,9.7727,0.3801
59.336000,9.7651,0.3802
59.337000,9.7539,0.3802
59.338000,9.7393,0.3803
59.339000,9.7210,0.3803
59.340000,9.6992,0.3804
59.341000,9.7091,0.3804
59.342000,9.7155,0.3804
59.343000,9.7183,0.3805
59.344000,9.7175,0.3805
59.345000,9.7133,0.3805
59.346000,9.7055,0.3806
59.347000,9.6942,0.3806
59.348000,9.6793,0.3806
59.349000,9.6610,0.3807
59.350000,9.6392,0.3807
59.351000,9.6484,0.3808
59.352000,9.6541,0.3808
59.353000,9.6563,0.3809
59.354000,9.6551,0.3810
59.355000,9.6505,0.3810
59.356000,9.6424,0.3811
59.357000,9.6309,0.3811
59.358000,9.6159,0.3812
59.358000,9.0852,0.3893
59.359000,9.0662,0.3894
59.360000,9.0437,0.3894
59.361000,9.0518,0.3895
59.362000,9.0566,0.3895
59.367000,8.8784,0.3873
59.368000,8.8629,0.3874
59.369000,8.8440,0.3874
59.370000,8.8216,0.3875
59.375000,8.8301,0.3877
59.376000,8.8215,0.3877
59.415000,8.6026,0.3823
59.416000,8.5940,0.3823
59.417000,8.5820,0.3823
59.418000,8.5668,0.3823
59.419000,8.5483,0.3824
59.420000,8.5265,0.3824
59.420000,8.0821,0.3880
59.421000,8.0890,0.3880
59.422000,8.0926,0.3880
59.423000,8.0930,0.3880
59.424000,8.0902,0.3880
59.425000,8.0842,0.3880
59.426000,8.0750,0.3880
59.427000,8.0626,0.3880
59.428000,8.0470,0.3880
59.429000,8.0283,0.3880
59.430000,8.0064,0.3880
59.431000,8.0127,0.3880
59.432000,8.0160,0.3880
59.433000,8.0160,0.3880
59.434000,8.0130,0.3880
59.435000,8.0067,0.3880
59.436000,7.9974,0.3880
59.437000,7.9849,0.3880
59.438000,7.9693,0.3880
59.439000,7.9505,0.3880
59.440000,7.9287,0.3880
59.441000,7.9348,0.3880
59.442000,7.9379,0.3880
59.443000,7.9378,0.3881
59.444000,7.9347,0.3881
59.445000,7.9284,0.3881
59.446000,7.9190,0.3882
59.447000,7.9065,0.3882
59.448000,7.8910,0.3883
59.449000,7.8723,0.3883
59.450000,7.8506,0.3884
59.451000,7.8566,0.3884
59.452000,7.8595,0.3884
59.453000,7.8594,0.3885
59.454000,7.8562,0.3885
59.455000,7.8499,0.3886
59.456000,7.8406,0.3887
59.457000,7.8282,0.3887
59.458000,7.8127,0.3888
59.459000,7.7942,0.3888
59.460000,7.7727,0.3889
59.461000,7.7786,0.3889
59.462000,7.7814,0.3890
59.463000,7.7812,0.3890
59.467000,7.9164,0.3797
59.468000,7.9024,0.3797
59.469000,7.8853,0.3798
59.479000,7.8210,0.3800
59.481000,7.8071,0.3800
59.485000,7.8023,0.3801
59.486000,7.7939,0.3801
59.487000,7.7825,0.3801
59.488000,7.7683,0.3801
59.489000,7.7512,0.3802
59.490000,7.7313,0.3802
59.491000,7.7369,0.3803
59.492000,7.7397,0.3803
59.493000,7.7396,0.3803
59.494000,7.7367,0.3804
59.495000,7.7310,0.3804
59.496000,7.7224,0.3804
59.497000,7.7110,0.3805
59.498000,7.6967,0.3805
59.499000,7.6797,0.3805
59.500000,7.6599,0.3806
59.501000,7.6645,0.3806
59.502000,7.6662,0.3806
59.503000,7.6652,0.3807
59.504000,7.6614,0.3808
59.505000,7.6549,0.3808
59.506000,7.6457,0.3809
59.507000,7.6339,0.3809
59.508000,7.6194,0.3810
59.509000,7.6023,0.3810
59.510000,7.5827,0.3811
59.511000,7.5854,0.3811
59.512000,7.5855,0.3811
59.513000,7.5832,0.3812
59.514000,7.5783,0.3812
59.515000,7.5710,0.3813
59.516000,7.5611,0.3813
59.517000,7.5488,0.3814
59.518000,7.5340,0.3815
59.519000,7.5167,0.3815
59.520000,7.4971,0.3816
59.521000,7.4938,0.3816
59.522000,7.4881,0.3817
59.523000,7.4804,0.3817
59.524000,7.4707,0.3818
59.525000,7.4592,0.3818
59.526000,7.4459,0.3819
59.527000,7.4309,0.3819
59.528000,7.4144,0.3820
59.528000,7.6670,0.3662
59.529000,7.6502,0.3662
59.529000,8.1145,0.3469
59.530000,8.1011,0.3470
59.531000,8.1017,0.3470
59.532000,8.1006,0.3470
59.533000,8.0978,0.3471
59.534000,8.0933,0.3471
59.535000,8.0871,0.3471
59.536000,8.0793,0.3471
59.537000,8.0699,0.3471
59.538000,8.0588,0.3472
59.539000,8.0462,0.3472
59.540000,8.0321,0.3472
59.541000,8.0316,0.3472
59.542000,8.0296,0.3472
59.543000,8.0261,0.3473
59.544000,8.0211,0.3473
59.545000,8.0145,0.3473
59.546000,8.0063,0.3474
59.547000,7.9967,0.3474
59.548000,7.9855,0.3474
59.549000,7.9728,0.3475
59.550000,7.9587,0.3475
59.551000,7.9577,0.3475
59.552000,7.9553,0.3476
59.553000,7.9515,0.3476
59.554000,7.9462,0.3477
59.555000,7.9394,0.3477
59.556000,7.9311,0.3478
59.557000,7.9214,0.3478
59.558000,7.9102,0.3478
59.559000,7.8976,0.3479
59.560000,7.8836,0.3479
59.561000,7.8822,0.3480
59.562000,7.8795,0.3480
59.563000,7.8754,0.3481
59.564000,7.8698,0.3481
59.565000,7.8629,0.3482
59.566000,7.8545,0.3482
59.567000,7.8447,0.3482
59.568000,7.8335,0.3482
59.569000,7.8210,0.3483
59.570000,7.8072,0.3483
59.571000,7.8051,0.3483
59.572000,7.8017,0.3484
59.573000,7.7970,0.3484
59.574000,7.7910,0.3484
59.575000,7.7837,0.3485
59.576000,7.7751,0.3485
59.577000,7.7652,0.3485
59.577000,7.9323,0.3354
59.578000,7.9247,0.3355
59.579000,7.9157,0.3355
59.580000,7.9055,0.3355
59.581000,7.9068,0.3355
59.582000,7.9068,0.3356
59.583000,7.9055,0.3356
59.584000,7.9028,0.3356
59.585000,7.8988,0.3356
59.586000,7.8935,0.3356
59.587000,7.8869,0.3356
59.588000,7.8790,0.3357
59.589000,7.8699,0.3357
59.590000,7.8598,0.3357
59.591000,7.8438,0.3358
59.592000,7.8276,0.3358
59.593000,7.8115,0.3358
59.594000,7.7956,0.3358
59.595000,7.7803,0.3358
59.596000,7.7656,0.3359
59.597000,7.7517,0.3359
59.598000,7.7387,0.3359
59.599000,7.7268,0.3360
59.600000,7.7161,0.3360
59.601000,7.6907,0.3360
59.602000,7.6667,0.3360
59.603000,7.6440,0.3361
59.604000,7.6227,0.3361
59.605000,7.6029,0.3361
59.606000,7.5845,0.3362
59.607000,7.5675,0.3362
59.608000,7.5520,0.3363
59.609000,7.5381,0.3363
59.610000,7.5257,0.3363
59.611000,7.4983,0.3364
59.612000,7.4725,0.3364
59.613000,7.4485,0.3364
59.614000,7.4260,0.3364
59.615000,7.4052,0.3364
59.616000,7.3859,0.3364
59.617000,7.3683,0.3364
59.618000,7.3523,0.3365
59.619000,7.3381,0.3365
59.620000,7.3255,0.3365
59.621000,7.2921,0.3365
59.622000,7.2605,0.3365
59.623000,7.2306,0.3365
59.624000,7.2027,0.3366
59.625000,7.1769,0.3366
59.626000,7.1534,0.3366
59.627000,7.1326,0.3366
59.628000,7.1145,0.3366
59.629000,7.0994,0.3367
59.630000,7.0873,0.3367
59.631000,7.0427,0.3368
59.632000,7.0014,0.3368
59.646000,6.5673,0.3371
59.648000,6.5210,0.3371
59.649000,6.5033,0.3371
59.650000,6.4893,0.3372
59.651000,6.4419,0.3372
59.652000,6.3983,0.3373
59.653000,6.3584,0.3373
59.653000,7.1600,0.3299
59.654000,7.1434,0.3299
59.654000,7.0328,0.3236
59.655000,7.0258,0.3236
59.656000,7.0222,0.3236
59.657000,7.0219,0.3237
59.658000,7.0249,0.3237
59.659000,7.0314,0.3238
59.660000,7.0412,0.3238
59.676000,6.9102,0.3242
59.677000,6.9098,0.3243
59.678000,6.9128,0.3243
59.712000,6.7005,0.3252
59.713000,6.6847,0.3252
59.714000,6.6726,0.3252
59.715000,6.6643,0.3253
59.716000,6.6598,0.3253
59.717000,6.6591,0.3252
59.718000,6.6621,0.3252
59.719000,6.6690,0.3252
59.720000,6.6798,0.3252
59.721000,6.6560,0.3252
59.722000,6.6360,0.3252
59.723000,6.6199,0.3253
59.724000,6.6076,0.3253
59.725000,6.5991,0.3253
59.726000,6.5945,0.3253
59.727000,6.5938,0.3253
59.728000,6.5970,0.3254
59.729000,6.6041,0.3254
59.746000,6.2844,0.3254
59.769000,6.1313,0.3265
59.770000,6.1433,0.3265
59.771000,6.1153,0.3265
59.772000,6.0918,0.3265
59.780000,5.7172,0.3263
59.781000,5.6900,0.3263
59.782000,5.6674,0.3263
59.783000,5.6496,0.3264
59.784000,5.6364,0.3264
59.785000,5.6281,0.3265
59.786000,5.6245,0.3265
59.787000,5.6257,0.3265
59.788000,5.6318,0.3265
59.789000,5.6427,0.3266
59.790000,5.6586,0.3266
59.791000,5.6302,0.3267
59.792000,5.6068,0.3267
59.793000,5.5882,0.3268
59.794000,5.5746,0.3268
59.795000,5.5658,0.3269
59.796000,5.5619,0.3270
59.797000,5.5629,0.3270
59.798000,5.5688,0.3271
59.799000,5.5796,0.3271
59.800000,5.5953,0.3271
59.801000,5.5675,0.3272
59.802000,5.5445,0.3272
59.803000,5.5265,0.3272
59.804000,5.5133,0.3272
59.805000,5.5049,0.3273
59.806000,5.5014,0.3273
59.807000,5.5027,0.3273
59.808000,5.5089,0.3273
59.809000,5.5199,0.3274
59.810000,5.5358,0.3274
59.811000,5.5087,0.3274
59.812000,5.4865,0.3275
59.813000,5.4691,0.3275
59.814000,5.4565,0.3276
59.815000,5.4487,0.3276
59.816000,5.4457,0.3277
59.817000,5.4474,0.3278
59.818000,5.4539,0.3278
59.819000,5.4652,0.3278
59.820000,5.4813,0.3279
59.821000,5.4551,0.3280
59.829000,5.4156,0.3285
59.829000,5.5153,0.3220
59.829000,5.5591,0.3119
59.830000,5.5760,0.3120
59.831000,5.5492,0.3120
59.832000,5.5271,0.3121
59.833000,5.5098,0.3121
59.834000,5.4972,0.3122
59.835000,5.4895,0.3122
59.836000,5.4867,0.3123
59.837000,5.4887,0.3124
59.838000,5.4957,0.3124
59.839000,5.5077,0.3124
59.840000,5.5246,0.3125
59.841000,5.4963,0.3125
59.842000,5.4730,0.3125
59.843000,5.4546,0.3126
59.844000,5.4413,0.3126
59.845000,5.4330,0.3127
59.846000,5.4297,0.3127
59.847000,5.4313,0.3128
59.848000,5.4379,0.3128
59.849000,5.4496,0.3129
59.850000,5.4663,0.3129
59.851000,5.4371,0.3130
59.852000,5.4131,0.3130
59.853000,5.3941,0.3130
59.854000,5.3802,0.3131
59.855000,5.3714,0.3131
59.856000,5.3677,0.3132
59.857000,5.3691,0.3132
59.857000,5.6593,0.3063
59.858000,5.6691,0.3063
59.859000,5.6840,0.3064
59.860000,5.7039,0.3064
59.861000,5.6778,0.3064
59.862000,5.6567,0.3064
59.863000,5.6408,0.3064
59.864000,5.6299,0.3065
59.865000,5.6242,0.3065
59.866000,5.6236,0.3065
59.867000,5.6281,0.3065
59.868000,5.6377,0.3065
59.869000,5.6525,0.3066
59.870000,5.6725,0.3066
59.871000,5.6461,0.3066
59.872000,5.6248,0.3067
59.873000,5.6088,0.3067
59.874000,5.5978,0.3067
59.875000,5.5921,0.3067
59.876000,5.5914,0.3068
59.877000,5.5959,0.3068
59.878000,5.6055,0.3068
59.879000,5.6203,0.3069
59.880000,5.6401,0.3070
59.881000,5.6143,0.3070
59.882000,5.5937,0.3070
59.882000,5.3583,0.3042
59.883000,5.3433,0.3042
59.884000,5.3333,0.3042
59.885000,5.3285,0.3042
59.886000,5.3287,0.3043
59.887000,5.3340,0.3043
59.888000,5.3443,0.3043
59.889000,5.3596,0.3044
59.890000,5.3800,0.3044
59.891000,5.3552,0.3044
59.892000,5.3354,0.3044
59.893000,5.3206,0.3045
59.894000,5.3109,0.3045
59.895000,5.3061,0.3045
59.896000,5.3064,0.3045
59.897000,5.3117,0.3045
59.898000,5.3221,0.3045
59.904000,5.2852,0.3045
59.905000,5.2799,0.3046
59.906000,5.2797,0.3046
59.907000,5.2847,0.3046
59.908000,5.2948,0.3046
59.909000,5.3101,0.3046
59.910000,5.3306,0.3046
59.911000,5.3047,0.3046
59.912000,5.2839,0.3046
59.913000,5.2684,0.3047
59.914000,5.2579,0.3047
59.915000,5.2526,0.3047
59.916000,5.2525,0.3047
59.917000,5.2576,0.3047
59.918000,5.2678,0.3047
59.919000,5.2831,0.3047
59.920000,5.3037,0.3048
59.921000,5.2777,0.3048
59.923000,5.2411,0.3048
59.924000,5.2306,0.3048
59.925000,5.2253,0.3049
59.926000,5.2251,0.3049
59.927000,5.2302,0.3049
59.928000,5.2403,0.3050
59.929000,5.2557,0.3050
59.930000,5.2762,0.3051
59.931000,5.2505,0.3051
59.932000,5.2299,0.3051
59.933000,5.2145,0.3051
59.934000,5.2042,0.3051
59.935000,5.1991,0.3051
59.936000,5.1992,0.3051
59.937000,5.2044,0.3051
59.938000,5.2147,0.3051
59.939000,5.2302,0.3051
59.940000,5.2508,0.3051
59.941000,5.2255,0.3051
59.942000,5.2053,0.3052
59.943000,5.1902,0.3052
59.944000,5.1802,0.3053
59.945000,5.1754,0.3053
59.946000,5.1756,0.3054
59.947000,5.1810,0.3054
59.948000,5.1915,0.3054
59.949000,5.2070,0.3054
59.950000,5.2277,0.3055
59.951000,5.2029,0.3055
59.952000,5.1832,0.3055
59.953000,5.1685,0.3055
59.953000,5.1451,0.2956
59.954000,5.1361,0.2956
59.955000,5.1321,0.2956
59.956000,5.1331,0.2956
59.957000,5.1390,0.2955
59.958000,5.1499,0.2955
59.959000,5.1657,0.2955
59.964000,5.1226,0.2956
59.968000,5.1376,0.2956
59.969000,5.1536,0.2956
