t,x,y,yaw,vx,vy,yaw_rate,correspondence_count,covariance_valid
2.076,-2.4191441583081903,1.3543364647667049,6.062474868740275e-05,0.0007781762154616832,-0.001422705283588112,0.00026110226640260504,541,1
2.626,-2.4187161613896864,1.3535539768607314,0.00020423099520876296,0.0006820364825096358,-4.0217216230887685e-05,-0.000279676642384669,541,1
2.651,-2.4187519873307473,1.3543133398673721,-0.0001001893206838591,0.0033249276917945813,0.015631499936774512,-0.012608246434408986,541,1
2.676,-2.4185499150050966,1.3543355518575702,-0.0004261813265117294,-0.0018173506969976119,-0.0069813274864837975,-0.013818895840200723,541,1
2.701,-2.418842854865597,1.353964273493048,-0.0007911341126939876,-0.006379529195257328,-0.0128652129790519,0.009244737687161863,541,1
2.726,-2.4188688914648595,1.3536922912086176,3.605555784642802e-05,-0.002518161701807751,0.010342709726156621,0.020114044425314576,541,1
2.751,-2.4189687629506875,1.3544814089793558,0.00021456810857165557,-0.015409885226143116,0.0072978038806948125,0.007105641842466451,541,1
2.776,-2.4196393857261667,1.3540571814026523,0.00039133764996967445,-0.010249561736204118,-0.01402738206040858,-4.4051745762274426e-05,541,1
2.801,-2.4194812410374977,1.3537800398763353,0.00021236552128369544,0.04465724491501154,0.004292687838800524,-0.006803522756397803,541,1
2.826,-2.417406523480416,1.3542718157945923,5.116151214975319e-05,-0.005068988872203324,0.011782065705792141,-0.0141168505579437,541,1
2.851,-2.419734690481108,1.354369143161625,-0.0004934770066133655,-0.03698141760761344,0.008906224971605457,-0.0016147899451102233,541,1
2.876,-2.4192555943607967,1.3547171270431726,-2.9577985105569578e-05,0.019062958646527475,0.006548673115212035,-0.0023420445884792056,541,1
2.901,-2.4187815425487815,1.3546965768173855,-0.0006105792360373783,-0.012540629908910294,-0.015280961461780958,-0.004786084855945535,541,1
2.926,-2.4198826258562423,1.3539530789700835,-0.000268882227902722,0.01639862800979044,-0.02661968848998594,0.015287174911975317,541,1
2.951,-2.417961611148292,1.3533655923928862,0.00015377950956123229,0.00047314694154643346,-0.012469084356685523,0.020386924477149366,541,1
2.976,-2.419858968509165,1.3533296247522493,0.000750463995954535,-0.008040792326697882,0.024714889362211865,-0.005929946725897771,541,1
3.001,-2.418363650764627,1.3546013368609968,-0.0001427178267336226,0.031741529874676044,0.008539346358116292,-0.02304762789846934,541,1
3.026,-2.418271892015431,1.353756592070155,-0.000401917398968809,-0.024878826343286288,-0.035349714321388594,0.01843411607827851,541,1
3.051,-2.419607592081791,1.3528338511449274,0.000778987977180184,-0.02416527890885854,0.016122876297988056,-0.01061389439378496,541,1
3.076,-2.419480155960874,1.3545627358850545,-0.000932612118658184,0.008546934547597505,0.03135355555921937,-0.02090695346945289,541,1
3.101,-2.4191802453544113,1.3544015289228883,-0.00026635969629260764,0.018196588826677806,-0.001686530798257208,-0.00866999769719715,541,1
3.126,-2.41857032651954,1.3544784093451416,-0.0013661120035179401,0.019850448954148517,-0.0047527148220361136,0.003166632091247135,541,1
3.151,-2.418187722906704,1.3541638931817865,-0.00010802809173036068,-0.022383145317421575,-0.010988267965896744,0.019130727154603632,541,1
3.176,-2.4196894837854113,1.3539289959468468,-0.0004095756457878921,-0.013920824437638682,-0.0029588595998886035,-0.001027553754191496,541,1
3.201,-2.418883764128586,1.354015950201792,-0.0001594057794399982,-0.0012739236848968761,0.009573708145342898,-0.013514225305648657,541,1
3.226,-2.419753179969656,1.354407681354114,-0.0010852869110702713,-0.0016142362130100508,0.0006933081410887024,0.011564648535999963,541,1
3.251,-2.4189644759392364,1.3540506156088465,0.00041882664736007805,0.02240476839090463,-0.004687761044848154,0.016295195938269617,541,1
3.276,-2.418632941550111,1.3541732933018715,-0.0002705271141566502,0.0013087127998101453,-0.0004930417554804807,-0.014292224392526899,541,1
3.301,-2.418899040299246,1.3540259635210725,-0.00029578457226631067,-0.027538827517945418,-0.008604393780271512,0.005990741010908319,541,1
3.326,-2.420009882926008,1.353743073612858,2.900993638896611e-05,-0.013606670460912844,-0.0033071666601847244,0.004495866622447069,541,1
3.351,-2.4195793738222915,1.3538606051880633,-7.099124114401509e-05,0.02541487086154435,0.007609208099315117,-0.0023297472176953076,541,1
3.376,-2.418739139382931,1.3541235340178237,-8.747742449568031e-05,0.0025432007374970402,0.03070153414890264,-0.011801179367756418,541,1
3.401,-2.4194522137854166,1.3553956818955084,-0.0006610502095318242,-0.020946415461864265,-0.012581053989646417,0.0029551568527619154,541,1
3.426,-2.419786460156024,1.3534944813183414,6.028041814227001e-05,0.012345295815228075,-0.013252911470478175,0.0011256559853656195,541,1
3.451,-2.4188349489946552,1.3547330363219845,-0.0006047674102635284,0.003790635591931504,0.024643959834849214,-0.009094938434222077,541,1
3.476,-2.4195969283764276,1.3547266793100838,-0.0003944665035690211,-0.012384506074187883,-0.0298976827546894,0.02555148620008838,541,1
3.501,-2.4194541742983646,1.35323815218425,0.0006728068997406718,0.020904064074862633,-0.021032761837647206,0.012789479175809904,541,1
3.526,-2.4185517251726845,1.3536750412182015,0.00024500745522166293,0.020775303790649846,0.017902084953047476,-0.015484274566528372,541,1
3.551,-2.418415409108832,1.3541332564319024,-0.00010140682858588637,-0.005419445647110137,0.0201793159394591,-0.024042861622657213,541,1
3.576,-2.41882269745504,1.3546840070151744,-0.0009571356259111848,-0.006642774170115852,0.0002621839221372833,-0.0009631396525477988,541,1
3.601,-2.418747547817338,1.3541463656280093,-0.00014956381121311772,-0.018153048917994918,-0.01450592211765139,0.02394323632002768,541,1
3.626,-2.4197303499009397,1.3539587109092919,0.00024002619009036503,0.00869272327526541,0.019818781717240233,-0.021947793690637672,541,1
3.651,-2.4183129116535746,1.3551373047138713,-0.0012469534957450486,0.011973491898959956,-0.006610389120429403,-0.00832403651668474,541,1
3.676,-2.4191316753059917,1.3536281914532704,-0.00017617563574395538,0.01643435698053244,-0.018494549221994463,0.02791084521125405,541,1
3.701,-2.417491193804548,1.3542125772527716,0.00014858876481757067,0.00224462382725222,-0.004642317588521311,0.011112917756870328,541,1
3.726,-2.419019444114629,1.3533960755738443,0.00037947025209973575,-0.01154482896645885,-0.0007446710183511866,-0.006632684494158904,541,1
3.751,-2.418068435252871,1.354175343701854,-0.00018304545989041037,0.0026258085917518865,0.003976412878947691,-0.007457840465949799,541,1
3.776,-2.4188881536850415,1.3535948962177917,6.57822880216788e-06,-0.010654859118117642,0.004639850857266456,0.0007775889418315488,541,1
3.801,-2.418601178208777,1.3544073362447173,-0.00014416601279881197,0.011794927571848683,0.020505049031687043,-0.012348812422775458,541,1
3.826,-2.418298407306449,1.354620148669376,-0.0006108623923365044,-0.003920045159784294,-0.010461307019933344,0.002467999178090716,541,1
3.851,-2.418797180466766,1.3538842708937207,-2.0766053894479954e-05,-0.03608436868912447,-0.013743372856271967,0.017861674476691354,541,1
3.876,-2.4201026257409053,1.3539329800265625,0.0002822213314980192,0.008092672213395631,0.00678813810909509,-0.0038764411561853646,541,1
3.901,-2.4183925468560963,1.3542236777991754,-0.00021458811170382418,0.0004654536317527633,-0.008282462669293401,-0.003441031068414073,541,1
3.926,-2.4200793530593177,1.3535188568930978,0.00011016977807750777,-0.01488165123583399,-0.010622561951061314,0.005632506716270994,541,1
3.951,-2.419136629417888,1.3536925497016223,6.703722410989277e-05,0.015293298231435824,0.009701436925122521,-0.0022948139270973027,541,1
3.976,-2.419314688147746,1.354003928739354,-4.570918277287903e-06,0.009026001922611777,0.013720687154612426,-0.007461468279465993,541,1
4.001,-2.4186853293217574,1.354378584059353,-0.00030603618986343154,0.007668015929702703,0.004427612288315801,0.0012824823928436803,541,1
4.026,-2.4189312873512607,1.3542253093537697,5.955320136469673e-05,-0.0034314029560178604,-0.011365765179931526,0.00043745603667488965,541,1
4.051,-2.4188568994695583,1.3538102958003564,-0.0002841633880296814,-0.010754013708638193,-0.010565557269259822,0.004495623486029403,541,1
4.076,-2.4194689880366926,1.3536970314903067,0.0002843343756662311,-0.005885796578368761,0.0018777904566302862,-0.004629319873910037,541,1
4.101,-2.4191511892984767,1.353904185323188,-0.0005156293817250038,0.005895876179531272,-0.00040752709903557036,0.0023047140853282525,541,1
4.126,-2.419174194227716,1.353676655135355,0.0003995700799326962,-0.0028929450385462123,0.0017974335291715056,0.012889876066433149,541,1
4.151,-2.419295836550404,1.3539940569996465,0.00012886442159663628,0.009131203901660034,-0.013058154751797215,0.0026265021186944277,541,1
4.176,-2.418717634032633,1.353023747397765,0.0005308951858675157,0.01778338451062573,-0.008373155648717686,0.008114499571583196,541,1
4.201,-2.4184066673248727,1.3535753992172106,0.0005345894001758129,-0.012183304534687566,0.030013071358161555,-0.023460256190368595,541,1
4.226,-2.4193267992593674,1.3545244009656732,-0.0006421176236510771,-0.008219165393139488,-0.0011743952799125712,-0.0036543276390243497,541,1
4.251,-2.4188176255945297,1.353516679453215,0.0003518730182245443,-0.005982903078676238,-0.014808345134262931,0.008381761863303113,541,1
4.276,-2.4196259444133013,1.35378398370896,-0.0002230295304857701,-0.018507931870042137,-0.0050024636478562985,-0.0036951396469486883,541,1
4.301,-2.419743022188032,1.3532665562708222,0.00016711603587689426,-0.0055868795827951545,-0.01771448407159599,0.01998227212574484,541,1
4.326,-2.419905288392441,1.3528982595053802,0.0007760840758015445,0.016018055699778044,0.011795681687538681,-0.003739221916250215,541,1
4.351,-2.418942119403043,1.353856340355199,-1.9845059935436704e-05,0.026936169174236087,0.024791669881327395,-0.015477199000874855,541,1
4.376,-2.418558479933729,1.3541378429994466,2.224125757965332e-06,0.0029285281349000873,0.0012935440618955286,0.009392367095246745,541,1
4.401,-2.418795692996298,1.3539210175582939,0.00044977329482695895,-0.00233912047616692,-0.005044797538569253,0.006246384209802636,541,1
4.426,-2.4186754359575375,1.3538856031225182,0.00031454333624807233,0.014885055279547695,0.0036102818126737676,-0.004040941832741411,541,1
4.451,-2.4180514402323205,1.3541015316489275,0.0002477262031899604,0.003556084595377497,0.005515768031991739,-0.010086585288489084,541,1
4.476,-2.4184976317277687,1.3541613915241177,-0.0001897859281761979,-0.004872509921076615,0.012181055759534591,-0.016741620317102007,541,1
4.501,-2.4182950657283744,1.3547105844369043,-0.0005893548126649643,-0.005681044420340362,-0.003812661261508601,-0.002122026083011271,541,1
4.526,-2.4187816839487857,1.3539707584610423,-0.0002958872323268822,0.005896299929704106,0.019886644133624357,-0.012080704944974529,541,1
4.551,-2.418000250731889,1.3557049166435855,-0.0011933900599137238,0.0001564296732059467,0.012913608126860859,0.0021478401221308426,541,1
4.5760000000000005,-2.4187738624651254,1.3546164388673854,-0.0001884952262205214,-0.02003991572555826,-0.026164844626386335,0.030140284955457838,541,1
4.601,-2.419002246518167,1.3543966744122662,0.000313624187859117,-0.013825943130036981,-0.022015363440912674,0.01152723251652614,541,1
4.626,-2.4194651596216272,1.3535156706953397,0.00038786639960584934,-0.007682816416423348,-0.005890096521619113,-0.007481183566167031,541,1
4.651,-2.4193863873389883,1.3541021695861852,-6.043499044908548e-05,0.012571912582028989,0.01608047095970294,-0.018906064049533166,541,1
4.676,-2.418836563992526,1.3543196942433249,-0.0005574368028708515,-0.012875200521449233,0.005546464806518357,0.0032971716626306134,541,1
4.7010000000000005,-2.4200301473650607,1.3543794928265112,0.000104423592682372,0.0022856112420299806,0.0018534822076166145,0.015888855209631514,541,1
4.726,-2.4187222834304243,1.3544123683537057,0.00023700595761051517,0.02027081738272159,0.017850932543450666,-0.03226929003013813,541,1
4.751,-2.4190166064959246,1.3552720394536837,-0.0015090409088245678,0.02236261377366774,0.008115361890035396,-0.027128001266367816,541,1
4.776,-2.417604152741741,1.3548181364482075,-0.00111939410570793,0.011721084001701285,-0.02615320751031112,0.030983544883742664,541,1
4.801,-2.4184305522958396,1.3539643790781681,4.013633536262449e-05,-0.018621757326950664,-0.024137489370783183,0.022387205347102715,541,1
4.8260000000000005,-2.4185352406080884,1.3536112619796683,-3.383835284786441e-08,-0.006940517487894506,0.009417940739537866,0.002105707518866858,541,1
4.851,-2.4187775781702343,1.354435276115145,0.00014542171130587273,0.005634600850399372,0.027784178401644252,-0.011365782107022366,541,1
4.876,-2.4182535105655685,1.3550004708997505,-0.0005683229437037813,0.0001672805522456861,-0.013278727867343012,-0.0008835154169961644,541,1
4.901,-2.418769214142622,1.3537713397217779,0.00010124594045590214,-0.002451636780760333,-0.029696122700304632,0.02559212822029098,541,1
4.926,-2.4183760924046065,1.3535156647647353,0.0007112834673107698,0.017331056249334263,-0.0035839242453805146,0.0041244159380226485,541,1
4.9510000000000005,-2.4179026613301553,1.3535921435095088,0.0003074667373569728,-0.009721216499087894,0.006963715999845935,-0.0158573925746453,541,1
4.976,-2.418862153229561,1.3538638505647276,-8.158616142169149e-05,-0.02398503413137307,0.0062465513705412205,0.005099304405442613,541,1
5.001,-2.419101913036724,1.353904471078036,0.0005624319576292213,0.005577687227313908,-0.005318448943913997,0.0013479684632500314,541,1
5.026,-2.418583268868195,1.3535979281175319,-1.4187738259199995e-05,0.016643002513898667,0.004215316904780956,-0.007367996571341377,541,1
5.051,-2.418269762911029,1.354115236923275,0.00019403212906217971,0.012427813090756289,0.023711666757662092,-0.0002770773766336286,541,1
5.076,-2.4179618782136574,1.354783511455415,-2.8041607090827904e-05,-0.025175582857439684,0.006137683946159122,-0.011960503597334735,541,1
5.101,-2.419528542053901,1.354422121120583,-0.00040399305080470447,-0.020195075358513104,-0.0192018033886085,0.001946241080181793,541,1
5.126,-2.418971631981583,1.3538234212859845,6.927044691838917e-05,-0.004088364492096389,-0.026004255008635995,0.03149609697732825,541,1
5.151,-2.419732960278506,1.3531219083701511,0.0011708117980617386,-0.003343347251059126,0.01047107895312486,-0.009595590802433697,541,1
5.176,-2.419138799344136,1.3543469752336408,-0.0004105090932034305,0.008899251458025535,0.020404607702619943,-0.026762772089119573,541,1
5.201,-2.4192879977056045,1.354142138755282,-0.00016732680639414398,-0.0062298691453932745,-0.0014797484425521697,0.003654448743297691,541,1
5.226,-2.4194502928014057,1.3542729878115132,-0.0002277866560386258,0.012526188591559339,-0.005460989259136107,0.0027971454385599826,541,1
5.251,-2.4186616882760266,1.3538690892923253,-2.7469534466293892e-05,0.02297234405673984,-0.00994564750507191,0.0064692814927181045,541,1
5.276,-2.4183016755985687,1.3537757054362596,9.567741859711701e-05,0.004963519106038223,0.0003424318815437045,-0.0027583410193621305,541,1
5.301,-2.4184135123207247,1.3538862108864025,-0.00016538658543431626,-0.00519297727250569,0.000559899485303996,-0.0023854881145091242,541,1
5.326,-2.418561324462194,1.3538037004105248,-2.359698712834536e-05,-0.020035321994349504,-0.0018039390742075122,0.00970980512073897,541,1
5.351,-2.419415278420442,1.353796013932692,0.0003201036706024934,-0.0016288063696556544,-0.0053196800567300384,0.0003200589291729682,541,1
5.376,-2.4186427647806767,1.3535377164076883,-7.5940406695441785e-06,0.007783557291780624,-0.0055370285409184405,0.0031550141276781686,541,1
5.401,-2.419026100555853,1.3535191625056462,0.00047785437698622863,-0.007292086199939289,0.029054055718380593,-0.018652874043798628,541,1
5.426,-2.4190073690906737,1.3549904191936073,-0.0009402377428594928,-0.007448993237915174,0.01836149326268195,-0.00694611874783926,541,1
5.451,-2.419398550217749,1.3544372371687803,0.00013054843959409306,0.002474874165372407,-0.03140936522692883,0.013039768656915076,541,1
5.476,-2.418883625382405,1.3534199509322609,-0.00028824931001360406,-0.008233733848674757,-0.009308289801221871,-0.0033387011609064625,541,1
5.501,-2.4198102369101826,1.3539718226787192,-3.638661845125093e-05,-0.016433868259406795,0.012062004490744948,0.014128640827957334,541,1
5.526,-2.4197053187953754,1.354023051156798,0.0004181827313842321,0.017873011111158084,-0.002352250941792819,0.009823802942037253,541,1
5.551,-2.4189165863546247,1.3538542101316295,0.000454803528650503,0.0019189768679516999,-0.01102772666137659,-6.724245295686064e-05,541,1
5.5760000000000005,-2.419609369951978,1.3534716648237293,0.0004148206087365187,-0.002107042511125819,-0.009173788540168848,-0.005947333489793059,541,1
5.601,-2.419021938480181,1.353395520704621,0.00015743685416076423,0.019516075333516694,0.03617490122019187,-0.022591423699820447,541,1
5.626,-2.418633566185302,1.3552804098847389,-0.0007147505762543904,-0.010131039010818946,0.02361350934986914,-0.009399930712827886,541,1
5.651,-2.419528490430722,1.3545761961721146,-0.00031255968148071985,-0.0050578680635737965,-0.03576581399024738,0.016544848809303462,541,1
5.676,-2.4188864595884807,1.3534921191852265,0.00011249186421063111,0.023672197673327507,-0.007898540324431267,0.012071089105880445,541,1
5.7010000000000005,-2.4183448805470555,1.354181269155893,0.00029099477381310776,0.0004838862067746436,0.008075280197958919,-0.004991456748646445,541,1
5.726,-2.418862265278142,1.3538958831951244,-0.00013708097322191217,0.0013433674267560084,-0.009258307269197663,-0.0004118722366719411,541,1
5.751,-2.4182777121757177,1.353718353792433,0.0002704011619796066,-0.01902627490790294,-0.00358472347360196,0.001499485519076421,541,1
5.776,-2.419813579023537,1.3537166470214443,-6.21066972681689e-05,-0.026273682681843363,-0.01184251317236211,0.008713039563677003,541,1
5.801,-2.41959139630981,1.353126228133815,0.0007060531401635478,0.019281945160542772,-0.006067855885682952,-2.1404480579078872e-05,541,1
5.8260000000000005,-2.41884948176551,1.3534132542271602,-6.317692129710376e-05,0.013778507198312133,0.02200307568257739,-0.026183971812932066,541,1
5.851,-2.4189024709498943,1.3542263819179439,-0.0006031454504831413,0.004698723633014284,0.00504917786680716,-0.0011438308799327542,541,1
5.876,-2.4186145455838592,1.3536657131205005,-0.00012036846529370161,0.002167996299240479,-0.01834246124868606,0.014560612218934618,541,1
5.901,-2.4187940711349323,1.3533092588555096,0.0001248851604633812,-0.0041829148362548954,0.0027896055209408843,-0.010700100750895596,541,1
5.926,-2.418823691325672,1.3538051933965476,-0.0006553735028385492,6.995578295310069e-05,0.017993772219222236,-0.0077373464836670855,541,1
5.9510000000000005,-2.4187905733457846,1.3542089474664707,-0.00026198216371988873,-0.022606473020507858,-0.0003708049532091819,0.022521490031222138,541,1
5.976,-2.4199540149766974,1.3537866531488871,0.0004707009987227274,-0.0205540886914158,-0.01791981332904153,0.01960348201975222,541,1
6.001,-2.4198182777803554,1.3533129568000186,0.0007181919372676184,-0.011331532666396566,0.001751912698599873,-0.015658373758338284,541,1
6.026,-2.420520591610017,1.3538742487838171,-0.00031221768919406054,0.0031234248608935757,0.008369670631989153,-0.017552661494377793,541,1
6.051,-2.4196621065373107,1.353731440331618,-0.00015944113745143028,0.025628531201436024,0.010354097173741509,-0.001998069796922415,541,1
6.076,-2.4192391650499454,1.3543919536425042,-0.00041212117904011535,0.016512220316835583,-0.019526682746757798,0.014095496741877206,541,1
6.101,-2.418836495521469,1.3527551061942802,0.0005453336996423412,-0.012600779330797883,-0.007132060651504522,0.001163348893946631,541,1
6.126,-2.4198692040164853,1.354035350609929,-0.0003539537343427837,-0.01462812049340739,0.0386138948862326,-0.020189613012284797,541,1
6.151,-2.4195679015461393,1.3546858009385918,-0.000464146950971799,0.028670409751034954,0.005404882805191155,-0.0043911243147576485,541,1
6.176,-2.4184356835289336,1.3543055947501885,-0.0005735099500808076,0.03818527827380805,-0.003676525862474924,0.005853798372683648,541,1
6.201,-2.417658637632449,1.354501974645468,-0.00017145703233764696,-0.005233384102201218,0.0002694894319166262,-0.003382367539535037,541,1
6.226,-2.4186973527340436,1.3543190692217844,-0.0007426283270575574,-0.013778010452609539,-0.032285262758122255,0.012837450543860913,541,1
6.251,-2.4183475381550794,1.352887711507562,0.00047041549485546993,-0.0399008489857168,-0.012483076767226865,0.025815417365304773,541,1
6.276,-2.4206923951833295,1.353694915383423,0.0005481425412076809,-0.01648331057744207,0.017156481089304405,-0.012202969462489265,541,1
6.301,-2.4191717036839515,1.3537455355620271,-0.0001397329782689083,0.025331688818735022,-0.003409992404317398,-0.008674027615933642,541,1
6.326,-2.4194258107423927,1.3535244157632071,0.00011444116041085032,-0.017738432473910555,0.0025185420714546416,0.006556783611886298,541,1
6.351,-2.420058625307647,1.3538714626655999,0.00018810620232562,0.017730686080401372,0.01418773858313107,0.005319371041050327,541,1
6.376,-2.4185392764383726,1.3542338026923637,0.00038040971246345874,0.03300085777294915,0.010107069053746401,-0.0075022963989379845,541,1
6.401,-2.4184085824189996,1.3543768161182872,-0.00018700861762135348,-0.00030523442106300644,-0.006334194854829023,-0.0052473122181062775,541,1
6.426,-2.418554538159426,1.3539170929496223,0.00011804410155824353,-0.013436944595959281,0.007799650751554338,-0.009701491126259433,541,1
6.451,-2.4190804296487975,1.354766798655865,-0.0006720831739341608,0.015348340270353642,0.003991042630810973,-0.0064811146664212295,541,1
6.476,-2.417787121145908,1.3541166450811628,-0.00020601163176287807,0.006718816976638469,-0.0072129975604217165,0.004943783286996891,541,1
6.501,-2.4187444887999656,1.3544061487778438,-0.00042489400958420115,-0.02148833592782403,-0.0006615596941417247,0.0024095179393146624,541,1
6.526,-2.4188615379422993,1.3540835670964557,-8.55357347971497e-05,-0.016593369249999827,0.00186596955769059,0.004086651782948551,541,1
6.551,-2.4195741572624656,1.3544994472557284,-0.00022056142043659418,-0.015365598270751017,0.007017041632093502,-0.013394951864533575,541,1
6.5760000000000005,-2.419629817855837,1.3544344191780604,-0.0007552833280238731,0.014779687069683741,-0.01947287730427856,0.01582558896609859,541,1
6.601,-2.4188351729089814,1.3535258033905144,0.000570718027868307,0.02384744334402286,0.008620081021999435,0.007487712962106512,541,1
6.626,-2.4184374456886357,1.3548654232291604,-0.0003808976799187418,0.019397449026668026,0.009303579648047877,-0.013458532529862004,541,1
6.651,-2.417865300457648,1.3539909823729168,-0.00010220859862494399,-0.039414865531215565,-0.022162030143571067,0.012691366936419302,541,1
6.676,-2.4204081889651965,1.3537573217219818,0.000253670666902382,-0.01396876985759279,0.0020429972257129656,-0.0012742106635599089,541,1
6.7010000000000005,-2.4185637389505277,1.3540931322342025,-0.00016591913180309724,0.03799408784998639,-0.009274333385076472,0.0018884933839480378,541,1
6.726,-2.418508484572697,1.353293605052728,0.00034809533609962993,-0.0014134658067366296,-0.011598450164123128,0.016016965801286587,541,1
6.751,-2.4186344122408645,1.3535132097259963,0.0006349291582611917,0.008420836667930616,-0.0019481537000842833,-0.0007634272212264675,541,1
6.776,-2.4180874427393007,1.3531961973677238,0.0003099239750385046,-0.026997237431194518,0.008306398374089448,-0.014759513674906851,541,1
6.801,-2.4199842741124242,1.3539285296447008,-0.00010304652548403479,0.0006241568168530076,0.011114280960611131,-0.008555600341759607,541,1
6.8260000000000005,-2.418056234898458,1.3537519114157543,-0.00011785604204926829,0.03393170294102366,0.01594750065377243,-0.004610654858234769,541,1
6.851,-2.418287688965373,1.3547259046773894,-0.0003335792683958188,-0.021616274541997958,0.013570927986790209,-0.010419571152233723,541,1
6.876,-2.419137048625558,1.3544304578150939,-0.0006388345996610965,-0.032772553644058296,-0.011839042675072561,0.007712702755684503,541,1
6.901,-2.419926316647576,1.3541339525436358,5.205586938826578e-05,0.020099248341978255,0.0025151307888959897,0.005125393964577914,541,1
6.926,-2.418132086208459,1.3545562143545387,-0.00038256490143207233,0.019473577196613412,-0.016804332407742466,0.012895745436764899,541,1
6.9510000000000005,-2.4189526377877453,1.3532937359232486,0.0006968431412263991,-0.017829249818230926,-0.009976159119147211,0.005762056458031871,541,1
6.976,-2.4190235486993705,1.3540574063985813,-9.446207853050932e-05,0.004670658516792175,0.01974461832132686,-0.015647548501496245,541,1
7.001,-2.4187191048619057,1.354280966839315,-8.553428384849892e-05,0.01966578589893693,-0.000925689765209906,-0.009511103268389253,541,1
7.026,-2.4180402594044237,1.3540111219103208,-0.0005700172419498567,0.0038043909654295184,-0.021899597453409823,0.008046156687031597,541,1
7.051,-2.418528885313634,1.3531859869666445,0.00031677355050296565,-0.0009538030610478676,0.006368023311478255,0.003459562551810803,541,1
7.076,-2.418087949557476,1.3543295230758947,-0.0003970391143593747,-0.010211527408010604,0.004574621065915901,0.005231411883448463,541,1
7.101,-2.4190394616840347,1.3534147180199403,0.0005783441446754683,-0.005499155741626105,-0.0043766182658221894,-0.004034475847003392,541,1
7.126,-2.4183629073445574,1.3541106921626036,-0.0005987629067096456,0.0008488372913362271,0.004834022743942529,-0.008020920298577067,541,1
7.151,-2.418997019819468,1.3536564191571374,0.0001772981297465386,-0.022937638256941364,-0.006842262991888528,0.018476290606068767,541,1
7.176,-2.4195097892574045,1.3537685790130092,0.0003250516235938803,-0.012572845818130719,-0.003955061551890196,0.011369801793463847,541,1
7.201,-2.4196256621103744,1.353458666079543,0.0007457882194195569,0.01193805294637866,0.011126362492808224,-0.012292426420383905,541,1
7.226,-2.4189128866100855,1.3543248971376496,-0.00028956969742534896,0.013442199423634258,-0.008445536629935071,0.000585585612826725,541,1
7.251,-2.4189535521391927,1.3530363892480461,0.0007750675000607583,-0.010610584905546044,-0.027747753684979157,0.02271669003045326,541,1
7.276,-2.419443415855363,1.3529375094534006,0.0008462648040972365,0.007318413264538774,0.02216228595244737,-0.01686283927849536,541,1
7.301,-2.418587631475966,1.3541445035456685,-6.807446386392374e-05,-0.0009747047592068049,0.02818922997813732,-0.016455398055486074,541,1
7.326,-2.419492151093323,1.3543469709523075,2.3494901322984488e-05,-0.004617311019661246,-0.005063150304684978,0.011477080851367602,541,1
7.351,-2.418818497026949,1.3538913460304343,0.0005057795787045856,-0.005324270665587529,-0.01541947031420832,0.004096350427493731,541,1
7.376,-2.4197583646266025,1.353575997436597,0.0002283124226975801,0.0056023716746978125,0.005143174852717554,-0.023298095261443746,541,1
7.401,-2.418538378443214,1.3541485047730701,-0.0006591251843676354,0.030545068860252763,-0.003261284923445918,-0.0077593295962597175,541,1
7.426,-2.41823111118359,1.3534129331904248,-0.00015965405711521898,0.013696042125159784,-0.0005564772359756295,0.015465119319975129,541,1
7.451,-2.417853576336956,1.3541206809112714,0.00011413078163113343,-0.018547131466109045,0.014813520510856878,0.00346649477739548,541,1
7.476,-2.4191584677568954,1.3541536092159676,1.3670681754534335e-05,-0.028243467245738382,-0.011138455659107491,-0.0036283558811244826,541,1
7.501,-2.419265749699243,1.353563758128316,-6.72870124250718e-05,0.016149661288160703,-0.002077957520953973,0.001860830452606883,541,1
7.526,-2.4183509846924873,1.35404971133992,0.00010671220438498992,0.009512070111856763,0.02579570872525592,-0.010626097541095485,541,1
7.551,-2.41879014619365,1.3548535435645788,-0.0005985918894800302,-0.04533816028607631,0.011159100402058206,-0.009944455795567323,541,1
7.5760000000000005,-2.420617892706791,1.3546076663600228,-0.000390510585393243,-0.0037425403606228392,-0.028282184631516317,0.029747583647017455,541,1
7.601,-2.418977273211681,1.353439434333003,0.0008887872928710462,0.014103382607482168,-0.019350423265480712,0.016755356111835044,541,1
7.626,-2.419912723576417,1.3536401451967488,0.00044725722019837945,-0.005952514672094032,0.032171384832326955,-0.03498141338911699,541,1
7.651,-2.419274898945286,1.3550480035746193,-0.0008602833765847474,0.021313984673012674,0.023815430114724284,-0.01627687018566532,541,1
7.676,-2.4188470243427664,1.354830916702485,-0.00036658628908503853,0.00475852395339864,-0.021070900690473827,0.006374471152339377,541,1
7.7010000000000005,-2.419036972747616,1.3539944585400956,-0.0005415598189676043,0.02192550322215333,-0.011278995348247318,0.0027910011651499744,541,1
7.726,-2.4177507491816588,1.3542669669350726,-0.00022703623082738974,-0.016382758123212385,0.02305074658393033,0.004339055440976141,541,1
7.751,-2.4198561106537766,1.355146995869292,-0.0003246070469188108,-0.024126203737724426,0.0007258798587406216,-0.0038710982600509564,541,1
7.776,-2.418957059368545,1.3543032609280097,-0.000420591143829844,0.022739165305179023,-0.00812540049393909,0.002741259712149012,541,1
7.801,-2.4187191523885176,1.3547407258445952,-0.00018754406131118266,-0.006199964161384042,0.0032047569843207213,0.00034500391794977726,541,1
7.8260000000000005,-2.419267057576614,1.3544634987772257,-0.000403340947932213,-0.022404892082264007,-0.012108738807565843,0.006241916867741915,541,1
7.851,-2.419839396992631,1.3541352889042169,0.0001245517820758843,-0.005684586293810432,0.0008663233089878405,0.0044300815013187545,541,1
7.876,-2.4195512868913047,1.354506814942675,-0.00018183687286618715,0.009636259260092962,-0.012216821513662034,0.009907597263865177,541,1
7.901,-2.419357584029626,1.3535244478285338,0.000619931645269125,0.009073446886427338,-0.006430953924394545,0.018612171411671662,541,1
7.926,-2.4190976145469834,1.3541852672464554,0.0007487716977175155,0.0010632457436976343,0.022307204510329765,-0.024002995154707933,541,1
7.9510000000000005,-2.4193044217424413,1.3546398080540503,-0.0005802181124661116,-0.0013326790850332107,0.005555796697689372,-0.028208031147816216,541,1
7.976,-2.419164248501235,1.3544630570813398,-0.0006616298596731831,0.013256558086274522,-0.02452277163061786,0.028805846865874233,541,1
8.001,-2.4186415938381276,1.3534136694725194,0.0008600742308273942,0.005878159678642823,-0.0024695932510487937,0.0014522600972188878,541,1
8.026,-2.418870340517303,1.3543395774187874,-0.0005890168548121074,-0.024132526192061843,0.004710299476164903,-0.020497976768041035,541,1
8.051,-2.4198482201477307,1.3536491844463276,-0.00016482460757487026,0.0017437393556462874,-0.0037349937677388393,0.01199177501087317,541,1
8.076,-2.4187831535495206,1.3541528277304005,1.057189573170018e-05,0.013390075552743661,0.01635208041619739,-0.013659504659990579,541,1
8.101,-2.4191787163700935,1.3544667884671375,-0.0008477998405742195,-0.004602085821199351,0.006112410580132585,0.006571107919564196,541,1
8.126,-2.4190132578405805,1.354458448259407,0.0003391272917100828,0.017989118897059727,-0.0001263067880152873,0.01109388354888298,541,1
8.151,-2.4182792604252406,1.3544604731277368,-0.0002931056631298889,0.01678646281702865,0.009662445793745396,-0.015381635763773497,541,1
8.176,-2.418173934699729,1.3549415705490944,-0.00042995449647839716,-0.009344385927381049,-0.024024295385469345,0.021699738605586962,541,1
8.201,-2.4187464797216096,1.3532592583584633,0.00079188126714929,-0.00945824624136713,-0.011874692440851762,0.01381438481470079,541,1
8.226,-2.4186468470117974,1.3543478359270518,0.0002607647442564772,-0.021170798241048512,-0.0013485847890049318,-0.0019251703930134722,541,1
8.251,-2.419805019633662,1.353191829119013,0.0006956227474988032,-0.009727322164829952,0.0008036993549876031,-0.009205982782294538,541,1
8.276,-2.419133213120039,1.3543880208948011,-0.00019953439485813958,0.009844197649497703,0.016899635147779906,-0.010827092853329235,541,1
8.301,-2.419312809751187,1.354036810876402,0.00015426810483248785,-0.00784481466332021,-0.017690695868930212,0.004478288384781529,541,1
8.326,-2.419525453853205,1.3535034861013546,2.4380024380846212e-05,0.020545763674268677,1.0125825324891336e-05,-0.004740787929389189,541,1
8.351,-2.4182855215674737,1.3540373171676683,-8.277129163695924e-05,-0.00045660891978550476,0.008066863156926013,0.005993543064137924,541,1
8.376,-2.419548284299194,1.353906829259201,0.00032405717758769535,-0.018580723755015467,0.020543246328208913,-0.008215154518538445,541,1
8.401,-2.4192145577552244,1.3550644794840787,-0.0004935290175637358,0.023581681858128808,-0.0012113228378707148,-0.002667430609930539,541,1
8.426,-2.4183692002062878,1.3538462631173074,0.00019068564709124743,0.005533632126377618,-0.02830491433773523,0.005847095871374025,541,1
8.451,-2.4189378761489055,1.353649233767192,-0.0002011742239950083,-0.02047593775815286,-0.0025646290501990156,0.010494317465106057,541,1
8.476,-2.4193929970941954,1.3537180316647974,0.0007154015203465481,0.020319991055038223,0.021706692376844323,-0.0107431360634982,541,1
8.501,-2.4179218765961537,1.3547345683860341,-0.0007383310271699165,0.010801845717587586,0.01762749716260041,-0.018095522476802402,541,1
8.526,-2.418852904808316,1.3545994065229274,-0.00018937460349358528,-0.023011446511817753,-0.020258455653165686,0.012909549089803279,541,1
8.551,-2.4190724489217446,1.3537216456033758,-9.285357267962616e-05,0.011762387931586293,-0.0024282749487891317,-0.01725137844736022,541,1
8.576,-2.4182647854117367,1.354477992775488,-0.00105194352586176,-0.015383957332826052,0.006534676988363315,-0.005501714420441594,541,1
8.601,-2.419841646788386,1.354048379452794,-0.00036793929370174735,-0.012864047363523586,-0.019762111552315418,0.025789302294204057,541,1
8.626,-2.418907987779913,1.3534898871978722,0.00023752158884836442,0.02728660741996572,-0.003533696417554819,0.008065966468216062,541,1
8.651,-2.4184773164173876,1.3538716946319163,3.5359029709118566e-05,0.01798344186279418,0.017154291500895737,-0.007368474995290592,541,1
8.676,-2.418008815686773,1.354347601772917,-0.00013090216091600994,-0.024899088345584276,0.0009593287463349617,0.0005495552846568252,541,1
8.701,-2.419722270834667,1.353919661069233,6.283679394194977e-05,-0.005405780870981681,-0.005758683374623626,-0.010901348184395433,541,1
8.726,-2.4182791047303223,1.3540596676041858,-0.0006759695701356325,0.01043882025707732,-0.022547704017342112,0.01595831920792746,541,1
8.751,-2.419200329821813,1.352792275868366,0.0008607527543381781,-0.004817631846316775,0.0036503352651218956,0.009379245491629917,541,1
8.776,-2.418519986322638,1.354242184367442,-0.00020700729555393933,-0.018695003267019405,0.03355921904568634,-0.02967225872521475,541,1
8.801,-2.420135079985164,1.3544702368206503,-0.0006228601819223599,-0.0005018763148445444,-0.004981320954620045,0.003221420095575976,541,1
8.826,-2.4185450801383803,1.353993118319711,-4.593629077515407e-05,0.002419298612759101,0.004405232746322811,0.0013026435140428376,541,1
8.851,-2.420014115054526,1.3546904984579664,-0.0005577280062200641,-0.025948282583297396,0.00601014163734272,-0.0011422714383791076,541,1
8.876,-2.419842494267545,1.354293625401578,-0.00010304986269393317,0.03867167346677552,-0.022186842276595203,-0.001465856061919655,541,1
8.901,-2.4180805313811873,1.3535811563441367,-0.0006310208093161762,0.02140300789209318,-0.013803532804810085,0.016215361628999274,541,1
8.926,-2.4187723438729405,1.3536034487613375,0.000707718218756153,-0.014375104776300569,0.01177852586214706,0.0117585865860102,541,1
8.951,-2.4187992866200023,1.354170082637244,-4.309148001558411e-05,-0.016363298659571635,0.010075174375585439,-0.028344696255099985,541,1
8.976,-2.419590508805919,1.3541072074801168,-0.0007095165939989753,0.011800398100954264,-0.003188034697405652,0.0009135683965233649,541,1
9.001,-2.4182092667149546,1.3540106809023738,2.58693981038898e-06,0.015684631742880817,-0.0024651317724089764,0.009912185358471815,541,1
9.026,-2.418806277218775,1.3539839508914964,-0.0002139073260752335,-0.01938212851525706,-0.0033035329130015143,0.002260451791107311,541,1
9.051,-2.4191783731407175,1.3538455042567237,0.00011560952936577342,-0.011781157446159983,0.005005550209324845,-0.009412597144349144,541,1
9.076,-2.419395335091083,1.3542342284019626,-0.0006845371832928304,-0.0026854680417187256,0.007736130474715775,0.0017384814971155046,541,1
9.101,-2.4193126465428034,1.3542323107804595,0.00020253360422145574,-0.00802348301338202,0.015721153492185617,-0.013569193379315015,541,1
9.126,-2.419796509241752,1.3550202860765719,-0.001362996852258758,-0.01646741584232316,-0.006395837256283479,0.003940859795603741,541,1
9.151,-2.4201360173349196,1.3539125189176453,0.0003995765940015917,-0.009688183771823096,-0.026051484631368266,0.033467025513775416,541,1
9.176,-2.4202809184303433,1.3537177118450034,0.0003103544234301622,0.02164865584694167,-0.0037581286456899753,-0.0018115315707855925,541,1
9.201,-2.4190535845425725,1.3537246124853608,0.00030900001546229955,0.026480003481256967,0.011782511116695647,-0.016192881255898454,541,1
9.226,-2.4189569182562805,1.3543068374008382,-0.0004992896393645773,0.0016205392627455584,0.011650038601343197,-0.014931312783943758,541,1
9.251,-2.418972557579435,1.354307114415428,-0.0004375656237347233,-0.00674347666767453,-0.017408814794679744,0.03179767327127504,541,1
9.276,-2.419294092089664,1.3534363966611043,0.0010905940241989953,-0.014859597718155159,-0.0073544245898070695,0.007193834891863102,541,1
9.301,-2.419715537465343,1.3539393931859376,-7.78738791415108e-05,0.022786404157563955,0.008203765752909814,-0.01747226566824775,541,1
9.326,-2.418154771881786,1.3538465849487498,0.00021698074078677608,0.015247297355020844,-0.0017683857262307005,0.003518424597661557,541,1
9.351,-2.418953172597592,1.353850973899626,9.804735074169334e-05,-0.014633313605916555,-0.002249294371403691,-0.00017793261357646297,541,1
9.376,-2.4188864375620818,1.3537341202301796,0.00020808411010783537,-0.013610152650889452,-0.00228566738766927,0.019928771300304217,541,1
9.401,-2.4196336802301364,1.3537366905302426,0.0010944859157570135,0.0016677824590604947,0.0023923889921739433,-0.004969043996938468,541,1
9.426,-2.4188030484391287,1.3538537396797883,-4.0368089739183414e-05,0.0016938460077042564,0.017914739422937056,-0.031208532051544946,541,1
9.451,-2.419548987929751,1.3546324275013895,-0.00046594068682008456,-0.017742223454532993,0.0034589522029370777,0.0024166117801271638,541,1
9.476,-2.4196901596118554,1.3540266872899351,8.046249926708478e-05,0.024236248486149654,-0.022728962453846743,0.019698170566178484,541,1
9.501,-2.4183371755054437,1.3534959793786971,0.0005189678414888123,0.00629591290966416,0.0003344183466680377,0.0028487782904918543,541,1
9.526,-2.419375363966372,1.3540434082072685,0.00022290141379156843,-0.025036299509375224,0.0036799757770688587,-0.014331059698102574,541,1
9.551,-2.4195889904809125,1.3536799781675506,-0.00019758514341618565,0.012888856899326655,-0.0056865120933168615,-0.0010217091145392342,541,1
9.576,-2.418730921121406,1.3537590826026027,0.00017181595806478215,0.0064701058328874485,0.00769115745957716,0.00361897492616942,541,1
9.601,-2.419265485189268,1.3540645360405295,-1.6636397107793895e-05,-0.005179322033219801,0.02125484291556613,-0.004335088415299375,541,1
9.626,-2.418989887223067,1.354821824748381,-4.493846270001873e-05,0.01352156573097425,-0.013859379372798426,0.023546680827176095,541,1
9.651,-2.4185894069027194,1.3533715670718895,0.0011606976442510976,0.012980184060511307,-0.006332037557470381,0.00037179102668538107,541,1
9.676,-2.4183408780200413,1.3545052228705075,-2.634891136562997e-05,0.011170965009892182,0.010873830732340673,-0.023102549902666806,541,1
9.701,-2.418030858652225,1.3539152586085066,5.570149117698213e-06,-0.022116009553174405,-0.003410396212650775,-0.0010397608378731457,541,1
9.726,-2.4194466784977,1.354334703059875,-7.83369532592545e-05,-0.042644727890045274,0.005772303325701901,-0.009564882129043033,541,1
9.751,-2.420163095046727,1.3542038737747917,-0.0004726739573345485,0.007571883948172148,-0.012801377144162901,0.007012977051772545,541,1
9.776,-2.4190680843002914,1.3536946342026668,0.00027231189932924634,0.02047113516740999,-0.004627765734306278,0.015539785371716299,541,1
9.801,-2.4191395382883565,1.3539724854880764,0.00030431531125125566,0.013295666814121343,0.015856619282032854,-0.005798000413879041,541,1
9.826,-2.4184033009595853,1.3544874651667684,-1.758812136450084e-05,0.01552253875336951,0.017783944682454336,-0.020294468427417268,541,1
9.851,-2.418363411350688,1.354861682722199,-0.0007104081101195235,0.0063859015521840175,-0.020448289356776332,0.005719283123397767,541,1
9.876,-2.418084005881976,1.3534650506989296,0.0002683760348054617,-0.006277928908034048,-0.027783290960199974,0.029373706778477796,541,1
9.901,-2.4186773077960897,1.3534725181741891,0.0007582772288044173,-0.0172811980437346,-0.00766940922614079,0.007058177959633382,541,1
9.926,-2.418948065784163,1.3530815802376226,0.0006212849327871571,-0.012272893207096838,0.012081447906830795,-0.014105963650541196,541,1
9.951,-2.4192909524564445,1.3540765905695307,5.297904627740065e-05,0.002877881907314931,0.01384927808261585,-0.003254827758096777,541,1
9.976,-2.418804171688797,1.3537740441417534,0.0004585435448821383,0.0007781357635572472,-0.010224823653359968,-0.008208713423183587,541,1
10.001,-2.4192520456682667,1.3535653493868627,-0.0003574566248816646,-0.0060579877023593425,0.006407567520465699,-0.006164107407000816,541,1
10.026,-2.419107071073915,1.3540944225177767,0.00015033817453222453,-0.01582469582213952,0.002669816475817617,-0.008071948589227659,541,1
10.051,-2.4200432804593737,1.3536988402106536,-0.0007610540543432593,0.01304187311252906,0.00814731436812532,-0.06417680356853325,541,1
10.076,-2.4184549774182886,1.354501788236183,-0.003058502003894382,0.04296445519094522,-0.017199640050122623,-0.0703735638321924,540,1
10.101,-2.4178950576998264,1.3528388582081474,-0.0042797322459527274,0.038031357245512355,-0.09638668155284008,-0.1016609460887285,541,1
10.126,-2.416553409556013,1.349682454158541,-0.008141549308330717,0.05756570941773854,-0.13000267262887555,-0.18044289580160852,541,1
10.151,-2.4150167722289395,1.3463387245767038,-0.013301877036033107,0.08723602013296682,-0.16057836034210954,-0.28118458656576406,541,1
10.176,-2.4121916085493647,1.3416535361414355,-0.022200778636619,0.1618167572962447,-0.2392092886480734,-0.37334063569369214,541,1
10.201,-2.406925934364127,1.3343782601443,-0.031968908820717956,0.21881060085592674,-0.3307179663456769,-0.43413540818680035,541,1
10.226,-2.401251078506568,1.3251176378241514,-0.04390754904595949,0.2931611031305144,-0.4276388968332603,-0.5116112289890415,541,1
10.251,-2.3922678792076018,1.3129963153026374,-0.05754947027016949,0.34531742691668327,-0.5305491456782654,-0.6144856417001996,541,1
10.276,-2.3839852071607344,1.2985901805402387,-0.0746318311309686,0.3971630202355879,-0.5998564851664282,-0.7242080201017383,541,1
10.301,-2.372409728195822,1.2830034910443155,-0.09375987127525695,0.47149475295609417,-0.6929627283312846,-0.7845184956522089,541,1
10.326,-2.3604104695129293,1.263942044123674,-0.11385775591357977,0.5134256877359815,-0.7874131791287308,-0.8816054064791831,541,1
10.351,-2.3467384438090226,1.2436328320878784,-0.1378401415992169,0.545104889840265,-0.8683976065852946,-0.9684554518919459,541,1
10.376,-2.3331552250209167,1.2205221637944101,-0.16228052850817593,0.6117375346755468,-0.9496823549807523,-1.0368063178733467,541,1
10.401,-2.316151567075246,1.1961487143388418,-0.18968045749288331,0.6804228488607481,-1.0339389539886743,-1.115398116659849,541,1
10.426,-2.2991340825778788,1.1688252160949757,-0.21805043434116916,0.7014034174531758,-1.125278496807118,-1.1972241015085945,541,1
10.451,-2.2810813962025867,1.1398847894984852,-0.24954166256831378,0.7394151095864282,-1.1746077945901379,-1.2717033455958757,539,1
10.476,-2.262163327098557,1.110094826365468,-0.28163560162096385,0.7912124255513655,-1.2446309815944188,-1.294111514170365,535,1
10.501,-2.241520774925019,1.0776532404187655,-0.31424723827683076,0.8555310445035951,-1.332774983771598,-1.351928324782563,533,1
10.526,-2.219386774873378,1.0434560771768895,-0.34923201786009056,0.9161467337689414,-1.3845714419471935,-1.4387020704435711,533,1
10.551,-2.1957134382365715,1.0084246683214049,-0.38618234179901023,0.9590145959871373,-1.4265539322709573,-1.4570486690471067,532,1
10.576,-2.1714360450740204,0.9721283805633406,-0.42208445131244693,0.9547326697555067,-1.506836789939897,-1.460896735513894,532,1
10.601,-2.1479768047487955,0.933082828824409,-0.4592271785747061,1.0105506078284459,-1.6250250169393134,-1.4442477508554983,529,1
10.626,-2.120908514682599,0.8908771297163767,-0.49429683885522047,1.104877824111551,-1.6352665093672785,-1.4912813264828235,526,1
10.651,-2.092732913543219,0.8513195033560468,-0.5337912448988458,1.117445044577254,-1.6544375943283094,-1.5355385743003462,524,1
10.676,-2.0650362624537357,0.80815524999996,-0.5710737675702386,1.1223914086420823,-1.764126833624448,-1.4663955710224799,521,1
10.701,-2.036613343111114,0.7631131616748231,-0.6071110234499709,1.142304963918949,-1.8148886090227054,-1.4397229748742264,518,1
10.726,-2.0079210142577875,0.7174108195488235,-0.6430599163139511,1.1865214508724784,-1.8379057776905574,-1.4217418418304675,516,1
10.751,-1.9772872705674915,0.6712178727902972,-0.6781981155414929,1.1887503444551615,-1.8235158285958863,-1.3690036218026982,515,1
10.776,-1.9484834970350307,0.6262350281190311,-0.7115100974040843,1.120724079097994,-1.7446765315863173,-1.3199230003902587,513,1
10.801,-1.921251066612591,0.5839840462109801,-0.7441942655610069,1.0516770172489294,-1.606544773169402,-1.276839815451209,513,1
10.826,-1.8958996461725834,0.5459077894605598,-0.7753520881766458,0.9557817451691661,-1.4609758383999063,-1.2026538384341918,513,1
10.851,-1.873461979354132,0.5109352542909837,-0.8043269574827173,0.8526979622852786,-1.3420994239456239,-1.130906169287946,514,1
10.876,-1.8532647480583204,0.4788028182632801,-0.8318973966410418,0.7802869472847307,-1.2083203605128647,-1.0543267720409102,517,1
10.901,-1.8344476319898964,0.4505192362653418,-0.8570432960847618,0.702403276754272,-1.0711606552756427,-0.9690367315637745,517,1
10.926,-1.8181445842206063,0.4252447854994972,-0.8803492332192312,0.6007604966148697,-0.9595911973979506,-0.880839376001706,514,1
10.951,-1.8044096071591524,0.4025396763954436,-0.9010852648848479,0.5113043344922036,-0.8301412123199319,-0.7991967740989001,512,1
10.976,-1.7925793674959958,0.3837377248835,-0.9203090719241768,0.45418401865900815,-0.697723514123562,-0.7145035720083267,510,1
11.001,-1.7817004062262025,0.3676535006892662,-0.9368104434852635,0.39827356001907305,-0.5889765271763251,-0.6063860673590367,508,1
11.026,-1.7726656894950426,0.35428889852468437,-0.950628375292128,0.3289825400892441,-0.4611106913079156,-0.5291736465331467,505,1
11.051,-1.76525127922174,0.3445979661238701,-0.9632691258119211,0.24262228656954143,-0.3487232145371217,-0.43606248792909685,503,1
11.076,-1.7605345751665653,0.33685273779782804,-0.9724314996885829,0.13427688821871872,-0.25268106023460274,-0.3420677544616031,501,1
11.101,-1.758537434810804,0.3319639131121398,-0.9803725135350017,0.07286962274798792,-0.14940619510078398,-0.2645976211129287,501,1
11.126,-1.756891094029166,0.329382428042789,-0.9856613807442292,0.014137930564417669,-0.020895503803686655,-0.20633723748968874,500,1
11.151,-1.7578305382825832,0.3309191379219555,-0.990689375409486,-0.1026896283793096,0.06933957476553577,-0.14609886637476213,501,1
11.176,-1.7620255754481315,0.33284940678106584,-0.9929663240629671,-0.11486181137872645,0.1471269675020083,-0.07907892046821517,501,1
11.201,-1.7635736288515196,0.338275486297056,-0.9946433214328968,-0.0995250990945559,0.2411794492552887,-0.049002882728163416,503,1
11.226,-1.7670018304028594,0.34490837924383044,-0.9954164681993753,-0.18979412567682058,0.297803930499578,-0.014438391576350492,502,1
11.251,-1.7730633351353604,0.3531656828220346,-0.9953652410117144,-0.20466010149478456,0.3177774221897912,0.004521560278654232,505,1
11.276,-1.7772348354775984,0.36079725035331967,-0.9951903901854429,-0.18508513753680414,0.31337400644934954,0.0007715582455691707,506,1
11.301,-1.7823175920122007,0.3688343831445023,-0.995326663099436,-0.19431683997938878,0.2896524216222177,0.006843069497079926,508,1
11.326,-1.786950677476568,0.37527987143443076,-0.9948482367105891,-0.19655109839894877,0.28868379925369536,-0.006247572952995295,508,1
11.351,-1.7921451469321483,0.38326857310718726,-0.9956390417470858,-0.14792410220083468,0.24344328615989527,-0.0040949009507063915,510,1
11.376,-1.7943468825866096,0.38745203574242526,-0.9950529817581243,-0.10322870303052455,0.14681488786320343,0.008215616440585724,510,1
11.401,-1.7973065820836744,0.3906093175003473,-0.9952282609250565,-0.06648732629510506,0.08743848132222384,0.0039764361532323425,511,1
11.426,-1.7976712489013649,0.3918239598085365,-0.9948541599504627,-0.04201370618592766,0.05635462380167242,-0.0001416727955572108,511,1
11.451,-1.7994072673929709,0.39342704869043094,-0.9952353445648343,-0.030483143797330314,0.02744625079682611,-0.006107615758068532,510,1
11.476,-1.7991954060912314,0.39319627234837784,-0.9951595407383659,0.00880141064034242,-0.017841041623644464,0.004118514822835183,510,1
11.501,-1.7989671968609537,0.39253499660924873,-0.9950294188236928,0.017802979486427995,-0.0345925307878044,-0.004563058980151621,510,1
11.526,-1.79830525711691,0.39146664580898766,-0.9953876936873733,0.006846412027501261,-0.003373081274489161,-0.007030054518288764,510,1
11.551,-1.7986248762595787,0.39236634254552427,-0.995380921549607,-0.022424039816639443,0.0065507159809706965,-0.0019052803742613817,510,1
11.576,-1.799426459107742,0.3917941816080362,-0.9954829577060865,-0.00204444443873794,-0.012807042192281943,0.0018183271359006623,510,1
11.601,-1.7987270984815156,0.39172599043591017,-0.9952900051928121,-0.003291752424674569,0.016788631249234156,0.003852943330446916,510,1
11.626,-1.7995910467289757,0.3926336131704979,-0.9952903105395643,0.006810042612546286,0.01331825555301009,0.012233241669443989,510,1
11.651,-1.7983865963508883,0.39239190321356066,-0.99467834310934,0.00684340239292415,0.0029327656523702866,0.007045129342610934,510,1
11.676,-1.7992488766093295,0.3927802514531164,-0.9949380540724335,-0.018518392332249348,0.010248839299617916,-0.010770475125720783,511,1
11.701,-1.7993125159675007,0.39290434517854156,-0.995216866865626,-0.013769516636736671,0.007796815946016111,-0.004823653723819919,511,1
11.726,-1.7999373524411664,0.3931700922504172,-0.9951792367586244,-0.011716445459968555,0.010477888020775874,-0.0023699976261415904,511,1
11.751,-1.7998983382404992,0.39342823957958034,-0.9953353667469331,0.01082584538154153,0.012457523906646272,0.00520044251818963,511,1
11.776,-1.7993960601720893,0.3937929684457495,-0.9949192146327148,0.01884783610128311,-0.0013126027286114264,0.00032896484889910016,511,1
11.801,-1.798955946435435,0.39336260944314977,-0.9953189185044881,-0.006070862705014249,0.018778875844477082,-0.008498026985037533,511,1
11.826,-1.79969960330734,0.3947319122379734,-0.9953441159819668,0.0003025284522850626,0.020182236099954554,-0.0016716003595540247,511,1
11.851,-1.7989408200128207,0.3943717212481475,-0.995402498522466,-0.0009078852207977854,-0.013144535100386993,0.0027102873529028537,511,1
11.876,-1.79974499756838,0.39407468548295405,-0.9952086016143218,-0.015492192609843133,0.0031751664981350524,0.004705943257672474,511,1
11.901,-1.7997154296433129,0.39453047957305426,-0.9951672013595826,0.018146370805846877,-0.007121037165524933,0.02970759359964561,512,1
11.926,-1.7988376790280876,0.3937186336246778,-0.9937232219343397,0.03632322051087604,-0.011947418633600878,0.06611597693462107,511,1
11.951,-1.797899268617769,0.3939331086413742,-0.9918614025128517,0.030993569465329166,0.004796714675876433,0.09595973084342765,511,1
11.976,-1.797288000554821,0.3939584693584716,-0.9889252353921683,0.09830890595521989,0.019131575546675182,0.153001855305902,510,1
12.001,-1.7929838233200082,0.39488968741870795,-0.9842113097475569,0.20784688334162915,0.01847269210650965,0.21942477521431883,510,1
12.026,-1.7868956563877398,0.3948821039637971,-0.9779539966314524,0.2948550673684783,0.011041259816541981,0.2833542093140688,510,1
12.051,-1.778241069951584,0.39544175040953505,-0.9700435992818534,0.358675961779537,0.03901099347538406,0.35716875125783637,510,1
12.076,-1.7689618582987627,0.3968326536375663,-0.9600955590685601,0.47537484787827144,0.04336455840201863,0.43115648962041064,510,1
12.101,-1.7544723275576701,0.397609978329636,-0.9484857748008326,0.5800586235358941,0.04070500787178497,0.5156945878289608,510,1
12.126,-1.7399589271219686,0.3988679040311555,-0.9343108296771129,0.6394606899891467,0.0631626303885038,0.6004132826055425,510,1
12.151,-1.7224992930582135,0.40076810984906114,-0.918465110670556,0.7785086446743361,0.06049988405410736,0.6796122107140948,510,1
12.176,-1.7010334948882513,0.40189289823386093,-0.9003302191414079,0.8922713452090576,0.049891155224981845,0.7767441635488904,511,1
12.201,-1.67788572579776,0.40326266761031027,-0.8796279024931112,0.9715318618324971,0.08680100863459482,0.8479510732996122,523,1
12.226,-1.6524569017966257,0.40623294866559073,-0.8579326654764265,1.0968997460615493,0.08564617530158208,0.9219782548559882,536,1
12.251,-1.6230407384946837,0.4075449763753893,-0.8335289897503129,1.1841617471809882,0.08052305565596168,1.0018476529454237,541,1
12.276,-1.5932488144375776,0.41025910144838873,-0.8078402828291564,1.2545443994322802,0.10262480227778835,1.0727305885184382,541,1
12.301,-1.5603135185230688,0.41267621648927877,-0.7798924603243901,1.362340922872048,0.08920566847520946,1.155453521922222,541,1
12.326,-1.5251317682939742,0.41471938487214927,-0.7500676067330446,1.432879965616631,0.12441445329532443,1.2042738488198619,541,1
12.351,-1.4886695202422362,0.4188969391540451,-0.7196787678833961,1.4991530430554842,0.13988697956367221,1.2455660918402867,541,1
12.376,-1.4501741161412016,0.42171373385033273,-0.6877893021410316,1.6098778703545624,0.11106120794086365,1.3097805414737809,541,1
12.401,-1.4081756267245098,0.42444999955108814,-0.6541897408097085,1.6998026548593639,0.12622271578576247,1.3657925289113833,540,1
12.426,-1.3651839833982322,0.42802486963962094,-0.6194996756954617,1.7534794780660752,0.1554668800390746,1.3935797834510646,541,1
12.451,-1.3205016528212048,0.432223343553042,-0.5845107516371545,1.8254740428284817,0.1486956549854258,1.4215337945745052,541,1
12.476,-1.2739102812568068,0.43545965238889234,-0.5484229859667357,1.92762220279442,0.1584340626098058,1.454430071830246,536,1
12.501,-1.2241205426814858,0.4401450466835321,-0.5117892480456439,2.006953738193629,0.15008245310438525,1.4807463318867202,530,1
12.526,-1.1735625943471275,0.44296377504411144,-0.4743856693724012,2.0402473077901173,0.15362823415880691,1.4688704088218931,527,1
12.551,-1.1221081772919785,0.44782645839147256,-0.4383457276045481,2.1236020277966636,0.1778927893312984,1.4568262841921935,523,1
12.576,-1.0673824929572928,0.4518584145106765,-0.4015443551627904,2.2069721205141586,0.16297136690283534,1.4724676153651974,517,1
12.601,-1.011759571266269,0.45597502673661444,-0.36472234683628707,2.2410890395001273,0.17999932322736717,1.4605155574006146,514,1
12.626,-0.9553280409822889,0.46085838067204465,-0.32851857729276146,2.252054437597181,0.16443988437120932,1.4337652614168523,508,1
12.651,-0.8991568493864124,0.46419702095517473,-0.2930340837654461,2.2177661972904956,0.16895131874513838,1.3977201693454047,509,1
12.676,-0.8444397311177625,0.4693059466093017,-0.25863256882549035,2.177193193038016,0.18169610580838622,1.3379666882856243,510,1
12.701,-0.79029718973451,0.4732818262455942,-0.2261357493511637,2.0133865144537815,0.14566055036173156,1.297967480069299,507,1
12.726,-0.743770405395072,0.4765889741273884,-0.19373419482202467,1.8503477031625222,0.14592799011623891,1.262498572658606,510,1
12.751,-0.6977798045763859,0.48057822575140596,-0.16301082071823458,1.7817522274690758,0.15530776413736233,1.198619498127521,514,1
12.776,-0.6546827940216201,0.4843543623342563,-0.13380321991564992,1.6556952585671256,0.12727568722429125,1.135975439940246,517,1
12.801,-0.6149950416480284,0.4869420101126206,-0.10621204872122128,1.517556165477217,0.11880011342032701,1.0697864215578017,519,1
12.826,-0.5788049857477582,0.49029436800527276,-0.08031389883775915,1.3608506470967237,0.09879360809342456,0.9898756287956659,521,1
12.851,-0.5469525092931913,0.4918816905172919,-0.05671826728143744,1.2082886718438481,0.10049030466928502,0.9137685799615286,520,1
12.876,-0.5183905521555671,0.4953188832387369,-0.0346254698396837,1.066761780071042,0.10025975649118771,0.8332558816883662,521,1
12.901,-0.4936144202896403,0.4968946783418512,-0.015055473197019855,0.9477820364719801,0.07617338540810595,0.752801120080802,522,1
12.926,-0.4710014503319674,0.49912755250914226,0.003014586164356984,0.805446555424156,0.06704759892203997,0.6937894288659309,522,1
12.951,-0.45334209251843194,0.5002470582879532,0.019633998246277193,0.6637691926033068,0.0414717177858109,0.5988663424782285,523,1
12.976,-0.4378129907018016,0.5012011383984328,0.03295790328826885,0.5686724018936228,0.05040046144515361,0.47679172247984475,523,1
13.001,-0.4249084724237514,0.5027670813602109,0.04347358437026902,0.45710933418368604,0.04525983865673807,0.4177774412657076,523,1
13.026,-0.41495752399261776,0.5034641303312697,0.05384677535155364,0.3380110567382906,-0.00236691046889611,0.34616374197066374,523,1
13.051,-0.40800791958683663,0.5026487358367661,0.06078177146880243,0.22453901955067815,0.013635718532012203,0.277011942283028,523,1
13.076,-0.4037305730150837,0.5041459162578703,0.06769737246570523,0.12840246623048096,0.04220510084714742,0.21326072687527872,523,1
13.101,-0.4015877962753125,0.5047589908791235,0.07144480781256667,0.02739948432235631,0.008178671272873923,0.1512856265457284,523,1
13.126,-0.4023605987989659,0.504554849821514,0.07526165379299155,-0.08647557767868481,-0.010112468087650976,0.09273311498708223,522,1
13.151,-0.40591157515924664,0.5042533674747409,0.07608146356192072,-0.12097511484339513,-0.011372664654101089,0.05240206747709234,523,1
13.176,-0.40840935454113575,0.5039862165888089,0.07788175716684631,-0.1520356313979288,-0.0074970537500139755,0.0506669330869684,522,1
13.201,-0.4135133567291432,0.5038785147872402,0.0786148102162693,-0.2045878326128818,-0.013720775891501252,0.004538939600209282,522,1
13.226,-0.41863874617178,0.5033001777942339,0.07810870414685678,-0.19608887165672637,0.0012499850784597744,0.011732221769671619,523,1
13.251,-0.4233178003119793,0.5039410140411632,0.07920142130475298,-0.22098464411174273,-0.029091498700604745,0.05738781823290695,522,1
13.276,-0.4296879783773669,0.5018456028592037,0.08097809505850197,-0.21162429572893304,0.0011513698272458243,0.1405317489068183,521,1
13.301,-0.4338990150984261,0.5039985825325255,0.08622800875009422,-0.15713723435431204,0.05630731098978856,0.29433353432970516,523,1
13.326,-0.4375448400950826,0.5046609684086931,0.0956947717749874,-0.08216783865880534,0.08108024047918656,0.4554259878777624,522,1
13.351,-0.4380074070313664,0.5080525945564849,0.10899930814398257,-0.03373052603062382,0.18275081698384044,0.6616196420577277,523,1
13.376,-0.43923136639661375,0.513798509257885,0.12877575387787304,-0.0016863166725101047,0.28745057200806057,0.9014605704122595,523,1
13.401,-0.43809172286499193,0.5224251231568876,0.15407233666459472,0.027320623861789184,0.39206469929265686,1.1132559025251185,521,1
13.426,-0.4378653352035243,0.5334017442225181,0.18443854900412973,0.07702858914454326,0.4791281932727263,1.3117993127015728,521,1
13.451,-0.4342402934077647,0.5463815328205243,0.2196623022996743,0.13694826298427804,0.5998812876853447,1.5244258295063555,522,1
13.476,-0.4310179220543103,0.5633958086067857,0.26065984047944846,0.15230229030209866,0.6994364813919323,1.73100901076107,520,1
13.501,-0.42662517889265994,0.5813533568901201,0.30621275283772614,0.18433482131918927,0.7904199941979697,1.9079015175322451,521,1
13.526,-0.421801180988351,0.6029168083166834,0.35605491635605857,0.21121228442134188,0.8959092024604459,2.0915331242746107,518,1
13.551,-0.4160645646715927,0.6261488170131431,0.41078940905145805,0.26567770298245597,0.9790965507662536,2.278828434408012,520,1
13.576,-0.408517295839228,0.6518716358549967,0.46999633807646085,0.2740100071053525,1.059419269380058,2.387067715341404,519,1
13.601,-0.4023640643163249,0.6791197804821467,0.5301427948185301,0.28790071624328845,1.1606820773810214,2.4495328122633344,519,1
13.626,-0.3941222600270639,0.7099057397240466,0.5924729786896249,0.33704125645167055,1.2530473488575655,2.5401533268254104,518,1
13.651,-0.3855120014937417,0.7417721479250237,0.6571504611597979,0.33203586586049244,1.2906322490602877,2.5824147984540233,518,1
13.676,-0.37752046673403905,0.7744373521770619,0.7215937186123277,0.3795931391610243,1.3393105834572103,2.564713943328093,516,1
13.701,-0.3665323445356902,0.8087376770978851,0.7853861583262042,0.39400028456902486,1.401879685498575,2.539881989947332,516,1
13.726,-0.3578204525055875,0.8445313364519916,0.8485878181096959,0.3749507854254499,1.388396378563926,2.4891762511909827,518,1
13.751,-0.34778480526441813,0.87815749602608,0.9098449708857506,0.36869001895156306,1.329161821847444,2.3807242619198083,518,1
13.776,-0.33938595155800977,0.9109894275443624,0.9676240312056836,0.3674341831281084,1.2871469091318417,2.2649020123250576,518,1
13.801,-0.32941309610801245,0.942514841482673,1.023090071502005,0.3638653623477243,1.243562875534583,2.138130704091182,517,1
13.826,-0.3211926834406233,0.9731675713210924,1.0745305664102442,0.26071960272534184,1.150098716578253,1.9349819031588469,517,1
13.851,-0.31637711597174517,1.0000197773115864,1.1198391666599485,0.24893010727901707,1.0218349906389586,1.741731440034046,517,1
13.876,-0.3087461780766727,1.0242593208530393,1.1616171384119447,0.26078644292479414,0.918780278462374,1.54979410971922,516,1
13.901,-0.30333779382550574,1.0459587912347041,1.1973288721459077,0.22275198438769256,0.790792609587274,1.344634262505425,515,1
13.926,-0.2976085788572879,1.0637989513324035,1.2288488515372167,0.18935795732337343,0.6528057127335658,1.1266225927115254,520,1
13.951,-0.29386989595933694,1.078599076871383,1.2536600017814845,0.13245861243084056,0.51325672117761,0.8686309848301176,522,1
13.976,-0.2909856482357458,1.0894617873912844,1.2722804007787232,0.1050087809773226,0.39627410862779167,0.6958317635555982,524,1
14.001,-0.2886194569104709,1.098412782302772,1.2884515899592637,0.05402781544715855,0.2645426682156117,0.5140683306104353,524,1
14.026,-0.2882842574633879,1.1026889208020647,1.2979838173092446,0.040498789176064955,0.11408073550197188,0.28789616953343733,524,1
14.051,-0.28659451745166764,1.1041168190778707,1.3028463984359357,6.783023820955318e-05,0.03309603858090379,0.15217495366433692,526,1
14.076,-0.28828086595147745,1.10434372273111,1.3055925649924618,-0.014349696259149187,-0.052274916754377156,0.061365573712874,526,1
14.101,-0.2873120022646251,1.1015030732401518,1.3059146771215795,-0.016512619502195087,-0.16574253468525943,-0.015327317568383562,526,1
14.126,-0.2891064969265872,1.0960565959968471,1.3048261991140426,-0.09302748361589373,-0.21176527418392163,0.0007447172828190121,526,1
14.151,-0.2919633764454197,1.090914809530956,1.3059519129857204,-0.07973902502404259,-0.22755747646329935,-0.05319373911611893,525,1
14.176,-0.2930934481777894,1.084678722173682,1.3021665121582366,-0.039435168819054726,-0.23746344054024088,-0.1838192715447891,524,1
14.201,-0.29393513488637246,1.0790416375039438,1.2967609494084806,0.023894743931844535,-0.22560018283013805,-0.3152274499277707,523,1
14.226,-0.29189871098119713,1.073398713032175,1.286405139661848,0.09428916190382532,-0.1787992808519239,-0.47420686935482637,522,1
14.251,-0.2892206767911813,1.0701016734613478,1.2730506059407396,0.18732188227670155,-0.10691101633222516,-0.6597063618453233,521,1
14.276,-0.28253261686736225,1.0680531622155638,1.2534198215695829,0.3243033047023823,-0.09983839326715174,-0.8769175252833392,520,1
14.301,-0.27300551155606195,1.06510975379799,1.229204729676572,0.3659452853151649,-0.07166297711117219,-1.0516284467509636,520,1
14.326,-0.26423535260160375,1.0644700133600051,1.200838399232034,0.48069404778949704,-0.043488745875430106,-1.3018830862859503,520,1
14.351,-0.24897080916658676,1.0629353165042186,1.1641105753622736,0.615143293759389,-0.05392869311957264,-1.5034636842871016,519,1
14.376,-0.23347818791363495,1.0617735787040266,1.1256652150176807,0.7289658693257106,-0.026636840723522362,-1.6717513551436447,520,1
14.401,-0.212522515700302,1.0616034744680425,1.080523007605093,0.8490467703026762,-0.028921256353182247,-1.8738930851594038,518,1
14.426,-0.19102584939850054,1.0603275158863674,1.031970560759709,0.9094300571089019,-0.024730694714092043,-2.0540111538156998,518,1
14.451,-0.16705101284485627,1.0603669397323379,0.9778224499143064,1.0300213683583124,-0.004405951800463485,-2.209990035439628,518,1
14.476,-0.13952478098058418,1.0601072182963442,0.921471058987726,1.1463780682541227,-0.02320530961581074,-2.3157835355729044,518,1
14.501,-0.10973210943215135,1.0592066742515474,0.8620332731356635,1.2233182474200612,-0.004096668621902476,-2.43598479751676,520,1
14.526,-0.07835886860958242,1.0599023848652491,0.7996718191118907,1.2992815735024386,-0.006300781452868076,-2.518745795162953,520,1
14.551,-0.04476803075702849,1.058891635178904,0.7360959833775138,1.3841453862119715,-0.013556808694792174,-2.5639428843559022,520,1
14.576,-0.009151599298982864,1.0592245444305095,0.6714746748940937,1.4545396566934412,-0.0010778530654986641,-2.586699303678531,519,1
14.601,0.027958952077644598,1.058837742525629,0.6067610181935855,1.5249666038996907,-0.01225409188921693,-2.5775289162434873,523,1
14.626,0.06709673089600005,1.0586118398360487,0.5425982290819222,1.5252436892874495,0.005133081851629416,-2.550964689833118,522,1
14.651,0.10422113654201544,1.0590943966182105,0.4792127837019325,1.6073492706775738,0.010432497681955718,-2.4844882535732893,520,1
14.676,0.14746419442987987,1.0591334647201465,0.4183738164032561,1.671776254250588,-0.0080116856040745,-2.3866950453460962,522,1
14.701,0.18780994925454603,1.0586938123380067,0.35987803143462604,1.558542658727577,-0.001399351316462274,-2.2781278245283985,523,1
14.726,0.22539132736625983,1.0590634971543234,0.3044674251768347,1.4901020895343438,0.01928328072349702,-2.1372640251307664,522,1
14.751,0.2623150537312616,1.0596579763741816,0.2530148301780902,1.3355537778759692,2.8651617838271803e-05,-1.9725617739034604,523,1
14.776,0.29216901626005687,1.0590649297352153,0.20583933648166394,1.1552442697115952,-0.01573927453840418,-1.7845370546607966,523,1
14.801,0.3200772672168422,1.0588710126472614,0.163787977445049,1.0467404689805777,-0.0031442359692678942,-1.5992350797020856,524,1
14.826,0.3445060397090865,1.0589077179367519,0.12587758249655864,0.8369455744412438,0.0007165188180868652,-1.4226229021467927,523,1
14.851,0.361924545938905,1.0589068385881657,0.0926568323377082,0.7400833620631178,-0.001214688351955954,-1.1960071929843419,524,1
14.876,0.3815102078122416,1.058846983519154,0.06607722284734288,0.6401879258038904,0.0016061847919202408,-0.9740102005820214,524,1
14.901,0.39393394222909883,1.0589871478277617,0.043956322308608145,0.4129475794250067,0.021315534261158984,-0.782767900425847,523,1
14.926,0.4021575867834922,1.059912760232212,0.02693882782605011,0.3019711827091022,0.011525711128967778,-0.5760445029650636,524,1
14.951,0.40903250136455416,1.05956343338421,0.015154097160354681,0.20800567076096604,-0.027701453445776066,-0.40600447838274745,524,1
14.976,0.4125578703215407,1.0585276875599232,0.006638603906912288,0.07980387183406605,-0.02230193528310712,-0.24968527647689065,524,1
15.001,0.4130226949562574,1.0584483366200548,0.0026698333365103304,-0.060833902236129465,0.010105831952631698,-0.12137358235113008,524,1
15.026,0.40951617520973427,1.0590329791575548,0.0005699247893560946,-0.18413295601351481,0.0008184362547680619,-0.05171093567477063,524,1
15.051,0.4038160471555815,1.0584892584327932,8.428655277185857e-05,-0.21671951251491264,0.011060345655420198,-0.006869839394543122,525,1
15.076,0.3986801995839885,1.0595859964403258,0.00022643281962886233,-0.27739387531868603,0.025791598924933178,-0.007711066505207033,523,1
15.101,0.389946353389647,1.0597788383790399,-0.00030126677248854515,-0.37398849722365424,-0.0045470613783572394,-0.007205811668615934,524,1
15.126,0.37998077472280617,1.059358643371408,-0.00013385776380173828,-0.28545408977879105,-0.01927661512048081,-0.00027985045126577887,524,1
15.151,0.37567364890070776,1.0588150076230158,-0.00031525929505175996,-0.1923196665063815,-0.026037883287268377,-0.006549562261053317,523,1
15.176,0.37036479139748696,1.0580567492070445,-0.00046133587685456135,-0.13448885999626378,-0.01794464351948718,-0.02409107586817748,524,1
15.201,0.3689492059008945,1.0579177754470415,-0.0015198130884606902,-0.015352379553254861,-0.015111982182957957,-0.0522771440305451,523,1
15.226,0.3695971724198242,1.0573011500978966,-0.0030751930783816457,0.09826449320485918,-0.05239560857334014,-0.04864943000923209,524,1
15.251,0.3738624305611373,1.0552979950183745,-0.00395228458892203,0.20746731694832984,-0.09602095950602889,-0.04491196407778826,524,1
15.276,0.3799705382672405,1.0525001021225953,-0.005320791282270953,0.3070423563832226,-0.11471761864134071,-0.05451561519222026,524,1
15.301,0.3892145483802987,1.0495621140863074,-0.0066780653485329165,0.4250734083437952,-0.13882720615424196,-0.06486832906393311,524,1
15.326,0.40122420868443054,1.045558741814883,-0.008564207735467804,0.5457664866262468,-0.16829394972699624,-0.09370330270368799,524,1
15.351,0.4165028727116114,1.0411474165999575,-0.011363230483717257,0.6536212441601846,-0.17593218694747323,-0.11724354179963897,523,1
15.376,0.4339052708924391,1.0367621324675096,-0.014426384825449633,0.7321512895831429,-0.20450376215171753,-0.121909115126189,524,1
15.401,0.45311043719076777,1.0309222284923718,-0.017458686240026614,0.831192157494191,-0.2527248449436889,-0.13959063523630436,524,1
15.426,0.4754648787671492,1.024125890220325,-0.021405916587264914,0.9470959889839313,-0.2782147528565165,-0.1476661467300101,524,1
15.451,0.500465236639965,1.0170114908495458,-0.024841993576527183,1.028793372665213,-0.30252988748069604,-0.15668893157375186,528,1
15.476,0.5269045474004106,1.00899939584629,-0.02924036316595257,1.0899945142121903,-0.34050503713568386,-0.17671994080294895,530,1
15.501,0.5549649623505734,0.999986238992762,-0.03367799061667423,1.195076732928565,-0.3462897622164636,-0.18925898558650414,534,1
15.526,0.5866583840468376,0.9916849077354671,-0.03870331244527771,1.3175926647792582,-0.35885526236095466,-0.19633847157700832,537,1
15.551,0.6208445955895372,0.982043475874714,-0.043494914195524675,1.3670305636531694,-0.40564245863137094,-0.2173225947338744,540,1
15.576,0.655009912229497,0.9714027848038983,-0.04956944218197149,1.4536361505020416,-0.41998233578769484,-0.2337920836608698,541,1
15.601,0.6935264031146403,0.9610443590853289,-0.05518451837856825,1.5548283788881199,-0.4253758070503479,-0.23851106036479283,541,1
15.626,0.7327513311739013,0.9501339944513814,-0.061494995200211004,1.590989169374691,-0.4714827183334392,-0.2470007729910026,541,1
15.651,0.7730758615833732,0.9374702231686575,-0.067534557028118,1.6943841946086984,-0.5004599225879165,-0.2641060891554099,540,1
15.676,0.8174705409043375,0.9251109983219852,-0.07470029965798153,1.8116150464760592,-0.514939507829774,-0.2773350687013792,541,1
15.701,0.8636566139071774,0.9117232477771684,-0.081401310463187,1.8500774225988308,-0.5188649284547668,-0.2838378947357571,540,1
15.726,0.9099744120342803,0.8991677518992465,-0.08889219439476964,1.8957902719392732,-0.5402610597320994,-0.29030464130765216,540,1
15.751,0.958446127504139,0.884710194790564,-0.09591654252856908,1.9981957519671072,-0.5751227434920325,-0.2868512818148766,540,1
15.776,1.0098841996326335,0.8704116147246455,-0.10323475848551314,2.0478902385511284,-0.5922022083377492,-0.2986908634293741,540,1
15.801,1.060840639431697,0.8551000843736761,-0.11085108570003781,2.120281941607521,-0.622615816900074,-0.3053829168278056,541,1
15.826,1.115898296713011,0.8392808238796413,-0.11850390432690346,2.174770001195605,-0.6256424650953041,-0.3072004139313434,540,1
15.851,1.1695791394914787,0.8238179611189105,-0.12621110639660535,2.2163618280628077,-0.621280104277606,-0.31068224726536137,539,1
15.876,1.2267163881161491,0.8082168186657617,-0.13403801669017135,2.3117152922838273,-0.6456525933130846,-0.31683377296862114,540,1
15.901,1.2851649041056676,0.7915353314532569,-0.1420527950450362,2.3639899680754546,-0.6943337495814118,-0.3115511588866626,539,1
15.926,1.3449158865199236,0.7735001311866906,-0.14961557463450484,2.445558833561324,-0.7087387597242111,-0.29755014846001093,540,1
15.951,1.4074428457837356,0.7560983934670459,-0.15693030246803696,2.492724024326338,-0.7008942395909912,-0.31034000535485,540,1
15.976,1.4695520877362422,0.7384554192071405,-0.16513257490224742,2.540912426629886,-0.7262670811118296,-0.316228986869258,539,1
16.001,1.5344884671152317,0.7197850394114539,-0.17274175181150023,2.599557345480392,-0.7401612518329694,-0.3018111307313174,539,1
16.026,1.599529955010259,0.7014473566154928,-0.18022313143881283,2.594945680627726,-0.7399352859016471,-0.29693611315338675,538,1
16.051,1.6642357511466106,0.6827882751163736,-0.1875885574691688,2.5953462232028754,-0.7298303977828965,-0.27549771162793274,540,1
16.076,1.7292972661704047,0.6649558367263475,-0.1939980170202095,2.5239679772668873,-0.7220220314110302,-0.28762324758789626,539,1
16.101,1.7904341500099568,0.6466871735458216,-0.20196971984856363,2.435059854892777,-0.7188530598059271,-0.2952799666823005,540,1
16.126,1.8510502589150453,0.6290131837360506,-0.20876201535432487,2.332209558949734,-0.6921948621581188,-0.2721576711220003,539,1
16.151,1.9070446279574451,0.6120774304379152,-0.21557760340466384,2.1800402694696737,-0.5848894246640056,-0.23059166992346536,539,1
16.176,1.9600522723885228,0.599768712502852,-0.22029159885049746,2.006629176050108,-0.5473578823308289,-0.23350170852961427,538,1
16.201,2.007376086759952,0.5847095363213733,-0.22725268883114472,1.806178943391897,-0.5628532787959637,-0.2488722306465583,539,1
16.226,2.050361219558119,0.5716260485630534,-0.23273521038282546,1.6904823315694033,-0.49584874759470005,-0.22470312638272497,540,1
16.251,2.0919002033384233,0.559917098941638,-0.23848784515028132,1.5818200594528118,-0.4431233274923189,-0.20065872110072538,541,1
16.276,2.1294522225307606,0.5494698821884372,-0.24276814643786207,1.4358107347634625,-0.4255342182224917,-0.1937122534789836,540,1
16.301,2.1636907400765923,0.5386403880305146,-0.24817345782422992,1.3508950166839093,-0.390510814113062,-0.1907875158479006,540,1
16.326,2.196996973364957,0.5299443414827838,-0.2523075222302572,1.240036415159045,-0.3668168625835092,-0.1686312770375829,540,1
16.351,2.2256925608345455,0.5202995449013389,-0.25660502167610927,1.0903741369712905,-0.31992246657444257,-0.15701635691390825,539,1
16.376,2.2515156802135223,0.5139482181540614,-0.2601583400759527,0.9935462616679517,-0.26026679206694175,-0.12620696173536491,540,1
16.401,2.2753698739179438,0.5072862052979916,-0.26291536976287744,0.8801726763617758,-0.2638655794222172,-0.1273420569084466,539,1
16.426,2.2955243140316086,0.5007549391829513,-0.2665254429213747,0.7420520409738868,-0.1890613261328795,-0.10619081445838523,538,1
16.451,2.3124724759666386,0.4978331389913475,-0.2682249104857966,0.6183863183729611,-0.17547359712132143,-0.09413574605167208,538,1
16.476,2.326443629950257,0.49198125932688513,-0.27123223022395837,0.5228737039352819,-0.17871381379653128,-0.09449809567145671,539,1
16.501,2.338616161163403,0.4888974483015208,-0.2729498152693695,0.4039348984353484,-0.09607607909147584,-0.05694524168989997,538,1
16.526,2.346640374872025,0.4871774553723113,-0.27407949230845347,0.298244843580279,-0.06403604804120419,-0.0582549524448994,539,1
16.551,2.353528403342416,0.4856956458994608,-0.2758625628916142,0.21357312357415256,0.0137362245247217,-0.04620516442600687,538,1
16.576,2.3573190310507326,0.48786426659854737,-0.2763897505297538,0.11656890798551535,0.04932340762456341,-0.020126861896949393,538,1
16.601,2.359356848741692,0.488161816280689,-0.27686890598646186,0.03588158259479839,0.007994672614187624,-0.03443940059860879,539,1
16.626,2.3591131101804725,0.48826400022925676,-0.27811172055968414,-0.052565384715714064,0.03833773477947167,-0.026113836694623044,539,1
16.651,2.3567285795059063,0.4900787030196626,-0.278174597821193,-0.06926058573030364,0.045576512308280005,-0.0034205059539706706,539,1
16.676,2.3556500808939576,0.4905428258446706,-0.2782827458573826,-0.10060418484147816,0.017980186630278415,-0.003666488171809538,538,1
16.701,2.3516983702638323,0.49097771235117654,-0.27835792222978367,-0.16158312111822273,0.008007356607387824,-0.004298922704464242,538,1
16.726,2.3475709248380463,0.49094319367504,-0.27849769199260566,-0.17407609034185897,-0.013841675386156797,-0.007162802198639083,539,1
16.751,2.3429945657467393,0.4902856285818687,-0.27871606233971563,-0.1744854759884504,0.05209486714801962,0.025394001588150056,539,1
16.776,2.3388466510386237,0.49354793703244104,-0.2772279919131981,-0.1850106109212407,0.04721213807679472,0.012871626592945894,537,1
16.801,2.3337440352006777,0.4926462354857083,-0.27807248101006854,-0.17398585149930954,-0.017171767985598475,-0.021732820846595804,538,1
16.826,2.330147358463658,0.4926893486331611,-0.27831463295552794,-0.14515969269376833,0.004380343679575231,-0.0032568391632636453,539,1
16.851,2.3264860505659892,0.49286525266968706,-0.2782353229682315,-0.1452838950088144,-0.0016753732121998805,-0.007902605132503624,538,1
16.876,2.3228831637132172,0.4926055799725511,-0.27870976321215307,-0.10206576301087754,0.013739175055381496,-0.0050212626401435045,540,1
16.901,2.3213827624154453,0.49355221142245614,-0.27848638610023885,-0.040694698666687935,0.03672047234726237,0.015894826997763026,539,1
16.926,2.320848428779883,0.4944416035899141,-0.27791502186226474,-0.047165671190247276,0.01494808858451525,0.005321481992384061,539,1
16.951,2.319024478855933,0.4942996158516819,-0.2782203120006198,-0.04587788982176312,0.0021192898530697202,-0.002862482277876625,539,1
16.976,2.3185545342887948,0.4945475680825676,-0.27805814597615874,-0.01800644086009636,-0.009882757644686794,-0.003226005405103603,539,1
17.001,2.318124156812928,0.49380547796944757,-0.2783816122708748,-0.010803042590667847,-0.00013881450155572652,-0.005526900287513491,539,1
17.026,2.3180143821592614,0.4945406273574898,-0.2783344909905343,-0.008137451957193528,0.005445148142654598,-0.0011807802902642057,539,1
17.051,2.3177172842150684,0.4940777353765803,-0.27844065128538814,0.0035312270226927674,0.030807052955275756,0.01238245607801485,539,1
17.076,2.318190943510396,0.49608098000525364,-0.2777153681866336,-0.0025958124744284903,-0.0033708320621350174,-0.003730361961409248,537,1
17.101,2.317587493591347,0.49390919377347353,-0.2786271693834587,-0.009962420376092709,-0.0332410681536017,-0.009181928741810322,539,1
17.126,2.3176928224915914,0.4944189265975735,-0.2781744646237243,-0.006406554186355515,0.002072417181871981,0.005985824650238584,539,1
17.151,2.317267165882029,0.49401281463256713,-0.27832787815094656,-0.015542369405877382,-0.011994472462531618,-0.009707738058475909,539,1
17.176,2.3169157040212975,0.493819202974447,-0.278659851526648,-0.005196874971824454,0.019805290667316008,0.005736580706754342,539,1
17.201,2.317007322133438,0.49500307916593295,-0.27804104911560884,0.009244304338027344,0.007349377810590314,0.004933245235374458,538,1
17.226,2.317377919238199,0.4941866718649765,-0.27841318926487946,0.0007383471886779242,-8.711095230484621e-05,-0.004542474501238949,539,1
17.251,2.317044239492872,0.4949987236183177,-0.2782681728406709,0.02266675405895281,0.023320215929237498,0.015023358490315672,538,1
17.276,2.3185112569411466,0.4953526826614384,-0.27766202134036355,0.002574645286852619,-0.011289861566815083,0.002105106355774331,537,1
17.301,2.3171729717572145,0.494434230539977,-0.2781629175228821,-0.028216642382172405,-0.02331067776395213,-0.011779863269891609,538,1
17.326,2.317100424822038,0.49418714877324077,-0.27825101450385803,0.001311759209112732,-0.005370674189052384,-0.005839740718824787,539,1
17.351,2.31723855971767,0.49416569683052436,-0.27845490455882327,0.009134203245553122,-0.004777649823388618,0.003626201433402036,539,1
17.376,2.3175571349843156,0.49394826628207134,-0.27806970443218815,-0.007322466507497689,-0.01690397950546461,0.013518469986592925,539,1
17.401,2.3168724363922952,0.4933204978552511,-0.27777898105949383,-0.007629034026397797,-0.0006242711897253361,0.03851552268530731,540,1
17.426,2.3171756832829957,0.49391705272258507,-0.27614392829792295,-0.027403046391620445,0.014452413651295588,0.1060915113743806,539,1
17.451,2.315502284072714,0.4940431185378159,-0.2724744054907747,-0.05985138183058595,0.059436621858962854,0.2051263383611139,539,1
17.476,2.3141831141914664,0.49688888381553326,-0.2658876113798673,-0.09747375704872357,0.027279302349251966,0.27554619948469355,537,1
17.501,2.310628596220278,0.4954070836552785,-0.2586970955165398,-0.18650223352643727,0.005783511510766199,0.3615259927229301,539,1
17.526,2.3048580025151444,0.49717805939107157,-0.2478113117437207,-0.2378870456080808,0.05008701633608399,0.48405135099382246,538,1
17.551,2.2987342439398746,0.4979114344720826,-0.23449452796685,-0.30445761139294547,0.08955215646888376,0.6294123317151888,539,1
17.576,2.289635121945497,0.5016556672145158,-0.216340695157961,-0.43859024022096893,0.10816647065967146,0.7517671721308687,538,1
17.601,2.276804731928826,0.5033197580050662,-0.19690616936030625,-0.5619747330931721,0.16401777645435034,0.90291596093437,540,1
17.626,2.261536385290838,0.5098565560372335,-0.1711948971112419,-0.6369347969638548,0.211637095482066,1.0688989800977238,539,1
17.651,2.2449579920806326,0.5139016127791697,-0.14346122035541914,-0.7358774679160504,0.17801522326451283,1.2079987790744238,539,1
17.676,2.2247425118950375,0.5187573172004586,-0.11079495815752426,-0.848264220637246,0.23175524617673585,1.3906393425470733,540,1
17.701,2.2025447810487697,0.5254893750880066,-0.07392925322806453,-0.9458001261356096,0.2889633784748583,1.5339168265565255,540,1
17.726,2.1774525055882563,0.5332054861242017,-0.034099116829696685,-1.0282937917937072,0.2658907554127905,1.6659451217946082,541,1
17.751,2.1511300914590836,0.5387839128586464,0.009368002861667044,-1.1199750389430658,0.3152192140034015,1.8553112403147234,541,1
17.776,2.1214537536411022,0.548966446824372,0.05866644518604063,-1.2000514284419477,0.3735852613145964,2.0287416513838874,540,1
17.801,2.0911275200369897,0.5574631759243751,0.11080508543085546,-1.2928530898990769,0.3784160792171089,2.1768443669915305,540,1
17.826,2.0568110991461475,0.5678872507852277,0.16750866353561858,-1.3821339150491223,0.3950815988193967,2.319261883918869,539,1
17.851,2.0220208242845326,0.5772172558653452,0.22676817962680038,-1.461997737459432,0.3892403413250667,2.4486107929664955,539,1
17.876,1.9837112122731748,0.5873492678514813,0.2899392031839449,-1.5292083303506137,0.4502150308720612,2.5961785202779173,541,1
17.901,1.9455604077670008,0.5997280074089486,0.35657710564069794,-1.5987484969853292,0.47917977605507484,2.7211187189088673,541,1
17.926,1.903773787423913,0.6113082566542337,0.42599513912938036,-1.7274678313944112,0.49404303829537943,2.8449011839945055,541,1
17.951,1.859187016197279,0.6244301593237179,0.49882216484042535,-1.7853434743629362,0.5200630760483108,2.972760336244271,541,1
17.976,1.8145066137057648,0.6373114104566496,0.5746331559415959,-1.8211077039752162,0.5027617554567438,3.058383075810963,541,1
18.001,1.768131630998517,0.6495682470965555,0.6517413186309758,-1.9089524470975179,0.550082313160446,3.174126416015274,541,1
18.026,1.7190589913508876,0.6648155261146723,0.7333394767423618,-1.9703304847779632,0.5678464167087472,3.258768757197482,541,1
18.051,1.6696151067596243,0.6779605679319912,0.8146797564908406,-2.01491017754633,0.5662693496799807,3.2957949229594408,541,1
18.076,1.6183134824735697,0.6931289935986717,0.898129222890336,-2.088562839107301,0.6441907609257023,3.39712291375117,541,1
18.101,1.5651869648042578,0.7101701059782768,0.9845359021784013,-2.1670708926309605,0.6518615465299035,3.4460808560756773,541,1
18.126,1.50995993784202,0.7257220709251674,1.0704332656941222,-2.2993847601356325,0.6367423327253883,3.4595799088737818,541,1
18.151,1.4502177267974745,0.7420072226145467,1.1575148976220926,-2.3259545156259644,0.6698626916009512,3.4819794888942495,541,1
18.176,1.3936622120607285,0.759215205505213,1.244532240138825,-2.3091723184578754,0.6863030542718098,3.4971301470964136,541,1
18.201,1.334759110874579,0.7763223753281376,1.332371404976916,-2.418065291237498,0.6980113075760398,3.5147090342643708,541,1
18.226,1.2727589474988519,0.7941157708840155,1.420267691852046,-2.465169911150929,0.7339708331383183,3.4918824266978845,540,1
18.251,1.211500615317031,0.8130209169850541,1.5069655263118125,-2.4967527237745912,0.7562574946716775,3.468474677044146,541,1
18.276,1.1479213113101205,0.8319286456175999,1.593691425704256,-2.579366384460773,0.7272040402264404,3.45224708727594,541,1
18.301,1.0825322960939996,0.849381118996374,1.6795778806755999,-2.6106277807718463,0.7365933751476079,3.394669042152612,541,1
18.326,1.0173899222715264,0.8687583143749809,1.7634248778118888,-2.58621101422804,0.7670517258412481,3.3077869365177355,540,1
18.351,0.9532217453825957,0.887733705288437,1.8449672275014888,-2.543248772628581,0.7523438305682566,3.251019804155966,540,1
18.376,0.8902274836400955,0.9063755059033942,1.9259758680196892,-2.4353515311383753,0.7092318419542442,3.1551123656292552,541,1
18.401,0.8314541688256752,0.9231952973861497,2.002722845782954,-2.3018665428776863,0.6537466733075309,3.0444643483766987,540,1
18.426,0.7751341564962178,0.9390628395687689,2.0781990854385155,-2.1770092645719075,0.6315753636162856,2.9782465492279564,540,1
18.451,0.7226037055970783,0.9547740655669644,2.1516351732443537,-2.0450641200793385,0.5939243504182383,2.8930425496068,541,1
18.476,0.6728809504922494,0.9687590570896812,2.2228512129188576,-1.8653073038716819,0.5244553918039833,2.7208610819402748,540,1
18.501,0.6293383404034929,0.980996835157164,2.2876782273413694,-1.6714404849488191,0.46763948057900295,2.5507996698248183,541,1
18.526,0.5893089262448072,0.9921410311186317,2.3503911964101003,-1.5765697560381007,0.42610174859914784,2.4590245653806853,537,1
18.551,0.5505098526015924,1.0023019225871201,2.4106294556103967,-1.4717363859678891,0.3964072799154971,2.3152357621708424,533,1
18.576,0.5157221069464117,1.0119613951144069,2.466152984518644,-1.3361296605733284,0.3939390307638246,2.1795277901776577,530,1
18.601,0.483703369572925,1.0219988741253117,2.519605845119281,-1.209417119101745,0.37746275791379696,2.0252760432769867,526,1
18.626,0.45525125099132363,1.030834533010097,2.567416786682495,-1.092769474075309,0.30685153175377794,1.8415250507535235,524,1
18.651,0.42906489586915875,1.0373414507130008,2.6116820976569586,-1.0018797712684038,0.2729651310731307,1.6888129015516,523,1
18.676,0.4051572624279063,1.0444827895637527,2.65185743176007,-0.8959637148916261,0.26198502449243116,1.5331973581723317,524,1
18.701,0.3842667101245768,1.0504407019376225,2.6883419655655763,-0.8049909720282263,0.2163286156765767,1.3796755324865355,524,1
18.726,0.3649077138264944,1.0552992203475817,2.720841208384398,-0.7083631124463418,0.192548520751778,1.2219158642963905,522,1
18.751,0.3488485545022592,1.0600681279752115,2.7494377587803966,-0.5906203149424754,0.16919878661606916,1.0507470217327992,525,1
18.776,0.3353766980793702,1.0637591596783853,2.7733785594710385,-0.48900490833880045,0.11582084668645845,0.9072822091712657,524,1
18.801,0.3243983090853206,1.0658591703095341,2.7948018692389573,-0.3725688113941064,0.10899680358457631,0.7719465759748957,523,1
18.826,0.3167482575096646,1.0692089998576142,2.811975888269784,-0.2755190193531836,0.07862106946317281,0.6209116262779358,524,1
18.851,0.3106223581176612,1.0697902237826928,2.8258474505528546,-0.18931073599588186,0.054185539206987106,0.49463099648721714,522,1
18.876,0.3072827207098704,1.0719182768179636,2.836707438094145,-0.10128938623790573,0.04253462544207604,0.378984242701005,523,1
18.901,0.30555788880576584,1.0719169550547967,2.844796662687905,-0.012568588379379846,-0.013807895104266062,0.26959868406446685,521,1
18.926,0.30665429129090144,1.0712278820627503,2.8501873722973676,0.05540722564668454,-0.053223733639153135,0.19336160591626853,524,1
18.951,0.3083282500881001,1.069255768372839,2.8544647429837187,0.10427740129337411,-0.05053044660208545,0.11757745772254691,521,1
18.976,0.3118681613555702,1.068701359732646,2.856066245183495,0.1510150523642074,-0.02586262920676726,0.03857916701327236,523,1
19.001,0.3158790027063106,1.0679626369125006,2.8563937013343823,0.1522453475226671,-0.05010349869581638,0.007338655647082144,522,1
19.026,0.3194804287317037,1.0661961847978552,2.856433177965849,0.17986082599236197,-0.05931041926478535,-0.009006978534440947,523,1
19.051,0.3248720440059282,1.0649971159492615,2.8559433524076603,0.1866247190886201,-0.04691534661334473,0.0046572258939558304,523,1
19.076,0.3288116646861348,1.063850417467188,2.856666039260547,0.14894759326927975,-0.05065617682359508,0.03784225778338647,523,1
19.101,0.33231942366939227,1.0624643071080817,2.8578354652968296,0.1313080070569265,-0.048988960836181955,0.048455123012977476,524,1
19.126,0.33537706503898124,1.0614009694253788,2.859088795411196,0.052763511016267556,-0.0393301727630696,0.0750360505699799,524,1
19.151,0.3349575992202057,1.0604977984699282,2.8615872678253287,-0.0680636918071159,-0.0353185848933999,0.1281541832974648,523,1
19.176,0.33197388044862564,1.0596350401807089,2.8654965045760687,-0.16793234644806626,-0.025597956377482935,0.15728866426817364,524,1
19.201,0.32656098189780225,1.059217900651054,2.8694517010387375,-0.2824936452792852,-0.0023162346566385165,0.18584222489334848,522,1
19.226,0.3178491981846612,1.059519228447877,2.8747886158207363,-0.4094195732909431,-0.02037098194920677,0.25519130323841205,523,1
19.251,0.3060900032332548,1.0581993515535937,2.8822112662006583,-0.5211300106284625,-0.017563438610168375,0.2970162619947516,523,1
19.276,0.2917926976532377,1.0586410565173685,2.889639428920474,-0.6140202078644768,0.005098610603569155,0.3218348693250578,523,1
19.301,0.2753889928400327,1.0584542820837721,2.8983030096669102,-0.7024465841373784,0.005109770793705264,0.36365183337434476,522,1
19.326,0.25667036844636826,1.0588965450570538,2.9078220205891916,-0.8203024512745055,-0.022650211061651892,0.4284542241988937,523,1
19.351,0.23437387027630685,1.0573217715306895,2.9197257208768552,-0.942881838866652,-0.01427560206965752,0.46147232285530093,522,1
19.376,0.20952627650303499,1.0581827649535709,2.930895636731957,-1.0189687450107987,0.023596272464993736,0.4819164245087058,524,1
19.401,0.1834254330257662,1.0585015851539392,2.943821542102291,-1.1206980118810854,-0.0054700885019668185,0.5069217584982977,523,1
19.426,0.1534913759089839,1.0579092605284726,2.9562417246568704,-1.2329713355734644,-0.0017766227907100888,0.5227918537741886,522,1
19.451,0.1217768662470921,1.0584127540144037,2.9699611347910007,-1.3029711867935663,0.01909386527064933,0.5543912325114874,520,1
19.476,0.08834281656930466,1.058863953792005,2.983961286282445,-1.3841541787876317,3.784919269111899e-05,0.5557243126567634,519,1
19.501,0.05256915730770953,1.0584146464740383,2.997747350423839,-1.4624218372294064,0.018897457034463282,0.5418125091560201,513,1
19.526,0.0152217247078333,1.0598088266437282,3.0110519117402466,-1.5332972309577333,0.03289736753421222,0.5443395891386825,509,1
19.551,-0.024095704240172777,1.0600595148507488,3.024964329880772,-1.5760261136077565,-0.011841132895091642,0.549056204280306,512,1
19.576,-0.06357958097255564,1.0592167699989736,3.0385047219542622,-1.5757532294674947,-0.019481521292483428,0.5229593750141884,518,1
19.601,-0.10288336571354864,1.0590854387861246,3.0511122986314816,-1.555188780579055,0.03128612913259898,0.4904370441723157,519,1
19.626,-0.1413390200015095,1.0607810764556036,3.0630265741628784,-1.492604111240757,0.03847726199930291,0.4824304803652988,518,1
19.651,-0.17751357127558756,1.0610093018860898,3.075233822649747,-1.3974418036018472,-0.018501570548649034,0.4501094377240456,518,1
19.676,-0.21121111018159788,1.0598559979281712,3.0855320460490794,-1.2693662361191451,0.00601649151786168,0.3956077745743191,519,1
19.701,-0.24098188308154572,1.0613101264619829,3.095014211378463,-1.1147899981103402,0.01149237529747255,0.37539991437239095,517,1
19.726,-0.2669506100871157,1.0604306166930448,3.104302041767699,-0.9658441210826347,0.0015438208171225435,0.3298633813819005,519,1
19.751,-0.28927408913567815,1.061387317502839,3.1115073804475584,-0.8409610198167674,0.021797110195688998,0.2761348618963005,519,1
19.776,-0.30899866107795465,1.0615204722028293,3.1181087848625144,-0.7038919678049604,-0.004946231517007075,0.24706147246796722,521,1
19.801,-0.32446868752592417,1.0611400059269886,3.123860454070956,-0.5434367722408551,-0.017368831474650934,0.20040103143858337,521,1
19.826,-0.3361704996899978,1.0606520306290967,3.1281288364344437,-0.41238451388304587,-0.0049178298542073414,0.14369039979987414,522,1
19.851,-0.34508791322007676,1.0608941144342783,3.13104497406095,-0.2865717494398838,-0.01369130218439965,0.11058940738626631,522,1
19.876,-0.3504990871619922,1.0599674655198768,3.133658306803757,-0.15922017354147217,0.00038231947909305743,0.07748790179371913,522,1
19.901,-0.3530489218971505,1.060913230408233,3.134919369150636,-0.03615647062142996,0.013786408650596445,0.039932670289133436,522,1
19.926,-0.3523069106930636,1.0606567859524065,3.1356549403182137,0.07706346816454991,0.010568808978246151,0.013954926677168602,522,1
19.951,-0.34919574848892293,1.0614416708571452,3.1356171154844943,0.1605374052002006,-0.00010567364424840369,0.010376577694630592,523,1
19.976,-0.34428004043305344,1.0606515022701941,3.136173769202945,0.21667345701816967,-0.018895399718785465,0.020954487094488584,522,1
20.001,-0.3383620756380143,1.060496900871206,3.1366648398392187,0.2432861615076208,-0.002932559862087694,0.05226473858910655,523,1
20.026,-0.3321157323576722,1.0605048742770897,3.1387870061324006,0.2538185206565402,-0.01154142658415468,0.14248071800040762,522,1
20.051,-0.325671149605188,1.0599198295419983,-3.1393964314403475,0.21146596537917317,-0.055817556423653256,0.2979105707678855,521,1
20.076,-0.3215424340887134,1.057713996455907,-3.1295027725087907,0.1701850599256092,-0.10829041479431047,0.4829805689304243,519,1
20.101,-0.3171618966089074,1.0545053088022827,-3.115247402993826,0.12703429064019042,-0.17846850857989174,0.6745552823539385,520,1
20.126,-0.3151907195567038,1.0487905710269123,-3.0957750083910933,0.06489606913790544,-0.2705139929876183,0.9084558289949611,519,1
20.151,-0.3139170931520121,1.0409796091529016,-3.0698246115440773,0.0020379519797243443,-0.3904490195892496,1.148628577082341,517,1
20.176,-0.3150888219577176,1.029268120047451,-3.0383435795369795,-0.05488153946600438,-0.46794361691230746,1.364874008015143,515,1
20.201,-0.31666117012531236,1.0175824283072858,-3.001580911143319,-0.09003049383163303,-0.5586557271129919,1.5973013475505788,515,1
20.226,-0.3195903466492993,1.001335333691801,-2.9584785121594495,-0.12300058057724209,-0.6942034691208855,1.8308069991986027,517,1
20.251,-0.32281119915417456,0.9828722548512411,-2.9100405611833877,-0.18175579123473082,-0.7642322080289612,2.0341074449884267,515,1
20.276,-0.328678136211036,0.9631237232903523,-2.8567731399100267,-0.205809035932682,-0.8651407990578023,2.208419178993425,517,1
20.301,-0.33310165095080807,0.9396152148983534,-2.7996196022337227,-0.21363335248716506,-0.9717175169312671,2.382082643607079,517,1
20.326,-0.3393598038353944,0.9145378474437883,-2.737669007729671,-0.28078912701911696,-1.0622876263804186,2.5272498703333475,517,1
20.351,-0.3471411073017641,0.8865008335793317,-2.6732571087170536,-0.29354735498278856,-1.130862737765867,2.6186827704951448,518,1
20.376,-0.354037171584534,0.8579947105554941,-2.606734869204912,-0.3041500976376855,-1.2269400970201907,2.6987182891477497,518,1
20.401,-0.3623486121836486,0.8251538287283213,-2.538321194259664,-0.35143874863097224,-1.315551795423701,2.7259647996775755,517,1
20.426,-0.37160910901608163,0.7922171207843128,-2.470436629221041,-0.37006607358868987,-1.369815553160743,2.7253460226401374,517,1
20.451,-0.38085191586308337,0.7566630510702832,-2.4020538931276554,-0.41564690501638324,-1.4222580271956395,2.706829133662844,518,1
20.476,-0.3923914542669011,0.7211042194245298,-2.335095172537897,-0.3788951081463778,-1.4003717131186066,2.6417406753714867,517,1
20.501,-0.3997966712704025,0.6866444654143519,-2.269966859359079,-0.34430879517370294,-1.3930923885170612,2.5539263776530765,519,1
20.526,-0.4096068940255865,0.6514495999986758,-2.207398853655241,-0.42156286554435773,-1.374453706591388,2.4394964755172897,517,1
20.551,-0.4208748145476192,0.6179217800847864,-2.1479920355832216,-0.3721406206271008,-1.293718832053296,2.2792770191602894,519,1
20.576,-0.4282139250569418,0.5867636583960101,-2.093435002697225,-0.29879317916055936,-1.1955798211147568,2.0752604570227335,527,1
20.601,-0.4358144735056474,0.5581427890290477,-2.0442290127320835,-0.2819872287370566,-1.0911315392988241,1.8959691637394724,535,1
20.626,-0.4423132864937948,0.5322070814310681,-1.99863654451025,-0.26759979703704423,-0.9500040355582138,1.7042460668566164,541,1
20.651,-0.4491944633574998,0.5106425872511363,-1.9590167093892514,-0.20585699976821864,-0.8141457822433292,1.4723697538448681,540,1
20.676,-0.45260613648220516,0.49149979231890395,-1.9250180568180109,-0.17538941873347896,-0.6868138386467706,1.193113100705495,541,1
20.701,-0.45796393429417387,0.4763018953187973,-1.8993610543539758,-0.16069863523037292,-0.5342330286249266,0.9537329932254266,541,1
20.726,-0.4606410682437239,0.46478814088765724,-1.8773314071567389,-0.09449631728406936,-0.40447968747226426,0.7574543743600407,541,1
20.751,-0.4626887501583774,0.4560779109451838,-1.8614883356359735,-0.0751129213670854,-0.28777086642871186,0.5062577904465843,540,1
20.776,-0.46439671431207824,0.45039959756622144,-1.8520185176344093,-0.06886427385442043,-0.16603735075044257,0.3008878190581481,541,1
20.801,-0.46613196385109823,0.44777604340766214,-1.846443944683067,-0.004218074600659201,-0.044109080162223965,0.21677579522010906,541,1
20.826,-0.4646076180421112,0.4481941435581102,-1.8411797278734037,0.05779742172861509,0.07099647920700068,0.1371954609914086,541,1
20.851,-0.46324209276466743,0.4513258673680122,-1.8395841716334966,0.053359425149059135,0.14717024967837125,0.009363368746670852,541,1
20.876,-0.4619396467846582,0.4555526560420289,-1.8407115594360701,0.07297694865098132,0.21508381925118197,-0.04592342850596444,541,1
20.901,-0.4595932453321183,0.4620800583305715,-1.8418803430587949,0.03899997888803019,0.26120448333492957,-0.06047677574090204,541,1
20.926,-0.4599896478402568,0.4686128802087746,-1.8437353982231148,0.04166044979633406,0.21820074402662226,-0.14515658305436901,541,1
20.951,-0.4575102228423016,0.47299009553190274,-1.8491381722115134,0.04672956521341409,0.19804781393325918,-0.2980907538101143,541,1
20.976,-0.45765316957958607,0.4785152709054377,-1.8586399359136208,-0.06959759865047278,0.20991863108570855,-0.48029871648876493,541,1
21.001,-0.46099010277482527,0.4834860270861883,-1.873153108035952,-0.18048976318362187,0.163499961229847,-0.6516688514711785,541,1
21.026,-0.4666776577387673,0.4866902689669302,-1.8912233784871801,-0.2715592578940117,0.13485126799972036,-0.8372512712177326,541,1
21.051,-0.4745680656695251,0.49022859048617395,-1.915015671596836,-0.37226726021726414,0.12411572540195583,-1.0421949576766238,541,1
21.076,-0.48529102074963076,0.49289605523702806,-1.9433331263710119,-0.4676203904312415,0.06403953467973308,-1.262715995346184,541,1
21.101,-0.4979490851910875,0.49343056722016065,-1.9781514713641462,-0.5917355803547146,0.047641146164112844,-1.495347283630176,541,1
21.126,-0.5148777997673669,0.49527811254523374,-2.0181004905525217,-0.6667530459238263,0.07030346495583772,-1.6532427444360684,541,1
21.151,-0.5312867374872793,0.4969457404679526,-2.0608136085859505,-0.7778230546638196,0.041574683675673775,-1.8431196336104776,535,1
21.176,-0.5537689525005557,0.4973568467290173,-2.1102564722330404,-0.9190191981603093,0.03284324349731758,-2.03943577557,529,1
21.201,-0.5772376973952954,0.4985879026428185,-2.162785397364452,-0.9967123228934796,0.0338683495299081,-2.1938420407242054,522,1
21.226,-0.6036045686452304,0.49905026420551274,-2.219948574269252,-1.1019208912837561,0.02470557998809429,-2.3209665520272287,520,1
21.251,-0.632333741959484,0.4998231816422232,-2.278833724965815,-1.2037541773919764,0.0355667510949093,-2.4201966309768443,519,1
21.276,-0.66379227751483,0.5008286017602582,-2.340958405818096,-1.3177991463650833,0.026285771129741894,-2.50541678967319,517,1
21.301,-0.6982236992777344,0.5011374701987102,-2.4041045644494674,-1.3860840651538033,0.013299286212275862,-2.5554618588208458,517,1
21.326,-0.7330964807725212,0.501493566070872,-2.46873149875914,-1.4377418326128217,0.008703735807475842,-2.597681787244451,515,1
21.351,-0.7701107909083765,0.501572656989084,-2.533988653811692,-1.492648551053216,-0.010705154801673292,-2.5860751450454154,514,1
21.376,-0.8077289083251831,0.5009583083307884,-2.598035256011413,-1.5455348473666366,-0.01742370422772119,-2.5391538110964613,514,1
21.401,-0.8473875332767095,0.500701471777698,-2.6609463443665167,-1.584121122003427,0.013006226275521133,-2.4949635661451626,512,1
21.426,-0.8869349644253499,0.5016086196445644,-2.722783434318664,-1.589216750542581,0.00699324434683114,-2.4220347887468394,509,1
21.451,-0.9268483708038396,0.5010511339950395,-2.7820480838038604,-1.5559288214010158,-0.01824545737418833,-2.278485380545566,506,1
21.476,-0.9647314054954018,0.500696346775855,-2.836707703345944,-1.4336268675372006,-0.013904063944161018,-2.130029601718105,505,1
21.501,-0.9985297141807007,0.5003559307978315,-2.888549563889767,-1.3324080354637957,0.021409312573951983,-2.002293746567581,506,1
21.526,-1.0313518072685925,0.5017668124045526,-2.9368223906743243,-1.2135342066684676,-0.00182117502534506,-1.8153143966766427,505,1
21.551,-1.0592064245141206,0.5002648720465642,-2.979315283723594,-1.045247090180726,-0.015848519749847908,-1.6241342593714805,500,1
21.576,-1.0836141617776296,0.5009743864170602,-3.0180291036428994,-0.8993730056126475,0.008760111168315418,-1.4398217553012733,499,1
21.601,-1.1041750747947536,0.50070287760498,-3.051306371488659,-0.7571412581094598,-0.0005495532308263862,-1.2182827892897579,499,1
21.626,-1.1214712246831031,0.5009469087555188,-3.078943243107388,-0.6318353354955563,-0.0065104602435627395,-0.9950231125656598,496,1
21.651,-1.135766841569532,0.5003773545928019,-3.1010575271169425,-0.5238572211466628,-0.0068848766581512425,-0.7929094347970362,495,1
21.676,-1.1476640857404348,0.5006026649226113,-3.1185887148472378,-0.3379468215129085,0.014531088205167257,-0.6052959258990857,494,1
21.701,-1.1526641826451776,0.5011039090030602,-3.131322323411897,-0.18863667025812167,-0.014355227721566183,-0.4155203701839957,497,1
21.726,-1.157095919253341,0.499884903536533,-3.139364733356438,-0.07380392481826431,-0.00667427222872598,-0.26892389145359247,497,1
21.751,-1.1563543788860908,0.5007701953916239,3.1384167891950083,0.024006333150081376,0.011008927673955404,-0.14742119384336907,494,1
21.776,-1.155895602595837,0.5004353499202308,3.1364495141309807,0.14243520148772426,-0.003789884516243396,-0.047386401906337944,496,1
21.801,-1.149232618811705,0.5005807011658118,3.1360474690996916,0.2298537753650554,0.009461268508630247,-0.010015096526085756,496,1
21.826,-1.144402913827584,0.5009084133456623,3.1359487593046764,0.24180681433333284,0.003234724980123403,-0.011618519130536078,499,1
21.851,-1.1371422780950382,0.5007424374148179,3.1354665431431648,0.2821638084992455,-0.00953965346428318,-0.030234748430055372,497,1
21.876,-1.1302947234026215,0.5004314306724481,3.1344370218831736,0.27927220593125185,0.012304163166560847,-0.06920922214889282,499,1
21.901,-1.1231786677984754,0.501357645573146,3.13200608203572,0.23323464235228902,0.05271955201631007,-0.11381524085472641,499,1
21.926,-1.1186329912850077,0.5030674082732635,3.1287462598404376,0.10616607009018635,0.07244122181344745,-0.14842930884741323,497,1
21.951,-1.117870364293966,0.5049797066638184,3.1245846165933493,0.04116423839815861,0.1275339026322357,-0.23072499828645682,498,1
21.976,-1.1165747793650997,0.5094441034048753,3.1172100099261146,-0.05554728576762456,0.1884610464017351,-0.3182929436201087,497,1
22.001,-1.1206477285823473,0.5144027589839053,3.1086699694123436,-0.20692579042443854,0.23249699591657683,-0.37252716971292094,497,1
22.026,-1.1269210688863218,0.5210689532007043,3.0985836514404683,-0.2752230795633649,0.3122312202095223,-0.4590655170378438,496,1
22.051,-1.1344088825605148,0.5300143199943805,3.0857166935604528,-0.3890798043345789,0.3731212836633704,-0.5534445194310244,495,1
22.076,-1.146375059103051,0.5397250173838731,3.0709114254689167,-0.4652187556437704,0.42351165479510633,-0.618669159016978,494,1
22.101,-1.1576698203427036,0.5511899027341362,3.0547832356096034,-0.5316748765158255,0.47005536656247626,-0.6861140886138708,495,1
22.126,-1.1729588029288427,0.5632277857119973,3.0366057210382227,-0.6365343620900042,0.5538456553627046,-0.7669754499946693,492,1
22.151,-1.1894965384472043,0.5788821855022718,3.0164344631098694,-0.6989999671597944,0.6357987233930091,-0.8506778856042136,493,1
22.176,-1.2079088012868304,0.5950177218816459,2.9940718267580144,-0.7897540316310158,0.6896428205107621,-0.9224576752498816,492,1
22.201,-1.2289842400287556,0.6133643265278104,2.9703115793473747,-0.8672660338461312,0.741241929446293,-0.9743870590585985,491,1
22.226,-1.2512721029791376,0.6320798183539611,2.945352473805084,-0.9373736007413136,0.7843818768844746,-1.0280081891701296,492,1
22.251,-1.275852920065822,0.6525834203720347,2.9189111698888675,-0.9780722848163087,0.8659248434783505,-1.0820294400252297,489,1
22.276,-1.3001757172199537,0.6753760605278792,2.8912510018038216,-1.0679811631690346,0.9323129772117708,-1.1186565594457067,487,1
22.301,-1.3292519782242707,0.6991990692326205,2.8629783419165853,-1.1326860568964676,0.9592270246379583,-1.1330472867374934,488,1
22.326,-1.356810020064778,0.7233374117597778,2.834598637466946,-1.1623153390077436,1.0020673368103052,-1.1474109001522963,489,1
22.351,-1.3873677451746587,0.7493024360731365,2.8056077969089697,-1.274414218144266,1.0781194085055759,-1.1893797843273033,488,1
22.376,-1.4205307309719921,0.7772433821850574,2.77512964825058,-1.3368950437657454,1.140358196828987,-1.193581009665011,489,1
22.401,-1.4542124973629469,0.8063203459145867,2.7459287464257183,-1.387034795362111,1.1582734487059148,-1.1795804906327017,488,1
22.426,-1.4898824707400937,0.8351570546203498,2.7161506237189483,-1.4231075772895194,1.18612137502048,-1.1531305467489896,487,1
22.451,-1.5253678762274239,0.8656264146656115,2.688272219088268,-1.446139069794327,1.2230251482379022,-1.1057215300443188,488,1
22.476,-1.562189424229811,0.8963083120322458,2.6608645472167316,-1.4075045722884227,1.2153091167107815,-1.103526574632092,490,1
22.501,-1.595743104841846,0.9263918705011515,2.6330958903566626,-1.3585785264917078,1.1763753642568375,-1.0752838291315328,490,1
22.526,-1.6301183505543975,0.9551270802450885,2.607100355760154,-1.3273297846464116,1.113667632000973,-1.015597050031416,490,1
22.551,-1.6621095940741628,0.982075252101197,2.5823160378550947,-1.22379720897198,1.0426079068583245,-0.9429784501850457,491,1
22.576,-1.6913082110029973,1.0072574755880055,2.5599514332509012,-1.1424139067090937,0.9776499171318392,-0.8790160822674372,491,1
22.601,-1.7192302894096183,1.0309577479577896,2.538365233741722,-1.058985228983687,0.9034759006104225,-0.8391558391770518,492,1
22.626,-1.7442574724521824,1.0524312706185273,2.517993641292048,-0.9311503705419845,0.8062829979586025,-0.7446379231614381,494,1
22.651,-1.7657878079367182,1.0712718978557203,2.5011333375836498,-0.8332105882578918,0.6840394713922338,-0.627427386497459,493,1
22.676,-1.7859180018650747,1.086633244188137,2.486622271967177,-0.720090862023882,0.5962057155185634,-0.5804470430131043,493,1
22.701,-1.8017923510379128,1.101082183631649,2.472110985432994,-0.5927592753725235,0.5585002298701235,-0.5053916481717396,493,1
22.726,-1.8155559656337013,1.1145582556816436,2.4613526895585895,-0.5305753918111225,0.4428802799239521,-0.4212655909461056,495,1
22.751,-1.8283211206284693,1.1232261976278468,2.4510477058856885,-0.41291832028328057,0.33860063678266844,-0.3615055700820095,493,1
22.776,-1.8362018816478656,1.1314882875207772,2.443277411054489,-0.2638843834224164,0.2579845583863718,-0.2792175273162537,495,1
22.801,-1.8415153397995894,1.1361254255471647,2.4370868295198767,-0.1883884122219932,0.15053518872331093,-0.19723182901353273,495,1
22.826,-1.8456213022589654,1.139015046956943,2.433415819603812,-0.11587919880014676,0.10955545968676828,-0.13550750342999493,495,1
22.851,-1.8473092997395968,1.1416031985315032,2.430311454348377,-0.008892429905360417,0.01911993635915072,-0.07098312659533766,495,1
22.876,-1.8460659237542334,1.1399710437749004,2.429866663274045,0.13371152011217446,-0.08131012983713211,-0.05011427715006995,495,1
22.901,-1.840623723733988,1.1375376920396465,2.4278057404908733,0.17650014550552598,-0.13126619999097003,-0.03838934149924751,494,1
22.926,-1.8372409164789576,1.1334077337753523,2.427947196199083,0.1963954904756465,-0.1903398504291349,0.0017083880557588783,495,1
22.951,-1.8308039492102055,1.1280206995181896,2.427891159893661,0.25725561095722405,-0.21981040131106375,-0.008862393072428405,491,1
22.976,-1.8243781359310962,1.122417213709799,2.4275040765454614,0.256657547212665,-0.2365691425231475,0.024614472077563936,493,1
23.001,-1.817971071849572,1.116192242392032,2.4291218834975394,0.1945360914650135,-0.1963927614242927,0.057527251271753135,496,1
23.026,-1.8146513313578454,1.1125975756385842,2.430380439109049,0.13947965018161218,-0.11919244435571807,0.08723780344131844,495,1
23.051,-1.8109970893404919,1.1102326201742465,2.433483773669605,0.047538166192370605,-0.049630304955123175,0.11706164859068668,493,1
23.076,-1.8122744230482268,1.110116060390828,2.4362335215385835,-0.06101128401224811,-0.018662803857818225,0.12873276926979743,493,1
23.101,-1.8140476535411043,1.1092994799813556,2.439920412133095,-0.19170067587345135,0.020979283545056994,0.2087952846643996,496,1
23.126,-1.8218594568418995,1.1111650245680809,2.4466732857718037,-0.33997442594387156,0.1037433001871498,0.27300285837800475,495,1
23.151,-1.8310463748382981,1.1144866449907131,2.4535705550519955,-0.4112591477254813,0.1449144252909467,0.32403810607270667,493,1
23.176,-1.8424224142281724,1.1184107458326278,2.462875191075438,-0.4791432771353253,0.19170499812070035,0.34051146636484525,492,1
23.201,-1.8550035386950647,1.1240718948967483,2.470596128370238,-0.5644125504198536,0.22428473987482836,0.401978438762519,495,1
23.226,-1.8706430417491655,1.1296249828263694,2.4829741130135643,-0.6963668927081058,0.2454734776856436,0.48236691682894445,493,1
23.251,-1.8898218833304705,1.1363455687810307,2.4947144742116856,-0.8032774167399667,0.32507898112820827,0.5053809818526406,494,1
23.276,-1.9108069125861644,1.14587893188278,2.5082431621061967,-0.8758908565121324,0.36543712436499864,0.5313748342600402,494,1
23.301,-1.9336164261560747,1.1546174249992796,2.521283215924686,-0.9710028438970393,0.3911619381486353,0.552227857817612,494,1
23.326,-1.959357054781017,1.165437028790212,2.5358545549970777,-1.0563544946404484,0.43248462637569146,0.5714990358546687,494,1
23.351,-1.9864341508880978,1.1762416563180644,2.54985816771742,-1.134482598288115,0.46428047371287257,0.5923831394372585,496,1
23.376,-2.0160811846954236,1.188651052475856,2.565473711968941,-1.239809056275987,0.4799731358914026,0.6428841039972697,496,1
23.401,-2.048424603701898,1.200240313112635,2.582002372917284,-1.2710245520893715,0.521020286419763,0.6134340927610975,498,1
23.426,-2.0796324122998886,1.2147020667968427,2.596145416606994,-1.383814560653638,0.5908515076683956,0.5968935377589095,495,1
23.451,-2.117615331734581,1.229782888496055,2.6118470498052297,-1.494740608948005,0.5743043408950717,0.6501195016745417,497,1
23.476,-2.15436944274729,1.2434172838415967,2.6286513916907217,-1.4895015127601552,0.611982235827391,0.5968786591152768,496,1
23.501,-2.1920904073725898,1.260382000287425,2.641690982760994,-1.5613784828678101,0.6423236789507356,0.5740316323349955,497,1
23.526,-2.2324383668906815,1.275533467789134,2.657352973307472,-1.533895772973722,0.6203161007824318,0.566517650513344,498,1
23.551,-2.2687851960212715,1.291397805326545,2.6700168652866596,-1.4349505557749227,0.6184854399812069,0.5015328337665821,499,1
23.576,-2.3041858946794287,1.3064577397881947,2.6824296149958013,-1.3265484995618848,0.5876268357596054,0.4641305982998412,500,1
23.601,-2.3351126209993667,1.3207791471145256,2.693223395201652,-1.1934378566433255,0.501053624202676,0.4347173661251285,502,1
23.626,-2.363857787511596,1.3315104209983288,2.704165483302058,-1.096499300119833,0.399887142177756,0.4227754365875509,500,1
23.651,-2.389937586005359,1.3407735042234137,2.71436216703103,-0.9162220778877993,0.39034821972862677,0.33360693518129325,500,1
23.676,-2.409668891405983,1.351027831984759,2.720845830061122,-0.767473577461917,0.31920955202766155,0.29624028926458235,503,1
23.701,-2.4283112648784555,1.356733981824797,2.729174181494259,-0.6693917434524181,0.2622282613062639,0.2777968890798426,502,1
23.726,-2.4431384785786046,1.3641392450500724,2.734735674515114,-0.5526878694353253,0.2156658100457745,0.22476157379567,500,1
23.751,-2.455945658350222,1.3675172723270859,2.740412260184043,-0.4288929791289614,0.15319806559349175,0.16010351669573758,501,1
23.776,-2.464583127535053,1.3717991483297471,2.742740850349901,-0.28499225276873497,0.14037204286068936,0.09131311493653613,503,1
23.801,-2.470195270988658,1.37453587447012,2.7449779159308694,-0.16609251756910068,0.05351754494789342,0.07956704813436909,503,1
23.826,-2.472887753413508,1.3744750255771419,2.7467192027566196,-0.031034196027332598,0.00020009367648565472,0.051807402291385404,502,1
23.851,-2.4717469807900248,1.3745458791539442,2.7475682860454387,0.09246647122875241,-0.026809597836145622,0.023978762929983348,503,1
23.876,-2.4682644298520704,1.3731345456853346,2.747918140903119,0.14602071129163688,-0.0654327750977259,0.007731628411251524,501,1
23.901,-2.464445945225443,1.3712742403990579,2.7479548674660013,0.23579045157839493,-0.09253608938010054,0.002926950198984979,501,1
23.926,-2.4564749072731513,1.3685077412163298,2.748064488413068,0.3022828655397671,-0.13238524532592144,0.00826601520733649,502,1
23.951,-2.4493318019484542,1.3646549781327617,2.748368168226368,0.28900120678171193,-0.1406305140168198,0.007669765351918547,502,1
23.976,-2.4420248469340655,1.3614762155154887,2.748447976680664,0.27015935422878784,-0.0747082030994262,-0.014733798403607569,501,1
24.001,-2.4358238342370147,1.3609195679777903,2.7476314783061877,0.2078265351430068,-0.08153212610864431,0.0076486084176251605,501,1
24.026,-2.431633520176915,1.3573996092100564,2.7488304071015452,0.15891048926344645,-0.0751624138129568,0.008744641586134137,501,1
24.051,-2.427878309773843,1.3571614472871427,2.7480687103854944,0.1473476826597754,-0.0053189689576304345,-0.03845342134407959,502,1
24.076,-2.424266136043926,1.357133660762175,2.7469077360343412,0.10266241767296368,-0.007113997310712504,-0.027988621926872837,501,1
24.101,-2.4227451888901945,1.356805747421607,2.7466692792891507,0.014624715770130484,-0.029519772606660524,0.01699755553461,501,1
24.126,-2.4235349002554196,1.3556576721318419,2.7477576138110718,0.0028903272323698857,-0.04718569443591324,0.03847441902400329,502,1
24.151,-2.422600672528576,1.3544464626998114,2.748593000240351,0.02277487041753142,-0.00488986208189629,0.002873178465989831,501,1
24.176,-2.422396156734543,1.355413179027747,2.7479012727343712,0.009598533799159844,0.01339969989774462,-0.015198869859815783,501,1
24.201,-2.422120745838618,1.3551164476946986,2.74783305674736,0.014161182932967774,-0.004276240257960967,0.006297954591598564,501,1
24.226,-2.4216880975878947,1.355199367014849,2.748216170463951,0.017712337326382967,0.001712813061454075,-0.005109217539329618,501,1
24.251,-2.421235128972299,1.3552020883477713,2.7475775958703936,-0.004078669786524655,0.011101987816295298,-0.015487372569244819,501,1
24.276,-2.421892031077221,1.3557544664056638,2.747441801835489,-0.006295675612389221,0.02345614637505511,-0.013195261553749699,501,1
24.301,-2.4215499127529183,1.356374895666524,2.746917832792706,-0.01651736636809152,0.0033804229963418438,0.0029854057623612392,501,1
24.326,-2.4227178993956255,1.3559234875554809,2.747591072123607,-0.012010271453561757,-0.018374495129806784,0.009393730926303556,501,1
24.351,-2.4221504263255964,1.3554561709100337,2.7473875193390214,0.011586723686152047,-0.022819921800713804,0.013077302843935526,501,1
24.376,-2.422138563211318,1.3547824914654452,2.7482449372658038,0.0054232960222310505,-0.003763179539215624,0.0003227779543646346,501,1
24.401,-2.421879261524485,1.355268011933073,2.7474036582367396,-0.006666191079052576,0.001317215290099835,-0.004485574475561449,501,1
24.426,-2.4224718727652705,1.3548483522299501,2.7480206585420257,-0.0038472237440067567,-0.0006645423426476688,0.045174696146634184,500,1
24.451,-2.422071622711685,1.3552347848159405,2.7496623930440713,0.016594439215555687,-0.014919501648633437,0.0956251911889425,502,1
24.476,-2.4216421508044927,1.3541023771475185,2.752801918101473,0.026761217231916108,-0.02955294849103798,0.1701278773757118,501,1
24.501,-2.4207335618500894,1.3537571373913886,2.758168786912857,0.042451227919712516,-0.03206777085265909,0.2977410857225895,501,1
24.526,-2.419519589408507,1.3524989886048855,2.7676889723876026,0.0942820454897362,-0.10262487000844672,0.4726108190510294,500,1
24.551,-2.416019459575603,1.3486258938909665,2.781799327865407,0.1164448165733384,-0.171838660294916,0.6457689554489839,500,1
24.576,-2.41369734857984,1.3439070555901396,2.7999774201600522,0.14402275478372822,-0.2540941515257175,0.8401136525607336,500,1
24.601,-2.4088183218364163,1.3359211863146805,2.8238050104934445,0.22765531190048657,-0.3321402436432705,1.0493513982526566,500,1
24.626,-2.4023145829848156,1.3273000434079758,2.852444990072686,0.2796899320340933,-0.41365336121958884,1.2893558820254374,501,1
24.651,-2.3948338252347114,1.3152385182537008,2.8882728045947172,0.31869194492020225,-0.538764234419586,1.5411563207513879,500,1
24.676,-2.3863799857388064,1.300361831686998,2.929502806110251,0.4037111432657024,-0.6222681356641102,1.7540856479018547,498,1
24.701,-2.374648268071426,1.2841251114704948,2.9759770869898112,0.464370644447929,-0.6955808559954092,1.9620462957396776,499,1
24.726,-2.3631614535164096,1.265582788887227,3.027605120897236,0.504170151789804,-0.7675754020307204,2.19982199419388,498,1
24.751,-2.3494397604819355,1.2457463413689582,3.085968186699507,0.5819658190746508,-0.8500516631907086,2.4235035362783472,498,1
24.776,-2.3340631625626767,1.223080205727691,-3.1344050094684306,0.629519197317592,-0.9400700083147974,2.6220996953462077,495,1
24.801,-2.3179638006160577,1.198742840953221,-3.066112135712777,0.6412194006249459,-1.0189506097074241,2.8146179089123313,495,1
24.826,-2.302002192531429,1.1721326752423191,-2.993674114022812,0.7095629770287802,-1.1093118431423241,3.018833791109962,495,1
24.851,-2.282485651764618,1.143277248796104,-2.9151704461572767,0.7705436368342401,-1.1861139248865014,3.2054867593341805,493,1
24.876,-2.2634750106897163,1.1128269789979932,-2.8333997760561007,0.7960192741198189,-1.2577837137929038,3.346662327061566,493,1
24.901,-2.2426846880586266,1.080388063106458,-2.747837329804196,0.851475596671087,-1.3159734110254633,3.460554511409716,490,1
24.926,-2.2209012308561644,1.0470283084467238,-2.6603720504856248,0.9097037755276154,-1.3898841097090855,3.5691959778521847,488,1
24.951,-2.1971994992822452,1.0108938576210027,-2.5693775309115843,0.9540179516676737,-1.4449539956325137,3.658336003724908,487,1
24.976,-2.17320033327278,0.9747806086650971,-2.4774552502993767,1.0032737827412355,-1.4871836786013681,3.7005513013049915,485,1
25.001,-2.1470358101451827,0.9365346736909332,-2.384349965846332,1.0318753256655753,-1.585176462177693,3.7717351922185745,481,1
25.026,-2.1216065669895006,0.8955217855562113,-2.2888684906884453,1.0572578110079325,-1.6308937045722822,3.765221899150336,480,1
25.051,-2.094172919594789,0.8549899884623238,-2.196088870888826,1.1055774905984903,-1.6992276288171528,3.764780809270576,477,1
25.076,-2.0663276924595753,0.8105604041153525,-2.100629450224914,1.108109415879561,-1.7447910673927987,3.7776640738024976,474,1
25.101,-2.0387674488008103,0.7677504350926826,-2.0072056671986984,1.1019140535668124,-1.7145790445989606,3.695352752432158,468,1
25.126,-2.011231989781234,0.7248314518854032,-1.9158618126033033,1.030034284296971,-1.6558897514345858,3.6093924960845243,468,1
25.151,-1.987265734585961,0.6849559475209521,-1.8267360423944696,1.0280652275678566,-1.5823101923250593,3.50138586701798,462,1
25.176,-1.959828728402844,0.6457159422691547,-1.740792519252414,1.0266635672544164,-1.5122754598405936,3.3817096361783037,462,1
25.201,-1.9359325562232395,0.6093421745289214,-1.657650560585552,0.9368154784389526,-1.4541443945944825,3.2392501105078146,468,1
25.226,-1.9129879544808956,0.5730087225394296,-1.578830013727021,0.9116226471255077,-1.3962799791719906,3.0782599508975843,472,1
25.251,-1.8903514238669634,0.5395281755703208,-1.5037375630406709,0.8395576579755307,-1.2892852499463874,2.898756222426545,481,1
25.276,-1.8710100715821185,0.5085444600421093,-1.4338922026056917,0.7698866547004128,-1.2039580033782145,2.703557461026283,480,1
25.301,-1.851857091131945,0.47933027540141354,-1.3685596899893644,0.7020994472285025,-1.1205284782057707,2.521050051104003,488,1
25.326,-1.835905099220693,0.45251803613181996,-1.3078397000504898,0.6334455415185224,-0.9536569719863639,2.2936085546796856,491,1
25.351,-1.8201848140560184,0.43164742680209467,-1.2538792622553785,0.53355489628948,-0.814388525210022,2.062920593026429,488,1
25.376,-1.8092273544062185,0.4117986098713183,-1.204693670399167,0.4007146552256278,-0.7003018500037861,1.8308058435492665,485,1
25.401,-1.8001490812947367,0.39663233430190487,-1.1623389700779136,0.39851511706793064,-0.5732476095663734,1.5916637220990386,493,1
25.426,-1.7893015985528231,0.38313622939300124,-1.1251104842942197,0.3565507569550069,-0.4893106059798266,1.3681474226629557,500,1
25.451,-1.7823215434469861,0.3721668040029132,-1.0939315989447649,0.237390610500624,-0.39061751374251275,1.1434321912222438,508,1
25.476,-1.7774320680277917,0.3636053537058753,-1.0679388747331067,0.18387591898661532,-0.299068911486219,0.9401824400780479,507,1
25.501,-1.7731277474976552,0.357213358428602,-1.0469224769408616,0.09629700109824531,-0.1541111026426323,0.7164688179088938,505,1
25.526,-1.7726172179728794,0.3558997985737436,-1.0321154338376617,0.06883852308999963,-0.0672972601433624,0.5270055504658566,505,1
25.551,-1.7696858213431554,0.3538484954214341,-1.0205721994175703,-0.00077197119327187,-0.017584217227340798,0.3685061951858374,505,1
25.576,-1.772655816532543,0.35502058771237655,-1.0136901240783696,-0.06300760041198748,0.0677896026324533,0.21966782770060833,506,1
25.601,-1.7728362013637549,0.3572379755530568,-1.00958880803254,-0.06555025194023308,0.11801618665443435,0.1290520733383697,506,1
25.626,-1.7759333291295547,0.36092139704509835,-1.007237520411451,-0.13063213855873093,0.17463726891137374,0.04182269583434757,506,1
25.651,-1.7793678082916915,0.3659698389986256,-1.0074976732408223,-0.09340403500838511,0.18853089729971867,0.0018370229436915843,507,1
25.676,-1.7806035308799737,0.37034794191008374,-1.0071456692642664,-0.12144494196434868,0.1862020788524195,0.006096539375519596,507,1
25.701,-1.785440055389909,0.3752799429412467,-1.007192846272046,-0.13148734839660206,0.18485119666264607,2.2200265625826572e-05,508,1
25.726,-1.787177898299804,0.3795905017432162,-1.0071445592509853,-0.11041218957185193,0.16616285570503084,-0.00543268956844748,509,1
25.751,-1.7909606648685017,0.3835880857264984,-1.0074644807504685,-0.1168466625548642,0.14083187606570813,-0.0053509302285802765,509,1
25.776,-1.7930202314275472,0.3866320955465017,-1.0074121057624141,-0.03496759292966643,0.09779272485337832,0.0061640502234720125,510,1
25.801,-1.792709044514985,0.388477721969167,-1.0071562782392949,-0.030626263526900132,0.07558837005567036,-0.0026611434309131332,510,1
25.826,-1.7945515446038922,0.39041151404928526,-1.00754516293396,-0.04822713827621714,0.05015335259843474,0.000991492823469983,510,1
25.851,-1.7951204014287958,0.3909853895990888,-1.0071067035981214,-0.015170874683261067,0.04354157917569817,0.001893114585769213,510,1
25.876,-1.7953100883380553,0.3925885930080702,-1.0074505072046718,-0.02979423898325575,0.032760068742264205,-0.0017603881263106053,511,1
25.901,-1.7966101133779586,0.39262339303620203,-1.007194723004437,-0.015230311304593491,0.012721357975934046,-0.003300808799888887,511,1
25.926,-1.796071603903285,0.39322466090686686,-1.007615547644666,-0.004070831248910109,0.006050181858646611,0.001738901831203041,511,1
25.951,-1.7968136549404041,0.39292590212913436,-1.007107777912877,-0.015777928667754845,0.0006783721944991675,0.01053456232355628,511,1
25.976,-1.7968605003366727,0.3932585795165918,-1.0070888195284882,0.0055371093116462254,0.014265199527457658,-0.0037886540665076924,511,1
26.001,-1.7965367994748218,0.39363916210550726,-1.0072972106162024,0.00945790607931749,0.005832695227371204,-0.0002122924616365621,510,1
26.026,-1.7963876050327068,0.3935502142779604,-1.00709943415157,-0.00433217603832883,0.008384278693763158,0.005403749377137808,511,1
26.051,-1.7967534082767382,0.3940583760401954,-1.0070270231473457,-0.004303154169589201,-0.010600860162911356,0.0038496445065838167,511,1
26.076,-1.7966027627411862,0.3930201712698148,-1.006906951926241,-0.01410089095569924,-0.013650755743610327,-0.0045012987180647526,511,1
26.101,-1.7974584528245232,0.39337583825301486,-1.007252088083249,-0.014113266372621579,-0.0023057899444000832,0.0027262088339518767,510,1
26.126,-1.7973084260598173,0.3929048817725948,-1.0067706414845432,-0.008744027195288648,0.016585910584629757,1.2490941863063476e-05,511,1
26.151,-1.7978956541842877,0.39420513378224636,-1.007251463536156,-0.022621845344038726,0.017519437766084663,-0.009139729000536242,511,1
26.176,-1.7984395183270192,0.393780853660899,-1.00722762793457,-0.004851028242462905,-0.01036948171337689,0.006450364779126879,511,1
26.201,-1.7981382055964108,0.3936866596965775,-1.0069289452971997,0.021208208709970453,-0.006770486437475035,0.0030178375704447828,511,1
26.226,-1.7973791078915207,0.39344232933902523,-1.0070767360560477,0.01227806918879342,-0.00036756387691294114,0.0004900756808368031,511,1
26.251,-1.7975243021369711,0.39366828150273186,-1.0069044415131576,-0.011652296802066977,0.0001657134939547754,0.006292042404742925,511,1
26.276,-1.797961722731624,0.39345061501372297,-1.0067621339358106,-0.0032569202827172536,-0.006810812234532669,-0.003048570139974234,511,1
26.301,-1.797687148151107,0.39332774089100525,-1.0070568700201563,0.007891674988389384,-0.012234581067846854,0.0008570215625169787,511,1
26.326,-1.7975671389822045,0.3928388859603306,-1.0067192828576847,-0.013871408478314053,0.008034721693691457,-0.004250835382579804,511,1
26.351,-1.7983807185750227,0.39372947697568983,-1.0072694117892853,-0.011262618470917314,-0.005192389248456146,6.611863167193994e-05,511,1
26.376,-1.7981302699057504,0.3925792664979078,-1.0067159769261014,-0.009648343383692333,0.0024027308267371085,0.001568653885133364,511,1
26.401,-1.7988631357442073,0.3938496135170267,-1.0071909790950286,-0.0015384227278759418,0.03227143197874277,0.0023886215371861333,511,1
26.426,-1.7982071910421442,0.39419283809684486,-1.0065965458492423,0.03322435088653772,0.004080593424911014,0.03888184933458605,511,1
26.451,-1.7972019181998804,0.39405364318827224,-1.005246886628299,0.007994681003902103,-0.0016385373325811016,0.07360301128306442,511,1
26.476,-1.797807456991949,0.3941109112302158,-1.002916395285089,0.08945796226398223,-0.021864288194532698,0.12609483247171302,511,1
26.501,-1.7927290200866812,0.3929604287785456,-0.9989421450047131,0.15851394695580498,0.010713924191246685,0.16762704282186053,510,1
26.526,-1.7898817596441587,0.39464660743977814,-0.9945350431439961,0.16845210481996345,0.04676471759194544,0.22544859008747092,511,1
26.551,-1.7843064148456835,0.39529866465814273,-0.9876697155003403,0.27847916618308816,0.023790575981193714,0.31104091086203933,511,1
26.576,-1.7759578013350041,0.39583613623883784,-0.978982997600894,0.3659552798355562,0.04087300290001092,0.37555681339769187,510,1
26.601,-1.7660086508539055,0.3973423148031433,-0.9688918748304554,0.48457917685700047,0.03407283079066188,0.4576401456043679,511,1
26.626,-1.7517288424921538,0.39753977777837096,-0.9561009903206752,0.6232582358935668,0.03792409625251349,0.5477675423449313,510,1
26.651,-1.7348457390592267,0.399238519615769,-0.9415034977132086,0.7146724194313909,0.07479929789651044,0.6171756136045743,510,1
26.676,-1.7159952215205863,0.40127974267319627,-0.9252422096404481,0.8078054598988845,0.053563863604050646,0.7090016355433347,510,1
26.701,-1.6944554660642819,0.4019167127959716,-0.9060534159360413,0.9129939567087367,0.04650661714977567,0.798119190695201,513,1
26.726,-1.6703455236851488,0.4036050735306851,-0.8853362501056876,1.0045257397323484,0.07867476904363845,0.8744512777815903,525,1
26.751,-1.6442291790776637,0.40585045124815355,-0.862330852046961,1.0894678754296527,0.06959132705892669,0.9598073932958725,540,1
26.776,-1.6158721299136654,0.40708463988363147,-0.8373458804408932,1.1837983780815182,0.08147683939725112,1.026636405095381,541,1
26.801,-1.5850392601735912,0.4099242932180159,-0.8109990317921948,1.307546130179941,0.12622304847991914,1.081203696401867,541,1
26.826,-1.5504948234046674,0.4133957923076275,-0.7832856956207991,1.381345809036139,0.11065487179439513,1.170571831307231,541,1
26.851,-1.5159719697217833,0.4154570368077357,-0.7524704402268325,1.4521235997174757,0.11588373193626102,1.2275120586733481,541,1
26.876,-1.4778886434187926,0.41918997890444065,-0.7219100926871309,1.5388510489133727,0.12438168926680972,1.2793277058783032,541,1
26.901,-1.4390294172761136,0.4216761212710763,-0.6885040549329164,1.6150678631333888,0.12142659012862513,1.3371948562028861,541,1
26.926,-1.3971352502621277,0.42526130841087156,-0.6550503498769903,1.7141875510340454,0.1389015267675289,1.3641200368970792,540,1
26.951,-1.35332003972441,0.42862119760945283,-0.6202980530880616,1.7746780687751298,0.1530559223297024,1.3960373641675596,541,1
26.976,-1.30840134682337,0.4329141045273568,-0.5852484816686112,1.8748349409885678,0.13099912354500956,1.438134373959163,541,1
27.001,-1.2595782926749803,0.4351711537867034,-0.5483913343901026,1.9447775661104085,0.14428958252784357,1.4622766064543993,535,1
27.026,-1.2111624685178481,0.4401285836537491,-0.5121346513458901,2.013690681514734,0.16949227702411437,1.4695446574778916,533,1
27.051,-1.1588937585992494,0.44364576763790864,-0.47491410151621233,2.0997671128613162,0.1636924893509938,1.479776665389242,528,1
27.076,-1.1061741128747808,0.4483132081212989,-0.4381458180764268,2.152589897411868,0.18319897774051813,1.4638553868958195,523,1
27.101,-1.0512642637286544,0.4528057165249347,-0.4017213321714201,2.2219180082232,0.19288069275611278,1.448287036697759,519,1
27.126,-0.9950782124636193,0.45795724275910465,-0.36573146624153774,2.250657502746646,0.17286968653240173,1.452456267995889,513,1
27.151,-0.9387313885913205,0.4614492008515549,-0.3290985187716248,2.2498120500096954,0.1582634224347269,1.4308898363174385,510,1
27.176,-0.8825876099631409,0.46587041388084055,-0.2941869744256698,2.1717289675487432,0.17272686332496212,1.373545268859429,509,1
27.201,-0.8301449402138819,0.4700855440178031,-0.2604212553286524,2.061440675960175,0.16197433204684356,1.3293836883961674,508,1
27.226,-0.7795155761651307,0.47396913048318284,-0.2277177900058604,1.941175204689042,0.15134957547821912,1.2920260349515715,508,1
27.251,-0.7330861799794284,0.4776530227917142,-0.19581995358107274,1.7898467040268062,0.1424389181291976,1.2409030073851393,511,1
27.276,-0.6900232409637891,0.4810910763896428,-0.16567263963660273,1.6717390955295381,0.13627149388213075,1.179199238071456,516,1
27.301,-0.6494992252029562,0.4844665974858203,-0.1368599916775034,1.5626941579434317,0.12485761830282982,1.1156941436318333,519,1
27.326,-0.6118885330666164,0.4873339573047844,-0.10988793245501012,1.4320031380200477,0.1137651740683327,1.0431684347374344,518,1
27.351,-0.5778990683019528,0.49015485618923704,-0.0847015699406311,1.3089476657502033,0.11195946030753308,0.9714544236862772,520,1
27.376,-0.5464411497791053,0.49293193032016114,-0.06131521127069577,1.1802221594138382,0.09196758773850158,0.8824599910127925,521,1
27.401,-0.5188879603312601,0.4947532355761622,-0.04057857038999102,1.0590505974589262,0.0715396377571172,0.8117363199933543,521,1
27.426,-0.493488619906162,0.4965089122080168,-0.020728395271030334,0.9326911363617375,0.06654330390808888,0.7313000601427773,522,1
27.451,-0.4722534035131725,0.4980804007715667,-0.004013567382851757,0.8027297820693776,0.07430203879905456,0.6404308680380397,523,1
27.476,-0.45335213080269254,0.5002240141479696,0.0112931481308722,0.7193812493908678,0.06521027482363624,0.5785078462708799,522,1
27.501,-0.4362843410436286,0.5013409145127485,0.024911824930692637,0.5604987505792522,0.03951972053006513,0.48474165984724515,523,1
27.526,-0.42532719327372953,0.5022000001744729,0.03553023112323475,0.39697684068208655,0.04018400925004834,0.3864962227572242,523,1
27.551,-0.4164354990095254,0.5033501149752508,0.0442366360685528,0.31721125195680483,0.013130703368686526,0.3151928970299122,523,1
27.576,-0.40946663067588907,0.5028565353429072,0.051289875974730365,0.22220940006574058,0.017706460108417334,0.2692053606719164,524,1
27.601,-0.40532502900623824,0.5042354379806717,0.057696904102148644,0.09395599582929215,0.036388636232380124,0.20658518412752497,522,1
27.626,-0.4047688308844244,0.5046759671545262,0.06161913518110658,-0.017985169931919752,-0.03367636385580305,0.12850464085543395,523,1
27.651,-0.40622428750283424,0.5025516197878815,0.06412213614492046,-0.06804020445700552,-0.017917565934087908,0.06523896488089968,524,1
27.676,-0.4081708411072745,0.5037800888578219,0.06488108342515139,-0.14492727317713355,0.0061341528024549076,0.026668451088633537,523,1
27.701,-0.413470651161691,0.5028583274280043,0.06545555869935214,-0.18407605305750768,-0.026545893756419647,0.009799105338385988,522,1
27.726,-0.41737464376015,0.5024527941700009,0.0653710386920708,-0.17767405471958067,-0.02228754056649653,0.00938848577646909,523,1
27.751,-0.4223543538976702,0.5017439503996795,0.06592498298817569,-0.22473598612552284,-0.007096089355367218,0.026579007320854563,523,1
27.776,-0.4286114430664263,0.5020979897022325,0.06669998905811353,-0.20175204832326746,-0.010651866378828584,0.09280776535730867,523,1
27.801,-0.432441956313833,0.501211357080738,0.07056537125604079,-0.1738864498368162,-0.0014537879710329953,0.20496854270348905,522,1
27.826,-0.4373057655582672,0.5020253003036809,0.07694841619328824,-0.1334478984880264,0.06420833442680426,0.3337054687616933,523,1
27.851,-0.4391143512382344,0.5044217738020783,0.0872506446941256,-0.06784213544125743,0.13334440722610175,0.5311983251282206,523,1
27.876,-0.44069787233033014,0.508692520664986,0.10350833244969955,-0.051132592893117605,0.20802203455606497,0.7318613136389891,523,1
27.901,-0.4416709808828903,0.5148228755298817,0.12384371037607551,0.004906962994790933,0.3043733850508352,0.9225676899700366,522,1
27.926,-0.4404525241805906,0.5239111899175269,0.14963671694819883,0.0656500666389483,0.418695791794584,1.1716279239508876,522,1
27.951,-0.43838847755094285,0.5357576651196112,0.18242510657362068,0.11561296048476835,0.5212510310327981,1.4059164321651152,522,1
27.976,-0.4346718761563521,0.5499737414691672,0.2199325385564557,0.14159368575517162,0.6131902006958525,1.5978279487765907,521,1
28.001,-0.43130879326318416,0.5664171751544043,0.26231650401245155,0.1553228694023978,0.707571353798918,1.7967740349970118,520,1
28.026,-0.4269057326862321,0.5853523091591136,0.30977124030630737,0.20337872905769097,0.8107506333904774,1.9842494849427945,519,1
28.051,-0.4211398568103002,0.6069547068239258,0.3615289782595856,0.24586807875342936,0.9205740052990954,2.156573382278855,520,1
28.076,-0.41461232874856047,0.631381009424069,0.41759990942025177,0.25592800260903015,1.0158069817203652,2.2944699717088333,518,1
28.101,-0.4083434566798485,0.6577450559099448,0.4762524768450289,0.2837869892288662,1.081535024297431,2.4146372842585175,519,1
28.126,-0.40042297928711695,0.6854577606389414,0.5383317736331794,0.3036257404992072,1.1697575764736634,2.4946704216173554,517,1
28.151,-0.3931621696548879,0.7162329347336288,0.6009859979258985,0.32799306742076406,1.2686612802728858,2.543278268240006,518,1
28.176,-0.3840233259160797,0.748890824652582,0.6654956870451726,0.36651708425292784,1.3597357813404993,2.5714666728006454,517,1
28.201,-0.3748363154422413,0.7842197238006547,0.7295593315659327,0.3865273636214506,1.4285843127105256,2.565261161976692,517,1
28.226,-0.3646969577350069,0.8203200402881093,0.7937587451440091,0.4099001399331334,1.4882312934313136,2.5306567628800987,518,1
28.251,-0.3543413084455843,0.8586312884722215,0.8560921697099393,0.4032420457673223,1.4887620622036668,2.4537518915574723,518,1
28.276,-0.3445348554466405,0.8947581433982937,0.9164463397218845,0.3630707605004708,1.4384888201844221,2.351831791788302,518,1
28.301,-0.3361877704205618,0.9305557294814385,0.9736837592993478,0.4047426827496545,1.3587465204677114,2.232875510717673,518,1
28.326,-0.32429772130915746,0.9626954694216803,1.02809011525777,0.3647872606063122,1.275558550671549,2.06938143804489,516,1
28.351,-0.31794840739024594,0.9943336570150169,1.0771528312015939,0.28639379296586037,1.1565901940410463,1.8733516805935135,515,1
28.376,-0.30997803166086424,1.0205249791237334,1.1217576992874467,0.2812418174117952,0.9976328766314304,1.7017008048936446,516,1
28.401,-0.303886316519656,1.044215300846589,1.1622378714462775,0.2080602211769496,0.8693257906935653,1.4898014682734442,516,1
28.426,-0.29957502060201735,1.0639912686584092,1.1962477727011147,0.1918352509380689,0.7216305292389333,1.273659673099576,520,1
28.451,-0.2942945539727524,1.0802968273085363,1.225920855101257,0.18791689386553467,0.5878829194223739,1.038539115702498,523,1
28.476,-0.2901791759087405,1.0933854146295283,1.2481747284862403,0.13418061510784537,0.47150091647870646,0.797610070001846,524,1
28.501,-0.28758552321736003,1.103871873132472,1.26580135860135,0.08919236607203047,0.3272358425815234,0.6126054381235504,527,1
28.526,-0.2857195576051389,1.1097472067586047,1.278805000392418,0.05435312709906579,0.1939582777465775,0.41679658137000847,527,1
28.551,-0.2848678668624069,1.1135697870198003,1.2866411876698491,0.0239222178986117,0.09654752460746736,0.2586392723113703,528,1
28.576,-0.2845234467102083,1.1145745829889782,1.291736964007987,-0.01152679345330682,-0.04598376482735246,0.14532597870000402,527,1
28.601,-0.28544420653507224,1.1112705987784326,1.2939074866048494,-0.053337651744420976,-0.16403975966426054,0.02803727111551484,528,1
28.626,-0.2871903292974294,1.106372595005765,1.293138827563763,-0.06391689434631885,-0.2024560825770132,0.004099753223689659,527,1
28.651,-0.28864005125238823,1.1011477946495818,1.294112474266034,-0.06935337696231175,-0.247528381885714,-0.013665570015826911,525,1
28.676,-0.29065799814554477,1.09399617591148,1.2924555490629717,-0.07118543578498514,-0.269069137591656,-0.1031691342434001,524,1
28.701,-0.29219932304163754,1.0876943377699988,1.2889540175538639,-0.03619907543002625,-0.27738823415041797,-0.22435113564116663,523,1
28.726,-0.2924679519170461,1.080126764203959,1.2812379922809132,0.009583740808168791,-0.26754939806749767,-0.35558856040468206,525,1
28.751,-0.2917201360012291,1.0743168678666237,1.2711745895336293,0.09799793348425484,-0.20274458408249418,-0.5241052921776227,524,1
28.776,-0.2875680552428333,1.069989534999834,1.2550327276720317,0.19924731904524284,-0.15572500164167555,-0.7372036080382546,521,1
28.801,-0.2817577700489675,1.0665306177845404,1.2343144091317186,0.32103777768555986,-0.10065114236213225,-0.9356476782813994,520,1
28.826,-0.2715161663585551,1.0649569778817274,1.2082503437579613,0.434561569666399,-0.08970415503685253,-1.1275638101586178,518,1
28.851,-0.26002969156564726,1.0620454100326977,1.1779362186237867,0.5257554650511357,-0.0660308217834728,-1.337304576513921,520,1
28.876,-0.24522839310599792,1.0616554367925537,1.141385114932264,0.6249344729983863,-0.02731234653797504,-1.5729287831760483,518,1
28.901,-0.2287829679157275,1.060679792705799,1.0992897794649834,0.736053129495752,-0.034455371655239556,-1.7728780199293257,517,1
28.926,-0.20842573663121242,1.0599326682097918,1.0527412139358028,0.8692983492305955,-0.015404908676526,-1.9275818308839192,518,1
28.951,-0.1853180504541971,1.0599095472719726,1.002910687920786,0.9425362002117126,-0.02256406602576501,-2.0824771105800957,520,1
28.976,-0.16129892662062612,1.0588044649085036,0.9486173584067963,1.0120022821126906,-0.016316100510795673,-2.2509812664629294,518,1
29.001,-0.13471793634856186,1.0590937422464328,0.8903616245976379,1.1450725397980062,0.007615604903756681,-2.3727063960436485,520,1
29.026,-0.104045299630725,1.0591852451536914,0.8299820386046123,1.2583279942244547,5.346330451683505e-05,-2.4560928408311673,522,1
29.051,-0.07180153663734269,1.0590964154116587,0.7675569825560864,1.292850957536436,-0.00611767330154658,-2.5267180430047183,519,1
29.076,-0.03940275175390228,1.058879361488614,0.7036461364543745,1.3941275641109911,0.003859022157230941,-2.5701306586636177,519,1
29.101,-0.00209515843179215,1.0592893665195202,0.6390504496229038,1.5044382572882256,0.027643186981771314,-2.590950998529865,522,1
29.126,0.035819161110510075,1.0602615208377026,0.5740985865278795,1.5543584735006881,-0.007273736037913711,-2.572383353475737,520,1
29.151,0.07562276524324336,1.0589256797176245,0.510431281949115,1.6050542288936782,-0.004361522561384916,-2.5346841361145973,521,1
29.176,0.11607187255518943,1.0600434447096334,0.44736437972215704,1.629008176993507,0.025043815715894622,-2.4566391799687364,520,1
29.201,0.15707317409291988,1.0601778705034193,0.3875993229506766,1.6354587753257304,0.02687625615104012,-2.353177794417649,521,1
29.226,0.1978448113214771,1.0613872575171854,0.32970549000127286,1.5264628641319256,0.006270668546623969,-2.2421563621643106,522,1
29.251,0.23339631729951724,1.0604914039307505,0.2754915048424596,1.3491272050766026,-0.02291876779138636,-2.078944756537157,522,1
29.276,0.2653011715753082,1.060241319127616,0.2257582521744136,1.219962115591925,0.006073496733623241,-1.917687836468798,524,1
29.301,0.29439442307911,1.0607950787674316,0.17960711301902504,1.0877415615256814,0.007070924731942162,-1.7329038187371124,523,1
29.326,0.31968824965159304,1.0605948653642132,0.1391130612375567,0.9326290495188029,-0.007044417305421724,-1.528350622449533,523,1
29.351,0.3410258755550508,1.0604428579021605,0.10318958189654741,0.7932887242472217,0.012860964429050976,-1.3421486534550096,523,1
29.376,0.3593526858639547,1.0612379135856658,0.0720056285648051,0.6511181356231152,0.00815939183613767,-1.1369987530176322,523,1
29.401,0.37358178233620704,1.0608508274939674,0.04633964424566496,0.46328524944496763,-0.014288991201031033,-0.9256590999187069,524,1
29.426,0.38251694833620176,1.0605234640256143,0.025722673568872607,0.383319202335637,-0.011323492994987755,-0.7109702061772426,523,1
29.451,0.39274774245298916,1.060284652844218,0.010791133936802247,0.28537278797338733,0.0008438176199376692,-0.5091902155529232,525,1
29.476,0.3967855877348713,1.0605656549066111,0.000263162791226034,0.09658150536979467,-0.0007773697019919257,-0.3466904619258799,523,1
29.501,0.39757681772147896,1.0602457843591184,-0.006543389159492165,-0.01617132889318506,0.0031536494273431523,-0.2197580919642985,526,1
29.526,0.39597702129021206,1.0607233373779783,-0.010724741806988984,-0.09582229626270855,0.001216716431673495,-0.11088714191085555,523,1
29.551,0.3927857029083438,1.060306620180702,-0.012087746255034665,-0.16242086539746228,0.0029963770943907805,-0.028656140499822718,524,1
29.576,0.38785597802033883,1.0608731562326978,-0.012157548831980187,-0.23003453155845294,-0.0019345037036177795,-0.004933560464346272,524,1
29.601,0.381283976330421,1.0602098949955212,-0.012334424278252081,-0.25957734079354167,-0.01582964552304644,-0.0029610737456397663,524,1
29.626,0.37487711098066157,1.0600816739565455,-0.012305602519261999,-0.281406205560522,-0.008551699727554641,-0.00015624842765404656,524,1
29.651,0.3672136660523947,1.0597823100091435,-0.012342236699634933,-0.2198511889678914,-0.0018831707350043208,-0.010181614933273988,524,1
29.676,0.3638845515322676,1.0599875154197953,-0.012814683265925832,-0.11606094171339233,-0.024055703209424285,-0.013704851770359544,523,1
29.701,0.361410618966725,1.0585795248486722,-0.013027479288152946,-0.03675578594324717,-0.04535860893743073,-0.01777381430694699,523,1
29.726,0.36204676223510524,1.0577195849729237,-0.013703373981273373,0.09416452072399917,-0.05521408034637886,-0.022792647093270123,524,1
29.751,0.366118845002925,1.0558188208313533,-0.01416711164281647,0.18174015182774247,-0.07491892731633758,-0.049048142440088344,523,1
29.776,0.3711337698264925,1.0539736386071068,-0.01615578110327766,0.28561429576176867,-0.09318274933008827,-0.06305877508589045,523,1
29.801,0.38039955979101264,1.051159683364849,-0.01732005039711094,0.419191381875242,-0.11635368554138216,-0.06223775024384449,524,1
29.826,0.3920933389202549,1.0481559543300376,-0.019267668615470072,0.4702608910183015,-0.1490234796978408,-0.08892275263361656,523,1
29.851,0.40391260434192805,1.043708509379957,-0.021766188028792037,0.6185158083255372,-0.18886415518908525,-0.1090145663840476,525,1
29.876,0.4230191293365322,1.0387127465705832,-0.024718396934672454,0.7725822584387155,-0.21293997110313131,-0.10359562532226216,525,1
29.901,0.4425417172638644,1.0330615108248002,-0.02694596929490519,0.8172042759530604,-0.2225192264117386,-0.11767698804569407,526,1
29.926,0.4638793431341829,1.027586785249997,-0.030602246336956893,0.8843665750789783,-0.2561703538141965,-0.14616635329131503,525,1
29.951,0.4867600460178139,1.0202529931340902,-0.0342542869594709,0.9858089789550799,-0.3136113310750943,-0.1423796480046737,526,1
29.976,0.5131697920819376,1.011906218696242,-0.03772122873719085,1.098120404413293,-0.31595920702971897,-0.16698507505247248,530,1
30.001,0.5416660662384793,1.004455032782604,-0.04260354071209443,1.2191737139906138,-0.3350576725997009,-0.18658170990133183,533,1
30.026,0.5741284777814691,0.9951533350662567,-0.04705031423225766,1.2861841949961004,-0.3735908166891279,-0.19373715535629046,536,1
30.051,0.6059752759882807,0.9857754919481487,-0.052290398479908504,1.328974837204252,-0.3790031756281111,-0.2065122215816621,537,1
30.076,0.6405772196416827,0.9762031762848509,-0.05737592531134095,1.4378545186814602,-0.40513625602514347,-0.21564430744409308,541,1
30.101,0.6778680019223547,0.9655186791468913,-0.06307261385211346,1.5389197031428075,-0.443624120224713,-0.2198044189700856,541,1
30.126,0.7175232047988241,0.9540219702736149,-0.06836614625984534,1.6160547673941654,-0.46204480223095434,-0.24721963125265847,541,1
30.151,0.7586707402920642,0.9424164390353432,-0.07543359541474659,1.6665772277973783,-0.46136296854643666,-0.2939115791002667,541,1
30.176,0.8008520661886883,0.9309538218462944,-0.08306172521485793,1.7425805429969516,-0.4886146350984874,-0.2768651171178376,540,1
30.201,0.845799767441913,0.9179857072804185,-0.08927685127063871,1.8366839207075385,-0.5264468021602356,-0.2444031081412633,541,1
30.226,0.8926862622240666,0.9046314817382822,-0.09528188062192147,1.8845699985164586,-0.5465477600291446,-0.27312155530812954,541,1
30.251,0.9400282673677373,0.8906583192789609,-0.10293292903604546,1.9678520672499809,-0.5642287498795127,-0.31797976418061585,539,1
30.276,0.991078865586567,0.8764200442443062,-0.11118086883095263,2.059684831705017,-0.5783976163724831,-0.3029155453081861,540,1
30.301,1.0430125089529823,0.8617384384603384,-0.11807870630145371,2.1114637514890386,-0.6003470616438958,-0.2899411495413199,539,1
30.326,1.0966520531610204,0.846402691162111,-0.12567792630801883,2.1689310507185815,-0.6035611571641079,-0.2941778419771926,539,1
30.351,1.1514590614889129,0.8315603806021326,-0.13278759840031362,2.215113235451946,-0.6287333274271356,-0.29845556303877996,540,1
30.376,1.2074077149336193,0.8149660247907538,-0.14060070445995793,2.2423579537663354,-0.6619076088781289,-0.3048355189536124,541,1
30.401,1.2635769591772312,0.7984650001582256,-0.14802937434799462,2.362531848642778,-0.6921311075147989,-0.3308999948710067,541,1
30.426,1.3255343073657515,0.7803594694150158,-0.1571457042035072,2.433138021166373,-0.6879044445746376,-0.3134261205786215,541,1
30.451,1.3852338602355516,0.7640697779294933,-0.16370068037692598,2.474832900440727,-0.6757114418553971,-0.30360172192706714,539,1
30.476,1.4492759523877896,0.7465738973222454,-0.1723257902998609,2.553389462125483,-0.7307751146606896,-0.3072776267451394,540,1
30.501,1.5129033333418276,0.7275310221964583,-0.17906456171418328,2.5557634452623637,-0.7334473754473165,-0.29628568911968434,539,1
30.526,1.5770641246509096,0.7099015285498791,-0.1871400747558451,2.614192199197072,-0.7352869173736227,-0.2968375585677032,539,1
30.551,1.6436129433016737,0.6907666763277792,-0.19390643964256765,2.6749418182004643,-0.7700741619511732,-0.29256279301861393,540,1
30.576,1.7108112155609347,0.6713978204523199,-0.20176821440677578,2.727249724386277,-0.7652589596846051,-0.2984318387099052,539,1
30.601,1.7799754295209895,0.6525037283435484,-0.2088280315780633,2.7815011707072306,-0.8001591304948261,-0.27194480751259464,538,1
30.626,1.8498862740962982,0.631389863927578,-0.2153654547824059,2.7044829396474293,-0.781335152994016,-0.27480417429843806,539,1
30.651,1.915199576503363,0.6134369706938471,-0.22256824029298536,2.5542800540064,-0.7417666986655935,-0.29238100521794647,538,1
30.676,1.977600276796611,0.5943015289943004,-0.2299845050433026,2.4117719179498,-0.7030300958037772,-0.24778527050620094,539,1
30.701,2.0357881724008546,0.5782854659036577,-0.23495750381829547,2.2311214042085665,-0.6356840865219814,-0.218197254386562,541,1
30.726,2.089156347007041,0.5625173246682009,-0.24089436776263098,2.1043756787985726,-0.6038829824393147,-0.23273528702762672,541,1
30.751,2.1410069563407848,0.5480913167816915,-0.24659426816967703,1.9519301245604914,-0.5509936121431523,-0.20440882403395186,540,1
30.776,2.186752853235067,0.5349676440610429,-0.25111480896432886,1.7448774176776654,-0.5425936540747454,-0.22204311075233837,539,1
30.801,2.228250827224663,0.5209616340779558,-0.25769642370729345,1.5937428280883599,-0.45090608762517165,-0.19074931491232133,539,1
30.826,2.266439994639486,0.512422339679784,-0.26065227470994506,1.4445125255121978,-0.35711328881276644,-0.14782469881479587,539,1
30.851,2.300476453500274,0.5031059696373172,-0.26508765864803335,1.2812292328033155,-0.3789674234323261,-0.1770582757507341,539,1
30.876,2.3305014562796527,0.49347396850816744,-0.26950518849748206,1.1346893807481366,-0.33522228556299793,-0.12058277725608242,539,1
30.901,2.3572109225376816,0.4863448553591671,-0.27111679751083767,1.010348609578817,-0.14272044901685244,-0.08811576828751168,538,1
30.926,2.3810188867585906,0.4863379460573252,-0.27391097691185734,0.8278669856970271,0.0038881234190656926,-0.12969269260161548,538,1
30.951,2.3986042718225336,0.4865392615301204,-0.2776014321409185,0.6992549655596647,0.12872939587765847,-0.08752719226706826,541,1
30.976,2.4159816350365744,0.49277441585120824,-0.27828733652521065,0.5794955016773613,0.10451931408137678,-0.09014503090347553,540,1
31.001,2.427579046906402,0.4917652272341893,-0.2821086836860923,0.4408802336535648,-0.015620704170124844,-0.12548346540613586,540,1
31.026,2.438025646719253,0.491993380642702,-0.2845615097955173,0.3431968807998426,0.07370912535697191,-0.04961017015599649,541,1
31.051,2.444738890946393,0.4954506835020377,-0.2845891921938919,0.18094255649048838,0.025597098226371653,-0.03918647097296224,541,1
31.076,2.4470727745437775,0.4932732355540206,-0.2865208333441653,0.05695252778936596,-0.03249732909477452,-0.05695499897536845,541,1
31.101,2.4475865173358615,0.49382581704729894,-0.2874369421426605,-0.05163264950628947,-0.011135513525922633,-0.028859492129553334,541,1
31.126,2.444491142068463,0.49271645987772444,-0.28796380795064314,-0.16924608507033348,-0.0476967461815818,-0.03346951225674696,541,1
31.151,2.4391242130823447,0.4914409797382198,-0.2891104177554981,-0.28201137704984275,-0.03541898086983221,-0.013273980395559137,540,1
31.176,2.4303905732159716,0.49094551083423293,-0.2886275069704212,-0.4047720769365557,-0.012522778723800075,0.003987454254881172,541,1
31.201,2.4188856092355167,0.4908148408020298,-0.2889110450427542,-0.5160150866149242,-0.006494040006510457,0.0005689282153831162,540,1
31.226,2.404589818885225,0.4906208088339074,-0.288599060559652,-0.5852635649552168,-0.029234846395560093,-0.005163488854762403,541,1
31.251,2.3896224309877554,0.4893530984822518,-0.2891692194854922,-0.5941874577984589,-0.020629998317513703,-0.018458181383742292,541,1
31.276,2.3748804459953017,0.4895893089180317,-0.28952196962883914,-0.5415392549230488,0.0017762117360598973,0.0005576089576387095,539,1
31.301,2.3625454682416045,0.48944190906905477,-0.28914133903761,-0.4592455667457097,-0.002082035712843681,0.019670080190552216,538,1
31.326,2.351918167658016,0.4894852071323895,-0.28853846561931157,-0.39376841685341163,0.01741131961517237,0.01290452358910325,539,1
31.351,2.3428570473989336,0.4903124750498134,-0.28849611285815485,-0.31976562853146084,0.02334494075176352,-0.005455475780982078,539,1
31.376,2.3359298862314426,0.4906524541699777,-0.2888112394083608,-0.22252354216383846,0.030738504259418382,-0.003107289991470763,539,1
31.401,2.3317308702907416,0.49184940026278434,-0.2886514773577284,-0.1417399926952259,0.004661073416193638,-0.0010176421544106386,538,1
31.426,2.3288428865966817,0.4908855078407874,-0.28886212151608115,-0.12570919153932536,-0.025064103448743855,-0.017174508761516917,538,1
31.451,2.325445410713775,0.49059619509034713,-0.28951020279580436,-0.11299991327423714,0.01299739595035691,-0.00046434198934796505,540,1
31.476,2.3231928909329698,0.49153537763830524,-0.2888853386155485,-0.06447197325233042,0.0228459904566577,0.01598501120341189,538,1
31.501,2.3222218120511586,0.49173849461318003,-0.2887109522356338,-0.048578908243656495,0.017482750170676215,0.0051035352813055095,538,1
31.526,2.320763945520787,0.49240951514683906,-0.28863016185148305,-0.0425524673391233,0.03304931117510367,0.01770189955912039,539,1
31.551,2.3200941886842026,0.4933909601719351,-0.2878258572576778,-0.016018043921430573,0.0013832649228972896,0.0035877642565118094,539,1
31.576,2.3199630433247154,0.4924786783929839,-0.28845077363865756,-0.013075867471261474,-0.03241308750847337,-0.018821371603028058,539,1
31.601,2.3194403953106395,0.49177030579651143,-0.28876692583782937,-0.02017727207409308,0.0296227791444488,0.004894733283622374,539,1
31.626,2.3189541797210107,0.4939598173502064,-0.2882060369744764,-0.01863236980151202,0.017763451334918714,-0.002509851228262825,538,1
31.651,2.318508776820564,0.4926584783632574,-0.2888924183992427,-0.020834173961629194,-0.04036224669752072,-0.015582945892226084,538,1
31.676,2.3179124710229293,0.49194170501533047,-0.2889851842690876,-0.011255438470003494,-0.0015224926797574373,0.009357915145731121,539,1
31.701,2.3179460048970637,0.4925823537292695,-0.28842452264195634,-0.003799373140420616,0.02433267604736243,0.011486150826298506,539,1
31.726,2.3177225023659083,0.4931583388176986,-0.28841087672777255,-0.007558482904537093,0.002866563708443474,0.011870908615820684,538,1
31.751,2.317568080751837,0.4927256819146917,-0.2878309772111654,0.011165119748968009,-0.009090633759245442,-0.009614713426042561,539,1
31.776,2.3182807583533567,0.4927038071297363,-0.28889161239907457,-0.0036067762720384086,0.022862898148575863,-0.0078848159310323,539,1
31.801,2.317387741938235,0.4938688268221204,-0.2882252180077168,-0.013767837284070853,0.008900425076730929,0.011609572569861561,537,1
31.826,2.317592366489153,0.4931488283835729,-0.28831113377058143,0.00598846780508913,-0.036821885888376794,-0.012613958780951328,539,1
31.851,2.3176871653284894,0.49202773252770154,-0.2888559159467645,-0.007943545180424281,-0.017351664336157955,-0.015088163278669027,539,1
31.876,2.317195189230132,0.49228124516676497,-0.289065541934515,-0.0138712253268112,0.013860656196249346,0.0060051292491357915,539,1
31.901,2.316993604062149,0.492720765337514,-0.2885556594843079,0.0023452375805456337,-0.005257354225475541,0.0009507787228014138,539,1
31.926,2.317312451109159,0.4920183774554912,-0.28901800299837505,0.011768778628846566,-0.04353334934045821,-0.02586758111025452,539,1
31.951,2.317582042993591,0.4905440978704911,-0.2898490385398208,0.0017723924904178038,0.02284724245087378,0.02435331783004778,539,1
31.976,2.31740107073368,0.4931607395780349,-0.2878003371068726,-0.0016659273132281053,0.06564714626083808,0.07282891213800072,539,1
32.001,2.3174987466279298,0.4938264551835328,-0.2862075929329212,-0.01655569832506779,0.0032016743290816433,0.07221415763793809,538,1
32.026,2.3165732858174266,0.493320823294489,-0.28418962922497526,-0.04275449517274401,-0.020512031845277195,0.12160047596751895,538,1
32.051,2.3153610218692924,0.49280085359126885,-0.2801275691345446,-0.07664838101375518,0.024392548227674393,0.21991041328631417,538,1
32.076,2.312740866766739,0.49454045070587266,-0.27319410856066034,-0.14365808454354684,0.05401655336193719,0.3278274578876159,539,1
32.101,2.3081781176421154,0.49550168125936556,-0.26373619624016453,-0.21747477436526622,0.07180144067063096,0.4373855869189729,539,1
32.126,2.3018671280484764,0.498130522739404,-0.25132482921471294,-0.29047668465097953,0.09512026594347212,0.5651235374114056,538,1
32.151,2.2936542834095652,0.5002576945565396,-0.23548001936959184,-0.3819412345789915,0.10383332135509463,0.6962316828049736,539,1
32.176,2.282770066319525,0.5033221888071592,-0.21651324507446135,-0.5090941411104156,0.10360287226082987,0.8149300140115231,538,1
32.201,2.268199576354046,0.5054378381695808,-0.19473351866901778,-0.6046801727976436,0.17129981303472516,0.991243385478858,540,1
32.226,2.2525360576796447,0.511887179458895,-0.1669510758005212,-0.6606974413865727,0.21025972688331593,1.1478887786617462,539,1
32.251,2.235164704284719,0.515950824513746,-0.13733907973593384,-0.7817893663887121,0.20025556892153532,1.289427303791243,540,1
32.276,2.2134465893602058,0.5218999579049726,-0.1024797106109535,-0.8959171384095423,0.25630612783181606,1.464207389043279,540,1
32.301,2.190368847364238,0.5287661309053379,-0.06412871028376357,-0.9983640830308839,0.28400480029652514,1.6103307945368455,538,1
32.326,2.1635283852086644,0.536100197919798,-0.02196317088411595,-1.0801083430713636,0.3110034226858315,1.7784417197091817,539,1
32.351,2.136363430210673,0.5443163020396286,0.02479337570169046,-1.134798463377085,0.347958316516108,1.9417152893716898,540,1
32.376,2.1067884620398134,0.5534981137456024,0.07512259358446295,-1.2417015036553731,0.3544996156257993,2.0941166208846953,539,1
32.401,2.074278355027899,0.56204128282092,0.12949920674593426,-1.3403861586740462,0.38689402169065834,2.250709581496441,540,1
32.426,2.0397691541061054,0.572842814830137,0.18765807265929463,-1.423039363932431,0.4104927681787196,2.3849064159291733,540,1
32.451,2.0031263868312816,0.5825659212298548,0.24874452754238638,-1.5040613874979603,0.39824483221007334,2.5082217953979584,541,1
32.476,1.9645660847312116,0.5927550564406395,0.31306916242918564,-1.5724698686954592,0.4383195270176948,2.6637847902798844,541,1
32.501,1.9245028933965131,0.6044818975807383,0.38193376705637316,-1.6454708493723098,0.49370044158587156,2.8140403433747796,541,1
32.526,1.8822925422625891,0.6174400785199352,0.45377117959793645,-1.7152137468387398,0.5067019257462925,2.9154409606182696,541,1
32.551,1.8387422060545688,0.6298169938680551,0.5277058150872993,-1.8031453591132522,0.5254239452902808,3.0220500690476135,541,1
32.576,1.7921352743069316,0.6437112757844478,0.6048736830503084,-1.9051825106328764,0.5441080841482292,3.1080456186626195,541,1
32.601,1.7434830805229304,0.657022398075465,0.6831080960204216,-1.936351065315666,0.5683878988420389,3.2089070914170796,541,1
32.626,1.6953177210411539,0.6721306707265481,0.765319037621153,-2.0065505621880075,0.5754594812115885,3.294935775636366,541,1
32.651,1.6431555524135215,0.6857953721360469,0.847854884802254,-2.104716228259174,0.5812472711897259,3.3493829940668616,541,1
32.676,1.5900819096281862,0.7011930342860369,0.9327881873245103,-2.1442392786337567,0.6254126837629004,3.4134121279940097,541,1
32.701,1.5359435884818398,0.7170660063241902,1.0185254912019446,-2.18396502198813,0.6344859419303944,3.4339227253884186,541,1
32.726,1.480883658528786,0.7329173313825548,1.1044843235939215,-2.247026314858042,0.6549851213714603,3.4844841525336205,541,1
32.751,1.423592272738944,0.7498152623927613,1.1927496988286157,-2.338659197538591,0.6732688626443321,3.499633284275058,541,1
32.776,1.3639506986518464,0.7665807745147742,1.2794659878076893,-2.3866256016183716,0.6843944306640097,3.4974652662994146,541,1
32.801,1.3042609926580153,0.7840349839259647,1.3676229621436016,-2.475931081592878,0.7105191066977339,3.512998699233223,541,1
32.826,1.2401541445722095,0.8021067298496589,1.4551159227693404,-2.496308303348287,0.7277838789319883,3.4811156676484805,541,1
32.851,1.179445577490608,0.820424177872562,1.5416787455260155,-2.50798510339807,0.7471034883594844,3.453337242904234,541,1
32.876,1.1147548894023132,0.839461904267631,1.627782784914542,-2.597237302017757,0.7337745762327725,3.3993165732641493,541,1
32.901,1.0495837123897092,0.8571129066842038,1.7116445741892374,-2.573235363783371,0.7260920284077679,3.3399788190774866,541,1
32.926,0.9860931212131336,0.8757665056880225,1.7947817258684304,-2.5045769347645157,0.7394442838959913,3.2851271348996125,539,1
32.951,0.9243548656514905,0.8940851208790013,1.8759009309342087,-2.446397075983117,0.7327220578009602,3.2068389822023358,541,1
32.976,0.8637732674139847,0.9124026085780684,1.9551236749785381,-2.377857516674517,0.7046161983930334,3.11611851667358,539,1
33.001,0.8054619898177714,0.9293159307986509,2.031706856767879,-2.3169673241036315,0.6444692980592809,3.0266574051136437,541,1
33.026,0.7479249012087933,0.9446260734810352,2.106456545234233,-2.1522760480487033,0.6108981638082635,2.916642646441643,541,1
33.051,0.6978481874153271,0.9598608389890667,2.1775389890899737,-1.9815641715935277,0.5998682968344701,2.7800021489062825,540,1
33.076,0.6488466926291225,0.974619488322757,2.245456652679539,-1.8544657030929834,0.5247350706663633,2.6617204344828864,541,1
33.101,0.6051249022606832,0.9860975925223834,2.3106250108141104,-1.696035346407628,0.4782263173592699,2.52102609285089,539,1
33.126,0.564044925308746,0.9985308041907192,2.3715079573220765,-1.540311797084981,0.45799443230723474,2.3774029699840167,536,1
33.151,0.5281093124064276,1.008997314137747,2.4294951593133214,-1.4057080034178226,0.3952683924758645,2.2638160375151117,531,1
33.176,0.4937595251378488,1.018294223814514,2.4846987591978418,-1.2956109478940063,0.36862887510453174,2.104382414670973,527,1
33.201,0.4633287650117309,1.0274287578929726,2.534714280046864,-1.1477504587083684,0.3321040415507215,1.9217604470484,525,1
33.226,0.43637200220243366,1.0348994258920492,2.5807867815502563,-1.0402075207277586,0.2728343986738068,1.7720538729749822,524,1
33.251,0.41131838897534595,1.0410704778266622,2.623316973695608,-0.9215965007352569,0.2792261119565504,1.6104866868298688,522,1
33.276,0.3902921771656669,1.048860731489878,2.6613111158917566,-0.8274038400868483,0.25372721174372226,1.4474878583805326,525,1
33.301,0.369948196971,1.0537568384138494,2.695691366614641,-0.7286542592131587,0.19652255790234335,1.2910946464389041,524,1
33.326,0.353859464205011,1.0586868593849945,2.725865848213698,-0.6158495454604401,0.17131569410486855,1.1291704388230193,523,1
33.351,0.33915571969797975,1.0623226231190923,2.7521498885557887,-0.505476118405107,0.13654712280788295,0.9772730257395978,525,1
33.376,0.3285856582847571,1.0655142155253883,2.7747294995006753,-0.39380243458561476,0.13693833123684826,0.8199843306461851,524,1
33.401,0.31946559796869733,1.0691695396809353,2.7931491050881014,-0.32340680058112875,0.09471333250148897,0.6884419773583995,524,1
33.426,0.3124153182556993,1.0702498821504631,2.809151598368598,-0.21197764586366113,0.04597144989862562,0.565193556471094,524,1
33.451,0.3088667156755149,1.0714681121758665,2.8214087829116545,-0.10724106785804431,0.009831440065216083,0.44063263604829767,522,1
33.476,0.3070532648627974,1.070741454153724,2.831183230171012,-0.04345662865668867,-0.010103030599877846,0.31740898027863756,523,1
33.501,0.30669388424268057,1.0709629606458726,2.8372792319255855,0.03253032154713231,-0.0008475182622235509,0.2245993663795151,523,1
33.526,0.30867978094015414,1.0706990782406127,2.8424131984899885,0.10771609416012709,-0.01568442625652677,0.13867403280699503,523,1
33.551,0.3120796889506874,1.0701787393330462,2.844212933565936,0.13677174863347297,-0.044331814840006555,0.06864106082662359,523,1
33.576,0.3155183683718274,1.0684824874986125,2.8458452515313195,0.1341306865272139,-0.04212214756214711,0.025849915988233413,524,1
33.601,0.3187862232770477,1.068072631954939,2.8455054293653474,0.14852285134024212,-0.04199573287501551,0.003586724078941321,525,1
33.626,0.3229445109388391,1.0663827008548619,2.8460245877352666,0.18731593313890474,-0.06631296421923828,0.009794609622852111,525,1
33.651,0.32815201993399373,1.0647569837439768,2.84599515984649,0.16510924696545617,-0.05531537041562257,0.014557544380558875,524,1
33.676,0.3311999732871126,1.0636169323340805,2.8467524649542946,0.10893810423031344,-0.04883604303604738,0.049860889487958804,523,1
33.701,0.3335989251455091,1.0623151815921745,2.848488204320888,0.05925296731283728,-0.05674996970319913,0.06898968156523859,524,1
33.726,0.3341626216527543,1.0607794338489207,2.8502019490325563,-0.020875930761035187,-0.034371363281120185,0.09902355003086458,523,1
33.751,0.3325551286074574,1.0605966134281186,2.853439381822431,-0.10179660406389866,0.0025137848211451786,0.12556475794720784,523,1
33.776,0.3290727914495589,1.060905123089978,2.8564801869299172,-0.20588309425831586,-0.02770599350963673,0.16364910558608717,524,1
33.801,0.3222609738945407,1.0592113137526367,2.861621837101736,-0.3298235646879065,-0.027408455867267593,0.22250359897846672,523,1
33.826,0.31258161321516453,1.0595347002966147,2.86760536687884,-0.4612801749435276,0.00421000690205477,0.2815585373251732,524,1
33.851,0.29919696514736566,1.0594218140977394,2.8756997639679938,-0.5765556284633749,-0.01160855974904406,0.3256951217176781,523,1
33.876,0.2837538317919974,1.0589542723091625,2.883890122964723,-0.6525994827634328,-0.009824193874016502,0.34334908997688723,524,1
33.901,0.26656699100919123,1.0589306044040385,2.8928672184668396,-0.7470998708738487,-0.015802022658658363,0.40164645497658874,524,1
33.926,0.2463988382483018,1.0581641711762295,2.903972445713554,-0.8851610710951083,-0.009030909805356993,0.4376984483490247,522,1
33.951,0.22230893745443833,1.0584790589137707,2.9147521408842896,-0.9869024766388368,0.010312302869093824,0.46614704364861465,523,1
33.976,0.19705371441636277,1.0586797863196842,2.9272797978959835,-1.0677159860489585,0.006057232860477224,0.49866950940758054,522,1
34.001,0.16892313815199345,1.0587819205567945,2.939685616354667,-1.1679156929119359,-0.00034302665682603276,0.5138340521253509,522,1
34.026,0.138657929770761,1.0586626349868429,2.952971500502253,-1.2424059933026583,0.0149046039114818,0.5312828726018806,523,1
34.051,0.10680283848685523,1.0595271507523687,2.9662497599847635,-1.3537730044995138,-0.006560468095737999,0.5543550556593373,523,1
34.076,0.07096927954578916,1.058334611582056,2.9806892532852185,-1.4342641037655484,0.002032986118583162,0.561953109755212,516,1
34.101,0.03508963329858189,1.0596288000582978,2.9943474154725225,-1.490811880558404,0.017285461335966184,0.5463852456208373,509,1
34.126,-0.003571314482126809,1.0591988846488543,3.008008515566259,-1.5598928529609093,-0.005858788895504785,0.5399525126744448,511,1
34.151,-0.04290500934947023,1.0593358606135226,3.021345041106247,-1.575177995744045,0.019397380085227078,0.530319280328965,518,1
34.176,-0.08233021426933577,1.0601687536531157,3.0345244795827093,-1.580933439791884,0.009925156543464939,0.5154627573254738,520,1
34.201,-0.12195168133905993,1.0598321184406958,3.0471181789725192,-1.5339845763970892,-0.005620900766252532,0.4924523609917233,519,1
34.226,-0.15902944308918587,1.059887708614803,3.059147097632294,-1.460193533893487,-0.0063888407980620425,0.4705101805781632,517,1
34.251,-0.19496135803373013,1.0595126764007927,3.070643688001426,-1.3792958346518087,0.014766015363399793,0.4234531254987578,519,1
34.276,-0.2279942348217822,1.0606260093829731,3.080319753907234,-1.2303564982843629,0.019425527322399227,0.37740969830139526,516,1
34.301,-0.2564791829479535,1.0604839527669128,3.0895141729164974,-1.091025494198579,0.003718862586366212,0.35225443169746967,519,1
34.326,-0.28254550953170804,1.0608119525122914,3.0979324754921063,-0.9559985220564248,0.005549056279492742,0.30804458436424625,520,1
34.351,-0.30427910905077205,1.0607614055808874,3.104916402134709,-0.808275012663086,-0.010826151264176692,0.26023614711606113,520,1
34.376,-0.32295926016486004,1.0602706449490826,3.1109442828479086,-0.6756457622086888,-0.0012828533156560313,0.2203646338140953,521,1
34.401,-0.33806139716120936,1.0606972629151046,3.1159346338254146,-0.5259437671554008,0.02932286436968939,0.16804663447157597,523,1
34.426,-0.3492564485226323,1.0617367881675672,3.119346614571488,-0.3706024132862628,-0.01242728165515032,0.12268672617638453,524,1
34.451,-0.35659151782552145,1.060075898832347,3.1220689701342335,-0.25444967440597993,-0.007087171919484672,0.09040140787122633,524,1
34.476,-0.3619789322429306,1.061382429571593,3.123866684965049,-0.12171369307305917,0.01993338591894769,0.0573468032581325,525,1
34.501,-0.36267720247917407,1.0610725681282944,3.12493631029714,0.00649500765579736,0.0038880284864092358,0.026666454920520836,524,1
34.526,-0.3616541818601407,1.0615768309959135,3.1252000077110753,0.09748789664259573,-0.00214373831718166,0.0018106248851788697,526,1
34.551,-0.35780280764704386,1.0609653812124353,3.125026841541399,0.22959006974443502,-0.021529154475087412,0.006122852031618457,523,1
34.576,-0.3501746783729196,1.0605003732721592,3.125506150312656,0.3477671401323732,-0.02296239480010917,0.04285090765552967,522,1
34.601,-0.3404144506404262,1.05981726147243,3.1271693869241752,0.42148330205046336,-0.010566297149506344,0.10373908631927144,523,1
34.626,-0.32910051327039763,1.059972058414684,3.1306931046286195,0.48229954622202026,-0.029009694916306308,0.21313217893259975,520,1
34.651,-0.3162994733293231,1.0583667767266145,3.137825995870806,0.47585286177898417,-0.09450857056205823,0.39043716222366465,521,1
34.676,-0.3053078701814464,1.0552466298865806,-3.1329703444397823,0.36217561767382284,-0.13468345392214742,0.5855593403856552,519,1
34.701,-0.298190692445633,1.0516326040305075,-3.116081344289499,0.25859088484258247,-0.20693199373208526,0.7991843017318444,518,1
34.726,-0.292378325939318,1.044900030199977,-3.0930111293531923,0.1951764433533676,-0.2947527746466817,1.0270652000761922,516,1
34.751,-0.2884318702779652,1.0368949652981743,-3.0647280842856923,0.07383313740507083,-0.3635862639308841,1.2574331855251757,517,1
34.776,-0.28868666906906415,1.0267207170034311,-3.030139470076928,-0.017405150467072097,-0.4257655594601132,1.485045076619771,516,1
34.801,-0.28930212780131886,1.0156066873251668,-2.9904758304546974,-0.055643891661184386,-0.5121204408076776,1.715661807921771,516,1
34.826,-0.2914688636521232,1.0011146949630487,-2.9443563796808445,-0.15530585417752868,-0.618634289968207,1.94620407818983,516,1
34.851,-0.29706742051019486,0.9846749728267582,-2.8931656265452115,-0.20542599817337584,-0.7115060629897245,2.128924165672489,518,1
34.876,-0.3017401635607914,0.9655393918135645,-2.837910171397226,-0.2350756067056447,-0.7760286477349481,2.2858492550177805,517,1
34.901,-0.3088212008454781,0.9458735404400075,-2.7788731637943127,-0.29342796718201664,-0.8818079991462316,2.459646215203172,517,1
34.926,-0.3164115619198935,0.9214489918562492,-2.714927860637057,-0.3131639787623775,-0.9769426574938955,2.5858412562818205,520,1
34.951,-0.3244793997835961,0.8970264075653155,-2.649581100980229,-0.3538321169179993,-1.0422897858994855,2.655327348063663,517,1
34.976,-0.33410316776579246,0.8693345025612779,-2.5821614932338814,-0.3849350247343216,-1.1748386980607763,2.7199025892310082,517,1
35.001,-0.34372615102031107,0.83828447266228,-2.5135859715186863,-0.4185141944343405,-1.2566004562844684,2.745668792413053,516,1
35.026,-0.3550288774875113,0.8065044797470491,-2.444878053613217,-0.4610012528035352,-1.3156150724067939,2.7270820638991715,518,1
35.051,-0.3667762136604898,0.7725037190419347,-2.377231868323716,-0.48547022884076846,-1.4063419783540243,2.681342437930542,517,1
35.076,-0.3793023889295483,0.7361873808293519,-2.3108109317166976,-0.4747205182055284,-1.5079947984495292,2.6088277585474335,517,1
35.101,-0.39051223957076486,0.6971039791194625,-2.246790480396352,-0.4672408352735834,-1.5726283227452205,2.500833379388583,517,1
35.126,-0.40266443069322616,0.6575559646920953,-2.1857692627472756,-0.5248960035431091,-1.5735195827897277,2.350120545004945,518,1
35.151,-0.41675703974792255,0.6184279999799694,-2.1292844531460946,-0.48481010659657126,-1.575248427503032,2.1676289845235637,520,1
35.176,-0.4269049360230568,0.578793543316937,-2.077387813521088,-0.4204884846428398,-1.504056010761109,1.9840013060816082,530,1
35.201,-0.43778146398006335,0.5432251994419183,-2.03008438784202,-0.4095350108539841,-1.3760336551728574,1.7715633969602194,538,1
35.226,-0.44738168656575483,0.509991860558298,-1.9888096436730824,-0.3614925246347106,-1.2297087798193285,1.5496998024574176,541,1
35.251,-0.45585609021179785,0.48173976045095535,-1.9525993977191534,-0.3356025986251146,-1.0642634421349852,1.337677893627617,541,1
35.276,-0.464161816497012,0.45677868845154423,-1.921925748991696,-0.29748385752083956,-0.9395386340976639,1.0874352085780141,541,1
35.301,-0.4707302830878411,0.43476282874606814,-1.898227637290248,-0.20560899289188087,-0.8111663299330257,0.8563359771947308,541,1
35.326,-0.47444226614160545,0.41622037195489525,-1.8791089501319618,-0.17627763746620342,-0.6708785868969694,0.6460695335315249,541,1
35.351,-0.47954416496115077,0.4012188994012216,-1.8659241606136734,-0.18287332003703513,-0.530548841294697,0.44491312346779255,541,1
35.376,-0.4835859321434567,0.3896929298901619,-1.8568632939585734,-0.1222242536774605,-0.3895217797429852,0.25686614384816703,541,1
35.401,-0.4856553776450243,0.38174281041407065,-1.8530808534212642,-0.08109121308630815,-0.2872030556859905,0.10248060141216278,541,1
35.426,-0.48764049279777244,0.37533277710586116,-1.8517392638879646,-0.0507580427033445,-0.1552603144360309,0.016270387086248877,541,1
35.451,-0.4881932797801914,0.37397979469226955,-1.8522673340669518,0.016994548074584635,-0.024408108881550927,0.04273277204234448,541,1
35.476,-0.48679076539404326,0.3741123716617837,-1.8496026252858475,0.02303255029647697,0.08431401016024499,-0.019082643411004716,541,1
35.501,-0.4870416522653676,0.37819549520028156,-1.853221466237502,0.038062665658958966,0.20622129253483962,-0.16026704549919357,541,1
35.526,-0.48488763211109515,0.38442343628852654,-1.857615977560808,0.08286898125445656,0.30547830703416995,-0.21021436258228815,541,1
35.551,-0.4828982032026444,0.39346941055199136,-1.863732184366617,0.04658299575795043,0.40064901374387063,-0.37295645800430666,541,1
35.576,-0.48255848232319776,0.40445588697571894,-1.8762638004610221,-0.005142776277590481,0.49158443631121557,-0.5888173182974633,541,1
35.601,-0.48315534201652394,0.41804863236755074,-1.8931730502814885,-0.08095254792020018,0.5506526805715342,-0.7625730818254517,541,1
35.626,-0.48660610971920754,0.4319885210042941,-1.9143924545522928,-0.1871569353296383,0.5599776759753627,-0.915760539257768,541,1
35.651,-0.49251318878300665,0.44604751616632127,-1.938961077244381,-0.29918307844712055,0.49155739243464197,-1.1404470447787323,540,1
35.676,-0.5015652636415648,0.4565663906260283,-1.9714148067912343,-0.42181176720145164,0.45681240542647705,-1.391310910870959,540,1
35.701,-0.513603777143078,0.4688881364376438,-2.008526622787925,-0.5491962654153594,0.4751473193375359,-1.572510210118719,541,1
35.726,-0.5290250769123312,0.4803237565929037,-2.050040317297166,-0.6287074507639503,0.4238253014553147,-1.7670073533735513,538,1
35.751,-0.5450391496812738,0.49007940151040835,-2.0968769904565976,-0.728324254189452,0.36901019482563263,-1.9554588158644235,532,1
35.776,-0.565441289621807,0.4987742663341869,-2.1478132580903955,-0.8534006072015049,0.3087421441743402,-2.088891005836952,524,1
35.801,-0.5877091800413526,0.5055165087191267,-2.201321540748454,-0.9442821809085004,0.25423291140604265,-2.271317840708434,519,1
35.826,-0.6126553986672293,0.5114859119044883,-2.2613791501258107,-0.9976608924610265,0.2172480280461521,-2.408505602580359,519,1
35.851,-0.6375922246644011,0.5163789101214337,-2.321746820877465,-1.0680050789293822,0.15770819780328357,-2.4584525742511487,517,1
35.876,-0.6660556526136954,0.5193713217946521,-2.384301778838361,-1.212170371775575,0.12510795750116088,-2.52567047949811,517,1
35.901,-0.698200743253185,0.5226343079964922,-2.4480303448523815,-1.3083843893023035,0.08383114005487032,-2.574529735006366,515,1
35.926,-0.7314748720788161,0.5235628787973959,-2.5130282655886904,-1.3413115071202493,0.023139701884648183,-2.5999499499492154,515,1
35.951,-0.7652663186091937,0.5237912930907246,-2.578027842349835,-1.4291857839253699,-0.010019963658770017,-2.555639835775126,514,1
35.976,-0.8029341612750805,0.5230618806144575,-2.6408102573774395,-1.5338341045534516,-0.03361711075672038,-2.501343234671829,512,1
36.001,-0.8419580238368619,0.5221104375528887,-2.703095004083419,-1.5751973807568287,-0.08974720539015725,-2.464075988414599,511,1
36.026,-0.8816940303129287,0.5185745203449492,-2.76401405679818,-1.6112952155584506,-0.12635843686114512,-2.362008528472164,509,1
36.051,-0.9225227846147913,0.5157925157098309,-2.8211954305070375,-1.638130987713626,-0.12604338071167615,-2.218194079505322,507,1
36.076,-0.9636005796986054,0.5122723513093658,-2.8749237607734397,-1.5914120876930886,-0.12161928730862329,-2.0714742939164155,505,1
36.101,-1.0020933889994412,0.5097115513444,-2.9247691452028524,-1.4953180494170322,-0.12338996971023065,-1.9102937336836077,503,1
36.126,-1.0383664821694527,0.5061028528238546,-2.9704384474576147,-1.3259963802802035,-0.11568633459820966,-1.713848800410687,503,1
36.151,-1.068393208013457,0.5039272346144891,-3.010461585223394,-1.169142296935737,-0.06587463471187653,-1.5116508314997068,500,1
36.176,-1.0968235970162445,0.5028091210882605,-3.0460209890326064,-1.0307185033991049,-0.0442738521160971,-1.3220909673326138,497,1
36.201,-1.1199291331834094,0.5017135420086843,-3.076566133590021,-0.8419950984350056,-0.05142256404312499,-1.1066875509268843,497,1
36.226,-1.1389233519379924,0.5002379928861044,-3.1013553665789475,-0.7426213341124233,-0.03749714854066157,-0.8895985360946462,494,1
36.251,-1.1570601998890284,0.49983868458165137,-3.1210460603947507,-0.6046574314320736,-0.01750878478416113,-0.7028532599306403,496,1
36.276,-1.1691562235095987,0.49936255364689625,-3.1364980295754825,-0.4726865866613835,-0.03333224627325042,-0.5095303165856101,495,1
36.301,-1.1806945292220996,0.4981720722679887,3.136662730955552,-0.32462041716131274,-0.037295970449203644,-0.33277433428479003,494,1
36.326,-1.1853872443676634,0.49749775512443617,3.130048560889865,-0.17188320023866144,-0.014070131389180807,-0.20356482545942625,495,1
36.351,-1.1892886892340322,0.4974685656985297,3.126484489682581,-0.09237627299623599,-0.006138355031534497,-0.08428602581488621,493,1
36.376,-1.190006058017475,0.49719083737285946,3.125834259599121,0.05888769304225269,0.006048408465805827,-0.019679485865110022,492,1
36.401,-1.1863443045819193,0.49777098612182,3.1255005153893256,0.18502428773371915,-0.0004934701226077666,-0.005286148916443072,493,1
36.426,-1.1807548436307882,0.49716616386672907,3.125569952153299,0.2663720139282662,-0.0019343258554517229,-0.004321710860573337,491,1
36.451,-1.1730257038855068,0.49767426982904744,3.125284429846297,0.355518413626317,0.04683786551600999,-0.05479616642032204,493,1
36.476,-1.1629789229494734,0.49950805714252944,3.122830143832283,0.38821323431126753,0.06081788420443614,-0.09965222309288213,494,1
36.501,-1.1536150421699445,0.5007151640392691,3.120301818691653,0.30609067506528975,0.05634829199122801,-0.12928105813194932,497,1
36.526,-1.1476743891962076,0.5023254717420911,3.116366090925685,0.22348271345553042,0.09298518612052094,-0.19694277426979587,495,1
36.551,-1.142440906497167,0.5053644233452955,3.1104546799781625,0.16030786661247043,0.16342371436720834,-0.27102231992759174,496,1
36.576,-1.1396589958655845,0.510496657460451,3.102814974929306,0.023637507857726902,0.227409336034818,-0.3406828057702798,496,1
36.601,-1.1412590311042807,0.5167348901470358,3.0934205396896495,-0.08119618196101204,0.2869883666001324,-0.42159699753651925,497,1
36.626,-1.1437188049636349,0.5248460757904568,3.0817351250524814,-0.19667588344988485,0.33520451074019936,-0.5113308136411739,498,1
36.651,-1.1510928252767758,0.5334951156840472,3.0678539990075886,-0.2710488638960742,0.3844907666200786,-0.5869006380865504,495,1
36.676,-1.1572712481584397,0.5440706141214624,3.0523900931481514,-0.3070497741078212,0.44955986917592283,-0.6637958706770708,494,1
36.701,-1.166445313982166,0.555973109142842,3.034664205473737,-0.45825966694381154,0.5017027885361754,-0.7441137061451887,493,1
36.726,-1.180184231505629,0.5691557535482697,3.015184407840894,-0.542829270881948,0.5687380453088843,-0.8113883571988917,493,1
36.751,-1.1935867775262619,0.5844100114082846,2.9940947876137947,-0.6560303045263067,0.6282607249411495,-0.8810445120336622,494,1
36.776,-1.2129857467319471,0.6005687897953299,2.971132182239207,-0.7307878648423792,0.6769887653630069,-0.9496351548537153,490,1
36.801,-1.230126170768384,0.6182594496764379,2.946613029871105,-0.7795464883658852,0.7181130076774909,-1.000991700489248,491,1
36.826,-1.2519630711502392,0.6364744401792024,2.9210825972147476,-0.8903066983635428,0.7917725342937226,-1.0498736849474775,489,1
36.851,-1.2746415056865585,0.6578480763911217,2.894119345623734,-0.9368618235640147,0.8450217557431065,-1.0962741705167736,489,1
36.876,-1.2988061623284373,0.6787255279663553,2.866268888688912,-1.0268070686923738,0.8750522924064783,-1.1207918197429945,487,1
36.901,-1.3259818591211816,0.7016006910114494,2.8380797546365795,-1.096146502480919,0.9587526542272289,-1.1513385183407538,488,1
36.926,-1.3536134874524879,0.7266631606777209,2.8087019627718695,-1.1381330488963994,0.9902666225742748,-1.174415908841975,490,1
36.951,-1.3828885115659983,0.7511140221401603,2.779358959194484,-1.22285097158849,1.0235315193408283,-1.1881544729813118,488,1
36.976,-1.414756036031909,0.7778397366447594,2.7492942391228072,-1.27268011455728,1.0900333153306028,-1.1849091112752193,488,1
37.001,-1.4465225172938587,0.8056156879066874,2.7201135036307265,-1.3608737840776268,1.1260535387149302,-1.1497428343754819,488,1
37.026,-1.482799725235796,0.8341424135805107,2.6918070974040282,-1.4709730053724612,1.1857865766358844,-1.140374876599966,488,1
37.051,-1.520071167562488,0.8649050167384866,2.6630947598007233,-1.4769852660844713,1.2466384528528283,-1.1197000097953873,488,1
37.076,-1.5566489885400154,0.8964743362231485,2.635822096914262,-1.499273879617001,1.2715647699602908,-1.0843976146129193,489,1
37.101,-1.5950348615433338,0.9284832552364976,2.6088748790700804,-1.5516662445081624,1.2649503754306055,-1.024083882366758,489,1
37.126,-1.6342323007654191,0.9597218549946752,2.584617902795927,-1.5030264671544653,1.2683854980479687,-0.9649744478914689,489,1
37.151,-1.6701861849010635,0.9919025301389014,2.560626156675503,-1.4431619153550304,1.1901504001341652,-0.9251664071250164,491,1
37.176,-1.7063903965331768,1.0192293750013885,2.5383595824396723,-1.3467398101096395,1.113952728339579,-0.8378776284635002,492,1
37.201,-1.7375231754065417,1.0476001665558772,2.5187322752523302,-1.2210945651734335,1.0181247568829213,-0.7862183649991831,492,1
37.226,-1.767445124791845,1.0701356128455317,2.4990486641897154,-1.0703570867972432,0.8890106996928065,-0.6963655814148636,493,1
37.251,-1.7910410297464008,1.092050701540515,2.483913996181589,-0.9453633243168185,0.8047839737534737,-0.6218923257784594,492,1
37.276,-1.81471329100769,1.1103748115332088,2.4679540479007898,-0.843876226052557,0.6890957630981588,-0.5592534003760241,493,1
37.301,-1.8332348410490322,1.1265054896954259,2.4559513261627854,-0.7014095895762161,0.6136662156909838,-0.46918316939177807,492,1
37.326,-1.8497837704864988,1.1410581223177563,2.444494889431202,-0.6381710429607076,0.5290025445341752,-0.38927693378399736,495,1
37.351,-1.8651433931970658,1.152955616922133,2.4364874794735867,-0.5262128388889785,0.4232913272339918,-0.3051572398013298,494,1
37.376,-1.8760944124309462,1.1622226886794547,2.4292370274411366,-0.39439692164077134,0.3308404453373266,-0.23853827396784508,496,1
37.401,-1.884863239279106,1.1694976391890008,2.4245605657751934,-0.2913045136778854,0.24874717317195139,-0.1559405000537906,497,1
37.426,-1.8906596381148417,1.1746600473380533,2.4214400024384464,-0.17377960836004835,0.1945833990194212,-0.09965728048240263,497,1
37.451,-1.893552219697108,1.1792268091399714,2.4195777017510736,-0.080733892612095,0.08633603514663293,-0.06311075903556866,495,1
37.476,-1.8946963327454462,1.1789768490953847,2.418284464486668,-0.014467525587070474,-0.010519398943854051,-0.0449280777467046,497,1
37.501,-1.8942755959764614,1.1787008391927787,2.4173312978637385,0.08450396385227323,-0.04322847187797039,-0.0015291930587489706,496,1
37.526,-1.8904711345528322,1.176815425501486,2.4182080048337307,0.20165640394347376,-0.1387553995703265,-0.010661006327436141,494,1
37.551,-1.884192775779287,1.1717630692142618,2.4167982475473666,0.2530810317931042,-0.22995022742154678,-0.006437021140604326,496,1
37.576,-1.8778170829631777,1.1653179141304093,2.4178861537767005,0.30045870972935806,-0.30808072669496117,0.06497685771462627,496,1
37.601,-1.8691698402928199,1.1563590328795146,2.4200470904330977,0.37894375144729975,-0.3127148438417171,0.06973409345304168,495,1
37.626,-1.8588698953908138,1.1496821719383243,2.4213728584493523,0.3137380997019167,-0.2671178302261662,0.09710671201570935,494,1
37.651,-1.8534829353077227,1.1430031413682051,2.4249024260338836,0.20525108729763122,-0.2636555518046088,0.1477128725487516,494,1
37.676,-1.8486073410259314,1.1364993943480928,2.4287585020767906,0.1531191171335376,-0.2042481073599794,0.1734862782302403,495,1
37.701,-1.8458269794510462,1.1327907360002067,2.433576739945395,0.028450186497434533,-0.16096224262142772,0.24845384636616422,493,1
37.726,-1.8471848317010597,1.1284512822170218,2.441181194395098,-0.0753658810768519,-0.11472589004748221,0.2869887130106882,495,1
37.751,-1.8495952735048886,1.127054441497833,2.4479261755959287,-0.18127383869568145,-0.0027842406597142614,0.3171202464561414,494,1
37.776,-1.8562485236358446,1.1283120701840361,2.4570372067179065,-0.3156760407112455,0.05661131437453687,0.38724909779532163,495,1
37.801,-1.8653790755404522,1.12988500721656,2.4672886304856965,-0.41761203790219237,0.08733308464583142,0.41641905131994206,493,1
37.826,-1.877129125530953,1.1326787244163274,2.4778581592839024,-0.47946885379589305,0.12041919471464065,0.45513340670269387,493,1
37.851,-1.8893525182302455,1.1359059669522917,2.49004530082083,-0.5785338365003607,0.20130603726732843,0.5180266305468467,494,1
37.876,-1.9060558173559694,1.1427440262796933,2.5037594908112433,-0.7206645435497413,0.2536954379468087,0.5608415813692834,493,1
37.901,-1.9253857454077357,1.1485907388496333,2.5180873798892964,-0.7799746822794696,0.2532593551380519,0.5841623870914726,495,1
37.926,-1.9450545514699462,1.155406994036597,2.5329676101658194,-0.8534106699561669,0.3074941149933383,0.5832496008363973,495,1
37.951,-1.9680562789055416,1.1639654445992993,2.5472498599311146,-0.9745415039931004,0.3680320376359512,0.5951723419866345,495,1
37.976,-1.9937816266695985,1.1738085959183935,2.5627262272651494,-1.0595998942570153,0.4256102236310142,0.6130205031438678,496,1
38.001,-2.0210362736183893,1.1852459557808488,2.5779008850883063,-1.142738679513289,0.4540736536179159,0.6513522116216364,495,1
38.026,-2.050918560645268,1.1965122785992912,2.595293837846234,-1.2328683252262367,0.47005088476851575,0.622680391242705,496,1
38.051,-2.0826796898797064,1.2087485000192766,2.609034904650444,-1.2733645117460948,0.5333605092499819,0.5691186365477975,497,1
38.076,-2.114586786232569,1.2231803040617888,2.6237497696736223,-1.365964713308212,0.5490872061341047,0.6193393876074801,495,1
38.101,-2.150977925545113,1.2362028603259803,2.6400018740308164,-1.4420281137110733,0.6051143543069537,0.586039776184959,497,1
38.126,-2.1866881919181185,1.2534360217771348,2.6530517584828686,-1.4818046900002704,0.6861515881113381,0.5069111595559063,497,1
38.151,-2.225068160045133,1.27051043973155,2.665347432008614,-1.5464033922485245,0.6619815770577389,0.5090988958932484,499,1
38.176,-2.2640083615305513,1.2865351006300245,2.678506703277533,-1.5520563152212745,0.6202865726169591,0.4929395449387744,498,1
38.201,-2.3026709758061923,1.3015247683623963,2.6899944092555512,-1.49089323199505,0.6161138429633078,0.42470993763351145,498,1
38.226,-2.3385530231302996,1.3173407927781882,2.6997422001592075,-1.3506450802693384,0.5915189169662253,0.36573063194180605,498,1
38.251,-2.3702032298196554,1.3311007142107059,2.7082809408526405,-1.2053234716324417,0.5101134154005802,0.33504123068625963,500,1
38.276,-2.398819196711927,1.3428464635482193,2.716494261693522,-1.0839355002745386,0.4570943273507321,0.2856120073136493,502,1
38.301,-2.424400004833387,1.3539554305782444,2.722561541218324,-0.9353532549182829,0.4159874846644632,0.22197688273369584,501,1
38.326,-2.4455868594578383,1.3636458377814413,2.727593105830206,-0.7922384445059911,0.32392918273461535,0.18130147235648017,501,1
38.351,-2.464011927058684,1.3701518897149743,2.7316266148361477,-0.6523187210344099,0.28782174989711556,0.11970071067734414,503,1
38.376,-2.478202795509557,1.3780369252762963,2.733578141364073,-0.5188884237064341,0.2558178000774273,0.08231920153415304,502,1
38.401,-2.489956348244008,1.3829427797188467,2.7357425749128557,-0.416548823224403,0.15151231258889772,0.08245681542706514,502,1
38.426,-2.499030236670779,1.3856125409057418,2.7377009821354266,-0.317901905079481,0.07805363828098599,0.05303399992257897,504,1
38.451,-2.5058514434979813,1.3868454616328958,2.7383942749089845,-0.157059042800265,0.08622987787284365,-0.0052896872509136895,501,1
38.476,-2.5068831888107916,1.3899240347993838,2.737436497772881,-0.04296060270347257,0.06250496239899395,-0.007860716297952045,501,1
38.501,-2.507999473633155,1.3899707097528453,2.738001239094087,0.039377836402950644,-0.020917727442453675,0.0012060913535093614,501,1
38.526,-2.504914296990644,1.388878148427261,2.7374968023405564,0.19983265633291297,-0.061313301861755425,-0.0052967396325072,501,1
38.551,-2.4980078408165083,1.3869050446597573,2.7377364021124615,0.2946510462590791,-0.09980558252254425,0.0008133569328361752,503,1
38.576,-2.490181744677691,1.383887869301134,2.737537470187198,0.34903384497700457,-0.1574356434399516,-0.0057721700879834695,504,1
38.601,-2.480556148567659,1.3790332624877601,2.7374477936080623,0.4232298415614784,-0.159381697088601,-0.011070783148100024,501,1
38.626,-2.469020252599618,1.3759187844467045,2.736983931029793,0.39077731193114085,-0.17537291629108612,0.019776888388765547,503,1
38.651,-2.4610172829711003,1.370264616673205,2.7384366380275007,0.3535464335738557,-0.17823327174016945,0.020042028388800825,502,1
38.676,-2.451342930920924,1.3670071208596952,2.7379860324492333,0.33221709095370255,-0.11848993214247157,-0.002724778025404872,501,1
38.701,-2.444406428423416,1.3643401200660819,2.7383003991262305,0.26004052439601166,-0.11035165120944784,0.0011829051801637964,502,1
38.726,-2.438340904701124,1.3614895382992231,2.7380451777082415,0.24504837070757518,-0.08163040047451739,-0.01491594303585671,502,1
38.751,-2.432154009888038,1.3602586000423562,2.7375546019744377,0.18174501263704684,-0.06381113719443732,-0.011206038654706528,501,1
38.776,-2.429253654069271,1.358298981439501,2.737484875775506,0.10086495165636783,-0.021628256343400418,-0.012717076701721534,500,1
38.801,-2.4271107623052193,1.359177187225186,2.7369187481393515,0.08279434566254489,-0.018937869134366646,0.005439107543070729,502,1
38.826,-2.425113936786144,1.3573520879827827,2.7377568311526597,0.06617002044797025,-0.04197270042763063,0.014774333652304024,501,1
38.851,-2.423802261282821,1.3570785522038047,2.7376574648219667,0.0495918120336231,-0.017691491239962727,-0.007195358774590287,501,1
38.876,-2.422634346184463,1.3564675134207846,2.73739706321393,0.025417849952436063,-0.033495341646700344,0.00882103237588008,501,1
38.901,-2.422531368785199,1.3554037851214695,2.7380985164407607,0.003895446234975731,-0.020693899912787483,0.014239473862963543,501,1
38.926,-2.422439573872714,1.3554328184251452,2.7381090369070784,0.02013004021131807,0.0049756983422491515,-0.0037049508854194333,501,1
38.951,-2.421524866774633,1.355652570038582,2.73791326889649,0.02748827274945121,0.02516191827135615,-0.035894218923637575,501,1
38.976,-2.4210651602352415,1.356690914338713,2.7363143259608966,0.019569117425134456,-0.007250912459837856,-0.0168674298703851,500,1
39.001,-2.4205464109033765,1.35529002441559,2.7370698974029706,-0.006019538471004379,-0.04096783408336175,0.039760197196555484,500,1
39.026,-2.421366137158792,1.3546425226345447,2.7383023358207246,-0.0017280689654074113,-0.0005592306449697182,0.005303568180989419,502,1
39.051,-2.420632814351647,1.3552620628833416,2.73733507581202,0.028154996434183666,0.01391793314954172,-0.01811105809257466,501,1
39.076,-2.4199583873370827,1.3553384192920217,2.737396782916096,0.008178650600268365,-0.014623010221540276,0.014461260475578653,502,1
39.101,-2.4202238818216335,1.3545309123722646,2.738058138835799,-0.005804511661491648,-0.004450972550707175,-0.0022183230384166404,502,1
39.126,-2.4202486129201572,1.3551158706644864,2.737285866764175,-0.002122300532691842,0.014584016590809412,-0.013449961884645053,501,1
39.151,-2.420329996848268,1.3552601132018052,2.7373856407415667,-0.00462707023114422,-0.0072035352538784535,0.01065736355095568,502,1
39.176,-2.4204799664317145,1.3547556939017924,2.737818734941723,0.004268971267978004,0.001096093397787774,0.006003436054760399,502,1
39.201,-2.420116548284869,1.3553149178716946,2.7376858125443047,-0.01900127832208939,-0.0010640381955041073,0.02051119654806871,502,1
39.226,-2.421430030347819,1.3547024919920172,2.7388442947691263,-0.004145630595804542,-0.007205191765251993,-0.001737316134855603,502,1
39.251,-2.4203238298146594,1.354954658283432,2.737598946737562,0.02396078731880431,-0.012802871866325357,-0.019428259080498955,502,1
39.276,-2.4202319909818786,1.3540623483987009,2.7378728818151012,-0.007587744267584703,-0.0035693956683943437,0.004166578562036704,501,1
39.301,-2.4207032170280387,1.3547761885000122,2.7378072756656637,-0.0010562803477399175,0.0295500451587455,-0.004200800737015581,502,1
39.326,-2.4202848049992656,1.355539850656638,2.7376628417782505,0.011522695576369858,0.0035041361590739443,0.016277428054448467,502,1
39.351,-2.4201270822492202,1.354951395307966,2.738621147068386,0.004092452216548869,-0.03593816877418314,0.06884335620698182,502,1
39.376,-2.420080182388438,1.353742942217929,2.7411050095885994,0.01766875114694271,-0.02328489330384788,0.14882155628657198,500,1
39.401,-2.419243644691873,1.3537871506427734,2.7460622248827153,0.02840286444270681,-0.03734704544679738,0.26715025014488913,502,1
39.426,-2.4186600391663027,1.351875589945589,2.754462522095845,0.05734031496447016,-0.06294041523556973,0.4127844196441423,503,1
39.451,-2.4163766289436497,1.3506401298809951,2.7667014458649213,0.08581901448487406,-0.14270263734578326,0.6094492667055897,501,1
39.476,-2.414369088442059,1.3447404580783002,2.7849349854311227,0.15046929223960748,-0.22836999157070237,0.7870538080631121,501,1
39.501,-2.4088531643316697,1.3392216303024607,2.8060541362680747,0.2209612596391153,-0.3017925428125743,0.9859706876391842,501,1
39.526,-2.4033210254601025,1.3296508309376702,2.834233519813086,0.2554858539370879,-0.4229860340474495,1.244458951949579,501,1
39.551,-2.3960788716348143,1.3180723286000864,2.868277083865559,0.32340284901077493,-0.5116756255242707,1.4593140637166466,499,1
39.576,-2.3871508830095647,1.3040670496614581,2.9071992229989143,0.3724998690550175,-0.5376803593002227,1.6415969903515615,499,1
39.601,-2.3774538781820644,1.2911883106350768,2.9503569333831323,0.4350061876947889,-0.6611102878759942,1.9127777658130207,500,1
39.626,-2.3654005736248265,1.2710115352676603,3.00283811128956,0.4754455796886464,-0.7502250153883354,2.1405533964053842,498,1
39.651,-2.35368159919763,1.2536770598656568,3.0573846032034107,0.522213259009403,-0.8433030581348513,2.362599884102024,497,1
39.676,-2.339289910674354,1.2288463823609141,3.120968105494671,0.6114691136182407,-0.9420619822412493,2.5979403692825955,498,1
39.701,-2.32310814351672,1.206573960753597,-3.0959036855120527,0.6465048292725685,-0.9864071807457969,2.7693715573435336,494,1
39.726,-2.3069646692107275,1.179526023323627,-3.0237486238177462,0.6669566795933358,-1.098812901727069,2.9757218013391022,494,1
39.751,-2.289760309537055,1.1516333156672467,-2.947117595445106,0.7459340984502013,-1.145804568201445,3.1356994882517677,493,1
39.776,-2.2696679642882143,1.12223579491355,-2.8669636494051445,0.8074101373058373,-1.2246265756237906,3.284318499898959,493,1
39.801,-2.2493898026717596,1.090401986886052,-2.782901670450144,0.834493445945966,-1.2878629074362613,3.416907055159014,491,1
39.826,-2.2279432919909183,1.0578426495417406,-2.6961182966472035,0.8720586116035596,-1.3407712897434638,3.529885448846356,490,1
39.851,-2.205786872091584,1.0233634223988826,-2.6064073980078364,0.9423400834249931,-1.431536857951662,3.64882814538093,487,1
39.876,-2.1808262878196714,0.9862658066441615,-2.5136768893781674,0.9742128051404344,-1.5296163741829611,3.7378811131925813,485,1
39.901,-2.157076231834558,0.946882603689728,-2.4195133423481914,1.0023163378091071,-1.5819401332952927,3.7655353167752357,484,1
39.926,-2.1307104709292117,0.9071687999793902,-2.3254001235393895,1.0458118377081478,-1.6075272321463867,3.7550002002978027,480,1
39.951,-2.104785639949154,0.8665062420824132,-2.231763332333312,1.0584488480934142,-1.6683008409870774,3.772343191598299,477,1
39.976,-2.077788028524544,0.823753757930041,-2.1367829639594853,1.1382451430978715,-1.7064579788823224,3.757070553369291,474,1
40.001,-2.0478733827942635,0.781183343138302,-2.043909804664858,1.1018608475341678,-1.709644040693264,3.690868141380537,471,1
40.026,-2.022694986147831,0.7382715558953705,-1.9522395568904427,1.0564175423062836,-1.6730010394009138,3.630709947841543,467,1
40.051,-1.9950525056789448,0.6975332911682491,-1.8623743072727654,1.0670774525432176,-1.6138402028841987,3.5481856018935405,462,1
40.076,-1.969341113520673,0.6575795457511652,-1.7748302767957758,0.9701888251857823,-1.5306210816236625,3.414577466610903,461,1
40.101,-1.9465430644196584,0.6210022370870704,-1.6916454339422298,0.9501808656597273,-1.4759171752515794,3.2695051036560043,465,1
40.126,-1.9218320702376894,0.5837836869885904,-1.6113550216129848,0.954068268512905,-1.4311732241658293,3.135771178053676,474,1
40.151,-1.898839650994009,0.5494435758787728,-1.5348568750395328,0.8847088885783806,-1.3259352282582306,2.96550151239273,478,1
40.176,-1.8775966258087666,0.5174869255756732,-1.4630799459933357,0.7868086013377832,-1.2118135896835114,2.756721624351567,480,1
40.201,-1.8594992209271222,0.48885289639460067,-1.397020793821962,0.7026806522990992,-1.101311142020937,2.5546931766728274,482,1
40.226,-1.8424625931938137,0.4624213684746295,-1.3353452871597014,0.6813262660703977,-0.9813306491309395,2.3668517012119064,493,1
40.251,-1.8254329076236042,0.4397863639380565,-1.2786782087613733,0.5595442520504401,-0.8320663894185211,2.1358639850918992,489,1
40.276,-1.8144853805912893,0.4208180490036999,-1.2285520879050973,0.44945988258352887,-0.7250533668035434,1.8873304034201677,484,1
40.301,-1.8029599134944259,0.4035336955978762,-1.1843116885903566,0.3966688217821627,-0.6343986157323372,1.6593160313873645,489,1
40.326,-1.7946519395021823,0.38909811821708484,-1.1455862863357338,0.3358241242391826,-0.5262333477087976,1.4406911178061785,497,1
40.351,-1.7861687072824677,0.37722202821243783,-1.1122771327000518,0.29011506934334946,-0.4060006313174189,1.207719334355699,504,1
40.376,-1.7801461860350156,0.36879808665121505,-1.0852003196179523,0.205615814837943,-0.29582320243822047,0.9866071165996317,507,1
40.401,-1.7758879165405697,0.36243086809052555,-1.062946776870066,0.1426720093294887,-0.2120726384310542,0.7768460419288784,506,1
40.426,-1.7730125855685406,0.35819445472966144,-1.0463580175215053,0.06241456838270842,-0.10799265444978726,0.5833822288270939,506,1
40.451,-1.7727671881214344,0.3570312353680365,-1.033777665428713,0.0027471565453220277,-0.004084997239604215,0.41319753454235236,506,1
40.476,-1.7728752277412745,0.35799020486768124,-1.0256981407943888,-0.02409418769359432,0.03914283820751208,0.27859666333275773,506,1
40.501,-1.773971897506114,0.358988377278412,-1.0198478322620756,-0.11374687253170286,0.15064862126668624,0.14360515587257813,506,1
40.526,-1.7785625713678601,0.3655226359310162,-1.0185178830007593,-0.18893421406341815,0.2687008924676508,0.04015932279310177,507,1
40.551,-1.7834186082092858,0.37242342190179567,-1.0178398661224206,-0.14990629384435702,0.2550287452102529,0.023682831950023978,508,1
40.576,-1.7860578860600775,0.3782740731915281,-1.0173337414032584,-0.14547273511785913,0.23362951940944948,0.001685715361734548,509,1
40.601,-1.7906922449651783,0.3841048978722675,-1.017755580354334,-0.14848833101034087,0.22840840334590296,-0.009684305991158321,509,1
40.626,-1.7934823026105942,0.3896944933588226,-1.017817956702816,-0.09227860229184083,0.17260512640550368,0.002178508030716656,510,1
40.651,-1.7953061750797707,0.3927351541925434,-1.0176466549527983,-0.07447443353809899,0.08531960018290757,0.006349668509297315,511,1
40.676,-1.7972060242874994,0.39396047336796836,-1.017500473277351,-0.04705293876109896,0.051809051736823764,0.007274419989951456,511,1
40.701,-1.7976588220178256,0.39532560677938444,-1.0172829339533007,-0.013386977736838597,0.037051645357231044,0.002854923998541088,511,1
40.726,-1.7978753731743413,0.3958130556358298,-1.0173577270774241,0.013029353761782788,-0.0008595043441595385,-0.0038863715644945605,511,1
40.751,-1.7970073543297365,0.39528263156217647,-1.0174772525315254,0.02365257656089324,-0.03597441151448803,0.005712385398996612,510,1
40.776,-1.7966927443462966,0.39401433506010525,-1.0170721078074743,0.006712880211687238,-0.009507448064148017,-0.003302259976862561,511,1
40.801,-1.796671710319152,0.394807259158969,-1.0176423655303684,-0.026447981649663613,-0.006228748577286412,-0.004940342160271453,511,1
40.826,-1.7980151434287797,0.39370289763124094,-1.0173191249154876,-0.008026984194407406,-0.02730609575420306,0.013121199463768853,511,1
40.851,-1.7970730595288724,0.39344195437125895,-1.01698630555718,0.013039602164757932,0.0005890157556409983,-0.004745375213515416,511,1
40.876,-1.7973631633205418,0.393732348419023,-1.0175563936761634,0.007916072346469285,0.009574747257933574,-0.014705314769346412,511,1
40.901,-1.796677255911549,0.39392069173415567,-1.0177215712956476,0.03149973710932128,0.0059473150762995785,0.0003250783012375969,511,1
40.926,-1.7957881764650756,0.394029714172838,-1.0175401397611012,-0.013652710774213149,0.005491203963890225,0.001158011514448342,511,1
40.951,-1.7973598914502595,0.39419525193235017,-1.017663670719925,-0.01161172873465132,7.03413244151947e-05,-0.003630354856829705,511,1
40.976,-1.7963687629018081,0.39403323123905876,-1.0177216575039427,-0.010330001680505827,0.003507025377298611,-0.003873239969643059,510,1
41.001,-1.7978763915342848,0.3943706032012151,-1.0178573327184073,-0.017022376552814016,-0.0012837371537920432,0.007971988047312126,511,1
41.026,-1.797219881729449,0.39396904438136915,-1.0173230581015773,-0.015975598850873376,-0.010666781626790446,0.007271110640125135,511,1
41.051,-1.7986751714768285,0.3938372641198755,-1.0174937771864012,0.0053407278423692455,-6.899604821808794e-05,-0.0007302387672681181,511,1
41.076,-1.7969528453373305,0.39396559457895824,-1.0173595700399405,0.011597223739610689,0.018327498416545948,-0.007573900247095797,511,1
41.101,-1.798095310289848,0.39475363904070276,-1.0178724721987562,-0.02939859294918524,-0.002739974596266559,0.0010936992543265146,511,1
41.126,-1.7984227749847896,0.3938285958491449,-1.0173048850772242,-0.010435888372567701,-0.007649529493426913,0.009233326648877872,511,1
41.151,-1.7986171047084765,0.3943711625660314,-1.0174108058663125,0.008610270018633391,0.010720049594302923,0.01089164046128928,511,1
41.176,-1.797992261483858,0.3943645983288601,-1.0167603030541597,0.02474936882111008,-0.009945838256321681,0.03894622600480568,510,1
41.201,-1.797379636267421,0.39387387065321533,-1.0154634945660723,0.04138652063050654,-0.010021466826344874,0.08575247453843236,511,1
41.226,-1.7959229354523327,0.3938635249875429,-1.0124726793272383,0.09097215447314862,-0.00577202333245907,0.14865123737718156,511,1
41.251,-1.7928310285437639,0.3935852694865924,-1.0080309326972134,0.17091352158616555,-0.0016250187310416777,0.19515288178428958,510,1
41.276,-1.7873772593730237,0.3937822740509908,-1.0027150352380227,0.2770133460710453,0.019889823159798228,0.24705903389156905,511,1
41.301,-1.7789803612402104,0.3945797606445824,-0.995677981002634,0.39365379027842556,0.0345508537121639,0.32611496832244036,511,1
41.326,-1.7676945698591036,0.3955098167365989,-0.9864092868219015,0.44771774679847154,0.042731256376461677,0.40592531594797343,510,1
41.351,-1.7565944739002881,0.39671632346340535,-0.9753817152052363,0.5339714370604157,0.036908144189838774,0.48078456525924973,510,1
41.376,-1.7409959980060843,0.39735522394609074,-0.9623700585589404,0.6627783619278572,0.049038090530793256,0.5727083815882006,510,1
41.401,-1.7234555558038924,0.3991682279899452,-0.946746296125824,0.7543587653476914,0.07258410238914983,0.6459528564552546,510,1
41.426,-1.7032780597386965,0.40098442906554854,-0.9300724157361749,0.8863178263370013,0.07443654947413482,0.7172605394805273,510,1
41.451,-1.6791396644870449,0.40289005546365175,-0.9108832691517995,0.9781643053167622,0.07398251070029536,0.8180782643600647,519,1
41.476,-1.6543698444728612,0.4046835546005631,-0.8891685025181743,1.0654097924804147,0.08082292627923497,0.8993899293041241,532,1
41.501,-1.6258691748630272,0.40693120177761327,-0.8659137726865958,1.1828831760097693,0.10730057317321325,0.9700628924079585,541,1
41.526,-1.5952256856723677,0.4100485832592242,-0.840665357897772,1.242809486270234,0.09949779687860634,1.0400706283231644,541,1
41.551,-1.5637287005495102,0.411906091621544,-0.8139102412704329,1.34164406304163,0.09578302206691525,1.1073786009343685,541,1
41.576,-1.52814348252029,0.4148377343625697,-0.7852964278510568,1.43877549505478,0.123611537361941,1.178787720411783,541,1
41.601,-1.4917899257967753,0.4180866684896407,-0.754970855249847,1.5315976126597413,0.11764432849763476,1.2459597390325692,540,1
41.626,-1.4515636018873073,0.4207199507874511,-0.722998440899432,1.6353682122213469,0.11098734333028934,1.3044219277099998,541,1
41.651,-1.410021515185701,0.42363603565615565,-0.6897497588643415,1.6502853766038341,0.12621631055383198,1.3493772792588659,540,1
41.676,-1.3690493330571085,0.42703076631514325,-0.6555295769364828,1.714439123870055,0.14751951735077323,1.3754015161704984,540,1
41.701,-1.324299558992203,0.4310120115236939,-0.6209796830558207,1.8570736921266506,0.14335607093973673,1.4110834756677095,541,1
41.726,-1.2761956484507813,0.4341985698621297,-0.5849754031531013,1.926432224001376,0.14418956260423152,1.4408600542163372,540,1
41.751,-1.2279779477921398,0.43822148965390506,-0.5489366803450082,1.975872994381387,0.1524773133381555,1.4634635305309636,538,1
41.776,-1.1774019987317035,0.4418224355290381,-0.511802226626547,2.0793208048824146,0.15457601560956005,1.4852558664254967,533,1
41.801,-1.1240119075480102,0.4459502904343837,-0.474673887023727,2.138157912074605,0.17717408680340893,1.4719468953975705,526,1
41.826,-1.0704941031279793,0.45068113986920805,-0.4382048818566728,2.1752590418031117,0.1901342266161318,1.45849833273146,522,1
41.851,-1.0152489554578608,0.4554570017651898,-0.4017489703871583,2.27928439854299,0.1621836692962645,1.46094919914279,517,1
41.876,-0.9565298832008363,0.4587903233340208,-0.36515742189953754,2.3593976874858322,0.17288456240739572,1.4508017165176585,512,1
41.901,-0.8972790710835591,0.4641012298855603,-0.32920888456126934,2.3763899118768745,0.20571102247935147,1.399416104644638,510,1
41.926,-0.8377103876069825,0.46907587445798926,-0.2951866166672995,2.3870661822542854,0.18675950899100963,1.3535326376456218,509,1
41.951,-0.7779257619708516,0.47343920533511025,-0.26153225267899216,2.3840442719530164,0.17190288228135042,1.3316955139140465,508,1
41.976,-0.7185081740093384,0.4776710185720563,-0.22860184097160088,2.2429113452896674,0.16850227880660332,1.2690006132583431,512,1
42.001,-0.6657801947063746,0.48186431927543993,-0.1980822220160787,2.054338982595079,0.15764528381086873,1.2259300194243947,519,1
42.026,-0.6157912248795757,0.4855532827626004,-0.16730534000037608,1.90265572830824,0.15759403272504235,1.1671613525975104,519,1
42.051,-0.5706474082909545,0.4897440209116927,-0.13972415438619817,1.7297237824560014,0.1461469359513928,1.0845106662301247,521,1
42.076,-0.5293050357567806,0.4928606295601696,-0.11307980668887309,1.5575862739976063,0.12005617788599782,1.0302392827504878,521,1
42.101,-0.4927680945910786,0.4957468298059923,-0.08821219024867685,1.389908101517551,0.1144587993835698,0.9644429193616426,522,1
42.126,-0.45980963068090697,0.4985835695293478,-0.06485766072079387,1.2456290065541646,0.10115134846078648,0.8659904116029765,522,1
42.151,-0.4304866442633651,0.500804397229032,-0.044912669668524266,1.0869304371380035,0.0778730129954153,0.7788536357474165,523,1
42.176,-0.40546310882400216,0.5024772201791189,-0.025914978933419867,0.9509452634643586,0.06729894601489034,0.6936678388950707,524,1
42.201,-0.38293938109014986,0.5041693445297764,-0.010229277723772702,0.8173507311088999,0.081573387386036,0.6223027789151735,524,1
42.226,-0.3645955722685595,0.5065558895484205,0.005200160012337001,0.6604519795709083,0.06025483901812022,0.5391617841142122,523,1
42.251,-0.3499167821116063,0.5071820864806822,0.016728811481936348,0.518125031309308,0.023364475422085425,0.44097157333873555,525,1
42.276,-0.3386893207030919,0.5077241133195248,0.027248738679275648,0.3977881497781948,0.033116278414073115,0.39144146774983785,524,1
42.301,-0.3300273746226949,0.508837900401386,0.036300884869429895,0.26182722557226024,0.0347856230543828,0.30839309131105863,524,1
42.326,-0.3255979594244796,0.5094633944722439,0.0426683932448278,0.10551080091831855,0.02348377469078589,0.2229616563321495,524,1
42.351,-0.32475183457677925,0.5100120891359252,0.04744896768603694,0.02264947952447378,-0.0003367846117119569,0.17836219347724072,524,1
42.376,-0.324465485448256,0.5094465552416583,0.05158650291868912,-0.09631404635577501,-0.005525291482506107,0.1286354508709643,525,1
42.401,-0.3295675368945684,0.5097358245617999,0.05388074022958579,-0.25406426351404277,-0.00726952179674827,0.06912687591187648,524,1
42.426,-0.3371686986239592,0.5090830791518208,0.055042846714283285,-0.3456478526403225,-0.041204433011599165,0.028557016146130668,524,1
42.451,-0.34684992952658356,0.50767560291122,0.05530859103689239,-0.408694296566322,-0.03452621062866009,0.013011198567723554,523,1
42.476,-0.35760341345227414,0.5073567686203879,0.05569340664266963,-0.47445853047671716,-0.033507173065685195,0.007034223527782446,522,1
42.501,-0.37057285605041806,0.5060002442579359,0.05566030221328169,-0.5455007614717712,-0.031172475119258365,0.020009226409286,523,1
42.526,-0.38487845152586503,0.5057981448644249,0.05669386796313413,-0.5446201172927969,0.006227282729366925,0.12689278683709643,524,1
42.551,-0.39780386191506023,0.5063116083944043,0.06200494155513687,-0.4926461301311227,0.004931051513572818,0.23970928708021452,524,1
42.576,-0.40951075803241976,0.5060446974401035,0.06867933231714435,-0.4051780695142135,0.026747447276117962,0.37800688802914467,522,1
42.601,-0.41806276539076975,0.5076489807582101,0.08090528595659299,-0.29120660581431024,0.11599438993794113,0.5903768780352239,522,1
42.626,-0.42407108832313445,0.5118444169370002,0.09819817621890384,-0.21515469408507956,0.2120571275344371,0.7912686053489484,522,1
42.651,-0.42882050009502465,0.5182518371349328,0.12046871622404387,-0.1378569798525713,0.3036184642051384,1.0081946917011415,523,1
42.676,-0.4309639373157636,0.5270253401472584,0.14860791080396518,-0.05624872814959923,0.39750735791109587,1.226372518308477,522,1
42.701,-0.43163293650250445,0.5381272050304865,0.18178734213946438,0.012171922148756646,0.49492896958878746,1.437895866053351,521,1
42.726,-0.4303553412083258,0.5517717886266964,0.22050270410662884,0.0564095203705338,0.5948304978765756,1.673631544230278,521,1
42.751,-0.4288124604839779,0.5678687299243136,0.2654689193509735,0.07244132201150659,0.6677065433408788,1.8508163861096636,521,1
42.776,-0.42673327510775017,0.5851571157937432,0.3130435234121201,0.1103619784675908,0.766208598353896,2.024596989622292,518,1
42.801,-0.4232943615605979,0.6061791598420117,0.3666987688320967,0.18215546965618926,0.8917717760444673,2.2099401476588745,520,1
42.826,-0.4176255016249412,0.629745704595964,0.4235405307950575,0.23337774904783276,0.9762898033372069,2.3379671826632005,519,1
42.851,-0.41162547410820693,0.6549936500088692,0.4835971279652499,0.2574842178120653,1.0660652223316054,2.4300785251693795,520,1
42.876,-0.4047512907343387,0.6830489657125413,0.5450444570535194,0.30412507676566075,1.1328935572018273,2.496260518856053,518,1
42.901,-0.3964192202699226,0.7116383278689654,0.6084101539080633,0.31869134732219584,1.2285211175187123,2.565612774867899,517,1
42.926,-0.38881672336822753,0.7444750215884821,0.6733250957969255,0.33390775489465574,1.3230795634372503,2.590364799840202,518,1
42.951,-0.37972383252519076,0.7777923060408242,0.7379283939000659,0.37226445772754363,1.4010871822814128,2.5486337877741887,517,1
42.976,-0.3702035004818514,0.8145293807025488,0.8007567851856279,0.42481165117936287,1.4768587286531605,2.505144373219235,519,1
43.001,-0.3584832499662238,0.851635242473478,0.8631856125610207,0.46358378269894684,1.4996113230932093,2.4346048967204372,518,1
43.026,-0.3470243113469021,0.8895099468572156,0.9224870300216601,0.4215746448888853,1.5214522037477454,2.3065201038492753,516,1
43.051,-0.33740451772177776,0.9277078526608717,0.9785116177534943,0.39799632707435073,1.445817221691661,2.1874801803860144,517,1
43.076,-0.3271244949931857,0.9618008079417946,1.0318610390409546,0.3808844710788578,1.305141202315364,2.0253606525960683,515,1
43.101,-0.31836029416783596,0.9929649127766362,1.0797796503832922,0.3210496719253724,1.1740155377130181,1.8232182274086888,516,1
43.126,-0.311072011396918,1.0205015848274421,1.123021950411384,0.276053784599922,1.0180115067522009,1.6477968377477408,517,1
43.151,-0.3045576049378387,1.0438654881142506,1.1621694922706862,0.24533874951923623,0.8777715059177067,1.4400397342125808,516,1
43.176,-0.2988050739209551,1.0643901601233312,1.1950239371220195,0.2075502612371201,0.743634154115156,1.1935590415123767,520,1
43.201,-0.29418009187598326,1.0810471958200063,1.2218474443463017,0.15372066669725445,0.6251284807267599,0.9852566832930014,525,1
43.226,-0.29111904058609284,1.0956465841596674,1.2442867712866668,0.13488686885735557,0.4959412651092625,0.7589661644152456,526,1
43.251,-0.28743574843311587,1.105844259075468,1.2597957525670618,0.11810624643494574,0.3483125578009108,0.5565553916001124,526,1
43.276,-0.28521372826434505,1.1130622120497145,1.272114540866675,0.07780544965060646,0.22645488661360802,0.3704962518434258,527,1
43.301,-0.2835454759505852,1.1171670034061494,1.2783205651592346,0.028102720658941746,0.11619980569445904,0.21090377669460514,528,1
43.326,-0.28380859223139804,1.118872202334437,1.2826597297014044,-0.022303061301082328,-0.00931534295756595,0.10789487860509875,527,1
43.351,-0.28466062901563927,1.1167012362582711,1.2837153090894893,-0.03511213060435092,-0.12367422802788834,0.0338128076502661,527,1
43.376,-0.2855641987616155,1.112688490933043,1.2843503700839174,-0.0457758609548614,-0.22952779717085023,0.0010926125521136987,525,1
43.401,-0.28694942206338253,1.1052248463997276,1.2837699397170952,-0.08256956784321663,-0.29270343127098364,-0.061245431234423824,527,1
43.426,-0.28969267715377667,1.0980533193694926,1.2812880985221957,-0.07124025822884034,-0.26696004294580705,-0.13997949440587207,526,1
43.451,-0.29051143497482435,1.091876844252438,1.276770964996802,-0.010226113219101189,-0.2818251938102528,-0.2557993136245752,526,1
43.476,-0.2902039828147317,1.0839620596789807,1.268498132840968,0.04071495726928896,-0.24139417973847482,-0.3968709825485076,523,1
43.501,-0.28847568711136,1.079807135265515,1.2569274158693777,0.11857127275728839,-0.18888161303506734,-0.5827106955178465,523,1
43.526,-0.2842754191768668,1.0745179790272266,1.2393625980650729,0.21899966270863122,-0.1698116855715603,-0.784741825143311,521,1
43.551,-0.2775257039759275,1.0713165509869362,1.217690324612209,0.3622743344200014,-0.12831708385992188,-0.9787783913262184,520,1
43.576,-0.26616170245586773,1.0681021248342308,1.1904236784987647,0.444187760709199,-0.08829122166623962,-1.2033724487854665,520,1
43.601,-0.25531631594046883,1.0669019899036245,1.1575217021729391,0.5317104054051965,-0.06370277959735134,-1.4164710631290507,519,1
43.626,-0.23957618218560942,1.0649169858543635,1.119600125342316,0.6848674466717207,-0.07529954752505198,-1.621507544602853,519,1
43.651,-0.22107294360687987,1.0631370125273716,1.0764463249427894,0.7790524028130432,-0.07058973871645621,-1.8100996951689352,518,1
43.676,-0.20062356204495393,1.0613874989185403,1.0290951405838615,0.851153331130663,-0.052598565750428754,-1.9637380549543388,517,1
43.701,-0.17851527705034914,1.0605070842398503,0.9782594221950778,0.9765799599946468,-0.03598787449723178,-2.1352829565015754,517,1
43.726,-0.15179456404522437,1.0595881051936789,0.9223309927587887,1.1045819897591436,-0.03324138165190693,-2.2758616976554484,519,1
43.751,-0.1232861775623951,1.058845015157255,0.8644663373123118,1.1382704857778867,-0.030140349150397854,-2.383434586328389,520,1
43.776,-0.09488103975632518,1.0580810877361588,0.8031592634423591,1.2485499592532807,-0.002834564051727753,-2.4996886475854208,522,1
43.801,-0.06085867959972574,1.0587032869546686,0.7394819049330302,1.3400956329290097,0.013183222363229635,-2.548439668016605,520,1
43.826,-0.027876258109878507,1.0587402488543203,0.6757372800415361,1.4065854238233253,-0.013353800115597152,-2.580679305168201,519,1
43.851,0.009470591591436527,1.0580355969488888,0.6104479396746276,1.5106093575147617,-0.003807776392652723,-2.5924648879095233,522,1
43.876,0.047654209765855285,1.0585498600346877,0.5461140356460673,1.5700608610105884,0.028846687217211935,-2.5665182724484246,521,1
43.901,0.08797363464197264,1.0594779313097495,0.4821220260521957,1.554958735139648,0.014202398819994532,-2.511476468644557,520,1
43.926,0.12540214652284432,1.0592599799756874,0.4205402122138289,1.5832322403809573,-0.002591155805875692,-2.418787294805944,518,1
43.951,0.167135246661016,1.0593483735194558,0.36118266131190524,1.5838019933860503,-7.42526158026322e-05,-2.3291926660008135,521,1
43.976,0.20459224619214234,1.0592562673448973,0.3040805789137948,1.4231722385364707,0.011918716419164322,-2.2002838490335295,523,1
44.001,0.2382938585878355,1.059944309340414,0.2511684688602352,1.3049276045099387,0.01638973210915078,-2.0401410124215804,523,1
44.026,0.26983862641764483,1.060075753950355,0.20207352829270694,1.1965049808535573,0.011735588576388232,-1.8736727410810519,524,1
44.051,0.29811910763051847,1.0605310887692334,0.15748483180617465,1.0499195341268395,0.0017406384943231424,-1.6754420957394764,523,1
44.076,0.3223346031239838,1.060162785875071,0.11830142350573807,0.9082168117488248,-0.013703853275074064,-1.4869984050143839,523,1
44.101,0.3435299482179571,1.0598458961054797,0.08313491155545948,0.7631462214894037,-0.003983090125605719,-1.287963729545567,522,1
44.126,0.36049191419845183,1.0599636313687908,0.05390323702846318,0.6259950776971278,-0.00346856064956184,-1.0649017702944066,523,1
44.151,0.3748297021028162,1.0596724680730016,0.029889823040734665,0.4969285788329368,0.003376461797821296,-0.8507747788168615,523,1
44.176,0.3853383431401008,1.0601324544586819,0.011364498087616262,0.3630401923457234,0.009076622333271072,-0.6634557892973025,525,1
44.201,0.3929817117201013,1.0601262991896652,-0.003282966424128776,0.24635886659264708,-0.018113008137913198,-0.47976046595056115,523,1
44.226,0.39765628646973245,1.0592268040517863,-0.012623525209910601,0.11925088097970338,0.008166805246397256,-0.31291610100848466,524,1
44.251,0.39894425576908615,1.060534639451985,-0.018928771474552037,-0.026991092497212685,0.005282761766389304,-0.1767487219342128,521,1
44.276,0.3963067318448717,1.0594909421401058,-0.0214609613066219,-0.11132478914154637,-0.015803314150172096,-0.07045058686570303,523,1
44.301,0.39337801631200836,1.0597444737444763,-0.022451300817837354,-0.17910984816480255,-0.0018654388678386263,-0.008397524435146885,524,1
44.326,0.3873512394366321,1.0593976701967138,-0.021880837528379063,-0.24114884721073077,-0.0013682552355166135,-0.0028946589646673937,524,1
44.351,0.3813205739514725,1.0596760609827005,-0.022596033766070927,-0.24670959502119796,-0.011799253754603672,-0.010268409751557656,525,1
44.376,0.3750157596855729,1.0588077075089837,-0.02239425801595677,-0.20955630089695465,-0.004790999012000565,-0.004742887501371791,526,1
44.401,0.3708427589066239,1.0594365110321005,-0.022833178141139502,-0.16710783973045282,-0.007371368188237508,-0.015565563388654008,523,1
44.426,0.3666603676990495,1.0584391390995718,-0.023172536185389392,-0.08164440951436444,-0.040742695940283555,-0.01612736053149802,524,1
44.451,0.3667605384309059,1.0573993762350864,-0.023639546167714146,-0.0037444221296447553,-0.030023491887469264,-0.024810688804148016,523,1
44.476,0.3664731465925673,1.0569379645051984,-0.024413070625596542,0.07397616927048188,-0.046595190800815964,-0.026521713803184088,525,1
44.501,0.3704593468944298,1.0550696166950457,-0.02496563185787334,0.2181893106266422,-0.0764175800766799,-0.0404536579818836,523,1
44.526,0.37738261212390034,1.053117085501364,-0.026435753524690707,0.3221623081707406,-0.10888485829076493,-0.06848131129883887,523,1
44.551,0.3865674623029682,1.049625373780507,-0.02838969742281577,0.43201301831339645,-0.1423800967606762,-0.08327334112129077,524,1
44.576,0.39898326303956894,1.0459980806633307,-0.03059942058075499,0.5323095198500564,-0.16171185389006335,-0.09097441191759777,526,1
44.601,0.4131829382954695,1.0415397810860043,-0.0329384180186952,0.6413071379134392,-0.19611478942363153,-0.0925993372747466,525,1
44.626,0.4310486199352391,1.0361923411921496,-0.03522938744449195,0.7517908133035526,-0.21191061518755352,-0.11084510930983114,524,1
44.651,0.4507724789606503,1.0309442503266257,-0.038480673484187135,0.8132265192184401,-0.24127223469029233,-0.1258998881760646,525,1
44.676,0.47170994589616455,1.024128729457634,-0.041524381853295586,0.9299450079364464,-0.27330910501041084,-0.1433043930756465,526,1
44.701,0.49726972935747,1.017278795076106,-0.045645893137968865,1.0305396643888751,-0.3000078229165119,-0.15390644857255595,528,1
44.726,0.5232369291156054,1.0091283383118093,-0.04921970428192312,1.1115570457165158,-0.3162087373399338,-0.1653973868419639,530,1
44.751,0.5528475816432926,1.0014683582091102,-0.05391576248006661,1.2211312334405935,-0.34402989446417687,-0.18660147035873118,533,1
44.776,0.5842934907876403,0.991926843588599,-0.058549777799860384,1.2950495863081997,-0.3811855959445739,-0.19725309364433935,535,1
44.801,0.6176000609587081,0.9824090784118799,-0.0637784171622845,1.3957206177202368,-0.40007695829960055,-0.21519137386618484,539,1
44.826,0.6540795216736481,0.9719229956736201,-0.06930934649316885,1.4613155634203876,-0.40825649293669264,-0.2366181574369232,541,1
44.851,0.6906658391297233,0.9619962537650464,-0.07560932503413002,1.5078501665895963,-0.4295840834934306,-0.23602187366821523,541,1
44.876,0.7294720300031237,0.9504437914989498,-0.08111044017657904,1.6198450462550014,-0.45811456621847135,-0.23437577630096795,541,1
44.901,0.7716580914424803,0.9390905254541209,-0.08732811384917955,1.7084660729252574,-0.4735279381415776,-0.2732671344216919,541,1
44.926,0.8148953336493938,0.9267673945918689,-0.09477379689766481,1.7854014752698826,-0.5138207902325002,-0.2795138463231587,539,1
44.951,0.8609281652059694,0.9133994859424973,-0.1013038061653367,1.817854839623555,-0.5383362466120785,-0.26326105795767496,541,1
44.976,0.9057880756305664,0.8998505822612665,-0.10793684979554799,1.9011753604024422,-0.5369782267038431,-0.2864736632443939,541,1
45.001,0.9559869332260861,0.8865505746073067,-0.11562748932755579,1.994783163928152,-0.5663799902460714,-0.29082023500359006,541,1
45.026,1.0055272338269825,0.8715315827489605,-0.12247786154572882,2.030017065849681,-0.5901016883544127,-0.29759504273689025,540,1
45.051,1.0574877865185788,0.8570454901895835,-0.1305072414644018,2.1309037221768636,-0.6072870826192956,-0.2950129543551928,540,1
45.076,1.1120724199358196,0.8411672286179974,-0.13722850926348745,2.197043591653656,-0.6260210043518645,-0.30495610245830873,541,1
45.101,1.1673399661012553,0.8257444399719921,-0.14575504658731656,2.259942313328755,-0.6410791686411552,-0.3320997482203769,540,1
45.126,1.225069535602251,0.8091132701859415,-0.15383349667450544,2.3164507094392017,-0.6590762873935401,-0.30004293682700406,541,1
45.151,1.2831625015732253,0.7927906256023123,-0.160757193428668,2.351294723672996,-0.6630246265150997,-0.3100239009747343,539,1
45.176,1.3426342717859108,0.7759620388601837,-0.16933469172324356,2.4064208439837733,-0.6804588421435551,-0.32147045492927845,540,1
45.201,1.4034835437724071,0.7587676834951365,-0.1768307161751312,2.466134874252173,-0.7106397855652062,-0.30100474302699287,540,1
45.226,1.4659410154985124,0.7404300495819254,-0.1843849288745924,2.550671686864419,-0.7291480385846408,-0.30655933286036297,539,1
45.251,1.5310171281156209,0.7223102815659065,-0.19215868281814832,2.6038476198224814,-0.7334987100625542,-0.30059741698708387,540,1
45.276,1.5961333964896476,0.7037551140787945,-0.19941479972394782,2.5693605341119494,-0.7359332752426989,-0.2835185529136755,538,1
45.301,1.6594851548212293,0.6855136178037684,-0.2063346104638331,2.539379009729823,-0.7337207741221414,-0.2960220282790162,540,1
45.326,1.7231023469761315,0.6670690753726896,-0.21421590113789793,2.5247449886513142,-0.7124287866779261,-0.2915978816716069,540,1
45.351,1.7857224042537878,0.6498921784698741,-0.22091450454741277,2.4315454785305906,-0.6781156137872676,-0.26653890995644597,539,1
45.376,1.8446796209026541,0.6331632946833281,-0.22754284663571928,2.3132587353581195,-0.6705113460856521,-0.27527417745961774,538,1
45.401,1.9013853410217036,0.6163666111655887,-0.23467821342039494,2.203539562865323,-0.6445842954491604,-0.26674416588498173,539,1
45.426,1.9548565990459297,0.6009340799108673,-0.2408800549299697,2.087915568504831,-0.6013607352994841,-0.24973261561861723,539,1
45.451,2.0057811194469393,0.5862985744006162,-0.24716484420132495,1.990962497073674,-0.5553713204145732,-0.23483775551990774,538,1
45.476,2.0544047238996077,0.5731655138901403,-0.2526219427059644,1.8431651093071437,-0.540285389548851,-0.21313529753047225,540,1
45.501,2.097939374912291,0.5592843049231752,-0.2578216090778481,1.6604177816684733,-0.5111114859233931,-0.2285833481179083,540,1
45.526,2.1374256129830385,0.5476099395939684,-0.2640511101118609,1.5402653642795647,-0.4330904814328726,-0.2124483542317531,540,1
45.551,2.174952643126276,0.5376297808515297,-0.2684440267894368,1.4038890189866835,-0.4013934471669118,-0.17905846981217574,540,1
45.576,2.2076200639323686,0.527540267235624,-0.2730040336024692,1.2008978551817389,-0.3590495156056721,-0.1638171637649148,539,1
45.601,2.2349975358853595,0.5196773050712471,-0.276634884977682,1.0524030346841304,-0.3149619280139417,-0.16331908646507504,540,1
45.626,2.260240215666572,0.5117921708349278,-0.28116998792572234,0.9454016240017797,-0.2652525735726337,-0.14428804537328524,539,1
45.651,2.2822676170854526,0.5064146763926143,-0.28384928724634706,0.8238639497593788,-0.24006879438631842,-0.12525053522939797,539,1
45.676,2.3014334131545446,0.49978873111561084,-0.2874325146871927,0.704993308103803,-0.23386200039299918,-0.13700880317400246,539,1
45.701,2.3175172824906407,0.494721576372965,-0.29069972740504685,0.5816384341781398,-0.18707638106057975,-0.11332650395464694,539,1
45.726,2.33051533486345,0.4904349120625824,-0.29309883988492474,0.48695582476915183,-0.09782196398534172,-0.04727115630380132,539,1
45.751,2.341865073729097,0.4898304781736982,-0.2930632852202369,0.39641396918810473,-0.008515120359378453,-0.036352319213609714,538,1
45.776,2.350336033322857,0.4900091560446134,-0.29491645584560555,0.28962472025313185,0.027089136290394576,-0.06635986129294269,538,1
45.801,2.3563463097417547,0.491184934988218,-0.2963812782848845,0.17288620515341174,-0.014457821516337944,-0.07034182583655246,537,1
45.826,2.358980343580527,0.48928626496879657,-0.29843354713743314,0.11079356761937573,0.006828979713345118,-0.042022338293652595,539,1
45.851,2.361885988122723,0.49152638397388526,-0.2984823951995671,0.04752492454392957,0.02441759661895332,-0.017303193461338667,537,1
45.876,2.3613565898077233,0.49050714479974417,-0.29929870681049997,-0.03456710957255343,-0.036831329483071516,-0.02321787653380782,538,1
45.901,2.3601576326440954,0.48968481749973153,-0.2996432890262578,-0.10775823787529473,-0.011056627864517611,-0.010310132882470855,538,1
45.926,2.355968677913958,0.48995431340651824,-0.29981421345462367,-0.17143447107245444,0.018252383581442915,0.0009107137281017492,538,1
45.951,2.351585909090473,0.4905974366788036,-0.2995977533398528,-0.1887648121571158,0.002210622318065251,-0.0028771979847876353,538,1
45.976,2.346530437306103,0.4900648445224215,-0.29995807335386315,-0.2153798179647948,-0.005631157397594553,-0.013367282598074275,539,1
46.001,2.340816918192234,0.4903158788089239,-0.3002661174697564,-0.20562979914022805,0.023463365286017442,0.004487885849737311,539,1
46.026,2.3362489473490906,0.49123801278672247,-0.29973367906137605,-0.1870546769980859,0.044838904328941616,0.01264039479357385,539,1
46.051,2.331464184342329,0.4925578240253712,-0.29963409773007754,-0.16932768325751266,0.047599661123151546,0.004415212366435634,538,1
46.076,2.3277825631862155,0.4936179958428799,-0.2995129184430543,-0.1294583237732623,-0.007357619717430071,-0.01912998448492795,537,1
46.101,2.324991268153666,0.4921899430394997,-0.3005905969543237,-0.10173121478042414,-0.019453399240150212,-0.01862891583933041,539,1
46.126,2.3226960024471945,0.49264532588087245,-0.3004443642350205,-0.07429932961814856,0.015600542056399604,0.014670978013614359,539,1
46.151,2.3212763016727584,0.49296997014231975,-0.2998570480536429,-0.06080261795619194,0.0031538882981838132,0.013819210927054003,539,1
46.176,2.3196558715493847,0.49280302029578166,-0.29975340368866776,-0.05305755488944488,0.004816567962558079,0.0018843099514321798,539,1
46.201,2.3186234239282864,0.49321079854044764,-0.29976283255607145,-0.024808376070570036,-0.007792904003583344,-0.00993266305593877,537,1
46.226,2.3184154527458563,0.4924133750956025,-0.3002500368414649,-0.004941790263917337,-0.00040625005734875686,-0.008448697313215217,538,1
46.251,2.3183763344150905,0.4931904860375802,-0.300185267421732,-0.02027638557488492,0.0026758238290567277,0.00848046364406868,538,1
46.276,2.317401633467112,0.49254716628705536,-0.2998260136592612,-0.03057018320377042,0.009061307875397944,0.016972158466631245,538,1
46.301,2.316847825254902,0.49364355143135014,-0.29933665949840027,-0.018170045879540776,0.014804295112889896,-0.006926772747615611,538,1
46.326,2.316493131173135,0.4932873810426998,-0.30017235229664174,0.016725174899408897,-0.012786827534260919,-0.006519722274261157,538,1
46.351,2.3176840839998722,0.4930042100546371,-0.2996626456121134,0.02269637152578903,0.0032316182155158364,0.01155505788119692,538,1
46.376,2.3176279497494243,0.4934489619534756,-0.29959459940258176,-0.006841395665241861,0.0015036386849563816,-0.003335626051121636,538,1
46.401,2.31734201421661,0.49307939198888495,-0.2998294269146697,-0.006673302986558979,-0.0033541882700147047,-0.012481870289659015,538,1
46.426,2.3172942846000963,0.49328125253997485,-0.30021869291706477,-0.001187298649840752,-0.0019080322920973477,-0.0052166102751807965,538,1
46.451,2.317282649284118,0.4929839903742801,-0.3000902574284286,0.008311093581774759,-0.02613434672312713,0.004469080069560404,538,1
46.476,2.317709839279185,0.49197453520381856,-0.2999952389135867,0.014999837687144933,-0.004683355053702032,-0.003404043447315013,539,1
46.501,2.3180326411684753,0.492749822621595,-0.3002604596007942,-0.004734738854512296,0.003877800173359372,-0.010867483037947562,538,1
46.526,2.3174731023364594,0.49216842521248655,-0.30053861306548435,-0.02515798177052061,-0.02202260298896287,-0.004301394748020459,538,1
46.551,2.316774742079949,0.49164869247214676,-0.3004755293381951,0.005966584237065204,0.029096544164843297,0.02936912053411678,539,1
46.576,2.3177714315483127,0.49362325242072863,-0.29907015703877843,-0.018382189602236188,0.019443096756784902,0.04127050433061953,538,1
46.601,2.3158556325998374,0.49262084730998595,-0.29841200412166435,-0.04041962854735689,-0.03350200762230661,0.046716400287370334,538,1
46.626,2.315750450120945,0.4919481520396134,-0.2967343370244102,-0.03194728650804007,0.011125278081868412,0.14126293082192948,539,1
46.651,2.3142582682744353,0.4931771112140794,-0.2913488575805673,-0.06038058810028542,0.05109369282215956,0.23690965288579702,539,1
46.676,2.3127314207159304,0.4945028366807216,-0.28488885438011924,-0.11423580137700934,0.05180663581893691,0.3175324371641877,537,1
46.701,2.308546478205585,0.4957674430050261,-0.2754722357223588,-0.20103332848998157,0.040584840516316806,0.432592377740695,538,1
46.726,2.302679754291432,0.4965320787065373,-0.26325923549308555,-0.2850895244405367,0.07554019344087377,0.5551714785877642,537,1
46.751,2.294292001983559,0.4995444526770696,-0.24771366179297208,-0.40885619371051685,0.148401933805677,0.7049141665050594,539,1
46.776,2.2822369446059043,0.5039521753968218,-0.22801352716782958,-0.5136157088401212,0.11391749595413586,0.816300786742589,539,1
46.801,2.268611216541551,0.5052403274747769,-0.20689862245583912,-0.5697337906161306,0.14032624132788515,0.9614855107623224,540,1
46.826,2.2537502550750994,0.5109684874632157,-0.17993925162971602,-0.6778167096728923,0.2177870200798661,1.1372571795033017,540,1
46.851,2.234720381057908,0.5161296784787696,-0.1500357634806771,-0.7819423192107866,0.21866709371304216,1.2916555349902594,539,1
46.876,2.2146531391145623,0.5219018421488671,-0.11535647488020667,-0.8741261962283408,0.2662930751334031,1.4614310380862248,539,1
46.901,2.1910140712464874,0.5294443322354409,-0.07696421157635976,-0.9763521090816207,0.2751790945933306,1.6060414831394672,540,1
46.926,2.165835533660477,0.5356607968785349,-0.03505440072322656,-1.0791675727778296,0.2573882476826297,1.7384393031717782,539,1
46.951,2.137055692607599,0.5423137446195716,0.00995775358222435,-1.1483259398094456,0.3357666838015807,1.9345796682051597,540,1
46.976,2.108419236670008,0.5524491310686129,0.06167458268702606,-1.2030616914657672,0.37774765115388503,2.1133387536169184,539,1
47.001,2.076902608034314,0.5612011271772648,0.11562469126306438,-1.3169666694074187,0.37984979972901384,2.2335674828829926,541,1
47.026,2.0425709031996315,0.5714416210550652,0.17335295683118518,-1.4007387117748542,0.42834063715840986,2.393962813210564,539,1
47.051,2.0068656724455654,0.5826181590351871,0.23532283192360262,-1.5138080090858193,0.4389766091286945,2.535867627342967,540,1
47.076,1.9668805027453449,0.5933904515114987,0.30014633819832626,-1.6070489604326335,0.4472292844390512,2.6568337980102186,541,1
47.101,1.9265132244239382,0.6049796232571384,0.3681645218241059,-1.6346179928162514,0.45327147316668226,2.777408431902744,541,1
47.126,1.885149603104537,0.6160540251698315,0.43901675979345556,-1.6907240714006313,0.49383561609846144,2.903096074870969,541,1
47.151,1.8419770208538995,0.6296714040620636,0.5133193255676669,-1.807360649808857,0.5160699115492089,3.0211469396314072,541,1
47.176,1.7947815706140864,0.6418575207472942,0.5900741067750389,-1.8818033851444098,0.5302297296813542,3.115303254217547,541,1
47.201,1.7478868515966843,0.6561828905461298,0.6690844882785352,-1.9271952940344124,0.5623168379351315,3.204420656271405,541,1
47.226,1.6984218059123712,0.6699733626440492,0.7502951395886001,-1.9752988169801324,0.5648085703561244,3.2784036928937166,541,1
47.251,1.6491219107476833,0.6844233190639344,0.8330046729232117,-2.0635354781663047,0.6048640973238578,3.3633813051187618,541,1
47.276,1.5952450320040472,0.7002165675102446,0.9184642048445526,-2.129224509702033,0.6321346919846088,3.4222535361624042,541,1
47.301,1.5426606852625726,0.7160300536631675,1.0041173497313465,-2.1692366082167416,0.6446789133788944,3.444747142129643,541,1
47.326,1.4867832015932163,0.7324505131791875,1.090701561951025,-2.2787431328289074,0.6348126995699649,3.468746607374113,541,1
47.351,1.4287235286211337,0.747770688641664,1.177554680100042,-2.332232856552991,0.6465761427265949,3.471670233124062,541,1
47.376,1.3701715587655734,0.7647793203155154,1.2642850736072182,-2.4199460950734797,0.7006623982563378,3.501703462673941,541,1
47.401,1.3077262238674494,0.7828038085544838,1.3526398532337542,-2.4332178781954297,0.6983084139842726,3.5103342611738624,541,1
47.426,1.2485106648557915,0.799694741014732,1.439801786665926,-2.465911638189933,0.729275333908647,3.494462483965893,541,1
47.451,1.1844306419579598,0.8192675752499141,1.5273629774320387,-2.552797690891507,0.7573723734148561,3.4537085629322126,541,1
47.476,1.1208707803112234,0.8375633596854727,1.6124872148125269,-2.536814374956051,0.7311655607439753,3.395089821257631,541,1
47.501,1.0575899232101644,0.8558258532871108,1.6971174684949106,-2.527354158380901,0.7514368190504864,3.358408408597675,541,1
47.526,0.9945030723921676,0.8751352006380002,1.780407635242425,-2.455647823537403,0.7116640331702909,3.2815957634014525,541,1
47.551,0.9348075320332838,0.8914090549456284,1.861197256664997,-2.420268533313914,0.6891031196520984,3.1832421475406156,540,1
47.576,0.8734896457264788,0.9095903566206032,1.9395697426194467,-2.3889953068586283,0.6840049058991526,3.1094363180209053,541,1
47.601,0.8153577666903592,0.9256093002405841,2.0166690725660334,-2.2050761549869544,0.6455776760862032,3.0330760648083324,540,1
47.626,0.7632358379771373,0.9418692404249115,2.091223545859855,-2.037420082624452,0.597628624460287,2.9528142218579636,541,1
47.651,0.7134867625591279,0.955490731463601,2.164309783658944,-1.933796826796678,0.551720403126605,2.7952568429211513,540,1
47.676,0.6665459966372952,0.9694552605812441,2.2309863880059244,-1.798454235684126,0.5334293384017977,2.6362640177508276,541,1
47.701,0.6235640507749267,0.9821621983836893,2.296122984546478,-1.7203840518578262,0.5029963747570518,2.5734524191612302,538,1
47.726,0.5805267940444088,0.9946050793190953,2.3596590089639786,-1.6428507451057797,0.4605468940067565,2.3938602359686927,536,1
47.751,0.5414215135196424,1.0051895430840259,2.415815996344906,-1.5192849833975124,0.41332184408480216,2.232320980731522,533,1
47.776,0.5045625448745267,1.0152711715233371,2.4712750580005642,-1.3711020243496803,0.38715494773824216,2.1013787823888372,527,1
47.801,0.47286641230215254,1.0245472904709396,2.5208849354643568,-1.2523436890518582,0.3665522738174451,1.9231481799864918,526,1
47.826,0.4419453604219373,1.0335987852142083,2.5674324669998834,-1.1687252601679174,0.3297020686235951,1.7727545878109061,525,1
47.851,0.41443014929376,1.0410323939021184,2.609522664854897,-0.9883618222617248,0.29136662870984475,1.6061538941610578,525,1
47.876,0.3925272693088539,1.0481671166496997,2.6477401617079317,-0.8636337455807238,0.25498477466982683,1.4661062634577597,523,1
47.901,0.3712484620147201,1.0537816326356109,2.6828279780277913,-0.7607818231388237,0.20340545116767347,1.3111035467267966,525,1
47.926,0.35448817815190947,1.0583373892080843,2.713295339044277,-0.6219916492852771,0.16020228495403654,1.145807850688379,526,1
47.951,0.340148879550458,1.0617917468833122,2.740118370562207,-0.5248541120735338,0.12729725421178287,0.9850180472006747,523,1
47.976,0.3282454725482343,1.064702251918673,2.762546241404308,-0.3950928270476686,0.10371281034773507,0.8282754515000983,524,1
48.001,0.3203942381980757,1.0669773874006987,2.7815321431372095,-0.2922016824700952,0.09180129018509503,0.6962724609470899,521,1
48.026,0.31363538842472827,1.0692923164279282,2.7973598644516655,-0.20871291799416156,0.0664620654551028,0.5594593080125743,523,1
48.051,0.30995859229836675,1.0703004906734541,2.8095051085378406,-0.14159594521382962,0.037574318313684435,0.4359975222294902,522,1
48.076,0.3065555911640372,1.0711710323436123,2.819159740563139,-0.05795282638495266,0.022939833094005796,0.3197555044944704,523,1
48.101,0.3070609509791193,1.0714474823281543,2.8254928837625632,0.002483364913885707,-0.005140449625829228,0.22663490010744036,523,1
48.126,0.30667975940973147,1.0709140098623209,2.83049148556851,0.06177985176863327,-0.030118361024597737,0.14317547660692598,523,1
48.151,0.3101499435675512,1.0699415642769243,2.83265165759291,0.13500725404803807,-0.04609835332347652,0.0813602680208822,524,1
48.176,0.31343012211213395,1.0686090921961469,2.8345594989695546,0.15948854865267556,-0.039695000358455114,0.028382396260672686,522,1
48.201,0.31812437100018454,1.0679568142590017,2.8340707774059437,0.18712355684663293,-0.0503816055215218,-0.004929185713838105,522,1
48.226,0.32278629995446506,1.066090011920071,2.8343130396838627,0.18879419755548596,-0.0560801523341757,0.015348720672464273,525,1
48.251,0.3275640808779583,1.065152806642293,2.834838213439567,0.15780054777490213,-0.0581135631385971,0.014399181995513481,525,1
48.276,0.33067632734321084,1.0631843337631408,2.8350329987836385,0.11683115846773953,-0.05639103300889533,0.03611477015893397,524,1
48.301,0.33340563880134577,1.062333254991848,2.8366439519475137,0.08364940338012526,-0.04120460645136838,0.0762048653422508,523,1
48.326,0.33485879751221687,1.0611241034405725,2.838843242050751,-0.0007224867415390046,-0.03624285916341325,0.101256934894828,522,1
48.351,0.3333695144642688,1.0605211120336775,2.841706798692255,-0.10029229936743504,-0.032134101420819454,0.12699848290584737,522,1
48.376,0.3298441825438454,1.0595173983695316,2.845193166196043,-0.2305775671956204,-0.013751507482918583,0.170563201488244,523,1
48.401,0.3218406361044868,1.0598335366595315,2.8502349587666678,-0.36383801943414734,-0.0036598657726779824,0.22588956428859347,523,1
48.426,0.3116522815721365,1.0593344050808977,2.8564876444104734,-0.4315154260060273,-0.022471397670772608,0.2558084734914047,524,1
48.451,0.3002648648041867,1.058709966775993,2.8630253824412373,-0.5377628237801574,-0.00898590611633716,0.3035423545937905,523,1
48.476,0.28476414038313014,1.0588851097750809,2.871664762140162,-0.6965208875260883,-0.012359882631348277,0.37586240351001804,524,1
48.501,0.26543882042788425,1.0580919726444256,2.881818502616737,-0.7855005694327601,-0.014395728241781584,0.4011155815312786,523,1
48.526,0.24548911191148878,1.0581653233629917,2.8917205412167277,-0.8670375841269916,0.005921733697950621,0.42868245975118746,522,1
48.551,0.22208694122153097,1.0583880593293231,2.9032526256042983,-0.987635769403838,-0.00953746864370829,0.47800220125273235,522,1
48.576,0.1961073234412997,1.0576884499308064,2.915620651279363,-1.0809675774885756,0.00937426730464761,0.48991696012458463,524,1
48.601,0.16803856234710526,1.0588567726945555,2.927748473610526,-1.1632236185278195,0.002796581892767928,0.5124734036057912,523,1
48.626,0.13794614251491202,1.0578282790254447,2.941244321459651,-1.2555521824771518,-0.003531657541886145,0.5368535095944957,520,1
48.651,0.10526095322324232,1.0586801898174611,2.954591149090253,-1.3447664401345985,0.01704366294527603,0.538477279567598,521,1
48.676,0.07070782050817637,1.0586804621727086,2.9681681854380333,-1.4307780830723091,-0.001961355850053193,0.5525729305602626,516,1
48.701,0.03372204906963094,1.0585821220249585,2.982219795618265,-1.513807153065467,0.012382545644378944,0.554528219892672,510,1
48.726,-0.00498253714509268,1.0592995894549275,2.9958945964326653,-1.5657296694377179,0.0011018776220517795,0.545189740413332,513,1
48.751,-0.04456443440225051,1.058637215906061,3.00947928263893,-1.6018823848421895,0.0027283880259030176,0.5279548730409184,518,1
48.776,-0.08507665638720899,1.0594360088562227,3.0222923400847135,-1.6057858344557256,0.027624440245081903,0.49830239111295443,518,1
48.801,-0.12485372612504364,1.0600184379183153,3.0343944021945797,-1.558614291900565,0.018199890065076975,0.5007530227581221,522,1
48.826,-0.1630073709822328,1.0603460033594765,3.047329991222618,-1.4658187147723045,0.006863882192904959,0.4814539728089258,520,1
48.851,-0.1981446618636547,1.0603616320279605,3.0584671008350246,-1.354125391851164,0.013365498015330473,0.4201238952590164,516,1
48.876,-0.23071364057478716,1.061014278260243,3.068336185985568,-1.202086918639797,0.016988190712229005,0.3840620350694507,519,1
48.901,-0.2582490077956497,1.061211041563572,3.0776702025884988,-1.0768418980601537,0.011527823035909617,0.3487921804120977,517,1
48.926,-0.28455573547779944,1.0615906694120385,3.085775795006174,-0.9440026391780768,-0.0015721191125096295,0.3066253791829695,520,1
48.951,-0.30544913975455085,1.0611324356079466,3.0930014715476464,-0.7908740056409874,-0.011352570877206182,0.26829630829542345,522,1
48.976,-0.32409943575984657,1.0610230408681782,3.0991906104209446,-0.6338809997312994,0.00653298104954329,0.2179916691056984,522,1
49.001,-0.337143189741114,1.0614590846604237,3.1039010550029307,-0.5065125752466472,0.008329713869445322,0.17768700419788436,523,1
49.026,-0.3494250645221811,1.0614395265616505,3.1080749606308395,-0.3799014006610244,0.0018008485859020837,0.13158267323678297,523,1
49.051,-0.35613825977416685,1.0615491270897188,3.1104801886647704,-0.2403840922692494,-0.007795107586519467,0.08280145861435466,522,1
49.076,-0.36144426913564287,1.0610497711823246,3.112215033561557,-0.12470772045133181,0.007048022243801145,0.0553387542159132,524,1
49.101,-0.3623736457967331,1.0619015282019089,3.113247126375566,0.021757513847934354,0.016923341424953515,0.032490744101593874,524,1
49.126,-0.3603563934432462,1.0618959382535722,3.1138395707666366,0.11711827057991453,-0.024060382936179795,0.01832274240627662,525,1
49.151,-0.35651773226773686,1.0606985090550998,3.11416326349588,0.23234646985983448,-0.02887772376755502,0.016149656765519226,524,1
49.176,-0.3487390699502535,1.0604520520651943,3.1146470536049127,0.30862784320342707,0.003999962787198058,0.01484859047127336,524,1
49.201,-0.3410863401075664,1.0608985071944597,3.1149056930194434,0.3474822509195672,-0.02005536042165915,0.09033734096636062,521,1
49.226,-0.33136495740427613,1.0594492840441114,3.1191639206532304,0.37873245396603017,-0.03668950324951168,0.2155927011643522,521,1
49.251,-0.32214971740926596,1.0590640320319842,3.1256853280776604,0.34307379782909947,-0.06981035067183354,0.3773188902609481,522,1
49.276,-0.3142112675128197,1.0559587665105195,3.1380298651662795,0.3099285771358775,-0.16688943059199787,0.5803716548566167,520,1
49.301,-0.30665328855247076,1.0507195605023836,-3.1284813963590925,0.21914709068192953,-0.23539453265625015,0.7989251372761174,518,1
49.326,-0.30325391297872384,1.0441890398777076,-3.1052091851495036,0.09178361455680928,-0.3050670064836587,1.018339083522002,516,1
49.351,-0.30206410782463056,1.0354662101782015,-3.0775644421829953,0.034422283055851335,-0.38902790561743383,1.2323159470771816,517,1
49.376,-0.30153279882593137,1.024737644596837,-3.043593387795648,-0.03128083939988158,-0.49142116756488524,1.4934408156759342,517,1
49.401,-0.30362814979462477,1.0108951517999551,-3.0028924013991922,-0.09665665437529178,-0.5992766335877553,1.7289209838203714,517,1
49.426,-0.30636563154469637,0.9947738129174467,-2.957147338604622,-0.1369132513243898,-0.6477032245321515,1.9136469435418246,515,1
49.451,-0.31047381236084387,0.9785099905733494,-2.9072100542221064,-0.20461636309515305,-0.740956473955494,2.1080799879383294,516,1
49.476,-0.31659644969945344,0.9577259892196741,-2.8517433392077116,-0.24117148079149148,-0.8895221282257365,2.3187665170312752,517,1
49.501,-0.32253238640041776,0.9340338841620651,-2.7912717283705493,-0.27471627264689535,-0.9442545405387331,2.451999825814348,516,1
49.526,-0.3303322633317994,0.9105132621927334,-2.7291433479169838,-0.3079021946702935,-1.0099968484493642,2.5546188242682755,518,1
49.551,-0.33792749613393375,0.8835340417395926,-2.6635407871571246,-0.3374891559140861,-1.1245008725832712,2.664899087789934,515,1
49.576,-0.3472067211275027,0.8542882185635731,-2.5958983935274946,-0.3873864880306886,-1.2213824793032242,2.712302292552747,516,1
49.601,-0.3572968205354671,0.8224649177744349,-2.527925672529495,-0.4048407153018249,-1.2974250297715177,2.729561838287444,517,1
49.626,-0.3674487568925928,0.7894169670750009,-2.45942030161313,-0.4116460978851315,-1.3771135273742454,2.741349272668285,516,1
49.651,-0.3778791254297254,0.7536092414057167,-2.390858208896069,-0.43124932156898377,-1.4591272086678675,2.696614126610238,518,1
49.676,-0.38901122297104385,0.7164606066416013,-2.324589595282607,-0.45437431494760455,-1.4887169914035405,2.5937324533216675,518,1
49.701,-0.40059784117710434,0.6791733918355439,-2.261171586229993,-0.41724726714734856,-1.4820907106281431,2.4810175871491493,518,1
49.726,-0.4098735863284101,0.6423560711101983,-2.2005387159251564,-0.4237531166683103,-1.4784636992143603,2.363364551198243,519,1
49.751,-0.42178549701051865,0.6052502068748301,-2.1430033586700876,-0.4233784509431454,-1.4163394341952098,2.1823550949976505,521,1
49.776,-0.43104250887556916,0.5715390994004318,-2.0914209611752645,-0.34550736218075856,-1.2913329239220381,1.9788657132248133,529,1
49.801,-0.43906086511955805,0.5406835606787227,-2.0440600730088385,-0.30890951078420303,-1.1666713378438962,1.8126270825413169,537,1
49.826,-0.44648798441477844,0.5132055325082403,-2.000789607048204,-0.2858356142225545,-1.0066833296159057,1.5779906574880451,541,1
49.851,-0.45335264583068496,0.4903493941979303,-1.965160540134441,-0.23986757822509838,-0.8630185107322832,1.3051939554347523,541,1
49.876,-0.4584813633260327,0.4700546069716286,-1.93552990927647,-0.20434377581887853,-0.7283819643426915,1.097063513655647,541,1
49.901,-0.46356983462162976,0.4539302959807926,-1.910307364451654,-0.18165351930125923,-0.594623619894025,0.8802326062444581,541,1
49.926,-0.4675640392910964,0.4403234259769248,-1.8915182789642433,-0.13892788825096827,-0.4668718079276811,0.634287526178135,541,1
49.951,-0.4705162290341778,0.43058670558440987,-1.8785929881427488,-0.09096792497243007,-0.3332114337628412,0.4356533036950053,541,1
49.976,-0.47211243553971766,0.4236628542887837,-1.8697356137794945,-0.04571616078355916,-0.21000728723607226,0.27460385418282446,541,1
50.001,-0.4728020370733556,0.42008634122260685,-1.8648627954336083,-0.005005507592713138,-0.10384940518447852,0.136257531523884,541,1
50.026,-0.47236271091935333,0.41847038402955933,-1.8629227372033,0.00977650577507677,0.036939164235514535,0.04927177527403372,541,1
50.051,-0.4723132117846017,0.42193329943438274,-1.8623992066699064,0.013819270345583843,0.13321837775800852,-0.015866200621773366,540,1
50.076,-0.4716717474020742,0.4251313029174594,-1.8637160472343883,0.0710412450129179,0.23439508114384777,-0.04235343782164299,541,1
50.101,-0.46876114953395603,0.43365305349157446,-1.8645168785609885,0.0975469936276141,0.3762235530573213,-0.10122893728154246,540,1
50.126,-0.46679439772069375,0.44394248057032437,-1.8687774940984654,0.09415483163317503,0.41749701510812137,-0.2147071316967869,541,1
50.151,-0.4640534079522969,0.4545279042469823,-1.875252235145829,0.04041571699960988,0.4070127451378333,-0.3580577486956088,541,1
50.176,-0.4647736118707131,0.46429311782721777,-1.8866803815332476,-0.056405098113750815,0.364852448712217,-0.5546394760066735,541,1
50.201,-0.46687366285798426,0.4727705266825921,-1.9029842089461613,-0.13636894936574825,0.3238043786158902,-0.7348861906858302,541,1
50.226,-0.4715920593390001,0.48048333675801136,-1.923424691067537,-0.2657027001390817,0.28096120635382515,-0.9510185217445518,541,1
50.251,-0.4801587978649376,0.4868185870002826,-1.9505351350333864,-0.3925795734490776,0.2255997759334146,-1.1773811849837186,541,1
50.276,-0.49122103801145567,0.49176332555468305,-1.9822937503167282,-0.4721004386047664,0.15891312187060835,-1.371630108458078,541,1
50.301,-0.5037638197951779,0.49476424309381367,-2.0191166404562964,-0.5527273134224967,0.13635667194736964,-1.5480899122137073,541,1
50.326,-0.5188574036825789,0.49858115915205115,-2.059698245927409,-0.6628229324867595,0.1217553659049622,-1.73719201426347,535,1
50.351,-0.536904966419514,0.5008520113890614,-2.105976241169465,-0.7809586715442984,0.07487813110159207,-1.9354610763058167,530,1
50.376,-0.5579053372597916,0.5023250657071305,-2.1564712997426945,-0.915818974445188,0.06469798404900143,-2.126657306098082,523,1
50.401,-0.5826959151417773,0.5040869105915118,-2.212309106474378,-0.9743925913801346,0.059047847155364,-2.2657386514692424,519,1
50.426,-0.6066249668288025,0.505277458064899,-2.2697582323161662,-1.0401768982128492,0.015609631784630816,-2.3595531980112314,518,1
50.451,-0.6347047600524168,0.5048673921807433,-2.330286766374933,-1.1684269315937998,0.014781757381251155,-2.469268636371236,518,1
50.476,-0.6650463134084892,0.5060165459339615,-2.393221664134721,-1.2757269394679842,0.03482465632975249,-2.53087344964084,518,1
50.501,-0.6984911070258124,0.5066086249972308,-2.4568304388569677,-1.3432919610393022,-0.0023563496155974075,-2.575260110384561,515,1
50.526,-0.73221091146046,0.5058987284531816,-2.52198466965396,-1.4503074094342512,-0.020559649677470062,-2.588312073595295,513,1
50.551,-0.7710064774975312,0.5055806425133572,-2.5862460425367435,-1.5465746707674235,-0.024697009701476775,-2.556883492855334,514,1
50.576,-0.8095396449988268,0.5046638779681079,-2.6498288442967195,-1.575877544972036,-0.019984106638898404,-2.521490543577275,512,1
50.601,-0.8498003547461285,0.5045814371814124,-2.7123205697156,-1.6425554681426857,-0.02217632384877392,-2.459542403660897,512,1
50.626,-0.8916674184059564,0.5035550617756692,-2.7728059644797574,-1.6309239368681125,-0.02468978698919833,-2.3650683142094246,510,1
50.651,-0.931346551589541,0.5033469478319523,-2.8305739854260814,-1.5880561680171335,-0.010690925095741188,-2.241220332627454,507,1
50.676,-0.9710702268068199,0.5030205155208821,-2.8848669811111396,-1.5201129355026664,-0.0478930412495831,-2.0697650619103336,505,1
50.701,-1.00735219836467,0.5009522957694733,-2.934062238521592,-1.34721309766627,-0.03092237457511036,-1.8954991370734497,503,1
50.726,-1.0384308816901295,0.5014743967921267,-2.9796419379648067,-1.1590162919328189,0.008587757236271852,-1.7210433749970913,504,1
50.751,-1.0653030129613077,0.5013816836312869,-3.020114407271442,-1.0185835275885655,-0.008349762492833434,-1.5344499238849465,500,1
50.776,-1.0893600580695622,0.501056908667485,-3.0563644341590606,-0.9134240185000151,-0.005607882753388493,-1.3327453114761063,498,1
50.801,-1.1109742138863123,0.5011012894936174,-3.086751672845253,-0.763684913030115,-0.014040621280218789,-1.1076488573899566,497,1
50.826,-1.1275443037210657,0.5003548776034741,-3.1117468770285552,-0.607564901707839,-0.004573838363380028,-0.9103919849330551,496,1
50.851,-1.1413524589717026,0.5008725975754484,-3.132271272091903,-0.4373419830704144,0.013341262175786331,-0.7074603154766426,498,1
50.876,-1.1494114028745852,0.5010219407122634,3.1360654143772004,-0.32078936227966465,-0.026242487365487604,-0.5079329143135347,495,1
50.901,-1.1573919270856872,0.49956047320717395,3.125517389372004,-0.25490721937206073,-0.011988035475801828,-0.33725337763157237,494,1
50.926,-1.1621567638431893,0.5004225389384732,3.1192027454956204,-0.10682116808958306,0.006644724441892502,-0.19343183065888991,494,1
50.951,-1.162732985490166,0.49989270942926856,3.11584579783906,0.032636957515254826,0.0012530236873021395,-0.09450033871541845,494,1
50.976,-1.1605249159674267,0.5004851901228383,3.1144777285598497,0.15324010439861074,0.0070561923391613945,-0.03584964529333083,494,1
51.001,-1.155070980270236,0.5002455190462266,3.1140533155743935,0.23903070539867693,-0.0034324784367065057,-0.008244751427594474,495,1
51.026,-1.1485733806974918,0.500313566201003,3.11406549098847,0.2892428706564829,0.0012863511234594296,-0.015535150732864718,495,1
51.051,-1.1406088367374105,0.5003098366023996,3.11327655803775,0.284193667802411,0.01811369329674953,-0.04838811580995914,494,1
51.076,-1.134363697307372,0.5012192508658404,3.111646085197972,0.22540578495892255,0.03295175325628917,-0.0864954288526181,495,1
51.101,-1.129338547489465,0.501957424265214,3.1089517865951195,0.19084706192754572,0.054385133385904436,-0.13446286106436264,498,1
51.126,-1.1248213442109953,0.5039385075351355,3.1049229421447544,0.10802265020908275,0.12982809549385135,-0.2044945985121508,497,1
51.151,-1.1239374149790105,0.5084488290399071,3.098727056669511,0.032277498305483564,0.15175973234490753,-0.26649661717173817,497,1
51.176,-1.123207469295721,0.5115264941523815,3.0915981112861664,-0.0769525207824983,0.18940861558998956,-0.32371169747070166,496,1
51.201,-1.1277850410181351,0.517919259819406,3.082541471795977,-0.23796497369054778,0.28680088215972643,-0.42312207699078025,497,1
51.226,-1.1351057179802477,0.525866538260367,3.0704420074366285,-0.29143722341529943,0.33927250506709566,-0.5024760256829294,497,1
51.251,-1.1423569021888993,0.5348828850727598,3.057417670511832,-0.33581438884802384,0.39481232133780264,-0.5759001441520837,495,1
51.276,-1.1518964374226504,0.5456071543272588,3.041647000229022,-0.46141715831489244,0.4587339564406942,-0.661551614666346,495,1
51.301,-1.1654277601046459,0.5578195828947965,3.0243400897785118,-0.5737212480780911,0.5284101255166419,-0.7429812749647158,495,1
51.326,-1.1805824998265533,0.5720276606030894,3.0044979364807882,-0.6580952855796537,0.5772715139872471,-0.8148362267429495,493,1
51.351,-1.1983325243836267,0.5866831585941572,2.9835982784413666,-0.710926879674068,0.6270790802458427,-0.8791087364265293,492,1
51.376,-1.2161288438102547,0.6033816146153798,2.9605424996594643,-0.7875734656711092,0.7096909057250994,-0.9479789842502209,491,1
51.401,-1.2377111976671855,0.6221677038804152,2.9361993292288515,-0.8930175384936538,0.7642254432032739,-0.9934477866997901,492,1
51.426,-1.2607797207349412,0.6415928867755467,2.9108701103244705,-0.938945596065417,0.8034732184368755,-1.0438564426199697,490,1
51.451,-1.2846584774704537,0.6623413648022567,2.884006507097856,-1.025528155683922,0.8731298472245171,-1.0957770675918612,490,1
51.476,-1.3120561285191343,0.6852493791367701,2.8560812569448806,-1.0874220117523543,0.9400507559668015,-1.139776793684642,490,1
51.501,-1.3390295780580683,0.7093439026005941,2.827017667413627,-1.1342794169348167,0.9788793680200478,-1.139895800323059,490,1
51.526,-1.36877009936588,0.7341933475377767,2.7990864669287228,-1.2128588151654172,1.015115900111645,-1.163518047958741,488,1
51.551,-1.3996725188163444,0.7600996976061807,2.768841765015685,-1.2515946981246007,1.0860145685193618,-1.1765841886938457,489,1
51.576,-1.4313498342721065,0.7884940759637417,2.740257257494034,-1.3383223335423151,1.1435821362821803,-1.160083169291996,489,1
51.601,-1.4665886354934563,0.8172788044202864,2.7108376065510886,-1.4153375283612228,1.1793680071274575,-1.1884648660713157,489,1
51.626,-1.5021167106901636,0.8474624763201112,2.6808340141904714,-1.4282197192047468,1.2071099464050752,-1.153999589033105,488,1
51.651,-1.5379996214536997,0.8776343017405454,2.6531376270994285,-1.4202451902170654,1.1914340360167701,-1.1212861831817487,489,1
51.676,-1.573128970201023,0.9070341781209548,2.624769705031379,-1.3990933896390918,1.1783902495435865,-1.07139302974505,489,1
51.701,-1.6079542909356503,0.9365538142177213,2.599567975612179,-1.3461105091625802,1.1559543351189907,-1.0244611585659729,491,1
51.726,-1.6404344956591481,0.964831894876901,2.5735466471030835,-1.2534712723033572,1.0737855952974995,-0.9730537117757818,490,1
51.751,-1.6706278545508146,0.9902430939825932,2.5509152900233927,-1.1874810361693742,0.983015518121651,-0.908681667845628,489,1
51.776,-1.6998085474676219,1.0139826707829878,2.528112563710798,-1.105928797041441,0.9190975544424222,-0.8620552466397122,491,1
51.801,-1.7259242944028914,1.0361979717047183,2.5078125276914034,-0.9930397647917864,0.8512015708541072,-0.7621820108184518,492,1
51.826,-1.7494605357072084,1.0565427493256907,2.4900034631698778,-0.8693079186863534,0.763499149096546,-0.7235083523336583,494,1
51.851,-1.7693896903372066,1.0743729291595434,2.4716371100747225,-0.7672280824401315,0.6490038007875989,-0.6619149086328434,493,1
51.876,-1.7878219398292128,1.0889929393650688,2.4569077177382375,-0.6772324824789644,0.5513532176970389,-0.5157336166284314,494,1
51.901,-1.8032513144611577,1.1019405900443977,2.4458504292432988,-0.548040339478033,0.4791495745059384,-0.4218155909651595,494,1
51.926,-1.8152239568031168,1.1129504180903678,2.4358169381899777,-0.45101683155416417,0.38362514452308055,-0.4218021907593146,494,1
51.951,-1.8258021560388646,1.1211218472705506,2.4247603197053342,-0.340111326381775,0.27872996002225287,-0.3456793775308339,496,1
51.976,-1.8322295231222046,1.1268869160914796,2.418532969313437,-0.21245080771638988,0.20676012893243564,-0.22177562606302476,493,1
52.001,-1.8364246964246835,1.1314598537171718,2.4136715384021836,-0.1347118923326081,0.1402748046003857,-0.17799904772135813,496,1
52.026,-1.8389651177388355,1.1339006563214995,2.4096330169273683,-0.07488341726881204,0.044158811320867526,-0.11689291282357742,492,1
52.051,-1.8401688672881245,1.1336677942832154,2.4078268927610043,0.03710564881997269,-0.03955978363143545,-0.052690116018470845,495,1
52.076,-1.837109835297837,1.1319226671399278,2.406998511126445,0.11296538163331625,-0.10335924263014694,-0.029186990344085,493,1
52.101,-1.834520598206459,1.1284998321517083,2.4063675432438,0.13820930669795736,-0.12407942817114032,-0.03129659323999512,494,1
52.126,-1.8301993699629395,1.1257186957313712,2.4054336814644453,0.21633845114408176,-0.13606866168315251,-0.006576448737085067,495,1
52.151,-1.823703675649254,1.1216963990675501,2.406038720806946,0.27128345444951035,-0.1948345003554686,0.014817441037394533,496,1
52.176,-1.8166351972404629,1.115976970713597,2.406174553516315,0.18254266178017325,-0.20956082550229152,0.04273975042946597,493,1
52.201,-1.8145765425602458,1.1112183577924362,2.408175708328419,0.11759626693079508,-0.16256721174398728,0.07680860768748847,492,1
52.226,-1.8107553838939234,1.107848610126398,2.4100149839006892,0.0896697739908887,-0.07855871888023283,0.08175324235369284,495,1
52.251,-1.8100930538607016,1.1072904218484247,2.4122633704461034,-0.02072242489448418,-0.027315770204545568,0.13347262900646334,494,1
52.276,-1.8117915051386477,1.1064828216161706,2.416688615351013,-0.136713935167056,0.013273781822497034,0.19598902769250798,493,1
52.301,-1.816928750619055,1.1079541109395497,2.4220628218307296,-0.2729503459231286,0.10638199909624274,0.2483147526978743,494,1
52.326,-1.8254390224348034,1.1118019215709825,2.429104352985906,-0.38631567881842943,0.13571306774896702,0.273940379980322,494,1
52.351,-1.8362445345599754,1.1147397643269976,2.435759840829745,-0.450631726123979,0.15894782772293076,0.33800871378581265,495,1
52.376,-1.847970608741001,1.1197493129571285,2.4460047886751957,-0.5430018808570461,0.22716839108510917,0.3780194251590651,493,1
52.401,-1.86339462860283,1.126098183881254,2.4546608120877,-0.6496328874547276,0.28265249813881155,0.40072234598771095,494,1
52.426,-1.8804522531137402,1.1338819378640703,2.466040905974583,-0.7542068363938654,0.2951405785544593,0.4650230040633916,494,1
52.451,-1.9011049704225211,1.1408552128089762,2.477911962290868,-0.8443629416331779,0.3287786864610985,0.49036414191397826,494,1
52.476,-1.9226704001953967,1.1503208721871243,2.4905591130702804,-0.9112923864061292,0.39074129750839237,0.5438843682619285,492,1
52.501,-1.946669589742825,1.1603922776843947,2.505106180703963,-1.0251581993918593,0.4133474716730848,0.596169361612733,495,1
52.526,-1.973928310164994,1.1709882457707803,2.5203675811509196,-1.11425988472093,0.4745533874498959,0.5883249983626047,495,1
52.551,-2.0023825839788763,1.1841199470568915,2.5345224306220957,-1.198657665190949,0.49510166669578454,0.6115769626467841,495,1
52.576,-2.033861193424538,1.1957433291055681,2.550946429283257,-1.2858888608665195,0.4993042967194778,0.65126924774675,496,1
52.601,-2.0666770270221986,1.209085161892864,2.5670858930094314,-1.3439048626163572,0.5550594662107815,0.6265143611663949,495,1
52.626,-2.101056436555352,1.2234963024161056,2.582272147341575,-1.4355126047096898,0.605166371545553,0.6026452620885988,495,1
52.651,-2.138452657257689,1.2393434804701442,2.597218156113864,-1.499790264486581,0.620269353230674,0.6167068823043127,496,1
52.676,-2.1760459497796876,1.254509770077642,2.6131074914567933,-1.5409500751161684,0.6057269822875833,0.6059322520377985,497,1
52.701,-2.2155001610134932,1.2696298295845216,2.627514768715752,-1.545852847211914,0.6294819602172954,0.5440273842960907,498,1
52.726,-2.253338592140279,1.285983868088505,2.6403088606715963,-1.4498930968748283,0.6288822371669192,0.5321431404062462,498,1
52.751,-2.2879948158572305,1.3010739414428658,2.654121925736063,-1.3436643979810379,0.5360098350000606,0.5247649106648652,498,1
52.776,-2.3205218120393365,1.3127843598385103,2.666547106204842,-1.2242463124300884,0.49082909779298667,0.4580881784635036,499,1
52.801,-2.34920713147874,1.3256153963325172,2.67702633465924,-1.117528712329722,0.4623315575450789,0.42389524608812146,499,1
52.826,-2.3763982476558194,1.335900937715763,2.6877418685092467,-0.9813164285038691,0.3923540898433854,0.39314214567898204,500,1
52.851,-2.398272952903931,1.3452331008246854,2.696683441943188,-0.8444839367437886,0.3398774838779832,0.3444433806470322,501,1
52.876,-2.4186224444930065,1.352894811909661,2.7049640375415973,-0.734091570027386,0.29820493742353305,0.2814686623498579,500,1
52.901,-2.4349775314053033,1.3601433476958633,2.710756875060682,-0.5897955189760514,0.2722393917791156,0.21080149226976075,501,1
52.926,-2.4481122204418115,1.366506781498618,2.7155041121550862,-0.4583496856739349,0.17938065683281176,0.19987686090887882,502,1
52.951,-2.4578950156889987,1.3691123805375034,2.7207507181061255,-0.3669738607672399,0.1069440175061914,0.15893704766412514,503,1
52.976,-2.4664609134801725,1.3718539823739273,2.723450964538292,-0.24297717967557692,0.10538893839894636,0.07346168239017876,501,1
53.001,-2.470043874672777,1.3743818274574504,2.724423802225634,-0.08722489314878212,0.08444576724107201,0.0325816318519373,500,1
53.026,-2.470822158137612,1.3760762707359813,2.725080046130889,0.015107777174775227,-0.019126934987990264,0.035760073297665125,502,1
53.051,-2.469288485814038,1.3734254807080508,2.7262118058905176,0.11076613081752304,-0.08500168815633685,0.03422942303372006,503,1
53.076,-2.465283851596736,1.3718261863281647,2.726791517282575,0.18440604147569478,-0.057679947793512994,0.00590632484858167,504,1
53.101,-2.460068183740254,1.3705414833183753,2.7265071221329467,0.25620724065889566,-0.06603074551009877,-0.02456050672429517,500,1
53.126,-2.452473489563792,1.36852464905266,2.7255634919463603,0.2567098719469255,-0.12754795100650607,0.01747957967223563,502,1
53.151,-2.4472326901429065,1.3641640857680495,2.7273811011165585,0.22827473742751012,-0.09239805220182185,0.012013173706825284,501,1
53.176,-2.4410597526924156,1.3639047464425684,2.7261641506317016,0.21718843569855997,-0.05784681773837948,-0.0236677347492278,501,1
53.201,-2.436373268357979,1.3612717448811307,2.726197714379097,0.17062257896571867,-0.09136715765858913,-0.003013003273722064,501,1
53.226,-2.43252862374413,1.3593363885596392,2.7260135004680155,0.1449545728812567,-0.033658354350009884,-0.004794708713493906,501,1
53.251,-2.4291255397139166,1.3595888271636303,2.7259579789434225,0.09472509546848942,-0.02379107035326974,0.005738906156968548,501,1
53.276,-2.4277923689707053,1.3581468350419756,2.726300445775864,0.07109116650881046,-0.04171600785351703,-0.00800862727277905,502,1
53.301,-2.425570981388476,1.3575030267709542,2.7255575475797835,0.07314159340980869,-0.030272806638957428,-0.000462224265822568,501,1
53.326,-2.424135289300215,1.3566331947100279,2.726277334562573,0.041932440672882876,-0.01283892235566759,0.0066271838431046105,501,1
53.351,-2.423474359354832,1.356861080653171,2.7258889067719387,0.04039662218483516,0.012869693017082028,-0.014218667131987415,501,1
53.376,-2.4221154581909734,1.357276679360882,2.7255664012059735,0.040288512844966935,-0.010639990091235932,0.0037802779970427356,503,1
53.401,-2.4214599337125833,1.356329081148609,2.726077920671791,0.0136860416447237,-0.030452701837957077,0.009571797129836208,501,1
53.426,-2.421431156108737,1.355754044268984,2.7260449910624653,-0.011440038499826539,-0.007405097851389962,0.008874912410528573,501,1
53.451,-2.4220319356375746,1.3559588262560396,2.7265216662923173,0.026835979429826046,0.003817572845199674,-0.002743218566854267,501,1
53.476,-2.420089357137246,1.355944922911244,2.7259078301341226,0.02577517859925362,0.00251542294466237,-0.009720827649868922,501,1
53.501,-2.420743176707612,1.3560845974032727,2.726035624909824,-0.017216876422584047,-0.017809500985020578,0.016413212364339836,501,1
53.526,-2.420950200958375,1.3550544478619928,2.7267284907523397,0.0014748733022605784,-0.011894898858008192,0.001983189056611154,501,1
53.551,-2.420669433042499,1.3554898524603722,2.7261347843626544,0.016970812960420543,0.013726512183254939,-0.010765308326253277,501,1
53.576,-2.4201016603103542,1.3557407734711555,2.726190225336027,0.02632791842656673,0.014946483614500534,-0.022878932999567305,501,1
53.601,-2.4193530371211707,1.3562371766410972,2.724990837712676,-0.012366049025659001,-0.010924253218212509,0.002402754420272183,501,1
53.626,-2.420719962761637,1.355194560810245,2.7263103630570407,-0.014994170515379822,-0.0003669889713186734,0.020397084138393178,501,1
53.651,-2.4201027456469397,1.3562188271925313,2.726010691919596,0.02034210950326458,0.017250168245642378,-0.011177539827461771,501,1
53.676,-2.419702857286474,1.3560570692225271,2.7257514860656675,-0.013137197125080071,-0.0034827930837801648,0.0037449563953641982,501,1
53.701,-2.4207596055031937,1.3560446875383423,2.726197939739364,-0.0093291642165477,-0.04399574347366181,0.025790664392416975,501,1
53.726,-2.420169315497301,1.3538572820488441,2.7270410192852883,-0.0020139961155331045,-0.0029033437163585294,0.004094329947675012,501,1
53.751,-2.4208603053089703,1.3558995203525244,2.726402656236748,-0.011276757052519775,0.032193164558213555,-0.020792125739788506,501,1
53.776,-2.4207331533499272,1.355466940276755,2.726001412998299,0.0008262536447833219,-0.006759483551421176,0.0061051316179122975,501,1
53.801,-2.420818992626731,1.3555615461749533,2.7267079128176435,0.009879366963448384,-0.004084727156188583,0.06071360473399413,501,1
53.826,-2.420239185001755,1.3552627039189455,2.7290370932349983,0.016917404873676285,-0.029115738636208966,0.16023255193151642,501,1
53.851,-2.4199731223830474,1.354105759243143,2.734719540414219,0.04052195683179835,-0.07353040520309469,0.28681554281087285,501,1
53.876,-2.418213087160165,1.351586183658791,2.743377870375541,0.0673721030168504,-0.09783457499668079,0.428730534732259,501,1
53.901,-2.4166045172322046,1.3492140304933085,2.7561560671508336,0.1044101974160405,-0.16031448000914017,0.6077255896234416,500,1
53.926,-2.4129925772893626,1.3435704596583333,2.773764149856716,0.162940330610795,-0.23023968356643087,0.8001226964370745,500,1
53.951,-2.4084575007016653,1.3377020463149876,2.796162201972685,0.22435056632084946,-0.3113867675746728,1.0035791440359925,500,1
53.976,-2.4017750489733207,1.3280011212796006,2.8239431070585126,0.27801391302175543,-0.3973538934841296,1.209381827134599,499,1
54.001,-2.3945568050505783,1.3178343516407822,2.8566312933294116,0.3270113447597188,-0.48520122389413917,1.4402186416111478,500,1
54.026,-2.3854244817353334,1.3037410600848915,2.895954039139076,0.3938304398049938,-0.624514082945189,1.7167198218325954,499,1
54.051,-2.374865283060327,1.28660864749352,2.9424672844210487,0.4262464623451898,-0.6751597673901417,1.9271799448049916,500,1
54.076,-2.364112158618075,1.2699830717153864,2.9923130363793202,0.46394356326484115,-0.7837861844790163,2.165124864312603,498,1
54.101,-2.351668104897086,1.2474193382695715,3.0507235276366726,0.5611152422189888,-0.8475664602800397,2.3777173563236715,498,1
54.126,-2.3360563965071273,1.2276047487013868,3.111198904195497,0.6369738709267371,-0.9062466671170837,2.5691211618160934,497,1
54.151,-2.3198194113507467,1.2021070049137135,-3.104005721452098,0.634908291372013,-1.0420565900810974,2.797203585562801,497,1
54.176,-2.304310981938524,1.1755019191973275,-3.0321262237059368,0.6943784647216984,-1.090698955329685,2.964656995757515,493,1
54.201,-2.2851004881146637,1.1475720571472323,-2.9557728716642306,0.737040880702435,-1.16423909309284,3.1581845637400203,493,1
54.226,-2.2674589379034042,1.1172899645426888,-2.8742169955189447,0.7860665815933123,-1.234311997664105,3.3038164002065264,493,1
54.251,-2.2457971590350003,1.0858564572640306,-2.7905820516539137,0.8663762995284391,-1.2871589436266553,3.4139952069541946,492,1
54.276,-2.2241401229269786,1.0529320173613506,-2.7035172351712204,0.8967128599559205,-1.3812156612328708,3.546082510326771,489,1
54.301,-2.2009615160372005,1.0167956742023812,-2.61327792613756,0.9372044416741332,-1.4612538984688603,3.638723138830813,487,1
54.326,-2.1772799008432746,0.9798693224379117,-2.52158107822969,0.9504045822238013,-1.500960955470961,3.710056495093681,485,1
54.351,-2.153441286926013,0.9417476264288374,-2.4277751013828865,1.007513501697583,-1.543119324047052,3.7486566262927212,482,1
54.376,-2.1269042257583983,0.9027133562355635,-2.3341482469150647,1.0566155952274046,-1.6177561357582924,3.7818625357026,480,1
54.401,-2.1006105071646384,0.8608598196409158,-2.2386819745977404,1.1037637847108996,-1.6816475527472283,3.7778768565744225,478,1
54.426,-2.0717160365228486,0.8186309785981949,-2.1452544040863275,1.1584137723709313,-1.720265466330153,3.7363693031872716,474,1
54.451,-2.042689818546095,0.7748465463244131,-2.0518635094383875,1.1003023374717373,-1.7678242946448515,3.6979764226027236,471,1
54.476,-2.016700919649265,0.7302397638659573,-1.9603555829562018,1.1060469627054121,-1.782030219361467,3.636094108992103,466,1
54.501,-1.9873874704108276,0.6857450353563448,-1.8700588039887927,1.1348939459344374,-1.7076483745190538,3.534443245234265,463,1
54.526,-1.9599562223525382,0.6448573451399974,-1.7836334206944737,1.0322967213286658,-1.5799487546505715,3.3951256017484734,458,1
54.551,-1.93577263434439,0.6067475976238095,-1.7003025239013543,0.9796412810087076,-1.4981272554862266,3.279607721465476,464,1
54.576,-1.9109741583021056,0.5699509823656903,-1.6196530346212092,0.9595602340085975,-1.4194234272472157,3.144717628064823,470,1
54.601,-1.8877946226439628,0.5357764262614527,-1.5430666424981219,0.8137644466258217,-1.2824736644443342,2.950250075095128,477,1
54.626,-1.8702859359708168,0.5058272991434772,-1.4721405308664612,0.7203619003688696,-1.122557864376332,2.746622646903877,477,1
54.651,-1.8517765276255163,0.47964853304263133,-1.405735510152916,0.6724706469483892,-1.002141357443066,2.553053689409146,483,1
54.676,-1.8366624036233945,0.45572023127131966,-1.3444878463959933,0.5596692793751908,-0.90715873349332,2.353581554987541,491,1
54.701,-1.8237930636567583,0.4342905963679679,-1.2880564324035455,0.5033077251685667,-0.7977622780559932,2.124100376807144,488,1
54.726,-1.8114970173649676,0.41583211736852227,-1.2382828275556421,0.4470681014724397,-0.6869276534914561,1.8748096607212261,485,1
54.751,-1.8014396585831376,0.39994421369339705,-1.1943159493674897,0.39583830341626225,-0.604116102340065,1.6554932712390888,489,1
54.776,-1.7917051021941528,0.38562631225151645,-1.1555081639936804,0.34348339411713624,-0.5024067067199516,1.4383051490057692,496,1
54.801,-1.7842654888772793,0.37482387835739733,-1.1224006919171954,0.27372589450714857,-0.3856880229794865,1.1966359767123937,504,1
54.826,-1.7780188074687961,0.3663419111025432,-1.0956763651580643,0.15836152145814364,-0.31303826969015575,0.9809641156576479,507,1
54.851,-1.7763474128043726,0.35917196487289044,-1.0733524861343156,0.10889464817640257,-0.20738124933119065,0.777314049205424,506,1
54.876,-1.7725740750599763,0.3559728486359843,-1.0568106626977953,0.10550826651843248,-0.09700193662734397,0.5757485272667437,505,1
54.901,-1.7710719994784505,0.3543218680415228,-1.0445650597709761,0.013203531723434676,-0.029804788371595406,0.40161321109684195,505,1
54.926,-1.7719138984738045,0.3544826092174044,-1.0367300021429517,-0.040168278126000496,0.04127619591348565,0.25418461669216463,505,1
54.951,-1.7730804133847504,0.356385677837197,-1.0318558289363688,-0.06715428176426501,0.12006403573836993,0.1390565885349994,504,1
54.976,-1.7752716125620176,0.36048581100432253,-1.0297771727162024,-0.09537427213522341,0.16656147861218332,0.05594235369470331,506,1
55.001,-1.7778491269915113,0.3647137517678057,-1.029058711251634,-0.10800556219874269,0.15388254000014998,0.01985004140559185,507,1
55.026,-1.7806718906719552,0.3681799380043307,-1.0287846706459227,-0.11142383102582025,0.17899195780339633,0.007853269533252712,508,1
55.051,-1.7834203185428028,0.37366334965797626,-1.0286660477749712,-0.09095675345175709,0.20676545887618533,0.0022681421349891773,509,1
55.076,-1.7852197283445428,0.37851821094813937,-1.0286712635391733,-0.10980654759941547,0.17470299128105377,-0.004379101017626646,508,1
55.101,-1.7889106459227733,0.38239849922202845,-1.0288850028258525,-0.10624975479408043,0.1524762572301217,-0.0072155663175892054,509,1
55.126,-1.7905322160842465,0.386142023809645,-1.0290320418550527,-0.06089753668911882,0.09135156140963606,0.003884279566523598,510,1
55.151,-1.7919555227572295,0.38696607729251065,-1.0286907888475265,-0.03689557172538956,0.07333242107015066,0.0025564418774413106,509,1
55.176,-1.7923769946705161,0.38980864486315286,-1.0289042197611806,-0.04783612232286233,0.06899650844220788,0.0016549787500253874,511,1
55.201,-1.7943473288733724,0.39041590271462084,-1.028608039910025,-0.07580535898995752,0.042705747380039835,0.0011413978980102195,511,1
55.226,-1.7961672626200138,0.39194393223215473,-1.02884714986628,-0.028145852723230825,0.0496038226014867,-0.019170919271599397,511,1
55.251,-1.795754621509534,0.39289609384469504,-1.029566585873605,0.02001986448965816,0.01073518876073562,-0.0024027305294003383,511,1
55.276,-1.7951662693955308,0.39248069167019156,-1.02896728639275,-0.022814604205983188,-0.009488024922722795,0.00834191943487923,510,1
55.301,-1.7968953517198332,0.39242169259855886,-1.0291494899018607,-0.019933823999190883,0.006824102537891618,0.0066347161001893305,511,1
55.326,-1.7961629605954903,0.3928218967970861,-1.0286355505877405,0.029460115549057597,0.0077195827427372025,0.006440758491770648,511,1
55.351,-1.7954223459423804,0.3928076717356957,-1.028827451977272,-0.017758284077947672,0.01638672527045952,-0.00668438165908152,511,1
55.376,-1.7970508747993876,0.39364123306060905,-1.0289697696706945,-0.051443158707846826,0.02520756795818875,-0.007274612926834669,511,1
55.401,-1.797994503877773,0.39406805013360524,-1.0291911826236138,0.01072051992940268,-0.012168461475800047,0.007117084741547434,510,1
55.426,-1.7965148488029175,0.393032809986819,-1.028613915433617,0.008409926433330862,-0.006454530749438281,0.004469790715315979,510,1
55.451,-1.7975740075561064,0.39374532359613335,-1.028967693087848,-0.015996902733147265,0.02801546559685501,-0.01622894214405072,509,1
55.476,-1.7973146939395748,0.39443358326666167,-1.0294253625408196,-0.005180286882380552,-0.009144484843925348,0.010434733159990255,510,1
55.501,-1.7978330219002254,0.3932880993539371,-1.0284459564298485,-0.0031017049618051315,-0.01274495601783723,0.012117557999927829,511,1
55.526,-1.797469779187665,0.39379633546576975,-1.028819484640823,0.003321362773131825,0.01700292261137403,-0.01351277323017426,510,1
55.551,-1.7976669537615688,0.3941382454845059,-1.029121595091357,-0.020243940641951938,0.014691594849474967,-0.008933475157749069,510,1
55.576,-1.7984819762197626,0.39453091520824346,-1.0292661583987104,0.005597545568161485,-0.004841725965465668,0.002427479493842948,510,1
55.601,-1.7973870764831608,0.3938961591862326,-1.0290002211166647,0.018552192883848295,-0.016407806739201326,0.007573630253690386,510,1
55.626,-1.7975543665755702,0.39371052487128344,-1.0288874768860259,0.005431712800038716,-0.006006704957479169,0.004197736780646363,511,1
55.651,-1.7971154908431588,0.3935958239383586,-1.0287903342776321,-0.007705404376844758,-0.011703124470569095,0.005674417103555611,509,1
55.676,-1.7979396367944125,0.39312536864775494,-1.028603756030848,-0.0124579829327061,-0.008208724680594437,0.006488338704225085,510,1
55.701,-1.797738389989794,0.3931853877043289,-1.0284659173424209,-0.003758504694944201,0.004942433922900117,-0.00015990534873112436,511,1
55.726,-1.7981275620291597,0.3933724903438999,-1.0286117512982846,-0.016669812162867063,0.019583632178806768,-0.011444886799819127,510,1
55.751,-1.7985718805979374,0.3941645693132692,-1.029038161682412,0.022119822259989763,-0.019840519431262832,0.005976662521102783,510,1
55.776,-1.79702157091616,0.3923804643723367,-1.0283129181722295,0.018281614997886605,-0.004781565211422071,0.010205537381028602,510,1
55.801,-1.797657799848043,0.3939254910526981,-1.0285278848133603,-0.005124684184197051,0.041954808535815846,0.004794299163251298,511,1
55.826,-1.79727780512537,0.3944782047991274,-1.0280732032140667,0.047276773926888026,-0.007904923702069416,0.05832881562858437,511,1
55.851,-1.7952939611516987,0.39353024486759464,-1.0256114440319315,0.05930774796052311,-0.004741534282462204,0.10534901424661558,511,1
55.876,-1.794312417727344,0.3942411280850043,-1.0228057525017362,0.07711761909203538,0.023180316613201878,0.14001393045316363,511,1
55.901,-1.7914380801970966,0.39468926069825483,-1.0186107475092727,0.17420041620222662,0.007710775865463102,0.2150335880091697,511,1
55.926,-1.7856023969172319,0.39462666687827747,-1.0120540731012768,0.2765229518992009,0.023559184039291477,0.2818511964908393,511,1
55.951,-1.7776119326021373,0.39586721990021934,-1.0045181876847316,0.3709312260549946,0.03204348533232997,0.34642731743124794,510,1
55.976,-1.7670558356144832,0.3962288411448939,-0.9947327072297154,0.4696715794671436,0.02722475473098828,0.4286363519868241,511,1
56.001,-1.7541283536287815,0.3972284576367687,-0.9830863700853913,0.5906751690128227,0.0409309645653076,0.5105227855834391,510,1
56.026,-1.7375220771638396,0.3982753893731594,-0.9692065679505415,0.6973675661150285,0.050250024791301966,0.5890560793269404,509,1
56.051,-1.719259975323027,0.399740958876334,-0.9536335661190416,0.7698615686200709,0.05788146194436679,0.6774789110534337,510,1
56.076,-1.6990289987328382,0.4011694624703776,-0.9353326223978718,0.8999663429592287,0.06000262055399061,0.7556214635459643,510,1
56.101,-1.6742616581750682,0.40274108990403334,-0.9158524929417455,1.0095678130495096,0.053857164559930344,0.8411014626293801,520,1
56.126,-1.6485506080803656,0.40386232069837397,-0.8932775492664053,1.0859558375344098,0.10326323311595673,0.9327911638942692,533,1
56.151,-1.619963866298343,0.4079042515598316,-0.8692129347470281,1.2099390110137909,0.11509138922710012,0.9920627732804685,541,1
56.176,-1.5880536575296709,0.40961689015972946,-0.8436744106023777,1.280357068430555,0.0784902947455668,1.0678440281018526,541,1
56.201,-1.555946012876819,0.41182876629710974,-0.8158207333419384,1.3208730279502174,0.0982715582765004,1.1410266684478492,541,1
56.226,-1.5220100061321638,0.4145304680735542,-0.7866230771799886,1.4118822933927035,0.11550976721791607,1.1958155268471118,541,1
56.251,-1.4853518982071878,0.4176042546580052,-0.7560299569995863,1.5376797291611122,0.1179705995599422,1.256554456959708,541,1
56.276,-1.4451260196741016,0.4204289980515518,-0.7237953543319978,1.6318302669688773,0.1331599575770401,1.3044007337708627,541,1
56.301,-1.403760384858737,0.4242622525368578,-0.6908099203110377,1.7069949274625789,0.14634666053664647,1.3461172244450081,541,1
56.326,-1.3597762733009775,0.4277463310783837,-0.6564894931097511,1.8159017771117736,0.12980081157355233,1.3998720090299783,541,1
56.351,-1.3129652960031535,0.43075229311553503,-0.6208163198595428,1.8670449575896026,0.14535387481969636,1.4261178198423174,541,1
56.376,-1.2664240254215027,0.43501402481936813,-0.5851836021176391,1.9275892902774405,0.15991949600834024,1.452009638076373,540,1
56.401,-1.2165858314892732,0.4387482679159527,-0.548215837955718,1.9953407404290666,0.17156260682956928,1.4695410024722202,534,1
56.426,-1.1666569884000408,0.4435921551608473,-0.5117065519940219,2.0594722520902016,0.16896923254865653,1.4628068046189866,533,1
56.451,-1.113612218884769,0.4471967295433851,-0.475075497724773,2.149208966599765,0.14570962074601784,1.4762442902138457,527,1
56.476,-1.0591965400700587,0.4508776361981478,-0.4378943374833339,2.201239921228165,0.1647776894500557,1.4761617224091723,522,1
56.501,-1.003550222823367,0.4554356140158874,-0.4012674116043186,2.198936276350344,0.18160470443959525,1.4440640686551742,516,1
56.526,-0.9492497262525321,0.45995787142012834,-0.36569113405056897,2.157593423036839,0.16684521895761215,1.4247813661946502,514,1
56.551,-0.8956705516715159,0.4637778749637687,-0.33002834329458025,2.110649605662649,0.14022708550583982,1.4230709698582364,510,1
56.576,-0.8437172459694057,0.46696922569541993,-0.2945375855576614,2.0926386601541105,0.1651700480458223,1.356678917587472,506,1
56.601,-0.7910386186638163,0.47203637736605936,-0.2621943974152103,1.9624535229825906,0.18343870230782922,1.289738145126924,504,1
56.626,-0.7455945698202817,0.47614116081081087,-0.23005067830131878,1.8081022349625444,0.16205141054650046,1.2604819853040263,510,1
56.651,-0.7006335069156814,0.48013894789338507,-0.19917029815000364,1.7243105807757115,0.12225827299044713,1.2044346201674687,513,1
56.676,-0.6593790407814888,0.48225407446033375,-0.16982894729294015,1.5682010003645999,0.11267258084498996,1.1391517431374458,517,1
56.701,-0.6222234568974558,0.48577257693563425,-0.14221271099313454,1.4335033099468613,0.12354536613446579,1.0755895894752665,518,1
56.726,-0.5877038752841498,0.4884313427670567,-0.11604946781918009,1.324014754244118,0.10212635224730507,1.0009373028405424,520,1
56.751,-0.5560227191852537,0.4908788945479992,-0.09216584585111005,1.201975831692514,0.10896227193575818,0.9148659154801672,520,1
56.776,-0.527605083699519,0.49387945636384506,-0.07030617204516784,1.1110129267666775,0.10537445680825032,0.8448259196641307,521,1
56.801,-0.5004720728469151,0.4961476173884122,-0.04992454986789981,0.9883058406467689,0.08678421669451812,0.7778829864537771,520,1
56.826,-0.47818979166718334,0.4982186671985707,-0.03141202272248134,0.8240457104037704,0.0653794829074798,0.6836936569587271,521,1
56.851,-0.4592697873267289,0.499416591533786,-0.01573986701996538,0.7088254117039064,0.04511690979688211,0.5756166786424072,521,1
56.876,-0.44274852108199003,0.5004745126884147,-0.0026311887903625658,0.6093523995167252,0.03860771771166731,0.5182420742367901,523,1
56.901,-0.42880216735089005,0.5013469774193695,0.010172236691876477,0.4900501649388526,0.04055594422916907,0.4408101671336497,522,1
56.926,-0.4182460128350453,0.5025023098998733,0.019409319566321605,0.36316726012025136,0.03329771015930317,0.34417757683040406,524,1
56.951,-0.4106438043448785,0.5030118629273346,0.027381115533395662,0.2642953017234157,0.018211249376059925,0.2844715348849453,524,1
56.976,-0.4050312477488753,0.5034128723686763,0.03363289631056812,0.14209075958859482,0.01974851948002622,0.21786240674034468,523,1
57.001,-0.4035392663654492,0.5039992889013358,0.038274235870412315,0.04905384461553445,0.0064940067766999805,0.1482951762373259,522,1
57.026,-0.40257855551809835,0.5037375727075113,0.04104765512243498,-0.013571672701210244,-0.001964367823037271,0.10070661837350976,523,1
57.051,-0.40421785000050975,0.503901070510184,0.04330956678908806,-0.08898045552685757,-0.01123721453678403,0.05485853793046536,524,1
57.076,-0.407027578294441,0.5031757119806721,0.043790582018957934,-0.13445230293826702,-0.009793101395461636,0.020245078566630867,524,1
57.101,-0.4109404651474227,0.5034114154404109,0.04432182071741969,-0.16969446229225327,-0.003329964671032937,0.008954737365094953,523,1
57.126,-0.41551230140905315,0.5030092137471205,0.044238318887212635,-0.21231311257119378,-0.01415850977129475,0.014931895405644161,523,1
57.151,-0.4215561207759833,0.5027034899518461,0.04506841548770192,-0.2509186456815246,-0.02079708227932953,0.045964158169727286,521,1
57.176,-0.42805823369313045,0.5019693596331539,0.0465365267956993,-0.24402957694942107,-0.014566323569037138,0.1377211676326418,523,1
57.201,-0.43375759962345367,0.5019751737733943,0.05195447386933383,-0.15926526389488233,0.028960946109914378,0.29190860454190276,523,1
57.226,-0.4360214968878741,0.5034174069386496,0.06113195702279347,-0.1161948538580892,0.07441100061373197,0.4571207327952369,523,1
57.251,-0.4395673423163578,0.5056957238040807,0.07481051050909432,-0.09845393341332546,0.1819154678813462,0.6399104331386406,523,1
57.276,-0.4409441935585408,0.5125131803327176,0.09312747867972808,0.005074292165510708,0.30305320416425724,0.8510116232563087,522,1
57.301,-0.43931362770808224,0.5208483840122948,0.11736109167191351,0.0652805833548235,0.37100072139997997,1.0818393168824507,522,1
57.326,-0.4376801643907998,0.5310632164027156,0.14721944452384736,0.05941904949906878,0.4692682488877376,1.3020580136260336,521,1
57.351,-0.436342675233129,0.5443117964566804,0.18246399235321134,0.09020664554445458,0.5714652820891378,1.5061456625604444,519,1
57.376,-0.43316983211357735,0.5596364805071709,0.2225267276518651,0.15354872383466134,0.6758858608667319,1.7163550635588767,520,1
57.401,-0.42866523904139525,0.5781060895000198,0.2682817455311627,0.18756855989100774,0.7959198647001419,1.9192561022684325,520,1
57.426,-0.42379140411902616,0.5994324737421813,0.3184895327652948,0.24097883942244808,0.8726894168085372,2.0849844477543864,520,1
57.451,-0.41661629707027353,0.6217405603404442,0.3725309679188762,0.2653419471362446,0.9527872227993526,2.2265407311787144,520,1
57.476,-0.4105243067622147,0.6470718348821463,0.429816569324224,0.2757860786649692,1.0728427229666349,2.375404413557389,519,1
57.501,-0.40282699313702586,0.6753826964887729,0.4913011885967387,0.3229745398782149,1.1593749900225225,2.4845912993737787,518,1
57.526,-0.39437557976830256,0.7050405843832773,0.5540461342929235,0.3038908190397956,1.2238007042168086,2.5377509103542253,517,1
57.551,-0.3876324521850348,0.7365727316996186,0.6181887341144607,0.34263107943632914,1.315273331799515,2.5758446425322434,518,1
57.576,-0.3772440257964871,0.7708042509732493,0.6828383664195282,0.407913264127041,1.3878763192131938,2.5768846794795364,516,1
57.601,-0.3672367889786839,0.8059665476602743,0.7470329680884303,0.394080360591216,1.4583265828276943,2.5397012763043336,517,1
57.626,-0.3575400077669274,0.8437205801146299,0.8098234302347377,0.394737116316631,1.506933281665124,2.4791902595437527,516,1
57.651,-0.34749993316285066,0.8813132117435369,0.8709924810656285,0.38893676617973844,1.5075709327891953,2.3891591728195487,516,1
57.676,-0.3380931694579388,0.9190991267540961,0.9292813888757254,0.401768421088557,1.5183176547390917,2.2863286849306754,516,1
57.701,-0.32741151210842395,0.9572290944804872,0.9853089153121556,0.42629045347464684,1.501311202656551,2.1380173780268104,518,1
57.726,-0.3167786467842077,0.9941646868869194,1.0361822577770596,0.3847192224739967,1.3842591196357965,1.9443085573815684,518,1
57.751,-0.3081755509847252,1.026442050462273,1.0825243431812286,0.325641097064604,1.2255440819889316,1.76493141087442,517,1
57.776,-0.3004965919309761,1.0554418909863712,1.124428828320788,0.3071583621498942,1.15999362096366,1.6761794055819932,522,1
