t,x,y,yaw,vx,vy,yaw_rate,node_index,wall_factor_valid,accel_bias_x,accel_bias_y,accel_bias_z,gyro_bias_x,gyro_bias_y,gyro_bias_z
0.025,1.0000013796864657,-0.9999999880990741,1.5699949797942137,5.514626308489312e-05,1.894110854827602e-05,-0.00031130626837239106,1,0,0.05,-0.03,3.7684974755267833e-44,4.883263358626103e-42,1.1907990497178172e-36,0.005
0.05,1.0000027583430429,-0.9999995145713604,1.5699871971375043,4.458461258570767e-05,1.0613138402973454e-05,-0.00020818682887417428,2,0,0.05,-0.03,-1.05521574905409e-43,-1.4226945777947057e-41,-4.648231869098733e-37,0.005
0.076,1.0000036535017076,-0.9999994468290155,1.5699843622659408,4.668897429456067e-05,6.559240673485161e-05,-0.00012585764272160407,3,0,0.05,-0.03,-8.256254933309332e-44,4.1666210046821387e-41,-2.4224656460677533e-37,0.005
0.101,1.0000051394807319,-0.9999961693586169,1.5699807783977255,1.468599046816621e-05,0.000102899591807315,9.536763315054486e-05,4,0,0.05,-0.03,-1.389474686709348e-41,-1.8487484618840954e-40,-3.882539264205868e-35,0.005
0.126,1.000004387801231,-0.9999943018494252,1.5699891306475982,-7.730391420768254e-05,6.072092787912096e-05,0.00042766451282538737,5,0,0.05,-0.03,-5.6661909583748266e-42,1.2525248638918683e-40,-1.8930267928307598e-35,0.005
0.15100000000000002,1.0000012742850215,-0.999993133312223,1.5700021616233668,-0.00010782507970485962,0.00011221216032808452,0.00040089872985760156,6,0,0.05,-0.03,3.5476691432237007e-41,3.900277125078728e-40,5.4438852694198774e-36,0.005
0.17600000000000002,0.9999989965472458,-0.9999886912414088,1.570009175584091,-6.892207199848956e-05,0.00018547781314381956,0.0003693956390549148,7,0,0.05,-0.03,2.905631999574041e-40,-3.5536344731398133e-40,4.6850937926168066e-35,0.005
0.201,0.9999978281814216,-0.9999838594215658,1.5700206314053193,-8.857703793996309e-05,0.00021088992141926616,0.00039510845766699287,8,0,0.05,-0.03,8.683297086708954e-40,-8.16412846467279e-40,5.740689072909165e-35,0.005
0.226,0.9999945676953488,-0.9999781467453378,1.5700289310069744,-0.00027877003333953715,0.0002493977176043494,3.3480568557564545e-05,9,0,0.05,-0.03,-3.346678070136608e-40,-4.097748535440288e-40,6.957737575312068e-35,0.005
0.251,0.9999838896797546,-0.9999713895356855,1.5700223054337474,-0.00047410994942209667,0.0003083746168464073,-5.484223574825362e-05,10,0,0.05,-0.03,-1.926031635728467e-39,1.3953862934127727e-40,6.320028746916025e-35,0.005
0.276,0.9999708621978777,-0.9999627280144955,1.570026188895187,-0.0005662129100847396,0.00032419830222840646,0.00010900783957268336,11,0,0.05,-0.03,-4.2811972138338e-39,4.0743626744270086e-39,8.831673710951287e-35,0.005
0.30100000000000005,0.9999555790342504,-0.9999551796205741,1.570027755825726,-0.0006598673808078105,0.00027261182538707024,-6.102624277914971e-05,12,0,0.05,-0.03,-7.788974430624158e-39,3.383721279452009e-39,1.1648714107732883e-34,0.005
0.326,0.9999378688288373,-0.9999490974232261,1.5700231375830478,-0.0006853579678955947,0.0003163159277508321,-0.00015320121415030033,13,0,0.05,-0.03,-9.529348811267723e-39,8.671654941718242e-40,1.4230835809356867e-34,0.005
0.35100000000000003,0.9999213111358556,-0.9999393638241866,1.5700200957650188,-0.0007795167612156819,0.00041701794763371336,0.00014540310946387083,14,0,0.05,-0.03,-4.495208315356278e-40,-5.559453710003578e-39,2.9375481042896066e-34,0.005
0.376,0.9998988929907765,-0.9999282465258444,1.570030407738521,-0.0009270573704012188,0.00039125019129615534,0.00043732803788998364,15,0,0.05,-0.03,-1.4496016916107024e-38,3.095807557766916e-39,8.04153536953287e-35,0.005
0.401,0.9998749582673355,-0.9999198013146218,1.570041962166913,-0.0008259450658854021,0.00027828922377626215,0.00030431862148461137,16,0,0.05,-0.03,-7.064251057532202e-39,-1.8125266572556813e-38,5.9956525331350885e-34,0.005
0.42600000000000005,0.9998575957374822,-0.9999143320646556,1.5700456236695954,-0.0006329499513757498,0.0001361105603248092,0.0001277632362572945,17,0,0.05,-0.03,-2.2868432827424482e-39,4.1442173290023014e-38,2.2306519493203774e-34,0.005
0.451,0.9998433107697667,-0.9999129957866055,1.5700483503287261,-0.0005947609657463994,0.00013809372697570768,8.192541226748064e-05,18,0,0.05,-0.03,9.576642030435731e-40,-1.0887388656864196e-39,6.119155611634083e-34,0.005
0.47600000000000003,0.9998278576891949,-0.9999074273783068,1.5700497199402088,-0.0006339085123130418,0.00011392072269300615,0.00016778907691694658,19,0,0.05,-0.03,1.0456101166799662e-38,4.792732494860776e-38,1.8880394384560539e-34,0.005
0.501,0.9998116153441511,-0.9999072997504709,1.570056739782572,-0.000615945466275747,-6.848676661563859e-05,0.0003646116660327437,20,0,0.05,-0.03,1.4622213170681324e-38,6.4475586201259e-38,2.870630630481562e-34,0.005
0.526,0.9997970604158811,-0.9999108517166376,1.5700679505235104,-0.0005783068149933785,-0.00013672563333733112,0.00040452906467258704,21,0,0.05,-0.03,-2.871312218959956e-38,-5.534363164744682e-38,9.018795840100045e-34,0.005
0.551,0.9997827000034014,-0.9999141360321377,1.5700769662358056,-0.0006210775883741521,-0.00010755533336181945,-6.867281706846022e-05,22,0,0.05,-0.03,5.438388887144054e-38,3.871211573628892e-38,1.0197672168005213e-33,0.005
0.5760000000000001,0.9997660065364624,-0.9999162294833057,1.570064516882657,-0.0006246109845542408,-5.965592977386075e-05,-0.00032082810253797307,23,0,0.05,-0.03,-1.184329655852816e-37,-1.5665581695826383e-37,-3.486670946934783e-35,0.005
0.6010000000000001,0.9997514694541737,-0.9999171188286264,1.5700609248306785,-0.0005210073260575327,-3.015116356586138e-05,0.00021384885286579477,24,0,0.05,-0.03,-3.822645246050008e-37,-1.663923448805973e-37,-1.265082884678035e-34,0.005
0.626,0.9997399561701595,-0.999917737041484,1.5700752093253,-0.0004839456156457984,-9.849396520600364e-07,0.0002583072353168351,25,0,0.05,-0.03,-2.0295902120731954e-37,-1.3943408306366161e-37,-4.9957869833498685e-34,0.005
0.651,0.9997272721733914,-0.999917168075609,1.5700738401924446,-0.00043502848209753215,5.0180753403683506e-05,4.808851620907713e-05,26,0,0.05,-0.03,-6.445008111901819e-38,-3.756865490312729e-37,-4.726238104294937e-34,0.005
0.676,0.9997182047460547,-0.9999152280038138,1.5700776137511108,-0.0003821090922895284,6.297188960724393e-05,0.0002679594931365157,27,0,0.05,-0.03,6.307445723741079e-38,-2.7031849585172584e-37,3.197563929775736e-33,0.005
0.7010000000000001,0.9997081667187769,-0.9999140194811287,1.5700872381671014,-0.0004052944923027542,3.250439559066007e-05,0.0001814035865166373,28,0,0.05,-0.03,-3.3375283477495054e-37,-4.1616863100311395e-37,2.3323920677265746e-33,0.005
0.7260000000000001,0.9996979400214395,-0.9999136027840343,1.5700866839304364,-0.0003383786712518604,-1.974207936905617e-05,0.0001292545651843115,29,0,0.05,-0.03,-2.874044852492318e-37,3.7064939602761917e-38,2.5380411115911075e-33,0.005
0.751,0.9996912477852143,-0.9999150065850971,1.5700937008953606,-0.00021720036665451333,-2.3206749997228857e-05,0.00013631464439001225,30,0,0.05,-0.03,-6.927607388437155e-37,1.5309454955167769e-37,-2.0743194083800086e-33,0.005
0.776,0.9996870800031068,-0.9999147631215342,1.5700934996626559,-0.0001718467983868875,8.3082720059302e-06,-8.267351915947068e-05,31,0,0.05,-0.03,-8.494786911141717e-37,8.834243406621961e-37,-3.784545529214497e-33,0.005
0.801,0.999682655445295,-0.9999145911714968,1.5700895672194026,-0.00013796096003160216,7.704347586567899e-06,0.00017087736938314874,32,0,0.05,-0.03,-8.110139569683408e-37,5.348300331413551e-38,-7.488088053709265e-34,0.005
0.8260000000000001,0.9996801819551052,-0.9999143779041548,1.570102043531125,-0.00012775322282276836,3.952360549952513e-05,0.0002875197762008949,33,0,0.05,-0.03,-1.9502690842784814e-36,6.819071261507351e-37,-2.2002457468810914e-33,0.005
0.8510000000000001,0.9996762677841539,-0.9999126149912219,1.5701039432082124,-0.0001410426750081408,8.292666265230519e-05,0.0005606832675653103,34,0,0.05,-0.03,-1.0290708156829233e-36,1.0130122750950389e-36,-3.745590937198364e-35,0.005
0.876,0.9996731298213548,-0.9999102315710222,1.5701300776945035,-6.0007974367337706e-05,0.00011976614735287344,0.0003394781878807156,35,0,0.05,-0.03,-1.8340260309686804e-36,8.933580587015866e-37,-8.358957227733663e-33,0.005
0.901,0.9996732673854355,-0.9999066266838542,1.5701209171176065,2.184313986575146e-05,9.215356793657029e-05,-0.00014997328223742543,36,0,0.05,-0.03,-9.790918939255185e-37,5.95145061478675e-37,1.2646382593016606e-33,0.005
0.926,0.9996742219783481,-0.9999056238926254,1.5701225790303919,7.204006475802764e-05,-2.161041341208756e-05,0.00025576797696658083,37,0,0.05,-0.03,-1.0519406884371934e-36,5.610612738832558e-37,-4.665812623730611e-33,0.005
0.9510000000000001,0.9996768693886734,-0.9999077072045248,1.5701337055164548,7.557423877591056e-05,-0.00014202780459271467,0.00029703798540836574,38,0,0.05,-0.03,-1.3374998369501427e-36,4.4251395961063776e-36,-8.44485237750025e-33,0.005
0.9760000000000001,0.9996780006902869,-0.999912725282855,1.5701374309296625,2.7808952707264565e-05,-0.00022118143342853081,0.00015601853912805606,39,0,0.05,-0.03,-1.9388910073037924e-36,-5.813118208389769e-36,-1.814100608245207e-32,0.005
1.001,0.9996782598363088,-0.9999187662761962,1.5701415064434112,-7.751797974187024e-05,-0.00024739168967169466,0.00024214602300176612,40,0,0.05,-0.03,-3.085356914972158e-36,2.2162083852265746e-36,-1.0925340044473255e-32,0.005
1.026,0.9996741247912998,-0.9999250948673386,1.5701495382308128,-0.00016164018152409185,-0.0002895247963641265,5.4704172800512604e-05,41,0,0.05,-0.03,-2.0749222743239344e-36,2.910435634780215e-35,-2.127370707091684e-32,0.005
1.051,0.9996701778272326,-0.9999332425160145,1.570144241652051,-8.937910755513193e-05,-0.00035115656154882625,0.00023973982093750102,42,0,0.05,-0.03,-2.6988566011620688e-36,5.588766489203307e-36,-2.4007844363221334e-32,0.005
1.076,0.999669655835922,-0.999942652695416,1.5701615252218597,-9.022671028091614e-06,-0.0003643604913095008,0.0003021287284710181,43,0,0.05,-0.03,-1.605396233903041e-36,1.4074821879433675e-35,-2.657370479001807e-32,0.005
1.101,0.9996697266936811,-0.9999514605405799,1.5701593480884746,-6.819856528395032e-06,-0.00032587017140706223,0.00026766673253853055,44,0,0.05,-0.03,-1.1294101564042446e-36,-9.19155494450768e-35,-1.4273258781978575e-32,0.005
1.126,0.9996693148430956,-0.9999589462039864,1.5701749085584866,3.7310477039031975e-05,-0.00027414322736341013,0.00018315902187815409,45,0,0.05,-0.03,-8.232871038393621e-37,-5.910657803073868e-35,-7.055234708898408e-33,0.005
1.151,0.9996715922175331,-0.9999651677019481,1.5701685060395685,0.0001430749144293307,-0.00025827146310941607,-0.0003629928904036458,46,0,0.05,-0.03,1.9001239588911923e-37,-8.359762534917523e-36,-4.070212057363662e-32,0.005
1.176,0.9996764685888171,-0.9999718597771419,1.5701567589139664,0.00023023233238550467,-0.00028048985857731496,-0.0005257979266559683,47,0,0.05,-0.03,1.8219840979651504e-36,2.629788923945418e-35,-1.3660067725198655e-32,0.005
1.201,0.9996831038341524,-0.999979192194877,1.5701422161432355,0.0003095692616783549,-0.00025292505383411857,-0.00042185308004150064,48,0,0.05,-0.03,1.8608171704382862e-36,-6.127243063184597e-35,-9.892701752146025e-33,0.005
1.226,0.999691947051901,-0.9999845060298336,1.5701356662599646,0.0002763613122946938,-0.00023475669038042297,-0.0002276957792624054,49,0,0.05,-0.03,1.628605291596682e-36,7.888670853483386e-35,-1.3416264818206877e-31,0.005
1.251,0.9996969218997671,-0.999990930029396,1.5701308313542721,0.0002461521117225194,-0.0003008680112626114,-0.00010601698366308189,50,0,0.05,-0.03,1.1500505783067597e-36,2.3300789135836395e-34,-7.931509583452374e-32,0.005
1.276,0.9997042546574871,-0.9999995494303967,1.5701303654107814,0.0003845965346949122,-0.00031492900891327667,0.00019899031367564995,51,0,0.05,-0.03,7.46432085034951e-37,2.324372371707906e-35,-1.1597684200599015e-31,0.005
1.3010000000000002,0.9997161517265019,-1.0000066764798416,1.570140780869956,0.0005762376903195582,-0.0002695574607014526,0.000277267538191239,52,0,0.05,-0.03,2.328654579656993e-36,-7.105465375757835e-34,-7.488862762301605e-32,0.005
1.326,0.9997330665420031,-1.0000130273034318,1.570144228787691,0.0006960970250324852,-0.0002890166750946232,0.0004027688598196036,53,0,0.05,-0.03,2.755470094269317e-36,-1.9016236067105648e-35,-2.765166961406371e-32,0.005
1.351,0.9997509565777535,-1.0000211273135964,1.5701609193129469,0.0007708567859410236,-0.0003141815535334669,0.00013019470519459777,54,0,0.05,-0.03,2.846747713881408e-36,-1.0397117962424823e-33,-1.038005156803585e-31,0.005
1.376,0.9997716093813002,-1.0000287363811085,1.5701507385229507,0.0008722906346969587,-0.00031673642908458505,-0.00021060359395974596,55,0,0.05,-0.03,3.002052245203325e-36,-1.0785980489243427e-33,3.0809491928638014e-32,0.005
1.401,0.9997945711094883,-1.0000369641350506,1.5701503891332487,0.0009424085316589398,-0.0003436247940236096,-6.024504616064487e-05,56,0,0.05,-0.03,2.8192106007490142e-36,-1.6223556222499875e-34,-1.114984399751338e-31,0.005
1.4260000000000002,0.9998187298078831,-1.0000459176208096,1.5701477262706425,0.00101419629920274,-0.00033389451367327156,0.00016035505916889279,57,0,0.05,-0.03,4.252674780750111e-36,-1.574752787318622e-33,3.3482726297609075e-32,0.005
1.451,0.9998452809244485,-1.0000536588607343,1.5701584068862071,0.0010632057521786679,-0.0003304017815342076,0.00023579994518741016,58,0,0.05,-0.03,4.32839599084911e-36,-1.827371767286757e-33,5.19957562744958e-32,0.005
1.476,0.999871890095492,-1.0000624377098863,1.5701595162679018,0.001041386759230715,-0.0004637405955021395,0.00016715262704636362,59,0,0.05,-0.03,-2.998181077317838e-37,-4.243472808343959e-33,-2.3116492357271375e-31,0.005
1.501,0.99989735026241,-1.0000768458905094,1.5701667645175597,0.0009911603866297183,-0.0006035697294537451,0.0002688517945781397,60,0,0.05,-0.03,-8.795394958532387e-37,-2.54034855097492e-33,-2.3176397858732905e-31,0.005
1.526,0.9999214481148235,-1.000092616196359,1.5701729588576308,0.0010003646035494586,-0.0006896520676624681,0.0002335099084227453,61,0,0.05,-0.03,-1.2433745025758004e-36,5.380367710578285e-34,-9.647872291766573e-32,0.005
1.5510000000000002,0.9999473684925875,-1.0001113284938925,1.5701784400129806,0.0010276773869688496,-0.0007741655771820171,0.0002057817728484677,62,0,0.05,-0.03,2.426850178386126e-36,5.474044531128804e-33,2.745489114262738e-32,0.005
1.576,0.999972831984172,-1.0001313244752181,1.5701832479462734,0.001010903810410028,-0.0007689251005826874,0.00014744810711953045,63,0,0.05,-0.03,2.422062897430917e-36,-1.5969113592754706e-33,-3.490093957498524e-33,0.005
1.601,0.999997913683108,-1.0001497747489216,1.5701858124183365,0.0010637007717639905,-0.0007234314037685178,0.00019576959265244013,64,0,0.05,-0.03,2.24653157014476e-36,-2.7990021033731186e-33,8.649597608776799e-33,0.005
1.626,1.0000260170227602,-1.0001674960454066,1.570193036425906,0.0011939416422657157,-0.0007417254114239207,-7.080484820676241e-06,65,0,0.05,-0.03,-2.160382885654873e-36,-8.202929052762641e-33,-3.5155073880111175e-31,0.005
1.651,1.0000576107652213,-1.0001868610194928,1.5701854583940953,0.0013188788611584387,-0.0007736194584628778,-0.00017884318610938881,66,0,0.05,-0.03,1.796835406048256e-36,-8.005923756109797e-33,1.9912903719257846e-32,0.005
1.6760000000000002,1.000091960965818,-1.0002061770183297,1.5701840942666008,0.001428799084304265,-0.000713444097661941,6.81961301829403e-05,67,0,0.05,-0.03,4.135287101707763e-36,2.17337725567219e-33,3.8772480619266455e-32,0.005
1.701,1.0001290507194365,-1.000222533224376,1.5701888682006044,0.0015037380218263562,-0.0007012816315743489,0.00032259402225953807,68,0,0.05,-0.03,7.794535111941619e-37,-1.128872792144533e-32,-6.309139261495995e-33,0.005
1.726,1.0001671478669094,-1.0002412410999084,1.5702002239677137,0.0015499327143153661,-0.0007720138863120978,9.667076641406459e-05,69,0,0.05,-0.03,9.176213643666902e-36,-1.3521238597347776e-32,5.174076808239577e-31,0.005
1.751,1.0002065473551522,-1.0002611339186915,1.570193701738925,0.0016004304826955347,-0.0008219461326808279,-0.0002545618095250999,70,0,0.05,-0.03,5.241774500225855e-36,2.1994242645466273e-32,6.2911436168163e-31,0.005
1.776,1.0002471693910442,-1.0002823384065425,1.5701874958772375,0.0016368179510273164,-0.0009328710667411094,-0.0002914769632056375,71,0,0.05,-0.03,-2.42020430601724e-36,7.993911842663092e-33,-7.747241722897576e-31,0.005
1.8010000000000002,1.0002883882527036,-1.0003077774720286,1.5701791278907646,0.0016250954772756272,-0.001034974018545575,-0.0004144808686135089,72,0,0.05,-0.03,1.0285852209012544e-35,9.778394051223022e-33,6.025109659518637e-31,0.005
1.826,1.000328424164908,-1.0003340871074697,1.5701667718338066,0.0016615232105143876,-0.0010699832985316998,-0.0005842581659365485,73,0,0.05,-0.03,7.361481220886834e-36,1.8835462575247077e-32,-2.3504761879572595e-31,0.005
1.851,1.0003714644132293,-1.0003612766369552,1.5701499149824676,0.0017176791354778292,-0.001118807032161055,-0.000689637690083347,74,0,0.05,-0.03,1.3055856420271558e-36,3.295647901474883e-32,-1.181644039667743e-30,0.005
1.876,1.0004143081216819,-1.0003900274590778,1.5701322899493027,0.001736945262256205,-0.0011771647053970813,-0.00023655711030912108,75,0,0.05,-0.03,4.664226482096558e-36,4.827618152627938e-32,-1.1909570392277263e-30,0.005
1.901,1.0004583116763421,-1.000420134872225,1.570138087126952,0.0018011272270568217,-0.0012686384526450145,0.00020648453203264583,76,0,0.05,-0.03,-9.631799348687087e-36,5.047614154500109e-32,-5.081611690446463e-31,0.005
1.9260000000000002,1.0005043644830347,-1.00045345938171,1.5701426141759045,0.0018602504240572398,-0.0013792343204288558,5.541769095174227e-05,77,0,0.05,-0.03,-1.196323753805795e-36,3.292170012153075e-32,-5.0728217045610995e-31,0.005
1.951,1.000551324197545,-1.0004890965882465,1.5701408580114993,0.0018575323697511757,-0.0014357281526944429,-0.0002531972056107899,78,0,0.05,-0.03,-1.1202133314299814e-36,3.41286172761416e-32,-4.867812130815249e-31,0.005
1.976,1.0005972411015223,-1.0005252457893448,1.570129954315624,0.0018097431461239276,-0.0014389515009227746,-0.0003041161902039857,79,0,0.05,-0.03,1.3331231334992214e-35,2.3357132230862535e-35,2.2119029825633983e-31,0.005
2.001,1.0006418113548512,-1.0005610441632926,1.5701256522019893,0.001763202864486508,-0.001456656819662788,-0.0003569386185819935,80,0,0.05,-0.03,2.747024957745561e-35,3.2317716620183495e-32,-1.4341492452232595e-30,0.005
2.026,1.0006854012447466,-1.000598078630328,1.5701121073846949,0.0017541398965814543,-0.0015184274280421936,-0.0002673284143472884,81,0,0.05,-0.03,-8.812145657802637e-36,6.265068507366641e-32,-1.3785933222534309e-30,0.005
2.051,1.0007295183496803,-1.0006369655346947,1.570112285781272,-5.947497546237742,4.095523976941461,-2.7305181056569916,82,0,0.05,-0.03,3.323223832688331e-35,-9.242400902474418e-33,2.221619147154817e-31,0.005
2.601,-2.4191256878419565,1.3543282081110128,6.419663192411057e-05,-5.947009678167902,4.094508133973846,-2.730527333707954,1,0,0.05,-0.03,3.323219999151391e-35,-9.243247456021472e-33,2.2216200000139428e-31,0.005
2.626,-2.4188010465968617,1.3537052115002652,5.906889919895416e-05,0.008610959467283439,-0.00639929621487847,-5.145820519025808e-05,2,1,0.049998727330853455,-0.02999731857905004,1.555794481084253e-09,-6.422616560495529e-06,-7.632482334508938e-06,0.004988482000104426
2.651,-2.4186951398685923,1.354008243300269,6.16237216647547e-05,0.00531243451252547,0.009170867010821433,-0.00038731607590491784,3,1,0.05000025683912508,-0.03000674365832954,5.231536803224834e-08,-4.0496269528366056e-05,5.0984296103096335e-06,0.005010523322929072
2.676,-2.4185354248712354,1.3541637548508063,3.97030954036264e-05,0.001644562768010607,0.0007688289389040607,-0.0014510863425076714,4,1,0.05000084303710786,-0.03001475592588223,1.7332187492496958e-07,-8.926992426199515e-05,5.1135528221866935e-06,0.005100026160701998
2.701,-2.4186129117301918,1.3540466847472141,-1.0930595460785169e-05,-0.0027286309349339273,-0.0061808588670908765,-0.0013112514007662713,5,1,0.05001402323574202,-0.03000924539286751,1.640811946530569e-07,-0.00012100341451269857,9.086817414744816e-07,0.005289109796406695
2.726,-2.418671856417982,1.3538547119074518,-2.5859474634762934e-05,-0.0027617644275324082,0.00045156849291405783,-0.00029719169890363265,6,1,0.0500293938536587,-0.029994502371337304,2.266269385539944e-07,-0.00014599416034805876,-1.5469931842109108e-05,0.005270972557782292
2.751,-2.4187509999515684,1.3540692631718598,-2.579018040593074e-05,-0.007683778708527127,0.003930221613148724,0.0007097688960211482,7,1,0.05005147502166774,-0.030043482365487713,2.1692062930090268e-07,-0.00014510233843036198,-4.650942733887565e-05,0.005193490975460325
2.776,-2.4190560453534085,1.3540512229881092,9.628970166180407e-06,-0.009259489030641839,-0.0025128546012220675,0.001132754652068962,8,1,0.05012622670530269,-0.03004439974397279,3.302221149620168e-08,-0.00010778622778578522,-1.7923051841738328e-05,0.005057237161634258
2.801,-2.4192139744031005,1.3539436204417987,3.084755219772173e-05,0.00795449749363182,-0.0004386223439478675,0.0005078269245473139,9,1,0.050168243286163025,-0.030014451377220763,-5.628888368414873e-07,-8.93248279633204e-05,-2.228994749741244e-06,0.0049882140234526594
2.826,-2.418658320478727,1.3540292918709118,3.502031639337684e-05,0.005206734926943586,0.003641481174785368,-0.0010191366380407666,10,1,0.04993175904418777,-0.03006729296878288,-1.6178751394429564e-06,-8.265506428355405e-05,1.98479921154747e-05,0.004982614035450698
2.851,-2.4189536376567533,1.354125694500538,-2.010927970426394e-05,-0.007652001935847279,0.005538655282464353,-0.0012939572921677512,11,1,0.05010444929531226,-0.030129228509130985,-3.5143387077935846e-06,-6.530575087376047e-05,1.2503378089911125e-05,0.005167863472764554
2.876,-2.4190409205755192,1.354306224635035,-2.9677548215218004e-05,-0.000438481267384107,0.006305694861090694,-0.0018788880890152693,12,1,0.050158722403452906,-0.030249601599252683,-8.828869177663468e-06,-6.8563679506278e-05,1.7892716937580467e-05,0.005167971733709203
2.901,-2.4189755617201225,1.3544409792435925,-0.00011405368415498774,-0.003677424445305258,0.0006324103604260467,-0.002466002992989034,13,1,0.05010310411591077,-0.03033348752630927,-1.6539817842525262e-05,-6.88173418893025e-05,2.9507863363557045e-05,0.005358892616018333
2.926,-2.4192247917977845,1.3543378451530563,-0.0001529776978647727,0.0012689350646866093,-0.007025956714712363,-0.00041713086232242125,14,1,0.05031237439508541,-0.03019380735166515,-2.86226729058362e-05,-7.564838736254339e-05,4.253401187917484e-05,0.0054008750882201155
2.951,-2.418912114966888,1.354089681407857,-0.00013491022727088887,0.0014545231891460782,-0.009346234195914993,0.00198578758838331,15,1,0.049981886485039616,-0.029907605712781782,-4.2232884664102694e-05,-7.787304100923581e-05,4.4168800626827146e-05,0.005296924949096712
2.976,-2.419152065638327,1.3538705334432606,-5.3688318445486294e-05,-0.0009884213710265079,-0.0011115383380877514,0.0013064398355844321,16,1,0.05024687145485876,-0.029678516281981114,-5.828996588939999e-05,-7.614793762497732e-05,4.176848458510693e-05,0.0050233758886137035
3.001,-2.4189615360354395,1.3540341044909525,-6.958823549164228e-05,0.007539842258976775,0.0016026663830981448,-0.0012711178589963669,17,1,0.050009608269313,-0.029933802804042554,-7.426064404991169e-05,-7.292949366151682e-05,4.8254810151211554e-05,0.0050464947747478235
3.026,-2.4187750735253783,1.3539506667624155,-0.00011724421139515415,-5.815126702834985e-05,-0.00796101191201877,0.001205218058606399,18,1,0.049798911239561316,-0.02984293798168107,-8.973623862310292e-05,-7.227598953505303e-05,3.5231327523011386e-05,0.0051340066985634605
3.051,-2.418964443598791,1.3536360538953516,-9.327332561102084e-06,-0.00643181567845371,-0.002268561279419311,-8.400133833852363e-05,19,1,0.050078889427230544,-0.02945453187895246,-0.00010304712786391361,-7.292029852233016e-05,3.214131523429392e-05,0.004906166325038154
3.076,-2.419096664309301,1.3538372386984445,-0.00012144427831189245,-0.0033450833533610453,0.006658806053474488,-0.002713296828478216,20,1,0.05025068207920669,-0.02981420536620125,-0.00011543405400573407,-6.538554501374157e-05,3.02195869938879e-05,0.0051292608324905896
3.101,-2.419131697766459,1.3539689941980253,-0.00014499217398508134,0.001892311803963771,0.005318508631280158,-0.003466457027947468,21,1,0.050272965875081725,-0.030032002667047007,-0.00012851970183962104,-5.848231767286326e-05,2.0834100812981177e-05,0.005160906100511132
3.126,-2.419002048719103,1.3541031641300085,-0.00029476712970940796,0.00683686058476243,0.003220370530514505,-0.0026251903322283094,22,1,0.050073789633843346,-0.0302227234407443,-0.0001396189577235199,-5.231514997048881e-05,1.3853541521683668e-05,0.0054224513102244685
3.151,-2.418789854737221,1.354130012724551,-0.0002762516905963438,2.923048576519689e-05,-0.0002922600786714453,-0.00012302948043441055,23,1,0.04979409395473332,-0.03023986325253135,-0.00014952616418015897,-4.523627410950723e-05,5.6650476026295535e-06,0.0053842557919567685
3.176,-2.4190005871948146,1.354088551126075,-0.0003009186037309882,-0.003697157000415155,-0.0011136846204839953,-0.0002659707156027466,24,1,0.05011444810118835,-0.030158574440416516,-0.00015855633234030994,-4.054565788780099e-05,1.5631708224244387e-05,0.0054075083667974875
3.201,-2.4189747125872416,1.3540743284935268,-0.00028955022637657023,-0.003539201562920992,0.0015385064651596335,-0.0015606053821226652,25,1,0.05007220663497281,-0.03012894748175787,-0.00016721412256833528,-3.5735410473041444e-05,1.7744578179199523e-05,0.005380908626733061
3.226,-2.4191775472729606,1.354165476449333,-0.00037894887283710537,-0.00345550594103018,0.0014466025441084492,-0.0003303047096192569,26,1,0.050337805384762735,-0.030250140665605094,-0.00017509447468430197,-2.6750790661767408e-05,1.9918661706224507e-05,0.005517280482131878
3.251,-2.419147487884293,1.3541466586207322,-0.0003060654618577425,0.0029130788928100164,-5.4741925574752967e-05,0.0012924833014960103,27,1,0.050254400923119336,-0.030202175610036363,-0.00018385285315274016,-2.6084504106569205e-05,1.970061386025855e-05,0.005384875163303116
3.276,-2.41903189332832,1.3541627393530542,-0.00031432470776218734,0.0029440810475733614,-0.00019663803876745939,-0.0004760211159293678,28,1,0.05007332797349425,-0.03020748638339391,-0.00019480470825857348,-2.988536508750614e-05,2.239050880589002e-05,0.00537736340433291
3.301,-2.4190002838319145,1.3541368267187939,-0.00032986651765406377,-0.0045444600149924,-0.002469021366229272,0.00018135177902500646,29,1,0.05002794589857657,-0.03015375148740838,-0.00020883010717033675,-3.6086897495021206e-05,1.990528466980283e-05,0.005371806687404
3.326,-2.4192591163290698,1.3540392882847427,-0.00030525711881085115,-0.007342433982531231,-0.0029974716361147566,0.00044385905698440966,30,1,0.05036115941707306,-0.03001155311473787,-0.00022342238351416308,-4.4025760632298804e-05,1.657243694760553e-05,0.005319922091295493
3.351,-2.419367405531041,1.3539869531369881,-0.00030767356480487307,0.00045440851222267205,-0.0004905816523903556,8.07106878220057e-05,31,1,0.050454005621683166,-0.02995146003407856,-0.00023735665227510506,-5.073582043062024e-05,7.725783399660746e-06,0.005284973708476341
3.376,-2.4192363959034586,1.3540147592021232,-0.00030122158441987307,0.001274748822348575,0.007873759285970144,-0.0007780893418729589,32,1,0.05023827465396854,-0.0300026793297318,-0.00025166745517245747,-5.3133757226759846e-05,2.6617794803570784e-06,0.00525489226970127
3.401,-2.4193036680899236,1.3543806411012866,-0.00034657803189844244,-0.004177025334488582,0.0033025685547860384,-0.000582239769641998,33,1,0.0503020681056827,-0.03047637675058025,-0.00026728996742197633,-5.028465139215843e-05,4.895370206025502e-07,0.00529692459100209
3.426,-2.419445247170183,1.3541798876298625,-0.00033033357290182107,-0.0002550595996186886,-0.0008833657212248223,-0.0002818345892841008,34,1,0.05044654620039279,-0.03015999287937853,-0.00028370403855796224,-5.713808626007355e-05,-2.0795835920187293e-07,0.0052469315463548796
3.451,-2.4193164210699045,1.3543364728152254,-0.0003606697613627409,0.0009138812777287374,0.005728817486612157,-0.0009192914270617113,35,1,0.05024411726476536,-0.030340941519616606,-0.0002992809242567897,-5.826294249332319e-05,-6.527325502910934e-06,0.005276713550219759
3.476,-2.4193995531062966,1.3544663285041931,-0.0003762981442547586,-0.0023501010997151266,-0.003231190357970715,0.0014144787125314245,36,1,0.05032624127556973,-0.030458959405985506,-0.0003154761844736868,-5.537083396948524e-05,-1.1027437769972787e-05,0.005278746361726635
3.501,-2.4194339261248903,1.3541749132973269,-0.00028994582573597634,0.003485259608249093,-0.008579095816223545,0.0026184878968838012,37,1,0.05033486246665631,-0.03003905518852111,-0.0003342292112235307,-5.9546044954150844e-05,-1.4485049643765421e-05,0.005171774919136493
3.526,-2.419225290125884,1.354037373713382,-0.00024537374941060026,0.00855959498137433,-0.0026384103479504123,0.0010432183439945618,38,1,0.05005903087255333,-0.02987784048493542,-0.0003548801392173924,-6.317433562648146e-05,-1.942927085519894e-05,0.005119441330467159
3.551,-2.4190059463758216,1.3540429927799293,-0.00023778490853631175,0.00596548352925549,0.003183906236019479,-0.0010031324131975995,39,1,0.049819226510402895,-0.029917744145836624,-0.0003753628210168741,-6.091918294480809e-05,-2.5839761777405886e-05,0.0051052756212376
3.576,-2.4189270159494214,1.354196569025183,-0.00029553037007037805,0.003242194785313413,0.0028366424349402053,-0.0009863609556859422,40,1,0.0497775080410277,-0.03013190880286394,-0.00039455997824873446,-5.816178851889999e-05,-3.1376226369028807e-05,0.005169662887961541
3.601,-2.418843836636556,1.3541848249016764,-0.00028710295632058226,-0.00217078943869354,-0.0014089834518138439,0.000860410116532154,41,1,0.0497390855401987,-0.030114994705206052,-0.0004144621530454234,-5.511989735291693e-05,-3.5910309374758335e-05,0.00515676424086156
3.626,-2.419035555421356,1.3541261198525922,-0.0002525098642439542,9.60782461412183e-05,0.004129096620801868,-0.001042097839230042,42,1,0.05001473516876798,-0.030041733400003302,-0.0004352865459052016,-4.795463138556323e-05,-3.69525324326181e-05,0.005112358242562581
3.651,-2.418839032724249,1.3543912797327164,-0.0003392078482820735,0.002984161081913667,0.0017741893245615164,-0.001984359185982488,43,1,0.04980677192175923,-0.03036362721976047,-0.0004558547333920569,-3.9269630434097646e-05,-4.291121293339099e-05,0.005191206523468654
3.676,-2.4188863473672604,1.3542148293188203,-0.00035172782354325245,0.006654751613863716,-0.003454148566111019,0.0002461745894333221,44,1,0.049903516031185695,-0.030111497772155518,-0.00047606575309714575,-3.621434752682206e-05,-4.638978202303027e-05,0.005176571528555441
3.701,-2.4185062951435556,1.354218572304411,-0.000326899118810401,0.006148540928174761,-0.00425508515625063,0.0014763293360253778,45,1,0.049507756832358966,-0.03010880209264264,-0.0004934102849986305,-3.371291136415333e-05,-5.3815844541046924e-05,0.0051382019712301295
3.726,-2.4185789203208516,1.3540020750610078,-0.0002779113567419982,0.002043073539557135,-0.0037514885009537614,0.0009273542781151921,46,1,0.049679095815383566,-0.02985035741034037,-0.0005076954303400237,-3.41450521559167e-05,-5.7851741121257455e-05,0.005087332568233948
3.751,-2.418404141466578,1.3540309978793632,-0.00028053140490464306,0.0020618822085616347,-0.0019517003683144976,1.1306179761305698e-05,47,1,0.049548970095431064,-0.029911213556894817,-0.0005196188118015482,-2.939585038229407e-05,-6.269008034182346e-05,0.005079913905265879
3.776,-2.4184758262104236,1.353904490042592,-0.000277346047753892,-0.001331174946717077,-0.00029671656753382634,0.00010951673195869147,48,1,0.04970827130952088,-0.02978050416412596,-0.000529012556218995,-2.321312337413121e-05,-6.458894801144778e-05,0.005059426312475359
3.801,-2.4184707002139136,1.3540161620509865,-0.0002750555683065478,0.0016055829126315673,0.005357557483311986,-0.0003896851634710409,49,1,0.04975858192527231,-0.02994415655714423,-0.000538435216407618,-1.5368370625256206e-05,-6.776573769093809e-05,0.0050502718049683796
3.826,-2.418395547064792,1.3541723679167577,-0.0002968303059274337,0.00010252486835504763,0.0018796385782593528,-0.00020977123968535312,50,1,0.049721650468626775,-0.03013062818903671,-0.0005495031935012834,-4.5777950957035965e-06,-7.026129112099923e-05,0.005071624426694526
3.851,-2.418465573970496,1.3541101439798995,-0.000285544130290752,-0.009394177049042473,-0.0020744937814365445,0.0009471518279902147,51,1,0.049847941587313475,-0.03003649308636219,-0.0005624101960703949,-2.5779832758727744e-07,-7.264806422563055e-05,0.005054160195005629
3.876,-2.418865255917244,1.3540686432276858,-0.00024947271452808957,-0.006036732573697656,-5.0590916731430196e-05,0.0005620647084025895,52,1,0.050314732057781766,-0.02998006515669683,-0.0005780732335761884,1.959043873665615e-06,-7.224091703893735e-05,0.005020202452062779
3.901,-2.4187674105991808,1.354107614434063,-0.00025744089487076706,-0.005013129217612517,-0.0023339339660921484,0.00029807062865927334,53,1,0.05017343727793568,-0.030027735325954118,-0.000596694336987961,4.828894911678779e-06,-7.564839848778257e-05,0.005017622114214959
3.926,-2.4191159123781247,1.3539519465293812,-0.00023456918309500404,-0.007976649593786035,-0.004842259934498801,0.0008481723207509572,54,1,0.050536646208246064,-0.029850673680850273,-0.0006164863341658941,6.898346165252454e-06,-7.392006818965685e-05,0.004996798855273904
3.951,-2.41916624307887,1.353865501437338,-0.00021503227883307852,-0.002607159270953128,-0.0014410418750188166,0.0006087502668794564,55,1,0.05052563197126099,-0.029780003998000223,-0.0006357159322845424,7.371589416273166e-06,-7.493626127536407e-05,0.004980299160268949
3.976,-2.4192462703416724,1.3538798944356303,-0.0002041316697509101,0.0004265891061372406,0.002620131654178501,0.00048714792447945594,56,1,0.05055115924386278,-0.029830407888953275,-0.0006536436832088163,7.74169783957989e-06,-7.636983339854154e-05,0.004969079088719702
4.001,-2.419144913623563,1.353996508020047,-0.00019067488260919658,0.0025335661914471876,0.00357471674309552,0.0004977836988828716,57,1,0.0503812019069932,-0.02998495689263196,-0.0006708998066299761,9.921531375232771e-06,-7.950041848865152e-05,0.004975500784637168
4.026,-2.4191195920321,1.354058630272785,-0.00017924248480676784,0.0013723104763663277,8.175060350890135e-05,9.202486571879864e-05,58,1,0.05031217252663565,-0.030052128223321227,-0.0006883882483421804,1.3584791587279985e-05,-8.1417854271121e-05,0.004962772457067109
4.051,-2.419076298099745,1.3540005955502223,-0.00018607363932310724,-0.0015341449960448782,-0.0027776822399383605,0.0003203306593846389,59,1,0.050231630824661797,-0.029975873877146834,-0.0007081065149461176,1.4334489881234774e-05,-8.296940235948912e-05,0.004967893274436616
4.076,-2.4191962992819023,1.3539197461607881,-0.00016322595183775515,-0.0028246005736409885,-0.0018089587205194556,-3.8878340768988686e-05,60,1,0.0503310363277116,-0.029886700961644537,-0.0007280622546561432,1.5041213997817939e-05,-8.483128630191843e-05,0.004945265584394397
4.101,-2.419217528128427,1.3539101476141964,-0.00018801755636141783,-0.0008182837521264358,-0.001564771118838215,0.0002501653189934636,61,1,0.050306992496253304,-0.029884293557320637,-0.0007476072101301453,1.5816755013312262e-05,-8.695184391875332e-05,0.00496140376885074
4.126,-2.4192372134695086,1.3538415076048462,-0.0001507176858880838,-0.0013175687677335949,-0.0008139371629445365,0.0009884313559815928,62,1,0.05028434493860272,-0.029818896967393968,-0.0007672085673356403,1.6111830531110714e-05,-8.847384550459241e-05,0.004934989550441424
4.151,-2.4192834065668136,1.3538694507560491,-0.00013859598856245313,0.0013374542306010587,-0.004099385783904467,0.0010850548598462279,63,1,0.05028886262447326,-0.02986815226740887,-0.0007859145020815717,1.494794927235677e-05,-8.926265343453796e-05,0.0049224683546823566
4.176,-2.4191703407579785,1.353636538315651,-9.646494289585864e-05,0.005837556549783705,-0.005586312078236253,0.001545450605489057,64,1,0.05012622982129836,-0.02962849532811485,-0.0008024441108040828,1.0887244217072395e-05,-9.015422324170789e-05,0.004893841795839277
4.201,-2.4189915287393244,1.3535901351521373,-6.132345828807602e-05,0.0018688636842512164,0.0034094517283245317,-0.00018843614686403566,65,1,0.049917981501478886,-0.029622836630445955,-0.0008168915397871052,8.535782552309801e-06,-9.112131891884939e-05,0.004867222160529123
4.226,-2.419076897573766,1.3538070109020672,-0.00010588675023884994,-0.0005089778866640343,0.0027288921714862693,-0.0003255900128262777,66,1,0.05000702889067093,-0.02990117351336474,-0.0008281185504197268,8.372897339797242e-06,-8.932260264232926e-05,0.004890402490790224
4.251,-2.4190169776336576,1.3537265797607116,-7.760295892952328e-05,-0.0019908374130039944,-0.0015497762633431887,0.00037824881655268563,67,1,0.049936329679787325,-0.029820217459378743,-0.0008340601541621342,5.494612876797059e-06,-8.821970788528045e-05,0.004872200586611755
4.276,-2.419176439444416,1.3537295220889,-8.69743094113237e-05,-0.0065118499995087354,-0.0025843421500893007,0.00019742905988273733,68,1,0.05009464011172154,-0.02984113065111398,-0.0008384525643507448,5.585523433588948e-06,-8.466609791312211e-05,0.004877832369829627
4.301,-2.419342570133633,1.3535973626532072,-6.77315059353124e-05,-0.0069035682284646314,-0.006741250122206412,0.001230809678220983,69,1,0.0502350245423616,-0.029714488047233728,-0.000841218343588261,3.208315168499215e-06,-8.159231492532247e-05,0.0048682922061056245
4.326,-2.4195216178558394,1.3533924595827898,-2.543382550017219e-05,-0.0015434553872850697,-0.002364373615204593,0.0007588090315469059,70,1,0.05036897827526153,-0.02952606525992607,-0.0008425003938697556,1.304353340068899e-06,-7.838776711656783e-05,0.004836468220282436
4.351,-2.4194197429029973,1.353479143972447,-2.9791054357909937e-05,0.005893384247377314,0.00480586461835568,-0.00034284325085564627,71,1,0.050202788753683655,-0.02966932629063979,-0.0008429293771596177,2.6101853284556886e-06,-7.791383851694952e-05,0.0048360905151065585
4.376,-2.4192269486434705,1.3536327528137075,-4.25759880427786e-05,0.006056264498610652,0.00457694312641978,0.0002370973646925742,72,1,0.04997216856055669,-0.02986111346285315,-0.0008410410001589666,2.224451182999872e-06,-7.778441639468987e-05,0.00483439526801723
4.401,-2.419116929678067,1.353707991128768,-1.7936186123401338e-05,0.0047864349168236404,0.002626299978918399,0.001077611237443325,73,1,0.04986167324715947,-0.029941682448637534,-0.0008369137176032279,2.080061755529355e-07,-7.723316633981039e-05,0.0048170194808878665
4.426,-2.4189876268976294,1.3537640678126535,1.1304573829400054e-05,0.008002509881617242,0.003205713115521658,0.0006914974752714212,74,1,0.04975477516782503,-0.029987497739630213,-0.0008327251015095231,-1.9085019410477263e-06,-7.776981588967237e-05,0.00480600085057324
4.451,-2.418716804183986,1.353868276784544,1.6638687640166046e-05,0.007627035902269013,0.004124169593775499,-9.834599650204758e-06,75,1,0.04952789223082248,-0.03007495144119644,-0.0008315030197102257,-4.7540539863292575e-06,-7.936667456287814e-05,0.00479779411438913
4.476,-2.418606275102516,1.3539702762923422,1.0812843847020506e-05,0.004982243744873145,0.006610387154646253,-0.0008435174292298222,76,1,0.04949092558016142,-0.030146071873894197,-0.0008337039752117016,-6.990929815204249e-06,-8.049519199085272e-05,0.004804762258076602
4.501,-2.4184676919967423,1.3541987961422763,-2.5537183821159015e-05,0.0024777554804345046,0.00442001605528654,-0.0011433512456626757,77,1,0.049432525086300624,-0.030335583366479527,-0.0008379812975253401,-8.988630518912912e-06,-8.190775528505936e-05,0.004823969834491602
4.526,-2.418482387328494,1.3541912770951066,-4.635471843606167e-05,0.0033476463574988575,0.008853434607489805,-0.0017592432288271516,78,1,0.04953360075798725,-0.030254429917124147,-0.0008444756952294792,-1.0834363156842607e-05,-8.201218708690929e-05,0.004832332763971019
4.551,-2.4183003096788673,1.3546414678726508,-0.0001134993452624165,0.0026155408280903085,0.010696938165408579,-0.0015494359161394079,79,1,0.049433157144393086,-0.030644816014744405,-0.000851136476304291,-9.603004722429493e-06,-8.389786561495677e-05,0.004867810638412963
4.5760000000000005,-2.4183516102870897,1.354726124003377,-0.00012382651424305713,-0.003320151851333731,0.0016454625695638883,-5.936992171662346e-05,80,1,0.04957407781729732,-0.030604625309507614,-0.0008553917154250502,-1.0360202518366163e-05,-8.599747158118774e-05,0.004869807782503149
4.601,-2.418466317271434,1.354723741001129,-0.00011646784134813893,-0.006808418309995925,-0.005063922490249358,0.000536406596847174,81,1,0.04975238837914772,-0.03048535974018893,-0.0008579644062144953,-1.1444170632373976e-05,-8.909161030727491e-05,0.004856088886952482
4.626,-2.4186920312025895,1.3544729278788645,-9.700618440082604e-05,-0.008001363958003466,-0.00636546300935239,0.0003462311275193043,82,1,0.05000954109830844,-0.03013903106286041,-0.000858296991261964,-1.429635350858982e-05,-9.036100279302842e-05,0.004840856471489191
4.651,-2.418866385469334,1.3544054678506614,-9.91562849720355e-05,-0.003547469522828818,-0.0014179466542385605,-0.00014603221492492986,83,1,0.05018158255478977,-0.03002973004567851,-0.0008579578831021602,-1.5931586803830855e-05,-9.071080642387157e-05,0.004839657031492476
4.676,-2.418869404678731,1.3544020305461526,-0.0001043077951468923,-0.006128652463921382,0.00012801947211204908,-3.5822186994493624e-07,84,1,0.05017078986602501,-0.030000138448721844,-0.00085833260099211,-1.576767330721257e-05,-9.096761318365912e-05,0.004853224908606162
4.7010000000000005,-2.4191728180925303,1.354411868824267,-9.917419606563986e-05,-0.004454890092260315,0.00047239342173100053,0.00017549892540103036,85,1,0.05045052377099624,-0.029988469558490546,-0.0008597925920347628,-1.4953883121386023e-05,-8.791933818614869e-05,0.004847318188799432
4.726,-2.419092149183344,1.3544256502172392,-9.553284887680086e-05,0.001639612106894012,0.0050345810170737875,-0.0013565739612531095,86,1,0.05033005711468902,-0.02998360501089093,-0.0008630709439422294,-1.3778796666102363e-05,-8.681749194695743e-05,0.004837648338383928
4.751,-2.4190908374871856,1.3546635978751207,-0.00016700289412839564,0.007398006172563169,0.006356011831631947,-0.0022825421048811106,87,1,0.05030589055571921,-0.030199244304505806,-0.0008690132525413029,-1.1539267199262928e-05,-8.399240304110734e-05,0.00487592316784918
4.776,-2.4187222488747158,1.3547434508088207,-0.00020965995412084262,0.009424051379696185,-0.00169083075673982,-0.00043337294101775266,88,1,0.049943376819971644,-0.030225812768109032,-0.0008768932350632635,-1.0280533881808543e-05,-8.14575399259501e-05,0.004901402357247368
4.801,-2.4186196349182008,1.3545790563372837,-0.00018867154117921847,0.00318801572245948,-0.008089678840930033,0.0005918427728523938,89,1,0.04988218485044838,-0.030009294325952635,-0.0008871396409499666,-9.335560688096274e-06,-7.87980276744834e-05,0.004895181731683179
4.8260000000000005,-2.418562848088593,1.3543389668667742,-0.0001800678154782124,0.0008035614670909325,-0.004520192096419978,0.00033853516090864963,90,1,0.04987312426860842,-0.02975403001435153,-0.0008992969680778022,-9.214180549502346e-06,-7.621654906043e-05,0.004890401770116905
4.851,-2.418579456844846,1.3543530467324627,-0.00017174478313370192,0.0020163225768410416,0.003565875593714031,-6.469024071087427e-05,91,1,0.04993613891243775,-0.029782665319869006,-0.0009131263212554539,-6.758162420042998e-06,-7.485468129572383e-05,0.00488197562930961
4.876,-2.4184620319597507,1.35451726064646,-0.0001833023275138181,0.0015908448365564765,-0.0004662217258744067,0.0002401953588027092,92,1,0.04986968236847797,-0.02995042348797425,-0.0009294998960315383,-3.143177011552512e-06,-7.463525720737098e-05,0.004892009874802274
4.901,-2.4184999146030184,1.354329735646169,-0.00015973501519339506,0.0004963525354284588,-0.008348888833187325,0.0014540133000551288,93,1,0.04995508255900217,-0.029756938626941794,-0.0009482543386211974,-2.8747978990674997e-06,-7.315562473349084e-05,0.004885332101823062
4.926,-2.4184372143329793,1.3540998162048006,-0.00011060166251097987,0.004685563304542772,-0.00808162880206342,0.0014660248924336164,94,1,0.04993587735895501,-0.029554527821593093,-0.0009682054218105502,-1.9417358928152588e-06,-7.260266334131759e-05,0.004864483618465827
4.9510000000000005,-2.4182656364377912,1.3539256542060658,-8.643377057157263e-05,0.0013393233505887329,-0.004867586092700566,0.00037454051970087357,95,1,0.04982193480019221,-0.029439513985208186,-0.000987444185803035,-1.762759255893098e-06,-7.227869264748051e-05,0.004854603508736644
4.976,-2.41837024816545,1.3538564369001655,-9.187463652574671e-05,-0.005249418433539451,-0.0022014534460224134,0.00037688678963476854,96,1,0.049976258466778965,-0.029441925228061334,-0.0010065141344205437,-5.571234122440831e-07,-7.030209609455863e-05,0.00485441759963744
5.001,-2.418528107359468,1.3538155815337647,-6.758943108980295e-05,-0.0032500596049001135,-0.0029835843372883024,0.00019154661874409907,97,1,0.05015478244548959,-0.029472308216530543,-0.001026250959508028,3.644651576805374e-07,-6.862311372928029e-05,0.004839202522455717
5.026,-2.418532751145695,1.3537072576833011,-8.229730558843e-05,0.0014467573854481993,-0.0011203891245026337,2.994218414542626e-05,98,1,0.05017052322804805,-0.029435083141754064,-0.0010450380330829635,1.60930163801121e-06,-6.86706576777478e-05,0.004837570425420212
5.051,-2.418455769490196,1.3537595620775396,-6.609232188243571e-05,0.004419830724131673,0.005664759845673848,0.00046859525552278737,99,1,0.05011308574261121,-0.029555643554292427,-0.0010631438860314076,3.6837594470011394e-06,-6.88551307053355e-05,0.0048314608482820445
5.076,-2.4183117596094883,1.3539904956755848,-5.886754281218838e-05,-0.0027794067725484084,0.006735528207189059,-0.0002648216683542879,100,1,0.050005364089286145,-0.029823616656181377,-0.0010798437453260635,4.731167616811929e-06,-6.834994685826056e-05,0.004830767501337531
5.101,-2.4185947398288232,1.354096338487899,-7.933340530028405e-05,-0.0076863394558567295,0.0007522783750202215,-0.0002286277202490051,101,1,0.050292860660438594,-0.02993277033783544,-0.0010950337833320512,5.034761661816643e-06,-6.664527029718326e-05,0.004838099882892685
5.126,-2.418696076582281,1.3540281095943358,-7.029892882451761e-05,-0.007629744313586455,-0.0062358807431772915,0.0014198770518181242,102,1,0.05037726143313577,-0.029864316665647296,-0.001108688014163692,5.088938194837333e-06,-6.5663684959375e-05,0.004834903021948403
5.151,-2.4189762270445025,1.3537845444507401,-8.339552709185299e-06,-0.007263452989674261,-0.002432551345972209,0.0009694791946390814,103,1,0.05060828245959688,-0.029643824242850326,-0.001120741169833032,3.5335330489148055e-06,-6.382398796983294e-05,0.004808564482843665
5.176,-2.419059249231765,1.3539064820270372,-2.182496909261846e-05,-0.003734254809728568,0.0034826212466532295,-0.0003349637056260247,104,1,0.050632513982173485,-0.029790064255829526,-0.0011326425609379707,3.5791687804930636e-06,-6.37557380615947e-05,0.0048171616602124614
5.201,-2.419162939784989,1.3539586755130728,-2.5087737990551786e-05,-0.00455978172062112,0.0026789062491117217,-0.00030774773152941856,105,1,0.05067042503481943,-0.029850829029846922,-0.0011457321325533505,2.6419971350932365e-06,-6.40567748281979e-05,0.004820258392424476
5.226,-2.419287238317796,1.3540404273394928,-3.721235566902187e-05,-0.00043056759734482695,0.0008878157007652251,-1.6485954201783435e-06,106,1,0.05071964139291955,-0.029927484865846548,-0.0011588028433022536,2.3104431239629623e-06,-6.41644383558897e-05,0.004824343660274158
5.251,-2.419184468164856,1.354003066298111,-2.5170167761704164e-05,0.005856894279521206,-0.0019004875040540337,0.00016582105392792872,107,1,0.050562616101021404,-0.029883611547376003,-0.0011734701899834446,1.2551379900306393e-06,-6.527501383556136e-05,0.004824411281403753
5.276,-2.41899439360382,1.3539454029642901,-2.892130297254845e-05,0.006627444668190231,-0.0015513340709683075,-0.00023344924803936435,108,1,0.05035522351554425,-0.029828142202619066,-0.0011892055143520352,9.014345300811831e-07,-6.550216922710977e-05,0.004821844869712604
5.301,-2.4188530959314467,1.3539254995945627,-3.684263016389056e-05,0.004520810011232629,-0.0011987611824704246,-0.0003392416618019934,109,1,0.05022401086616257,-0.029815422338557617,-0.00120623170382022,2.3363071354957795e-07,-6.459245185864431e-05,0.004824489289393525
5.326,-2.418768353103258,1.3538854649051666,-4.588338606261698e-05,-0.0012135903652410506,-0.0014588318501340732,-1.3054580634275271e-05,110,1,0.05016242263906653,-0.029788984911043242,-0.0012236774969366089,-8.382879502260142e-07,-6.3928668322681e-05,0.004824048001903149
5.351,-2.4189137754497088,1.353852558002056,-3.749535919554845e-05,-0.0014870427103019568,-0.0025477453724320393,0.00022146096696040415,111,1,0.05031019332970614,-0.029770773564393706,-0.0012409677769374624,-1.9051104281676944e-06,-6.257223056900841e-05,0.0048169089559474115
5.376,-2.4188427052387733,1.353758077636545,-3.481033771448604e-05,0.0006525808981106019,-0.0035757631859079223,0.00035544869013470884,112,1,0.05025112707162324,-0.029699931894732513,-0.001257230120045347,-2.9913698657359375e-06,-6.222842814385964e-05,0.004816378863046793
5.401,-2.4188811464048032,1.3536737698427606,-1.972292468868277e-05,-0.0013135243450079818,0.004708064833502962,-0.000735807644600686,113,1,0.05029354156749173,-0.02965018955040604,-0.001272763537976901,-3.20181644863179e-06,-6.165511735127409e-05,0.004806690184755696
5.426,-2.4189083814560237,1.3539934808782201,-7.160071994451036e-05,-0.002988778583041817,0.008976804743583453,-0.0007428454460889381,114,1,0.05032274647140059,-0.029968645829458202,-0.0012869599571203312,-2.548375289904913e-06,-6.161192673086055e-05,0.004823394115037983
5.451,-2.4190305853339553,1.3541226100799397,-5.686519699324135e-05,-0.0018915073748893075,-0.0006625051121567106,-6.0349499255707645e-05,115,1,0.050429636489907295,-0.030069223759670614,-0.001299409601102522,-2.7264624694430048e-06,-6.065734921263145e-05,0.004819802919314324
5.476,-2.419002956824768,1.3539603556226123,-7.461819490712373e-05,-0.0037177869337500806,-0.00309533882365094,-0.0003258215405388352,116,1,0.05039479448079889,-0.029897903585698958,-0.0013094240166423646,-3.5538605920791046e-06,-5.975435675580638e-05,0.00482381356071576
5.501,-2.419216474680643,1.3539678431387572,-7.315627402022424e-05,-0.007282712647089821,0.000582338329664369,0.0006794753007621803,117,1,0.05056668911801404,-0.02989913893651306,-0.001316739375737558,-3.353699810890372e-06,-5.787525550459245e-05,0.004823123915813688
5.526,-2.4193670924571227,1.3539894725390955,-4.064442986889928e-05,-0.0013855924899797195,-0.00013580178367167455,0.0014985742985640425,118,1,0.05066379343517538,-0.029909763223945757,-0.0013224005135017232,-3.105526429976322e-06,-5.654924756472795e-05,0.004814699867683918
5.551,-2.419285754305142,1.3539610530495736,1.7724409081373296e-06,-0.0003819548617389702,-0.0030954490934353546,0.0013988855519020205,119,1,0.050557932772213994,-0.029876061090588,-0.0013286648466532937,-2.8120915256650587e-06,-5.6015850730564484e-05,0.004806474136674384
5.5760000000000005,-2.4193861902002096,1.3538347000844237,2.929984772640457e-05,-0.000653941303525587,-0.00506567743137067,0.0005639648646216264,120,1,0.05062161165070151,-0.029762181361862847,-0.0013355176779265212,-2.416608059651356e-06,-5.485367045328336e-05,0.004799550719177746
5.601,-2.419318451370318,1.353707769178005,2.9970684139394173e-05,0.0045664792710553735,0.005381646313900054,-0.0005435664673925109,121,1,0.05053687065324698,-0.02966496555841692,-0.0013434293771687666,-2.5855970529929244e-06,-5.521993336079378e-05,0.00479726926605369
5.626,-2.419157866236657,1.3541037824001187,2.1215243566941238e-06,0.0013318531859241082,0.010934377551055124,-0.0008512720360531775,122,1,0.05038783263432486,-0.030030098818284428,-0.0013505347612390007,2.8786874724779065e-08,-5.5565576383575295e-05,0.004809806956326158
5.651,-2.419251858711022,1.3542544880555578,-1.2592917663237757e-05,-0.00020013462174617373,-0.00031679134379292265,1.2353963896316644e-06,123,1,0.050465923117878383,-0.030129873955602172,-0.0013565584318513822,1.109044674910809e-06,-5.505792397454724e-05,0.004814975250156978
5.676,-2.419167872967744,1.354087942832929,2.1832941761369533e-06,0.005918300564440231,-0.0025450759590084,0.0005777771730119869,124,1,0.05038640905614137,-0.029946256031315666,-0.0013620322791043117,7.407623720991961e-07,-5.5400000004378725e-05,0.004813115379867855
5.7010000000000005,-2.4189559436828,1.3541272342576074,1.629594098748642e-05,0.005250427888352524,-8.635343087259915e-05,0.00019111974033592173,125,1,0.05021501974875794,-0.029962927756063854,-0.0013687562836667594,3.3104738777132873e-07,-5.5113476991441976e-05,0.004808459048909039
5.726,-2.4189053515733265,1.3540836251613855,1.173928119274159e-05,0.004802570136686075,-0.002578529492613955,0.0002821617616977089,126,1,0.05020289645348501,-0.029905498086444524,-0.0013757117865053708,9.262943971202464e-08,-5.489381457004365e-05,0.004810973283574667
5.751,-2.4187158151759656,1.3539983077829767,3.040402907239033e-05,-0.0009558983272661726,-0.0032307087565985994,0.00037322677094664544,127,1,0.05008048619386307,-0.02982014880271051,-0.0013834551732519844,-7.329266556133164e-07,-5.563646648891399e-05,0.004807007177586521
5.776,-2.41895314648969,1.3539220897235555,3.040061973992406e-05,-0.007782401020080015,-0.0059790320579189635,0.0007319796609195376,128,1,0.05032015567760324,-0.029757644003084248,-0.001389933926617096,-6.413489871107895e-07,-5.5764951434188125e-05,0.004808570273437312
5.801,-2.4191049352269696,1.3536993561800807,6.70030121181947e-05,-0.0018331295710982427,-0.006625111345077611,0.0007620836801169764,129,1,0.050455203025341025,-0.02958401554392338,-0.0013951895826940083,-8.820419693328731e-07,-5.5551729704587794e-05,0.004798201603617774
5.8260000000000005,-2.4190448029682448,1.3535908341563017,6.850480374566796e-05,0.0019504317044827316,0.0004991598999426489,-0.0004352111708794142,130,1,0.05040123734700789,-0.029530474411277537,-0.0014001469795020653,-1.7783120205756768e-06,-5.6055574541336034e-05,0.004800296509725597
5.851,-2.4190074136417454,1.3537243141750779,4.524245357422626e-05,0.002782948214044022,0.002106292298074138,-0.0007788752451887177,131,1,0.05037242294310587,-0.029681575721525133,-0.0014045286820459542,-1.282106843127283e-06,-5.647563464290911e-05,0.004810622571074614
5.876,-2.4189056555575426,1.3536961487712054,2.9561041486134464e-05,0.002807930730606155,-0.0029098467441235447,-0.0003583831265086003,132,1,0.05029260065771446,-0.029672381028596772,-0.0014076006616838875,-5.947233276429532e-07,-5.7662832024222256e-05,0.004812979887882184
5.901,-2.418867017105215,1.3535788218378717,2.732329724894744e-05,0.00129237001111449,-0.0016717722409076488,-0.0009078249786931313,133,1,0.05027272667214788,-0.029591767486062563,-0.0014107770548410113,-3.714418554671432e-07,-5.8459489715703906e-05,0.004811460479576065
5.926,-2.418841037056987,1.35361256015916,-1.5830207448615302e-05,0.0011386688352832245,0.0034806013985777045,-0.0012387277850933567,134,1,0.050268061792379096,-0.029649104902516207,-0.0014143221269030204,1.7628539090683697e-07,-5.8936134223347016e-05,0.00482133413509003
5.9510000000000005,-2.418810083663451,1.3537528519078006,-3.46130920058679e-05,-0.004834202301990959,0.0029628326651076724,4.979105528768475e-05,135,1,0.05026281293128105,-0.029784483200389254,-0.0014189271281103532,5.815105571126332e-07,-5.933835877019837e-05,0.00482480525436788
5.976,-2.4190827471720864,1.3537607017924154,-1.3340654684091838e-05,-0.009532303655062115,-0.0022250457465089546,0.0010337481032429744,136,1,0.05049793172702372,-0.029792327272181864,-0.0014238169101063027,1.3422084214083742e-07,-5.997590535248985e-05,0.0048174481047486666
6.001,-2.419286698846204,1.3536415996204751,1.7074313156149368e-05,-0.011113277655390203,-0.0014005809500927718,0.00023604448305292265,137,1,0.050641604593077774,-0.029695721754818397,-0.0014290266618704978,-1.3343544506227804e-06,-5.990073463778187e-05,0.004806898652465423
6.026,-2.419638411054856,1.3536906727449107,-1.5384305313015315e-06,-0.008536703047337143,0.00111948861269973,-0.0005570530148801842,138,1,0.050879062171332715,-0.029749778367184,-0.00143598692155621,-2.9478671457333365e-06,-5.974249765401131e-05,0.0048115283186929095
6.051,-2.419713533998571,1.3536975740511101,-1.0778337588008362e-05,-0.00039880526641056376,0.003830999028955353,-0.0006201871192690355,139,1,0.05086534265645895,-0.02975984371322679,-0.0014437155237054821,-4.294293032231837e-06,-6.04487902153142e-05,0.004813720817000749
6.076,-2.4196583513181764,1.3538822226963585,-3.2547786494949834e-05,0.004268683218029438,-0.001967568704799312,-0.0002774630793034315,140,1,0.050753446962190904,-0.029908741015215935,-0.0014513627743647987,-5.002122447987131e-06,-6.145356744117445e-05,0.004819312526666472
6.101,-2.4195000998376694,1.3535991956158702,-2.4651491553123046e-05,0.0007420038340466456,-0.0037078609750639843,-0.0003115582346691026,141,1,0.050576961174671,-0.02966320746313839,-0.0014607845010614511,-6.144092561980624e-06,-6.300015298422025e-05,0.004811076068481586
6.126,-2.419621251126474,1.3536968296476053,-4.812569822852254e-05,-0.0028895288347818952,0.007091221348694024,-0.0006372100113427615,142,1,0.050642843721777644,-0.029761343137049253,-0.0014710583109354667,-6.025684185902826e-06,-6.345390129785528e-05,0.00481544868902231
6.151,-2.4196445762794085,1.3539537566833049,-5.651199212031899e-05,0.005025429030895996,0.007474769655480023,-0.0010263203308458239,143,1,0.05062271425985375,-0.029973616767872347,-0.0014806434335400765,-5.720095773317799e-06,-6.364433996084007e-05,0.004821225688921351
6.176,-2.4193699796749293,1.3540705681303793,-9.944171477064171e-05,0.01422427152211197,0.005250809152985722,-0.0009063163622435898,144,1,0.05037626884446778,-0.030041292856683704,-0.0014910955435058066,-5.1654864997084424e-06,-6.460797295362809e-05,0.004827930112360638
6.201,-2.418933362703303,1.3542162971409542,-0.00010182781023229644,0.010837496745939073,0.004260196114200824,-0.0008095105031191736,145,1,0.05004126113475246,-0.030123216380842945,-0.0015024729525018451,-4.379200840669637e-06,-6.616024651141133e-05,0.004828949048687466
6.226,-2.4188281048376323,1.3542835779360893,-0.00013991723992677775,0.005543703931873899,-0.005267205459165073,-0.0007325983432870838,146,1,0.05000708830315171,-0.030133270060616696,-0.0015141047438071856,-3.379310225994131e-06,-6.689514882306512e-05,0.00483726395848528
6.251,-2.4186561775067092,1.353952936867996,-0.00013845772739684735,-0.005845496557350692,-0.007991620008618333,0.0006630570013577166,147,1,0.0499266234635579,-0.02982950898822747,-0.001525585904628403,-4.143431309818669e-06,-6.701599543205869e-05,0.004829097580769977
6.276,-2.4191203796655,1.3538839969356584,-0.0001067643898586975,-0.009545785379909723,-0.0022910634173456484,0.0005390688856721246,148,1,0.05033555715445455,-0.029775889958989304,-0.001537097613827116,-3.760890816445479e-06,-6.536477556559244e-05,0.0048202982857077714
6.301,-2.4191334667757047,1.3538383836971286,-0.00011150428311338768,-0.0018521501956314588,-0.0028741892839967524,9.456006099917181e-05,149,1,0.050345427523938696,-0.029749564240902894,-0.0015481904726459361,-3.6381857215297835e-06,-6.494186246028566e-05,0.004820677091385609
6.326,-2.4192129871752814,1.3537402874714586,-0.00010203638680861,-0.006164534052190995,-0.001746637822233061,0.0005497528500697532,150,1,0.05040032651851343,-0.029688555413216168,-0.0015578605658398052,-3.324202514708561e-06,-6.37818408212963e-05,0.004817797647733525
6.351,-2.4194416934783143,1.353751051806017,-8.401664060985863e-05,-0.0006652042514332285,0.00237929857581417,0.0007892848394153051,151,1,0.050558449099238956,-0.0297225283516834,-0.0015655196454859872,-2.7798484414261435e-06,-6.18486993946788e-05,0.004814239837136331
6.376,-2.419246247387853,1.3538592524002493,-6.257214483775649e-05,0.00806478236091482,0.004807877316763704,0.00046971519235050775,152,1,0.050377267648736124,-0.02982771524191459,-0.0015704596641089032,-1.4223899723346229e-06,-6.059955084791009e-05,0.0048084473870498995
6.401,-2.4190384543602685,1.3539914456718551,-6.0530880992223744e-05,0.006942675482282137,0.0025461234060397777,1.413460741339639e-05,153,1,0.050215713270004354,-0.029935299002922973,-0.001572720432345056,-4.0101014772518294e-07,-5.992537183847526e-05,0.004810093226898589
6.426,-2.418899113613739,1.3539865585705513,-6.186541446696154e-05,0.0024334675846304863,0.00434173670434747,-0.0005804611823911919,154,1,0.05012798492015161,-0.029915841524214348,-0.0015728601536584088,-1.3077863963816807e-07,-5.927626028272342e-05,0.004807787062879588
6.451,-2.418916780981037,1.3542085325070725,-8.955394011182822e-05,0.005962874681166873,0.004710251637818369,-0.0005568477423345561,155,1,0.05016973516395728,-0.030070864024133906,-0.0015706443151838109,-5.244430043205392e-07,-5.919897135644504e-05,0.004815195239446541
6.476,-2.4186009698796807,1.3542220711524422,-8.970780158385923e-05,0.006679601840620014,0.001997981856747238,-0.0002304125472551955,156,1,0.04996320887046596,-0.030041839230184414,-0.0015678527427906142,-1.6242738023659152e-06,-5.925483245759768e-05,0.004816708974186589
6.501,-2.418582800889006,1.3543084315999099,-0.00010107456747467641,-6.568211817992188e-05,0.0014127015609366517,-0.00042039198993038137,157,1,0.050003998799018214,-0.03006888481574284,-0.0015668615891697548,-2.2832086214176443e-06,-5.831831645647592e-05,0.004820763442445164
6.526,-2.4186042539855896,1.354292706230489,-0.0001107274010804285,-0.004535018187619161,0.0015154775599990399,-0.00027432984510689193,158,1,0.050068748204912084,-0.030011383376107162,-0.0015669008761283563,-2.950187203750131e-06,-5.7558451868253474e-05,0.004820450643162377
6.551,-2.418809551798387,1.3543842054779098,-0.00011479105973007789,-0.007968371498376812,0.002865332895631804,-0.0004059302071102109,159,1,0.05025981468297789,-0.030043138375083947,-0.0015679332467443466,-3.4125887235737484e-06,-5.555899979012007e-05,0.004821744761864594
6.5760000000000005,-2.4190026725605085,1.3544359728752706,-0.00013102391143600048,-0.0030287584930466347,-0.003075680185955509,0.00022183507858208963,160,1,0.05041683650973932,-0.030042687253264082,-0.0015701320296560228,-3.890987274205061e-06,-5.42167185328183e-05,0.004829387618895389
6.601,-2.4189609897230393,1.354230421468612,-0.00010369930580076134,0.0036078819015550453,-0.0005254145500810399,0.00040602508566856135,161,1,0.050385530262329906,-0.029850044641309442,-0.001573485178074195,-4.879405021259141e-06,-5.355185458730226e-05,0.00482113455313422
6.626,-2.4188222784654307,1.3544097021477666,-0.00011072265715244988,0.00809743318387571,0.0019282307285895042,-0.00029125423428588807,162,1,0.05029005704747784,-0.029974224901345426,-0.0015774130911772408,-4.477177780873029e-06,-5.330857323972668e-05,0.00482440551829252
6.651,-2.4185561180638455,1.3543268330050415,-0.00011826201751498717,-0.003272206046354154,-0.0044224944372173326,9.225220637176822e-05,163,1,0.05011838959480741,-0.029883386832046523,-0.0015818081060183827,-4.887619547156786e-06,-5.297421472129109e-05,0.004824209779817815
6.676,-2.4189858887677484,1.3541885774259057,-0.00010611004683372567,-0.006562017663904646,-0.0033793570040696126,3.9903058617340434e-05,164,1,0.05047007590946208,-0.02976707298323948,-0.00158697539733334,-5.425012239413413e-06,-5.00039158112221e-05,0.004819977665604031
6.7010000000000005,-2.4188842189470408,1.354157865154838,-0.00011626686458425571,0.004034686596430263,-0.005401381113143719,9.421707195755891e-05,165,1,0.050390900030916626,-0.029749694238770018,-0.001592771851865366,-5.748786604943869e-06,-4.880705444501002e-05,0.004820546506876569
6.726,-2.418784154437927,1.3539185083702485,-0.00010139919323600644,0.003042402859332338,-0.007655362590885977,0.0011239232009518968,166,1,0.05032305151765769,-0.029581992906461775,-0.0015983832756135948,-6.474130114732898e-06,-4.7748617006801836e-05,0.004815259071952888
6.751,-2.418732098804074,1.3537750970252937,-6.007070453651714e-05,0.0046785762582413236,-0.006890352811708158,0.0012893375442502065,167,1,0.05029916174971584,-0.029511653310121448,-0.0016038692027945244,-6.568805706361715e-06,-4.708316493331416e-05,0.0048071781550746455
6.776,-2.418550225625015,1.3535739907296631,-3.693231602337168e-05,-0.0031103141666566467,-0.0034259737984854276,0.0003960133369762545,168,1,0.05018603475863936,-0.029410901842211193,-0.0016089008122360153,-6.648095141007945e-06,-4.7011182977888816e-05,0.0048031504889098865
6.801,-2.418887614512407,1.3536037983353695,-4.027003768779584e-05,-0.0027264168985130124,0.00033980082500661496,-0.00017009549554636053,169,1,0.05045304724849952,-0.02949718677318999,-0.0016128783094079171,-6.3912917200375995e-06,-4.555684532543585e-05,0.004803937301104875
6.8260000000000005,-2.4186865464699405,1.3535909807709134,-4.54370908007875e-05,0.006251799347731813,0.004877691802809298,-0.00033093446338838936,170,1,0.050300049844563106,-0.029539887711039606,-0.0016160129142088323,-6.392802577730937e-06,-4.5978061694383996e-05,0.004804742207335898
6.851,-2.4185750245450204,1.35384768292551,-5.681676085721125e-05,-0.0002830649601648371,0.008099088389661476,-0.0008515132988318216,171,1,0.050230575034559286,-0.029772087107039772,-0.0016198635763257968,-6.158026897122902e-06,-4.609506764722838e-05,0.004807853471645622
6.876,-2.4187006997179488,1.3539959351903965,-8.801275574222853e-05,-0.008746806701545071,0.003943217832973481,-0.0006141714948260124,172,1,0.050335920872462143,-0.02988658779012114,-0.0016242138840042075,-6.2150208659317595e-06,-4.62111232513326e-05,0.004813997906214157
6.901,-2.4190123648800976,1.3540448438171586,-8.752533559830864e-05,-0.002392150107137789,0.004035595955662622,-0.00028338160007024374,173,1,0.05055494369579131,-0.029910157515440194,-0.0016289115306029652,-6.777626293723316e-06,-4.6629607407318904e-05,0.004812397719077503
6.926,-2.4188203072233057,1.3541977149881796,-0.00010218183574576337,0.00296605094932896,-0.0011748367101249546,0.00023438129597152746,174,1,0.050389879772566745,-0.030004070431697276,-0.0016338201158477685,-6.718962242707011e-06,-4.762622602299488e-05,0.004815550264044336
6.9510000000000005,-2.418864062332631,1.3539861019816524,-7.580627079987421e-05,-0.0019911967783770093,-0.0038459740171648132,0.0006670024644694929,175,1,0.050411072195582114,-0.029822784590894196,-0.0016394229845362507,-7.705239613992739e-06,-4.768454109186488e-05,0.004807067982410288
6.976,-2.4189198670622245,1.3540054162873214,-6.88317125223978e-05,-0.0004843476768012795,0.001892904602631702,0.00011423268262866811,176,1,0.05043588492019413,-0.02983640044125681,-0.0016453094582399798,-8.43527698642437e-06,-4.823931822608457e-05,0.004807346443463111
7.001,-2.4188882797164712,1.354080747211784,-7.009463666861821e-05,0.004742714830188194,0.0013390183264627756,-0.0004093602729771121,177,1,0.05039564118513708,-0.029888414763535397,-0.0016513979390013948,-8.783456373857998e-06,-4.813866288530772e-05,0.004807518560740346
7.026,-2.418682731320715,1.3540723672036445,-8.929972617108005e-05,0.005158210870188658,-0.004733295352528105,-2.8069989888024436e-05,178,1,0.050243370313003084,-0.02987271544757539,-0.001657226153819698,-9.492500181324698e-06,-4.8424352395037036e-05,0.004812690817827094
7.051,-2.418630369172962,1.3538440824441575,-7.149813616307539e-05,0.004182461314385947,-0.0023839053455887525,7.105160027443017e-05,179,1,0.05021939736003863,-0.029702919646669428,-0.001662490215164535,-1.0140242136821105e-05,-4.8236434839524506e-05,0.004808574983986281
7.076,-2.418473608254996,1.353953171936365,-8.574714615726278e-05,0.0008647358705538041,-0.0008096374073351982,0.0003150845310972994,180,1,0.050128619149360225,-0.02979974208058518,-0.001666923088461704,-9.550903054217083e-06,-4.863035351140507e-05,0.004811848510321968
7.101,-2.418587132379434,1.3538036005737908,-5.574390960829169e-05,-0.0008569861253615463,-0.00184129521046736,1.4253481008807763e-05,181,1,0.05023449275227383,-0.029699669315979924,-0.0016695975465929056,-9.765503792953044e-06,-4.887994190242619e-05,0.004805199292352249
7.126,-2.418516457561264,1.3538611071758417,-8.503447210666817e-05,-0.0006167672823487202,-0.00024390251511352632,-0.0007842651128076056,182,1,0.05019862776672863,-0.029763426997615493,-0.0016695829307776097,-9.159493289216703e-06,-4.970449018162802e-05,0.004810560296345995
7.151,-2.4186179707435516,1.3537914054480351,-9.495716524868068e-05,-0.006424175566515112,-0.0019536286849630782,0.00036241067093989573,183,1,0.050286868699209564,-0.029728840192953184,-0.0016678211558763805,-8.72163659130184e-06,-5.006811698011725e-05,0.004807739749732254
7.176,-2.4188376663395896,1.3537634257415936,-6.691393855976195e-05,-0.008841691042205144,-0.002652335831356832,0.0011405800875241609,184,1,0.05044299542182787,-0.02973013260841479,-0.0016645358703583177,-8.29504663554992e-06,-5.089762861618054e-05,0.004803707499516707
7.201,-2.419060055295662,1.3536587886564673,-3.792816087247308e-05,-0.004540230884675383,0.0007874189046752661,0.00029739793700578435,185,1,0.05057451748313087,-0.029679477523783512,-0.0016615873546090513,-8.07937859481467e-06,-5.090598270478706e-05,0.004795677225718979
7.226,-2.4190646778838234,1.3538027966868273,-5.2044041709305394e-05,-0.00021686786229046764,-0.0014837279408430393,0.0003927406946235778,186,1,0.050539457485936516,-0.029811253989467247,-0.0016595334533023097,-6.652450687041298e-06,-5.1511620290663176e-05,0.004798126703953657
7.251,-2.4190708986887763,1.3535846022594251,-1.829112614138641e-05,-0.00262516475252995,-0.008571221675723915,0.0012981938978473596,187,1,0.05051259744476159,-0.029672546040004126,-0.001658725893825272,-6.43774535134468e-06,-5.200710889213683e-05,0.0047900812668036875
7.276,-2.41919593612145,1.3533742356030412,1.2865653182946632e-05,-0.00014231943540110644,-0.001272551036572982,0.0005697785052305469,188,1,0.0505697097638519,-0.02956287643366989,-0.001658765223626184,-6.499719121681111e-06,-5.2416314665058395e-05,0.004781701474364298
7.301,-2.4190780146605464,1.3535209747075965,1.0197799120210077e-05,-0.00015010895662470657,0.0067252741574597395,6.940756234641323e-05,189,1,0.050457196551059826,-0.029719086678264513,-0.001659450396768315,-6.012443718125416e-06,-5.2820956426758476e-05,0.0047824851236666095
7.326,-2.419203441569281,1.3537104993109141,1.6336031300210346e-05,-0.0011110497039190687,0.0046858711836561704,0.0006114913997201676,190,1,0.05052295765783002,-0.02987867555707452,-0.0016618045755965858,-5.741836450628276e-06,-5.2370308011719207e-05,0.004782413046781894
7.351,-2.4191335671457423,1.3537552682667793,4.077236910600492e-05,-0.0022306581984387857,-2.6176411429545592e-05,0.0006128035392194333,191,1,0.050451340141989244,-0.029912605913504194,-0.0016656603771167573,-5.262971316432249e-06,-5.2751209266240116e-05,0.0047778403700373135
7.376,-2.419314974479203,1.3537091904903427,4.697620826107059e-05,-0.00040581212026325066,0.0013264696192605333,-0.0005339728373066085,192,1,0.05055192740431499,-0.02987935453065209,-0.0016700432124726904,-4.62748473287192e-06,-5.2617557182422916e-05,0.0047760514667092736
7.401,-2.4191538577517555,1.3538215917477423,1.4073727240483536e-05,0.007681371425327681,0.00021880206513280676,-0.0010316462962123333,193,1,0.05041216560198547,-0.029960204229455317,-0.0016741537184138064,-3.573760841104143e-06,-5.3010483173777026e-05,0.004782621490119489
7.426,-2.4189309059079367,1.3537201305935993,-4.606106549610308e-06,0.010253080172200094,-9.793540578506601e-05,-0.00026686153123733994,194,1,0.05025376436667816,-0.02988431354809143,-0.0016777225263269137,-3.220669502857898e-06,-5.3352693351262655e-05,0.004784148837249646
7.451,-2.4186412037431455,1.353816694977453,7.306506788033341e-07,0.003949305440036369,0.003770753716469968,0.00016214749077647696,195,1,0.050075985080503385,-0.029959127747531237,-0.0016806360293653495,-2.680421804298385e-06,-5.297860790654554e-05,0.004783047994619143
7.476,-2.418733440635935,1.3539086682794228,3.5012679893689913e-06,-0.0041434955340501865,0.0002457929400412305,4.514142142752966e-05,196,1,0.05017111159217286,-0.030019480303557295,-0.0016828711577675521,-2.3604269785543116e-06,-5.217593924415978e-05,0.004782922400693748
7.501,-2.418848378519848,1.3538289846244551,2.987721750104132e-06,0.00041386378144103877,-0.00042513528318633017,0.00027037428983689535,197,1,0.050264731468795114,-0.029954616544080992,-0.0016839669563627074,-3.0525389431553923e-06,-5.1604270399581573e-05,0.004783591246163573
7.526,-2.418712747446863,1.3538874115152635,1.7019982481427863e-05,0.002743411182635223,0.006404171007368143,-0.00032374139163238283,198,1,0.05018415263701721,-0.02999455613984754,-0.0016841624372884159,-4.3105325548276425e-06,-5.197472507853174e-05,0.0047827444574038164
7.551,-2.4187112079607163,1.3541491931748235,-1.319934783144161e-05,-0.00938104114373659,0.008311775381284352,-0.0007336467105289908,199,1,0.05020186351211549,-0.030166117995551,-0.0016836277515354502,-4.972270887699066e-06,-5.212534309130215e-05,0.004788221915425028
7.5760000000000005,-2.4191817995040497,1.3543030002843277,-1.966235304500624e-05,-0.009034498189199913,-0.0006629906761812545,0.0006129665760923352,200,1,0.0505213181641008,-0.0302400539077121,-0.0016826397528493919,-5.151195842930285e-06,-5.089550512067656e-05,0.004791625286473747
7.601,-2.4191629328701763,1.3541160436410145,1.7448980973128306e-05,-0.003925984389550066,-0.005978630198142397,0.0009503502220908933,201,1,0.05048035900559061,-0.03007568702939692,-0.0016817758222544324,-6.31431441908746e-06,-5.07028230382932e-05,0.004783506256209205
7.626,-2.419378098723527,1.3540040687744206,2.7855158059460448e-05,-0.004639573879012831,0.003280843239217302,-0.0005229578551713151,202,1,0.05059817010655582,-0.029987688238014967,-0.0016817041893004362,-7.3375304897956236e-06,-4.995941162466397e-05,0.004779622181646521
7.651,-2.419394911564127,1.3542800858029753,-8.698911785591628e-06,0.001665123620320236,0.009020135187292087,-0.0010580947694371937,203,1,0.05057172397037127,-0.030172602868586095,-0.0016824872165806732,-7.810570181871552e-06,-4.958728171454233e-05,0.004787474606540977
7.676,-2.419294842542511,1.3544550755337852,-2.504958041237581e-05,0.00282795747471805,0.0019482238434065102,-0.000751692161351503,204,1,0.05047319442360798,-0.030262982625550813,-0.0016836531898975547,-8.497588191762171e-06,-4.977041620913033e-05,0.004790611070499738
7.7010000000000005,-2.419253513690391,1.3543774969951456,-4.628351985301911e-05,0.008232498470972545,-0.0015620369452662487,-0.0004865040090074064,205,1,0.05042562742763091,-0.030171386152590837,-0.001685042545001512,-9.725057786154934e-06,-4.954297357571021e-05,0.0047951036009256705
7.726,-2.4188832176189625,1.3543769736865219,-4.9374780862816375e-05,0.002952642149471895,0.004606846700530037,-0.0003942018834735009,206,1,0.05017789324961587,-0.030145271440624,-0.00168681065570872,-1.0809974028062697e-05,-4.967325800929245e-05,0.004796710206120037
7.751,-2.4191058815829174,1.3546078393301721,-6.599361402671115e-05,-0.003744700980883322,0.003968211225053878,-0.0005324913213922163,207,1,0.05034080735778916,-0.030274263439627976,-0.001690272254239655,-1.1404046126619024e-05,-4.884291690294666e-05,0.004798998215568459
7.776,-2.4190704526680067,1.3545753842477746,-7.599934693261743e-05,0.0025488811851470763,0.0010456093273836268,-0.0001527573048942804,208,1,0.050316151025804466,-0.030209791122256135,-0.0016956770287044408,-1.2595546313557876e-05,-4.918246481921592e-05,0.004802075071293048
7.801,-2.41897843752366,1.3546601197965413,-7.36314792712838e-05,0.0005766469393719748,0.0015571649753587159,-0.000595096919679952,209,1,0.05026002410491103,-0.030229065337481514,-0.0017019819249177127,-1.3374485298320277e-05,-4.857364884155815e-05,0.004803084388783613
7.8260000000000005,-2.419041620321038,1.3546532424965425,-0.00010575419291665293,-0.005280544078711832,-0.00209006381198585,-0.0003988505126706357,210,1,0.05030867666584146,-0.030184406346386028,-0.0017092933401139053,-1.462672687627909e-05,-4.722268632234289e-05,0.0048057109576403415
7.851,-2.4192424647275956,1.354555616605942,-9.357400490464236e-05,-0.00593483116688278,-0.001711215506405856,0.00044467888614896524,211,1,0.05043687692879627,-0.030085192021275922,-0.0017167545844593531,-1.5789184940991863e-05,-4.5862796448071064e-05,0.004803804599427063
7.876,-2.4193383618793822,1.3545676817212222,-8.352024860898609e-05,-0.0025396674190236814,-0.004892543642225373,0.0005177956083812792,212,1,0.05048247221876537,-0.030070956756628454,-0.001724106914775774,-1.6652867152312642e-05,-4.513254797711348e-05,0.00480466486068485
7.901,-2.419369448098547,1.3543109894238308,-6.768422448553952e-05,0.0002553008567751656,-0.006023585349783666,0.0010339966597605647,213,1,0.05047995416070093,-0.02988629640393902,-0.0017312037952555046,-1.795449158753368e-05,-4.47408747198611e-05,0.004798680083727887
7.926,-2.4193255968365435,1.354266502453733,-3.182041562075023e-05,0.0006688828025858034,0.0007890161837442621,0.0003158448790241363,214,1,0.0504312768535442,-0.029867311528804036,-0.0017375915671568112,-1.852653292821392e-05,-4.474215155338703e-05,0.004791935216977696
7.9510000000000005,-2.4193360039584175,1.354350440233018,-5.189198053449535e-05,0.0003813071340008647,0.0022437685819998244,-0.0012093496243181833,215,1,0.05042460490240229,-0.029934761543997906,-0.001743556017488892,-1.8951089990835762e-05,-4.515952079485732e-05,0.004796467685127745
7.976,-2.4193065314798434,1.354378690882833,-9.22878968366563e-05,0.0037659410433744348,-0.004539991198342461,-1.453965415620959e-05,216,1,0.05039431568388263,-0.029954531883378217,-0.0017499213413597551,-2.0038987890248846e-05,-4.532492593523372e-05,0.004801322817395973
8.001,-2.419147706906249,1.3541234406731009,-5.2618963242101455e-05,0.004715921672131545,-0.004541425412925032,0.0007358004017721268,217,1,0.050287354757015366,-0.029789487349647932,-0.0017582576463586398,-2.1499003766762434e-05,-4.54577759073844e-05,0.004793573876221207
8.026,-2.419070735396237,1.3541516196121868,-5.549787674819257e-05,-0.0022204308987649707,-0.0025884379821627577,-0.0004016193847533543,218,1,0.05024489986170601,-0.02983307338409755,-0.001767730805248253,-2.234128267983237e-05,-4.5501900882494035e-05,0.00479806584555107
8.051,-2.419258728451187,1.3539940187739927,-7.269993247992985e-05,-0.0015562790261380633,-0.0030903972311823852,-0.0002700304113289992,219,1,0.05036940267499431,-0.029753673958913197,-0.0017779372085924775,-2.3546667062532782e-05,-4.514955677678909e-05,0.004798862305475178
8.076,-2.4191485493475438,1.3539970997506277,-6.899939731468053e-05,0.0021141413109493057,0.0019001881678137606,-0.0006809307159993853,220,1,0.05029266189648188,-0.02978972836427368,-0.0017888287229105855,-2.4245184162314748e-05,-4.4601740887372864e-05,0.004798187374995517
8.101,-2.4191530213856396,1.3540890281823834,-0.0001067464682799584,0.0006466720053843882,0.00345568061109532,-0.0002528247119570946,221,1,0.05029805251712408,-0.02987642111577535,-0.0018009276553139137,-2.461370873554965e-05,-4.4192798792951455e-05,0.004804342791406499
8.126,-2.4191162157472745,1.3541698837811824,-8.164063291245465e-05,0.005155895347561778,0.003015923582383515,0.0004391461367259191,222,1,0.05027653011292576,-0.029942719332299684,-0.0018141629865689698,-2.4914546280816605e-05,-4.406961016367592e-05,0.004800861465925599
8.151,-2.4188952266182615,1.3542398243615026,-8.478916144356731e-05,0.008735976712532664,0.005135719122368803,-0.0002635984207355298,223,1,0.05014773427595255,-0.029993164745765785,-0.0018268846856518178,-2.5494428556771593e-05,-4.4556399977733915e-05,0.004802582653396351
8.176,-2.418679416911648,1.3544266697373009,-9.482055394944597e-05,0.0050047184897560725,-0.0020691548534345888,0.0004170680590398431,224,1,0.050042825714831055,-0.03011081323170729,-0.0018376627305687055,-2.5530382771414318e-05,-4.50019913695941e-05,0.004805319259315236
8.201,-2.4186449906937737,1.3541363666188309,-6.393575849176833e-05,0.0016641344766643348,-0.004969881045258014,0.0007422218064156888,225,1,0.050064014779387614,-0.029911166042735617,-0.0018468030848971446,-2.5987273711279977e-05,-4.538386737088618e-05,0.004798387945689167
8.226,-2.4185962101878147,1.354178175685038,-5.7709463628725295e-05,-0.0042615488437737015,-0.004541403709326194,0.0009510200604268196,226,1,0.0500745796303825,-0.029949638089218824,-0.0018539389070601857,-2.5643879653294726e-05,-4.611710083592507e-05,0.004795801657629783
8.251,-2.4188580681359624,1.3539092964333646,-1.638475547053466e-05,-0.006335390319147784,-0.003496573433392566,0.0005917178618286682,227,1,0.050270839907163134,-0.029787824987324366,-0.001859197472531184,-2.563701375641995e-05,-4.6321401730311065e-05,0.004790073424562171
8.276,-2.418912979703772,1.3540033470133683,-2.812357053743724e-05,-0.0029515428266346368,0.0017248933679958366,8.280398056115129e-06,228,1,0.050316315569618505,-0.02987443539121144,-0.0018627510643786046,-2.5496964776158253e-05,-4.625194762396288e-05,0.004791463357566484
8.301,-2.419005645277294,1.3539955411017643,-1.5970735567775683e-05,-0.00452707089269915,-0.003046417614260789,0.00048131887062651685,229,1,0.05037927724527953,-0.029883852304674115,-0.001865750677250161,-2.628493843846821e-05,-4.6215459586196476e-05,0.004790106938494734
8.326,-2.419139333248407,1.3538510261326553,-4.057627006306542e-06,0.0013885892886111664,-0.002489008374344479,0.00032125268930371475,230,1,0.050458518012853885,-0.029806110657123856,-0.0018687386042470953,-2.7186730895978306e-05,-4.5686381218055654e-05,0.004789869038704617
8.351,-2.4189362158128636,1.3538710906830471,9.189889756473695e-08,0.001090253556226296,0.00012021510938265124,0.00035376390791875466,231,1,0.05032526924801408,-0.029843376141070164,-0.0018705139875231443,-2.781194705285532e-05,-4.5676448231924024e-05,0.004790522498044837
8.376,-2.4190848205705957,1.3538570368881244,1.3630568389705468e-05,-0.0038155030054466115,0.005712160120730069,-0.0001860075875104212,232,1,0.05041953140526208,-0.02985453670818533,-0.0018705784876471485,-2.781724503259484e-05,-4.5717316020940444e-05,0.004788082674735099
8.401,-2.419126990963136,1.3541566986890836,-9.208480477778843e-06,0.0028386695013704207,0.004644523720660421,-0.00033749469711352254,233,1,0.050437440190682574,-0.03005696329892835,-0.0018696215040713295,-2.722607080756627e-05,-4.61768003803376e-05,0.0047918970250217675
8.426,-2.418942887095527,1.3540892630741574,-3.2441664661663013e-06,0.003921260830210771,-0.003559953473186666,7.687770944286744e-05,234,1,0.05032081345221367,-0.030003112747984936,-0.001868297295773145,-2.74281970383936e-05,-4.65759397123446e-05,0.004790399524863199
8.451,-2.4189309279216253,1.3539787010154243,-5.3645950058519295e-06,-0.0019174645429842212,-0.0037758717322721753,0.0005773832649236172,235,1,0.05032225817389741,-0.029930312328980753,-0.0018660606314634981,-2.8081155834509414e-05,-4.694149492796751e-05,0.0047919209499858615
8.476,-2.4190387603226764,1.3539004694875438,2.5624996780232573e-05,0.00351562450180872,0.0025638935432104595,0.0002394496755897586,236,1,0.05039362148121162,-0.029890016733863222,-0.001862910890757163,-2.864937722987968e-05,-4.7120507650760204e-05,0.0047865971891933356
8.501,-2.418755146696535,1.3541068956925848,6.607888773661654e-06,0.005785371534674634,0.006984835308654496,-0.0004479242890553887,237,1,0.05022557602020752,-0.030028220370289363,-0.0018581862362232438,-2.8481465409847313e-05,-4.7257482681164825e-05,0.004792320322821309
8.526,-2.4187494917459427,1.3542497112529766,3.2287823275884277e-06,-0.0010274822781308611,0.0005703661853217941,-0.0001910540455529714,238,1,0.05024633121160117,-0.03010528135764924,-0.0018532537147445672,-2.854057224787614e-05,-4.744352034806721e-05,0.004793780781780975
8.551,-2.4188065208104415,1.354135414001851,-2.9448135039230026e-06,0.0019187334327241683,-0.000278374916593545,-0.0010779132538463034,239,1,0.05029976801115784,-0.030014794084968422,-0.0018496684328538977,-2.9304998382321124e-05,-4.78161418359157e-05,0.004794466267664788
8.576,-2.4186535550743065,1.3542357925071469,-5.066688036470092e-05,-0.002472131030071232,0.0013901693862860911,-0.001283704467738271,240,1,0.05022204563775604,-0.03006778518079143,-0.001847380069164004,-2.9385646134121502e-05,-4.827797514383827e-05,0.004802053839280947
8.601,-2.418930127361945,1.3542049224711652,-6.713003689071813e-05,-0.00553086650326063,-0.004180460040341761,-3.2963356053628695e-05,241,1,0.050403974259173916,-0.030033735524460415,-0.0018464144197786732,-3.024712452442007e-05,-4.821433243387379e-05,0.004804313279806392
8.626,-2.4189300983994695,1.3540267695051298,-5.231504816750071e-05,0.002245227292476718,-0.004639375766264485,0.0007997147580063483,242,1,0.0503996405557111,-0.02991704238412936,-0.001847809517984736,-3.0794976741939076e-05,-4.855765674192991e-05,0.004802125920993243
8.651,-2.418817865997321,1.353972953682852,-2.7144298990560073e-05,0.0065846711770943984,0.000589216859547817,0.0005875683524703051,243,1,0.05033206758752083,-0.029895107456881943,-0.0018511153129900392,-3.1065643385523814e-05,-4.888165185343916e-05,0.004801651430078957
8.676,-2.4186008648406148,1.3540562303481072,-2.2936630544150532e-05,-0.00071626866484208,0.0008565270652915891,0.00019979426723714937,244,1,0.05021484020841392,-0.02995825811859999,-0.0018559829889379504,-3.161876913408137e-05,-4.906120316470126e-05,0.0048024438084177685
8.701,-2.4188536794305633,1.3540157800361166,-1.7154585628755985e-05,-0.0020515952091404153,-0.0007219174357997357,-0.0004818640627934843,245,1,0.05038567579416104,-0.029937612794002266,-0.0018618264150388828,-3.281291597348932e-05,-4.853337913656793e-05,0.004801857926060666
8.726,-2.418703444601072,1.3540201344763172,-4.7029833683964656e-05,0.0008370489599851717,-0.006512324325269742,0.00040904964577316057,246,1,0.05030198578981189,-0.029946309138095487,-0.0018675940924748305,-3.385395760611283e-05,-4.857387265429686e-05,0.004806492738829993
8.751,-2.418811826982564,1.353690163819853,3.2978966597701597e-06,-0.0005837068263225956,-0.0044634463375726584,0.0008820473958604157,247,1,0.050378484503285526,-0.02975371513473072,-0.0018732552291243214,-3.502816865245032e-05,-4.842027989672092e-05,0.004800205386773749
8.776,-2.418732629942388,1.3537969621594386,-2.927463891084097e-06,-0.005318077216571662,0.00524148404183126,-0.0005257273619196848,248,1,0.05033677070284424,-0.029849108050517728,-0.0018786392776086504,-3.500583915013268e-05,-4.8304385472786724e-05,0.004801694118461991
8.801,-2.4190777308433926,1.3539522380219446,-2.2988471436063897e-05,-0.004664206797482185,0.0032314390687470758,-0.00044700623048398645,249,1,0.05054362121754181,-0.029959678782394115,-0.0018842882576884956,-3.4607817205716626e-05,-4.786107781239089e-05,0.004806071488188655
8.826,-2.418965840282262,1.353958534112876,-2.5277775415204365e-05,-0.0032924816025480894,0.003927493693955897,-0.0006636916381719166,250,1,0.05046156201443047,-0.02996712432421545,-0.0018899085639071157,-3.508744225438985e-05,-4.824903493749375e-05,0.004806226074803377
8.851,-2.41924235492352,1.3541486127066424,-5.6173053344478275e-05,-0.009397853967270308,0.004897210974075354,-0.0008624855389527581,251,1,0.05061181327718488,-0.030082409712653177,-0.0018956171059340435,-3.558238483828472e-05,-4.809846646643815e-05,0.004809845169805559
8.876,-2.4194357329806255,1.3542033946615797,-6.840205236294384e-05,0.001975471807824689,-0.0018123988065488592,-0.0007107365823078179,252,1,0.05069045332483953,-0.030101682224776626,-0.0019016745519665648,-3.602477773333332e-05,-4.78814625385757e-05,0.0048100873918742945
8.901,-2.419143581333129,1.354057992766315,-9.170988245968126e-05,0.007402749917550972,-0.005310433988800969,0.0005746217982061016,253,1,0.0504843385736871,-0.03000101170655871,-0.0019082143654433126,-3.6811614161184884e-05,-4.810390190361835e-05,0.004813946851555165
8.926,-2.419065595484748,1.3539378729621396,-3.967096245252556e-05,0.0027970956282974014,-0.0013794583656378894,0.0008921748114154455,254,1,0.05042795041416259,-0.029930213073003222,-0.0019143401676564305,-3.72446595191001e-05,-4.846740204730595e-05,0.004808627398078999
8.951,-2.419003726551714,1.353989019848033,-4.710114188884152e-05,-0.0018088721547737405,0.001634742017273515,-0.0005528013179478741,255,1,0.050388707312248184,-0.0299684882386506,-0.0019204619532170028,-3.750208038523285e-05,-4.886256373998165e-05,0.004808593820576768
8.976,-2.4191560390924867,1.3540196100630033,-6.731102834995606e-05,0.0014084488021204621,0.0006012088247065023,-0.0003518786929124293,256,1,0.05047241003377378,-0.029986805840018452,-0.0019266508964697403,-3.735354426076796e-05,-4.895600738872903e-05,0.0048131270278147726
9.001,-2.418933304111608,1.3540190802892684,-6.469507653467824e-05,0.0052646850607641635,-0.00016650228106929532,7.901149121636476e-06,257,1,0.050333476645456385,-0.029985023101126385,-0.0019327962440381606,-3.720335415556391e-05,-4.960224692751788e-05,0.004812654765399403
9.026,-2.4188928048394485,1.3540112849489498,-6.691597089373594e-05,-0.00041021610605262407,-0.0010661954355750528,-7.653538760976522e-05,258,1,0.0503169352422146,-0.02997929695006315,-0.0019381277292933453,-3.711454773639253e-05,-4.979319804352486e-05,0.004813684719361871
9.051,-2.4189538149169105,1.3539657705174897,-6.852184591520745e-05,-0.003393529881936482,0.0003922094573516277,-0.00040504415061092794,259,1,0.050359628763813225,-0.029954032481064957,-0.00194274501391984,-3.6477426548870596e-05,-4.967497696750695e-05,0.0048124041299549385
9.076,-2.4190624813335453,1.3540308954218174,-8.716817842440186e-05,-0.003559316199446221,0.002459990525474041,0.00019337993397705315,260,1,0.05042308467963407,-0.029996173273901177,-0.0019465205749298867,-3.56425820429335e-05,-4.954376988231371e-05,0.004816551152636161
9.101,-2.419131780726883,1.3540887700437634,-5.885284921649615e-05,-0.005014685725770569,0.006295273449605922,-0.0004905053017001497,261,1,0.05045728307020297,-0.030025984361641105,-0.0019497145545080321,-3.500814081893529e-05,-4.92302853171907e-05,0.004814743620343469
9.126,-2.419313215619834,1.3543456590942977,-0.00011169344350929396,-0.008407365958271918,0.0035885816594261807,-0.0005017609934565677,262,1,0.050549033531783666,-0.030165422165938167,-0.0019528598897100916,-3.4329124990859686e-05,-4.8609522494245164e-05,0.0048233639347578265
9.151,-2.4195521490247964,1.3542681991267347,-8.394089888918527e-05,-0.009522172155680273,-0.004006295458065466,0.0011624901949502777,263,1,0.050659043503008726,-0.03009168543132226,-0.0019568710171432623,-3.4005810988855705e-05,-4.825729641586466e-05,0.004820022211261033
9.176,-2.419789324227618,1.3541453443213944,-5.356893376181996e-05,-0.002357270731847516,-0.004581664859517544,0.0009371586536044285,264,1,0.05075185685662773,-0.03000357391476018,-0.0019614487097756685,-3.366452520670319e-05,-4.783564352592583e-05,0.004817513188812685
9.201,-2.419670012561389,1.3540391158837588,-3.7082966209022745e-05,0.005139593733218744,-0.0008562638508013854,5.0810501264208326e-05,265,1,0.050636242339720056,-0.029938596470557095,-0.0019670290024062253,-3.313433754369364e-05,-4.7880647768145e-05,0.004815139430514337
9.226,-2.419532344540957,1.3541025311288544,-5.1028408698680916e-05,0.00516489800149078,0.0023570315539123646,-0.00025244583627959653,266,1,0.05052809884870986,-0.02998044995218081,-0.001973167860830645,-3.2646874050582595e-05,-4.802987618419602e-05,0.00481817149388669
9.251,-2.4194117676613143,1.3541569674614544,-4.9705258022996855e-05,0.0028772564046431527,-0.002599694554748011,0.0010895274988609548,267,1,0.05044577073718663,-0.030011190295791874,-0.001980238168638285,-3.25813027434745e-05,-4.798396813756758e-05,0.004820785062590306
9.276,-2.4193884817207247,1.353972546401117,3.44796624449852e-06,-0.0012372521209957734,-0.0040986359681571246,0.0009631118155350867,268,1,0.05042821541893819,-0.029901371498488302,-0.0019882226206019244,-3.287726986342599e-05,-4.7632458756114674e-05,0.0048134903561573425
9.301,-2.419473630267364,1.3539520356630466,-1.5496672463038283e-06,0.004889969431784921,-0.001231120419427061,0.00044969705781382956,269,1,0.05047325259273399,-0.029898751915767064,-0.0019968099215763027,-3.260142075204984e-05,-4.681850250261342e-05,0.004814005819864742
9.326,-2.4191439832491355,1.3539109903801456,2.59328191351106e-05,0.00812810939958541,-0.0014162659929839248,0.0006566660441542544,270,1,0.05028905658049997,-0.029885629452955906,-0.0020054851414619858,-3.2472349535579446e-05,-4.6231204950930086e-05,0.004812718614451367
9.351,-2.419067224797385,1.3538812223633974,3.128363496139655e-05,0.0031282373248232133,-0.0016706339881667276,0.0002167874985392661,271,1,0.05026778943052784,-0.029879549409739657,-0.002013599434150376,-3.2840055511022595e-05,-4.555015022669891e-05,0.004812274914323384
9.376,-2.4189875713828943,1.3538274586807373,3.6772194061959915e-05,-0.0009752014151320973,-0.001902854985829135,0.0009695858365877038,272,1,0.050248954589987814,-0.029860710825691406,-0.0020206081372744654,-3.317528648082084e-05,-4.476987021900573e-05,0.004811143808214893
9.401,-2.4191159848681414,1.353786079614106,7.976292679068178e-05,-0.0005893899114450734,-0.0008803657264211271,0.0009147456842839444,273,1,0.05034408377629872,-0.029850788100889883,-0.0020263243689896786,-3.327330264064764e-05,-4.383965484566792e-05,0.0048044613436779016
9.426,-2.4190170408784666,1.3537834403944162,8.250947827611166e-05,-0.0001901535485071521,0.004089891753231653,-0.0005090258512829776,274,1,0.05030453239668373,-0.0298649293118939,-0.002030914266528354,-3.318828684938257e-05,-4.3273545195458065e-05,0.00480526578819893
9.451,-2.4191254925455667,1.3539905742017675,5.43116342266653e-05,-0.0048187097373996604,0.004499239640978139,-0.0007131329392073737,275,1,0.05038238892663661,-0.02999382644099587,-0.002034885604410464,-3.31888489926262e-05,-4.2570340248677554e-05,0.0048086629801596835
9.476,-2.4192579763653366,1.3540084023764651,4.685283131576083e-05,0.0019660521202613944,-0.002175807301845236,3.599933971365564e-05,276,1,0.05046120140005352,-0.029997587575214955,-0.0020385722759752637,-3.3750769716028796e-05,-4.1321471733018784e-05,0.004808436530384677
9.501,-2.4190271899395537,1.3538817838366752,5.611160121244302e-05,0.003287635689464067,-0.0017957711354644019,0.0007029867016150753,277,1,0.050335292214701365,-0.02992035316757951,-0.002042511349041429,-3.49884501736963e-05,-4.116770151596279e-05,0.004805433687206647
9.526,-2.4190935945808634,1.353918613819692,8.200216639672179e-05,-0.0036208192357544727,-0.0005649835506593623,0.00011464524847681738,278,1,0.05038648660762853,-0.029945406940854236,-0.0020467736473662903,-3.5592565457893224e-05,-4.027502275866563e-05,0.004804521288836325
9.551,-2.4192082309013414,1.3538535346591423,6.184386363625878e-05,0.00014041762311123106,-0.001945648179035836,-0.0002417699559131813,279,1,0.050455918647483736,-0.029910975465187978,-0.002051218878293471,-3.6186677440137375e-05,-3.990243261967488e-05,0.004806190351964985
9.576,-2.419086573699708,1.3538213314107401,6.991366860097505e-05,0.0017598278110675131,0.0005224904311207294,6.892528372936981e-05,280,1,0.05039118559523091,-0.02989867172665915,-0.002055499237537692,-3.660212164270261e-05,-3.9723871008183e-05,0.004805534536866379
9.601,-2.419120239510788,1.3538796591806983,6.529012782266305e-05,0.00014643702655803593,0.006251836796691413,-0.00012035399015175841,281,1,0.050417398615850983,-0.029935438748587402,-0.0020586982725591466,-3.667439710911386e-05,-3.947305316250963e-05,0.004806059255337682
9.626,-2.41907925184838,1.3541339232505747,6.389596909348863e-05,0.0035475745015301685,0.0016564997244517341,0.000837933807362763,282,1,0.05040127871615901,-0.030071830489417268,-0.0020611300764965014,-3.6725367461552646e-05,-3.94609332362278e-05,0.0048067573433835595
9.651,-2.4189428607857115,1.3539624841669209,0.00010718681819082904,0.006281388720497016,-0.00041990021272474934,0.0005535965767044991,283,1,0.0503377429382754,-0.029955053528314887,-0.0020627005106486876,-3.7615131215665806e-05,-3.963929342724096e-05,0.0048000762172966975
9.676,-2.418765182412355,1.3541129282399385,9.157579792854289e-05,0.008122788706756862,0.0024155952919579717,-0.00043081607223882044,284,1,0.05026152668696864,-0.03003249906541107,-0.002063832714930217,-3.8013825316588776e-05,-3.9848279131979556e-05,0.004800818835830012
9.701,-2.4185367213503737,1.3540832639315188,8.564601457873343e-05,0.0010308105935763331,0.0010954087164360814,-0.00021342735486484495,285,1,0.05017049317118167,-0.029999653281707145,-0.0020645815344752295,-3.873013018484855e-05,-4.01561325921756e-05,0.0048013342295682914
9.726,-2.4187136418826762,1.3541676986757603,8.0904430185373e-05,-0.010455172114723021,0.0023917583387734155,-0.0004961587451291045,286,1,0.05030155934002932,-0.030032503476465106,-0.0020653583122838765,-3.899973439160531e-05,-4.0322741989362534e-05,0.004802324092529751
9.751,-2.41905947995611,1.3542028518484575,6.08380773223267e-05,-0.007276232543249761,-0.001420796915736519,-0.00022593368600887714,287,1,0.05049930453046453,-0.030032648544369437,-0.0020663240221182448,-3.9047356119867964e-05,-4.052206292715626e-05,0.00480565183732804
9.776,-2.4190774535098387,1.3540966588299734,6.960774588477591e-05,-0.0009421964204125865,-0.0024864219757869325,0.000554966953583139,288,1,0.050497765946646,-0.02995432240889654,-0.0020674666581021847,-3.95133432429561e-05,-4.137134515747267e-05,0.004804373272544083
9.801,-2.4191065897771304,1.354078530749668,8.858642500165574e-05,0.0027581362000006103,0.002072629075020564,0.00045701383326601135,289,1,0.050503703435777425,-0.02993364023948299,-0.002068441057105702,-3.969154035881013e-05,-4.198816999554812e-05,0.004803029960252285
9.826,-2.4189395466998387,1.3542002902837245,9.245843754818548e-05,0.006383376198186761,0.006489384059635747,-0.0005923612364355706,290,1,0.05040873689636625,-0.02998954523224971,-0.0020699006524272407,-3.957592869948636e-05,-4.229534690237749e-05,0.004803714428808931
9.851,-2.418787420967221,1.35440299995265,5.896836317978374e-05,0.007030782853956347,-2.924188350572683e-05,-0.0004795025754056428,291,1,0.050333534297214544,-0.030078376624284326,-0.00207154454004234,-3.9637554666125035e-05,-4.266231483040239e-05,0.004808462807383572
9.876,-2.418588007557141,1.3541988281895492,6.848330877802168e-05,0.004277448207954484,-0.007651579937393457,0.0008315787787083372,292,1,0.050244296491462226,-0.02993663624172505,-0.0020732647151078553,-4.016825301437429e-05,-4.249903588986186e-05,0.004807252030695901
9.901,-2.4185735485568234,1.3540204209557802,0.00010054730211510082,-0.0009684243519014619,-0.00870645866889218,0.0011096550434963445,293,1,0.05026261495026568,-0.02983064019860715,-0.002074811711070625,-4.039720597119252e-05,-4.262107107590682e-05,0.004803238585169803
9.926,-2.418636428774736,1.3537635052561046,0.00012396606095296467,-0.004212169207837786,-0.004188146303878366,0.0006776717997691765,294,1,0.05031745995535415,-0.029699014844830132,-0.002076056749794202,-4.0132269740697336e-05,-4.3073932918890915e-05,0.0048002218845438266
9.951,-2.4187841570172153,1.3538110136405863,0.00013443089210372276,-0.003059405294552021,0.0002752792129623277,0.00030550103596204813,295,1,0.05040636641209436,-0.02974996373109693,-0.0020767869291230903,-3.892021531633954e-05,-4.350715448670178e-05,0.00480073548438896
9.976,-2.4187893990394636,1.3537772692167527,0.0001392411127510397,-0.002470658088080721,-0.002314895136246214,-0.0003888589646194956,296,1,0.05040908752884503,-0.02974923226091154,-0.0020780252352409893,-3.816754376917711e-05,-4.4462672195796925e-05,0.0047987999681636025
10.001,-2.4189076899216193,1.353695268883774,0.00011498794387293581,-0.0036288890347169972,-0.000335888987894613,-0.0022131891400257093,297,1,0.050469475882698005,-0.029724365218642294,-0.002079601250092279,-3.7871979107995815e-05,-4.465807413569174e-05,0.0048016586772883
10.026,-2.4189708434911994,1.353760474767358,2.8581655749638607e-05,-0.006411605737461821,-0.0010043641611456734,-0.012871332308517043,298,1,0.05049321557736063,-0.029788214130873653,-0.0020820738221475365,-3.7544622548157826e-05,-4.4919678091845974e-05,0.004800935098691058
10.051,-2.4192282702084924,1.3536450506757167,-0.0005285786715530301,0.001137858175708201,-0.004143811339001265,-0.040330314188725104,299,1,0.05063537771149911,-0.029798349805280646,-0.0020846700306973265,-3.7075933798777005e-05,-4.477331584074205e-05,0.0048023397298915735
10.076,-2.418913950582414,1.3535532842004079,-0.0019879340536868555,0.019974051408313258,-0.020428856374623258,-0.08135081816621144,300,1,0.05055588326391109,-0.02997848165869691,-0.0020868447804546523,-3.6649653148687615e-05,-4.4630906958315136e-05,0.004808737563189394
10.101,-2.4182295676380767,1.3526236078569855,-0.0045961195798636485,0.04070509995143554,-0.06375269586632507,-0.1335064342845211,301,1,0.05049766475219526,-0.030019330502497898,-0.002088860717158073,-3.6795948187721294e-05,-4.398784920002002e-05,0.004806822295367497
10.126,-2.4168786955848423,1.3503656494070917,-0.008663255767912888,0.06854416069486259,-0.11685461417253488,-0.19667826189338797,302,1,0.05044141498832063,-0.029890234914983986,-0.002091406365581701,-3.72864499017738e-05,-4.342990650328874e-05,0.0048037610486302345
10.151,-2.4148023596033337,1.346780877148359,-0.014430032674532672,0.10396255680331054,-0.1757165681559833,-0.270212846200742,303,1,0.05047846299177589,-0.02980645258856815,-0.0020934186628692223,-3.759716024146549e-05,-4.318792257973988e-05,0.004797267817096957
10.176,-2.4116805677446767,1.3415798209992924,-0.02217389807795028,0.1562131042346926,-0.2503240633356194,-0.3510696025610155,304,1,0.05056619116877452,-0.029819964773920456,-0.002095050731400419,-3.765176759480442e-05,-4.2762118253977657e-05,0.004797678912557635
10.201,-2.406991704391599,1.3342646739815778,-0.031983512802583706,0.21468655138035558,-0.33610817777961677,-0.4362514638135133,305,1,0.0505548424631448,-0.029841464113780587,-0.0020968175200580907,-3.7829779681552665e-05,-4.2417921685929e-05,0.004797473732465513
10.226,-2.4009462401756587,1.3247744121103113,-0.04398647126862631,0.27889197999964627,-0.4270317666422987,-0.5239877979281383,306,1,0.05060698450244486,-0.02990531522273892,-0.0020984260912623376,-3.749293637239166e-05,-4.201882072696654e-05,0.0047970639590357985
10.251,-2.393047105391617,1.3129130856494633,-0.058182902698990166,0.3402097134809951,-0.520869856982118,-0.61434054919943,307,1,0.0504740125692273,-0.02992278028102794,-0.0020991605670525495,-3.72938376254352e-05,-4.19863129015343e-05,0.004792214193728675
10.276,-2.3839357545016093,1.298730919261206,-0.07470349872859736,0.398206148726835,-0.6069879880343445,-0.7064368638432394,308,1,0.050482311367108346,-0.029896195752835742,-0.0020994369106468874,-3.73170364368815e-05,-4.185915083683419e-05,0.004792056674459474
10.301,-2.373136797955275,1.2825636862477456,-0.09350474589115265,0.4592559205395498,-0.6930767631993086,-0.7964664592832424,309,1,0.05035915664614231,-0.029981615025800566,-0.0020990997829322213,-3.67419401817297e-05,-4.1959485531511774e-05,0.004791507352113555
10.326,-2.3609729584746315,1.26407708110124,-0.11452682169276007,0.5148446972325098,-0.7798060862414302,-0.8852696087326669,310,1,0.05026370928400508,-0.029959749273803987,-0.002098249919605055,-3.6470922502127816e-05,-4.189549338385362e-05,0.004786664470536366
10.351,-2.347394563093649,1.2435733819356736,-0.13776822632778649,0.563248213905355,-0.8638320879009205,-0.9715237138624951,311,1,0.05015326616713551,-0.029976138557484593,-0.0020968510759311796,-3.576516428532687e-05,-4.1916306152677384e-05,0.004785452239839576
10.376,-2.3328105477793644,1.220885476706195,-0.1631030073858838,0.6145782922290663,-0.9457804551934126,-1.0533408297757465,312,1,0.05020999706754962,-0.029904888848635923,-0.002096045904962301,-3.54847945868124e-05,-4.1159576131556976e-05,0.004782278989159238
10.401,-2.3166656484821964,1.196284359176004,-0.19043526781657272,0.6691443943888669,-1.027021341814217,-1.1299793651364194,313,1,0.050123859216289916,-0.02988588826212871,-0.0020956136448266054,-3.5535603280824044e-05,-4.107615428601153e-05,0.004776899760813203
10.426,-2.2993533280599205,1.1695344096154834,-0.21960197564270567,0.7144688171895007,-1.1099669502395513,-1.201633445964508,314,1,0.050082994124922176,-0.029757387423620222,-0.0020950222144843567,-3.594598186981852e-05,-4.076462014674725e-05,0.004768930688430429
10.451,-2.280942207622721,1.1407860116640256,-0.2505169401147989,0.7566850687730201,-1.1832804330384015,-1.2670199962894644,315,1,0.05009709179372376,-0.029589432731997024,-0.0020947297296416705,-3.625405374154491e-05,-4.054059557240332e-05,0.004765661332446622
10.476,-2.261519074621269,1.1103703879635625,-0.28295297545717996,0.7999107724020942,-1.2539820310381833,-1.32307648202363,316,1,0.05020104529217101,-0.029524900118009696,-0.0020960579281193202,-3.609507024478313e-05,-4.026219288534098e-05,0.0047606425826278555
10.501,-2.240946669002617,1.0780869101121178,-0.3166707642159789,0.8471419731554523,-1.3275556950834149,-1.3717871486781634,317,1,0.05029108716986172,-0.02943058299331863,-0.002099330870165037,-3.612926024166331e-05,-4.0199691010688176e-05,0.004749643080286543
10.526,-2.2191619759634973,1.0439926032093931,-0.3515423328910869,0.8969878649217616,-1.3937732222736645,-1.4138709169446773,318,1,0.050320347698454025,-0.029325741455416294,-0.0021039885273145906,-3.643731616258898e-05,-3.996792991738348e-05,0.004738534873197063
10.551,-2.1960972757565282,1.0083982489984336,-0.3873643100632137,0.945158422368446,-1.4517003683972767,-1.4459274931771275,319,1,0.05026148503316355,-0.029341974068606738,-0.002109485784055632,-3.661415911681178e-05,-3.997932835498545e-05,0.00473092192632444
10.576,-2.1719040548450743,0.9714075847895283,-0.4238387075499442,0.9797039377064148,-1.5137785982399683,-1.4691642204974689,320,1,0.05021022276661777,-0.029484194389284554,-0.0021153829768335115,-3.6308421430927365e-05,-3.980115224113227e-05,0.004718631496205151
10.601,-2.147112078871207,0.9327093190864341,-0.46082252108808824,1.01755073889715,-1.588800009461094,-1.48279056422489,321,1,0.05036168169316397,-0.029508482486924833,-0.0021211341206538205,-3.619015779504409e-05,-3.901955191551885e-05,0.004711484112510861
10.626,-2.121026517900218,0.8919675843164753,-0.49797823576118716,1.0694540088146682,-1.6471852912416036,-1.4869278818307359,322,1,0.05031080549514481,-0.02932294916921061,-0.0021272918420020943,-3.655244815616399e-05,-3.834910296057668e-05,0.004693265727597054
10.651,-2.0936393784304745,0.8503500545243556,-0.5351689151796236,1.112314468146096,-1.6943713025591705,-1.4832994987927395,323,1,0.0502141937598397,-0.029530690772400205,-0.0021337642966419226,-3.6122662562794164e-05,-3.793845145626575e-05,0.004681923454783375
10.676,-2.0654107944929123,0.8072490191885155,-0.572143210700825,1.1445299513425693,-1.755122492067735,-1.4692917785937145,324,1,0.0502013559887001,-0.029699604760643657,-0.0021401242925844746,-3.551861140143547e-05,-3.764914447642255e-05,0.004673774218729445
10.701,-2.0364128808633453,0.7625939299209676,-0.6086335041093106,1.1675091150243422,-1.8055736403141718,-1.4457747409510417,325,1,0.050260962726367514,-0.029767629777362137,-0.0021456019192217703,-3.52983948768169e-05,-3.708582719566358e-05,0.004665326125068675
10.726,-2.0070353387416944,0.7169703371728057,-0.6444319477483779,1.1812374041829294,-1.827807713662214,-1.4136462529653695,326,1,0.050418539770919084,-0.02977369993466369,-0.0021503714961409,-3.5017542613592926e-05,-3.62915524043903e-05,0.004659365112579107
10.751,-1.9773510106542,0.6712035442378589,-0.6793158167575778,1.1772585123671748,-1.8179235456280363,-1.3721446118625318,327,1,0.05041267002972558,-0.02977830744304459,-0.002155225366170372,-3.4913309621096613e-05,-3.5931651512506554e-05,0.004653367187887174
10.776,-1.9481724131233369,0.6260741598914058,-0.713039178341503,1.1259185553763569,-1.7424898680056429,-1.3224715015288602,328,1,0.05047086524905378,-0.02977484308171721,-0.002160009516252375,-3.468844575569056e-05,-3.579907729628739e-05,0.004645760490792423
10.801,-1.9210550828853814,0.5840790508375755,-0.7454393918340219,1.0413822452989747,-1.6071358493978753,-1.2651245167371437,329,1,0.050494132872233734,-0.029740608328708947,-0.002164582691592805,-3.475628404991108e-05,-3.5555513083969606e-05,0.00463963216538579
10.826,-1.8961033008583874,0.5457173674215109,-0.776295404178361,0.9547039762845297,-1.470053443251135,-1.2002988738453897,330,1,0.05048242372993709,-0.029786123189841866,-0.002168518603077871,-3.4818819690165174e-05,-3.520310361873951e-05,0.0046345133293781175
10.851,-1.8733198840711542,0.5105763786750177,-0.8054543355262921,0.8656162729515777,-1.3407058691195426,-1.1288840961306752,331,1,0.05052975172407265,-0.029821911617353467,-0.0021723818797853072,-3.503845818148967e-05,-3.501628277808139e-05,0.004628669787562404
10.876,-1.8528224872108094,0.4786820739655352,-0.8327396089848936,0.7788230366727678,-1.2077092177200346,-1.051476256821995,332,1,0.05059668679170707,-0.029788839388053143,-0.0021758851290062504,-3.4978915112583675e-05,-3.4752142067105674e-05,0.004624007032809273
10.901,-1.8343787322375167,0.45019091778901726,-0.8580281483673908,0.6953184176376882,-1.0747964891193964,-0.9694888587172064,333,1,0.0506333252554545,-0.02982546799977299,-0.0021787894317057055,-3.4668499436595834e-05,-3.481536106406992e-05,0.004619130916077076
10.926,-1.8180565663289245,0.4249422495095646,-0.8812140519207545,0.6086881801699786,-0.9497254919872231,-0.8828847566904815,334,1,0.05067028977632931,-0.02985505203651201,-0.0021817869986556345,-3.4694593385233314e-05,-3.5215423566588556e-05,0.004614934875218014
10.951,-1.8039443232290173,0.40270464318965543,-0.9021723862019158,0.5227389293154975,-0.8262413035620924,-0.7935045335809197,335,1,0.05071164459591082,-0.02977305051825954,-0.0021848153680716557,-3.461384278614909e-05,-3.5259480835122826e-05,0.004607765509288233
10.976,-1.7919196198631493,0.3836301843314594,-0.9208892785998011,0.4457245909356328,-0.7025962940887304,-0.7031241307701536,336,1,0.050795464447692264,-0.029701690235724425,-0.0021877589536546125,-3.4498055049034864e-05,-3.508117205275595e-05,0.004602918271718485
11.001,-1.7816580936822362,0.36757482848521966,-0.9373285927404229,0.3759362619203035,-0.5844072148714998,-0.6116221143886366,337,1,0.05080785599171597,-0.029705537313275413,-0.0021904195084373177,-3.4390918867907063e-05,-3.481725868505022e-05,0.004600333590566204
11.026,-1.7731228067671345,0.35440982358788503,-0.9514703843192324,0.3087869291852919,-0.46612767598452237,-0.5222663949848109,338,1,0.05075040456170185,-0.02975138542208407,-0.0021930652259775757,-3.432657827673481e-05,-3.4789793987227015e-05,0.004597574558115121
11.051,-1.7662187472229713,0.3442684446859932,-0.9634419124896639,0.23868082986063238,-0.3514647843093971,-0.43434848726695835,339,1,0.05068627911957144,-0.02992388065833047,-0.0021965985430696237,-3.430764202680613e-05,-3.4791411048005854e-05,0.004601625544746066
11.076,-1.7611887652741027,0.3368365843724149,-0.9731878086825805,0.15971105262203572,-0.24395840853071546,-0.3482309336257256,340,1,0.050626488656435084,-0.030017432618260596,-0.002200504291199996,-3.4408194136621736e-05,-3.476950758701641e-05,0.0046007377729175595
11.101,-1.7582331945918694,0.33207052425945727,-0.9808534591709505,0.0856063344514864,-0.13979843826162205,-0.26791836758004134,341,1,0.05064431146309295,-0.029962093759307695,-0.0022050538301844245,-3.474999047915695e-05,-3.440207773270084e-05,0.004596720772347032
11.126,-1.7569084485515285,0.329846662459334,-0.9865837270615823,0.016939240922831195,-0.03211646572253659,-0.1954264754589416,342,1,0.05059539320741868,-0.029913666047429413,-0.002209661550926113,-3.490561806749926e-05,-3.453132340608424e-05,0.004590947130666551
11.151,-1.757386232545728,0.33046470097333047,-0.9906247829438976,-0.05974658278347893,0.06626037927874767,-0.13086441717738131,343,1,0.050681325380489035,-0.029898778335043997,-0.002214690049785064,-3.520446929720494e-05,-3.42106999366207e-05,0.004590600165363164
11.176,-1.7598957776907025,0.3331596814232714,-0.9931269479204515,-0.11964924167884135,0.15457105764594029,-0.0776704215373758,344,1,0.050803344925852714,-0.02961148707015277,-0.002219248083745693,-3.602331082752983e-05,-3.400943040643237e-05,0.0045814888031834216
11.201,-1.76336869462967,0.3381932538556276,-0.9945083040207662,-0.1544339929828298,0.23430423422951763,-0.03896938834396069,345,1,0.05082992963280957,-0.029588960014410852,-0.002224124065240899,-3.593234028803896e-05,-3.3978898537801515e-05,0.004581485178539105
11.226,-1.767617477339844,0.34487489313474745,-0.9950754173376496,-0.1892778383252565,0.2911290009382601,-0.013131805535700205,346,1,0.05078360991175174,-0.029684828786122556,-0.0022268422117417987,-3.5860733493702814e-05,-3.4349260435701494e-05,0.004585832112160405
11.251,-1.7728325865459327,0.3527497039025403,-0.9951648942975512,-0.20609590637085778,0.31893505627532026,-0.001760968321944427,347,1,0.05084855865971573,-0.02969253797785913,-0.0022277835666265674,-3.57421791399679e-05,-3.433818434915037e-05,0.004586968040620541
11.276,-1.7779222726583868,0.3608216459485131,-0.9951634657537469,-0.20203073941531693,0.32162349808276247,-0.00011263784937653849,348,1,0.05079276131717556,-0.029792819114010837,-0.002227088601259244,-3.545349919685987e-05,-3.456558451521434e-05,0.004589476752230023
11.301,-1.7829341235166987,0.36883087880667864,-0.9951705261900201,-0.19507960773082533,0.3078512348365881,0.0002513014309002379,349,1,0.050745933602625165,-0.02988474249072909,-0.002225070387469766,-3.525873224307548e-05,-3.423522060736791e-05,0.004592158611311921
11.326,-1.7876762530449282,0.37621420769034275,-0.9951509006822019,-0.1799851510601932,0.280234004844782,0.0001415065076670865,350,1,0.050585569128665686,-0.029902196273326166,-0.0022216502871501534,-3.515717444495288e-05,-3.404419384279044e-05,0.004591020305697418
11.351,-1.7919333810697085,0.38284257904891794,-0.9951634508646368,-0.1452252395096063,0.2305586144417109,-4.531552034059513e-05,351,1,0.05064886296291604,-0.02991074980186759,-0.0022183289378158552,-3.527997061322528e-05,-3.3381985473408326e-05,0.004593478078649211
11.376,-1.7949375150204083,0.38774213841242805,-0.995153166458219,-0.10430353811948789,0.1629275528387454,0.0006945088801835346,352,1,0.050572988644916654,-0.02997182134465138,-0.0022144527325683597,-3.536926233007684e-05,-3.261313652829979e-05,0.004593591765829815
11.401,-1.7971485579756827,0.39098895669085504,-0.9951287254206277,-0.06458502063257396,0.09706280130170249,0.0008211252131484653,353,1,0.05054113726976946,-0.029910992098598207,-0.0022109759705395285,-3.568974362558546e-05,-3.1962821753164e-05,0.004593748398605107
11.426,-1.798166766052037,0.39259527847751324,-0.9951121101975615,-0.033191584602109775,0.046562079979109335,0.0004255100351890856,354,1,0.05041779723723195,-0.02991199590557288,-0.002207843009350115,-3.5833088383611465e-05,-3.1677829065904126e-05,0.004592507599311552
11.451,-1.7988081372057882,0.39331706068981054,-0.995107449918868,-0.014384388442203262,0.012667611222145589,-6.795419063010303e-06,355,1,0.05047324995298931,-0.02983202879488325,-0.002205819726002482,-3.616389409991142e-05,-3.129434759931786e-05,0.004593236045889652
11.476,-1.7988859854741472,0.39322865903862053,-0.9951124499685148,0.0024805704769770816,-0.01318560318918777,0.0003666560346449266,356,1,0.050491758240831824,-0.029782174545610093,-0.0022043188501537445,-3.628460153004687e-05,-3.136801624677579e-05,0.004593652661909536
11.501,-1.7986841086819394,0.39265778053035116,-0.9950891171171357,0.009839345683384725,-0.024937595961913004,0.0003808083591749859,357,1,0.05049822662602233,-0.029727904784118783,-0.0022033846572964764,-3.646918346074026e-05,-3.173460372789701e-05,0.004593660291530525
11.526,-1.798394018189978,0.3919817792405249,-0.9950934095505559,0.006963358882696625,-0.016705725724669204,-0.000242048390681756,358,1,0.05043373934835236,-0.02969119835147486,-0.0022030012794037393,-3.648321054353318e-05,-3.2386164878597156e-05,0.004595324121011429
11.551,-1.7983359407378046,0.3918224942441177,-0.9951012195366699,-0.00482001493077082,-0.004512318892908531,-0.0001525299333238173,359,1,0.05051543395720535,-0.02969927820103845,-0.002203357264711208,-3.6380228884531e-05,-3.264293113956299e-05,0.004596617949373615
11.576,-1.7986350189365166,0.3917561632958795,-0.9951010360472219,-0.009042320306682377,0.0005782910143448034,0.00021210901087087263,360,1,0.05057605560007266,-0.029583616388031326,-0.002205285688041761,-3.622351766322427e-05,-3.3033427824614006e-05,0.004599173815618565
11.601,-1.7987880567531387,0.39185140879483493,-0.9950906140861265,-0.010727408364386244,0.00972955354605419,0.0003667833298060053,361,1,0.05055763069000416,-0.029580296275191383,-0.002208288148063274,-3.572172321829508e-05,-3.333117733896279e-05,0.004600151873682157
11.626,-1.7991713893547359,0.3922426409731822,-0.9950826968807318,-0.007894076064536461,0.01422808133672601,0.0007887668289541407,362,1,0.05063104580862495,-0.029554615511538655,-0.002212177092157367,-3.4895716510881535e-05,-3.329920217750178e-05,0.0046012735674969924
11.651,-1.7991827605563655,0.3925628128616712,-0.995051175744679,-0.003954608894387534,0.012796832708796653,0.0005733868486235057,363,1,0.05055548430477493,-0.029656922627989624,-0.002215926214213853,-3.4137236600487095e-05,-3.395201031431054e-05,0.004599079082592607
11.676,-1.7993691197994552,0.392882482608622,-0.9950540275383005,-0.006195178055801076,0.011175830067241384,-1.6973802914321582e-05,364,1,0.05053570791925073,-0.029665080048267838,-0.00221915676255511,-3.3487409342395564e-05,-3.457351244110373e-05,0.004598497104461594
11.701,-1.7994925194591556,0.3931216043650333,-0.9950520244348249,-0.006742938183727969,0.008581849134768772,0.000313338971666961,365,1,0.05049888111735702,-0.029670715993448286,-0.002221907083643808,-3.30405703325897e-05,-3.511254668646861e-05,0.0045992758565399075
11.726,-1.7997062667086416,0.39331157506536046,-0.9950383605897173,-0.006759972007883841,0.006874490443771344,4.729969694139514e-05,366,1,0.05049969787532427,-0.029622869563790972,-0.0022243507650083092,-3.305744480841745e-05,-3.5300594473555984e-05,0.0046000574640313865
11.751,-1.7998305180595497,0.39346532888722185,-0.9950496594499777,-0.0011055677755722707,0.00641599947926577,0.00016911247478823915,367,1,0.050500354754256675,-0.029609062908571567,-0.002226506833371822,-3.327395152167292e-05,-3.5395994202989435e-05,0.004601445627210423
11.776,-1.7997615450974203,0.39363237503932375,-0.995029904965978,0.005258649791537376,0.0032307605108960564,0.0004900173374355818,368,1,0.050492024838090746,-0.029678218937876203,-0.002227835007263921,-3.343564733377892e-05,-3.49636850803207e-05,0.0046008182755940055
11.801,-1.7995675855699729,0.39362686691276666,-0.9950251585831058,0.004018179251072894,0.005720311169851085,0.00014128917444899768,369,1,0.05041949613918884,-0.029742360503294825,-0.0022279926569446235,-3.3734225071955755e-05,-3.475286014293816e-05,0.004602147871418445
11.826,-1.7995606361348666,0.3939183905978163,-0.9950228405072556,0.004211347951921181,0.00883447494566579,-6.104581604660011e-05,370,1,0.050517607617120174,-0.029798741132962214,-0.0022274386797173345,-3.382571270960797e-05,-3.448681707261834e-05,0.004603594530292218
11.851,-1.7993570181723768,0.39406859066004996,-0.9950282108739084,0.0031898440163447687,0.0036591838420897086,0.001035490427359087,371,1,0.05052110652087389,-0.029887493900270026,-0.002226362078644631,-3.39239122756068e-05,-3.4475664614683e-05,0.004605300706696832
11.876,-1.7994011439340494,0.3941013497899208,-0.9949710659858876,-0.0005867470912335318,0.0034749183287775174,0.008059799914113158,372,1,0.05054234324931102,-0.029834694921011182,-0.0022258656169378077,-3.4275535090269436e-05,-3.461880289833846e-05,0.004606446126038343
11.901,-1.7993863555269385,0.3942423365764888,-0.9946252208782028,0.008417492062533385,0.001592874880529371,0.027407562432086474,373,1,0.05059644168985603,-0.02981345749109874,-0.0022260052452200293,-3.436384703539041e-05,-3.4546299406300945e-05,0.004609002203500048
11.926,-1.7989802693309227,0.39418099353394725,-0.9936006878642831,0.027892184976092298,-0.0006956768773458312,0.0602211527541732,374,1,0.05053621818600459,-0.029790546456009932,-0.0022271416676976023,-3.429156014093677e-05,-3.4997296775505345e-05,0.004609599317765293
11.951,-1.7979917462781339,0.39420755273262154,-0.9916141632404942,0.053096611880127174,0.001714712827824958,0.10386154138939249,375,1,0.05049972651347566,-0.029777913778897252,-0.002228732660460126,-3.40767140006686e-05,-3.494739511946949e-05,0.004610779666670169
11.976,-1.7963254387369163,0.3942667291753385,-0.9884076107948134,0.10383268097606145,0.008550230373046879,0.1572905516153911,376,1,0.05053365978181553,-0.029611529803482667,-0.002231071405408462,-3.4258736599264124e-05,-3.457480442822393e-05,0.004613297020371304
12.001,-1.7928001122293309,0.39463506425127387,-0.983749635659725,0.18475336681631432,0.015440251272644031,0.21880613317162312,377,1,0.05057384890214132,-0.02960869240789775,-0.0022340448809078464,-3.3832467489644974e-05,-3.3918415144169586e-05,0.004615392619666403
12.026,-1.7870877703961008,0.3950387417389707,-0.9774673041362326,0.27635385482074387,0.019460596443041378,0.28665878599506683,378,1,0.05054324699146583,-0.029620851466040345,-0.0022374294708056857,-3.319480050703597e-05,-3.340962700178648e-05,0.004617707759461616
12.051,-1.7789824194882935,0.39560809407342595,-0.9694166963599714,0.36509044641994154,0.029202607079816395,0.36022736208402173,379,1,0.050473382117348024,-0.029709388209046245,-0.0022410526973979917,-3.2612199902162984e-05,-3.32667830704972e-05,0.004620641033522008
12.076,-1.7688332480751034,0.39649887209296153,-0.9594559360320314,0.46791634160229245,0.038857082344662675,0.4379275929623132,380,1,0.05051877132573036,-0.029722245758873844,-0.0022441816851166765,-3.246780295086699e-05,-3.26708561158468e-05,0.0046233135126418105
12.101,-1.7555866024081785,0.3975509481906591,-0.9475203167118554,0.5769688168408161,0.04607746418113333,0.5189866942077725,381,1,0.05044776087557765,-0.029882289777692927,-0.002247568706728655,-3.1792663290333536e-05,-3.2176529578413536e-05,0.004627521858170314
12.126,-1.7399848072330633,0.39880274530201815,-0.9335066013216435,0.6728231538454176,0.05627821223479499,0.6017693928543673,382,1,0.050453087640619225,-0.02989157154269147,-0.002251134136199417,-3.17293512736781e-05,-3.151401666033177e-05,0.004631125892208746
12.151,-1.7219454447159084,0.4003648588023988,-0.9174318470691376,0.77689055021976,0.06368927921348376,0.6843470944920229,383,1,0.05053649927794493,-0.029853765628890094,-0.00225475277397386,-3.19273394319349e-05,-3.078244193507665e-05,0.004635290851439099
12.176,-1.7011402797220747,0.4019872092626924,-0.8992892465970417,0.8814030428100413,0.06636158605903958,0.7674005503198325,384,1,0.05051860267985241,-0.029858754022993428,-0.0022587847577474236,-3.1447210530097674e-05,-3.008973652447558e-05,0.004640234000510177
12.201,-1.6778752925754057,0.40368293810535083,-0.8790618195531456,0.9782339212062169,0.0769062123476827,0.8493366363691791,385,1,0.050472542606320545,-0.029814987741693368,-0.0022623230820719977,-3.108303213261666e-05,-2.9508074487379226e-05,0.0046438142969435475
12.226,-1.6522285836617632,0.40583251988007657,-0.856822414778582,1.080309018348605,0.08499701491126181,0.9286238952103807,386,1,0.05053393008620682,-0.029824593943995486,-0.002265681754529753,-3.075196634513671e-05,-2.8931880499137673e-05,0.004648231442342308
12.251,-1.6238598416579766,0.40793278885091383,-0.8326306247926273,1.1772396863197516,0.08944878930250501,1.0048314038855768,387,1,0.05043086550711748,-0.029896606404778103,-0.002269152478824598,-3.054065091126333e-05,-2.8985154627591192e-05,0.004653328899994932
12.276,-1.5933665993457768,0.4103049593452017,-0.8065808445843041,1.2660718180494965,0.09767734832347247,1.0774514003267412,388,1,0.050418010395018274,-0.029907674541028238,-0.002271977613069424,-3.062169747082225e-05,-2.910514833846395e-05,0.004659449606362271
12.301,-1.5605562507555009,0.4128166562670875,-0.7787580547762893,1.3575319751210586,0.10033663079011736,1.1460783751524433,389,1,0.0503847334272694,-0.0299248004621019,-0.0022747174795400425,-3.0846535148636684e-05,-2.929899260391254e-05,0.004665190917829136
12.326,-1.525490000589723,0.41532179088470766,-0.7492769258266809,1.4423532732587248,0.11104221129452704,1.2093714823258324,390,1,0.05028992857073289,-0.029906748318274348,-0.0022771517104452476,-3.075388967846826e-05,-2.9688515250906815e-05,0.004670587048584184
12.351,-1.4884385870925636,0.41836876683181395,-0.718289480659997,1.52050422132629,0.12341970928975862,1.26611419981332,391,1,0.05036795174526115,-0.02993572217234272,-0.00228006403625838,-3.0492820740273164e-05,-2.965364684832119e-05,0.004675677151708837
12.376,-1.44946478952341,0.42149277634919546,-0.6859712158360162,1.6043996033245276,0.12562191742397188,1.3170089664867048,392,1,0.05045423992610812,-0.02987452109533633,-0.0022832260070376523,-3.0513099480504527e-05,-2.92674504316636e-05,0.004683683778786309
12.401,-1.408218606926339,0.4246498627030124,-0.6524390323356632,1.6885686802867976,0.1307118319067683,1.3621369350907548,393,1,0.0504315116339121,-0.02985858808395598,-0.0022858397216963177,-3.039805094969606e-05,-2.9310266688737617e-05,0.004692431623144855
12.426,-1.365036355509069,0.42802836794453397,-0.6178643690814775,1.7638656266390311,0.1417790121622766,1.3997533152420671,394,1,0.05044698601560408,-0.02984229585695123,-0.0022873799182785673,-2.9901080220952836e-05,-2.9216602923397714e-05,0.004700082461400445
12.451,-1.3200253255943861,0.43173881331112635,-0.5824513665735591,1.8365009964063366,0.14841571715651158,1.4295271488413406,395,1,0.0505452215529742,-0.029846153965104424,-0.002288187050402101,-2.9355743641834064e-05,-2.9397032657493314e-05,0.004708336211975037
12.476,-1.2732113056887508,0.43544915380235966,-0.5463880116394095,1.9148305386015405,0.15574625789617658,1.4523659433091616,396,1,0.05061623044475411,-0.029774422390773315,-0.002288899577947796,-2.8948335778505703e-05,-2.9217326742764377e-05,0.004717649859233678
12.501,-1.2242837986643111,0.439526126205935,-0.5098330694081027,1.9923908768556389,0.15895151097395482,1.467712587710346,397,1,0.05066327866726162,-0.02986615567757881,-0.002290272692622136,-2.8401332478675272e-05,-2.8599773956279675e-05,0.004724908620166423
12.526,-1.173591761845971,0.44339672935105723,-0.47300238225389374,2.055133633808432,0.16144343235655048,1.474500120717416,398,1,0.050622786044535226,-0.029818433444448914,-0.0022918307689650053,-2.840950348052303e-05,-2.8313226603931533e-05,0.0047322058509254635
12.551,-1.121527116973888,0.44759829782376265,-0.4361080633722307,2.1159204245685324,0.1689579169490483,1.4733190279563293,399,1,0.0507058118620638,-0.029794656687926385,-0.002293003560159153,-2.8491287547160005e-05,-2.7697327877061316e-05,0.004741577819551259
12.576,-1.067795740617543,0.45184462519850976,-0.39933643085607634,2.184229632857706,0.17106656552012023,1.464926529029992,400,1,0.05066919864546817,-0.029835615937860667,-0.0022939084464994965,-2.8212652579887975e-05,-2.7420445709033793e-05,0.00475123526528126
12.601,-1.0123156353310012,0.4561516260997688,-0.3628617369207302,2.246467978706418,0.17680455083908297,1.4488653743908706,401,1,0.0506001197981867,-0.029862220295877213,-0.002294728410622092,-2.812366849318832e-05,-2.7351209023177157e-05,0.004759753894396143
12.626,-0.9554723416822244,0.4606848527404637,-0.32689316213653435,2.2575610944876336,0.17384796246131579,1.424710542532898,402,1,0.050601545492787225,-0.029898459616924927,-0.002295004138953803,-2.8336041009319527e-05,-2.6969924949154454e-05,0.004766355820148643
12.651,-0.8994375806066219,0.4648440242228344,-0.2916262097940866,2.2171477157797144,0.16936850951088414,1.393226016449496,403,1,0.050528015851279466,-0.029832842967736393,-0.0022946868836566346,-2.853221773893545e-05,-2.6732068146243495e-05,0.004773725271309298
12.676,-0.8446149558932371,0.46915327821600805,-0.2572318613140584,2.1565411874427203,0.16840381341855487,1.3538690122402193,404,1,0.05052306652011973,-0.02986876683663535,-0.002293228469240202,-2.883403268743249e-05,-2.6048002416341682e-05,0.004779487831241478
12.701,-0.7916105212344844,0.47326421489376225,-0.22393275918207467,2.039074729880044,0.1560540470787808,1.3070761599468996,405,1,0.050394782976919406,-0.02995856691079873,-0.0022915375442418683,-2.889498747993507e-05,-2.5703875039638744e-05,0.004788891091539248
12.726,-0.7426612193992335,0.4769559805699472,-0.19187805331671237,1.8956846662132225,0.14578305270669145,1.2541919786514732,406,1,0.05049864749930592,-0.02984245959976526,-0.0022897550128564673,-2.963970667223328e-05,-2.5362589770738467e-05,0.004797081229859936
12.751,-0.6968262879238253,0.48055336752909666,-0.16122316024950242,1.7748648793613642,0.14161916798406696,1.1954886760546202,407,1,0.05062189652701266,-0.02979517722953014,-0.0022880160290182023,-3.0194198378015325e-05,-2.514067922819188e-05,0.004804767836009312
12.776,-0.6539179754311671,0.4840369389691504,-0.13210361951398258,1.6461403869041769,0.1310631770639196,1.131607214389911,408,1,0.050743338514934934,-0.029801096336403956,-0.002286227599875486,-3.047697969143993e-05,-2.5023232799944765e-05,0.004812308243994752
12.801,-0.6145192685786153,0.48710652638229274,-0.10464279953000595,1.5077967241638355,0.12027156583683414,1.0629818062963041,409,1,0.050803178521373164,-0.029758104232389643,-0.002283956790837502,-3.056258947908183e-05,-2.5028315958820385e-05,0.004818974121118208
12.826,-0.5785281392229743,0.4900505172609922,-0.07895452919916646,1.3624740714896484,0.10711798921539908,0.9896268857445315,410,1,0.05085504841642118,-0.029780876394209437,-0.002280856869069991,-3.097278082281811e-05,-2.4894031232052286e-05,0.004825311689319569
12.851,-0.5463955650041319,0.49246242584306277,-0.05516145524277889,1.2107391756397625,0.0967154314528816,0.9121492388789604,411,1,0.050915717747521454,-0.029683203922058463,-0.002277162608761275,-3.1841847839108736e-05,-2.4855270168069884e-05,0.004830990327471262
12.876,-0.5179911804409875,0.49488628883363617,-0.03334706725521931,1.0631981599559874,0.088833581458719,0.8317944623360152,412,1,0.05099043126115622,-0.029728201461166507,-0.0022733176990548023,-3.2497038333458794e-05,-2.4582453997831526e-05,0.004837636553468048
12.901,-0.49323565700633365,0.4969041049159986,-0.013571732125978968,0.9287413018624747,0.07766616775611523,0.7500047691060967,413,1,0.051048613936457855,-0.029716840425864657,-0.0022695260792086973,-3.3247783567811346e-05,-2.4590083612314318e-05,0.004844135045886399
12.926,-0.47155411534786307,0.498769597221442,0.00415317120008598,0.7997876055737128,0.06738828603724449,0.6681011338904235,414,1,0.0509749744104864,-0.029778861306588585,-0.002266509143895694,-3.3547305039414534e-05,-2.4590938145196713e-05,0.004849969380801554
12.951,-0.45324627672764745,0.5002735192178609,0.019833324568542546,0.6738936784910803,0.05389811408558133,0.5856346328345291,415,1,0.05098909146145406,-0.029773396689194695,-0.0022645010611307107,-3.3655750530992676e-05,-2.431887273592504e-05,0.004850774237730232
12.976,-0.4378594314233086,0.5014645029257211,0.03343490284181282,0.5603648484455412,0.04602473834511054,0.5021391628169898,416,1,0.05097850687151523,-0.029738917900280104,-0.0022633916682981052,-3.3595121661569585e-05,-2.459964097592482e-05,0.004851969844539904
13.001,-0.425228034305371,0.5025747561351164,0.044940282709391356,0.4497765541998207,0.03920079994012754,0.4214340311264576,417,1,0.05093420721170199,-0.029768545179950225,-0.0022631593101214006,-3.3319240670579166e-05,-2.4957125567568972e-05,0.004858822039727175
13.026,-0.415370603713318,0.5034245429227274,0.054506604398135226,0.34000073904265143,0.022474989581599783,0.3450657630720362,418,1,0.0508731637409403,-0.029777416508038827,-0.0022639637012730517,-3.3395279631818475e-05,-2.574440680387989e-05,0.0048616683249767785
13.051,-0.40822799735323817,0.5036985056141964,0.062193570862993236,0.23204227947438485,0.013141454606948412,0.2725325528615713,419,1,0.05083496726547844,-0.029637551453295996,-0.002266154233189712,-3.3782586433090005e-05,-2.6639620517291267e-05,0.0048641847214242985
13.076,-0.4037684897395986,0.5040816156530749,0.06813323204121403,0.12728687183106754,0.013382912830703728,0.20520049241121427,420,1,0.05082985412372382,-0.029645789404749746,-0.002269575298211493,-3.3650202927533865e-05,-2.7116886047569004e-05,0.004866239454019356
13.101,-0.4018636537616847,0.5043676512557316,0.07245359548355426,0.02526348881350114,0.006131307624286506,0.14526903242133882,421,1,0.05078934661213788,-0.02969684098997026,-0.002273484732307626,-3.3326227620934477e-05,-2.7248700797698413e-05,0.004871700291418553
13.126,-0.4025053152989236,0.5043881810342892,0.07539668366228085,-0.06623850330099743,-0.0026039600722516654,0.09363430837403741,422,1,0.05076758019378571,-0.029718593526852178,-0.0022771616970447862,-3.34790726737641e-05,-2.7347110069395744e-05,0.004872755634297549
13.151,-0.4051755789267345,0.504237453252119,0.07713531090225592,-0.12666478843912296,-0.008144091526385172,0.052085826534965886,423,1,0.05087871644100722,-0.029721958218401966,-0.0022808589949500383,-3.36472362549852e-05,-2.6947201148071833e-05,0.0048774476839289
13.176,-0.4088385547208798,0.5039809764579699,0.07800097498902903,-0.16866761016681703,-0.010657106929565634,0.02314926467851886,424,1,0.05081519198804046,-0.029719975882109066,-0.0022836172148118393,-3.379502933372516e-05,-2.68620705694093e-05,0.004877860684020159
13.201,-0.4136089594350755,0.5037045979056407,0.07829277413618195,-0.20133716583171582,-0.013127794721949727,0.006091115138886407,425,1,0.05079958847712419,-0.02974292515470371,-0.0022860048970822474,-3.388112822501914e-05,-2.6666758465963265e-05,0.004876952278875146
13.226,-0.41890541301246575,0.5033245867218724,0.07830553074597313,-0.210747276999862,-0.009814279585103268,0.012478352957918925,426,1,0.05076060655156726,-0.029736982612745787,-0.002288629546467765,-3.361033396285859e-05,-2.613635112748806e-05,0.004877663712089757
13.251,-0.42414632328506835,0.5032138839263856,0.0789166917840777,-0.2082053699184372,-0.01056550424000791,0.06248296351553462,427,1,0.050631895387715134,-0.02982582006427452,-0.0022911069221310497,-3.3344088271320596e-05,-2.6047397707620603e-05,0.0048779031434897984
13.276,-0.4293156815083874,0.502796311509872,0.08142967892174978,-0.19047504852123648,0.004843233460300953,0.16141152316038845,428,1,0.05069600956641592,-0.029702634442323617,-0.002293961932660349,-3.3356727575283154e-05,-2.5624917421994544e-05,0.0048780655853617625
13.301,-0.4336700757111303,0.5034560455994006,0.08698726794209738,-0.15478192848720543,0.04374894273984235,0.30189321213452763,429,1,0.05072351785997545,-0.029775601003413227,-0.002296809952185191,-3.303114911173258e-05,-2.5125529706201215e-05,0.00488209537641767
13.326,-0.4370547779327478,0.5049837586468642,0.09652433952847625,-0.10260786599553727,0.09632173674791163,0.4741080885855386,430,1,0.05079786076567168,-0.029735764029388295,-0.0022999957792035307,-3.2972250480407414e-05,-2.455970189582136e-05,0.004885146095992335
13.351,-0.43880046901090725,0.5082721324367963,0.11069267237137478,-0.04724382749080703,0.17862337783347051,0.6701747208441554,431,1,0.050688442851438566,-0.029693034696302145,-0.002302711766892528,-3.284362866325153e-05,-2.4008905258989258e-05,0.004892163013207837
13.376,-0.4394169693072881,0.5139149275385375,0.13003307557068342,0.0027805824278071584,0.2796153395296079,0.8827319654068965,432,1,0.05066414858276972,-0.02967217367181204,-0.002304860041784731,-3.2910093942086025e-05,-2.3349590447760383e-05,0.00489741448303837
13.401,-0.4386614398895169,0.5222528994132764,0.15482927064171853,0.04401469057645983,0.38600746177736794,1.1035142275421193,433,1,0.050582610350489415,-0.029686704211459268,-0.002306374387637145,-3.2834107426721366e-05,-2.3016236853324657e-05,0.004900952710188508
13.426,-0.43721623477846505,0.5332153006274062,0.1852087869477903,0.08283772121153936,0.4873195263171934,1.3246842435754214,434,1,0.05066968490831716,-0.029719477231218823,-0.00230773890421083,-3.2604145158060466e-05,-2.2113151661270178e-05,0.004903498779777251
13.451,-0.43451955382893986,0.5466188757291364,0.22106348282049035,0.12392535692994523,0.5923551644081675,1.5408459664491627,435,1,0.05063579850602589,-0.02967935514589102,-0.0023081638345213004,-3.2402265542336376e-05,-2.186990342978505e-05,0.004909727129790718
13.476,-0.4310199669319677,0.562833058847815,0.26225108527024965,0.15691733057254023,0.6948146103374501,1.7472784401183734,436,1,0.050627900465559074,-0.029754246561039387,-0.002307587738212339,-3.182799122616714e-05,-2.1628994032814855e-05,0.004915940577846134
13.501,-0.426673687300313,0.5813596062460081,0.3084274048264072,0.1880818936370805,0.7929531819284166,1.937740071398514,437,1,0.050623083681988916,-0.029748200627652294,-0.0023070790813014496,-3.142397858825594e-05,-2.114661522486669e-05,0.004925145414274759
13.526,-0.4216158722501139,0.602480717944235,0.3591380888401731,0.21714289018328528,0.8913125116023608,2.1091799806664526,438,1,0.050642350588434776,-0.02980871225023564,-0.002307228400505122,-3.1098350053995264e-05,-2.0712611007196994e-05,0.00493699394354696
13.551,-0.4158165427911486,0.6259252318261268,0.4138864038597314,0.25147629266933014,0.9839686361862492,2.258950065088138,439,1,0.0506729388518866,-0.029842290652232793,-0.002307743776137603,-3.089091720034567e-05,-2.0273542957933416e-05,0.00494894056812303
13.576,-0.4090420576166472,0.6516791497535481,0.4720855920945818,0.27894475928868673,1.0718839467866006,2.382745665380652,440,1,0.050605743998547455,-0.02984890569784344,-0.0023081660836774703,-3.0777768284645016e-05,-2.0129870202050348e-05,0.0049583769512215594
13.601,-0.40186930482671407,0.6795194291654576,0.5330236871287658,0.3017991389969752,1.1613420009308186,2.476478104126851,441,1,0.05067815288382162,-0.029808539334803753,-0.0023088431769600335,-3.087745921512432e-05,-1.975871476362552e-05,0.004969473685618901
13.626,-0.39395210066679875,0.7097462498000878,0.5959094973009218,0.3277603942895916,1.242525015376008,2.540128275986132,442,1,0.05069955385617064,-0.029834327744585856,-0.002309162115562919,-3.079392882009955e-05,-1.9744688636834083e-05,0.0049828154183216514
13.651,-0.38548128511223484,0.7416456799342567,0.6600301009280697,0.34229746056603627,1.2979060413797965,2.5732624230739267,443,1,0.050704121814203015,-0.029850501173100827,-0.0023092380605793826,-3.0516040586575388e-05,-1.9511161761330913e-05,0.004994236122036071
13.676,-0.3768372276384967,0.7746415518690786,0.7245726184546198,0.3636862180160831,1.3452861369580846,2.5725905921895533,444,1,0.050792872037709304,-0.029862655475288023,-0.0023093647998812554,-3.0755701072848686e-05,-1.9124679185230648e-05,0.005004848168658013
13.701,-0.3672969742114304,0.8089099867821619,0.7886596305375493,0.3803385445306919,1.3874751677924493,2.540267946870171,445,1,0.05071525648058359,-0.029784950366748886,-0.0023093840013254006,-3.1029184331766814e-05,-1.9094712671184796e-05,0.005020035177552337
13.726,-0.35782030041196183,0.844015310258702,0.8515860157981302,0.3797245527383589,1.385236774165089,2.4775363264678414,446,1,0.05070506458957689,-0.029848525300285995,-0.0023090568937658537,-3.079948496344556e-05,-1.8849171216311835e-05,0.005031495395737164
13.751,-0.3483107465745129,0.8781718254904148,0.9125364468609389,0.37224472303392003,1.3484313680291191,2.3830642406482,447,1,0.05065238654533033,-0.029800365707046438,-0.0023093628237957674,-3.078692197826145e-05,-1.8685027683649716e-05,0.005043443141414261
13.776,-0.33920806426026623,0.9114368786601565,0.9707392278305378,0.3634251303781881,1.2999931742921416,2.259953499495312,448,1,0.050691852267059384,-0.029764945797552452,-0.0023105149730947225,-3.08652070124533e-05,-1.8325779161750752e-05,0.005056012077518432
13.801,-0.3301394900556032,0.9431714842050228,1.0255341218357061,0.34928163424769626,1.2305843479457248,2.112046370090056,449,1,0.05064568151535803,-0.029618355241840415,-0.0023116644068147283,-3.0802485973529614e-05,-1.7932381552089556e-05,0.005067252622291494
13.826,-0.32174398254788117,0.9729660960574437,1.076341546335042,0.3059378419354931,1.1394713108205494,1.9404138587815813,450,1,0.05058462088428779,-0.029580029944183777,-0.002312788769992932,-3.0481419855245827e-05,-1.739032699454576e-05,0.00507491998673988
13.851,-0.31484259795882835,1.0001450497460511,1.1225548147747866,0.2674479352034855,1.0297962402415293,1.7487985223820797,451,1,0.05074366916232726,-0.029738335165963213,-0.0023134126906681003,-3.02027295259689e-05,-1.6098500922472966e-05,0.005085209673139324
13.876,-0.3083715857877072,1.024455908069519,1.1637814724541442,0.24035455275191867,0.9139627699995473,1.5422230515033837,452,1,0.050793377326753424,-0.029762994756432678,-0.0023137000017419643,-3.0437872511612913e-05,-1.5136404244949025e-05,0.005093888455976611
13.901,-0.3028248703212327,1.0458431882460275,1.1996659673499541,0.20939219018341984,0.7891440271341942,1.3260770579316616,453,1,0.050833669448539995,-0.029833788929452962,-0.002313434060839448,-3.0827424223913134e-05,-1.4148288934244613e-05,0.005103598930368674
13.926,-0.29790197627853604,1.0639131094262293,1.2300853253507282,0.1772186609971668,0.6559347509013631,1.1051188044582203,454,1,0.050820017229856046,-0.029788076956622753,-0.0023128667613968408,-3.131872967578151e-05,-1.344883477228424e-05,0.005108100920293755
13.951,-0.2939639372713742,1.0786399257910961,1.2549219075728661,0.1388831548187555,0.5205523308095309,0.8843507958892401,455,1,0.050817898720043615,-0.029772745393779415,-0.002312796514587478,-3.129904775806278e-05,-1.274547384468725e-05,0.005112964289405711
13.976,-0.29095781853759817,1.0899407259667062,1.2743028651451909,0.10411259393473982,0.3918402387637293,0.6732885873313031,456,1,0.05086376144546021,-0.029739521366252096,-0.002313350902615014,-3.106456877684591e-05,-1.2209618260727815e-05,0.005120825579741932
14.001,-0.28875830757463733,1.0982319377292822,1.2885863369394308,0.0657157379516063,0.2651602576415891,0.4774385549567585,457,1,0.05083860469667822,-0.029733602565559823,-0.0023143320688428534,-3.074183484291612e-05,-1.182896775551196e-05,0.005121132745235522
14.026,-0.2876720316400179,1.1031987388487854,1.298174792893028,0.03440715575642579,0.1349329464900809,0.3037654769480681,458,1,0.050921963246284424,-0.029784152651672936,-0.0023163227135252237,-3.061383142818428e-05,-1.1057976330477019e-05,0.0051232948536492195
14.051,-0.287037949786816,1.1049785850537863,1.3037746107868344,0.0014393047493410434,0.019201791804701333,0.16178964150749256,459,1,0.05098196774092714,-0.029667505100936065,-0.002319784960935966,-3.079664424668e-05,-1.0703562958346439e-05,0.0051247829994418405
14.076,-0.28760006640255087,1.1041588284390205,1.3062642749684028,-0.024437195369843775,-0.07965367615936689,0.06196206338430788,460,1,0.0509972340724403,-0.029774760293909675,-0.002324060836193662,-3.026032081840191e-05,-1.0195012636587721e-05,0.005129970033457268
14.101,-0.2882598095553082,1.100995901245818,1.3068727139560499,-0.038378776959861735,-0.16275822157292633,0.009709529751482855,461,1,0.05090614685795634,-0.029663907161306274,-0.002328887850024153,-3.0015214016143894e-05,-1.041511775846714e-05,0.005130952639138905
14.126,-0.2895190052505439,1.0960209173603743,1.306749751455977,-0.061681894574328246,-0.21322558481696963,-0.02204102837437152,462,1,0.05088777991677197,-0.029602930841942623,-0.002334325193467871,-2.9828392630425642e-05,-1.0228752086063363e-05,0.005137193921610321
14.151,-0.29134390428402457,1.0903346220049697,1.3057706625373313,-0.06594213232078444,-0.23129925181908934,-0.08101671126345407,463,1,0.05085106703096343,-0.0297218666858015,-0.0023406910795116184,-2.8978412181086726e-05,-1.0068162395095791e-05,0.005139041979873633
14.176,-0.2928161118665832,1.0844559547694197,1.302698915892804,-0.0431699327196971,-0.22484598721067908,-0.18382992680411286,464,1,0.050837813162363514,-0.029771806658913397,-0.0023471056319227723,-2.8553532952115917e-05,-9.999073483289305e-06,0.005142152543219617
14.201,-0.29350240092000945,1.0790923226444356,1.2965791661971258,0.008823026923595476,-0.20465828153528307,-0.3216848999167742,465,1,0.05085629869414959,-0.02983349425353322,-0.0023520642054208132,-2.8165853203848625e-05,-1.0295649840254423e-05,0.005142538736929929
14.226,-0.2923749605204034,1.0742230406926554,1.2866146708969648,0.0855350002130824,-0.17426051318967167,-0.48732223559906956,466,1,0.05092807905281571,-0.0297270027666773,-0.00235498122401009,-2.828797760909573e-05,-1.0518770600893294e-05,0.005141895792527914
14.251,-0.2892256509093554,1.0703792969849522,1.2722130544171728,0.1826413679188127,-0.13277545438514177,-0.6739141500052136,467,1,0.050956033926758904,-0.029715942256850012,-0.002356320410077611,-2.802933311039526e-05,-1.104472315392876e-05,0.0051385497521404915
14.276,-0.28324289212446296,1.0675842679733984,1.2529189633967048,0.30025012612801233,-0.10221124115272172,-0.8749070993971717,468,1,0.05089119749348995,-0.02963222786658996,-0.0023557453143641864,-2.7887158918378327e-05,-1.1780576755150868e-05,0.005135763672141779
14.301,-0.2742131446029546,1.065268734927316,1.2284676994473134,0.40085908704098766,-0.07565893846080644,-1.0823783667637368,469,1,0.05088284115670245,-0.029446572675808937,-0.002353725163816089,-2.7866409232477224e-05,-1.2775576924615854e-05,0.005132108976282489
14.326,-0.2631999377724133,1.063801321050358,1.1988000450585172,0.5024469124543669,-0.05359666430110911,-1.2930498568007736,470,1,0.0508326009843796,-0.02963626543040233,-0.002350507926707496,-2.6930696447946264e-05,-1.3785368084416975e-05,0.005124077318911188
14.351,-0.2490907989802359,1.0625889017122605,1.163815206607274,0.6111157662973107,-0.04298820102711079,-1.5002145115314356,471,1,0.05079629155103072,-0.029636468036671113,-0.0023468640829148887,-2.6562802201975733e-05,-1.4642111175253814e-05,0.005122646921796673
14.376,-0.2326441494575484,1.0616519109990026,1.1237893194819473,0.7188788984020581,-0.03193780833949568,-1.6980498148047392,472,1,0.05079420141957657,-0.029769119885954397,-0.0023433346904625854,-2.6145046491074545e-05,-1.5392032021483448e-05,0.005114870500935489
14.401,-0.21314685406013376,1.0609920112952858,1.0789127158670389,0.828806163039335,-0.026218310659586647,-1.8847011897811148,473,1,0.05072766267796137,-0.029716804703013064,-0.002340722304505958,-2.6269960675507967e-05,-1.601297488173609e-05,0.005108275782220547
14.426,-0.19120384130558107,1.0603409954660232,1.0295542599928902,0.9248286352474835,-0.020295382661283657,-2.055476841300387,474,1,0.05072737848224363,-0.029694315407448022,-0.002338780607675448,-2.641876606859182e-05,-1.6539464470875774e-05,0.005099191596761207
14.451,-0.16690542229775893,1.0599772421622216,0.9761388738020179,1.0241619951436307,-0.012740381070250703,-2.206736838285059,475,1,0.05069016520277087,-0.029743806303926236,-0.002336818353806269,-2.6599470700501207e-05,-1.7044430963542473e-05,0.005091842262696168
14.476,-0.1399957415483988,1.0597039764125107,0.9192174180786357,1.1267951317421234,-0.012881479507935997,-2.3351424548029485,476,1,0.05064603566422025,-0.029712235920945573,-0.0023352445821937825,-2.69637198840252e-05,-1.731944828583799e-05,0.005082925157738598
14.501,-0.11056566571065396,1.0593331681868248,0.859381751061873,1.2217150778130001,-0.007510009416274049,-2.439148574518829,477,1,0.05064896023088907,-0.02959839183387778,-0.0023341710703529282,-2.7559756457762215e-05,-1.728688445142684e-05,0.005074008275051038
14.526,-0.0789099876577501,1.059328475941697,0.7972599893526968,1.3096973040065918,-0.003955135028634814,-2.517388135857361,478,1,0.050579387034776595,-0.029576526501893234,-0.0023328109299892165,-2.7862981467547708e-05,-1.7396366838096647e-05,0.005063984166539527
14.551,-0.04508080051032344,1.059135411435393,0.7335123442690032,1.3923789669338487,-0.003910295868596536,-2.567058468760787,479,1,0.05059975205284353,-0.029522290673809855,-0.0023312559841137674,-2.7805933162371562e-05,-1.735704315114067e-05,0.005055063512750103
14.576,-0.009291039311056683,1.0591329611482672,0.6689070659146557,1.4668882530619332,-0.0013437190329357116,-2.5881859793265414,480,1,0.05058742197697031,-0.02951588103199496,-0.002330073964309846,-2.7706004695054653e-05,-1.71160935604401e-05,0.005045175581056557
14.601,0.028263612142774255,1.0590682254837462,0.6041030453026742,1.5371017904707136,-0.003194465288314309,-2.581281147358487,481,1,0.05062508754350772,-0.029530978432536947,-0.002329577470005819,-2.737766344137195e-05,-1.7032880059804432e-05,0.005035349312298067
14.626,0.06756405021247736,1.0589732378838514,0.5398430085467342,1.586836942349816,-0.00048169610877392047,-2.545582099608686,482,1,0.050685970414955726,-0.029548982790086793,-0.002329496553017844,-2.738267706006367e-05,-1.649255662038058e-05,0.005025452829841052
14.651,0.10760545926026337,1.0590441406783075,0.47682394032224246,1.6124175027305092,0.0027256067348879367,-2.4812223927397885,483,1,0.05080762891029901,-0.029775264303837645,-0.002329471542125942,-2.6962913972726322e-05,-1.6208510647895355e-05,0.00501818151095172
14.676,0.14818492534900396,1.0591095182205958,0.4157818889097431,1.6082596880345137,-0.00031534459420611943,-2.3892719979606287,484,1,0.0508590591696227,-0.02985229225981722,-0.0023293147003178756,-2.698317129259815e-05,-1.5955190570448662e-05,0.005007861247003225
14.701,0.1880184436619902,1.0590283734485972,0.3573603404242095,1.5503972012248959,-0.0011281623436154415,-2.2720015939139357,485,1,0.050910797027131936,-0.029839754532467264,-0.0023291328309591837,-2.706839197608572e-05,-1.5843344801988428e-05,0.004998812428610549
14.726,0.22570478541024985,1.059053110103415,0.3021818092140447,1.4584988617254397,0.0042174154819464085,-2.131498956362644,486,1,0.05093882964292886,-0.029868255062926233,-0.0023279743594037086,-2.6907720364282787e-05,-1.585598262152767e-05,0.00498999429860896
14.751,0.2609433867482606,1.0592392442226946,0.2507853926060797,1.327452690138992,0.003046689868657702,-1.970192692956336,487,1,0.05078667152692112,-0.02980175001234367,-0.00232654752565433,-2.7280020896200914e-05,-1.5987755712430013e-05,0.004981119716746774
14.776,0.29207741991719804,1.059205444596848,0.2036721745662298,1.1724828797355868,-0.00248182938775706,-1.7907097038589648,488,1,0.05079124875060308,-0.029779912948161947,-0.002325385824093132,-2.7435374372207396e-05,-1.562403770180885e-05,0.004972906255688974
14.801,0.3195675307350408,1.0591151527533067,0.1612499074131302,1.0291083839096546,-0.0032329413412179415,-1.5970267537701983,489,1,0.050762387325433866,-0.029718681265723926,-0.002325403536959646,-2.741245296442816e-05,-1.5383094267937913e-05,0.004963163391747584
14.826,0.3435328391126815,1.059043797529787,0.12382083687771886,0.8724138140750268,-0.002816854691554087,-1.3942270891718491,490,1,0.0506771160536048,-0.029645920537965182,-0.0023264919620035068,-2.7827322442723502e-05,-1.488585461498731e-05,0.004955183626052943
14.851,0.36318822143879276,1.058974310018729,0.09153855295453672,0.7320269829789251,-0.0026073181286179747,-1.1851966716868731,491,1,0.05080978472918299,-0.029701954866765114,-0.002327856235969653,-2.765036344552572e-05,-1.3885265226656254e-05,0.0049509160297610795
14.876,0.380134188261627,1.0589134316233562,0.06456100329337641,0.6046668350133173,-0.0012876487981783589,-0.9748821092326073,492,1,0.05067099923736438,-0.029632438587360917,-0.0023301371354314294,-2.8051377786651236e-05,-1.3241189914472551e-05,0.004944932650594526
14.901,0.393421563189458,1.05890992757882,0.04279444749290744,0.45646660236667985,0.005123585967208227,-0.7705044896503545,493,1,0.050614380200345935,-0.029623170297632704,-0.0023334291468123285,-2.81281062515514e-05,-1.2871071767889374e-05,0.004940672661342023
14.926,0.4029575183799613,1.0591696109217166,0.02603577881085808,0.318430883077515,0.007944544038851363,-0.576227036401616,494,1,0.05067293371310627,-0.02974701652699946,-0.002337418272638937,-2.7889452131173165e-05,-1.2501910935082666e-05,0.00493924230410363
14.951,0.40934310734333396,1.0593071547807626,0.01398309567282638,0.19301178188971316,-0.00045525411789259417,-0.3984775016741825,495,1,0.050699686769066145,-0.029790048126042922,-0.002342009001496986,-2.7792511465433165e-05,-1.2156193186851792e-05,0.004935578172490925
14.976,0.4126081074744471,1.059146848215822,0.006111903727148824,0.06995436090075395,-0.006356193898193887,-0.24474636218126367,496,1,0.05072265225770703,-0.02970775758496544,-0.002346427527954625,-2.7923804345410054e-05,-1.1842540325538528e-05,0.0049316435504223955
15.001,0.4128408253883716,1.058989345085853,0.001745777563763489,-0.052531202661096905,-0.0026712902515280703,-0.12383012704828375,497,1,0.05071457710304629,-0.029632186938146076,-0.002350282960259027,-2.79507131543386e-05,-1.1631398107318388e-05,0.004926395039901205
15.026,0.4099815473413923,1.0590132837032455,-7.96026252653445e-05,-0.16624759524192276,-0.002072063957285734,-0.042788011523464065,498,1,0.05076740435055122,-0.029642079406571646,-0.0023537249191482625,-2.7929967076844033e-05,-1.1300337457301015e-05,0.0049240442309800465
15.051,0.4045284456262753,1.0588857418879887,-0.00039362301240961273,-0.24355314755185695,0.0012634354494078612,-0.006236310477234408,499,1,0.05085410048547423,-0.029596100044540625,-0.0023563403133123394,-2.7931699549825948e-05,-1.106045898778485e-05,0.004920927492930785
15.076,0.3978038899637993,1.059076455475716,-0.0003914181491268794,-0.2937753941510782,0.00802425931565309,-0.0011227192826446081,500,1,0.050750803937835307,-0.0296599731736032,-0.0023577356863586116,-2.7607935708574962e-05,-1.1333965394995185e-05,0.00492030938037497
15.101,0.3898396759187212,1.0592869548537713,-0.00044975897654190694,-0.32770768960126906,0.004662709862515257,-0.0035467686653146346,501,1,0.05073552173207107,-0.029726961800712076,-0.002358006490367291,-2.7324934608307227e-05,-1.1414634436041218e-05,0.004921308215092028
15.126,0.3814185054837362,1.0593095909688417,-0.0005687565823924943,-0.3010833281719225,-0.003953831294558703,-0.0075574671551416565,502,1,0.05089736200003677,-0.02973930572146607,-0.002358235676726131,-2.7193127451333052e-05,-1.1156581354554912e-05,0.004919843369854528
15.151,0.3747855095101254,1.0590892632890434,-0.000827632334298776,-0.22703527214157815,-0.015452635691164176,-0.013563294127090038,503,1,0.050798611892283095,-0.029701078269483296,-0.002358417155994818,-2.721408150582042e-05,-1.1417127290107485e-05,0.0049172526166095095
15.176,0.3700667418766571,1.0585369591842835,-0.001246921288746903,-0.1326420871037951,-0.02546069747610477,-0.02185787281462983,504,1,0.05076587698718144,-0.029636433702896085,-0.0023595747396180393,-2.6911801395532177e-05,-1.1525732745859723e-05,0.004913383866148073
15.201,0.36815340515493555,1.0578162284152381,-0.0019205259750303752,-0.01877775212916961,-0.03519014682671301,-0.03232553018566574,505,1,0.05067734947825908,-0.02965161928342598,-0.0023618174848193266,-2.6601132360995375e-05,-1.173458185681355e-05,0.004912012356222663
15.226,0.3691278542701986,1.0567774518429478,-0.002863197798030147,0.09957200146610935,-0.05432732361473241,-0.04303549024364897,506,1,0.050625162173729255,-0.029723421346955436,-0.002364807657608274,-2.6193483242872087e-05,-1.1748126182111733e-05,0.004913153974388865
15.251,0.3731320052282409,1.0550998622345016,-0.004072300487212932,0.2134412418536603,-0.08181753674057554,-0.05399119696924197,507,1,0.050543748618695525,-0.029752149324291533,-0.0023677476415718116,-2.5625372012362545e-05,-1.1695812243427843e-05,0.00491266431861101
15.276,0.3797999163628814,1.0526865750059191,-0.005562757646492406,0.321309267947114,-0.1090591522910096,-0.06574788093320812,508,1,0.05052433392099924,-0.029727516134162357,-0.0023710239437728193,-2.5124492263232437e-05,-1.1794850757138732e-05,0.004911834615574257
15.301,0.38919746862559684,1.049646904619951,-0.007359694533873188,0.42937748971109524,-0.1368038138740582,-0.0779616169740549,509,1,0.05052246293053804,-0.029717287389217084,-0.002374565569723712,-2.475204895993926e-05,-1.16791093200639e-05,0.004909407429360667
15.326,0.4012687908484365,1.045846384312216,-0.00946083849519513,0.5380703627092477,-0.16563478631060877,-0.09119261145303574,510,1,0.05052714478037691,-0.029679891238645874,-0.0023781481578497667,-2.4520282658013056e-05,-1.1409388076180292e-05,0.004906526461314001
15.351,0.4161009867610596,1.0413651653044205,-0.011919325106524886,0.6448140633202641,-0.18916771365299082,-0.10563504789332659,511,1,0.050481334651377635,-0.029652818032989064,-0.002381569527597247,-2.430065482279457e-05,-1.1391650594783594e-05,0.004904747367841635
15.376,0.433509494014449,1.0363879986295668,-0.014742590889861256,0.74283587486531,-0.21344921000765915,-0.12000608205534646,512,1,0.050436994000390326,-0.029704031682720233,-0.002384607716137435,-2.388078005824809e-05,-1.1545692560311092e-05,0.004902694888687939
15.401,0.4532427805043243,1.0306927048040377,-0.017919629209292118,0.838726029338627,-0.243436311159929,-0.13478715934691884,513,1,0.050452860706244176,-0.02973443420767184,-0.002387289871316044,-2.354060795612528e-05,-1.168196197549825e-05,0.004900551451509714
15.426,0.47544579548138094,1.0242161830715701,-0.021481948857207216,0.9376486323574529,-0.27223783405720126,-0.14917910452231242,514,1,0.050450497536663405,-0.02972277097333328,-0.0023902552834216646,-2.3322882597869363e-05,-1.175942538688876e-05,0.004900478346815444
15.451,0.5001252121221976,1.0170808131011775,-0.025378584435407976,1.030737095163354,-0.2996083701430187,-0.16329495884489498,515,1,0.05041089370385722,-0.029715157811806666,-0.0023941404327061278,-2.3028582418663807e-05,-1.1502845398651587e-05,0.004898516985475737
15.476,0.5269826502395494,1.009235764564419,-0.029646696799452303,1.1137400044636585,-0.3295090351523004,-0.17774505618827366,516,1,0.050419639522502536,-0.02968429936865752,-0.0023981930559067322,-2.274705052879965e-05,-1.1288126763086472e-05,0.004897662567314264
15.501,0.5558122123453794,1.0006053613435628,-0.03426583724482136,1.199910000477492,-0.3531336510816616,-0.19121002425981767,517,1,0.050518510557901686,-0.029601582752018834,-0.002401995470900743,-2.2429374337804998e-05,-1.104288070889112e-05,0.004897527736329258
15.526,0.5869781502634227,0.9915790820103363,-0.03920719801244303,1.2937785201404999,-0.37314743962839314,-0.20409410242661674,518,1,0.050556961769743926,-0.02961425784726628,-0.0024053595367774954,-2.1847596900243587e-05,-1.0568102678938781e-05,0.0048955768568147255
15.551,0.6205011383524053,0.9819479893621429,-0.0444705423661522,1.3753517640156936,-0.3992793751322431,-0.21728100755015992,519,1,0.05051672112499975,-0.02962762521351346,-0.00240849789333234,-2.1245956006598078e-05,-1.0092911997320525e-05,0.0048915128274325545
15.576,0.6557457384642084,0.9716151132537238,-0.050071248389951244,1.4563192706160593,-0.42212417234708766,-0.22947968118057668,520,1,0.050603996067522056,-0.02959777862954488,-0.002411126117268322,-2.0906175894237675e-05,-9.552010721487279e-06,0.004890597222625798
15.601,0.6933171018832093,0.9608417807447882,-0.05594452642518114,1.54097021198984,-0.4397835338930261,-0.24093415259485676,521,1,0.050580058899798865,-0.02962397738306285,-0.002413424315861073,-2.0661454716719764e-05,-9.22568134895176e-06,0.004887179057543345
15.626,0.7327942490636987,0.949625936559073,-0.06211795601969402,1.6120715003041386,-0.46400000010674003,-0.252259283719015,522,1,0.050587209414785825,-0.02968786951600657,-0.002415691732440588,-2.029457305655323e-05,-8.716287063679377e-06,0.004883724281101094
15.651,0.7739206768984145,0.9376417807394517,-0.06855749061113176,1.68929549865438,-0.48941994936469974,-0.2625242212423336,523,1,0.0506872990295844,-0.029661965536962362,-0.0024182043359141474,-2.001440994562643e-05,-8.087741790247605e-06,0.004880815381891786
15.676,0.8172590239964189,0.9251549390908377,-0.07524416708181067,1.7756994016005447,-0.5120005075353677,-0.2717410799503256,524,1,0.05066200456501525,-0.029657066847686396,-0.002421503806861527,-1.9936304348674535e-05,-7.837903060559542e-06,0.0048787893897634035
15.701,0.862705646978443,0.912041755362683,-0.08214454460864837,1.8496469682469034,-0.5294998731266012,-0.2802635447527151,525,1,0.05054739226284595,-0.029621848013718585,-0.002425458845805486,-2.0073395852848004e-05,-8.092332781730755e-06,0.00487620422693336
15.726,0.9097413724087654,0.8986799454345072,-0.0892573443194467,1.9149716309724871,-0.5471476368184974,-0.28850611448493607,526,1,0.050522405937651595,-0.029682690535761697,-0.0024295299142705127,-1.989969570861655e-05,-8.132798100951214e-06,0.004873759667070658
15.751,0.9584542285270653,0.8846843735217587,-0.09656985033289485,1.9879780690623596,-0.5685671330815733,-0.29473849759557874,527,1,0.05052395036091581,-0.029685060415236324,-0.002433382295199677,-1.9885218449833398e-05,-7.905370022690227e-06,0.004871328154962424
15.776,1.0091402758618813,0.8702515887804292,-0.10399426919922522,2.0539434609899394,-0.5887933368666248,-0.30021077288491255,528,1,0.05043540980004373,-0.02970846764169252,-0.0024365957929466686,-1.985094436339072e-05,-7.859045480357303e-06,0.004867881560416981
15.801,1.0611514015765637,0.855244706678427,-0.11158038897714073,2.120188004916864,-0.6115385880192072,-0.30542437898806185,529,1,0.05047285486849343,-0.029688049725046718,-0.0024382761843237018,-2.024471899013757e-05,-7.781847341085598e-06,0.004865636171510191
15.826,1.115149676107726,0.8396746593794684,-0.11926548814862847,2.18217922541307,-0.6292525163289663,-0.3086481509758299,530,1,0.05037848408002779,-0.029646025576868105,-0.002438249660889908,-2.0573401208153313e-05,-8.099974675038419e-06,0.004863185275936286
15.851,1.1702603628472188,0.8237820808619782,-0.1270127965259324,2.237328227670886,-0.6407019788351879,-0.3107511712473853,531,1,0.05046201726126151,-0.029643223940924845,-0.0024369291406027326,-2.0727200888322436e-05,-7.876935298348202e-06,0.00486054763464059
15.876,1.227016087491268,0.8076395604377097,-0.1348030467109976,2.301067877203602,-0.6543934836676997,-0.3121795492642021,532,1,0.050505262012064164,-0.029707438909053245,-0.0024347882066267828,-2.070243362584374e-05,-7.708234557847862e-06,0.0048569891922139175
15.901,1.2853137567073964,0.791062406678594,-0.14262177398914197,2.3610978366892583,-0.6764528468350687,-0.3125426975216916,533,1,0.05052921168775119,-0.029760528504153737,-0.0024316644939389137,-2.0679028502580843e-05,-7.479492786892726e-06,0.0048542714125460245
15.926,1.3450709793257325,0.7738169180959558,-0.15043018158708257,2.425853348578567,-0.6969465041163193,-0.3111912484882806,534,1,0.05054477661483477,-0.029720366413618797,-0.0024271877936615344,-2.0661288617910452e-05,-7.324644992294616e-06,0.004851866892095909
15.951,1.4066064241363265,0.7562150814727775,-0.15818133641355625,2.4856987809227604,-0.7102882198705928,-0.3089391854817292,535,1,0.05044236502493983,-0.029714373911543426,-0.0024222443420526987,-2.069230237643441e-05,-7.385880049182982e-06,0.004847180984699118
15.976,1.4693559183718723,0.7383025071024256,-0.16587714086116903,2.541556995831948,-0.7261348914051288,-0.30604678395886886,536,1,0.05042133027513488,-0.029733388615062025,-0.0024171846373920096,-2.04046544462182e-05,-7.3701203497681555e-06,0.004844208769499892
16.001,1.5336842739279257,0.7199083369025205,-0.17348367561150008,2.5923882056201304,-0.7399727374444367,-0.3018332006133193,537,1,0.05032272603726234,-0.029728594839151763,-0.0024129541876257692,-2.0452568753608737e-05,-7.290200109967308e-06,0.004841404135353968
16.026,1.598975328652876,0.7013038702302046,-0.18096880089183467,2.615018677280194,-0.7462705814933115,-0.2967668676413373,538,1,0.050258432830859005,-0.029751655109816123,-0.0024094545589733105,-2.030639561763929e-05,-7.375492311125693e-06,0.004838337645580493
16.051,1.664435207791928,0.6825948078278571,-0.1883220189935662,2.6064666273606316,-0.7411384601437515,-0.2897555359940144,539,1,0.050286627020070876,-0.029769403447946298,-0.002406417410551259,-2.0341494205646988e-05,-7.272773269319887e-06,0.004835534498157952
16.076,1.7292986600209095,0.6642469472230165,-0.1954565776915354,2.542295427099574,-0.7235865954295114,-0.2824758414158661,540,1,0.05030064386068604,-0.02984682697549851,-0.002404138072856243,-2.0125670094034126e-05,-7.255286295404006e-06,0.004829550300791473
16.101,1.7915499791469085,0.646415478056381,-0.20244581106435985,2.441497364540016,-0.7010526211306456,-0.2751812273654647,541,1,0.050442767004622246,-0.029858050922631038,-0.0024024553611305738,-1.9876441322608667e-05,-7.0700145068914395e-06,0.0048278642744528375
16.126,1.851373528247912,0.6291943161664837,-0.20921563905980906,2.3196126090141815,-0.6723013285637218,-0.26636111029163145,542,1,0.050479138005513985,-0.029831328899070638,-0.0024015602936588096,-1.965005293457718e-05,-7.246342604137921e-06,0.004826377295910148
16.151,1.9075306095976192,0.6128004116281944,-0.21576386657894153,2.1677098454844743,-0.6181009014704482,-0.2555567187038278,543,1,0.05052361524764449,-0.029741674440201912,-0.0024005318018612584,-1.9640726934686306e-05,-7.150650095487676e-06,0.00482580801287264
16.176,1.9597590205221296,0.598289271092963,-0.22199347499499958,2.0038835285141614,-0.5648525933267798,-0.24431651134186091,544,1,0.05052122435911766,-0.029906705159352804,-0.0023989172971149975,-1.8876420192988436e-05,-7.2859337659925595e-06,0.00482025313228579
16.201,2.0077247860233287,0.584557781961855,-0.22797969214603453,1.8346155694353035,-0.529087208332041,-0.2331349185270926,545,1,0.05056849115462254,-0.029915201826858463,-0.002397067209862089,-1.837067433850242e-05,-7.289523935115091e-06,0.004817694366429012
16.226,2.051489798993896,0.5718349106763606,-0.23365022092135437,1.6885323550807945,-0.4896224294813531,-0.22084002152656843,546,1,0.050704809287678065,-0.029868443958678274,-0.002395626472961849,-1.800834684588742e-05,-6.97123067332269e-06,0.004813792624492853
16.251,2.0921514037773696,0.560076660487787,-0.2390216932223629,1.5655024844112608,-0.4510222944799283,-0.20792227476560993,547,1,0.05073245531996597,-0.0298451119338113,-0.002394661363276113,-1.7562410558913183e-05,-6.891247293797381e-06,0.004811535240442754
16.276,2.12976492321446,0.5492837959523639,-0.2440463346596351,1.4436856342500648,-0.4192517909578724,-0.1942592794998998,548,1,0.050777076439508795,-0.029856623200645516,-0.0023944200882349306,-1.7223176604134983e-05,-6.590238389410838e-06,0.00480716412250704
16.301,2.1643356854898688,0.5391140709398946,-0.2487346571973574,1.3353618899371866,-0.38819548546838895,-0.18082758838794807,549,1,0.050845201710555114,-0.029791671389592128,-0.0023943751993466766,-1.720300529850993e-05,-6.16012126594848e-06,0.004803852193537424
16.326,2.1965330177113205,0.5298740216789442,-0.2530877140790326,1.2295945644757202,-0.35971394039977667,-0.16686771977730372,550,1,0.050789400855903735,-0.029808655136990568,-0.002394344750337543,-1.674886166250184e-05,-6.135485552851705e-06,0.004801528286029673
16.351,2.2258154137136557,0.5211283739199055,-0.2570780431862229,1.1095390227962485,-0.3257864049498214,-0.15306847366808324,551,1,0.05078118059523151,-0.02971960419748479,-0.0023942137316518043,-1.6437620204006477e-05,-6.196358565484919e-06,0.004797941040306774
16.376,2.2520099688511337,0.5135847014314529,-0.26074113776243685,0.989402454734604,-0.2837239564240938,-0.13881306498662285,552,1,0.05085538466841973,-0.029744819827256328,-0.0023945027336271835,-1.5800670531442932e-05,-6.125276495095754e-06,0.00479638973251666
16.401,2.2752855364503866,0.5069421760987006,-0.2640186964355539,0.8688256681342704,-0.25125446589319905,-0.12400843180801852,553,1,0.05085564554124274,-0.029780270936282376,-0.0023950457296530374,-1.4858221916182225e-05,-6.308131512037397e-06,0.0047933481605142905
16.426,2.2954512522578447,0.5010219781367936,-0.2669415593528374,0.7442134415637441,-0.2090291804807757,-0.11030108930284953,554,1,0.05083799084238389,-0.029755798725087722,-0.002395944342028069,-1.4478487115828782e-05,-6.646939361510325e-06,0.004791330854040306
16.451,2.3124962085285743,0.4964907170746617,-0.26953375090069664,0.6224082405963216,-0.1737376542203781,-0.09632907800942588,555,1,0.05088497455169378,-0.029884595611056473,-0.002397338114914986,-1.3976024293293014e-05,-6.607113390898348e-06,0.0047898073239762175
16.476,2.3265716642876613,0.4923350954257746,-0.2717580132533088,0.5124620523337435,-0.1494069971412616,-0.08218146371119833,556,1,0.05088993158443296,-0.029848047038093104,-0.0023985022464030345,-1.4128356291133665e-05,-6.737460300460202e-06,0.004787079356535903
16.501,2.338119311145262,0.4890203672175985,-0.27364282408625673,0.40510734568142004,-0.11348314227176587,-0.068978088769044,557,1,0.0508221802913025,-0.02984857875689212,-0.0023991018599561,-1.4148035965784471e-05,-7.1455496627283725e-06,0.004784721745548186
16.526,2.3468270315717326,0.4866609383121862,-0.2752069176917611,0.3025892301982841,-0.05352183321785968,-0.056611551920043746,558,1,0.05086415787201139,-0.029893393803757204,-0.0023998698713724445,-1.3761512956756036e-05,-7.177215817907838e-06,0.004781826147949817
16.551,2.353248772655175,0.4863442755567057,-0.2764734016822588,0.2078132540853665,0.014979779815988756,-0.044870266212421656,559,1,0.050806028218217544,-0.02984025852707947,-0.002400629139514358,-1.3664600348218216e-05,-7.562040274631696e-06,0.004778507350043485
16.576,2.357217694276001,0.48740992730298566,-0.27745043100238237,0.11703348096227917,0.04476923442136063,-0.03352286781727672,560,1,0.05080906817455957,-0.029886233857453738,-0.0024014985807586605,-1.356397108707094e-05,-7.798207273014318e-06,0.004775878231260429
16.601,2.3591004467032892,0.48858273727777374,-0.2781495450731227,0.03849451218102596,0.037982916055174246,-0.023919002584093733,561,1,0.050761917371000706,-0.029854800871293174,-0.002402462677812726,-1.3576120544983907e-05,-7.877807158909368e-06,0.00477077874293328
16.626,2.3591424198850524,0.4893090731057444,-0.2786463811315869,-0.03281235095727151,0.028587879681469402,-0.016142440103869886,562,1,0.05072901604075679,-0.029757279497908386,-0.002403532081788254,-1.3897328426054469e-05,-8.03554591353549e-06,0.004766827890636589
16.651,2.3574598291554256,0.49001213126184723,-0.2789566670783161,-0.08326488717750576,0.022574669162526324,-0.009482079559700025,563,1,0.050824346867063774,-0.029745880515401238,-0.002405068156262655,-1.4038254078232576e-05,-7.81992257925629e-06,0.004763801225740392
16.676,2.3549791755261773,0.49043780656387065,-0.2791204851095721,-0.11948042131077416,0.015786241694685007,-0.004395351694288445,564,1,0.05074342665414974,-0.02977434392668152,-0.002406712497571738,-1.403380654971019e-05,-8.149622065258089e-06,0.0047614520604138694
16.701,2.351485808089887,0.4908014433465815,-0.2791764346630306,-0.1535989934987714,0.012848081346405844,-0.0008959960778476146,565,1,0.05072309161772145,-0.029797868773489878,-0.0024089597862772863,-1.4282644041789009e-05,-8.179291032535908e-06,0.004759026040074655
16.726,2.3472992258512386,0.49108021063119095,-0.27916528491346443,-0.17596984603111848,0.007284172120349716,0.00042528572492094805,566,1,0.05068400641044633,-0.02979358140873077,-0.002412000478965458,-1.4651752898198113e-05,-8.220782055975507e-06,0.004756605346879269
16.751,2.342687315788331,0.491165651952599,-0.2791551703767845,-0.18300574377888085,0.019311000093656664,0.0009981101853106936,567,1,0.05061410789795226,-0.02972073582691113,-0.002415961860656002,-1.4911852453256067e-05,-8.252743630105125e-06,0.004753939186675893
16.776,2.3381489386622945,0.4920457606358738,-0.27911537940419895,-0.18008411485461864,0.028042493159973685,0.0013741698902958958,568,1,0.05058071735516077,-0.029883318106453474,-0.0024204074587290242,-1.4817726323992664e-05,-8.39522614813935e-06,0.0047494573391697065
16.801,2.3336831100456004,0.4925677766105976,-0.27908646188226965,-0.1661152618087923,0.0184578542148381,0.0010265438122747238,569,1,0.05057607389707132,-0.02989430945053533,-0.002425028988376148,-1.5133279169921578e-05,-8.467662028397076e-06,0.004746075633431304
16.826,2.3298431755718547,0.4929686533466157,-0.2790640522135854,-0.14300605235489502,0.014324733940252818,0.0009939429369864997,570,1,0.050528405881824424,-0.029877916770454385,-0.002429793361171947,-1.5459954962208776e-05,-8.714868668461105e-06,0.004743300821252142
16.851,2.3265328074278555,0.49328401330761024,-0.27903676473542033,-0.1239065647908948,0.008753945708300667,0.00087555573873742,571,1,0.0505195049584526,-0.029838942163801997,-0.0024352076450350696,-1.5769374263857693e-05,-8.901173327942925e-06,0.0047402723232486295
16.876,2.32364784733231,0.49340635063203075,-0.27902027442664834,-0.0986915900653859,0.007330274032570812,0.0006340822866590566,572,1,0.050585791569535694,-0.029743264910969246,-0.0024413453118043355,-1.610181059629131e-05,-8.866971105032154e-06,0.004738767791817677
16.901,2.321598227924586,0.4936505270092388,-0.27900506062108754,-0.06529925242005612,0.011597448246351665,0.0010513083946595602,573,1,0.050608967005235025,-0.02972916486376091,-0.0024475458523935977,-1.6047453619578865e-05,-8.885980427617527e-06,0.004736953470349496
16.926,2.3203828847113073,0.4939862230443483,-0.27896770900691553,-0.04479781093325855,0.010360320624647054,0.0010944182255290102,574,1,0.05056788000526979,-0.029786614274818216,-0.0024532706975540328,-1.585687940253249e-05,-9.041986321104577e-06,0.004733435014273815
16.951,2.319358337377923,0.49416854304047114,-0.27895033970981126,-0.03327289354048754,0.006745492449989802,0.0007184091969936089,575,1,0.050613701939819296,-0.02979123334726372,-0.0024588507120975847,-1.5618330702480752e-05,-8.875102084311802e-06,0.004730937862187429
16.976,2.318719240034283,0.4943234976668478,-0.2789317885470657,-0.022274962716428388,0.0014161042270788092,0.0009579125219438686,576,1,0.05064191602353146,-0.029809471985344303,-0.0024639900243454715,-1.5381967360677985e-05,-8.914290757938464e-06,0.0047279351790951735
17.001,2.3182445892421017,0.4942393482518251,-0.27890244408371384,-0.01615965676700503,-2.6564622618296575e-05,0.0008223327445655453,577,1,0.050641473233370815,-0.02976638348469779,-0.0024686111486906964,-1.513835514166783e-05,-9.005612559090656e-06,0.004726216404172803
17.026,2.3179112571959326,0.4943221694357169,-0.27889067190983746,-0.012441289793319751,0.0005271342066315598,0.0004791523055747421,578,1,0.0506365972914301,-0.029790642092429466,-0.002472318814539224,-1.4728916527186855e-05,-8.936862272970044e-06,0.004724273277669679
17.051,2.317622524752436,0.49426570496215666,-0.278878486468435,-0.007295045214146152,0.0075338035317383855,0.0011647942714976102,579,1,0.05061846071044939,-0.02977621169274678,-0.0024750952569506813,-1.4760011115604377e-05,-8.882297366420725e-06,0.004722818408355237
17.076,2.3175465049352253,0.4946988596123038,-0.27883243219626275,-0.004422372092731601,0.005397263442191637,0.0010447608686625495,580,1,0.05058845106600259,-0.029925083492704688,-0.0024775056918904964,-1.4258359727436005e-05,-8.801951698375886e-06,0.004718680990251535
17.101,2.317401406147799,0.49453556813426625,-0.27882624842500164,-0.0007682701877076316,-0.0032642729115827753,0.00048687417685044226,581,1,0.050543787028033665,-0.029871613291152833,-0.002479473634035918,-1.4375603773841133e-05,-8.829257243212659e-06,0.004718155385243401
17.126,2.31750809142584,0.49453564596672467,-0.27880808848742017,0.0016303590966959315,-0.0019978225936123357,0.00044982132029857595,582,1,0.050517258387227364,-0.029866535632357485,-0.0024806326827304923,-1.4641315838635935e-05,-8.857728293680641e-06,0.004716022271824569
17.151,2.317482924102634,0.4944356770045856,-0.2788037573589867,-0.002984372057861676,-0.004735315132230735,0.00026834479421646154,583,1,0.05052876963749127,-0.029821850934826175,-0.002480990808597835,-1.4985133225541977e-05,-8.630192828558912e-06,0.004714505780055956
17.176,2.317358872822947,0.49429888021011315,-0.27879467124770935,-0.0043296773510447745,0.0006589991807470681,0.0009179759016486469,584,1,0.05056585358602112,-0.029765384597671043,-0.0024810553778974753,-1.5317636781055005e-05,-8.272313898266212e-06,0.00471416098144989
17.201,2.3172664402350818,0.494468626963623,-0.27875785856390445,-0.0012489024424855266,0.002225276617465712,0.0008600408582992591,585,1,0.05061571388755043,-0.029809166061591844,-0.0024811643128470045,-1.5245128299783169e-05,-7.907133463371694e-06,0.004711642141943743
17.226,2.3172964277008226,0.49441014404098643,-0.27875166920479444,-0.0007918254935379452,0.0018486194120126158,0.00020708417818759688,586,1,0.05059810430394446,-0.029790925622734766,-0.002481946274450475,-1.5441277036453375e-05,-7.945655139128827e-06,0.0047105264968359765
17.251,2.317226848960405,0.4945610579342236,-0.2787475043549951,0.005288573316013436,0.007103455624202126,0.000990927597710453,587,1,0.05063527776846036,-0.029827295789106787,-0.0024833299898545636,-1.5519966388195495e-05,-7.79092131367868e-06,0.004708847326886854
17.276,2.3175608563666232,0.49476531682219654,-0.27870212282490886,0.005237795814627986,0.003136134658802315,0.0015154118673255973,588,1,0.05054123063967684,-0.02990812638293902,-0.00248521030176631,-1.572341607640558e-05,-7.715651898112536e-06,0.0047052557698770365
17.301,2.3174887387511363,0.4947178646671637,-0.27867173376162874,-0.0030746988876905862,-0.003084089072239405,0.0008120377796316687,589,1,0.05056950636122705,-0.029874031478723837,-0.002487534709882563,-1.6353281496794855e-05,-7.399830539116587e-06,0.004703566559969744
17.326,2.3174071214222387,0.49461111236858457,-0.2786615209359273,-0.0023418068577640504,-0.004117222739576873,0.00038916062121251984,590,1,0.050591877514227473,-0.029827108571575764,-0.0024895281160305575,-1.6880495233759594e-05,-7.103574231711023e-06,0.00470221600254997
17.351,2.317371648408248,0.4945120035301849,-0.27865227573056817,2.3586463537838774e-06,-0.005004797609656704,0.003035032126561489,591,1,0.050595941122668714,-0.029791805257902888,-0.0024905776691067356,-1.7300267251650003e-05,-6.809880247643337e-06,0.00470157330130357
17.376,2.3174072393545564,0.49436087248810173,-0.278509769329599,-0.003881468847808323,-0.008625846242004008,0.01783311662242301,592,1,0.050563674958247644,-0.02975810070132461,-0.00249102166885739,-1.7706141820960415e-05,-6.3176829753663556e-06,0.004700103971727388
17.401,2.3171775749658576,0.49408071121808467,-0.2777606198994472,-0.010877630926078914,-0.006724683034733774,0.053034788233444444,593,1,0.05057419169152638,-0.029680013502111083,-0.002491609112795452,-1.8099381257051345e-05,-5.898694924957167e-06,0.004700200972619718
17.426,2.3168633578082525,0.49402463833636506,-0.2758580299179271,-0.028099836557337766,0.0007721999868115394,0.10921569350029814,594,1,0.050533031898032786,-0.02967821940333107,-0.0024924102388648043,-1.842941834536262e-05,-5.685435265626947e-06,0.004701154983187588
17.451,2.3157725831379907,0.49411932121742524,-0.272299835224432,-0.05887557518285207,0.02111956888111802,0.1847177613403224,595,1,0.05056278651485812,-0.02966391350374746,-0.002492226593590867,-1.8548487393895418e-05,-5.541704735684761e-06,0.004701748353787096
17.476,2.31391957904911,0.495080616780421,-0.266622141850911,-0.1014943788983288,0.03340492752331345,0.27611053204717845,596,1,0.050591876445886204,-0.02983716626125967,-0.0024909445016818377,-1.8330934543996777e-05,-5.384828205861857e-06,0.004699412655239693
17.501,2.310697864193074,0.49578956759359094,-0.2584943086220728,-0.16603639826796565,0.04076693458360978,0.38160048363245724,597,1,0.050587400458300624,-0.029800018585626323,-0.002489114688601308,-1.8418006494805177e-05,-5.232200141848069e-06,0.004700038968940868
17.526,2.3056177591357114,0.4971189635096015,-0.24754211766928794,-0.2399273109785008,0.0596525043207053,0.4998918968079753,598,1,0.050679473449300405,-0.029784423123375783,-0.0024871267688499786,-1.851727405437906e-05,-4.998951396173195e-06,0.004700900300766888
17.551,2.29870149864415,0.49877219280962604,-0.23349971378167556,-0.3250941413060147,0.08700253581669247,0.6295713303234595,599,1,0.05064809278083343,-0.029704977252425803,-0.002484735971758725,-1.84989093159065e-05,-5.073951969705814e-06,0.004703929921749932
17.576,2.2893630520704105,0.5014690903004362,-0.21606355115311462,-0.4300296855387248,0.11422236161927228,0.7678057905102056,600,1,0.05062186665943251,-0.029729756237372788,-0.0024819249850433966,-1.816935315614699e-05,-5.263456458906404e-06,0.00470499374400091
17.601,2.2772000143672133,0.5044833108905897,-0.19510942425616457,-0.5417194771605706,0.1487738349074853,0.91343415644253,601,1,0.0506332792501085,-0.02960741671867968,-0.0024791995242590256,-1.8255745361516357e-05,-5.3264056142656005e-06,0.004710147992622395
17.626,2.2622770782123816,0.5089077820458106,-0.17039184333098759,-0.6437018797898728,0.18685330539008183,1.0656138066239444,602,1,0.05074626171430052,-0.02967589259112376,-0.0024772242448966057,-1.7846816755951874e-05,-5.309747934534901e-06,0.004713455800972425
17.651,2.245014920377719,0.513825976160094,-0.14182873392496645,-0.7427146910561855,0.2071876074594765,1.2218797654548281,603,1,0.050754864938036395,-0.029680263261120148,-0.0024767150054575858,-1.8058917661118066e-05,-5.5653033273626205e-06,0.004718970721629168
17.676,2.2251413436595744,0.5192671624187838,-0.10929785505824956,-0.8431739056029977,0.2343244220531504,1.3815451650337245,604,1,0.0507874949797346,-0.02961827855048881,-0.002477225206101636,-1.8332391401164246e-05,-5.63828394680142e-06,0.004723192792235052
17.701,2.2028562250975687,0.5255421972627516,-0.0727514756732791,-0.9411353311692983,0.26863215401273627,1.5420197823766515,605,1,0.050821286890828016,-0.029603613443601358,-0.0024782516602432024,-1.8356737823460127e-05,-5.777018852458665e-06,0.004726908290388864
17.726,2.178084577101109,0.5326987701194208,-0.032196865939415904,-1.0336226202946306,0.2882648148622139,1.7022123016899051,606,1,0.0509025606483739,-0.02963772774189687,-0.002479345450788551,-1.847695876349345e-05,-5.767375779186931e-06,0.00473372212406966
17.751,2.1511750940828365,0.5399554380058625,0.012359139411217523,-1.1237721683709108,0.3145711798608852,1.8617628342592065,607,1,0.05088364377263827,-0.029511419319062017,-0.002479914124508491,-1.8842850189918043e-05,-5.944482336388936e-06,0.004741716233520442
17.776,2.1218959686825625,0.5484273291124653,0.06089127577354559,-1.2096420286826226,0.34887680157665396,2.019326047402891,608,1,0.050940911743524414,-0.029557484569596195,-0.002480533677959429,-1.8617110004850242e-05,-5.980116184976212e-06,0.004749837368335617
17.801,2.090692992648709,0.5573992780846942,0.11332544178135652,-1.295415850748593,0.3759222369152484,2.173609545840427,609,1,0.05089668072579892,-0.029568047214553767,-0.0024813537470427995,-1.8429120680232093e-05,-6.115756820911286e-06,0.004758559942062353
17.826,2.057125176145132,0.567223440958228,0.16957175306556835,-1.3803156392802833,0.39959758992527894,2.32316949772222,610,1,0.05093897729938604,-0.029635915032718164,-0.0024828080898851887,-1.822617894222685e-05,-5.859795198768602e-06,0.004766520864928195
17.851,2.0216772106846936,0.5773791575809585,0.22948391666746917,-1.4622208505304282,0.4146234073709495,2.4670665260219686,611,1,0.050902710873521086,-0.029615019881540805,-0.0024848074124462424,-1.8195721465068573e-05,-5.953046364577746e-06,0.004775326591246763
17.876,1.9840141336186095,0.5879546113267757,0.2929250793666684,-1.539378804273155,0.440441233381255,2.6044412606040788,612,1,0.05092515038536709,-0.029540816881019977,-0.0024871417957776703,-1.8130759288532806e-05,-6.115870108922857e-06,0.004783869680378415
17.901,1.9447082704710348,0.5994012192500215,0.3597059796976751,-1.6128247597907104,0.46707944340314655,2.7343977930751295,613,1,0.050845526632253134,-0.029566923104249587,-0.0024892265009978155,-1.7462061472871027e-05,-6.360449675305911e-06,0.0047951637029474544
17.926,1.9033728956290785,0.6113085834969317,0.42964496902041716,-1.6978714903898398,0.4914378521085535,2.85612296803841,614,1,0.0508071921815559,-0.02955468493211284,-0.002491424056899204,-1.679325549962092e-05,-6.552653435815214e-06,0.004807331855341835
17.951,1.8598146959515416,0.6239731118554496,0.5025121280995978,-1.7758656191919333,0.5156678687052823,2.969502357164775,615,1,0.05087065316331655,-0.029613616762799617,-0.0024934780829666374,-1.6149729720173837e-05,-6.523400443684515e-06,0.004820183493194032
17.976,1.8145796146694806,0.6370919769321962,0.578120086878658,-1.8410079312867382,0.527922779865825,3.0731393795379445,616,1,0.05087909283938352,-0.029633820154187095,-0.00249538005554424,-1.55714403845758e-05,-6.5235964427447725e-06,0.0048320355046302535
18.001,1.7677642993872034,0.6503692508487412,0.6561690970764973,-1.910928678174368,0.5483307306230556,3.167043398402622,617,1,0.05084444955403546,-0.029523705546966282,-0.00249716315196416,-1.5144885295647318e-05,-6.799359425139604e-06,0.004845329792303957
18.026,1.7190331807607608,0.6645085134633494,0.7364722567987912,-1.9768095881228,0.5679503322818581,3.250498715370396,618,1,0.050842590722897985,-0.029548808970001526,-0.002498592851353839,-1.448674998991321e-05,-7.0477704722256785e-06,0.0048560874996068535
18.051,1.668923819981069,0.6787667674628325,0.8186940328450077,-2.034601672187286,0.5811757296786852,3.3218950953897126,619,1,0.050782671161487,-0.029421101636253975,-0.0024990471224454252,-1.4036458040105574e-05,-7.740521842305406e-06,0.00486822139054756
18.076,1.617303097151395,0.693567299947284,0.9025670115682791,-2.097110406834163,0.6087567224046866,3.3827183610672638,620,1,0.05069322644449872,-0.029306326623144807,-0.00249877963863141,-1.3630118611892635e-05,-8.484530240115054e-06,0.00488234611520816
18.101,1.5640682996393593,0.7092046035830673,0.9878299508983733,-2.1618411985809565,0.633192290976463,3.431859733962841,621,1,0.050580802307026794,-0.029306936890815486,-0.0024985930680165285,-1.2900196813798821e-05,-9.017468624444063e-06,0.004894355136167393
18.126,1.5092110372223457,0.7252269144961077,1.0741599982664236,-2.24209987236386,0.6498513407567615,3.4695182320559987,622,1,0.05050617980037756,-0.029281815432091823,-0.0024985486779669874,-1.224326786932762e-05,-9.473429325824538e-06,0.004907189342876928
18.151,1.4519633060211647,0.7416971706209058,1.1613058625011756,-2.3104538500241194,0.668941027973853,3.4934884739676373,623,1,0.05063101808893891,-0.029410385682599998,-0.0024987228371273623,-1.1521709077145013e-05,-9.15081390518721e-06,0.004916735074603868
18.176,1.3936883447211463,0.7586739658947984,1.2488344219647955,-2.354779971579475,0.6871066348807178,3.5041236436618775,624,1,0.05062446392537628,-0.029441272640292948,-0.00249900850468453,-1.1014631968355956e-05,-9.140065330758057e-06,0.00493129431612531
18.201,1.3342243074421893,0.7760525023649422,1.3365120446842722,-2.41361240541386,0.7030385973223907,3.5039153058524555,625,1,0.050569195700169274,-0.02939675721421166,-0.0024997506067300614,-1.0913026551176177e-05,-9.475253820060103e-06,0.004945371497758781
18.226,1.2730077244504516,0.7938258957609184,1.4240301872574208,-2.468300472762062,0.7236807641032191,3.490657895115005,626,1,0.050583860921420094,-0.029427995885862025,-0.0025009621047522882,-1.0649279114253183e-05,-9.510814773309965e-06,0.004957736887277851
18.251,1.2108092838040845,0.8122365405701036,1.511044939440025,-2.5117975561346384,0.7446008487817496,3.4650892317383293,627,1,0.05048880981395548,-0.029391948578761172,-0.0025022353289554586,-1.04040318717885e-05,-9.852140549001052e-06,0.004972246963122645
18.276,1.147417846643718,0.8310559382000064,1.59728464884434,-2.5605489052215127,0.749716275481092,3.428750877211621,628,1,0.05039945449801033,-0.029374671979978496,-0.002503987327349447,-1.0046794807067202e-05,-9.898983522512356e-06,0.004985167464318211
18.301,1.0827818385430161,0.8497223543441561,1.6824824833005962,-2.5952376767660543,0.7518548549696895,3.3800526313256416,629,1,0.05044322405379086,-0.029380694820111623,-0.0025060249018397395,-9.654704827825735e-06,-9.871301067357008e-06,0.004994146548530644
18.326,1.0176559628054134,0.8686486809484915,1.7662872804106242,-2.5951226824992344,0.7564941555201891,3.3179225814180198,630,1,0.05045385214985952,-0.029405795564223892,-0.0025086118917735135,-9.443620204630072e-06,-9.47321049313737e-06,0.005003391664222809
18.351,0.9530257044180526,0.8875470621201661,1.8483786123714996,-2.54493799658912,0.745255090427353,3.244935383854786,631,1,0.05043174123851111,-0.029384497173213626,-0.002511562147566184,-9.404146271356938e-06,-9.205103612273813e-06,0.005014779239760793
18.376,0.8904090629759556,0.9059114354698596,1.9285340496033658,-2.4486638104261624,0.7165670312262171,3.1607949799038155,632,1,0.050400615079159036,-0.029408178880248242,-0.00251438992526486,-9.163500476052255e-06,-9.01465416337606e-06,0.005023398402581628
18.401,0.8305925138967427,0.9233754136814775,2.0064183613666926,-2.3158146354449975,0.6724824993917937,3.0653244405981503,633,1,0.05039509541582255,-0.029308030646106018,-0.0025161432221552094,-9.246983922801787e-06,-9.372604291340165e-06,0.005035517003369408
18.426,0.7746183312037123,0.9395355604394474,2.0818002716332646,-2.160285947628005,0.625932064558874,2.9609795759533797,634,1,0.05043445306721398,-0.02924491399947843,-0.0025168608123150244,-9.363390837771794e-06,-9.65039561457163e-06,0.005047117043101766
18.451,0.7225782165153409,0.9546720169094216,2.1544673401643637,-2.0095779385603745,0.5814937685729233,2.848503649320446,635,1,0.05042713853167516,-0.029237521427201874,-0.0025170485587420023,-9.224539752188592e-06,-9.746361528138573e-06,0.005056287903248725
18.476,0.6741394342756921,0.968610248868094,2.224225454099289,-1.8576236171198037,0.5319356099978148,2.7252911122994363,636,1,0.050411729376920865,-0.02936757077897642,-0.002517373950672907,-8.990975939783547e-06,-9.555067925154233e-06,0.005061088464155951
18.501,0.6296970356593494,0.9812687974093127,2.2907318957793374,-1.704392849217318,0.48288914328004506,2.592737921645892,637,1,0.05043775798779653,-0.02940581640839391,-0.002518192195985658,-9.164584129304987e-06,-9.58075227809391e-06,0.00507144930934573
18.526,0.588919791814825,0.9927547060320966,2.3538623501815854,-1.5715502864134883,0.43765381544990367,2.4543481140128582,638,1,0.050510286479771495,-0.02937742752398846,-0.0025196482933649476,-9.37051789520153e-06,-9.597809017398398e-06,0.005083254442023203
18.551,0.5511195213386795,1.0031514881818067,2.4134493014799734,-1.452384991408408,0.3984097943827313,2.3094502505211727,639,1,0.050576787601580665,-0.02946125799913366,-0.0025213272295150162,-9.32477668422658e-06,-9.582588724200853e-06,0.005094096036727735
18.576,0.5163005422444036,1.0126751957512334,2.4693348627076457,-1.3369574432944618,0.3708949166936418,2.160721598777014,640,1,0.05062398246928596,-0.029539165868190928,-0.0025230419767544206,-9.30218359003488e-06,-9.544602576325236e-06,0.005105939548757298
18.601,0.48427164917395543,1.021696234016489,2.5214853814188256,-1.2232621004120585,0.34846737343033624,2.0077552419363336,641,1,0.05056932727934897,-0.029573897411808787,-0.0025244629007682927,-9.232097978855105e-06,-9.530646973885602e-06,0.0051115974610175105
18.626,0.4551374372237998,1.0300985644227505,2.569722624804464,-1.11124009616938,0.3158378754032309,1.8494421089839013,642,1,0.05051044708737749,-0.02952277528712201,-0.002525580781904033,-9.06415247604748e-06,-9.51439816208785e-06,0.005117124621973532
18.651,0.42870964436548564,1.0374881277866508,2.613957486868022,-1.0057416858009143,0.28348366637770017,1.6892759203683454,643,1,0.05054556464751564,-0.029498394187959576,-0.002526456147784773,-9.00035021084782e-06,-9.463233675991418e-06,0.005124310605534566
18.676,0.40485035293375693,1.0442727477416347,2.6541864208228763,-0.8999438723895753,0.2562702302725003,1.5286125317520454,644,1,0.05054895291247957,-0.029457261666224782,-0.002527247318170469,-9.112112520685556e-06,-9.564536999497587e-06,0.005130885429485052
18.701,0.38371245074600624,1.050301639300276,2.6903881134556253,-0.7960864516450203,0.2238255650403266,1.3677173430870297,645,1,0.050577293194375275,-0.029403272748776986,-0.0025280702791375736,-9.116919955551244e-06,-9.524453979223867e-06,0.005136561486262167
18.726,0.36504603035150535,1.0554640259936512,2.7225722879772287,-0.6935373435530302,0.1929713591410315,1.2085634797254847,646,1,0.05057887221139185,-0.02942177588770101,-0.002528790678695019,-8.8395246469228e-06,-9.543682387952839e-06,0.005142409688290863
18.751,0.34903558356835424,1.0599502072573277,2.7508162874419004,-0.5881273366752632,0.1640243863483647,1.0524323310031776,647,1,0.05055565939894072,-0.02942193072012011,-0.0025296767274760974,-8.752373697782902e-06,-9.436913778501295e-06,0.0051465560977182745
18.776,0.33563966351774177,1.0636652453110695,2.7751939045273883,-0.4853873585660849,0.12911535209247327,0.9003139100348602,648,1,0.0505274011791532,-0.029426439397919908,-0.0025309495708174985,-8.628226932580343e-06,-9.287272489786971e-06,0.005152154199686911
18.801,0.32476621564005137,1.066405974861951,2.795831982943641,-0.38166575167215677,0.10168363913081035,0.7554607237037184,649,1,0.050528539337370657,-0.02949115094259108,-0.002532535443590279,-8.352971007615102e-06,-8.837110922812968e-06,0.005156824195487932
18.826,0.31655637593413366,1.0687494272676101,2.812966940712575,-0.2826194412228604,0.0747732444730687,0.618004638388845,650,1,0.050519209362426994,-0.029438497442874672,-0.0025340858099464785,-8.327297909793202e-06,-8.41987324270118e-06,0.005158742062346424
18.851,0.31063524357890815,1.0701446370856045,2.8267322148630836,-0.1909187570770638,0.05006550956867901,0.4894456799925104,651,1,0.05053590338688509,-0.02946860913221615,-0.0025353074224191904,-8.182805821805095e-06,-7.858634589493934e-06,0.005162255417939576
18.876,0.30701043808028033,1.0712527027460441,2.8374392247122007,-0.1034287877171077,0.030111975324040436,0.37237881636066034,652,1,0.05052875652713584,-0.029394005321494346,-0.0025366735729785398,-8.368901829510133e-06,-7.512239320471693e-06,0.005162930217046112
18.901,0.3054638041930527,1.0716502358518065,2.845351155681117,-0.019651362721516692,0.0023804763631930757,0.26716041232537535,653,1,0.05052548212527037,-0.029364083891249813,-0.0025379409891003383,-8.615720473001022e-06,-7.359747565607746e-06,0.005164028431577158
18.926,0.30602786994420456,1.0713717265642038,2.8507972453284687,0.05578097338773934,-0.027580817219523154,0.17687462209980712,654,1,0.050590129845908584,-0.02935124659998555,-0.0025388538709651396,-9.099841672829313e-06,-7.249565914452022e-06,0.005165850395230626
18.951,0.3082528528624397,1.0702711949908303,2.8541948867861073,0.11310176688528467,-0.046895169033955186,0.10360324391575157,655,1,0.050636007875576865,-0.029444815786090383,-0.0025389205963417903,-9.156835457084068e-06,-7.188105972213473e-06,0.005166946820778254
18.976,0.31168295828846887,1.069026968112506,2.8559774075242563,0.14969519895467584,-0.05013581387240879,0.0487348270805292,656,1,0.050665739496192984,-0.029469445999676422,-0.002538291071495673,-9.376657999462327e-06,-7.333646220371565e-06,0.005167169921534523
19.001,0.3157376128101736,1.0677644042972099,2.856631628140134,0.16594556648294886,-0.05466625186194929,0.0145095363558221,657,1,0.050672743605954126,-0.02944527526266586,-0.0025373983985400575,-9.742827020145421e-06,-7.61922184975046e-06,0.005167495825692069
19.026,0.31998023661261643,1.0662936555194085,2.8567028843420474,0.1777621439209388,-0.05814731977804907,0.0017376646896228743,658,1,0.050626757828179395,-0.02946957111394174,-0.002536447407781062,-9.805548951572472e-06,-7.689180496277062e-06,0.00516870206236716
19.051,0.32462572000622003,1.0648570383083076,2.856718511374615,0.17903834623670478,-0.05514823210570096,0.00666064170555804,659,1,0.050646329501241205,-0.029446666214658745,-0.0025351833223161177,-9.930969372132911e-06,-7.479238253160669e-06,0.005170805627905577
19.076,0.3289321539244518,1.0635362439141234,2.8570359164273254,0.1562917636908734,-0.05104403483991254,0.023294726255204904,660,1,0.05062512070212122,-0.02941895020928804,-0.002533919472116772,-9.980065669257295e-06,-7.46511581369824e-06,0.00517162376480537
19.101,0.3324403081907638,1.062304836566312,2.8578832476873752,0.11663020745067033,-0.045627594863017394,0.04847897121904519,661,1,0.05060872355392945,-0.029406805506993608,-0.002532564795001139,-1.0003066312769007e-05,-7.469176936395534e-06,0.0051716552190554715
19.126,0.3347636642969854,1.0612548641709725,2.8594598649882776,0.04800684052529024,-0.03821836947033254,0.08046425468113291,662,1,0.05066472075355156,-0.02937475768709728,-0.0025310368717325494,-1.0126474247054451e-05,-7.301407676627548e-06,0.005172571084145127
19.151,0.33484065021702836,1.0603939180927953,2.861906460421432,-0.052348817034343,-0.031533786654704535,0.11809294738555526,663,1,0.050673208180235046,-0.029360738263291317,-0.002529239743053407,-1.021053775129491e-05,-7.263984246576276e-06,0.005173494893078906
19.176,0.3321462234452684,1.0596781748382373,2.865364512357555,-0.16422612450717955,-0.024675747838407074,0.15926690385682057,664,1,0.050657573612441734,-0.029369873118239066,-0.0025273376521742605,-1.0016225151982289e-05,-7.1790437800987795e-06,0.00517310775663512
19.201,0.32662934399166926,1.059160130700875,2.869869805614273,-0.28007793897440836,-0.014514592003349385,0.20202916922547656,665,1,0.050649231778280436,-0.02936504227437199,-0.002525493001613905,-9.945563216281822e-06,-6.9897841154540356e-06,0.0051744106443080305
19.226,0.3181423264965478,1.0589524452380699,2.875465970818829,-0.39837231847974486,-0.012254147730081759,0.24754593517757864,666,1,0.0506053972348118,-0.029316222905415946,-0.0025239181057937835,-9.976141137808135e-06,-6.806978576511511e-06,0.005176818928181957
19.251,0.30671072806768174,1.0585474233143708,2.882247102373152,-0.5132624361346276,-0.010920907441054185,0.29292682604635384,667,1,0.050554739096699074,-0.02936659795106311,-0.0025226460180403833,-9.682576098543517e-06,-6.736517199016946e-06,0.005176604186056933
19.276,0.29247920468981603,1.0584063998660171,2.890112312121147,-0.6207099767164301,-0.004637161716894142,0.33588204262205457,668,1,0.05048267397787808,-0.029360716520672507,-0.002522003987059006,-9.663507820751472e-06,-6.615971383170548e-06,0.005178295438435511
19.301,0.275675229231862,1.058315565228526,2.899041204504254,-0.7210270099199398,0.0002635100892733851,0.3773140659246312,669,1,0.05045150915688482,-0.029353128497941798,-0.0025221829157468837,-9.319158946696913e-06,-6.11206002780911e-06,0.005180736010010082
19.326,0.2564278541938185,1.0584195753704808,2.9089780154173788,-0.823243065598927,-0.0034855356834517298,0.4170878801264018,670,1,0.05046194556578421,-0.029297489498431233,-0.002522388350526413,-9.205391682681942e-06,-5.706329024910845e-06,0.005185079630917611
19.351,0.23451307595191506,1.0581412884443535,2.9198955985105743,-0.9287016011764533,-0.0051707844656245045,0.45212376974124413,671,1,0.05046946810296029,-0.029382095796269846,-0.002522273049606213,-8.847373198438167e-06,-5.662248920001256e-06,0.005184145578828425
19.376,0.2099927741349952,1.0581610361471996,2.9315842039044413,-1.0253829285559677,0.002912957667064967,0.4820980802331241,672,1,0.0504253295114357,-0.02939092239969631,-0.0025218615554174445,-8.725092807316984e-06,-5.720967262651136e-06,0.005186258638898313
19.401,0.18324392952411594,1.0582869363277068,2.944000502522231,-1.121278895796986,0.0017627916118590939,0.5080826720661347,673,1,0.05043664761009051,-0.029364261601132778,-0.002521385829282585,-8.568312576845844e-06,-5.372801135576088e-06,0.0051872604388562065
19.426,0.1539288293451491,1.0582491757277925,2.9569883375077466,-1.219477379794396,0.001582837764493283,0.5281898696784828,674,1,0.05040534371687751,-0.029409133326023826,-0.0025205976634233352,-8.09915859550363e-06,-5.1868306449560205e-06,0.005188784004668957
19.451,0.12227006053439528,1.0583660782159314,2.9704099960061554,-1.3093347149517531,0.006976684787920363,0.5427748494725039,675,1,0.05036071824509587,-0.02941578216959172,-0.00251955046294894,-7.942453719050203e-06,-4.856244902003337e-06,0.005190195102805819
19.476,0.0884620935975605,1.0585980099671886,2.984127079981372,-1.3949258254717969,0.006201567897123806,0.5515406809179267,676,1,0.05034473800910858,-0.029390280461600887,-0.002518747915527617,-7.95269112250779e-06,-4.68738183774209e-06,0.005191271376050771
19.501,0.05252376926080445,1.0586761566107876,2.997987030052052,-1.4746691527703157,0.010730084429057943,0.5529849439179034,677,1,0.050353766648015594,-0.029417396434694248,-0.0025181913522159816,-7.67853751439753e-06,-4.3428385345709455e-06,0.005191409681032252
19.526,0.014728635959043668,1.0591345141886415,3.0117763271772677,-1.5404910227941955,0.01792751529248284,0.5486341861800305,678,1,0.050379429106683575,-0.029334328014119174,-0.002518297272656642,-7.658560128141633e-06,-3.978979672977854e-06,0.005195102417667623
19.551,-0.024500781878900944,1.0595725323754117,3.025418739361052,-1.5758324721764772,0.01142975579612832,0.539700115194598,679,1,0.05040505431734167,-0.029276261515395374,-0.0025192034587823773,-7.776436733717832e-06,-3.6792390595259107e-06,0.005197484867172425
19.576,-0.06406298764978131,1.0597060019784479,3.038761332936998,-1.5825598512125414,0.0038025579225963737,0.5239816127452649,680,1,0.0504608856505955,-0.029314509485845505,-0.0025200818032027265,-7.345633260503485e-06,-3.3355342969117513e-06,0.005197406916275635
19.601,-0.10362877443952913,1.0597626602715415,3.0516178199983157,-1.5554735113241196,0.009725231300476839,0.5018822377355043,681,1,0.05054719719522742,-0.029364767588841965,-0.0025208872204576984,-7.140081148643218e-06,-3.027961594074664e-06,0.005197894474218334
19.626,-0.1418366632159884,1.0601922635434717,3.0638554448237736,-1.4845940925905707,0.016304971034477356,0.4751772943973286,682,1,0.05058769227863931,-0.029302511938031274,-0.0025217284047386887,-7.203435703894533e-06,-2.844923468938409e-06,0.005201167297077634
19.651,-0.17785847906905872,1.0605779088232654,3.0753766847181825,-1.388541085872238,0.008023237610857338,0.4435125755495569,683,1,0.05061649224490746,-0.029258455129921,-0.00252245937857142,-7.135342653903814e-06,-2.399335457982119e-06,0.005202023340084117
19.676,-0.21126371750959635,1.0605934254240146,3.08603107360125,-1.265243103331916,0.006615104723102134,0.40700529081698944,684,1,0.050632084000980106,-0.029323681183405545,-0.0025233326039612544,-7.235961381027287e-06,-2.084483461139537e-06,0.005203069404497703
19.701,-0.2411206342356554,1.0609086640594205,3.0957269492590322,-1.1194967619238896,0.006566863267431961,0.36780519601117423,685,1,0.05064137666078587,-0.029286518006389463,-0.0025240818722723646,-7.439625144572842e-06,-1.7598475720920808e-06,0.005205322542329795
19.726,-0.26723855560579163,1.0609217685873862,3.104421333401809,-0.9704449399251481,0.004247916987796191,0.32555945272233694,686,1,0.050676432689903315,-0.029327052321263525,-0.002524745651961786,-7.526089391082497e-06,-1.5328114679150558e-06,0.005205747789865644
19.751,-0.2896428812319135,1.0611210599088103,3.1120049218951493,-0.8289862650861706,0.007397483371720421,0.28118132827061926,687,1,0.05071156794405733,-0.029299322632077206,-0.002525743554913468,-7.705483777367941e-06,-1.462921538787082e-06,0.005207117330004077
19.776,-0.30868786886010074,1.0612916427559722,3.1184803998153403,-0.6916370321891234,0.003845555382757878,0.2365408186630048,688,1,0.05067769458160441,-0.029281664488550865,-0.0025275149613400143,-7.956388224790743e-06,-1.637256457399927e-06,0.005208045398708873
19.801,-0.3242247328413677,1.0613133376779482,3.123831962828299,-0.5512013838812978,-0.0021479406844359923,0.19159480226088993,689,1,0.05065410579458202,-0.029299429173289423,-0.002529939446859993,-8.257770394886684e-06,-1.9353360399135207e-06,0.005208166245427195
19.826,-0.33624793805416603,1.0611842457217504,3.128060139928385,-0.4155467947006205,-0.004000927820784149,0.14813507633560052,690,1,0.05066577509018451,-0.0293468885171117,-0.002532661239914833,-8.38417899040547e-06,-2.0660309955178112e-06,0.005208737283747504
19.851,-0.34500207257639903,1.061113291286909,3.131238716645079,-0.2848011176279867,-0.007560743777004112,0.10781241219098472,691,1,0.05065828808233538,-0.0293671738563562,-0.0025355778923828753,-8.57896345079924e-06,-2.380946670032261e-06,0.005209700840081329
19.876,-0.35048799393556557,1.0608062085329002,3.1334507605379343,-0.15738363084497162,-0.006943412983835174,0.07212565737207197,692,1,0.05066136752593561,-0.02944238892606331,-0.0025390842173666304,-8.583496745996505e-06,-2.6791516905438485e-06,0.005210654681093089
19.901,-0.3528712541186477,1.0607661206377172,3.1348449995136827,-0.03436493851288609,-0.002942411510491628,0.04182562181151777,693,1,0.050642391596762884,-0.029430040135863353,-0.002542939057195382,-8.6904786751848e-06,-2.9098916691702393e-06,0.005210138014465509
19.926,-0.3522062408612098,1.0606590879573756,3.13554204162851,0.07594657837675992,-4.4077718475143344e-05,0.018423339525428257,694,1,0.05063200593414989,-0.029430571278857925,-0.002547028451776585,-8.331757243531335e-06,-2.9256981359309975e-06,0.005209804227216762
19.951,-0.3490739251998097,1.0607639167517935,3.135766166489954,0.15819672762337086,-2.883954267840453e-05,0.005065990066990195,695,1,0.050617596990558913,-0.029369973842833547,-0.0025512126259340847,-8.244943853366701e-06,-3.0142446865580994e-06,0.005208759064892159
19.976,-0.3442964044800411,1.0606576459802417,3.1357953411318595,0.21197835111723715,-0.004901920838316018,0.010759322318740619,696,1,0.05061930026708076,-0.029370722435481667,-0.002554972595698358,-7.956562128174347e-06,-3.201816809574557e-06,0.005207631175354425
20.001,-0.33847500764394767,1.0605188207098777,3.136304132605891,0.24427261769249572,-0.0074970208632984025,0.058108036238921086,697,1,0.0506308147380868,-0.02937279947836497,-0.002558099114933897,-7.68349081963384e-06,-3.1058535575103286e-06,0.005206588107407441
20.026,-0.33208277359541616,1.0602827949370768,3.1387007429438056,0.25215677013658444,-0.018904153257538435,0.1582170030428377,698,1,0.050627182747113406,-0.029353011928040726,-0.002560432502663876,-7.656043869429822e-06,-3.0797519182282423e-06,0.005205883318884394
20.051,-0.32586716913711916,1.0595736130470008,-3.138970324421553,0.22433129229724638,-0.0510807933423944,0.30344585899301457,699,1,0.050646685595045794,-0.029321411936628322,-0.0025621731036439108,-7.65285665325171e-06,-2.915459460051365e-06,0.005206521589131572
20.076,-0.3208662089805537,1.057728755269957,-3.1293122712861297,0.17637514225963796,-0.10451601784988125,0.4839703883470945,700,1,0.05057911658454109,-0.02932296044382754,-0.0025638896955196694,-7.248197820773623e-06,-3.2132311515490963e-06,0.005207178920221852
20.101,-0.31704841202413714,1.0543478121545067,-3.114771805004198,0.1204782696230305,-0.1782887383873152,0.6899819083719185,701,1,0.050567810678844055,-0.02930816014407045,-0.0025655170136253376,-6.930600659152992e-06,-3.164449627005616e-06,0.005208416492309543
20.126,-0.31484229549940207,1.0488143183505911,-3.0948131758675332,0.06070208908221211,-0.2697613181799869,0.9138962509710472,702,1,0.05053339568645253,-0.029309220729427737,-0.002566603046757787,-6.878450315583741e-06,-3.026955142795515e-06,0.0052114215410357986
20.151,-0.3140133075700265,1.0408597462455071,-3.069076992455645,0.0031820625829294823,-0.3749283203313061,1.1471518765903563,703,1,0.050542995282093876,-0.029297311287473905,-0.0025677636185584296,-6.747716393972862e-06,-2.701724390283325e-06,0.005213509954112013
20.176,-0.3146831923702556,1.030067902334027,-3.0374555820380187,-0.04899452511121935,-0.47439560630998073,1.3823242937301643,704,1,0.05050213834541519,-0.029368853429396963,-0.002568909741022517,-6.413008777176803e-06,-2.7337124423232072e-06,0.005216730678546654
20.201,-0.3164630338255875,1.0171399659300078,-2.999960777769136,-0.09269381012240376,-0.571016784750383,1.613569229091633,705,1,0.05048439663534589,-0.029325925005586093,-0.0025701639657015663,-6.260538890810566e-06,-3.0426204140534105e-06,0.005221634203891095
20.226,-0.31931788287637586,1.0015170630965073,-2.956777120583436,-0.13039689952066094,-0.676227282491734,1.8349217268419966,706,1,0.0504581314537219,-0.02934015498840582,-0.00257154729464388,-6.004331152546377e-06,-3.3324440144247e-06,0.0052269518202516935
20.251,-0.32298287880162063,0.9833286018054206,-2.908214691427035,-0.1707997861780828,-0.7717292697991242,2.0403354674709706,707,1,0.05047274228662452,-0.029381006054176734,-0.0025727218558023093,-5.662269046772781e-06,-3.3872854095472393e-06,0.005232019792149668
20.276,-0.3278578721852801,0.9629305996065506,-2.854760347209886,-0.20573460152695514,-0.8670514592208538,2.225241655147594,708,1,0.050398107977087,-0.029355183140436607,-0.0025733248023192276,-5.47319763721859e-06,-3.7491186880717245e-06,0.005239167944432969
20.301,-0.3332696088779678,0.9399760288443804,-2.7969526086696614,-0.23259937233048536,-0.9636913083936635,2.387206551039613,709,1,0.050412303988834055,-0.029388785360586436,-0.0025732402352578294,-5.010308877830978e-06,-3.912772915104016e-06,0.0052466228332773476
20.326,-0.33948784080180455,0.9147460341868667,-2.7354000196579036,-0.2677227433115343,-1.0573634282863136,2.5212922306268566,710,1,0.05042339483244423,-0.02940852891459124,-0.0025720887132028754,-4.763920320957916e-06,-4.095550460090561e-06,0.00525300558877317
20.351,-0.3466557460435447,0.8871078574300639,-2.670887997138317,-0.29713803422163476,-1.1432770924151996,2.624550283463563,711,1,0.05037793038630343,-0.029457043879817187,-0.0025702318599972523,-4.652355728883183e-06,-4.31698707427444e-06,0.005260309096675097
20.376,-0.3543447425128865,0.8575821795661059,-2.6041725054847236,-0.32077526948881874,-1.2299829189836122,2.6966492882797217,712,1,0.05040956816714824,-0.029421989158485182,-0.0025678259306796624,-4.734866052568157e-06,-4.528117042680296e-06,0.005267770193167553
20.401,-0.3626945095179859,0.8256087114808824,-2.536055532724329,-0.34777221143715376,-1.3101239510145357,2.7346222170598855,713,1,0.05043585049064477,-0.029474542583879607,-0.0025653358471929115,-4.421063347305789e-06,-4.7015210210291275e-06,0.005273433779394489
20.426,-0.3717333530847432,0.7920759820153829,-2.467441394631737,-0.3695403641563891,-1.3729545516462331,2.7380783681944862,714,1,0.05044997128356953,-0.02946379041850763,-0.00256297379948812,-3.992841028841536e-06,-4.930270295170304e-06,0.0052822073518831985
20.451,-0.3811715277258056,0.7569609838985698,-2.3991516143146026,-0.3914803371772868,-1.4141196367337037,2.7071590146778726,715,1,0.05047481339028272,-0.029503749186438024,-0.0025607800462251777,-3.7234216648562635e-06,-4.993297727273758e-06,0.005289914229350405
20.476,-0.3913073699436078,0.7213700001786967,-2.3320834438978415,-0.3911327668834075,-1.4133986686140387,2.642941744376255,716,1,0.05038858341339589,-0.029472630831959168,-0.002558679319009617,-3.4982763047139857e-06,-5.128339331890274e-06,0.005300449119303107
20.501,-0.40072816606997624,0.6862910504678669,-2.267004527095788,-0.3761995745121529,-1.3966203190972506,2.5467410428412847,717,1,0.05046983483016762,-0.02949288060426705,-0.00255658863851212,-3.463419214961536e-06,-4.8481605756625545e-06,0.0053079882217909324
20.526,-0.41011734866921573,0.6515389842238332,-2.2047463917557755,-0.3806187469352412,-1.3654435769532935,2.4191864103425287,718,1,0.05050975389878877,-0.0295304926378684,-0.002554408763491606,-3.3839512452443734e-06,-4.6885650506800755e-06,0.0053149916371113045
20.551,-0.4197591034167372,0.6180188716202061,-2.1460452065786684,-0.36587559239575274,-1.3008946384725288,2.263964853180468,719,1,0.05042619797253844,-0.029464836782105437,-0.0025524094188805607,-3.619519733490286e-06,-4.889752320834887e-06,0.005322038051661919
20.576,-0.42841112828900363,0.5864942523002058,-2.0915481490967505,-0.32901609942590593,-1.2064732750159386,2.083606184238699,720,1,0.05045070245556594,-0.029458041958196384,-0.002550621097466907,-3.5894866288969345e-06,-4.707332689996298e-06,0.005327631502570808
20.601,-0.43620990838803275,0.5576952078694083,-2.041864897366732,-0.290665617431363,-1.087839488090201,1.882356428044183,721,1,0.050497701048528146,-0.02945451134747415,-0.0025488015003112745,-3.6148196520703836e-06,-4.488781040132903e-06,0.0053347312843403
20.626,-0.442944409160572,0.532102277895695,-1.99743032769454,-0.25566144274374064,-0.9514806626742043,1.665625904670159,722,1,0.05054713342263484,-0.029496047110714827,-0.0025470179883749122,-3.2465008162673606e-06,-4.4338348483178305e-06,0.0053384504443247304
20.651,-0.44899298052521996,0.5101211747356974,-1.958583602133223,-0.2133288784547859,-0.8126700669404481,1.4370129543044925,723,1,0.05055976563141582,-0.029445028469067266,-0.0025454592257727797,-2.973017442385321e-06,-4.602960953334174e-06,0.005339588063288373
20.676,-0.45361085308331067,0.4914687745486749,-1.9255796799793197,-0.17440680925188665,-0.6783033371414874,1.2012973290787172,724,1,0.05062171177203816,-0.029526996296912293,-0.0025442287055808784,-2.477581539749625e-06,-4.570058107892655e-06,0.0053388302481783955
20.701,-0.4577133209878144,0.47620600787862255,-1.898518735679286,-0.14329176675129027,-0.5423576577894508,0.9663386972849293,725,1,0.05061392838581863,-0.029499349051348767,-0.0025432892059002047,-2.104965494062636e-06,-4.8369879215666855e-06,0.005341018725003546
20.726,-0.4607754414208753,0.46435089165920196,-1.8772627451150725,-0.10396436422989005,-0.41003590536627693,0.7396440492334905,726,1,0.050647562047824675,-0.029487064461801583,-0.0025425351617954714,-1.923648292691367e-06,-5.1116538670581846e-06,0.005341232047721266
20.751,-0.462911539199309,0.4557042126103084,-1.8615365332176113,-0.07048137653473463,-0.2837173806845554,0.5278316998875812,727,1,0.05068177172397227,-0.02948842828514342,-0.002541934121896618,-1.690838681999578e-06,-5.173640939513936e-06,0.005341315044683787
20.776,-0.46429951024761207,0.450165022624974,-1.850871160120693,-0.04534568637772054,-0.16079701289982842,0.339879419180386,728,1,0.050693897403159924,-0.029467260512622814,-0.0025414616753177636,-1.6116722315345542e-06,-5.307441141639198e-06,0.005344427567472529
20.801,-0.4651788235181949,0.44766436196531745,-1.8445425622585931,-0.011209584815400193,-0.041207210671653755,0.18641544278753933,729,1,0.050665223890539214,-0.02936791871098233,-0.002541253627859021,-1.7228086730842193e-06,-5.478682422652409e-06,0.005347777862384449
20.826,-0.4648599894883821,0.44810466209139127,-1.841550387981316,0.028619245072210735,0.06894511806376914,0.07611539550770877,730,1,0.05068031730564197,-0.02938957173740098,-0.0025413781759852884,-1.5657769376548568e-06,-5.452373936884124e-06,0.005347243499315644
20.851,-0.46374786126458434,0.45111161786850595,-1.8407367924832077,0.05354034112195406,0.15497001122190548,0.015376278575436112,731,1,0.05071162541682176,-0.029433063297599597,-0.002541729731700863,-1.415398047582871e-06,-5.439378770038441e-06,0.0053449395061349
20.876,-0.46218297243228434,0.45585316265248665,-1.8407815740525442,0.0711399465014818,0.2160981941790832,-0.017917650523386643,732,1,0.05069684148674017,-0.029469104386705393,-0.0025421871276082733,-1.2972092304136973e-06,-5.489667793733983e-06,0.005345592378264927
20.901,-0.4601908639395102,0.46191652757746027,-1.8416326750093768,0.06431168731097868,0.24867571277956327,-0.07159018032173188,733,1,0.05072562484630478,-0.02952444960406331,-0.0025428756919911883,-1.0550113544505582e-06,-5.484916341699657e-06,0.0053477353246462675
20.926,-0.4589673880667356,0.4682869482914641,-1.8443610830686308,0.04460746985812162,0.24055068431338303,-0.16918307448573458,734,1,0.05072408046149842,-0.029408749863307097,-0.0025436962751866103,-1.3077095805727514e-06,-5.693387568837611e-06,0.005343239207366103
20.951,-0.4579604904466041,0.4739440617931296,-1.8500918287336638,0.014876180629442636,0.2143562288217829,-0.30504276384572215,735,1,0.050661610769718375,-0.029486743643192398,-0.0025445771186861166,-1.0821229618022405e-06,-5.727530763655309e-06,0.005341831950836785
20.976,-0.45822357903526345,0.4790047597325534,-1.8596132212609173,-0.05533673843134334,0.18928272844527425,-0.4689571743427856,736,1,0.05063632126813339,-0.029562844019940648,-0.0025452200888393976,-7.49591781232393e-07,-5.533986652909659e-06,0.005340113913602814
21.001,-0.4607273273681713,0.48340819821539344,-1.8735396874508035,-0.1548161030365536,0.15810234153393662,-0.6534441185511581,737,1,0.05063688347313515,-0.029533511015204163,-0.002545183718746657,-7.996399220207963e-07,-5.359151014252627e-06,0.00533857759632182
21.026,-0.46596438418709124,0.48690987680925035,-1.8922854271884757,-0.26480541581239864,0.12974820400403725,-0.8523266316354623,738,1,0.050607397704112635,-0.02946675797849232,-0.0025445873816404892,-8.459648605417289e-07,-5.126072795636987e-06,0.005334700095173971
21.051,-0.47396759815879047,0.48989560841559493,-1.9161560190325742,-0.3762312277114368,0.10998486932942207,-1.0598676909395826,739,1,0.05062217311021934,-0.02939423511629185,-0.0025436883169387904,-1.025705854872729e-06,-4.738795624714709e-06,0.005330970808620187
21.076,-0.48477594557266335,0.49240912027572153,-1.9452788117354556,-0.4821804318463739,0.08472633083754667,-1.2705668626702857,740,1,0.05065017954015622,-0.029326225304453765,-0.002542582462774128,-1.1209077329244918e-06,-4.428142135899678e-06,0.005325202526554458
21.101,-0.4980766197511095,0.4941319249574723,-1.9796843621660896,-0.590737050975592,0.06475369500250203,-1.4788272840139316,741,1,0.050600300167633866,-0.02936700538061829,-0.0025412081369722474,-1.0615167263033016e-06,-4.377284293936293e-06,0.005320171372828664
21.126,-0.5143127981214434,0.4956468050258467,-2.019220175936153,-0.6896400755307099,0.05533377480581391,-1.6779623814146067,742,1,0.0505678542074673,-0.029323241020258628,-0.0025400713280084165,-1.1082346023213003e-06,-4.357212703530169e-06,0.005316660634627487
21.151,-0.5325586235276455,0.49689861369776306,-2.0635824812368213,-0.7883016002662684,0.043413580442698524,-1.8655395433887363,743,1,0.05058229362158065,-0.029455398365552287,-0.0025391407240426397,-5.692934407066166e-07,-4.20599607600585e-06,0.005307935263307173
21.176,-0.5537278781347545,0.4978174840479815,-2.1124971531055845,-0.8959776429145633,0.034588014430687104,-2.038474018412557,744,1,0.05054977166400734,-0.02947419034350533,-0.0025387168564315085,-4.009642455885882e-07,-4.093710153310938e-06,0.005300864958796454
21.201,-0.5773575056733743,0.49862801441929744,-2.1655061821574506,-0.9951843507757278,0.028346510822899337,-2.1916794709993725,745,1,0.050547815259309584,-0.029490603779625243,-0.002538739611161501,-2.4752993413956654e-07,-4.092377106055561e-06,0.005292884880655134
21.226,-0.6034870956735416,0.49923480958912647,-2.2220811266555547,-1.0940470373655287,0.023076687019626067,-2.322716773692311,746,1,0.05053441029651057,-0.029490810293639945,-0.0025391546958811804,-6.190295830524656e-08,-4.005769307323354e-06,0.005286585167360262
21.251,-0.6320598575416515,0.49978184877027876,-2.281642020842068,-1.1924136403356087,0.023171664770446857,-2.4299180476323032,747,1,0.0505355540507198,-0.02946607699482882,-0.002539752816029974,-1.293168196178794e-07,-3.9829596610692965e-06,0.005278850761552416
21.276,-0.6631077776903229,0.5003933928276488,-2.3435770290371716,-1.2925681575428907,0.022178407806296024,-2.5106802695505785,748,1,0.050560309739910866,-0.029384640708784982,-0.002541020595539611,-3.4445862069929984e-07,-3.878184873409909e-06,0.005272743628933012
21.301,-0.6966882654187924,0.5008907691605935,-2.4071760343195896,-1.3841684766458797,0.017239438220295365,-2.5637780060040063,749,1,0.05055567084787754,-0.029244247198675417,-0.002542799803399003,-5.274013837609663e-07,-3.625283675047902e-06,0.005265663875292772
21.326,-0.7323162015226179,0.5012553647386636,-2.4717659293373737,-1.4631184894403306,0.011416572501130432,-2.588476913530878,750,1,0.05055964996932326,-0.02916956340119751,-0.0025447812766595745,-6.860163428021371e-07,-3.5605054059137614e-06,0.005258083510121762
21.351,-0.7698441898908099,0.50146159778565,-2.5365998799961353,-1.5194840671018268,0.002214345257680574,-2.5834577077764096,751,1,0.05056292751747883,-0.029143590080682465,-0.0025468231961594478,-6.258368704123143e-07,-3.4208522527796936e-06,0.005251074057285792
21.376,-0.8082904048777103,0.5013660820015476,-2.600938814726196,-1.5564373425916633,-0.0058576550314092535,-2.549514682778139,752,1,0.05055138655519614,-0.029211354779221602,-0.002548967828073643,-2.9198047317141037e-07,-3.276788423464206e-06,0.0052417079487681395
21.401,-0.8476660570203942,0.5011687150340796,-2.664075614135044,-1.5849170591041553,-0.002700214911406527,-2.4885771917713657,753,1,0.0505300695778321,-0.029262181354195355,-0.002551661725858259,-3.320523773485545e-08,-3.1302051243519783e-06,0.005231849015419217
21.426,-0.8875362578329136,0.5012310712559773,-2.7253676743147572,-1.5912782877437155,-0.0009800706904217055,-2.400886461139643,754,1,0.05058022977955273,-0.029275433347555373,-0.002554573606001566,-8.341367749136035e-09,-2.853772498057391e-06,0.005225016101079195
21.451,-0.9272299714075811,0.5011197114995585,-2.784119937192028,-1.554080252996637,-0.00581569106145255,-2.2858286259072833,755,1,0.05059348832885197,-0.02930362703029113,-0.002557577583856271,5.8215240363924416e-08,-2.8234737198223654e-06,0.005219008014048299
21.476,-0.9652402704827465,0.5009402867029047,-2.839659105610123,-1.4615631522376007,-0.007860618630268656,-2.146964512481025,756,1,0.05060542946892541,-0.02935065375178035,-0.0025601389418893313,1.7135914001415172e-07,-2.902588642876495e-06,0.005210363166642641
21.501,-1.0003081290194622,0.500726680568045,-2.8914681628160808,-1.3335372502758502,0.00025959313159739836,-1.9884472460838138,757,1,0.050682177979779586,-0.029473657353853613,-0.002562027586309159,6.383875918058582e-07,-2.9262398901406423e-06,0.005201676006972932
21.526,-1.03191713299654,0.5009532663594846,-2.939081467914315,-1.18894913729331,0.000703380730111598,-1.8110741387595084,758,1,0.05076012169529605,-0.029437280944369756,-0.0025637765184171237,7.424668858659373e-07,-2.84972040394232e-06,0.005195665757194876
21.551,-1.0597555858841243,0.5007618496045506,-2.982021869754051,-1.040063931956497,-0.0029092543265196312,-1.618660949811547,759,1,0.050770590449232135,-0.029501963309403086,-0.0025655914826970094,1.1586450426297173e-06,-3.0963452767732083e-06,0.005188199045755259
21.576,-1.0839203295943656,0.5008078036431586,-3.0200145154048936,-0.8940387572961945,0.0005115675234867927,-1.4166945109109783,760,1,0.05079846661104648,-0.029499602906876508,-0.0025674725774201927,1.2762717698842397e-06,-3.2916853193625114e-06,0.0051826145663168306
21.601,-1.1044575237489347,0.500787427980725,-3.052856595299601,-0.7519005701661179,0.0006619072664637476,-1.208070432111424,761,1,0.05081433022008151,-0.02951684637087663,-0.0025693098354145146,1.390224168991188e-06,-3.520158311402641e-06,0.005178411389293714
21.626,-1.121515358102672,0.5008408990064818,-3.0804180370104657,-0.6165779617926727,-0.0011751626285061267,-0.9978458358718214,762,1,0.05082207919976307,-0.029508512979859215,-0.002571140701726944,1.4758780758136413e-06,-3.582375129729181e-06,0.005174191109631319
21.651,-1.1352864218385688,0.5007286698492996,-3.1027488870931927,-0.49077439251350125,-0.003146472070900864,-0.7915117989876835,763,1,0.050779727406273394,-0.029528679893294354,-0.0025729525542724494,1.570813490104623e-06,-3.992169600402033e-06,0.0051701106260375876
21.676,-1.1460540777283457,0.5006835754029367,-3.1199936269598476,-0.35433634694426114,0.0011203273291182489,-0.5950999520810822,764,1,0.05066838443890262,-0.029501005068425016,-0.0025744707721246395,1.5203125476644918e-06,-4.326658798285864e-06,0.005166327644564284
21.701,-1.153003239185782,0.5007846862157556,-3.1325038846972473,-0.21728702868436892,-0.003087524673297493,-0.41620552530839144,765,1,0.05070052369619711,-0.02947701659297848,-0.0025756353309045583,1.6200130924820255e-06,-4.325912776396404e-06,0.005162347371654041
21.726,-1.1569184291625643,0.5005291991692719,-3.1408039032252675,-0.08725305118496661,-0.004732238565452395,-0.2607657693464878,766,1,0.050675812987484074,-0.029537374641399373,-0.0025765775797111107,1.7631578541224608e-06,-4.384664471101595e-06,0.005159919208419067
21.751,-1.1573658917450305,0.5005480742874829,3.1376431340150144,0.03262113544110832,-0.0012383855682385027,-0.1355952490430193,767,1,0.050751407768243786,-0.02952845496863506,-0.002577643103905986,1.987299040293402e-06,-3.966741503291921e-06,0.00515723943415162
21.776,-1.1552873723905088,0.5004672798908599,3.135601641502168,0.1416349310182366,-0.0020946036355386027,-0.049093941452150194,768,1,0.05070725131686111,-0.02952612772114639,-0.00257868099370338,1.8756011186234018e-06,-3.8782586759960725e-06,0.005154968029492162
21.801,-1.150284145194119,0.500443344105706,3.135188436942407,0.22485324291318456,0.0010835424557420327,-0.00862502722947399,769,1,0.05078466858501103,-0.029521095442710744,-0.002580005894619204,1.7628178604406455e-06,-3.71366038208768e-06,0.005152240636226551
21.826,-1.1440447102448494,0.500521457013647,3.1351703901406944,0.2672083419426936,0.0028089766809413375,-0.007273270035570331,770,1,0.0507615233372684,-0.029481234175839567,-0.0025811087892388678,1.535620206714605e-06,-3.577344730462701e-06,0.005149040624824734
21.851,-1.1369237280969842,0.5005837929397531,3.1348247734406285,0.28386450269237734,0.0032743549680902075,-0.02872852198572099,771,1,0.05074669023318241,-0.02946530648374473,-0.002581907367379258,1.3372758067303728e-06,-3.487223311844911e-06,0.005146863263076202
21.876,-1.1298514851102304,0.5006851747620515,3.1337339640414084,0.2684837801846968,0.014711477691968579,-0.06472314643016916,772,1,0.0507141596431038,-0.029490536213063644,-0.002582215711720977,1.488152822729378e-06,-3.4113360725066145e-06,0.0051454899500025676
21.901,-1.1234995390877491,0.5013193668243515,3.13158861611912,0.21779502028717163,0.042061578309056276,-0.11228307223399375,773,1,0.050737534223684544,-0.029487542788078306,-0.002582350018438733,1.3882922605132725e-06,-3.1838961588712394e-06,0.005144263093040476
21.926,-1.1189617340958724,0.5027882536775042,3.128119810429709,0.12581686531793412,0.07747358865542232,-0.16972272923130952,774,1,0.05076140558622723,-0.02946046848903122,-0.002582227195311238,1.2208783522212383e-06,-2.834706355894637e-06,0.005142100849772519
21.951,-1.1172086958218523,0.5051930462571227,3.1231024796575544,0.026347236663459464,0.126634980700409,-0.23597693930736183,775,1,0.050714117819869356,-0.029484467491880207,-0.0025821824316406483,1.2677531045950035e-06,-2.855421689247437e-06,0.00513817931513414
21.976,-1.1176443722626994,0.5091200027125248,3.1163209634643407,-0.07281824738733074,0.18355821648711818,-0.308465060231975,776,1,0.050791273034691636,-0.02945132644115146,-0.002582314151768468,1.1798106046493842e-06,-2.631011185808865e-06,0.00513566722816794
22.001,-1.120849608191219,0.5143709570814787,3.1076792266459554,-0.1800298012548548,0.23996079079727886,-0.3843959653956065,777,1,0.05080606396257775,-0.0294489192963514,-0.0025824130728683376,1.3548674659201594e-06,-2.599655389068074e-06,0.005132963422719538
22.026,-1.1266458623254423,0.5211180422523889,3.09710116519456,-0.27545746725221376,0.30479916114214367,-0.4638145961123638,778,1,0.050786817402932734,-0.02945673602892524,-0.0025824771852490562,1.4701190419121804e-06,-2.7348676585830094e-06,0.005128771044137943
22.051,-1.1346224815538288,0.529610915138585,3.0844884968403385,-0.3719426716332777,0.3698343810010521,-0.54448849023781,779,1,0.05080232340555693,-0.029417542883672845,-0.0025829551347843964,1.4961682442007533e-06,-2.7467636646992456e-06,0.0051257244647393415
22.076,-1.1452429959071064,0.5396097613024418,3.0698767406826692,-0.46134027284938883,0.43146347955496156,-0.6245396910758227,780,1,0.050720468994916376,-0.029413256601285857,-0.0025841227727757946,1.5202065094304972e-06,-3.009744086749853e-06,0.005122431048631581
22.101,-1.1576894951962986,0.5511840891163334,3.053261512286547,-0.5432328227175243,0.48869294068086794,-0.7025818232829895,781,1,0.0507224606939747,-0.029414237237278824,-0.002585863811086223,1.5282953720100716e-06,-2.9871392160662097e-06,0.005118247135479344
22.126,-1.172404637042983,0.5640444083364855,3.0347476495185193,-0.6281723470597278,0.5514308591193228,-0.7775743967118198,782,1,0.0506829146396175,-0.02949770992681313,-0.002587865154318689,1.7365331450981617e-06,-2.9713691889691824e-06,0.005111609328228141
22.151,-1.1890981125492854,0.5787556320723,3.0143827924509554,-0.7058814911644619,0.6186389721536664,-0.8494936001836745,783,1,0.050653709503949707,-0.02949029887972526,-0.002589992198373844,1.8437850493184297e-06,-2.676518475274963e-06,0.005105865399763917
22.176,-1.2076987116012041,0.5949763569441671,2.992272969509338,-0.7848515506897624,0.6821298474574992,-0.9163889816123708,784,1,0.050638559565956996,-0.029489361576365187,-0.002592174153868765,2.1854439350279734e-06,-2.201018895508911e-06,0.005100823035254026
22.201,-1.2283406900837741,0.6128621244451754,2.9685633433703362,-0.8619569177823616,0.7420985907389427,-0.9769662231913351,785,1,0.05058906926999639,-0.0294495847452691,-0.002594289990544619,2.3596833306143017e-06,-1.7180924520157896e-06,0.005096322453880546
22.226,-1.2507965574903228,0.6320812864811147,2.9434246583497705,-0.9361103195646603,0.7969075047665262,-1.030545481115158,786,1,0.05055328087578149,-0.029455175827274103,-0.0025960550960276835,2.492387522692479e-06,-1.242334379530402e-06,0.005090575091175161
22.251,-1.2751462060620078,0.6527074996835023,2.9170360693145776,-1.0001214120750825,0.8572595269975414,-1.07717400842436,787,1,0.05049940488847567,-0.029473938238318245,-0.0025970740289998594,2.7932942290104847e-06,-7.388500885362875e-07,0.005084546867516823
22.276,-1.3008026280940777,0.6749442628309924,2.8895659579285518,-1.0685072843676156,0.9185125148806172,-1.115455434559546,788,1,0.05054703696436646,-0.029429665573364645,-0.002597663251789915,2.9329525414427977e-06,-1.5819721144677565e-07,0.005081340367813266
22.301,-1.3285715702803855,0.6986331254275305,2.8612632975866035,-1.1345559545486699,0.9706716502117647,-1.1445055728699332,789,1,0.05048918275988204,-0.029389128743567854,-0.0025983427298177657,2.9754447356796267e-06,-1.680096877280206e-08,0.005076877347261157
22.326,-1.357530425821512,0.7234778453415813,2.8323406792850543,-1.1898843714296712,1.0192555063943531,-1.1644715463684119,790,1,0.05055023336809172,-0.02939180783020375,-0.00259883739338877,3.0727457405778045e-06,4.0691705339546925e-07,0.005071276403803462
22.351,-1.38806578885187,0.7495959007472489,2.803039720268182,-1.257589502395815,1.0730995809804147,-1.1762341685559197,791,1,0.05061108167879317,-0.02940626505426506,-0.002599409842466812,3.088317087160077e-06,6.967162350911367e-07,0.005064593206126563
22.376,-1.4204099009413036,0.7771328243906028,2.7735289708572575,-1.3232737341512146,1.128355616246823,-1.1789983220246747,792,1,0.05060124357692281,-0.029398651949739073,-0.002600382807703406,2.7675535968357765e-06,7.068683169206678e-07,0.00506026804273614
22.401,-1.4542294755594316,0.8060136815595909,2.7440898041669475,-1.3824575907616974,1.172089307779618,-1.1716985975679117,793,1,0.05059948404636222,-0.029372049355671233,-0.00260200083352115,2.293512129540132e-06,8.376134261994388e-07,0.005055728100623684
22.426,-1.4895327804793845,0.8357372897795804,2.714944040978865,-1.4216508974487339,1.1992858201687235,-1.1551645896781806,794,1,0.05058282616557674,-0.029427375503278244,-0.002604015480770755,2.1310474185983605e-06,1.0071787557344049e-06,0.005051288886570524
22.451,-1.5253120204318693,0.8659779725680279,2.6863315746830376,-1.437539711035118,1.2123724199640455,-1.1293256340433029,795,1,0.050586491802500126,-0.029456916712795354,-0.0026061783007447228,1.99746960297634e-06,1.2921307250778803e-06,0.005045501312124375
22.476,-1.5614097660311415,0.8963559107777835,2.6584777592766993,-1.425672858313176,1.2087864553909229,-1.0960133479998935,796,1,0.050529466106492976,-0.029479002410475533,-0.0026084751791939456,1.780881830494852e-06,1.3686894788872095e-06,0.0050382182944853785
22.501,-1.5965956633475291,0.9264172953375749,2.631530907283042,-1.3791712957776685,1.1757819902576483,-1.0541381775284393,797,1,0.05059622384034452,-0.029457003298915933,-0.002610612975864975,1.7867186567823185e-06,1.6963550964563357e-06,0.0050346159353143885
22.526,-1.6303683308200259,0.9551450102906668,2.6057708504002766,-1.31282138033772,1.1157232526409202,-1.0037320574769775,798,1,0.05061667101687689,-0.029450276902074253,-0.0026129318219087817,1.83444065475789e-06,1.8591512219974083e-06,0.005031138587497312
22.551,-1.6622367323644114,0.9822034579696177,2.581344304409196,-1.2307962333071256,1.0474316524035927,-0.9464939017787398,799,1,0.05063032897314189,-0.0294557932881647,-0.0026152421491895937,2.0058937504815955e-06,2.1157029869798002e-06,0.005028468969810832
22.576,-1.691908142485383,1.0075165929108472,2.558446155311339,-1.142344473123919,0.9747453464467565,-0.8826341913172849,800,1,0.05068337124537928,-0.02945488133813101,-0.0026179332512195337,2.206790284063353e-06,2.4832370124394053e-06,0.0050244239518504995
22.601,-1.7193539560206081,1.0309407252919562,2.5372125948433313,-1.045069412695064,0.8932550369921894,-0.8144435737151907,801,1,0.050692811826771475,-0.02944825570636708,-0.002620856131258329,2.282213177971648e-06,2.6869719730124134e-06,0.005021266141880409
22.626,-1.744161613120137,1.0521793447604573,2.517723976625579,-0.9352196623497022,0.8035711738474857,-0.7406744852605823,802,1,0.05067779386707109,-0.029432170853113906,-0.0026235542331379627,2.3045458183970116e-06,2.8893726874037683e-06,0.005020468537732699
22.651,-1.766114939138094,1.071119283984331,2.5001788705803016,-0.8289679397012399,0.7060130647362107,-0.6620900991348687,803,1,0.05069653440438378,-0.029406776765418845,-0.002625619065478338,2.2321069685516654e-06,3.0976574328897215e-06,0.0050176028469662605
22.676,-1.7856100101051966,1.0874799979972658,2.4846194716688372,-0.7205912405149815,0.6094482714505791,-0.5828598235857113,804,1,0.05070735191464564,-0.029482388694190103,-0.0026273072868293586,2.2800091874806723e-06,3.034752509035814e-06,0.005013049934322469
22.701,-1.8021445011638435,1.1015916975568605,2.4710358794010157,-0.6063833780398655,0.5263858946988146,-0.5018660375798607,805,1,0.05075231959628079,-0.029504200637456617,-0.0026289105186986326,2.1107646477334907e-06,3.0226448414266484e-06,0.005010337987437125
22.726,-1.8159291790071903,1.113799292732207,2.459526169789844,-0.506671031815033,0.4368702674833296,-0.4216124503260883,806,1,0.0507486309963049,-0.02943014352775816,-0.0026301663906737253,1.6137451867991655e-06,2.9707942112705574e-06,0.005003890796407485
22.751,-1.8274780527545955,1.1234352109310273,2.449955256884711,-0.40539973923258676,0.34541501826145415,-0.34382273765697535,807,1,0.050701322187109876,-0.029484919719482704,-0.002631053181375934,1.378540211784525e-06,2.993459563683115e-06,0.005002252866909516
22.776,-1.83619916596882,1.1310700436452799,2.442335032906995,-0.29406204744293235,0.2584240063255164,-0.2691135931765818,808,1,0.05068359425781566,-0.02945492084816275,-0.002631595076115725,1.0850267515271094e-06,3.2932263972092858e-06,0.004998983808638932
22.801,-1.8421811551267413,1.1363564112473024,2.4364995772258826,-0.19264238328511932,0.16772154479181217,-0.20029452317685317,809,1,0.05073739299808222,-0.029437538441365558,-0.0026319368444317707,1.0263262774240683e-06,3.6167954780515535e-06,0.004996794056859659
22.826,-1.845831285133076,1.1394561208848706,2.432320306748152,-0.09994155402382657,0.09056823709092536,-0.1379724680807273,810,1,0.050771653425965055,-0.02945756507472573,-0.0026325268576171674,1.035882074120583e-06,3.713200006907197e-06,0.0049942737843495875
22.851,-1.8471782328279327,1.1408848231018487,2.429600953821846,-0.006153398509418563,0.012516578231118557,-0.08446845694829777,811,1,0.05073021175574271,-0.02941517518074381,-0.002633027097347078,1.0493796047347822e-06,3.554566101759308e-06,0.004991180756444118
22.876,-1.846138955058547,1.1400819497964265,2.428096883900737,0.09634728213943818,-0.06770799842489865,-0.04253889170029385,812,1,0.05074085492252302,-0.029419521827805946,-0.0026334569540993158,1.1915831660623563e-06,3.5625695611983116e-06,0.004986437369601029
22.901,-1.8423608687209607,1.1374994231806037,2.4274740092368314,0.17840840828750384,-0.13515312666580007,-0.015111050620496306,813,1,0.05084597188792952,-0.02932333683401549,-0.0026337612987885517,1.1939758127307898e-06,3.884305644170268e-06,0.0049826259504028485
22.926,-1.8372185346441723,1.133324293463137,2.4273413313697123,0.2303351091784534,-0.1884126597919673,-0.002279887604181819,814,1,0.05084079051751417,-0.029319393239705758,-0.002633745836859937,1.3845521880561594e-06,3.6901332351398985e-06,0.004980849365170845
22.951,-1.8308441132620379,1.1280787901910052,2.4273600148566223,0.26381949545414574,-0.2194332437481008,0.005232296261992101,815,1,0.05084631418962255,-0.029321377154898312,-0.002633789786760346,1.7434704764077021e-06,3.4948622111139077e-06,0.004979458766198691
22.976,-1.8240275598714648,1.1223526312757317,2.427602946182812,0.2605179059439518,-0.22528714296816812,0.02045078947448402,816,1,0.05082202791099383,-0.029336397503035117,-0.0026336971709439256,1.9190164586456e-06,3.375075009569219e-06,0.004980128953094495
23.001,-1.81781821796484,1.1168144330425966,2.4283825543303466,0.2082551072433351,-0.1953046283419474,0.04597522464654992,817,1,0.05084452911002584,-0.02938657762013233,-0.0026337617369623385,2.0959646519244404e-06,3.4040804321473442e-06,0.0049792963604905266
23.026,-1.813614804509298,1.1125873998586342,2.4299017074151394,0.12884026207000088,-0.13691146270767507,0.0801258461053368,818,1,0.05078337502423675,-0.029444792388174258,-0.0026339006303919884,2.278428407289178e-06,3.2011908068415317e-06,0.004979155912718589
23.051,-1.8113762048613404,1.1099688599072133,2.432388846635613,0.03223631030452488,-0.06856903733831646,0.12002848404784323,819,1,0.050792539366113075,-0.029407882100267464,-0.0026339733538736183,2.2312654694739066e-06,3.2110355638892954e-06,0.004975617661390705
23.076,-1.8120029889940716,1.1091589479917183,2.4359031316175317,-0.07074593106598204,-0.009900893888277055,0.16321590655938623,820,1,0.0507278225001331,-0.02936201901284489,-0.0026339588063625454,2.326541968491919e-06,3.1571472218401774e-06,0.004974319230537567
23.101,-1.8149135014146396,1.1094738152127994,2.4405496419635826,-0.17987438171027847,0.04011718024558629,0.2109968058685011,821,1,0.050787211952422584,-0.029323482452861396,-0.002634062623305598,2.558338221557603e-06,3.2708446958665004e-06,0.004975801681315624
23.126,-1.8209967080795857,1.1111648070039977,2.446452971910957,-0.29846080165757205,0.09437312745598313,0.2610863735750398,822,1,0.05073656045471879,-0.029371977221927376,-0.0026341876631919203,2.945787205942699e-06,3.1022696602261912e-06,0.0049752562733040556
23.151,-1.8298365414975184,1.1141924715855986,2.4536039606423348,-0.40540130507803335,0.14326356160066758,0.3117373874641504,823,1,0.050650561887089635,-0.029420407852649096,-0.0026345344078488498,3.1839641048718584e-06,2.8786474468532805e-06,0.0049752947818408
23.176,-1.8412667733334862,1.1183279850840306,2.4620398412841635,-0.5011590917640625,0.190019827290377,0.3601861782327236,824,1,0.050578648412128176,-0.029479845832241544,-0.002635846383181286,3.455036851817359e-06,2.941750118999992e-06,0.004972706350634324
23.201,-1.8548944960857219,1.1236934629501176,2.471613269553971,-0.5918116829753521,0.23178325099027067,0.4072737314672934,825,1,0.05055210690879361,-0.029460636946465793,-0.0026379419202445225,3.293284538366345e-06,2.9280659014727908e-06,0.00497580972220942
23.226,-1.8708573574822542,1.1299171476335443,2.4824035278575285,-0.6903165146155246,0.2667216870566109,0.4532644939647692,826,1,0.05058043153541817,-0.02946804331689445,-0.0026404465539301785,3.2039270814278514e-06,3.039770074161211e-06,0.004974035335295416
23.251,-1.8894103218164986,1.1370295473029484,2.49427649425221,-0.7896260782268282,0.31134029175217126,0.4943218976918758,827,1,0.05059123923706186,-0.029533837903468526,-0.002643270673124407,3.36131735936979e-06,2.945436207426983e-06,0.004971620979057589
23.276,-1.9103386613935962,1.1454841622211531,2.5071196227421226,-0.8809290513895908,0.35438595154932323,0.5304277141141025,828,1,0.05054190940485447,-0.029534505418917213,-0.002646180001289398,3.2149919084740805e-06,2.5483722073501813e-06,0.004968834255890368
23.301,-1.9334567743859756,1.1547488448804135,2.5207978799579136,-0.9714193985047532,0.39244201259350464,0.561313883614468,829,1,0.050538827987673465,-0.02955126509188186,-0.0026488165080125413,2.9506914907346594e-06,2.4229364899595158e-06,0.004967191765855073
23.326,-1.9589096313188346,1.1651062628508286,2.5351853169228464,-1.0589745262506849,0.4304127979835687,0.5861687039635305,830,1,0.05049301043243909,-0.029553874433071805,-0.0026514477042772077,2.8007218450961874e-06,2.2077855298664107e-06,0.004965581507845322
23.351,-1.9864055006985106,1.1762694847795923,2.5501063151560905,-1.1424618719988782,0.466089503909537,0.6049714035393986,831,1,0.05049256090849924,-0.029556964483213034,-0.0026545491557256025,2.6136011106110117e-06,2.337040357357928e-06,0.004966187004860551
23.376,-2.0160327249187793,1.1884107380463058,2.565433887099817,-1.2296048527343386,0.4960437453305096,0.6190551852191374,832,1,0.05047689887705209,-0.0295447497810125,-0.0026582581798841455,2.4354776114135164e-06,2.433720465487875e-06,0.0049664396503690455
23.401,-2.0478857433352284,1.201071672046118,2.581059074417048,-1.3010534201812114,0.527016729651083,0.6246529086303898,833,1,0.05048296340348433,-0.029621169730430292,-0.0026622202249482873,2.3322940256596696e-06,2.6648285419022535e-06,0.004962114867933683
23.426,-2.081085395927836,1.2147615745288585,2.5966665325313345,-1.381020624997971,0.5672303703522993,0.622664519909053,834,1,0.050586296176592035,-0.029557680224066993,-0.002665647030035471,1.9224092588017776e-06,3.0605307787535762e-06,0.004964412471019981
23.451,-2.116936774585128,1.2294331905637335,2.612192300412501,-1.4663191051177784,0.5931997236786661,0.617169392475967,835,1,0.05052081612422927,-0.029567750005969454,-0.00266903711108242,1.877802410051294e-06,2.921074508147528e-06,0.004965441025696873
23.476,-2.154401351183726,1.2444215607127922,2.6275250021551333,-1.519242084855202,0.616280001891898,0.6026933208427113,836,1,0.05057276251257235,-0.02962448122569134,-0.002672022721664143,1.7830685854331862e-06,2.987574074705481e-06,0.004960925964836126
23.501,-2.192898878827889,1.2602471906583288,2.642326966454637,-1.5494190536220345,0.6303296126804002,0.5818570366595484,837,1,0.05062544683827513,-0.029582244909151827,-0.0026749983784676258,1.4934014059739853e-06,2.9821834862259495e-06,0.004963310584869214
23.526,-2.231872303864829,1.2759380413468127,2.656617853988111,-1.5308681328615386,0.6214888055477672,0.5563851301127137,838,1,0.05060253907393055,-0.02962906367201962,-0.002677866516759641,1.482358343362269e-06,2.622417247158939e-06,0.004960485182204118
23.551,-2.2694422854709617,1.2913216309357154,2.670146222960271,-1.4547116064579206,0.598556921455136,0.5232592828616337,839,1,0.05064833801054883,-0.02959781202558378,-0.0026803793587205386,1.2339479760934067e-06,2.6078423902040977e-06,0.004961236839804429
23.576,-2.304607884187726,1.3058658874195699,2.682780818131193,-1.3351344275842958,0.5603377772743166,0.4847784357296734,840,1,0.05065330903687672,-0.029546118878717685,-0.0026824206369699677,9.506287093926851e-07,2.6200562869048033e-06,0.004962902044765366
23.601,-2.3361990068501775,1.3193385197994316,2.694385144746755,-1.1956642853433326,0.50463194958205,0.44288440656761,841,1,0.05067204845736202,-0.029417735628931494,-0.002684233373850854,5.022264446491873e-07,2.59920741761979e-06,0.004967296889059865
23.626,-2.3643910984548935,1.3310974848986727,2.704925038459574,-1.06429895785815,0.4371356454478219,0.39888087018625884,842,1,0.05069553331496302,-0.029373817153074504,-0.002686297557532859,1.5784459429155957e-07,2.53741479159228e-06,0.004969572133588922
23.651,-2.3894139547430857,1.341195302071823,2.7143291882560683,-0.9233127677906331,0.3829198187623857,0.35063124653087246,843,1,0.050672386548838155,-0.02941782329909041,-0.002688750168973409,8.726230783860793e-08,2.5745371330951582e-06,0.004969476760212831
23.676,-2.4105567368444225,1.350243475836791,2.7224566007861166,-0.7823016721733089,0.32569076269732805,0.30076991404162995,844,1,0.05070995010478923,-0.029339696396589936,-0.0026913041902427355,-3.396484234924008e-07,2.869507443816745e-06,0.004973518207583377
23.701,-2.4285290383517517,1.3574798402066897,2.72936768395815,-0.6545816677115464,0.2696141502155231,0.25165460757393987,845,1,0.0507583943666731,-0.02937739252281462,-0.0026937238172637626,-3.481060812517014e-07,3.0683108527281077e-06,0.004974475917142865
23.726,-2.4432858202300003,1.3637241833475673,2.735039331164814,-0.5328470412404598,0.21686724844455132,0.20294169118088834,846,1,0.05075357171363203,-0.029347708941040572,-0.002696234008432801,-1.8082754578046992e-08,2.944154177154595e-06,0.004974884387515068
23.751,-2.455171390413775,1.3683232026289174,2.7395147685171946,-0.4134935153622029,0.16277385128082625,0.1554795478347759,847,1,0.05072217252737517,-0.02942041651450714,-0.0026987849837857097,7.200785600164988e-07,2.8720845879204556e-06,0.004973655190516523
23.776,-2.4639604959981107,1.3718628759116087,2.7428133085565527,-0.2909323034202137,0.11902651806379849,0.11143740545150849,848,1,0.050673606477079816,-0.02944367514736719,-0.0027011222857560883,1.1479764756588677e-06,2.6813805957399403e-06,0.004974258336101216
23.801,-2.469718005584785,1.374274528532107,2.7450866387897697,-0.17089630664581115,0.06650355523948454,0.07287926751364256,849,1,0.050624475414656575,-0.029441912723933244,-0.00270349925694801,1.538185583450498e-06,2.4152837088543146e-06,0.004974460387838634
23.826,-2.4725053113304014,1.375188053673583,2.746457271932235,-0.048783867075101045,0.014139909309140795,0.0409053913521967,850,1,0.05061970011600363,-0.029496640215160727,-0.002705837796080179,1.8628107559080527e-06,2.3130132401714766e-06,0.00497507571075363
23.851,-2.47215719893854,1.374981523997564,2.7471319083573795,0.07187393078090917,-0.03150803256531675,0.017609541402520995,851,1,0.05066978270974929,-0.02951194130034328,-0.002708133640096403,2.056069732850743e-06,2.221808826047911e-06,0.004974319338584535
23.876,-2.468911614791356,1.3736126520453171,2.747337749002361,0.17016520181425612,-0.07239720104500588,0.004422495339966241,852,1,0.05074058505509002,-0.029523645104302318,-0.002710582183695001,2.265285204264308e-06,2.1301726958371516e-06,0.004973101854594825
23.901,-2.463648938847827,1.3713616639453137,2.747353033124378,0.24749029011646848,-0.10223988500736829,0.0007342954519096585,853,1,0.050678085728131705,-0.02955099787494603,-0.0027129443188952606,2.4984119465664956e-06,1.4555320168217687e-06,0.004972204856700369
23.926,-2.456537100285533,1.368500657794949,2.7473744637749564,0.2893989186359528,-0.12084755316736745,0.0004054843058209854,854,1,0.05068297850714129,-0.029549116431950538,-0.0027155928986487745,2.4977714864611677e-06,8.93976982590797e-07,0.004970282144076744
23.951,-2.4491789929160293,1.3653192862869452,2.747373307339669,0.28930251899399495,-0.12550747385636374,0.0004394606104351988,855,1,0.0506936060586425,-0.02959567682172046,-0.0027183564448209807,2.7191912074438894e-06,5.065746431158041e-07,0.004968814898340059
23.976,-2.4420719743358332,1.3622252841021307,2.747396436805478,0.2654848268982464,-0.1058123376784244,0.0005488167558631496,856,1,0.05072333498112934,-0.029642311296940456,-0.002721144456530251,2.8961020285075856e-06,1.6859285577313095e-07,0.004967109669641333
24.001,-2.4359047515711167,1.360028669403024,2.747400748177462,0.21820116922340782,-0.08581797814672376,0.0004957762234436487,857,1,0.05069957891250966,-0.02958363636470939,-0.0027235656138550925,2.951148583908375e-06,-2.6135759090633933e-07,0.004965214995835354
24.026,-2.4311619158746627,1.3579343851947945,2.7474212256166504,0.16511064234836553,-0.067076465410753,0.0008049080222872109,858,1,0.050679078641005085,-0.029630765900298693,-0.0027256711715228548,3.3312776757018847e-06,-6.933695176852728e-07,0.004962265267362812
24.051,-2.427649219453699,1.3566748461324865,2.7474409935785764,0.12435690194046602,-0.03730331092361042,-0.00030137763911141773,859,1,0.05064391630881001,-0.02960624378584116,-0.002727070171633867,3.469789107269206e-06,-1.0280122512471477e-06,0.00496021061921249
24.076,-2.4249440707776393,1.356069219648614,2.747406156734695,0.08935575774933519,-0.016655082165670562,-0.0014655293712362086,860,1,0.050663383015409416,-0.02952028778405398,-0.002728227961385724,3.4616260808824336e-06,-1.2827255686034998e-06,0.004960620296468054
24.101,-2.423181431566232,1.355842092024203,2.7473677171100146,0.048500969388544514,-0.008910370347607761,-0.0009147944972109781,861,1,0.05066659690845497,-0.029446926294781343,-0.002728971167997904,3.4931388246829676e-06,-1.4027475533249813e-06,0.0049619474563740535
24.126,-2.422519022308212,1.3556237011312335,2.7473604170098342,0.019954164667783374,-0.010672248761793695,0.00014598404479926121,862,1,0.05058304810856467,-0.02947182704851481,-0.002729327095745209,3.661927700012753e-06,-2.1007020280091566e-06,0.004960956471904723
24.151,-2.422183723332843,1.3553084795861132,2.7473750163122546,0.0055248014274858846,-0.005598492521090888,-2.3551352885677008e-05,863,1,0.050577868787212134,-0.029538530466645598,-0.0027297905564600865,3.8089442109664677e-06,-2.3590221806788907e-06,0.004957815017459107
24.176,-2.4222427822368378,1.355343776505179,2.74735923944219,-0.0010251813829764555,-0.00026179817322446634,-0.0002664953037800861,864,1,0.05056314575380343,-0.029538614001484033,-0.002730258611993495,3.6983727956491484e-06,-2.668966995859105e-06,0.004956357907917799
24.201,-2.4222349824019918,1.355295389677452,2.7473616915470656,0.0026324806733501642,-0.0015055776369132586,0.00017441241481286094,865,1,0.05057840694016939,-0.02954743016884626,-0.002730850930976516,3.6142887778783203e-06,-2.77152029817033e-06,0.004955078836671813
24.226,-2.4221111582031702,1.3552684976233333,2.7473679600629306,0.007038988284850845,-0.0011057803723612935,-7.91916289966099e-05,866,1,0.05061492649353853,-0.029541477382966023,-0.0027315204794391315,3.5603798850578765e-06,-2.891201519090084e-06,0.004952810143538055
24.251,-2.421883032987749,1.355240100658834,2.7473577319656157,0.004934475343984986,0.001857993423093314,-0.00022587662899198015,867,1,0.05066876105253473,-0.029527148829280824,-0.0027326702924554266,3.577879032490065e-06,-3.0720274530798328e-06,0.004952254282495669
24.276,-2.421864434435971,1.355361397294488,2.747356666231481,0.0023765313099312307,0.007579152889079386,-0.0008472186754638271,868,1,0.050653433332366445,-0.0295029838688641,-0.00273403561879415,3.7208784313818323e-06,-3.249692322997993e-06,0.00495209748253031
24.301,-2.4217642064222527,1.3556190583032879,2.7473153710318425,-0.0023843528465672054,0.0074809329780255495,-0.0011610647340720539,869,1,0.05064558195684304,-0.029449170494877493,-0.0027357142949469915,3.7450373882838495e-06,-3.5855312890752882e-06,0.004953330850046995
24.326,-2.4219836520782994,1.3557354439433893,2.7472986129947774,-0.005117660991578104,0.0017950551073031306,-0.0006191230321483855,870,1,0.05058030592253234,-0.02945669701643055,-0.002737340320635184,3.995280480754703e-06,-4.22138183144189e-06,0.004952514568378789
24.351,-2.4220200894718316,1.355708811058653,2.747284414880235,-0.0011616939196556876,-0.004461370494483966,-2.6611189420932722e-05,871,1,0.05057824501969011,-0.0294761159936734,-0.002738506008391665,4.238462066445303e-06,-4.455305964552828e-06,0.004952179632390917
24.376,-2.422041736774282,1.355512375418665,2.7472972824353064,0.0004693949998202318,-0.005004501861982575,9.818930968741173e-05,872,1,0.05059467469428269,-0.02952554110346501,-0.002739364652149615,4.52962357928223e-06,-4.44285502232747e-06,0.004949498738616609
24.401,-2.4219966197218405,1.355458585965554,2.7472893243457195,-0.0008363359860031258,-0.004303663610114828,0.0025760926252084504,873,1,0.05061048609070677,-0.029534524748119555,-0.0027402675118512157,4.7331695509730695e-06,-4.432369026377975e-06,0.00494916771215274
24.426,-2.4220835535735823,1.3552971922381594,2.7474260870665668,0.0006617366714500766,-0.005620838166433471,0.026397095374610283,874,1,0.0505941989361773,-0.029573048887049393,-0.0027412734464130496,4.875476557205073e-06,-4.531815721477483e-06,0.004947497079866227
24.451,-2.421963532888268,1.3551775440572322,2.74860917911445,0.010158304266711793,-0.013944173579396393,0.08798047512757687,875,1,0.050583600426915155,-0.029572795850733097,-0.002742155640054013,4.929041934193469e-06,-4.652141101674982e-06,0.0049446643140478195
24.476,-2.4215756383602467,1.3545999835591895,2.7518251108229457,0.0242278220205968,-0.030917865789427793,0.18600512616915935,876,1,0.050594754790479736,-0.029606075211898564,-0.0027427461094921657,5.00100002549344e-06,-4.60034783875959e-06,0.00494199459837836
24.501,-2.420752141787238,1.3536316507677608,2.757909435422908,0.043850582557753356,-0.053950245548501155,0.3163710028784505,877,1,0.05059212972467903,-0.0295978416951825,-0.002743312918656709,4.9233658194407146e-06,-4.816282732407527e-06,0.00494130456072539
24.526,-2.419383109232359,1.3519024712817644,2.7676436609668684,0.07896295769894927,-0.10001609734889741,0.4753567864866874,878,1,0.05056167747764261,-0.029564389478031597,-0.002743955511373571,4.785031285168799e-06,-4.865307911454039e-06,0.004941205609538011
24.551,-2.416803993902291,1.3486308459003162,2.781677274747241,0.11932309046786047,-0.16518373293797892,0.6568989785273778,879,1,0.05062502815308774,-0.02954381734200216,-0.00274486699194563,4.589233581011457e-06,-4.530645708776506e-06,0.0049407638265695115
24.576,-2.413416954708966,1.3436432846348654,2.800488609893238,0.16350544621870122,-0.24673474895326658,0.8566290357949191,880,1,0.050594151670961617,-0.029534911678499025,-0.0027459180695122818,4.237046033205524e-06,-4.602972568920756e-06,0.004942183868991786
24.601,-2.4086287215913558,1.3362941084526527,2.8245087265369877,0.22172840358524087,-0.3350621006675377,1.0699462260428687,881,1,0.05059043926491748,-0.029562788055033172,-0.002746912485975237,4.057282671325695e-06,-4.62663925096288e-06,0.0049441995018913755
24.626,-2.4023305345297037,1.3268901796014883,2.853985921195382,0.2799017991664914,-0.4238593349895787,1.2932668813172115,882,1,0.050579474596357255,-0.029536408480332007,-0.0027479289099020996,3.659926226003315e-06,-4.555483240675743e-06,0.004948240504142539
24.651,-2.394633631633031,1.3151011417031735,2.889172070602849,0.33287294843344145,-0.5205261467443142,1.523657185550913,883,1,0.05055930111916967,-0.029533228134089953,-0.002748937599452451,3.4292113474515667e-06,-4.508851109639057e-06,0.004950759574676556
24.676,-2.3856868871080326,1.300863872264274,2.9301687804729233,0.39285883740908795,-0.6128298731997008,1.7558270780890446,884,1,0.05051638886263205,-0.029582537637149645,-0.002749890561850073,3.378291670937837e-06,-4.635657321369693e-06,0.004953348847264322
24.701,-2.3749906897625763,1.284459648043188,2.9769634245073027,0.45236007557796465,-0.6993370147451106,1.9862665080249704,885,1,0.0505531744375254,-0.029592785912979317,-0.0027504847810279585,3.0817066916694426e-06,-4.5084577469051216e-06,0.004955746201605183
24.726,-2.363068883329134,1.265897021527018,3.029482105874173,0.5061410469002164,-0.7806022370268972,2.2135142473561715,886,1,0.05055321622523402,-0.02961365596450136,-0.0027510575502720726,3.0328216336093085e-06,-4.422287395906802e-06,0.004961020682217835
24.751,-2.349683637417565,1.2454295361918426,3.087639136875113,0.5655312076359396,-0.8597607187574996,2.434006148674915,887,1,0.05056698752166987,-0.02958639190704235,-0.002751820667567842,3.209174573113839e-06,-4.182463587768637e-06,0.004964951419357058
24.776,-2.3347923229473366,1.2229089855891424,-3.1320028938716655,0.6214418981822865,-0.9394773779624234,2.643585471714073,888,1,0.050624598572659926,-0.029554904373163122,-0.002752519870348367,3.305366428566263e-06,-4.132594362066551e-06,0.0049701079177860855
24.801,-2.3186115425084526,1.198455667293724,-3.0633668967187773,0.6650286174732484,-1.0181346270034763,2.840092044586337,889,1,0.05067297011671744,-0.02951834244308524,-0.002753125331461974,3.4628600330992753e-06,-4.144233445062194e-06,0.004976159773210553
24.826,-2.3015408920736737,1.1720022542389679,-2.9899982916423467,0.7131121314791488,-1.0980510347759842,3.0234054108332145,890,1,0.05063680430006547,-0.02951703396253138,-0.0027536254028497098,3.6173828824037135e-06,-4.396534519279828e-06,0.004986478899465934
24.851,-2.2829559359344946,1.1435531155549241,-2.9121966261771144,0.763732880767545,-1.1760712999772738,3.1910098152925217,891,1,0.05067689329954798,-0.029525850295474103,-0.0027540627538906104,3.5377455859330226e-06,-4.390113332149645e-06,0.004993828376671803
24.876,-2.263354248035296,1.1131986892401033,-2.8304478008777183,0.8073604342075377,-1.2518581806666251,3.34023924604162,892,1,0.050672777139864386,-0.029552386701319006,-0.0027544656458364557,3.5688248095180455e-06,-4.640455021566323e-06,0.005002110485522999
24.901,-2.242587914224117,1.080960206521592,-2.745184663875031,0.8526627543346562,-1.3216374097509216,3.469590996489204,893,1,0.05067106146503799,-0.029593502607137882,-0.0027547420244884878,3.53001542769352e-06,-4.747414779426846e-06,0.005009701816459946
24.926,-2.2207211103185656,1.047116818752561,-2.656968251053268,0.9001926749765282,-1.3912013063086783,3.5778204322346,894,1,0.05066064054185718,-0.029597563635141638,-0.002754944335075993,3.3783925647201223e-06,-5.154824280085826e-06,0.005018883240881228
24.951,-2.19757828047529,1.011400141206157,-2.5662936422632985,0.9460043176724441,-1.4555473747342311,3.664118451576616,895,1,0.050690592179202465,-0.02963480108607515,-0.002755952556904264,3.2954275858055544e-06,-5.449711897393722e-06,0.005026815772450746
24.976,-2.1734208944349427,0.9743394500158484,-2.4737623284744346,0.9918499037490706,-1.5127142308704873,3.7269192455625793,896,1,0.05070889270371066,-0.029601536844583172,-0.002757744798036748,3.0223487503846913e-06,-5.777027734532299e-06,0.0050357369038476
25.001,-2.147985785287836,0.9357644296626316,-2.379947679985167,1.033847809865612,-1.5781602835299744,3.7665416074643594,897,1,0.0507800834332074,-0.0295603286047535,-0.0027598134479557405,2.6669836337621707e-06,-5.988322287071449e-06,0.005045322369193333
25.026,-2.1217285039416613,0.8954314358393486,-2.285435248101214,1.0704055474375616,-1.6377378384547245,3.7813837142227076,898,1,0.050791692832339606,-0.029554304503900872,-0.0027618714701102276,2.5751293269291896e-06,-6.204930085328352e-06,0.005053910459276682
25.051,-2.094465507915961,0.8538775377399,-2.1908784942740422,1.106066923516977,-1.6929681470735263,3.7725836577432132,899,1,0.050825339382406055,-0.029486125378970145,-0.002763859200201567,2.3011277873223646e-06,-6.464658733577377e-06,0.0050662210450209575
25.076,-2.0664251577658117,0.8107830284856711,-2.0968060652140506,1.1175976672727135,-1.7204261680850341,3.7409183083868314,900,1,0.050832610227109144,-0.029500550516519453,-0.0027658043754100643,2.3743768183672172e-06,-6.6353620381080015e-06,0.0050758876955610795
25.101,-2.0385856245523244,0.7678562293356471,-2.003832578854698,1.1037026353020638,-1.7031486502457385,3.684918041099384,901,1,0.05082248893599926,-0.029495322177177975,-0.0027673636395416762,2.4309589294713515e-06,-6.921845270041945e-06,0.005084574797714099
25.126,-2.0112400260007077,0.7256255959733829,-1.9125601631590787,1.0617369951038018,-1.6574231965899675,3.6057102969462673,902,1,0.050812016512818414,-0.029533467361373036,-0.002768588058582457,2.520449649007948e-06,-6.988709402164193e-06,0.00509309011018616
25.151,-1.9854987747971335,0.6849850695061476,-1.823547064007382,1.0232586403078163,-1.5963207680568468,3.504081876816722,903,1,0.050717388016107534,-0.029442069639453932,-0.0027695099246168066,2.560820309369242e-06,-7.415204625435273e-06,0.005101571491598792
25.176,-1.9600770939853198,0.6458095575705451,-1.7373560693182526,0.9923282464545916,-1.5285838731087824,3.3810106063494736,904,1,0.05073400875251924,-0.029458866129928936,-0.00277048426960946,2.768953872707913e-06,-7.492543579553526e-06,0.005109955445806
25.201,-1.9358823624744033,0.6085558758507074,-1.654496533689906,0.9454383796946252,-1.4597903403362682,3.237288302279218,905,1,0.0507594015732961,-0.029425555352766603,-0.002771181877860341,2.781821987430438e-06,-7.510092983072103e-06,0.005117778905211127
25.226,-1.9128051750005879,0.5728200405537307,-1.5754916542042892,0.9037955672148716,-1.3900924690832863,3.075022943325659,906,1,0.050760639541324176,-0.02940515309069516,-0.0027717231947861527,2.7026514115453715e-06,-7.473111840442073e-06,0.005126283223388479
25.251,-1.890692584113659,0.5390512523965421,-1.5007453865236207,0.8463021336313195,-1.2995694345452218,2.8964837667251806,907,1,0.05080278394025742,-0.02941199394671674,-0.002772133885471303,2.709355893432295e-06,-7.382099593997904e-06,0.0051340930357874695
25.276,-1.8704900683190213,0.5078415688264687,-1.430667465868028,0.7752036316052854,-1.1949258702384304,2.7024356686723143,908,1,0.05081905852874312,-0.029355567502719913,-0.0027725556819493155,2.6728635289485296e-06,-7.375207930065541e-06,0.005142257529557406
25.301,-1.851932402533397,0.47930495888462393,-1.3656236030900126,0.699085196417898,-1.087781614710669,2.4959327363865746,909,1,0.05082611463946804,-0.02935863257696696,-0.002773189475756647,2.9077408994879447e-06,-7.162729971566247e-06,0.005150067465063471
25.326,-1.835535808498126,0.45345248809093447,-1.3058708290486978,0.6224551025455627,-0.9617797257998847,2.2789706724896894,910,1,0.05076181764647699,-0.02934377451172685,-0.0027739983691331942,3.2806442007689524e-06,-6.914932079221634e-06,0.005154463695829984
25.351,-1.8208096474061184,0.431215972594629,-1.2516750694655265,0.5401496116247507,-0.8320919532115104,2.0543842239068217,911,1,0.050805240130013814,-0.029386327709108484,-0.002774939608406841,3.5393130179462487e-06,-6.564822472870436e-06,0.005161389079349556
25.376,-1.808528327916888,0.41184789043035835,-1.2031516178533552,0.4454273159452907,-0.7090428348377286,1.824732962489693,912,1,0.05079031338639254,-0.02933066239531571,-0.002776340435440648,3.6744946802814656e-06,-6.573849840234756e-06,0.005164262258500714
25.401,-1.7985382816088535,0.3957638308527421,-1.1604384213410408,0.3748159148631549,-0.5850417567584099,1.5914579641250108,913,1,0.05082392401564063,-0.02919950229966611,-0.002777951602130607,3.622277427203627e-06,-6.807051687042603e-06,0.005167170734646121
25.426,-1.7897875321737313,0.3825958025924395,-1.123578719647109,0.31535754693149615,-0.47495888129446706,1.3598846749939837,914,1,0.05086426298572454,-0.029242613094460454,-0.0027797348222921904,3.911325496079067e-06,-6.605189330414946e-06,0.00517290758819917
25.451,-1.7827704042622785,0.3720158867880184,-1.0924441875913409,0.24473463177042562,-0.3738733700957888,1.1347256585301773,915,1,0.050876752346352506,-0.029281013370726736,-0.002781725997719063,4.216445681420779e-06,-6.408703351818841e-06,0.005178139667276832
25.476,-1.7775508005852099,0.3639021340876498,-1.0668424367205993,0.18046409688443366,-0.27925264066999295,0.9185346721591128,916,1,0.05085773181119978,-0.029284352037785098,-0.002783592439230427,4.524755157184768e-06,-6.256790756517644e-06,0.00518097955606439
25.501,-1.7737471994180567,0.35805325475451855,-1.0465174539833848,0.11356475933804794,-0.176992343032398,0.7141126132783159,917,1,0.05079905998090318,-0.029315990579278365,-0.0027850886109470037,4.730555111348407e-06,-6.237310783423751e-06,0.005182303143659048
25.526,-1.7718725626183074,0.3550525169360298,-1.031136806056683,0.05755717505732666,-0.07991989770420492,0.5256973507595518,918,1,0.05086254507761101,-0.029276711912273774,-0.0027861790376840076,4.336187571689521e-06,-6.222125769976527e-06,0.005184452883431279
25.551,-1.7708693406651905,0.3540572598693085,-1.0202325864454087,0.0015350522415013893,-0.00040863550766045395,0.3600044194449963,919,1,0.05083124443196198,-0.02936488443839533,-0.0027871225970125383,4.529361294591628e-06,-6.085699655683382e-06,0.005187699871507782
25.576,-1.7717958100062323,0.35503208516064677,-1.013136585084433,-0.048047207132668066,0.06762129707655455,0.22026910846741152,920,1,0.0508468100338068,-0.029295328897356733,-0.002788116617461603,4.180532313042099e-06,-6.190726710983512e-06,0.005187291104630087
25.601,-1.773271701021824,0.3574383247231363,-1.009219131022038,-0.07973078153187593,0.12186678842454661,0.11158685465540172,921,1,0.050824839958242066,-0.029321671625040447,-0.0027886751236878586,3.998672968581017e-06,-6.247419021290614e-06,0.005188919728817746
25.626,-1.7757823490828262,0.3611254245818742,-1.007557242351663,-0.11323129589498498,0.16645543652423975,0.039252757082070544,922,1,0.050816201925071296,-0.029302766085863914,-0.002788768815977853,3.7749430751168763e-06,-6.262953595047724e-06,0.005187511501075014
25.651,-1.7789332658165733,0.3657610965493484,-1.0072564931679342,-0.12017672327103285,0.19064262567074025,0.00502813836211786,923,1,0.0508405786382242,-0.029277601250421025,-0.0027879690595900976,3.4836955466381346e-06,-6.32128761786704e-06,0.0051876070248249905
25.676,-1.7817911852463775,0.37065755586541066,-1.0073058354335573,-0.1224401972563554,0.19333971089506244,-0.0014649803343402615,924,1,0.050786980781954386,-0.02935434379364503,-0.002786430791786851,3.7209960476921947e-06,-6.645087695739922e-06,0.005188810804750735
25.701,-1.7850552756793912,0.37542808209410167,-1.0073297421846512,-0.11849757263236614,0.18189397668761895,-0.0008557345557491536,925,1,0.05079063410299245,-0.029319463382780863,-0.0027848190795803844,3.515796858427753e-06,-6.965801479629246e-06,0.005187754685607682
25.726,-1.7877160638779959,0.37975225469979174,-1.0073486221613448,-0.10562856014687166,0.1611974764647283,-0.0008300628273793957,926,1,0.05076366879025892,-0.029352457602697606,-0.002783212278917512,3.318548318074128e-06,-7.33420778038654e-06,0.0051877308087659585
25.751,-1.7903367036867348,0.3834879559173382,-1.00737124532602,-0.09552527796243246,0.13524549047595288,-0.0009291833991475907,927,1,0.05079053640753992,-0.029311109513110035,-0.002781970895160213,2.9578097818686235e-06,-7.576645647080023e-06,0.0051874490324445586
25.776,-1.7924923277761176,0.3865145292235895,-1.0073950813313024,-0.0675456188200035,0.10573085159939312,-0.0009357431961199402,928,1,0.05081554179313418,-0.02927805261961113,-0.0027808671771359567,2.967569600994907e-06,-7.750481810763387e-06,0.00518717672971015
25.801,-1.7937139846277348,0.38877449849730755,-1.007418032485826,-0.0457070361526173,0.07948825522609003,-0.0010385248243060937,929,1,0.0507639147628317,-0.02933760633462876,-0.002779998988248781,3.2281556329021213e-06,-8.060948360844622e-06,0.0051868612655717366
25.826,-1.7947776795837485,0.39048894198489403,-1.0074470075725175,-0.03522322873588063,0.055403280800170644,-0.0008280422012862824,930,1,0.050751692742899826,-0.029350134583598034,-0.002779187438520557,3.237529158285043e-06,-8.134974477390808e-06,0.005187168952593944
25.851,-1.7954751460645288,0.3915446625373161,-1.0074594345958903,-0.021362049485111587,0.03938606819447631,-0.0008361793429045741,931,1,0.050708772786212025,-0.029349852746199095,-0.0027784530576108373,3.1339303384231195e-06,-8.276638229508836e-06,0.005186222654432746
25.876,-1.795845782058004,0.3924582453946179,-1.0074888165396625,-0.017108132551335344,0.028305785414775728,-0.0011865897699969538,932,1,0.0506965750259372,-0.02939438326232025,-0.00277785380061459,3.2662483631097013e-06,-8.306494281625588e-06,0.005186086052071273
25.901,-1.7963305526920956,0.39295995180805493,-1.0075187640843903,-0.01265959679009737,0.017948525673392356,-0.0012919065163875156,933,1,0.05068839639267005,-0.029359078281430518,-0.0027771906479639513,2.9667017096067162e-06,-8.333109599892905e-06,0.005185297516859706
25.926,-1.7964787618975089,0.39335567167828744,-1.0075534118654819,-0.0079205191645747,0.010410183499938016,-0.0009061980948388153,934,1,0.05066682470273331,-0.029381863902636137,-0.0027764869676632246,2.8194236273106514e-06,-8.267287060838749e-06,0.005185389338197544
25.951,-1.7967265786503244,0.39348046098305184,-1.007564073989132,-0.008152560273675275,0.004233795655035284,-0.0005603819535515618,935,1,0.05064020360727,-0.02935028086060771,-0.0027757680520131165,2.5657612362699507e-06,-8.416800818987018e-06,0.005184288512306614
25.976,-1.7968863899111926,0.3935673614610392,-1.0075814309631592,-0.003228942718278514,0.003773071656093476,-0.00046004110405561304,936,1,0.05062277966967279,-0.02933838507468467,-0.002775460527039541,2.2200871228101394e-06,-8.537093459313437e-06,0.005183022253757922
26.001,-1.7968880257862383,0.3936691145658565,-1.0075870760443346,0.001392610526065299,0.0024289995356085656,-0.0004113457802201678,937,1,0.05060895100637011,-0.02936235522870508,-0.0027753624478449386,2.0468146335866555e-06,-8.658865504169792e-06,0.005182153297424783
26.026,-1.7968167593848894,0.39368881143781964,-1.0076019982521702,0.0012638115987018857,0.0025462255872867106,-0.0003113167435486907,938,1,0.050586595165846654,-0.02938704590176475,-0.002776164533061047,1.815398683128645e-06,-8.735335415769807e-06,0.005180717925716855
26.051,-1.7968248352063032,0.39379642584522084,-1.0076026418815118,0.0004729354611931957,-0.0014646143339003062,-4.9458211082153275e-05,939,1,0.050598009676901444,-0.02940495508072061,-0.0027776620262535525,1.5648461301411353e-06,-8.67892238814776e-06,0.005179122359218703
26.076,-1.7967931126118297,0.3936155807211246,-1.0076044711627243,-0.0030355983759555298,-0.005420297377671724,-0.0005610341756856405,940,1,0.05055982400472812,-0.02939187321947339,-0.0027796748991236425,1.2345147016297746e-06,-8.952963765555204e-06,0.005177309030799483
26.101,-1.796976615125101,0.39352541097633725,-1.0076306935902963,-0.006109363219661736,-0.00575751590590415,-0.0005059130298334864,941,1,0.05056830826480132,-0.029351325208989254,-0.00278201532828827,9.546139323765096e-07,-9.1422081451568e-06,0.005176422493545601
26.126,-1.7970985807728128,0.3933277049258294,-1.007629766814216,-0.007121934093885405,-0.0009887163282839976,-0.000481092661388509,942,1,0.05055297730263728,-0.02931809367364196,-0.0027845546868314522,6.254088015717723e-07,-9.269429306288873e-06,0.005174217747604768
26.151,-1.7973327118297953,0.39347597515992305,-1.0076547482233655,-0.01161690709348639,0.0033776789135299945,-0.0008406498827362919,943,1,0.05061069798669057,-0.02931178573265368,-0.0027870339127790194,6.352104221769406e-07,-9.250880993878955e-06,0.005173168104796677
26.176,-1.797679426127487,0.3934965888715059,-1.0076717993083526,-0.011157075154675076,0.00047467737886996314,-0.0003959721218826872,944,1,0.05065140140517797,-0.02927127498301283,-0.0027893691938876766,7.691486359709815e-07,-9.361251502029173e-06,0.005172055493616159
26.201,-1.797890565587529,0.39349970902886655,-1.0076745468294597,-0.0035885150751413008,-0.0007452785281714008,-4.774327374334962e-05,945,1,0.050669631681410254,-0.0292628383906009,-0.0027912982396179884,1.117651461061529e-06,-9.663286702797271e-06,0.005170087059227154
26.226,-1.7978588518812442,0.39345932494509733,-1.0076741864720398,0.0009182472069024653,-0.0003050990413766509,7.309391971688124e-06,946,1,0.050652682962965045,-0.029296472619285224,-0.0027926216398999194,1.5439802464577405e-06,-1.018562657098601e-05,0.005168469033588065
26.251,-1.797844653227184,0.3934844540767977,-1.0076741813598609,-0.001414461391124868,-0.0001637490685579811,0.00039633073709132707,947,1,0.0506516783785901,-0.029327980820972384,-0.0027935320584655775,1.863452133444584e-06,-1.0401386878630282e-05,0.005166403250789307
26.276,-1.7979295749508004,0.39345113749166943,-1.0076543699351852,-0.001323342939767511,-0.0016982474495986632,9.113752103218593e-05,948,1,0.050652712531346546,-0.029326403436347504,-0.00279414710074786,1.8732297502001893e-06,-1.0609167903817228e-05,0.005164034499699775
26.301,-1.7979108203741723,0.3933995417043178,-1.0076696244838095,0.0014949530592600411,-0.004211496709883795,-0.0003403218016728667,949,1,0.05064146980456827,-0.029339467710446213,-0.0027944724347384155,1.8453242600617098e-06,-1.0841254341456047e-05,0.005162402864238477
26.326,-1.7978548272978374,0.39324056265617524,-1.007671386025269,-0.0017103423423625343,-0.0015355624606638643,-0.0003364130993155309,950,1,0.050610690844816196,-0.02934256206176995,-0.002794334447482494,1.6601059058995836e-06,-1.104601967090642e-05,0.00515987607584057
26.351,-1.7979963374912904,0.3933227635812846,-1.0076864451387753,-0.004159352915387101,-0.002348273976241455,-9.769831603278906e-05,951,1,0.05064486184085512,-0.02933392640964593,-0.0027937357361643013,1.1807524111323358e-06,-1.0826931125927109e-05,0.005158770226433271
26.376,-1.7980627949436068,0.39312314895736317,-1.0076762709410705,-0.005645321726808126,-0.0011576357192643995,0.001988773179268904,952,1,0.05061839200600816,-0.029305659084796595,-0.002792717941340437,7.383273612492719e-07,-1.056618579771719e-05,0.005156226908276267
26.401,-1.7982786035776308,0.3932648817953214,-1.0075870064798118,-0.002874695900865362,0.007417638736321596,0.012414030794519344,953,1,0.05066851129363316,-0.029290766355479475,-0.002791696168856588,4.3252602576226205e-07,-1.025593319965941e-05,0.005155178927214337
26.426,-1.79820652973865,0.3934940308941792,-1.0070555694013446,0.0128063998719206,0.008436956913845264,0.0366153907592354,954,1,0.05070525124190584,-0.02932205444524102,-0.0027908268475228823,4.1181657612659777e-07,-9.955318653629732e-06,0.005153962709235418
26.451,-1.7976382835840348,0.39368672964101364,-1.00575623694185,0.027453752375432183,0.007601160323509218,0.07288768518722295,955,1,0.05071004204410804,-0.02936946844437787,-0.002790257410193939,5.564337966415219e-07,-9.58549698514372e-06,0.005152614584457006
26.476,-1.7968338421198784,0.3938740889103547,-1.0034111851419834,0.07064749533537984,0.003164481626615156,0.12016347220549946,956,1,0.05075412239035277,-0.02931161688571287,-0.0027900246191345283,4.914186589605017e-07,-9.252806847379057e-06,0.00515128423294636
26.501,-1.7941059088172657,0.3938449537223444,-0.999748063331575,0.13434802383802044,0.008261858739085796,0.17587119664467216,957,1,0.05066203451931465,-0.029368855400506624,-0.0027900946251327597,8.980969678913447e-07,-9.233585200443008e-06,0.005149231807151271
26.526,-1.7901164409279773,0.394287181847309,-0.9946176253097494,0.19739308328391447,0.021128113320795318,0.23890798488957835,958,1,0.05067325157357339,-0.02940129500196302,-0.002789996638744236,1.2613227363284904e-06,-8.808956468695621e-06,0.005148943855215409
26.551,-1.7842362546530706,0.3949013593883841,-0.9878026640870966,0.28279909403619063,0.027210032950903577,0.3093755604521276,959,1,0.05069644944374912,-0.02941421559912765,-0.0027898320227011416,1.6096002482887007e-06,-8.452068775148868e-06,0.0051484846384568265
26.576,-1.7759764862261675,0.3956476834948542,-0.9791488472871429,0.37770972251771523,0.0365428702962373,0.3845921110560314,960,1,0.05070584105464358,-0.029423932209015485,-0.002789587257666322,2.013809591660189e-06,-8.177477436696623e-06,0.005147970512931275
26.601,-1.7653507685271845,0.396728502903196,-0.9685730585342945,0.48389544624697334,0.042614200787857666,0.46305734471512544,961,1,0.050759945607994794,-0.02940603354552042,-0.002789159734636269,2.1433970078834748e-06,-7.889742497852963e-06,0.005148525429339317
26.626,-1.7517817139138185,0.3977783935342471,-0.9559959800513862,0.5997935201371488,0.04832493550685977,0.5443423402072167,962,1,0.05074540923960171,-0.02939882694513502,-0.0027887823889526965,2.31764263531587e-06,-7.77463202027876e-06,0.005148963572946485
26.651,-1.7353610925203267,0.399144749678539,-0.9413559415239334,0.7086822164398269,0.06115144164821521,0.6272136962974973,963,1,0.05073349557166793,-0.029437891125837345,-0.002788457896658678,2.412081196377322e-06,-7.821126642865835e-06,0.00514922290187791
26.676,-1.7163476030918292,0.4008359656166577,-0.9246352952365131,0.8114828278067661,0.0655118443159743,0.7107435181552445,964,1,0.050745914443595365,-0.029481333551274934,-0.002787980851388137,2.6879127571912703e-06,-7.90211171965706e-06,0.005150337720261047
26.701,-1.6947869511299878,0.4024203418943378,-0.9058187656161706,0.9126931352389137,0.06628744670556536,0.7932490562872261,965,1,0.05070756344378828,-0.029480054810873953,-0.002787533312857907,2.677026587239531e-06,-8.131983387035391e-06,0.005151503541326161
26.726,-1.6707129463298829,0.404150337951936,-0.8849728424221515,1.0098170598349288,0.07410823306399644,0.874087216212299,966,1,0.05066555676851199,-0.029478555290419827,-0.002787079855977476,2.548440675274983e-06,-8.53777349198288e-06,0.005153143571572714
26.751,-1.6442960981382406,0.40612575354753766,-0.8621144048055549,1.1015980117423816,0.07745529483485393,0.9527550072508137,967,1,0.050648282941840164,-0.029469102171143405,-0.0027865189058735138,2.550910065616709e-06,-8.774185995668046e-06,0.005154129521605832
26.776,-1.615633045742763,0.40802310269367875,-0.83733509205961,1.1919941013853574,0.08289044293845832,1.028113368324673,968,1,0.05060521730633086,-0.029405038870089214,-0.002785669957511315,2.5047213632430273e-06,-9.02944731246158e-06,0.005155626132739524
26.801,-1.5846963930689761,0.41027027569446034,-0.8107087363893243,1.2893461313707404,0.09911458796103971,1.099463852771001,969,1,0.05059867514049749,-0.0293647910176131,-0.002784726706139129,2.467709774328481e-06,-9.250774634043535e-06,0.005157034331416243
26.826,-1.551165739174225,0.4129788320917308,-0.7823618994210592,1.3792800296047618,0.10757503159564322,1.166468922525371,970,1,0.050597308173159314,-0.02942928153094596,-0.0027839626845056406,2.756935940217012e-06,-9.442754667847515e-06,0.0051588160789090365
26.851,-1.515732391588737,0.4156490272742426,-0.7523852902630548,1.4627165925064713,0.11489857067765677,1.2280456940404518,971,1,0.05059605458907142,-0.029404253810217964,-0.0027835073585271907,2.780692095474067e-06,-9.746473201222606e-06,0.005159397284575775
26.876,-1.4780299095489005,0.41872376062561373,-0.7209596147190357,1.545252733415006,0.12248611214276943,1.2833091834830852,972,1,0.050616389971642646,-0.029437523263513,-0.0027834612739949674,2.96193079777906e-06,-1.0055272665973746e-05,0.005161222950806161
26.901,-1.4384697549179857,0.42177333288138114,-0.6882198310888996,1.6242063117668595,0.12711737686980473,1.3326786837942663,973,1,0.05063436764867898,-0.029398913663571655,-0.002783679413317624,2.8573335579474604e-06,-1.0303784785937271e-05,0.005162201628481297
26.926,-1.396819593960562,0.4250796294691036,-0.6543256805293262,1.7063348136853553,0.13504893538223625,1.374845859461507,974,1,0.05065779064227124,-0.029390501496358523,-0.0027841643024879774,2.9595439968677545e-06,-1.0701804481590671e-05,0.0051639018459107245
26.951,-1.3531530142337167,0.42852577965049304,-0.6194775381158234,1.78178931989479,0.1446750401004417,1.4097068998622908,975,1,0.050670912897034695,-0.029386464803737453,-0.002784621259822545,3.1030056066402603e-06,-1.0955110331713667e-05,0.005165994613976787
26.976,-1.3077301279658213,0.4323133814741258,-0.5838403355362104,1.8617335613284383,0.14616125128502758,1.4379559035825435,976,1,0.05073354869701975,-0.029383667003113394,-0.002784910652885312,3.016944703762872e-06,-1.095505629905636e-05,0.005168879716683641
27.001,-1.2600663361672935,0.4358338422147445,-0.5475797429366951,1.9383412104763478,0.14999890947854486,1.4584633701359422,977,1,0.050679200532998,-0.029371874659587887,-0.002785499685751944,2.987611968997014e-06,-1.1482868050566214e-05,0.005172102971099257
27.026,-1.2108130674420026,0.43981332694805314,-0.5109171670294123,2.011802133268378,0.15921216692819445,1.4709176426512054,978,1,0.050712036475876736,-0.02937298259674257,-0.0027862184688192374,3.0023257199381265e-06,-1.1797951006888384e-05,0.005174886735411717
27.051,-1.1594762295038803,0.4437944505611538,-0.4740338608041389,2.0871353854752797,0.16483529247071071,1.475422012474509,979,1,0.05067768481492632,-0.029392781508072455,-0.0027872578598229667,3.187417410437028e-06,-1.2174599295110168e-05,0.005177458741647411
27.076,-1.106456298168237,0.4480550915715888,-0.4371460664056856,2.1559265181277047,0.1739352521668733,1.4719062905754368,980,1,0.0506759176513371,-0.02942174440105031,-0.0027883252272992184,3.4686470784836236e-06,-1.2345823920547625e-05,0.00517972340124641
27.101,-1.0516799035974935,0.4524912131694976,-0.40043854627536585,2.2205649622504327,0.1832886666320795,1.4606183454622161,981,1,0.050669351856246284,-0.029460034316458928,-0.002789099036853097,3.6622477040736234e-06,-1.2394984213291851e-05,0.005182638989900805
27.126,-0.9954280500557139,0.4572195249031929,-0.364115149132574,2.2576670040765636,0.18376028708929032,1.441602789745617,982,1,0.05068267560247076,-0.029522174142381022,-0.0027895306798451825,3.823607899654507e-06,-1.25826776370164e-05,0.005185800768757739
27.151,-0.9387965533936637,0.46167922752396223,-0.32835840678808387,2.2511439104529343,0.17711663817187037,1.414904645027573,983,1,0.050671318020434654,-0.029510363557369263,-0.002789582490792732,3.738036953460536e-06,-1.2954136885389488e-05,0.005188002928778721
27.176,-0.8828708545330736,0.4660753568117859,-0.2933699168811992,2.1855667124355294,0.17175175521297192,1.3804842033457447,984,1,0.05065039097710316,-0.0295073687213378,-0.002789465565650896,3.6044869996871033e-06,-1.3205533834645366e-05,0.005190347047944665
27.201,-0.8295182177718857,0.47026681528461095,-0.2593341966207956,2.0764592522918153,0.16244290004022047,1.3388474504323864,985,1,0.050676750586684846,-0.029473709054252013,-0.002789167858831952,3.2568856702645106e-06,-1.3373555405210818e-05,0.005193296194839425
27.226,-0.7790478919184813,0.47419750181379705,-0.22642754435957882,1.9450704795222653,0.15178463465841957,1.290804727545413,986,1,0.05069437131888858,-0.029443126250547097,-0.0027889695400052507,2.843331427325891e-06,-1.3346549260748336e-05,0.005196735864941007
27.251,-0.7322646937957711,0.47785604701753204,-0.19479396024352416,1.7999804277254061,0.14119282811594047,1.2363831074117473,987,1,0.05073567780998049,-0.02940497435698089,-0.0027892452135383707,2.4711110733226067e-06,-1.3104520993062445e-05,0.005199392402423824
27.276,-0.6890488705322098,0.4812571432195942,-0.16460838898899058,1.6692285325137484,0.1323876077659045,1.1758085561428413,988,1,0.0507922421248628,-0.029366807784721036,-0.0027898971572081536,2.0682334853039618e-06,-1.2612241553747066e-05,0.0052021027510630044
27.301,-0.6488032671700884,0.4844754274058269,-0.13600353243638555,1.5508664829923438,0.12335842724484339,1.1101628906839809,989,1,0.05083882772165769,-0.029348546500345095,-0.0027908988509387756,1.9295775851869e-06,-1.2325215521883609e-05,0.00520433980326141
27.326,-0.6115055463825915,0.48742506458183643,-0.10910024445479087,1.4283554476276092,0.11360869035428495,1.0397316739690183,990,1,0.050863309848559274,-0.029333727246520214,-0.0027922291135514896,1.871851579693269e-06,-1.2127902917840107e-05,0.005206335041549236
27.351,-0.5773854947887069,0.4901558619235412,-0.08401694873793372,1.302693369470073,0.10552671556218268,0.9653281897013639,991,1,0.05089983888203538,-0.029322860311065256,-0.0027939731300523586,1.8849284634589385e-06,-1.2106641149068311e-05,0.005208162515183315
27.376,-0.5463708779090869,0.49270140035994564,-0.06083383496972221,1.1750113521414296,0.09451703432650203,0.8869393162074741,992,1,0.05090961700369045,-0.029337185541368316,-0.0027960544850158045,1.7871547670015922e-06,-1.2101837166418682e-05,0.005209740058470597
27.401,-0.5186349271816346,0.4948817136398664,-0.03966998292755953,1.0514267505420336,0.08117697007812415,0.8063970139818114,993,1,0.0509265936303806,-0.02932458236721532,-0.002798442860197919,1.6289680593366146e-06,-1.2120198836374173e-05,0.005211970373250549
27.426,-0.4937995403819882,0.4967602488638516,-0.020513984270633872,0.9293684008347382,0.0697213793114161,0.7242351418789535,994,1,0.05089995936825084,-0.02931284427366916,-0.002801020760644496,1.5454278528388528e-06,-1.2037793518660884e-05,0.0052120959309937915
27.451,-0.47216650713989705,0.49836778260543724,-0.00345822583361133,0.805496216543646,0.06298607371602283,0.6405407256414806,995,1,0.0509034664461225,-0.02929285161541297,-0.0028031334170420786,1.3596153913198982e-06,-1.2178028381188373e-05,0.005213087726251944
27.476,-0.45352472955480533,0.4999095525496528,0.011513052011440695,0.6919087193967933,0.056060155496865695,0.5581682995303626,996,1,0.050893789717036945,-0.029315615924449773,-0.0028048939158928825,1.4408195618264123e-06,-1.2365710064291176e-05,0.005214202818049213
27.501,-0.4375710711700569,0.5011707903802806,0.024450189142907364,0.5668658302579507,0.04493469448465562,0.4771967214309857,997,1,0.05079758005755444,-0.029338246097702254,-0.0028067011036526056,1.2984008905854325e-06,-1.2606658265767828e-05,0.005213094389377723
27.526,-0.4251814380419074,0.5021562872738856,0.03537288808299051,0.43283209512329684,0.03687964807086207,0.3972138140088303,998,1,0.05080882043237831,-0.029340239107618068,-0.002809070187315769,9.229345113377097e-07,-1.2366383379678952e-05,0.005212787332035591
27.551,-0.4159294664138933,0.5030147727838236,0.0443108798433478,0.31352684782619766,0.024325790314844928,0.3207784696600634,999,1,0.05084876801085933,-0.02936027600929282,-0.0028114500361937794,7.254101160390406e-07,-1.2021629271466095e-05,0.005213718478497665
27.576,-0.4095050956505973,0.5033725767896279,0.05141181156599395,0.20100785008029634,0.015551456339748306,0.2501721054646975,1000,1,0.050844093107003024,-0.02932567634970287,-0.0028137955740208916,6.146000917538321e-07,-1.1909460478677504e-05,0.00521301756577365
27.601,-0.4058790739098783,0.503792345600811,0.05681948511658277,0.08903913472576448,0.013986928328950455,0.1854834180322458,1001,1,0.05080253478906073,-0.02935665639451351,-0.002816089218913485,7.069027615653049e-07,-1.208107879796463e-05,0.005211490904480943
27.626,-0.405053138914309,0.5040719232060754,0.06068598246760619,-0.006449699504327186,-0.0028190809633299053,0.12890402967607167,1002,1,0.050781156972811374,-0.02939788162306658,-0.0028182311964540015,8.260237206061065e-07,-1.208775726699771e-05,0.005210183214420691
27.651,-0.4062015588850947,0.5036513915526445,0.06326468660038623,-0.07246887447160145,-0.011096821218235596,0.08042167587062567,1003,1,0.05078292663021374,-0.02932493602765159,-0.002819716132238548,7.179777442301978e-07,-1.2007372658039217e-05,0.005205824281563662
27.676,-0.40867658263788886,0.5035170821451637,0.06470706626113747,-0.13200191753439816,-0.010793531489616662,0.04139363169240736,1004,1,0.0507443556857823,-0.029341844856774782,-0.002820403172757123,1.06785306803121e-06,-1.2002018882358093e-05,0.00520577092050657
27.701,-0.4128016547618147,0.5031117149781636,0.06533436818500678,-0.1801387350062652,-0.01776786746170186,0.015239676437728061,1005,1,0.05079488403269177,-0.029326532861595388,-0.002821026196210149,1.2489000323046948e-06,-1.1647454567265817e-05,0.005205111177699958
27.726,-0.41768351938820225,0.5026286887720786,0.06546905008302373,-0.2027862234412674,-0.021263389396455033,0.004014593579526547,1006,1,0.05077221933061798,-0.029313732651387977,-0.0028212643107754683,1.7292492417294852e-06,-1.1556830219008178e-05,0.005205033440027056
27.751,-0.4229409659338782,0.5020485455083409,0.0655350978639833,-0.21405503867909764,-0.017785024404130847,0.02217506639566626,1007,1,0.0507294990961492,-0.029291510362872288,-0.0028211077753943444,2.1126458217277343e-06,-1.1320133777811811e-05,0.005203476150044913
27.776,-0.4283862713221573,0.501739437551872,0.06657780340280704,-0.20058311165499085,-0.009971356317931014,0.0885556607538313,1008,1,0.05074469369412035,-0.029316600811253812,-0.0028207458995869847,2.731579114871358e-06,-1.1079010593490805e-05,0.0052036596461499055
27.801,-0.43297012151662717,0.5015499776924444,0.06996288090167457,-0.17123264786199166,0.009022912737397398,0.2025918679293397,1009,1,0.050707088956164346,-0.02929218869651782,-0.002819802588976995,3.1538443962148184e-06,-1.104777054229248e-05,0.005201657541553637
27.826,-0.436947903715257,0.5021905831887419,0.07670739679927409,-0.13090076775834772,0.05503442839378458,0.3536745910586386,1010,1,0.05073409775611925,-0.029282875841327088,-0.002818633542394356,3.6026526848585807e-06,-1.0796346451101482e-05,0.0052008883044123
27.851,-0.43951515990454465,0.5043016991121336,0.0876466104546068,-0.07840264117580098,0.12384185514067438,0.5349439061210961,1011,1,0.05070432447385603,-0.02928862246461608,-0.0028176636655553654,4.08621921019384e-06,-1.0510993465882255e-05,0.005202023841388693
27.876,-0.4408680357740471,0.5083826759457757,0.10345459210532906,-0.033288110117044106,0.20848085019895915,0.736979843874906,1012,1,0.050690282682599,-0.02930903934101491,-0.0028169136186166335,4.253051500051488e-06,-1.0427668915591939e-05,0.005202058376761921
27.901,-0.4411795654103969,0.5147257416220817,0.12449560264835265,0.012739703391697223,0.3065769640399948,0.9515410685118127,1013,1,0.050725087013086874,-0.029317524287835125,-0.0028161568206282427,4.448794192310657e-06,-1.0321161678651958e-05,0.005203633177442429
27.926,-0.44023105060446227,0.5237115241477746,0.1510316455309171,0.05873870835095524,0.41236517882262314,1.1729281693439575,1014,1,0.0507399319745732,-0.029331030664420093,-0.00281529206365246,4.7781872836957876e-06,-1.0081078305686105e-05,0.005207184093135574
27.951,-0.4382426299928491,0.5353440005632132,0.18314201111555117,0.10207209745111988,0.5172476442736678,1.3936877226764446,1015,1,0.05074771355304326,-0.029360088919252132,-0.0028143577446083255,4.937901006697285e-06,-9.906476465020416e-06,0.005208918913141973
27.976,-0.4351274457319062,0.5495739063614583,0.22071603166474033,0.1389075761751604,0.6185129299368276,1.6077962032931696,1016,1,0.050713735498478144,-0.029384289165494338,-0.0028136116914193213,5.113980080384615e-06,-1.0011108392532384e-05,0.005211232788611944
28.001,-0.43129725118409096,0.566269647060055,0.2635318212802109,0.16812481446364252,0.7163017229032662,1.81014343579582,1017,1,0.050713867826597904,-0.02939370187881121,-0.0028130239685217905,4.9993897446239685e-06,-9.905726760169387e-06,0.005214328817557879
28.026,-0.42672120500872396,0.5853889925066221,0.3112232034545328,0.20029808112107,0.8135035297757939,1.9952857207596055,1018,1,0.05072704273304292,-0.029391561539088087,-0.0028126566936384286,4.9007658896358735e-06,-9.82189586680138e-06,0.0052179180944953146
28.051,-0.421282347128038,0.6069448235488424,0.36329610731818546,0.2339901228726804,0.9121908622843303,2.160209137040519,1019,1,0.050718210854617835,-0.02938913578161482,-0.002812197362535185,4.834453047311204e-06,-9.735054214693696e-06,0.0052226877311831316
28.076,-0.41502169886508977,0.6309985356208393,0.41923366030656034,0.2613603747066536,1.0087772426673836,2.301432763519318,1020,1,0.0506891212626682,-0.02940966467073185,-0.002811356443765412,5.15849202848508e-06,-9.478593200402774e-06,0.005227209080329316
28.101,-0.40821432839270516,0.6573836856822123,0.4783677454941531,0.2881965996806538,1.0957786101547429,2.415141801730948,1021,1,0.05069513915077719,-0.02943634783946908,-0.002809645560957569,5.371843934296263e-06,-9.07108432084984e-06,0.005232268790808736
28.126,-0.4006118688810569,0.6857874661285772,0.5399907503931093,0.3121567707593764,1.1811588361454848,2.4998341584366734,1022,1,0.050687349998230234,-0.02940775155740906,-0.0028073072426607316,5.2942503257243804e-06,-8.869501349445702e-06,0.005237091129164614
28.151,-0.3926064898547361,0.7164416274894874,0.6033594534159887,0.3345595250992563,1.2663709100589258,2.5537997144459843,1023,1,0.05072572042916033,-0.029404612950783074,-0.002804608980330479,5.448701292481857e-06,-8.524615404871734e-06,0.005242568582320906
28.176,-0.383883892626095,0.7491060116315199,0.6676807361154014,0.36001700699389505,1.3510425154735648,2.5757723586828787,1024,1,0.050738145234096005,-0.029392404315801757,-0.0028017403716713942,5.536199702671274e-06,-8.257261745664875e-06,0.005248178523172506
28.201,-0.3746056395050411,0.7839937532631666,0.7321480713501344,0.38439805781987035,1.4316465961719111,2.5658896514449383,1025,1,0.05075095188826247,-0.02941417368111917,-0.002799118406819431,5.769941724000903e-06,-8.175503321410331e-06,0.00525432125576739
28.226,-0.3646639897351012,0.8206883414401165,0.7959752186876501,0.40301356973797203,1.4877459300546436,2.5239945442172824,1026,1,0.05075957978023665,-0.029390082928150676,-0.002796905470077422,5.876457485975891e-06,-8.308022342613683e-06,0.005260313230319074
28.251,-0.3544549610181422,0.8583810497658998,0.8583477985610002,0.4036246853005319,1.4877466442861487,2.4502611099434732,1027,1,0.050751244425411506,-0.02940105065642648,-0.0027949954160610235,6.087507748953992e-06,-8.40952839224417e-06,0.005266137872142395
28.276,-0.34448275547007434,0.895075673654425,0.9184882741848257,0.38333579140666557,1.439877358386383,2.3467858232784167,1028,1,0.050760960990668874,-0.0293834223552183,-0.0027931118460745967,6.216843580467345e-06,-8.338522279555547e-06,0.005271572917524201
28.301,-0.33528817144781004,0.9303749176852149,0.9756870897249145,0.3743360401344933,1.3660644087746128,2.215573255580385,1029,1,0.050808419623488206,-0.029438392516760913,-0.0027913419737785996,6.407924418879182e-06,-8.100569037817987e-06,0.0052754866267692635
28.326,-0.3257659534633494,0.9633788940931566,1.0292669369638463,0.35221541645675425,1.2686879939083882,2.059500664948783,1030,1,0.050749299808226254,-0.029329031620307307,-0.0027897068218217,6.139606893566598e-06,-8.40798566850587e-06,0.005279991568671897
28.351,-0.3176774006249721,0.9938093173806352,1.0786621229723552,0.309796274011972,1.146589908725763,1.8808664824272192,1031,1,0.05075291480536423,-0.02937262995652902,-0.0027879550973817003,6.4180691550809175e-06,-8.366830704910393e-06,0.00528358791863902
28.376,-0.3102761397627506,1.0207083895294455,1.1233102610852086,0.27498398511274724,1.0071548325069704,1.6843564245475422,1032,1,0.05074439780657314,-0.029345949832176782,-0.0027861172312183134,6.499315230551599e-06,-8.466555056933368e-06,0.0052876676975158144
28.401,-0.3039282013693345,1.0441670590059844,1.1628799441997335,0.22869544270814968,0.8676195027698168,1.474238318479321,1033,1,0.050741413564907634,-0.029345834264919535,-0.0027844097985828334,6.598386112412427e-06,-8.47512314449425e-06,0.005289323100539885
28.426,-0.29884136762734376,1.064089364667934,1.1970221770091705,0.19047840613957873,0.7276395467412952,1.2559387104415087,1034,1,0.05077866388609933,-0.02938651701394917,-0.0027831199633513524,6.592104477175105e-06,-8.383220671403541e-06,0.0052918398758645254
28.451,-0.29440428106235544,1.0805490363430497,1.22567687972181,0.1627097252483777,0.591432657419118,1.0344883037651118,1035,1,0.0507839786568941,-0.029368327336151582,-0.0027823023068710485,6.460128850770125e-06,-8.472610714931339e-06,0.005290982978746244
28.476,-0.29070588136492476,1.0936609975388902,1.248746592197427,0.12945991585371835,0.46228449184317244,0.8153868510571511,1036,1,0.050775472994728,-0.02932183280967951,-0.002781927069970241,6.1996188842909035e-06,-8.573182038758761e-06,0.005291583314101257
28.501,-0.28793128526966943,1.1036632609352086,1.2664462222746684,0.09403270027974009,0.3321230042759324,0.6077940897096659,1037,1,0.05075416204343189,-0.029306226934105013,-0.002781950697904989,6.127029147789309e-06,-8.59312291517352e-06,0.005292786408420981
28.526,-0.2860042463509377,1.110267147752687,1.279136296682911,0.05947316992878431,0.20352828983178298,0.41771297702299637,1038,1,0.05076931329044525,-0.029266916634143655,-0.002782269158558834,5.731401023585087e-06,-8.454382576742175e-06,0.005292791649489413
28.551,-0.2849576267732304,1.1138396754267972,1.287331871125817,0.02640981574547248,0.08455174683137713,0.2537540345331876,1039,1,0.050779962622678226,-0.02925088205777241,-0.002782808461367566,5.34649546635948e-06,-8.211916065796871e-06,0.00529424945700399
28.576,-0.28468375556366404,1.114494735094256,1.2918239984095707,-0.006351941135469462,-0.03627736749784953,0.12510433417124922,1040,1,0.05077164881365233,-0.029241739790968623,-0.002783580155695713,5.123525600579232e-06,-8.193628926682991e-06,0.005294161876050643
28.601,-0.28527522383000387,1.1120258070519047,1.2935870878343798,-0.039113764847807375,-0.1460730041768278,0.03946658757987664,1041,1,0.050813870441956184,-0.029231510014934462,-0.002784416166601246,5.1099784008961225e-06,-8.019357003084896e-06,0.005293219253850631
28.626,-0.28663944380605444,1.1071910848854145,1.2937973277885646,-0.06184117692206748,-0.22031856840559658,-0.00106279948454356,1042,1,0.05086895390185279,-0.02924913744110148,-0.0027853152533027416,5.270460703495693e-06,-7.910438307622473e-06,0.005295729206749614
28.651,-0.2883672826761073,1.1010098786316247,1.2935339478601529,-0.07302071179201201,-0.2658335815609876,-0.03624332126191938,1043,1,0.050867117502515845,-0.029273865133724295,-0.0027863417659238893,5.6321373646571056e-06,-7.73463334251705e-06,0.005294959453525201
28.676,-0.29029047939565483,1.0938994058073659,1.291985161725469,-0.07110410011361488,-0.28637275424644265,-0.10962689302402695,1044,1,0.050868816615806375,-0.029304666799254194,-0.002787678983590317,5.983077343272078e-06,-7.713350343687635e-06,0.005294624412120585
28.701,-0.2919224876817881,1.0866912409193024,1.2880526032089517,-0.04319232678493484,-0.28094938354887455,-0.22460391665783633,1045,1,0.0508199030368112,-0.02935110769833365,-0.0027895422952948614,6.48366488711799e-06,-7.76994703331308e-06,0.005293423685938007
28.726,-0.2924500957349016,1.079851936629922,1.280754965892577,0.011334565903843135,-0.25218776990740904,-0.37216846119792285,1046,1,0.050805270729100814,-0.029359503950453322,-0.0027916862955642274,6.7407452245824015e-06,-7.72289778106148e-06,0.005292329014527093
28.751,-0.2913557593865959,1.0740818524239317,1.2694441801490552,0.09507871804863875,-0.20395233739073304,-0.5447844682723357,1047,1,0.05079741421227702,-0.029394977959149186,-0.0027940817146642747,6.987843789145462e-06,-7.652253116726237e-06,0.0052884511646678995
28.776,-0.2876961598324696,1.0696543197603852,1.2535157424789598,0.19778909126967129,-0.15365125406300958,-0.736819289338981,1048,1,0.05077729734323382,-0.029394543144280305,-0.002796725114168646,7.103567583054389e-06,-7.538663233243904e-06,0.005284452808782277
28.801,-0.2814663048231129,1.0663992897207817,1.232603215682108,0.31035464387227046,-0.10862662850534234,-0.9405591113598932,1049,1,0.05077328189822651,-0.02942212886863832,-0.002799342198400696,7.195072247862306e-06,-7.494310393000988e-06,0.0052802498307765195
28.826,-0.27217842763885586,1.064222988335118,1.2064877869109645,0.42428246746390846,-0.07969414270102224,-1.1495915374444556,1050,1,0.050727622892824585,-0.029390955377617375,-0.002801608011299868,7.133674597912986e-06,-7.686643873659626e-06,0.005275310888114419
28.851,-0.2602521814499172,1.0624145825857305,1.1751236388098842,0.5318117606657743,-0.05879674256407702,-1.3588792041540272,1051,1,0.050744218271583,-0.02936694862505203,-0.0028033065765441637,6.904687216516069e-06,-7.784739045603385e-06,0.005268212009285185
28.876,-0.24558783960556677,1.061283151206914,1.1385438267032624,0.6353809359304073,-0.03862691263530616,-1.5640340652004125,1052,1,0.050721684197195194,-0.029352437333482032,-0.0028044689781272104,6.724880530722279e-06,-7.852981953642276e-06,0.005260743975692126
28.901,-0.22848313465339637,1.0604832369539652,1.0969219355498625,0.7393391617390975,-0.028412532759329263,-1.7602523576511178,1053,1,0.05071314356550152,-0.029383647540854367,-0.0028055152651131907,6.460681005299825e-06,-7.866261134445531e-06,0.005254365623060106
28.926,-0.208620881518614,1.0598625245689477,1.0505312088207115,0.8486191899744795,-0.01977719858243326,-1.9420395593320352,1054,1,0.050708277505129636,-0.029373101112146017,-0.0028065774415121972,6.300922648932491e-06,-7.843221786848651e-06,0.005248728393101142
28.951,-0.1860521751546718,1.0594943770248435,0.9998199575832593,0.9481472289935154,-0.015049272353921736,-2.1057611367082143,1055,1,0.0506836645972194,-0.029335425382530304,-0.0028079813436784804,6.092477941888387e-06,-7.904848030654418e-06,0.0052408059176927025
28.976,-0.16121352006893755,1.0591100609512516,0.9452431519852992,1.0382774234473249,-0.009730021711673448,-2.2494885350176155,1056,1,0.0507000579651521,-0.02933276776330803,-0.0028094849702520962,6.073541507838221e-06,-7.924337727599209e-06,0.005232462315165025
29.001,-0.1341383039823048,1.0590078759392598,0.8873455308323767,1.1355076286657253,-0.0024229077853732063,-2.3712746995554674,1057,1,0.05069934686548137,-0.029378310197317615,-0.0028110752091627025,6.305896096421923e-06,-7.971294067300183e-06,0.005224062046912093
29.026,-0.10443813863565048,1.058988915561983,0.826679417007524,1.2353436877406259,9.153504219483986e-05,-2.467637795031326,1058,1,0.0506854378896186,-0.029361773468786347,-0.0028127939640496726,6.33400978139824e-06,-8.002094474353032e-06,0.0052155067863170835
29.051,-0.07237111959527702,1.0590124526913696,0.7639636410808173,1.319135393664285,0.0018962327745386262,-2.5360688449564335,1059,1,0.05067507979963841,-0.029330658600171266,-0.00281421706519464,6.341507660639649e-06,-7.894960261946845e-06,0.005206546798543606
29.076,-0.0384813689524353,1.0590837272007099,0.6998759747597006,1.4034975885581331,0.004865239120115314,-2.57676168072006,1060,1,0.05070104088230723,-0.029380071308432527,-0.0028150661004311696,6.524305415974827e-06,-7.88346957458348e-06,0.005196547213649088
29.101,-0.0021962401673693756,1.0592557146473753,0.6351255570448122,1.4912829437485797,0.012369551873176834,-2.5887573417069007,1061,1,0.050698685493446784,-0.029377038287834747,-0.002815687555649591,6.508769440794344e-06,-7.644559089088971e-06,0.005186389355214763
29.126,0.036082778234994735,1.0597022047943687,0.5704381076743538,1.5666107106713736,0.008693704799553769,-2.572424397237735,1062,1,0.050674764350364034,-0.02941903210667433,-0.002815975979776573,6.632980687667321e-06,-7.471336716791958e-06,0.00517580211155706
29.151,0.07613429536620042,1.059690399887353,0.5065043371829238,1.624784977344584,0.005590257851877707,-2.5274496919680907,1063,1,0.05073114815044155,-0.02941056922582264,-0.00281556803911902,6.765125328167303e-06,-7.1937474695750595e-06,0.005166787220617481
29.176,0.11732202710221931,1.0599817176869626,0.4440656230759564,1.638862810349735,0.010630963609217075,-2.453936932914998,1064,1,0.05076885901477316,-0.02947791239320071,-0.00281440551630356,7.029011795549464e-06,-7.25356936227366e-06,0.0051577570433756215
29.201,0.15807743588368833,1.060221948067814,0.38380749053717195,1.5974099329851632,0.014792756955204002,-2.3538199344039445,1065,1,0.050810822099526046,-0.029525213446640317,-0.002812761187824837,7.1300789739409905e-06,-7.238819808754661e-06,0.005147807625145492
29.226,0.1971925237514786,1.0607213555347228,0.32637462635575754,1.49840169080091,0.012302349495487521,-2.229145666144094,1066,1,0.05075409827696666,-0.029529175595196838,-0.002811040983897678,7.111107769296265e-06,-7.311749681396557e-06,0.005138461854505469
29.251,0.2329975204237349,1.0608370655425883,0.2723502072299656,1.3610987111208068,0.00171158992613216,-2.0815389229251804,1067,1,0.050753606597804264,-0.02949340059870826,-0.0028090957719761962,7.141731498293189e-06,-7.285009897679093e-06,0.005130698863472117
29.276,0.2652474593075199,1.0608069350310294,0.22229768020949708,1.2205241379531955,0.0008247386069060638,-1.9141842016642419,1068,1,0.05077650173605635,-0.02945932963650524,-0.0028072440268375742,7.013861334891676e-06,-7.225806746499868e-06,0.005122016155529799
29.301,0.2940237273213912,1.0608783024729336,0.17664099714675915,1.0792186123159433,0.0006006895872090382,-1.7299681585917013,1069,1,0.050763045922237966,-0.029440795233887325,-0.0028057257314104576,6.888205750809591e-06,-7.252627500404791e-06,0.005114337723434754
29.326,0.31920838992331785,1.0608369695103899,0.13579927227991093,0.9337737142404601,-0.0031784813531476434,-1.5327326960454317,1070,1,0.050748965220707085,-0.02941001073077762,-0.0028045565705948523,6.732510404257322e-06,-7.260758288236786e-06,0.005105655251158524
29.351,0.3407124130334149,1.0607193784052762,0.10000436234448626,0.7911595592753561,-0.0003955373059216726,-1.3272999895965565,1071,1,0.050742997096395306,-0.029383068453870263,-0.002803732705888309,6.629212626791997e-06,-7.373328399379858e-06,0.005097181981581858
29.376,0.3587663678870862,1.0608171926450938,0.06943427280008203,0.6513383748073028,0.0013748766998044975,-1.117388270992505,1072,1,0.05070048089322772,-0.029396242507005742,-0.0028033149329765128,6.675389755265905e-06,-7.815027114991805e-06,0.00509094114985371
29.401,0.3732793317737805,1.0607881222402664,0.04413494879486018,0.5022743488640687,-0.002955563816988861,-0.9085007062641975,1073,1,0.050683139939102444,-0.029394059983838056,-0.002803135668540394,6.684214780712766e-06,-7.9957148901747e-06,0.0050852880212513595
29.426,0.3838800853302882,1.0606694144542443,0.024009237486874946,0.3715182676702747,-0.005554363400479466,-0.7061355731802965,1074,1,0.05076438170638209,-0.02940897657459975,-0.0028032637454659982,6.815959110501698e-06,-7.865449265427273e-06,0.00508068069515707
29.451,0.3918552451572945,1.0605104040702424,0.00882817013584507,0.2518005788288844,-0.004297767485823495,-0.5162462558065888,1075,1,0.05071784142829378,-0.029379530116987795,-0.0028039826278819877,6.507965669101888e-06,-7.97356097427395e-06,0.005075091684286152
29.476,0.3964701142717326,1.0604545260799532,-0.0018030753034547692,0.11874046718585216,-0.0036783932883598966,-0.3457865029172464,1076,1,0.05069837387369838,-0.029384082698001402,-0.002804936592006349,6.334508215395616e-06,-7.984444018230417e-06,0.005069965738688411
29.501,0.39779226851658717,1.0603264844058244,-0.00846115501001734,-0.0058010139077601395,-0.0019356754741605977,-0.2029979574347045,1077,1,0.050712964440887735,-0.029381145624566816,-0.002805760987306452,6.194532632580327e-06,-8.194183790626813e-06,0.005064811093772357
29.526,0.3961800635763446,1.0603577423062451,-0.011952973175190198,-0.1027157111817892,-0.0008864818258170153,-0.09392439267113951,1078,1,0.050721824722497595,-0.029409922209681187,-0.0028063885951936257,6.1892927079740685e-06,-8.498467569209766e-06,0.005062488031765016
29.551,0.392656482957498,1.0602821603145336,-0.013157374643574016,-0.1753443178392186,0.0004001692458599436,-0.026662441423450266,1079,1,0.05071424180013725,-0.029411564141225467,-0.002806989748993973,6.17886759654359e-06,-8.886586621382283e-06,0.005059778457975828
29.576,0.38741284768438355,1.0603777507685381,-0.013286095246362702,-0.2374476149486548,1.5416991390182268e-05,-0.002674825585948743,1080,1,0.05068511409773275,-0.029446857201572578,-0.0028075560215190917,6.302520445316836e-06,-9.394927744822777e-06,0.005057984636251822
29.601,0.3807841022100651,1.060282931164103,-0.01329111592287129,-0.26252760845966355,-0.0044399277713713025,-0.0014370285163600523,1081,1,0.050655613837158976,-0.029440745885483885,-0.0028082746075135992,6.49597279428587e-06,-9.821606168324841e-06,0.005055351668235918
29.626,0.3742864672614002,1.0601557543799696,-0.013357946672180796,-0.25159905814377526,-0.007375486997620479,-0.004761498616341274,1082,1,0.05062080496207003,-0.02943516791573412,-0.0028087378447092834,6.64784792550082e-06,-1.0192510594226068e-05,0.005052484424464369
29.651,0.36820414930287615,1.059914156814222,-0.013529190853688521,-0.206400939869233,-0.009841549506757755,-0.010050963532873285,1083,1,0.05068030883728032,-0.0294270278960681,-0.0028089113610204495,6.851699969473674e-06,-1.0376254458145288e-05,0.005049209493650107
29.676,0.36396642026793913,1.0596636769046317,-0.013860494848824362,-0.12734924527599875,-0.020096092306393913,-0.017059664657503616,1084,1,0.05068542751280507,-0.02945198212181478,-0.002808416875664129,7.10136191582351e-06,-1.062057236389406e-05,0.005046987733290358
29.701,0.3618366870390761,1.0589093521989024,-0.01438217408656359,-0.03490446814918786,-0.0364709567337446,-0.02528677207500571,1085,1,0.05071098719610194,-0.029428568505736066,-0.0028073702199445127,7.088572035281865e-06,-1.0682292767749829e-05,0.005043167153224509
29.726,0.3622211968604797,1.0578401290679444,-0.015124833452574649,0.07479791700239717,-0.05464133493535617,-0.03428167974996961,1086,1,0.05072163222007013,-0.02942088803597082,-0.0028061193026503992,6.941778039068831e-06,-1.0858361355513007e-05,0.00503943398871486
29.751,0.36557658288919603,1.0561772854521345,-0.016096258074062304,0.18512939400791753,-0.07639646454339014,-0.04494952011298395,1087,1,0.05068910008839605,-0.029397342340534025,-0.0028046384531773575,6.732265057825553e-06,-1.1009700661481094e-05,0.005034346588061743
29.776,0.3714776665608757,1.0540203058407749,-0.017372309458223698,0.29245482787556004,-0.09901374597715792,-0.056736337656436604,1088,1,0.05070987288984008,-0.02939442555391003,-0.002803048855921092,6.690650433749386e-06,-1.1000304421560772e-05,0.005031256500593916
29.801,0.3801993242829732,1.051226598153277,-0.018933074956884087,0.4046303514299119,-0.12293738967377446,-0.06880778716732552,1089,1,0.050698029407018286,-0.02939151979311126,-0.0028015422806169274,6.556509423759217e-06,-1.1097674956957257e-05,0.005027104947815425
29.826,0.3917091841323716,1.047873436357086,-0.020812698816589842,0.5018152472360877,-0.14987983979738892,-0.08250356403282194,1090,1,0.05067588048999996,-0.029414588071564968,-0.0028002934930424876,6.452743242502933e-06,-1.1039049495164095e-05,0.005022834844151516
29.851,0.40529008664477795,1.0437326061634074,-0.02305825315852531,0.6085794701235205,-0.1804366436151269,-0.0968126249301879,1091,1,0.05076024756486672,-0.02941051766515021,-0.002799344012385316,6.278748067938964e-06,-1.0729215302984353e-05,0.005019790212740266
29.876,0.42213815763854806,1.0388516041763296,-0.025653330063099108,0.7254937319491569,-0.2096528175512639,-0.11042853748576341,1092,1,0.05070578803522528,-0.029403467933507017,-0.0027988747725296967,6.14053398596204e-06,-1.077426386129932e-05,0.005017344868356702
29.901,0.4415647732422363,1.033249965285844,-0.02857968003281351,0.8238200296776113,-0.2336501565806026,-0.12415636751452115,1093,1,0.050645498629761906,-0.029393455360697825,-0.002798874988492186,6.01402656969085e-06,-1.0808324625153034e-05,0.00501312879930649
29.926,0.4633291591224263,1.0271690963473001,-0.03186114843882464,0.912090115895913,-0.2594602895116357,-0.1386646142289452,1094,1,0.05061260125175147,-0.02942533842264988,-0.0027993394960063368,5.945167444080642e-06,-1.0782328189594934e-05,0.005009044357408478
29.951,0.4871692790370326,1.020276950810262,-0.035512910744261036,1.0009371129061175,-0.29306287676795356,-0.15322021199852603,1095,1,0.05063824180644636,-0.029423162498081183,-0.002799780732402329,5.989698523969531e-06,-1.0345287968960814e-05,0.005005961858574783
29.976,0.5133760147677329,1.0125159525089023,-0.03952215903875088,1.093548804696739,-0.31869635487220094,-0.1672947857544103,1096,1,0.050650535648261545,-0.029380290844133305,-0.0028000273975890143,5.72016168670418e-06,-9.965527279939045e-06,0.005002399745377823
30.001,0.5418467192718703,1.0043421330666518,-0.043877650031981755,1.1921169271120333,-0.3420049379869634,-0.18092189646090792,1097,1,0.05066257695186476,-0.02938810318614104,-0.0028003503910815444,5.550029808301657e-06,-9.71702325304808e-06,0.004998935040076463
30.026,0.5729818611233354,0.9954157056095538,-0.04856825386179662,1.2818087574866217,-0.3686113373291576,-0.19469792551085383,1098,1,0.05058911390616383,-0.029372817662564218,-0.0028013569353673973,5.227942248567647e-06,-9.719874426621072e-06,0.004994956791152214
30.051,0.6059371571461978,0.9859115662001949,-0.05361254630752405,1.3578015278826145,-0.3893901672206679,-0.20784615426513814,1099,1,0.05058672530608928,-0.0293634828777716,-0.0028024365739950726,5.142678029592042e-06,-9.52080716193149e-06,0.004991703689775693
30.076,0.6408719375174671,0.9759461972485202,-0.0589605615750536,1.4396746848963233,-0.4107465874345659,-0.2204732342388884,1100,1,0.05060682072787962,-0.0293805076127796,-0.002803291119652856,5.2328769769930706e-06,-9.216724776621985e-06,0.004987182548014503
30.101,0.677920891391015,0.9653742368284663,-0.06463620801946844,1.524975494774952,-0.435990814029819,-0.2321355340423781,1101,1,0.05061102230529722,-0.02939013941148672,-0.002803846286847447,5.5444208713274975e-06,-9.10225615609015e-06,0.004982824720164645
30.126,0.7171207122562158,0.9541466565470289,-0.07056733827717285,1.6072150999253314,-0.45936347937635136,-0.24373456375822763,1102,1,0.05058541773131181,-0.029382119396913983,-0.0028041938627877748,5.847465095317325e-06,-8.901874959520653e-06,0.0049770571101079115
30.151,0.7582816463872827,0.9424060628596485,-0.0768229362073802,1.6801501481615344,-0.4761082913899988,-0.25597964588785727,1103,1,0.05056069821849963,-0.029383547318880536,-0.002804573591759498,6.058083586171021e-06,-8.830081199802245e-06,0.00497321828800681
30.176,0.8011282196642877,0.9303412419775303,-0.08336632057156514,1.7519088054239513,-0.4946042712320727,-0.2663853741035245,1104,1,0.05058046049759837,-0.029424303578812868,-0.00280497911702777,6.549217099446345e-06,-8.793794979415043e-06,0.00497156727538006
30.201,0.8458770866584815,0.9176758492980445,-0.09014220491255664,1.827797856759182,-0.5175437833794632,-0.27466501998298976,1105,1,0.0505868136655863,-0.029444588481409576,-0.0028056501789210844,7.134481863838746e-06,-8.697215617324872e-06,0.004968853062570697
30.226,0.8925181125022481,0.9044640528085568,-0.09709957157071473,1.8954722480150419,-0.5397096064377939,-0.28256627248354915,1106,1,0.05057701131292064,-0.02945541319890908,-0.002806760983870105,7.724827748599655e-06,-8.428965013531076e-06,0.004963767796507272
30.251,0.9406506990592349,0.8906903689761544,-0.10427051853673448,1.9654670291683094,-0.5606438536335543,-0.29113373794095426,1107,1,0.05061787259130948,-0.029449913539096394,-0.0028082268053632054,8.123531032599814e-06,-8.069251092678003e-06,0.004960542830128738
30.276,0.990791463960665,0.8764318601268787,-0.11165625846776259,2.0400006786536866,-0.5795956908445962,-0.2977135601088135,1108,1,0.05059902366052035,-0.029450010735732692,-0.002809898958091678,8.478305295611346e-06,-7.87148493500316e-06,0.004959207973137077
30.301,1.0426507329919135,0.8617105844339262,-0.11915619654217434,2.1081274359419235,-0.5989276732510532,-0.302227225733165,1109,1,0.05057565267946083,-0.02945269777472193,-0.002811434263604021,8.817755498292477e-06,-7.840449450122042e-06,0.004956225656084336
30.326,1.0961978357577626,0.8464854764643256,-0.1267676197544212,2.172319815226693,-0.6138777972316612,-0.3055150901277105,1110,1,0.05054530886962616,-0.02944863822536523,-0.0028128981432192245,9.219344102047211e-06,-7.693986786949122e-06,0.004953322700934345
30.351,1.1512667237532497,0.8310166945723427,-0.13443195104856015,2.230421394863495,-0.6307200660188371,-0.3085434600803661,1111,1,0.05053622292667448,-0.029483668737266083,-0.002814388044814722,9.711076943317487e-06,-7.574466122267759e-06,0.004948291226934394
30.376,1.207718905500939,0.8149494731633833,-0.1421947927584397,2.278666454175909,-0.6512940347619375,-0.3109394330576931,1112,1,0.050557811101248844,-0.029481628870323687,-0.0028159291323345526,9.922514111682521e-06,-7.35784355740567e-06,0.004944195018509862
30.401,1.2652000464620468,0.7984519928342454,-0.14997892270144506,2.3434099786098495,-0.674556416373942,-0.31272403765412626,1113,1,0.05066733793694608,-0.029470981595278906,-0.00281709618110947,1.0105153815297983e-05,-6.935734450039033e-06,0.004939588741993996
30.426,1.3248894044314248,0.7812216523446881,-0.1578309946411453,2.409354833268195,-0.6912217928659827,-0.31265308599768726,1114,1,0.050617962373443445,-0.029419230056452146,-0.0028181050688324025,1.0207050251803306e-05,-7.180149596792794e-06,0.0049385188605695005
30.451,1.3856677881254582,0.7638909031909458,-0.16561157700132956,2.4685918565710767,-0.7000476421812196,-0.3104851969329259,1115,1,0.05064881124323871,-0.029425878221691962,-0.0028183571963763965,1.0410578450433508e-05,-7.282705995132666e-06,0.004933480649309826
30.476,1.4483189972599804,0.7462192702356266,-0.17335525448779193,2.532109905636992,-0.719540346621673,-0.3077388091205658,1116,1,0.05058833171615704,-0.029454640564550792,-0.002818282961590949,1.0454215256318484e-05,-7.658128603947065e-06,0.004930138350138089
30.501,1.5122732834073096,0.7279138858598616,-0.18099851745735807,2.579396838649316,-0.7348142319160951,-0.30411433671771804,1117,1,0.050543988132533,-0.029433199893975682,-0.0028176067058172296,1.0482887231145829e-05,-8.02386350161243e-06,0.004925299985689512
30.526,1.577288839192448,0.7094785586398213,-0.188560971323678,2.627683474634244,-0.7463621352262397,-0.2998572374520407,1118,1,0.05056340546355197,-0.02945669986559576,-0.002816353684284376,1.0472762144517634e-05,-8.195712260152539e-06,0.004921242944582539
30.551,1.6436574571390143,0.6905957790985517,-0.19599137932995933,2.677386556810297,-0.7632684226675515,-0.2943202135676473,1119,1,0.0505688441064462,-0.029464904662002873,-0.002814950162840109,1.0370515425773794e-05,-8.56063147012779e-06,0.004915646761381844
30.576,1.7111581670329647,0.6713151375064432,-0.20327698200206037,2.725965054738412,-0.7747119613323684,-0.28774357774898485,1120,1,0.050593554810714245,-0.02946533341960964,-0.002813280360750483,1.0129599678334373e-05,-8.607678129628232e-06,0.004911728392205333
30.601,1.7799557098759369,0.6518601810319328,-0.21037855821740864,2.7637692908600773,-0.788270192498126,-0.27956394525106054,1121,1,0.05059987356850458,-0.029503730931764095,-0.002811653004259418,9.986704681372786e-06,-8.801054424549266e-06,0.004907124391070084
30.626,1.8493466315759706,0.6319016278815364,-0.21725517926461374,2.7141500139747934,-0.7771667686781637,-0.27098564966819233,1122,1,0.050557818281780846,-0.029475675281902796,-0.0028103223313648237,9.690528316569008e-06,-8.977723942474126e-06,0.004902492565248086
30.651,1.9156632105746785,0.613001842598024,-0.2239278407008186,2.576348652137157,-0.7411430467244261,-0.26296186529232096,1123,1,0.050595106571144,-0.02949588703107621,-0.002808979704993445,9.466368761986916e-06,-9.045195628967033e-06,0.004898753902226125
30.676,1.978164064182821,0.5948444755453172,-0.2304032725292289,2.4190465696458854,-0.6994660132025976,-0.2526450763252583,1124,1,0.05062670619755639,-0.029456761736532677,-0.00280771407537711,8.965150074552645e-06,-8.952078751088704e-06,0.004897956900905607
30.701,2.0366155390569745,0.5780285419378937,-0.23656009451708163,2.2468377938869013,-0.6486473808112844,-0.24064833849221415,1125,1,0.0506881810178931,-0.029461363259837225,-0.002806421185924934,8.892975023350753e-06,-8.783142391403271e-06,0.004893769701141348
30.726,2.0905059538771678,0.5624121065047525,-0.24243568945383975,2.0813738293893604,-0.6007658211078873,-0.2289845907763389,1126,1,0.05078383983080373,-0.029450842645158605,-0.0028050030063354056,8.785324653416463e-06,-8.665328120249549e-06,0.004889685166438167
30.751,2.140684230526444,0.5479902508824989,-0.24800932405589876,1.9227948018387135,-0.5526265777001825,-0.21598825198180596,1127,1,0.05076340426230843,-0.02945912063994222,-0.0028036588920093107,8.60741069269844e-06,-9.039529402671052e-06,0.004886093740346914
30.776,2.186645693969105,0.534780777619743,-0.2532351020529302,1.7556070954808798,-0.514742443237926,-0.20337796010431666,1128,1,0.05075941172903416,-0.029469337885012704,-0.0028021858689023984,8.48910218948226e-06,-9.296758680673795e-06,0.004880751727377636
30.801,2.228464585300483,0.522253128720604,-0.2581782220611138,1.5949087004934488,-0.46561603972643534,-0.19027243542845526,1129,1,0.05075398658805506,-0.029392406393568073,-0.002800537833631653,8.166712471168005e-06,-9.37219751363833e-06,0.00487798883151866
30.826,2.2663911289937784,0.5114999756334209,-0.26274872382435294,1.4397052626429803,-0.40606750582441986,-0.1764445310595139,1130,1,0.05076634775936666,-0.029442980367859424,-0.00279917269516474,8.30613440092489e-06,-9.513769253452855e-06,0.004873768774190443
30.851,2.300449848432633,0.5019497534293828,-0.26700044861408967,1.2858824050548896,-0.36535417851041674,-0.16284865544060825,1131,1,0.050784966323847054,-0.02950494860769138,-0.002798138407494892,8.45506283714569e-06,-9.700013241070194e-06,0.00487051687732996
30.876,2.3306852492465238,0.49323226670789977,-0.27089115659638363,1.1366153723988697,-0.3215506889670626,-0.1470972760816537,1132,1,0.05080308560447878,-0.02951481054196038,-0.0027979223938601047,8.404220597393911e-06,-9.87314422592959e-06,0.00486721082570572
30.901,2.3572806170525773,0.4858722189810294,-0.27435531241817235,0.9969189984217441,-0.13518452313209242,-0.130819215430796,1133,1,0.05081750839705408,-0.029537475155987255,-0.002798711081656784,8.537719561986165e-06,-1.0003490376991547e-05,0.004859582618785434
30.926,2.380531199167608,0.48647304055129553,-0.277432117367923,0.8489987995241023,0.03649954874999254,-0.11592781634333361,1134,1,0.05078011832731329,-0.02953553275655929,-0.002800541593564084,8.548225288076999e-06,-1.0274678022145017e-05,0.004850613865867909
30.951,2.399730557028783,0.48769719641852904,-0.2801517032353393,0.7067044656003929,0.08217541516190024,-0.10262692400846728,1135,1,0.05084096323262218,-0.029460842167287355,-0.0028033362050975666,8.314892108462612e-06,-1.0178613964648717e-05,0.004840778294384185
30.976,2.4158664224476283,0.4905818113093906,-0.2825634635683463,0.5725518809031812,0.09674199298901205,-0.08902453461525058,1136,1,0.050872499063510705,-0.02956453315954694,-0.0028062148989797145,8.629288854432567e-06,-1.0152253187012883e-05,0.004834467040689384
31.001,2.4283581510739425,0.4925342960679797,-0.28460292996610204,0.4408630398740358,0.058554516498600384,-0.07526862033370278,1137,1,0.05091523789591052,-0.029514193136600298,-0.0028092416065059957,8.258372139458324e-06,-9.847392440377384e-06,0.0048256710222176185
31.026,2.4379095744413304,0.49350953713432066,-0.2863268945850316,0.31930105867710207,0.0415568639802423,-0.0630811269970302,1138,1,0.05087590212751406,-0.029438051966897093,-0.0028118494419357063,7.933799384274705e-06,-9.719754984657856e-06,0.004818315166275456
31.051,2.4443232040077967,0.4946121392669917,-0.28775698631595353,0.18945011557725608,0.020668123290241407,-0.05031451897301515,1139,1,0.05086269239592263,-0.029487669550469046,-0.002814506754031462,7.892998942296139e-06,-9.62268672644393e-06,0.004812014084177399
31.076,2.4473820802201933,0.49454294329883275,-0.2888426205336822,0.06332494958127287,-0.007126622148695315,-0.038769809621549974,1140,1,0.050859194957390566,-0.029420229590386145,-0.0028170481825636703,7.642926090776357e-06,-9.561543628264665e-06,0.004803405122644988
31.101,2.4474894514868604,0.49425580815955694,-0.28969547679703095,-0.05682167887789111,-0.02054509624704963,-0.028914788336748688,1141,1,0.05084334231266777,-0.029401320199713636,-0.0028194401590552545,7.569953409353432e-06,-9.623657135201845e-06,0.004796790520796684
31.126,2.4445409962762987,0.49351568848648025,-0.2902883599505196,-0.17396643421227795,-0.035724047760752935,-0.019918822358073456,1142,1,0.050830401992140596,-0.02936214905316022,-0.0028217029875060333,7.843548652709845e-06,-9.541887858386533e-06,0.0047892722022270205
31.151,2.4387911297762463,0.49246960577151927,-0.2906914179149346,-0.2880090245033781,-0.04085993236403029,-0.011852933188656996,1143,1,0.05078517924755788,-0.029316594513147998,-0.00282387323627206,7.804114595656974e-06,-9.64970227924561e-06,0.0047833219388409435
31.176,2.4301405450511306,0.49147269186827885,-0.29088100660995236,-0.4024040531011806,-0.03526483959786114,-0.005458265944104846,1144,1,0.050756376462158054,-0.029295814019910424,-0.0028260588984510672,7.848772833210234e-06,-9.756831708210135e-06,0.004776537269433039
31.201,2.418670927121187,0.4907063637916262,-0.29096433121213994,-0.5094470754958474,-0.02557418415528886,-0.0013518496106179419,1145,1,0.050743476857291574,-0.02930651228352391,-0.0028283978122895614,7.711732823898716e-06,-9.847450820461176e-06,0.004771427474092901
31.226,2.404668191276338,0.4901939826605144,-0.2909485990904831,-0.5815217584118055,-0.02049792841687796,0.0012668327340303695,1146,1,0.05075819092236199,-0.029329499586942438,-0.0028307037983985282,7.780983361394341e-06,-9.733463963661464e-06,0.00476613598976648
31.251,2.3895948392005963,0.4896814673707823,-0.29090098957543853,-0.594847080878607,-0.01352691577029977,0.0014432182253720576,1147,1,0.05074964337577753,-0.029315150306190106,-0.0028326468665423902,7.783733608217598e-06,-9.878891451912433e-06,0.0047611156395117645
31.276,2.374925837232407,0.4895176368719994,-0.29087643817921466,-0.5529391476949422,-0.003642762953081287,0.0015339785179336635,1148,1,0.05075452784107097,-0.029319737498261774,-0.002834504312027701,7.88069214718692e-06,-9.993702101016466e-06,0.0047577568656442595
31.301,2.361947881815851,0.4894993292231282,-0.29082429064954196,-0.4787722628804956,0.001579002170422039,0.00242252930481076,1149,1,0.050712001717841286,-0.02932826434084973,-0.0028362165006512166,7.857323283568502e-06,-1.0259217259091053e-05,0.004753317470345028
31.326,2.350987224088382,0.4895965869805205,-0.2907553117139741,-0.39465255584376074,0.008228453626541893,0.0025186544685329077,1150,1,0.050645279367835236,-0.029340025337736896,-0.002837676069112799,7.956910316789303e-06,-1.0444554779511227e-05,0.004747463218862949
31.351,2.3422152540236625,0.4899107519044553,-0.2906983579261155,-0.31013451755727234,0.013030869881934618,0.0019465703380383281,1151,1,0.05060938665387429,-0.02937392015504434,-0.002839133546336282,8.118523515114444e-06,-1.0407433156810256e-05,0.004742135455212516
31.376,2.335480498210518,0.49024813047461724,-0.2906579831970723,-0.22805081943572456,0.017591594150407647,0.0017754967278893223,1152,1,0.050586939809048256,-0.029404558183630313,-0.002840621213750617,8.324521775160791e-06,-1.032313565426711e-05,0.0047376254192001725
31.401,2.330812713051876,0.4907903316119757,-0.2906095830897211,-0.15237885253399397,0.01456542845026359,0.002112537359755371,1153,1,0.05054580170609338,-0.029477217644642117,-0.0028419187488651753,8.698146293729123e-06,-1.038049935411952e-05,0.004732955481090633
31.426,2.327861555583819,0.4909764018971304,-0.2905523563290846,-0.10329815466759337,0.00474956831437383,0.0016779229074081786,1154,1,0.05047646170454995,-0.029490064644694964,-0.0028432625071002854,8.632730514509938e-06,-1.0556748565818037e-05,0.004728723872163921
31.451,2.3256478053184964,0.4910278100276944,-0.2905256869443507,-0.08084521781877348,0.005857927880198371,0.00141580815513185,1155,1,0.050481684886332215,-0.029465458687873824,-0.0028447911319843646,8.380277389652199e-06,-1.026622486734756e-05,0.004726155222701032
31.476,2.32381929469288,0.4912692982911403,-0.2904815659213281,-0.06367443620874179,0.009292555342911159,0.0017670397848234846,1156,1,0.0505305024559004,-0.029471550458995112,-0.002846092712871232,8.20413668636992e-06,-1.000957337312966e-05,0.004721895190427651
31.501,2.322464083508059,0.49149243779484,-0.2904373349551095,-0.05174185797271062,0.01118328806586117,0.00182966581602881,1157,1,0.05055250328846499,-0.029482696307243435,-0.0028472372552145624,8.078978496011698e-06,-9.830851187574367e-06,0.004717326166161623
31.526,2.3212322017942446,0.49182846269443337,-0.29039008263052646,-0.044107598087539675,0.016869408255369825,0.0023661522435693095,1158,1,0.05059691722164567,-0.029508029765380233,-0.0028483054855913213,8.121188925054612e-06,-9.387695435777331e-06,0.004712475711781367
31.551,2.3202587036036824,0.4923359082076084,-0.29031902734293097,-0.032026271839597595,0.013839448933890912,0.0025427655086129515,1159,1,0.05063024409368518,-0.029563865992540947,-0.0028489932487997813,8.408261414183577e-06,-9.233202716027542e-06,0.004705528083047131
31.576,2.3196308882022647,0.4925204351411279,-0.290262944355096,-0.021938913859979835,0.0028603945749483143,0.001729866593969096,1160,1,0.050606761855322174,-0.02956852756627603,-0.002849204811303809,8.846128685087424e-06,-9.383438282390244e-06,0.004700895839081987
31.601,2.3191617579106834,0.49247892793635584,-0.2902325340132325,-0.016969802729844587,0.008709138222376832,0.0017178622323043879,1161,1,0.05057320627642484,-0.029536676393923603,-0.002848993810068878,9.135385004843959e-06,-9.639620662171408e-06,0.00469744972062163
31.626,2.3187823980657725,0.49295589205224677,-0.29017705124348075,-0.013542149003526823,0.010806060424595044,0.0016962135268094628,1162,1,0.05058217294087963,-0.029593958263512014,-0.002848410729320666,9.814237522721206e-06,-9.819494065408182e-06,0.004691941841766396
31.651,2.318484650460507,0.4930192309575856,-0.290147723336892,-0.01206373140605412,-0.001650810026082677,0.001074921649184607,1163,1,0.05057326489069161,-0.02957621819968885,-0.0028475804554227812,1.021926589970461e-05,-1.0138504809502522e-05,0.0046888450235591525
31.676,2.31817921149547,0.49287335155094264,-0.29012330516102147,-0.007746958648144787,-0.0032872185891685366,0.0015057990640076964,1164,1,0.05057255219362687,-0.02952373669110518,-0.0028466842562996225,1.0346144183061654e-05,-1.0299895498582745e-05,0.004686224055080454
31.701,2.3180973025280998,0.49285487002812717,-0.2900724333836917,-0.002659532390261139,0.0016287850079665701,0.0020500997581773526,1165,1,0.05057743158567185,-0.029508105544361462,-0.002846258286839622,1.0464832341212469e-05,-1.0157425687078958e-05,0.004682044759865681
31.726,2.3180462348759567,0.49295479080134097,-0.29002080017311244,-0.002812762953414665,0.001497428475242236,0.0023347282747021247,1166,1,0.05060374977904975,-0.029514745499495863,-0.002846267125017197,1.046102480899871e-05,-9.870196930186812e-06,0.004677834083656423
31.751,2.317956664380429,0.4929297414518893,-0.28995569696995643,0.00040341971677903524,-0.0013004875028787926,0.0018394947367905438,1167,1,0.050626288169260604,-0.02949922908392429,-0.0028467452513972953,1.0208504766070307e-05,-9.651763475627296e-06,0.004672385024457606
31.776,2.3180664058617957,0.49288976642619703,-0.28992882543627296,-0.00099936764732972,0.004375485387391436,0.0016991007481249453,1168,1,0.050607834786580604,-0.029493409673081256,-0.0028477543858517447,9.958864605439427e-06,-9.452429594866174e-06,0.004669730288977219
31.801,2.3179066959980625,0.49314851572125884,-0.2898707419325503,-0.004780727105870785,0.006040401695727085,0.002280827497838057,1169,1,0.05065771138327854,-0.029523915117837876,-0.0028488969148834755,9.861143111211108e-06,-9.00945895779761e-06,0.004665379937533273
31.826,2.317827369506502,0.4931917865109834,-0.289814784061381,-0.0021968474271183112,-0.0040214624217537725,0.0015034564691074122,1170,1,0.050672947640171356,-0.029518772285624086,-0.002850140112096555,9.497979446968296e-06,-8.826633697752541e-06,0.0046614919168842615
31.851,2.3177968536267066,0.49294744260017115,-0.28979556910909504,-0.003758417002446226,-0.007848792799328597,0.0005866782008556642,1171,1,0.050661735946193165,-0.02946944427263607,-0.0028516446314174756,9.27131022136078e-06,-8.763856190596596e-06,0.004659147806383461
31.876,2.31763944865638,0.49279934687101695,-0.28978545015133833,-0.006985791796347741,-0.0033516357091889016,0.0008417050949915841,1172,1,0.05068154069543816,-0.029435805886629137,-0.0028532985767203973,9.159731264433088e-06,-8.758873188777394e-06,0.004657331054882183
31.901,2.3174475640368892,0.4927798608147117,-0.2897534838543456,-0.005167733079512199,-0.004255155062794744,0.0006232613568002775,1173,1,0.050711351984274684,-0.029426187390160598,-0.002855070884280743,9.021396339926723e-06,-8.89446354632437e-06,0.004654242324519868
31.926,2.3173810620024042,0.4925865891178772,-0.28975428708349854,-0.0007885698306519972,-0.014433773057646943,0.000206057128613321,1174,1,0.0507045363587269,-0.02939583814992625,-0.002856899085056796,8.669276267660366e-06,-9.123724162484165e-06,0.004652353271510739
31.951,2.3174081355453566,0.49205817216182934,-0.28974318099791474,-0.0012771347003592655,-0.006144838561535827,0.008656472488910315,1175,1,0.050661959800870744,-0.029319717007446316,-0.0028588656298248745,8.344806411566123e-06,-9.408127687481301e-06,0.00465265269143706
31.976,2.3173172052673863,0.49227934718980043,-0.2893214634590531,-0.005528316403609382,0.01265809839788373,0.0353095134742818,1176,1,0.050674123772022475,-0.029367402865990253,-0.0028611073304231163,8.531998359550841e-06,-9.490366192442579e-06,0.004648696547246727
32.001,2.317131719725176,0.4926910770817235,-0.28797770532420064,-0.017293504062817124,0.01487070744151204,0.08157410485134713,1177,1,0.05067212316879505,-0.029433019811058607,-0.002863349622051607,8.636023620426888e-06,-9.663304500784644e-06,0.004644108955414743
32.026,2.3164525300642453,0.4930228825618761,-0.28524275821648554,-0.040773317135963515,0.012717296269583204,0.14661147912473277,1178,1,0.050669969546102825,-0.029450787106211684,-0.002865195064663191,8.598204593586745e-06,-9.904440835790173e-06,0.004641388563326869
32.051,2.315093053868378,0.4933269418952027,-0.28064713136796343,-0.07684381469141403,0.02374413730690052,0.23009276254953612,1179,1,0.05064137196167193,-0.029427834110939504,-0.0028663103794671456,8.45330676427217e-06,-9.979237645063866e-06,0.004640029046372243
32.076,2.312610339329675,0.49421008942722106,-0.27373812008900933,-0.13284184117197428,0.04270460748068049,0.32983616792624837,1180,1,0.05063907846679323,-0.02944730858965427,-0.002866838265724389,8.466308221928996e-06,-1.0070948301618255e-05,0.004638650865282512
32.101,2.3084509618097795,0.4954621722692366,-0.2641553229716519,-0.20801978183839626,0.06574611125423276,0.4426645082201726,1181,1,0.05065830935331709,-0.02944510050723631,-0.0028670355436939063,8.516157968861566e-06,-1.0297049789107097e-05,0.004637554045487373
32.126,2.3022093502377556,0.4974973949899325,-0.25160489467800196,-0.29447162498185064,0.09227699246375,0.5672445263640173,1182,1,0.05069336178800355,-0.02947273588766188,-0.0028673068382614954,8.591104000879087e-06,-1.0328907816669609e-05,0.004636953074671151
32.151,2.2937273805606857,0.5000760218924245,-0.23579309665344853,-0.38742831527973004,0.11600527473769505,0.7018742558172898,1183,1,0.05070165508272775,-0.02948118299157587,-0.00286789733283601,8.70691188106291e-06,-1.0322102693179388e-05,0.004636196188274011
32.176,2.2828379344737675,0.5032976587268178,-0.2165111818871346,-0.4907496530818202,0.13357622397674668,0.8439325630019869,1184,1,0.050706616222172,-0.029481339163541974,-0.0028688106317427617,8.818997443161343e-06,-1.0263685445901756e-05,0.0046362016867701455
32.201,2.269189897906596,0.5067548330912615,-0.19359646850335138,-0.5950370216720274,0.16316649184185555,0.9932900910599184,1185,1,0.05074948512995643,-0.02939346073533632,-0.0028700141066236064,8.482752486184746e-06,-9.989176472403362e-06,0.0046381457990163
32.226,2.253086083390168,0.5114559833189101,-0.16684667733414174,-0.6884004954743741,0.1958682701731296,1.1476934254914837,1186,1,0.050792845502161454,-0.02940758145658968,-0.0028713052974972527,8.58638018982842e-06,-9.653959689791012e-06,0.00463860987782636
32.251,2.2347698731328793,0.5165482465999174,-0.13621179722878046,-0.7865442751331604,0.2178943543881343,1.3052861013812442,1187,1,0.050757594260501394,-0.02938073392627412,-0.0028725235999812223,8.362109806012638e-06,-9.662175746072583e-06,0.004641121948597894
32.276,2.2137588696335064,0.5223507010383177,-0.10158237226507383,-0.886883168513921,0.247332888173738,1.46545393049668,1188,1,0.050771090857729184,-0.02934989895613378,-0.0028736267937609725,8.147447804666046e-06,-9.707337732962155e-06,0.004642893404929565
32.301,2.1904257147071795,0.5289148910086053,-0.06293910070394004,-0.9862381131622239,0.2762123309168231,1.6260790549659312,1189,1,0.050772660341192155,-0.029339908611665307,-0.0028743721966262683,8.127032018145336e-06,-9.911354657783361e-06,0.00464577897238518
32.326,2.164446963975398,0.5361613175841581,-0.0202784195167818,-1.0796815555056662,0.3047296428957731,1.7861941303035105,1190,1,0.050829544503099705,-0.029322225301022048,-0.0028748716236366755,7.962509358542369e-06,-9.822700845618323e-06,0.004649704964348526
32.351,2.1364416369318993,0.5441513731533931,0.026370605811230265,-1.1613634216805784,0.3356258165481232,1.9446366181222214,1191,1,0.050836316401508805,-0.02933023377877588,-0.002875214791447845,7.85906917007729e-06,-9.93920169618109e-06,0.004653982438664211
32.376,2.1063787928913724,0.5529426084115633,0.07695341138932352,-1.2470160651345987,0.35985434753834905,2.1004315059667076,1192,1,0.05081747629031093,-0.02936774169090146,-0.002875613997370791,7.942633387793499e-06,-9.895234205814879e-06,0.004659678699754985
32.401,2.074090833675164,0.5621440905303121,0.1313921811095747,-1.3342226276383524,0.3856722000261952,2.2521718493050304,1193,1,0.05080538781908865,-0.02936148305669649,-0.0028758806306520535,7.831691097250646e-06,-9.976882488798308e-06,0.004664500546319526
32.426,2.039667661509449,0.5722262184128747,0.18956200385458452,-1.4187819774224326,0.41047282356382664,2.3987538566250985,1194,1,0.0508052044719356,-0.029400625813249315,-0.002875946744731482,7.906123036528313e-06,-9.969770619021236e-06,0.0046704182590868466
32.451,2.0031517348040464,0.5826677317085023,0.25132987394082273,-1.5007490480183536,0.4246439578631109,2.5393827012638703,1195,1,0.05080586719102959,-0.029391761260114915,-0.0028758755900629997,7.91912315714684e-06,-9.954845655560733e-06,0.004676943414254407
32.476,1.9646302091085357,0.593458416306029,0.3165311389177706,-1.5780960637180783,0.44435330656380806,2.67353806558937,1196,1,0.05080468634896771,-0.029342470532167386,-0.002875517822275503,7.884475786662169e-06,-9.929859195599175e-06,0.004684781877547191
32.501,1.924246931618147,0.6048853970366914,0.38500677722028354,-1.6533274211618976,0.47305891948479634,2.7998601023619516,1197,1,0.05078822647534738,-0.029311629243189117,-0.0028745774909484266,7.927423932753348e-06,-1.0025330274278597e-05,0.004692170590236252
32.526,1.8819638380504338,0.6171113622802709,0.45652414403588015,-1.7252123330057807,0.4976233244663517,2.9171887530834884,1198,1,0.050771864952784816,-0.029327398223124843,-0.002873227888247138,7.986119749833753e-06,-1.0229121352387752e-05,0.004699841791667113
32.551,1.8379863149678506,0.6297665632600111,0.5308662148744704,-1.7994011467715334,0.5207869111713322,3.0257278313527833,1199,1,0.05073080864963909,-0.02931688883487913,-0.0028715242026144377,7.788147727499835e-06,-1.0314192523140953e-05,0.004708202827357121
32.576,1.7919937807118622,0.643150707838836,0.6078105356035108,-1.8792978736451584,0.5435277725740548,3.123939757573222,1200,1,0.0507245336242178,-0.029347076788803453,-0.002869626508152328,7.4939356711671855e-06,-1.0248289107845015e-05,0.004716558415826705
32.601,1.744021421285598,0.6569429518887123,0.6870632027531228,-1.946588145219112,0.5647699284216899,3.211904283483898,1201,1,0.05075426323581331,-0.029360609556871746,-0.0028675699595252383,7.072948443680728e-06,-1.0224371774098673e-05,0.004726809165822016
32.626,1.6946643734509121,0.6713892042599189,0.7684057497776964,-2.0124894050105553,0.582803926229384,3.2895194885019876,1202,1,0.050718534659751686,-0.02938324631412672,-0.0028654377517684988,6.9307867241387265e-06,-1.0469894110152631e-05,0.004735697669179072
32.651,1.6433969510350617,0.686083148200184,0.8515391771782361,-2.0848798972715032,0.5983391592629905,3.3553949148865474,1203,1,0.050732998692725524,-0.02937074201321339,-0.0028637549385666598,6.722667101646327e-06,-1.054464940748907e-05,0.004744875613363329
32.676,1.590420378587328,0.701306162223071,0.9361754955220382,-2.149108464206122,0.6187860303524692,3.409963204478135,1204,1,0.05075244805363828,-0.029373669740664663,-0.002862563893700512,6.74520020313654e-06,-1.0895987053198434e-05,0.004753465458945281
32.701,1.5359415278247617,0.7170224497178057,1.0220373374021332,-2.204285843998793,0.6362418667896048,3.4524056467815543,1205,1,0.05075289225368046,-0.029371832646367845,-0.0028619329838044313,6.745693977247889e-06,-1.1174402117742807e-05,0.004762557253804897
32.726,1.4802060863873947,0.7331182555625494,1.108795777861106,-2.2595815007829008,0.654192952321237,3.4826272733425006,1206,1,0.050719565153310414,-0.029326308615002676,-0.0028617199097332045,6.59851767128407e-06,-1.1657940293012488e-05,0.004773654641255878
32.751,1.422962452785623,0.7497320973338657,1.1961687010692483,-2.3243385619752095,0.6723329968574081,3.500273593735871,1207,1,0.050686063812237205,-0.029294238810512387,-0.002861652743860558,6.6463308965680996e-06,-1.1803030173760838e-05,0.0047826851080174345
32.776,1.3639891582886243,0.7667349054054227,1.2838094575479144,-2.3833881572983104,0.6889975365706048,3.5056399487498555,1208,1,0.05069160304211045,-0.029285911461407854,-0.002861825505123692,6.881382747539668e-06,-1.191170093372024e-05,0.004793779321589432
32.801,1.3037930449206974,0.7841819741623989,1.3714506985067563,-2.45072299932598,0.7047799604941974,3.4994261913369265,1209,1,0.050670907658357064,-0.029251461415272247,-0.0028619958661896742,7.060678488657067e-06,-1.2130281389759703e-05,0.004803766121506519
32.826,1.2414530083223323,0.8019739034301305,1.4587807671147508,-2.5043936857178566,0.723383968712904,3.4796641749764246,1210,1,0.05073276477816583,-0.029319769063464972,-0.002862378741829325,7.243230695750355e-06,-1.1902715233733173e-05,0.004812279501482027
32.851,1.1785733606348117,0.820351172598042,1.5454339072555676,-2.543871917359171,0.743781486138846,3.447731169305444,1211,1,0.05069001055157748,-0.029269341799405827,-0.002862820898612356,7.124594461753503e-06,-1.230960295252046e-05,0.0048225057943990495
32.876,1.114259412454381,0.8391629777370707,1.6311673255800132,-2.5829026000774364,0.7481204900167421,3.4036819583724425,1212,1,0.050658781504442446,-0.029245053002282303,-0.0028635594892904093,7.184377501578711e-06,-1.241169770258275e-05,0.004831743216837976
32.901,1.0494282306309288,0.8577571970988823,1.7156180051742043,-2.573386972422718,0.7404703476145736,3.3477914246036264,1213,1,0.0506818891198198,-0.029218710284949947,-0.002864371399031189,7.060085330075742e-06,-1.2610872700369768e-05,0.004841587739293959
32.926,0.9855900638332341,0.8761864951178026,1.7985568968102086,-2.5155980630253314,0.7288532574702092,3.280428429855382,1214,1,0.050686321840212864,-0.029178224719166403,-0.002865279576153378,6.974439509694223e-06,-1.2948488845269864e-05,0.004851220058062138
32.951,0.9236483274796694,0.8941998599723907,1.8796394266669643,-2.440526251694802,0.7132756718595262,3.201372944579828,1215,1,0.050674987941528075,-0.02913038595656052,-0.0028663404226895914,7.012555538989313e-06,-1.3302621960265948e-05,0.004861031733683418
32.976,0.8635637512485009,0.9118502787107768,1.9586255440391906,-2.368925443583482,0.6951640613836192,3.1118547909982466,1216,1,0.0506438203958872,-0.029119325492393468,-0.0028675986127023314,7.200601134342266e-06,-1.364492252654383e-05,0.004870333440543803
33.001,0.805202055300502,0.9289580630415697,2.035232166216868,-2.2954875064900833,0.664163985479217,3.0124511584059475,1217,1,0.05062241701391754,-0.029101814298815684,-0.0028690980896886437,7.2446923029751514e-06,-1.3943506913024043e-05,0.004879552013881935
33.026,0.748789375923987,0.9450584779847405,2.109248101959501,-2.16637083035053,0.6228382442624738,2.903518723842097,1218,1,0.050656233558454604,-0.02915308942206669,-0.002870682613487004,7.239855348426858e-06,-1.4117463964264142e-05,0.0048867563264869815
33.051,0.6968835137829663,0.960099975254696,2.180408102408985,-1.9985650280712735,0.5822184112060411,2.7844116109834154,1219,1,0.05066920912908829,-0.029091680209241216,-0.002872018565553909,7.079601412705736e-06,-1.4538871660369454e-05,0.004894040393976682
33.076,0.648861124520429,0.9741693985450409,2.2484686825086637,-1.8387856607738209,0.5317132713967379,2.657005045535179,1220,1,0.05064448472186767,-0.029086419447280062,-0.0028731312589737406,7.209590397429041e-06,-1.4806966950595615e-05,0.0049015675764866986
33.101,0.6049442307442805,0.9866856388245314,2.3132583546857366,-1.6835999096677103,0.4830335384801407,2.5221191695309666,1221,1,0.05068181709304071,-0.02908084728832414,-0.002873931868228203,7.269244866997882e-06,-1.4977134016625226e-05,0.00490878651993994
33.126,0.5646811290370483,0.9983210754690466,2.374574640985205,-1.5377579378252348,0.4443001032137416,2.3805397918819273,1222,1,0.050661635877470794,-0.029112072859938797,-0.0028745516434347906,7.2027011232773495e-06,-1.5279153704725285e-05,0.004916666524827823
33.151,0.5280563338530122,1.0089006439852204,2.432285344279843,-1.4043572111318228,0.40233000793729834,2.234068686822393,1223,1,0.05065828641652315,-0.029104883922648355,-0.0028748667658665393,7.124524326474475e-06,-1.5393591210706788e-05,0.00492357297723567
33.176,0.49446326848045113,1.0184375758659132,2.486278075326334,-1.283022983601459,0.3659856351353982,2.082126136227419,1224,1,0.05064900517453531,-0.029145014130174608,-0.002874664466759633,7.132264844879218e-06,-1.530674004004614e-05,0.004928125948679919
33.201,0.4639051846729429,1.0271999257419893,2.536391651091208,-1.1600499496533205,0.3308856586188435,1.9255217315881652,1225,1,0.05062023416765446,-0.029167017079100147,-0.00287399764714984,7.073255210400313e-06,-1.5199153509233677e-05,0.0049322392978413945
33.226,0.4364607709977884,1.0349818587968544,2.582554161905737,-1.0438039120380231,0.2907961879494746,1.7664395446850394,1226,1,0.050621735486180985,-0.029172446056758006,-0.0028729667885800795,6.996207774241088e-06,-1.5074380819103214e-05,0.004936853543611969
33.251,0.4117149890710447,1.0417397351394622,2.624713628325455,-0.9314724478240283,0.2636405742838385,1.6062528020389573,1227,1,0.05064009616742851,-0.029212934880165565,-0.0028716542469484087,7.144827242173741e-06,-1.4954657797670659e-05,0.004941802940287828
33.276,0.389887148606583,1.0481638875110475,2.6628668020076915,-0.8261131681478147,0.2384761460382042,1.4454419851195077,1228,1,0.05062342730268144,-0.0291666362462774,-0.0028705531605415792,7.1006144687765494e-06,-1.488681052097646e-05,0.004944121868639584
33.301,0.37040933066365045,1.0536635424413734,2.6969857275814366,-0.723434559006868,0.20614363373928696,1.285454849061429,1229,1,0.050599667104052885,-0.02918082566594445,-0.0028695720372552496,7.1927378535308124e-06,-1.4767541045853239e-05,0.004947437240163736
33.326,0.3537154206562417,1.0584710691980113,2.7271395444607593,-0.6188293043794854,0.17541435469922925,1.1276024184188158,1230,1,0.050596873284347345,-0.029164246807058692,-0.002868524143311001,7.2626366310728975e-06,-1.473429205058517e-05,0.004950110364429983
33.351,0.33946786544467794,1.0624342601763344,2.753365848502374,-0.5127648113081854,0.14357830722541748,0.9733481134594177,1231,1,0.05058662049101011,-0.02917968189637493,-0.0028670958512757062,7.593474972065527e-06,-1.466823495763878e-05,0.00495354862505146
33.376,0.32807718009083386,1.0656499845592817,2.7758069501337275,-0.40620163561428035,0.12022575856561386,0.8248418249048503,1232,1,0.050616208546678955,-0.029167391882898554,-0.0028656616144255823,7.791505530634668e-06,-1.4757985577388623e-05,0.004956218520605217
33.401,0.3191577836639622,1.0684455481046156,2.7946079397476202,-0.3095611297028947,0.09269156933991428,0.6830902336784067,1233,1,0.05060639854027735,-0.029119102352338746,-0.0028644373141146996,8.036520794288444e-06,-1.5044744155642655e-05,0.004958319971532519
33.426,0.3125991236056878,1.0702845630262778,2.8099614618176507,-0.209871005726264,0.059657842281616365,0.5499751356558449,1234,1,0.05059784142387753,-0.02912535562811544,-0.0028635363424236284,8.322946369908259e-06,-1.534817027673837e-05,0.004960502115471838
33.451,0.3086642333776496,1.0714284402186962,2.822106696530411,-0.11597226179893998,0.02723450981526087,0.4265974182846464,1235,1,0.05060719492316758,-0.029116653607288896,-0.0028628941106733515,8.563930168001097e-06,-1.5449375692990905e-05,0.004962062679204473
33.476,0.30680051051574114,1.0716462885170408,2.831291332731882,-0.03826885670973219,-0.00023949083809872402,0.314754636632646,1236,1,0.05064561774512142,-0.029158350081867117,-0.0028627416071573372,8.877760911852883e-06,-1.531138302261269e-05,0.004963799940878556
33.501,0.3067507905421631,1.0714164656767913,2.8378444283620423,0.035695280116261614,-0.017637846442884627,0.21796691830019116,1237,1,0.05065389298925864,-0.02918347942550294,-0.0028630336285674347,9.075748744670269e-06,-1.5179887726260828e-05,0.004966006021248615
33.526,0.3085852745215544,1.0707643961948965,2.8421896786468923,0.09897831311955807,-0.030605695313849657,0.13691685799565864,1238,1,0.050660746152885704,-0.02918521569622908,-0.002863592534932104,9.190132942265664e-06,-1.5130432528264004e-05,0.004965509648160384
33.551,0.3116997061981414,1.0698861809110987,2.844690271261826,0.13593284774100706,-0.041865951861333066,0.07277167559582823,1239,1,0.050675484579068425,-0.029160068901067388,-0.002864300139883237,9.046831206027936e-06,-1.5096268714481067e-05,0.004966076605197582
33.576,0.31538191690860434,1.06867109860183,2.8458282624266835,0.1512130963003519,-0.046243155271284274,0.028182422885027418,1240,1,0.050687217357498454,-0.02916778318163106,-0.0028649310449180136,9.152060002416408e-06,-1.4925484895968544e-05,0.004966246012950757
33.601,0.3192603610131586,1.0675740231475346,2.846099392406077,0.1602258563623118,-0.04754747719965473,0.005338518496876025,1241,1,0.05065002303867469,-0.02914807485706017,-0.0028653633720507085,9.302063795374714e-06,-1.4795971588243612e-05,0.00496726741819834
33.626,0.3233932097267195,1.0662937247418474,2.8460951883515273,0.1698578245160975,-0.052785365132677,0.002996428922905381,1242,1,0.05062249524034094,-0.029151315428730083,-0.0028654791567298073,9.542163705183035e-06,-1.4593167003976124e-05,0.004967490553026605
33.651,0.3277532522389642,1.0649347548909005,2.8462492138522224,0.16056603699646196,-0.05214088332199828,0.014504034017342888,1243,1,0.05064845527909037,-0.029153770507266148,-0.002865494937547542,9.7037309546817e-06,-1.423404069568186e-05,0.00496818634560818
33.676,0.33142151157654326,1.0636866805757472,2.8468203900523945,0.12424681866157235,-0.04833602065328177,0.03577997277570003,1244,1,0.05063689805693276,-0.029161438479264945,-0.0028657335824108475,9.789669764684423e-06,-1.4038366804798171e-05,0.0049684651941773374
33.701,0.33396559317204244,1.0625179538582366,2.8480382124910073,0.06650881105783646,-0.04654277408984429,0.06481701439629374,1245,1,0.05061939036649125,-0.02917992791228257,-0.0028661251589191254,9.765597833526452e-06,-1.3936892202259235e-05,0.004967534790890712
33.726,0.3347469521294349,1.0613595418712551,2.850061240772209,-0.015828223615860015,-0.03924624996353156,0.09975612311120442,1246,1,0.05059560903748235,-0.029222839202066014,-0.00286644251287556,9.886892238025567e-06,-1.386731475430861e-05,0.004967506317907171
33.751,0.3331741819912495,1.06055564136006,2.8530260186465672,-0.11368415762306769,-0.023991301708028608,0.1387044465585478,1247,1,0.05055939958612156,-0.029231306635525606,-0.0028666129410787724,9.866915831315858e-06,-1.3754878130050566e-05,0.004966533063214104
33.776,0.329062744248281,1.0601599767858536,2.856996463100137,-0.2211010291072424,-0.019908837691645056,0.18098129636959348,1248,1,0.050547595385015874,-0.029187834972498657,-0.0028670620906364333,9.625236510470646e-06,-1.3738304669116881e-05,0.004967894833401936
33.801,0.3221191305358864,1.0595601994754777,2.8620750834650477,-0.33398090170676087,-0.01774553175149064,0.225335430960833,1249,1,0.05056125357133715,-0.029204829659505185,-0.002867674547720704,9.766729113985773e-06,-1.3590792229826835e-05,0.004968909156142408
33.826,0.31236369916294393,1.0592727001982791,2.868263234648178,-0.45004520704703405,-0.009053103036991654,0.2707069093688184,1250,1,0.050569282228266274,-0.029185337212880927,-0.002868320255881763,9.69904078369338e-06,-1.3549950282611142e-05,0.004970717746525721
33.851,0.299616870183536,1.0591075443236282,2.875610428933488,-0.5643921470565226,-0.006795347633486268,0.31558934059499516,1251,1,0.050540342774973795,-0.029174222723866154,-0.002869038674840869,9.634411319055938e-06,-1.3535095463955068e-05,0.0049707367321585256
33.876,0.2841440918101194,1.0589329328166048,2.884042701677927,-0.6673722942138401,-0.005244213163603902,0.3580360558221646,1252,1,0.05051806357817559,-0.029179126938718568,-0.002869907191590081,9.853781701359896e-06,-1.3510597748997299e-05,0.0049711224981091725
33.901,0.26624825547284114,1.058845333665448,2.8935122317245976,-0.7656341428410226,-0.006298637653032198,0.39871027813999027,1253,1,0.05053449974845451,-0.029168327423149364,-0.0028705789028619054,9.8881955284341e-06,-1.3133404282611368e-05,0.004972868751546267
33.926,0.245862384668065,1.0586180009339532,2.903978215584928,-0.8713935895156856,-0.0060535419974753315,0.4356274682985787,1254,1,0.05057122051111802,-0.02918620628620858,-0.0028711995644508277,9.922433746973484e-06,-1.268629884018637e-05,0.004972312857353846
33.951,0.22267857599705934,1.0585426565655742,2.9152936051395253,-0.9747496260259707,-0.001037263883749754,0.468337145566986,1255,1,0.050551660638816255,-0.029195346508306227,-0.0028719378428386185,9.65080274756607e-06,-1.2541556774595418e-05,0.004973553428834391
33.976,0.19712490336676924,1.0585661377397657,2.927395072863276,-1.071027051596715,0.0020202491181021726,0.4964265080905699,1256,1,0.05054604708245955,-0.029189669036132234,-0.0028725776240087,9.56139421183091e-06,-1.2564795139180824e-05,0.004974013908719949
34.001,0.16912722341722664,1.0586436690214793,2.9401149305440524,-1.1664225811725086,0.002633357941230538,0.5187286714976127,1257,1,0.05053304491439183,-0.029184236799017108,-0.002872907931971887,9.522701494035069e-06,-1.2503076642989573e-05,0.004975299683531824
34.026,0.13880377430813884,1.0586978056368272,2.953331506438159,-1.2548063569388672,0.007082316759920389,0.5357536031010733,1258,1,0.05052576606879826,-0.02918838860515701,-0.00287299542150732,9.424863877615103e-06,-1.2311526248437647e-05,0.0049761302007699446
34.051,0.10638690557027793,1.0589977848594754,2.9669026106991083,-1.346604575535294,0.004523343236533507,0.5482280646711458,1259,1,0.050539691585282084,-0.029148853205006764,-0.002873051867393855,9.395921567722813e-06,-1.1874534012332643e-05,0.004978749208071404
34.076,0.07147354553137797,1.058923972798654,2.9807429096717146,-1.4329799544801607,0.004700841248115584,0.5538277594989132,1260,1,0.0505228114434072,-0.02919320923284524,-0.0028733313953072243,9.428028331312572e-06,-1.165187684708338e-05,0.004977772325049718
34.101,0.034737907846273966,1.0592328269218811,2.9945939986740524,-1.5029475817237536,0.008996449496603788,0.5522257237347054,1261,1,0.05053407757817665,-0.029162950740405015,-0.0028737053607370165,9.20973599742491e-06,-1.1629154865967504e-05,0.004979129947408319
34.126,-0.0036738335548054447,1.059373795273484,3.0083541958584483,-1.5617979251279586,0.0058140149682146015,0.5453604323550266,1262,1,0.05054127172350567,-0.02917253987388726,-0.002874090533887765,9.089759142024649e-06,-1.1657227899388052e-05,0.00497968458873579
34.151,-0.04335198841013061,1.059523527670292,3.021862020291806,-1.5802264755847881,0.009402795919001592,0.5318438947922379,1263,1,0.05056828046675636,-0.02917809783611162,-0.002874431606770747,9.053338048854827e-06,-1.1692109932366139e-05,0.0049806960629946335
34.176,-0.08268515733405159,1.0598439350694342,3.0349463905980625,-1.5680785334061595,0.009832581437488334,0.5124678429718468,1264,1,0.05058505554132806,-0.029155471883123882,-0.0028750250010228144,8.95293069269818e-06,-1.179982344934212e-05,0.004982208699411564
34.201,-0.12175591508043412,1.0600151567421663,3.047485412440397,-1.5339873693989694,0.005972552734512588,0.4882337133871595,1265,1,0.05057542244923207,-0.029167710495962805,-0.0028760557060296195,8.87923621355697e-06,-1.1819087578050343e-05,0.004982906029887478
34.226,-0.1593845258039957,1.0601425627061598,3.059358076267419,-1.4680348990410603,0.0023194528630245057,0.4592223054258676,1266,1,0.05059937469446103,-0.02917775824404781,-0.0028774851182731126,9.061931628097223e-06,-1.1665240397564081e-05,0.004983192602060992
34.251,-0.19515766003248297,1.0601311293853175,3.070446527711689,-1.372945097938928,0.00420960374193999,0.4253036924187629,1267,1,0.05061706574877987,-0.029208700203972978,-0.002879075961460079,9.29810817220962e-06,-1.171062148825288e-05,0.004982266199152044
34.276,-0.22803178070094796,1.0603530428932568,3.080623260888359,-1.23803048634761,0.006863920166270657,0.3868001641783384,1268,1,0.050617088605392144,-0.02919403824379469,-0.0028805426458737575,9.391758480789037e-06,-1.174864621496865e-05,0.004983136654929928
34.301,-0.25705918434986874,1.060474325393631,3.0897865359206076,-1.0899156135707948,0.0054936385613094454,0.34596293741581097,1269,1,0.05065264350888125,-0.029188850185046127,-0.0028819652678600755,9.526653058979446e-06,-1.1556388194833989e-05,0.004983820604426046
34.326,-0.2825275613794846,1.0606277248213223,3.0979214077591486,-0.945148589882469,0.005000936901496118,0.30288188573428465,1270,1,0.05065025828107835,-0.029179133825381114,-0.002883431104498965,9.715680045555337e-06,-1.1545950906674191e-05,0.004983757982362992
34.351,-0.3043166138439895,1.0607243722387059,3.104930630207321,-0.8026431252022493,0.0007349788474364933,0.25794090445173135,1271,1,0.05065231935666736,-0.029176885996313382,-0.002884728591447122,9.858192830769005e-06,-1.1569646820235885e-05,0.004983775436897523
34.376,-0.3226597176395948,1.060664473763694,3.1108184529817344,-0.6656601657309446,-0.0005539126840492042,0.21339361993930117,1272,1,0.05063613362332318,-0.02919972962656373,-0.0028858438648990802,1.0115160137968675e-05,-1.1582509977020039e-05,0.004983767696541303
34.401,-0.33759962213053957,1.0606966766045034,3.115600311204287,-0.5281083504599398,0.006019678714208096,0.16959299616549625,1273,1,0.050607562519435635,-0.029202007789624125,-0.002886810431242261,1.0420873457041592e-05,-1.1633102944877244e-05,0.0049829264223852
34.426,-0.349065135162594,1.0609654576994045,3.11929810279001,-0.3881234354431971,0.0013810117800439844,0.12677182981725654,1274,1,0.05059230026152927,-0.029161216773704347,-0.002887624995622263,1.0440994933215379e-05,-1.1717192902512403e-05,0.004981830781373344
34.451,-0.3570057939026983,1.0607657271935056,3.1219389026951494,-0.256335022642591,-0.0012173948171635,0.08840374427706413,1275,1,0.050620683005015876,-0.02919662547559547,-0.002888190842831979,1.0676256746372442e-05,-1.1947027918261801e-05,0.004982498754348278
34.476,-0.36188188629472284,1.0609045879585464,3.123718290003863,-0.1266889102626517,0.003296039474381028,0.05567680713046347,1276,1,0.05061307298692051,-0.029171330497504113,-0.002888130593950842,1.0805991157164927e-05,-1.2408034805828515e-05,0.0049813602604105445
34.501,-0.36334023941583055,1.0609305291672246,3.1247227430516724,0.00047536281845613035,0.0032007166661560164,0.02889849824487565,1277,1,0.05065363732190657,-0.029161942531328557,-0.0028871778322381693,1.0933477228221784e-05,-1.2572952055533979e-05,0.004980576189373469
34.526,-0.36185811815380003,1.0610646237918542,3.125163214916107,0.11603606723456404,0.0016844781820023144,0.009803281061814547,1278,1,0.05066499259563099,-0.02913397796104935,-0.0028854653926955244,1.0950070791432426e-05,-1.2738034350676714e-05,0.004979552331508259
34.551,-0.35753843605410185,1.0610147530763248,3.125212907104763,0.23244198517634806,-0.004478636273686198,0.00266659773702231,1279,1,0.050648868248694696,-0.029137048090658497,-0.0028835323136854668,1.0981151588151162e-05,-1.285733215257039e-05,0.004980111143392119
34.576,-0.3502360188949833,1.0608406919781699,3.125296544802958,0.3412603397663288,-0.011176896187877285,0.02766063243894103,1280,1,0.05065327009575132,-0.02915502653139626,-0.002881575713668616,1.0892589974638721e-05,-1.2919455340350753e-05,0.004980225352155666
34.601,-0.3404754190657864,1.060455908266931,3.12659593872671,0.4302654342938839,-0.01835724052083536,0.10354220591280472,1281,1,0.050657961532333595,-0.029189439896042453,-0.002879624950823126,1.0876266238540085e-05,-1.2902500013155954e-05,0.0049800061739186845
34.626,-0.3287227471802903,1.0599228299521282,3.130473655098598,0.48980479973071356,-0.03852765040937128,0.2285269032355846,1282,1,0.05063502416444741,-0.029187375882337788,-0.002877761822553691,1.085381974931095e-05,-1.2966429674569732e-05,0.00497938143353614
34.651,-0.3159851790792486,1.0585295257464622,3.1380222838884904,0.471860688529587,-0.0844957600794566,0.3930716067656823,1283,1,0.050616115260159106,-0.029196302479401543,-0.002876216027390246,1.0662285929796247e-05,-1.295913127113606e-05,0.004980187204718008
34.676,-0.30512971275380896,1.055698041948155,-3.1330580717427026,0.37492845821028875,-0.1435321905122537,0.5886982110065709,1284,1,0.050605811926982824,-0.02922095442604167,-0.0028750783376822048,1.0685347820777046e-05,-1.2922694312829069e-05,0.004980729812642067
34.701,-0.29723875616873524,1.05135291622085,-3.115728112740769,0.26610983132871424,-0.21221289766696447,0.8055425894912651,1285,1,0.050549089269094336,-0.02920637414290046,-0.002874143881836986,1.0632958583392355e-05,-1.2865752723834731e-05,0.004981453926418552
34.726,-0.291824221187374,1.0450873970648074,-3.0927809422681416,0.1715615889342956,-0.28562637533481383,1.0350336545944094,1286,1,0.05051668037634912,-0.02921682832293813,-0.0028736578716473736,1.0685893737714134e-05,-1.2923441615859009e-05,0.004982401742601951
34.751,-0.28866067672202095,1.03707159745411,-3.0639764300110515,0.07565233157541561,-0.3600764038803432,1.2701192069401106,1287,1,0.05052998550679599,-0.02922588745107234,-0.0028735949839944954,1.0699280439278549e-05,-1.2728940408767152e-05,0.004984281345435306
34.776,-0.2880416046086029,1.0270835768707887,-3.0292749819211306,-0.011059903287966744,-0.4364787064056347,1.5037966821214483,1288,1,0.050491931223464084,-0.029245212650052383,-0.002873816470741646,1.0774911618543512e-05,-1.2631992164486619e-05,0.00498691309065725
34.801,-0.28921367188641933,1.0152476621338264,-2.9887865959049726,-0.07699417325793483,-0.5195383016563577,1.7307931820518714,1289,1,0.05048735585718867,-0.029223693281090347,-0.002874423056936799,1.0787487709692361e-05,-1.2461758092727387e-05,0.004991133668845703
34.826,-0.2918913132714994,1.0011066617879723,-2.942735322818542,-0.14328031842257763,-0.6112019718694875,1.9446348337124992,1290,1,0.05051180981422846,-0.02922235173485371,-0.0028752672643465793,1.0863040195811683e-05,-1.2177058350302665e-05,0.0049948198139254125
34.851,-0.2963776878075478,0.9846875635403538,-2.891554854219353,-0.19972254414838989,-0.704787581754538,2.1397771385402438,1291,1,0.05047243394284784,-0.029220367722552903,-0.0028761539592343874,1.1042276304252881e-05,-1.1753440113396356e-05,0.004999430998135138
34.876,-0.30187744047891835,0.9658672827002474,-2.835746465891536,-0.24478429046368788,-0.7912310766469113,2.3119449087182424,1292,1,0.05047938200086654,-0.029238028811297678,-0.002877062608935164,1.1378386633244477e-05,-1.1087478305660843e-05,0.005004467297924085
34.901,-0.30861690233073324,0.9451260097080049,-2.7759576087834312,-0.28885099965586614,-0.8820284143491478,2.4594340675965434,1293,1,0.05047172064448244,-0.029191629323027615,-0.0028777460722253967,1.1656961566158178e-05,-1.0644178230756483e-05,0.005012493828047544
34.926,-0.3163199904617129,0.9217658619827862,-2.7127747625116982,-0.3239291946788787,-0.9734139188593669,2.5787621734772115,1294,1,0.050466020689462654,-0.029208265469716638,-0.002878257387223561,1.208524247075935e-05,-1.0371136241701014e-05,0.005017692118604068
34.951,-0.32481336206467626,0.8964553137650393,-2.647019500109578,-0.35748943471638184,-1.057137310537777,2.665494492162584,1295,1,0.05048710380952034,-0.029177100096547975,-0.002878526025316875,1.244870065620497e-05,-1.0260408523515665e-05,0.005024201203565276
34.976,-0.33419446219753096,0.8689089964559004,-2.5795000379035766,-0.3871104936795653,-1.1522925507173454,2.7200769600477983,1296,1,0.05049499759113319,-0.029152210829412148,-0.0028786824603887237,1.2819632657010588e-05,-1.0281396430656865e-05,0.005031130158250389
35.001,-0.3441688867486534,0.8388406862291753,-2.511015652107196,-0.4155037955788944,-1.2434268302383307,2.740835823485061,1297,1,0.05051489673643869,-0.02919170183140219,-0.002878568475848582,1.3364741894626309e-05,-1.0144640245916748e-05,0.005036307123602006
35.026,-0.35496965197647745,0.8067376549439785,-2.442458246729312,-0.4460811258313732,-1.3250716231018502,2.726292925636996,1298,1,0.050511327916696075,-0.02920286467888385,-0.0028784934414821093,1.3649967970609518e-05,-1.002518724882182e-05,0.005042163960517529
35.051,-0.366472943040224,0.7725871050740771,-2.3747010058253344,-0.47351558080842043,-1.407567530865692,2.67770821062472,1299,1,0.05049705741598311,-0.02919874273213867,-0.0028784763193789066,1.3799457815014287e-05,-9.845632251377202e-06,0.005048815325411134
35.076,-0.3786454310168971,0.7363592784006979,-2.3085728361980835,-0.48597902904516366,-1.4880387415496912,2.597009769406503,1300,1,0.05046534612504512,-0.02918726154226682,-0.0028785406169540765,1.3698729241812078e-05,-9.88302697899644e-06,0.005055222430308813
35.101,-0.3907718944924808,0.6981851679965968,-2.2448505173550166,-0.4878627869279073,-1.5560654688773896,2.4854676128641087,1301,1,0.05046772671992863,-0.029251817427450935,-0.0028786360088060917,1.4019279556371103e-05,-9.466626582084522e-06,0.005058570108813242
35.126,-0.4030385703632911,0.6585560049568329,-2.184299455554885,-0.5008432895833542,-1.5943409731412035,2.3426414743822344,1302,1,0.05047287844491689,-0.029314992370429203,-0.0028787060131351037,1.4416801016670516e-05,-9.043215564461644e-06,0.005060762677159301
35.151,-0.41581405897165064,0.6184681193395298,-2.127718443635895,-0.49241253225591497,-1.5975826569446576,2.1733849662497042,1303,1,0.05043101106561047,-0.029278584605091914,-0.002879151523732209,1.4540103943399418e-05,-9.025191894948818e-06,0.0050660945087263355
35.176,-0.42765919697608895,0.5786768721095932,-2.0756302072423907,-0.45169048430586684,-1.5201547796859913,1.9821221480751887,1304,1,0.050467561560999255,-0.02930623523873353,-0.0028797608211784315,1.4593001263840148e-05,-8.662458160417436e-06,0.005069563881445841
35.201,-0.4383985831869427,0.5424603803552346,-2.028612336232141,-0.4050801322657835,-1.3762612991189709,1.7705225037217727,1305,1,0.05051274642863171,-0.029300953444348514,-0.0028806515286184282,1.4438290381525433e-05,-8.223699626215594e-06,0.0050730093122745325
35.226,-0.447913203589377,0.5098638071536485,-1.987104082056307,-0.35789277282511167,-1.2267733958615077,1.5456180566272062,1306,1,0.050538954116350183,-0.02932113944481333,-0.0028815573336010715,1.4450377732504611e-05,-7.859391625862785e-06,0.0050771096183537395
35.251,-0.45629322182819726,0.4811217105621627,-1.9513314334007852,-0.3184890131874513,-1.0763389923434856,1.3135265683085375,1307,1,0.05057529570657112,-0.029318293218886668,-0.002882266430697975,1.4334467986733115e-05,-7.6091452447257e-06,0.005080327851436486
35.276,-0.4638376542487509,0.4560468575364697,-1.9214277536408748,-0.2810857515915859,-0.9342733329773647,1.077882573591197,1308,1,0.050588262868884536,-0.029274019429450165,-0.00288250997573087,1.4114347023280233e-05,-7.523996214259237e-06,0.005081402601536984
35.301,-0.47034750940777775,0.43440804391329046,-1.897437304721221,-0.23025512409706161,-0.7982534691939202,0.8461549225194213,1309,1,0.05058868095925434,-0.029240946811762238,-0.002882422840808971,1.3876028245478887e-05,-7.3630329375091015e-06,0.005083052388137785
35.326,-0.4753504104536033,0.41613418407677594,-1.8791200075149062,-0.18532714267126715,-0.6643192773175632,0.6270781556100947,1310,1,0.050619375787388794,-0.029288709619502112,-0.0028819633128153656,1.3834252626154598e-05,-7.034104614205385e-06,0.005084026686600953
35.351,-0.4796138665413406,0.4011920800474142,-1.866083396940718,-0.15512081035154218,-0.5314401466691256,0.4285363157879884,1311,1,0.050622257476505665,-0.029291920221911717,-0.0028813708258844067,1.3590792334587111e-05,-6.899048247114513e-06,0.005083705636633575
35.376,-0.48310645097118,0.38956217674332116,-1.857693191725508,-0.11866136625134015,-0.39891731996298513,0.25735560119137385,1312,1,0.05061495224136894,-0.029259661549562832,-0.0028806147887887683,1.3206512769873117e-05,-6.647909144827601e-06,0.005080648534481771
35.401,-0.4855469348539081,0.38124621404926323,-1.8532156168811482,-0.08167553313092238,-0.27583029274969784,0.12301429349952658,1313,1,0.05063296387486714,-0.029239556188469146,-0.0028797117243771725,1.2940820033859484e-05,-6.251514403397254e-06,0.00507977113299516
35.426,-0.48719022762772646,0.3757706621058351,-1.8515424770505313,-0.047319796519134566,-0.15333938624739735,0.03698643651161004,1314,1,0.050604887599525986,-0.029222967695087504,-0.0028788575086219122,1.2940736275080178e-05,-6.007820714100384e-06,0.005079606331406504
35.451,-0.4879129246798647,0.3735792447368938,-1.851366295055568,-0.004866201807115777,-0.031455764056502314,-0.0015903928582972975,1315,1,0.05061724560148649,-0.02919563828408899,-0.0028784740671279154,1.2772517881254813e-05,-5.572210434569657e-06,0.005081004515803282
35.476,-0.48743353771808223,0.37419787390301007,-1.851621996693446,0.02723642825500349,0.08572879087494199,-0.038978049423763476,1316,1,0.05062400721248569,-0.02923864481160047,-0.002878774116234324,1.3015582076445508e-05,-5.2977500742208785e-06,0.005077394073193366
35.501,-0.4865511032671146,0.37786568428064066,-1.853315197526756,0.050544839122580586,0.20281239586607594,-0.11834358973864191,1317,1,0.05063072009134386,-0.029200639691251033,-0.0028794464288009864,1.3007690163214282e-05,-5.030925582108911e-06,0.005075748910833778
35.526,-0.484906295761953,0.38433849369631473,-1.8575391761803786,0.06908315452663316,0.3146274121213864,-0.23646613010686696,1318,1,0.05063487730475749,-0.029200017517150064,-0.002880433930410149,1.3208481905867134e-05,-4.7497583214628905e-06,0.005075928040103918
35.551,-0.48309694554078264,0.3935970548867113,-1.8651385040321002,0.054400186074275755,0.41668276523341635,-0.3866493734719121,1319,1,0.0506313159389207,-0.029216000052143504,-0.0028814774209362233,1.3401880153773656e-05,-4.3384771128064804e-06,0.005072903567251855
35.576,-0.48218628645823935,0.40517263195798436,-1.876871644853973,0.0021611609915418556,0.49468582956414914,-0.5631663429897991,1320,1,0.050593537567916534,-0.029206751058918456,-0.002882424054433355,1.3267824090250897e-05,-3.99889279053675e-06,0.005070952665746542
35.601,-0.48298888749120555,0.41833134636491737,-1.8932968211815886,-0.08519610702936871,0.5364420268388609,-0.7568303966353337,1321,1,0.05057856538406776,-0.029201771215402957,-0.00288331320729649,1.3282557088291212e-05,-3.41694684107412e-06,0.005070424654632879
35.626,-0.48644609180970755,0.4319947332999259,-1.9147131646857374,-0.19464623844812073,0.540913313239863,-0.960023002602444,1322,1,0.05057639952857258,-0.02919196212281294,-0.002883880866578378,1.3255224138501703e-05,-2.884007962542115e-06,0.005069286121133033
35.651,-0.4927211994136124,0.4453770120269128,-1.9412979713117147,-0.3065391244943965,0.5107834859691649,-1.1695972152722225,1323,1,0.05060789834187457,-0.02919353925670192,-0.002884185988700613,1.3186823740846281e-05,-2.3057091560430047e-06,0.00506357616818367
35.676,-0.5017730480344287,0.4575339075983863,-1.9731930254493535,-0.41862441271401757,0.47449260413261063,-1.3798358480605606,1324,1,0.050566335508270825,-0.029229611545188043,-0.0028841231470865905,1.3165753192531566e-05,-2.0479922633262505e-06,0.005059383424694897
35.701,-0.5136524200493121,0.469101642233542,-2.0102897637147388,-0.5337879376843327,0.45089310148602857,-1.5835735786227556,1325,1,0.0505568767755387,-0.029239431513507688,-0.002884067909593194,1.291546155893315e-05,-1.7199092865606423e-06,0.005054911900401432
35.726,-0.5284624449186438,0.48007856267268645,-2.0523717043804868,-0.6370706969775004,0.41795994476797094,-1.7777408514083726,1326,1,0.050563566850284014,-0.029200015254514995,-0.002883989731676323,1.246800341668048e-05,-1.2476325440179323e-06,0.005048759843128324
35.751,-0.5455059548981853,0.48999963947193936,-2.0991768062851524,-0.7348769286759356,0.37304566522868216,-1.9581524039466487,1327,1,0.050569135352355035,-0.029228889685745087,-0.00288402041303406,1.2375556760358985e-05,-9.587381820135778e-07,0.005043198702750391
35.776,-0.5652062913524437,0.49873084593412215,-2.1502793245778276,-0.8353452451754559,0.319491391304138,-2.1197938661517814,1328,1,0.0505697014265275,-0.02921580904946263,-0.0028842890787339624,1.2106855832750994e-05,-6.221498204663239e-07,0.005037173917817567
35.801,-0.5872732171569617,0.5059742090371476,-2.2051664995927505,-0.9307001588249638,0.26279419036168866,-2.2626781690168096,1329,1,0.050548405863365155,-0.029207722792985225,-0.002884904622288878,1.2063951375211615e-05,-5.446458467099337e-07,0.005027438325750859
35.826,-0.6117412992936893,0.5118705554522058,-2.2634132330286616,-1.015579158370279,0.21038355958184904,-2.3826558409895093,1330,1,0.05052620840453128,-0.029170188037326256,-0.0028858114133032352,1.1963165292738402e-05,-3.869174352817901e-07,0.005022474924565359
35.851,-0.6380521750754727,0.5164933870162395,-2.324299291642219,-1.0955606679632912,0.1590401172250801,-2.4751005449487438,1331,1,0.050524663496503926,-0.02920074288769325,-0.002886875961437895,1.2171117980040289e-05,-3.0206906422807066e-07,0.005015745499608017
35.876,-0.6665193326918507,0.5198225613134594,-2.3871682602760917,-1.1885497473924542,0.11751251271829075,-2.5412361475284726,1332,1,0.05050884443461518,-0.029242297383624247,-0.002887842419500708,1.2462865627637251e-05,-3.1185295684890055e-07,0.0050076345522092735
35.901,-0.6974796624451005,0.5223690126521545,-2.4513610990186536,-1.2814021476022326,0.07706222496953972,-2.5803180333573494,1333,1,0.05051313681430233,-0.029198836942335004,-0.002889013985408824,1.2524602259455359e-05,-9.049368462930292e-08,0.005000614213845742
35.926,-0.7305894400719678,0.5236756725619367,-2.51618416194397,-1.3593759338567297,0.030115734602322353,-2.5898141985806737,1334,1,0.05049587114301246,-0.02916241791546963,-0.002890352635267569,1.2736917932611411e-05,1.8685561469953054e-07,0.00499351107989383
35.951,-0.7654484591379331,0.5238747993822706,-2.58085180894768,-1.436647127168384,-0.011791877974907775,-2.5698101192478036,1335,1,0.05049616379302237,-0.029175135932479272,-0.0028916570810090365,1.3035625004971117e-05,2.934889012640467e-07,0.0049863335360543996
35.976,-0.8024217964303829,0.5230860786631913,-2.644674667906353,-1.513851482269441,-0.045586694300197385,-2.5220852023724496,1336,1,0.050486038734992744,-0.029155409949645113,-0.002892936173379918,1.3219616979323054e-05,5.032104968453857e-07,0.004977354166272258
36.001,-0.8411410332514009,0.5215954646672608,-2.7069560690662953,-1.583208249548787,-0.08242600310093459,-2.446341478472145,1337,1,0.05049018512543118,-0.029101581968308844,-0.0028941450140982927,1.3258545920046067e-05,8.098287929644782e-07,0.004969560490481768
36.026,-0.881582208907829,0.5189647785081443,-2.7669917418299708,-1.6417682694752966,-0.11517851163295306,-2.3437826825036057,1338,1,0.05047267403427989,-0.02911494683028426,-0.002895308290432649,1.339328016396015e-05,7.063377796174309e-07,0.004961792795990395
36.051,-0.9232294467251727,0.5158365390856127,-2.8241452031914855,-1.6677591317622114,-0.1319325547418701,-2.2164398488956945,1339,1,0.05049236259413051,-0.029142541334470466,-0.0028964765534262365,1.3585022713485699e-05,5.924098602682818e-07,0.004954126506811681
36.076,-0.9649701654959348,0.5123681507710511,-2.877813734274749,-1.6056698844505914,-0.1294046070663464,-2.0669034374163098,1340,1,0.05053283266518236,-0.029192530326027016,-0.0028973917050644942,1.3874317767681413e-05,4.603445343510036e-07,0.004946181659747785
36.101,-1.0035129409476977,0.5093663087322957,-2.927490375062295,-1.470713189245058,-0.11650316717755067,-1.898270617116832,1341,1,0.05059397444978466,-0.02921925944112263,-0.0028978896008860526,1.4121972967103679e-05,5.575288732369716e-07,0.004939301647491747
36.126,-1.0385058249581836,0.5065429924121739,-2.9727272651305854,-1.3170381079925595,-0.1030492856350863,-1.7122787103226904,1342,1,0.05058624414988042,-0.029245202590688687,-0.002898104206554979,1.4215763760351006e-05,2.9673950890378147e-07,0.004933418869307085
36.151,-1.0693648463473313,0.504213844450541,-3.013104310578437,-1.1644340937400461,-0.08074244232384875,-1.514014600954092,1343,1,0.050615364173929665,-0.029284094590948245,-0.0028979448490369874,1.4564440289683901e-05,5.639892624548145e-08,0.004926693693259409
36.176,-1.0967275296451908,0.5025058702959811,-3.0484279951782964,-1.0181129156021698,-0.05938506768809919,-1.3081422175724933,1344,1,0.05062027921962967,-0.029265396786737792,-0.0028974018140115803,1.4541021664200361e-05,-9.639558075507227e-09,0.004920952056157205
36.201,-1.120270492127437,0.5012445910661362,-3.078511421457058,-0.865100258678622,-0.046684376462309704,-1.0976459176316402,1345,1,0.05064538320866786,-0.0292455969168441,-0.002896398584885046,1.4507070702982843e-05,-3.851445299332083e-09,0.004915992630447778
36.226,-1.1399825425791195,0.5001716514728658,-3.1033102910598753,-0.7266667379621974,-0.0357773908939805,-0.888488900992967,1346,1,0.05069102887374294,-0.029259394577146054,-0.0028951189608447782,1.4666963108932771e-05,-1.6290947798801166e-07,0.004911190219254597
36.251,-1.1566038290255447,0.49945572152143725,-3.1229358665067037,-0.5913237330929395,-0.02383436788364187,-0.687320669709969,1347,1,0.05067873243906878,-0.02923061733958284,-0.0028936529529473886,1.4429616089151704e-05,-4.5105406662772207e-07,0.004906195559335529
36.276,-1.169548729233769,0.4989799330786836,-3.1376763245453767,-0.45988894216036325,-0.01996204387953056,-0.49973947964022614,1348,1,0.050701780958916406,-0.0292127582099766,-0.002892326030423067,1.4564275004537798e-05,-6.735491967234806e-07,0.004902768332106748
36.301,-1.1795982761335648,0.49845761932746063,3.135262466690868,-0.3274257874817818,-0.019512110490531587,-0.3319658952057314,1349,1,0.05065047822451395,-0.02921899414563442,-0.0028912327496360053,1.4785199069406587e-05,-1.0399021137888836e-06,0.004899926410630142
36.326,-1.1859200186078571,0.4980043275541571,3.1289106878739235,-0.19236823209291415,-0.014365862391481894,-0.1917975536119896,1350,1,0.0506694000601644,-0.029253819627610603,-0.0028903852518046827,1.4955528605606634e-05,-1.0824542167489026e-06,0.004898261770136684
36.351,-1.18921668773821,0.4977393262078866,3.1256725890102692,-0.07225336790296988,-0.009172367929293735,-0.08597247717326217,1351,1,0.05066415169641427,-0.029269910977648056,-0.0028900684457701257,1.4964093488456456e-05,-1.2106138453643095e-06,0.004896912865489975
36.376,-1.1895326870030054,0.4975457091576924,3.1246120640152606,0.05220805510969927,-0.002339011178717843,-0.022638144610620817,1352,1,0.05064091352951367,-0.02928948129612511,-0.002890441824948512,1.5275815355624585e-05,-1.4822097864854455e-06,0.004894774211047118
36.401,-1.1866062849827248,0.4976223756489507,3.124540681779738,0.17494751893569147,0.0011023060794722766,-0.004780180422460792,1353,1,0.050653472306585165,-0.02928159548280251,-0.0028913529308606783,1.5463698978634102e-05,-1.6960440045685636e-06,0.004892162855236125
36.426,-1.18078531105622,0.49760082446166604,3.1243730549941375,0.282297124347795,0.004325624473906743,-0.01686843190941463,1354,1,0.050653742931805926,-0.0293086104516568,-0.0028925442218666044,1.5696584313008806e-05,-1.875797511473988e-06,0.004890352221832994
36.451,-1.1724914287653359,0.497838656872646,3.1236972601842674,0.3569890823136638,0.02311003164854573,-0.04486105291396292,1355,1,0.050629674812931326,-0.029318889816904687,-0.0028937608728149856,1.5985197362525682e-05,-2.172646642453567e-06,0.004886916414027725
36.476,-1.162935856940538,0.49875632604409326,3.1221300023484395,0.37357696650447986,0.04747842749411361,-0.08685951346433957,1356,1,0.05062857106321507,-0.0292729454334535,-0.00289484841207317,1.5971844003508674e-05,-2.2841886920721877e-06,0.004883505779198173
36.501,-1.153812580440113,0.5002125782473515,3.1193542845110507,0.32614978924202614,0.07277365800787462,-0.14052047866690254,1357,1,0.05063779662369924,-0.029242674316892914,-0.0028961356966663286,1.58567495983706e-05,-2.1217670716876576e-06,0.004880192309159692
36.526,-1.1466283674784352,0.5023950089444873,3.115103978415094,0.2389072955568335,0.10996533655301904,-0.2034031541103691,1358,1,0.05059180686775232,-0.029249093740651294,-0.002897591378072652,1.5745090263383582e-05,-2.122066480949314e-06,0.004877164441953756
36.551,-1.1418672156622702,0.505710845075003,3.1091841268055314,0.13876063819677664,0.16243490140251762,-0.27275216014275067,1359,1,0.05056633143960852,-0.02927227252372201,-0.0028994798381117887,1.5677816728599918e-05,-2.077776735567329e-06,0.004874509943326461
36.576,-1.1396903355685968,0.5105167540146127,3.101466370407957,0.02822134994389707,0.21982722645300573,-0.3469877495723425,1360,1,0.05056794204852569,-0.029274592954123022,-0.0029018270990252473,1.5409500056193096e-05,-2.034328880259687e-06,0.004871301601081357
36.601,-1.1404561481650755,0.5167022063976526,3.091834739326915,-0.07880394423514851,0.2778391963312424,-0.42547068606416194,1361,1,0.050532240287001574,-0.029276097188336167,-0.002904119514184663,1.5191866406943821e-05,-1.818370217887416e-06,0.004867250821515112
36.626,-1.143630532780354,0.524408713831174,3.08019283610475,-0.1848464869837516,0.33442308251834063,-0.50598563171537,1362,1,0.050528115604978364,-0.0292508650615481,-0.0029062539635437332,1.4847718467114895e-05,-1.5018068664533194e-06,0.004863465298205923
36.651,-1.1496984725142638,0.5334233605235711,3.0665354577411446,-0.2804437689060251,0.3903967041102918,-0.5864311729695915,1363,1,0.05046596584240829,-0.02925263876640266,-0.0029080750376354885,1.4604530817106966e-05,-1.520950502023896e-06,0.004859757055785873
36.676,-1.1576527212256564,0.5439285490366903,3.050871277456268,-0.3585726388926406,0.44925460573989384,-0.6662978404592069,1364,1,0.050483256360911985,-0.029243633906973966,-0.002909410312283398,1.44047767413038e-05,-1.3521292466565299e-06,0.004856390033552686
36.701,-1.1676271044588948,0.5558860908105645,3.033220565718186,-0.450074998458353,0.5060621713096357,-0.7435722527510414,1365,1,0.05053752241392264,-0.029234143171953674,-0.002910165135927838,1.4377744812488e-05,-1.1384405960193696e-06,0.004853659960088331
36.726,-1.1801564711485728,0.5692316576021706,3.013692664818718,-0.5378191732831711,0.5650331313466493,-0.8168692906561523,1366,1,0.05053667572733296,-0.02923976438492681,-0.0029102804102029787,1.4387890150365798e-05,-1.0450239259759198e-06,0.0048499807597538695
36.751,-1.1945180631230519,0.5841377473778954,2.992377101185381,-0.6302371545516601,0.6234431065147318,-0.8856034537872981,1367,1,0.050580092224462976,-0.029219517703948317,-0.0029098306773348392,1.4404695168334597e-05,-7.616352638547437e-07,0.004846834551966278
36.776,-1.2116683288761585,0.6004038129279099,2.9694124921293494,-0.717120645632,0.6790749328604038,-0.9493749671623676,1368,1,0.05051823922205416,-0.029218557184163912,-0.0029090475002113533,1.42503427348221e-05,-6.774086366634157e-07,0.0048420034491850105
36.801,-1.230374095404655,0.6180914940209185,2.9449083528272584,-0.793251124613686,0.7306327829135733,-1.0060871132354827,1369,1,0.05053016179939656,-0.02920808622022722,-0.0029081398959461403,1.3875895020840626e-05,-5.719357920931998e-07,0.004838370574807252
36.826,-1.2513308851068405,0.6369354520735865,2.919108136467578,-0.875917171696373,0.7861875109135722,-1.0554898884734754,1370,1,0.05050195156997102,-0.029239253556301976,-0.002906970793157554,1.3892824723555353e-05,-7.724115037217211e-07,0.004832453474124348
36.851,-1.274169953989471,0.6574008695665948,2.8921338584035876,-0.9485814116770415,0.8406072183232915,-1.097379770490994,1371,1,0.05047829288645856,-0.029218337918787387,-0.0029057411783727266,1.382597263295649e-05,-8.375290510693838e-07,0.0048280200186921075
36.876,-1.29875995569069,0.6789658129897487,2.8642391479430316,-1.0237708945165263,0.8883427236947059,-1.130400201855998,1372,1,0.05047792225513422,-0.029232204585765628,-0.002904413228632147,1.3725003015625235e-05,-7.632763276211946e-07,0.004822799232612489
36.901,-1.3253584987153018,0.7018180057513339,2.835613848310783,-1.0955765893422196,0.9443047985829395,-1.1557590688644295,1373,1,0.050449441077417334,-0.02924971516576354,-0.002903254884404225,1.3623439035452907e-05,-6.489222913747548e-07,0.00481606582870183
36.926,-1.3535387851578056,0.7261810529188997,2.806451194499805,-1.1583289126504364,0.9940366006666134,-1.1718179286180552,1374,1,0.0504433477125599,-0.029224541743510416,-0.0029023918639842425,1.3567510923197803e-05,-4.0699690802643694e-07,0.004811337887134614
36.951,-1.3832749443478203,0.7515198357846617,2.7770229518798835,-1.2247533885683413,1.0385129134807372,-1.1787103215815757,1375,1,0.05046679455899645,-0.02924189839627973,-0.00290148954022241,1.3581809668361385e-05,-1.7468585220317017e-07,0.00480554142336357
36.976,-1.4147764545862191,0.7781066985929336,2.7475156784207297,-1.2854518023956516,1.0873459303027562,-1.1765208266469565,1376,1,0.05047099168502936,-0.02925556146372725,-0.0029007846714671276,1.3596737125058732e-05,-1.2355497098498557e-07,0.004800956146774943
37.001,-1.4475475344675992,0.8058871322997965,2.718196910547539,-1.3513715264975759,1.132177497934258,-1.1637971460647274,1377,1,0.0505240652268137,-0.029256136562794563,-0.002900286775157773,1.3645836060649195e-05,2.495221517102131e-09,0.004796910562837852
37.026,-1.4823450309111037,0.8347155734896513,2.6893258211174884,-1.4273158608772034,1.1797910594697918,-1.1424421968513612,1378,1,0.05050978848525951,-0.029292202143986687,-0.0028999070975323413,1.3691854624605835e-05,-1.1275579643581502e-07,0.004789865653286931
37.051,-1.5189133275114655,0.8648766852732911,2.661074800704966,-1.4844983568930026,1.2300680797046104,-1.1128080464310763,1379,1,0.05045522761663253,-0.029308323689008663,-0.0028995528407738014,1.3597127236854811e-05,-4.425363810014352e-07,0.004784119591971416
37.076,-1.5565699487557496,0.8962189774748783,2.6336854187959378,-1.5235357322717502,1.267886735972673,-1.0751895718673932,1380,1,0.05044902145919786,-0.029295873431757078,-0.00289907670343694,1.3388057991530502e-05,-6.151498067900254e-07,0.004779267434762618
37.101,-1.5950901141250486,0.9282710220719211,2.6073153221115994,-1.5493001488786755,1.2821067555092442,-1.0282345479561756,1381,1,0.0504491603554449,-0.02928352185685179,-0.0028985084798512166,1.3378726890105571e-05,-7.425105497781698e-07,0.004775834996735235
37.126,-1.634034956199679,0.9603243152503369,2.582273691398132,-1.522877146437861,1.2665515598959307,-0.9740548972082288,1382,1,0.05045105863415421,-0.029316480985680404,-0.00289819271569012,1.3483869712033483e-05,-1.0757767686153126e-06,0.004769439739676577
37.151,-1.6712339714469482,0.9915986000667231,2.558612577251184,-1.4427737109402208,1.1987360577575812,-0.9138590055550575,1383,1,0.050495072413547254,-0.029278364765620513,-0.0028980502121652946,1.355791824008226e-05,-1.0734800674296265e-06,0.004765575288798633
37.176,-1.7061736417466962,1.020261118138221,2.536580741120375,-1.3304891005012822,1.1053188093192408,-0.8464243200405123,1384,1,0.05050586867968174,-0.029332956302735167,-0.0028982091554303284,1.384346253629663e-05,-1.265357378717202e-06,0.004760497467763286
37.201,-1.7377584264720085,1.046864540532682,2.5162913612491606,-1.2083651998909037,1.0056454343672832,-0.775200761678931,1385,1,0.0505026085327446,-0.02929038262966232,-0.0028985862863981486,1.3703123139561733e-05,-1.3556161713362012e-06,0.004754962884530237
37.226,-1.766591901741238,1.0705433898565824,2.497820703036431,-1.0818492280310725,0.9005372491291587,-0.6989121142084673,1386,1,0.05047379357673176,-0.029330419654245172,-0.002899034331928526,1.3959921898504958e-05,-1.5187833984423764e-06,0.004751963007571755
37.251,-1.791850887873559,1.0918914029891373,2.4813457555387393,-0.9575209534329759,0.8021472705126103,-0.6203146032359812,1387,1,0.05050707453924086,-0.029300417717366602,-0.0028996053990444732,1.4172090947186294e-05,-1.393328725288261e-06,0.0047455465242817775
37.276,-1.8144679494128908,1.1106507533822163,2.466804972874629,-0.8408875326637448,0.7012838266555189,-0.5411488512880407,1388,1,0.05050356817873522,-0.029319422904420783,-0.0029004204476331522,1.451338308842958e-05,-1.456465927096618e-06,0.0047430428360645495
37.301,-1.83389526450675,1.1269555943219163,2.454288312974335,-0.7198842495399315,0.6082024270133813,-0.46076011617898827,1389,1,0.05054407263286646,-0.029320478590199456,-0.002901326592356863,1.4759876370890674e-05,-1.5667872825656871e-06,0.004738950349648902
37.326,-1.8504621618898853,1.1410608747328836,2.443766967065681,-0.6151073044952943,0.5188692764629794,-0.38182161162451717,1390,1,0.05057318087650615,-0.029299929413130813,-0.0029021851181729127,1.469676635955268e-05,-1.661825325533836e-06,0.004736578848891749
37.351,-1.8646506297315129,1.1528990581450638,2.43519723239311,-0.511549300906238,0.42729264375976006,-0.30565786421762514,1391,1,0.050551473211416315,-0.02931214128277803,-0.002902893826823088,1.4611790685202575e-05,-1.8557228498643555e-06,0.004733901783759272
37.376,-1.8760396269351958,1.1624255069208704,2.4284840738548006,-0.4033879585751443,0.33702005548362346,-0.23354262010040436,1392,1,0.05055520378233258,-0.029322756310340047,-0.0029034741524184868,1.4512356028663557e-05,-1.9528906360296986e-06,0.004732430453021997
37.401,-1.8848200276602718,1.1697500609192464,2.423520101388089,-0.2981315550210585,0.25017949393800176,-0.1671912922718945,1393,1,0.05056115758176966,-0.029335093236744297,-0.0029040558268519966,1.4559756367817453e-05,-2.1373266329102156e-06,0.00473035049802542
37.426,-1.89094620468625,1.1749344816177716,2.420124509241205,-0.19134883651234813,0.17316311103755408,-0.10840794954127991,1394,1,0.05058128903718678,-0.029337367135915525,-0.0029044817079848773,1.4838482349725922e-05,-2.1573941825307264e-06,0.004727215033867372
37.451,-1.8943874694858887,1.1784082164711236,2.4180997039110252,-0.0895320628866798,0.09044588117087818,-0.06077867609264222,1395,1,0.05058990335566391,-0.029274802653931415,-0.002904670354892579,1.5025878431996896e-05,-2.1851563236847346e-06,0.004721071199582257
37.476,-1.8954228078305837,1.1794567756763152,2.417085575436573,0.001650040833749516,0.005327070645600199,-0.027148015609814048,1396,1,0.05063362208105022,-0.029270296596759938,-0.0029050009157137063,1.552378903982354e-05,-2.2112129354710894e-06,0.004717956880508345
37.501,-1.8943049674442012,1.1786745700034036,2.4167423031305346,0.09272722447772538,-0.06557170439961509,-0.006224294784935049,1397,1,0.05063411292797073,-0.029268322327415414,-0.002905541249900158,1.5622677034415825e-05,-2.43996958547675e-06,0.004716444245556359
37.526,-1.890786446606697,1.1761781904563342,2.4167743606973264,0.18826975808247054,-0.14042418165365025,0.0023837995474271976,1398,1,0.05062630720952051,-0.02923179291709262,-0.002906346040638505,1.5684734980253705e-05,-2.553076425493489e-06,0.004711417749876003
37.551,-1.8848914795400769,1.1716533609207205,2.416861493107906,0.26994091660193154,-0.21794780576031586,0.011437496990992042,1399,1,0.050649183580190854,-0.029202581390507625,-0.0029073620772498516,1.5513816612653074e-05,-2.5205868053125915e-06,0.004710356509666548
37.576,-1.8772894007766012,1.165280800168319,2.417346235546876,0.32899116186024463,-0.2881455796684515,0.032704130435103534,1400,1,0.05062829706790352,-0.02922005784598772,-0.0029082171452127358,1.5431231551742578e-05,-2.690201808546326e-06,0.004709750665825429
37.601,-1.8684419214470656,1.1572460819372987,2.418496699629661,0.3619433963606406,-0.32193344932867574,0.06357376199971482,1401,1,0.05063026847394994,-0.02928261712027233,-0.0029091669354408384,1.5317232145914765e-05,-2.7939934325145566e-06,0.004708525053472032
37.626,-1.8591922309585702,1.1491841277018862,2.4205249236468616,0.3245453955764644,-0.3025486678088471,0.10124605255413169,1402,1,0.050626228567508806,-0.029251640057035445,-0.0029102107071520824,1.4933247171988461e-05,-2.7770017020207793e-06,0.004705297013363202
37.651,-1.852214651668241,1.142118648546855,2.423559002257368,0.2270132974839962,-0.25757817526567384,0.14303708352290226,1403,1,0.05055060347024965,-0.029262353524313185,-0.0029110993629080963,1.464087510838065e-05,-3.023262130648064e-06,0.004702379148755297
37.676,-1.8478415660843694,1.1363052189386014,2.4276767778230073,0.12475400374240929,-0.19837197237014398,0.18903684813579255,1404,1,0.050516248062205046,-0.029282748908774685,-0.0029120388986756595,1.4544344565406218e-05,-3.2578436526689095e-06,0.004700313994744973
37.701,-1.8459769514811208,1.1322000499283484,2.433010844664157,0.017676624218761934,-0.1422246939704089,0.2385865674682244,1405,1,0.05050256647075534,-0.029254198832753885,-0.0029129622430493444,1.4406853233498993e-05,-3.3834582863826416e-06,0.004698446092861633
37.726,-1.8469577348734314,1.1291939842400813,2.439606106196418,-0.08626143590278403,-0.0904438903478473,0.28814388416203623,1406,1,0.05051906110076433,-0.029293297596863024,-0.0029136226565588635,1.4633812408179668e-05,-3.175096295639067e-06,0.0046950265200559
37.751,-1.8502900232762598,1.1276778554109563,2.447418038872258,-0.18840713116169808,-0.025990373849464902,0.33678029866855547,1407,1,0.05056548316171898,-0.029294003325396275,-0.0029141307772799835,1.484677471203448e-05,-2.9179424297418926e-06,0.004693649802541721
37.776,-1.856378091431517,1.127894465547608,2.456445121129847,-0.29700811097204705,0.03601295206540426,0.3851728611666365,1408,1,0.05055651853029338,-0.029273078145232573,-0.002914474193553481,1.52098727648287e-05,-2.7320701664649513e-06,0.0046923444927630415
37.801,-1.8651404288248634,1.1294785030142267,2.4666766819305916,-0.40320517779274107,0.08907830190888318,0.4312946104506278,1409,1,0.05053410051407486,-0.029265681779050066,-0.0029146510923290787,1.5568364416003735e-05,-2.7253827913558323e-06,0.004691067388376228
37.826,-1.876538350321153,1.1323483806430519,2.478009851652377,-0.49703632086947885,0.1354887531420467,0.47326104899156035,1410,1,0.05050075919038283,-0.029272805883805406,-0.0029149768468659768,1.597262312949161e-05,-2.8244667734342495e-06,0.004691500859768405
37.851,-1.889992244868336,1.1362529406713286,2.4903397343801683,-0.5898298606829424,0.18901453600401927,0.5114422994789194,1411,1,0.05053677097196201,-0.029264493469195726,-0.002915552119101698,1.6189173083575084e-05,-2.740980167559789e-06,0.004692155964621508
37.876,-1.9060298433552985,1.1417991074432523,2.5035819666263217,-0.6930138405788075,0.24173446336113338,0.5458663658309938,1412,1,0.050504410299326286,-0.02922800274589211,-0.0029163701460835274,1.6294967480481217e-05,-2.842745114421374e-06,0.004692808959040572
37.901,-1.9246429368972793,1.1483396638393863,2.5176330526717203,-0.7843314327480131,0.2800271595399534,0.5749619999702691,1413,1,0.0504669417089761,-0.029243030242900273,-0.0029174268945210604,1.650578261389707e-05,-3.1245985493317475e-06,0.00469155490506594
37.926,-1.9452464149927025,1.1558004654202512,2.5323300666248376,-0.8693533313655616,0.3201717664186803,0.597373016329666,1414,1,0.05048771138637313,-0.029252538748278174,-0.0029184391260806295,1.6464690255655104e-05,-3.247311984045242e-06,0.004689612447687782
37.951,-1.9681106034655549,1.1643482521603195,2.547501703488202,-0.9615378075660277,0.36429787874644975,0.6129228299070004,1415,1,0.0505025344353717,-0.029265690502250502,-0.002919778808305723,1.644636741238352e-05,-3.271835192099874e-06,0.004689716264332844
37.976,-1.993323305371001,1.1740153593575726,2.562976208120186,-1.0510530336149613,0.4109659076442374,0.6213839172690159,1416,1,0.05049025947700584,-0.029288065802556155,-0.0029215099260428046,1.6411042504410364e-05,-3.399169678755972e-06,0.004689689005604901
38.001,-2.0206632551463,1.1848965475425302,2.578570899351651,-1.1377222956174833,0.4526602050607767,0.6248830626185509,1417,1,0.050463142165962864,-0.029285918653312544,-0.0029237768919479425,1.6202723016960818e-05,-3.690641914772878e-06,0.004691537657800004
38.026,-2.05020942015188,1.1966483696106134,2.594220361251116,-1.2236375121632226,0.48738770744954535,0.6212398716179294,1418,1,0.05043674745422112,-0.029312387931536614,-0.002926592092133447,1.6079440211076355e-05,-3.922343967451791e-06,0.004688244477499293
38.051,-2.0818451307544663,1.2092659329150095,2.60963289293255,-1.2967777831544707,0.5275704923214153,0.6086534423811854,1419,1,0.0504163426304851,-0.029356461401855095,-0.0029294302016916254,1.5902230612198985e-05,-4.152235282672299e-06,0.004688364866459465
38.076,-2.1150483093096,1.2230268942266826,2.6246530333701736,-1.3724379653634402,0.5613758328994497,0.5923741744337788,1420,1,0.050432393890872104,-0.029337791150794056,-0.0029317894115025505,1.5640776287940704e-05,-4.31825746731161e-06,0.004691058760357158
38.101,-2.1504670290226344,1.2373347245599804,2.6392516016542373,-1.446603678880003,0.5994567959784621,0.5692127139490267,1421,1,0.05044385962112329,-0.029393820028947547,-0.0029336368119547845,1.583807605576714e-05,-4.344118127482963e-06,0.00468740948602865
38.126,-2.187378493253596,1.252999734025604,2.6531136690676234,-1.5053498878450227,0.6450103000179502,0.5380370807093623,1422,1,0.050462906399688374,-0.02935906049560792,-0.0029349744532940424,1.5660937827052794e-05,-4.194837434019239e-06,0.004688558206387126
38.151,-2.225734523414892,1.2695852395608807,2.6661534556897077,-1.5431983324620029,0.6655197279151369,0.5035202541187914,1423,1,0.050466908512743415,-0.02930697330864238,-0.002936138606557683,1.5417325340237964e-05,-3.9567416122804335e-06,0.00469207282305792
38.176,-2.2645384098767027,1.2862757204213637,2.678289681773565,-1.5437432103520787,0.657603129959747,0.4654759127531703,1424,1,0.0504848362620207,-0.02928379093591448,-0.0029372849497465306,1.5243017828013847e-05,-3.8547702190780105e-06,0.004692159719077339
38.201,-2.3029216839324915,1.3024653960588661,2.689427251327365,-1.4803805012776958,0.6271239946578567,0.42264539330765866,1425,1,0.05052400926496165,-0.029312805260224912,-0.0029385575875261164,1.5197910472644166e-05,-3.781653725524961e-06,0.004689966644945922
38.226,-2.3385574349405833,1.3176319201542548,2.699421951438947,-1.3506428317457666,0.5757360068170997,0.37537764012925656,1426,1,0.050532402815321016,-0.029323536021400556,-0.0029399763015650945,1.5027416977768791e-05,-3.895606047006669e-06,0.004688954845173773
38.251,-2.370453825519776,1.3312521963997195,2.7081961333338267,-1.20577806962808,0.5123071341848203,0.3264163863986524,1427,1,0.050549130335336465,-0.02932346157675723,-0.002941222270154113,1.5028279092256085e-05,-3.8837386566010845e-06,0.004688744393409482
38.276,-2.3988463384219925,1.343247276863498,2.715742770758881,-1.069723348283078,0.45264090069093627,0.27672058163857954,1428,1,0.050561301664509055,-0.029337903639496416,-0.00294232581145599,1.5064296185257759e-05,-3.592356051603436e-06,0.00468680259748066
38.301,-2.4239399929339345,1.3538842414342682,2.722032162415757,-0.933637131800493,0.3987913378819923,0.22700810741253588,1429,1,0.05053586445245543,-0.029344906401332013,-0.002943332160735203,1.5126109387415674e-05,-3.5241095077648933e-06,0.004685487763529608
38.326,-2.4455281950120145,1.3631868437575965,2.727093176129507,-0.797724506950007,0.33758748458979115,0.1786695814532559,1430,1,0.0505207910542685,-0.02932842658273887,-0.002944125024179341,1.5145295111123984e-05,-3.663674815618557e-06,0.004684151964065302
38.351,-2.4638262182814326,1.3707636156637568,2.730965641488419,-0.6631078212248309,0.2831232440230408,0.13253169592624878,1431,1,0.05052681885965431,-0.029355443867784353,-0.002944708879385519,1.5259427673945023e-05,-3.826909776869976e-06,0.004682890718473989
38.376,-2.478683586073254,1.3773430059587477,2.733719760925819,-0.5309465378740788,0.2353678071397635,0.09092723161949869,1432,1,0.05053451974925493,-0.029319285933220272,-0.0029450551054818097,1.506893085249269e-05,-3.997576458306893e-06,0.004682578424149546
38.401,-2.4903735451751388,1.382532006020746,2.7355120030693945,-0.407738108135521,0.17610267296574386,0.05594339440805974,1433,1,0.05054627160152568,-0.029295285887536916,-0.002945255751406245,1.4833302086361241e-05,-4.029142945479335e-06,0.00468147097410676
38.426,-2.499070491480032,1.3861481396070356,2.7365169306462223,-0.2933279840692993,0.11398977575468576,0.02846568808372913,1434,1,0.05056150185469089,-0.029315201317518667,-0.002945493720830638,1.4718091470301999e-05,-3.914598229871506e-06,0.004679157832065738
38.451,-2.505039944378603,1.38823149480848,2.736935287473581,-0.17066194626351366,0.06802190871411039,0.009962004410165048,1435,1,0.05055175717209025,-0.02938258434235032,-0.0029456738105108,1.4818839911121762e-05,-3.967278728249805e-06,0.0046777231221229515
38.476,-2.507603588793207,1.389549235042741,2.7370150308667305,-0.052223049294702534,0.02886539143594988,0.002092393016317592,1436,1,0.05058097422647903,-0.02935504483106138,-0.0029457475229508643,1.4473002251919649e-05,-3.8419221596038405e-06,0.004675775948508327
38.501,-2.507651096843338,1.3896747643802774,2.7370399071243967,0.055471374679183214,-0.01841580055748813,0.0005318374014961593,1437,1,0.05055543816120651,-0.029349531593237294,-0.002945690404327059,1.4165707471652443e-05,-4.026074183869984e-06,0.00467322948575664
38.526,-2.5048300200592477,1.3886284450148665,2.7370416227368053,0.17444489291819143,-0.06355015880554218,0.00026758175697414393,1438,1,0.050545100430652974,-0.02934125201233565,-0.0029457760126954877,1.3696478105923535e-05,-4.015881095315422e-06,0.0046718072128081435
38.551,-2.4989288521974276,1.38649725644,2.7370532862122454,0.2842234549743578,-0.1050853432663483,0.0003388268037429946,1439,1,0.050584565977955735,-0.029309225170789002,-0.002945621853646375,1.3228313581945749e-05,-3.871784420395892e-06,0.004668913911055277
38.576,-2.4906188473105306,1.3833741778515494,2.7370585640769924,0.3643137061426523,-0.14341867061134755,-0.00019339158874310804,1440,1,0.050595905630577136,-0.029281052921712736,-0.0029450687613591896,1.2850507479463345e-05,-3.638382596432496e-06,0.004666637412079141
38.601,-2.480713166890296,1.379326322909433,2.7370436166328083,0.4117009671450823,-0.16057165632456208,-0.00015923058465539891,1441,1,0.05061080050024753,-0.029290148835030574,-0.0029443798194372563,1.2851523514166773e-05,-3.469826351335994e-06,0.004666018055575769
38.626,-2.4700337989532777,1.3753455950353217,2.7370506025477597,0.4127938359706199,-0.16602202317139186,0.0004473452936881346,1442,1,0.050651253541579934,-0.029249801347867397,-0.0029436840561990842,1.259130343264395e-05,-3.2397780555741155e-06,0.004664677106264897
38.651,-2.460073475091763,1.3710252217508627,2.7370659838974927,0.3815297771129552,-0.16204202502200843,0.0003385869933935903,1443,1,0.05061860529001989,-0.029296788051529733,-0.0029429859443744085,1.2775527499290524e-05,-3.3652252537234153e-06,0.004662967835561931
38.676,-2.4509573100976283,1.3672434937842206,2.7370675318974294,0.3316779703262729,-0.1369121216878566,0.0005531595149044536,1444,1,0.05060368536136256,-0.029313254263829133,-0.002942393024331932,1.2854147561933686e-05,-3.536353936022407e-06,0.004661243494586491
38.701,-2.4434895765754505,1.3641796156664703,2.737093641873238,0.26784690483918816,-0.11189061778187984,0.0008573119017274909,1445,1,0.05055228515774155,-0.02932304861261914,-0.002941919837574744,1.2628926749389515e-05,-3.839685726237176e-06,0.004658563685100707
38.726,-2.4375649648556696,1.361648962895127,2.7371103974925157,0.2152287030241629,-0.08588942448854597,0.00012895898469978583,1446,1,0.05051525348540828,-0.029343226339938626,-0.002941643657894003,1.2501427093135326e-05,-3.967807909682645e-06,0.004656707648980045
38.751,-2.432728141424243,1.3598851444420432,2.737100089822473,0.16492457093391458,-0.06335423806974287,-0.0001365452567902875,1447,1,0.05053684281812816,-0.029318593753726363,-0.002941631568360886,1.2165239720626016e-05,-3.791020886540625e-06,0.004655235081590077
38.776,-2.429318736308973,1.3584812509916395,2.737103570229676,0.11581170839088173,-0.039250588246827464,-0.00036410939556749347,1448,1,0.05054421456265869,-0.0293250856043835,-0.0029418830286216746,1.1968419964286662e-05,-3.6584243393958645e-06,0.004654376181988781
38.801,-2.4269375560046984,1.3579226150297017,2.7370818843526945,0.08371500059392055,-0.023893955624757737,-0.00031220614269857446,1449,1,0.05050773658857751,-0.029276661122305436,-0.002942385317920777,1.1475969399716501e-05,-3.906953082932847e-06,0.00465452337010835
38.826,-2.4251329862792774,1.3572865532104017,2.7370879599225413,0.062435897110328036,-0.02075198764982862,0.0002475719723449429,1450,1,0.05050728049398345,-0.029274100842633106,-0.0029430780672147407,1.1316512018977674e-05,-3.934242246512787e-06,0.004652901315312735
38.851,-2.423815761149182,1.3568850156472103,2.7370942629513118,0.0462132421197596,-0.014622496993777765,-0.0002005114148762147,1451,1,0.050503720267053215,-0.029266389723227967,-0.0029434515561857144,1.1295655758398225e-05,-3.999122765607186e-06,0.004651551101157003
38.876,-2.4228223241732896,1.3565554283607129,2.7370779343517975,0.03118714156374392,-0.015092728017885682,0.00014936954824128326,1452,1,0.050515384941622804,-0.0292669015330326,-0.0029438240822983372,1.1362116801591527e-05,-4.119010242038309e-06,0.004650777048564667
38.901,-2.422256404070995,1.356130379246316,2.737101731428724,0.017650951709489875,-0.014418163785941842,0.0008737108190891939,1453,1,0.05051710783140689,-0.029301720464399623,-0.002944417529585441,1.158573336982463e-05,-4.247106159711733e-06,0.004648175031276571
38.926,-2.421939776587815,1.3558345201714157,2.737121619892752,0.014164585199890306,-0.009324788152743044,0.0009062118853365124,1454,1,0.05050007851821702,-0.02932716925005167,-0.002945309284153961,1.1810514927023564e-05,-4.240268934085334e-06,0.004645625938392396
38.951,-2.4215481748110004,1.3556641398386788,2.7371470420229906,0.015185075743736374,-0.0008032125559332316,-0.0004303219373014389,1455,1,0.05050152580704749,-0.029327603762023303,-0.002946308778437701,1.1887897001818885e-05,-4.190867007160109e-06,0.004643766477350517
38.976,-2.4211805228006282,1.355794359543619,2.737100103795887,0.01534524319082829,-0.0016519957591755003,-0.0014601197359010718,1456,1,0.050487789075969854,-0.02928889379674438,-0.0029471189247425754,1.1875132415949983e-05,-4.24557835007053e-06,0.004645941550187923
39.001,-2.420780912651459,1.35558154005072,2.7370740360361956,0.00930322469089005,-0.010529600056917932,-8.941565090125128e-05,1457,1,0.0505062496204514,-0.0292966370597577,-0.0029477099753771794,1.1978935229915857e-05,-4.199261158975795e-06,0.004645896906404062
39.026,-2.4207153615660837,1.355267879540773,2.737095633013342,0.005021295399289654,-0.008229139152224195,0.0004687940117786438,1458,1,0.050486413179654285,-0.02933385526577723,-0.0029482675066779705,1.219581239440898e-05,-4.419878369332234e-06,0.00464273331355587
39.051,-2.4205298478814945,1.3551700830931088,2.7370974757367845,0.007501130223932933,-0.0017123290077104422,-0.00014814942725927826,1459,1,0.05047911181252529,-0.02933200218209911,-0.0029486819932666593,1.2108607979037627e-05,-4.540639071697265e-06,0.00464217010466395
39.076,-2.420340305054887,1.3551822630903876,2.737088225541979,0.00439560286343646,-0.0026152458816454493,0.00023948511374884102,1460,1,0.05049536847007969,-0.02931916173553726,-0.0029487459216112075,1.1984250200841815e-05,-4.695041713147737e-06,0.0046414834292188125
39.101,-2.4203100677383227,1.3550393207990266,2.737109449992472,0.0008728179200190808,-0.002469779787262068,0.00015702348695968208,1461,1,0.05051098438606603,-0.029338557572263276,-0.0029484722240719114,1.208939746331798e-05,-4.810166822682783e-06,0.004639082379239662
39.126,-2.420296664158886,1.3550587741010245,2.737096076716327,8.721485355244562e-05,0.0014319409242345871,-0.00046920776759935996,1462,1,0.050512210283296784,-0.029335481367261676,-0.002947822961406181,1.1983747762546353e-05,-4.996846823855372e-06,0.004638633582434016
39.151,-2.420305706995645,1.3551109178452383,2.737085989604092,-0.0010096608462894202,-0.0005133018747826685,0.00011214768242061732,1463,1,0.05050769702660812,-0.02932995948930846,-0.0029469878234989993,1.1928846352628135e-05,-5.23612941627489e-06,0.004637923657468535
39.176,-2.4203471472012006,1.3550331090072854,2.737101684100448,0.00028676421942820906,-0.00026928937597593824,0.0003414575069094122,1464,1,0.050506974114583485,-0.02934363445521111,-0.002946175172946451,1.2046049689667238e-05,-5.384218492203211e-06,0.004636137453901753
39.201,-2.4202913687846737,1.3550974533764395,2.7371030624794375,-0.004750746568334122,-0.00040463936313186533,0.0008299159881808765,1465,1,0.05051117684860566,-0.029331994636484428,-0.002945522842749845,1.1856037872952024e-05,-5.492206963599361e-06,0.004634745796638215
39.226,-2.4205846845296173,1.3550128770391288,2.737143179899857,-0.005086416969719854,-0.0021224013872834886,0.0006118382535813886,1466,1,0.05047459681260767,-0.0293594508127409,-0.0029450202433818165,1.1966343253641324e-05,-5.725709298611691e-06,0.00463054826380024
39.251,-2.4205456896331596,1.3549913333070753,2.7371336543921165,0.002140318043242035,-0.005149549600153685,8.312788091657099e-05,1467,1,0.05048674905549361,-0.029357202928220697,-0.002944672288956151,1.1912181467377492e-05,-5.4729872441592725e-06,0.004629416724196731
39.276,-2.420477668627455,1.354755399559121,2.7371473362939027,-5.910948974729486e-06,-0.005128918201075645,0.0005499377759754041,1468,1,0.050514425769925125,-0.029381012343413945,-0.0029445010572808706,1.2083391271051669e-05,-5.370640139435733e-06,0.004627620304371446
39.301,-2.4205459851806084,1.3547348873970215,2.7371611512809153,-0.00034298179619975675,0.0029219931860204325,0.0010355228809988991,1469,1,0.05050546420113486,-0.029382178706394597,-0.002944408612754414,1.2099134878549732e-05,-5.458681052277362e-06,0.004626046110324822
39.326,-2.420494817717265,1.354901499218422,2.7371991124379527,0.003702456648788865,0.002445330121347983,0.01634278109066671,1470,1,0.05050222590937165,-0.029352972715490512,-0.0029443143347596115,1.2160370468133945e-05,-5.461008851013859e-06,0.004624933958800924
39.351,-2.420360862348169,1.354857153903089,2.7379782903354486,0.00756700130600628,-0.010586657524852041,0.06594340253922068,1471,1,0.05051212359177509,-0.029345255101006697,-0.002943936598636147,1.239104680066736e-05,-5.4607976959939365e-06,0.00462337019897827
39.376,-2.420116467651965,1.3543721663421795,2.7404962825649135,0.01765225073993753,-0.02464944785052004,0.15478824700482463,1472,1,0.05052770056484987,-0.02936969999622302,-0.0029434135192033233,1.273625894201222e-05,-5.430007932542661e-06,0.0046218913510513325
39.401,-2.419478249811172,1.3536246815105628,2.7457177026856905,0.03363982775209597,-0.048099767717184945,0.27737475248152366,1473,1,0.050536181695295154,-0.029359138451431205,-0.0029427458528398006,1.2962596513862188e-05,-5.5300518894342925e-06,0.004621042101591207
39.426,-2.41843447626436,1.35196717795632,2.754365020188991,0.059052224016274996,-0.08231979471114338,0.4281502413048587,1474,1,0.050526613830892936,-0.029366781609442207,-0.0029421285454625658,1.3228242356652765e-05,-5.521452024968625e-06,0.00462082228009025
39.451,-2.4165256386103584,1.3495086917750059,2.767125214750932,0.09280872127421874,-0.1391531410021231,0.6040142932187985,1475,1,0.05051017367495292,-0.029318977453884263,-0.002941906181462626,1.325935065771856e-05,-5.6198996205101934e-06,0.004621770204491667
39.476,-2.4137940402006492,1.3450095209062143,2.784565734849929,0.14306086234843565,-0.2166978581143021,0.7988786769290012,1476,1,0.05048628918939636,-0.029339861926991444,-0.002942073348434158,1.3444494041307562e-05,-5.708800480573591e-06,0.004621015200555237
39.501,-2.409372595492937,1.3386737988692914,2.80706914859738,0.20482403921009004,-0.3033063191398718,1.0086526698223548,1477,1,0.05050174913208061,-0.02930870628393312,-0.0029422827999755472,1.3461764782299215e-05,-5.662178836693737e-06,0.004623239757124741
39.526,-2.403552838240144,1.3298442049492194,2.834998368341051,0.26258349580308576,-0.40193658096917456,1.2305418088850233,1478,1,0.050517620549134314,-0.029311969162431513,-0.0029426870519771663,1.3674309290289807e-05,-5.557392002326008e-06,0.004625030423200614
39.551,-2.3962434207027816,1.318576969820831,2.8685962390416364,0.3226130922582199,-0.4986827373371944,1.4590441824648201,1479,1,0.05053584674311045,-0.029328569287746808,-0.002943241066422687,1.3897417450735445e-05,-5.556285889080345e-06,0.004625829497690784
39.576,-2.387422183627234,1.304910068082361,2.907950577464288,0.37847275995530993,-0.5772684117116063,1.689411942858932,1480,1,0.05056544264729495,-0.029356269162275003,-0.002943917387185638,1.4090194250521639e-05,-5.500499766039384e-06,0.004627703563000313
39.601,-2.377319782705017,1.2897135492352523,2.953066836184578,0.4348503352899316,-0.6634093957632259,1.921030081175366,1481,1,0.050533203754074794,-0.029300406858777904,-0.002944531645937366,1.3861948634599449e-05,-5.8082573642230355e-06,0.004633846387557558
39.626,-2.3656796668627385,1.2717395982942017,3.004002081523051,0.48606663603297423,-0.7489550338127132,2.1490727614073566,1482,1,0.050559444119955214,-0.029323486959651004,-0.0029452492068383685,1.4145912745539141e-05,-5.884809250307007e-06,0.004636686126676887
39.651,-2.3530164509033664,1.2522657975446134,3.060520474254955,0.5343280659183225,-0.8345685876161911,2.3708752861287263,1483,1,0.050504803562006616,-0.02927980484838872,-0.00294610323079793,1.4077683418484198e-05,-6.235845405728241e-06,0.004644355717035601
39.676,-2.33896326356682,1.2300111689133886,3.1225458458294972,0.5924748143888862,-0.9213948167783839,2.585230180317635,1484,1,0.0505023958005871,-0.029331595409032445,-0.0029468918840847634,1.4296899506963596e-05,-6.327867446168104e-06,0.00464926267196127
39.701,-2.323392710183924,1.2061960567056969,-3.093403323908756,0.644337370982494,-0.9978279185905671,2.786609728996526,1485,1,0.05051378799387929,-0.02931076734935545,-0.002947328011470542,1.4186847940037281e-05,-6.486641456619297e-06,0.004654623057810525
39.726,-2.306746395017697,1.180119772983863,-3.0213089749002706,0.6868723583513638,-1.0814781575480164,2.974026669423147,1486,1,0.050508854566545386,-0.029338752396499183,-0.002947494887546316,1.4304208853678119e-05,-6.778152703361493e-06,0.00466120391251869
39.751,-2.2890490922663576,1.152122148828299,-2.9447019904376073,0.7374067050331405,-1.1547605334493787,3.1461869243458,1487,1,0.0504784348970904,-0.029368982194317248,-0.0029476875450235025,1.4528908610448476e-05,-6.987833696498743e-06,0.004668359713466487
39.776,-2.269876059766037,1.1223817463113892,-2.863999628682967,0.7900700556760524,-1.2275437526514852,3.3000332936671155,1488,1,0.05049031989659358,-0.02937240364144018,-0.002947917564567223,1.4439186741635891e-05,-6.951508403216445e-06,0.004675278844286967
39.801,-2.2495455894825516,1.0907449611957196,-2.7797003257542374,0.8360141973128008,-1.2964948522795687,3.4346393818357512,1489,1,0.05050055700331723,-0.029386312442918592,-0.002948318763408274,1.4559294651151689e-05,-7.104747948111728e-06,0.0046829784934557216
39.826,-2.2280753499003993,1.0575570036974145,-2.6922676595911894,0.8790214576830169,-1.3593917819161767,3.548830048776172,1490,1,0.05050707763472288,-0.0293703114333749,-0.0029490702892353378,1.4678252711320232e-05,-7.340055470596529e-06,0.004691730488414499
39.851,-2.205594516598403,1.0227753720999146,-2.602258823315439,0.927617828412996,-1.4281392008284857,3.6416549872767527,1491,1,0.05049865875151077,-0.029339577318862747,-0.0029502188315260517,1.4829972956614315e-05,-7.464053398140121e-06,0.004701308217806632
39.876,-2.181694458479752,0.9861500436559942,-2.510184910227362,0.9724115309485418,-1.5030716757540492,3.711960655577341,1492,1,0.050539314505223844,-0.029337417193050077,-0.0029516968125450427,1.4888200459814235e-05,-7.152276208632408e-06,0.004708441474307198
39.901,-2.156973940050972,0.9476217883122058,-2.416660790536556,1.0125401884804333,-1.5715528487863788,3.758258157461184,1493,1,0.05053511092039425,-0.029369759262410058,-0.0029533017865504656,1.5065404472513017e-05,-7.1705360500867645e-06,0.004715762839952201
39.926,-2.131067449055726,0.9075724012166686,-2.322272002354287,1.0511255244320659,-1.6279683693685991,3.7798406426665405,1494,1,0.050551191007717225,-0.02939199880784372,-0.002954852796841209,1.5136706289246083e-05,-7.074467219427778e-06,0.004722908471023869
39.951,-2.1044176638293717,0.8662233698437805,-2.2276687584032397,1.079163588233766,-1.6784957402050305,3.777521579927045,1495,1,0.05053877341394541,-0.029370329919447574,-0.002956092599246151,1.4984707816806422e-05,-7.1768615941184585e-06,0.004732657117121682
39.976,-2.077109269644041,0.8236476142064219,-2.1333959233579454,1.1108966610278523,-1.7125600051003849,3.7522581453555404,1496,1,0.050512351323671656,-0.02934771192525043,-0.0029568688205446284,1.487510677137485e-05,-7.268211536886124e-06,0.004741159378682943
40.001,-2.048872830777982,0.7805953695887661,-2.0400558511354734,1.1068607232191707,-1.708780093065759,3.702712918288102,1497,1,0.050561910490173834,-0.029351978916294666,-0.002957224446533916,1.4608847622296722e-05,-7.194447102993313e-06,0.004748709063325398
40.026,-2.0217662334830777,0.7382086095531266,-1.9482602774435245,1.0744124383162494,-1.6686992891132355,3.629824710655304,1498,1,0.050526786222965275,-0.029317948497423685,-0.0029572015645008215,1.4459277661354007e-05,-7.366371885388544e-06,0.004758689642964761
40.051,-1.9951522088621652,0.6971604051330972,-1.8585646156026927,1.045416722480403,-1.6122093560324597,3.5348109332849074,1499,1,0.05053784095744937,-0.02930861036161042,-0.002956954099295053,1.4251976295112233e-05,-7.24816333755696e-06,0.004767107450321838
40.076,-1.9694953973590605,0.6575981417515082,-1.7715197307792891,0.9948599932009415,-1.5453214978021448,3.4172436860294817,1500,1,0.050545784466103943,-0.029313720460057053,-0.0029566398458172826,1.4248415530646971e-05,-7.0096435104120394e-06,0.0047744748307713605
40.101,-1.945409209202121,0.6198943302429943,-1.687702431301228,0.952183977359061,-1.4795321003364024,3.2790521046726706,1501,1,0.050525569490625914,-0.02924024407327011,-0.002956228192945189,1.4161558536878708e-05,-7.1622417274728605e-06,0.0047837879051219195
40.126,-1.9218861984911102,0.5836215367346923,-1.607567125545665,0.9222821658058113,-1.4147093944118454,3.1226943447380506,1502,1,0.05053390093642853,-0.02923743642354764,-0.0029559875297905493,1.4126435272968437e-05,-7.014937247389643e-06,0.004792575743659118
40.151,-1.8992951009118264,0.549158860522396,-1.5315677140643122,0.8727581124090922,-1.3271758323521077,2.9485894083129045,1503,1,0.05055910439411735,-0.02925021200553214,-0.0029560759041829354,1.3939542587525108e-05,-6.771146023305169e-06,0.004800322349632178
40.176,-1.8782482928706519,0.5172627451170813,-1.4601376551300072,0.7978272944486173,-1.2145058994687854,2.7582154907251746,1504,1,0.050587116457896236,-0.029274164697871318,-0.0029564839589686746,1.3875297826785401e-05,-6.411684118916135e-06,0.004807524132167177
40.201,-1.8594037361893978,0.4884335655489602,-1.3936569395280611,0.7137710776202605,-1.0932182038187788,2.5544619158331403,1505,1,0.05060123080365719,-0.02926222964947836,-0.002957369455113788,1.3811655203256332e-05,-6.40729491214023e-06,0.004815516299938529
40.226,-1.8425597389896409,0.4626018349261454,-1.3324145593383574,0.6445969776996174,-0.9690399848318494,2.3400619741756135,1506,1,0.050598546808479826,-0.029267883098649933,-0.0029586515337900045,1.3907098889470518e-05,-6.440919626560237e-06,0.0048226717213504175
40.251,-1.8271738873044188,0.4399815663073705,-1.276653840819287,0.5658377326458158,-0.8432143451056475,2.117404068068464,1507,1,0.05062218165553034,-0.02935213531531161,-0.002960119503734411,1.4280132723834385e-05,-6.255395983898242e-06,0.004829335009238682
40.276,-1.8142678523573477,0.42044111767085945,-1.2265443559349252,0.48168086643712527,-0.7278119555769248,1.888423970227694,1508,1,0.05063519847297359,-0.02933844194765593,-0.0029618229651722744,1.4280393647802913e-05,-6.5218110123926266e-06,0.0048340545700268365
40.301,-1.8030898439825604,0.40359096852852117,-1.182232642307894,0.4065590381432935,-0.6225498408043716,1.6566216698597422,1509,1,0.050635133482504174,-0.029344318642709807,-0.002963564219666244,1.4264928944627353e-05,-6.79178607040097e-06,0.004839231400619318
40.326,-1.7939399004501841,0.38931362563064265,-1.1437132724419428,0.33631305043356674,-0.5192516566058987,1.425419438699037,1510,1,0.05062172073125785,-0.02930437999279449,-0.002965116606811995,1.4243273239117385e-05,-7.103662845406304e-06,0.004842288927782346
40.351,-1.786274191460883,0.3776283856982277,-1.1109616703729464,0.2733865706895222,-0.412796949612453,1.1976144001954896,1511,1,0.050605418745004835,-0.029306540197292376,-0.0029663950146658967,1.4510130976729733e-05,-7.309688339982267e-06,0.004845307810468565
40.376,-1.7802705719157088,0.36867377815002117,-1.0838325524321717,0.20736247118226644,-0.30851432086825314,0.9779459472383377,1512,1,0.05061120930544755,-0.029313742838417273,-0.0029673288254855952,1.4772131780131309e-05,-7.533405343550842e-06,0.004849103608314131
40.401,-1.7759060679017689,0.36220266965481374,-1.0620643730110253,0.14199547826035397,-0.20931755031400204,0.7695482629600702,1513,1,0.05062110512196952,-0.02931706721749803,-0.0029682041390425616,1.487390235987483e-05,-7.806794779148438e-06,0.0048516005337710544
40.426,-1.7731707980026905,0.3582079006343202,-1.0453551392841647,0.07149592320883043,-0.1071699460467762,0.5769244059212725,1514,1,0.050619893759037096,-0.029324534550950535,-0.0029691780688441056,1.4911750972343134e-05,-8.2259153932672e-06,0.004854382915019042
40.451,-1.7723312717413275,0.35684417235247523,-1.0332181527149635,0.006785704238994436,-0.009268178747899286,0.40424833534008353,1515,1,0.05063156699961232,-0.029304601487234086,-0.0029701464225944585,1.4779819104620194e-05,-8.498315160056737e-06,0.004855111198441669
40.476,-1.7728315127907408,0.35774449169692524,-1.0251427225171614,-0.0453596521494041,0.0703367105985293,0.25733716147139285,1516,1,0.05064224585020438,-0.029306942073408265,-0.002970952374597934,1.4382935371504534e-05,-8.77655615170883e-06,0.004856705460749588
40.501,-1.7745992543487976,0.3603610078824015,-1.0203512946413946,-0.10476373786653775,0.15439919754855386,0.1397349866360523,1517,1,0.050578604678805913,-0.029308603774965466,-0.002971401320880703,1.4332901704963308e-05,-9.349919898679213e-06,0.004854962637526757
40.526,-1.7780696996840681,0.3654644515743536,-1.0181559731853582,-0.15798335150835272,0.23142034849391838,0.055465286838391734,1518,1,0.05058866217261818,-0.029284679518882188,-0.0029717412411796773,1.414090553468685e-05,-9.582103971203065e-06,0.004854975327500572
40.551,-1.782498421924216,0.3719320253070984,-1.0175780302994748,-0.1693559731092272,0.25796170115127603,0.011435825587114519,1519,1,0.05062377446871977,-0.029250767990601778,-0.0029717583576912157,1.4048022497857249e-05,-9.737979070826859e-06,0.004854507556390041
40.576,-1.786537498339529,0.37836253663191666,-1.0175841819060023,-0.16088574432444627,0.24887104238351027,-0.0006486870959144055,1520,1,0.05061141163434792,-0.0292724979266678,-0.002971451281186142,1.4248240195055536e-05,-9.829256125507275e-06,0.0048546150594114155
40.601,-1.7905427091404378,0.3843755774262732,-1.0176104646542707,-0.1417781558318501,0.21987448407599058,-0.0013237779251974089,1521,1,0.05060417369482215,-0.029257486389952285,-0.0029710431303168,1.4308874432132513e-05,-1.0130362325810876e-05,0.004854477896180257
40.626,-1.7936264061311211,0.38935626083571556,-1.0176503708022624,-0.10307710973143545,0.16873650847224259,-0.0013879263371750976,1522,1,0.050613865774725895,-0.029273912811545094,-0.0029706660143102893,1.4438466525216206e-05,-1.0389602899913809e-05,0.004855345269813362
40.651,-1.79569656462701,0.39281240284988606,-1.0176798609711295,-0.06905528746303646,0.10693517612795776,-0.0012139531646403543,1523,1,0.050602664475215955,-0.02929063553495213,-0.0029703461462982058,1.4532925675299158e-05,-1.0669307379612974e-05,0.004855588008919394
40.676,-1.7970791705042732,0.3947030196421139,-1.0177110684604944,-0.04003399392869206,0.0561342691458476,-0.0006442757651293019,1524,1,0.05057833952911876,-0.0292628095020513,-0.002970145748225518,1.440260644533262e-05,-1.0901462661819114e-05,0.00485466785271387
40.701,-1.7976982643234445,0.3956191163071783,-1.017712074759386,-0.015715053757144663,0.02317229428587829,2.6955250618245085e-05,1525,1,0.0505667728182137,-0.029256411103357454,-0.0029703574571355524,1.4408369383968013e-05,-1.1129401534021232e-05,0.0048535537215381955
40.726,-1.7978649231921304,0.39586163435640775,-1.0177097206979635,0.0030633816027505,-0.0014716806545057308,-0.0005394358425015207,1526,1,0.05056526119634794,-0.029254843281150352,-0.002970771406546443,1.4489395202612343e-05,-1.1299554106086396e-05,0.004852682661309429
40.751,-1.797545095243307,0.395545532274453,-1.0177390465515108,0.015010831908556063,-0.021255582619958267,-0.0005458120233292153,1527,1,0.05054353591465618,-0.029272546079697148,-0.0029712833949317274,1.4740969229752353e-05,-1.1387755360992486e-05,0.004852013830389297
40.776,-1.7971143815967026,0.39479885522540975,-1.01773701129913,0.015383644036262932,-0.02245786784095291,-0.00020897372792203934,1528,1,0.050506199499582335,-0.029269271329389637,-0.0029718489148954216,1.4751273149553196e-05,-1.1612786136979698e-05,0.004850384837218422
40.801,-1.7967759130414938,0.39442263888240525,-1.0177494952379067,0.0034013929034728265,-0.017066938391038095,-0.0007682182534552322,1529,1,0.05051733621429292,-0.029286047359560318,-0.0029725362808278436,1.4803764348004381e-05,-1.1508095593538558e-05,0.0048500284690213315
40.826,-1.796944311951529,0.3939455083058579,-1.017775422211803,-0.0033336149885922713,-0.015714949548780503,-0.00043676271315187516,1530,1,0.05053319579139534,-0.02922863091865026,-0.0029733133032135337,1.4489148723468238e-05,-1.1366599482810655e-05,0.004849283243712723
40.851,-1.7969425937909234,0.39363689140496627,-1.0177713333735643,-0.0026803798532661206,-0.007766464427642503,-0.00012587246284390835,1531,1,0.050529309647957224,-0.02921730585590119,-0.002973869753538357,1.4321269503267265e-05,-1.133476571696599e-05,0.004847430277422231
40.876,-1.7970783309441922,0.3935571850844758,-1.0177817158349451,-0.002072612628593974,-0.00031620696413489716,-0.0005343628090503471,1532,1,0.05054183046303553,-0.029209432245034538,-0.002974100868445601,1.4238516505521485e-05,-1.1226244195023786e-05,0.0048469308153689
40.901,-1.797046224422353,0.3936210810567595,-1.0177980515140168,0.005527197011900382,0.004107695143738748,-0.0006121062362040608,1533,1,0.05054401257315552,-0.029235820677702182,-0.0029738341193137523,1.4430937129361649e-05,-1.1328718115396941e-05,0.0048466036451538545
40.926,-1.7968019710935972,0.39376256984166275,-1.0178123211467553,0.0006746915706257568,0.006198440747714825,-0.0005784058796365672,1534,1,0.050530735250146286,-0.02929155732823198,-0.00297317318433944,1.4577446207264105e-05,-1.14804408036058e-05,0.004845678323554018
40.951,-1.7970124898438218,0.39393100309414525,-1.0178269718079986,-0.0027093487134212542,0.005996591245022506,-0.0005891634487476318,1535,1,0.05054760875023246,-0.029283306181195252,-0.0029723901885036243,1.4556666866353024e-05,-1.1456426095148506e-05,0.0048453085025696434
40.976,-1.7969374385292682,0.39406239940391385,-1.0178417793191925,-0.004850091972814772,0.005941400998831563,-0.0009310517433114814,1536,1,0.05053407883638355,-0.029309063146744793,-0.0029716448612244167,1.4625159036123697e-05,-1.143172871854169e-05,0.00484493653850017
41.001,-1.7972549944424625,0.3942280731440868,-1.0178735243951642,-0.00823414949715425,0.004024605009307004,-0.0007416389711955496,1537,1,0.050552618836145834,-0.0292842086994686,-0.002971046475671669,1.4410002095150567e-05,-1.1359184731328718e-05,0.004844955462384448
41.026,-1.797349146004126,0.3942636296543792,-1.0178788612677525,-0.010584945428816703,-0.0005310113133005325,-0.0004196648787768351,1538,1,0.050539564950425934,-0.029281923031795616,-0.0029706104304185197,1.4432716185316879e-05,-1.1362544715211582e-05,0.004843595996289754
41.051,-1.7977842417139034,0.3942015225784218,-1.017894507639103,-0.006303830180854145,-0.0020555627140096456,-0.00021978313704097558,1539,1,0.050546215934113216,-0.029229772871859818,-0.002970505845864185,1.4238599420962564e-05,-1.1054587172844886e-05,0.0048426874529090445
41.076,-1.7976643375131687,0.39416085151867875,-1.0178898504246048,-0.0006227386011526191,0.0013451685498090048,-0.0005162544411874431,1540,1,0.05052406160069317,-0.02925764648862171,-0.002970866754040322,1.4455432010243447e-05,-1.112365796432675e-05,0.004841351715197679
41.101,-1.797815378643961,0.3942687810059122,-1.0179203203611622,-0.007066081444136298,-0.0011770415758206147,-0.0004661191914401551,1541,1,0.050546898355222886,-0.029258749012583993,-0.00297146994397765,1.4311730283864653e-05,-1.1058661026171088e-05,0.004841234359937694
41.126,-1.7980176415853755,0.3941019994398877,-1.017913156384177,-0.007544620370744571,-0.00373147332187486,0.003883228020047038,1542,1,0.050546120102559336,-0.029232184465596237,-0.0029722024754118867,1.4052459432222081e-05,-1.1176460116475517e-05,0.004839757478771193
41.151,-1.7981926096624983,0.39408220733981847,-1.01772615896016,-0.00045076675466933545,-0.00041716658798370606,0.017930816236154248,1543,1,0.05056521425728128,-0.0292209181399391,-0.002973031191403291,1.374550065820736e-05,-1.1063685580097337e-05,0.004838991574861975
41.176,-1.798040179923109,0.39408114111048853,-1.0170166155723692,0.015126070352270177,-0.0018071320360003502,0.045030808497481874,1544,1,0.05057403626079105,-0.029231486688187744,-0.0029739692819231406,1.3381716358362807e-05,-1.0845888225389241e-05,0.004838360409190734
41.201,-1.7974363061448848,0.39399185073801846,-1.015474618535286,0.04146645716110134,-0.0021406613661069216,0.08446487607367584,1545,1,0.050568707363512176,-0.02923074032314224,-0.0029749274820890753,1.3155451175922393e-05,-1.0789745402639228e-05,0.0048383349078346925
41.226,-1.795966857065054,0.3939741080421832,-1.0127933717686854,0.08816591277644616,-0.00016620559356362699,0.13469023736691332,1546,1,0.0505639214786605,-0.029229734541824617,-0.002975833510811404,1.3099908411196798e-05,-1.053949056539826e-05,0.0048375527641468154
41.251,-1.7930280105060628,0.3939835404583403,-1.0087401066669408,0.161405993268406,0.0038908409561263526,0.19352181413780606,1547,1,0.050545823116474944,-0.029227670026120846,-0.0029767170212622244,1.3154963812284292e-05,-1.0336549952964979e-05,0.004835854073502992
41.276,-1.787896557401633,0.3941686500899895,-1.0031172810617943,0.26278323837382245,0.013845564453596122,0.25881516436650387,1548,1,0.05052135109890948,-0.02924074068706803,-0.002977607886306404,1.3284275022171764e-05,-1.0231475262318084e-05,0.004834922163833832
41.301,-1.7798888485873705,0.39467581868102014,-0.9957993484486146,0.37801769954244707,0.02598722609855978,0.33010541308502994,1549,1,0.05049887596035971,-0.029280143022926423,-0.0029782647520513877,1.3436788646415737e-05,-1.0147034207243706e-05,0.004834598640715532
41.326,-1.7689956724245117,0.39546801139491744,-0.9866120104075436,0.4735914263737587,0.036352300347135394,0.40675565582303547,1550,1,0.0504729260589357,-0.02934127772787279,-0.0029787667553451773,1.371791187783781e-05,-1.0301566101120862e-05,0.004833979270348473
41.351,-1.756209277268684,0.3964934336983768,-0.9754615656574638,0.5649874735232717,0.04248475568278584,0.48628179850385245,1551,1,0.05048900346928918,-0.02933025237299218,-0.00297922526201257,1.3760734207200244e-05,-1.0304269589979862e-05,0.004833677053985518
41.376,-1.7407462987483497,0.3975922491790566,-0.9622979204823523,0.6677265926035377,0.05038236856330661,0.5681946820308474,1552,1,0.05048589556037927,-0.029311954997020023,-0.002979314057928654,1.3909575777691903e-05,-1.0510263125050085e-05,0.004834059798056542
41.401,-1.7228229476385042,0.39901255212654235,-0.9470518315559188,0.7661925928387228,0.06188452446061615,0.6510162182755308,1553,1,0.05050499117853154,-0.029288177278530236,-0.0029792771590296113,1.4281251008989983e-05,-1.0655688342847496e-05,0.004833237674344935
41.426,-1.7024366691064103,0.4006864754020877,-0.929747109568573,0.8704076519716748,0.07151540070927405,0.7340369285395605,1554,1,0.05053361682269256,-0.02925932236373252,-0.002979140292231025,1.4607941827341722e-05,-1.0699975722580135e-05,0.004833825414008898
41.451,-1.679302565039923,0.40258832216200585,-0.9103499851289427,0.9699788207458245,0.07826910149247969,0.8164492938908305,1555,1,0.050541058501854016,-0.029275962548265137,-0.0029789141565103815,1.5047976532316707e-05,-1.0931617680293485e-05,0.004834790031890098
41.476,-1.6539377280691219,0.40459993047671144,-0.8889246448740339,1.0659259187076293,0.0847385042334307,0.8966473798466156,1556,1,0.05055361740607114,-0.029258663187356065,-0.0029784621133070663,1.5217524683017098e-05,-1.106885655968252e-05,0.004835366707873471
41.501,-1.6260062691045445,0.40682524737367715,-0.8655176161366146,1.166096511616364,0.09662574937140353,0.9749509899639243,1557,1,0.05055455571463242,-0.029268463056724127,-0.002977959357951681,1.550755872313211e-05,-1.109682945769711e-05,0.004836228042671867
41.526,-1.5956329024882987,0.40943121794528203,-0.8401770953758335,1.254577537864607,0.10306485096460048,1.0489906700799694,1558,1,0.0505680012857834,-0.029307115604860958,-0.0029774936026922758,1.5880801895487526e-05,-1.1220303830060562e-05,0.004836559187560014
41.551,-1.5632773922113088,0.4119784899219076,-0.8130680826326119,1.3433975038580757,0.10663447118261223,1.1183761203889477,1559,1,0.050576183400537836,-0.02928484808748787,-0.0029768504527420427,1.5734117419083668e-05,-1.1429932621072165e-05,0.0048388874331460495
41.576,-1.5284630272953987,0.41476294150441234,-0.7842582893563895,1.432892609003013,0.11624354510823215,1.1837834511927132,1560,1,0.05057161987743481,-0.029301015173807614,-0.002976072821155424,1.5586911597666663e-05,-1.140599280293655e-05,0.004841410784585548
41.601,-1.4916327617611622,0.4177906671773189,-0.7538789100729795,1.5216647111125892,0.12187474329446361,1.2434801503026267,1561,1,0.05058664656726943,-0.029304591291749792,-0.0029753477758942856,1.5283253681097727e-05,-1.1430954367818547e-05,0.004843768172453365
41.626,-1.4523797917397736,0.4208566786691352,-0.7220842818412618,1.6129533807848608,0.12412637823624169,1.2972164302391636,1562,1,0.05056110543513734,-0.029333302969928615,-0.002974862779159386,1.4929602398090177e-05,-1.1434178200744467e-05,0.0048462633771452854
41.651,-1.4109850927219123,0.4239969860891315,-0.6890180885610155,1.6843354958281893,0.12862221451078085,1.344750627627472,1563,1,0.050523049211551,-0.029359057677205213,-0.002974632848720699,1.4623446443006518e-05,-1.1531845795363455e-05,0.004848630527655784
41.676,-1.368163016948357,0.42728778939467477,-0.6548467504598825,1.751199953257145,0.13720106206255636,1.385178966624564,1564,1,0.0505390603550267,-0.029315530491558973,-0.002974410648277966,1.4149672083991643e-05,-1.1371378794626242e-05,0.004850806661956939
41.701,-1.32342509505906,0.43085703919225893,-0.6197591402297913,1.8343372547849168,0.14305199511346825,1.4181789540439744,1565,1,0.050570555619672886,-0.0292883226260252,-0.0029743461736144675,1.3984594516995325e-05,-1.1241795414387674e-05,0.00485370406764725
41.726,-1.2764461542091163,0.43444038915034777,-0.5839378027576878,1.9133775193166147,0.14754307507534098,1.4438749934967032,1566,1,0.05055548650026375,-0.02928864557558617,-0.0029745583738648123,1.4019479881566719e-05,-1.146470679398473e-05,0.00485669374434047
41.751,-1.2277562190932347,0.43823419294602556,-0.5475653905549602,1.984053033159205,0.152717924523165,1.462239402571077,1567,1,0.05056282644343792,-0.029280624865064483,-0.00297489528664599,1.3970460587723973e-05,-1.1458764714815e-05,0.004860177306150584
41.776,-1.1772435025511476,0.4420762853765067,-0.5108258326291278,2.0612318558865423,0.15709439129535144,1.4727825180415253,1568,1,0.05056043199148488,-0.029265672375743238,-0.002975357094808617,1.407204064393222e-05,-1.1619969426743453e-05,0.004862976021158114
41.801,-1.1246946262988988,0.4460889125107938,-0.4739262646528777,2.1332598964023455,0.16611442946060373,1.475203801809148,1569,1,0.050535142639408455,-0.0292823566570631,-0.002976021476337453,1.415358018457597e-05,-1.1855481515944675e-05,0.004865005872223103
41.826,-1.0705805077310364,0.4503820068495364,-0.43706564253867475,2.195495735153026,0.17638020298648474,1.469481723642966,1570,1,0.050541811818844595,-0.029297405103127637,-0.002976878948180845,1.4103895606083125e-05,-1.207684338230329e-05,0.004867393961282494
41.851,-1.0149198395412538,0.45490792266011754,-0.40045217847073367,2.2657667063150044,0.17718871285778212,1.4560627065406913,1571,1,0.05056889841427209,-0.029310816872485202,-0.0029778686006147023,1.4171058448963492e-05,-1.2121490330573978e-05,0.004869819600739398
41.876,-0.9572921724152926,0.459241442492425,-0.3642625072116442,2.337230532498678,0.18010562171856945,1.4352206092682815,1572,1,0.0505321172895611,-0.029313045456043407,-0.002979075297913276,1.4209821912391097e-05,-1.2223904815158643e-05,0.004872554098049719
41.901,-0.8980583129163099,0.4639132037460468,-0.32869114800731364,2.393425764508317,0.19028975737146056,1.4065866923978687,1573,1,0.05051115376670501,-0.02934184137651128,-0.0029803779318676492,1.4366191670672395e-05,-1.2151120130319852e-05,0.004873558718805988
41.926,-0.8376208841898666,0.46875593036099883,-0.29393317259174484,2.4305483876103566,0.1924211415186759,1.369938811291698,1574,1,0.050522586610959916,-0.029354948131692277,-0.002981630813381439,1.4262990760917665e-05,-1.2042195056911377e-05,0.0048761559804394086
41.951,-0.776530893535799,0.47353426082198,-0.26019420744273264,2.3860810523758125,0.1848381736415344,1.3263788416680677,1575,1,0.05056755116904588,-0.029319098956888768,-0.0029827119184035913,1.3959459431295787e-05,-1.1853872616223808e-05,0.004879474021097873
41.976,-0.7183168315710827,0.477997839043075,-0.22761423050834545,2.233862037993864,0.17196104893750763,1.2759016996667432,1576,1,0.050568331441083615,-0.029300486535383093,-0.0029838083045476606,1.383158437671663e-05,-1.1724409377688644e-05,0.004882160065016534
42.001,-0.6648377916361121,0.4821323132688549,-0.1963991224593991,2.0560808370263906,0.15783692823050685,1.2198422473694164,1577,1,0.05060385262860107,-0.02926998107588726,-0.002984659865295442,1.3582943805666129e-05,-1.1521873970955124e-05,0.004886376304861031
42.026,-0.6155127897197544,0.48588968545460104,-0.16662211813986935,1.8881731941908264,0.1473495868475446,1.1583766754613023,1578,1,0.050610298005180084,-0.029250326667517014,-0.002985369797923107,1.3573623640475762e-05,-1.1388046335417145e-05,0.004888099357475374
42.051,-0.5704291319265627,0.4894997926112328,-0.13848028868632914,1.7227054631532448,0.13735647408831378,1.0906377406533527,1579,1,0.05062553888239124,-0.029257506225644964,-0.002985807526517146,1.3608506987468836e-05,-1.1473953773671117e-05,0.004891205521922179
42.076,-0.5293775165620971,0.49275750915901634,-0.11209023110720469,1.5588031281129497,0.1239968062613121,1.0190066359176388,1580,1,0.05062433203428,-0.029263516726406553,-0.0029857505634560376,1.3596556727831651e-05,-1.1548155419613477e-05,0.004893697970331609
42.101,-0.4924889755209197,0.49569963292429803,-0.0875299568904501,1.396624357394693,0.11268149300645988,0.944085612182031,1581,1,0.05063912529710732,-0.02926167470661615,-0.002985176560184589,1.3596972520903948e-05,-1.1765800887320226e-05,0.004895437921131731
42.126,-0.4595462986923664,0.498391583809339,-0.06488595049810571,1.241958755845551,0.10114537708790032,0.8649645492226705,1582,1,0.05065464133484245,-0.029266280193609863,-0.002984208773788083,1.3454958275510084e-05,-1.1795836194742388e-05,0.004895611156208429
42.151,-0.43039103772863685,0.5007569017786935,-0.044281729429312786,1.089142403087923,0.08696897003094653,0.7836128076281355,1583,1,0.050660398236101446,-0.0292673306989304,-0.0029828104772923855,1.3406282171940507e-05,-1.18686773699367e-05,0.004897246152969779
42.176,-0.4050891785379656,0.5027400323108867,-0.025705310116695426,0.9435250792362219,0.07349103708440748,0.7006353671609798,1584,1,0.05067718657964278,-0.02925234811902896,-0.002981138410027775,1.3218640865859405e-05,-1.2057972802062622e-05,0.004897403451568714
42.201,-0.38321478376682844,0.5044314536329136,-0.009249961071265628,0.8041438793513902,0.06667862224016986,0.6170778841419984,1585,1,0.050661361616429576,-0.02924372601181043,-0.0029793322880599196,1.302821916120391e-05,-1.2418859718464981e-05,0.004899331883872914
42.226,-0.3648819845703984,0.506073963422895,0.005148584090402844,0.6630758055960705,0.05705783301504499,0.5344974913947846,1586,1,0.050649873833778954,-0.029266570302776667,-0.002977534754933247,1.2915674389183902e-05,-1.277794408084395e-05,0.0049000443356077665
42.251,-0.3500609934870268,0.5072843452836657,0.01747491349847203,0.5241770907617224,0.041128183313735404,0.4531781982300278,1587,1,0.05064211704654165,-0.02926299802954794,-0.002975759114990015,1.2706532224817024e-05,-1.2858283990291996e-05,0.0049016672839684045
42.276,-0.33867313003231003,0.508130372588582,0.02780749400190606,0.3925439688860886,0.03114288885456463,0.3751595225210682,1588,1,0.05064133209052319,-0.029245348979723702,-0.0029739599865407054,1.2414068285336317e-05,-1.2948765301708221e-05,0.0049022426899641095
42.301,-0.3304337950427207,0.5088414897263941,0.03623288962452699,0.2623500084040447,0.024312102889318114,0.30055882092693875,1589,1,0.050620083445455544,-0.029246673628694028,-0.00297238258325843,1.2473207757003323e-05,-1.2994552386132322e-05,0.004901995678246558
42.326,-0.32555562961210854,0.5093459777330478,0.042835435048252116,0.12746279514951944,0.0168497480413375,0.23059050654810487,1590,1,0.050622621673009155,-0.02925156250096905,-0.0029711340424517754,1.2898931376752655e-05,-1.2753576767128357e-05,0.004902651373001874
42.351,-0.3240606552852451,0.5096839771284609,0.04776241495193152,0.007834194038392363,0.005642526412439662,0.16816526760751027,1591,1,0.05065920187357522,-0.029264516398919735,-0.0029700550646505628,1.3352256566616431e-05,-1.236689842264598e-05,0.004904207873104019
42.376,-0.32516391991018895,0.5096281040536698,0.05124369842862716,-0.10864984924110105,-0.004162293866866929,0.11371112883730301,1592,1,0.05062246622074914,-0.029257338619386303,-0.0029693007032470815,1.3750364072453558e-05,-1.2122620737728347e-05,0.004902880141201137
42.401,-0.3294931477473006,0.5094758624351176,0.05344797139379716,-0.2333577654319897,-0.011858929300788789,0.06804317109577826,1593,1,0.05062619358094372,-0.029268786415177692,-0.0029690243971168175,1.4185308569024633e-05,-1.1562756314335206e-05,0.004902351004865485
42.426,-0.3368318081817894,0.5090351575886303,0.054645856983416216,-0.3451722640394235,-0.0256116367626983,0.03335353861065838,1594,1,0.05064343304729423,-0.029271269374114835,-0.002969128436776762,1.4520729043282835e-05,-1.1155887056422959e-05,0.004901525532769921
42.451,-0.3467517609492708,0.5081952805969827,0.05511564832433005,-0.4299294964501843,-0.03369293747761151,0.010714417439921574,1595,1,0.050648927044816515,-0.029248816739753564,-0.002969488893367846,1.4674929123592302e-05,-1.0935199396300647e-05,0.004900055549410796
42.476,-0.3583282830042974,0.5073505107147498,0.05518157785541226,-0.4895397855663653,-0.03796068308048677,0.0056085822724763895,1596,1,0.05061214411684239,-0.029248265948457013,-0.0029699351263832705,1.4987928272635463e-05,-1.1196955187787231e-05,0.004898704795566707
42.501,-0.37122875022758767,0.5062972464429585,0.05539607743795398,-0.5316393959549861,-0.037276082347549463,0.03529860645740489,1597,1,0.05057952637958175,-0.02923410155961867,-0.0029704259756072374,1.5158924609785775e-05,-1.1456140869566571e-05,0.004897428350868294
42.526,-0.384910252802049,0.5054867065973722,0.05694650817828285,-0.5320062365391255,-0.018858391779810805,0.11532974080035967,1598,1,0.05057727207653339,-0.029247579402426116,-0.0029708170440273327,1.5291534095737715e-05,-1.1422249606939496e-05,0.004898559279299806
42.551,-0.3978290620545462,0.5053543268539679,0.06116256447797265,-0.4819666874180547,0.009402649052090963,0.24111131146535442,1599,1,0.05057342855864934,-0.029290938391810965,-0.0029712378960418165,1.554169944957064e-05,-1.1508779991074515e-05,0.004897921675303052
42.576,-0.40900858717295036,0.5059568390499767,0.06900207375154978,-0.4000402602132752,0.05226451639541127,0.4017521770956784,1600,1,0.05059801377607205,-0.029295864028754465,-0.002971393830284109,1.56376251592799e-05,-1.1700983565127466e-05,0.00489883271604349
42.601,-0.41783107506520883,0.5079675526737383,0.08125017333275548,-0.30352670595584835,0.1204860694958356,0.5896156175133507,1601,1,0.050610383222805304,-0.02928174908674835,-0.0029713857308704596,1.5631000723850762e-05,-1.1901563377648754e-05,0.004899352419814168
42.626,-0.4241849224707419,0.5119811425247681,0.09848285462721572,-0.21477083703174082,0.20574345014035678,0.7958198572009444,1602,1,0.05060533405677502,-0.029274944822524344,-0.0029713481392173438,1.554330906154434e-05,-1.1976977099428003e-05,0.004899976033453044
42.651,-0.4285696169167968,0.518254725180757,0.12104116619280592,-0.13750119584704673,0.2988774822355789,1.0133875302210995,1603,1,0.05061755901169238,-0.029275043056107567,-0.002971197290147927,1.5441669477264807e-05,-1.1986836228550828e-05,0.004901299308726253
42.676,-0.43105998226309483,0.5269250166365483,0.14915223113827483,-0.06737651476052259,0.3954017814704616,1.2353405018490706,1604,1,0.05061269682886448,-0.029278908869517957,-0.0029707372027994714,1.5323691237906983e-05,-1.2049292385725424e-05,0.004902680946533216
42.701,-0.43193844265482273,0.538024814254279,0.1828081912852558,-0.0035706994888508956,0.49337828435129266,1.4541884313541624,1605,1,0.05059818117771125,-0.029281699212852,-0.0029701452524508653,1.5135624527008987e-05,-1.2220323155949945e-05,0.004905338672004651
42.726,-0.43123851723753737,0.5515939308541116,0.22186165270597905,0.05139622123942215,0.59190698315893,1.6658165983186426,1606,1,0.050556724743454504,-0.029285158395923706,-0.002969830193774289,1.4892068711680027e-05,-1.2458514406694626e-05,0.004909248987926849
42.751,-0.42936863159285177,0.5676201634122238,0.266099021201183,0.09362294290847319,0.6830712185595561,1.8636798277307163,1607,1,0.050530273781513695,-0.029293712203209286,-0.0029698923815027777,1.4473090427262412e-05,-1.2443002783418313e-05,0.00491113817623787
42.776,-0.4265573700921133,0.5857474917820923,0.31504564409252295,0.13160285661909843,0.7744806667130694,2.043838921067568,1608,1,0.050541479831992454,-0.0292649553535572,-0.002970174554071288,1.3939638152677148e-05,-1.230245772621592e-05,0.004916248350220303
42.801,-0.4227884887618963,0.6063441967478805,0.36829096725457033,0.17523028129964532,0.8731083912397993,2.202737712737851,1609,1,0.05056520450988238,-0.029259794268613054,-0.0029706267596269747,1.3705766324507247e-05,-1.2140417242504943e-05,0.0049197160110089145
42.826,-0.41779585602713154,0.6294029113440798,0.42518252972940906,0.21892545533102403,0.9674936080445223,2.3365327636951068,1610,1,0.050556430533880356,-0.029273936014465842,-0.0029712734784316636,1.3598853771340785e-05,-1.2267851110417252e-05,0.0049236149668291
42.851,-0.4118422159953457,0.6547188771501039,0.48511760543931887,0.25606157936251217,1.0599118534912402,2.4427317112948246,1611,1,0.05054589823994521,-0.029284055408777696,-0.002971910633221877,1.3345853206814226e-05,-1.22228957987056e-05,0.004927345773592799
42.876,-0.40499277705900666,0.6823985040186388,0.5473191152941433,0.2948051057281957,1.1441931261345342,2.5179213655037977,1612,1,0.050532354031451995,-0.02931115905921089,-0.002972305727410589,1.3227345913208388e-05,-1.219712144221978e-05,0.004932562622630151
42.901,-0.39710196070893466,0.7119285334568355,0.6110136737145193,0.326424748800822,1.229801087215085,2.563583959882502,1613,1,0.05050700019813596,-0.029285507528223502,-0.002972684187335278,1.3030970804692193e-05,-1.2325309771740407e-05,0.00494013535034486
42.926,-0.38867153961896417,0.7438885583793983,0.6754983132882794,0.35229578904361963,1.3165302114397985,2.5777605270534076,1614,1,0.05050919985537473,-0.029315032707151224,-0.002973304455947946,1.3129189183984792e-05,-1.2069432194788963e-05,0.004944619961825529
42.951,-0.3794871712567547,0.7777550440288217,0.7399017000671821,0.3792818708286987,1.3988548753887482,2.558148472419871,1615,1,0.05051928083491473,-0.029321281361645496,-0.002974028679545327,1.3138249727333512e-05,-1.1745460357306651e-05,0.004949019308757254
42.976,-0.3697074460775303,0.8138313021488317,0.8034057369092656,0.4097902073986759,1.4716539417500167,2.5066737379308894,1616,1,0.05053360903350922,-0.029364301488760597,-0.0029748184084016833,1.3384613933282285e-05,-1.134700509546759e-05,0.004954025840714437
43.001,-0.35899766088682206,0.8513377411163183,0.8652353869637195,0.438590565859062,1.5163437909559536,2.424034159842321,1617,1,0.050511851872146164,-0.02936255465932558,-0.0029757842715408983,1.3714149568972141e-05,-1.105484740977626e-05,0.004959544469580174
43.026,-0.34777791778457534,0.8896484916966358,0.9246074449013922,0.4369597014556775,1.518493086025871,2.312314221109631,1618,1,0.05048635039014661,-0.02933342665430833,-0.002976775115374579,1.3937133819733685e-05,-1.0871927992864952e-05,0.004965972720976861
43.051,-0.3371496758140363,0.9272623954176183,0.9808510980192108,0.41182359154210546,1.4459298477013927,2.1743436185785994,1619,1,0.050491540169509505,-0.02935953159100089,-0.0029775604199213223,1.4387539926098224e-05,-1.0418834279491542e-05,0.004970949890714604
43.076,-0.32718673820747124,0.9619449840817014,1.033324625830316,0.37767061648917893,1.3194215379451975,2.0112918837175173,1620,1,0.05049204527522255,-0.029351848129175843,-0.002977962305337772,1.4594915479859214e-05,-1.0048727779921026e-05,0.0049746517873715005
43.101,-0.31826614498957845,0.9932334723148745,1.0814156922050808,0.33191060422532614,1.177890679461116,1.8271868518457675,1621,1,0.05050044322683216,-0.02934582429823164,-0.0029782270374329764,1.474875804983671e-05,-9.805843488685608e-06,0.004978651763083525
43.126,-0.3105912079962059,1.0208395180547538,1.124683968422599,0.2849598458041315,1.0293713743481747,1.6271020189730512,1622,1,0.050523482428562985,-0.029353246353970828,-0.0029786478493206417,1.5005907321227613e-05,-9.58308769690246e-06,0.004982601694081743
43.151,-0.30401815269937066,1.0447020410322876,1.1627707931537405,0.2430852825418887,0.8846073471423789,1.4143467585560148,1623,1,0.050558929082408346,-0.029347687881541313,-0.0029789138814752722,1.5225172343048042e-05,-9.587609735826441e-06,0.004984125378912046
43.176,-0.2984369438691104,1.0650698854118765,1.195401306350406,0.20343470005717504,0.74454640518564,1.193836183392071,1624,1,0.05058684390749488,-0.02934180084583155,-0.0029791395718883227,1.5418674994852713e-05,-9.731640431350786e-06,0.004985145908969219
43.201,-0.2938464176965125,1.0819293612915675,1.2224626023233407,0.1610411527118097,0.6122508266757923,0.9727145584821015,1625,1,0.05062022373906594,-0.02932996559003054,-0.002979146844651091,1.5317371837586176e-05,-9.681619547916399e-06,0.004986722490362181
43.226,-0.2903848862335204,1.0956824267456644,1.2440370342745086,0.1258492683976758,0.4836545666277567,0.7567339597011621,1626,1,0.05064029049874824,-0.029362159329025278,-0.002978738823458179,1.5291880190720476e-05,-9.524615304038126e-06,0.004987098844343797
43.251,-0.28755395427662905,1.106112089622954,1.2602993003083967,0.09723049725432979,0.35331992660876926,0.5534844361915486,1627,1,0.050645791782495286,-0.029349507498479203,-0.0029781993389232106,1.5109378203226233e-05,-9.4446232895182e-06,0.0049880129382085525
43.276,-0.2855233613708035,1.1133484230761044,1.2717112560840882,0.06718680506801004,0.22699976770741268,0.3702501014916532,1628,1,0.050647909195412955,-0.029327596612342518,-0.0029775809110594805,1.5094880339496767e-05,-9.394154615209684e-06,0.004986264597117412
43.301,-0.28419461402322826,1.1174620780083255,1.2788118053829807,0.03308783402724191,0.10682052362563418,0.21437052536786513,1629,1,0.05064470844647341,-0.029288799261310686,-0.002976971094462828,1.5002625394685518e-05,-9.459304205675551e-06,0.00498596551503107
43.326,-0.2838689696694415,1.1186894492573858,1.2824297823524808,-0.004779733677141845,-0.011740087342855922,0.09652240539513295,1630,1,0.0506374039443819,-0.029289892656196484,-0.002976169533457453,1.4926554614039164e-05,-9.616165530754006e-06,0.004985381406296745
43.351,-0.28443360070708534,1.1168750736411828,1.2836379256527373,-0.035005985051998804,-0.12353679828963218,0.02631821965051778,1631,1,0.05064708483271821,-0.029297800027860067,-0.002975348188658666,1.4869661812395123e-05,-9.674516402418549e-06,0.00498558983359139
43.376,-0.2856192689220413,1.1125126093429045,1.2837456933350069,-0.056546739629784355,-0.2224148143320536,-0.0066581695164730096,1632,1,0.05063996067304459,-0.029298644843461653,-0.0029743788436044087,1.5013193390505531e-05,-1.0089867942216946e-05,0.004984091045849912
43.401,-0.2872609376885748,1.1057543329245791,1.2833050171769138,-0.07188050028290535,-0.2835221445448369,-0.0508464730516912,1633,1,0.0506542061980899,-0.029272959008629022,-0.0029734446079767362,1.4846053059441326e-05,-1.018484864415365e-05,0.004981876587248174
43.426,-0.2892132939361869,1.0983365021156615,1.281203369682422,-0.06480590218173522,-0.2897443947469767,-0.1377643842571608,1634,1,0.05067055453836709,-0.029292790397997932,-0.0029726726906807504,1.4900171667212581e-05,-1.0220270107866531e-05,0.004982542860594524
43.451,-0.2905012327976614,1.0912671131872311,1.276416797964056,-0.024875017079181466,-0.2752572306422675,-0.2622278482025003,1635,1,0.05064860344444723,-0.029303934261348384,-0.0029720901446218624,1.4922510677031699e-05,-1.0175472491753791e-05,0.004982036510651892
43.476,-0.2904570447901459,1.0845736405835489,1.2680919772722976,0.037862622655767605,-0.24168641061529647,-0.41756251608720585,1636,1,0.05066776582977734,-0.02928091343238836,-0.0029717542458117933,1.4833768762081014e-05,-1.0092008263302915e-05,0.004980326767565238
43.501,-0.2886081016648731,1.079182792656467,1.2555386721596968,0.122730091148427,-0.1988530453384482,-0.5970876668646442,1637,1,0.05064354932528636,-0.029285182147016215,-0.002971567007491215,1.4949418337276823e-05,-1.0059516762144999e-05,0.0049769429566432835
43.526,-0.284320540232724,1.0746309883166256,1.2382375939290626,0.22528187648100018,-0.16163438610253997,-0.79298230228677,1638,1,0.05064695471580487,-0.029281713043561305,-0.0029717612318774602,1.5098872540007098e-05,-1.0070900951747999e-05,0.004974135169283942
43.551,-0.27734400784082214,1.0711010733513393,1.2158895570453552,0.343316029676763,-0.12915776567275675,-0.9980809436587136,1639,1,0.050640404477896986,-0.02929614859730115,-0.0029722111061414357,1.5370991977579784e-05,-1.0138301570531649e-05,0.004969872634459959
43.576,-0.26715473874888684,1.0681731000329882,1.18833354674613,0.45160054743918054,-0.09970187813075027,-1.2080135022352387,1640,1,0.05063542776507452,-0.029243990427574758,-0.0029727954113412743,1.5180396331772951e-05,-1.0220833074055656e-05,0.00496440701190312
43.601,-0.2547639804688644,1.066115979444802,1.1554888819335967,0.552549119484809,-0.07548306579963067,-1.4173189697359863,1641,1,0.05061098766338189,-0.029289010920564535,-0.002973643513956148,1.573940441515836e-05,-1.0443957626210182e-05,0.004959164187456359
43.626,-0.23952728277464796,1.0643989467430068,1.117467598259335,0.6655063496805562,-0.06424182513852357,-1.6202014687402273,1642,1,0.05059288418979093,-0.029303280772568094,-0.0029746763098106735,1.6152534599756205e-05,-1.0466719146558277e-05,0.00495363300960534
43.651,-0.22148866298483375,1.0629038881878756,1.0744788084965786,0.7727714170311153,-0.05691469436174005,-1.8125518187114107,1643,1,0.050582764618254936,-0.029287979842597588,-0.0029755831369165067,1.6465691731462734e-05,-1.0446498310074266e-05,0.0049488131475385645
43.676,-0.2008887119230889,1.0615532120249196,1.0268400073237567,0.8693422762838515,-0.04736595675637381,-1.9892448568082586,1644,1,0.05058739694219296,-0.029271969135586988,-0.002976264510132343,1.6523577621544394e-05,-1.0503262780587684e-05,0.004943642800677808
43.701,-0.17802154917064364,1.060535590350057,0.9750165656561712,0.97026770653343,-0.03818401100205144,-2.1480771686185185,1645,1,0.05058987693423293,-0.02929762770341927,-0.0029767705338399736,1.675705966506135e-05,-1.0610246086904286e-05,0.004935459846181236
43.726,-0.15237532659642017,1.0596440114748171,0.9194361488928366,1.0763180593426749,-0.03237601669035601,-2.2862296961899067,1646,1,0.05058980625671065,-0.0292695299881655,-0.002977361914877217,1.685064793425114e-05,-1.0641978979045997e-05,0.004928894274025731
43.751,-0.12420564620351296,1.0589167895155394,0.8607050808466824,1.1643029536070015,-0.025219061620152042,-2.399846069521638,1647,1,0.05058786400415379,-0.029226620037167358,-0.002978241800978197,1.6760141287681203e-05,-1.0577335980537773e-05,0.004920483622625611
43.776,-0.09416017891606512,1.0583830583938094,0.7994438454167446,1.2544475519905696,-0.013662363120728827,-2.488506915048757,1648,1,0.05060481612759734,-0.029251948700660512,-0.0029792704979350773,1.7028703626588262e-05,-1.0414595095663191e-05,0.00491130045635922
43.801,-0.06148326860397914,1.0582336713595029,0.736279735094234,1.3430716895500474,-0.0012066156953239445,-2.549739272438976,1649,1,0.05058195667333388,-0.029239835463075556,-0.002980581615591357,1.7013029492828814e-05,-1.0543059585363984e-05,0.004903145485255321
43.826,-0.027006594438566574,1.0583227276090432,0.6719568817948032,1.4245261647776135,0.0008692480457073654,-2.5825374298648156,1650,1,0.05057628113749075,-0.029288897897543072,-0.0029818555304271716,1.7265593940841982e-05,-1.0705428223837737e-05,0.004892658099073562
43.851,0.009743039634897494,1.0582771337617882,0.6071528636010005,1.5043916064286706,0.002946996478128295,-2.5872241714190163,1651,1,0.05059000695898058,-0.029292921098000673,-0.002983145324961138,1.722352646679459e-05,-1.063717340209668e-05,0.004884827157378231
43.876,0.048212985882862686,1.0584700774329496,0.5425956732238598,1.5716584576206194,0.01308524601462912,-2.5626733209650734,1652,1,0.050596745583260334,-0.029317130641886593,-0.0029843557356853284,1.7184461039748144e-05,-1.0838020209101367e-05,0.004875788609549409
43.901,0.08832596251593516,1.0589313960625197,0.4790191975527357,1.6002846578281322,0.015534523756074232,-2.509794443732253,1653,1,0.05058452444554998,-0.029348290571181424,-0.002985595728632231,1.7062550043388458e-05,-1.1051565142137018e-05,0.0048671524991583505
43.926,0.12822721877427612,1.0592468036207534,0.41710595103723663,1.5794902354047777,0.011464691636793964,-2.428655981388759,1654,1,0.05063422693676929,-0.02942159274958682,-0.002986399471429682,1.735656098552091e-05,-1.1133480000901629e-05,0.004860106244221158
43.951,0.16730047428616956,1.0595046306443594,0.3575863984833045,1.5179689859606147,0.007919930209406185,-2.321367389550043,1655,1,0.05064573400067002,-0.02942180707882626,-0.0029872660291273352,1.715624208569039e-05,-1.1161006756938534e-05,0.0048514079692519065
43.976,0.20412566807230254,1.0596428001312237,0.3010375815597412,1.416241673351064,0.007542448128777119,-2.1903793268343463,1656,1,0.050645559352090516,-0.029392917838244055,-0.0029877563690305833,1.6877773891168743e-05,-1.1083442447446353e-05,0.004844359339588912
44.001,0.23811255795371875,1.0598817530507982,0.24806743214159319,1.3023725048897117,0.00837122749712744,-2.036916743894381,1657,1,0.0506391850336899,-0.029389972696136808,-0.0029881409588470137,1.662479536472775e-05,-1.1114229615845373e-05,0.0048366519143708195
44.026,0.26924429331679367,1.06006136150608,0.1991917443650133,1.1853306902857645,0.00789465770460062,-1.8642370802222183,1658,1,0.05062001989078403,-0.02937464935981116,-0.0029883698923535355,1.6326376261799396e-05,-1.123829860516875e-05,0.004829525623346287
44.051,0.29737909246801203,1.0602764859360283,0.15485557813047424,1.0565952542424561,0.0048951840175440195,-1.6759727956527268,1659,1,0.05058952126722413,-0.02936752690562728,-0.0029884885976419326,1.63532436794404e-05,-1.1540022229058985e-05,0.004823028576418677
44.076,0.3220740560289135,1.0603061207069573,0.1153931045823819,0.9173653946409532,-0.0013379881773812536,-1.4762593220719595,1660,1,0.0505847958506636,-0.029355761753564392,-0.0029884790779830042,1.640799237474982e-05,-1.1722435119497347e-05,0.004815774087195391
44.101,0.3432473622000571,1.0602095865271592,0.08104261202688037,0.7730714971079362,-0.003354952355292453,-1.2689163289637595,1661,1,0.05058294046981451,-0.029334295330557127,-0.002988463970224363,1.6486679056428425e-05,-1.1894491789699257e-05,0.004810332527115053
44.126,0.3607276308843081,1.0601383730891927,0.05194728813419741,0.6314421635500228,-0.004377299284165819,-1.0587320156348652,1662,1,0.050595728141641996,-0.029330051271886357,-0.002988705404771563,1.672308148179684e-05,-1.2128234299722193e-05,0.004805317456533386
44.151,0.3748194703775609,1.059990721562951,0.028106011245132657,0.4953478940207911,-0.003049085717292417,-0.8510015266298938,1663,1,0.05060116159917265,-0.02931493890943097,-0.0029892253323498654,1.7063395434098947e-05,-1.2371615677549479e-05,0.004800470489333554
44.176,0.38549502558534976,1.059985918803328,0.009397211802699203,0.3623612236863722,-0.00016442365905256875,-0.6515983282339126,1664,1,0.05060584859290521,-0.029323941894538793,-0.002989859358733223,1.7544856762372084e-05,-1.2780251501832989e-05,0.004795831440336785
44.201,0.3929375315618785,1.0599825003799983,-0.004473905166560994,0.2357033006624055,-0.004860763302674541,-0.46629140529274676,1665,1,0.05060274093458799,-0.029330671572643952,-0.0029903335401267024,1.7875171133434966e-05,-1.3132065820476757e-05,0.004793148010174345
44.226,0.39728019061846936,1.0597428806381943,-0.013917358461936704,0.11184634152083342,-0.0015797490877745633,-0.30363629041111956,1666,1,0.050593006576730035,-0.02930251234261583,-0.002990720974734684,1.8003537003692473e-05,-1.3265105228873859e-05,0.004788913705101927
44.251,0.39852984863791985,1.0599035129256096,-0.01965571968711604,-0.011331248165416119,0.000459652847126751,-0.1693425381180924,1667,1,0.05057148571382087,-0.02933154224733572,-0.002990912126156176,1.8226450089969704e-05,-1.3390609507901822e-05,0.004788429561114228
44.276,0.3967136282101985,1.0597658632805507,-0.02238448536784188,-0.1089342105008602,-0.003597289045184886,-0.07020108457953823,1668,1,0.050589968731936386,-0.02931983899638605,-0.00299098175373167,1.8492191636875102e-05,-1.3282374815653686e-05,0.004785566007901454
44.301,0.3930831381128764,1.0597236484733503,-0.02316577391609341,-0.1797947912328881,-0.003406725294472695,-0.015844250722399714,1669,1,0.05057796763876931,-0.02932020786041806,-0.002991247982900745,1.8585705998673964e-05,-1.3337829315596142e-05,0.004783843873026123
44.326,0.3877238886485546,1.059595527015827,-0.02317669790396181,-0.2277085188744517,-0.0032804565617141268,-0.0010502510549060303,1670,1,0.050594203461206175,-0.02931160490472927,-0.002991816667849636,1.8694342294432386e-05,-1.3341653017088025e-05,0.004780236286165217
44.351,0.38169771216915444,1.0595596256452646,-0.02321828646883892,-0.2406220201820878,-0.006425492046795799,-0.0022606899682299404,1671,1,0.05060962669687847,-0.02931829241327627,-0.0029925457413102698,1.8853756660354138e-05,-1.344634909975699e-05,0.004778943172773713
44.376,0.3756927876394509,1.0592742524134873,-0.0232897324023733,-0.21904841644840875,-0.008259294098386511,-0.0060376345991736535,1672,1,0.050638109076283876,-0.029295297390031144,-0.002993519595442533,1.8905603345801782e-05,-1.3385099249851623e-05,0.004775879775527079
44.401,0.37074529134673306,1.0591466609403453,-0.023520168198797767,-0.17193420212245214,-0.012287590466474381,-0.012335383016458593,1673,1,0.05063423916503479,-0.029310493662683536,-0.0029947534557517525,1.9004670264931776e-05,-1.3595499033550981e-05,0.004774655701312007
44.426,0.36709607753332757,1.0586598728901635,-0.023906501553196433,-0.09928228187277353,-0.026864743212936942,-0.019113102671620672,1674,1,0.05065216474106779,-0.029299440618772796,-0.002996300351761034,1.9036401553446007e-05,-1.360608078617018e-05,0.004772576631623799
44.451,0.36578117725309467,1.0578034237796985,-0.024475823332378962,-0.010873931250639575,-0.03881562296815354,-0.027652331558788896,1675,1,0.05061191233427358,-0.029280702103838943,-0.0029978643476582705,1.9086975442138273e-05,-1.3717651217463937e-05,0.004770111686304552
44.476,0.3665523809707956,1.056719091741756,-0.025289118131135595,0.08884991482209176,-0.055869516262186794,-0.0373652743901708,1676,1,0.050615575245377256,-0.029292276782674716,-0.0029995093705880212,1.9227137026274148e-05,-1.341385548302223e-05,0.004768082740941659
44.501,0.370223672994199,1.0550099479665893,-0.026344087051887347,0.20617099293584037,-0.07899134482170604,-0.04795611625324749,1677,1,0.05060627928287516,-0.02929665251053786,-0.0030009157985506876,1.9388523096415394e-05,-1.3264937308665205e-05,0.0047646940781342845
44.526,0.3768609306175885,1.0527695245006703,-0.02768692394379828,0.32025476234078853,-0.10577080132992286,-0.06040735862355913,1678,1,0.05058564008156669,-0.029316039561888593,-0.0030021332237019503,1.9540337330090655e-05,-1.318854269106682e-05,0.004761509730411753
44.551,0.3862364111112398,1.0497214079000927,-0.029364454983065395,0.43092637063595013,-0.13510966266084937,-0.07341986944689323,1679,1,0.050571949592634696,-0.029312496350863505,-0.003003232854050918,1.9703854682555517e-05,-1.3065628208509468e-05,0.004759116195551864
44.576,0.3984072491493848,1.0460140413676282,-0.031357917416142564,0.5367731090628364,-0.1624165659414615,-0.08680539141054983,1680,1,0.05054803574809514,-0.029313398804641188,-0.0030041793186997407,1.974113053623832e-05,-1.2884739222226353e-05,0.004757157488497804
44.601,0.4130750665643801,1.04160057960302,-0.03370472455359268,0.6411246534641832,-0.19171565762057455,-0.10089317172684927,1681,1,0.050543509470859095,-0.02931103666302587,-0.0030050632129772054,1.9703050429842923e-05,-1.2794842288164462e-05,0.004755309073792703
44.626,0.43046348182259214,1.0364282584866,-0.03640257600248469,0.7450411818570788,-0.2174870173407265,-0.11430185060035483,1682,1,0.05051879640378795,-0.02930122446265576,-0.003005776099368681,1.969142941703038e-05,-1.2681669933087054e-05,0.00475257774591036
44.651,0.4503271256572372,1.0307262287359829,-0.03941981708361069,0.8366102452576315,-0.24360555024247754,-0.12796471872605483,1683,1,0.05050047822607933,-0.029313323809787576,-0.0030061161424075776,1.981434548061659e-05,-1.264075566554446e-05,0.004749830213757977
44.676,0.4722939940854773,1.0242479809744751,-0.04280081193878807,0.931945684871431,-0.27083393604040423,-0.14279398863403714,1684,1,0.05052543128036261,-0.029306667603048404,-0.0030060479053809434,1.9802446463279268e-05,-1.2499005945711295e-05,0.004747034011399526
44.701,0.4969244099008061,1.0171845319339634,-0.04655951651531197,1.0266771488256894,-0.29762136610688744,-0.15689166420896686,1685,1,0.05051091941202092,-0.029312297751041414,-0.003005847465192026,1.9717272749856247e-05,-1.2503899054723412e-05,0.0047445048393490695
44.726,0.5236278515267588,1.0093669126691316,-0.05064539514923612,1.1161832577994049,-0.32131294432696184,-0.1706731036587525,1686,1,0.050527616178018944,-0.02930014826037901,-0.0030055507970570714,1.9700672774946462e-05,-1.2465268722247952e-05,0.004741490372308974
44.751,0.5527335727907732,1.0011188847176162,-0.05509317169824929,1.2089286264979306,-0.34550045975371974,-0.18495693794181123,1687,1,0.05052350201866031,-0.029317538088119554,-0.003005215431802204,1.9859037410610285e-05,-1.246324054346097e-05,0.0047379178348725985
44.776,0.5840742828516605,0.9920918896814441,-0.059893242046327344,1.2957195667545434,-0.37264820729395676,-0.1985467176028885,1688,1,0.05051389553585168,-0.02931015849730658,-0.003004828967848805,1.976165922313901e-05,-1.2506607169159893e-05,0.004734747965350439
44.801,0.6175195511285059,0.9824864743529168,-0.06502050757839474,1.384540774539159,-0.3975933179528894,-0.21161186167797255,1689,1,0.05051043013537538,-0.0293066354891129,-0.0030042379262176103,1.9612774425557273e-05,-1.2537192903954594e-05,0.004731713940229054
44.826,0.6533013215786145,0.9722122237838008,-0.07047383513022537,1.4662087970649529,-0.41787676369866955,-0.22454823743150276,1690,1,0.050475555385837895,-0.029294546500225453,-0.003003628731120216,1.9362523085830837e-05,-1.2760980382888881e-05,0.0047289422291717
44.851,0.6908299909817494,0.9615926361679845,-0.0762479194499692,1.5370503502664985,-0.43765867611726117,-0.23657071148667008,1691,1,0.05048380439489177,-0.029313330344936498,-0.0030029178209139123,1.937904229319571e-05,-1.2800867934334517e-05,0.0047267360475748066
44.876,0.7301538390919351,0.950329289977939,-0.08230237070455833,1.6159678866946001,-0.45899200173967175,-0.24721759073890073,1692,1,0.05051457297720175,-0.029316817949039745,-0.0030021387200765653,1.9442629764181658e-05,-1.2888986797357536e-05,0.004723814842925693
44.901,0.7716283853164863,0.938643036080999,-0.08860879898691547,1.6960532163531548,-0.47833752260941026,-0.2581217369922808,1693,1,0.05051461992949653,-0.029337666395880736,-0.0030016046097513702,1.9389841762586016e-05,-1.312929473003107e-05,0.004719894437341881
44.926,0.8149564999096001,0.9264124138474664,-0.09520845755417341,1.7743617247722963,-0.5025998009747076,-0.2687936070795846,1694,1,0.05051834405522752,-0.0293540582506212,-0.003001624517988556,1.9260119860054416e-05,-1.3424583971221185e-05,0.0047183010851780715
44.951,0.860346471555096,0.913513046032265,-0.10204847934089385,1.839828703503006,-0.5269902515953973,-0.27763810716048964,1695,1,0.05049216471753173,-0.029350236041284804,-0.0030024001896836123,1.9014773477948802e-05,-1.361191083650073e-05,0.0047163755539175916
44.976,0.9069479350847451,0.9000629012676981,-0.10909036291219694,1.907744268622515,-0.5447448035455204,-0.2856153764805376,1696,1,0.050544061790683756,-0.029336397506791626,-0.0030035050223619826,1.8886781977923554e-05,-1.346120773884255e-05,0.004714192955127723
45.001,0.9557336849862164,0.8862758058549906,-0.11632924816491996,1.980762877250095,-0.5648305483956635,-0.2924723971721583,1697,1,0.05053373248276155,-0.029349621879825927,-0.0030049749578111686,1.9061007639171914e-05,-1.3463979990944725e-05,0.004711974528637632
45.026,1.0059860789472583,0.8718213738479125,-0.12371398277080609,2.043210397805465,-0.5857010782633776,-0.2984417632967341,1698,1,0.05055370461737224,-0.02933416622419865,-0.003006431476091743,1.9073887214582487e-05,-1.3348777415053299e-05,0.004709407892874191
45.051,1.0578942048764983,0.8569907519418192,-0.13125133632975788,2.113996861466925,-0.6054590204628674,-0.3034450551553553,1699,1,0.050572630688099154,-0.02933475941379564,-0.0030077969633349384,1.92417695630128e-05,-1.3184612720033046e-05,0.0047076179790551875
45.076,1.1116859220205986,0.8415484228247708,-0.1388862355285728,2.182994600417904,-0.6246908715074118,-0.30714851537769733,1700,1,0.050553556679735365,-0.02931827324428102,-0.003009251315469745,1.932043555630221e-05,-1.3333975533267462e-05,0.004703774840797682
45.101,1.1670439348973873,0.8257562083664504,-0.1466087620986417,2.2498169151153338,-0.6426716583916857,-0.3101751337236712,1701,1,0.05054015385639083,-0.02931850257924298,-0.0030107570347418277,1.9265476190218445e-05,-1.3458847331191693e-05,0.004701552446508282
45.126,1.2241767677763589,0.8094148399051884,-0.1543949922147554,2.313262417169513,-0.6602984807796145,-0.31137713237764164,1702,1,0.05049751941558616,-0.029308701763541573,-0.0030124032732383936,1.913670618415404e-05,-1.3755199098400845e-05,0.004700188843656403
45.151,1.2827070557558728,0.7927412843274668,-0.16217761871752506,2.3681227636785107,-0.6740397599112982,-0.3121678358363234,1703,1,0.050477049371080246,-0.02931208890366006,-0.0030138840181104755,1.9119602431118284e-05,-1.3886557159461458e-05,0.004696443955307647
45.176,1.3425829059602945,0.7757128519096206,-0.17000338400657292,2.4212908711170122,-0.6879093648505332,-0.31231158713209695,1704,1,0.050476246656264705,-0.029322918765200136,-0.0030152002976209288,1.8982458857602633e-05,-1.3993864845116274e-05,0.004694491934546996
45.201,1.4037715993117166,0.7583458160849421,-0.1777931980741291,2.474528491222475,-0.7053777492711856,-0.31005983722041985,1705,1,0.050492285535496007,-0.02933933067077711,-0.003015975742211608,1.8895055655170276e-05,-1.3932481230280976e-05,0.004691737300301755
45.226,1.4663093305214112,0.7404439644460633,-0.18550637586759294,2.5344389527073803,-0.7231443455621644,-0.3071872602677492,1706,1,0.0505093441375057,-0.029335907329406535,-0.0030164316526273033,1.848059241696402e-05,-1.3982637094752033e-05,0.004689053876190028
45.251,1.5304935469470784,0.722188598806836,-0.1931525610875156,2.5873482394967264,-0.7360863451249616,-0.30349629267545886,1707,1,0.05048618979997979,-0.029343649031712094,-0.0030167214424972307,1.811197445759747e-05,-1.416270720772193e-05,0.004686307923650831
45.276,1.5956767424962586,0.7036396471898121,-0.20068119050136704,2.5958067609226196,-0.7398053520210826,-0.2981140870372124,1708,1,0.050466279978067664,-0.029350618325861333,-0.003016767981782076,1.7702054401918165e-05,-1.4483943283723524e-05,0.004682926055030501
45.301,1.6602838849932204,0.6851983312057787,-0.20805826543937764,2.5612067450449585,-0.7326272136774986,-0.2923764572767406,1709,1,0.05050609910140081,-0.029357844618568742,-0.0030165723787570573,1.7377618207214658e-05,-1.4534069752996217e-05,0.004678538407266599
45.326,1.7237370797484992,0.6670082865059392,-0.21530001336520346,2.5078530241423773,-0.7152559391061171,-0.2854164110804087,1710,1,0.0505363545572143,-0.02935536810584978,-0.0030163377622497265,1.700410164050044e-05,-1.4688845887398848e-05,0.004675910622796591
45.351,1.7856765362003322,0.6494355342504748,-0.22232908599339735,2.4259020522524737,-0.6881076617616513,-0.27702585063638785,1711,1,0.050538301558001084,-0.029374120079576013,-0.003016306033554246,1.6795759471409438e-05,-1.4796958960690658e-05,0.004672129031311782
45.376,1.845032182361116,0.6326029034178586,-0.2291513058970221,2.316049506416815,-0.6602638896618532,-0.26865848255481256,1712,1,0.05055987253303295,-0.029394140644067344,-0.003016453342766486,1.6654556627093522e-05,-1.4970818712237135e-05,0.00466796871247658
45.401,1.9014790115211828,0.6164223397673794,-0.23576201012113898,2.202934129258501,-0.6324292215744769,-0.25911243538151674,1713,1,0.05056400220259773,-0.029390315843848294,-0.003016886636994095,1.6437270143712113e-05,-1.497578082419003e-05,0.004665266010336041
45.426,1.9551788888240504,0.6009814423391321,-0.2421069276660991,2.091745675926301,-0.6018814471985032,-0.24857687315828683,1714,1,0.05057901262647238,-0.029384953789847016,-0.003017562733363095,1.6229523022346075e-05,-1.47953347926325e-05,0.004662175183108748
45.451,2.006066295317492,0.5863282674074559,-0.24819085377905242,1.982136162580434,-0.566983285327497,-0.23740833639628106,1715,1,0.05059237438652077,-0.029380720730731814,-0.0030185035790604563,1.609356031456227e-05,-1.4625813420533185e-05,0.004659570565108865
45.476,2.0542856969530665,0.5726322780727588,-0.25397734448591225,1.8466698998161741,-0.5317744421932793,-0.22489347776228855,1716,1,0.050592440552530996,-0.02940279793146137,-0.0030194043632428736,1.6009427244164267e-05,-1.4515186563300122e-05,0.004656518726910017
45.501,2.0983997903082954,0.5597395452977935,-0.2594355276671663,1.680766478287471,-0.4929444885960967,-0.21263289375092106,1717,1,0.05060986314339862,-0.02937930391014804,-0.0030202129112359573,1.589236586949114e-05,-1.423258513015097e-05,0.004651991303618762
45.526,2.138324020867447,0.5479850536429519,-0.2646089891734592,1.5262961339033185,-0.4452818523590627,-0.20052657268972385,1718,1,0.05064884002511698,-0.02935586671601811,-0.0030211747863786885,1.5961273532030168e-05,-1.3873270906774318e-05,0.004649943836033504
45.551,2.174714597003468,0.5374754526798384,-0.26946185630165354,1.3801691451811477,-0.4020482186647041,-0.18684610242586783,1719,1,0.050639322600527455,-0.02936372580017672,-0.0030222712127101333,1.6088315034808305e-05,-1.3809266813693575e-05,0.004647666565840475
45.576,2.2073324781265007,0.5278826427097179,-0.2739512942947521,1.222858490110726,-0.3595307335801494,-0.17238230282023628,1720,1,0.05062167371158225,-0.029352318064344764,-0.0030236051618018392,1.616793749481343e-05,-1.3646351782011889e-05,0.004644927999484528
45.601,2.2358575215090006,0.519498916000832,-0.2780809714426649,1.0702804540367503,-0.31730657643451093,-0.15822280194877092,1721,1,0.05066541114210467,-0.029350804195473937,-0.0030250405192668996,1.619422727653477e-05,-1.3322053751964004e-05,0.004641222344343247
45.626,2.260846500828335,0.5120173138879932,-0.28186243439219005,0.9333362871271248,-0.2745103791366642,-0.14439432993693313,1722,1,0.05069222649479595,-0.029336263279647373,-0.003026282345740045,1.6166681972217505e-05,-1.3061892954131523e-05,0.00463885266262324
45.651,2.282524335865361,0.5057733970439976,-0.28530068793951235,0.8071818508004669,-0.23743182099422475,-0.1301369254668283,1723,1,0.05071333977445782,-0.029357902959189282,-0.0030270463699478027,1.630038440953119e-05,-1.3104231003999856e-05,0.004636214380702397
45.676,2.301205593368362,0.500145722838281,-0.2883692806655322,0.6912599221784392,-0.2099720739853192,-0.11568355652600051,1724,1,0.05069748881672353,-0.029346680106911074,-0.0030275453644311202,1.6062099054932815e-05,-1.320603568441383e-05,0.004633364470807126
45.701,2.317087331974281,0.49527479334473223,-0.291084865765812,0.5817149252154394,-0.180792755977999,-0.10156122767796782,1725,1,0.05066883157294769,-0.02933036534591827,-0.003028074689438121,1.594122150785598e-05,-1.3437967604220987e-05,0.004631633609527134
45.726,2.3302913396291323,0.4911060850393815,-0.29344734204943007,0.4816690275971965,-0.13208096715627146,-0.0871020781027237,1726,1,0.05064854090173496,-0.029307996474879222,-0.003028894408797064,1.5784562017178896e-05,-1.3734493082276123e-05,0.004629692983532421
45.751,2.3411707833541393,0.48867074498691904,-0.29543996967094777,0.3885127270111279,-0.03409335328555849,-0.07329505182816207,1727,1,0.05063071698019767,-0.029357577940396826,-0.0030298523718832663,1.570892956940563e-05,-1.3913812349188048e-05,0.004626144154105625
45.776,2.3497169759796903,0.48940141737510345,-0.29711209464083865,0.29514505162788013,0.039451003149908424,-0.060525227515956626,1728,1,0.05060904126575822,-0.02938647175809774,-0.003030659626433748,1.5573900713170005e-05,-1.4139158576756304e-05,0.004622093794983821
45.801,2.3559280359355346,0.4906432951444146,-0.2984662310467459,0.19911827402274507,0.03030170037941765,-0.04794275370224194,1729,1,0.05059641574944422,-0.02941102086602378,-0.003031497363209913,1.553713069068617e-05,-1.41376907562118e-05,0.004618089072150322
45.826,2.359672889680827,0.49091650239407425,-0.2995092323259505,0.11495268483215902,0.009651799021342382,-0.03720287893355979,1730,1,0.050607041322343484,-0.02934563189448242,-0.003032423014073319,1.5160839241615141e-05,-1.3954100464811787e-05,0.004612450472998574
45.851,2.361675670177142,0.4911258850954817,-0.30032637499342374,0.03728097462467373,-0.005171629214580103,-0.027890263887490527,1731,1,0.05060267437267004,-0.029363001387461993,-0.003033338059968808,1.5158302532715535e-05,-1.3819261408672077e-05,0.004608613948277622
45.876,2.3615369384120606,0.49065792093334526,-0.30090374552032484,-0.03796117316862034,-0.025378178232632387,-0.018668900939625217,1732,1,0.050609436094864256,-0.029356524197723687,-0.003034146022301438,1.516331205375062e-05,-1.3814166621308712e-05,0.004604346790946037
45.901,2.359777611518711,0.48985697618385,-0.3012598200404051,-0.1046595951913964,-0.017383273888319135,-0.011094669909662734,1733,1,0.050588377194708836,-0.02935535601494252,-0.0030347313237093403,1.5105410467565185e-05,-1.3823498451155369e-05,0.004600236529742077
45.926,2.3563039586524903,0.48978875723892923,-0.3014584790158082,-0.16191955871122798,0.006416753781089223,-0.005178759008606387,1734,1,0.05060722308330277,-0.029358678728760003,-0.003035309477762976,1.4982848891136551e-05,-1.3580107101251537e-05,0.004596304171715165
45.951,2.35168163358315,0.49017781387290443,-0.30151875799083544,-0.19858113765495197,0.015170590153185977,-0.0008387178434432962,1735,1,0.050618223333789916,-0.029373980691687333,-0.003035873050923106,1.4878658186309852e-05,-1.3492097532285773e-05,0.004592063027518368
45.976,2.3463749017697433,0.4905472867465885,-0.30150041490798046,-0.21629316497817527,0.015338363065951805,0.001376648473270315,1736,1,0.050603595759096516,-0.029359392018382113,-0.0030362049316507754,1.4597512440914523e-05,-1.3539950420681072e-05,0.0045877068587742344
46.001,2.340866975334242,0.490944732026202,-0.30144992556717176,-0.20984085861488908,0.017565156870627707,0.0021129582322563655,1737,1,0.05059673572093356,-0.02933694951953391,-0.0030362054108029803,1.4346667160831008e-05,-1.3445745777530776e-05,0.004584099221473617
46.026,2.335882858838998,0.49142554459011994,-0.3013947669963677,-0.18843496048357614,0.021833610892489166,0.001808440512647126,1738,1,0.050576403273161125,-0.029335509257275006,-0.0030359070864192108,1.4363076122252944e-05,-1.3526534398405092e-05,0.004579852339821671
46.051,2.3314452273100623,0.49203641257082653,-0.3013595035415394,-0.16268068361656987,0.025311338594129814,0.0016538291587942897,1739,1,0.05058338683859222,-0.029356010933797128,-0.0030353869254947,1.4656231407963087e-05,-1.3713061956810615e-05,0.004575988785863428
46.076,2.32774882465817,0.49269111151982636,-0.30131207553842776,-0.1316282459536819,0.014912354987396141,0.0012864421268866286,1740,1,0.05059566910276713,-0.029391482085203237,-0.003034632092378674,1.498247901570437e-05,-1.3666928278392707e-05,0.004572118852893227
46.101,2.3248638150123786,0.4927820303201963,-0.301295181435195,-0.10224332653237993,0.0037887735242272337,0.000569666016252445,1741,1,0.05058075981947851,-0.029371825966376722,-0.0030335370542861743,1.5034491290276296e-05,-1.3826608739631088e-05,0.004570102722431849
46.126,2.322636658331551,0.4928805501960377,-0.30128359223761525,-0.07671180745021168,0.003965986433750119,0.00105392200741674,1742,1,0.050574474155791076,-0.02936450910297804,-0.0030322363423105282,1.4968406108997243e-05,-1.3780726025184918e-05,0.004567944454224338
46.151,2.3210282246398677,0.4929803296418838,-0.3012424853348243,-0.057798216887214385,0.0021069220157974725,0.0016412145029585923,1743,1,0.0505625383616362,-0.029368006206765416,-0.0030308040404695754,1.507205722991105e-05,-1.3696867120735945e-05,0.004564507521411089
46.176,2.3197467474871902,0.4929858962968276,-0.3012015315124675,-0.04540027729971011,0.0017615736993371492,0.0015034251630475525,1744,1,0.05056427958049382,-0.029361310288628997,-0.0030293371364247244,1.5056358033300892e-05,-1.3643444643945317e-05,0.004560886546601831
46.201,2.3187582107748823,0.49306840832685067,-0.3011673140766719,-0.031394533442334456,-0.0012793449430671016,0.0011124551027564345,1745,1,0.050572916275523426,-0.029365993376030627,-0.0030279507735191677,1.510086727110278e-05,-1.363741632432582e-05,0.004557401311976456
46.226,2.3181770208150736,0.49292192904967425,-0.30114590875732944,-0.01752684084977851,-0.0018291722394015927,0.0008344946231098524,1746,1,0.05055403038455739,-0.02935063734312888,-0.0030268748708463474,1.5196472145397125e-05,-1.3788033252348562e-05,0.004555209628458692
46.251,2.3178818687323934,0.4929769497148806,-0.3011255893455165,-0.012830728659113404,-0.0010343335339268128,0.0010561081547332473,1747,1,0.05053367399878173,-0.029364760723315748,-0.003026219206784837,1.5367076018001674e-05,-1.3958129242789943e-05,0.004552845147261237
46.276,2.317535484382118,0.4928702123729779,-0.30109310334959266,-0.012194392608923037,0.001521017417173013,0.0017590573998303603,1748,1,0.0505353533165238,-0.029352219138430377,-0.0030259092086429734,1.5242656428106413e-05,-1.3952977731569875e-05,0.004549740796463223
46.301,2.3172721491019472,0.49305300058573925,-0.30103763647552495,-0.009506877664069976,0.0051266187349655185,0.0015043330573139856,1749,1,0.0505645200718503,-0.02937005500939527,-0.003025880674798411,1.5259356171613823e-05,-1.3729128472896565e-05,0.0045454066660555684
46.326,2.3170601404989144,0.49312654330972616,-0.30101788669672686,-0.0013759133820912767,0.0011515921894101433,0.0008659405466549467,1750,1,0.05059395718808591,-0.029369982850905026,-0.003025861821893548,1.514897561432736e-05,-1.3599524541771004e-05,0.004543271391262211
46.351,2.3172033534328427,0.49311058019520976,-0.30099433944819215,0.00503381036824486,0.0015412093318590602,0.0010000798088417042,1751,1,0.05056954308966874,-0.02937226899757713,-0.003025692626683681,1.5199339579441318e-05,-1.3480868907312486e-05,0.004539970946457959
46.376,2.3173118310173266,0.4932036037763191,-0.30096788270628494,0.0026219946011793987,0.0016622961373967374,0.0008814040466375376,1752,1,0.05055816312889761,-0.0293855945814907,-0.0030254318916087494,1.517160887380014e-05,-1.3202302124426236e-05,0.004536504614460713
46.401,2.3173344531629017,0.4931936950020796,-0.3009502692458605,0.000585422760392923,0.0005467896334309752,0.0009069071931121835,1753,1,0.05055613861969845,-0.029382028082710534,-0.003025166366503419,1.5154933628753737e-05,-1.2843824604441464e-05,0.0045337276886377184
46.426,2.3173411021553463,0.49323094325799066,-0.30092253734662927,0.0002366401735898328,-0.000128710253062277,0.000673270079243376,1754,1,0.05055911827067854,-0.029383652998328284,-0.0030250783725807658,1.5318179484589268e-05,-1.2502303734213058e-05,0.00453196471805933
46.451,2.317346285171581,0.4931872594894265,-0.3009166057418983,0.0026164125614071376,-0.006669108537550696,0.0004869279566488693,1755,1,0.05055916488965047,-0.02937583083068698,-0.0030250497964833655,1.5441529344233916e-05,-1.2317662000454897e-05,0.00452992862187685
46.476,2.3174719227834166,0.49289748783111315,-0.3008981909487969,0.006172210314403866,-0.007001057308933366,0.0005529130872705993,1756,1,0.05053418659774389,-0.02934509712778624,-0.0030250589789513767,1.5411253676806847e-05,-1.2341412816319754e-05,0.004527768522961516
46.501,2.3176548956873013,0.49283720662397984,-0.30088896008753485,0.00371638715102453,-0.00488095792103363,-2.2734691809132295e-05,1757,1,0.05051498467840418,-0.029346432046500285,-0.003025156115382988,1.5455841990418513e-05,-1.2463905389301326e-05,0.004526199985262357
46.526,2.317657742140968,0.49265343993506144,-0.30089932768338734,-0.0038310777581515086,-0.00922645741509275,6.535588366495813e-05,1758,1,0.050516613948216105,-0.0293267396155832,-0.003025320840515141,1.534267225024466e-05,-1.2467398299479684e-05,0.00452534155058696
46.551,2.3174633417993937,0.49237588375322516,-0.30088569229335177,-0.003221246577967035,-0.0004556808275735495,0.008318488943191345,1759,1,0.05053866387404483,-0.029292508083371638,-0.0030253681542264893,1.5206834075166208e-05,-1.2324893166462867e-05,0.004524375422896489
46.576,2.3174966798120695,0.49263065589368277,-0.30048340323622796,-0.011655464293226055,0.005793159015045398,0.03336077451652398,1760,1,0.050540254430448454,-0.02933215489965506,-0.003025376794761989,1.551307437491552e-05,-1.2325888143198782e-05,0.004520797499779048
46.601,2.3168805685847325,0.4926655417039774,-0.29921765356752583,-0.028561183406702842,-0.0002799454264712668,0.0776726343034406,1761,1,0.05058835158743081,-0.029319211977158526,-0.0030254701854564537,1.5567737194656412e-05,-1.214290623745116e-05,0.004518791142722024
46.626,2.3160686206417345,0.4926166586223592,-0.2965997715210563,-0.047015147755878214,0.0071842291162709775,0.1431820217197599,1762,1,0.050593657451496896,-0.029291124238732365,-0.0030257713323912036,1.5570494011529375e-05,-1.2144107447812286e-05,0.004519126064802498
46.651,2.3145298111969383,0.493024753159791,-0.29205855248153734,-0.07810037638031675,0.025802071239476886,0.2271127194510731,1763,1,0.05060880124549857,-0.02929377571137123,-0.003026402849807266,1.564106717897627e-05,-1.2079644673296695e-05,0.00451735485816786
46.676,2.3121636018227183,0.49390676218433316,-0.28524413554850164,-0.126603544932376,0.044426164033399024,0.3253043629997528,1764,1,0.05059054695368337,-0.029322107293055632,-0.003027283663903062,1.5862291585849936e-05,-1.2148360618001352e-05,0.00451652908386848
46.701,2.30819963395032,0.4952460613614608,-0.27579333433155045,-0.19888984210557645,0.06022152460049122,0.437466084136398,1765,1,0.050581581241899085,-0.029345373789319774,-0.0030282810161358855,1.6161622936621404e-05,-1.2182386889215693e-05,0.00451581715144247
46.726,2.30221910971744,0.49691783841435755,-0.26337083134168293,-0.289418963523874,0.08449384426251907,0.5614726257692445,1766,1,0.05055457344612306,-0.029336703582862635,-0.0030291590434516646,1.628465331394507e-05,-1.2220268442388623e-05,0.004515490384472119
46.751,2.293728685774127,0.49947075357458653,-0.24771970304308974,-0.3927897876962237,0.12165642837646724,0.6957420062725135,1767,1,0.05052894323090207,-0.02934616432468739,-0.0030298892181039225,1.6482039068804438e-05,-1.225155237435833e-05,0.004515563731292202
46.776,2.282579620332627,0.5030006598331814,-0.2285837310280545,-0.4898302166032247,0.13951231587223475,0.837882609776592,1768,1,0.050557522613263364,-0.02937767891026467,-0.003030365590130984,1.6972875466168028e-05,-1.1979242560239962e-05,0.004514513314250954
46.801,2.2692371749439637,0.5064463693681989,-0.2058255725542566,-0.5791347124451437,0.15916360743673214,0.9867409052570536,1769,1,0.05057134608563522,-0.029324452950688792,-0.003030610839616327,1.6901629935839466e-05,-1.1911877030188562e-05,0.004516383050062196
46.826,2.2536228847103716,0.5109588402050176,-0.1792466857652048,-0.6793070153897527,0.19438494038363835,1.1408128986012072,1770,1,0.050565566541134026,-0.029326168451912694,-0.003030670100603245,1.688540981044817e-05,-1.2031951686201953e-05,0.004518157578304312
46.851,2.235271824174478,0.5161656163873802,-0.14878492762419931,-0.7782044107154371,0.2211866455010362,1.2982419175355568,1771,1,0.05059036836425246,-0.029317688159774792,-0.0030305804162059644,1.6683944926698217e-05,-1.2037056117835737e-05,0.004521107277600843
46.876,2.214712664174602,0.5220181724800688,-0.11433458988843058,-0.8729066121676132,0.25261913397765245,1.4587060638527838,1772,1,0.05059178826876421,-0.029312050301297302,-0.0030304060098807276,1.6501297250168974e-05,-1.2169814222733558e-05,0.004523535974125833
46.901,2.1916264935660936,0.5287965730862639,-0.07584962443155402,-0.9694939295416088,0.27867826828536013,1.6196393299442886,1773,1,0.05062585780265173,-0.029330786253305825,-0.0030302045093304514,1.6496990272349628e-05,-1.2013361150002106e-05,0.004526806984779936
46.926,2.1662379676975174,0.535952085894338,-0.03335262339120924,-1.0672941969140732,0.2928624692219428,1.7790783036219027,1774,1,0.05064086771873393,-0.029313835821939596,-0.003029924013039623,1.6473887138666557e-05,-1.1893268644447841e-05,0.004530565828446965
46.951,2.138261783720393,0.5434396965473602,0.013104290749536281,-1.1564424136278042,0.3223290237231363,1.9378859527239047,1775,1,0.050683424362896606,-0.029253218137976583,-0.0030298228282651905,1.6255889267412196e-05,-1.181116395016801e-05,0.004536526719393315
46.976,2.1084158470161305,0.5520685370804939,0.06354167424498046,-1.2348443479938878,0.35528601863617637,2.0942585128688087,1776,1,0.05068633091490201,-0.029268825162552137,-0.003029843998016215,1.6347340263163326e-05,-1.1733698434518897e-05,0.004541717470747353
47.001,2.076519566320702,0.561203997479168,0.11781721639297062,-1.3195454829475068,0.3803812197154497,2.2455751913826068,1777,1,0.05067030320974731,-0.029270031935650278,-0.003030141513844686,1.6268596565428077e-05,-1.1736243075379406e-05,0.004547359160693616
47.026,2.0424385728687495,0.571087598066268,0.17582043381412052,-1.402475587467902,0.4113919057775588,2.3924748793381494,1778,1,0.05066737749586624,-0.02928535041977736,-0.0030308616767677414,1.6254005985174654e-05,-1.1534086858260644e-05,0.004554093927339922
47.051,2.006395786947301,0.5817735927680477,0.23744096035988815,-1.4910565056645146,0.4374079993111417,2.5337755948551983,1779,1,0.0506537760152021,-0.029324059511134617,-0.003031680447047747,1.6295504059428737e-05,-1.1484230215780745e-05,0.004560820411361544
47.076,1.967885747585528,0.5929579980318238,0.3025092135568733,-1.579919231887846,0.4583329513267847,2.6679565294872813,1780,1,0.050696126018311374,-0.029343083936029243,-0.0030324674831677164,1.600198304979409e-05,-1.108410810172756e-05,0.0045670797981990875
47.101,1.9273998253529132,0.6046902403343857,0.3708387868342447,-1.6529249694910726,0.4738257353170419,2.794376998458511,1781,1,0.05073248542333207,-0.02935745538054986,-0.0030332113546794664,1.5797412026998245e-05,-1.065383192992385e-05,0.004573965506702565
47.126,1.885239499110979,0.6166492847976746,0.44222806347979104,-1.7201439637875369,0.49443682601658884,2.912355029943097,1782,1,0.05073399037036226,-0.02932813871377657,-0.003034002213697148,1.5446318893854093e-05,-1.0401813203738944e-05,0.004581102706985705
47.151,1.841392627163529,0.6294120816352172,0.5164565383314121,-1.796870141700373,0.5161968986944769,3.021206239857106,1783,1,0.05071220634696565,-0.029332334210231945,-0.0030347290816070635,1.5416717076723012e-05,-1.0104067139332444e-05,0.004589409423678153
47.176,1.7953959920259528,0.6424591297324006,0.5932883754726594,-1.8719137328198785,0.5352002096198809,3.1201630255327113,1784,1,0.050735012595790274,-0.029310388395788145,-0.0030354729352173662,1.531058224002308e-05,-9.645047070179402e-06,0.0045965593582615065
47.201,1.7477969405225404,0.6561720921162097,0.6724646896080391,-1.938974911821786,0.5565991063940673,3.2088817156147402,1785,1,0.050731813489474496,-0.029306818140560076,-0.0030361248999435306,1.5248702988184538e-05,-9.383250880052916e-06,0.004605026759249175
47.226,1.698447246434869,0.6702890850521024,0.7537324612533874,-1.9982741869109804,0.5725132243896162,3.286642576246184,1786,1,0.05073322802038523,-0.029291088339923207,-0.0030365797501814514,1.5044209801488513e-05,-9.184921066785778e-06,0.004613246222232229
47.251,1.647883231176997,0.6847977533356889,0.8367968184203389,-2.0641757413312796,0.5943163301475001,3.353486816658789,1787,1,0.05068712133315487,-0.029244402245456793,-0.0030368185312587255,1.4931986521990492e-05,-9.324637102673441e-06,0.0046224155527528265
47.276,1.5952384593682962,0.7000049015594799,0.9214068020863411,-2.1285329804560598,0.6174890657932803,3.40873631809868,1788,1,0.05068664019954963,-0.029249996203793028,-0.0030368893767152246,1.5099247855252224e-05,-9.254122830099353e-06,0.004629959379892859
47.301,1.541456582154185,0.7156722066253556,1.0072336343252875,-2.1848059834380607,0.6373282159523559,3.4514413242273365,1789,1,0.05063983906877697,-0.029224970900105417,-0.0030368050564127213,1.5135313490144463e-05,-9.305712809017977e-06,0.004638183609762895
47.326,1.4859981601963994,0.7318713123570959,1.0939788682976979,-2.2536926385971325,0.6524926712448502,3.481921336513916,1790,1,0.050607329964330657,-0.029215943343239438,-0.003036779353965594,1.5218207244897186e-05,-9.313385836347036e-06,0.004646918152812426
47.351,1.4287719502243348,0.7482968401875962,1.1813297011509731,-2.3180074857973696,0.6661489327296423,3.4994658420122917,1791,1,0.05061377632606849,-0.02919896519250078,-0.003036931676188742,1.5127684245999466e-05,-9.234417889534098e-06,0.004656003266058995
47.376,1.3700977859065375,0.7651787589935761,1.2689521603983025,-2.3888711241213705,0.6849251678417494,3.5060549265362115,1792,1,0.05061569575835605,-0.02918202986144744,-0.0030372166364598103,1.4962177836394333e-05,-9.194784579696574e-06,0.004667454984086928
47.401,1.309328394018256,0.7825430985796866,1.3566324474777987,-2.443576990185568,0.7014360562638956,3.4997705489600897,1793,1,0.05066271897305553,-0.029234595787432316,-0.0030377243671925857,1.4988663337800573e-05,-8.943398751392512e-06,0.004675155523746513
47.426,1.2479189363972487,0.8002505618067739,1.443940687846322,-2.4908874741849725,0.7205136460890104,3.480326405978522,1794,1,0.05065033602923809,-0.02919563635842501,-0.0030382446519375563,1.4840845063697906e-05,-9.214892255474173e-06,0.004685521539013359
47.451,1.1847840203090145,0.8185687808841351,1.5306487677767147,-2.53521327729602,0.7358035008357141,3.4491336202913208,1795,1,0.05064875000369072,-0.02922054456913323,-0.0030386142562426606,1.4997091297804088e-05,-9.183098774786371e-06,0.004694048509931182
47.476,1.121158272532455,0.8370407368485575,1.6163973688608781,-2.543924642310891,0.7392080940097021,3.4049379226922376,1796,1,0.05064585739415261,-0.029238064983814403,-0.003038809940817415,1.4919644095663973e-05,-9.253141150829226e-06,0.004704077791998149
47.501,1.0575877881934772,0.8555291855846181,1.7008956639113169,-2.538435446868549,0.7443331573319654,3.349850237787438,1797,1,0.05063846229341829,-0.029239722753616446,-0.003038883152346892,1.4501624015535778e-05,-9.461388845428805e-06,0.004713776285840101
47.526,0.9942365001890167,0.874257394715159,1.7838898807502641,-2.5052666008154696,0.7359853338288541,3.283944100882272,1798,1,0.050605102532274876,-0.02923731119007461,-0.003039236050405798,1.431250045945416e-05,-9.67760444530518e-06,0.004723244398477265
47.551,0.932324458152693,0.8923284522760639,1.8650928689554445,-2.4408054516981434,0.713281228259382,3.20466094137855,1799,1,0.050593693279830924,-0.029157209300340166,-0.0030398437373700595,1.3941092824504255e-05,-1.0264316172100666e-05,0.004730123766907319
47.576,0.8721962276041164,0.909921456128126,1.9441229278191823,-2.340776099054318,0.6780780310715014,3.1142431342636274,1800,1,0.05058598951672447,-0.02909137338447177,-0.003041200550214095,1.3717178150093951e-05,-1.1037301376602324e-05,0.004741847497877776
47.601,0.8152856531999838,0.9262323538296371,2.0208050256686168,-2.1913314569486975,0.6349759096567703,3.0153939706512505,1801,1,0.05061170927912786,-0.029082465880802027,-0.003042489254592543,1.3610304740238532e-05,-1.1513954445105898e-05,0.0047521462736729615
47.626,0.7626296547566878,0.9416702516109627,2.094892626351736,-2.036759524452791,0.5915623515271913,2.9080579572702634,1802,1,0.050600623008712646,-0.0290530922270329,-0.003043473165224157,1.3481476990362191e-05,-1.2102998462516027e-05,0.004761381051349233
47.651,0.7134476769773356,0.9558104714059992,2.1662079235321423,-1.910921322092133,0.5512922945120665,2.789949119776997,1803,1,0.050614389211795036,-0.029050724800275998,-0.003044436815656435,1.3379299425299801e-05,-1.2378760583689714e-05,0.004766282352859756
47.676,0.667083588652073,0.9692348663365684,2.2343900823405978,-1.8023313730615633,0.5227762621321594,2.6616141535022657,1804,1,0.05060576721187784,-0.029071161667062462,-0.0030453746568275468,1.3288422378305617e-05,-1.252347203699846e-05,0.004774933867654925
47.701,0.6233311083242625,0.9819492845126057,2.299288631207248,-1.7159124467997697,0.4984484792639815,2.5286424612480136,1805,1,0.050599346822686665,-0.029057544154523583,-0.0030462087142195254,1.3025677188225303e-05,-1.2728205191132844e-05,0.004782608205892171
47.726,0.5812879663120893,0.9941572902997661,2.3608222054029913,-1.6305681116937747,0.4690681760243276,2.387449696588855,1806,1,0.05057404040466872,-0.029083524413928277,-0.0030470788892427176,1.2854092847738388e-05,-1.2681822952034725e-05,0.0047853574142214805
47.751,0.5418027027395784,1.0054026933138207,2.418661116036684,-1.5211176565308029,0.43055008084124874,2.239466902620868,1807,1,0.05057815247364319,-0.029100228801723974,-0.003048022361253467,1.2665882098569947e-05,-1.250050969488686e-05,0.00479285985053145
47.776,0.5052320834855427,1.0156847943418303,2.472795550534044,-1.3915459870224292,0.392027020400436,2.0880577892888126,1808,1,0.05058335670235493,-0.029132197424148833,-0.00304906806701125,1.2466146225987052e-05,-1.2318505403236226e-05,0.0047974483621806025
47.801,0.47222540338845104,1.0250040443338442,2.5230640055011335,-1.2618214461829165,0.35760535666374416,1.9319165140934957,1809,1,0.05061432649615675,-0.029115896986365093,-0.0030500049901680017,1.1976506773557597e-05,-1.2307908723421204e-05,0.004803163754599457
47.826,0.4421410111764005,1.0335650621750165,2.5693913762387135,-1.1416978014330719,0.32271986784727036,1.772510184974093,1810,1,0.05060871264391536,-0.029120911461055856,-0.003050696744944032,1.1859468100354995e-05,-1.2105276783170212e-05,0.004808000638104337
47.851,0.4151405133168007,1.0411400377262068,2.611689514749833,-1.0046390635587081,0.2860244906160488,1.6115381888437625,1811,1,0.05059406359651934,-0.02914614861680415,-0.0030511541493936445,1.1843949421136165e-05,-1.1851542272676767e-05,0.004813819968097623
47.876,0.3919090579984679,1.0478662867058182,2.649968285680897,-0.8709373717832914,0.24979972120754293,1.4511195416272045,1812,1,0.05060110200377456,-0.029116812417853535,-0.00305143062982895,1.1603879060682316e-05,-1.1694129291889956e-05,0.004818422318166243
47.901,0.3715936447276324,1.053630023786585,2.6842454918311995,-0.7489154793275304,0.211293284587972,1.2913288901802797,1813,1,0.050586006149253446,-0.029121868126228693,-0.0030513255633331194,1.144132817995993e-05,-1.1579338300951115e-05,0.004821800058543854
47.926,0.3544632840320882,1.0584309509352177,2.7145347301899165,-0.626198906580835,0.17211767757019913,1.1334632475492623,1814,1,0.05058955346678759,-0.02912316544991193,-0.003051006791759607,1.1414888403783552e-05,-1.1296236170502705e-05,0.004824997300429348
47.951,0.34028369939859243,1.0622359076650945,2.7409186542086594,-0.5133525320862301,0.13489091182802826,0.9792646201470779,1815,1,0.05059770181962246,-0.02914067328333511,-0.0030506219296507864,1.1290788679804299e-05,-1.091404027224914e-05,0.0048278600891236
47.976,0.32879565742777817,1.0651754965266187,2.7634979611972676,-0.4032525431072072,0.10262973517852686,0.8302618632274622,1816,1,0.05059139909854051,-0.02916988043228057,-0.0030503426171517053,1.1226894599004237e-05,-1.0582600385867051e-05,0.004831396685245348
48.001,0.3201210722432332,1.0673673944240205,2.78243174737003,-0.30285594303613855,0.07810100640292417,0.6889610125830571,1817,1,0.05061057524112194,-0.029176497072708623,-0.003050140718546313,1.1032972589918679e-05,-1.038452617948243e-05,0.004834164692697445
48.026,0.31365286027596995,1.0690805468467652,2.7979460118264234,-0.21334370641883552,0.056109532408856404,0.5554640270663628,1818,1,0.050604914350243994,-0.02916865503748087,-0.0030499892574236014,1.0797864920403934e-05,-1.0323842293963785e-05,0.004835199858035448
48.051,0.30945388692229053,1.0701728710444636,2.8102049487233507,-0.13376784353345533,0.03432071892674777,0.4314709379331184,1819,1,0.05062086060892563,-0.02915294957209811,-0.003049903209151175,1.0605492523885414e-05,-1.0078443397642683e-05,0.004836390260936798
48.076,0.30696446809929756,1.0707965827931025,2.819519558723078,-0.05751275299848196,0.015942438008248256,0.3197767213840845,1820,1,0.050597559159815765,-0.029146280734377458,-0.0030496246763246225,1.0557116245623583e-05,-9.780643795693567e-06,0.0048368084437418754
48.101,0.3065782492723666,1.070969992944876,2.826193784792554,0.00801456361766918,-0.002779157336090401,0.22191765004162906,1821,1,0.050607265790750276,-0.02911858155421211,-0.00304944963895061,1.0388654281602109e-05,-9.509720150378219e-06,0.0048374597632364685
48.126,0.307365196280181,1.070657624926298,2.830615441225159,0.06504027356983189,-0.02137070662929381,0.13927280264842834,1822,1,0.050575823460592764,-0.029120041063777583,-0.0030492590762584253,1.0514604840820416e-05,-9.356492982034382e-06,0.004837659410701425
48.151,0.30983026295085847,1.0699014576134112,2.833157424924976,0.118987767820473,-0.03772404607806601,0.07454795367662723,1823,1,0.050587777077994056,-0.029112816963881016,-0.0030489793066182814,1.0331848702913147e-05,-8.92647930800031e-06,0.004838691581041073
48.176,0.31331458467120515,1.0687714226223946,2.8343428389089906,0.15680762567304998,-0.04614168381954094,0.029541498036060335,1824,1,0.050594878586854616,-0.029117752512528555,-0.0030484114018415665,1.0337617270428132e-05,-8.569290199444547e-06,0.004838350619163392
48.201,0.3176706442345105,1.0675943734224342,2.834634499826779,0.18379215821916417,-0.0525464551976048,0.005385620356053473,1825,1,0.050607772657454295,-0.0290962404458053,-0.0030479749628519797,1.0109747943449587e-05,-8.093962298045336e-06,0.004839081406925592
48.226,0.32250419258216284,1.0661440998625145,2.8346121199267933,0.19214191582598167,-0.05506651267136544,0.0025352540325586422,1826,1,0.05062000202287409,-0.029094177205186006,-0.0030477492077482502,9.948560374832178e-06,-7.684297475237856e-06,0.004839782790730332
48.251,0.32727774002580906,1.0648410477888661,2.834761262528407,0.17463742652232117,-0.053827006041413515,0.013687594778745092,1827,1,0.05062753050668634,-0.02907798289847791,-0.00304768278436586,9.894725430504865e-06,-7.122788566565767e-06,0.004839190998956362
48.276,0.33123606390827964,1.0634527495604436,2.8352964996657306,0.13413607291382268,-0.050437245109642564,0.03420713519311988,1828,1,0.05060800559343638,-0.029095656712603907,-0.0030476456239806374,9.78848195682232e-06,-6.769574324793516e-06,0.004840200680510389
48.301,0.33398454367150077,1.0623191855333838,2.836471619288063,0.07622716125014184,-0.04287853715507572,0.06331398080207688,1829,1,0.05058413969987116,-0.029102565560196393,-0.003047629116053746,9.592939799013253e-06,-6.579339849242206e-06,0.004839885839057826
48.326,0.3350474219707865,1.06130882270269,2.8384621987058343,-0.006428795165608713,-0.0356893268681511,0.098448387187885,1830,1,0.05057880621523107,-0.029112815064713145,-0.0030477051477614467,9.25108056281707e-06,-6.20590020658243e-06,0.004839070799299541
48.351,0.33366310391322035,1.0605347191899763,2.841394038647457,-0.10799998486004161,-0.029707719660547218,0.13728859061109658,1831,1,0.050567088755300894,-0.029117314179357683,-0.0030478344007523273,9.071096048770935e-06,-5.935765138595044e-06,0.004838344042440518
48.376,0.32964742272778474,1.0598234367196626,2.8453266282363887,-0.22435168826892313,-0.02141368217498924,0.1793003605139212,1832,1,0.050578862273933885,-0.029127129100736702,-0.003048364422329835,9.071785061922605e-06,-5.489442885057905e-06,0.004838640931334396
48.401,0.32244551949977324,1.0594640350812268,2.850359056673154,-0.3463065772042855,-0.013158393238720244,0.2242874319698349,1833,1,0.05054992994348724,-0.029119230698494612,-0.0030491894817350528,9.132164980585293e-06,-5.255973429571654e-06,0.004839079360583411
48.426,0.312332093867569,1.0591655170577265,2.8565409998348814,-0.45287928841306524,-0.012244911830375379,0.26897824593509617,1834,1,0.05052019056795243,-0.029120467049303496,-0.0030501795256803327,9.252502775879068e-06,-5.165807524460566e-06,0.004839306684112092
48.451,0.29980155507912126,1.058851789489708,2.863807968969908,-0.5564162835400782,-0.009071838327399622,0.31295039006900893,1835,1,0.05054037387747675,-0.02911995686600262,-0.003051172114398801,9.530279585406713e-06,-5.0482320052682386e-06,0.0048411192367830355
48.476,0.28451127969056667,1.0587119251413566,2.872188519338331,-0.6715127584516516,-0.008025562708269719,0.3564041709438495,1836,1,0.05054843028528664,-0.02910934215592822,-0.0030523740130609382,9.716672778950978e-06,-4.829831198214702e-06,0.004842585821223723
48.501,0.2662259171565406,1.0584505113542946,2.8816281775170993,-0.7789404433138993,-0.008219603279479425,0.39690970425302285,1837,1,0.05052107800101107,-0.029133556619662868,-0.0030538691318697277,1.0014953771184135e-05,-4.956359879682949e-06,0.004841662053066027
48.526,0.24556425752486838,1.0583009449773826,2.892034004550984,-0.8780017915341954,-0.0035405342810964947,0.4342017334051181,1838,1,0.05051965586072216,-0.02913987691029371,-0.0030555680322413713,1.0073356006841558e-05,-4.978886965471536e-06,0.0048422431545984265
48.551,0.22232582757982708,1.0582734846402397,2.903338264187357,-0.9802981595576495,-0.004035474826458392,0.4677498379549671,1839,1,0.050508925376323774,-0.029137866859036625,-0.0030573190430666763,1.0060228520039843e-05,-5.0593389737433915e-06,0.004842600477045528
48.576,0.1965493495469887,1.0580991712360597,2.915421496448731,-1.0787149607971782,0.00035319645130817764,0.4954072502310695,1840,1,0.050496414092010576,-0.029160705383641267,-0.0030588935081404135,1.015136865322723e-05,-5.037217483768428e-06,0.004841438084295043
48.601,0.16839007953997123,1.0582911444628051,2.928108626698909,-1.1713535368159578,0.002225815100227584,0.5184209909394727,1841,1,0.050476614103316726,-0.02914048739970221,-0.0030601771423748245,9.98755985884654e-06,-5.018396031893364e-06,0.004843204593473833
48.626,0.13798167270619413,1.058210461991071,2.941342545995703,-1.2617724657441765,0.002125286593956762,0.5360302166921724,1842,1,0.05047933961175844,-0.02915741002566907,-0.003061100570341862,9.964946155945194e-06,-5.001643536817012e-06,0.004842798865674468
48.651,0.10530145625275703,1.058397408792503,2.95491013753352,-1.3500267346738148,0.00729323853531687,0.5468806197117249,1843,1,0.05047492191140301,-0.02914525937302633,-0.0030618789625483185,9.794485699280936e-06,-5.016817022595729e-06,0.004844060028988957
48.676,0.07048033597249763,1.058575123917837,2.9686865769812916,-1.4360798018723464,0.0061689380782818,0.55288748509184,1844,1,0.050481793954124964,-0.02913794070170603,-0.0030626102093478844,9.56382376649534e-06,-4.869611975571912e-06,0.004845520458359602
48.701,0.03349746615914379,1.058705855696417,2.9825545117881105,-1.5167713153927647,0.008851462022421656,0.552161336592563,1845,1,0.050490379030012945,-0.029141253858035215,-0.0030631281249120647,9.66923921093081e-06,-4.717256261181064e-06,0.004846124961044757
48.726,-0.005358229797136293,1.059017697018958,2.996294643810918,-1.577990696203463,0.007893775413641451,0.5452114896149539,1846,1,0.050500995186932233,-0.02912492073751924,-0.003063424935823046,9.794454154636339e-06,-4.565421184528605e-06,0.004847597695460888
48.751,-0.04540206865102488,1.0591005444670991,3.0098150862688566,-1.6112252880248037,0.0067860711561301456,0.5321955123089585,1847,1,0.05053822007757079,-0.02913667593832792,-0.0030634955593964795,9.862367461981993e-06,-4.349548608284211e-06,0.004847734528973091
48.776,-0.08591949419838335,1.0593570005767645,3.0229044194263683,-1.5966981466499692,0.011999592150585634,0.5124009427169536,1848,1,0.05057262264689482,-0.029126107011318514,-0.0030633183893500524,9.81527347754649e-06,-4.0000128340395094e-06,0.004849346916815643
48.801,-0.12523697598353015,1.0597005240746284,3.0354351334047065,-1.5430639856160244,0.01379761109594558,0.4889385447927997,1849,1,0.05058642952496681,-0.029110396683985584,-0.0030629696238031845,9.774995886628985e-06,-3.7393296283066067e-06,0.0048522712214839215
48.826,-0.1630726934791802,1.0600468811315618,3.047351346666007,-1.464791019743648,0.012222663775878913,0.4604686893380179,1850,1,0.05058692082735881,-0.0290982957756178,-0.0030624544624346275,9.771734223074199e-06,-3.57601092863748e-06,0.004852606627367448
48.851,-0.1984765269707084,1.0603116572634224,3.058458567871606,-1.3556450501949124,0.012135853798152654,0.4263483013139944,1851,1,0.05060090606285381,-0.029093983129692334,-0.0030617065570612435,9.881901108826717e-06,-3.2766985440747753e-06,0.004852625835021064
48.876,-0.23085494598892195,1.0606536738214694,3.0686687617317054,-1.2137395180667796,0.01273516932919774,0.3885740023267494,1852,1,0.05060477299123644,-0.029079461546711583,-0.0030608240530125507,1.0026954450452563e-05,-3.2270973024261437e-06,0.004853578521613172
48.901,-0.25916350287405254,1.0609484157298823,3.077887267987945,-1.0663276412547358,0.012094813988991007,0.34750651499696394,1853,1,0.050643466753386886,-0.029063945947144818,-0.003059874425809611,1.0084716518988727e-05,-3.1057094248050087e-06,0.004854144815768011
48.926,-0.2841713280516633,1.061258414520919,3.086044087481555,-0.9251666034386468,0.008399715399676688,0.3042351883745549,1854,1,0.05062476409129162,-0.029053539623074814,-0.0030590947369090265,9.903056001213534e-06,-3.473329183815079e-06,0.004854712833040769
48.951,-0.30542183304598225,1.061368401499866,3.093099027406672,-0.7840575321509115,0.002710111309785089,0.2596642968660726,1855,1,0.050624774985542104,-0.029062728997727886,-0.0030586880182874657,9.805939237508437e-06,-3.7722673278332822e-06,0.004855076937063058
48.976,-0.32337420465920663,1.0613939200864082,3.099027302324858,-0.6416626723039253,0.0022938010337993004,0.21504778639923727,1856,1,0.05059436920282917,-0.029080283607086508,-0.003058502619110422,9.798302993965572e-06,-4.294981299077908e-06,0.004854967570904214
49.001,-0.3375049666611767,1.061483091551556,3.1038514167266333,-0.5055180162677888,0.0024650102896159993,0.17114488743933048,1857,1,0.05061050190050492,-0.02907971415419432,-0.003058448150363621,9.639842679453691e-06,-4.544427898792955e-06,0.004854871375179114
49.026,-0.3486501054725982,1.061517170600889,3.1075845466968253,-0.3744902814992737,0.0011574667604684742,0.12883020994482808,1858,1,0.05057635510006921,-0.02908550421165308,-0.003058418857357894,9.688667676334354e-06,-4.9550080197741716e-06,0.004853766083689731
49.051,-0.35622948073614197,1.0615409648895795,3.1102929272238753,-0.24381724080616948,-0.002127723750073983,0.09010261321359693,1859,1,0.05058038244175606,-0.029084907432056835,-0.003058421561464586,9.661763843842103e-06,-5.0317579995657795e-06,0.00485329501476498
49.076,-0.360840967512906,1.0614107844133853,3.112089677357505,-0.1192857185557007,-0.0009196487406404853,0.05683938341186735,1860,1,0.050554648512813966,-0.029100490118181756,-0.003058656035638695,9.779516923104736e-06,-5.19399687051528e-06,0.004853562781282649
49.101,-0.36219376666392666,1.0614949824525475,3.1131348963944685,0.008566477007589323,0.002873272267147783,0.03009961933400256,1861,1,0.0505455909662102,-0.029085335053654446,-0.003059093665327933,9.730184190520248e-06,-5.355396029795037e-06,0.004852606221984383
49.126,-0.36041264366252657,1.0615544480267427,3.113594658324205,0.12023450003912335,-0.003996721027923137,0.010847031318225361,1862,1,0.05054730239843103,-0.029072194525953627,-0.0030596432029893384,9.517525292160659e-06,-5.4522582647245805e-06,0.004851403063640852
49.151,-0.35618204166197,1.0612951464011513,3.11367724796038,0.22061337336303116,-0.011050502170720957,0.003722180411260505,1863,1,0.0505336516715907,-0.029095753707566393,-0.003060432472435188,9.468272422090913e-06,-5.7166533703562314e-06,0.004851288215087215
49.176,-0.34938197499437407,1.0610019229182066,3.113780767344768,0.3008256105843681,-0.009700762514209257,0.026313592506099045,1864,1,0.05056305897133376,-0.029116135008861847,-0.0030614686327177713,9.320367768442856e-06,-5.804341496715066e-06,0.004850152440025776
49.201,-0.34114076113275243,1.0608101082754409,3.1149929275856847,0.35495202095099504,-0.018935612824401114,0.09945732486384205,1865,1,0.05056532293762988,-0.029112666255363427,-0.0030626432031522787,9.219293065822372e-06,-6.058001933083406e-06,0.00485020667894014
49.226,-0.3316343739468253,1.0600551422769866,3.1187536335879598,0.38344561645768455,-0.0402371605050323,0.22286938462618466,1866,1,0.05057798820573629,-0.029135690283688388,-0.0030639094764852294,9.195781439693176e-06,-6.214447393152017e-06,0.004850235079392198
49.251,-0.3219684803098693,1.0587982502501894,3.1261363968169933,0.3573159331283166,-0.07984129448564954,0.38616611926092487,1867,1,0.050569742756083745,-0.029125457853640752,-0.00306498160299813,9.032801103233757e-06,-6.248060753450532e-06,0.004850922185872306
49.276,-0.31376857729040797,1.0560630775527038,3.1380619395510077,0.2940444731693319,-0.15141935774368107,0.5802480597899022,1868,1,0.05055069060015986,-0.02912998253248483,-0.0030656484390596496,9.043474385898658e-06,-6.178053547310115e-06,0.004851207786130414
49.301,-0.30726625665140145,1.0512272823630047,-3.128036507373095,0.21051519270637284,-0.2324880909433923,0.7961226099007765,1869,1,0.05057730147631969,-0.029148802280629,-0.003065819204672548,9.27255929655535e-06,-5.836168300654188e-06,0.0048527302577771065
49.326,-0.3032428176550899,1.0444386730055348,-3.105317237133542,0.11500509413051795,-0.31280463096625244,1.0254876820751908,1870,1,0.050576961565793443,-0.029158620011783935,-0.0030656048447200586,9.263948402944284e-06,-5.728041824784583e-06,0.004852695127175253
49.351,-0.3015160019448759,1.035587050814693,-3.0767621232693383,0.034451919052508065,-0.39612347925837044,1.2604064309482605,1871,1,0.050553731287749364,-0.029163376769295198,-0.0030653119145086665,9.340194182822357e-06,-5.66950282413132e-06,0.004854973486017771
49.376,-0.3015202217024646,1.0246324990426174,-3.0422969155861326,-0.03542076970490835,-0.48658358711053246,1.495071322645615,1872,1,0.050553249032628644,-0.029158433625468907,-0.0030648879102581667,9.42646888613304e-06,-5.5775817494558794e-06,0.004858084164261347
49.401,-0.30328704043012145,1.0112578714591642,-3.002008557137051,-0.09723085558740745,-0.5837784837592133,1.7223078092061648,1873,1,0.05053886229357561,-0.029172527954424522,-0.003064160603088472,9.62001241736196e-06,-5.486790506196226e-06,0.0048604916074195615
49.426,-0.3063817644818354,0.9954435748546543,-2.956181525125817,-0.1474483791959153,-0.6700303154034607,1.9358351232412954,1874,1,0.05053900304214259,-0.029198950267444474,-0.003063231132937401,9.823042806452472e-06,-5.3114158103943405e-06,0.004862689491655422
49.451,-0.3106594593899168,0.9777563556889931,-2.905216800974992,-0.19662111871748497,-0.7575525085716137,2.1318135094238557,1875,1,0.05054795117591244,-0.029167436331756235,-0.0030622476122132616,9.690568449296237e-06,-5.2390612170516425e-06,0.004867603901789341
49.476,-0.3162128204177091,0.9575659494260758,-2.8495908496546303,-0.2388049280673046,-0.8601114984584357,2.30694901271139,1876,1,0.050532974758305475,-0.029158992363331707,-0.00306147530415665,9.614477124658162e-06,-5.1290288901959745e-06,0.004873306625165116
49.501,-0.32259970579328134,0.9347507807660738,-2.789869350339429,-0.2758360950864034,-0.9503606059518865,2.455388474931683,1877,1,0.05053431006709604,-0.029188766087458552,-0.0030612295811537262,9.845618902463346e-06,-4.88535839256332e-06,0.004876152113696073
49.526,-0.33000462517203044,0.9100479191284774,-2.7268214259080357,-0.3095816673602405,-1.0329183097184431,2.57429388183047,1878,1,0.05052330168498492,-0.029166222418640073,-0.0030614228566433685,9.828235206003545e-06,-4.7481066775797685e-06,0.004882543153098668
49.551,-0.3380787891612947,0.8831048652801472,-2.6611546562478945,-0.3400757252661639,-1.1219038788681417,2.6630421363942873,1879,1,0.050530765669521596,-0.02914825677585041,-0.003061897512425468,9.828673097010213e-06,-4.510194001597721e-06,0.004888485318238444
49.576,-0.34700841143533767,0.8539527251850735,-2.593669319088329,-0.37323046512619096,-1.2115467144561154,2.718385022487654,1880,1,0.05052510457263653,-0.029131129794953303,-0.003062616907676543,9.88273578212591e-06,-4.3603504252193035e-06,0.004894449734406335
49.601,-0.3567403124176032,0.8225275295573449,-2.5252354051235195,-0.4004230632648459,-1.2937362477774241,2.739548138369972,1881,1,0.05050534503107307,-0.029125737017517486,-0.0030635447963631504,1.0087423004673092e-05,-4.195643237281398e-06,0.004901681980139335
49.626,-0.36702956459857883,0.789265912796206,-2.456691912169838,-0.41982482870555254,-1.3714968537421297,2.7276295671423227,1882,1,0.05049192630309626,-0.029112189252603317,-0.0030644927061765116,1.0321507834013924e-05,-4.072001600768546e-06,0.004909029052924766
49.651,-0.3777315538528826,0.7539526868702325,-2.3888539267663917,-0.4367843299591961,-1.448296419976479,2.681484839875685,1883,1,0.05048562899958192,-0.029122869089784197,-0.003065513799381157,1.0916470914735082e-05,-3.911249645365608e-06,0.004913791385414136
49.676,-0.3888687810965405,0.7168510917973758,-2.3226176701760424,-0.4494351822835341,-1.4943044473057883,2.6011845664279467,1884,1,0.05047922626716467,-0.029134713891046764,-0.003066506122172823,1.138777729212899e-05,-3.7956529482427663e-06,0.004918436109266176
49.701,-0.400203312967058,0.6792374645049474,-2.258794698445002,-0.43985228469901994,-1.4968694645893283,2.4896435953397673,1885,1,0.05046636905323477,-0.029127286145937546,-0.0030673068423581105,1.1636272158016853e-05,-3.69512439674386e-06,0.004924739584056833
49.726,-0.41086139533149024,0.6420076185679137,-2.198135490409061,-0.42617567531148626,-1.4730595339770074,2.34888717520267,1886,1,0.05050339717597729,-0.029140842013156844,-0.00306790972542509,1.167981792237544e-05,-3.3241818363721376e-06,0.004929483647569744
49.751,-0.4215120967326311,0.6055844878061012,-2.141350339684875,-0.40754474910311667,-1.4092410334202274,2.1802945285104784,1887,1,0.05049169045791608,-0.029144435177219215,-0.003068510749847835,1.1803807627752813e-05,-3.2452830941076494e-06,0.00493365794227494
49.776,-0.4312386327866478,0.5715455668968963,-2.089120763983528,-0.3645098772788713,-1.2971520556567322,1.9887084606956753,1888,1,0.05049893859461249,-0.029150823649464672,-0.00306890638643964,1.1705262436619173e-05,-3.162358486457445e-06,0.004939178924618544
49.801,-0.43973759059657624,0.540726885023259,-2.0419149166500827,-0.31745945287468574,-1.1617619642744186,1.7798144054391098,1889,1,0.05052033725870424,-0.029174459585938207,-0.0030689338933795373,1.179679680190101e-05,-2.9877960149584764e-06,0.004944196915780946
49.826,-0.4471116054303812,0.5134574686831787,-2.0001300437115774,-0.2766329114232337,-1.0154449224861728,1.5563206198265784,1890,1,0.05053444699063545,-0.02920366330879715,-0.0030686979267854557,1.182319892160912e-05,-3.019955715799543e-06,0.004945793059726755
49.851,-0.45356923616773714,0.4899546388989533,-1.9640988856587585,-0.23615866811903874,-0.8714276121101512,1.3223265282542271,1891,1,0.05054950672837823,-0.029199824442441645,-0.00306835653021797,1.1707266318365073e-05,-3.221429088654297e-06,0.0049484909963087185
49.876,-0.45891953883633246,0.46988608807767357,-1.9340137172988698,-0.19822351650423317,-0.7318868620941708,1.0866270534402795,1892,1,0.050565541532812945,-0.02921148024076716,-0.0030678363241179187,1.1650623682313397e-05,-3.2368789543543444e-06,0.004952603372375025
49.901,-0.46348041199294965,0.45336029579424164,-1.9097675329867398,-0.16585859034410705,-0.5960976727523717,0.8562204612546134,1893,1,0.05057789691216655,-0.02919312947874082,-0.0030673457687098974,1.1435514069166372e-05,-3.16385873455615e-06,0.004953638402648206
49.926,-0.4672124683535385,0.44008120444005244,-1.8912026942361355,-0.13218484818947915,-0.46460924680092974,0.6357720504088611,1894,1,0.05057659136490168,-0.029173052417220253,-0.003067153633753846,1.1477068374969468e-05,-3.0815675633414606e-06,0.004953811459546516
49.951,-0.47008965440242323,0.4301298334541965,-1.8779789304662986,-0.09559768444232886,-0.335171506390395,0.4346646794707601,1895,1,0.05058071998935457,-0.029144767755740732,-0.003067312153701816,1.1354789446118547e-05,-2.9993030820938913e-06,0.004954380635316389
49.976,-0.4719923525756547,0.42332262912053364,-1.8694694602625987,-0.057094712243145246,-0.20972286440764182,0.2619788750224987,1896,1,0.05058840701597398,-0.0291322775335558,-0.003067801780742648,1.1310770498539916e-05,-2.7516224027371908e-06,0.0049546177424311996
50.001,-0.47294439001458033,0.419643690233815,-1.8648799867151744,-0.01803719345476697,-0.0913505483757404,0.1268979486891178,1897,1,0.05060403284720104,-0.02912948587662211,-0.0030686127345104005,1.1365146204690214e-05,-2.4508661037284323e-06,0.004954587731563663
50.026,-0.4728942122483931,0.41875510170174624,-1.8631245628281423,0.014134100173181967,0.02996400539938182,0.040438691905123496,1898,1,0.050603537106396874,-0.029158388955587672,-0.0030696226996173048,1.149916553115232e-05,-2.3501663330261294e-06,0.004955431928916331
50.051,-0.47223768500592117,0.4211418905037842,-1.8628580521199183,0.038041720012850166,0.14349352973336876,-0.00015711358941850943,1899,1,0.05062707596978821,-0.02914099038600186,-0.0030706218186207983,1.1520816275293079e-05,-1.981397149777855e-06,0.004953572612657262
50.076,-0.4709921262477507,0.42592977818841427,-1.8631324185076132,0.0679515067500441,0.25087206424517766,-0.0381014172415583,1900,1,0.05059275582620397,-0.029123594422736755,-0.003071305522915059,1.1578514894033028e-05,-1.9416640019037216e-06,0.004954015720666878
50.101,-0.46884010966841916,0.43368549371604237,-1.8647631229819959,0.08764093485949807,0.3544724045335114,-0.11442437403230461,1901,1,0.05059260813934762,-0.029127783188365942,-0.00307175560418151,1.1701014302852651e-05,-1.835170848734441e-06,0.0049536036618223036
50.126,-0.46661007950477607,0.44365339841508883,-1.8688536372092281,0.08257605992846935,0.41492845911699455,-0.23101127471692157,1902,1,0.050599968979887965,-0.029114984882631638,-0.0030719724880291627,1.1504776283227378e-05,-1.7629114053264663e-06,0.004952807082855565
50.151,-0.46471130667199534,0.45443191667189387,-1.876313686717843,0.038349148713469124,0.4178847361494763,-0.37998231022407714,1903,1,0.05060984658329925,-0.029144204122232537,-0.0030721294090412135,1.1677613257037903e-05,-1.6767647182733908e-06,0.004951517356082382
50.176,-0.46469262206910245,0.4645476352225644,-1.8878527527204336,-0.04544925376429845,0.378179897016178,-0.5546193688835426,1904,1,0.05060044443223721,-0.029144905294995138,-0.003072340444805604,1.174685955746834e-05,-1.8492202929363112e-06,0.004948564766507431
50.201,-0.46698376936021013,0.4733409115227017,-1.9040446551620183,-0.1432182520285045,0.3220416623471539,-0.7474121326849373,1905,1,0.050582518056016094,-0.029159077386558804,-0.0030726670786005985,1.1806503245938943e-05,-1.8495705673693169e-06,0.004946297609208955
50.226,-0.47185353467052726,0.4806497183399212,-1.9252233593546784,-0.2537528486299889,0.2677969002792987,-0.9518522831631245,1906,1,0.05057887080173323,-0.029174880146261524,-0.003073168122344859,1.1678584614867484e-05,-1.7729222527948863e-06,0.004942167255032877
50.251,-0.47967141179170886,0.48673075653666587,-1.9516372693201716,-0.36967391473092426,0.2210858404795524,-1.1622017335791388,1907,1,0.050577983384579105,-0.029151647263873683,-0.0030737037694711904,1.1374391737354797e-05,-1.7886295721165856e-06,0.004939014296430312
50.276,-0.49033723040707505,0.49170401036389977,-1.9833334460336405,-0.47583376525325344,0.17495603971407211,-1.3720120020574351,1908,1,0.050574026914201015,-0.029110298644520086,-0.003074334923937065,1.1267874604961957e-05,-1.8986347065681243e-06,0.004936025376029887
50.301,-0.5034631000543736,0.4954785585223702,-2.020237869423049,-0.5746126196230033,0.13828768342452732,-1.5758307337565476,1909,1,0.05054968658012668,-0.029109675661692983,-0.003074907754102618,1.1259118948551723e-05,-2.2427587549735822e-06,0.004932834949530504
50.326,-0.5190678613882236,0.49861839453512574,-2.0621249827214636,-0.6748604544701726,0.11097892278542486,-1.7698110778604665,1910,1,0.05054933177014865,-0.02912151867869969,-0.003075396663222315,1.118702601119938e-05,-2.4657203683581113e-06,0.004926785180809557
50.351,-0.5372061227778803,0.5010275046616411,-2.1087284233160672,-0.7774698867723993,0.08363140403929413,-1.9504204019097802,1911,1,0.05054503412927215,-0.02914010071916135,-0.003075850969399497,1.1081481553643313e-05,-2.9901096583551144e-06,0.004919769862186461
50.376,-0.5579413557268413,0.5027999647370902,-2.159646002816947,-0.8869087005025976,0.06482027936918547,-2.1146996763028865,1912,1,0.05053060122146924,-0.029153545707533958,-0.0030764881359821184,1.0951460306569929e-05,-3.2110595342944088e-06,0.0049115791952845525
50.401,-0.5815515578030139,0.5042685186301007,-2.2144634071312206,-0.983781704990963,0.04922414771594521,-2.2579818912176135,1913,1,0.050521024313492424,-0.02911043896533061,-0.0030772774508116257,1.068958829361594e-05,-3.448226281971863e-06,0.004907073669334387
50.426,-0.6071304409763937,0.5052611721228877,-2.2725450973778374,-1.0704472345146296,0.027072081829386127,-2.3766740714627783,1914,1,0.050523983866447325,-0.029131878781877327,-0.003078024312020125,1.0641156858944567e-05,-3.8022020793353423e-06,0.004900003336942062
50.451,-0.6350739195287424,0.5056221227215699,-2.3332971107043528,-1.1645959236355115,0.013932218622717223,-2.4711805637784394,1915,1,0.050501621569221666,-0.0291657880537238,-0.0030786312168031007,1.0768406648603324e-05,-4.190540427318007e-06,0.004891336571330803
50.476,-0.665360237158166,0.5059577830540235,-2.3961041255667523,-1.2607858437685577,0.011800458413756104,-2.5390861697574363,1916,1,0.05050630136131965,-0.02917711087792039,-0.0030792129729889893,1.0983011502651396e-05,-4.259818782124596e-06,0.004884257481071752
50.501,-0.6981132117171667,0.5062121456422577,-2.4602514191922173,-1.3488640677075119,0.001055973887928906,-2.578415113510053,1917,1,0.050516643058624085,-0.029154120331959042,-0.0030799416645041645,1.1049276409510278e-05,-4.335126812196564e-06,0.004877047392805066
50.526,-0.7328034405435473,0.50601058174842,-2.525024881242266,-1.4390337855990636,-0.011125032195315071,-2.589136335929797,1918,1,0.05051993195891183,-0.029178193932262633,-0.003080592022575501,1.1049297705788134e-05,-4.367351430992889e-06,0.004869201003302107
50.551,-0.770064900997126,0.5056558940324919,-2.5897082359887182,-1.528500178295942,-0.02044375534897008,-2.5705165128387315,1919,1,0.05050605181793751,-0.02915022663602612,-0.0030812369119651763,1.0627543307071719e-05,-4.247677514392209e-06,0.004861416318639205
50.576,-0.80922844945834,0.5049883939809715,-2.6535507068841953,-1.6012597644640336,-0.025982290027114864,-2.523361872351463,1920,1,0.050492177929745856,-0.029150780163767237,-0.0030817410538154814,1.0415411333426123e-05,-4.18842695329481e-06,0.004852184880948967
50.601,-0.8501278892203231,0.5043567795311362,-2.7158763296062842,-1.6520875635814798,-0.02842026690340333,-2.4490434676665065,1921,1,0.05050569532107178,-0.029153918089563392,-0.003082058085307012,1.019559722279924e-05,-4.0345273733164025e-06,0.004843939104087457
50.626,-0.8918328276374093,0.5035673806358014,-2.7760028802675136,-1.6412286389260822,-0.028116799310155916,-2.348292722201894,1922,1,0.05050944110456549,-0.029159065587192307,-0.003082135944072424,9.977407515844567e-06,-3.880241550811773e-06,0.004836263866558897
50.651,-0.9321893211666342,0.5029509395656283,-2.833290965716389,-1.5802911278847438,-0.021764914311124626,-2.222887743759442,1923,1,0.05053893779910701,-0.02916758965202079,-0.0030819715437379338,9.831873277661526e-06,-3.7723612075804938e-06,0.00483014398832338
50.676,-0.9708473840316533,0.5024791349202451,-2.887147267455495,-1.4905795368446855,-0.025670876619644862,-2.0738336645181588,1924,1,0.05054863370357811,-0.029143675623278974,-0.003081751861283909,9.699671205051647e-06,-3.7397100739082327e-06,0.004825444802466247
50.701,-1.0067182980088643,0.5016673957346461,-2.936982648942291,-1.3535884239566036,-0.02388339018316279,-1.904994742454715,1925,1,0.05051660516135144,-0.029155002481014675,-0.0030814829023725057,9.642285933833987e-06,-4.00220619277555e-06,0.004818099298624349
50.726,-1.0385268052294796,0.501284965411087,-2.9823970045782255,-1.1907929220637803,-0.011900044429529865,-1.7198999486126265,1926,1,0.05052432754099374,-0.0291497428371728,-0.0030808292466004274,9.621864935621702e-06,-4.039088743928398e-06,0.004811670721231802
50.751,-1.0662579441120499,0.5010723935131697,-3.0229776463729174,-1.0346303353710302,-0.007647192470351852,-1.522316813680783,1927,1,0.050557377923595555,-0.02915447651030886,-0.0030799816398889156,9.750061002814887e-06,-4.0838654151285995e-06,0.004804921941855118
50.776,-1.0902583219980355,0.5009026057875694,-3.058512845262271,-0.8927508634097274,-0.0045952961997959806,-1.3161462900281362,1928,1,0.050586131191463865,-0.02916220929240088,-0.003079027056396178,9.774066450127928e-06,-3.9857300359077385e-06,0.004799832167869251
50.801,-1.11089548728254,0.5008426287031799,-3.08878496087433,-0.7524814847566469,-0.005122893594289593,-1.1058451023360945,1929,1,0.050588774278234,-0.02915048296781815,-0.003077995372887061,9.772960298290005e-06,-4.0038122178447005e-06,0.004794848085533525
50.826,-1.1278823962358657,0.5006464611078549,-3.1138051003790728,-0.6114633862650446,-0.0037566571781091265,-0.897189119192665,1930,1,0.05059507881314769,-0.029166540156237198,-0.0030770791683942516,9.803925544748814e-06,-3.962118404617915e-06,0.004790410228577929
50.851,-1.1414686565957906,0.5006547958442744,-3.1336444168339606,-0.46598566372239675,0.0017430311053990724,-0.6953054307615187,1931,1,0.05060180407685603,-0.029158407830257613,-0.003076524003280993,9.719552884542324e-06,-3.707801090969383e-06,0.004786854061104959
50.876,-1.1511816794219842,0.5007336126631249,3.1346149352624395,-0.3292610221226363,-0.004910630861493928,-0.5071311824946457,1932,1,0.05066020502116085,-0.029160548034340768,-0.0030762820932318463,9.767492775982986e-06,-3.350104094643944e-06,0.004783024080446179
50.901,-1.1579317077019238,0.5004092643011997,3.1241843312208917,-0.21124820947226094,-0.007212035147633962,-0.33790984853724343,1933,1,0.05066970651013913,-0.02920143804146128,-0.0030762677381673677,9.871493178261271e-06,-3.308431425580915e-06,0.004781627749335934
50.926,-1.1617440898955982,0.5003730109057432,3.117719442835576,-0.08980163349708259,-0.0039739818678532525,-0.19543983117875863,1934,1,0.05065707441470278,-0.029197280246177286,-0.0030763847983186904,9.516038433403316e-06,-3.0915767317410617e-06,0.004778044803870829
50.951,-1.1624217893767776,0.500210565207807,3.1144123396619543,0.032643784714203226,-0.002585201077234403,-0.08824164002850633,1935,1,0.05064557894042835,-0.029210556857050214,-0.0030766908268331384,9.214292276111467e-06,-2.9484276860978995e-06,0.004775402936478203
50.976,-1.1601119006598881,0.5002437508518814,3.113307360834151,0.1483079247634529,0.00012054182826793511,-0.024081643359360732,1936,1,0.050633522328809265,-0.02919884680537846,-0.0030770966688491394,8.916830268999449e-06,-2.8940365505427634e-06,0.00477210195641241
51.001,-1.1550063931386054,0.5002165922992204,3.1132082574939863,0.23466726954893377,-0.00034161555111819484,-0.00443621714686555,1937,1,0.050631656687153956,-0.029197699599458622,-0.003077439973279569,8.749167177461682e-06,-2.737283840568797e-06,0.004770053462606613
51.026,-1.1483785371824404,0.5002266700743255,3.1130855499768075,0.2812149785515876,0.001828220989849982,-0.015496539254183716,1938,1,0.05062566279941695,-0.029193954690391908,-0.003077713511128898,8.5107178105254e-06,-2.6598276704525707e-06,0.004767555783533211
51.051,-1.1409456442110248,0.500308003348713,3.112433430531277,0.2877889639234951,0.01189283162806044,-0.04333844596814875,1939,1,0.050636702543938386,-0.029194406566316795,-0.003077979517770765,8.137272566953859e-06,-2.398944186202311e-06,0.004765586028685594
51.076,-1.1339890889862665,0.5008213116557285,3.1109186276784,0.2530346316481646,0.03056038964692483,-0.08528290091212072,1940,1,0.05062475009167548,-0.029176954502956973,-0.0030780658422566104,7.866324524773887e-06,-2.2521639853211957e-06,0.004763092575128143
51.101,-1.1282939126286173,0.5018360228310591,3.1081692854856713,0.19313704731125136,0.05955423829825285,-0.13874976840509212,1941,1,0.050590642944663054,-0.029172714415370206,-0.003077891681342977,7.6268198842160215e-06,-2.1739317499394437e-06,0.004761004009141387
51.126,-1.1243322366207045,0.503799023570641,3.103981139258146,0.10574562316578259,0.11161405346660372,-0.20059006671395774,1942,1,0.05057461610250148,-0.02916762747571801,-0.003077800840025038,7.262222896305144e-06,-2.1588480690425958e-06,0.004758569765712672
51.151,-1.1230066314703278,0.5074167255043898,3.0981397821499725,0.00917757464020152,0.1639814809361455,-0.26998224498612805,1943,1,0.05054352012975178,-0.029123079046889978,-0.0030777842221476883,6.73266183942643e-06,-1.9352112947110056e-06,0.004756125070139214
51.176,-1.1238733578886944,0.511998097617449,3.0904820270088385,-0.09083883831598599,0.21392725345600655,-0.34428972498973215,1944,1,0.050565770514540316,-0.02914355114731601,-0.0030779244212684595,6.817476091679282e-06,-1.5868864844777061e-06,0.004753852505906519
51.201,-1.1275485733861268,0.5181130881771895,3.080925295900487,-0.20181684685265192,0.27599381933158157,-0.42228474254479575,1945,1,0.05055842453355316,-0.029153772015601005,-0.003077977867149093,6.8882832403767475e-06,-1.4840733195431796e-06,0.004749998068895206
51.226,-1.1339642002313264,0.5257977885840273,3.0693677898816,-0.2970548363088579,0.337074981980329,-0.5024424296411675,1946,1,0.050521132048962046,-0.0291544981478639,-0.003077931153000338,6.833590932541043e-06,-1.456374647291836e-06,0.0047471160162883864
51.251,-1.1424013152015688,0.534966837276205,3.05580317441843,-0.37692306686856086,0.39774950391982805,-0.5831387123609346,1947,1,0.050522900498997166,-0.029158999952223957,-0.003077821518114388,6.871258030423783e-06,-1.233021431719831e-06,0.004743275657359889
51.276,-1.152810353574756,0.5456852637800204,3.0402108542635506,-0.46359141253856473,0.4591961026551336,-0.6626602963108009,1948,1,0.05055301844184945,-0.029160027580757714,-0.0030778411107337707,6.85145465276199e-06,-9.247966679242869e-07,0.004740243313484446
51.301,-1.165580885828499,0.5579266424089636,3.022670159602887,-0.5539854156521478,0.5222705559985371,-0.7399508743134552,1949,1,0.050558518049728766,-0.02916493331553785,-0.003078000930255836,6.991542734261296e-06,-6.972908393181983e-07,0.004736267795369922
51.326,-1.1805096243573618,0.5717987915799457,3.00321331054788,-0.6419257263354982,0.5811761555167203,-0.8134642384848974,1950,1,0.050556043736038885,-0.02915583091615918,-0.0030782800944812,6.9270460000751665e-06,-6.774225952482126e-07,0.004733479616943664
51.351,-1.1976771721452721,0.586985450184798,2.9819969476786445,-0.7199629413593566,0.6371264359372881,-0.882552454170066,1951,1,0.05053456039859451,-0.02917232896979216,-0.0030784935474812,6.770263712254946e-06,-7.672873995810002e-07,0.004728861894069579
51.376,-1.2165077714253276,0.6036551133768083,2.959085687839379,-0.7952440030946161,0.6990184675309655,-0.9466313401349683,1952,1,0.05054834226784844,-0.029182571546724836,-0.0030785430447105642,6.638684077322339e-06,-7.718336207263107e-07,0.0047253325299723625
51.401,-1.2374393723000063,0.6219363735613492,2.934665380671892,-0.8759458803154193,0.7587059767345102,-1.0032942790179378,1953,1,0.05053875943270239,-0.02917467939363414,-0.0030786489846221796,6.199946779989628e-06,-9.116530179234072e-07,0.004721849628175223
51.426,-1.2603050654411023,0.6415904122135371,2.908920973888478,-0.9469112544266084,0.8129352943835029,-1.0534098286559757,1954,1,0.05052258129218779,-0.029177578076623672,-0.0030787324789753596,5.869098162780701e-06,-1.0868344767725189e-06,0.004716893877575684
51.451,-1.284784935021334,0.6625831382805221,2.8819948892390963,-1.019897547787201,0.8698723208304365,-1.0961089585810682,1955,1,0.050528419232956534,-0.0291869360319958,-0.0030788672697878794,5.675905156146249e-06,-1.155720089407386e-06,0.0047119335457771645
51.476,-1.3112999428304595,0.6850840282550564,2.8541155259594277,-1.0886247286054693,0.9286885519574056,-1.1306945235999708,1956,1,0.050501365006269366,-0.02918528357792864,-0.003079042043026956,5.399281312362288e-06,-1.2925160408398195e-06,0.004706900920512287
51.501,-1.3392161714516044,0.7090175658783897,2.825460163059101,-1.1504143916461058,0.9820922668035499,-1.1553744507393473,1957,1,0.050507041542132265,-0.029171193585456286,-0.003079215739076273,5.256551680586058e-06,-1.215578137601914e-06,0.004703876787654838
51.526,-1.3688206624127697,0.7341886415952381,2.7963468034224555,-1.2147086121696513,1.030098806939411,-1.1706703681348762,1958,1,0.05050970879613714,-0.029170619452608113,-0.0030793428222597825,5.023303285612465e-06,-1.2077488699290846e-06,0.004697529967712926
51.551,-1.3999516020600922,0.7605225062253647,2.766926644652352,-1.2709677649063977,1.0826677190106964,-1.1781606410976546,1959,1,0.050522976644410425,-0.029184661940730147,-0.003079411050128727,4.96971641754063e-06,-1.2105076723801266e-06,0.004692736088031242
51.576,-1.432369050658086,0.7883220275457699,2.737438771367576,-1.33220887437032,1.135097218687924,-1.175717006495174,1960,1,0.05055911449512447,-0.02916857439014754,-0.0030795074035815198,4.92262913697885e-06,-9.539656031681957e-07,0.0046872710099180055
51.601,-1.4665620457786044,0.8172773671597576,2.708140794327597,-1.389847352105277,1.1773898810307217,-1.164378484511945,1961,1,0.05055908936306831,-0.029168371092026597,-0.0030795595263925705,4.835126261741715e-06,-8.057660209665752e-07,0.004680931806487367
51.626,-1.5018614182633458,0.8471915215973026,2.679219847141982,-1.4265567442383347,1.20770095897648,-1.143982554337404,1962,1,0.050548455473327966,-0.02916053210587508,-0.0030792910053631887,4.522094206545189e-06,-7.025934934515823e-07,0.004677255468698697
51.651,-1.5378898829905272,0.8776624151085868,2.6509416666107217,-1.4328664541153624,1.2102642964167687,-1.1146513276617247,1963,1,0.050545673970630194,-0.029162397104978702,-0.0030785979479896423,4.325272099439425e-06,-4.630145668052717e-07,0.004671983262798248
51.676,-1.57350474096912,0.9077047364181462,2.623487280758891,-1.4007563817043864,1.1821180672820726,-1.076071414221812,1964,1,0.05056615680560209,-0.029182294559632033,-0.003077578428456656,4.174944008846202e-06,-1.553152791942927e-07,0.004668592806601977
51.701,-1.6079277020757425,0.936768318472687,2.597138095899634,-1.3401117578334583,1.1359311135917263,-1.0299447921600677,1965,1,0.05056856738218028,-0.029189915217358472,-0.0030765250355302685,3.954444865945543e-06,4.757606615194559e-08,0.004662671289582838
51.726,-1.6405103288607892,0.9645012920977293,2.5719900411508907,-1.2627306342366402,1.0740824504259339,-0.9761300925814465,1966,1,0.050567614298556336,-0.029176209559859046,-0.003075603432028989,3.501842119318528e-06,2.0333809548810667e-07,0.004659251062234298
51.751,-1.671064233787571,0.9904724409939807,2.5483315912705646,-1.1823984493364228,1.0001628489852012,-0.9151141030060935,1967,1,0.05058619415434643,-0.02917673637301093,-0.0030747534669582663,3.2124155438016075e-06,3.666162350793364e-07,0.00465322916222097
51.776,-1.6996302513276154,1.0145094345469936,2.526234336000582,-1.0933339130973874,0.920948141105408,-0.8492866891343973,1968,1,0.050588435478948285,-0.02919802559836016,-0.0030739561871487376,3.0012243812488528e-06,3.573466317019877e-07,0.0046487053138249855
51.801,-1.725730929442445,1.036519848049255,2.505867256813841,-0.9914076365440692,0.8384065676597429,-0.7771929253322616,1969,1,0.05058760999613772,-0.029212325957503005,-0.0030731923437828834,2.7736048552522425e-06,3.648513692910515e-07,0.004644158191012896
51.826,-1.749200633154816,1.0564297629299784,2.4873746897339712,-0.8801595112889306,0.7516200158334502,-0.7019624696954229,1970,1,0.05057816718274023,-0.029212455214620403,-0.0030725236779356175,2.390084049653456e-06,5.774605441473549e-07,0.004637944002794503
51.851,-1.769738905006889,1.0741008488409254,2.470769133329072,-0.768698876798956,0.6559821932401118,-0.6248119399291596,1971,1,0.050584999767827016,-0.029195756280216305,-0.003072010548361184,2.0583406669214357e-06,8.510468993468906e-07,0.004635538427192009
51.876,-1.7876355769947616,1.089228872591982,2.456134092737515,-0.6623832185472146,0.5591477755647268,-0.5439324214501686,1972,1,0.050583545512772846,-0.02920755155817625,-0.003071686900903873,1.96105219876278e-06,8.022031612492789e-07,0.004634026683218239
51.901,-1.8028580659342526,1.102058237619164,2.4435725122565612,-0.552566807684018,0.4699327936849639,-0.4616817645462718,1973,1,0.05057410454275043,-0.029219520975893105,-0.003071470141411999,1.7388290194134193e-06,7.830600475375986e-07,0.004629069491942331
51.926,-1.8152639173789649,1.1127255122762323,2.4330500045101995,-0.44800388147939846,0.38093288911932033,-0.3833904026743747,1974,1,0.05057172784837726,-0.029210642202500803,-0.0030712799881166958,1.5025239299516586e-06,1.0938004997274107e-06,0.004622172818634799
51.951,-1.8252582600082212,1.121104882075129,2.4244029921228436,-0.34404038278952953,0.28967278801481516,-0.3079823980269755,1975,1,0.05055505671914249,-0.029222762415450708,-0.003071112746811242,1.452980174315939e-06,1.2369549672047634e-06,0.0046219224308114565
51.976,-1.8324659365184404,1.1272091516769722,2.4176508846088516,-0.2356361355137971,0.20470597438097923,-0.23499149847388437,1976,1,0.050568962220531664,-0.029227531648798,-0.003071035625556661,1.3973303501033773e-06,1.3121575043749143e-06,0.004620008787925967
52.001,-1.8370400667839104,1.1313401807941774,2.41265341719915,-0.13621683676469493,0.1261549355317263,-0.16908027701526665,1977,1,0.050584666423319845,-0.029208597226638773,-0.0030711926141077533,1.2235779997240403e-06,1.485616611527553e-06,0.004616575911392986
52.026,-1.8392767783566757,1.133516898453559,2.4091968707580875,-0.05173887916605227,0.04751898871350452,-0.11185485738593505,1978,1,0.05058534922748168,-0.029188896278133546,-0.0030715642029404294,1.0446197225205489e-06,1.6894150228784627e-06,0.004614501585913152
52.051,-1.8396270107422132,1.1337161302298528,2.407060674329853,0.033452067111860675,-0.027657797384101252,-0.06392538747933693,1979,1,0.0505711798263646,-0.02920429949497351,-0.0030719223453340347,9.25773250244064e-07,1.919958033068078e-06,0.004613524726286428
52.076,-1.8376041750010828,1.132134008584354,2.406000601384121,0.10809595972730517,-0.09328661074525432,-0.028515173732543374,1980,1,0.0505900135908179,-0.029198394788082973,-0.0030723556410965406,6.893417520014975e-07,2.335345400166433e-06,0.004610823120087383
52.101,-1.8342222127558483,1.1290517996925904,2.4056349156432257,0.15992989251663503,-0.1391790040355402,-0.008042090423839202,1981,1,0.05059456631580129,-0.029223271632365246,-0.0030728206213510648,5.513058691308622e-07,2.353554530901296e-06,0.004610414521417379
52.126,-1.8296076803752515,1.1251750583825775,2.405598496862929,0.20725271039664603,-0.16675425358438378,0.0019310825256189676,1982,1,0.050565683520804885,-0.029222311980448966,-0.0030732214023252644,1.5564698075205345e-07,2.1309657496841987e-06,0.004610747999457477
52.151,-1.823859577236015,1.1207140870133705,2.4057314697695067,0.23795678485917207,-0.18612280201936138,0.01258928923321249,1983,1,0.0505469448272231,-0.029188526895531537,-0.0030736060511044683,-3.809992591187876e-07,1.940429960098104e-06,0.0046083400231072295
52.176,-1.8177098411322918,1.1158689182816086,2.4062279613245896,0.21212579722691288,-0.18499374153810585,0.03221505921277418,1984,1,0.050573132236059186,-0.02915673425372348,-0.0030737356692267077,-6.713652332870195e-07,1.9166432858430385e-06,0.004607071332821067
52.201,-1.81325328737467,1.1114643999364657,2.4073422227301453,0.14455174639867274,-0.15198654352309024,0.06130008725116724,1985,1,0.05054387899263282,-0.029199626154506338,-0.003073475075296867,-8.416218294291815e-07,1.848407592514663e-06,0.0046067428366672125
52.226,-1.8104822538123586,1.1082695911054545,2.409292965687148,0.06187841794741097,-0.09142847814532637,0.09815557018280632,1986,1,0.050546828890757386,-0.029219895466947608,-0.0030729958964745515,-1.0554823196807898e-06,1.9775615317439586e-06,0.004605659432555955
52.251,-1.8101593664772997,1.1068929760291997,2.4122500012392853,-0.0370289157962413,-0.029489042511478807,0.14086018158156263,1987,1,0.05053897988648995,-0.029206380629238075,-0.0030724279089631547,-1.4494279737173776e-06,2.1820970855119198e-06,0.004605330292795811
52.276,-1.8123336996021708,1.1067951389798805,2.4163359747662265,-0.1409686495498543,0.024356989570664265,0.18708179039195375,1988,1,0.050560867522045506,-0.02920121957736348,-0.0030720255373206003,-1.6607705808651834e-06,2.5011888305212325e-06,0.004604403726318015
52.301,-1.817207798954793,1.108110825507733,2.421604090758884,-0.2520338472404281,0.08443239873163791,0.23617502495139953,1989,1,0.050572164777836486,-0.029198598295925575,-0.003071818833570302,-1.7625967479015963e-06,2.604970238384203e-06,0.0046032813137431945
52.326,-1.8249353919641915,1.1110167589164621,2.428144726013796,-0.3633398651186355,0.13489802245718485,0.28583010219428956,1990,1,0.05053954148250501,-0.029189479337275573,-0.003071776189096572,-1.8640163782248034e-06,2.559622913248539e-06,0.004601189042507311
52.351,-1.8353747922107237,1.1148557266305918,2.4358955958685975,-0.462270024390294,0.17648993587147224,0.33548532989263213,1991,1,0.0505191596800558,-0.029216125085559118,-0.003071904519077461,-1.8018338160343985e-06,2.6708786183861147e-06,0.004601248566058151
52.376,-1.848048893183705,1.1198412557100352,2.4449189925084265,-0.5576548723000543,0.2223439203989296,0.3838506780244205,1992,1,0.05052365081463962,-0.029217264981550972,-0.003072030752316632,-1.9158020654577338e-06,2.9089098796861722e-06,0.004598637865613216
52.401,-1.8632575358257288,1.1259729226505393,2.45508812976982,-0.6537788783585949,0.2692069301504044,0.4288014926357054,1993,1,0.05051679212991461,-0.029217002003039286,-0.003072195725235078,-1.7795656882409632e-06,2.9025245173998555e-06,0.00459970679425651
52.426,-1.8807378371016374,1.1333016022175566,2.4663590671402136,-0.750209632071746,0.3065940290468868,0.47139762137248037,1994,1,0.05051016430141777,-0.029192528311218793,-0.0030723277862114563,-1.8555620368107293e-06,2.978953428169817e-06,0.004601275999043695
52.451,-1.900768017429314,1.1413026241028827,2.478658010838443,-0.8435056122958198,0.34154279274488164,0.509477896867463,1995,1,0.05051186661367018,-0.029213831280031737,-0.0030722818881330394,-1.670477426857041e-06,3.168551183979897e-06,0.004602281248174304
52.476,-1.922913117716426,1.1503787418547997,2.4918329619835853,-0.9285273427556356,0.38208696037263795,0.5432125072068714,1996,1,0.05052010064779744,-0.029209093951077656,-0.003072162313199202,-1.8127347079833767e-06,3.385926281095789e-06,0.004605368412131253
52.501,-1.9471943845670932,1.1604069721215136,2.505818636198785,-1.0186770496056339,0.4175911555647804,0.5730617155755491,1997,1,0.05053554642433604,-0.029196341354214235,-0.003071881771772758,-1.8751845569984618e-06,3.562891424767525e-06,0.00460738926641755
52.526,-1.973846970196712,1.1712582996330405,2.520486047762365,-1.1073453657897214,0.45854983310626185,0.5951932931860097,1998,1,0.05053987436356933,-0.029205969924513988,-0.003071505138230137,-1.855539840148574e-06,3.64011904582197e-06,0.004607234388085606
52.551,-2.002561652856584,1.1833344637768286,2.535578300858088,-1.1934819193697712,0.49418701809911847,0.6113010688982082,1999,1,0.05052573692641135,-0.029179422780015795,-0.0030708898133462235,-2.138341573459362e-06,3.831131437017774e-06,0.004610982964328594
52.576,-2.0335210661651972,1.195967650537995,2.551051101207274,-1.2784217125625312,0.5211470084902711,0.622317099340126,2000,1,0.050520829969699386,-0.029193621581974392,-0.0030700330487760824,-2.279090660699574e-06,3.917781956677163e-06,0.004610695269772719
52.601,-2.066482738484707,1.2093918142013407,2.5666941558250924,-1.3554009136622251,0.5537048628613309,0.6254607062628903,2001,1,0.050522233522846384,-0.029206500525507956,-0.0030689137468093647,-2.432426243842198e-06,4.0569842371810065e-06,0.004609217070834573
52.626,-2.1012911118483046,1.22365289368106,2.5823241365204166,-1.4342511779621356,0.5900194765488495,0.6206734692673436,2002,1,0.050533558024435495,-0.029205614996840976,-0.0030675184162575137,-2.48846373496174e-06,4.3396809784894906e-06,0.004609260066517671
52.651,-2.1381952973828198,1.2388927880287857,2.5977278292884622,-1.4988160341693089,0.6169741065190466,0.6099472800192376,2003,1,0.05051434127753665,-0.02919893756225785,-0.003066175015907407,-2.713513145892784e-06,4.145811461405302e-06,0.0046109323937679235
52.676,-2.1762319135567765,1.254501599007015,2.612821500521381,-1.5365430094252182,0.6252208591063191,0.5936273442537026,2004,1,0.05052041262201864,-0.029194788770298703,-0.0030650822201672887,-2.700312949253775e-06,4.149353673508768e-06,0.004610357743897856
52.701,-2.2150224478540763,1.2701538309840998,2.6274091965011457,-1.5261960450016223,0.6202521579480222,0.5694384378757413,2005,1,0.05051633264197567,-0.02921858703770234,-0.003064439671876075,-2.6532351930581144e-06,4.08036756327661e-06,0.004609254403277415
52.726,-2.2525417158068533,1.2855142069044143,2.6412934224151665,-1.4527243593975951,0.5989138796972678,0.5394540675871746,2006,1,0.050478090320791646,-0.02922202481544516,-0.0030640919071656513,-2.6641074684521932e-06,4.101462431297819e-06,0.0046117647241011635
52.751,-2.287658665823952,1.3000995249689615,2.654381899880503,-1.3546081761301654,0.5545532501564769,0.50587893528948,2007,1,0.05044438684575853,-0.029202107362719724,-0.0030639124874506157,-2.7023324420317113e-06,4.098777319432535e-06,0.0046131069687724
52.776,-2.3202721246133673,1.3132418694122405,2.6665873691796427,-1.2411434651602622,0.5054588574846011,0.4666450615442265,2008,1,0.05044562901607037,-0.029219409399391466,-0.0030639056497437267,-2.5079124560457424e-06,4.432448631185327e-06,0.0046128512936112875
52.801,-2.3497158390819703,1.3253724678431937,2.677714152957716,-1.1207555108210803,0.4578105208603705,0.42313811630064274,2009,1,0.0504586895207028,-0.02920356286718384,-0.0030638970633506935,-2.394328698045819e-06,4.744049038533964e-06,0.004614662339594809
52.826,-2.376309900154418,1.3361323954552577,2.6877442749946736,-0.9903660274761469,0.40267318458947776,0.3771402266600924,2010,1,0.05046039891393272,-0.029211567998915798,-0.0030639021945975545,-1.9744513944400467e-06,4.84639867072697e-06,0.004614642278203293
52.851,-2.399234140455775,1.3455061270726665,2.6965711642907197,-0.8527991250379371,0.3458316546890058,0.32871238198689406,2011,1,0.05050150648169316,-0.029202345232067294,-0.0030640234098925946,-1.5841617432968127e-06,5.276364883661118e-06,0.004614366917502516
52.876,-2.4189498564063125,1.353423978189707,2.7041798940940174,-0.7222140878074784,0.2928590552712035,0.27940266842086564,2012,1,0.05052452262616499,-0.02921128681250676,-0.0030643753141038365,-1.1953575867861735e-06,5.5610439629835355e-06,0.004612664295400279
52.901,-2.435344844846152,1.360149079836228,2.710541297711764,-0.5911985845822205,0.2475341111175411,0.22925659439069257,2013,1,0.05053843852008725,-0.02920535566117668,-0.0030648707040780124,-9.450118252243488e-07,5.841224643179319e-06,0.004612056931912832
52.926,-2.448509785635426,1.3658006837455852,2.715642723813553,-0.46188519438867776,0.19248239681705065,0.1809708956395287,2014,1,0.05053952136459979,-0.02917890244766985,-0.003065488942799872,-8.323664142182804e-07,6.053540253241015e-06,0.004611637788075296
52.951,-2.4584391045655845,1.36977319967708,2.71958984249374,-0.344484297420868,0.13416867055618162,0.13546800682557306,2015,1,0.05057295653986479,-0.029189204822110498,-0.0030660988389718444,-3.7020996600964163e-07,6.250200097678809e-06,0.0046093226366273965
52.976,-2.4657340005064685,1.3725091172733939,2.7224161241548313,-0.2290173951840521,0.08948253769629998,0.09334382906195235,2016,1,0.05055742882783212,-0.029218346065882136,-0.0030667290430722413,-4.9261489770793636e-08,6.040406535847109e-06,0.0046079479857923725
53.001,-2.4698899743247864,1.3742473265618946,2.7242570339468375,-0.10589513260860868,0.05151733735099034,0.05730729734894924,2017,1,0.05054900741371331,-0.029216736268091972,-0.0030674802018878034,-2.4509246648564235e-07,5.797516073367189e-06,0.004607454132222494
53.026,-2.4710287571368994,1.3750849841409436,2.725281489022279,0.010485781922441534,-9.164495599288997e-05,0.028813749548965747,2018,1,0.05053869446927766,-0.029184903033945553,-0.003068286574940388,-5.734242319645224e-07,5.53965654509436e-06,0.00460642516157458
53.051,-2.4693656852286643,1.374242744314095,2.725697721424286,0.11454121609322894,-0.052708558089945234,0.009967900638452888,2019,1,0.0505565262243146,-0.029207847443663653,-0.0030690898379750775,-3.828144053092009e-07,5.346968620657391e-06,0.004606361843897823
53.076,-2.4653016963322383,1.3724495562364465,2.7257798840542016,0.19254455639670304,-0.07946988412949726,0.002143723457326396,2020,1,0.050568359472021,-0.02922624042514005,-0.0030696727869052734,-4.732270019668648e-07,4.9989682573577235e-06,0.004604877993225722
53.101,-2.4597384574088297,1.3702692501076204,2.725804907597152,0.24286449946017855,-0.09049321785429125,0.0005035984982804395,2021,1,0.050550858304681326,-0.0292228315283549,-0.0030700421520125265,-7.294171800631503e-07,4.794079887438065e-06,0.004602991631494738
53.126,-2.45315847135923,1.3679248953437322,2.7258050639791156,0.2571791494437961,-0.10296930415095061,9.644488472736755e-05,2022,1,0.050566745209583555,-0.029195719453020966,-0.0030704994899135108,-1.1619384863699254e-06,4.853914870713111e-06,0.004602272035699417
53.151,-2.446879499936639,1.3651207849000724,2.7258097298413886,0.24185313283748114,-0.09697981445689291,0.000570545212257252,2023,1,0.0505696208652559,-0.029228908400939432,-0.003070982283402224,-1.1606793232511142e-06,4.9265203008562585e-06,0.004600033765802386
53.176,-2.441065814717355,1.3630759046208871,2.7258335912397285,0.21378011394343027,-0.07877325007294105,0.0003174764765035046,2024,1,0.05055566871228744,-0.029204279433423023,-0.003071519604924764,-1.5063796588342823e-06,4.757064372401251e-06,0.004598204700659858
53.201,-2.436190494239468,1.3611821223964256,2.7258256036652138,0.1756682423400957,-0.07019876751533216,-0.00037852339468182826,2025,1,0.050547084960120635,-0.029204153752486417,-0.003071929707504546,-1.8770531125221746e-06,4.859792828361255e-06,0.004597298952468103
53.226,-2.4322824026003507,1.3595659662451207,2.7258146650699944,0.13966659810472754,-0.05010114924854765,-0.00017557399932145333,2026,1,0.05054147039513486,-0.029214272412116302,-0.003072280749458027,-2.094991118993536e-06,5.051706131061785e-06,0.004597118179711336
53.251,-2.429207164334232,1.3586770649339983,2.7258168249652477,0.10259914813238971,-0.032779674762568024,0.00012632217064377816,2027,1,0.050529217622310885,-0.029186004989189336,-0.003072523644580933,-2.3941136880602704e-06,5.232023742188945e-06,0.004596112325367583
53.276,-2.4271524451937307,1.3579269825069922,2.7258209811785266,0.07321081991414055,-0.025608190008485947,-0.0003621274920817232,2028,1,0.05050088897945859,-0.02918796088532222,-0.0030725779348596597,-2.4177139263099684e-06,5.355981278536514e-06,0.00459498018111444
53.301,-2.4255466233385246,1.357396655433574,2.7257987185906436,0.05726367209555653,-0.02042424073617549,-0.00038189421340819544,2029,1,0.05049813548771434,-0.029185009272304205,-0.0030724466268271223,-2.6986853358707397e-06,5.743377394980231e-06,0.004595521401949976
53.326,-2.424289261588953,1.3569057704701835,2.725801886467856,0.04359628311573686,-0.014970374824462026,1.6039711283611725e-05,2030,1,0.05050860259219689,-0.02919136238031584,-0.003072166466952953,-2.6841490625616563e-06,6.1152726342811025e-06,0.0045944330351387
53.351,-2.423366809182738,1.3566481366923508,2.725799520576208,0.03671218389404305,-0.0061528081079179784,-0.0006354510913553574,2031,1,0.05050088489925702,-0.029186430646989534,-0.003071861333644108,-2.777246318692657e-06,6.277988048531214e-06,0.004594200995507885
53.376,-2.422453652394251,1.3565981300647876,2.7257701139132884,0.03373096493498974,-0.005370247588571506,-0.0005190232833296006,2032,1,0.05050247231462864,-0.029161245387508656,-0.0030716878060084263,-2.936059081582731e-06,6.542418267492465e-06,0.004594669565057661
53.401,-2.421680260935988,1.3563796243129222,2.7257735694120413,0.02566203171656015,-0.009975602096913543,0.00031602438506969725,2033,1,0.05051174435884213,-0.029160002885006746,-0.003071502826790282,-2.8959289383785283e-06,7.124936289415085e-06,0.004593944256271384
53.426,-2.421170550808423,1.3560993499599419,2.725785915132542,0.012793895784560421,-0.00837704448013946,0.0004801969007051372,2034,1,0.050507516397517715,-0.029173807708266164,-0.0030713061205743515,-2.723211201931965e-06,7.359629088234455e-06,0.004593286329757362
53.451,-2.42104056614676,1.3559607720889153,2.7257975792570766,0.012590690557426504,-0.004846504402880312,8.58357754651755e-05,2035,1,0.05046952049173157,-0.02918707653991695,-0.003071164362031155,-2.726941156029869e-06,7.3764040633517646e-06,0.004591512220247095
53.476,-2.4205410162805516,1.3558570247397979,2.725790206921315,0.013057885759711528,-0.0023098887626594937,-0.00022910525588672095,2036,1,0.050485274164916515,-0.029178535149390065,-0.0030710408976984743,-2.8550119560789527e-06,7.76892711457256e-06,0.00459126469789876
53.501,-2.4203876718587747,1.3558452776507823,2.725786123994282,0.0010706960185035339,-0.0039043618916686507,0.0006560413585531828,2037,1,0.050467676836539466,-0.029176117290534383,-0.0030709919225975716,-2.9817860024984838e-06,7.905986020804388e-06,0.004590684890005766
53.526,-2.4204874814796264,1.3556618066452144,2.725823008989243,-0.0036235812229442853,-0.004193513864989205,0.0006934783427947031,2038,1,0.05046012139649469,-0.02920058953625005,-0.003071136478778712,-3.1773128890193184e-06,8.11022275512762e-06,0.004588391967318066
53.551,-2.420568850919922,1.3556356019575329,2.725820797911422,1.8758081861137656e-05,0.00015981101511020965,0.00020559560315548455,2039,1,0.050458707884539315,-0.029206362850697613,-0.0030714698795295562,-3.402614624964738e-06,8.244156074264872e-06,0.004587610669315743
53.576,-2.4204865435755334,1.35566979719597,2.7258332887694006,0.006999578860807219,0.0035588491378348653,-0.0008129751676744696,2040,1,0.050472162674004804,-0.029199258301110746,-0.003071699250051951,-3.4792086990410895e-06,8.605702137639503e-06,0.0045867834450665085
53.601,-2.4202188719768816,1.3558135444144246,2.7257801491530382,0.002997504595887605,0.0005075062136095387,-0.0008875721481072467,2041,1,0.05049801656847721,-0.029174932534238123,-0.0030718928754293025,-3.4789582858718724e-06,9.016797430528304e-06,0.004588774577040407
53.626,-2.420336668345739,1.3556951725066504,2.725788910161995,-0.001362249716132408,0.00042774040226230785,-0.00018665690916462382,2042,1,0.05049177618242137,-0.029194979497590968,-0.0030721230414399348,-3.476889239037686e-06,9.071341420846454e-06,0.00458744837673887
53.651,-2.420286984462688,1.3558349314345377,2.72577081630758,0.003991014496315885,0.004304135786954066,-0.0007301121268809484,2043,1,0.050492350240151,-0.029181128289306395,-0.0030724627445105836,-3.562807857254883e-06,9.076602864072088e-06,0.0045869194955448995
53.676,-2.420137117620923,1.3559103792959981,2.725752404555651,1.6707371965908163e-05,0.002841376478368735,-0.0006185162986227862,2044,1,0.05050641347456335,-0.02917101782562763,-0.0030727707331305236,-3.503448373888216e-06,9.116836862060473e-06,0.004586950562938997
53.701,-2.42028614909409,1.3559770002584561,2.725739890492649,-0.002024778109159912,-0.00851145922471423,0.0006519948727668294,2045,1,0.050487259534699055,-0.02917530415325189,-0.003073001343513558,-3.1603230681116985e-06,9.15994515173756e-06,0.0045858395945208704
53.726,-2.420238356526381,1.3554848063347624,2.7257850042992895,-0.002271076504083554,-0.008154988133793247,0.0012424600911398894,2046,1,0.05051713163273664,-0.029223158940683683,-0.0030732147308642844,-2.64296525861581e-06,9.449668285994123e-06,0.004582725051069302
53.751,-2.420399702919294,1.3555692508517665,2.725802013497206,-0.005103950020774581,0.0008946297393563132,0.0016572960528636578,2047,1,0.05049399488819309,-0.029219508291010554,-0.0030735783321920018,-2.736402024273288e-06,9.531977211133342e-06,0.004581298389171615
53.776,-2.42049355402742,1.3555295378217302,2.7258678691019327,-0.0030412872644711335,-0.002205613198160517,0.01753553493536081,2048,1,0.05048590646621284,-0.029224533641561794,-0.003074149063792678,-2.8687596433549667e-06,9.689562181922185e-06,0.004580973567777803
53.801,-2.4205517672825176,1.3554589701918585,2.726678790243974,0.0032343645642198444,-0.007511438150307619,0.06826304500090641,2049,1,0.050474008129820114,-0.029225005742029617,-0.0030751775238557284,-2.937647503079089e-06,9.706044256533928e-06,0.004580907141598478
53.826,-2.420331835799209,1.3551539659142149,2.729281021351978,0.01418292182283923,-0.023853116706808144,0.15856371336455247,2050,1,0.05047571321310314,-0.02922050807042018,-0.0030765855279909203,-3.0265717395101633e-06,9.600297688621202e-06,0.004581495269431251
53.851,-2.4198426211913757,1.3542663143565181,2.734606975912201,0.03485826088664744,-0.057003207536768706,0.282532381788208,2051,1,0.05047343125268457,-0.029227008003713476,-0.003078277124343934,-3.2038431848793647e-06,9.403696759117628e-06,0.004581227189980959
53.876,-2.4185889227548767,1.3523038055373766,2.7434076404413874,0.06504730788154389,-0.10107177045515252,0.4348120351235514,2052,1,0.0504994625029324,-0.029243356409648195,-0.0030799685533793126,-3.235641882882777e-06,9.5583197009137e-06,0.004581281733280371
53.901,-2.4165902557972982,1.34921272583376,2.7563475776683806,0.10530922156154245,-0.16270145333466546,0.6112439521836078,2053,1,0.050498913783488746,-0.029243493002223172,-0.0030815596103254328,-3.3978450052147296e-06,9.296847704546673e-06,0.004581743161759843
53.926,-2.413323461676799,1.3441687328706426,2.7739698380505704,0.1569868693204946,-0.23739828319107054,0.8071754067971707,2054,1,0.05052115406590929,-0.02925654960931485,-0.0030829748453597887,-3.382291674985431e-06,9.332910206085128e-06,0.004582209955081685
53.951,-2.408740912331274,1.3373428116742072,2.796706348008237,0.2166892184911119,-0.32197628211986073,1.017784263103372,2055,1,0.050526331364506856,-0.029242042102160894,-0.003084196186445171,-3.5440904998924246e-06,9.345359371479584e-06,0.004583362362667593
53.976,-2.402489000752244,1.3280699187646505,2.824859051205736,0.2774938788027528,-0.41049595216015367,1.238570881328655,2056,1,0.05055487352772923,-0.029234051966547787,-0.00308518707016294,-3.7557857085545897e-06,9.280390177608273e-06,0.004585212501815198
54.001,-2.394866218391137,1.3168180140662007,2.858634892074666,0.3346094281791937,-0.4974216032730958,1.4664817419971048,2057,1,0.05055181962168176,-0.029199889062386433,-0.00308585305234727,-4.0012930210204034e-06,9.165543586373738e-06,0.004589549845634732
54.026,-2.385758529343283,1.3031988386009936,2.8981831383055976,0.3932428155734,-0.5946884553357304,1.699120108617202,2058,1,0.05055725432543022,-0.029179198998580562,-0.003086217851228982,-4.200806263558854e-06,9.000683495899253e-06,0.004594446347181522
54.051,-2.3752040776124654,1.2870835912994116,2.9435908975055334,0.44375937894845696,-0.6801471921981936,1.9307757563973946,2059,1,0.05057682267632936,-0.02918809132930622,-0.00308640936440988,-4.2551354727050745e-06,8.953529222193816e-06,0.004597013515111498
54.076,-2.3635705603958614,1.2691914789910859,2.994721926125462,0.4888583068632902,-0.7693331265829111,2.159086819594263,2060,1,0.050546222746348506,-0.02917215545171913,-0.003086534075415944,-4.4168181904734685e-06,8.778965988582405e-06,0.004602996234839748
54.101,-2.3507611622693023,1.2486169349702683,3.0515452384852404,0.5462114516331917,-0.8512480563383913,2.3815359306806383,2061,1,0.050524005495613304,-0.029219652593868314,-0.0030866015514176446,-4.181293750331518e-06,8.736148810592291e-06,0.004606658688857904
54.126,-2.3362599878142034,1.2266290761741687,3.113798722659487,0.6081058274535082,-0.9257783948449171,2.5944363658304956,2062,1,0.05052287211595529,-0.0291875089790063,-0.003086551711436601,-4.568428235281902e-06,8.846460502337595e-06,0.0046120433708084895
54.151,-2.3203558708966243,1.2023280152280185,-3.1019182504028096,0.6527729087376487,-1.0133226291644506,2.7951714770069382,2063,1,0.050545851016662584,-0.029186672841775306,-0.0030864689050494353,-4.748872496321075e-06,9.109750096360586e-06,0.00461641961081846
54.176,-2.303621342377318,1.1759629447159419,-3.0296280106697404,0.6998612385427581,-1.090874628920808,2.9815640411305475,2064,1,0.050523556177943296,-0.029208667051317916,-0.0030863876103749913,-4.68057063131543e-06,9.022129560763322e-06,0.00462361315806041
54.201,-2.2853628089694884,1.1477842837819812,-2.9528400483462907,0.745256072120142,-1.1661390833856708,3.152706901173758,2065,1,0.05053509957778819,-0.029212191081158616,-0.003086346509916024,-4.834713583404774e-06,9.031174017317526e-06,0.00463034159875587
54.226,-2.266358538771313,1.1176559905466616,-2.8719926656110615,0.7900792738941048,-1.2385530033294228,3.306456959278982,2066,1,0.05049781942752308,-0.029232833896728767,-0.003086361186347848,-4.66775396251815e-06,8.719941483045102e-06,0.004637394397711959
54.251,-2.2458588452747854,1.0858566336155135,-2.787517200382351,0.8427245533499398,-1.3038626801015416,3.4410554760502694,2067,1,0.05050078171524107,-0.029231401239177206,-0.0030864791004040406,-4.657257815996781e-06,8.527405357852297e-06,0.004644540462771856
54.276,-2.2242223111038126,1.052462856541579,-2.6999398918085333,0.8897502741937077,-1.375290175432176,3.5542372903717103,2068,1,0.050503206591553475,-0.029212942749255993,-0.003086794311559069,-4.7361374218301545e-06,8.242612785361662e-06,0.004652447292779682
54.301,-2.2013713315650962,1.0170921248438989,-2.6098053358637503,0.934763654971089,-1.4479240422870545,3.6451711362992465,2069,1,0.0505188616889691,-0.02922256587276869,-0.003087379910591496,-4.656519763677004e-06,8.082382480990925e-06,0.0046602912005151206
54.326,-2.177484128355261,0.9800666544272304,-2.5176813349935814,0.9712500618705563,-1.510613750325655,3.713810044978707,2070,1,0.05052718865550776,-0.029228927884055348,-0.003088139781512559,-4.686739933352459e-06,7.90299113727018e-06,0.004669269566097529
54.351,-2.152808828471571,0.9415614373276204,-2.4241148336148255,1.0101989021565891,-1.5661966686579822,3.7588983208402653,2071,1,0.05050746566600478,-0.029216195571493717,-0.003089060654123256,-4.8086373754388534e-06,7.814632497356817e-06,0.004678312607001885
54.376,-2.1269741832474343,0.9017568209943357,-2.329736418951579,1.046476127896971,-1.617404841443579,3.780464897887314,2072,1,0.05051335732215098,-0.02918241921575552,-0.0030901535216144973,-5.1999637570242945e-06,7.685124658292002e-06,0.004687846638282084
54.401,-2.100485022076718,0.8606911952554346,-2.2350915887204437,1.085662646792059,-1.6705283540585778,3.7778962097562974,2073,1,0.050511263468524865,-0.029173614647813376,-0.00309152577803926,-5.3144547912029505e-06,7.696911852309006e-06,0.004696139315637602
54.426,-2.0726910509078267,0.8182304032913997,-2.140841608463748,1.1335319835057533,-1.727422050053558,3.750946458095399,2074,1,0.05054634484349942,-0.029177061499331233,-0.003093055165976069,-5.425874520469876e-06,7.890271475304163e-06,0.004705018173760892
54.451,-2.0438084229014337,0.7743200927527616,-2.0475442658156844,1.1459559600350506,-1.767143479131557,3.6998842273697514,2075,1,0.050586854799359246,-0.02918418702470476,-0.003094513027139628,-5.542685501984187e-06,7.950804303919561e-06,0.004713447707110666
54.476,-2.0153932529060774,0.7298732293348269,-1.955847397095271,1.1312312141350689,-1.7612635902377252,3.6259145533305954,2076,1,0.05055135738102091,-0.029141597181192483,-0.00309582215313377,-5.667785428676385e-06,7.473870279769897e-06,0.00472481535572556
54.501,-1.9872468621946835,0.6862569132408803,-1.866248538149165,1.0990261525744045,-1.6950797200101706,3.5299456325359566,2077,1,0.05054422513331039,-0.02914815113451895,-0.003096920946212912,-5.5075620985776e-06,7.392268719650607e-06,0.0047336144325739165
54.526,-1.9604419452773525,0.6451192433343111,-1.7793501154684583,1.0400794873074661,-1.6045846320344501,3.4110546247917495,2078,1,0.05055789978449945,-0.029165904268538816,-0.0030978064453378103,-5.514990486422881e-06,7.3766282005218515e-06,0.0047427686763427184
54.551,-1.9352428878293058,0.606027681639151,-1.6956958069095627,0.9836627771441391,-1.5153801571857457,3.272681501566152,2079,1,0.050554818607267314,-0.029135589480572495,-0.003098405903921558,-5.5205718514955225e-06,7.103497388703528e-06,0.004753283550874679
54.576,-1.9112588064201483,0.5693502354750282,-1.6157160403901603,0.924001046105131,-1.4017394902801736,3.1158602348189652,2080,1,0.05057498203909718,-0.029133241281716744,-0.0030988143753565454,-5.521616073646891e-06,7.202271011375632e-06,0.004762082609094942
54.601,-1.8890428355240518,0.5359407071251463,-1.5399027951686233,0.8328564926684197,-1.2712109587471054,2.9411548835457495,2081,1,0.050604331119997126,-0.02917525450079559,-0.0030991894673917703,-5.3416742837805544e-06,7.3473336544749825e-06,0.004769576576572218
54.626,-1.8696159817867297,0.5057896875376765,-1.4686582962128814,0.7415910308786955,-1.136866249727408,2.7504315597977467,2082,1,0.05059217706149997,-0.029151381544421533,-0.0030995960755396965,-5.389515603671633e-06,7.227733146926273e-06,0.004777335353071216
54.651,-1.851963283980114,0.47909739463877105,-1.402381217178724,0.6646644742664309,-1.0095502445087805,2.5463791327629486,2083,1,0.05061150832967092,-0.029150760489598897,-0.0031000864403007613,-5.378609321507499e-06,7.315989489844429e-06,0.0047855162641890076
54.676,-1.8363827580734053,0.45531217531223317,-1.341339339574723,0.5822700282207836,-0.8985295743456112,2.332161668605996,2084,1,0.05061940155163816,-0.02913583575089036,-0.0031007171033414858,-5.566671147777839e-06,7.24366880067481e-06,0.004792878796273482
54.701,-1.8228497825690764,0.43417091592149304,-1.2857731337484306,0.5086592770994414,-0.7922819985506875,2.1091602598099923,2085,1,0.05061073602897391,-0.029098936704905494,-0.003101572364196293,-5.68722403817626e-06,7.172864156504822e-06,0.0047969962502267685
54.726,-1.8109497942184347,0.41569807538470105,-1.2358813265842292,0.4413897150087138,-0.6880792368983415,1.8796185987862926,2086,1,0.05060980569248835,-0.029076828378064395,-0.0031025650044738456,-5.634800109013527e-06,7.326375892688023e-06,0.004801872420843021
54.751,-1.800780296818642,0.3997669540765779,-1.1917922038091213,0.37910725021991765,-0.5909636118314139,1.6473849960866465,2087,1,0.05061063183357903,-0.029049938988924114,-0.0031035645920686316,-5.590986063701615e-06,7.45326111771605e-06,0.004806845946156505
54.776,-1.7919944317074372,0.38614989479312783,-1.1535120767798899,0.32013841376576857,-0.4929561195213951,1.4161190382316704,2088,1,0.050596487129013504,-0.029059691940304232,-0.003104398460442684,-5.183797080452773e-06,7.442715198627527e-06,0.004811674630807449
54.801,-1.7847733761303521,0.37511914810050606,-1.1209862518975315,0.2606835565154612,-0.39166673330326646,1.1885319584596985,2089,1,0.050589248313430424,-0.02907840760458863,-0.0031050899671773236,-5.016542933241628e-06,7.591936332912182e-06,0.004815823866817119
54.826,-1.778960253881665,0.3665665581279656,-1.0940854788569085,0.18911486423681198,-0.30145012319367553,0.9703102161472384,2090,1,0.050583200606224475,-0.029114562946273053,-0.003105414143120555,-4.648579567840457e-06,7.760911822359798e-06,0.004821380675318271
54.851,-1.775317632918512,0.36004664194082314,-1.0724707410901722,0.1236854221157228,-0.20917280251790482,0.7629158327707665,2091,1,0.05055751107395665,-0.02906388061738148,-0.003105523944066832,-4.63680658923507e-06,7.548831680942333e-06,0.00482040332995892
54.876,-1.7727759827758791,0.356107918002071,-1.0559396872183726,0.0739323541746221,-0.11073444204231009,0.5696680844026194,2092,1,0.05055256067220976,-0.029069884854238726,-0.003105353764807588,-4.311877673872354e-06,7.720683641046568e-06,0.0048227556257263
54.901,-1.7716210152097807,0.35450991983870717,-1.0439873368700388,0.01797669663106418,-0.026581184741891705,0.39817641157421746,2093,1,0.05054340819309468,-0.029088772621356555,-0.0031049088293225056,-3.838363314983537e-06,7.866829630750606e-06,0.004825001059831354
54.926,-1.7718771479443258,0.3547788587649763,-1.03603086663966,-0.030377219720977906,0.04297126192099232,0.2518508632671478,2094,1,0.050534671137391664,-0.029082362018354926,-0.0031044302204009415,-3.5952436709747767e-06,7.96688523755428e-06,0.004826265524564783
54.951,-1.7731398761958295,0.35665848293475666,-1.031394793706682,-0.06713323088821825,0.10510547298085803,0.13475881281910118,2095,1,0.050525872877070555,-0.029079834257143666,-0.00310386091210072,-3.482006642474331e-06,7.813397465154852e-06,0.0048271673901194
54.976,-1.7752338094887365,0.3600341324140189,-1.0292929259987056,-0.09444266321759635,0.1524721586808151,0.05264356140792203,2096,1,0.050539770935449584,-0.029086094846761636,-0.0031032494463532736,-3.4082970468866124e-06,7.709176348662795e-06,0.0048287832903872
55.001,-1.777862009356709,0.364282090868797,-1.0287626156362861,-0.11297006011498226,0.1765656879114546,0.010747953920197312,2097,1,0.05055236987209644,-0.029094486882365756,-0.003102721808029763,-3.5533019488993218e-06,7.581615866869714e-06,0.004829977080665841
55.026,-1.7808823124944861,0.36886241680959236,-1.0287555283026955,-0.1211916692694922,0.19075567317173564,-0.00018900614156434678,2098,1,0.050529720976085823,-0.029088899241975066,-0.0031021448224308806,-3.5665666313427642e-06,7.236814237274155e-06,0.00482970282456364
55.051,-1.7839215928201841,0.3738198745273846,-1.0287720659433643,-0.11087543030765276,0.19221730623021221,-0.00120784759043431,2099,1,0.05051794649938321,-0.029104503820517668,-0.0031015595986846624,-3.5926617802104722e-06,7.018077814110426e-06,0.004829978537697933
55.076,-1.7864260840098685,0.37847328212110243,-1.0288159206822172,-0.09946997329163608,0.1726228783351667,-0.0012688620181134536,2100,1,0.05050085927298271,-0.029150160621248724,-0.003100906005961066,-3.454032004856041e-06,6.86031165180454e-06,0.004831028916764869
55.101,-1.7888950914847657,0.3824510184441424,-1.02883550904427,-0.08712266261342412,0.14669959080752026,-0.0009047695464215425,2101,1,0.05049965650804716,-0.02914841164911709,-0.003100094344402981,-3.4552882473820424e-06,6.80465706855232e-06,0.004831103735488246
55.126,-1.7907822171405394,0.385808261661478,-1.0288611591595382,-0.06625870121390921,0.11050958912370125,-0.0005405617992870298,2102,1,0.05050475229093826,-0.029164759229451633,-0.003099118171088538,-3.481988493670436e-06,6.823887732590739e-06,0.004831844959988231
55.151,-1.7922080265454614,0.38797649790032795,-1.0288625371342344,-0.04466503638412674,0.07883845030110076,-0.0003847501312392537,2103,1,0.05047316933364362,-0.029151657299691543,-0.0030980422517199223,-3.6248626279510197e-06,6.960893388926415e-06,0.004831235298515368
55.176,-1.793015468959746,0.3897501841765334,-1.0288803966661,-0.033356972921800516,0.05690667865955169,-0.0005415230991446004,2104,1,0.05046403640998598,-0.029176086129810964,-0.0030969607948792503,-3.812241542988815e-06,7.346279272660745e-06,0.004831482648173914
55.201,-1.7938758751915513,0.3908218318333054,-1.0288896132891916,-0.036147144782907425,0.03843378224189783,-0.0002766520266117724,2105,1,0.050461043946151425,-0.029150179576057565,-0.0030957215483947025,-4.227722015931904e-06,7.650926684847166e-06,0.0048307145448037644
55.226,-1.7948228261988912,0.3916718732886282,-1.0288942292674306,-0.029084173214381493,0.030241094312632496,-0.0010543395603158133,2106,1,0.05049093337278021,-0.029108014273558788,-0.0030944976827263788,-4.662417500193871e-06,8.108322446170079e-06,0.00483063414666625
55.251,-1.7953300838522703,0.3923338865489369,-1.0289423302672076,-0.01352105921838538,0.018632791684227233,-0.0014143217872407592,2107,1,0.050513005008491374,-0.029104991535303448,-0.0030932343963607986,-4.789327397505035e-06,8.445022987923647e-06,0.004832175025549652
55.276,-1.7954988791598105,0.3926035128728396,-1.0289649453567924,-0.013995514506358525,0.007168947000474823,-0.00116117800065031,2108,1,0.05050415927249484,-0.029114096931335962,-0.003091979747032616,-4.668422720366806e-06,8.75835304872678e-06,0.004832131306345266
55.301,-1.7960298595775883,0.3926923338989607,-1.0290003891672403,-0.014977140364550187,0.004615082348522743,-0.0008362076567536767,2109,1,0.05051144001901482,-0.029076883929015047,-0.0030909990559344937,-4.783538315759024e-06,9.11855716430124e-06,0.004832725770165207
55.326,-1.796247736178038,0.39283426699026575,-1.0290067557396299,-0.003538447951525671,0.005000206643322187,-0.00025632055588255335,2110,1,0.05050967850587186,-0.029079878357296536,-0.0030904425544159776,-4.67866597879753e-06,9.537853108135718e-06,0.004831803400491789
55.351,-1.7962067819751646,0.3929423442311268,-1.0290132051950345,-0.006230755156005151,0.007351587022301072,-0.0004386864581107624,2111,1,0.050493168246159334,-0.029105010251492713,-0.0030903083508701922,-4.6417052392577166e-06,9.950355702925491e-06,0.004831173662180182
55.376,-1.7965592739358383,0.3932018463413808,-1.0290286900625354,-0.017299126718713555,0.011144052405053388,-0.0009139704819637659,2112,1,0.05051273184726917,-0.029097288111977787,-0.003090310204141834,-4.765832939147702e-06,1.0571866687004696e-05,0.004831087476809478
55.401,-1.7970717383111003,0.3934995468513795,-1.029058903719133,-0.01091741809660003,0.006006945920479832,-0.00039307426955122995,2113,1,0.05054249295379319,-0.029076888329384626,-0.003090338792116995,-4.937134980901492e-06,1.1137742968284758e-05,0.00483153564201928
55.426,-1.7971051448406683,0.3935021936374048,-1.029048343776013,-0.005851764507074697,0.0027927304659671115,-3.595282482393918e-05,2114,1,0.050520573283319097,-0.02908777685993179,-0.0030904331900550573,-4.9740900749444965e-06,1.1333142382597362e-05,0.004830421443923739
55.451,-1.797364326536454,0.39363918337467785,-1.0290607013603739,-0.007401118312362763,0.008066404832722154,-0.0006321339413784347,2115,1,0.05052669389058268,-0.029082683834809896,-0.003090842720429342,-4.881719346282341e-06,1.1552695313428047e-05,0.004830220635987439
55.476,-1.7974752007562864,0.3939055138790409,-1.0290799504730819,-0.006550091682311726,0.0035842102419316553,-0.00014544644971082593,2116,1,0.05053799262407606,-0.02909976257486354,-0.003091440614481406,-4.5279756933485984e-06,1.1566958683457707e-05,0.004830994496116916
55.501,-1.7976918311205696,0.3938183938867744,-1.0290679736828594,-0.0053558565678852735,-0.0010677216301168335,-0.00014092339463366209,2117,1,0.05052633686782313,-0.029083384684219213,-0.0030922082042930846,-4.279613177502258e-06,1.1603910179328296e-05,0.004829534151129832
55.526,-1.7977429935846807,0.39385212779753503,-1.0290869966428136,-0.0022857690335784937,0.0025465419269374893,-0.0003569282961634863,2118,1,0.05052055081332901,-0.029092040434260814,-0.0030930718978516834,-4.151606477036058e-06,1.16673201978901e-05,0.0048288613776748595
55.551,-1.7978061195722486,0.3939457209831213,-1.0290858200976674,-0.006053079403658746,0.004930606605942081,-0.0004058841620136153,2119,1,0.05052337535172247,-0.02910118932531005,-0.0030938428209662497,-4.2928387579053525e-06,1.166854168741993e-05,0.004828927144348954
55.576,-1.7980456475548636,0.3940986581278321,-1.0291072908509142,-0.002952929356809965,0.0026988970049547792,-0.0008059186811060674,2120,1,0.050541534025952455,-0.029094929066828756,-0.0030944641739803786,-4.5732328429693335e-06,1.1704845325532785e-05,0.004829321511486904
55.601,-1.797953766040089,0.39408066583336904,-1.0291261160317224,0.0028181864543476644,-0.0018053182060452282,-0.000623925380898207,2121,1,0.050527797338539446,-0.02911122624332682,-0.0030950043826924816,-4.6294397315548e-06,1.1669328141297005e-05,0.004828997111282914
55.626,-1.7979047382321462,0.39400839221752987,-1.0291384871199591,0.004334187927481267,-0.003234552198564113,-0.00041359496678158104,2122,1,0.05051450637954623,-0.029117432730485976,-0.0030956816915719484,-4.819792975970981e-06,1.1714659438800046e-05,0.00482838269487315
55.651,-1.797737056643715,0.3939189382234408,-1.0291467957800615,0.00192095150155486,-0.0059922971387821765,-0.00016949077854987114,2123,1,0.05049630362900795,-0.02913274488077602,-0.003096400408288932,-5.004977289159761e-06,1.1783591321379308e-05,0.004827508575143223
55.676,-1.7978086906570685,0.39370877736059073,-1.0291469616588864,-0.0015368342673528254,-0.007462425070429581,0.0001741517218612031,2124,1,0.050483065316942674,-0.029115764882264975,-0.0030971221523017627,-5.207592352474944e-06,1.1609344266181843e-05,0.0048262103699950815
55.701,-1.7978138983570826,0.39354581696991936,-1.0291380881939687,-0.0021446209827226223,-0.005190504373876765,0.00040486667143293603,2125,1,0.05047243937020886,-0.029110952920450014,-0.0030976520115796593,-5.435420327565113e-06,1.1362661054132465e-05,0.004824581283100277
55.726,-1.7979159217062046,0.3934492521418969,-1.0291267183253148,-0.005825910330097604,0.0003726378644775198,6.047964747680001e-05,2126,1,0.05047375607601661,-0.02910196932037435,-0.0030980944448603153,-5.7826665740989265e-06,1.1262278292940186e-05,0.0048233376825238105
55.751,-1.7981051938735875,0.39356444886314323,-1.0291350642115946,0.0006779234080500051,-0.003875285680477683,0.0007412405057926542,2127,1,0.05049666364406067,-0.02909823660988885,-0.003098559617280061,-6.012605182021645e-06,1.1161214386445417e-05,0.004823104274763386
55.776,-1.7978820255358021,0.393255487857873,-1.0290896563000254,0.00640625724822764,-0.00389408323239493,0.007056850680297553,2128,1,0.050460246730429356,-0.02911036385240273,-0.003099221667093854,-6.037296983648421e-06,1.0790907825342296e-05,0.004821216941094887
55.801,-1.797784881011176,0.39336974470152347,-1.0287822216775797,0.0091530342663498,0.007540470793589311,0.02502330796497674,2129,1,0.05047273622608582,-0.029126946405708197,-0.0031000820707247014,-5.890027207878159e-06,1.0550164707701348e-05,0.0048205906274393934
55.826,-1.7974243738224847,0.39363251139755245,-1.0278384909017768,0.030987321401491727,0.0061478565937837125,0.05668285054359112,2130,1,0.05049249254612314,-0.029150286532902303,-0.00310104629256212,-5.695916960536041e-06,1.0353249072040913e-05,0.004821148745260148
55.851,-1.7962355149411016,0.39367713753121264,-1.0259480791504005,0.06150608692781295,0.005962021460677375,0.09965179432484772,2131,1,0.0504738033153274,-0.029180619618543357,-0.003101970818575971,-5.409478677739173e-06,1.0102793317194247e-05,0.004820342085028643
55.876,-1.7943490694760942,0.3939306124705863,-1.0228559011855345,0.10296024765191546,0.012960446506765649,0.15197540961404724,2132,1,0.05048141010454022,-0.02918857441497736,-0.0031026181081655643,-5.159984944668369e-06,9.972455677480389e-06,0.004820196763243986
55.901,-1.7910875025585054,0.394325159856551,-1.0183493086696973,0.17449024067759233,0.016387117702032206,0.21289613491509446,2133,1,0.050496471128520924,-0.029183902608856546,-0.0031031245099761894,-4.998288393098238e-06,9.790383881120273e-06,0.004820787338559286
55.926,-1.7856245574422138,0.394749968355688,-1.0122110944397789,0.26840299484685665,0.02392577984582059,0.28071497870650036,2134,1,0.05049288210541622,-0.029182064992061486,-0.0031034715849056066,-4.920020388018745e-06,9.43588221005981e-06,0.004820431643693137
55.951,-1.7776673528161633,0.39552144884884194,-1.0043135597343733,0.37109643853700525,0.03216566478736543,0.3538147758570821,2135,1,0.0505011907634855,-0.02919142591771443,-0.0031036784557347827,-4.756457959922871e-06,9.13749758590763e-06,0.00482081176972825
55.976,-1.7670697355153646,0.39635825159505617,-0.9945203556469256,0.47588424840329807,0.03720387400975345,0.4312462364295634,2136,1,0.05049753077898134,-0.029189062097982672,-0.003103934009534771,-4.781704892247248e-06,8.937878310321689e-06,0.004821387813894601
56.001,-1.7538731403959997,0.3973816425493295,-0.9827512479128964,0.5851012555067115,0.04417520266714226,0.5117131236347657,2137,1,0.050497433266351005,-0.029176819867891106,-0.0031042241120819865,-4.774142820484155e-06,8.797838036308158e-06,0.004822313728249743
56.026,-1.7378146727400265,0.39856701172841347,-0.9689346994651853,0.6928513730575712,0.05148505893663562,0.5940382768401369,2138,1,0.05048496196263152,-0.02918044436407017,-0.0031045664413244,-4.80227405175848e-06,8.681461793522964e-06,0.00482316656757385
56.051,-1.7192305717431182,0.3999558954961615,-0.9530493340708871,0.7897665067614406,0.05820380980348203,0.6773389208465316,2139,1,0.05047966013587542,-0.029174618342690632,-0.003104928519211966,-5.063890959608494e-06,8.522481595648207e-06,0.00482478069686278
56.076,-1.6983263474019568,0.4014772022185874,-0.9350677534228607,0.8924831779966987,0.06395942822502251,0.7600909392796839,2140,1,0.05048249787355745,-0.02914390407823654,-0.003105451935376386,-5.276552624003238e-06,8.496617948144999e-06,0.004825825090124472
56.101,-1.6746064128432858,0.40315386690741245,-0.915044787106905,0.9951258307768451,0.06637679187791279,0.841610944091128,2141,1,0.05046591181231776,-0.02914609663987068,-0.0031060756130169027,-5.169027635272578e-06,8.435529856942726e-06,0.004828244888784943
56.126,-1.6485700558631173,0.40479604181248285,-0.8929872062183066,1.090467087890761,0.08042278762576441,0.9220248575877501,2142,1,0.05043997082595913,-0.029124024209461127,-0.0031066872893911667,-5.232392608319272e-06,8.322836194661628e-06,0.004830168528125427
56.151,-1.6200830584487431,0.407175006288701,-0.8689435442275137,1.1913773373049936,0.09526326484016821,0.9993682996817324,2143,1,0.0504582474371896,-0.029146282559346412,-0.003106930468718122,-5.035852883517917e-06,8.466474304246733e-06,0.004829837039600355
56.176,-1.5890011889978626,0.40955920505449167,-0.8430187912342156,1.2826906927306254,0.0968637661301019,1.0720869901531747,2144,1,0.05044402862162823,-0.02917986381799844,-0.003106913386576309,-4.819353859889074e-06,8.31542032435661e-06,0.0048312820590909996
56.201,-1.5559485238122155,0.41201819459520583,-0.815339194719858,1.359380484302581,0.10179260874188546,1.1404042283707065,2145,1,0.050438880763663256,-0.029175198492613696,-0.003106562674740282,-4.793084278229099e-06,8.225457374825595e-06,0.004832791982962694
56.226,-1.5210321647827374,0.41464883549158565,-0.7859985798156834,1.4368645166081224,0.10982720981123364,1.203918675281625,2146,1,0.05045336791942958,-0.029140544591609367,-0.0031060516438656794,-5.0490870825636e-06,8.357062654979808e-06,0.004834680294861214
56.251,-1.4841052979818135,0.4175095550857672,-0.7551432609557803,1.524157969283978,0.11690510362438514,1.2616068991596476,2147,1,0.05047944328025837,-0.0291034990410748,-0.003105531786465244,-5.141594842441792e-06,8.432272318666486e-06,0.004836915903091436
56.276,-1.444824266318532,0.4204940906728054,-0.7229182348576959,1.612191961764409,0.1263116835867687,1.3132011223523357,2148,1,0.050483842129291155,-0.029092530169249172,-0.003105120089164372,-5.022788365554118e-06,8.390895124307729e-06,0.0048392610154806386
56.301,-1.4034956998935861,0.4238251392651062,-0.6894832048381581,1.6961540969543107,0.1367942864751459,1.358251737930238,2149,1,0.05050143341766455,-0.02909626133294992,-0.003104706118807021,-4.920535468850504e-06,8.329582620535551e-06,0.004841975694223929
56.326,-1.3600165614708213,0.4273338049965623,-0.6550056479611879,1.7851990507818087,0.14043947873335205,1.3962755715360313,2150,1,0.050508026078651284,-0.029114619259141834,-0.003104247285583713,-4.820523674565337e-06,8.053098924224897e-06,0.004845099687136979
56.351,-1.3142357473545008,0.4308471132017734,-0.6196694262613605,1.8643569560234756,0.1466305921434824,1.4272154693724304,2151,1,0.05047835928754961,-0.0291484899720849,-0.0031039538631055085,-4.755908880312045e-06,7.63257717731737e-06,0.004848118745349518
56.376,-1.2667987136696528,0.434665334603736,-0.5836448744925702,1.9373559167719137,0.15479660226471303,1.4508598416830771,2152,1,0.050479554424193364,-0.029168883862939057,-0.003103499821488564,-4.592801107398475e-06,7.392129549775739e-06,0.004851472664726167
56.401,-1.2173679515158968,0.4385869433150097,-0.5471264341772005,2.007090583385025,0.16396634011058442,1.4669656774153588,2153,1,0.05046612637948004,-0.029194437996271198,-0.0031030513857085744,-4.39529373057048e-06,7.1672966568802634e-06,0.004853950007748855
56.426,-1.166444184500393,0.44286365160926594,-0.5102965906217958,2.073601074381888,0.1701909424760292,1.474589255416218,2154,1,0.05048940744150032,-0.0292104759507582,-0.003102475161188869,-4.0346073483463664e-06,7.137218797799502e-06,0.0048564102479707215
56.451,-1.1136878977968083,0.44709649043881067,-0.473396971406394,2.141258759550923,0.16831709169999057,1.4739125766974974,2155,1,0.05049072578220836,-0.02921569844602731,-0.003101754567379303,-4.024401206635398e-06,7.042559449022787e-06,0.004860385879774189
56.476,-1.059381246522853,0.451279506194265,-0.43660096178692526,2.1943860332900615,0.17021897079517592,1.4661587907597917,2156,1,0.05047799382124867,-0.029208081625158023,-0.003100918058731612,-3.9602468821840275e-06,6.954429602573772e-06,0.0048640588795183775
56.501,-1.0039685961323115,0.455607438978569,-0.4000890318684087,2.2065526427940645,0.17347129555063087,1.4502160242627322,2157,1,0.05046470778537606,-0.029212231204039766,-0.0031000817801350063,-3.831387322667126e-06,6.796853859818937e-06,0.004867108431273043
56.526,-0.9490536143831403,0.4599530709717973,-0.3640901605737826,2.169297411493837,0.16937592962490755,1.4261780739488588,2158,1,0.050470641714367444,-0.029208728665697518,-0.0030993545265361306,-3.6452265054752174e-06,6.886484863369162e-06,0.004870926149455614
56.551,-0.8955037255576104,0.4640762354598151,-0.32878012817095964,2.108194519185518,0.15758920647812266,1.3956415653837866,2159,1,0.05046979066209253,-0.02919588241108536,-0.003098900233830152,-3.4642990291714032e-06,7.059225751666794e-06,0.004874181800465084
56.576,-0.8436438884238704,0.46783253129570296,-0.2943080823045973,2.0576215764726893,0.1555040592295886,1.357296552696609,2160,1,0.05045613774783074,-0.02916465235952866,-0.0030986217874738493,-3.476258421783345e-06,7.0595029436076954e-06,0.004875385344262592
56.601,-0.7926226467339818,0.47185143842129407,-0.2609153005361329,1.98782467580066,0.15900736342595495,1.3113853847083714,2161,1,0.05042075073986702,-0.029198905548111803,-0.0030984635040340472,-3.179299360500817e-06,6.994806767685899e-06,0.004878318709239674
56.626,-0.744252654633843,0.47578289946700025,-0.22873881306918264,1.8630385815908845,0.1541765554128129,1.259440799519699,2162,1,0.05046361036548935,-0.029190332553062588,-0.0030982981501491897,-3.293675301317826e-06,7.208433158274378e-06,0.004881299580031933
56.651,-0.6994707176544296,0.47956026619193537,-0.19794326056014247,1.7147412298939906,0.13879481437258073,1.20118354000716,2163,1,0.05050829415552517,-0.029192953154415363,-0.0030981922570680973,-3.2982055625705064e-06,7.507650428760569e-06,0.00488422153553788
56.676,-0.6585155931391362,0.4827226401856299,-0.16867963606881956,1.566178729498109,0.12424701968248338,1.1374033481920545,2164,1,0.05053009441215011,-0.02916496583689494,-0.0030981409640281374,-3.369079923508024e-06,7.691931049802633e-06,0.004886797723879386
56.701,-0.6211617811795286,0.4857726171760592,-0.14107309315054303,1.4321611130774896,0.1165176817056179,1.0687617355385446,2165,1,0.050566610406388164,-0.029151179699294014,-0.003098111763318683,-3.2615886587510747e-06,7.792840653719255e-06,0.004889563142574517
56.726,-0.5869075374852658,0.48854852427091044,-0.11524154929189549,1.314937740179271,0.10610821489198834,0.9953856843464626,2166,1,0.05059316881302407,-0.029137741394975793,-0.003098039433435703,-3.1885723451959117e-06,7.99541620634158e-06,0.0048914421218073136
56.751,-0.5554148941705688,0.4910780279206583,-0.09130380893322274,1.199647180970089,0.09987111283187225,0.9181462692788517,2167,1,0.05061298257115278,-0.029124532011220988,-0.0030979357509101266,-2.9536773756163816e-06,8.08599052373592e-06,0.0048933484259957504
56.776,-0.5269251784367562,0.4935420799125045,-0.06933423582794893,1.0859724346094952,0.0939723494514053,0.83845496947573,2168,1,0.05064145112094204,-0.029129175173305332,-0.0030976909130808333,-2.6216144517953123e-06,8.261889676858332e-06,0.004896218850231729
56.801,-0.5011162724400894,0.49577664539322897,-0.04938106045943265,0.9675076504529695,0.08502992416605387,0.7571852500654406,2169,1,0.05062087659124458,-0.029147204456808993,-0.0030972523349152847,-2.264727560184497e-06,8.166613552033276e-06,0.004898010452576736
56.826,-0.4785497959141105,0.49779357612080694,-0.03147497332467927,0.8378365301008915,0.07322185300085188,0.6744634769194785,2170,1,0.050610381139680555,-0.029164058376726046,-0.0030967687811855643,-1.853431490864582e-06,8.19422740994675e-06,0.004898462297216639
56.851,-0.4592244459350472,0.49943773804327135,-0.01565788661346067,0.7128518271669076,0.05914610688128267,0.5912637592708395,2171,1,0.050612015144376195,-0.02916304658399804,-0.0030964400501202896,-1.559802918156115e-06,8.14019513077647e-06,0.004898634044843835
56.876,-0.44290720455576715,0.5007508814648709,-0.001911785361138763,0.5956266370434641,0.04641333312515421,0.5096032438199326,2172,1,0.05060465572792598,-0.029154670592260686,-0.0030962258552381453,-1.1759701833826092e-06,8.113653840803675e-06,0.004899912611029323
56.901,-0.42944311408287145,0.5017584046995293,0.009822275577538052,0.48156528284038713,0.03727058531490039,0.4289199615075468,2173,1,0.05057816252492843,-0.02914379223868092,-0.0030961363328865857,-9.025076124656003e-07,7.928697451109715e-06,0.004898256751799332
56.926,-0.41882894041374574,0.5026144107306161,0.019534212714240464,0.3678287064251338,0.02896044667698159,0.3510310666740523,2174,1,0.050555240877102385,-0.029142130541118846,-0.003096236037451232,-7.904680824451314e-07,7.991414613887562e-06,0.004898275172166916
56.951,-0.4110516787616158,0.5032064270333783,0.027373828911239535,0.26026106241262376,0.01934225915518727,0.2784597177098805,2175,1,0.05053890093995272,-0.02913670692214571,-0.0030965405629794895,-8.122585652037533e-07,8.14323526442068e-06,0.004897849177095505
56.976,-0.4058158872931153,0.5035815236883754,0.03345719859973359,0.15600075035114067,0.013174547320818547,0.21080621777333475,2176,1,0.050508252136653616,-0.02913262954704562,-0.0030970777852128437,-7.312460579632187e-07,8.031505705560632e-06,0.0048969957931557844
57.001,-0.4032516412440592,0.5038651543994191,0.037914139799905586,0.06455855403016968,0.006414752475060744,0.15006686564099034,2177,1,0.05051944049510186,-0.029136867404703403,-0.0030978302088937827,-6.061263047639351e-07,8.149637910515678e-06,0.004896398383250869
57.026,-0.40258795959160654,0.5039022613121285,0.04096054188178369,-0.014538140640765066,-0.00025986580926005146,0.09818468623257688,2178,1,0.05051891350201642,-0.029131358249986257,-0.003098635371261419,-7.283574831903723e-07,8.237844415524475e-06,0.00489590435194916
57.051,-0.4039785482760975,0.5038521611089561,0.04282337411153465,-0.08666281962151072,-0.007169377866900603,0.055698272379970215,2179,1,0.05052812496795275,-0.02913313473327193,-0.0030996484604424055,-6.660438686780839e-07,8.215550636591872e-06,0.004894834441339832
57.076,-0.4069211005726818,0.5035437924187834,0.04374545550078203,-0.14254330795514336,-0.011389245473024204,0.024292871378640828,2180,1,0.05053223997066798,-0.029120702319284243,-0.003100810772094812,-7.875587155576358e-07,8.325636899042653e-06,0.004894151108427374
57.101,-0.4111057136738543,0.503282698835305,0.04403801768046674,-0.18624180906373913,-0.01240855610260398,0.006190105892028083,2181,1,0.05052580886651606,-0.029125079549688605,-0.003102087633413161,-8.362594954522373e-07,8.393316158019902e-06,0.0048936324221496895
57.126,-0.41623319102586825,0.5029233646136533,0.044054960795383506,-0.22065952772150071,-0.014669155461365239,0.010567827680540086,2182,1,0.05049824755654718,-0.029127396000164826,-0.0031033845853258423,-1.105725565990093e-06,8.308475612346604e-06,0.004893218906874451
57.151,-0.42213869005993027,0.5025492410622366,0.0445664090644939,-0.23571844561444222,-0.013841362256939924,0.05617312466096945,2183,1,0.05047581986991434,-0.0291321504636608,-0.003104639307648265,-1.4446150881859796e-06,8.195205811481312e-06,0.004892136399256969
57.176,-0.42801911330659137,0.5022312965008062,0.04686361702843229,-0.220308672583405,-0.002466146045001645,0.15139939636176408,2184,1,0.05047769994034261,-0.029123088710906787,-0.003105711017500344,-1.7458051326120896e-06,8.089536559073325e-06,0.004892632756830942
57.201,-0.4331541236890999,0.5024259337599866,0.05213637888258171,-0.17261216859354872,0.030110867236682926,0.289416682325355,2185,1,0.05050124823389534,-0.029108535634732275,-0.0031065866301359856,-1.8663560191362953e-06,8.137766465800118e-06,0.004892666699178497
57.226,-0.4366497217362683,0.5037368398626403,0.06133445114469938,-0.11887750890952296,0.08203198808991474,0.4602640484824589,2186,1,0.05047821891213298,-0.029096473461546445,-0.0031071106556993444,-1.8844051438449993e-06,7.76171544380597e-06,0.004892907354708635
57.251,-0.4390979991345757,0.5065275331644821,0.07514958130670349,-0.07178421913677178,0.16489273885680258,0.6544065101371884,2187,1,0.050497363696820424,-0.029068275394926346,-0.003107338992110357,-2.076218486830134e-06,7.624613094480111e-06,0.004893208525604031
57.276,-0.4402389326931072,0.5119814768054811,0.09405477665156178,-0.012534927518047564,0.2712978363210729,0.864646904244954,2188,1,0.05052234179766998,-0.02908752828494799,-0.003107285703424136,-1.98496668973508e-06,7.767673163240364e-06,0.0048955143589486105
57.301,-0.43972474551047813,0.5200924249805369,0.11838192651895486,0.04341412979938422,0.3745255421595375,1.0841738906903315,2189,1,0.05050569526079353,-0.029112720170677626,-0.003106955830225089,-1.751975759876971e-06,7.787342379570975e-06,0.0048982901141277875
57.326,-0.4380682262031381,0.5307077539134569,0.1482634711860754,0.07952103434993649,0.4768878378521273,1.3059442220883297,2190,1,0.050490865679069186,-0.02912384065081319,-0.003106416602650911,-1.499195509937965e-06,7.725155982406482e-06,0.004901038560741078
57.351,-0.43574869379298153,0.5439368168731419,0.1836791376233678,0.10994854574679705,0.5780763316805722,1.5229587096174124,2191,1,0.050511219883098396,-0.029138045637544834,-0.003105806217843683,-1.4915045432852685e-06,7.91848699919237e-06,0.00490350105262768
57.376,-0.4325707989157986,0.5596115704974839,0.2244114066669417,0.145866139334748,0.6784419951824904,1.730194978915808,2192,1,0.0505325073841185,-0.02913982660697222,-0.003105239202459869,-1.33758709547922e-06,8.131472073221675e-06,0.004907559063082271
57.401,-0.4284553868262435,0.5778589166322693,0.27018888656916573,0.18004622467459838,0.7823290305608198,1.9233340781646604,2193,1,0.050539356025756044,-0.029148738791236303,-0.0031045898746164423,-1.2997510884705559e-06,8.334760293063743e-06,0.004911888276381659
57.426,-0.4235684876820679,0.5987280220255282,0.3205781105751831,0.2182616519539606,0.8777722107436091,2.096690621623271,2194,1,0.050545081796020346,-0.029174823754857436,-0.0031037558179026364,-1.0442258919295578e-06,8.491348148411183e-06,0.00491637282144912
57.451,-0.4175423042285461,0.6217475271694473,0.3750234176503235,0.253078130264861,0.9671561278397184,2.2466690817157478,2195,1,0.0505143179000318,-0.029168223410513748,-0.0031027769988288966,-1.0418115151428283e-06,8.350275848687672e-06,0.004923547570530477
57.476,-0.41091458116882557,0.6470858284175114,0.4329115646609643,0.28122001001772134,1.0623946411255263,2.3720817014469304,2196,1,0.05050219467706697,-0.02916375018999541,-0.0031016960187143297,-9.810583753435923e-07,8.347042031463005e-06,0.004931561868074866
57.501,-0.40348130372766083,0.6748672592257206,0.4936275027226634,0.31312383508001246,1.154038202529845,2.4693470113071507,2197,1,0.05047940339767907,-0.029176284039632044,-0.003100568589677597,-8.011634031130159e-07,8.306979637717389e-06,0.004937704921306716
57.526,-0.3952583894148236,0.7047877385440086,0.5563789152263323,0.3318954881252384,1.2381520801894175,2.536579315217985,2198,1,0.05045049398725483,-0.02917571512502262,-0.003099470992912729,-6.123312909596701e-07,8.257479812486987e-06,0.004944385790454418
57.551,-0.3868865293213975,0.7367748632351967,0.6204564684835735,0.3537539572429006,1.321891229733318,2.57212326893351,2199,1,0.05047598412701522,-0.029176949754381634,-0.0030983664473760693,-4.206779689761396e-07,8.449553275483325e-06,0.00494895603920269
57.576,-0.3775706915526796,0.7708823000306707,0.6849850786730006,0.38427201383727866,1.394793740694648,2.574231913078724,2200,1,0.050467080663220684,-0.02916897234665419,-0.0030975148078761774,-5.19568890778078e-07,8.533976005085912e-06,0.004954675382672432
57.601,-0.36767292862953466,0.8065145502699251,0.7491680641375023,0.39850195657395826,1.448824713611068,2.544375210752519,2201,1,0.05045803891376613,-0.029142141789674048,-0.0030970061317177715,-6.876040571883772e-07,8.67868005939655e-06,0.0049609208576561915
57.626,-0.3576455937239828,0.84332353571122,0.8122038392106194,0.4046560809064236,1.488674435447614,2.4832802679171464,2202,1,0.05045312200390149,-0.029153261623196515,-0.003096699592620832,-6.936601047976563e-07,8.787056010856413e-06,0.004966513731310643
57.651,-0.34744012458421175,0.8809482720423122,0.8733320775333699,0.4084926643445104,1.5215235131210627,2.391901407895736,2203,1,0.05045310174994971,-0.02916626229088135,-0.0030967063675077155,-7.491023213132534e-07,8.744533322169293e-06,0.004971807957221266
57.676,-0.33722096050675554,0.9193997113672796,0.9317989096054164,0.4117257233579742,1.5392485999908065,2.272093203381798,2204,1,0.05048137882175239,-0.029177382610681965,-0.0030967849911821862,-1.0265033500688508e-06,8.914551908052922e-06,0.004976871621614604
57.701,-0.3268538384163142,0.9579107020418481,0.9869367377024534,0.40630508332959314,1.4974680611963638,2.1254256026227445,2205,1,0.050503662210524485,-0.029171401987125554,-0.0030968523341097687,-1.455021791619688e-06,9.075017732876318e-06,0.004980487419213001
57.726,-0.31690570634027704,0.9942731144270935,1.0380701897365479,0.37597784988327915,1.3786150670956505,1.9545692012519433,2206,1,0.05050225607234956,-0.02916481473007482,-0.0030968877770593726,-1.8023373912240835e-06,9.114776324978922e-06,0.0049852398619005065
57.751,-0.3080549459221513,1.0268414553966267,1.084665197765045,0.33249895076076724,1.228672800855601,1.764144701352582,2207,1,0.0505110921653444,-0.029157559635188585,-0.0030967622079343046,-1.9867106761937733e-06,9.187053192101731e-06,0.0049904360075549705
57.776,-0.30028075880223726,1.0557067544698788,1.1262774248041845,0.31096748479649194,1.1546119629298208,1.6644890815651916,2208,1,0.05052128247751373,-0.02915718255905677,-0.0030966516490070813,-2.04947292719657e-06,9.279950456000266e-06,0.004994916485641809
