[INFO] [launch]: All log files can be found below /home/yukichi6105/.ros/log/2026-07-27-02-33-37-895606-fuku-pc-52366
[INFO] [launch]: Default logging verbosity is set to INFO
[INFO] [default_server_endpoint-1]: process started with pid [52389]
[default_server_endpoint-1] /opt/ros/lyrical/lib/python3.14/site-packages/rclpy/executors.py:1073: UserWarning: MultiThreadedExecutor is used with a single thread.
[default_server_endpoint-1] Use the SingleThreadedExecutor instead.
[default_server_endpoint-1]   warnings.warn(
[default_server_endpoint-1] [INFO] [1785087218.414054097] [unity_endpoint]: Starting server on 0.0.0.0:10000
[INFO] [imu_preintegration_node-2]: process started with pid [52578]
[INFO] [backend_optimizer_node-3]: process started with pid [52579]
[INFO] [laser_scan_matching_node-4]: process started with pid [52580]
[INFO] [ball_tracking_node-5]: process started with pid [52581]
[INFO] [evaluator_node-6]: process started with pid [52582]
[ball_tracking_node-5] [INFO] [1785087223.129767626] [ball_tracking_node]: ball_tracking_node started
[imu_preintegration_node-2] [INFO] [1785087223.142046949] [imu_preintegration_node]: imu_preintegration_node started (waiting for first /state_estimate)
[laser_scan_matching_node-4] [INFO] [1785087223.144373621] [laser_scan_matching_node]: laser_scan_matching_node started (0 cylinders, 9 internal walls, field 5.572x3.310m, initial seed=(-2.419, 1.354, 0.000))
[backend_optimizer_node-3] [INFO] [1785087223.149907319] [backend_optimizer_node]: graph (re)initialized at X0=(-2.419, 1.354, 0.000) V0=(0.000, 0.000)
[backend_optimizer_node-3] [INFO] [1785087223.150138282] [backend_optimizer_node]: backend_optimizer_node started (0 cylinders registered)
[evaluator_node-6] [INFO] [1785087223.722481224] [unity_evaluator_node]: evaluator_node started: will run for 60.0s starting from the first /ground_truth_pose
[default_server_endpoint-1] [INFO] [1785087305.371931525] [unity_endpoint]: Connection from 127.0.0.1
[default_server_endpoint-1] [INFO] [1785087305.373782472] [unity_endpoint]: Disconnected from 127.0.0.1
[default_server_endpoint-1] Exception in thread Thread-2:
[default_server_endpoint-1] Traceback (most recent call last):
[default_server_endpoint-1]   File "/usr/lib/python3.14/threading.py", line 1082, in _bootstrap_inner
[default_server_endpoint-1]     self._context.run(self.run)
[default_server_endpoint-1]     ~~~~~~~~~~~~~~~~~^^^^^^^^^^
[default_server_endpoint-1]   File "/home/yukichi6105/ros2_ws/build/ros_tcp_endpoint/ros_tcp_endpoint/client.py", line 213, in run
[default_server_endpoint-1]     self.tcp_server.handle_syscommand(destination, data)
[default_server_endpoint-1]     ~~~~~~~~~~~~~~~~~~~~~~~~~~~~~~~~~^^^^^^^^^^^^^^^^^^^
[default_server_endpoint-1]   File "/home/yukichi6105/ros2_ws/build/ros_tcp_endpoint/ros_tcp_endpoint/server.py", line 126, in handle_syscommand
[default_server_endpoint-1]     params = json.loads(message_json)
[default_server_endpoint-1]   File "/usr/lib/python3.14/json/__init__.py", line 352, in loads
[default_server_endpoint-1]     return _default_decoder.decode(s)
[default_server_endpoint-1]            ~~~~~~~~~~~~~~~~~~~~~~~^^^
[default_server_endpoint-1]   File "/usr/lib/python3.14/json/decoder.py", line 345, in decode
[default_server_endpoint-1]     obj, end = self.raw_decode(s, idx=_w(s, 0).end())
[default_server_endpoint-1]                ~~~~~~~~~~~~~~~^^^^^^^^^^^^^^^^^^^^^^^
[default_server_endpoint-1]   File "/usr/lib/python3.14/json/decoder.py", line 361, in raw_decode
[default_server_endpoint-1]     obj, end = self.scan_once(s, idx)
[default_server_endpoint-1]                ~~~~~~~~~~~~~~^^^^^^^^
[default_server_endpoint-1] json.decoder.JSONDecodeError: Expecting ',' delimiter: line 1 column 57 (char 56)
[default_server_endpoint-1] [INFO] [1785087306.398004951] [unity_endpoint]: Connection from 127.0.0.1
[default_server_endpoint-1] [INFO] [1785087306.402653072] [unity_endpoint]: Disconnected from 127.0.0.1
[default_server_endpoint-1] Exception in thread Thread-4:
[default_server_endpoint-1] Traceback (most recent call last):
[default_server_endpoint-1]   File "/usr/lib/python3.14/threading.py", line 1082, in _bootstrap_inner
[default_server_endpoint-1]     self._context.run(self.run)
[default_server_endpoint-1]     ~~~~~~~~~~~~~~~~~^^^^^^^^^^
[default_server_endpoint-1]   File "/home/yukichi6105/ros2_ws/build/ros_tcp_endpoint/ros_tcp_endpoint/client.py", line 213, in run
[default_server_endpoint-1]     self.tcp_server.handle_syscommand(destination, data)
[default_server_endpoint-1]     ~~~~~~~~~~~~~~~~~~~~~~~~~~~~~~~~~^^^^^^^^^^^^^^^^^^^
[default_server_endpoint-1]   File "/home/yukichi6105/ros2_ws/build/ros_tcp_endpoint/ros_tcp_endpoint/server.py", line 126, in handle_syscommand
[default_server_endpoint-1]     params = json.loads(message_json)
[default_server_endpoint-1]   File "/usr/lib/python3.14/json/__init__.py", line 352, in loads
[default_server_endpoint-1]     return _default_decoder.decode(s)
[default_server_endpoint-1]            ~~~~~~~~~~~~~~~~~~~~~~~^^^
[default_server_endpoint-1]   File "/usr/lib/python3.14/json/decoder.py", line 345, in decode
[default_server_endpoint-1]     obj, end = self.raw_decode(s, idx=_w(s, 0).end())
[default_server_endpoint-1]                ~~~~~~~~~~~~~~~^^^^^^^^^^^^^^^^^^^^^^^
[default_server_endpoint-1]   File "/usr/lib/python3.14/json/decoder.py", line 361, in raw_decode
[default_server_endpoint-1]     obj, end = self.scan_once(s, idx)
[default_server_endpoint-1]                ~~~~~~~~~~~~~~^^^^^^^^
[default_server_endpoint-1] json.decoder.JSONDecodeError: Expecting ',' delimiter: line 1 column 57 (char 56)
[default_server_endpoint-1] [INFO] [1785087307.504913458] [unity_endpoint]: Connection from 127.0.0.1
[default_server_endpoint-1] [INFO] [1785087307.505928764] [unity_endpoint]: Disconnected from 127.0.0.1
[default_server_endpoint-1] Exception in thread Thread-6:
[default_server_endpoint-1] Traceback (most recent call last):
[default_server_endpoint-1]   File "/usr/lib/python3.14/threading.py", line 1082, in _bootstrap_inner
[default_server_endpoint-1]     self._context.run(self.run)
[default_server_endpoint-1]     ~~~~~~~~~~~~~~~~~^^^^^^^^^^
[default_server_endpoint-1]   File "/home/yukichi6105/ros2_ws/build/ros_tcp_endpoint/ros_tcp_endpoint/client.py", line 213, in run
[default_server_endpoint-1]     self.tcp_server.handle_syscommand(destination, data)
[default_server_endpoint-1]     ~~~~~~~~~~~~~~~~~~~~~~~~~~~~~~~~~^^^^^^^^^^^^^^^^^^^
[default_server_endpoint-1]   File "/home/yukichi6105/ros2_ws/build/ros_tcp_endpoint/ros_tcp_endpoint/server.py", line 126, in handle_syscommand
[default_server_endpoint-1]     params = json.loads(message_json)
[default_server_endpoint-1]   File "/usr/lib/python3.14/json/__init__.py", line 352, in loads
[default_server_endpoint-1]     return _default_decoder.decode(s)
[default_server_endpoint-1]            ~~~~~~~~~~~~~~~~~~~~~~~^^^
[default_server_endpoint-1]   File "/usr/lib/python3.14/json/decoder.py", line 345, in decode
[default_server_endpoint-1]     obj, end = self.raw_decode(s, idx=_w(s, 0).end())
[default_server_endpoint-1]                ~~~~~~~~~~~~~~~^^^^^^^^^^^^^^^^^^^^^^^
[default_server_endpoint-1]   File "/usr/lib/python3.14/json/decoder.py", line 361, in raw_decode
[default_server_endpoint-1]     obj, end = self.scan_once(s, idx)
[default_server_endpoint-1]                ~~~~~~~~~~~~~~^^^^^^^^
[default_server_endpoint-1] json.decoder.JSONDecodeError: Expecting ',' delimiter: line 1 column 57 (char 56)
[default_server_endpoint-1] [INFO] [1785087308.524845534] [unity_endpoint]: Connection from 127.0.0.1
[default_server_endpoint-1] [INFO] [1785087308.526397165] [unity_endpoint]: Disconnected from 127.0.0.1
[default_server_endpoint-1] Exception in thread Thread-8:
[default_server_endpoint-1] Traceback (most recent call last):
[default_server_endpoint-1]   File "/usr/lib/python3.14/threading.py", line 1082, in _bootstrap_inner
[default_server_endpoint-1]     self._context.run(self.run)
[default_server_endpoint-1]     ~~~~~~~~~~~~~~~~~^^^^^^^^^^
[default_server_endpoint-1]   File "/home/yukichi6105/ros2_ws/build/ros_tcp_endpoint/ros_tcp_endpoint/client.py", line 213, in run
[default_server_endpoint-1]     self.tcp_server.handle_syscommand(destination, data)
[default_server_endpoint-1]     ~~~~~~~~~~~~~~~~~~~~~~~~~~~~~~~~~^^^^^^^^^^^^^^^^^^^
[default_server_endpoint-1]   File "/home/yukichi6105/ros2_ws/build/ros_tcp_endpoint/ros_tcp_endpoint/server.py", line 126, in handle_syscommand
[default_server_endpoint-1]     params = json.loads(message_json)
[default_server_endpoint-1]   File "/usr/lib/python3.14/json/__init__.py", line 352, in loads
[default_server_endpoint-1]     return _default_decoder.decode(s)
[default_server_endpoint-1]            ~~~~~~~~~~~~~~~~~~~~~~~^^^
[default_server_endpoint-1]   File "/usr/lib/python3.14/json/decoder.py", line 345, in decode
[default_server_endpoint-1]     obj, end = self.raw_decode(s, idx=_w(s, 0).end())
[default_server_endpoint-1]                ~~~~~~~~~~~~~~~^^^^^^^^^^^^^^^^^^^^^^^
[default_server_endpoint-1]   File "/usr/lib/python3.14/json/decoder.py", line 361, in raw_decode
[default_server_endpoint-1]     obj, end = self.scan_once(s, idx)
[default_server_endpoint-1]                ~~~~~~~~~~~~~~^^^^^^^^
[default_server_endpoint-1] json.decoder.JSONDecodeError: Expecting ',' delimiter: line 1 column 57 (char 56)
[default_server_endpoint-1] [INFO] [1785087309.534271644] [unity_endpoint]: Connection from 127.0.0.1
[default_server_endpoint-1] [INFO] [1785087309.536828364] [unity_endpoint]: Disconnected from 127.0.0.1
[default_server_endpoint-1] Exception in thread Thread-10:
[default_server_endpoint-1] Traceback (most recent call last):
[default_server_endpoint-1]   File "/usr/lib/python3.14/threading.py", line 1082, in _bootstrap_inner
[default_server_endpoint-1]     self._context.run(self.run)
[default_server_endpoint-1]     ~~~~~~~~~~~~~~~~~^^^^^^^^^^
[default_server_endpoint-1]   File "/home/yukichi6105/ros2_ws/build/ros_tcp_endpoint/ros_tcp_endpoint/client.py", line 213, in run
[default_server_endpoint-1]     self.tcp_server.handle_syscommand(destination, data)
[default_server_endpoint-1]     ~~~~~~~~~~~~~~~~~~~~~~~~~~~~~~~~~^^^^^^^^^^^^^^^^^^^
[default_server_endpoint-1]   File "/home/yukichi6105/ros2_ws/build/ros_tcp_endpoint/ros_tcp_endpoint/server.py", line 126, in handle_syscommand
[default_server_endpoint-1]     params = json.loads(message_json)
[default_server_endpoint-1]   File "/usr/lib/python3.14/json/__init__.py", line 352, in loads
[default_server_endpoint-1]     return _default_decoder.decode(s)
[default_server_endpoint-1]            ~~~~~~~~~~~~~~~~~~~~~~~^^^
[default_server_endpoint-1]   File "/usr/lib/python3.14/json/decoder.py", line 345, in decode
[default_server_endpoint-1]     obj, end = self.raw_decode(s, idx=_w(s, 0).end())
[default_server_endpoint-1]                ~~~~~~~~~~~~~~~^^^^^^^^^^^^^^^^^^^^^^^
[default_server_endpoint-1]   File "/usr/lib/python3.14/json/decoder.py", line 361, in raw_decode
[default_server_endpoint-1]     obj, end = self.scan_once(s, idx)
[default_server_endpoint-1]                ~~~~~~~~~~~~~~^^^^^^^^
[default_server_endpoint-1] json.decoder.JSONDecodeError: Expecting ',' delimiter: line 1 column 57 (char 56)
[default_server_endpoint-1] [INFO] [1785087310.554303925] [unity_endpoint]: Connection from 127.0.0.1
[default_server_endpoint-1] [INFO] [1785087310.555866452] [unity_endpoint]: Disconnected from 127.0.0.1
[default_server_endpoint-1] Exception in thread Thread-12:
[default_server_endpoint-1] Traceback (most recent call last):
[default_server_endpoint-1]   File "/usr/lib/python3.14/threading.py", line 1082, in _bootstrap_inner
[default_server_endpoint-1]     self._context.run(self.run)
[default_server_endpoint-1]     ~~~~~~~~~~~~~~~~~^^^^^^^^^^
[default_server_endpoint-1]   File "/home/yukichi6105/ros2_ws/build/ros_tcp_endpoint/ros_tcp_endpoint/client.py", line 213, in run
[default_server_endpoint-1]     self.tcp_server.handle_syscommand(destination, data)
[default_server_endpoint-1]     ~~~~~~~~~~~~~~~~~~~~~~~~~~~~~~~~~^^^^^^^^^^^^^^^^^^^
[default_server_endpoint-1]   File "/home/yukichi6105/ros2_ws/build/ros_tcp_endpoint/ros_tcp_endpoint/server.py", line 126, in handle_syscommand
[default_server_endpoint-1]     params = json.loads(message_json)
[default_server_endpoint-1]   File "/usr/lib/python3.14/json/__init__.py", line 352, in loads
[default_server_endpoint-1]     return _default_decoder.decode(s)
[default_server_endpoint-1]            ~~~~~~~~~~~~~~~~~~~~~~~^^^
[default_server_endpoint-1]   File "/usr/lib/python3.14/json/decoder.py", line 345, in decode
[default_server_endpoint-1]     obj, end = self.raw_decode(s, idx=_w(s, 0).end())
[default_server_endpoint-1]                ~~~~~~~~~~~~~~~^^^^^^^^^^^^^^^^^^^^^^^
[default_server_endpoint-1]   File "/usr/lib/python3.14/json/decoder.py", line 361, in raw_decode
[default_server_endpoint-1]     obj, end = self.scan_once(s, idx)
[default_server_endpoint-1]                ~~~~~~~~~~~~~~^^^^^^^^
[default_server_endpoint-1] json.decoder.JSONDecodeError: Expecting ',' delimiter: line 1 column 57 (char 56)
[default_server_endpoint-1] [INFO] [1785087311.567287260] [unity_endpoint]: Connection from 127.0.0.1
[default_server_endpoint-1] [INFO] [1785087311.568612958] [unity_endpoint]: Disconnected from 127.0.0.1
[default_server_endpoint-1] Exception in thread Thread-14:
[default_server_endpoint-1] Traceback (most recent call last):
[default_server_endpoint-1]   File "/usr/lib/python3.14/threading.py", line 1082, in _bootstrap_inner
[default_server_endpoint-1]     self._context.run(self.run)
[default_server_endpoint-1]     ~~~~~~~~~~~~~~~~~^^^^^^^^^^
[default_server_endpoint-1]   File "/home/yukichi6105/ros2_ws/build/ros_tcp_endpoint/ros_tcp_endpoint/client.py", line 213, in run
[default_server_endpoint-1]     self.tcp_server.handle_syscommand(destination, data)
[default_server_endpoint-1]     ~~~~~~~~~~~~~~~~~~~~~~~~~~~~~~~~~^^^^^^^^^^^^^^^^^^^
[default_server_endpoint-1]   File "/home/yukichi6105/ros2_ws/build/ros_tcp_endpoint/ros_tcp_endpoint/server.py", line 126, in handle_syscommand
[default_server_endpoint-1]     params = json.loads(message_json)
[default_server_endpoint-1]   File "/usr/lib/python3.14/json/__init__.py", line 352, in loads
[default_server_endpoint-1]     return _default_decoder.decode(s)
[default_server_endpoint-1]            ~~~~~~~~~~~~~~~~~~~~~~~^^^
[default_server_endpoint-1]   File "/usr/lib/python3.14/json/decoder.py", line 345, in decode
[default_server_endpoint-1]     obj, end = self.raw_decode(s, idx=_w(s, 0).end())
[default_server_endpoint-1]                ~~~~~~~~~~~~~~~^^^^^^^^^^^^^^^^^^^^^^^
[default_server_endpoint-1]   File "/usr/lib/python3.14/json/decoder.py", line 361, in raw_decode
[default_server_endpoint-1]     obj, end = self.scan_once(s, idx)
[default_server_endpoint-1]                ~~~~~~~~~~~~~~^^^^^^^^
[default_server_endpoint-1] json.decoder.JSONDecodeError: Expecting ',' delimiter: line 1 column 57 (char 56)
[default_server_endpoint-1] [INFO] [1785087312.578267426] [unity_endpoint]: Connection from 127.0.0.1
[default_server_endpoint-1] [INFO] [1785087312.579579398] [unity_endpoint]: Disconnected from 127.0.0.1
[default_server_endpoint-1] Exception in thread Thread-16:
[default_server_endpoint-1] Traceback (most recent call last):
[default_server_endpoint-1]   File "/usr/lib/python3.14/threading.py", line 1082, in _bootstrap_inner
[default_server_endpoint-1]     self._context.run(self.run)
[default_server_endpoint-1]     ~~~~~~~~~~~~~~~~~^^^^^^^^^^
[default_server_endpoint-1]   File "/home/yukichi6105/ros2_ws/build/ros_tcp_endpoint/ros_tcp_endpoint/client.py", line 213, in run
[default_server_endpoint-1]     self.tcp_server.handle_syscommand(destination, data)
[default_server_endpoint-1]     ~~~~~~~~~~~~~~~~~~~~~~~~~~~~~~~~~^^^^^^^^^^^^^^^^^^^
[default_server_endpoint-1]   File "/home/yukichi6105/ros2_ws/build/ros_tcp_endpoint/ros_tcp_endpoint/server.py", line 126, in handle_syscommand
[default_server_endpoint-1]     params = json.loads(message_json)
[default_server_endpoint-1]   File "/usr/lib/python3.14/json/__init__.py", line 352, in loads
[default_server_endpoint-1]     return _default_decoder.decode(s)
[default_server_endpoint-1]            ~~~~~~~~~~~~~~~~~~~~~~~^^^
[default_server_endpoint-1]   File "/usr/lib/python3.14/json/decoder.py", line 345, in decode
[default_server_endpoint-1]     obj, end = self.raw_decode(s, idx=_w(s, 0).end())
[default_server_endpoint-1]                ~~~~~~~~~~~~~~~^^^^^^^^^^^^^^^^^^^^^^^
[default_server_endpoint-1]   File "/usr/lib/python3.14/json/decoder.py", line 361, in raw_decode
[default_server_endpoint-1]     obj, end = self.scan_once(s, idx)
[default_server_endpoint-1]                ~~~~~~~~~~~~~~^^^^^^^^
[default_server_endpoint-1] json.decoder.JSONDecodeError: Expecting ',' delimiter: line 1 column 57 (char 56)
[default_server_endpoint-1] [INFO] [1785087313.588384643] [unity_endpoint]: Connection from 127.0.0.1
[default_server_endpoint-1] [INFO] [1785087313.589615245] [unity_endpoint]: Disconnected from 127.0.0.1
[default_server_endpoint-1] Exception in thread Thread-18:
[default_server_endpoint-1] Traceback (most recent call last):
[default_server_endpoint-1]   File "/usr/lib/python3.14/threading.py", line 1082, in _bootstrap_inner
[default_server_endpoint-1]     self._context.run(self.run)
[default_server_endpoint-1]     ~~~~~~~~~~~~~~~~~^^^^^^^^^^
[default_server_endpoint-1]   File "/home/yukichi6105/ros2_ws/build/ros_tcp_endpoint/ros_tcp_endpoint/client.py", line 213, in run
[default_server_endpoint-1]     self.tcp_server.handle_syscommand(destination, data)
[default_server_endpoint-1]     ~~~~~~~~~~~~~~~~~~~~~~~~~~~~~~~~~^^^^^^^^^^^^^^^^^^^
[default_server_endpoint-1]   File "/home/yukichi6105/ros2_ws/build/ros_tcp_endpoint/ros_tcp_endpoint/server.py", line 126, in handle_syscommand
[default_server_endpoint-1]     params = json.loads(message_json)
[default_server_endpoint-1]   File "/usr/lib/python3.14/json/__init__.py", line 352, in loads
[default_server_endpoint-1]     return _default_decoder.decode(s)
[default_server_endpoint-1]            ~~~~~~~~~~~~~~~~~~~~~~~^^^
[default_server_endpoint-1]   File "/usr/lib/python3.14/json/decoder.py", line 345, in decode
[default_server_endpoint-1]     obj, end = self.raw_decode(s, idx=_w(s, 0).end())
[default_server_endpoint-1]                ~~~~~~~~~~~~~~~^^^^^^^^^^^^^^^^^^^^^^^
[default_server_endpoint-1]   File "/usr/lib/python3.14/json/decoder.py", line 361, in raw_decode
[default_server_endpoint-1]     obj, end = self.scan_once(s, idx)
[default_server_endpoint-1]                ~~~~~~~~~~~~~~^^^^^^^^
[default_server_endpoint-1] json.decoder.JSONDecodeError: Expecting ',' delimiter: line 1 column 57 (char 56)
[default_server_endpoint-1] [INFO] [1785087314.599358323] [unity_endpoint]: Connection from 127.0.0.1
[default_server_endpoint-1] [INFO] [1785087314.600475514] [unity_endpoint]: Disconnected from 127.0.0.1
[default_server_endpoint-1] Exception in thread Thread-20:
[default_server_endpoint-1] Traceback (most recent call last):
[default_server_endpoint-1]   File "/usr/lib/python3.14/threading.py", line 1082, in _bootstrap_inner
[default_server_endpoint-1]     self._context.run(self.run)
[default_server_endpoint-1]     ~~~~~~~~~~~~~~~~~^^^^^^^^^^
[default_server_endpoint-1]   File "/home/yukichi6105/ros2_ws/build/ros_tcp_endpoint/ros_tcp_endpoint/client.py", line 213, in run
[default_server_endpoint-1]     self.tcp_server.handle_syscommand(destination, data)
[default_server_endpoint-1]     ~~~~~~~~~~~~~~~~~~~~~~~~~~~~~~~~~^^^^^^^^^^^^^^^^^^^
[default_server_endpoint-1]   File "/home/yukichi6105/ros2_ws/build/ros_tcp_endpoint/ros_tcp_endpoint/server.py", line 126, in handle_syscommand
[default_server_endpoint-1]     params = json.loads(message_json)
[default_server_endpoint-1]   File "/usr/lib/python3.14/json/__init__.py", line 352, in loads
[default_server_endpoint-1]     return _default_decoder.decode(s)
[default_server_endpoint-1]            ~~~~~~~~~~~~~~~~~~~~~~~^^^
[default_server_endpoint-1]   File "/usr/lib/python3.14/json/decoder.py", line 345, in decode
[default_server_endpoint-1]     obj, end = self.raw_decode(s, idx=_w(s, 0).end())
[default_server_endpoint-1]                ~~~~~~~~~~~~~~~^^^^^^^^^^^^^^^^^^^^^^^
[default_server_endpoint-1]   File "/usr/lib/python3.14/json/decoder.py", line 361, in raw_decode
[default_server_endpoint-1]     obj, end = self.scan_once(s, idx)
[default_server_endpoint-1]                ~~~~~~~~~~~~~~^^^^^^^^
[default_server_endpoint-1] json.decoder.JSONDecodeError: Expecting ',' delimiter: line 1 column 57 (char 56)
[default_server_endpoint-1] [INFO] [1785087315.616220056] [unity_endpoint]: Connection from 127.0.0.1
[default_server_endpoint-1] [INFO] [1785087315.617256765] [unity_endpoint]: Disconnected from 127.0.0.1
[default_server_endpoint-1] Exception in thread Thread-22:
[default_server_endpoint-1] Traceback (most recent call last):
[default_server_endpoint-1]   File "/usr/lib/python3.14/threading.py", line 1082, in _bootstrap_inner
[default_server_endpoint-1]     self._context.run(self.run)
[default_server_endpoint-1]     ~~~~~~~~~~~~~~~~~^^^^^^^^^^
[default_server_endpoint-1]   File "/home/yukichi6105/ros2_ws/build/ros_tcp_endpoint/ros_tcp_endpoint/client.py", line 213, in run
[default_server_endpoint-1]     self.tcp_server.handle_syscommand(destination, data)
[default_server_endpoint-1]     ~~~~~~~~~~~~~~~~~~~~~~~~~~~~~~~~~^^^^^^^^^^^^^^^^^^^
[default_server_endpoint-1]   File "/home/yukichi6105/ros2_ws/build/ros_tcp_endpoint/ros_tcp_endpoint/server.py", line 126, in handle_syscommand
[default_server_endpoint-1]     params = json.loads(message_json)
[default_server_endpoint-1]   File "/usr/lib/python3.14/json/__init__.py", line 352, in loads
[default_server_endpoint-1]     return _default_decoder.decode(s)
[default_server_endpoint-1]            ~~~~~~~~~~~~~~~~~~~~~~~^^^
[default_server_endpoint-1]   File "/usr/lib/python3.14/json/decoder.py", line 345, in decode
[default_server_endpoint-1]     obj, end = self.raw_decode(s, idx=_w(s, 0).end())
[default_server_endpoint-1]                ~~~~~~~~~~~~~~~^^^^^^^^^^^^^^^^^^^^^^^
[default_server_endpoint-1]   File "/usr/lib/python3.14/json/decoder.py", line 361, in raw_decode
[default_server_endpoint-1]     obj, end = self.scan_once(s, idx)
[default_server_endpoint-1]                ~~~~~~~~~~~~~~^^^^^^^^
[default_server_endpoint-1] json.decoder.JSONDecodeError: Expecting ',' delimiter: line 1 column 57 (char 56)
[default_server_endpoint-1] [INFO] [1785087316.625445514] [unity_endpoint]: Connection from 127.0.0.1
[default_server_endpoint-1] [INFO] [1785087316.626730040] [unity_endpoint]: Disconnected from 127.0.0.1
[default_server_endpoint-1] Exception in thread Thread-24:
[default_server_endpoint-1] Traceback (most recent call last):
[default_server_endpoint-1]   File "/usr/lib/python3.14/threading.py", line 1082, in _bootstrap_inner
[default_server_endpoint-1]     self._context.run(self.run)
[default_server_endpoint-1]     ~~~~~~~~~~~~~~~~~^^^^^^^^^^
[default_server_endpoint-1]   File "/home/yukichi6105/ros2_ws/build/ros_tcp_endpoint/ros_tcp_endpoint/client.py", line 213, in run
[default_server_endpoint-1]     self.tcp_server.handle_syscommand(destination, data)
[default_server_endpoint-1]     ~~~~~~~~~~~~~~~~~~~~~~~~~~~~~~~~~^^^^^^^^^^^^^^^^^^^
[default_server_endpoint-1]   File "/home/yukichi6105/ros2_ws/build/ros_tcp_endpoint/ros_tcp_endpoint/server.py", line 126, in handle_syscommand
[default_server_endpoint-1]     params = json.loads(message_json)
[default_server_endpoint-1]   File "/usr/lib/python3.14/json/__init__.py", line 352, in loads
[default_server_endpoint-1]     return _default_decoder.decode(s)
[default_server_endpoint-1]            ~~~~~~~~~~~~~~~~~~~~~~~^^^
[default_server_endpoint-1]   File "/usr/lib/python3.14/json/decoder.py", line 345, in decode
[default_server_endpoint-1]     obj, end = self.raw_decode(s, idx=_w(s, 0).end())
[default_server_endpoint-1]                ~~~~~~~~~~~~~~~^^^^^^^^^^^^^^^^^^^^^^^
[default_server_endpoint-1]   File "/usr/lib/python3.14/json/decoder.py", line 361, in raw_decode
[default_server_endpoint-1]     obj, end = self.scan_once(s, idx)
[default_server_endpoint-1]                ~~~~~~~~~~~~~~^^^^^^^^
[default_server_endpoint-1] json.decoder.JSONDecodeError: Expecting ',' delimiter: line 1 column 57 (char 56)
[default_server_endpoint-1] [INFO] [1785087317.650598140] [unity_endpoint]: Connection from 127.0.0.1
[default_server_endpoint-1] [INFO] [1785087317.651912167] [unity_endpoint]: Disconnected from 127.0.0.1
[default_server_endpoint-1] Exception in thread Thread-26:
[default_server_endpoint-1] Traceback (most recent call last):
[default_server_endpoint-1]   File "/usr/lib/python3.14/threading.py", line 1082, in _bootstrap_inner
[default_server_endpoint-1]     self._context.run(self.run)
[default_server_endpoint-1]     ~~~~~~~~~~~~~~~~~^^^^^^^^^^
[default_server_endpoint-1]   File "/home/yukichi6105/ros2_ws/build/ros_tcp_endpoint/ros_tcp_endpoint/client.py", line 213, in run
[default_server_endpoint-1]     self.tcp_server.handle_syscommand(destination, data)
[default_server_endpoint-1]     ~~~~~~~~~~~~~~~~~~~~~~~~~~~~~~~~~^^^^^^^^^^^^^^^^^^^
[default_server_endpoint-1]   File "/home/yukichi6105/ros2_ws/build/ros_tcp_endpoint/ros_tcp_endpoint/server.py", line 126, in handle_syscommand
[default_server_endpoint-1]     params = json.loads(message_json)
[default_server_endpoint-1]   File "/usr/lib/python3.14/json/__init__.py", line 352, in loads
[default_server_endpoint-1]     return _default_decoder.decode(s)
[default_server_endpoint-1]            ~~~~~~~~~~~~~~~~~~~~~~~^^^
[default_server_endpoint-1]   File "/usr/lib/python3.14/json/decoder.py", line 345, in decode
[default_server_endpoint-1]     obj, end = self.raw_decode(s, idx=_w(s, 0).end())
[default_server_endpoint-1]                ~~~~~~~~~~~~~~~^^^^^^^^^^^^^^^^^^^^^^^
[default_server_endpoint-1]   File "/usr/lib/python3.14/json/decoder.py", line 361, in raw_decode
[default_server_endpoint-1]     obj, end = self.scan_once(s, idx)
[default_server_endpoint-1]                ~~~~~~~~~~~~~~^^^^^^^^
[default_server_endpoint-1] json.decoder.JSONDecodeError: Expecting ',' delimiter: line 1 column 57 (char 56)
[default_server_endpoint-1] [INFO] [1785087318.664863286] [unity_endpoint]: Connection from 127.0.0.1
[default_server_endpoint-1] [INFO] [1785087318.666060674] [unity_endpoint]: Disconnected from 127.0.0.1
[default_server_endpoint-1] Exception in thread Thread-28:
[default_server_endpoint-1] Traceback (most recent call last):
[default_server_endpoint-1]   File "/usr/lib/python3.14/threading.py", line 1082, in _bootstrap_inner
[default_server_endpoint-1]     self._context.run(self.run)
[default_server_endpoint-1]     ~~~~~~~~~~~~~~~~~^^^^^^^^^^
[default_server_endpoint-1]   File "/home/yukichi6105/ros2_ws/build/ros_tcp_endpoint/ros_tcp_endpoint/client.py", line 213, in run
[default_server_endpoint-1]     self.tcp_server.handle_syscommand(destination, data)
[default_server_endpoint-1]     ~~~~~~~~~~~~~~~~~~~~~~~~~~~~~~~~~^^^^^^^^^^^^^^^^^^^
[default_server_endpoint-1]   File "/home/yukichi6105/ros2_ws/build/ros_tcp_endpoint/ros_tcp_endpoint/server.py", line 126, in handle_syscommand
[default_server_endpoint-1]     params = json.loads(message_json)
[default_server_endpoint-1]   File "/usr/lib/python3.14/json/__init__.py", line 352, in loads
[default_server_endpoint-1]     return _default_decoder.decode(s)
[default_server_endpoint-1]            ~~~~~~~~~~~~~~~~~~~~~~~^^^
[default_server_endpoint-1]   File "/usr/lib/python3.14/json/decoder.py", line 345, in decode
[default_server_endpoint-1]     obj, end = self.raw_decode(s, idx=_w(s, 0).end())
[default_server_endpoint-1]                ~~~~~~~~~~~~~~~^^^^^^^^^^^^^^^^^^^^^^^
[default_server_endpoint-1]   File "/usr/lib/python3.14/json/decoder.py", line 361, in raw_decode
[default_server_endpoint-1]     obj, end = self.scan_once(s, idx)
[default_server_endpoint-1]                ~~~~~~~~~~~~~~^^^^^^^^
[default_server_endpoint-1] json.decoder.JSONDecodeError: Expecting ',' delimiter: line 1 column 57 (char 56)
[default_server_endpoint-1] [INFO] [1785087319.674356503] [unity_endpoint]: Connection from 127.0.0.1
[default_server_endpoint-1] [INFO] [1785087319.675514278] [unity_endpoint]: Disconnected from 127.0.0.1
[default_server_endpoint-1] Exception in thread Thread-30:
[default_server_endpoint-1] Traceback (most recent call last):
[default_server_endpoint-1]   File "/usr/lib/python3.14/threading.py", line 1082, in _bootstrap_inner
[default_server_endpoint-1]     self._context.run(self.run)
[default_server_endpoint-1]     ~~~~~~~~~~~~~~~~~^^^^^^^^^^
[default_server_endpoint-1]   File "/home/yukichi6105/ros2_ws/build/ros_tcp_endpoint/ros_tcp_endpoint/client.py", line 213, in run
[default_server_endpoint-1]     self.tcp_server.handle_syscommand(destination, data)
[default_server_endpoint-1]     ~~~~~~~~~~~~~~~~~~~~~~~~~~~~~~~~~^^^^^^^^^^^^^^^^^^^
[default_server_endpoint-1]   File "/home/yukichi6105/ros2_ws/build/ros_tcp_endpoint/ros_tcp_endpoint/server.py", line 126, in handle_syscommand
[default_server_endpoint-1]     params = json.loads(message_json)
[default_server_endpoint-1]   File "/usr/lib/python3.14/json/__init__.py", line 352, in loads
[default_server_endpoint-1]     return _default_decoder.decode(s)
[default_server_endpoint-1]            ~~~~~~~~~~~~~~~~~~~~~~~^^^
[default_server_endpoint-1]   File "/usr/lib/python3.14/json/decoder.py", line 345, in decode
[default_server_endpoint-1]     obj, end = self.raw_decode(s, idx=_w(s, 0).end())
[default_server_endpoint-1]                ~~~~~~~~~~~~~~~^^^^^^^^^^^^^^^^^^^^^^^
[default_server_endpoint-1]   File "/usr/lib/python3.14/json/decoder.py", line 361, in raw_decode
[default_server_endpoint-1]     obj, end = self.scan_once(s, idx)
[default_server_endpoint-1]                ~~~~~~~~~~~~~~^^^^^^^^
[default_server_endpoint-1] json.decoder.JSONDecodeError: Expecting ',' delimiter: line 1 column 57 (char 56)
[default_server_endpoint-1] [INFO] [1785087320.683432606] [unity_endpoint]: Connection from 127.0.0.1
[default_server_endpoint-1] [INFO] [1785087320.684937819] [unity_endpoint]: Disconnected from 127.0.0.1
[default_server_endpoint-1] Exception in thread Thread-32:
[default_server_endpoint-1] Traceback (most recent call last):
[default_server_endpoint-1]   File "/usr/lib/python3.14/threading.py", line 1082, in _bootstrap_inner
[default_server_endpoint-1]     self._context.run(self.run)
[default_server_endpoint-1]     ~~~~~~~~~~~~~~~~~^^^^^^^^^^
[default_server_endpoint-1]   File "/home/yukichi6105/ros2_ws/build/ros_tcp_endpoint/ros_tcp_endpoint/client.py", line 213, in run
[default_server_endpoint-1]     self.tcp_server.handle_syscommand(destination, data)
[default_server_endpoint-1]     ~~~~~~~~~~~~~~~~~~~~~~~~~~~~~~~~~^^^^^^^^^^^^^^^^^^^
[default_server_endpoint-1]   File "/home/yukichi6105/ros2_ws/build/ros_tcp_endpoint/ros_tcp_endpoint/server.py", line 126, in handle_syscommand
[default_server_endpoint-1]     params = json.loads(message_json)
[default_server_endpoint-1]   File "/usr/lib/python3.14/json/__init__.py", line 352, in loads
[default_server_endpoint-1]     return _default_decoder.decode(s)
[default_server_endpoint-1]            ~~~~~~~~~~~~~~~~~~~~~~~^^^
[default_server_endpoint-1]   File "/usr/lib/python3.14/json/decoder.py", line 345, in decode
[default_server_endpoint-1]     obj, end = self.raw_decode(s, idx=_w(s, 0).end())
[default_server_endpoint-1]                ~~~~~~~~~~~~~~~^^^^^^^^^^^^^^^^^^^^^^^
[default_server_endpoint-1]   File "/usr/lib/python3.14/json/decoder.py", line 361, in raw_decode
[default_server_endpoint-1]     obj, end = self.scan_once(s, idx)
[default_server_endpoint-1]                ~~~~~~~~~~~~~~^^^^^^^^
[default_server_endpoint-1] json.decoder.JSONDecodeError: Expecting ',' delimiter: line 1 column 57 (char 56)
[default_server_endpoint-1] [INFO] [1785087321.698358599] [unity_endpoint]: Connection from 127.0.0.1
[default_server_endpoint-1] [INFO] [1785087321.699589091] [unity_endpoint]: Disconnected from 127.0.0.1
[default_server_endpoint-1] Exception in thread Thread-34:
[default_server_endpoint-1] Traceback (most recent call last):
[default_server_endpoint-1]   File "/usr/lib/python3.14/threading.py", line 1082, in _bootstrap_inner
[default_server_endpoint-1]     self._context.run(self.run)
[default_server_endpoint-1]     ~~~~~~~~~~~~~~~~~^^^^^^^^^^
[default_server_endpoint-1]   File "/home/yukichi6105/ros2_ws/build/ros_tcp_endpoint/ros_tcp_endpoint/client.py", line 213, in run
[default_server_endpoint-1]     self.tcp_server.handle_syscommand(destination, data)
[default_server_endpoint-1]     ~~~~~~~~~~~~~~~~~~~~~~~~~~~~~~~~~^^^^^^^^^^^^^^^^^^^
[default_server_endpoint-1]   File "/home/yukichi6105/ros2_ws/build/ros_tcp_endpoint/ros_tcp_endpoint/server.py", line 126, in handle_syscommand
[default_server_endpoint-1]     params = json.loads(message_json)
[default_server_endpoint-1]   File "/usr/lib/python3.14/json/__init__.py", line 352, in loads
[default_server_endpoint-1]     return _default_decoder.decode(s)
[default_server_endpoint-1]            ~~~~~~~~~~~~~~~~~~~~~~~^^^
[default_server_endpoint-1]   File "/usr/lib/python3.14/json/decoder.py", line 345, in decode
[default_server_endpoint-1]     obj, end = self.raw_decode(s, idx=_w(s, 0).end())
[default_server_endpoint-1]                ~~~~~~~~~~~~~~~^^^^^^^^^^^^^^^^^^^^^^^
[default_server_endpoint-1]   File "/usr/lib/python3.14/json/decoder.py", line 361, in raw_decode
[default_server_endpoint-1]     obj, end = self.scan_once(s, idx)
[default_server_endpoint-1]                ~~~~~~~~~~~~~~^^^^^^^^
[default_server_endpoint-1] json.decoder.JSONDecodeError: Expecting ',' delimiter: line 1 column 57 (char 56)
[default_server_endpoint-1] [INFO] [1785087322.715164727] [unity_endpoint]: Connection from 127.0.0.1
[default_server_endpoint-1] [INFO] [1785087322.716349421] [unity_endpoint]: Disconnected from 127.0.0.1
[default_server_endpoint-1] Exception in thread Thread-36:
[default_server_endpoint-1] Traceback (most recent call last):
[default_server_endpoint-1]   File "/usr/lib/python3.14/threading.py", line 1082, in _bootstrap_inner
[default_server_endpoint-1]     self._context.run(self.run)
[default_server_endpoint-1]     ~~~~~~~~~~~~~~~~~^^^^^^^^^^
[default_server_endpoint-1]   File "/home/yukichi6105/ros2_ws/build/ros_tcp_endpoint/ros_tcp_endpoint/client.py", line 213, in run
[default_server_endpoint-1]     self.tcp_server.handle_syscommand(destination, data)
[default_server_endpoint-1]     ~~~~~~~~~~~~~~~~~~~~~~~~~~~~~~~~~^^^^^^^^^^^^^^^^^^^
[default_server_endpoint-1]   File "/home/yukichi6105/ros2_ws/build/ros_tcp_endpoint/ros_tcp_endpoint/server.py", line 126, in handle_syscommand
[default_server_endpoint-1]     params = json.loads(message_json)
[default_server_endpoint-1]   File "/usr/lib/python3.14/json/__init__.py", line 352, in loads
[default_server_endpoint-1]     return _default_decoder.decode(s)
[default_server_endpoint-1]            ~~~~~~~~~~~~~~~~~~~~~~~^^^
[default_server_endpoint-1]   File "/usr/lib/python3.14/json/decoder.py", line 345, in decode
[default_server_endpoint-1]     obj, end = self.raw_decode(s, idx=_w(s, 0).end())
[default_server_endpoint-1]                ~~~~~~~~~~~~~~~^^^^^^^^^^^^^^^^^^^^^^^
[default_server_endpoint-1]   File "/usr/lib/python3.14/json/decoder.py", line 361, in raw_decode
[default_server_endpoint-1]     obj, end = self.scan_once(s, idx)
[default_server_endpoint-1]                ~~~~~~~~~~~~~~^^^^^^^^
[default_server_endpoint-1] json.decoder.JSONDecodeError: Expecting ',' delimiter: line 1 column 57 (char 56)
[default_server_endpoint-1] [INFO] [1785087323.733060349] [unity_endpoint]: Connection from 127.0.0.1
[default_server_endpoint-1] [INFO] [1785087323.734325583] [unity_endpoint]: Disconnected from 127.0.0.1
[default_server_endpoint-1] Exception in thread Thread-38:
[default_server_endpoint-1] Traceback (most recent call last):
[default_server_endpoint-1]   File "/usr/lib/python3.14/threading.py", line 1082, in _bootstrap_inner
[default_server_endpoint-1]     self._context.run(self.run)
[default_server_endpoint-1]     ~~~~~~~~~~~~~~~~~^^^^^^^^^^
[default_server_endpoint-1]   File "/home/yukichi6105/ros2_ws/build/ros_tcp_endpoint/ros_tcp_endpoint/client.py", line 213, in run
[default_server_endpoint-1]     self.tcp_server.handle_syscommand(destination, data)
[default_server_endpoint-1]     ~~~~~~~~~~~~~~~~~~~~~~~~~~~~~~~~~^^^^^^^^^^^^^^^^^^^
[default_server_endpoint-1]   File "/home/yukichi6105/ros2_ws/build/ros_tcp_endpoint/ros_tcp_endpoint/server.py", line 126, in handle_syscommand
[default_server_endpoint-1]     params = json.loads(message_json)
[default_server_endpoint-1]   File "/usr/lib/python3.14/json/__init__.py", line 352, in loads
[default_server_endpoint-1]     return _default_decoder.decode(s)
[default_server_endpoint-1]            ~~~~~~~~~~~~~~~~~~~~~~~^^^
[default_server_endpoint-1]   File "/usr/lib/python3.14/json/decoder.py", line 345, in decode
[default_server_endpoint-1]     obj, end = self.raw_decode(s, idx=_w(s, 0).end())
[default_server_endpoint-1]                ~~~~~~~~~~~~~~~^^^^^^^^^^^^^^^^^^^^^^^
[default_server_endpoint-1]   File "/usr/lib/python3.14/json/decoder.py", line 361, in raw_decode
[default_server_endpoint-1]     obj, end = self.scan_once(s, idx)
[default_server_endpoint-1]                ~~~~~~~~~~~~~~^^^^^^^^
[default_server_endpoint-1] json.decoder.JSONDecodeError: Expecting ',' delimiter: line 1 column 57 (char 56)
[default_server_endpoint-1] [INFO] [1785087324.742544173] [unity_endpoint]: Connection from 127.0.0.1
[default_server_endpoint-1] [INFO] [1785087324.743701152] [unity_endpoint]: Disconnected from 127.0.0.1
[default_server_endpoint-1] Exception in thread Thread-40:
[default_server_endpoint-1] Traceback (most recent call last):
[default_server_endpoint-1]   File "/usr/lib/python3.14/threading.py", line 1082, in _bootstrap_inner
[default_server_endpoint-1]     self._context.run(self.run)
[default_server_endpoint-1]     ~~~~~~~~~~~~~~~~~^^^^^^^^^^
[default_server_endpoint-1]   File "/home/yukichi6105/ros2_ws/build/ros_tcp_endpoint/ros_tcp_endpoint/client.py", line 213, in run
[default_server_endpoint-1]     self.tcp_server.handle_syscommand(destination, data)
[default_server_endpoint-1]     ~~~~~~~~~~~~~~~~~~~~~~~~~~~~~~~~~^^^^^^^^^^^^^^^^^^^
[default_server_endpoint-1]   File "/home/yukichi6105/ros2_ws/build/ros_tcp_endpoint/ros_tcp_endpoint/server.py", line 126, in handle_syscommand
[default_server_endpoint-1]     params = json.loads(message_json)
[default_server_endpoint-1]   File "/usr/lib/python3.14/json/__init__.py", line 352, in loads
[default_server_endpoint-1]     return _default_decoder.decode(s)
[default_server_endpoint-1]            ~~~~~~~~~~~~~~~~~~~~~~~^^^
[default_server_endpoint-1]   File "/usr/lib/python3.14/json/decoder.py", line 345, in decode
[default_server_endpoint-1]     obj, end = self.raw_decode(s, idx=_w(s, 0).end())
[default_server_endpoint-1]                ~~~~~~~~~~~~~~~^^^^^^^^^^^^^^^^^^^^^^^
[default_server_endpoint-1]   File "/usr/lib/python3.14/json/decoder.py", line 361, in raw_decode
[default_server_endpoint-1]     obj, end = self.scan_once(s, idx)
[default_server_endpoint-1]                ~~~~~~~~~~~~~~^^^^^^^^
[default_server_endpoint-1] json.decoder.JSONDecodeError: Expecting ',' delimiter: line 1 column 57 (char 56)
[default_server_endpoint-1] [INFO] [1785087325.764732388] [unity_endpoint]: Connection from 127.0.0.1
[default_server_endpoint-1] [INFO] [1785087325.765911384] [unity_endpoint]: Disconnected from 127.0.0.1
[default_server_endpoint-1] Exception in thread Thread-42:
[default_server_endpoint-1] Traceback (most recent call last):
[default_server_endpoint-1]   File "/usr/lib/python3.14/threading.py", line 1082, in _bootstrap_inner
[default_server_endpoint-1]     self._context.run(self.run)
[default_server_endpoint-1]     ~~~~~~~~~~~~~~~~~^^^^^^^^^^
[default_server_endpoint-1]   File "/home/yukichi6105/ros2_ws/build/ros_tcp_endpoint/ros_tcp_endpoint/client.py", line 213, in run
[default_server_endpoint-1]     self.tcp_server.handle_syscommand(destination, data)
[default_server_endpoint-1]     ~~~~~~~~~~~~~~~~~~~~~~~~~~~~~~~~~^^^^^^^^^^^^^^^^^^^
[default_server_endpoint-1]   File "/home/yukichi6105/ros2_ws/build/ros_tcp_endpoint/ros_tcp_endpoint/server.py", line 126, in handle_syscommand
[default_server_endpoint-1]     params = json.loads(message_json)
[default_server_endpoint-1]   File "/usr/lib/python3.14/json/__init__.py", line 352, in loads
[default_server_endpoint-1]     return _default_decoder.decode(s)
[default_server_endpoint-1]            ~~~~~~~~~~~~~~~~~~~~~~~^^^
[default_server_endpoint-1]   File "/usr/lib/python3.14/json/decoder.py", line 345, in decode
[default_server_endpoint-1]     obj, end = self.raw_decode(s, idx=_w(s, 0).end())
[default_server_endpoint-1]                ~~~~~~~~~~~~~~~^^^^^^^^^^^^^^^^^^^^^^^
[default_server_endpoint-1]   File "/usr/lib/python3.14/json/decoder.py", line 361, in raw_decode
[default_server_endpoint-1]     obj, end = self.scan_once(s, idx)
[default_server_endpoint-1]                ~~~~~~~~~~~~~~^^^^^^^^
[default_server_endpoint-1] json.decoder.JSONDecodeError: Expecting ',' delimiter: line 1 column 57 (char 56)
[default_server_endpoint-1] [INFO] [1785087326.773551331] [unity_endpoint]: Connection from 127.0.0.1
[default_server_endpoint-1] [INFO] [1785087326.774634143] [unity_endpoint]: Disconnected from 127.0.0.1
[default_server_endpoint-1] Exception in thread Thread-44:
[default_server_endpoint-1] Traceback (most recent call last):
[default_server_endpoint-1]   File "/usr/lib/python3.14/threading.py", line 1082, in _bootstrap_inner
[default_server_endpoint-1]     self._context.run(self.run)
[default_server_endpoint-1]     ~~~~~~~~~~~~~~~~~^^^^^^^^^^
[default_server_endpoint-1]   File "/home/yukichi6105/ros2_ws/build/ros_tcp_endpoint/ros_tcp_endpoint/client.py", line 213, in run
[default_server_endpoint-1]     self.tcp_server.handle_syscommand(destination, data)
[default_server_endpoint-1]     ~~~~~~~~~~~~~~~~~~~~~~~~~~~~~~~~~^^^^^^^^^^^^^^^^^^^
[default_server_endpoint-1]   File "/home/yukichi6105/ros2_ws/build/ros_tcp_endpoint/ros_tcp_endpoint/server.py", line 126, in handle_syscommand
[default_server_endpoint-1]     params = json.loads(message_json)
[default_server_endpoint-1]   File "/usr/lib/python3.14/json/__init__.py", line 352, in loads
[default_server_endpoint-1]     return _default_decoder.decode(s)
[default_server_endpoint-1]            ~~~~~~~~~~~~~~~~~~~~~~~^^^
[default_server_endpoint-1]   File "/usr/lib/python3.14/json/decoder.py", line 345, in decode
[default_server_endpoint-1]     obj, end = self.raw_decode(s, idx=_w(s, 0).end())
[default_server_endpoint-1]                ~~~~~~~~~~~~~~~^^^^^^^^^^^^^^^^^^^^^^^
[default_server_endpoint-1]   File "/usr/lib/python3.14/json/decoder.py", line 361, in raw_decode
[default_server_endpoint-1]     obj, end = self.scan_once(s, idx)
[default_server_endpoint-1]                ~~~~~~~~~~~~~~^^^^^^^^
[default_server_endpoint-1] json.decoder.JSONDecodeError: Expecting ',' delimiter: line 1 column 57 (char 56)
[default_server_endpoint-1] [INFO] [1785087327.781738340] [unity_endpoint]: Connection from 127.0.0.1
[default_server_endpoint-1] [INFO] [1785087327.782866710] [unity_endpoint]: Disconnected from 127.0.0.1
[default_server_endpoint-1] Exception in thread Thread-46:
[default_server_endpoint-1] Traceback (most recent call last):
[default_server_endpoint-1]   File "/usr/lib/python3.14/threading.py", line 1082, in _bootstrap_inner
[default_server_endpoint-1]     self._context.run(self.run)
[default_server_endpoint-1]     ~~~~~~~~~~~~~~~~~^^^^^^^^^^
[default_server_endpoint-1]   File "/home/yukichi6105/ros2_ws/build/ros_tcp_endpoint/ros_tcp_endpoint/client.py", line 213, in run
[default_server_endpoint-1]     self.tcp_server.handle_syscommand(destination, data)
[default_server_endpoint-1]     ~~~~~~~~~~~~~~~~~~~~~~~~~~~~~~~~~^^^^^^^^^^^^^^^^^^^
[default_server_endpoint-1]   File "/home/yukichi6105/ros2_ws/build/ros_tcp_endpoint/ros_tcp_endpoint/server.py", line 126, in handle_syscommand
[default_server_endpoint-1]     params = json.loads(message_json)
[default_server_endpoint-1]   File "/usr/lib/python3.14/json/__init__.py", line 352, in loads
[default_server_endpoint-1]     return _default_decoder.decode(s)
[default_server_endpoint-1]            ~~~~~~~~~~~~~~~~~~~~~~~^^^
[default_server_endpoint-1]   File "/usr/lib/python3.14/json/decoder.py", line 345, in decode
[default_server_endpoint-1]     obj, end = self.raw_decode(s, idx=_w(s, 0).end())
[default_server_endpoint-1]                ~~~~~~~~~~~~~~~^^^^^^^^^^^^^^^^^^^^^^^
[default_server_endpoint-1]   File "/usr/lib/python3.14/json/decoder.py", line 361, in raw_decode
[default_server_endpoint-1]     obj, end = self.scan_once(s, idx)
[default_server_endpoint-1]                ~~~~~~~~~~~~~~^^^^^^^^
[default_server_endpoint-1] json.decoder.JSONDecodeError: Expecting ',' delimiter: line 1 column 57 (char 56)
[default_server_endpoint-1] [INFO] [1785087328.796081403] [unity_endpoint]: Connection from 127.0.0.1
[default_server_endpoint-1] [INFO] [1785087328.797211712] [unity_endpoint]: Disconnected from 127.0.0.1
[default_server_endpoint-1] Exception in thread Thread-48:
[default_server_endpoint-1] Traceback (most recent call last):
[default_server_endpoint-1]   File "/usr/lib/python3.14/threading.py", line 1082, in _bootstrap_inner
[default_server_endpoint-1]     self._context.run(self.run)
[default_server_endpoint-1]     ~~~~~~~~~~~~~~~~~^^^^^^^^^^
[default_server_endpoint-1]   File "/home/yukichi6105/ros2_ws/build/ros_tcp_endpoint/ros_tcp_endpoint/client.py", line 213, in run
[default_server_endpoint-1]     self.tcp_server.handle_syscommand(destination, data)
[default_server_endpoint-1]     ~~~~~~~~~~~~~~~~~~~~~~~~~~~~~~~~~^^^^^^^^^^^^^^^^^^^
[default_server_endpoint-1]   File "/home/yukichi6105/ros2_ws/build/ros_tcp_endpoint/ros_tcp_endpoint/server.py", line 126, in handle_syscommand
[default_server_endpoint-1]     params = json.loads(message_json)
[default_server_endpoint-1]   File "/usr/lib/python3.14/json/__init__.py", line 352, in loads
[default_server_endpoint-1]     return _default_decoder.decode(s)
[default_server_endpoint-1]            ~~~~~~~~~~~~~~~~~~~~~~~^^^
[default_server_endpoint-1]   File "/usr/lib/python3.14/json/decoder.py", line 345, in decode
[default_server_endpoint-1]     obj, end = self.raw_decode(s, idx=_w(s, 0).end())
[default_server_endpoint-1]                ~~~~~~~~~~~~~~~^^^^^^^^^^^^^^^^^^^^^^^
[default_server_endpoint-1]   File "/usr/lib/python3.14/json/decoder.py", line 361, in raw_decode
[default_server_endpoint-1]     obj, end = self.scan_once(s, idx)
[default_server_endpoint-1]                ~~~~~~~~~~~~~~^^^^^^^^
[default_server_endpoint-1] json.decoder.JSONDecodeError: Expecting ',' delimiter: line 1 column 57 (char 56)
[default_server_endpoint-1] [INFO] [1785087329.809893358] [unity_endpoint]: Connection from 127.0.0.1
[default_server_endpoint-1] [INFO] [1785087329.811319725] [unity_endpoint]: Disconnected from 127.0.0.1
[default_server_endpoint-1] Exception in thread Thread-50:
[default_server_endpoint-1] Traceback (most recent call last):
[default_server_endpoint-1]   File "/usr/lib/python3.14/threading.py", line 1082, in _bootstrap_inner
[default_server_endpoint-1]     self._context.run(self.run)
[default_server_endpoint-1]     ~~~~~~~~~~~~~~~~~^^^^^^^^^^
[default_server_endpoint-1]   File "/home/yukichi6105/ros2_ws/build/ros_tcp_endpoint/ros_tcp_endpoint/client.py", line 213, in run
[default_server_endpoint-1]     self.tcp_server.handle_syscommand(destination, data)
[default_server_endpoint-1]     ~~~~~~~~~~~~~~~~~~~~~~~~~~~~~~~~~^^^^^^^^^^^^^^^^^^^
[default_server_endpoint-1]   File "/home/yukichi6105/ros2_ws/build/ros_tcp_endpoint/ros_tcp_endpoint/server.py", line 126, in handle_syscommand
[default_server_endpoint-1]     params = json.loads(message_json)
[default_server_endpoint-1]   File "/usr/lib/python3.14/json/__init__.py", line 352, in loads
[default_server_endpoint-1]     return _default_decoder.decode(s)
[default_server_endpoint-1]            ~~~~~~~~~~~~~~~~~~~~~~~^^^
[default_server_endpoint-1]   File "/usr/lib/python3.14/json/decoder.py", line 345, in decode
[default_server_endpoint-1]     obj, end = self.raw_decode(s, idx=_w(s, 0).end())
[default_server_endpoint-1]                ~~~~~~~~~~~~~~~^^^^^^^^^^^^^^^^^^^^^^^
[default_server_endpoint-1]   File "/usr/lib/python3.14/json/decoder.py", line 361, in raw_decode
[default_server_endpoint-1]     obj, end = self.scan_once(s, idx)
[default_server_endpoint-1]                ~~~~~~~~~~~~~~^^^^^^^^
[default_server_endpoint-1] json.decoder.JSONDecodeError: Expecting ',' delimiter: line 1 column 57 (char 56)
[default_server_endpoint-1] [INFO] [1785087330.828368295] [unity_endpoint]: Connection from 127.0.0.1
[default_server_endpoint-1] [INFO] [1785087330.829400493] [unity_endpoint]: Disconnected from 127.0.0.1
[default_server_endpoint-1] Exception in thread Thread-52:
[default_server_endpoint-1] Traceback (most recent call last):
[default_server_endpoint-1]   File "/usr/lib/python3.14/threading.py", line 1082, in _bootstrap_inner
[default_server_endpoint-1]     self._context.run(self.run)
[default_server_endpoint-1]     ~~~~~~~~~~~~~~~~~^^^^^^^^^^
[default_server_endpoint-1]   File "/home/yukichi6105/ros2_ws/build/ros_tcp_endpoint/ros_tcp_endpoint/client.py", line 213, in run
[default_server_endpoint-1]     self.tcp_server.handle_syscommand(destination, data)
[default_server_endpoint-1]     ~~~~~~~~~~~~~~~~~~~~~~~~~~~~~~~~~^^^^^^^^^^^^^^^^^^^
[default_server_endpoint-1]   File "/home/yukichi6105/ros2_ws/build/ros_tcp_endpoint/ros_tcp_endpoint/server.py", line 126, in handle_syscommand
[default_server_endpoint-1]     params = json.loads(message_json)
[default_server_endpoint-1]   File "/usr/lib/python3.14/json/__init__.py", line 352, in loads
[default_server_endpoint-1]     return _default_decoder.decode(s)
[default_server_endpoint-1]            ~~~~~~~~~~~~~~~~~~~~~~~^^^
[default_server_endpoint-1]   File "/usr/lib/python3.14/json/decoder.py", line 345, in decode
[default_server_endpoint-1]     obj, end = self.raw_decode(s, idx=_w(s, 0).end())
[default_server_endpoint-1]                ~~~~~~~~~~~~~~~^^^^^^^^^^^^^^^^^^^^^^^
[default_server_endpoint-1]   File "/usr/lib/python3.14/json/decoder.py", line 361, in raw_decode
[default_server_endpoint-1]     obj, end = self.scan_once(s, idx)
[default_server_endpoint-1]                ~~~~~~~~~~~~~~^^^^^^^^
[default_server_endpoint-1] json.decoder.JSONDecodeError: Expecting ',' delimiter: line 1 column 57 (char 56)
[default_server_endpoint-1] [INFO] [1785087331.842923122] [unity_endpoint]: Connection from 127.0.0.1
[default_server_endpoint-1] [INFO] [1785087331.844455693] [unity_endpoint]: Disconnected from 127.0.0.1
[default_server_endpoint-1] Exception in thread Thread-54:
[default_server_endpoint-1] Traceback (most recent call last):
[default_server_endpoint-1]   File "/usr/lib/python3.14/threading.py", line 1082, in _bootstrap_inner
[default_server_endpoint-1]     self._context.run(self.run)
[default_server_endpoint-1]     ~~~~~~~~~~~~~~~~~^^^^^^^^^^
[default_server_endpoint-1]   File "/home/yukichi6105/ros2_ws/build/ros_tcp_endpoint/ros_tcp_endpoint/client.py", line 213, in run
[default_server_endpoint-1]     self.tcp_server.handle_syscommand(destination, data)
[default_server_endpoint-1]     ~~~~~~~~~~~~~~~~~~~~~~~~~~~~~~~~~^^^^^^^^^^^^^^^^^^^
[default_server_endpoint-1]   File "/home/yukichi6105/ros2_ws/build/ros_tcp_endpoint/ros_tcp_endpoint/server.py", line 126, in handle_syscommand
[default_server_endpoint-1]     params = json.loads(message_json)
[default_server_endpoint-1]   File "/usr/lib/python3.14/json/__init__.py", line 352, in loads
[default_server_endpoint-1]     return _default_decoder.decode(s)
[default_server_endpoint-1]            ~~~~~~~~~~~~~~~~~~~~~~~^^^
[default_server_endpoint-1]   File "/usr/lib/python3.14/json/decoder.py", line 345, in decode
[default_server_endpoint-1]     obj, end = self.raw_decode(s, idx=_w(s, 0).end())
[default_server_endpoint-1]                ~~~~~~~~~~~~~~~^^^^^^^^^^^^^^^^^^^^^^^
[default_server_endpoint-1]   File "/usr/lib/python3.14/json/decoder.py", line 361, in raw_decode
[default_server_endpoint-1]     obj, end = self.scan_once(s, idx)
[default_server_endpoint-1]                ~~~~~~~~~~~~~~^^^^^^^^
[default_server_endpoint-1] json.decoder.JSONDecodeError: Expecting ',' delimiter: line 1 column 57 (char 56)
[default_server_endpoint-1] [INFO] [1785087332.850265979] [unity_endpoint]: Connection from 127.0.0.1
[default_server_endpoint-1] [INFO] [1785087332.851357705] [unity_endpoint]: Disconnected from 127.0.0.1
[default_server_endpoint-1] Exception in thread Thread-56:
[default_server_endpoint-1] Traceback (most recent call last):
[default_server_endpoint-1]   File "/usr/lib/python3.14/threading.py", line 1082, in _bootstrap_inner
[default_server_endpoint-1]     self._context.run(self.run)
[default_server_endpoint-1]     ~~~~~~~~~~~~~~~~~^^^^^^^^^^
[default_server_endpoint-1]   File "/home/yukichi6105/ros2_ws/build/ros_tcp_endpoint/ros_tcp_endpoint/client.py", line 213, in run
[default_server_endpoint-1]     self.tcp_server.handle_syscommand(destination, data)
[default_server_endpoint-1]     ~~~~~~~~~~~~~~~~~~~~~~~~~~~~~~~~~^^^^^^^^^^^^^^^^^^^
[default_server_endpoint-1]   File "/home/yukichi6105/ros2_ws/build/ros_tcp_endpoint/ros_tcp_endpoint/server.py", line 126, in handle_syscommand
[default_server_endpoint-1]     params = json.loads(message_json)
[default_server_endpoint-1]   File "/usr/lib/python3.14/json/__init__.py", line 352, in loads
[default_server_endpoint-1]     return _default_decoder.decode(s)
[default_server_endpoint-1]            ~~~~~~~~~~~~~~~~~~~~~~~^^^
[default_server_endpoint-1]   File "/usr/lib/python3.14/json/decoder.py", line 345, in decode
[default_server_endpoint-1]     obj, end = self.raw_decode(s, idx=_w(s, 0).end())
[default_server_endpoint-1]                ~~~~~~~~~~~~~~~^^^^^^^^^^^^^^^^^^^^^^^
[default_server_endpoint-1]   File "/usr/lib/python3.14/json/decoder.py", line 361, in raw_decode
[default_server_endpoint-1]     obj, end = self.scan_once(s, idx)
[default_server_endpoint-1]                ~~~~~~~~~~~~~~^^^^^^^^
[default_server_endpoint-1] json.decoder.JSONDecodeError: Expecting ',' delimiter: line 1 column 57 (char 56)
[default_server_endpoint-1] [INFO] [1785087333.865541184] [unity_endpoint]: Connection from 127.0.0.1
[default_server_endpoint-1] [INFO] [1785087333.866809530] [unity_endpoint]: Disconnected from 127.0.0.1
[default_server_endpoint-1] Exception in thread Thread-58:
[default_server_endpoint-1] Traceback (most recent call last):
[default_server_endpoint-1]   File "/usr/lib/python3.14/threading.py", line 1082, in _bootstrap_inner
[default_server_endpoint-1]     self._context.run(self.run)
[default_server_endpoint-1]     ~~~~~~~~~~~~~~~~~^^^^^^^^^^
[default_server_endpoint-1]   File "/home/yukichi6105/ros2_ws/build/ros_tcp_endpoint/ros_tcp_endpoint/client.py", line 213, in run
[default_server_endpoint-1]     self.tcp_server.handle_syscommand(destination, data)
[default_server_endpoint-1]     ~~~~~~~~~~~~~~~~~~~~~~~~~~~~~~~~~^^^^^^^^^^^^^^^^^^^
[default_server_endpoint-1]   File "/home/yukichi6105/ros2_ws/build/ros_tcp_endpoint/ros_tcp_endpoint/server.py", line 126, in handle_syscommand
[default_server_endpoint-1]     params = json.loads(message_json)
[default_server_endpoint-1]   File "/usr/lib/python3.14/json/__init__.py", line 352, in loads
[default_server_endpoint-1]     return _default_decoder.decode(s)
[default_server_endpoint-1]            ~~~~~~~~~~~~~~~~~~~~~~~^^^
[default_server_endpoint-1]   File "/usr/lib/python3.14/json/decoder.py", line 345, in decode
[default_server_endpoint-1]     obj, end = self.raw_decode(s, idx=_w(s, 0).end())
[default_server_endpoint-1]                ~~~~~~~~~~~~~~~^^^^^^^^^^^^^^^^^^^^^^^
[default_server_endpoint-1]   File "/usr/lib/python3.14/json/decoder.py", line 361, in raw_decode
[default_server_endpoint-1]     obj, end = self.scan_once(s, idx)
[default_server_endpoint-1]                ~~~~~~~~~~~~~~^^^^^^^^
[default_server_endpoint-1] json.decoder.JSONDecodeError: Expecting ',' delimiter: line 1 column 57 (char 56)
[default_server_endpoint-1] [INFO] [1785087334.884332782] [unity_endpoint]: Connection from 127.0.0.1
[default_server_endpoint-1] [INFO] [1785087334.885626089] [unity_endpoint]: Disconnected from 127.0.0.1
[default_server_endpoint-1] Exception in thread Thread-60:
[default_server_endpoint-1] Traceback (most recent call last):
[default_server_endpoint-1]   File "/usr/lib/python3.14/threading.py", line 1082, in _bootstrap_inner
[default_server_endpoint-1]     self._context.run(self.run)
[default_server_endpoint-1]     ~~~~~~~~~~~~~~~~~^^^^^^^^^^
[default_server_endpoint-1]   File "/home/yukichi6105/ros2_ws/build/ros_tcp_endpoint/ros_tcp_endpoint/client.py", line 213, in run
[default_server_endpoint-1]     self.tcp_server.handle_syscommand(destination, data)
[default_server_endpoint-1]     ~~~~~~~~~~~~~~~~~~~~~~~~~~~~~~~~~^^^^^^^^^^^^^^^^^^^
[default_server_endpoint-1]   File "/home/yukichi6105/ros2_ws/build/ros_tcp_endpoint/ros_tcp_endpoint/server.py", line 126, in handle_syscommand
[default_server_endpoint-1]     params = json.loads(message_json)
[default_server_endpoint-1]   File "/usr/lib/python3.14/json/__init__.py", line 352, in loads
[default_server_endpoint-1]     return _default_decoder.decode(s)
[default_server_endpoint-1]            ~~~~~~~~~~~~~~~~~~~~~~~^^^
[default_server_endpoint-1]   File "/usr/lib/python3.14/json/decoder.py", line 345, in decode
[default_server_endpoint-1]     obj, end = self.raw_decode(s, idx=_w(s, 0).end())
[default_server_endpoint-1]                ~~~~~~~~~~~~~~~^^^^^^^^^^^^^^^^^^^^^^^
[default_server_endpoint-1]   File "/usr/lib/python3.14/json/decoder.py", line 361, in raw_decode
[default_server_endpoint-1]     obj, end = self.scan_once(s, idx)
[default_server_endpoint-1]                ~~~~~~~~~~~~~~^^^^^^^^
[default_server_endpoint-1] json.decoder.JSONDecodeError: Expecting ',' delimiter: line 1 column 57 (char 56)
[default_server_endpoint-1] [INFO] [1785087335.898693301] [unity_endpoint]: Connection from 127.0.0.1
[default_server_endpoint-1] [INFO] [1785087335.899701016] [unity_endpoint]: Disconnected from 127.0.0.1
[default_server_endpoint-1] Exception in thread Thread-62:
[default_server_endpoint-1] Traceback (most recent call last):
[default_server_endpoint-1]   File "/usr/lib/python3.14/threading.py", line 1082, in _bootstrap_inner
[default_server_endpoint-1]     self._context.run(self.run)
[default_server_endpoint-1]     ~~~~~~~~~~~~~~~~~^^^^^^^^^^
[default_server_endpoint-1]   File "/home/yukichi6105/ros2_ws/build/ros_tcp_endpoint/ros_tcp_endpoint/client.py", line 213, in run
[default_server_endpoint-1]     self.tcp_server.handle_syscommand(destination, data)
[default_server_endpoint-1]     ~~~~~~~~~~~~~~~~~~~~~~~~~~~~~~~~~^^^^^^^^^^^^^^^^^^^
[default_server_endpoint-1]   File "/home/yukichi6105/ros2_ws/build/ros_tcp_endpoint/ros_tcp_endpoint/server.py", line 126, in handle_syscommand
[default_server_endpoint-1]     params = json.loads(message_json)
[default_server_endpoint-1]   File "/usr/lib/python3.14/json/__init__.py", line 352, in loads
[default_server_endpoint-1]     return _default_decoder.decode(s)
[default_server_endpoint-1]            ~~~~~~~~~~~~~~~~~~~~~~~^^^
[default_server_endpoint-1]   File "/usr/lib/python3.14/json/decoder.py", line 345, in decode
[default_server_endpoint-1]     obj, end = self.raw_decode(s, idx=_w(s, 0).end())
[default_server_endpoint-1]                ~~~~~~~~~~~~~~~^^^^^^^^^^^^^^^^^^^^^^^
[default_server_endpoint-1]   File "/usr/lib/python3.14/json/decoder.py", line 361, in raw_decode
[default_server_endpoint-1]     obj, end = self.scan_once(s, idx)
[default_server_endpoint-1]                ~~~~~~~~~~~~~~^^^^^^^^
[default_server_endpoint-1] json.decoder.JSONDecodeError: Expecting ',' delimiter: line 1 column 57 (char 56)
[default_server_endpoint-1] [INFO] [1785087336.926096894] [unity_endpoint]: Connection from 127.0.0.1
[default_server_endpoint-1] [INFO] [1785087336.927555860] [unity_endpoint]: Disconnected from 127.0.0.1
[default_server_endpoint-1] Exception in thread Thread-64:
[default_server_endpoint-1] Traceback (most recent call last):
[default_server_endpoint-1]   File "/usr/lib/python3.14/threading.py", line 1082, in _bootstrap_inner
[default_server_endpoint-1]     self._context.run(self.run)
[default_server_endpoint-1]     ~~~~~~~~~~~~~~~~~^^^^^^^^^^
[default_server_endpoint-1]   File "/home/yukichi6105/ros2_ws/build/ros_tcp_endpoint/ros_tcp_endpoint/client.py", line 213, in run
[default_server_endpoint-1]     self.tcp_server.handle_syscommand(destination, data)
[default_server_endpoint-1]     ~~~~~~~~~~~~~~~~~~~~~~~~~~~~~~~~~^^^^^^^^^^^^^^^^^^^
[default_server_endpoint-1]   File "/home/yukichi6105/ros2_ws/build/ros_tcp_endpoint/ros_tcp_endpoint/server.py", line 126, in handle_syscommand
[default_server_endpoint-1]     params = json.loads(message_json)
[default_server_endpoint-1]   File "/usr/lib/python3.14/json/__init__.py", line 352, in loads
[default_server_endpoint-1]     return _default_decoder.decode(s)
[default_server_endpoint-1]            ~~~~~~~~~~~~~~~~~~~~~~~^^^
[default_server_endpoint-1]   File "/usr/lib/python3.14/json/decoder.py", line 345, in decode
[default_server_endpoint-1]     obj, end = self.raw_decode(s, idx=_w(s, 0).end())
[default_server_endpoint-1]                ~~~~~~~~~~~~~~~^^^^^^^^^^^^^^^^^^^^^^^
[default_server_endpoint-1]   File "/usr/lib/python3.14/json/decoder.py", line 361, in raw_decode
[default_server_endpoint-1]     obj, end = self.scan_once(s, idx)
[default_server_endpoint-1]                ~~~~~~~~~~~~~~^^^^^^^^
[default_server_endpoint-1] json.decoder.JSONDecodeError: Expecting ',' delimiter: line 1 column 57 (char 56)
[default_server_endpoint-1] [INFO] [1785087337.933195544] [unity_endpoint]: Connection from 127.0.0.1
[default_server_endpoint-1] [INFO] [1785087337.934527711] [unity_endpoint]: Disconnected from 127.0.0.1
[default_server_endpoint-1] Exception in thread Thread-66:
[default_server_endpoint-1] Traceback (most recent call last):
[default_server_endpoint-1]   File "/usr/lib/python3.14/threading.py", line 1082, in _bootstrap_inner
[default_server_endpoint-1]     self._context.run(self.run)
[default_server_endpoint-1]     ~~~~~~~~~~~~~~~~~^^^^^^^^^^
[default_server_endpoint-1]   File "/home/yukichi6105/ros2_ws/build/ros_tcp_endpoint/ros_tcp_endpoint/client.py", line 213, in run
[default_server_endpoint-1]     self.tcp_server.handle_syscommand(destination, data)
[default_server_endpoint-1]     ~~~~~~~~~~~~~~~~~~~~~~~~~~~~~~~~~^^^^^^^^^^^^^^^^^^^
[default_server_endpoint-1]   File "/home/yukichi6105/ros2_ws/build/ros_tcp_endpoint/ros_tcp_endpoint/server.py", line 126, in handle_syscommand
[default_server_endpoint-1]     params = json.loads(message_json)
[default_server_endpoint-1]   File "/usr/lib/python3.14/json/__init__.py", line 352, in loads
[default_server_endpoint-1]     return _default_decoder.decode(s)
[default_server_endpoint-1]            ~~~~~~~~~~~~~~~~~~~~~~~^^^
[default_server_endpoint-1]   File "/usr/lib/python3.14/json/decoder.py", line 345, in decode
[default_server_endpoint-1]     obj, end = self.raw_decode(s, idx=_w(s, 0).end())
[default_server_endpoint-1]                ~~~~~~~~~~~~~~~^^^^^^^^^^^^^^^^^^^^^^^
[default_server_endpoint-1]   File "/usr/lib/python3.14/json/decoder.py", line 361, in raw_decode
[default_server_endpoint-1]     obj, end = self.scan_once(s, idx)
[default_server_endpoint-1]                ~~~~~~~~~~~~~~^^^^^^^^
[default_server_endpoint-1] json.decoder.JSONDecodeError: Expecting ',' delimiter: line 1 column 57 (char 56)
[default_server_endpoint-1] [INFO] [1785087338.949628564] [unity_endpoint]: Connection from 127.0.0.1
[default_server_endpoint-1] [INFO] [1785087338.950883953] [unity_endpoint]: Disconnected from 127.0.0.1
[default_server_endpoint-1] Exception in thread Thread-68:
[default_server_endpoint-1] Traceback (most recent call last):
[default_server_endpoint-1]   File "/usr/lib/python3.14/threading.py", line 1082, in _bootstrap_inner
[default_server_endpoint-1]     self._context.run(self.run)
[default_server_endpoint-1]     ~~~~~~~~~~~~~~~~~^^^^^^^^^^
[default_server_endpoint-1]   File "/home/yukichi6105/ros2_ws/build/ros_tcp_endpoint/ros_tcp_endpoint/client.py", line 213, in run
[default_server_endpoint-1]     self.tcp_server.handle_syscommand(destination, data)
[default_server_endpoint-1]     ~~~~~~~~~~~~~~~~~~~~~~~~~~~~~~~~~^^^^^^^^^^^^^^^^^^^
[default_server_endpoint-1]   File "/home/yukichi6105/ros2_ws/build/ros_tcp_endpoint/ros_tcp_endpoint/server.py", line 126, in handle_syscommand
[default_server_endpoint-1]     params = json.loads(message_json)
[default_server_endpoint-1]   File "/usr/lib/python3.14/json/__init__.py", line 352, in loads
[default_server_endpoint-1]     return _default_decoder.decode(s)
[default_server_endpoint-1]            ~~~~~~~~~~~~~~~~~~~~~~~^^^
[default_server_endpoint-1]   File "/usr/lib/python3.14/json/decoder.py", line 345, in decode
[default_server_endpoint-1]     obj, end = self.raw_decode(s, idx=_w(s, 0).end())
[default_server_endpoint-1]                ~~~~~~~~~~~~~~~^^^^^^^^^^^^^^^^^^^^^^^
[default_server_endpoint-1]   File "/usr/lib/python3.14/json/decoder.py", line 361, in raw_decode
[default_server_endpoint-1]     obj, end = self.scan_once(s, idx)
[default_server_endpoint-1]                ~~~~~~~~~~~~~~^^^^^^^^
[default_server_endpoint-1] json.decoder.JSONDecodeError: Expecting ',' delimiter: line 1 column 57 (char 56)
[default_server_endpoint-1] [INFO] [1785087339.966268198] [unity_endpoint]: Connection from 127.0.0.1
[default_server_endpoint-1] [INFO] [1785087339.967468517] [unity_endpoint]: Disconnected from 127.0.0.1
[default_server_endpoint-1] Exception in thread Thread-70:
[default_server_endpoint-1] Traceback (most recent call last):
[default_server_endpoint-1]   File "/usr/lib/python3.14/threading.py", line 1082, in _bootstrap_inner
[default_server_endpoint-1]     self._context.run(self.run)
[default_server_endpoint-1]     ~~~~~~~~~~~~~~~~~^^^^^^^^^^
[default_server_endpoint-1]   File "/home/yukichi6105/ros2_ws/build/ros_tcp_endpoint/ros_tcp_endpoint/client.py", line 213, in run
[default_server_endpoint-1]     self.tcp_server.handle_syscommand(destination, data)
[default_server_endpoint-1]     ~~~~~~~~~~~~~~~~~~~~~~~~~~~~~~~~~^^^^^^^^^^^^^^^^^^^
[default_server_endpoint-1]   File "/home/yukichi6105/ros2_ws/build/ros_tcp_endpoint/ros_tcp_endpoint/server.py", line 126, in handle_syscommand
[default_server_endpoint-1]     params = json.loads(message_json)
[default_server_endpoint-1]   File "/usr/lib/python3.14/json/__init__.py", line 352, in loads
[default_server_endpoint-1]     return _default_decoder.decode(s)
[default_server_endpoint-1]            ~~~~~~~~~~~~~~~~~~~~~~~^^^
[default_server_endpoint-1]   File "/usr/lib/python3.14/json/decoder.py", line 345, in decode
[default_server_endpoint-1]     obj, end = self.raw_decode(s, idx=_w(s, 0).end())
[default_server_endpoint-1]                ~~~~~~~~~~~~~~~^^^^^^^^^^^^^^^^^^^^^^^
[default_server_endpoint-1]   File "/usr/lib/python3.14/json/decoder.py", line 361, in raw_decode
[default_server_endpoint-1]     obj, end = self.scan_once(s, idx)
[default_server_endpoint-1]                ~~~~~~~~~~~~~~^^^^^^^^
[default_server_endpoint-1] json.decoder.JSONDecodeError: Expecting ',' delimiter: line 1 column 57 (char 56)
[default_server_endpoint-1] [INFO] [1785087340.983025274] [unity_endpoint]: Connection from 127.0.0.1
[default_server_endpoint-1] [INFO] [1785087340.984161878] [unity_endpoint]: Disconnected from 127.0.0.1
[default_server_endpoint-1] Exception in thread Thread-72:
[default_server_endpoint-1] Traceback (most recent call last):
[default_server_endpoint-1]   File "/usr/lib/python3.14/threading.py", line 1082, in _bootstrap_inner
[default_server_endpoint-1]     self._context.run(self.run)
[default_server_endpoint-1]     ~~~~~~~~~~~~~~~~~^^^^^^^^^^
[default_server_endpoint-1]   File "/home/yukichi6105/ros2_ws/build/ros_tcp_endpoint/ros_tcp_endpoint/client.py", line 213, in run
[default_server_endpoint-1]     self.tcp_server.handle_syscommand(destination, data)
[default_server_endpoint-1]     ~~~~~~~~~~~~~~~~~~~~~~~~~~~~~~~~~^^^^^^^^^^^^^^^^^^^
[default_server_endpoint-1]   File "/home/yukichi6105/ros2_ws/build/ros_tcp_endpoint/ros_tcp_endpoint/server.py", line 126, in handle_syscommand
[default_server_endpoint-1]     params = json.loads(message_json)
[default_server_endpoint-1]   File "/usr/lib/python3.14/json/__init__.py", line 352, in loads
[default_server_endpoint-1]     return _default_decoder.decode(s)
[default_server_endpoint-1]            ~~~~~~~~~~~~~~~~~~~~~~~^^^
[default_server_endpoint-1]   File "/usr/lib/python3.14/json/decoder.py", line 345, in decode
[default_server_endpoint-1]     obj, end = self.raw_decode(s, idx=_w(s, 0).end())
[default_server_endpoint-1]                ~~~~~~~~~~~~~~~^^^^^^^^^^^^^^^^^^^^^^^
[default_server_endpoint-1]   File "/usr/lib/python3.14/json/decoder.py", line 361, in raw_decode
[default_server_endpoint-1]     obj, end = self.scan_once(s, idx)
[default_server_endpoint-1]                ~~~~~~~~~~~~~~^^^^^^^^
[default_server_endpoint-1] json.decoder.JSONDecodeError: Expecting ',' delimiter: line 1 column 57 (char 56)
[default_server_endpoint-1] [INFO] [1785087341.994665178] [unity_endpoint]: Connection from 127.0.0.1
[default_server_endpoint-1] [INFO] [1785087341.995871601] [unity_endpoint]: Disconnected from 127.0.0.1
[default_server_endpoint-1] Exception in thread Thread-74:
[default_server_endpoint-1] Traceback (most recent call last):
[default_server_endpoint-1]   File "/usr/lib/python3.14/threading.py", line 1082, in _bootstrap_inner
[default_server_endpoint-1]     self._context.run(self.run)
[default_server_endpoint-1]     ~~~~~~~~~~~~~~~~~^^^^^^^^^^
[default_server_endpoint-1]   File "/home/yukichi6105/ros2_ws/build/ros_tcp_endpoint/ros_tcp_endpoint/client.py", line 213, in run
[default_server_endpoint-1]     self.tcp_server.handle_syscommand(destination, data)
[default_server_endpoint-1]     ~~~~~~~~~~~~~~~~~~~~~~~~~~~~~~~~~^^^^^^^^^^^^^^^^^^^
[default_server_endpoint-1]   File "/home/yukichi6105/ros2_ws/build/ros_tcp_endpoint/ros_tcp_endpoint/server.py", line 126, in handle_syscommand
[default_server_endpoint-1]     params = json.loads(message_json)
[default_server_endpoint-1]   File "/usr/lib/python3.14/json/__init__.py", line 352, in loads
[default_server_endpoint-1]     return _default_decoder.decode(s)
[default_server_endpoint-1]            ~~~~~~~~~~~~~~~~~~~~~~~^^^
[default_server_endpoint-1]   File "/usr/lib/python3.14/json/decoder.py", line 345, in decode
[default_server_endpoint-1]     obj, end = self.raw_decode(s, idx=_w(s, 0).end())
[default_server_endpoint-1]                ~~~~~~~~~~~~~~~^^^^^^^^^^^^^^^^^^^^^^^
[default_server_endpoint-1]   File "/usr/lib/python3.14/json/decoder.py", line 361, in raw_decode
[default_server_endpoint-1]     obj, end = self.scan_once(s, idx)
[default_server_endpoint-1]                ~~~~~~~~~~~~~~^^^^^^^^
[default_server_endpoint-1] json.decoder.JSONDecodeError: Expecting ',' delimiter: line 1 column 57 (char 56)
[default_server_endpoint-1] [INFO] [1785087343.003762957] [unity_endpoint]: Connection from 127.0.0.1
[default_server_endpoint-1] [INFO] [1785087343.004974062] [unity_endpoint]: Disconnected from 127.0.0.1
[default_server_endpoint-1] Exception in thread Thread-76:
[default_server_endpoint-1] Traceback (most recent call last):
[default_server_endpoint-1]   File "/usr/lib/python3.14/threading.py", line 1082, in _bootstrap_inner
[default_server_endpoint-1]     self._context.run(self.run)
[default_server_endpoint-1]     ~~~~~~~~~~~~~~~~~^^^^^^^^^^
[default_server_endpoint-1]   File "/home/yukichi6105/ros2_ws/build/ros_tcp_endpoint/ros_tcp_endpoint/client.py", line 213, in run
[default_server_endpoint-1]     self.tcp_server.handle_syscommand(destination, data)
[default_server_endpoint-1]     ~~~~~~~~~~~~~~~~~~~~~~~~~~~~~~~~~^^^^^^^^^^^^^^^^^^^
[default_server_endpoint-1]   File "/home/yukichi6105/ros2_ws/build/ros_tcp_endpoint/ros_tcp_endpoint/server.py", line 126, in handle_syscommand
[default_server_endpoint-1]     params = json.loads(message_json)
[default_server_endpoint-1]   File "/usr/lib/python3.14/json/__init__.py", line 352, in loads
[default_server_endpoint-1]     return _default_decoder.decode(s)
[default_server_endpoint-1]            ~~~~~~~~~~~~~~~~~~~~~~~^^^
[default_server_endpoint-1]   File "/usr/lib/python3.14/json/decoder.py", line 345, in decode
[default_server_endpoint-1]     obj, end = self.raw_decode(s, idx=_w(s, 0).end())
[default_server_endpoint-1]                ~~~~~~~~~~~~~~~^^^^^^^^^^^^^^^^^^^^^^^
[default_server_endpoint-1]   File "/usr/lib/python3.14/json/decoder.py", line 361, in raw_decode
[default_server_endpoint-1]     obj, end = self.scan_once(s, idx)
[default_server_endpoint-1]                ~~~~~~~~~~~~~~^^^^^^^^
[default_server_endpoint-1] json.decoder.JSONDecodeError: Expecting ',' delimiter: line 1 column 57 (char 56)
[default_server_endpoint-1] [INFO] [1785087344.018179038] [unity_endpoint]: Connection from 127.0.0.1
[default_server_endpoint-1] [INFO] [1785087344.019371210] [unity_endpoint]: Disconnected from 127.0.0.1
[default_server_endpoint-1] Exception in thread Thread-78:
[default_server_endpoint-1] Traceback (most recent call last):
[default_server_endpoint-1]   File "/usr/lib/python3.14/threading.py", line 1082, in _bootstrap_inner
[default_server_endpoint-1]     self._context.run(self.run)
[default_server_endpoint-1]     ~~~~~~~~~~~~~~~~~^^^^^^^^^^
[default_server_endpoint-1]   File "/home/yukichi6105/ros2_ws/build/ros_tcp_endpoint/ros_tcp_endpoint/client.py", line 213, in run
[default_server_endpoint-1]     self.tcp_server.handle_syscommand(destination, data)
[default_server_endpoint-1]     ~~~~~~~~~~~~~~~~~~~~~~~~~~~~~~~~~^^^^^^^^^^^^^^^^^^^
[default_server_endpoint-1]   File "/home/yukichi6105/ros2_ws/build/ros_tcp_endpoint/ros_tcp_endpoint/server.py", line 126, in handle_syscommand
[default_server_endpoint-1]     params = json.loads(message_json)
[default_server_endpoint-1]   File "/usr/lib/python3.14/json/__init__.py", line 352, in loads
[default_server_endpoint-1]     return _default_decoder.decode(s)
[default_server_endpoint-1]            ~~~~~~~~~~~~~~~~~~~~~~~^^^
[default_server_endpoint-1]   File "/usr/lib/python3.14/json/decoder.py", line 345, in decode
[default_server_endpoint-1]     obj, end = self.raw_decode(s, idx=_w(s, 0).end())
[default_server_endpoint-1]                ~~~~~~~~~~~~~~~^^^^^^^^^^^^^^^^^^^^^^^
[default_server_endpoint-1]   File "/usr/lib/python3.14/json/decoder.py", line 361, in raw_decode
[default_server_endpoint-1]     obj, end = self.scan_once(s, idx)
[default_server_endpoint-1]                ~~~~~~~~~~~~~~^^^^^^^^
[default_server_endpoint-1] json.decoder.JSONDecodeError: Expecting ',' delimiter: line 1 column 57 (char 56)
[default_server_endpoint-1] [INFO] [1785087345.030495610] [unity_endpoint]: Connection from 127.0.0.1
[default_server_endpoint-1] [INFO] [1785087345.031499224] [unity_endpoint]: Disconnected from 127.0.0.1
[default_server_endpoint-1] Exception in thread Thread-80:
[default_server_endpoint-1] Traceback (most recent call last):
[default_server_endpoint-1]   File "/usr/lib/python3.14/threading.py", line 1082, in _bootstrap_inner
[default_server_endpoint-1]     self._context.run(self.run)
[default_server_endpoint-1]     ~~~~~~~~~~~~~~~~~^^^^^^^^^^
[default_server_endpoint-1]   File "/home/yukichi6105/ros2_ws/build/ros_tcp_endpoint/ros_tcp_endpoint/client.py", line 213, in run
[default_server_endpoint-1]     self.tcp_server.handle_syscommand(destination, data)
[default_server_endpoint-1]     ~~~~~~~~~~~~~~~~~~~~~~~~~~~~~~~~~^^^^^^^^^^^^^^^^^^^
[default_server_endpoint-1]   File "/home/yukichi6105/ros2_ws/build/ros_tcp_endpoint/ros_tcp_endpoint/server.py", line 126, in handle_syscommand
[default_server_endpoint-1]     params = json.loads(message_json)
[default_server_endpoint-1]   File "/usr/lib/python3.14/json/__init__.py", line 352, in loads
[default_server_endpoint-1]     return _default_decoder.decode(s)
[default_server_endpoint-1]            ~~~~~~~~~~~~~~~~~~~~~~~^^^
[default_server_endpoint-1]   File "/usr/lib/python3.14/json/decoder.py", line 345, in decode
[default_server_endpoint-1]     obj, end = self.raw_decode(s, idx=_w(s, 0).end())
[default_server_endpoint-1]                ~~~~~~~~~~~~~~~^^^^^^^^^^^^^^^^^^^^^^^
[default_server_endpoint-1]   File "/usr/lib/python3.14/json/decoder.py", line 361, in raw_decode
[default_server_endpoint-1]     obj, end = self.scan_once(s, idx)
[default_server_endpoint-1]                ~~~~~~~~~~~~~~^^^^^^^^
[default_server_endpoint-1] json.decoder.JSONDecodeError: Expecting ',' delimiter: line 1 column 57 (char 56)
[default_server_endpoint-1] [INFO] [1785087346.046871393] [unity_endpoint]: Connection from 127.0.0.1
[default_server_endpoint-1] [INFO] [1785087346.047887556] [unity_endpoint]: Disconnected from 127.0.0.1
[default_server_endpoint-1] Exception in thread Thread-82:
[default_server_endpoint-1] Traceback (most recent call last):
[default_server_endpoint-1]   File "/usr/lib/python3.14/threading.py", line 1082, in _bootstrap_inner
[default_server_endpoint-1]     self._context.run(self.run)
[default_server_endpoint-1]     ~~~~~~~~~~~~~~~~~^^^^^^^^^^
[default_server_endpoint-1]   File "/home/yukichi6105/ros2_ws/build/ros_tcp_endpoint/ros_tcp_endpoint/client.py", line 213, in run
[default_server_endpoint-1]     self.tcp_server.handle_syscommand(destination, data)
[default_server_endpoint-1]     ~~~~~~~~~~~~~~~~~~~~~~~~~~~~~~~~~^^^^^^^^^^^^^^^^^^^
[default_server_endpoint-1]   File "/home/yukichi6105/ros2_ws/build/ros_tcp_endpoint/ros_tcp_endpoint/server.py", line 126, in handle_syscommand
[default_server_endpoint-1]     params = json.loads(message_json)
[default_server_endpoint-1]   File "/usr/lib/python3.14/json/__init__.py", line 352, in loads
[default_server_endpoint-1]     return _default_decoder.decode(s)
[default_server_endpoint-1]            ~~~~~~~~~~~~~~~~~~~~~~~^^^
[default_server_endpoint-1]   File "/usr/lib/python3.14/json/decoder.py", line 345, in decode
[default_server_endpoint-1]     obj, end = self.raw_decode(s, idx=_w(s, 0).end())
[default_server_endpoint-1]                ~~~~~~~~~~~~~~~^^^^^^^^^^^^^^^^^^^^^^^
[default_server_endpoint-1]   File "/usr/lib/python3.14/json/decoder.py", line 361, in raw_decode
[default_server_endpoint-1]     obj, end = self.scan_once(s, idx)
[default_server_endpoint-1]                ~~~~~~~~~~~~~~^^^^^^^^
[default_server_endpoint-1] json.decoder.JSONDecodeError: Expecting ',' delimiter: line 1 column 57 (char 56)
[default_server_endpoint-1] [INFO] [1785087347.065221174] [unity_endpoint]: Connection from 127.0.0.1
[default_server_endpoint-1] [INFO] [1785087347.066238024] [unity_endpoint]: Disconnected from 127.0.0.1
[default_server_endpoint-1] Exception in thread Thread-84:
[default_server_endpoint-1] Traceback (most recent call last):
[default_server_endpoint-1]   File "/usr/lib/python3.14/threading.py", line 1082, in _bootstrap_inner
[default_server_endpoint-1]     self._context.run(self.run)
[default_server_endpoint-1]     ~~~~~~~~~~~~~~~~~^^^^^^^^^^
[default_server_endpoint-1]   File "/home/yukichi6105/ros2_ws/build/ros_tcp_endpoint/ros_tcp_endpoint/client.py", line 213, in run
[default_server_endpoint-1]     self.tcp_server.handle_syscommand(destination, data)
[default_server_endpoint-1]     ~~~~~~~~~~~~~~~~~~~~~~~~~~~~~~~~~^^^^^^^^^^^^^^^^^^^
[default_server_endpoint-1]   File "/home/yukichi6105/ros2_ws/build/ros_tcp_endpoint/ros_tcp_endpoint/server.py", line 126, in handle_syscommand
[default_server_endpoint-1]     params = json.loads(message_json)
[default_server_endpoint-1]   File "/usr/lib/python3.14/json/__init__.py", line 352, in loads
[default_server_endpoint-1]     return _default_decoder.decode(s)
[default_server_endpoint-1]            ~~~~~~~~~~~~~~~~~~~~~~~^^^
[default_server_endpoint-1]   File "/usr/lib/python3.14/json/decoder.py", line 345, in decode
[default_server_endpoint-1]     obj, end = self.raw_decode(s, idx=_w(s, 0).end())
[default_server_endpoint-1]                ~~~~~~~~~~~~~~~^^^^^^^^^^^^^^^^^^^^^^^
[default_server_endpoint-1]   File "/usr/lib/python3.14/json/decoder.py", line 361, in raw_decode
[default_server_endpoint-1]     obj, end = self.scan_once(s, idx)
[default_server_endpoint-1]                ~~~~~~~~~~~~~~^^^^^^^^
[default_server_endpoint-1] json.decoder.JSONDecodeError: Expecting ',' delimiter: line 1 column 57 (char 56)
[default_server_endpoint-1] [INFO] [1785087348.079403887] [unity_endpoint]: Connection from 127.0.0.1
[default_server_endpoint-1] [INFO] [1785087348.080486581] [unity_endpoint]: Disconnected from 127.0.0.1
[default_server_endpoint-1] Exception in thread Thread-86:
[default_server_endpoint-1] Traceback (most recent call last):
[default_server_endpoint-1]   File "/usr/lib/python3.14/threading.py", line 1082, in _bootstrap_inner
[default_server_endpoint-1]     self._context.run(self.run)
[default_server_endpoint-1]     ~~~~~~~~~~~~~~~~~^^^^^^^^^^
[default_server_endpoint-1]   File "/home/yukichi6105/ros2_ws/build/ros_tcp_endpoint/ros_tcp_endpoint/client.py", line 213, in run
[default_server_endpoint-1]     self.tcp_server.handle_syscommand(destination, data)
[default_server_endpoint-1]     ~~~~~~~~~~~~~~~~~~~~~~~~~~~~~~~~~^^^^^^^^^^^^^^^^^^^
[default_server_endpoint-1]   File "/home/yukichi6105/ros2_ws/build/ros_tcp_endpoint/ros_tcp_endpoint/server.py", line 126, in handle_syscommand
[default_server_endpoint-1]     params = json.loads(message_json)
[default_server_endpoint-1]   File "/usr/lib/python3.14/json/__init__.py", line 352, in loads
[default_server_endpoint-1]     return _default_decoder.decode(s)
[default_server_endpoint-1]            ~~~~~~~~~~~~~~~~~~~~~~~^^^
[default_server_endpoint-1]   File "/usr/lib/python3.14/json/decoder.py", line 345, in decode
[default_server_endpoint-1]     obj, end = self.raw_decode(s, idx=_w(s, 0).end())
[default_server_endpoint-1]                ~~~~~~~~~~~~~~~^^^^^^^^^^^^^^^^^^^^^^^
[default_server_endpoint-1]   File "/usr/lib/python3.14/json/decoder.py", line 361, in raw_decode
[default_server_endpoint-1]     obj, end = self.scan_once(s, idx)
[default_server_endpoint-1]                ~~~~~~~~~~~~~~^^^^^^^^
[default_server_endpoint-1] json.decoder.JSONDecodeError: Expecting ',' delimiter: line 1 column 57 (char 56)
[default_server_endpoint-1] [INFO] [1785087349.086940595] [unity_endpoint]: Connection from 127.0.0.1
[default_server_endpoint-1] [INFO] [1785087349.088190392] [unity_endpoint]: Disconnected from 127.0.0.1
[default_server_endpoint-1] Exception in thread Thread-88:
[default_server_endpoint-1] Traceback (most recent call last):
[default_server_endpoint-1]   File "/usr/lib/python3.14/threading.py", line 1082, in _bootstrap_inner
[default_server_endpoint-1]     self._context.run(self.run)
[default_server_endpoint-1]     ~~~~~~~~~~~~~~~~~^^^^^^^^^^
[default_server_endpoint-1]   File "/home/yukichi6105/ros2_ws/build/ros_tcp_endpoint/ros_tcp_endpoint/client.py", line 213, in run
[default_server_endpoint-1]     self.tcp_server.handle_syscommand(destination, data)
[default_server_endpoint-1]     ~~~~~~~~~~~~~~~~~~~~~~~~~~~~~~~~~^^^^^^^^^^^^^^^^^^^
[default_server_endpoint-1]   File "/home/yukichi6105/ros2_ws/build/ros_tcp_endpoint/ros_tcp_endpoint/server.py", line 126, in handle_syscommand
[default_server_endpoint-1]     params = json.loads(message_json)
[default_server_endpoint-1]   File "/usr/lib/python3.14/json/__init__.py", line 352, in loads
[default_server_endpoint-1]     return _default_decoder.decode(s)
[default_server_endpoint-1]            ~~~~~~~~~~~~~~~~~~~~~~~^^^
[default_server_endpoint-1]   File "/usr/lib/python3.14/json/decoder.py", line 345, in decode
[default_server_endpoint-1]     obj, end = self.raw_decode(s, idx=_w(s, 0).end())
[default_server_endpoint-1]                ~~~~~~~~~~~~~~~^^^^^^^^^^^^^^^^^^^^^^^
[default_server_endpoint-1]   File "/usr/lib/python3.14/json/decoder.py", line 361, in raw_decode
[default_server_endpoint-1]     obj, end = self.scan_once(s, idx)
[default_server_endpoint-1]                ~~~~~~~~~~~~~~^^^^^^^^
[default_server_endpoint-1] json.decoder.JSONDecodeError: Expecting ',' delimiter: line 1 column 57 (char 56)
[default_server_endpoint-1] [INFO] [1785087350.095391019] [unity_endpoint]: Connection from 127.0.0.1
[default_server_endpoint-1] [INFO] [1785087350.096454232] [unity_endpoint]: Disconnected from 127.0.0.1
[default_server_endpoint-1] Exception in thread Thread-90:
[default_server_endpoint-1] Traceback (most recent call last):
[default_server_endpoint-1]   File "/usr/lib/python3.14/threading.py", line 1082, in _bootstrap_inner
[default_server_endpoint-1]     self._context.run(self.run)
[default_server_endpoint-1]     ~~~~~~~~~~~~~~~~~^^^^^^^^^^
[default_server_endpoint-1]   File "/home/yukichi6105/ros2_ws/build/ros_tcp_endpoint/ros_tcp_endpoint/client.py", line 213, in run
[default_server_endpoint-1]     self.tcp_server.handle_syscommand(destination, data)
[default_server_endpoint-1]     ~~~~~~~~~~~~~~~~~~~~~~~~~~~~~~~~~^^^^^^^^^^^^^^^^^^^
[default_server_endpoint-1]   File "/home/yukichi6105/ros2_ws/build/ros_tcp_endpoint/ros_tcp_endpoint/server.py", line 126, in handle_syscommand
[default_server_endpoint-1]     params = json.loads(message_json)
[default_server_endpoint-1]   File "/usr/lib/python3.14/json/__init__.py", line 352, in loads
[default_server_endpoint-1]     return _default_decoder.decode(s)
[default_server_endpoint-1]            ~~~~~~~~~~~~~~~~~~~~~~~^^^
[default_server_endpoint-1]   File "/usr/lib/python3.14/json/decoder.py", line 345, in decode
[default_server_endpoint-1]     obj, end = self.raw_decode(s, idx=_w(s, 0).end())
[default_server_endpoint-1]                ~~~~~~~~~~~~~~~^^^^^^^^^^^^^^^^^^^^^^^
[default_server_endpoint-1]   File "/usr/lib/python3.14/json/decoder.py", line 361, in raw_decode
[default_server_endpoint-1]     obj, end = self.scan_once(s, idx)
[default_server_endpoint-1]                ~~~~~~~~~~~~~~^^^^^^^^
[default_server_endpoint-1] json.decoder.JSONDecodeError: Expecting ',' delimiter: line 1 column 57 (char 56)
[default_server_endpoint-1] [INFO] [1785087351.113132828] [unity_endpoint]: Connection from 127.0.0.1
[default_server_endpoint-1] [INFO] [1785087351.114092915] [unity_endpoint]: Disconnected from 127.0.0.1
[default_server_endpoint-1] Exception in thread Thread-92:
[default_server_endpoint-1] Traceback (most recent call last):
[default_server_endpoint-1]   File "/usr/lib/python3.14/threading.py", line 1082, in _bootstrap_inner
[default_server_endpoint-1]     self._context.run(self.run)
[default_server_endpoint-1]     ~~~~~~~~~~~~~~~~~^^^^^^^^^^
[default_server_endpoint-1]   File "/home/yukichi6105/ros2_ws/build/ros_tcp_endpoint/ros_tcp_endpoint/client.py", line 213, in run
[default_server_endpoint-1]     self.tcp_server.handle_syscommand(destination, data)
[default_server_endpoint-1]     ~~~~~~~~~~~~~~~~~~~~~~~~~~~~~~~~~^^^^^^^^^^^^^^^^^^^
[default_server_endpoint-1]   File "/home/yukichi6105/ros2_ws/build/ros_tcp_endpoint/ros_tcp_endpoint/server.py", line 126, in handle_syscommand
[default_server_endpoint-1]     params = json.loads(message_json)
[default_server_endpoint-1]   File "/usr/lib/python3.14/json/__init__.py", line 352, in loads
[default_server_endpoint-1]     return _default_decoder.decode(s)
[default_server_endpoint-1]            ~~~~~~~~~~~~~~~~~~~~~~~^^^
[default_server_endpoint-1]   File "/usr/lib/python3.14/json/decoder.py", line 345, in decode
[default_server_endpoint-1]     obj, end = self.raw_decode(s, idx=_w(s, 0).end())
[default_server_endpoint-1]                ~~~~~~~~~~~~~~~^^^^^^^^^^^^^^^^^^^^^^^
[default_server_endpoint-1]   File "/usr/lib/python3.14/json/decoder.py", line 361, in raw_decode
[default_server_endpoint-1]     obj, end = self.scan_once(s, idx)
[default_server_endpoint-1]                ~~~~~~~~~~~~~~^^^^^^^^
[default_server_endpoint-1] json.decoder.JSONDecodeError: Expecting ',' delimiter: line 1 column 57 (char 56)
[default_server_endpoint-1] [INFO] [1785087352.128907289] [unity_endpoint]: Connection from 127.0.0.1
[default_server_endpoint-1] [INFO] [1785087352.129946074] [unity_endpoint]: Disconnected from 127.0.0.1
[default_server_endpoint-1] Exception in thread Thread-94:
[default_server_endpoint-1] Traceback (most recent call last):
[default_server_endpoint-1]   File "/usr/lib/python3.14/threading.py", line 1082, in _bootstrap_inner
[default_server_endpoint-1]     self._context.run(self.run)
[default_server_endpoint-1]     ~~~~~~~~~~~~~~~~~^^^^^^^^^^
[default_server_endpoint-1]   File "/home/yukichi6105/ros2_ws/build/ros_tcp_endpoint/ros_tcp_endpoint/client.py", line 213, in run
[default_server_endpoint-1]     self.tcp_server.handle_syscommand(destination, data)
[default_server_endpoint-1]     ~~~~~~~~~~~~~~~~~~~~~~~~~~~~~~~~~^^^^^^^^^^^^^^^^^^^
[default_server_endpoint-1]   File "/home/yukichi6105/ros2_ws/build/ros_tcp_endpoint/ros_tcp_endpoint/server.py", line 126, in handle_syscommand
[default_server_endpoint-1]     params = json.loads(message_json)
[default_server_endpoint-1]   File "/usr/lib/python3.14/json/__init__.py", line 352, in loads
[default_server_endpoint-1]     return _default_decoder.decode(s)
[default_server_endpoint-1]            ~~~~~~~~~~~~~~~~~~~~~~~^^^
[default_server_endpoint-1]   File "/usr/lib/python3.14/json/decoder.py", line 345, in decode
[default_server_endpoint-1]     obj, end = self.raw_decode(s, idx=_w(s, 0).end())
[default_server_endpoint-1]                ~~~~~~~~~~~~~~~^^^^^^^^^^^^^^^^^^^^^^^
[default_server_endpoint-1]   File "/usr/lib/python3.14/json/decoder.py", line 361, in raw_decode
[default_server_endpoint-1]     obj, end = self.scan_once(s, idx)
[default_server_endpoint-1]                ~~~~~~~~~~~~~~^^^^^^^^
[default_server_endpoint-1] json.decoder.JSONDecodeError: Expecting ',' delimiter: line 1 column 57 (char 56)
[default_server_endpoint-1] [INFO] [1785087353.136204428] [unity_endpoint]: Connection from 127.0.0.1
[default_server_endpoint-1] [INFO] [1785087353.137459868] [unity_endpoint]: Disconnected from 127.0.0.1
[default_server_endpoint-1] Exception in thread Thread-96:
[default_server_endpoint-1] Traceback (most recent call last):
[default_server_endpoint-1]   File "/usr/lib/python3.14/threading.py", line 1082, in _bootstrap_inner
[default_server_endpoint-1]     self._context.run(self.run)
[default_server_endpoint-1]     ~~~~~~~~~~~~~~~~~^^^^^^^^^^
[default_server_endpoint-1]   File "/home/yukichi6105/ros2_ws/build/ros_tcp_endpoint/ros_tcp_endpoint/client.py", line 213, in run
[default_server_endpoint-1]     self.tcp_server.handle_syscommand(destination, data)
[default_server_endpoint-1]     ~~~~~~~~~~~~~~~~~~~~~~~~~~~~~~~~~^^^^^^^^^^^^^^^^^^^
[default_server_endpoint-1]   File "/home/yukichi6105/ros2_ws/build/ros_tcp_endpoint/ros_tcp_endpoint/server.py", line 126, in handle_syscommand
[default_server_endpoint-1]     params = json.loads(message_json)
[default_server_endpoint-1]   File "/usr/lib/python3.14/json/__init__.py", line 352, in loads
[default_server_endpoint-1]     return _default_decoder.decode(s)
[default_server_endpoint-1]            ~~~~~~~~~~~~~~~~~~~~~~~^^^
[default_server_endpoint-1]   File "/usr/lib/python3.14/json/decoder.py", line 345, in decode
[default_server_endpoint-1]     obj, end = self.raw_decode(s, idx=_w(s, 0).end())
[default_server_endpoint-1]                ~~~~~~~~~~~~~~~^^^^^^^^^^^^^^^^^^^^^^^
[default_server_endpoint-1]   File "/usr/lib/python3.14/json/decoder.py", line 361, in raw_decode
[default_server_endpoint-1]     obj, end = self.scan_once(s, idx)
[default_server_endpoint-1]                ~~~~~~~~~~~~~~^^^^^^^^
[default_server_endpoint-1] json.decoder.JSONDecodeError: Expecting ',' delimiter: line 1 column 57 (char 56)
[default_server_endpoint-1] [INFO] [1785087354.144987172] [unity_endpoint]: Connection from 127.0.0.1
[default_server_endpoint-1] [INFO] [1785087354.146292876] [unity_endpoint]: Disconnected from 127.0.0.1
[default_server_endpoint-1] Exception in thread Thread-98:
[default_server_endpoint-1] Traceback (most recent call last):
[default_server_endpoint-1]   File "/usr/lib/python3.14/threading.py", line 1082, in _bootstrap_inner
[default_server_endpoint-1]     self._context.run(self.run)
[default_server_endpoint-1]     ~~~~~~~~~~~~~~~~~^^^^^^^^^^
[default_server_endpoint-1]   File "/home/yukichi6105/ros2_ws/build/ros_tcp_endpoint/ros_tcp_endpoint/client.py", line 213, in run
[default_server_endpoint-1]     self.tcp_server.handle_syscommand(destination, data)
[default_server_endpoint-1]     ~~~~~~~~~~~~~~~~~~~~~~~~~~~~~~~~~^^^^^^^^^^^^^^^^^^^
[default_server_endpoint-1]   File "/home/yukichi6105/ros2_ws/build/ros_tcp_endpoint/ros_tcp_endpoint/server.py", line 126, in handle_syscommand
[default_server_endpoint-1]     params = json.loads(message_json)
[default_server_endpoint-1]   File "/usr/lib/python3.14/json/__init__.py", line 352, in loads
[default_server_endpoint-1]     return _default_decoder.decode(s)
[default_server_endpoint-1]            ~~~~~~~~~~~~~~~~~~~~~~~^^^
[default_server_endpoint-1]   File "/usr/lib/python3.14/json/decoder.py", line 345, in decode
[default_server_endpoint-1]     obj, end = self.raw_decode(s, idx=_w(s, 0).end())
[default_server_endpoint-1]                ~~~~~~~~~~~~~~~^^^^^^^^^^^^^^^^^^^^^^^
[default_server_endpoint-1]   File "/usr/lib/python3.14/json/decoder.py", line 361, in raw_decode
[default_server_endpoint-1]     obj, end = self.scan_once(s, idx)
[default_server_endpoint-1]                ~~~~~~~~~~~~~~^^^^^^^^
[default_server_endpoint-1] json.decoder.JSONDecodeError: Expecting ',' delimiter: line 1 column 57 (char 56)
[default_server_endpoint-1] [INFO] [1785087355.163940795] [unity_endpoint]: Connection from 127.0.0.1
[default_server_endpoint-1] [INFO] [1785087355.165295271] [unity_endpoint]: Disconnected from 127.0.0.1
[default_server_endpoint-1] Exception in thread Thread-100:
[default_server_endpoint-1] Traceback (most recent call last):
[default_server_endpoint-1]   File "/usr/lib/python3.14/threading.py", line 1082, in _bootstrap_inner
[default_server_endpoint-1]     self._context.run(self.run)
[default_server_endpoint-1]     ~~~~~~~~~~~~~~~~~^^^^^^^^^^
[default_server_endpoint-1]   File "/home/yukichi6105/ros2_ws/build/ros_tcp_endpoint/ros_tcp_endpoint/client.py", line 213, in run
[default_server_endpoint-1]     self.tcp_server.handle_syscommand(destination, data)
[default_server_endpoint-1]     ~~~~~~~~~~~~~~~~~~~~~~~~~~~~~~~~~^^^^^^^^^^^^^^^^^^^
[default_server_endpoint-1]   File "/home/yukichi6105/ros2_ws/build/ros_tcp_endpoint/ros_tcp_endpoint/server.py", line 126, in handle_syscommand
[default_server_endpoint-1]     params = json.loads(message_json)
[default_server_endpoint-1]   File "/usr/lib/python3.14/json/__init__.py", line 352, in loads
[default_server_endpoint-1]     return _default_decoder.decode(s)
[default_server_endpoint-1]            ~~~~~~~~~~~~~~~~~~~~~~~^^^
[default_server_endpoint-1]   File "/usr/lib/python3.14/json/decoder.py", line 345, in decode
[default_server_endpoint-1]     obj, end = self.raw_decode(s, idx=_w(s, 0).end())
[default_server_endpoint-1]                ~~~~~~~~~~~~~~~^^^^^^^^^^^^^^^^^^^^^^^
[default_server_endpoint-1]   File "/usr/lib/python3.14/json/decoder.py", line 361, in raw_decode
[default_server_endpoint-1]     obj, end = self.scan_once(s, idx)
[default_server_endpoint-1]                ~~~~~~~~~~~~~~^^^^^^^^
[default_server_endpoint-1] json.decoder.JSONDecodeError: Expecting ',' delimiter: line 1 column 57 (char 56)
[default_server_endpoint-1] [INFO] [1785087356.172933362] [unity_endpoint]: Connection from 127.0.0.1
[default_server_endpoint-1] [INFO] [1785087356.174120756] [unity_endpoint]: Disconnected from 127.0.0.1
[default_server_endpoint-1] Exception in thread Thread-102:
[default_server_endpoint-1] Traceback (most recent call last):
[default_server_endpoint-1]   File "/usr/lib/python3.14/threading.py", line 1082, in _bootstrap_inner
[default_server_endpoint-1]     self._context.run(self.run)
[default_server_endpoint-1]     ~~~~~~~~~~~~~~~~~^^^^^^^^^^
[default_server_endpoint-1]   File "/home/yukichi6105/ros2_ws/build/ros_tcp_endpoint/ros_tcp_endpoint/client.py", line 213, in run
[default_server_endpoint-1]     self.tcp_server.handle_syscommand(destination, data)
[default_server_endpoint-1]     ~~~~~~~~~~~~~~~~~~~~~~~~~~~~~~~~~^^^^^^^^^^^^^^^^^^^
[default_server_endpoint-1]   File "/home/yukichi6105/ros2_ws/build/ros_tcp_endpoint/ros_tcp_endpoint/server.py", line 126, in handle_syscommand
[default_server_endpoint-1]     params = json.loads(message_json)
[default_server_endpoint-1]   File "/usr/lib/python3.14/json/__init__.py", line 352, in loads
[default_server_endpoint-1]     return _default_decoder.decode(s)
[default_server_endpoint-1]            ~~~~~~~~~~~~~~~~~~~~~~~^^^
[default_server_endpoint-1]   File "/usr/lib/python3.14/json/decoder.py", line 345, in decode
[default_server_endpoint-1]     obj, end = self.raw_decode(s, idx=_w(s, 0).end())
[default_server_endpoint-1]                ~~~~~~~~~~~~~~~^^^^^^^^^^^^^^^^^^^^^^^
[default_server_endpoint-1]   File "/usr/lib/python3.14/json/decoder.py", line 361, in raw_decode
[default_server_endpoint-1]     obj, end = self.scan_once(s, idx)
[default_server_endpoint-1]                ~~~~~~~~~~~~~~^^^^^^^^
[default_server_endpoint-1] json.decoder.JSONDecodeError: Expecting ',' delimiter: line 1 column 57 (char 56)
[default_server_endpoint-1] [INFO] [1785087357.184269197] [unity_endpoint]: Connection from 127.0.0.1
[default_server_endpoint-1] [INFO] [1785087357.185518452] [unity_endpoint]: Disconnected from 127.0.0.1
[default_server_endpoint-1] Exception in thread Thread-104:
[default_server_endpoint-1] Traceback (most recent call last):
[default_server_endpoint-1]   File "/usr/lib/python3.14/threading.py", line 1082, in _bootstrap_inner
[default_server_endpoint-1]     self._context.run(self.run)
[default_server_endpoint-1]     ~~~~~~~~~~~~~~~~~^^^^^^^^^^
[default_server_endpoint-1]   File "/home/yukichi6105/ros2_ws/build/ros_tcp_endpoint/ros_tcp_endpoint/client.py", line 213, in run
[default_server_endpoint-1]     self.tcp_server.handle_syscommand(destination, data)
[default_server_endpoint-1]     ~~~~~~~~~~~~~~~~~~~~~~~~~~~~~~~~~^^^^^^^^^^^^^^^^^^^
[default_server_endpoint-1]   File "/home/yukichi6105/ros2_ws/build/ros_tcp_endpoint/ros_tcp_endpoint/server.py", line 126, in handle_syscommand
[default_server_endpoint-1]     params = json.loads(message_json)
[default_server_endpoint-1]   File "/usr/lib/python3.14/json/__init__.py", line 352, in loads
[default_server_endpoint-1]     return _default_decoder.decode(s)
[default_server_endpoint-1]            ~~~~~~~~~~~~~~~~~~~~~~~^^^
[default_server_endpoint-1]   File "/usr/lib/python3.14/json/decoder.py", line 345, in decode
[default_server_endpoint-1]     obj, end = self.raw_decode(s, idx=_w(s, 0).end())
[default_server_endpoint-1]                ~~~~~~~~~~~~~~~^^^^^^^^^^^^^^^^^^^^^^^
[default_server_endpoint-1]   File "/usr/lib/python3.14/json/decoder.py", line 361, in raw_decode
[default_server_endpoint-1]     obj, end = self.scan_once(s, idx)
[default_server_endpoint-1]                ~~~~~~~~~~~~~~^^^^^^^^
[default_server_endpoint-1] json.decoder.JSONDecodeError: Expecting ',' delimiter: line 1 column 57 (char 56)
[default_server_endpoint-1] [INFO] [1785087358.195279297] [unity_endpoint]: Connection from 127.0.0.1
[default_server_endpoint-1] [INFO] [1785087358.196614290] [unity_endpoint]: Disconnected from 127.0.0.1
[default_server_endpoint-1] Exception in thread Thread-106:
[default_server_endpoint-1] Traceback (most recent call last):
[default_server_endpoint-1]   File "/usr/lib/python3.14/threading.py", line 1082, in _bootstrap_inner
[default_server_endpoint-1]     self._context.run(self.run)
[default_server_endpoint-1]     ~~~~~~~~~~~~~~~~~^^^^^^^^^^
[default_server_endpoint-1]   File "/home/yukichi6105/ros2_ws/build/ros_tcp_endpoint/ros_tcp_endpoint/client.py", line 213, in run
[default_server_endpoint-1]     self.tcp_server.handle_syscommand(destination, data)
[default_server_endpoint-1]     ~~~~~~~~~~~~~~~~~~~~~~~~~~~~~~~~~^^^^^^^^^^^^^^^^^^^
[default_server_endpoint-1]   File "/home/yukichi6105/ros2_ws/build/ros_tcp_endpoint/ros_tcp_endpoint/server.py", line 126, in handle_syscommand
[default_server_endpoint-1]     params = json.loads(message_json)
[default_server_endpoint-1]   File "/usr/lib/python3.14/json/__init__.py", line 352, in loads
[default_server_endpoint-1]     return _default_decoder.decode(s)
[default_server_endpoint-1]            ~~~~~~~~~~~~~~~~~~~~~~~^^^
[default_server_endpoint-1]   File "/usr/lib/python3.14/json/decoder.py", line 345, in decode
[default_server_endpoint-1]     obj, end = self.raw_decode(s, idx=_w(s, 0).end())
[default_server_endpoint-1]                ~~~~~~~~~~~~~~~^^^^^^^^^^^^^^^^^^^^^^^
[default_server_endpoint-1]   File "/usr/lib/python3.14/json/decoder.py", line 361, in raw_decode
[default_server_endpoint-1]     obj, end = self.scan_once(s, idx)
[default_server_endpoint-1]                ~~~~~~~~~~~~~~^^^^^^^^
[default_server_endpoint-1] json.decoder.JSONDecodeError: Expecting ',' delimiter: line 1 column 57 (char 56)
[default_server_endpoint-1] [INFO] [1785087359.212269468] [unity_endpoint]: Connection from 127.0.0.1
[default_server_endpoint-1] [INFO] [1785087359.213443823] [unity_endpoint]: Disconnected from 127.0.0.1
[default_server_endpoint-1] Exception in thread Thread-108:
[default_server_endpoint-1] Traceback (most recent call last):
[default_server_endpoint-1]   File "/usr/lib/python3.14/threading.py", line 1082, in _bootstrap_inner
[default_server_endpoint-1]     self._context.run(self.run)
[default_server_endpoint-1]     ~~~~~~~~~~~~~~~~~^^^^^^^^^^
[default_server_endpoint-1]   File "/home/yukichi6105/ros2_ws/build/ros_tcp_endpoint/ros_tcp_endpoint/client.py", line 213, in run
[default_server_endpoint-1]     self.tcp_server.handle_syscommand(destination, data)
[default_server_endpoint-1]     ~~~~~~~~~~~~~~~~~~~~~~~~~~~~~~~~~^^^^^^^^^^^^^^^^^^^
[default_server_endpoint-1]   File "/home/yukichi6105/ros2_ws/build/ros_tcp_endpoint/ros_tcp_endpoint/server.py", line 126, in handle_syscommand
[default_server_endpoint-1]     params = json.loads(message_json)
[default_server_endpoint-1]   File "/usr/lib/python3.14/json/__init__.py", line 352, in loads
[default_server_endpoint-1]     return _default_decoder.decode(s)
[default_server_endpoint-1]            ~~~~~~~~~~~~~~~~~~~~~~~^^^
[default_server_endpoint-1]   File "/usr/lib/python3.14/json/decoder.py", line 345, in decode
[default_server_endpoint-1]     obj, end = self.raw_decode(s, idx=_w(s, 0).end())
[default_server_endpoint-1]                ~~~~~~~~~~~~~~~^^^^^^^^^^^^^^^^^^^^^^^
[default_server_endpoint-1]   File "/usr/lib/python3.14/json/decoder.py", line 361, in raw_decode
[default_server_endpoint-1]     obj, end = self.scan_once(s, idx)
[default_server_endpoint-1]                ~~~~~~~~~~~~~~^^^^^^^^
[default_server_endpoint-1] json.decoder.JSONDecodeError: Expecting ',' delimiter: line 1 column 57 (char 56)
[default_server_endpoint-1] [INFO] [1785087360.223343468] [unity_endpoint]: Connection from 127.0.0.1
[default_server_endpoint-1] [INFO] [1785087360.224536697] [unity_endpoint]: Disconnected from 127.0.0.1
[default_server_endpoint-1] Exception in thread Thread-110:
[default_server_endpoint-1] Traceback (most recent call last):
[default_server_endpoint-1]   File "/usr/lib/python3.14/threading.py", line 1082, in _bootstrap_inner
[default_server_endpoint-1]     self._context.run(self.run)
[default_server_endpoint-1]     ~~~~~~~~~~~~~~~~~^^^^^^^^^^
[default_server_endpoint-1]   File "/home/yukichi6105/ros2_ws/build/ros_tcp_endpoint/ros_tcp_endpoint/client.py", line 213, in run
[default_server_endpoint-1]     self.tcp_server.handle_syscommand(destination, data)
[default_server_endpoint-1]     ~~~~~~~~~~~~~~~~~~~~~~~~~~~~~~~~~^^^^^^^^^^^^^^^^^^^
[default_server_endpoint-1]   File "/home/yukichi6105/ros2_ws/build/ros_tcp_endpoint/ros_tcp_endpoint/server.py", line 126, in handle_syscommand
[default_server_endpoint-1]     params = json.loads(message_json)
[default_server_endpoint-1]   File "/usr/lib/python3.14/json/__init__.py", line 352, in loads
[default_server_endpoint-1]     return _default_decoder.decode(s)
[default_server_endpoint-1]            ~~~~~~~~~~~~~~~~~~~~~~~^^^
[default_server_endpoint-1]   File "/usr/lib/python3.14/json/decoder.py", line 345, in decode
[default_server_endpoint-1]     obj, end = self.raw_decode(s, idx=_w(s, 0).end())
[default_server_endpoint-1]                ~~~~~~~~~~~~~~~^^^^^^^^^^^^^^^^^^^^^^^
[default_server_endpoint-1]   File "/usr/lib/python3.14/json/decoder.py", line 361, in raw_decode
[default_server_endpoint-1]     obj, end = self.scan_once(s, idx)
[default_server_endpoint-1]                ~~~~~~~~~~~~~~^^^^^^^^
[default_server_endpoint-1] json.decoder.JSONDecodeError: Expecting ',' delimiter: line 1 column 57 (char 56)
[default_server_endpoint-1] [INFO] [1785087361.231389279] [unity_endpoint]: Connection from 127.0.0.1
[default_server_endpoint-1] [INFO] [1785087361.232716900] [unity_endpoint]: Disconnected from 127.0.0.1
[default_server_endpoint-1] Exception in thread Thread-112:
[default_server_endpoint-1] Traceback (most recent call last):
[default_server_endpoint-1]   File "/usr/lib/python3.14/threading.py", line 1082, in _bootstrap_inner
[default_server_endpoint-1]     self._context.run(self.run)
[default_server_endpoint-1]     ~~~~~~~~~~~~~~~~~^^^^^^^^^^
[default_server_endpoint-1]   File "/home/yukichi6105/ros2_ws/build/ros_tcp_endpoint/ros_tcp_endpoint/client.py", line 213, in run
[default_server_endpoint-1]     self.tcp_server.handle_syscommand(destination, data)
[default_server_endpoint-1]     ~~~~~~~~~~~~~~~~~~~~~~~~~~~~~~~~~^^^^^^^^^^^^^^^^^^^
[default_server_endpoint-1]   File "/home/yukichi6105/ros2_ws/build/ros_tcp_endpoint/ros_tcp_endpoint/server.py", line 126, in handle_syscommand
[default_server_endpoint-1]     params = json.loads(message_json)
[default_server_endpoint-1]   File "/usr/lib/python3.14/json/__init__.py", line 352, in loads
[default_server_endpoint-1]     return _default_decoder.decode(s)
[default_server_endpoint-1]            ~~~~~~~~~~~~~~~~~~~~~~~^^^
[default_server_endpoint-1]   File "/usr/lib/python3.14/json/decoder.py", line 345, in decode
[default_server_endpoint-1]     obj, end = self.raw_decode(s, idx=_w(s, 0).end())
[default_server_endpoint-1]                ~~~~~~~~~~~~~~~^^^^^^^^^^^^^^^^^^^^^^^
[default_server_endpoint-1]   File "/usr/lib/python3.14/json/decoder.py", line 361, in raw_decode
[default_server_endpoint-1]     obj, end = self.scan_once(s, idx)
[default_server_endpoint-1]                ~~~~~~~~~~~~~~^^^^^^^^
[default_server_endpoint-1] json.decoder.JSONDecodeError: Expecting ',' delimiter: line 1 column 57 (char 56)
[default_server_endpoint-1] [INFO] [1785087362.248626786] [unity_endpoint]: Connection from 127.0.0.1
[default_server_endpoint-1] [INFO] [1785087362.249867667] [unity_endpoint]: Disconnected from 127.0.0.1
[default_server_endpoint-1] Exception in thread Thread-114:
[default_server_endpoint-1] Traceback (most recent call last):
[default_server_endpoint-1]   File "/usr/lib/python3.14/threading.py", line 1082, in _bootstrap_inner
[default_server_endpoint-1]     self._context.run(self.run)
[default_server_endpoint-1]     ~~~~~~~~~~~~~~~~~^^^^^^^^^^
[default_server_endpoint-1]   File "/home/yukichi6105/ros2_ws/build/ros_tcp_endpoint/ros_tcp_endpoint/client.py", line 213, in run
[default_server_endpoint-1]     self.tcp_server.handle_syscommand(destination, data)
[default_server_endpoint-1]     ~~~~~~~~~~~~~~~~~~~~~~~~~~~~~~~~~^^^^^^^^^^^^^^^^^^^
[default_server_endpoint-1]   File "/home/yukichi6105/ros2_ws/build/ros_tcp_endpoint/ros_tcp_endpoint/server.py", line 126, in handle_syscommand
[default_server_endpoint-1]     params = json.loads(message_json)
[default_server_endpoint-1]   File "/usr/lib/python3.14/json/__init__.py", line 352, in loads
[default_server_endpoint-1]     return _default_decoder.decode(s)
[default_server_endpoint-1]            ~~~~~~~~~~~~~~~~~~~~~~~^^^
[default_server_endpoint-1]   File "/usr/lib/python3.14/json/decoder.py", line 345, in decode
[default_server_endpoint-1]     obj, end = self.raw_decode(s, idx=_w(s, 0).end())
[default_server_endpoint-1]                ~~~~~~~~~~~~~~~^^^^^^^^^^^^^^^^^^^^^^^
[default_server_endpoint-1]   File "/usr/lib/python3.14/json/decoder.py", line 361, in raw_decode
[default_server_endpoint-1]     obj, end = self.scan_once(s, idx)
[default_server_endpoint-1]                ~~~~~~~~~~~~~~^^^^^^^^
[default_server_endpoint-1] json.decoder.JSONDecodeError: Expecting ',' delimiter: line 1 column 57 (char 56)
[default_server_endpoint-1] [INFO] [1785087363.265272894] [unity_endpoint]: Connection from 127.0.0.1
[default_server_endpoint-1] [INFO] [1785087363.266385311] [unity_endpoint]: Disconnected from 127.0.0.1
[default_server_endpoint-1] Exception in thread Thread-116:
[default_server_endpoint-1] Traceback (most recent call last):
[default_server_endpoint-1]   File "/usr/lib/python3.14/threading.py", line 1082, in _bootstrap_inner
[default_server_endpoint-1]     self._context.run(self.run)
[default_server_endpoint-1]     ~~~~~~~~~~~~~~~~~^^^^^^^^^^
[default_server_endpoint-1]   File "/home/yukichi6105/ros2_ws/build/ros_tcp_endpoint/ros_tcp_endpoint/client.py", line 213, in run
[default_server_endpoint-1]     self.tcp_server.handle_syscommand(destination, data)
[default_server_endpoint-1]     ~~~~~~~~~~~~~~~~~~~~~~~~~~~~~~~~~^^^^^^^^^^^^^^^^^^^
[default_server_endpoint-1]   File "/home/yukichi6105/ros2_ws/build/ros_tcp_endpoint/ros_tcp_endpoint/server.py", line 126, in handle_syscommand
[default_server_endpoint-1]     params = json.loads(message_json)
[default_server_endpoint-1]   File "/usr/lib/python3.14/json/__init__.py", line 352, in loads
[default_server_endpoint-1]     return _default_decoder.decode(s)
[default_server_endpoint-1]            ~~~~~~~~~~~~~~~~~~~~~~~^^^
[default_server_endpoint-1]   File "/usr/lib/python3.14/json/decoder.py", line 345, in decode
[default_server_endpoint-1]     obj, end = self.raw_decode(s, idx=_w(s, 0).end())
[default_server_endpoint-1]                ~~~~~~~~~~~~~~~^^^^^^^^^^^^^^^^^^^^^^^
[default_server_endpoint-1]   File "/usr/lib/python3.14/json/decoder.py", line 361, in raw_decode
[default_server_endpoint-1]     obj, end = self.scan_once(s, idx)
[default_server_endpoint-1]                ~~~~~~~~~~~~~~^^^^^^^^
[default_server_endpoint-1] json.decoder.JSONDecodeError: Expecting ',' delimiter: line 1 column 57 (char 56)
[default_server_endpoint-1] [INFO] [1785087364.283361604] [unity_endpoint]: Connection from 127.0.0.1
[default_server_endpoint-1] [INFO] [1785087364.285089765] [unity_endpoint]: Disconnected from 127.0.0.1
[default_server_endpoint-1] Exception in thread Thread-118:
[default_server_endpoint-1] Traceback (most recent call last):
[default_server_endpoint-1]   File "/usr/lib/python3.14/threading.py", line 1082, in _bootstrap_inner
[default_server_endpoint-1]     self._context.run(self.run)
[default_server_endpoint-1]     ~~~~~~~~~~~~~~~~~^^^^^^^^^^
[default_server_endpoint-1]   File "/home/yukichi6105/ros2_ws/build/ros_tcp_endpoint/ros_tcp_endpoint/client.py", line 213, in run
[default_server_endpoint-1]     self.tcp_server.handle_syscommand(destination, data)
[default_server_endpoint-1]     ~~~~~~~~~~~~~~~~~~~~~~~~~~~~~~~~~^^^^^^^^^^^^^^^^^^^
[default_server_endpoint-1]   File "/home/yukichi6105/ros2_ws/build/ros_tcp_endpoint/ros_tcp_endpoint/server.py", line 126, in handle_syscommand
[default_server_endpoint-1]     params = json.loads(message_json)
[default_server_endpoint-1]   File "/usr/lib/python3.14/json/__init__.py", line 352, in loads
[default_server_endpoint-1]     return _default_decoder.decode(s)
[default_server_endpoint-1]            ~~~~~~~~~~~~~~~~~~~~~~~^^^
[default_server_endpoint-1]   File "/usr/lib/python3.14/json/decoder.py", line 345, in decode
[default_server_endpoint-1]     obj, end = self.raw_decode(s, idx=_w(s, 0).end())
[default_server_endpoint-1]                ~~~~~~~~~~~~~~~^^^^^^^^^^^^^^^^^^^^^^^
[default_server_endpoint-1]   File "/usr/lib/python3.14/json/decoder.py", line 361, in raw_decode
[default_server_endpoint-1]     obj, end = self.scan_once(s, idx)
[default_server_endpoint-1]                ~~~~~~~~~~~~~~^^^^^^^^
[default_server_endpoint-1] json.decoder.JSONDecodeError: Expecting ',' delimiter: line 1 column 57 (char 56)
[default_server_endpoint-1] [INFO] [1785087365.307768215] [unity_endpoint]: Connection from 127.0.0.1
[default_server_endpoint-1] [INFO] [1785087365.308909670] [unity_endpoint]: Disconnected from 127.0.0.1
[default_server_endpoint-1] Exception in thread Thread-120:
[default_server_endpoint-1] Traceback (most recent call last):
[default_server_endpoint-1]   File "/usr/lib/python3.14/threading.py", line 1082, in _bootstrap_inner
[default_server_endpoint-1]     self._context.run(self.run)
[default_server_endpoint-1]     ~~~~~~~~~~~~~~~~~^^^^^^^^^^
[default_server_endpoint-1]   File "/home/yukichi6105/ros2_ws/build/ros_tcp_endpoint/ros_tcp_endpoint/client.py", line 213, in run
[default_server_endpoint-1]     self.tcp_server.handle_syscommand(destination, data)
[default_server_endpoint-1]     ~~~~~~~~~~~~~~~~~~~~~~~~~~~~~~~~~^^^^^^^^^^^^^^^^^^^
[default_server_endpoint-1]   File "/home/yukichi6105/ros2_ws/build/ros_tcp_endpoint/ros_tcp_endpoint/server.py", line 126, in handle_syscommand
[default_server_endpoint-1]     params = json.loads(message_json)
[default_server_endpoint-1]   File "/usr/lib/python3.14/json/__init__.py", line 352, in loads
[default_server_endpoint-1]     return _default_decoder.decode(s)
[default_server_endpoint-1]            ~~~~~~~~~~~~~~~~~~~~~~~^^^
[default_server_endpoint-1]   File "/usr/lib/python3.14/json/decoder.py", line 345, in decode
[default_server_endpoint-1]     obj, end = self.raw_decode(s, idx=_w(s, 0).end())
[default_server_endpoint-1]                ~~~~~~~~~~~~~~~^^^^^^^^^^^^^^^^^^^^^^^
[default_server_endpoint-1]   File "/usr/lib/python3.14/json/decoder.py", line 361, in raw_decode
[default_server_endpoint-1]     obj, end = self.scan_once(s, idx)
[default_server_endpoint-1]                ~~~~~~~~~~~~~~^^^^^^^^
[default_server_endpoint-1] json.decoder.JSONDecodeError: Expecting ',' delimiter: line 1 column 57 (char 56)
[default_server_endpoint-1] [INFO] [1785087366.326020447] [unity_endpoint]: Connection from 127.0.0.1
[default_server_endpoint-1] [INFO] [1785087366.327120338] [unity_endpoint]: Disconnected from 127.0.0.1
[default_server_endpoint-1] Exception in thread Thread-122:
[default_server_endpoint-1] Traceback (most recent call last):
[default_server_endpoint-1]   File "/usr/lib/python3.14/threading.py", line 1082, in _bootstrap_inner
[default_server_endpoint-1]     self._context.run(self.run)
[default_server_endpoint-1]     ~~~~~~~~~~~~~~~~~^^^^^^^^^^
[default_server_endpoint-1]   File "/home/yukichi6105/ros2_ws/build/ros_tcp_endpoint/ros_tcp_endpoint/client.py", line 213, in run
[default_server_endpoint-1]     self.tcp_server.handle_syscommand(destination, data)
[default_server_endpoint-1]     ~~~~~~~~~~~~~~~~~~~~~~~~~~~~~~~~~^^^^^^^^^^^^^^^^^^^
[default_server_endpoint-1]   File "/home/yukichi6105/ros2_ws/build/ros_tcp_endpoint/ros_tcp_endpoint/server.py", line 126, in handle_syscommand
[default_server_endpoint-1]     params = json.loads(message_json)
[default_server_endpoint-1]   File "/usr/lib/python3.14/json/__init__.py", line 352, in loads
[default_server_endpoint-1]     return _default_decoder.decode(s)
[default_server_endpoint-1]            ~~~~~~~~~~~~~~~~~~~~~~~^^^
[default_server_endpoint-1]   File "/usr/lib/python3.14/json/decoder.py", line 345, in decode
[default_server_endpoint-1]     obj, end = self.raw_decode(s, idx=_w(s, 0).end())
[default_server_endpoint-1]                ~~~~~~~~~~~~~~~^^^^^^^^^^^^^^^^^^^^^^^
[default_server_endpoint-1]   File "/usr/lib/python3.14/json/decoder.py", line 361, in raw_decode
[default_server_endpoint-1]     obj, end = self.scan_once(s, idx)
[default_server_endpoint-1]                ~~~~~~~~~~~~~~^^^^^^^^
[default_server_endpoint-1] json.decoder.JSONDecodeError: Expecting ',' delimiter: line 1 column 57 (char 56)
[default_server_endpoint-1] [INFO] [1785087367.356274247] [unity_endpoint]: Connection from 127.0.0.1
[default_server_endpoint-1] [INFO] [1785087367.357801095] [unity_endpoint]: Disconnected from 127.0.0.1
[default_server_endpoint-1] Exception in thread Thread-124:
[default_server_endpoint-1] Traceback (most recent call last):
[default_server_endpoint-1]   File "/usr/lib/python3.14/threading.py", line 1082, in _bootstrap_inner
[default_server_endpoint-1]     self._context.run(self.run)
[default_server_endpoint-1]     ~~~~~~~~~~~~~~~~~^^^^^^^^^^
[default_server_endpoint-1]   File "/home/yukichi6105/ros2_ws/build/ros_tcp_endpoint/ros_tcp_endpoint/client.py", line 213, in run
[default_server_endpoint-1]     self.tcp_server.handle_syscommand(destination, data)
[default_server_endpoint-1]     ~~~~~~~~~~~~~~~~~~~~~~~~~~~~~~~~~^^^^^^^^^^^^^^^^^^^
[default_server_endpoint-1]   File "/home/yukichi6105/ros2_ws/build/ros_tcp_endpoint/ros_tcp_endpoint/server.py", line 126, in handle_syscommand
[default_server_endpoint-1]     params = json.loads(message_json)
[default_server_endpoint-1]   File "/usr/lib/python3.14/json/__init__.py", line 352, in loads
[default_server_endpoint-1]     return _default_decoder.decode(s)
[default_server_endpoint-1]            ~~~~~~~~~~~~~~~~~~~~~~~^^^
[default_server_endpoint-1]   File "/usr/lib/python3.14/json/decoder.py", line 345, in decode
[default_server_endpoint-1]     obj, end = self.raw_decode(s, idx=_w(s, 0).end())
[default_server_endpoint-1]                ~~~~~~~~~~~~~~~^^^^^^^^^^^^^^^^^^^^^^^
[default_server_endpoint-1]   File "/usr/lib/python3.14/json/decoder.py", line 361, in raw_decode
[default_server_endpoint-1]     obj, end = self.scan_once(s, idx)
[default_server_endpoint-1]                ~~~~~~~~~~~~~~^^^^^^^^
[default_server_endpoint-1] json.decoder.JSONDecodeError: Expecting ',' delimiter: line 1 column 57 (char 56)
[default_server_endpoint-1] [ERROR] [1785087367.359576263] [unity_endpoint]: Exception [Errno 9] Bad file descriptor
[default_server_endpoint-1] [INFO] [1785087368.363969573] [unity_endpoint]: Connection from 127.0.0.1
[default_server_endpoint-1] [INFO] [1785087368.365083184] [unity_endpoint]: Disconnected from 127.0.0.1
[default_server_endpoint-1] Exception in thread Thread-126:
[default_server_endpoint-1] Traceback (most recent call last):
[default_server_endpoint-1]   File "/usr/lib/python3.14/threading.py", line 1082, in _bootstrap_inner
[default_server_endpoint-1]     self._context.run(self.run)
[default_server_endpoint-1]     ~~~~~~~~~~~~~~~~~^^^^^^^^^^
[default_server_endpoint-1]   File "/home/yukichi6105/ros2_ws/build/ros_tcp_endpoint/ros_tcp_endpoint/client.py", line 213, in run
[default_server_endpoint-1]     self.tcp_server.handle_syscommand(destination, data)
[default_server_endpoint-1]     ~~~~~~~~~~~~~~~~~~~~~~~~~~~~~~~~~^^^^^^^^^^^^^^^^^^^
[default_server_endpoint-1]   File "/home/yukichi6105/ros2_ws/build/ros_tcp_endpoint/ros_tcp_endpoint/server.py", line 126, in handle_syscommand
[default_server_endpoint-1]     params = json.loads(message_json)
[default_server_endpoint-1]   File "/usr/lib/python3.14/json/__init__.py", line 352, in loads
[default_server_endpoint-1]     return _default_decoder.decode(s)
[default_server_endpoint-1]            ~~~~~~~~~~~~~~~~~~~~~~~^^^
[default_server_endpoint-1]   File "/usr/lib/python3.14/json/decoder.py", line 345, in decode
[default_server_endpoint-1]     obj, end = self.raw_decode(s, idx=_w(s, 0).end())
[default_server_endpoint-1]                ~~~~~~~~~~~~~~~^^^^^^^^^^^^^^^^^^^^^^^
[default_server_endpoint-1]   File "/usr/lib/python3.14/json/decoder.py", line 361, in raw_decode
[default_server_endpoint-1]     obj, end = self.scan_once(s, idx)
[default_server_endpoint-1]                ~~~~~~~~~~~~~~^^^^^^^^
[default_server_endpoint-1] json.decoder.JSONDecodeError: Expecting ',' delimiter: line 1 column 57 (char 56)
[default_server_endpoint-1] [INFO] [1785087369.384176846] [unity_endpoint]: Connection from 127.0.0.1
[default_server_endpoint-1] [INFO] [1785087369.393710200] [unity_endpoint]: Disconnected from 127.0.0.1
[default_server_endpoint-1] Exception in thread Thread-128:
[default_server_endpoint-1] Traceback (most recent call last):
[default_server_endpoint-1]   File "/usr/lib/python3.14/threading.py", line 1082, in _bootstrap_inner
[default_server_endpoint-1]     self._context.run(self.run)
[default_server_endpoint-1]     ~~~~~~~~~~~~~~~~~^^^^^^^^^^
[default_server_endpoint-1]   File "/home/yukichi6105/ros2_ws/build/ros_tcp_endpoint/ros_tcp_endpoint/client.py", line 213, in run
[default_server_endpoint-1]     self.tcp_server.handle_syscommand(destination, data)
[default_server_endpoint-1]     ~~~~~~~~~~~~~~~~~~~~~~~~~~~~~~~~~^^^^^^^^^^^^^^^^^^^
[default_server_endpoint-1]   File "/home/yukichi6105/ros2_ws/build/ros_tcp_endpoint/ros_tcp_endpoint/server.py", line 126, in handle_syscommand
[default_server_endpoint-1]     params = json.loads(message_json)
[default_server_endpoint-1]   File "/usr/lib/python3.14/json/__init__.py", line 352, in loads
[default_server_endpoint-1]     return _default_decoder.decode(s)
[default_server_endpoint-1]            ~~~~~~~~~~~~~~~~~~~~~~~^^^
[default_server_endpoint-1]   File "/usr/lib/python3.14/json/decoder.py", line 345, in decode
[default_server_endpoint-1]     obj, end = self.raw_decode(s, idx=_w(s, 0).end())
[default_server_endpoint-1]                ~~~~~~~~~~~~~~~^^^^^^^^^^^^^^^^^^^^^^^
[default_server_endpoint-1]   File "/usr/lib/python3.14/json/decoder.py", line 361, in raw_decode
[default_server_endpoint-1]     obj, end = self.scan_once(s, idx)
[default_server_endpoint-1]                ~~~~~~~~~~~~~~^^^^^^^^
[default_server_endpoint-1] json.decoder.JSONDecodeError: Expecting ',' delimiter: line 1 column 57 (char 56)
[default_server_endpoint-1] [ERROR] [1785087369.400116746] [unity_endpoint]: Exception [Errno 9] Bad file descriptor
[default_server_endpoint-1] [INFO] [1785087370.407346928] [unity_endpoint]: Connection from 127.0.0.1
[default_server_endpoint-1] [INFO] [1785087370.408783167] [unity_endpoint]: Disconnected from 127.0.0.1
[default_server_endpoint-1] Exception in thread Thread-130:
[default_server_endpoint-1] Traceback (most recent call last):
[default_server_endpoint-1]   File "/usr/lib/python3.14/threading.py", line 1082, in _bootstrap_inner
[default_server_endpoint-1]     self._context.run(self.run)
[default_server_endpoint-1]     ~~~~~~~~~~~~~~~~~^^^^^^^^^^
[default_server_endpoint-1]   File "/home/yukichi6105/ros2_ws/build/ros_tcp_endpoint/ros_tcp_endpoint/client.py", line 213, in run
[default_server_endpoint-1]     self.tcp_server.handle_syscommand(destination, data)
[default_server_endpoint-1]     ~~~~~~~~~~~~~~~~~~~~~~~~~~~~~~~~~^^^^^^^^^^^^^^^^^^^
[default_server_endpoint-1]   File "/home/yukichi6105/ros2_ws/build/ros_tcp_endpoint/ros_tcp_endpoint/server.py", line 126, in handle_syscommand
[default_server_endpoint-1]     params = json.loads(message_json)
[default_server_endpoint-1]   File "/usr/lib/python3.14/json/__init__.py", line 352, in loads
[default_server_endpoint-1]     return _default_decoder.decode(s)
[default_server_endpoint-1]            ~~~~~~~~~~~~~~~~~~~~~~~^^^
[default_server_endpoint-1]   File "/usr/lib/python3.14/json/decoder.py", line 345, in decode
[default_server_endpoint-1]     obj, end = self.raw_decode(s, idx=_w(s, 0).end())
[default_server_endpoint-1]                ~~~~~~~~~~~~~~~^^^^^^^^^^^^^^^^^^^^^^^
[default_server_endpoint-1]   File "/usr/lib/python3.14/json/decoder.py", line 361, in raw_decode
[default_server_endpoint-1]     obj, end = self.scan_once(s, idx)
[default_server_endpoint-1]                ~~~~~~~~~~~~~~^^^^^^^^
[default_server_endpoint-1] json.decoder.JSONDecodeError: Expecting ',' delimiter: line 1 column 57 (char 56)
[default_server_endpoint-1] [INFO] [1785087371.417277057] [unity_endpoint]: Connection from 127.0.0.1
[default_server_endpoint-1] [INFO] [1785087371.418596705] [unity_endpoint]: Disconnected from 127.0.0.1
[default_server_endpoint-1] Exception in thread Thread-132:
[default_server_endpoint-1] Traceback (most recent call last):
[default_server_endpoint-1]   File "/usr/lib/python3.14/threading.py", line 1082, in _bootstrap_inner
[default_server_endpoint-1]     self._context.run(self.run)
[default_server_endpoint-1]     ~~~~~~~~~~~~~~~~~^^^^^^^^^^
[default_server_endpoint-1]   File "/home/yukichi6105/ros2_ws/build/ros_tcp_endpoint/ros_tcp_endpoint/client.py", line 213, in run
[default_server_endpoint-1]     self.tcp_server.handle_syscommand(destination, data)
[default_server_endpoint-1]     ~~~~~~~~~~~~~~~~~~~~~~~~~~~~~~~~~^^^^^^^^^^^^^^^^^^^
[default_server_endpoint-1]   File "/home/yukichi6105/ros2_ws/build/ros_tcp_endpoint/ros_tcp_endpoint/server.py", line 126, in handle_syscommand
[default_server_endpoint-1]     params = json.loads(message_json)
[default_server_endpoint-1]   File "/usr/lib/python3.14/json/__init__.py", line 352, in loads
[default_server_endpoint-1]     return _default_decoder.decode(s)
[default_server_endpoint-1]            ~~~~~~~~~~~~~~~~~~~~~~~^^^
[default_server_endpoint-1]   File "/usr/lib/python3.14/json/decoder.py", line 345, in decode
[default_server_endpoint-1]     obj, end = self.raw_decode(s, idx=_w(s, 0).end())
[default_server_endpoint-1]                ~~~~~~~~~~~~~~~^^^^^^^^^^^^^^^^^^^^^^^
[default_server_endpoint-1]   File "/usr/lib/python3.14/json/decoder.py", line 361, in raw_decode
[default_server_endpoint-1]     obj, end = self.scan_once(s, idx)
[default_server_endpoint-1]                ~~~~~~~~~~~~~~^^^^^^^^
[default_server_endpoint-1] json.decoder.JSONDecodeError: Expecting ',' delimiter: line 1 column 57 (char 56)
[default_server_endpoint-1] [INFO] [1785087372.428000253] [unity_endpoint]: Connection from 127.0.0.1
[default_server_endpoint-1] [INFO] [1785087372.429402932] [unity_endpoint]: Disconnected from 127.0.0.1
[default_server_endpoint-1] Exception in thread Thread-134:
[default_server_endpoint-1] Traceback (most recent call last):
[default_server_endpoint-1]   File "/usr/lib/python3.14/threading.py", line 1082, in _bootstrap_inner
[default_server_endpoint-1]     self._context.run(self.run)
[default_server_endpoint-1]     ~~~~~~~~~~~~~~~~~^^^^^^^^^^
[default_server_endpoint-1]   File "/home/yukichi6105/ros2_ws/build/ros_tcp_endpoint/ros_tcp_endpoint/client.py", line 213, in run
[default_server_endpoint-1]     self.tcp_server.handle_syscommand(destination, data)
[default_server_endpoint-1]     ~~~~~~~~~~~~~~~~~~~~~~~~~~~~~~~~~^^^^^^^^^^^^^^^^^^^
[default_server_endpoint-1]   File "/home/yukichi6105/ros2_ws/build/ros_tcp_endpoint/ros_tcp_endpoint/server.py", line 126, in handle_syscommand
[default_server_endpoint-1]     params = json.loads(message_json)
[default_server_endpoint-1]   File "/usr/lib/python3.14/json/__init__.py", line 352, in loads
[default_server_endpoint-1]     return _default_decoder.decode(s)
[default_server_endpoint-1]            ~~~~~~~~~~~~~~~~~~~~~~~^^^
[default_server_endpoint-1]   File "/usr/lib/python3.14/json/decoder.py", line 345, in decode
[default_server_endpoint-1]     obj, end = self.raw_decode(s, idx=_w(s, 0).end())
[default_server_endpoint-1]                ~~~~~~~~~~~~~~~^^^^^^^^^^^^^^^^^^^^^^^
[default_server_endpoint-1]   File "/usr/lib/python3.14/json/decoder.py", line 361, in raw_decode
[default_server_endpoint-1]     obj, end = self.scan_once(s, idx)
[default_server_endpoint-1]                ~~~~~~~~~~~~~~^^^^^^^^
[default_server_endpoint-1] json.decoder.JSONDecodeError: Expecting ',' delimiter: line 1 column 57 (char 56)
[default_server_endpoint-1] [INFO] [1785087373.445295854] [unity_endpoint]: Connection from 127.0.0.1
[default_server_endpoint-1] [INFO] [1785087373.446368129] [unity_endpoint]: Disconnected from 127.0.0.1
[default_server_endpoint-1] Exception in thread Thread-136:
[default_server_endpoint-1] Traceback (most recent call last):
[default_server_endpoint-1]   File "/usr/lib/python3.14/threading.py", line 1082, in _bootstrap_inner
[default_server_endpoint-1]     self._context.run(self.run)
[default_server_endpoint-1]     ~~~~~~~~~~~~~~~~~^^^^^^^^^^
[default_server_endpoint-1]   File "/home/yukichi6105/ros2_ws/build/ros_tcp_endpoint/ros_tcp_endpoint/client.py", line 213, in run
[default_server_endpoint-1]     self.tcp_server.handle_syscommand(destination, data)
[default_server_endpoint-1]     ~~~~~~~~~~~~~~~~~~~~~~~~~~~~~~~~~^^^^^^^^^^^^^^^^^^^
[default_server_endpoint-1]   File "/home/yukichi6105/ros2_ws/build/ros_tcp_endpoint/ros_tcp_endpoint/server.py", line 126, in handle_syscommand
[default_server_endpoint-1]     params = json.loads(message_json)
[default_server_endpoint-1]   File "/usr/lib/python3.14/json/__init__.py", line 352, in loads
[default_server_endpoint-1]     return _default_decoder.decode(s)
[default_server_endpoint-1]            ~~~~~~~~~~~~~~~~~~~~~~~^^^
[default_server_endpoint-1]   File "/usr/lib/python3.14/json/decoder.py", line 345, in decode
[default_server_endpoint-1]     obj, end = self.raw_decode(s, idx=_w(s, 0).end())
[default_server_endpoint-1]                ~~~~~~~~~~~~~~~^^^^^^^^^^^^^^^^^^^^^^^
[default_server_endpoint-1]   File "/usr/lib/python3.14/json/decoder.py", line 361, in raw_decode
[default_server_endpoint-1]     obj, end = self.scan_once(s, idx)
[default_server_endpoint-1]                ~~~~~~~~~~~~~~^^^^^^^^
[default_server_endpoint-1] json.decoder.JSONDecodeError: Expecting ',' delimiter: line 1 column 57 (char 56)
[default_server_endpoint-1] [INFO] [1785087374.471060777] [unity_endpoint]: Connection from 127.0.0.1
[default_server_endpoint-1] [INFO] [1785087374.472397103] [unity_endpoint]: Disconnected from 127.0.0.1
[default_server_endpoint-1] Exception in thread Thread-138:
[default_server_endpoint-1] Traceback (most recent call last):
[default_server_endpoint-1]   File "/usr/lib/python3.14/threading.py", line 1082, in _bootstrap_inner
[default_server_endpoint-1]     self._context.run(self.run)
[default_server_endpoint-1]     ~~~~~~~~~~~~~~~~~^^^^^^^^^^
[default_server_endpoint-1]   File "/home/yukichi6105/ros2_ws/build/ros_tcp_endpoint/ros_tcp_endpoint/client.py", line 213, in run
[default_server_endpoint-1]     self.tcp_server.handle_syscommand(destination, data)
[default_server_endpoint-1]     ~~~~~~~~~~~~~~~~~~~~~~~~~~~~~~~~~^^^^^^^^^^^^^^^^^^^
[default_server_endpoint-1]   File "/home/yukichi6105/ros2_ws/build/ros_tcp_endpoint/ros_tcp_endpoint/server.py", line 126, in handle_syscommand
[default_server_endpoint-1]     params = json.loads(message_json)
[default_server_endpoint-1]   File "/usr/lib/python3.14/json/__init__.py", line 352, in loads
[default_server_endpoint-1]     return _default_decoder.decode(s)
[default_server_endpoint-1]            ~~~~~~~~~~~~~~~~~~~~~~~^^^
[default_server_endpoint-1]   File "/usr/lib/python3.14/json/decoder.py", line 345, in decode
[default_server_endpoint-1]     obj, end = self.raw_decode(s, idx=_w(s, 0).end())
[default_server_endpoint-1]                ~~~~~~~~~~~~~~~^^^^^^^^^^^^^^^^^^^^^^^
[default_server_endpoint-1]   File "/usr/lib/python3.14/json/decoder.py", line 361, in raw_decode
[default_server_endpoint-1]     obj, end = self.scan_once(s, idx)
[default_server_endpoint-1]                ~~~~~~~~~~~~~~^^^^^^^^
[default_server_endpoint-1] json.decoder.JSONDecodeError: Expecting ',' delimiter: line 1 column 57 (char 56)
[default_server_endpoint-1] [INFO] [1785087375.480736484] [unity_endpoint]: Connection from 127.0.0.1
[default_server_endpoint-1] [INFO] [1785087375.481765866] [unity_endpoint]: Disconnected from 127.0.0.1
[default_server_endpoint-1] Exception in thread Thread-140:
[default_server_endpoint-1] Traceback (most recent call last):
[default_server_endpoint-1]   File "/usr/lib/python3.14/threading.py", line 1082, in _bootstrap_inner
[default_server_endpoint-1]     self._context.run(self.run)
[default_server_endpoint-1]     ~~~~~~~~~~~~~~~~~^^^^^^^^^^
[default_server_endpoint-1]   File "/home/yukichi6105/ros2_ws/build/ros_tcp_endpoint/ros_tcp_endpoint/client.py", line 213, in run
[default_server_endpoint-1]     self.tcp_server.handle_syscommand(destination, data)
[default_server_endpoint-1]     ~~~~~~~~~~~~~~~~~~~~~~~~~~~~~~~~~^^^^^^^^^^^^^^^^^^^
[default_server_endpoint-1]   File "/home/yukichi6105/ros2_ws/build/ros_tcp_endpoint/ros_tcp_endpoint/server.py", line 126, in handle_syscommand
[default_server_endpoint-1]     params = json.loads(message_json)
[default_server_endpoint-1]   File "/usr/lib/python3.14/json/__init__.py", line 352, in loads
[default_server_endpoint-1]     return _default_decoder.decode(s)
[default_server_endpoint-1]            ~~~~~~~~~~~~~~~~~~~~~~~^^^
[default_server_endpoint-1]   File "/usr/lib/python3.14/json/decoder.py", line 345, in decode
[default_server_endpoint-1]     obj, end = self.raw_decode(s, idx=_w(s, 0).end())
[default_server_endpoint-1]                ~~~~~~~~~~~~~~~^^^^^^^^^^^^^^^^^^^^^^^
[default_server_endpoint-1]   File "/usr/lib/python3.14/json/decoder.py", line 361, in raw_decode
[default_server_endpoint-1]     obj, end = self.scan_once(s, idx)
[default_server_endpoint-1]                ~~~~~~~~~~~~~~^^^^^^^^
[default_server_endpoint-1] json.decoder.JSONDecodeError: Expecting ',' delimiter: line 1 column 57 (char 56)
[default_server_endpoint-1] [INFO] [1785087376.494619817] [unity_endpoint]: Connection from 127.0.0.1
[default_server_endpoint-1] [INFO] [1785087376.496010264] [unity_endpoint]: Disconnected from 127.0.0.1
[default_server_endpoint-1] Exception in thread Thread-142:
[default_server_endpoint-1] Traceback (most recent call last):
[default_server_endpoint-1]   File "/usr/lib/python3.14/threading.py", line 1082, in _bootstrap_inner
[default_server_endpoint-1]     self._context.run(self.run)
[default_server_endpoint-1]     ~~~~~~~~~~~~~~~~~^^^^^^^^^^
[default_server_endpoint-1]   File "/home/yukichi6105/ros2_ws/build/ros_tcp_endpoint/ros_tcp_endpoint/client.py", line 213, in run
[default_server_endpoint-1]     self.tcp_server.handle_syscommand(destination, data)
[default_server_endpoint-1]     ~~~~~~~~~~~~~~~~~~~~~~~~~~~~~~~~~^^^^^^^^^^^^^^^^^^^
[default_server_endpoint-1]   File "/home/yukichi6105/ros2_ws/build/ros_tcp_endpoint/ros_tcp_endpoint/server.py", line 126, in handle_syscommand
[default_server_endpoint-1]     params = json.loads(message_json)
[default_server_endpoint-1]   File "/usr/lib/python3.14/json/__init__.py", line 352, in loads
[default_server_endpoint-1]     return _default_decoder.decode(s)
[default_server_endpoint-1]            ~~~~~~~~~~~~~~~~~~~~~~~^^^
[default_server_endpoint-1]   File "/usr/lib/python3.14/json/decoder.py", line 345, in decode
[default_server_endpoint-1]     obj, end = self.raw_decode(s, idx=_w(s, 0).end())
[default_server_endpoint-1]                ~~~~~~~~~~~~~~~^^^^^^^^^^^^^^^^^^^^^^^
[default_server_endpoint-1]   File "/usr/lib/python3.14/json/decoder.py", line 361, in raw_decode
[default_server_endpoint-1]     obj, end = self.scan_once(s, idx)
[default_server_endpoint-1]                ~~~~~~~~~~~~~~^^^^^^^^
[default_server_endpoint-1] json.decoder.JSONDecodeError: Expecting ',' delimiter: line 1 column 57 (char 56)
[default_server_endpoint-1] [INFO] [1785087377.520263770] [unity_endpoint]: Connection from 127.0.0.1
[default_server_endpoint-1] [INFO] [1785087377.521318989] [unity_endpoint]: Disconnected from 127.0.0.1
[default_server_endpoint-1] Exception in thread Thread-144:
[default_server_endpoint-1] Traceback (most recent call last):
[default_server_endpoint-1]   File "/usr/lib/python3.14/threading.py", line 1082, in _bootstrap_inner
[default_server_endpoint-1]     self._context.run(self.run)
[default_server_endpoint-1]     ~~~~~~~~~~~~~~~~~^^^^^^^^^^
[default_server_endpoint-1]   File "/home/yukichi6105/ros2_ws/build/ros_tcp_endpoint/ros_tcp_endpoint/client.py", line 213, in run
[default_server_endpoint-1]     self.tcp_server.handle_syscommand(destination, data)
[default_server_endpoint-1]     ~~~~~~~~~~~~~~~~~~~~~~~~~~~~~~~~~^^^^^^^^^^^^^^^^^^^
[default_server_endpoint-1]   File "/home/yukichi6105/ros2_ws/build/ros_tcp_endpoint/ros_tcp_endpoint/server.py", line 126, in handle_syscommand
[default_server_endpoint-1]     params = json.loads(message_json)
[default_server_endpoint-1]   File "/usr/lib/python3.14/json/__init__.py", line 352, in loads
[default_server_endpoint-1]     return _default_decoder.decode(s)
[default_server_endpoint-1]            ~~~~~~~~~~~~~~~~~~~~~~~^^^
[default_server_endpoint-1]   File "/usr/lib/python3.14/json/decoder.py", line 345, in decode
[default_server_endpoint-1]     obj, end = self.raw_decode(s, idx=_w(s, 0).end())
[default_server_endpoint-1]                ~~~~~~~~~~~~~~~^^^^^^^^^^^^^^^^^^^^^^^
[default_server_endpoint-1]   File "/usr/lib/python3.14/json/decoder.py", line 361, in raw_decode
[default_server_endpoint-1]     obj, end = self.scan_once(s, idx)
[default_server_endpoint-1]                ~~~~~~~~~~~~~~^^^^^^^^
[default_server_endpoint-1] json.decoder.JSONDecodeError: Expecting ',' delimiter: line 1 column 57 (char 56)
[default_server_endpoint-1] [INFO] [1785087378.538934907] [unity_endpoint]: Connection from 127.0.0.1
[default_server_endpoint-1] [INFO] [1785087378.541124996] [unity_endpoint]: Disconnected from 127.0.0.1
[default_server_endpoint-1] Exception in thread Thread-146:
[default_server_endpoint-1] Traceback (most recent call last):
[default_server_endpoint-1]   File "/usr/lib/python3.14/threading.py", line 1082, in _bootstrap_inner
[default_server_endpoint-1]     self._context.run(self.run)
[default_server_endpoint-1]     ~~~~~~~~~~~~~~~~~^^^^^^^^^^
[default_server_endpoint-1]   File "/home/yukichi6105/ros2_ws/build/ros_tcp_endpoint/ros_tcp_endpoint/client.py", line 213, in run
[default_server_endpoint-1]     self.tcp_server.handle_syscommand(destination, data)
[default_server_endpoint-1]     ~~~~~~~~~~~~~~~~~~~~~~~~~~~~~~~~~^^^^^^^^^^^^^^^^^^^
[default_server_endpoint-1]   File "/home/yukichi6105/ros2_ws/build/ros_tcp_endpoint/ros_tcp_endpoint/server.py", line 126, in handle_syscommand
[default_server_endpoint-1]     params = json.loads(message_json)
[default_server_endpoint-1]   File "/usr/lib/python3.14/json/__init__.py", line 352, in loads
[default_server_endpoint-1]     return _default_decoder.decode(s)
[default_server_endpoint-1]            ~~~~~~~~~~~~~~~~~~~~~~~^^^
[default_server_endpoint-1]   File "/usr/lib/python3.14/json/decoder.py", line 345, in decode
[default_server_endpoint-1]     obj, end = self.raw_decode(s, idx=_w(s, 0).end())
[default_server_endpoint-1]                ~~~~~~~~~~~~~~~^^^^^^^^^^^^^^^^^^^^^^^
[default_server_endpoint-1]   File "/usr/lib/python3.14/json/decoder.py", line 361, in raw_decode
[default_server_endpoint-1]     obj, end = self.scan_once(s, idx)
[default_server_endpoint-1]                ~~~~~~~~~~~~~~^^^^^^^^
[default_server_endpoint-1] json.decoder.JSONDecodeError: Expecting ',' delimiter: line 1 column 57 (char 56)
[default_server_endpoint-1] [INFO] [1785087379.579722312] [unity_endpoint]: Connection from 127.0.0.1
[default_server_endpoint-1] [INFO] [1785087379.580811944] [unity_endpoint]: Disconnected from 127.0.0.1
[default_server_endpoint-1] Exception in thread Thread-148:
[default_server_endpoint-1] Traceback (most recent call last):
[default_server_endpoint-1]   File "/usr/lib/python3.14/threading.py", line 1082, in _bootstrap_inner
[default_server_endpoint-1]     self._context.run(self.run)
[default_server_endpoint-1]     ~~~~~~~~~~~~~~~~~^^^^^^^^^^
[default_server_endpoint-1]   File "/home/yukichi6105/ros2_ws/build/ros_tcp_endpoint/ros_tcp_endpoint/client.py", line 213, in run
[default_server_endpoint-1]     self.tcp_server.handle_syscommand(destination, data)
[default_server_endpoint-1]     ~~~~~~~~~~~~~~~~~~~~~~~~~~~~~~~~~^^^^^^^^^^^^^^^^^^^
[default_server_endpoint-1]   File "/home/yukichi6105/ros2_ws/build/ros_tcp_endpoint/ros_tcp_endpoint/server.py", line 126, in handle_syscommand
[default_server_endpoint-1]     params = json.loads(message_json)
[default_server_endpoint-1]   File "/usr/lib/python3.14/json/__init__.py", line 352, in loads
[default_server_endpoint-1]     return _default_decoder.decode(s)
[default_server_endpoint-1]            ~~~~~~~~~~~~~~~~~~~~~~~^^^
[default_server_endpoint-1]   File "/usr/lib/python3.14/json/decoder.py", line 345, in decode
[default_server_endpoint-1]     obj, end = self.raw_decode(s, idx=_w(s, 0).end())
[default_server_endpoint-1]                ~~~~~~~~~~~~~~~^^^^^^^^^^^^^^^^^^^^^^^
[default_server_endpoint-1]   File "/usr/lib/python3.14/json/decoder.py", line 361, in raw_decode
[default_server_endpoint-1]     obj, end = self.scan_once(s, idx)
[default_server_endpoint-1]                ~~~~~~~~~~~~~~^^^^^^^^
[default_server_endpoint-1] json.decoder.JSONDecodeError: Expecting ',' delimiter: line 1 column 57 (char 56)
[default_server_endpoint-1] [INFO] [1785087380.600314741] [unity_endpoint]: Connection from 127.0.0.1
[default_server_endpoint-1] [INFO] [1785087380.601344306] [unity_endpoint]: Disconnected from 127.0.0.1
[default_server_endpoint-1] Exception in thread Thread-150:
[default_server_endpoint-1] Traceback (most recent call last):
[default_server_endpoint-1]   File "/usr/lib/python3.14/threading.py", line 1082, in _bootstrap_inner
[default_server_endpoint-1]     self._context.run(self.run)
[default_server_endpoint-1]     ~~~~~~~~~~~~~~~~~^^^^^^^^^^
[default_server_endpoint-1]   File "/home/yukichi6105/ros2_ws/build/ros_tcp_endpoint/ros_tcp_endpoint/client.py", line 213, in run
[default_server_endpoint-1]     self.tcp_server.handle_syscommand(destination, data)
[default_server_endpoint-1]     ~~~~~~~~~~~~~~~~~~~~~~~~~~~~~~~~~^^^^^^^^^^^^^^^^^^^
[default_server_endpoint-1]   File "/home/yukichi6105/ros2_ws/build/ros_tcp_endpoint/ros_tcp_endpoint/server.py", line 126, in handle_syscommand
[default_server_endpoint-1]     params = json.loads(message_json)
[default_server_endpoint-1]   File "/usr/lib/python3.14/json/__init__.py", line 352, in loads
[default_server_endpoint-1]     return _default_decoder.decode(s)
[default_server_endpoint-1]            ~~~~~~~~~~~~~~~~~~~~~~~^^^
[default_server_endpoint-1]   File "/usr/lib/python3.14/json/decoder.py", line 345, in decode
[default_server_endpoint-1]     obj, end = self.raw_decode(s, idx=_w(s, 0).end())
[default_server_endpoint-1]                ~~~~~~~~~~~~~~~^^^^^^^^^^^^^^^^^^^^^^^
[default_server_endpoint-1]   File "/usr/lib/python3.14/json/decoder.py", line 361, in raw_decode
[default_server_endpoint-1]     obj, end = self.scan_once(s, idx)
[default_server_endpoint-1]                ~~~~~~~~~~~~~~^^^^^^^^
[default_server_endpoint-1] json.decoder.JSONDecodeError: Expecting ',' delimiter: line 1 column 57 (char 56)
[default_server_endpoint-1] [INFO] [1785087381.609601340] [unity_endpoint]: Connection from 127.0.0.1
[default_server_endpoint-1] [INFO] [1785087381.610872739] [unity_endpoint]: Disconnected from 127.0.0.1
[default_server_endpoint-1] Exception in thread Thread-152:
[default_server_endpoint-1] Traceback (most recent call last):
[default_server_endpoint-1]   File "/usr/lib/python3.14/threading.py", line 1082, in _bootstrap_inner
[default_server_endpoint-1]     self._context.run(self.run)
[default_server_endpoint-1]     ~~~~~~~~~~~~~~~~~^^^^^^^^^^
[default_server_endpoint-1]   File "/home/yukichi6105/ros2_ws/build/ros_tcp_endpoint/ros_tcp_endpoint/client.py", line 213, in run
[default_server_endpoint-1]     self.tcp_server.handle_syscommand(destination, data)
[default_server_endpoint-1]     ~~~~~~~~~~~~~~~~~~~~~~~~~~~~~~~~~^^^^^^^^^^^^^^^^^^^
[default_server_endpoint-1]   File "/home/yukichi6105/ros2_ws/build/ros_tcp_endpoint/ros_tcp_endpoint/server.py", line 126, in handle_syscommand
[default_server_endpoint-1]     params = json.loads(message_json)
[default_server_endpoint-1]   File "/usr/lib/python3.14/json/__init__.py", line 352, in loads
[default_server_endpoint-1]     return _default_decoder.decode(s)
[default_server_endpoint-1]            ~~~~~~~~~~~~~~~~~~~~~~~^^^
[default_server_endpoint-1]   File "/usr/lib/python3.14/json/decoder.py", line 345, in decode
[default_server_endpoint-1]     obj, end = self.raw_decode(s, idx=_w(s, 0).end())
[default_server_endpoint-1]                ~~~~~~~~~~~~~~~^^^^^^^^^^^^^^^^^^^^^^^
[default_server_endpoint-1]   File "/usr/lib/python3.14/json/decoder.py", line 361, in raw_decode
[default_server_endpoint-1]     obj, end = self.scan_once(s, idx)
[default_server_endpoint-1]                ~~~~~~~~~~~~~~^^^^^^^^
[default_server_endpoint-1] json.decoder.JSONDecodeError: Expecting ',' delimiter: line 1 column 57 (char 56)
[default_server_endpoint-1] [INFO] [1785087382.619761871] [unity_endpoint]: Connection from 127.0.0.1
[default_server_endpoint-1] [INFO] [1785087382.620985384] [unity_endpoint]: Disconnected from 127.0.0.1
[default_server_endpoint-1] Exception in thread Thread-154:
[default_server_endpoint-1] Traceback (most recent call last):
[default_server_endpoint-1]   File "/usr/lib/python3.14/threading.py", line 1082, in _bootstrap_inner
[default_server_endpoint-1]     self._context.run(self.run)
[default_server_endpoint-1]     ~~~~~~~~~~~~~~~~~^^^^^^^^^^
[default_server_endpoint-1]   File "/home/yukichi6105/ros2_ws/build/ros_tcp_endpoint/ros_tcp_endpoint/client.py", line 213, in run
[default_server_endpoint-1]     self.tcp_server.handle_syscommand(destination, data)
[default_server_endpoint-1]     ~~~~~~~~~~~~~~~~~~~~~~~~~~~~~~~~~^^^^^^^^^^^^^^^^^^^
[default_server_endpoint-1]   File "/home/yukichi6105/ros2_ws/build/ros_tcp_endpoint/ros_tcp_endpoint/server.py", line 126, in handle_syscommand
[default_server_endpoint-1]     params = json.loads(message_json)
[default_server_endpoint-1]   File "/usr/lib/python3.14/json/__init__.py", line 352, in loads
[default_server_endpoint-1]     return _default_decoder.decode(s)
[default_server_endpoint-1]            ~~~~~~~~~~~~~~~~~~~~~~~^^^
[default_server_endpoint-1]   File "/usr/lib/python3.14/json/decoder.py", line 345, in decode
[default_server_endpoint-1]     obj, end = self.raw_decode(s, idx=_w(s, 0).end())
[default_server_endpoint-1]                ~~~~~~~~~~~~~~~^^^^^^^^^^^^^^^^^^^^^^^
[default_server_endpoint-1]   File "/usr/lib/python3.14/json/decoder.py", line 361, in raw_decode
[default_server_endpoint-1]     obj, end = self.scan_once(s, idx)
[default_server_endpoint-1]                ~~~~~~~~~~~~~~^^^^^^^^
[default_server_endpoint-1] json.decoder.JSONDecodeError: Expecting ',' delimiter: line 1 column 57 (char 56)
[default_server_endpoint-1] [INFO] [1785087383.635036248] [unity_endpoint]: Connection from 127.0.0.1
[default_server_endpoint-1] [INFO] [1785087383.636029909] [unity_endpoint]: Disconnected from 127.0.0.1
[default_server_endpoint-1] Exception in thread Thread-156:
[default_server_endpoint-1] Traceback (most recent call last):
[default_server_endpoint-1]   File "/usr/lib/python3.14/threading.py", line 1082, in _bootstrap_inner
[default_server_endpoint-1]     self._context.run(self.run)
[default_server_endpoint-1]     ~~~~~~~~~~~~~~~~~^^^^^^^^^^
[default_server_endpoint-1]   File "/home/yukichi6105/ros2_ws/build/ros_tcp_endpoint/ros_tcp_endpoint/client.py", line 213, in run
[default_server_endpoint-1]     self.tcp_server.handle_syscommand(destination, data)
[default_server_endpoint-1]     ~~~~~~~~~~~~~~~~~~~~~~~~~~~~~~~~~^^^^^^^^^^^^^^^^^^^
[default_server_endpoint-1]   File "/home/yukichi6105/ros2_ws/build/ros_tcp_endpoint/ros_tcp_endpoint/server.py", line 126, in handle_syscommand
[default_server_endpoint-1]     params = json.loads(message_json)
[default_server_endpoint-1]   File "/usr/lib/python3.14/json/__init__.py", line 352, in loads
[default_server_endpoint-1]     return _default_decoder.decode(s)
[default_server_endpoint-1]            ~~~~~~~~~~~~~~~~~~~~~~~^^^
[default_server_endpoint-1]   File "/usr/lib/python3.14/json/decoder.py", line 345, in decode
[default_server_endpoint-1]     obj, end = self.raw_decode(s, idx=_w(s, 0).end())
[default_server_endpoint-1]                ~~~~~~~~~~~~~~~^^^^^^^^^^^^^^^^^^^^^^^
[default_server_endpoint-1]   File "/usr/lib/python3.14/json/decoder.py", line 361, in raw_decode
[default_server_endpoint-1]     obj, end = self.scan_once(s, idx)
[default_server_endpoint-1]                ~~~~~~~~~~~~~~^^^^^^^^
[default_server_endpoint-1] json.decoder.JSONDecodeError: Expecting ',' delimiter: line 1 column 57 (char 56)
[default_server_endpoint-1] [INFO] [1785087384.642887205] [unity_endpoint]: Connection from 127.0.0.1
[default_server_endpoint-1] [INFO] [1785087384.644088464] [unity_endpoint]: Disconnected from 127.0.0.1
[default_server_endpoint-1] Exception in thread Thread-158:
[default_server_endpoint-1] Traceback (most recent call last):
[default_server_endpoint-1]   File "/usr/lib/python3.14/threading.py", line 1082, in _bootstrap_inner
[default_server_endpoint-1]     self._context.run(self.run)
[default_server_endpoint-1]     ~~~~~~~~~~~~~~~~~^^^^^^^^^^
[default_server_endpoint-1]   File "/home/yukichi6105/ros2_ws/build/ros_tcp_endpoint/ros_tcp_endpoint/client.py", line 213, in run
[default_server_endpoint-1]     self.tcp_server.handle_syscommand(destination, data)
[default_server_endpoint-1]     ~~~~~~~~~~~~~~~~~~~~~~~~~~~~~~~~~^^^^^^^^^^^^^^^^^^^
[default_server_endpoint-1]   File "/home/yukichi6105/ros2_ws/build/ros_tcp_endpoint/ros_tcp_endpoint/server.py", line 126, in handle_syscommand
[default_server_endpoint-1]     params = json.loads(message_json)
[default_server_endpoint-1]   File "/usr/lib/python3.14/json/__init__.py", line 352, in loads
[default_server_endpoint-1]     return _default_decoder.decode(s)
[default_server_endpoint-1]            ~~~~~~~~~~~~~~~~~~~~~~~^^^
[default_server_endpoint-1]   File "/usr/lib/python3.14/json/decoder.py", line 345, in decode
[default_server_endpoint-1]     obj, end = self.raw_decode(s, idx=_w(s, 0).end())
[default_server_endpoint-1]                ~~~~~~~~~~~~~~~^^^^^^^^^^^^^^^^^^^^^^^
[default_server_endpoint-1]   File "/usr/lib/python3.14/json/decoder.py", line 361, in raw_decode
[default_server_endpoint-1]     obj, end = self.scan_once(s, idx)
[default_server_endpoint-1]                ~~~~~~~~~~~~~~^^^^^^^^
[default_server_endpoint-1] json.decoder.JSONDecodeError: Expecting ',' delimiter: line 1 column 57 (char 56)
[default_server_endpoint-1] [INFO] [1785087385.663401795] [unity_endpoint]: Connection from 127.0.0.1
[default_server_endpoint-1] [INFO] [1785087385.664795671] [unity_endpoint]: Disconnected from 127.0.0.1
[default_server_endpoint-1] Exception in thread Thread-160:
[default_server_endpoint-1] Traceback (most recent call last):
[default_server_endpoint-1]   File "/usr/lib/python3.14/threading.py", line 1082, in _bootstrap_inner
[default_server_endpoint-1]     self._context.run(self.run)
[default_server_endpoint-1]     ~~~~~~~~~~~~~~~~~^^^^^^^^^^
[default_server_endpoint-1]   File "/home/yukichi6105/ros2_ws/build/ros_tcp_endpoint/ros_tcp_endpoint/client.py", line 213, in run
[default_server_endpoint-1]     self.tcp_server.handle_syscommand(destination, data)
[default_server_endpoint-1]     ~~~~~~~~~~~~~~~~~~~~~~~~~~~~~~~~~^^^^^^^^^^^^^^^^^^^
[default_server_endpoint-1]   File "/home/yukichi6105/ros2_ws/build/ros_tcp_endpoint/ros_tcp_endpoint/server.py", line 126, in handle_syscommand
[default_server_endpoint-1]     params = json.loads(message_json)
[default_server_endpoint-1]   File "/usr/lib/python3.14/json/__init__.py", line 352, in loads
[default_server_endpoint-1]     return _default_decoder.decode(s)
[default_server_endpoint-1]            ~~~~~~~~~~~~~~~~~~~~~~~^^^
[default_server_endpoint-1]   File "/usr/lib/python3.14/json/decoder.py", line 345, in decode
[default_server_endpoint-1]     obj, end = self.raw_decode(s, idx=_w(s, 0).end())
[default_server_endpoint-1]                ~~~~~~~~~~~~~~~^^^^^^^^^^^^^^^^^^^^^^^
[default_server_endpoint-1]   File "/usr/lib/python3.14/json/decoder.py", line 361, in raw_decode
[default_server_endpoint-1]     obj, end = self.scan_once(s, idx)
[default_server_endpoint-1]                ~~~~~~~~~~~~~~^^^^^^^^
[default_server_endpoint-1] json.decoder.JSONDecodeError: Expecting ',' delimiter: line 1 column 57 (char 56)
[default_server_endpoint-1] [INFO] [1785087386.680292919] [unity_endpoint]: Connection from 127.0.0.1
[default_server_endpoint-1] [INFO] [1785087386.681901946] [unity_endpoint]: Disconnected from 127.0.0.1
[default_server_endpoint-1] Exception in thread Thread-162:
[default_server_endpoint-1] Traceback (most recent call last):
[default_server_endpoint-1]   File "/usr/lib/python3.14/threading.py", line 1082, in _bootstrap_inner
[default_server_endpoint-1]     self._context.run(self.run)
[default_server_endpoint-1]     ~~~~~~~~~~~~~~~~~^^^^^^^^^^
[default_server_endpoint-1]   File "/home/yukichi6105/ros2_ws/build/ros_tcp_endpoint/ros_tcp_endpoint/client.py", line 213, in run
[default_server_endpoint-1]     self.tcp_server.handle_syscommand(destination, data)
[default_server_endpoint-1]     ~~~~~~~~~~~~~~~~~~~~~~~~~~~~~~~~~^^^^^^^^^^^^^^^^^^^
[default_server_endpoint-1]   File "/home/yukichi6105/ros2_ws/build/ros_tcp_endpoint/ros_tcp_endpoint/server.py", line 126, in handle_syscommand
[default_server_endpoint-1]     params = json.loads(message_json)
[default_server_endpoint-1]   File "/usr/lib/python3.14/json/__init__.py", line 352, in loads
[default_server_endpoint-1]     return _default_decoder.decode(s)
[default_server_endpoint-1]            ~~~~~~~~~~~~~~~~~~~~~~~^^^
[default_server_endpoint-1]   File "/usr/lib/python3.14/json/decoder.py", line 345, in decode
[default_server_endpoint-1]     obj, end = self.raw_decode(s, idx=_w(s, 0).end())
[default_server_endpoint-1]                ~~~~~~~~~~~~~~~^^^^^^^^^^^^^^^^^^^^^^^
[default_server_endpoint-1]   File "/usr/lib/python3.14/json/decoder.py", line 361, in raw_decode
[default_server_endpoint-1]     obj, end = self.scan_once(s, idx)
[default_server_endpoint-1]                ~~~~~~~~~~~~~~^^^^^^^^
[default_server_endpoint-1] json.decoder.JSONDecodeError: Expecting ',' delimiter: line 1 column 57 (char 56)
[default_server_endpoint-1] [INFO] [1785087387.698663881] [unity_endpoint]: Connection from 127.0.0.1
[default_server_endpoint-1] [INFO] [1785087387.700466453] [unity_endpoint]: Disconnected from 127.0.0.1
[default_server_endpoint-1] Exception in thread Thread-164:
[default_server_endpoint-1] Traceback (most recent call last):
[default_server_endpoint-1]   File "/usr/lib/python3.14/threading.py", line 1082, in _bootstrap_inner
[default_server_endpoint-1]     self._context.run(self.run)
[default_server_endpoint-1]     ~~~~~~~~~~~~~~~~~^^^^^^^^^^
[default_server_endpoint-1]   File "/home/yukichi6105/ros2_ws/build/ros_tcp_endpoint/ros_tcp_endpoint/client.py", line 213, in run
[default_server_endpoint-1]     self.tcp_server.handle_syscommand(destination, data)
[default_server_endpoint-1]     ~~~~~~~~~~~~~~~~~~~~~~~~~~~~~~~~~^^^^^^^^^^^^^^^^^^^
[default_server_endpoint-1]   File "/home/yukichi6105/ros2_ws/build/ros_tcp_endpoint/ros_tcp_endpoint/server.py", line 126, in handle_syscommand
[default_server_endpoint-1]     params = json.loads(message_json)
[default_server_endpoint-1]   File "/usr/lib/python3.14/json/__init__.py", line 352, in loads
[default_server_endpoint-1]     return _default_decoder.decode(s)
[default_server_endpoint-1]            ~~~~~~~~~~~~~~~~~~~~~~~^^^
[default_server_endpoint-1]   File "/usr/lib/python3.14/json/decoder.py", line 345, in decode
[default_server_endpoint-1]     obj, end = self.raw_decode(s, idx=_w(s, 0).end())
[default_server_endpoint-1]                ~~~~~~~~~~~~~~~^^^^^^^^^^^^^^^^^^^^^^^
[default_server_endpoint-1]   File "/usr/lib/python3.14/json/decoder.py", line 361, in raw_decode
[default_server_endpoint-1]     obj, end = self.scan_once(s, idx)
[default_server_endpoint-1]                ~~~~~~~~~~~~~~^^^^^^^^
[default_server_endpoint-1] json.decoder.JSONDecodeError: Expecting ',' delimiter: line 1 column 57 (char 56)
[default_server_endpoint-1] [INFO] [1785087388.717418533] [unity_endpoint]: Connection from 127.0.0.1
[default_server_endpoint-1] [INFO] [1785087388.718655932] [unity_endpoint]: Disconnected from 127.0.0.1
[default_server_endpoint-1] Exception in thread Thread-166:
[default_server_endpoint-1] Traceback (most recent call last):
[default_server_endpoint-1]   File "/usr/lib/python3.14/threading.py", line 1082, in _bootstrap_inner
[default_server_endpoint-1]     self._context.run(self.run)
[default_server_endpoint-1]     ~~~~~~~~~~~~~~~~~^^^^^^^^^^
[default_server_endpoint-1]   File "/home/yukichi6105/ros2_ws/build/ros_tcp_endpoint/ros_tcp_endpoint/client.py", line 213, in run
[default_server_endpoint-1]     self.tcp_server.handle_syscommand(destination, data)
[default_server_endpoint-1]     ~~~~~~~~~~~~~~~~~~~~~~~~~~~~~~~~~^^^^^^^^^^^^^^^^^^^
[default_server_endpoint-1]   File "/home/yukichi6105/ros2_ws/build/ros_tcp_endpoint/ros_tcp_endpoint/server.py", line 126, in handle_syscommand
[default_server_endpoint-1]     params = json.loads(message_json)
[default_server_endpoint-1]   File "/usr/lib/python3.14/json/__init__.py", line 352, in loads
[default_server_endpoint-1]     return _default_decoder.decode(s)
[default_server_endpoint-1]            ~~~~~~~~~~~~~~~~~~~~~~~^^^
[default_server_endpoint-1]   File "/usr/lib/python3.14/json/decoder.py", line 345, in decode
[default_server_endpoint-1]     obj, end = self.raw_decode(s, idx=_w(s, 0).end())
[default_server_endpoint-1]                ~~~~~~~~~~~~~~~^^^^^^^^^^^^^^^^^^^^^^^
[default_server_endpoint-1]   File "/usr/lib/python3.14/json/decoder.py", line 361, in raw_decode
[default_server_endpoint-1]     obj, end = self.scan_once(s, idx)
[default_server_endpoint-1]                ~~~~~~~~~~~~~~^^^^^^^^
[default_server_endpoint-1] json.decoder.JSONDecodeError: Expecting ',' delimiter: line 1 column 57 (char 56)
[default_server_endpoint-1] [INFO] [1785087389.730056179] [unity_endpoint]: Connection from 127.0.0.1
[default_server_endpoint-1] [INFO] [1785087389.731360789] [unity_endpoint]: Disconnected from 127.0.0.1
[default_server_endpoint-1] Exception in thread Thread-168:
[default_server_endpoint-1] Traceback (most recent call last):
[default_server_endpoint-1]   File "/usr/lib/python3.14/threading.py", line 1082, in _bootstrap_inner
[default_server_endpoint-1]     self._context.run(self.run)
[default_server_endpoint-1]     ~~~~~~~~~~~~~~~~~^^^^^^^^^^
[default_server_endpoint-1]   File "/home/yukichi6105/ros2_ws/build/ros_tcp_endpoint/ros_tcp_endpoint/client.py", line 213, in run
[default_server_endpoint-1]     self.tcp_server.handle_syscommand(destination, data)
[default_server_endpoint-1]     ~~~~~~~~~~~~~~~~~~~~~~~~~~~~~~~~~^^^^^^^^^^^^^^^^^^^
[default_server_endpoint-1]   File "/home/yukichi6105/ros2_ws/build/ros_tcp_endpoint/ros_tcp_endpoint/server.py", line 126, in handle_syscommand
[default_server_endpoint-1]     params = json.loads(message_json)
[default_server_endpoint-1]   File "/usr/lib/python3.14/json/__init__.py", line 352, in loads
[default_server_endpoint-1]     return _default_decoder.decode(s)
[default_server_endpoint-1]            ~~~~~~~~~~~~~~~~~~~~~~~^^^
[default_server_endpoint-1]   File "/usr/lib/python3.14/json/decoder.py", line 345, in decode
[default_server_endpoint-1]     obj, end = self.raw_decode(s, idx=_w(s, 0).end())
[default_server_endpoint-1]                ~~~~~~~~~~~~~~~^^^^^^^^^^^^^^^^^^^^^^^
[default_server_endpoint-1]   File "/usr/lib/python3.14/json/decoder.py", line 361, in raw_decode
[default_server_endpoint-1]     obj, end = self.scan_once(s, idx)
[default_server_endpoint-1]                ~~~~~~~~~~~~~~^^^^^^^^
[default_server_endpoint-1] json.decoder.JSONDecodeError: Expecting ',' delimiter: line 1 column 57 (char 56)
[default_server_endpoint-1] [INFO] [1785087390.738089458] [unity_endpoint]: Connection from 127.0.0.1
[default_server_endpoint-1] [INFO] [1785087390.739287415] [unity_endpoint]: Disconnected from 127.0.0.1
[default_server_endpoint-1] Exception in thread Thread-170:
[default_server_endpoint-1] Traceback (most recent call last):
[default_server_endpoint-1]   File "/usr/lib/python3.14/threading.py", line 1082, in _bootstrap_inner
[default_server_endpoint-1]     self._context.run(self.run)
[default_server_endpoint-1]     ~~~~~~~~~~~~~~~~~^^^^^^^^^^
[default_server_endpoint-1]   File "/home/yukichi6105/ros2_ws/build/ros_tcp_endpoint/ros_tcp_endpoint/client.py", line 213, in run
[default_server_endpoint-1]     self.tcp_server.handle_syscommand(destination, data)
[default_server_endpoint-1]     ~~~~~~~~~~~~~~~~~~~~~~~~~~~~~~~~~^^^^^^^^^^^^^^^^^^^
[default_server_endpoint-1]   File "/home/yukichi6105/ros2_ws/build/ros_tcp_endpoint/ros_tcp_endpoint/server.py", line 126, in handle_syscommand
[default_server_endpoint-1]     params = json.loads(message_json)
[default_server_endpoint-1]   File "/usr/lib/python3.14/json/__init__.py", line 352, in loads
[default_server_endpoint-1]     return _default_decoder.decode(s)
[default_server_endpoint-1]            ~~~~~~~~~~~~~~~~~~~~~~~^^^
[default_server_endpoint-1]   File "/usr/lib/python3.14/json/decoder.py", line 345, in decode
[default_server_endpoint-1]     obj, end = self.raw_decode(s, idx=_w(s, 0).end())
[default_server_endpoint-1]                ~~~~~~~~~~~~~~~^^^^^^^^^^^^^^^^^^^^^^^
[default_server_endpoint-1]   File "/usr/lib/python3.14/json/decoder.py", line 361, in raw_decode
[default_server_endpoint-1]     obj, end = self.scan_once(s, idx)
[default_server_endpoint-1]                ~~~~~~~~~~~~~~^^^^^^^^
[default_server_endpoint-1] json.decoder.JSONDecodeError: Expecting ',' delimiter: line 1 column 57 (char 56)
[default_server_endpoint-1] [INFO] [1785087391.746390993] [unity_endpoint]: Connection from 127.0.0.1
[default_server_endpoint-1] [INFO] [1785087391.748130648] [unity_endpoint]: Disconnected from 127.0.0.1
[default_server_endpoint-1] Exception in thread Thread-172:
[default_server_endpoint-1] Traceback (most recent call last):
[default_server_endpoint-1]   File "/usr/lib/python3.14/threading.py", line 1082, in _bootstrap_inner
[default_server_endpoint-1]     self._context.run(self.run)
[default_server_endpoint-1]     ~~~~~~~~~~~~~~~~~^^^^^^^^^^
[default_server_endpoint-1]   File "/home/yukichi6105/ros2_ws/build/ros_tcp_endpoint/ros_tcp_endpoint/client.py", line 213, in run
[default_server_endpoint-1]     self.tcp_server.handle_syscommand(destination, data)
[default_server_endpoint-1]     ~~~~~~~~~~~~~~~~~~~~~~~~~~~~~~~~~^^^^^^^^^^^^^^^^^^^
[default_server_endpoint-1]   File "/home/yukichi6105/ros2_ws/build/ros_tcp_endpoint/ros_tcp_endpoint/server.py", line 126, in handle_syscommand
[default_server_endpoint-1]     params = json.loads(message_json)
[default_server_endpoint-1]   File "/usr/lib/python3.14/json/__init__.py", line 352, in loads
[default_server_endpoint-1]     return _default_decoder.decode(s)
[default_server_endpoint-1]            ~~~~~~~~~~~~~~~~~~~~~~~^^^
[default_server_endpoint-1]   File "/usr/lib/python3.14/json/decoder.py", line 345, in decode
[default_server_endpoint-1]     obj, end = self.raw_decode(s, idx=_w(s, 0).end())
[default_server_endpoint-1]                ~~~~~~~~~~~~~~~^^^^^^^^^^^^^^^^^^^^^^^
[default_server_endpoint-1]   File "/usr/lib/python3.14/json/decoder.py", line 361, in raw_decode
[default_server_endpoint-1]     obj, end = self.scan_once(s, idx)
[default_server_endpoint-1]                ~~~~~~~~~~~~~~^^^^^^^^
[default_server_endpoint-1] json.decoder.JSONDecodeError: Expecting ',' delimiter: line 1 column 57 (char 56)
[default_server_endpoint-1] [INFO] [1785087392.764845342] [unity_endpoint]: Connection from 127.0.0.1
[default_server_endpoint-1] [INFO] [1785087392.766108269] [unity_endpoint]: Disconnected from 127.0.0.1
[default_server_endpoint-1] Exception in thread Thread-174:
[default_server_endpoint-1] Traceback (most recent call last):
[default_server_endpoint-1]   File "/usr/lib/python3.14/threading.py", line 1082, in _bootstrap_inner
[default_server_endpoint-1]     self._context.run(self.run)
[default_server_endpoint-1]     ~~~~~~~~~~~~~~~~~^^^^^^^^^^
[default_server_endpoint-1]   File "/home/yukichi6105/ros2_ws/build/ros_tcp_endpoint/ros_tcp_endpoint/client.py", line 213, in run
[default_server_endpoint-1]     self.tcp_server.handle_syscommand(destination, data)
[default_server_endpoint-1]     ~~~~~~~~~~~~~~~~~~~~~~~~~~~~~~~~~^^^^^^^^^^^^^^^^^^^
[default_server_endpoint-1]   File "/home/yukichi6105/ros2_ws/build/ros_tcp_endpoint/ros_tcp_endpoint/server.py", line 126, in handle_syscommand
[default_server_endpoint-1]     params = json.loads(message_json)
[default_server_endpoint-1]   File "/usr/lib/python3.14/json/__init__.py", line 352, in loads
[default_server_endpoint-1]     return _default_decoder.decode(s)
[default_server_endpoint-1]            ~~~~~~~~~~~~~~~~~~~~~~~^^^
[default_server_endpoint-1]   File "/usr/lib/python3.14/json/decoder.py", line 345, in decode
[default_server_endpoint-1]     obj, end = self.raw_decode(s, idx=_w(s, 0).end())
[default_server_endpoint-1]                ~~~~~~~~~~~~~~~^^^^^^^^^^^^^^^^^^^^^^^
[default_server_endpoint-1]   File "/usr/lib/python3.14/json/decoder.py", line 361, in raw_decode
[default_server_endpoint-1]     obj, end = self.scan_once(s, idx)
[default_server_endpoint-1]                ~~~~~~~~~~~~~~^^^^^^^^
[default_server_endpoint-1] json.decoder.JSONDecodeError: Expecting ',' delimiter: line 1 column 57 (char 56)
[default_server_endpoint-1] [INFO] [1785087393.781837824] [unity_endpoint]: Connection from 127.0.0.1
[default_server_endpoint-1] [INFO] [1785087393.782976788] [unity_endpoint]: Disconnected from 127.0.0.1
[default_server_endpoint-1] Exception in thread Thread-176:
[default_server_endpoint-1] Traceback (most recent call last):
[default_server_endpoint-1]   File "/usr/lib/python3.14/threading.py", line 1082, in _bootstrap_inner
[default_server_endpoint-1]     self._context.run(self.run)
[default_server_endpoint-1]     ~~~~~~~~~~~~~~~~~^^^^^^^^^^
[default_server_endpoint-1]   File "/home/yukichi6105/ros2_ws/build/ros_tcp_endpoint/ros_tcp_endpoint/client.py", line 213, in run
[default_server_endpoint-1]     self.tcp_server.handle_syscommand(destination, data)
[default_server_endpoint-1]     ~~~~~~~~~~~~~~~~~~~~~~~~~~~~~~~~~^^^^^^^^^^^^^^^^^^^
[default_server_endpoint-1]   File "/home/yukichi6105/ros2_ws/build/ros_tcp_endpoint/ros_tcp_endpoint/server.py", line 126, in handle_syscommand
[default_server_endpoint-1]     params = json.loads(message_json)
[default_server_endpoint-1]   File "/usr/lib/python3.14/json/__init__.py", line 352, in loads
[default_server_endpoint-1]     return _default_decoder.decode(s)
[default_server_endpoint-1]            ~~~~~~~~~~~~~~~~~~~~~~~^^^
[default_server_endpoint-1]   File "/usr/lib/python3.14/json/decoder.py", line 345, in decode
[default_server_endpoint-1]     obj, end = self.raw_decode(s, idx=_w(s, 0).end())
[default_server_endpoint-1]                ~~~~~~~~~~~~~~~^^^^^^^^^^^^^^^^^^^^^^^
[default_server_endpoint-1]   File "/usr/lib/python3.14/json/decoder.py", line 361, in raw_decode
[default_server_endpoint-1]     obj, end = self.scan_once(s, idx)
[default_server_endpoint-1]                ~~~~~~~~~~~~~~^^^^^^^^
[default_server_endpoint-1] json.decoder.JSONDecodeError: Expecting ',' delimiter: line 1 column 57 (char 56)
[default_server_endpoint-1] [INFO] [1785087394.797143108] [unity_endpoint]: Connection from 127.0.0.1
[default_server_endpoint-1] [INFO] [1785087394.798714770] [unity_endpoint]: Disconnected from 127.0.0.1
[default_server_endpoint-1] Exception in thread Thread-178:
[default_server_endpoint-1] Traceback (most recent call last):
[default_server_endpoint-1]   File "/usr/lib/python3.14/threading.py", line 1082, in _bootstrap_inner
[default_server_endpoint-1]     self._context.run(self.run)
[default_server_endpoint-1]     ~~~~~~~~~~~~~~~~~^^^^^^^^^^
[default_server_endpoint-1]   File "/home/yukichi6105/ros2_ws/build/ros_tcp_endpoint/ros_tcp_endpoint/client.py", line 213, in run
[default_server_endpoint-1]     self.tcp_server.handle_syscommand(destination, data)
[default_server_endpoint-1]     ~~~~~~~~~~~~~~~~~~~~~~~~~~~~~~~~~^^^^^^^^^^^^^^^^^^^
[default_server_endpoint-1]   File "/home/yukichi6105/ros2_ws/build/ros_tcp_endpoint/ros_tcp_endpoint/server.py", line 126, in handle_syscommand
[default_server_endpoint-1]     params = json.loads(message_json)
[default_server_endpoint-1]   File "/usr/lib/python3.14/json/__init__.py", line 352, in loads
[default_server_endpoint-1]     return _default_decoder.decode(s)
[default_server_endpoint-1]            ~~~~~~~~~~~~~~~~~~~~~~~^^^
[default_server_endpoint-1]   File "/usr/lib/python3.14/json/decoder.py", line 345, in decode
[default_server_endpoint-1]     obj, end = self.raw_decode(s, idx=_w(s, 0).end())
[default_server_endpoint-1]                ~~~~~~~~~~~~~~~^^^^^^^^^^^^^^^^^^^^^^^
[default_server_endpoint-1]   File "/usr/lib/python3.14/json/decoder.py", line 361, in raw_decode
[default_server_endpoint-1]     obj, end = self.scan_once(s, idx)
[default_server_endpoint-1]                ~~~~~~~~~~~~~~^^^^^^^^
[default_server_endpoint-1] json.decoder.JSONDecodeError: Expecting ',' delimiter: line 1 column 57 (char 56)
[default_server_endpoint-1] [INFO] [1785087395.812986003] [unity_endpoint]: Connection from 127.0.0.1
[default_server_endpoint-1] [INFO] [1785087395.814239118] [unity_endpoint]: Disconnected from 127.0.0.1
[default_server_endpoint-1] Exception in thread Thread-180:
[default_server_endpoint-1] Traceback (most recent call last):
[default_server_endpoint-1]   File "/usr/lib/python3.14/threading.py", line 1082, in _bootstrap_inner
[default_server_endpoint-1]     self._context.run(self.run)
[default_server_endpoint-1]     ~~~~~~~~~~~~~~~~~^^^^^^^^^^
[default_server_endpoint-1]   File "/home/yukichi6105/ros2_ws/build/ros_tcp_endpoint/ros_tcp_endpoint/client.py", line 213, in run
[default_server_endpoint-1]     self.tcp_server.handle_syscommand(destination, data)
[default_server_endpoint-1]     ~~~~~~~~~~~~~~~~~~~~~~~~~~~~~~~~~^^^^^^^^^^^^^^^^^^^
[default_server_endpoint-1]   File "/home/yukichi6105/ros2_ws/build/ros_tcp_endpoint/ros_tcp_endpoint/server.py", line 126, in handle_syscommand
[default_server_endpoint-1]     params = json.loads(message_json)
[default_server_endpoint-1]   File "/usr/lib/python3.14/json/__init__.py", line 352, in loads
[default_server_endpoint-1]     return _default_decoder.decode(s)
[default_server_endpoint-1]            ~~~~~~~~~~~~~~~~~~~~~~~^^^
[default_server_endpoint-1]   File "/usr/lib/python3.14/json/decoder.py", line 345, in decode
[default_server_endpoint-1]     obj, end = self.raw_decode(s, idx=_w(s, 0).end())
[default_server_endpoint-1]                ~~~~~~~~~~~~~~~^^^^^^^^^^^^^^^^^^^^^^^
[default_server_endpoint-1]   File "/usr/lib/python3.14/json/decoder.py", line 361, in raw_decode
[default_server_endpoint-1]     obj, end = self.scan_once(s, idx)
[default_server_endpoint-1]                ~~~~~~~~~~~~~~^^^^^^^^
[default_server_endpoint-1] json.decoder.JSONDecodeError: Expecting ',' delimiter: line 1 column 57 (char 56)
[default_server_endpoint-1] [INFO] [1785087396.820085954] [unity_endpoint]: Connection from 127.0.0.1
[default_server_endpoint-1] [INFO] [1785087396.821406419] [unity_endpoint]: Disconnected from 127.0.0.1
[default_server_endpoint-1] Exception in thread Thread-182:
[default_server_endpoint-1] Traceback (most recent call last):
[default_server_endpoint-1]   File "/usr/lib/python3.14/threading.py", line 1082, in _bootstrap_inner
[default_server_endpoint-1]     self._context.run(self.run)
[default_server_endpoint-1]     ~~~~~~~~~~~~~~~~~^^^^^^^^^^
[default_server_endpoint-1]   File "/home/yukichi6105/ros2_ws/build/ros_tcp_endpoint/ros_tcp_endpoint/client.py", line 213, in run
[default_server_endpoint-1]     self.tcp_server.handle_syscommand(destination, data)
[default_server_endpoint-1]     ~~~~~~~~~~~~~~~~~~~~~~~~~~~~~~~~~^^^^^^^^^^^^^^^^^^^
[default_server_endpoint-1]   File "/home/yukichi6105/ros2_ws/build/ros_tcp_endpoint/ros_tcp_endpoint/server.py", line 126, in handle_syscommand
[default_server_endpoint-1]     params = json.loads(message_json)
[default_server_endpoint-1]   File "/usr/lib/python3.14/json/__init__.py", line 352, in loads
[default_server_endpoint-1]     return _default_decoder.decode(s)
[default_server_endpoint-1]            ~~~~~~~~~~~~~~~~~~~~~~~^^^
[default_server_endpoint-1]   File "/usr/lib/python3.14/json/decoder.py", line 345, in decode
[default_server_endpoint-1]     obj, end = self.raw_decode(s, idx=_w(s, 0).end())
[default_server_endpoint-1]                ~~~~~~~~~~~~~~~^^^^^^^^^^^^^^^^^^^^^^^
[default_server_endpoint-1]   File "/usr/lib/python3.14/json/decoder.py", line 361, in raw_decode
[default_server_endpoint-1]     obj, end = self.scan_once(s, idx)
[default_server_endpoint-1]                ~~~~~~~~~~~~~~^^^^^^^^
[default_server_endpoint-1] json.decoder.JSONDecodeError: Expecting ',' delimiter: line 1 column 57 (char 56)
[default_server_endpoint-1] [INFO] [1785087397.830727736] [unity_endpoint]: Connection from 127.0.0.1
[default_server_endpoint-1] [INFO] [1785087397.831838542] [unity_endpoint]: Disconnected from 127.0.0.1
[default_server_endpoint-1] Exception in thread Thread-184:
[default_server_endpoint-1] Traceback (most recent call last):
[default_server_endpoint-1]   File "/usr/lib/python3.14/threading.py", line 1082, in _bootstrap_inner
[default_server_endpoint-1]     self._context.run(self.run)
[default_server_endpoint-1]     ~~~~~~~~~~~~~~~~~^^^^^^^^^^
[default_server_endpoint-1]   File "/home/yukichi6105/ros2_ws/build/ros_tcp_endpoint/ros_tcp_endpoint/client.py", line 213, in run
[default_server_endpoint-1]     self.tcp_server.handle_syscommand(destination, data)
[default_server_endpoint-1]     ~~~~~~~~~~~~~~~~~~~~~~~~~~~~~~~~~^^^^^^^^^^^^^^^^^^^
[default_server_endpoint-1]   File "/home/yukichi6105/ros2_ws/build/ros_tcp_endpoint/ros_tcp_endpoint/server.py", line 126, in handle_syscommand
[default_server_endpoint-1]     params = json.loads(message_json)
[default_server_endpoint-1]   File "/usr/lib/python3.14/json/__init__.py", line 352, in loads
[default_server_endpoint-1]     return _default_decoder.decode(s)
[default_server_endpoint-1]            ~~~~~~~~~~~~~~~~~~~~~~~^^^
[default_server_endpoint-1]   File "/usr/lib/python3.14/json/decoder.py", line 345, in decode
[default_server_endpoint-1]     obj, end = self.raw_decode(s, idx=_w(s, 0).end())
[default_server_endpoint-1]                ~~~~~~~~~~~~~~~^^^^^^^^^^^^^^^^^^^^^^^
[default_server_endpoint-1]   File "/usr/lib/python3.14/json/decoder.py", line 361, in raw_decode
[default_server_endpoint-1]     obj, end = self.scan_once(s, idx)
[default_server_endpoint-1]                ~~~~~~~~~~~~~~^^^^^^^^
[default_server_endpoint-1] json.decoder.JSONDecodeError: Expecting ',' delimiter: line 1 column 57 (char 56)
[default_server_endpoint-1] [INFO] [1785087398.847342302] [unity_endpoint]: Connection from 127.0.0.1
[default_server_endpoint-1] [INFO] [1785087398.848348123] [unity_endpoint]: Disconnected from 127.0.0.1
[default_server_endpoint-1] Exception in thread Thread-186:
[default_server_endpoint-1] Traceback (most recent call last):
[default_server_endpoint-1]   File "/usr/lib/python3.14/threading.py", line 1082, in _bootstrap_inner
[default_server_endpoint-1]     self._context.run(self.run)
[default_server_endpoint-1]     ~~~~~~~~~~~~~~~~~^^^^^^^^^^
[default_server_endpoint-1]   File "/home/yukichi6105/ros2_ws/build/ros_tcp_endpoint/ros_tcp_endpoint/client.py", line 213, in run
[default_server_endpoint-1]     self.tcp_server.handle_syscommand(destination, data)
[default_server_endpoint-1]     ~~~~~~~~~~~~~~~~~~~~~~~~~~~~~~~~~^^^^^^^^^^^^^^^^^^^
[default_server_endpoint-1]   File "/home/yukichi6105/ros2_ws/build/ros_tcp_endpoint/ros_tcp_endpoint/server.py", line 126, in handle_syscommand
[default_server_endpoint-1]     params = json.loads(message_json)
[default_server_endpoint-1]   File "/usr/lib/python3.14/json/__init__.py", line 352, in loads
[default_server_endpoint-1]     return _default_decoder.decode(s)
[default_server_endpoint-1]            ~~~~~~~~~~~~~~~~~~~~~~~^^^
[default_server_endpoint-1]   File "/usr/lib/python3.14/json/decoder.py", line 345, in decode
[default_server_endpoint-1]     obj, end = self.raw_decode(s, idx=_w(s, 0).end())
[default_server_endpoint-1]                ~~~~~~~~~~~~~~~^^^^^^^^^^^^^^^^^^^^^^^
[default_server_endpoint-1]   File "/usr/lib/python3.14/json/decoder.py", line 361, in raw_decode
[default_server_endpoint-1]     obj, end = self.scan_once(s, idx)
[default_server_endpoint-1]                ~~~~~~~~~~~~~~^^^^^^^^
[default_server_endpoint-1] json.decoder.JSONDecodeError: Expecting ',' delimiter: line 1 column 57 (char 56)
[default_server_endpoint-1] [INFO] [1785087399.855092474] [unity_endpoint]: Connection from 127.0.0.1
[default_server_endpoint-1] [INFO] [1785087399.856260527] [unity_endpoint]: Disconnected from 127.0.0.1
[default_server_endpoint-1] Exception in thread Thread-188:
[default_server_endpoint-1] Traceback (most recent call last):
[default_server_endpoint-1]   File "/usr/lib/python3.14/threading.py", line 1082, in _bootstrap_inner
[default_server_endpoint-1]     self._context.run(self.run)
[default_server_endpoint-1]     ~~~~~~~~~~~~~~~~~^^^^^^^^^^
[default_server_endpoint-1]   File "/home/yukichi6105/ros2_ws/build/ros_tcp_endpoint/ros_tcp_endpoint/client.py", line 213, in run
[default_server_endpoint-1]     self.tcp_server.handle_syscommand(destination, data)
[default_server_endpoint-1]     ~~~~~~~~~~~~~~~~~~~~~~~~~~~~~~~~~^^^^^^^^^^^^^^^^^^^
[default_server_endpoint-1]   File "/home/yukichi6105/ros2_ws/build/ros_tcp_endpoint/ros_tcp_endpoint/server.py", line 126, in handle_syscommand
[default_server_endpoint-1]     params = json.loads(message_json)
[default_server_endpoint-1]   File "/usr/lib/python3.14/json/__init__.py", line 352, in loads
[default_server_endpoint-1]     return _default_decoder.decode(s)
[default_server_endpoint-1]            ~~~~~~~~~~~~~~~~~~~~~~~^^^
[default_server_endpoint-1]   File "/usr/lib/python3.14/json/decoder.py", line 345, in decode
[default_server_endpoint-1]     obj, end = self.raw_decode(s, idx=_w(s, 0).end())
[default_server_endpoint-1]                ~~~~~~~~~~~~~~~^^^^^^^^^^^^^^^^^^^^^^^
[default_server_endpoint-1]   File "/usr/lib/python3.14/json/decoder.py", line 361, in raw_decode
[default_server_endpoint-1]     obj, end = self.scan_once(s, idx)
[default_server_endpoint-1]                ~~~~~~~~~~~~~~^^^^^^^^
[default_server_endpoint-1] json.decoder.JSONDecodeError: Expecting ',' delimiter: line 1 column 57 (char 56)
[default_server_endpoint-1] [INFO] [1785087400.865315655] [unity_endpoint]: Connection from 127.0.0.1
[default_server_endpoint-1] [INFO] [1785087400.866509045] [unity_endpoint]: Disconnected from 127.0.0.1
[default_server_endpoint-1] Exception in thread Thread-190:
[default_server_endpoint-1] Traceback (most recent call last):
[default_server_endpoint-1]   File "/usr/lib/python3.14/threading.py", line 1082, in _bootstrap_inner
[default_server_endpoint-1]     self._context.run(self.run)
[default_server_endpoint-1]     ~~~~~~~~~~~~~~~~~^^^^^^^^^^
[default_server_endpoint-1]   File "/home/yukichi6105/ros2_ws/build/ros_tcp_endpoint/ros_tcp_endpoint/client.py", line 213, in run
[default_server_endpoint-1]     self.tcp_server.handle_syscommand(destination, data)
[default_server_endpoint-1]     ~~~~~~~~~~~~~~~~~~~~~~~~~~~~~~~~~^^^^^^^^^^^^^^^^^^^
[default_server_endpoint-1]   File "/home/yukichi6105/ros2_ws/build/ros_tcp_endpoint/ros_tcp_endpoint/server.py", line 126, in handle_syscommand
[default_server_endpoint-1]     params = json.loads(message_json)
[default_server_endpoint-1]   File "/usr/lib/python3.14/json/__init__.py", line 352, in loads
[default_server_endpoint-1]     return _default_decoder.decode(s)
[default_server_endpoint-1]            ~~~~~~~~~~~~~~~~~~~~~~~^^^
[default_server_endpoint-1]   File "/usr/lib/python3.14/json/decoder.py", line 345, in decode
[default_server_endpoint-1]     obj, end = self.raw_decode(s, idx=_w(s, 0).end())
[default_server_endpoint-1]                ~~~~~~~~~~~~~~~^^^^^^^^^^^^^^^^^^^^^^^
[default_server_endpoint-1]   File "/usr/lib/python3.14/json/decoder.py", line 361, in raw_decode
[default_server_endpoint-1]     obj, end = self.scan_once(s, idx)
[default_server_endpoint-1]                ~~~~~~~~~~~~~~^^^^^^^^
[default_server_endpoint-1] json.decoder.JSONDecodeError: Expecting ',' delimiter: line 1 column 57 (char 56)
[default_server_endpoint-1] [INFO] [1785087401.880842747] [unity_endpoint]: Connection from 127.0.0.1
[default_server_endpoint-1] [INFO] [1785087401.882025454] [unity_endpoint]: Disconnected from 127.0.0.1
[default_server_endpoint-1] Exception in thread Thread-192:
[default_server_endpoint-1] Traceback (most recent call last):
[default_server_endpoint-1]   File "/usr/lib/python3.14/threading.py", line 1082, in _bootstrap_inner
[default_server_endpoint-1]     self._context.run(self.run)
[default_server_endpoint-1]     ~~~~~~~~~~~~~~~~~^^^^^^^^^^
[default_server_endpoint-1]   File "/home/yukichi6105/ros2_ws/build/ros_tcp_endpoint/ros_tcp_endpoint/client.py", line 213, in run
[default_server_endpoint-1]     self.tcp_server.handle_syscommand(destination, data)
[default_server_endpoint-1]     ~~~~~~~~~~~~~~~~~~~~~~~~~~~~~~~~~^^^^^^^^^^^^^^^^^^^
[default_server_endpoint-1]   File "/home/yukichi6105/ros2_ws/build/ros_tcp_endpoint/ros_tcp_endpoint/server.py", line 126, in handle_syscommand
[default_server_endpoint-1]     params = json.loads(message_json)
[default_server_endpoint-1]   File "/usr/lib/python3.14/json/__init__.py", line 352, in loads
[default_server_endpoint-1]     return _default_decoder.decode(s)
[default_server_endpoint-1]            ~~~~~~~~~~~~~~~~~~~~~~~^^^
[default_server_endpoint-1]   File "/usr/lib/python3.14/json/decoder.py", line 345, in decode
[default_server_endpoint-1]     obj, end = self.raw_decode(s, idx=_w(s, 0).end())
[default_server_endpoint-1]                ~~~~~~~~~~~~~~~^^^^^^^^^^^^^^^^^^^^^^^
[default_server_endpoint-1]   File "/usr/lib/python3.14/json/decoder.py", line 361, in raw_decode
[default_server_endpoint-1]     obj, end = self.scan_once(s, idx)
[default_server_endpoint-1]                ~~~~~~~~~~~~~~^^^^^^^^
[default_server_endpoint-1] json.decoder.JSONDecodeError: Expecting ',' delimiter: line 1 column 57 (char 56)
[default_server_endpoint-1] [INFO] [1785087402.897755610] [unity_endpoint]: Connection from 127.0.0.1
[default_server_endpoint-1] [INFO] [1785087402.898822587] [unity_endpoint]: Disconnected from 127.0.0.1
[default_server_endpoint-1] Exception in thread Thread-194:
[default_server_endpoint-1] Traceback (most recent call last):
[default_server_endpoint-1]   File "/usr/lib/python3.14/threading.py", line 1082, in _bootstrap_inner
[default_server_endpoint-1]     self._context.run(self.run)
[default_server_endpoint-1]     ~~~~~~~~~~~~~~~~~^^^^^^^^^^
[default_server_endpoint-1]   File "/home/yukichi6105/ros2_ws/build/ros_tcp_endpoint/ros_tcp_endpoint/client.py", line 213, in run
[default_server_endpoint-1]     self.tcp_server.handle_syscommand(destination, data)
[default_server_endpoint-1]     ~~~~~~~~~~~~~~~~~~~~~~~~~~~~~~~~~^^^^^^^^^^^^^^^^^^^
[default_server_endpoint-1]   File "/home/yukichi6105/ros2_ws/build/ros_tcp_endpoint/ros_tcp_endpoint/server.py", line 126, in handle_syscommand
[default_server_endpoint-1]     params = json.loads(message_json)
[default_server_endpoint-1]   File "/usr/lib/python3.14/json/__init__.py", line 352, in loads
[default_server_endpoint-1]     return _default_decoder.decode(s)
[default_server_endpoint-1]            ~~~~~~~~~~~~~~~~~~~~~~~^^^
[default_server_endpoint-1]   File "/usr/lib/python3.14/json/decoder.py", line 345, in decode
[default_server_endpoint-1]     obj, end = self.raw_decode(s, idx=_w(s, 0).end())
[default_server_endpoint-1]                ~~~~~~~~~~~~~~~^^^^^^^^^^^^^^^^^^^^^^^
[default_server_endpoint-1]   File "/usr/lib/python3.14/json/decoder.py", line 361, in raw_decode
[default_server_endpoint-1]     obj, end = self.scan_once(s, idx)
[default_server_endpoint-1]                ~~~~~~~~~~~~~~^^^^^^^^
[default_server_endpoint-1] json.decoder.JSONDecodeError: Expecting ',' delimiter: line 1 column 57 (char 56)
[default_server_endpoint-1] [INFO] [1785087403.912756958] [unity_endpoint]: Connection from 127.0.0.1
[default_server_endpoint-1] [INFO] [1785087403.913958934] [unity_endpoint]: Disconnected from 127.0.0.1
[default_server_endpoint-1] Exception in thread Thread-196:
[default_server_endpoint-1] Traceback (most recent call last):
[default_server_endpoint-1]   File "/usr/lib/python3.14/threading.py", line 1082, in _bootstrap_inner
[default_server_endpoint-1]     self._context.run(self.run)
[default_server_endpoint-1]     ~~~~~~~~~~~~~~~~~^^^^^^^^^^
[default_server_endpoint-1]   File "/home/yukichi6105/ros2_ws/build/ros_tcp_endpoint/ros_tcp_endpoint/client.py", line 213, in run
[default_server_endpoint-1]     self.tcp_server.handle_syscommand(destination, data)
[default_server_endpoint-1]     ~~~~~~~~~~~~~~~~~~~~~~~~~~~~~~~~~^^^^^^^^^^^^^^^^^^^
[default_server_endpoint-1]   File "/home/yukichi6105/ros2_ws/build/ros_tcp_endpoint/ros_tcp_endpoint/server.py", line 126, in handle_syscommand
[default_server_endpoint-1]     params = json.loads(message_json)
[default_server_endpoint-1]   File "/usr/lib/python3.14/json/__init__.py", line 352, in loads
[default_server_endpoint-1]     return _default_decoder.decode(s)
[default_server_endpoint-1]            ~~~~~~~~~~~~~~~~~~~~~~~^^^
[default_server_endpoint-1]   File "/usr/lib/python3.14/json/decoder.py", line 345, in decode
[default_server_endpoint-1]     obj, end = self.raw_decode(s, idx=_w(s, 0).end())
[default_server_endpoint-1]                ~~~~~~~~~~~~~~~^^^^^^^^^^^^^^^^^^^^^^^
[default_server_endpoint-1]   File "/usr/lib/python3.14/json/decoder.py", line 361, in raw_decode
[default_server_endpoint-1]     obj, end = self.scan_once(s, idx)
[default_server_endpoint-1]                ~~~~~~~~~~~~~~^^^^^^^^
[default_server_endpoint-1] json.decoder.JSONDecodeError: Expecting ',' delimiter: line 1 column 57 (char 56)
[default_server_endpoint-1] [INFO] [1785087404.926228115] [unity_endpoint]: Connection from 127.0.0.1
[default_server_endpoint-1] [INFO] [1785087404.927498657] [unity_endpoint]: Disconnected from 127.0.0.1
[default_server_endpoint-1] Exception in thread Thread-198:
[default_server_endpoint-1] Traceback (most recent call last):
[default_server_endpoint-1]   File "/usr/lib/python3.14/threading.py", line 1082, in _bootstrap_inner
[default_server_endpoint-1]     self._context.run(self.run)
[default_server_endpoint-1]     ~~~~~~~~~~~~~~~~~^^^^^^^^^^
[default_server_endpoint-1]   File "/home/yukichi6105/ros2_ws/build/ros_tcp_endpoint/ros_tcp_endpoint/client.py", line 213, in run
[default_server_endpoint-1]     self.tcp_server.handle_syscommand(destination, data)
[default_server_endpoint-1]     ~~~~~~~~~~~~~~~~~~~~~~~~~~~~~~~~~^^^^^^^^^^^^^^^^^^^
[default_server_endpoint-1]   File "/home/yukichi6105/ros2_ws/build/ros_tcp_endpoint/ros_tcp_endpoint/server.py", line 126, in handle_syscommand
[default_server_endpoint-1]     params = json.loads(message_json)
[default_server_endpoint-1]   File "/usr/lib/python3.14/json/__init__.py", line 352, in loads
[default_server_endpoint-1]     return _default_decoder.decode(s)
[default_server_endpoint-1]            ~~~~~~~~~~~~~~~~~~~~~~~^^^
[default_server_endpoint-1]   File "/usr/lib/python3.14/json/decoder.py", line 345, in decode
[default_server_endpoint-1]     obj, end = self.raw_decode(s, idx=_w(s, 0).end())
[default_server_endpoint-1]                ~~~~~~~~~~~~~~~^^^^^^^^^^^^^^^^^^^^^^^
[default_server_endpoint-1]   File "/usr/lib/python3.14/json/decoder.py", line 361, in raw_decode
[default_server_endpoint-1]     obj, end = self.scan_once(s, idx)
[default_server_endpoint-1]                ~~~~~~~~~~~~~~^^^^^^^^
[default_server_endpoint-1] json.decoder.JSONDecodeError: Expecting ',' delimiter: line 1 column 57 (char 56)
[default_server_endpoint-1] [INFO] [1785087405.943717950] [unity_endpoint]: Connection from 127.0.0.1
[default_server_endpoint-1] [INFO] [1785087405.945182714] [unity_endpoint]: Disconnected from 127.0.0.1
[default_server_endpoint-1] Exception in thread Thread-200:
[default_server_endpoint-1] Traceback (most recent call last):
[default_server_endpoint-1]   File "/usr/lib/python3.14/threading.py", line 1082, in _bootstrap_inner
[default_server_endpoint-1]     self._context.run(self.run)
[default_server_endpoint-1]     ~~~~~~~~~~~~~~~~~^^^^^^^^^^
[default_server_endpoint-1]   File "/home/yukichi6105/ros2_ws/build/ros_tcp_endpoint/ros_tcp_endpoint/client.py", line 213, in run
[default_server_endpoint-1]     self.tcp_server.handle_syscommand(destination, data)
[default_server_endpoint-1]     ~~~~~~~~~~~~~~~~~~~~~~~~~~~~~~~~~^^^^^^^^^^^^^^^^^^^
[default_server_endpoint-1]   File "/home/yukichi6105/ros2_ws/build/ros_tcp_endpoint/ros_tcp_endpoint/server.py", line 126, in handle_syscommand
[default_server_endpoint-1]     params = json.loads(message_json)
[default_server_endpoint-1]   File "/usr/lib/python3.14/json/__init__.py", line 352, in loads
[default_server_endpoint-1]     return _default_decoder.decode(s)
[default_server_endpoint-1]            ~~~~~~~~~~~~~~~~~~~~~~~^^^
[default_server_endpoint-1]   File "/usr/lib/python3.14/json/decoder.py", line 345, in decode
[default_server_endpoint-1]     obj, end = self.raw_decode(s, idx=_w(s, 0).end())
[default_server_endpoint-1]                ~~~~~~~~~~~~~~~^^^^^^^^^^^^^^^^^^^^^^^
[default_server_endpoint-1]   File "/usr/lib/python3.14/json/decoder.py", line 361, in raw_decode
[default_server_endpoint-1]     obj, end = self.scan_once(s, idx)
[default_server_endpoint-1]                ~~~~~~~~~~~~~~^^^^^^^^
[default_server_endpoint-1] json.decoder.JSONDecodeError: Expecting ',' delimiter: line 1 column 57 (char 56)
[default_server_endpoint-1] [INFO] [1785087406.960207360] [unity_endpoint]: Connection from 127.0.0.1
[default_server_endpoint-1] [INFO] [1785087406.961607652] [unity_endpoint]: Disconnected from 127.0.0.1
[default_server_endpoint-1] Exception in thread Thread-202:
[default_server_endpoint-1] Traceback (most recent call last):
[default_server_endpoint-1]   File "/usr/lib/python3.14/threading.py", line 1082, in _bootstrap_inner
[default_server_endpoint-1]     self._context.run(self.run)
[default_server_endpoint-1]     ~~~~~~~~~~~~~~~~~^^^^^^^^^^
[default_server_endpoint-1]   File "/home/yukichi6105/ros2_ws/build/ros_tcp_endpoint/ros_tcp_endpoint/client.py", line 213, in run
[default_server_endpoint-1]     self.tcp_server.handle_syscommand(destination, data)
[default_server_endpoint-1]     ~~~~~~~~~~~~~~~~~~~~~~~~~~~~~~~~~^^^^^^^^^^^^^^^^^^^
[default_server_endpoint-1]   File "/home/yukichi6105/ros2_ws/build/ros_tcp_endpoint/ros_tcp_endpoint/server.py", line 126, in handle_syscommand
[default_server_endpoint-1]     params = json.loads(message_json)
[default_server_endpoint-1]   File "/usr/lib/python3.14/json/__init__.py", line 352, in loads
[default_server_endpoint-1]     return _default_decoder.decode(s)
[default_server_endpoint-1]            ~~~~~~~~~~~~~~~~~~~~~~~^^^
[default_server_endpoint-1]   File "/usr/lib/python3.14/json/decoder.py", line 345, in decode
[default_server_endpoint-1]     obj, end = self.raw_decode(s, idx=_w(s, 0).end())
[default_server_endpoint-1]                ~~~~~~~~~~~~~~~^^^^^^^^^^^^^^^^^^^^^^^
[default_server_endpoint-1]   File "/usr/lib/python3.14/json/decoder.py", line 361, in raw_decode
[default_server_endpoint-1]     obj, end = self.scan_once(s, idx)
[default_server_endpoint-1]                ~~~~~~~~~~~~~~^^^^^^^^
[default_server_endpoint-1] json.decoder.JSONDecodeError: Expecting ',' delimiter: line 1 column 57 (char 56)
[default_server_endpoint-1] [INFO] [1785087407.980570570] [unity_endpoint]: Connection from 127.0.0.1
[default_server_endpoint-1] [INFO] [1785087407.984226311] [unity_endpoint]: Disconnected from 127.0.0.1
[default_server_endpoint-1] Exception in thread Thread-204:
[default_server_endpoint-1] Traceback (most recent call last):
[default_server_endpoint-1]   File "/usr/lib/python3.14/threading.py", line 1082, in _bootstrap_inner
[default_server_endpoint-1]     self._context.run(self.run)
[default_server_endpoint-1]     ~~~~~~~~~~~~~~~~~^^^^^^^^^^
[default_server_endpoint-1]   File "/home/yukichi6105/ros2_ws/build/ros_tcp_endpoint/ros_tcp_endpoint/client.py", line 213, in run
[default_server_endpoint-1]     self.tcp_server.handle_syscommand(destination, data)
[default_server_endpoint-1]     ~~~~~~~~~~~~~~~~~~~~~~~~~~~~~~~~~^^^^^^^^^^^^^^^^^^^
[default_server_endpoint-1]   File "/home/yukichi6105/ros2_ws/build/ros_tcp_endpoint/ros_tcp_endpoint/server.py", line 126, in handle_syscommand
[default_server_endpoint-1]     params = json.loads(message_json)
[default_server_endpoint-1]   File "/usr/lib/python3.14/json/__init__.py", line 352, in loads
[default_server_endpoint-1]     return _default_decoder.decode(s)
[default_server_endpoint-1]            ~~~~~~~~~~~~~~~~~~~~~~~^^^
[default_server_endpoint-1]   File "/usr/lib/python3.14/json/decoder.py", line 345, in decode
[default_server_endpoint-1]     obj, end = self.raw_decode(s, idx=_w(s, 0).end())
[default_server_endpoint-1]                ~~~~~~~~~~~~~~~^^^^^^^^^^^^^^^^^^^^^^^
[default_server_endpoint-1]   File "/usr/lib/python3.14/json/decoder.py", line 361, in raw_decode
[default_server_endpoint-1]     obj, end = self.scan_once(s, idx)
[default_server_endpoint-1]                ~~~~~~~~~~~~~~^^^^^^^^
[default_server_endpoint-1] json.decoder.JSONDecodeError: Expecting ',' delimiter: line 1 column 57 (char 56)
[default_server_endpoint-1] [INFO] [1785087408.999630177] [unity_endpoint]: Connection from 127.0.0.1
[default_server_endpoint-1] [INFO] [1785087409.000857039] [unity_endpoint]: Disconnected from 127.0.0.1
[default_server_endpoint-1] Exception in thread Thread-206:
[default_server_endpoint-1] Traceback (most recent call last):
[default_server_endpoint-1]   File "/usr/lib/python3.14/threading.py", line 1082, in _bootstrap_inner
[default_server_endpoint-1]     self._context.run(self.run)
[default_server_endpoint-1]     ~~~~~~~~~~~~~~~~~^^^^^^^^^^
[default_server_endpoint-1]   File "/home/yukichi6105/ros2_ws/build/ros_tcp_endpoint/ros_tcp_endpoint/client.py", line 213, in run
[default_server_endpoint-1]     self.tcp_server.handle_syscommand(destination, data)
[default_server_endpoint-1]     ~~~~~~~~~~~~~~~~~~~~~~~~~~~~~~~~~^^^^^^^^^^^^^^^^^^^
[default_server_endpoint-1]   File "/home/yukichi6105/ros2_ws/build/ros_tcp_endpoint/ros_tcp_endpoint/server.py", line 126, in handle_syscommand
[default_server_endpoint-1]     params = json.loads(message_json)
[default_server_endpoint-1]   File "/usr/lib/python3.14/json/__init__.py", line 352, in loads
[default_server_endpoint-1]     return _default_decoder.decode(s)
[default_server_endpoint-1]            ~~~~~~~~~~~~~~~~~~~~~~~^^^
[default_server_endpoint-1]   File "/usr/lib/python3.14/json/decoder.py", line 345, in decode
[default_server_endpoint-1]     obj, end = self.raw_decode(s, idx=_w(s, 0).end())
[default_server_endpoint-1]                ~~~~~~~~~~~~~~~^^^^^^^^^^^^^^^^^^^^^^^
[default_server_endpoint-1]   File "/usr/lib/python3.14/json/decoder.py", line 361, in raw_decode
[default_server_endpoint-1]     obj, end = self.scan_once(s, idx)
[default_server_endpoint-1]                ~~~~~~~~~~~~~~^^^^^^^^
[default_server_endpoint-1] json.decoder.JSONDecodeError: Expecting ',' delimiter: line 1 column 57 (char 56)
[default_server_endpoint-1] [INFO] [1785087410.016348479] [unity_endpoint]: Connection from 127.0.0.1
[default_server_endpoint-1] [INFO] [1785087410.017622591] [unity_endpoint]: Disconnected from 127.0.0.1
[default_server_endpoint-1] Exception in thread Thread-208:
[default_server_endpoint-1] Traceback (most recent call last):
[default_server_endpoint-1]   File "/usr/lib/python3.14/threading.py", line 1082, in _bootstrap_inner
[default_server_endpoint-1]     self._context.run(self.run)
[default_server_endpoint-1]     ~~~~~~~~~~~~~~~~~^^^^^^^^^^
[default_server_endpoint-1]   File "/home/yukichi6105/ros2_ws/build/ros_tcp_endpoint/ros_tcp_endpoint/client.py", line 213, in run
[default_server_endpoint-1]     self.tcp_server.handle_syscommand(destination, data)
[default_server_endpoint-1]     ~~~~~~~~~~~~~~~~~~~~~~~~~~~~~~~~~^^^^^^^^^^^^^^^^^^^
[default_server_endpoint-1]   File "/home/yukichi6105/ros2_ws/build/ros_tcp_endpoint/ros_tcp_endpoint/server.py", line 126, in handle_syscommand
[default_server_endpoint-1]     params = json.loads(message_json)
[default_server_endpoint-1]   File "/usr/lib/python3.14/json/__init__.py", line 352, in loads
[default_server_endpoint-1]     return _default_decoder.decode(s)
[default_server_endpoint-1]            ~~~~~~~~~~~~~~~~~~~~~~~^^^
[default_server_endpoint-1]   File "/usr/lib/python3.14/json/decoder.py", line 345, in decode
[default_server_endpoint-1]     obj, end = self.raw_decode(s, idx=_w(s, 0).end())
[default_server_endpoint-1]                ~~~~~~~~~~~~~~~^^^^^^^^^^^^^^^^^^^^^^^
[default_server_endpoint-1]   File "/usr/lib/python3.14/json/decoder.py", line 361, in raw_decode
[default_server_endpoint-1]     obj, end = self.scan_once(s, idx)
[default_server_endpoint-1]                ~~~~~~~~~~~~~~^^^^^^^^
[default_server_endpoint-1] json.decoder.JSONDecodeError: Expecting ',' delimiter: line 1 column 57 (char 56)
[default_server_endpoint-1] [INFO] [1785087411.029365760] [unity_endpoint]: Connection from 127.0.0.1
[default_server_endpoint-1] [INFO] [1785087411.030539029] [unity_endpoint]: Disconnected from 127.0.0.1
[default_server_endpoint-1] Exception in thread Thread-210:
[default_server_endpoint-1] Traceback (most recent call last):
[default_server_endpoint-1]   File "/usr/lib/python3.14/threading.py", line 1082, in _bootstrap_inner
[default_server_endpoint-1]     self._context.run(self.run)
[default_server_endpoint-1]     ~~~~~~~~~~~~~~~~~^^^^^^^^^^
[default_server_endpoint-1]   File "/home/yukichi6105/ros2_ws/build/ros_tcp_endpoint/ros_tcp_endpoint/client.py", line 213, in run
[default_server_endpoint-1]     self.tcp_server.handle_syscommand(destination, data)
[default_server_endpoint-1]     ~~~~~~~~~~~~~~~~~~~~~~~~~~~~~~~~~^^^^^^^^^^^^^^^^^^^
[default_server_endpoint-1]   File "/home/yukichi6105/ros2_ws/build/ros_tcp_endpoint/ros_tcp_endpoint/server.py", line 126, in handle_syscommand
[default_server_endpoint-1]     params = json.loads(message_json)
[default_server_endpoint-1]   File "/usr/lib/python3.14/json/__init__.py", line 352, in loads
[default_server_endpoint-1]     return _default_decoder.decode(s)
[default_server_endpoint-1]            ~~~~~~~~~~~~~~~~~~~~~~~^^^
[default_server_endpoint-1]   File "/usr/lib/python3.14/json/decoder.py", line 345, in decode
[default_server_endpoint-1]     obj, end = self.raw_decode(s, idx=_w(s, 0).end())
[default_server_endpoint-1]                ~~~~~~~~~~~~~~~^^^^^^^^^^^^^^^^^^^^^^^
[default_server_endpoint-1]   File "/usr/lib/python3.14/json/decoder.py", line 361, in raw_decode
[default_server_endpoint-1]     obj, end = self.scan_once(s, idx)
[default_server_endpoint-1]                ~~~~~~~~~~~~~~^^^^^^^^
[default_server_endpoint-1] json.decoder.JSONDecodeError: Expecting ',' delimiter: line 1 column 57 (char 56)
[default_server_endpoint-1] [INFO] [1785087412.040352605] [unity_endpoint]: Connection from 127.0.0.1
[default_server_endpoint-1] [INFO] [1785087412.041373044] [unity_endpoint]: Disconnected from 127.0.0.1
[default_server_endpoint-1] Exception in thread Thread-212:
[default_server_endpoint-1] Traceback (most recent call last):
[default_server_endpoint-1]   File "/usr/lib/python3.14/threading.py", line 1082, in _bootstrap_inner
[default_server_endpoint-1]     self._context.run(self.run)
[default_server_endpoint-1]     ~~~~~~~~~~~~~~~~~^^^^^^^^^^
[default_server_endpoint-1]   File "/home/yukichi6105/ros2_ws/build/ros_tcp_endpoint/ros_tcp_endpoint/client.py", line 213, in run
[default_server_endpoint-1]     self.tcp_server.handle_syscommand(destination, data)
[default_server_endpoint-1]     ~~~~~~~~~~~~~~~~~~~~~~~~~~~~~~~~~^^^^^^^^^^^^^^^^^^^
[default_server_endpoint-1]   File "/home/yukichi6105/ros2_ws/build/ros_tcp_endpoint/ros_tcp_endpoint/server.py", line 126, in handle_syscommand
[default_server_endpoint-1]     params = json.loads(message_json)
[default_server_endpoint-1]   File "/usr/lib/python3.14/json/__init__.py", line 352, in loads
[default_server_endpoint-1]     return _default_decoder.decode(s)
[default_server_endpoint-1]            ~~~~~~~~~~~~~~~~~~~~~~~^^^
[default_server_endpoint-1]   File "/usr/lib/python3.14/json/decoder.py", line 345, in decode
[default_server_endpoint-1]     obj, end = self.raw_decode(s, idx=_w(s, 0).end())
[default_server_endpoint-1]                ~~~~~~~~~~~~~~~^^^^^^^^^^^^^^^^^^^^^^^
[default_server_endpoint-1]   File "/usr/lib/python3.14/json/decoder.py", line 361, in raw_decode
[default_server_endpoint-1]     obj, end = self.scan_once(s, idx)
[default_server_endpoint-1]                ~~~~~~~~~~~~~~^^^^^^^^
[default_server_endpoint-1] json.decoder.JSONDecodeError: Expecting ',' delimiter: line 1 column 57 (char 56)
[default_server_endpoint-1] [INFO] [1785087413.060741764] [unity_endpoint]: Connection from 127.0.0.1
[default_server_endpoint-1] [INFO] [1785087413.061858898] [unity_endpoint]: Disconnected from 127.0.0.1
[default_server_endpoint-1] Exception in thread Thread-214:
[default_server_endpoint-1] Traceback (most recent call last):
[default_server_endpoint-1]   File "/usr/lib/python3.14/threading.py", line 1082, in _bootstrap_inner
[default_server_endpoint-1]     self._context.run(self.run)
[default_server_endpoint-1]     ~~~~~~~~~~~~~~~~~^^^^^^^^^^
[default_server_endpoint-1]   File "/home/yukichi6105/ros2_ws/build/ros_tcp_endpoint/ros_tcp_endpoint/client.py", line 213, in run
[default_server_endpoint-1]     self.tcp_server.handle_syscommand(destination, data)
[default_server_endpoint-1]     ~~~~~~~~~~~~~~~~~~~~~~~~~~~~~~~~~^^^^^^^^^^^^^^^^^^^
[default_server_endpoint-1]   File "/home/yukichi6105/ros2_ws/build/ros_tcp_endpoint/ros_tcp_endpoint/server.py", line 126, in handle_syscommand
[default_server_endpoint-1]     params = json.loads(message_json)
[default_server_endpoint-1]   File "/usr/lib/python3.14/json/__init__.py", line 352, in loads
[default_server_endpoint-1]     return _default_decoder.decode(s)
[default_server_endpoint-1]            ~~~~~~~~~~~~~~~~~~~~~~~^^^
[default_server_endpoint-1]   File "/usr/lib/python3.14/json/decoder.py", line 345, in decode
[default_server_endpoint-1]     obj, end = self.raw_decode(s, idx=_w(s, 0).end())
[default_server_endpoint-1]                ~~~~~~~~~~~~~~~^^^^^^^^^^^^^^^^^^^^^^^
[default_server_endpoint-1]   File "/usr/lib/python3.14/json/decoder.py", line 361, in raw_decode
[default_server_endpoint-1]     obj, end = self.scan_once(s, idx)
[default_server_endpoint-1]                ~~~~~~~~~~~~~~^^^^^^^^
[default_server_endpoint-1] json.decoder.JSONDecodeError: Expecting ',' delimiter: line 1 column 57 (char 56)
[default_server_endpoint-1] [INFO] [1785087487.756213384] [unity_endpoint]: Connection from 127.0.0.1
[default_server_endpoint-1] [INFO] [1785087487.757971534] [unity_endpoint]: Disconnected from 127.0.0.1
[default_server_endpoint-1] Exception in thread Thread-216:
[default_server_endpoint-1] Traceback (most recent call last):
[default_server_endpoint-1]   File "/usr/lib/python3.14/threading.py", line 1082, in _bootstrap_inner
[default_server_endpoint-1]     self._context.run(self.run)
[default_server_endpoint-1]     ~~~~~~~~~~~~~~~~~^^^^^^^^^^
[default_server_endpoint-1]   File "/home/yukichi6105/ros2_ws/build/ros_tcp_endpoint/ros_tcp_endpoint/client.py", line 213, in run
[default_server_endpoint-1]     self.tcp_server.handle_syscommand(destination, data)
[default_server_endpoint-1]     ~~~~~~~~~~~~~~~~~~~~~~~~~~~~~~~~~^^^^^^^^^^^^^^^^^^^
[default_server_endpoint-1]   File "/home/yukichi6105/ros2_ws/build/ros_tcp_endpoint/ros_tcp_endpoint/server.py", line 126, in handle_syscommand
[default_server_endpoint-1]     params = json.loads(message_json)
[default_server_endpoint-1]   File "/usr/lib/python3.14/json/__init__.py", line 352, in loads
[default_server_endpoint-1]     return _default_decoder.decode(s)
[default_server_endpoint-1]            ~~~~~~~~~~~~~~~~~~~~~~~^^^
[default_server_endpoint-1]   File "/usr/lib/python3.14/json/decoder.py", line 345, in decode
[default_server_endpoint-1]     obj, end = self.raw_decode(s, idx=_w(s, 0).end())
[default_server_endpoint-1]                ~~~~~~~~~~~~~~~^^^^^^^^^^^^^^^^^^^^^^^
[default_server_endpoint-1]   File "/usr/lib/python3.14/json/decoder.py", line 361, in raw_decode
[default_server_endpoint-1]     obj, end = self.scan_once(s, idx)
[default_server_endpoint-1]                ~~~~~~~~~~~~~~^^^^^^^^
[default_server_endpoint-1] json.decoder.JSONDecodeError: Expecting ',' delimiter: line 1 column 57 (char 56)
[default_server_endpoint-1] [INFO] [1785087488.778558397] [unity_endpoint]: Connection from 127.0.0.1
[default_server_endpoint-1] [INFO] [1785087488.779906617] [unity_endpoint]: Disconnected from 127.0.0.1
[default_server_endpoint-1] Exception in thread Thread-218:
[default_server_endpoint-1] Traceback (most recent call last):
[default_server_endpoint-1]   File "/usr/lib/python3.14/threading.py", line 1082, in _bootstrap_inner
[default_server_endpoint-1]     self._context.run(self.run)
[default_server_endpoint-1]     ~~~~~~~~~~~~~~~~~^^^^^^^^^^
[default_server_endpoint-1]   File "/home/yukichi6105/ros2_ws/build/ros_tcp_endpoint/ros_tcp_endpoint/client.py", line 213, in run
[default_server_endpoint-1]     self.tcp_server.handle_syscommand(destination, data)
[default_server_endpoint-1]     ~~~~~~~~~~~~~~~~~~~~~~~~~~~~~~~~~^^^^^^^^^^^^^^^^^^^
[default_server_endpoint-1]   File "/home/yukichi6105/ros2_ws/build/ros_tcp_endpoint/ros_tcp_endpoint/server.py", line 126, in handle_syscommand
[default_server_endpoint-1]     params = json.loads(message_json)
[default_server_endpoint-1]   File "/usr/lib/python3.14/json/__init__.py", line 352, in loads
[default_server_endpoint-1]     return _default_decoder.decode(s)
[default_server_endpoint-1]            ~~~~~~~~~~~~~~~~~~~~~~~^^^
[default_server_endpoint-1]   File "/usr/lib/python3.14/json/decoder.py", line 345, in decode
[default_server_endpoint-1]     obj, end = self.raw_decode(s, idx=_w(s, 0).end())
[default_server_endpoint-1]                ~~~~~~~~~~~~~~~^^^^^^^^^^^^^^^^^^^^^^^
[default_server_endpoint-1]   File "/usr/lib/python3.14/json/decoder.py", line 361, in raw_decode
[default_server_endpoint-1]     obj, end = self.scan_once(s, idx)
[default_server_endpoint-1]                ~~~~~~~~~~~~~~^^^^^^^^
[default_server_endpoint-1] json.decoder.JSONDecodeError: Expecting ',' delimiter: line 1 column 57 (char 56)
[default_server_endpoint-1] [INFO] [1785087489.790144770] [unity_endpoint]: Connection from 127.0.0.1
[default_server_endpoint-1] [INFO] [1785087489.791516085] [unity_endpoint]: Disconnected from 127.0.0.1
[default_server_endpoint-1] Exception in thread Thread-220:
[default_server_endpoint-1] Traceback (most recent call last):
[default_server_endpoint-1]   File "/usr/lib/python3.14/threading.py", line 1082, in _bootstrap_inner
[default_server_endpoint-1]     self._context.run(self.run)
[default_server_endpoint-1]     ~~~~~~~~~~~~~~~~~^^^^^^^^^^
[default_server_endpoint-1]   File "/home/yukichi6105/ros2_ws/build/ros_tcp_endpoint/ros_tcp_endpoint/client.py", line 213, in run
[default_server_endpoint-1]     self.tcp_server.handle_syscommand(destination, data)
[default_server_endpoint-1]     ~~~~~~~~~~~~~~~~~~~~~~~~~~~~~~~~~^^^^^^^^^^^^^^^^^^^
[default_server_endpoint-1]   File "/home/yukichi6105/ros2_ws/build/ros_tcp_endpoint/ros_tcp_endpoint/server.py", line 126, in handle_syscommand
[default_server_endpoint-1]     params = json.loads(message_json)
[default_server_endpoint-1]   File "/usr/lib/python3.14/json/__init__.py", line 352, in loads
[default_server_endpoint-1]     return _default_decoder.decode(s)
[default_server_endpoint-1]            ~~~~~~~~~~~~~~~~~~~~~~~^^^
[default_server_endpoint-1]   File "/usr/lib/python3.14/json/decoder.py", line 345, in decode
[default_server_endpoint-1]     obj, end = self.raw_decode(s, idx=_w(s, 0).end())
[default_server_endpoint-1]                ~~~~~~~~~~~~~~~^^^^^^^^^^^^^^^^^^^^^^^
[default_server_endpoint-1]   File "/usr/lib/python3.14/json/decoder.py", line 361, in raw_decode
[default_server_endpoint-1]     obj, end = self.scan_once(s, idx)
[default_server_endpoint-1]                ~~~~~~~~~~~~~~^^^^^^^^
[default_server_endpoint-1] json.decoder.JSONDecodeError: Expecting ',' delimiter: line 1 column 57 (char 56)
[default_server_endpoint-1] [INFO] [1785087490.804704570] [unity_endpoint]: Connection from 127.0.0.1
[default_server_endpoint-1] [INFO] [1785087490.805867778] [unity_endpoint]: Disconnected from 127.0.0.1
[default_server_endpoint-1] Exception in thread Thread-222:
[default_server_endpoint-1] Traceback (most recent call last):
[default_server_endpoint-1]   File "/usr/lib/python3.14/threading.py", line 1082, in _bootstrap_inner
[default_server_endpoint-1]     self._context.run(self.run)
[default_server_endpoint-1]     ~~~~~~~~~~~~~~~~~^^^^^^^^^^
[default_server_endpoint-1]   File "/home/yukichi6105/ros2_ws/build/ros_tcp_endpoint/ros_tcp_endpoint/client.py", line 213, in run
[default_server_endpoint-1]     self.tcp_server.handle_syscommand(destination, data)
[default_server_endpoint-1]     ~~~~~~~~~~~~~~~~~~~~~~~~~~~~~~~~~^^^^^^^^^^^^^^^^^^^
[default_server_endpoint-1]   File "/home/yukichi6105/ros2_ws/build/ros_tcp_endpoint/ros_tcp_endpoint/server.py", line 126, in handle_syscommand
[default_server_endpoint-1]     params = json.loads(message_json)
[default_server_endpoint-1]   File "/usr/lib/python3.14/json/__init__.py", line 352, in loads
[default_server_endpoint-1]     return _default_decoder.decode(s)
[default_server_endpoint-1]            ~~~~~~~~~~~~~~~~~~~~~~~^^^
[default_server_endpoint-1]   File "/usr/lib/python3.14/json/decoder.py", line 345, in decode
[default_server_endpoint-1]     obj, end = self.raw_decode(s, idx=_w(s, 0).end())
[default_server_endpoint-1]                ~~~~~~~~~~~~~~~^^^^^^^^^^^^^^^^^^^^^^^
[default_server_endpoint-1]   File "/usr/lib/python3.14/json/decoder.py", line 361, in raw_decode
[default_server_endpoint-1]     obj, end = self.scan_once(s, idx)
[default_server_endpoint-1]                ~~~~~~~~~~~~~~^^^^^^^^
[default_server_endpoint-1] json.decoder.JSONDecodeError: Expecting ',' delimiter: line 1 column 57 (char 56)
[default_server_endpoint-1] [INFO] [1785087491.813081400] [unity_endpoint]: Connection from 127.0.0.1
[default_server_endpoint-1] [INFO] [1785087491.814337599] [unity_endpoint]: Disconnected from 127.0.0.1
[default_server_endpoint-1] Exception in thread Thread-224:
[default_server_endpoint-1] Traceback (most recent call last):
[default_server_endpoint-1]   File "/usr/lib/python3.14/threading.py", line 1082, in _bootstrap_inner
[default_server_endpoint-1]     self._context.run(self.run)
[default_server_endpoint-1]     ~~~~~~~~~~~~~~~~~^^^^^^^^^^
[default_server_endpoint-1]   File "/home/yukichi6105/ros2_ws/build/ros_tcp_endpoint/ros_tcp_endpoint/client.py", line 213, in run
[default_server_endpoint-1]     self.tcp_server.handle_syscommand(destination, data)
[default_server_endpoint-1]     ~~~~~~~~~~~~~~~~~~~~~~~~~~~~~~~~~^^^^^^^^^^^^^^^^^^^
[default_server_endpoint-1]   File "/home/yukichi6105/ros2_ws/build/ros_tcp_endpoint/ros_tcp_endpoint/server.py", line 126, in handle_syscommand
[default_server_endpoint-1]     params = json.loads(message_json)
[default_server_endpoint-1]   File "/usr/lib/python3.14/json/__init__.py", line 352, in loads
[default_server_endpoint-1]     return _default_decoder.decode(s)
[default_server_endpoint-1]            ~~~~~~~~~~~~~~~~~~~~~~~^^^
[default_server_endpoint-1]   File "/usr/lib/python3.14/json/decoder.py", line 345, in decode
[default_server_endpoint-1]     obj, end = self.raw_decode(s, idx=_w(s, 0).end())
[default_server_endpoint-1]                ~~~~~~~~~~~~~~~^^^^^^^^^^^^^^^^^^^^^^^
[default_server_endpoint-1]   File "/usr/lib/python3.14/json/decoder.py", line 361, in raw_decode
[default_server_endpoint-1]     obj, end = self.scan_once(s, idx)
[default_server_endpoint-1]                ~~~~~~~~~~~~~~^^^^^^^^
[default_server_endpoint-1] json.decoder.JSONDecodeError: Expecting ',' delimiter: line 1 column 57 (char 56)
[default_server_endpoint-1] [INFO] [1785087492.821576251] [unity_endpoint]: Connection from 127.0.0.1
[default_server_endpoint-1] [INFO] [1785087492.823023826] [unity_endpoint]: Disconnected from 127.0.0.1
[default_server_endpoint-1] Exception in thread Thread-226:
[default_server_endpoint-1] Traceback (most recent call last):
[default_server_endpoint-1]   File "/usr/lib/python3.14/threading.py", line 1082, in _bootstrap_inner
[default_server_endpoint-1]     self._context.run(self.run)
[default_server_endpoint-1]     ~~~~~~~~~~~~~~~~~^^^^^^^^^^
[default_server_endpoint-1]   File "/home/yukichi6105/ros2_ws/build/ros_tcp_endpoint/ros_tcp_endpoint/client.py", line 213, in run
[default_server_endpoint-1]     self.tcp_server.handle_syscommand(destination, data)
[default_server_endpoint-1]     ~~~~~~~~~~~~~~~~~~~~~~~~~~~~~~~~~^^^^^^^^^^^^^^^^^^^
[default_server_endpoint-1]   File "/home/yukichi6105/ros2_ws/build/ros_tcp_endpoint/ros_tcp_endpoint/server.py", line 126, in handle_syscommand
[default_server_endpoint-1]     params = json.loads(message_json)
[default_server_endpoint-1]   File "/usr/lib/python3.14/json/__init__.py", line 352, in loads
[default_server_endpoint-1]     return _default_decoder.decode(s)
[default_server_endpoint-1]            ~~~~~~~~~~~~~~~~~~~~~~~^^^
[default_server_endpoint-1]   File "/usr/lib/python3.14/json/decoder.py", line 345, in decode
[default_server_endpoint-1]     obj, end = self.raw_decode(s, idx=_w(s, 0).end())
[default_server_endpoint-1]                ~~~~~~~~~~~~~~~^^^^^^^^^^^^^^^^^^^^^^^
[default_server_endpoint-1]   File "/usr/lib/python3.14/json/decoder.py", line 361, in raw_decode
[default_server_endpoint-1]     obj, end = self.scan_once(s, idx)
[default_server_endpoint-1]                ~~~~~~~~~~~~~~^^^^^^^^
[default_server_endpoint-1] json.decoder.JSONDecodeError: Expecting ',' delimiter: line 1 column 57 (char 56)
[default_server_endpoint-1] [INFO] [1785087493.836805828] [unity_endpoint]: Connection from 127.0.0.1
[default_server_endpoint-1] [INFO] [1785087493.837971812] [unity_endpoint]: Disconnected from 127.0.0.1
[default_server_endpoint-1] Exception in thread Thread-228:
[default_server_endpoint-1] Traceback (most recent call last):
[default_server_endpoint-1]   File "/usr/lib/python3.14/threading.py", line 1082, in _bootstrap_inner
[default_server_endpoint-1]     self._context.run(self.run)
[default_server_endpoint-1]     ~~~~~~~~~~~~~~~~~^^^^^^^^^^
[default_server_endpoint-1]   File "/home/yukichi6105/ros2_ws/build/ros_tcp_endpoint/ros_tcp_endpoint/client.py", line 213, in run
[default_server_endpoint-1]     self.tcp_server.handle_syscommand(destination, data)
[default_server_endpoint-1]     ~~~~~~~~~~~~~~~~~~~~~~~~~~~~~~~~~^^^^^^^^^^^^^^^^^^^
[default_server_endpoint-1]   File "/home/yukichi6105/ros2_ws/build/ros_tcp_endpoint/ros_tcp_endpoint/server.py", line 126, in handle_syscommand
[default_server_endpoint-1]     params = json.loads(message_json)
[default_server_endpoint-1]   File "/usr/lib/python3.14/json/__init__.py", line 352, in loads
[default_server_endpoint-1]     return _default_decoder.decode(s)
[default_server_endpoint-1]            ~~~~~~~~~~~~~~~~~~~~~~~^^^
[default_server_endpoint-1]   File "/usr/lib/python3.14/json/decoder.py", line 345, in decode
[default_server_endpoint-1]     obj, end = self.raw_decode(s, idx=_w(s, 0).end())
[default_server_endpoint-1]                ~~~~~~~~~~~~~~~^^^^^^^^^^^^^^^^^^^^^^^
[default_server_endpoint-1]   File "/usr/lib/python3.14/json/decoder.py", line 361, in raw_decode
[default_server_endpoint-1]     obj, end = self.scan_once(s, idx)
[default_server_endpoint-1]                ~~~~~~~~~~~~~~^^^^^^^^
[default_server_endpoint-1] json.decoder.JSONDecodeError: Expecting ',' delimiter: line 1 column 57 (char 56)
[default_server_endpoint-1] [INFO] [1785087494.845143556] [unity_endpoint]: Connection from 127.0.0.1
[default_server_endpoint-1] [INFO] [1785087494.846307246] [unity_endpoint]: Disconnected from 127.0.0.1
[default_server_endpoint-1] Exception in thread Thread-230:
[default_server_endpoint-1] Traceback (most recent call last):
[default_server_endpoint-1]   File "/usr/lib/python3.14/threading.py", line 1082, in _bootstrap_inner
[default_server_endpoint-1]     self._context.run(self.run)
[default_server_endpoint-1]     ~~~~~~~~~~~~~~~~~^^^^^^^^^^
[default_server_endpoint-1]   File "/home/yukichi6105/ros2_ws/build/ros_tcp_endpoint/ros_tcp_endpoint/client.py", line 213, in run
[default_server_endpoint-1]     self.tcp_server.handle_syscommand(destination, data)
[default_server_endpoint-1]     ~~~~~~~~~~~~~~~~~~~~~~~~~~~~~~~~~^^^^^^^^^^^^^^^^^^^
[default_server_endpoint-1]   File "/home/yukichi6105/ros2_ws/build/ros_tcp_endpoint/ros_tcp_endpoint/server.py", line 126, in handle_syscommand
[default_server_endpoint-1]     params = json.loads(message_json)
[default_server_endpoint-1]   File "/usr/lib/python3.14/json/__init__.py", line 352, in loads
[default_server_endpoint-1]     return _default_decoder.decode(s)
[default_server_endpoint-1]            ~~~~~~~~~~~~~~~~~~~~~~~^^^
[default_server_endpoint-1]   File "/usr/lib/python3.14/json/decoder.py", line 345, in decode
[default_server_endpoint-1]     obj, end = self.raw_decode(s, idx=_w(s, 0).end())
[default_server_endpoint-1]                ~~~~~~~~~~~~~~~^^^^^^^^^^^^^^^^^^^^^^^
[default_server_endpoint-1]   File "/usr/lib/python3.14/json/decoder.py", line 361, in raw_decode
[default_server_endpoint-1]     obj, end = self.scan_once(s, idx)
[default_server_endpoint-1]                ~~~~~~~~~~~~~~^^^^^^^^
[default_server_endpoint-1] json.decoder.JSONDecodeError: Expecting ',' delimiter: line 1 column 57 (char 56)
[default_server_endpoint-1] [INFO] [1785087495.853710454] [unity_endpoint]: Connection from 127.0.0.1
[default_server_endpoint-1] [INFO] [1785087495.855004762] [unity_endpoint]: Disconnected from 127.0.0.1
[default_server_endpoint-1] Exception in thread Thread-232:
[default_server_endpoint-1] Traceback (most recent call last):
[default_server_endpoint-1]   File "/usr/lib/python3.14/threading.py", line 1082, in _bootstrap_inner
[default_server_endpoint-1]     self._context.run(self.run)
[default_server_endpoint-1]     ~~~~~~~~~~~~~~~~~^^^^^^^^^^
[default_server_endpoint-1]   File "/home/yukichi6105/ros2_ws/build/ros_tcp_endpoint/ros_tcp_endpoint/client.py", line 213, in run
[default_server_endpoint-1]     self.tcp_server.handle_syscommand(destination, data)
[default_server_endpoint-1]     ~~~~~~~~~~~~~~~~~~~~~~~~~~~~~~~~~^^^^^^^^^^^^^^^^^^^
[default_server_endpoint-1]   File "/home/yukichi6105/ros2_ws/build/ros_tcp_endpoint/ros_tcp_endpoint/server.py", line 126, in handle_syscommand
[default_server_endpoint-1]     params = json.loads(message_json)
[default_server_endpoint-1]   File "/usr/lib/python3.14/json/__init__.py", line 352, in loads
[default_server_endpoint-1]     return _default_decoder.decode(s)
[default_server_endpoint-1]            ~~~~~~~~~~~~~~~~~~~~~~~^^^
[default_server_endpoint-1]   File "/usr/lib/python3.14/json/decoder.py", line 345, in decode
[default_server_endpoint-1]     obj, end = self.raw_decode(s, idx=_w(s, 0).end())
[default_server_endpoint-1]                ~~~~~~~~~~~~~~~^^^^^^^^^^^^^^^^^^^^^^^
[default_server_endpoint-1]   File "/usr/lib/python3.14/json/decoder.py", line 361, in raw_decode
[default_server_endpoint-1]     obj, end = self.scan_once(s, idx)
[default_server_endpoint-1]                ~~~~~~~~~~~~~~^^^^^^^^
[default_server_endpoint-1] json.decoder.JSONDecodeError: Expecting ',' delimiter: line 1 column 57 (char 56)
[default_server_endpoint-1] [INFO] [1785087496.870430142] [unity_endpoint]: Connection from 127.0.0.1
[default_server_endpoint-1] [INFO] [1785087496.871543611] [unity_endpoint]: Disconnected from 127.0.0.1
[default_server_endpoint-1] Exception in thread Thread-234:
[default_server_endpoint-1] Traceback (most recent call last):
[default_server_endpoint-1]   File "/usr/lib/python3.14/threading.py", line 1082, in _bootstrap_inner
[default_server_endpoint-1]     self._context.run(self.run)
[default_server_endpoint-1]     ~~~~~~~~~~~~~~~~~^^^^^^^^^^
[default_server_endpoint-1]   File "/home/yukichi6105/ros2_ws/build/ros_tcp_endpoint/ros_tcp_endpoint/client.py", line 213, in run
[default_server_endpoint-1]     self.tcp_server.handle_syscommand(destination, data)
[default_server_endpoint-1]     ~~~~~~~~~~~~~~~~~~~~~~~~~~~~~~~~~^^^^^^^^^^^^^^^^^^^
[default_server_endpoint-1]   File "/home/yukichi6105/ros2_ws/build/ros_tcp_endpoint/ros_tcp_endpoint/server.py", line 126, in handle_syscommand
[default_server_endpoint-1]     params = json.loads(message_json)
[default_server_endpoint-1]   File "/usr/lib/python3.14/json/__init__.py", line 352, in loads
[default_server_endpoint-1]     return _default_decoder.decode(s)
[default_server_endpoint-1]            ~~~~~~~~~~~~~~~~~~~~~~~^^^
[default_server_endpoint-1]   File "/usr/lib/python3.14/json/decoder.py", line 345, in decode
[default_server_endpoint-1]     obj, end = self.raw_decode(s, idx=_w(s, 0).end())
[default_server_endpoint-1]                ~~~~~~~~~~~~~~~^^^^^^^^^^^^^^^^^^^^^^^
[default_server_endpoint-1]   File "/usr/lib/python3.14/json/decoder.py", line 361, in raw_decode
[default_server_endpoint-1]     obj, end = self.scan_once(s, idx)
[default_server_endpoint-1]                ~~~~~~~~~~~~~~^^^^^^^^
[default_server_endpoint-1] json.decoder.JSONDecodeError: Expecting ',' delimiter: line 1 column 57 (char 56)
[default_server_endpoint-1] [INFO] [1785087497.878435659] [unity_endpoint]: Connection from 127.0.0.1
[default_server_endpoint-1] [INFO] [1785087497.879870089] [unity_endpoint]: Disconnected from 127.0.0.1
[default_server_endpoint-1] Exception in thread Thread-236:
[default_server_endpoint-1] Traceback (most recent call last):
[default_server_endpoint-1]   File "/usr/lib/python3.14/threading.py", line 1082, in _bootstrap_inner
[default_server_endpoint-1]     self._context.run(self.run)
[default_server_endpoint-1]     ~~~~~~~~~~~~~~~~~^^^^^^^^^^
[default_server_endpoint-1]   File "/home/yukichi6105/ros2_ws/build/ros_tcp_endpoint/ros_tcp_endpoint/client.py", line 213, in run
[default_server_endpoint-1]     self.tcp_server.handle_syscommand(destination, data)
[default_server_endpoint-1]     ~~~~~~~~~~~~~~~~~~~~~~~~~~~~~~~~~^^^^^^^^^^^^^^^^^^^
[default_server_endpoint-1]   File "/home/yukichi6105/ros2_ws/build/ros_tcp_endpoint/ros_tcp_endpoint/server.py", line 126, in handle_syscommand
[default_server_endpoint-1]     params = json.loads(message_json)
[default_server_endpoint-1]   File "/usr/lib/python3.14/json/__init__.py", line 352, in loads
[default_server_endpoint-1]     return _default_decoder.decode(s)
[default_server_endpoint-1]            ~~~~~~~~~~~~~~~~~~~~~~~^^^
[default_server_endpoint-1]   File "/usr/lib/python3.14/json/decoder.py", line 345, in decode
[default_server_endpoint-1]     obj, end = self.raw_decode(s, idx=_w(s, 0).end())
[default_server_endpoint-1]                ~~~~~~~~~~~~~~~^^^^^^^^^^^^^^^^^^^^^^^
[default_server_endpoint-1]   File "/usr/lib/python3.14/json/decoder.py", line 361, in raw_decode
[default_server_endpoint-1]     obj, end = self.scan_once(s, idx)
[default_server_endpoint-1]                ~~~~~~~~~~~~~~^^^^^^^^
[default_server_endpoint-1] json.decoder.JSONDecodeError: Expecting ',' delimiter: line 1 column 57 (char 56)
[default_server_endpoint-1] [INFO] [1785087498.886814832] [unity_endpoint]: Connection from 127.0.0.1
[default_server_endpoint-1] [INFO] [1785087498.887913009] [unity_endpoint]: Disconnected from 127.0.0.1
[default_server_endpoint-1] Exception in thread Thread-238:
[default_server_endpoint-1] Traceback (most recent call last):
[default_server_endpoint-1]   File "/usr/lib/python3.14/threading.py", line 1082, in _bootstrap_inner
[default_server_endpoint-1]     self._context.run(self.run)
[default_server_endpoint-1]     ~~~~~~~~~~~~~~~~~^^^^^^^^^^
[default_server_endpoint-1]   File "/home/yukichi6105/ros2_ws/build/ros_tcp_endpoint/ros_tcp_endpoint/client.py", line 213, in run
[default_server_endpoint-1]     self.tcp_server.handle_syscommand(destination, data)
[default_server_endpoint-1]     ~~~~~~~~~~~~~~~~~~~~~~~~~~~~~~~~~^^^^^^^^^^^^^^^^^^^
[default_server_endpoint-1]   File "/home/yukichi6105/ros2_ws/build/ros_tcp_endpoint/ros_tcp_endpoint/server.py", line 126, in handle_syscommand
[default_server_endpoint-1]     params = json.loads(message_json)
[default_server_endpoint-1]   File "/usr/lib/python3.14/json/__init__.py", line 352, in loads
[default_server_endpoint-1]     return _default_decoder.decode(s)
[default_server_endpoint-1]            ~~~~~~~~~~~~~~~~~~~~~~~^^^
[default_server_endpoint-1]   File "/usr/lib/python3.14/json/decoder.py", line 345, in decode
[default_server_endpoint-1]     obj, end = self.raw_decode(s, idx=_w(s, 0).end())
[default_server_endpoint-1]                ~~~~~~~~~~~~~~~^^^^^^^^^^^^^^^^^^^^^^^
[default_server_endpoint-1]   File "/usr/lib/python3.14/json/decoder.py", line 361, in raw_decode
[default_server_endpoint-1]     obj, end = self.scan_once(s, idx)
[default_server_endpoint-1]                ~~~~~~~~~~~~~~^^^^^^^^
[default_server_endpoint-1] json.decoder.JSONDecodeError: Expecting ',' delimiter: line 1 column 57 (char 56)
[default_server_endpoint-1] [INFO] [1785087499.904439625] [unity_endpoint]: Connection from 127.0.0.1
[default_server_endpoint-1] [INFO] [1785087499.905799398] [unity_endpoint]: Disconnected from 127.0.0.1
[default_server_endpoint-1] Exception in thread Thread-240:
[default_server_endpoint-1] Traceback (most recent call last):
[default_server_endpoint-1]   File "/usr/lib/python3.14/threading.py", line 1082, in _bootstrap_inner
[default_server_endpoint-1]     self._context.run(self.run)
[default_server_endpoint-1]     ~~~~~~~~~~~~~~~~~^^^^^^^^^^
[default_server_endpoint-1]   File "/home/yukichi6105/ros2_ws/build/ros_tcp_endpoint/ros_tcp_endpoint/client.py", line 213, in run
[default_server_endpoint-1]     self.tcp_server.handle_syscommand(destination, data)
[default_server_endpoint-1]     ~~~~~~~~~~~~~~~~~~~~~~~~~~~~~~~~~^^^^^^^^^^^^^^^^^^^
[default_server_endpoint-1]   File "/home/yukichi6105/ros2_ws/build/ros_tcp_endpoint/ros_tcp_endpoint/server.py", line 126, in handle_syscommand
[default_server_endpoint-1]     params = json.loads(message_json)
[default_server_endpoint-1]   File "/usr/lib/python3.14/json/__init__.py", line 352, in loads
[default_server_endpoint-1]     return _default_decoder.decode(s)
[default_server_endpoint-1]            ~~~~~~~~~~~~~~~~~~~~~~~^^^
[default_server_endpoint-1]   File "/usr/lib/python3.14/json/decoder.py", line 345, in decode
[default_server_endpoint-1]     obj, end = self.raw_decode(s, idx=_w(s, 0).end())
[default_server_endpoint-1]                ~~~~~~~~~~~~~~~^^^^^^^^^^^^^^^^^^^^^^^
[default_server_endpoint-1]   File "/usr/lib/python3.14/json/decoder.py", line 361, in raw_decode
[default_server_endpoint-1]     obj, end = self.scan_once(s, idx)
[default_server_endpoint-1]                ~~~~~~~~~~~~~~^^^^^^^^
[default_server_endpoint-1] json.decoder.JSONDecodeError: Expecting ',' delimiter: line 1 column 57 (char 56)
[default_server_endpoint-1] [INFO] [1785087500.920607074] [unity_endpoint]: Connection from 127.0.0.1
[default_server_endpoint-1] [INFO] [1785087500.922016241] [unity_endpoint]: Disconnected from 127.0.0.1
[default_server_endpoint-1] Exception in thread Thread-242:
[default_server_endpoint-1] Traceback (most recent call last):
[default_server_endpoint-1]   File "/usr/lib/python3.14/threading.py", line 1082, in _bootstrap_inner
[default_server_endpoint-1]     self._context.run(self.run)
[default_server_endpoint-1]     ~~~~~~~~~~~~~~~~~^^^^^^^^^^
[default_server_endpoint-1]   File "/home/yukichi6105/ros2_ws/build/ros_tcp_endpoint/ros_tcp_endpoint/client.py", line 213, in run
[default_server_endpoint-1]     self.tcp_server.handle_syscommand(destination, data)
[default_server_endpoint-1]     ~~~~~~~~~~~~~~~~~~~~~~~~~~~~~~~~~^^^^^^^^^^^^^^^^^^^
[default_server_endpoint-1]   File "/home/yukichi6105/ros2_ws/build/ros_tcp_endpoint/ros_tcp_endpoint/server.py", line 126, in handle_syscommand
[default_server_endpoint-1]     params = json.loads(message_json)
[default_server_endpoint-1]   File "/usr/lib/python3.14/json/__init__.py", line 352, in loads
[default_server_endpoint-1]     return _default_decoder.decode(s)
[default_server_endpoint-1]            ~~~~~~~~~~~~~~~~~~~~~~~^^^
[default_server_endpoint-1]   File "/usr/lib/python3.14/json/decoder.py", line 345, in decode
[default_server_endpoint-1]     obj, end = self.raw_decode(s, idx=_w(s, 0).end())
[default_server_endpoint-1]                ~~~~~~~~~~~~~~~^^^^^^^^^^^^^^^^^^^^^^^
[default_server_endpoint-1]   File "/usr/lib/python3.14/json/decoder.py", line 361, in raw_decode
[default_server_endpoint-1]     obj, end = self.scan_once(s, idx)
[default_server_endpoint-1]                ~~~~~~~~~~~~~~^^^^^^^^
[default_server_endpoint-1] json.decoder.JSONDecodeError: Expecting ',' delimiter: line 1 column 57 (char 56)
[default_server_endpoint-1] [INFO] [1785087501.938333059] [unity_endpoint]: Connection from 127.0.0.1
[default_server_endpoint-1] [INFO] [1785087501.939777760] [unity_endpoint]: Disconnected from 127.0.0.1
[default_server_endpoint-1] Exception in thread Thread-244:
[default_server_endpoint-1] Traceback (most recent call last):
[default_server_endpoint-1]   File "/usr/lib/python3.14/threading.py", line 1082, in _bootstrap_inner
[default_server_endpoint-1]     self._context.run(self.run)
[default_server_endpoint-1]     ~~~~~~~~~~~~~~~~~^^^^^^^^^^
[default_server_endpoint-1]   File "/home/yukichi6105/ros2_ws/build/ros_tcp_endpoint/ros_tcp_endpoint/client.py", line 213, in run
[default_server_endpoint-1]     self.tcp_server.handle_syscommand(destination, data)
[default_server_endpoint-1]     ~~~~~~~~~~~~~~~~~~~~~~~~~~~~~~~~~^^^^^^^^^^^^^^^^^^^
[default_server_endpoint-1]   File "/home/yukichi6105/ros2_ws/build/ros_tcp_endpoint/ros_tcp_endpoint/server.py", line 126, in handle_syscommand
[default_server_endpoint-1]     params = json.loads(message_json)
[default_server_endpoint-1]   File "/usr/lib/python3.14/json/__init__.py", line 352, in loads
[default_server_endpoint-1]     return _default_decoder.decode(s)
[default_server_endpoint-1]            ~~~~~~~~~~~~~~~~~~~~~~~^^^
[default_server_endpoint-1]   File "/usr/lib/python3.14/json/decoder.py", line 345, in decode
[default_server_endpoint-1]     obj, end = self.raw_decode(s, idx=_w(s, 0).end())
[default_server_endpoint-1]                ~~~~~~~~~~~~~~~^^^^^^^^^^^^^^^^^^^^^^^
[default_server_endpoint-1]   File "/usr/lib/python3.14/json/decoder.py", line 361, in raw_decode
[default_server_endpoint-1]     obj, end = self.scan_once(s, idx)
[default_server_endpoint-1]                ~~~~~~~~~~~~~~^^^^^^^^
[default_server_endpoint-1] json.decoder.JSONDecodeError: Expecting ',' delimiter: line 1 column 57 (char 56)
[default_server_endpoint-1] [INFO] [1785087502.955978503] [unity_endpoint]: Connection from 127.0.0.1
[default_server_endpoint-1] [INFO] [1785087502.957702856] [unity_endpoint]: Disconnected from 127.0.0.1
[default_server_endpoint-1] Exception in thread Thread-246:
[default_server_endpoint-1] Traceback (most recent call last):
[default_server_endpoint-1]   File "/usr/lib/python3.14/threading.py", line 1082, in _bootstrap_inner
[default_server_endpoint-1]     self._context.run(self.run)
[default_server_endpoint-1]     ~~~~~~~~~~~~~~~~~^^^^^^^^^^
[default_server_endpoint-1]   File "/home/yukichi6105/ros2_ws/build/ros_tcp_endpoint/ros_tcp_endpoint/client.py", line 213, in run
[default_server_endpoint-1]     self.tcp_server.handle_syscommand(destination, data)
[default_server_endpoint-1]     ~~~~~~~~~~~~~~~~~~~~~~~~~~~~~~~~~^^^^^^^^^^^^^^^^^^^
[default_server_endpoint-1]   File "/home/yukichi6105/ros2_ws/build/ros_tcp_endpoint/ros_tcp_endpoint/server.py", line 126, in handle_syscommand
[default_server_endpoint-1]     params = json.loads(message_json)
[default_server_endpoint-1]   File "/usr/lib/python3.14/json/__init__.py", line 352, in loads
[default_server_endpoint-1]     return _default_decoder.decode(s)
[default_server_endpoint-1]            ~~~~~~~~~~~~~~~~~~~~~~~^^^
[default_server_endpoint-1]   File "/usr/lib/python3.14/json/decoder.py", line 345, in decode
[default_server_endpoint-1]     obj, end = self.raw_decode(s, idx=_w(s, 0).end())
[default_server_endpoint-1]                ~~~~~~~~~~~~~~~^^^^^^^^^^^^^^^^^^^^^^^
[default_server_endpoint-1]   File "/usr/lib/python3.14/json/decoder.py", line 361, in raw_decode
[default_server_endpoint-1]     obj, end = self.scan_once(s, idx)
[default_server_endpoint-1]                ~~~~~~~~~~~~~~^^^^^^^^
[default_server_endpoint-1] json.decoder.JSONDecodeError: Expecting ',' delimiter: line 1 column 57 (char 56)
[default_server_endpoint-1] [INFO] [1785087503.970538429] [unity_endpoint]: Connection from 127.0.0.1
[default_server_endpoint-1] [INFO] [1785087503.971670436] [unity_endpoint]: Disconnected from 127.0.0.1
[default_server_endpoint-1] Exception in thread Thread-248:
[default_server_endpoint-1] Traceback (most recent call last):
[default_server_endpoint-1]   File "/usr/lib/python3.14/threading.py", line 1082, in _bootstrap_inner
[default_server_endpoint-1]     self._context.run(self.run)
[default_server_endpoint-1]     ~~~~~~~~~~~~~~~~~^^^^^^^^^^
[default_server_endpoint-1]   File "/home/yukichi6105/ros2_ws/build/ros_tcp_endpoint/ros_tcp_endpoint/client.py", line 213, in run
[default_server_endpoint-1]     self.tcp_server.handle_syscommand(destination, data)
[default_server_endpoint-1]     ~~~~~~~~~~~~~~~~~~~~~~~~~~~~~~~~~^^^^^^^^^^^^^^^^^^^
[default_server_endpoint-1]   File "/home/yukichi6105/ros2_ws/build/ros_tcp_endpoint/ros_tcp_endpoint/server.py", line 126, in handle_syscommand
[default_server_endpoint-1]     params = json.loads(message_json)
[default_server_endpoint-1]   File "/usr/lib/python3.14/json/__init__.py", line 352, in loads
[default_server_endpoint-1]     return _default_decoder.decode(s)
[default_server_endpoint-1]            ~~~~~~~~~~~~~~~~~~~~~~~^^^
[default_server_endpoint-1]   File "/usr/lib/python3.14/json/decoder.py", line 345, in decode
[default_server_endpoint-1]     obj, end = self.raw_decode(s, idx=_w(s, 0).end())
[default_server_endpoint-1]                ~~~~~~~~~~~~~~~^^^^^^^^^^^^^^^^^^^^^^^
[default_server_endpoint-1]   File "/usr/lib/python3.14/json/decoder.py", line 361, in raw_decode
[default_server_endpoint-1]     obj, end = self.scan_once(s, idx)
[default_server_endpoint-1]                ~~~~~~~~~~~~~~^^^^^^^^
[default_server_endpoint-1] json.decoder.JSONDecodeError: Expecting ',' delimiter: line 1 column 57 (char 56)
[default_server_endpoint-1] [INFO] [1785087504.991607090] [unity_endpoint]: Connection from 127.0.0.1
[default_server_endpoint-1] [INFO] [1785087504.992614397] [unity_endpoint]: Disconnected from 127.0.0.1
[default_server_endpoint-1] Exception in thread Thread-250:
[default_server_endpoint-1] Traceback (most recent call last):
[default_server_endpoint-1]   File "/usr/lib/python3.14/threading.py", line 1082, in _bootstrap_inner
[default_server_endpoint-1]     self._context.run(self.run)
[default_server_endpoint-1]     ~~~~~~~~~~~~~~~~~^^^^^^^^^^
[default_server_endpoint-1]   File "/home/yukichi6105/ros2_ws/build/ros_tcp_endpoint/ros_tcp_endpoint/client.py", line 213, in run
[default_server_endpoint-1]     self.tcp_server.handle_syscommand(destination, data)
[default_server_endpoint-1]     ~~~~~~~~~~~~~~~~~~~~~~~~~~~~~~~~~^^^^^^^^^^^^^^^^^^^
[default_server_endpoint-1]   File "/home/yukichi6105/ros2_ws/build/ros_tcp_endpoint/ros_tcp_endpoint/server.py", line 126, in handle_syscommand
[default_server_endpoint-1]     params = json.loads(message_json)
[default_server_endpoint-1]   File "/usr/lib/python3.14/json/__init__.py", line 352, in loads
[default_server_endpoint-1]     return _default_decoder.decode(s)
[default_server_endpoint-1]            ~~~~~~~~~~~~~~~~~~~~~~~^^^
[default_server_endpoint-1]   File "/usr/lib/python3.14/json/decoder.py", line 345, in decode
[default_server_endpoint-1]     obj, end = self.raw_decode(s, idx=_w(s, 0).end())
[default_server_endpoint-1]                ~~~~~~~~~~~~~~~^^^^^^^^^^^^^^^^^^^^^^^
[default_server_endpoint-1]   File "/usr/lib/python3.14/json/decoder.py", line 361, in raw_decode
[default_server_endpoint-1]     obj, end = self.scan_once(s, idx)
[default_server_endpoint-1]                ~~~~~~~~~~~~~~^^^^^^^^
[default_server_endpoint-1] json.decoder.JSONDecodeError: Expecting ',' delimiter: line 1 column 57 (char 56)
[default_server_endpoint-1] [INFO] [1785087505.999795385] [unity_endpoint]: Connection from 127.0.0.1
[default_server_endpoint-1] [INFO] [1785087506.001370636] [unity_endpoint]: Disconnected from 127.0.0.1
[default_server_endpoint-1] Exception in thread Thread-252:
[default_server_endpoint-1] Traceback (most recent call last):
[default_server_endpoint-1]   File "/usr/lib/python3.14/threading.py", line 1082, in _bootstrap_inner
[default_server_endpoint-1]     self._context.run(self.run)
[default_server_endpoint-1]     ~~~~~~~~~~~~~~~~~^^^^^^^^^^
[default_server_endpoint-1]   File "/home/yukichi6105/ros2_ws/build/ros_tcp_endpoint/ros_tcp_endpoint/client.py", line 213, in run
[default_server_endpoint-1]     self.tcp_server.handle_syscommand(destination, data)
[default_server_endpoint-1]     ~~~~~~~~~~~~~~~~~~~~~~~~~~~~~~~~~^^^^^^^^^^^^^^^^^^^
[default_server_endpoint-1]   File "/home/yukichi6105/ros2_ws/build/ros_tcp_endpoint/ros_tcp_endpoint/server.py", line 126, in handle_syscommand
[default_server_endpoint-1]     params = json.loads(message_json)
[default_server_endpoint-1]   File "/usr/lib/python3.14/json/__init__.py", line 352, in loads
[default_server_endpoint-1]     return _default_decoder.decode(s)
[default_server_endpoint-1]            ~~~~~~~~~~~~~~~~~~~~~~~^^^
[default_server_endpoint-1]   File "/usr/lib/python3.14/json/decoder.py", line 345, in decode
[default_server_endpoint-1]     obj, end = self.raw_decode(s, idx=_w(s, 0).end())
[default_server_endpoint-1]                ~~~~~~~~~~~~~~~^^^^^^^^^^^^^^^^^^^^^^^
[default_server_endpoint-1]   File "/usr/lib/python3.14/json/decoder.py", line 361, in raw_decode
[default_server_endpoint-1]     obj, end = self.scan_once(s, idx)
[default_server_endpoint-1]                ~~~~~~~~~~~~~~^^^^^^^^
[default_server_endpoint-1] json.decoder.JSONDecodeError: Expecting ',' delimiter: line 1 column 57 (char 56)
[default_server_endpoint-1] [INFO] [1785087507.013332021] [unity_endpoint]: Connection from 127.0.0.1
[default_server_endpoint-1] [INFO] [1785087507.014653938] [unity_endpoint]: Disconnected from 127.0.0.1
[default_server_endpoint-1] Exception in thread Thread-254:
[default_server_endpoint-1] Traceback (most recent call last):
[default_server_endpoint-1]   File "/usr/lib/python3.14/threading.py", line 1082, in _bootstrap_inner
[default_server_endpoint-1]     self._context.run(self.run)
[default_server_endpoint-1]     ~~~~~~~~~~~~~~~~~^^^^^^^^^^
[default_server_endpoint-1]   File "/home/yukichi6105/ros2_ws/build/ros_tcp_endpoint/ros_tcp_endpoint/client.py", line 213, in run
[default_server_endpoint-1]     self.tcp_server.handle_syscommand(destination, data)
[default_server_endpoint-1]     ~~~~~~~~~~~~~~~~~~~~~~~~~~~~~~~~~^^^^^^^^^^^^^^^^^^^
[default_server_endpoint-1]   File "/home/yukichi6105/ros2_ws/build/ros_tcp_endpoint/ros_tcp_endpoint/server.py", line 126, in handle_syscommand
[default_server_endpoint-1]     params = json.loads(message_json)
[default_server_endpoint-1]   File "/usr/lib/python3.14/json/__init__.py", line 352, in loads
[default_server_endpoint-1]     return _default_decoder.decode(s)
[default_server_endpoint-1]            ~~~~~~~~~~~~~~~~~~~~~~~^^^
[default_server_endpoint-1]   File "/usr/lib/python3.14/json/decoder.py", line 345, in decode
[default_server_endpoint-1]     obj, end = self.raw_decode(s, idx=_w(s, 0).end())
[default_server_endpoint-1]                ~~~~~~~~~~~~~~~^^^^^^^^^^^^^^^^^^^^^^^
[default_server_endpoint-1]   File "/usr/lib/python3.14/json/decoder.py", line 361, in raw_decode
[default_server_endpoint-1]     obj, end = self.scan_once(s, idx)
[default_server_endpoint-1]                ~~~~~~~~~~~~~~^^^^^^^^
[default_server_endpoint-1] json.decoder.JSONDecodeError: Expecting ',' delimiter: line 1 column 57 (char 56)
[default_server_endpoint-1] [INFO] [1785087508.030502805] [unity_endpoint]: Connection from 127.0.0.1
[default_server_endpoint-1] [INFO] [1785087508.031898894] [unity_endpoint]: Disconnected from 127.0.0.1
[default_server_endpoint-1] Exception in thread Thread-256:
[default_server_endpoint-1] Traceback (most recent call last):
[default_server_endpoint-1]   File "/usr/lib/python3.14/threading.py", line 1082, in _bootstrap_inner
[default_server_endpoint-1]     self._context.run(self.run)
[default_server_endpoint-1]     ~~~~~~~~~~~~~~~~~^^^^^^^^^^
[default_server_endpoint-1]   File "/home/yukichi6105/ros2_ws/build/ros_tcp_endpoint/ros_tcp_endpoint/client.py", line 213, in run
[default_server_endpoint-1]     self.tcp_server.handle_syscommand(destination, data)
[default_server_endpoint-1]     ~~~~~~~~~~~~~~~~~~~~~~~~~~~~~~~~~^^^^^^^^^^^^^^^^^^^
[default_server_endpoint-1]   File "/home/yukichi6105/ros2_ws/build/ros_tcp_endpoint/ros_tcp_endpoint/server.py", line 126, in handle_syscommand
[default_server_endpoint-1]     params = json.loads(message_json)
[default_server_endpoint-1]   File "/usr/lib/python3.14/json/__init__.py", line 352, in loads
[default_server_endpoint-1]     return _default_decoder.decode(s)
[default_server_endpoint-1]            ~~~~~~~~~~~~~~~~~~~~~~~^^^
[default_server_endpoint-1]   File "/usr/lib/python3.14/json/decoder.py", line 345, in decode
[default_server_endpoint-1]     obj, end = self.raw_decode(s, idx=_w(s, 0).end())
[default_server_endpoint-1]                ~~~~~~~~~~~~~~~^^^^^^^^^^^^^^^^^^^^^^^
[default_server_endpoint-1]   File "/usr/lib/python3.14/json/decoder.py", line 361, in raw_decode
[default_server_endpoint-1]     obj, end = self.scan_once(s, idx)
[default_server_endpoint-1]                ~~~~~~~~~~~~~~^^^^^^^^
[default_server_endpoint-1] json.decoder.JSONDecodeError: Expecting ',' delimiter: line 1 column 57 (char 56)
[default_server_endpoint-1] [INFO] [1785087509.045796618] [unity_endpoint]: Connection from 127.0.0.1
[default_server_endpoint-1] [INFO] [1785087509.046778961] [unity_endpoint]: Disconnected from 127.0.0.1
[default_server_endpoint-1] Exception in thread Thread-258:
[default_server_endpoint-1] Traceback (most recent call last):
[default_server_endpoint-1]   File "/usr/lib/python3.14/threading.py", line 1082, in _bootstrap_inner
[default_server_endpoint-1]     self._context.run(self.run)
[default_server_endpoint-1]     ~~~~~~~~~~~~~~~~~^^^^^^^^^^
[default_server_endpoint-1]   File "/home/yukichi6105/ros2_ws/build/ros_tcp_endpoint/ros_tcp_endpoint/client.py", line 213, in run
[default_server_endpoint-1]     self.tcp_server.handle_syscommand(destination, data)
[default_server_endpoint-1]     ~~~~~~~~~~~~~~~~~~~~~~~~~~~~~~~~~^^^^^^^^^^^^^^^^^^^
[default_server_endpoint-1]   File "/home/yukichi6105/ros2_ws/build/ros_tcp_endpoint/ros_tcp_endpoint/server.py", line 126, in handle_syscommand
[default_server_endpoint-1]     params = json.loads(message_json)
[default_server_endpoint-1]   File "/usr/lib/python3.14/json/__init__.py", line 352, in loads
[default_server_endpoint-1]     return _default_decoder.decode(s)
[default_server_endpoint-1]            ~~~~~~~~~~~~~~~~~~~~~~~^^^
[default_server_endpoint-1]   File "/usr/lib/python3.14/json/decoder.py", line 345, in decode
[default_server_endpoint-1]     obj, end = self.raw_decode(s, idx=_w(s, 0).end())
[default_server_endpoint-1]                ~~~~~~~~~~~~~~~^^^^^^^^^^^^^^^^^^^^^^^
[default_server_endpoint-1]   File "/usr/lib/python3.14/json/decoder.py", line 361, in raw_decode
[default_server_endpoint-1]     obj, end = self.scan_once(s, idx)
[default_server_endpoint-1]                ~~~~~~~~~~~~~~^^^^^^^^
[default_server_endpoint-1] json.decoder.JSONDecodeError: Expecting ',' delimiter: line 1 column 57 (char 56)
[default_server_endpoint-1] [INFO] [1785087510.062854682] [unity_endpoint]: Connection from 127.0.0.1
[default_server_endpoint-1] [INFO] [1785087510.063917501] [unity_endpoint]: Disconnected from 127.0.0.1
[default_server_endpoint-1] Exception in thread Thread-260:
[default_server_endpoint-1] Traceback (most recent call last):
[default_server_endpoint-1]   File "/usr/lib/python3.14/threading.py", line 1082, in _bootstrap_inner
[default_server_endpoint-1]     self._context.run(self.run)
[default_server_endpoint-1]     ~~~~~~~~~~~~~~~~~^^^^^^^^^^
[default_server_endpoint-1]   File "/home/yukichi6105/ros2_ws/build/ros_tcp_endpoint/ros_tcp_endpoint/client.py", line 213, in run
[default_server_endpoint-1]     self.tcp_server.handle_syscommand(destination, data)
[default_server_endpoint-1]     ~~~~~~~~~~~~~~~~~~~~~~~~~~~~~~~~~^^^^^^^^^^^^^^^^^^^
[default_server_endpoint-1]   File "/home/yukichi6105/ros2_ws/build/ros_tcp_endpoint/ros_tcp_endpoint/server.py", line 126, in handle_syscommand
[default_server_endpoint-1]     params = json.loads(message_json)
[default_server_endpoint-1]   File "/usr/lib/python3.14/json/__init__.py", line 352, in loads
[default_server_endpoint-1]     return _default_decoder.decode(s)
[default_server_endpoint-1]            ~~~~~~~~~~~~~~~~~~~~~~~^^^
[default_server_endpoint-1]   File "/usr/lib/python3.14/json/decoder.py", line 345, in decode
[default_server_endpoint-1]     obj, end = self.raw_decode(s, idx=_w(s, 0).end())
[default_server_endpoint-1]                ~~~~~~~~~~~~~~~^^^^^^^^^^^^^^^^^^^^^^^
[default_server_endpoint-1]   File "/usr/lib/python3.14/json/decoder.py", line 361, in raw_decode
[default_server_endpoint-1]     obj, end = self.scan_once(s, idx)
[default_server_endpoint-1]                ~~~~~~~~~~~~~~^^^^^^^^
[default_server_endpoint-1] json.decoder.JSONDecodeError: Expecting ',' delimiter: line 1 column 57 (char 56)
[default_server_endpoint-1] [INFO] [1785087511.078760362] [unity_endpoint]: Connection from 127.0.0.1
[default_server_endpoint-1] [INFO] [1785087511.079852740] [unity_endpoint]: Disconnected from 127.0.0.1
[default_server_endpoint-1] Exception in thread Thread-262:
[default_server_endpoint-1] Traceback (most recent call last):
[default_server_endpoint-1]   File "/usr/lib/python3.14/threading.py", line 1082, in _bootstrap_inner
[default_server_endpoint-1]     self._context.run(self.run)
[default_server_endpoint-1]     ~~~~~~~~~~~~~~~~~^^^^^^^^^^
[default_server_endpoint-1]   File "/home/yukichi6105/ros2_ws/build/ros_tcp_endpoint/ros_tcp_endpoint/client.py", line 213, in run
[default_server_endpoint-1]     self.tcp_server.handle_syscommand(destination, data)
[default_server_endpoint-1]     ~~~~~~~~~~~~~~~~~~~~~~~~~~~~~~~~~^^^^^^^^^^^^^^^^^^^
[default_server_endpoint-1]   File "/home/yukichi6105/ros2_ws/build/ros_tcp_endpoint/ros_tcp_endpoint/server.py", line 126, in handle_syscommand
[default_server_endpoint-1]     params = json.loads(message_json)
[default_server_endpoint-1]   File "/usr/lib/python3.14/json/__init__.py", line 352, in loads
[default_server_endpoint-1]     return _default_decoder.decode(s)
[default_server_endpoint-1]            ~~~~~~~~~~~~~~~~~~~~~~~^^^
[default_server_endpoint-1]   File "/usr/lib/python3.14/json/decoder.py", line 345, in decode
[default_server_endpoint-1]     obj, end = self.raw_decode(s, idx=_w(s, 0).end())
[default_server_endpoint-1]                ~~~~~~~~~~~~~~~^^^^^^^^^^^^^^^^^^^^^^^
[default_server_endpoint-1]   File "/usr/lib/python3.14/json/decoder.py", line 361, in raw_decode
[default_server_endpoint-1]     obj, end = self.scan_once(s, idx)
[default_server_endpoint-1]                ~~~~~~~~~~~~~~^^^^^^^^
[default_server_endpoint-1] json.decoder.JSONDecodeError: Expecting ',' delimiter: line 1 column 57 (char 56)
[default_server_endpoint-1] [INFO] [1785087512.085532310] [unity_endpoint]: Connection from 127.0.0.1
[default_server_endpoint-1] [INFO] [1785087512.086983821] [unity_endpoint]: Disconnected from 127.0.0.1
[default_server_endpoint-1] Exception in thread Thread-264:
[default_server_endpoint-1] Traceback (most recent call last):
[default_server_endpoint-1]   File "/usr/lib/python3.14/threading.py", line 1082, in _bootstrap_inner
[default_server_endpoint-1]     self._context.run(self.run)
[default_server_endpoint-1]     ~~~~~~~~~~~~~~~~~^^^^^^^^^^
[default_server_endpoint-1]   File "/home/yukichi6105/ros2_ws/build/ros_tcp_endpoint/ros_tcp_endpoint/client.py", line 213, in run
[default_server_endpoint-1]     self.tcp_server.handle_syscommand(destination, data)
[default_server_endpoint-1]     ~~~~~~~~~~~~~~~~~~~~~~~~~~~~~~~~~^^^^^^^^^^^^^^^^^^^
[default_server_endpoint-1]   File "/home/yukichi6105/ros2_ws/build/ros_tcp_endpoint/ros_tcp_endpoint/server.py", line 126, in handle_syscommand
[default_server_endpoint-1]     params = json.loads(message_json)
[default_server_endpoint-1]   File "/usr/lib/python3.14/json/__init__.py", line 352, in loads
[default_server_endpoint-1]     return _default_decoder.decode(s)
[default_server_endpoint-1]            ~~~~~~~~~~~~~~~~~~~~~~~^^^
[default_server_endpoint-1]   File "/usr/lib/python3.14/json/decoder.py", line 345, in decode
[default_server_endpoint-1]     obj, end = self.raw_decode(s, idx=_w(s, 0).end())
[default_server_endpoint-1]                ~~~~~~~~~~~~~~~^^^^^^^^^^^^^^^^^^^^^^^
[default_server_endpoint-1]   File "/usr/lib/python3.14/json/decoder.py", line 361, in raw_decode
[default_server_endpoint-1]     obj, end = self.scan_once(s, idx)
[default_server_endpoint-1]                ~~~~~~~~~~~~~~^^^^^^^^
[default_server_endpoint-1] json.decoder.JSONDecodeError: Expecting ',' delimiter: line 1 column 57 (char 56)
[default_server_endpoint-1] [INFO] [1785087513.094151270] [unity_endpoint]: Connection from 127.0.0.1
[default_server_endpoint-1] [INFO] [1785087513.095142847] [unity_endpoint]: Disconnected from 127.0.0.1
[default_server_endpoint-1] Exception in thread Thread-266:
[default_server_endpoint-1] Traceback (most recent call last):
[default_server_endpoint-1]   File "/usr/lib/python3.14/threading.py", line 1082, in _bootstrap_inner
[default_server_endpoint-1]     self._context.run(self.run)
[default_server_endpoint-1]     ~~~~~~~~~~~~~~~~~^^^^^^^^^^
[default_server_endpoint-1]   File "/home/yukichi6105/ros2_ws/build/ros_tcp_endpoint/ros_tcp_endpoint/client.py", line 213, in run
[default_server_endpoint-1]     self.tcp_server.handle_syscommand(destination, data)
[default_server_endpoint-1]     ~~~~~~~~~~~~~~~~~~~~~~~~~~~~~~~~~^^^^^^^^^^^^^^^^^^^
[default_server_endpoint-1]   File "/home/yukichi6105/ros2_ws/build/ros_tcp_endpoint/ros_tcp_endpoint/server.py", line 126, in handle_syscommand
[default_server_endpoint-1]     params = json.loads(message_json)
[default_server_endpoint-1]   File "/usr/lib/python3.14/json/__init__.py", line 352, in loads
[default_server_endpoint-1]     return _default_decoder.decode(s)
[default_server_endpoint-1]            ~~~~~~~~~~~~~~~~~~~~~~~^^^
[default_server_endpoint-1]   File "/usr/lib/python3.14/json/decoder.py", line 345, in decode
[default_server_endpoint-1]     obj, end = self.raw_decode(s, idx=_w(s, 0).end())
[default_server_endpoint-1]                ~~~~~~~~~~~~~~~^^^^^^^^^^^^^^^^^^^^^^^
[default_server_endpoint-1]   File "/usr/lib/python3.14/json/decoder.py", line 361, in raw_decode
[default_server_endpoint-1]     obj, end = self.scan_once(s, idx)
[default_server_endpoint-1]                ~~~~~~~~~~~~~~^^^^^^^^
[default_server_endpoint-1] json.decoder.JSONDecodeError: Expecting ',' delimiter: line 1 column 57 (char 56)
[default_server_endpoint-1] [INFO] [1785087514.112353123] [unity_endpoint]: Connection from 127.0.0.1
[default_server_endpoint-1] [INFO] [1785087514.113353994] [unity_endpoint]: Disconnected from 127.0.0.1
[default_server_endpoint-1] Exception in thread Thread-268:
[default_server_endpoint-1] Traceback (most recent call last):
[default_server_endpoint-1]   File "/usr/lib/python3.14/threading.py", line 1082, in _bootstrap_inner
[default_server_endpoint-1]     self._context.run(self.run)
[default_server_endpoint-1]     ~~~~~~~~~~~~~~~~~^^^^^^^^^^
[default_server_endpoint-1]   File "/home/yukichi6105/ros2_ws/build/ros_tcp_endpoint/ros_tcp_endpoint/client.py", line 213, in run
[default_server_endpoint-1]     self.tcp_server.handle_syscommand(destination, data)
[default_server_endpoint-1]     ~~~~~~~~~~~~~~~~~~~~~~~~~~~~~~~~~^^^^^^^^^^^^^^^^^^^
[default_server_endpoint-1]   File "/home/yukichi6105/ros2_ws/build/ros_tcp_endpoint/ros_tcp_endpoint/server.py", line 126, in handle_syscommand
[default_server_endpoint-1]     params = json.loads(message_json)
[default_server_endpoint-1]   File "/usr/lib/python3.14/json/__init__.py", line 352, in loads
[default_server_endpoint-1]     return _default_decoder.decode(s)
[default_server_endpoint-1]            ~~~~~~~~~~~~~~~~~~~~~~~^^^
[default_server_endpoint-1]   File "/usr/lib/python3.14/json/decoder.py", line 345, in decode
[default_server_endpoint-1]     obj, end = self.raw_decode(s, idx=_w(s, 0).end())
[default_server_endpoint-1]                ~~~~~~~~~~~~~~~^^^^^^^^^^^^^^^^^^^^^^^
[default_server_endpoint-1]   File "/usr/lib/python3.14/json/decoder.py", line 361, in raw_decode
[default_server_endpoint-1]     obj, end = self.scan_once(s, idx)
[default_server_endpoint-1]                ~~~~~~~~~~~~~~^^^^^^^^
[default_server_endpoint-1] json.decoder.JSONDecodeError: Expecting ',' delimiter: line 1 column 57 (char 56)
[default_server_endpoint-1] [INFO] [1785087515.127975858] [unity_endpoint]: Connection from 127.0.0.1
[default_server_endpoint-1] [INFO] [1785087515.129122344] [unity_endpoint]: Disconnected from 127.0.0.1
[default_server_endpoint-1] Exception in thread Thread-270:
[default_server_endpoint-1] Traceback (most recent call last):
[default_server_endpoint-1]   File "/usr/lib/python3.14/threading.py", line 1082, in _bootstrap_inner
[default_server_endpoint-1]     self._context.run(self.run)
[default_server_endpoint-1]     ~~~~~~~~~~~~~~~~~^^^^^^^^^^
[default_server_endpoint-1]   File "/home/yukichi6105/ros2_ws/build/ros_tcp_endpoint/ros_tcp_endpoint/client.py", line 213, in run
[default_server_endpoint-1]     self.tcp_server.handle_syscommand(destination, data)
[default_server_endpoint-1]     ~~~~~~~~~~~~~~~~~~~~~~~~~~~~~~~~~^^^^^^^^^^^^^^^^^^^
[default_server_endpoint-1]   File "/home/yukichi6105/ros2_ws/build/ros_tcp_endpoint/ros_tcp_endpoint/server.py", line 126, in handle_syscommand
[default_server_endpoint-1]     params = json.loads(message_json)
[default_server_endpoint-1]   File "/usr/lib/python3.14/json/__init__.py", line 352, in loads
[default_server_endpoint-1]     return _default_decoder.decode(s)
[default_server_endpoint-1]            ~~~~~~~~~~~~~~~~~~~~~~~^^^
[default_server_endpoint-1]   File "/usr/lib/python3.14/json/decoder.py", line 345, in decode
[default_server_endpoint-1]     obj, end = self.raw_decode(s, idx=_w(s, 0).end())
[default_server_endpoint-1]                ~~~~~~~~~~~~~~~^^^^^^^^^^^^^^^^^^^^^^^
[default_server_endpoint-1]   File "/usr/lib/python3.14/json/decoder.py", line 361, in raw_decode
[default_server_endpoint-1]     obj, end = self.scan_once(s, idx)
[default_server_endpoint-1]                ~~~~~~~~~~~~~~^^^^^^^^
[default_server_endpoint-1] json.decoder.JSONDecodeError: Expecting ',' delimiter: line 1 column 57 (char 56)
[default_server_endpoint-1] [INFO] [1785087516.134403392] [unity_endpoint]: Connection from 127.0.0.1
[default_server_endpoint-1] [INFO] [1785087516.135571911] [unity_endpoint]: Disconnected from 127.0.0.1
[default_server_endpoint-1] Exception in thread Thread-272:
[default_server_endpoint-1] Traceback (most recent call last):
[default_server_endpoint-1]   File "/usr/lib/python3.14/threading.py", line 1082, in _bootstrap_inner
[default_server_endpoint-1]     self._context.run(self.run)
[default_server_endpoint-1]     ~~~~~~~~~~~~~~~~~^^^^^^^^^^
[default_server_endpoint-1]   File "/home/yukichi6105/ros2_ws/build/ros_tcp_endpoint/ros_tcp_endpoint/client.py", line 213, in run
[default_server_endpoint-1]     self.tcp_server.handle_syscommand(destination, data)
[default_server_endpoint-1]     ~~~~~~~~~~~~~~~~~~~~~~~~~~~~~~~~~^^^^^^^^^^^^^^^^^^^
[default_server_endpoint-1]   File "/home/yukichi6105/ros2_ws/build/ros_tcp_endpoint/ros_tcp_endpoint/server.py", line 126, in handle_syscommand
[default_server_endpoint-1]     params = json.loads(message_json)
[default_server_endpoint-1]   File "/usr/lib/python3.14/json/__init__.py", line 352, in loads
[default_server_endpoint-1]     return _default_decoder.decode(s)
[default_server_endpoint-1]            ~~~~~~~~~~~~~~~~~~~~~~~^^^
[default_server_endpoint-1]   File "/usr/lib/python3.14/json/decoder.py", line 345, in decode
[default_server_endpoint-1]     obj, end = self.raw_decode(s, idx=_w(s, 0).end())
[default_server_endpoint-1]                ~~~~~~~~~~~~~~~^^^^^^^^^^^^^^^^^^^^^^^
[default_server_endpoint-1]   File "/usr/lib/python3.14/json/decoder.py", line 361, in raw_decode
[default_server_endpoint-1]     obj, end = self.scan_once(s, idx)
[default_server_endpoint-1]                ~~~~~~~~~~~~~~^^^^^^^^
[default_server_endpoint-1] json.decoder.JSONDecodeError: Expecting ',' delimiter: line 1 column 57 (char 56)
[default_server_endpoint-1] [INFO] [1785087517.144541676] [unity_endpoint]: Connection from 127.0.0.1
[default_server_endpoint-1] [INFO] [1785087517.145672026] [unity_endpoint]: Disconnected from 127.0.0.1
[default_server_endpoint-1] Exception in thread Thread-274:
[default_server_endpoint-1] Traceback (most recent call last):
[default_server_endpoint-1]   File "/usr/lib/python3.14/threading.py", line 1082, in _bootstrap_inner
[default_server_endpoint-1]     self._context.run(self.run)
[default_server_endpoint-1]     ~~~~~~~~~~~~~~~~~^^^^^^^^^^
[default_server_endpoint-1]   File "/home/yukichi6105/ros2_ws/build/ros_tcp_endpoint/ros_tcp_endpoint/client.py", line 213, in run
[default_server_endpoint-1]     self.tcp_server.handle_syscommand(destination, data)
[default_server_endpoint-1]     ~~~~~~~~~~~~~~~~~~~~~~~~~~~~~~~~~^^^^^^^^^^^^^^^^^^^
[default_server_endpoint-1]   File "/home/yukichi6105/ros2_ws/build/ros_tcp_endpoint/ros_tcp_endpoint/server.py", line 126, in handle_syscommand
[default_server_endpoint-1]     params = json.loads(message_json)
[default_server_endpoint-1]   File "/usr/lib/python3.14/json/__init__.py", line 352, in loads
[default_server_endpoint-1]     return _default_decoder.decode(s)
[default_server_endpoint-1]            ~~~~~~~~~~~~~~~~~~~~~~~^^^
[default_server_endpoint-1]   File "/usr/lib/python3.14/json/decoder.py", line 345, in decode
[default_server_endpoint-1]     obj, end = self.raw_decode(s, idx=_w(s, 0).end())
[default_server_endpoint-1]                ~~~~~~~~~~~~~~~^^^^^^^^^^^^^^^^^^^^^^^
[default_server_endpoint-1]   File "/usr/lib/python3.14/json/decoder.py", line 361, in raw_decode
[default_server_endpoint-1]     obj, end = self.scan_once(s, idx)
[default_server_endpoint-1]                ~~~~~~~~~~~~~~^^^^^^^^
[default_server_endpoint-1] json.decoder.JSONDecodeError: Expecting ',' delimiter: line 1 column 57 (char 56)
[default_server_endpoint-1] [INFO] [1785087518.160352915] [unity_endpoint]: Connection from 127.0.0.1
[default_server_endpoint-1] [INFO] [1785087518.161452740] [unity_endpoint]: Disconnected from 127.0.0.1
[default_server_endpoint-1] Exception in thread Thread-276:
[default_server_endpoint-1] Traceback (most recent call last):
[default_server_endpoint-1]   File "/usr/lib/python3.14/threading.py", line 1082, in _bootstrap_inner
[default_server_endpoint-1]     self._context.run(self.run)
[default_server_endpoint-1]     ~~~~~~~~~~~~~~~~~^^^^^^^^^^
[default_server_endpoint-1]   File "/home/yukichi6105/ros2_ws/build/ros_tcp_endpoint/ros_tcp_endpoint/client.py", line 213, in run
[default_server_endpoint-1]     self.tcp_server.handle_syscommand(destination, data)
[default_server_endpoint-1]     ~~~~~~~~~~~~~~~~~~~~~~~~~~~~~~~~~^^^^^^^^^^^^^^^^^^^
[default_server_endpoint-1]   File "/home/yukichi6105/ros2_ws/build/ros_tcp_endpoint/ros_tcp_endpoint/server.py", line 126, in handle_syscommand
[default_server_endpoint-1]     params = json.loads(message_json)
[default_server_endpoint-1]   File "/usr/lib/python3.14/json/__init__.py", line 352, in loads
[default_server_endpoint-1]     return _default_decoder.decode(s)
[default_server_endpoint-1]            ~~~~~~~~~~~~~~~~~~~~~~~^^^
[default_server_endpoint-1]   File "/usr/lib/python3.14/json/decoder.py", line 345, in decode
[default_server_endpoint-1]     obj, end = self.raw_decode(s, idx=_w(s, 0).end())
[default_server_endpoint-1]                ~~~~~~~~~~~~~~~^^^^^^^^^^^^^^^^^^^^^^^
[default_server_endpoint-1]   File "/usr/lib/python3.14/json/decoder.py", line 361, in raw_decode
[default_server_endpoint-1]     obj, end = self.scan_once(s, idx)
[default_server_endpoint-1]                ~~~~~~~~~~~~~~^^^^^^^^
[default_server_endpoint-1] json.decoder.JSONDecodeError: Expecting ',' delimiter: line 1 column 57 (char 56)
[default_server_endpoint-1] [INFO] [1785087519.189503547] [unity_endpoint]: Connection from 127.0.0.1
[default_server_endpoint-1] [INFO] [1785087519.259895577] [unity_endpoint]: Disconnected from 127.0.0.1
[default_server_endpoint-1] Exception in thread Thread-278:
[default_server_endpoint-1] Traceback (most recent call last):
[default_server_endpoint-1]   File "/usr/lib/python3.14/threading.py", line 1082, in _bootstrap_inner
[default_server_endpoint-1]     self._context.run(self.run)
[default_server_endpoint-1]     ~~~~~~~~~~~~~~~~~^^^^^^^^^^
[default_server_endpoint-1]   File "/home/yukichi6105/ros2_ws/build/ros_tcp_endpoint/ros_tcp_endpoint/client.py", line 213, in run
[default_server_endpoint-1]     self.tcp_server.handle_syscommand(destination, data)
[default_server_endpoint-1]     ~~~~~~~~~~~~~~~~~~~~~~~~~~~~~~~~~^^^^^^^^^^^^^^^^^^^
[default_server_endpoint-1]   File "/home/yukichi6105/ros2_ws/build/ros_tcp_endpoint/ros_tcp_endpoint/server.py", line 126, in handle_syscommand
[default_server_endpoint-1]     params = json.loads(message_json)
[default_server_endpoint-1]   File "/usr/lib/python3.14/json/__init__.py", line 352, in loads
[default_server_endpoint-1]     return _default_decoder.decode(s)
[default_server_endpoint-1]            ~~~~~~~~~~~~~~~~~~~~~~~^^^
[default_server_endpoint-1]   File "/usr/lib/python3.14/json/decoder.py", line 345, in decode
[default_server_endpoint-1]     obj, end = self.raw_decode(s, idx=_w(s, 0).end())
[default_server_endpoint-1]                ~~~~~~~~~~~~~~~^^^^^^^^^^^^^^^^^^^^^^^
[default_server_endpoint-1]   File "/usr/lib/python3.14/json/decoder.py", line 361, in raw_decode
[default_server_endpoint-1]     obj, end = self.scan_once(s, idx)
[default_server_endpoint-1]                ~~~~~~~~~~~~~~^^^^^^^^
[default_server_endpoint-1] json.decoder.JSONDecodeError: Expecting ',' delimiter: line 1 column 57 (char 56)
[default_server_endpoint-1] [INFO] [1785087520.270401567] [unity_endpoint]: Connection from 127.0.0.1
[default_server_endpoint-1] [INFO] [1785087520.271606339] [unity_endpoint]: Disconnected from 127.0.0.1
[default_server_endpoint-1] Exception in thread Thread-280:
[default_server_endpoint-1] Traceback (most recent call last):
[default_server_endpoint-1]   File "/usr/lib/python3.14/threading.py", line 1082, in _bootstrap_inner
[default_server_endpoint-1]     self._context.run(self.run)
[default_server_endpoint-1]     ~~~~~~~~~~~~~~~~~^^^^^^^^^^
[default_server_endpoint-1]   File "/home/yukichi6105/ros2_ws/build/ros_tcp_endpoint/ros_tcp_endpoint/client.py", line 213, in run
[default_server_endpoint-1]     self.tcp_server.handle_syscommand(destination, data)
[default_server_endpoint-1]     ~~~~~~~~~~~~~~~~~~~~~~~~~~~~~~~~~^^^^^^^^^^^^^^^^^^^
[default_server_endpoint-1]   File "/home/yukichi6105/ros2_ws/build/ros_tcp_endpoint/ros_tcp_endpoint/server.py", line 126, in handle_syscommand
[default_server_endpoint-1]     params = json.loads(message_json)
[default_server_endpoint-1]   File "/usr/lib/python3.14/json/__init__.py", line 352, in loads
[default_server_endpoint-1]     return _default_decoder.decode(s)
[default_server_endpoint-1]            ~~~~~~~~~~~~~~~~~~~~~~~^^^
[default_server_endpoint-1]   File "/usr/lib/python3.14/json/decoder.py", line 345, in decode
[default_server_endpoint-1]     obj, end = self.raw_decode(s, idx=_w(s, 0).end())
[default_server_endpoint-1]                ~~~~~~~~~~~~~~~^^^^^^^^^^^^^^^^^^^^^^^
[default_server_endpoint-1]   File "/usr/lib/python3.14/json/decoder.py", line 361, in raw_decode
[default_server_endpoint-1]     obj, end = self.scan_once(s, idx)
[default_server_endpoint-1]                ~~~~~~~~~~~~~~^^^^^^^^
[default_server_endpoint-1] json.decoder.JSONDecodeError: Expecting ',' delimiter: line 1 column 57 (char 56)
[default_server_endpoint-1] [INFO] [1785087521.277264536] [unity_endpoint]: Connection from 127.0.0.1
[default_server_endpoint-1] [INFO] [1785087521.278313691] [unity_endpoint]: Disconnected from 127.0.0.1
[default_server_endpoint-1] Exception in thread Thread-282:
[default_server_endpoint-1] Traceback (most recent call last):
[default_server_endpoint-1]   File "/usr/lib/python3.14/threading.py", line 1082, in _bootstrap_inner
[default_server_endpoint-1]     self._context.run(self.run)
[default_server_endpoint-1]     ~~~~~~~~~~~~~~~~~^^^^^^^^^^
[default_server_endpoint-1]   File "/home/yukichi6105/ros2_ws/build/ros_tcp_endpoint/ros_tcp_endpoint/client.py", line 213, in run
[default_server_endpoint-1]     self.tcp_server.handle_syscommand(destination, data)
[default_server_endpoint-1]     ~~~~~~~~~~~~~~~~~~~~~~~~~~~~~~~~~^^^^^^^^^^^^^^^^^^^
[default_server_endpoint-1]   File "/home/yukichi6105/ros2_ws/build/ros_tcp_endpoint/ros_tcp_endpoint/server.py", line 126, in handle_syscommand
[default_server_endpoint-1]     params = json.loads(message_json)
[default_server_endpoint-1]   File "/usr/lib/python3.14/json/__init__.py", line 352, in loads
[default_server_endpoint-1]     return _default_decoder.decode(s)
[default_server_endpoint-1]            ~~~~~~~~~~~~~~~~~~~~~~~^^^
[default_server_endpoint-1]   File "/usr/lib/python3.14/json/decoder.py", line 345, in decode
[default_server_endpoint-1]     obj, end = self.raw_decode(s, idx=_w(s, 0).end())
[default_server_endpoint-1]                ~~~~~~~~~~~~~~~^^^^^^^^^^^^^^^^^^^^^^^
[default_server_endpoint-1]   File "/usr/lib/python3.14/json/decoder.py", line 361, in raw_decode
[default_server_endpoint-1]     obj, end = self.scan_once(s, idx)
[default_server_endpoint-1]                ~~~~~~~~~~~~~~^^^^^^^^
[default_server_endpoint-1] json.decoder.JSONDecodeError: Expecting ',' delimiter: line 1 column 57 (char 56)
[default_server_endpoint-1] [INFO] [1785087522.294897747] [unity_endpoint]: Connection from 127.0.0.1
[default_server_endpoint-1] [INFO] [1785087522.295884285] [unity_endpoint]: Disconnected from 127.0.0.1
[default_server_endpoint-1] Exception in thread Thread-284:
[default_server_endpoint-1] Traceback (most recent call last):
[default_server_endpoint-1]   File "/usr/lib/python3.14/threading.py", line 1082, in _bootstrap_inner
[default_server_endpoint-1]     self._context.run(self.run)
[default_server_endpoint-1]     ~~~~~~~~~~~~~~~~~^^^^^^^^^^
[default_server_endpoint-1]   File "/home/yukichi6105/ros2_ws/build/ros_tcp_endpoint/ros_tcp_endpoint/client.py", line 213, in run
[default_server_endpoint-1]     self.tcp_server.handle_syscommand(destination, data)
[default_server_endpoint-1]     ~~~~~~~~~~~~~~~~~~~~~~~~~~~~~~~~~^^^^^^^^^^^^^^^^^^^
[default_server_endpoint-1]   File "/home/yukichi6105/ros2_ws/build/ros_tcp_endpoint/ros_tcp_endpoint/server.py", line 126, in handle_syscommand
[default_server_endpoint-1]     params = json.loads(message_json)
[default_server_endpoint-1]   File "/usr/lib/python3.14/json/__init__.py", line 352, in loads
[default_server_endpoint-1]     return _default_decoder.decode(s)
[default_server_endpoint-1]            ~~~~~~~~~~~~~~~~~~~~~~~^^^
[default_server_endpoint-1]   File "/usr/lib/python3.14/json/decoder.py", line 345, in decode
[default_server_endpoint-1]     obj, end = self.raw_decode(s, idx=_w(s, 0).end())
[default_server_endpoint-1]                ~~~~~~~~~~~~~~~^^^^^^^^^^^^^^^^^^^^^^^
[default_server_endpoint-1]   File "/usr/lib/python3.14/json/decoder.py", line 361, in raw_decode
[default_server_endpoint-1]     obj, end = self.scan_once(s, idx)
[default_server_endpoint-1]                ~~~~~~~~~~~~~~^^^^^^^^
[default_server_endpoint-1] json.decoder.JSONDecodeError: Expecting ',' delimiter: line 1 column 57 (char 56)
[default_server_endpoint-1] [INFO] [1785087523.311650884] [unity_endpoint]: Connection from 127.0.0.1
[default_server_endpoint-1] [INFO] [1785087523.312715767] [unity_endpoint]: Disconnected from 127.0.0.1
[default_server_endpoint-1] Exception in thread Thread-286:
[default_server_endpoint-1] Traceback (most recent call last):
[default_server_endpoint-1]   File "/usr/lib/python3.14/threading.py", line 1082, in _bootstrap_inner
[default_server_endpoint-1]     self._context.run(self.run)
[default_server_endpoint-1]     ~~~~~~~~~~~~~~~~~^^^^^^^^^^
[default_server_endpoint-1]   File "/home/yukichi6105/ros2_ws/build/ros_tcp_endpoint/ros_tcp_endpoint/client.py", line 213, in run
[default_server_endpoint-1]     self.tcp_server.handle_syscommand(destination, data)
[default_server_endpoint-1]     ~~~~~~~~~~~~~~~~~~~~~~~~~~~~~~~~~^^^^^^^^^^^^^^^^^^^
[default_server_endpoint-1]   File "/home/yukichi6105/ros2_ws/build/ros_tcp_endpoint/ros_tcp_endpoint/server.py", line 126, in handle_syscommand
[default_server_endpoint-1]     params = json.loads(message_json)
[default_server_endpoint-1]   File "/usr/lib/python3.14/json/__init__.py", line 352, in loads
[default_server_endpoint-1]     return _default_decoder.decode(s)
[default_server_endpoint-1]            ~~~~~~~~~~~~~~~~~~~~~~~^^^
[default_server_endpoint-1]   File "/usr/lib/python3.14/json/decoder.py", line 345, in decode
[default_server_endpoint-1]     obj, end = self.raw_decode(s, idx=_w(s, 0).end())
[default_server_endpoint-1]                ~~~~~~~~~~~~~~~^^^^^^^^^^^^^^^^^^^^^^^
[default_server_endpoint-1]   File "/usr/lib/python3.14/json/decoder.py", line 361, in raw_decode
[default_server_endpoint-1]     obj, end = self.scan_once(s, idx)
[default_server_endpoint-1]                ~~~~~~~~~~~~~~^^^^^^^^
[default_server_endpoint-1] json.decoder.JSONDecodeError: Expecting ',' delimiter: line 1 column 57 (char 56)
[default_server_endpoint-1] [ERROR] [1785087523.314598041] [unity_endpoint]: Exception [Errno 9] Bad file descriptor
[default_server_endpoint-1] [INFO] [1785087524.328262580] [unity_endpoint]: Connection from 127.0.0.1
[default_server_endpoint-1] [INFO] [1785087524.329384778] [unity_endpoint]: Disconnected from 127.0.0.1
[default_server_endpoint-1] Exception in thread Thread-288:
[default_server_endpoint-1] Traceback (most recent call last):
[default_server_endpoint-1]   File "/usr/lib/python3.14/threading.py", line 1082, in _bootstrap_inner
[default_server_endpoint-1]     self._context.run(self.run)
[default_server_endpoint-1]     ~~~~~~~~~~~~~~~~~^^^^^^^^^^
[default_server_endpoint-1]   File "/home/yukichi6105/ros2_ws/build/ros_tcp_endpoint/ros_tcp_endpoint/client.py", line 213, in run
[default_server_endpoint-1]     self.tcp_server.handle_syscommand(destination, data)
[default_server_endpoint-1]     ~~~~~~~~~~~~~~~~~~~~~~~~~~~~~~~~~^^^^^^^^^^^^^^^^^^^
[default_server_endpoint-1]   File "/home/yukichi6105/ros2_ws/build/ros_tcp_endpoint/ros_tcp_endpoint/server.py", line 126, in handle_syscommand
[default_server_endpoint-1]     params = json.loads(message_json)
[default_server_endpoint-1]   File "/usr/lib/python3.14/json/__init__.py", line 352, in loads
[default_server_endpoint-1]     return _default_decoder.decode(s)
[default_server_endpoint-1]            ~~~~~~~~~~~~~~~~~~~~~~~^^^
[default_server_endpoint-1]   File "/usr/lib/python3.14/json/decoder.py", line 345, in decode
[default_server_endpoint-1]     obj, end = self.raw_decode(s, idx=_w(s, 0).end())
[default_server_endpoint-1]                ~~~~~~~~~~~~~~~^^^^^^^^^^^^^^^^^^^^^^^
[default_server_endpoint-1]   File "/usr/lib/python3.14/json/decoder.py", line 361, in raw_decode
[default_server_endpoint-1]     obj, end = self.scan_once(s, idx)
[default_server_endpoint-1]                ~~~~~~~~~~~~~~^^^^^^^^
[default_server_endpoint-1] json.decoder.JSONDecodeError: Expecting ',' delimiter: line 1 column 57 (char 56)
[default_server_endpoint-1] [INFO] [1785087525.340399436] [unity_endpoint]: Connection from 127.0.0.1
[default_server_endpoint-1] [INFO] [1785087525.341667916] [unity_endpoint]: Disconnected from 127.0.0.1
[default_server_endpoint-1] Exception in thread Thread-290:
[default_server_endpoint-1] Traceback (most recent call last):
[default_server_endpoint-1]   File "/usr/lib/python3.14/threading.py", line 1082, in _bootstrap_inner
[default_server_endpoint-1]     self._context.run(self.run)
[default_server_endpoint-1]     ~~~~~~~~~~~~~~~~~^^^^^^^^^^
[default_server_endpoint-1]   File "/home/yukichi6105/ros2_ws/build/ros_tcp_endpoint/ros_tcp_endpoint/client.py", line 213, in run
[default_server_endpoint-1]     self.tcp_server.handle_syscommand(destination, data)
[default_server_endpoint-1]     ~~~~~~~~~~~~~~~~~~~~~~~~~~~~~~~~~^^^^^^^^^^^^^^^^^^^
[default_server_endpoint-1]   File "/home/yukichi6105/ros2_ws/build/ros_tcp_endpoint/ros_tcp_endpoint/server.py", line 126, in handle_syscommand
[default_server_endpoint-1]     params = json.loads(message_json)
[default_server_endpoint-1]   File "/usr/lib/python3.14/json/__init__.py", line 352, in loads
[default_server_endpoint-1]     return _default_decoder.decode(s)
[default_server_endpoint-1]            ~~~~~~~~~~~~~~~~~~~~~~~^^^
[default_server_endpoint-1]   File "/usr/lib/python3.14/json/decoder.py", line 345, in decode
[default_server_endpoint-1]     obj, end = self.raw_decode(s, idx=_w(s, 0).end())
[default_server_endpoint-1]                ~~~~~~~~~~~~~~~^^^^^^^^^^^^^^^^^^^^^^^
[default_server_endpoint-1]   File "/usr/lib/python3.14/json/decoder.py", line 361, in raw_decode
[default_server_endpoint-1]     obj, end = self.scan_once(s, idx)
[default_server_endpoint-1]                ~~~~~~~~~~~~~~^^^^^^^^
[default_server_endpoint-1] json.decoder.JSONDecodeError: Expecting ',' delimiter: line 1 column 57 (char 56)
[default_server_endpoint-1] [INFO] [1785087526.357878075] [unity_endpoint]: Connection from 127.0.0.1
[default_server_endpoint-1] [INFO] [1785087526.360407964] [unity_endpoint]: Disconnected from 127.0.0.1
[default_server_endpoint-1] Exception in thread Thread-292:
[default_server_endpoint-1] Traceback (most recent call last):
[default_server_endpoint-1]   File "/usr/lib/python3.14/threading.py", line 1082, in _bootstrap_inner
[default_server_endpoint-1]     self._context.run(self.run)
[default_server_endpoint-1]     ~~~~~~~~~~~~~~~~~^^^^^^^^^^
[default_server_endpoint-1]   File "/home/yukichi6105/ros2_ws/build/ros_tcp_endpoint/ros_tcp_endpoint/client.py", line 213, in run
[default_server_endpoint-1]     self.tcp_server.handle_syscommand(destination, data)
[default_server_endpoint-1]     ~~~~~~~~~~~~~~~~~~~~~~~~~~~~~~~~~^^^^^^^^^^^^^^^^^^^
[default_server_endpoint-1]   File "/home/yukichi6105/ros2_ws/build/ros_tcp_endpoint/ros_tcp_endpoint/server.py", line 126, in handle_syscommand
[default_server_endpoint-1]     params = json.loads(message_json)
[default_server_endpoint-1]   File "/usr/lib/python3.14/json/__init__.py", line 352, in loads
[default_server_endpoint-1]     return _default_decoder.decode(s)
[default_server_endpoint-1]            ~~~~~~~~~~~~~~~~~~~~~~~^^^
[default_server_endpoint-1]   File "/usr/lib/python3.14/json/decoder.py", line 345, in decode
[default_server_endpoint-1]     obj, end = self.raw_decode(s, idx=_w(s, 0).end())
[default_server_endpoint-1]                ~~~~~~~~~~~~~~~^^^^^^^^^^^^^^^^^^^^^^^
[default_server_endpoint-1]   File "/usr/lib/python3.14/json/decoder.py", line 361, in raw_decode
[default_server_endpoint-1]     obj, end = self.scan_once(s, idx)
[default_server_endpoint-1]                ~~~~~~~~~~~~~~^^^^^^^^
[default_server_endpoint-1] json.decoder.JSONDecodeError: Expecting ',' delimiter: line 1 column 57 (char 56)
[default_server_endpoint-1] [INFO] [1785087527.373608362] [unity_endpoint]: Connection from 127.0.0.1
[default_server_endpoint-1] [INFO] [1785087527.375028284] [unity_endpoint]: Disconnected from 127.0.0.1
[default_server_endpoint-1] Exception in thread Thread-294:
[default_server_endpoint-1] Traceback (most recent call last):
[default_server_endpoint-1]   File "/usr/lib/python3.14/threading.py", line 1082, in _bootstrap_inner
[default_server_endpoint-1]     self._context.run(self.run)
[default_server_endpoint-1]     ~~~~~~~~~~~~~~~~~^^^^^^^^^^
[default_server_endpoint-1]   File "/home/yukichi6105/ros2_ws/build/ros_tcp_endpoint/ros_tcp_endpoint/client.py", line 213, in run
[default_server_endpoint-1]     self.tcp_server.handle_syscommand(destination, data)
[default_server_endpoint-1]     ~~~~~~~~~~~~~~~~~~~~~~~~~~~~~~~~~^^^^^^^^^^^^^^^^^^^
[default_server_endpoint-1]   File "/home/yukichi6105/ros2_ws/build/ros_tcp_endpoint/ros_tcp_endpoint/server.py", line 126, in handle_syscommand
[default_server_endpoint-1]     params = json.loads(message_json)
[default_server_endpoint-1]   File "/usr/lib/python3.14/json/__init__.py", line 352, in loads
[default_server_endpoint-1]     return _default_decoder.decode(s)
[default_server_endpoint-1]            ~~~~~~~~~~~~~~~~~~~~~~~^^^
[default_server_endpoint-1]   File "/usr/lib/python3.14/json/decoder.py", line 345, in decode
[default_server_endpoint-1]     obj, end = self.raw_decode(s, idx=_w(s, 0).end())
[default_server_endpoint-1]                ~~~~~~~~~~~~~~~^^^^^^^^^^^^^^^^^^^^^^^
[default_server_endpoint-1]   File "/usr/lib/python3.14/json/decoder.py", line 361, in raw_decode
[default_server_endpoint-1]     obj, end = self.scan_once(s, idx)
[default_server_endpoint-1]                ~~~~~~~~~~~~~~^^^^^^^^
[default_server_endpoint-1] json.decoder.JSONDecodeError: Expecting ',' delimiter: line 1 column 57 (char 56)
[default_server_endpoint-1] [INFO] [1785087528.391100890] [unity_endpoint]: Connection from 127.0.0.1
[default_server_endpoint-1] [INFO] [1785087528.392305374] [unity_endpoint]: Disconnected from 127.0.0.1
[default_server_endpoint-1] Exception in thread Thread-296:
[default_server_endpoint-1] Traceback (most recent call last):
[default_server_endpoint-1]   File "/usr/lib/python3.14/threading.py", line 1082, in _bootstrap_inner
[default_server_endpoint-1]     self._context.run(self.run)
[default_server_endpoint-1]     ~~~~~~~~~~~~~~~~~^^^^^^^^^^
[default_server_endpoint-1]   File "/home/yukichi6105/ros2_ws/build/ros_tcp_endpoint/ros_tcp_endpoint/client.py", line 213, in run
[default_server_endpoint-1]     self.tcp_server.handle_syscommand(destination, data)
[default_server_endpoint-1]     ~~~~~~~~~~~~~~~~~~~~~~~~~~~~~~~~~^^^^^^^^^^^^^^^^^^^
[default_server_endpoint-1]   File "/home/yukichi6105/ros2_ws/build/ros_tcp_endpoint/ros_tcp_endpoint/server.py", line 126, in handle_syscommand
[default_server_endpoint-1]     params = json.loads(message_json)
[default_server_endpoint-1]   File "/usr/lib/python3.14/json/__init__.py", line 352, in loads
[default_server_endpoint-1]     return _default_decoder.decode(s)
[default_server_endpoint-1]            ~~~~~~~~~~~~~~~~~~~~~~~^^^
[default_server_endpoint-1]   File "/usr/lib/python3.14/json/decoder.py", line 345, in decode
[default_server_endpoint-1]     obj, end = self.raw_decode(s, idx=_w(s, 0).end())
[default_server_endpoint-1]                ~~~~~~~~~~~~~~~^^^^^^^^^^^^^^^^^^^^^^^
[default_server_endpoint-1]   File "/usr/lib/python3.14/json/decoder.py", line 361, in raw_decode
[default_server_endpoint-1]     obj, end = self.scan_once(s, idx)
[default_server_endpoint-1]                ~~~~~~~~~~~~~~^^^^^^^^
[default_server_endpoint-1] json.decoder.JSONDecodeError: Expecting ',' delimiter: line 1 column 57 (char 56)
[default_server_endpoint-1] [INFO] [1785087529.398221373] [unity_endpoint]: Connection from 127.0.0.1
[default_server_endpoint-1] [INFO] [1785087529.399594196] [unity_endpoint]: Disconnected from 127.0.0.1
[default_server_endpoint-1] Exception in thread Thread-298:
[default_server_endpoint-1] Traceback (most recent call last):
[default_server_endpoint-1]   File "/usr/lib/python3.14/threading.py", line 1082, in _bootstrap_inner
[default_server_endpoint-1]     self._context.run(self.run)
[default_server_endpoint-1]     ~~~~~~~~~~~~~~~~~^^^^^^^^^^
[default_server_endpoint-1]   File "/home/yukichi6105/ros2_ws/build/ros_tcp_endpoint/ros_tcp_endpoint/client.py", line 213, in run
[default_server_endpoint-1]     self.tcp_server.handle_syscommand(destination, data)
[default_server_endpoint-1]     ~~~~~~~~~~~~~~~~~~~~~~~~~~~~~~~~~^^^^^^^^^^^^^^^^^^^
[default_server_endpoint-1]   File "/home/yukichi6105/ros2_ws/build/ros_tcp_endpoint/ros_tcp_endpoint/server.py", line 126, in handle_syscommand
[default_server_endpoint-1]     params = json.loads(message_json)
[default_server_endpoint-1]   File "/usr/lib/python3.14/json/__init__.py", line 352, in loads
[default_server_endpoint-1]     return _default_decoder.decode(s)
[default_server_endpoint-1]            ~~~~~~~~~~~~~~~~~~~~~~~^^^
[default_server_endpoint-1]   File "/usr/lib/python3.14/json/decoder.py", line 345, in decode
[default_server_endpoint-1]     obj, end = self.raw_decode(s, idx=_w(s, 0).end())
[default_server_endpoint-1]                ~~~~~~~~~~~~~~~^^^^^^^^^^^^^^^^^^^^^^^
[default_server_endpoint-1]   File "/usr/lib/python3.14/json/decoder.py", line 361, in raw_decode
[default_server_endpoint-1]     obj, end = self.scan_once(s, idx)
[default_server_endpoint-1]                ~~~~~~~~~~~~~~^^^^^^^^
[default_server_endpoint-1] json.decoder.JSONDecodeError: Expecting ',' delimiter: line 1 column 57 (char 56)
[default_server_endpoint-1] [INFO] [1785087530.409223125] [unity_endpoint]: Connection from 127.0.0.1
[default_server_endpoint-1] [INFO] [1785087530.410368369] [unity_endpoint]: Disconnected from 127.0.0.1
[default_server_endpoint-1] Exception in thread Thread-300:
[default_server_endpoint-1] Traceback (most recent call last):
[default_server_endpoint-1]   File "/usr/lib/python3.14/threading.py", line 1082, in _bootstrap_inner
[default_server_endpoint-1]     self._context.run(self.run)
[default_server_endpoint-1]     ~~~~~~~~~~~~~~~~~^^^^^^^^^^
[default_server_endpoint-1]   File "/home/yukichi6105/ros2_ws/build/ros_tcp_endpoint/ros_tcp_endpoint/client.py", line 213, in run
[default_server_endpoint-1]     self.tcp_server.handle_syscommand(destination, data)
[default_server_endpoint-1]     ~~~~~~~~~~~~~~~~~~~~~~~~~~~~~~~~~^^^^^^^^^^^^^^^^^^^
[default_server_endpoint-1]   File "/home/yukichi6105/ros2_ws/build/ros_tcp_endpoint/ros_tcp_endpoint/server.py", line 126, in handle_syscommand
[default_server_endpoint-1]     params = json.loads(message_json)
[default_server_endpoint-1]   File "/usr/lib/python3.14/json/__init__.py", line 352, in loads
[default_server_endpoint-1]     return _default_decoder.decode(s)
[default_server_endpoint-1]            ~~~~~~~~~~~~~~~~~~~~~~~^^^
[default_server_endpoint-1]   File "/usr/lib/python3.14/json/decoder.py", line 345, in decode
[default_server_endpoint-1]     obj, end = self.raw_decode(s, idx=_w(s, 0).end())
[default_server_endpoint-1]                ~~~~~~~~~~~~~~~^^^^^^^^^^^^^^^^^^^^^^^
[default_server_endpoint-1]   File "/usr/lib/python3.14/json/decoder.py", line 361, in raw_decode
[default_server_endpoint-1]     obj, end = self.scan_once(s, idx)
[default_server_endpoint-1]                ~~~~~~~~~~~~~~^^^^^^^^
[default_server_endpoint-1] json.decoder.JSONDecodeError: Expecting ',' delimiter: line 1 column 57 (char 56)
[default_server_endpoint-1] [INFO] [1785087531.423324402] [unity_endpoint]: Connection from 127.0.0.1
[default_server_endpoint-1] [INFO] [1785087531.424266038] [unity_endpoint]: Disconnected from 127.0.0.1
[default_server_endpoint-1] Exception in thread Thread-302:
[default_server_endpoint-1] Traceback (most recent call last):
[default_server_endpoint-1]   File "/usr/lib/python3.14/threading.py", line 1082, in _bootstrap_inner
[default_server_endpoint-1]     self._context.run(self.run)
[default_server_endpoint-1]     ~~~~~~~~~~~~~~~~~^^^^^^^^^^
[default_server_endpoint-1]   File "/home/yukichi6105/ros2_ws/build/ros_tcp_endpoint/ros_tcp_endpoint/client.py", line 213, in run
[default_server_endpoint-1]     self.tcp_server.handle_syscommand(destination, data)
[default_server_endpoint-1]     ~~~~~~~~~~~~~~~~~~~~~~~~~~~~~~~~~^^^^^^^^^^^^^^^^^^^
[default_server_endpoint-1]   File "/home/yukichi6105/ros2_ws/build/ros_tcp_endpoint/ros_tcp_endpoint/server.py", line 126, in handle_syscommand
[default_server_endpoint-1]     params = json.loads(message_json)
[default_server_endpoint-1]   File "/usr/lib/python3.14/json/__init__.py", line 352, in loads
[default_server_endpoint-1]     return _default_decoder.decode(s)
[default_server_endpoint-1]            ~~~~~~~~~~~~~~~~~~~~~~~^^^
[default_server_endpoint-1]   File "/usr/lib/python3.14/json/decoder.py", line 345, in decode
[default_server_endpoint-1]     obj, end = self.raw_decode(s, idx=_w(s, 0).end())
[default_server_endpoint-1]                ~~~~~~~~~~~~~~~^^^^^^^^^^^^^^^^^^^^^^^
[default_server_endpoint-1]   File "/usr/lib/python3.14/json/decoder.py", line 361, in raw_decode
[default_server_endpoint-1]     obj, end = self.scan_once(s, idx)
[default_server_endpoint-1]                ~~~~~~~~~~~~~~^^^^^^^^
[default_server_endpoint-1] json.decoder.JSONDecodeError: Expecting ',' delimiter: line 1 column 57 (char 56)
[default_server_endpoint-1] [INFO] [1785087532.430469788] [unity_endpoint]: Connection from 127.0.0.1
[default_server_endpoint-1] [INFO] [1785087532.431555275] [unity_endpoint]: Disconnected from 127.0.0.1
[default_server_endpoint-1] Exception in thread Thread-304:
[default_server_endpoint-1] Traceback (most recent call last):
[default_server_endpoint-1]   File "/usr/lib/python3.14/threading.py", line 1082, in _bootstrap_inner
[default_server_endpoint-1]     self._context.run(self.run)
[default_server_endpoint-1]     ~~~~~~~~~~~~~~~~~^^^^^^^^^^
[default_server_endpoint-1]   File "/home/yukichi6105/ros2_ws/build/ros_tcp_endpoint/ros_tcp_endpoint/client.py", line 213, in run
[default_server_endpoint-1]     self.tcp_server.handle_syscommand(destination, data)
[default_server_endpoint-1]     ~~~~~~~~~~~~~~~~~~~~~~~~~~~~~~~~~^^^^^^^^^^^^^^^^^^^
[default_server_endpoint-1]   File "/home/yukichi6105/ros2_ws/build/ros_tcp_endpoint/ros_tcp_endpoint/server.py", line 126, in handle_syscommand
[default_server_endpoint-1]     params = json.loads(message_json)
[default_server_endpoint-1]   File "/usr/lib/python3.14/json/__init__.py", line 352, in loads
[default_server_endpoint-1]     return _default_decoder.decode(s)
[default_server_endpoint-1]            ~~~~~~~~~~~~~~~~~~~~~~~^^^
[default_server_endpoint-1]   File "/usr/lib/python3.14/json/decoder.py", line 345, in decode
[default_server_endpoint-1]     obj, end = self.raw_decode(s, idx=_w(s, 0).end())
[default_server_endpoint-1]                ~~~~~~~~~~~~~~~^^^^^^^^^^^^^^^^^^^^^^^
[default_server_endpoint-1]   File "/usr/lib/python3.14/json/decoder.py", line 361, in raw_decode
[default_server_endpoint-1]     obj, end = self.scan_once(s, idx)
[default_server_endpoint-1]                ~~~~~~~~~~~~~~^^^^^^^^
[default_server_endpoint-1] json.decoder.JSONDecodeError: Expecting ',' delimiter: line 1 column 57 (char 56)
[default_server_endpoint-1] [INFO] [1785087533.440062598] [unity_endpoint]: Connection from 127.0.0.1
[default_server_endpoint-1] [INFO] [1785087533.441176046] [unity_endpoint]: Disconnected from 127.0.0.1
[default_server_endpoint-1] Exception in thread Thread-306:
[default_server_endpoint-1] Traceback (most recent call last):
[default_server_endpoint-1]   File "/usr/lib/python3.14/threading.py", line 1082, in _bootstrap_inner
[default_server_endpoint-1]     self._context.run(self.run)
[default_server_endpoint-1]     ~~~~~~~~~~~~~~~~~^^^^^^^^^^
[default_server_endpoint-1]   File "/home/yukichi6105/ros2_ws/build/ros_tcp_endpoint/ros_tcp_endpoint/client.py", line 213, in run
[default_server_endpoint-1]     self.tcp_server.handle_syscommand(destination, data)
[default_server_endpoint-1]     ~~~~~~~~~~~~~~~~~~~~~~~~~~~~~~~~~^^^^^^^^^^^^^^^^^^^
[default_server_endpoint-1]   File "/home/yukichi6105/ros2_ws/build/ros_tcp_endpoint/ros_tcp_endpoint/server.py", line 126, in handle_syscommand
[default_server_endpoint-1]     params = json.loads(message_json)
[default_server_endpoint-1]   File "/usr/lib/python3.14/json/__init__.py", line 352, in loads
[default_server_endpoint-1]     return _default_decoder.decode(s)
[default_server_endpoint-1]            ~~~~~~~~~~~~~~~~~~~~~~~^^^
[default_server_endpoint-1]   File "/usr/lib/python3.14/json/decoder.py", line 345, in decode
[default_server_endpoint-1]     obj, end = self.raw_decode(s, idx=_w(s, 0).end())
[default_server_endpoint-1]                ~~~~~~~~~~~~~~~^^^^^^^^^^^^^^^^^^^^^^^
[default_server_endpoint-1]   File "/usr/lib/python3.14/json/decoder.py", line 361, in raw_decode
[default_server_endpoint-1]     obj, end = self.scan_once(s, idx)
[default_server_endpoint-1]                ~~~~~~~~~~~~~~^^^^^^^^
[default_server_endpoint-1] json.decoder.JSONDecodeError: Expecting ',' delimiter: line 1 column 57 (char 56)
[default_server_endpoint-1] [INFO] [1785087534.455817139] [unity_endpoint]: Connection from 127.0.0.1
[default_server_endpoint-1] [INFO] [1785087534.457043152] [unity_endpoint]: Disconnected from 127.0.0.1
[default_server_endpoint-1] Exception in thread Thread-308:
[default_server_endpoint-1] Traceback (most recent call last):
[default_server_endpoint-1]   File "/usr/lib/python3.14/threading.py", line 1082, in _bootstrap_inner
[default_server_endpoint-1]     self._context.run(self.run)
[default_server_endpoint-1]     ~~~~~~~~~~~~~~~~~^^^^^^^^^^
[default_server_endpoint-1]   File "/home/yukichi6105/ros2_ws/build/ros_tcp_endpoint/ros_tcp_endpoint/client.py", line 213, in run
[default_server_endpoint-1]     self.tcp_server.handle_syscommand(destination, data)
[default_server_endpoint-1]     ~~~~~~~~~~~~~~~~~~~~~~~~~~~~~~~~~^^^^^^^^^^^^^^^^^^^
[default_server_endpoint-1]   File "/home/yukichi6105/ros2_ws/build/ros_tcp_endpoint/ros_tcp_endpoint/server.py", line 126, in handle_syscommand
[default_server_endpoint-1]     params = json.loads(message_json)
[default_server_endpoint-1]   File "/usr/lib/python3.14/json/__init__.py", line 352, in loads
[default_server_endpoint-1]     return _default_decoder.decode(s)
[default_server_endpoint-1]            ~~~~~~~~~~~~~~~~~~~~~~~^^^
[default_server_endpoint-1]   File "/usr/lib/python3.14/json/decoder.py", line 345, in decode
[default_server_endpoint-1]     obj, end = self.raw_decode(s, idx=_w(s, 0).end())
[default_server_endpoint-1]                ~~~~~~~~~~~~~~~^^^^^^^^^^^^^^^^^^^^^^^
[default_server_endpoint-1]   File "/usr/lib/python3.14/json/decoder.py", line 361, in raw_decode
[default_server_endpoint-1]     obj, end = self.scan_once(s, idx)
[default_server_endpoint-1]                ~~~~~~~~~~~~~~^^^^^^^^
[default_server_endpoint-1] json.decoder.JSONDecodeError: Expecting ',' delimiter: line 1 column 57 (char 56)
[default_server_endpoint-1] [INFO] [1785087535.473004751] [unity_endpoint]: Connection from 127.0.0.1
[default_server_endpoint-1] [INFO] [1785087535.473934028] [unity_endpoint]: Disconnected from 127.0.0.1
[default_server_endpoint-1] Exception in thread Thread-310:
[default_server_endpoint-1] Traceback (most recent call last):
[default_server_endpoint-1]   File "/usr/lib/python3.14/threading.py", line 1082, in _bootstrap_inner
[default_server_endpoint-1]     self._context.run(self.run)
[default_server_endpoint-1]     ~~~~~~~~~~~~~~~~~^^^^^^^^^^
[default_server_endpoint-1]   File "/home/yukichi6105/ros2_ws/build/ros_tcp_endpoint/ros_tcp_endpoint/client.py", line 213, in run
[default_server_endpoint-1]     self.tcp_server.handle_syscommand(destination, data)
[default_server_endpoint-1]     ~~~~~~~~~~~~~~~~~~~~~~~~~~~~~~~~~^^^^^^^^^^^^^^^^^^^
[default_server_endpoint-1]   File "/home/yukichi6105/ros2_ws/build/ros_tcp_endpoint/ros_tcp_endpoint/server.py", line 126, in handle_syscommand
[default_server_endpoint-1]     params = json.loads(message_json)
[default_server_endpoint-1]   File "/usr/lib/python3.14/json/__init__.py", line 352, in loads
[default_server_endpoint-1]     return _default_decoder.decode(s)
[default_server_endpoint-1]            ~~~~~~~~~~~~~~~~~~~~~~~^^^
[default_server_endpoint-1]   File "/usr/lib/python3.14/json/decoder.py", line 345, in decode
[default_server_endpoint-1]     obj, end = self.raw_decode(s, idx=_w(s, 0).end())
[default_server_endpoint-1]                ~~~~~~~~~~~~~~~^^^^^^^^^^^^^^^^^^^^^^^
[default_server_endpoint-1]   File "/usr/lib/python3.14/json/decoder.py", line 361, in raw_decode
[default_server_endpoint-1]     obj, end = self.scan_once(s, idx)
[default_server_endpoint-1]                ~~~~~~~~~~~~~~^^^^^^^^
[default_server_endpoint-1] json.decoder.JSONDecodeError: Expecting ',' delimiter: line 1 column 57 (char 56)
[default_server_endpoint-1] [INFO] [1785087536.489977744] [unity_endpoint]: Connection from 127.0.0.1
[default_server_endpoint-1] [INFO] [1785087536.490909334] [unity_endpoint]: Disconnected from 127.0.0.1
[default_server_endpoint-1] Exception in thread Thread-312:
[default_server_endpoint-1] Traceback (most recent call last):
[default_server_endpoint-1]   File "/usr/lib/python3.14/threading.py", line 1082, in _bootstrap_inner
[default_server_endpoint-1]     self._context.run(self.run)
[default_server_endpoint-1]     ~~~~~~~~~~~~~~~~~^^^^^^^^^^
[default_server_endpoint-1]   File "/home/yukichi6105/ros2_ws/build/ros_tcp_endpoint/ros_tcp_endpoint/client.py", line 213, in run
[default_server_endpoint-1]     self.tcp_server.handle_syscommand(destination, data)
[default_server_endpoint-1]     ~~~~~~~~~~~~~~~~~~~~~~~~~~~~~~~~~^^^^^^^^^^^^^^^^^^^
[default_server_endpoint-1]   File "/home/yukichi6105/ros2_ws/build/ros_tcp_endpoint/ros_tcp_endpoint/server.py", line 126, in handle_syscommand
[default_server_endpoint-1]     params = json.loads(message_json)
[default_server_endpoint-1]   File "/usr/lib/python3.14/json/__init__.py", line 352, in loads
[default_server_endpoint-1]     return _default_decoder.decode(s)
[default_server_endpoint-1]            ~~~~~~~~~~~~~~~~~~~~~~~^^^
[default_server_endpoint-1]   File "/usr/lib/python3.14/json/decoder.py", line 345, in decode
[default_server_endpoint-1]     obj, end = self.raw_decode(s, idx=_w(s, 0).end())
[default_server_endpoint-1]                ~~~~~~~~~~~~~~~^^^^^^^^^^^^^^^^^^^^^^^
[default_server_endpoint-1]   File "/usr/lib/python3.14/json/decoder.py", line 361, in raw_decode
[default_server_endpoint-1]     obj, end = self.scan_once(s, idx)
[default_server_endpoint-1]                ~~~~~~~~~~~~~~^^^^^^^^
[default_server_endpoint-1] json.decoder.JSONDecodeError: Expecting ',' delimiter: line 1 column 57 (char 56)
[default_server_endpoint-1] [INFO] [1785087537.506003649] [unity_endpoint]: Connection from 127.0.0.1
[default_server_endpoint-1] [INFO] [1785087537.507836616] [unity_endpoint]: Disconnected from 127.0.0.1
[default_server_endpoint-1] Exception in thread Thread-314:
[default_server_endpoint-1] Traceback (most recent call last):
[default_server_endpoint-1]   File "/usr/lib/python3.14/threading.py", line 1082, in _bootstrap_inner
[default_server_endpoint-1]     self._context.run(self.run)
[default_server_endpoint-1]     ~~~~~~~~~~~~~~~~~^^^^^^^^^^
[default_server_endpoint-1]   File "/home/yukichi6105/ros2_ws/build/ros_tcp_endpoint/ros_tcp_endpoint/client.py", line 213, in run
[default_server_endpoint-1]     self.tcp_server.handle_syscommand(destination, data)
[default_server_endpoint-1]     ~~~~~~~~~~~~~~~~~~~~~~~~~~~~~~~~~^^^^^^^^^^^^^^^^^^^
[default_server_endpoint-1]   File "/home/yukichi6105/ros2_ws/build/ros_tcp_endpoint/ros_tcp_endpoint/server.py", line 126, in handle_syscommand
[default_server_endpoint-1]     params = json.loads(message_json)
[default_server_endpoint-1]   File "/usr/lib/python3.14/json/__init__.py", line 352, in loads
[default_server_endpoint-1]     return _default_decoder.decode(s)
[default_server_endpoint-1]            ~~~~~~~~~~~~~~~~~~~~~~~^^^
[default_server_endpoint-1]   File "/usr/lib/python3.14/json/decoder.py", line 345, in decode
[default_server_endpoint-1]     obj, end = self.raw_decode(s, idx=_w(s, 0).end())
[default_server_endpoint-1]                ~~~~~~~~~~~~~~~^^^^^^^^^^^^^^^^^^^^^^^
[default_server_endpoint-1]   File "/usr/lib/python3.14/json/decoder.py", line 361, in raw_decode
[default_server_endpoint-1]     obj, end = self.scan_once(s, idx)
[default_server_endpoint-1]                ~~~~~~~~~~~~~~^^^^^^^^
[default_server_endpoint-1] json.decoder.JSONDecodeError: Expecting ',' delimiter: line 1 column 57 (char 56)
[default_server_endpoint-1] [INFO] [1785087538.523925141] [unity_endpoint]: Connection from 127.0.0.1
[default_server_endpoint-1] [INFO] [1785087538.524887247] [unity_endpoint]: Disconnected from 127.0.0.1
[default_server_endpoint-1] Exception in thread Thread-316:
[default_server_endpoint-1] Traceback (most recent call last):
[default_server_endpoint-1]   File "/usr/lib/python3.14/threading.py", line 1082, in _bootstrap_inner
[default_server_endpoint-1]     self._context.run(self.run)
[default_server_endpoint-1]     ~~~~~~~~~~~~~~~~~^^^^^^^^^^
[default_server_endpoint-1]   File "/home/yukichi6105/ros2_ws/build/ros_tcp_endpoint/ros_tcp_endpoint/client.py", line 213, in run
[default_server_endpoint-1]     self.tcp_server.handle_syscommand(destination, data)
[default_server_endpoint-1]     ~~~~~~~~~~~~~~~~~~~~~~~~~~~~~~~~~^^^^^^^^^^^^^^^^^^^
[default_server_endpoint-1]   File "/home/yukichi6105/ros2_ws/build/ros_tcp_endpoint/ros_tcp_endpoint/server.py", line 126, in handle_syscommand
[default_server_endpoint-1]     params = json.loads(message_json)
[default_server_endpoint-1]   File "/usr/lib/python3.14/json/__init__.py", line 352, in loads
[default_server_endpoint-1]     return _default_decoder.decode(s)
[default_server_endpoint-1]            ~~~~~~~~~~~~~~~~~~~~~~~^^^
[default_server_endpoint-1]   File "/usr/lib/python3.14/json/decoder.py", line 345, in decode
[default_server_endpoint-1]     obj, end = self.raw_decode(s, idx=_w(s, 0).end())
[default_server_endpoint-1]                ~~~~~~~~~~~~~~~^^^^^^^^^^^^^^^^^^^^^^^
[default_server_endpoint-1]   File "/usr/lib/python3.14/json/decoder.py", line 361, in raw_decode
[default_server_endpoint-1]     obj, end = self.scan_once(s, idx)
[default_server_endpoint-1]                ~~~~~~~~~~~~~~^^^^^^^^
[default_server_endpoint-1] json.decoder.JSONDecodeError: Expecting ',' delimiter: line 1 column 57 (char 56)
[default_server_endpoint-1] [INFO] [1785087539.540382638] [unity_endpoint]: Connection from 127.0.0.1
[default_server_endpoint-1] [INFO] [1785087539.541699655] [unity_endpoint]: Disconnected from 127.0.0.1
[default_server_endpoint-1] Exception in thread Thread-318:
[default_server_endpoint-1] Traceback (most recent call last):
[default_server_endpoint-1]   File "/usr/lib/python3.14/threading.py", line 1082, in _bootstrap_inner
[default_server_endpoint-1]     self._context.run(self.run)
[default_server_endpoint-1]     ~~~~~~~~~~~~~~~~~^^^^^^^^^^
[default_server_endpoint-1]   File "/home/yukichi6105/ros2_ws/build/ros_tcp_endpoint/ros_tcp_endpoint/client.py", line 213, in run
[default_server_endpoint-1]     self.tcp_server.handle_syscommand(destination, data)
[default_server_endpoint-1]     ~~~~~~~~~~~~~~~~~~~~~~~~~~~~~~~~~^^^^^^^^^^^^^^^^^^^
[default_server_endpoint-1]   File "/home/yukichi6105/ros2_ws/build/ros_tcp_endpoint/ros_tcp_endpoint/server.py", line 126, in handle_syscommand
[default_server_endpoint-1]     params = json.loads(message_json)
[default_server_endpoint-1]   File "/usr/lib/python3.14/json/__init__.py", line 352, in loads
[default_server_endpoint-1]     return _default_decoder.decode(s)
[default_server_endpoint-1]            ~~~~~~~~~~~~~~~~~~~~~~~^^^
[default_server_endpoint-1]   File "/usr/lib/python3.14/json/decoder.py", line 345, in decode
[default_server_endpoint-1]     obj, end = self.raw_decode(s, idx=_w(s, 0).end())
[default_server_endpoint-1]                ~~~~~~~~~~~~~~~^^^^^^^^^^^^^^^^^^^^^^^
[default_server_endpoint-1]   File "/usr/lib/python3.14/json/decoder.py", line 361, in raw_decode
[default_server_endpoint-1]     obj, end = self.scan_once(s, idx)
[default_server_endpoint-1]                ~~~~~~~~~~~~~~^^^^^^^^
[default_server_endpoint-1] json.decoder.JSONDecodeError: Expecting ',' delimiter: line 1 column 57 (char 56)
[default_server_endpoint-1] [INFO] [1785087540.555268643] [unity_endpoint]: Connection from 127.0.0.1
[default_server_endpoint-1] [INFO] [1785087540.556604562] [unity_endpoint]: Disconnected from 127.0.0.1
[default_server_endpoint-1] Exception in thread Thread-320:
[default_server_endpoint-1] Traceback (most recent call last):
[default_server_endpoint-1]   File "/usr/lib/python3.14/threading.py", line 1082, in _bootstrap_inner
[default_server_endpoint-1]     self._context.run(self.run)
[default_server_endpoint-1]     ~~~~~~~~~~~~~~~~~^^^^^^^^^^
[default_server_endpoint-1]   File "/home/yukichi6105/ros2_ws/build/ros_tcp_endpoint/ros_tcp_endpoint/client.py", line 213, in run
[default_server_endpoint-1]     self.tcp_server.handle_syscommand(destination, data)
[default_server_endpoint-1]     ~~~~~~~~~~~~~~~~~~~~~~~~~~~~~~~~~^^^^^^^^^^^^^^^^^^^
[default_server_endpoint-1]   File "/home/yukichi6105/ros2_ws/build/ros_tcp_endpoint/ros_tcp_endpoint/server.py", line 126, in handle_syscommand
[default_server_endpoint-1]     params = json.loads(message_json)
[default_server_endpoint-1]   File "/usr/lib/python3.14/json/__init__.py", line 352, in loads
[default_server_endpoint-1]     return _default_decoder.decode(s)
[default_server_endpoint-1]            ~~~~~~~~~~~~~~~~~~~~~~~^^^
[default_server_endpoint-1]   File "/usr/lib/python3.14/json/decoder.py", line 345, in decode
[default_server_endpoint-1]     obj, end = self.raw_decode(s, idx=_w(s, 0).end())
[default_server_endpoint-1]                ~~~~~~~~~~~~~~~^^^^^^^^^^^^^^^^^^^^^^^
[default_server_endpoint-1]   File "/usr/lib/python3.14/json/decoder.py", line 361, in raw_decode
[default_server_endpoint-1]     obj, end = self.scan_once(s, idx)
[default_server_endpoint-1]                ~~~~~~~~~~~~~~^^^^^^^^
[default_server_endpoint-1] json.decoder.JSONDecodeError: Expecting ',' delimiter: line 1 column 57 (char 56)
[default_server_endpoint-1] [INFO] [1785087541.571021598] [unity_endpoint]: Connection from 127.0.0.1
[default_server_endpoint-1] [INFO] [1785087541.572272272] [unity_endpoint]: Disconnected from 127.0.0.1
[default_server_endpoint-1] Exception in thread Thread-322:
[default_server_endpoint-1] Traceback (most recent call last):
[default_server_endpoint-1]   File "/usr/lib/python3.14/threading.py", line 1082, in _bootstrap_inner
[default_server_endpoint-1]     self._context.run(self.run)
[default_server_endpoint-1]     ~~~~~~~~~~~~~~~~~^^^^^^^^^^
[default_server_endpoint-1]   File "/home/yukichi6105/ros2_ws/build/ros_tcp_endpoint/ros_tcp_endpoint/client.py", line 213, in run
[default_server_endpoint-1]     self.tcp_server.handle_syscommand(destination, data)
[default_server_endpoint-1]     ~~~~~~~~~~~~~~~~~~~~~~~~~~~~~~~~~^^^^^^^^^^^^^^^^^^^
[default_server_endpoint-1]   File "/home/yukichi6105/ros2_ws/build/ros_tcp_endpoint/ros_tcp_endpoint/server.py", line 126, in handle_syscommand
[default_server_endpoint-1]     params = json.loads(message_json)
[default_server_endpoint-1]   File "/usr/lib/python3.14/json/__init__.py", line 352, in loads
[default_server_endpoint-1]     return _default_decoder.decode(s)
[default_server_endpoint-1]            ~~~~~~~~~~~~~~~~~~~~~~~^^^
[default_server_endpoint-1]   File "/usr/lib/python3.14/json/decoder.py", line 345, in decode
[default_server_endpoint-1]     obj, end = self.raw_decode(s, idx=_w(s, 0).end())
[default_server_endpoint-1]                ~~~~~~~~~~~~~~~^^^^^^^^^^^^^^^^^^^^^^^
[default_server_endpoint-1]   File "/usr/lib/python3.14/json/decoder.py", line 361, in raw_decode
[default_server_endpoint-1]     obj, end = self.scan_once(s, idx)
[default_server_endpoint-1]                ~~~~~~~~~~~~~~^^^^^^^^
[default_server_endpoint-1] json.decoder.JSONDecodeError: Expecting ',' delimiter: line 1 column 57 (char 56)
[default_server_endpoint-1] [INFO] [1785087542.586291243] [unity_endpoint]: Connection from 127.0.0.1
[default_server_endpoint-1] [INFO] [1785087542.587264197] [unity_endpoint]: Disconnected from 127.0.0.1
[default_server_endpoint-1] Exception in thread Thread-324:
[default_server_endpoint-1] Traceback (most recent call last):
[default_server_endpoint-1]   File "/usr/lib/python3.14/threading.py", line 1082, in _bootstrap_inner
[default_server_endpoint-1]     self._context.run(self.run)
[default_server_endpoint-1]     ~~~~~~~~~~~~~~~~~^^^^^^^^^^
[default_server_endpoint-1]   File "/home/yukichi6105/ros2_ws/build/ros_tcp_endpoint/ros_tcp_endpoint/client.py", line 213, in run
[default_server_endpoint-1]     self.tcp_server.handle_syscommand(destination, data)
[default_server_endpoint-1]     ~~~~~~~~~~~~~~~~~~~~~~~~~~~~~~~~~^^^^^^^^^^^^^^^^^^^
[default_server_endpoint-1]   File "/home/yukichi6105/ros2_ws/build/ros_tcp_endpoint/ros_tcp_endpoint/server.py", line 126, in handle_syscommand
[default_server_endpoint-1]     params = json.loads(message_json)
[default_server_endpoint-1]   File "/usr/lib/python3.14/json/__init__.py", line 352, in loads
[default_server_endpoint-1]     return _default_decoder.decode(s)
[default_server_endpoint-1]            ~~~~~~~~~~~~~~~~~~~~~~~^^^
[default_server_endpoint-1]   File "/usr/lib/python3.14/json/decoder.py", line 345, in decode
[default_server_endpoint-1]     obj, end = self.raw_decode(s, idx=_w(s, 0).end())
[default_server_endpoint-1]                ~~~~~~~~~~~~~~~^^^^^^^^^^^^^^^^^^^^^^^
[default_server_endpoint-1]   File "/usr/lib/python3.14/json/decoder.py", line 361, in raw_decode
[default_server_endpoint-1]     obj, end = self.scan_once(s, idx)
[default_server_endpoint-1]                ~~~~~~~~~~~~~~^^^^^^^^
[default_server_endpoint-1] json.decoder.JSONDecodeError: Expecting ',' delimiter: line 1 column 57 (char 56)
[default_server_endpoint-1] [INFO] [1785087543.605312801] [unity_endpoint]: Connection from 127.0.0.1
[default_server_endpoint-1] [INFO] [1785087543.606298316] [unity_endpoint]: Disconnected from 127.0.0.1
[default_server_endpoint-1] Exception in thread Thread-326:
[default_server_endpoint-1] Traceback (most recent call last):
[default_server_endpoint-1]   File "/usr/lib/python3.14/threading.py", line 1082, in _bootstrap_inner
[default_server_endpoint-1]     self._context.run(self.run)
[default_server_endpoint-1]     ~~~~~~~~~~~~~~~~~^^^^^^^^^^
[default_server_endpoint-1]   File "/home/yukichi6105/ros2_ws/build/ros_tcp_endpoint/ros_tcp_endpoint/client.py", line 213, in run
[default_server_endpoint-1]     self.tcp_server.handle_syscommand(destination, data)
[default_server_endpoint-1]     ~~~~~~~~~~~~~~~~~~~~~~~~~~~~~~~~~^^^^^^^^^^^^^^^^^^^
[default_server_endpoint-1]   File "/home/yukichi6105/ros2_ws/build/ros_tcp_endpoint/ros_tcp_endpoint/server.py", line 126, in handle_syscommand
[default_server_endpoint-1]     params = json.loads(message_json)
[default_server_endpoint-1]   File "/usr/lib/python3.14/json/__init__.py", line 352, in loads
[default_server_endpoint-1]     return _default_decoder.decode(s)
[default_server_endpoint-1]            ~~~~~~~~~~~~~~~~~~~~~~~^^^
[default_server_endpoint-1]   File "/usr/lib/python3.14/json/decoder.py", line 345, in decode
[default_server_endpoint-1]     obj, end = self.raw_decode(s, idx=_w(s, 0).end())
[default_server_endpoint-1]                ~~~~~~~~~~~~~~~^^^^^^^^^^^^^^^^^^^^^^^
[default_server_endpoint-1]   File "/usr/lib/python3.14/json/decoder.py", line 361, in raw_decode
[default_server_endpoint-1]     obj, end = self.scan_once(s, idx)
[default_server_endpoint-1]                ~~~~~~~~~~~~~~^^^^^^^^
[default_server_endpoint-1] json.decoder.JSONDecodeError: Expecting ',' delimiter: line 1 column 57 (char 56)
[default_server_endpoint-1] [INFO] [1785087544.619247622] [unity_endpoint]: Connection from 127.0.0.1
[default_server_endpoint-1] [INFO] [1785087544.620291017] [unity_endpoint]: Disconnected from 127.0.0.1
[default_server_endpoint-1] Exception in thread Thread-328:
[default_server_endpoint-1] Traceback (most recent call last):
[default_server_endpoint-1]   File "/usr/lib/python3.14/threading.py", line 1082, in _bootstrap_inner
[default_server_endpoint-1]     self._context.run(self.run)
[default_server_endpoint-1]     ~~~~~~~~~~~~~~~~~^^^^^^^^^^
[default_server_endpoint-1]   File "/home/yukichi6105/ros2_ws/build/ros_tcp_endpoint/ros_tcp_endpoint/client.py", line 213, in run
[default_server_endpoint-1]     self.tcp_server.handle_syscommand(destination, data)
[default_server_endpoint-1]     ~~~~~~~~~~~~~~~~~~~~~~~~~~~~~~~~~^^^^^^^^^^^^^^^^^^^
[default_server_endpoint-1]   File "/home/yukichi6105/ros2_ws/build/ros_tcp_endpoint/ros_tcp_endpoint/server.py", line 126, in handle_syscommand
[default_server_endpoint-1]     params = json.loads(message_json)
[default_server_endpoint-1]   File "/usr/lib/python3.14/json/__init__.py", line 352, in loads
[default_server_endpoint-1]     return _default_decoder.decode(s)
[default_server_endpoint-1]            ~~~~~~~~~~~~~~~~~~~~~~~^^^
[default_server_endpoint-1]   File "/usr/lib/python3.14/json/decoder.py", line 345, in decode
[default_server_endpoint-1]     obj, end = self.raw_decode(s, idx=_w(s, 0).end())
[default_server_endpoint-1]                ~~~~~~~~~~~~~~~^^^^^^^^^^^^^^^^^^^^^^^
[default_server_endpoint-1]   File "/usr/lib/python3.14/json/decoder.py", line 361, in raw_decode
[default_server_endpoint-1]     obj, end = self.scan_once(s, idx)
[default_server_endpoint-1]                ~~~~~~~~~~~~~~^^^^^^^^
[default_server_endpoint-1] json.decoder.JSONDecodeError: Expecting ',' delimiter: line 1 column 57 (char 56)
[default_server_endpoint-1] [INFO] [1785087545.625972382] [unity_endpoint]: Connection from 127.0.0.1
[default_server_endpoint-1] [INFO] [1785087545.627055348] [unity_endpoint]: Disconnected from 127.0.0.1
[default_server_endpoint-1] Exception in thread Thread-330:
[default_server_endpoint-1] Traceback (most recent call last):
[default_server_endpoint-1]   File "/usr/lib/python3.14/threading.py", line 1082, in _bootstrap_inner
[default_server_endpoint-1]     self._context.run(self.run)
[default_server_endpoint-1]     ~~~~~~~~~~~~~~~~~^^^^^^^^^^
[default_server_endpoint-1]   File "/home/yukichi6105/ros2_ws/build/ros_tcp_endpoint/ros_tcp_endpoint/client.py", line 213, in run
[default_server_endpoint-1]     self.tcp_server.handle_syscommand(destination, data)
[default_server_endpoint-1]     ~~~~~~~~~~~~~~~~~~~~~~~~~~~~~~~~~^^^^^^^^^^^^^^^^^^^
[default_server_endpoint-1]   File "/home/yukichi6105/ros2_ws/build/ros_tcp_endpoint/ros_tcp_endpoint/server.py", line 126, in handle_syscommand
[default_server_endpoint-1]     params = json.loads(message_json)
[default_server_endpoint-1]   File "/usr/lib/python3.14/json/__init__.py", line 352, in loads
[default_server_endpoint-1]     return _default_decoder.decode(s)
[default_server_endpoint-1]            ~~~~~~~~~~~~~~~~~~~~~~~^^^
[default_server_endpoint-1]   File "/usr/lib/python3.14/json/decoder.py", line 345, in decode
[default_server_endpoint-1]     obj, end = self.raw_decode(s, idx=_w(s, 0).end())
[default_server_endpoint-1]                ~~~~~~~~~~~~~~~^^^^^^^^^^^^^^^^^^^^^^^
[default_server_endpoint-1]   File "/usr/lib/python3.14/json/decoder.py", line 361, in raw_decode
[default_server_endpoint-1]     obj, end = self.scan_once(s, idx)
[default_server_endpoint-1]                ~~~~~~~~~~~~~~^^^^^^^^
[default_server_endpoint-1] json.decoder.JSONDecodeError: Expecting ',' delimiter: line 1 column 57 (char 56)
[default_server_endpoint-1] [INFO] [1785087546.635658927] [unity_endpoint]: Connection from 127.0.0.1
[default_server_endpoint-1] [INFO] [1785087546.636696006] [unity_endpoint]: Disconnected from 127.0.0.1
[default_server_endpoint-1] Exception in thread Thread-332:
[default_server_endpoint-1] Traceback (most recent call last):
[default_server_endpoint-1]   File "/usr/lib/python3.14/threading.py", line 1082, in _bootstrap_inner
[default_server_endpoint-1]     self._context.run(self.run)
[default_server_endpoint-1]     ~~~~~~~~~~~~~~~~~^^^^^^^^^^
[default_server_endpoint-1]   File "/home/yukichi6105/ros2_ws/build/ros_tcp_endpoint/ros_tcp_endpoint/client.py", line 213, in run
[default_server_endpoint-1]     self.tcp_server.handle_syscommand(destination, data)
[default_server_endpoint-1]     ~~~~~~~~~~~~~~~~~~~~~~~~~~~~~~~~~^^^^^^^^^^^^^^^^^^^
[default_server_endpoint-1]   File "/home/yukichi6105/ros2_ws/build/ros_tcp_endpoint/ros_tcp_endpoint/server.py", line 126, in handle_syscommand
[default_server_endpoint-1]     params = json.loads(message_json)
[default_server_endpoint-1]   File "/usr/lib/python3.14/json/__init__.py", line 352, in loads
[default_server_endpoint-1]     return _default_decoder.decode(s)
[default_server_endpoint-1]            ~~~~~~~~~~~~~~~~~~~~~~~^^^
[default_server_endpoint-1]   File "/usr/lib/python3.14/json/decoder.py", line 345, in decode
[default_server_endpoint-1]     obj, end = self.raw_decode(s, idx=_w(s, 0).end())
[default_server_endpoint-1]                ~~~~~~~~~~~~~~~^^^^^^^^^^^^^^^^^^^^^^^
[default_server_endpoint-1]   File "/usr/lib/python3.14/json/decoder.py", line 361, in raw_decode
[default_server_endpoint-1]     obj, end = self.scan_once(s, idx)
[default_server_endpoint-1]                ~~~~~~~~~~~~~~^^^^^^^^
[default_server_endpoint-1] json.decoder.JSONDecodeError: Expecting ',' delimiter: line 1 column 57 (char 56)
[default_server_endpoint-1] [INFO] [1785087547.652891951] [unity_endpoint]: Connection from 127.0.0.1
[default_server_endpoint-1] [INFO] [1785087547.654036316] [unity_endpoint]: Disconnected from 127.0.0.1
[default_server_endpoint-1] Exception in thread Thread-334:
[default_server_endpoint-1] Traceback (most recent call last):
[default_server_endpoint-1]   File "/usr/lib/python3.14/threading.py", line 1082, in _bootstrap_inner
[default_server_endpoint-1]     self._context.run(self.run)
[default_server_endpoint-1]     ~~~~~~~~~~~~~~~~~^^^^^^^^^^
[default_server_endpoint-1]   File "/home/yukichi6105/ros2_ws/build/ros_tcp_endpoint/ros_tcp_endpoint/client.py", line 213, in run
[default_server_endpoint-1]     self.tcp_server.handle_syscommand(destination, data)
[default_server_endpoint-1]     ~~~~~~~~~~~~~~~~~~~~~~~~~~~~~~~~~^^^^^^^^^^^^^^^^^^^
[default_server_endpoint-1]   File "/home/yukichi6105/ros2_ws/build/ros_tcp_endpoint/ros_tcp_endpoint/server.py", line 126, in handle_syscommand
[default_server_endpoint-1]     params = json.loads(message_json)
[default_server_endpoint-1]   File "/usr/lib/python3.14/json/__init__.py", line 352, in loads
[default_server_endpoint-1]     return _default_decoder.decode(s)
[default_server_endpoint-1]            ~~~~~~~~~~~~~~~~~~~~~~~^^^
[default_server_endpoint-1]   File "/usr/lib/python3.14/json/decoder.py", line 345, in decode
[default_server_endpoint-1]     obj, end = self.raw_decode(s, idx=_w(s, 0).end())
[default_server_endpoint-1]                ~~~~~~~~~~~~~~~^^^^^^^^^^^^^^^^^^^^^^^
[default_server_endpoint-1]   File "/usr/lib/python3.14/json/decoder.py", line 361, in raw_decode
[default_server_endpoint-1]     obj, end = self.scan_once(s, idx)
[default_server_endpoint-1]                ~~~~~~~~~~~~~~^^^^^^^^
[default_server_endpoint-1] json.decoder.JSONDecodeError: Expecting ',' delimiter: line 1 column 57 (char 56)
[default_server_endpoint-1] [INFO] [1785087548.669894063] [unity_endpoint]: Connection from 127.0.0.1
[default_server_endpoint-1] [INFO] [1785087548.671522204] [unity_endpoint]: Disconnected from 127.0.0.1
[default_server_endpoint-1] Exception in thread Thread-336:
[default_server_endpoint-1] Traceback (most recent call last):
[default_server_endpoint-1]   File "/usr/lib/python3.14/threading.py", line 1082, in _bootstrap_inner
[default_server_endpoint-1]     self._context.run(self.run)
[default_server_endpoint-1]     ~~~~~~~~~~~~~~~~~^^^^^^^^^^
[default_server_endpoint-1]   File "/home/yukichi6105/ros2_ws/build/ros_tcp_endpoint/ros_tcp_endpoint/client.py", line 213, in run
[default_server_endpoint-1]     self.tcp_server.handle_syscommand(destination, data)
[default_server_endpoint-1]     ~~~~~~~~~~~~~~~~~~~~~~~~~~~~~~~~~^^^^^^^^^^^^^^^^^^^
[default_server_endpoint-1]   File "/home/yukichi6105/ros2_ws/build/ros_tcp_endpoint/ros_tcp_endpoint/server.py", line 126, in handle_syscommand
[default_server_endpoint-1]     params = json.loads(message_json)
[default_server_endpoint-1]   File "/usr/lib/python3.14/json/__init__.py", line 352, in loads
[default_server_endpoint-1]     return _default_decoder.decode(s)
[default_server_endpoint-1]            ~~~~~~~~~~~~~~~~~~~~~~~^^^
[default_server_endpoint-1]   File "/usr/lib/python3.14/json/decoder.py", line 345, in decode
[default_server_endpoint-1]     obj, end = self.raw_decode(s, idx=_w(s, 0).end())
[default_server_endpoint-1]                ~~~~~~~~~~~~~~~^^^^^^^^^^^^^^^^^^^^^^^
[default_server_endpoint-1]   File "/usr/lib/python3.14/json/decoder.py", line 361, in raw_decode
[default_server_endpoint-1]     obj, end = self.scan_once(s, idx)
[default_server_endpoint-1]                ~~~~~~~~~~~~~~^^^^^^^^
[default_server_endpoint-1] json.decoder.JSONDecodeError: Expecting ',' delimiter: line 1 column 57 (char 56)
[default_server_endpoint-1] [INFO] [1785087549.686807799] [unity_endpoint]: Connection from 127.0.0.1
[default_server_endpoint-1] [INFO] [1785087549.687996755] [unity_endpoint]: Disconnected from 127.0.0.1
[default_server_endpoint-1] Exception in thread Thread-338:
[default_server_endpoint-1] Traceback (most recent call last):
[default_server_endpoint-1]   File "/usr/lib/python3.14/threading.py", line 1082, in _bootstrap_inner
[default_server_endpoint-1]     self._context.run(self.run)
[default_server_endpoint-1]     ~~~~~~~~~~~~~~~~~^^^^^^^^^^
[default_server_endpoint-1]   File "/home/yukichi6105/ros2_ws/build/ros_tcp_endpoint/ros_tcp_endpoint/client.py", line 213, in run
[default_server_endpoint-1]     self.tcp_server.handle_syscommand(destination, data)
[default_server_endpoint-1]     ~~~~~~~~~~~~~~~~~~~~~~~~~~~~~~~~~^^^^^^^^^^^^^^^^^^^
[default_server_endpoint-1]   File "/home/yukichi6105/ros2_ws/build/ros_tcp_endpoint/ros_tcp_endpoint/server.py", line 126, in handle_syscommand
[default_server_endpoint-1]     params = json.loads(message_json)
[default_server_endpoint-1]   File "/usr/lib/python3.14/json/__init__.py", line 352, in loads
[default_server_endpoint-1]     return _default_decoder.decode(s)
[default_server_endpoint-1]            ~~~~~~~~~~~~~~~~~~~~~~~^^^
[default_server_endpoint-1]   File "/usr/lib/python3.14/json/decoder.py", line 345, in decode
[default_server_endpoint-1]     obj, end = self.raw_decode(s, idx=_w(s, 0).end())
[default_server_endpoint-1]                ~~~~~~~~~~~~~~~^^^^^^^^^^^^^^^^^^^^^^^
[default_server_endpoint-1]   File "/usr/lib/python3.14/json/decoder.py", line 361, in raw_decode
[default_server_endpoint-1]     obj, end = self.scan_once(s, idx)
[default_server_endpoint-1]                ~~~~~~~~~~~~~~^^^^^^^^
[default_server_endpoint-1] json.decoder.JSONDecodeError: Expecting ',' delimiter: line 1 column 57 (char 56)
[default_server_endpoint-1] [INFO] [1785087550.701843210] [unity_endpoint]: Connection from 127.0.0.1
[default_server_endpoint-1] [INFO] [1785087550.702919393] [unity_endpoint]: Disconnected from 127.0.0.1
[default_server_endpoint-1] Exception in thread Thread-340:
[default_server_endpoint-1] Traceback (most recent call last):
[default_server_endpoint-1]   File "/usr/lib/python3.14/threading.py", line 1082, in _bootstrap_inner
[default_server_endpoint-1]     self._context.run(self.run)
[default_server_endpoint-1]     ~~~~~~~~~~~~~~~~~^^^^^^^^^^
[default_server_endpoint-1]   File "/home/yukichi6105/ros2_ws/build/ros_tcp_endpoint/ros_tcp_endpoint/client.py", line 213, in run
[default_server_endpoint-1]     self.tcp_server.handle_syscommand(destination, data)
[default_server_endpoint-1]     ~~~~~~~~~~~~~~~~~~~~~~~~~~~~~~~~~^^^^^^^^^^^^^^^^^^^
[default_server_endpoint-1]   File "/home/yukichi6105/ros2_ws/build/ros_tcp_endpoint/ros_tcp_endpoint/server.py", line 126, in handle_syscommand
[default_server_endpoint-1]     params = json.loads(message_json)
[default_server_endpoint-1]   File "/usr/lib/python3.14/json/__init__.py", line 352, in loads
[default_server_endpoint-1]     return _default_decoder.decode(s)
[default_server_endpoint-1]            ~~~~~~~~~~~~~~~~~~~~~~~^^^
[default_server_endpoint-1]   File "/usr/lib/python3.14/json/decoder.py", line 345, in decode
[default_server_endpoint-1]     obj, end = self.raw_decode(s, idx=_w(s, 0).end())
[default_server_endpoint-1]                ~~~~~~~~~~~~~~~^^^^^^^^^^^^^^^^^^^^^^^
[default_server_endpoint-1]   File "/usr/lib/python3.14/json/decoder.py", line 361, in raw_decode
[default_server_endpoint-1]     obj, end = self.scan_once(s, idx)
[default_server_endpoint-1]                ~~~~~~~~~~~~~~^^^^^^^^
[default_server_endpoint-1] json.decoder.JSONDecodeError: Expecting ',' delimiter: line 1 column 57 (char 56)
[default_server_endpoint-1] [INFO] [1785087551.710327006] [unity_endpoint]: Connection from 127.0.0.1
[default_server_endpoint-1] [INFO] [1785087551.712102343] [unity_endpoint]: Disconnected from 127.0.0.1
[default_server_endpoint-1] Exception in thread Thread-342:
[default_server_endpoint-1] Traceback (most recent call last):
[default_server_endpoint-1]   File "/usr/lib/python3.14/threading.py", line 1082, in _bootstrap_inner
[default_server_endpoint-1]     self._context.run(self.run)
[default_server_endpoint-1]     ~~~~~~~~~~~~~~~~~^^^^^^^^^^
[default_server_endpoint-1]   File "/home/yukichi6105/ros2_ws/build/ros_tcp_endpoint/ros_tcp_endpoint/client.py", line 213, in run
[default_server_endpoint-1]     self.tcp_server.handle_syscommand(destination, data)
[default_server_endpoint-1]     ~~~~~~~~~~~~~~~~~~~~~~~~~~~~~~~~~^^^^^^^^^^^^^^^^^^^
[default_server_endpoint-1]   File "/home/yukichi6105/ros2_ws/build/ros_tcp_endpoint/ros_tcp_endpoint/server.py", line 126, in handle_syscommand
[default_server_endpoint-1]     params = json.loads(message_json)
[default_server_endpoint-1]   File "/usr/lib/python3.14/json/__init__.py", line 352, in loads
[default_server_endpoint-1]     return _default_decoder.decode(s)
[default_server_endpoint-1]            ~~~~~~~~~~~~~~~~~~~~~~~^^^
[default_server_endpoint-1]   File "/usr/lib/python3.14/json/decoder.py", line 345, in decode
[default_server_endpoint-1]     obj, end = self.raw_decode(s, idx=_w(s, 0).end())
[default_server_endpoint-1]                ~~~~~~~~~~~~~~~^^^^^^^^^^^^^^^^^^^^^^^
[default_server_endpoint-1]   File "/usr/lib/python3.14/json/decoder.py", line 361, in raw_decode
[default_server_endpoint-1]     obj, end = self.scan_once(s, idx)
[default_server_endpoint-1]                ~~~~~~~~~~~~~~^^^^^^^^
[default_server_endpoint-1] json.decoder.JSONDecodeError: Expecting ',' delimiter: line 1 column 57 (char 56)
[default_server_endpoint-1] [INFO] [1785087552.717990413] [unity_endpoint]: Connection from 127.0.0.1
[default_server_endpoint-1] [INFO] [1785087552.718992728] [unity_endpoint]: Disconnected from 127.0.0.1
[default_server_endpoint-1] Exception in thread Thread-344:
[default_server_endpoint-1] Traceback (most recent call last):
[default_server_endpoint-1]   File "/usr/lib/python3.14/threading.py", line 1082, in _bootstrap_inner
[default_server_endpoint-1]     self._context.run(self.run)
[default_server_endpoint-1]     ~~~~~~~~~~~~~~~~~^^^^^^^^^^
[default_server_endpoint-1]   File "/home/yukichi6105/ros2_ws/build/ros_tcp_endpoint/ros_tcp_endpoint/client.py", line 213, in run
[default_server_endpoint-1]     self.tcp_server.handle_syscommand(destination, data)
[default_server_endpoint-1]     ~~~~~~~~~~~~~~~~~~~~~~~~~~~~~~~~~^^^^^^^^^^^^^^^^^^^
[default_server_endpoint-1]   File "/home/yukichi6105/ros2_ws/build/ros_tcp_endpoint/ros_tcp_endpoint/server.py", line 126, in handle_syscommand
[default_server_endpoint-1]     params = json.loads(message_json)
[default_server_endpoint-1]   File "/usr/lib/python3.14/json/__init__.py", line 352, in loads
[default_server_endpoint-1]     return _default_decoder.decode(s)
[default_server_endpoint-1]            ~~~~~~~~~~~~~~~~~~~~~~~^^^
[default_server_endpoint-1]   File "/usr/lib/python3.14/json/decoder.py", line 345, in decode
[default_server_endpoint-1]     obj, end = self.raw_decode(s, idx=_w(s, 0).end())
[default_server_endpoint-1]                ~~~~~~~~~~~~~~~^^^^^^^^^^^^^^^^^^^^^^^
[default_server_endpoint-1]   File "/usr/lib/python3.14/json/decoder.py", line 361, in raw_decode
[default_server_endpoint-1]     obj, end = self.scan_once(s, idx)
[default_server_endpoint-1]                ~~~~~~~~~~~~~~^^^^^^^^
[default_server_endpoint-1] json.decoder.JSONDecodeError: Expecting ',' delimiter: line 1 column 57 (char 56)
[default_server_endpoint-1] [INFO] [1785087553.724332144] [unity_endpoint]: Connection from 127.0.0.1
[default_server_endpoint-1] [INFO] [1785087553.725498223] [unity_endpoint]: Disconnected from 127.0.0.1
[default_server_endpoint-1] Exception in thread Thread-346:
[default_server_endpoint-1] Traceback (most recent call last):
[default_server_endpoint-1]   File "/usr/lib/python3.14/threading.py", line 1082, in _bootstrap_inner
[default_server_endpoint-1]     self._context.run(self.run)
[default_server_endpoint-1]     ~~~~~~~~~~~~~~~~~^^^^^^^^^^
[default_server_endpoint-1]   File "/home/yukichi6105/ros2_ws/build/ros_tcp_endpoint/ros_tcp_endpoint/client.py", line 213, in run
[default_server_endpoint-1]     self.tcp_server.handle_syscommand(destination, data)
[default_server_endpoint-1]     ~~~~~~~~~~~~~~~~~~~~~~~~~~~~~~~~~^^^^^^^^^^^^^^^^^^^
[default_server_endpoint-1]   File "/home/yukichi6105/ros2_ws/build/ros_tcp_endpoint/ros_tcp_endpoint/server.py", line 126, in handle_syscommand
[default_server_endpoint-1]     params = json.loads(message_json)
[default_server_endpoint-1]   File "/usr/lib/python3.14/json/__init__.py", line 352, in loads
[default_server_endpoint-1]     return _default_decoder.decode(s)
[default_server_endpoint-1]            ~~~~~~~~~~~~~~~~~~~~~~~^^^
[default_server_endpoint-1]   File "/usr/lib/python3.14/json/decoder.py", line 345, in decode
[default_server_endpoint-1]     obj, end = self.raw_decode(s, idx=_w(s, 0).end())
[default_server_endpoint-1]                ~~~~~~~~~~~~~~~^^^^^^^^^^^^^^^^^^^^^^^
[default_server_endpoint-1]   File "/usr/lib/python3.14/json/decoder.py", line 361, in raw_decode
[default_server_endpoint-1]     obj, end = self.scan_once(s, idx)
[default_server_endpoint-1]                ~~~~~~~~~~~~~~^^^^^^^^
[default_server_endpoint-1] json.decoder.JSONDecodeError: Expecting ',' delimiter: line 1 column 57 (char 56)
[default_server_endpoint-1] [INFO] [1785087554.739841774] [unity_endpoint]: Connection from 127.0.0.1
[default_server_endpoint-1] [INFO] [1785087554.740986066] [unity_endpoint]: Disconnected from 127.0.0.1
[default_server_endpoint-1] Exception in thread Thread-348:
[default_server_endpoint-1] Traceback (most recent call last):
[default_server_endpoint-1]   File "/usr/lib/python3.14/threading.py", line 1082, in _bootstrap_inner
[default_server_endpoint-1]     self._context.run(self.run)
[default_server_endpoint-1]     ~~~~~~~~~~~~~~~~~^^^^^^^^^^
[default_server_endpoint-1]   File "/home/yukichi6105/ros2_ws/build/ros_tcp_endpoint/ros_tcp_endpoint/client.py", line 213, in run
[default_server_endpoint-1]     self.tcp_server.handle_syscommand(destination, data)
[default_server_endpoint-1]     ~~~~~~~~~~~~~~~~~~~~~~~~~~~~~~~~~^^^^^^^^^^^^^^^^^^^
[default_server_endpoint-1]   File "/home/yukichi6105/ros2_ws/build/ros_tcp_endpoint/ros_tcp_endpoint/server.py", line 126, in handle_syscommand
[default_server_endpoint-1]     params = json.loads(message_json)
[default_server_endpoint-1]   File "/usr/lib/python3.14/json/__init__.py", line 352, in loads
[default_server_endpoint-1]     return _default_decoder.decode(s)
[default_server_endpoint-1]            ~~~~~~~~~~~~~~~~~~~~~~~^^^
[default_server_endpoint-1]   File "/usr/lib/python3.14/json/decoder.py", line 345, in decode
[default_server_endpoint-1]     obj, end = self.raw_decode(s, idx=_w(s, 0).end())
[default_server_endpoint-1]                ~~~~~~~~~~~~~~~^^^^^^^^^^^^^^^^^^^^^^^
[default_server_endpoint-1]   File "/usr/lib/python3.14/json/decoder.py", line 361, in raw_decode
[default_server_endpoint-1]     obj, end = self.scan_once(s, idx)
[default_server_endpoint-1]                ~~~~~~~~~~~~~~^^^^^^^^
[default_server_endpoint-1] json.decoder.JSONDecodeError: Expecting ',' delimiter: line 1 column 57 (char 56)
[default_server_endpoint-1] [INFO] [1785087555.753576454] [unity_endpoint]: Connection from 127.0.0.1
[default_server_endpoint-1] [INFO] [1785087555.754969806] [unity_endpoint]: Disconnected from 127.0.0.1
[default_server_endpoint-1] Exception in thread Thread-350:
[default_server_endpoint-1] Traceback (most recent call last):
[default_server_endpoint-1]   File "/usr/lib/python3.14/threading.py", line 1082, in _bootstrap_inner
[default_server_endpoint-1]     self._context.run(self.run)
[default_server_endpoint-1]     ~~~~~~~~~~~~~~~~~^^^^^^^^^^
[default_server_endpoint-1]   File "/home/yukichi6105/ros2_ws/build/ros_tcp_endpoint/ros_tcp_endpoint/client.py", line 213, in run
[default_server_endpoint-1]     self.tcp_server.handle_syscommand(destination, data)
[default_server_endpoint-1]     ~~~~~~~~~~~~~~~~~~~~~~~~~~~~~~~~~^^^^^^^^^^^^^^^^^^^
[default_server_endpoint-1]   File "/home/yukichi6105/ros2_ws/build/ros_tcp_endpoint/ros_tcp_endpoint/server.py", line 126, in handle_syscommand
[default_server_endpoint-1]     params = json.loads(message_json)
[default_server_endpoint-1]   File "/usr/lib/python3.14/json/__init__.py", line 352, in loads
[default_server_endpoint-1]     return _default_decoder.decode(s)
[default_server_endpoint-1]            ~~~~~~~~~~~~~~~~~~~~~~~^^^
[default_server_endpoint-1]   File "/usr/lib/python3.14/json/decoder.py", line 345, in decode
[default_server_endpoint-1]     obj, end = self.raw_decode(s, idx=_w(s, 0).end())
[default_server_endpoint-1]                ~~~~~~~~~~~~~~~^^^^^^^^^^^^^^^^^^^^^^^
[default_server_endpoint-1]   File "/usr/lib/python3.14/json/decoder.py", line 361, in raw_decode
[default_server_endpoint-1]     obj, end = self.scan_once(s, idx)
[default_server_endpoint-1]                ~~~~~~~~~~~~~~^^^^^^^^
[default_server_endpoint-1] json.decoder.JSONDecodeError: Expecting ',' delimiter: line 1 column 57 (char 56)
[default_server_endpoint-1] [INFO] [1785087556.761597037] [unity_endpoint]: Connection from 127.0.0.1
[default_server_endpoint-1] [INFO] [1785087556.762962911] [unity_endpoint]: Disconnected from 127.0.0.1
[default_server_endpoint-1] Exception in thread Thread-352:
[default_server_endpoint-1] Traceback (most recent call last):
[default_server_endpoint-1]   File "/usr/lib/python3.14/threading.py", line 1082, in _bootstrap_inner
[default_server_endpoint-1]     self._context.run(self.run)
[default_server_endpoint-1]     ~~~~~~~~~~~~~~~~~^^^^^^^^^^
[default_server_endpoint-1]   File "/home/yukichi6105/ros2_ws/build/ros_tcp_endpoint/ros_tcp_endpoint/client.py", line 213, in run
[default_server_endpoint-1]     self.tcp_server.handle_syscommand(destination, data)
[default_server_endpoint-1]     ~~~~~~~~~~~~~~~~~~~~~~~~~~~~~~~~~^^^^^^^^^^^^^^^^^^^
[default_server_endpoint-1]   File "/home/yukichi6105/ros2_ws/build/ros_tcp_endpoint/ros_tcp_endpoint/server.py", line 126, in handle_syscommand
[default_server_endpoint-1]     params = json.loads(message_json)
[default_server_endpoint-1]   File "/usr/lib/python3.14/json/__init__.py", line 352, in loads
[default_server_endpoint-1]     return _default_decoder.decode(s)
[default_server_endpoint-1]            ~~~~~~~~~~~~~~~~~~~~~~~^^^
[default_server_endpoint-1]   File "/usr/lib/python3.14/json/decoder.py", line 345, in decode
[default_server_endpoint-1]     obj, end = self.raw_decode(s, idx=_w(s, 0).end())
[default_server_endpoint-1]                ~~~~~~~~~~~~~~~^^^^^^^^^^^^^^^^^^^^^^^
[default_server_endpoint-1]   File "/usr/lib/python3.14/json/decoder.py", line 361, in raw_decode
[default_server_endpoint-1]     obj, end = self.scan_once(s, idx)
[default_server_endpoint-1]                ~~~~~~~~~~~~~~^^^^^^^^
[default_server_endpoint-1] json.decoder.JSONDecodeError: Expecting ',' delimiter: line 1 column 57 (char 56)
[default_server_endpoint-1] [INFO] [1785087557.770202353] [unity_endpoint]: Connection from 127.0.0.1
[default_server_endpoint-1] [INFO] [1785087557.771511782] [unity_endpoint]: Disconnected from 127.0.0.1
[default_server_endpoint-1] Exception in thread Thread-354:
[default_server_endpoint-1] Traceback (most recent call last):
[default_server_endpoint-1]   File "/usr/lib/python3.14/threading.py", line 1082, in _bootstrap_inner
[default_server_endpoint-1]     self._context.run(self.run)
[default_server_endpoint-1]     ~~~~~~~~~~~~~~~~~^^^^^^^^^^
[default_server_endpoint-1]   File "/home/yukichi6105/ros2_ws/build/ros_tcp_endpoint/ros_tcp_endpoint/client.py", line 213, in run
[default_server_endpoint-1]     self.tcp_server.handle_syscommand(destination, data)
[default_server_endpoint-1]     ~~~~~~~~~~~~~~~~~~~~~~~~~~~~~~~~~^^^^^^^^^^^^^^^^^^^
[default_server_endpoint-1]   File "/home/yukichi6105/ros2_ws/build/ros_tcp_endpoint/ros_tcp_endpoint/server.py", line 126, in handle_syscommand
[default_server_endpoint-1]     params = json.loads(message_json)
[default_server_endpoint-1]   File "/usr/lib/python3.14/json/__init__.py", line 352, in loads
[default_server_endpoint-1]     return _default_decoder.decode(s)
[default_server_endpoint-1]            ~~~~~~~~~~~~~~~~~~~~~~~^^^
[default_server_endpoint-1]   File "/usr/lib/python3.14/json/decoder.py", line 345, in decode
[default_server_endpoint-1]     obj, end = self.raw_decode(s, idx=_w(s, 0).end())
[default_server_endpoint-1]                ~~~~~~~~~~~~~~~^^^^^^^^^^^^^^^^^^^^^^^
[default_server_endpoint-1]   File "/usr/lib/python3.14/json/decoder.py", line 361, in raw_decode
[default_server_endpoint-1]     obj, end = self.scan_once(s, idx)
[default_server_endpoint-1]                ~~~~~~~~~~~~~~^^^^^^^^
[default_server_endpoint-1] json.decoder.JSONDecodeError: Expecting ',' delimiter: line 1 column 57 (char 56)
[default_server_endpoint-1] [INFO] [1785087558.784834760] [unity_endpoint]: Connection from 127.0.0.1
[default_server_endpoint-1] [INFO] [1785087558.786507023] [unity_endpoint]: Disconnected from 127.0.0.1
[default_server_endpoint-1] Exception in thread Thread-356:
[default_server_endpoint-1] Traceback (most recent call last):
[default_server_endpoint-1]   File "/usr/lib/python3.14/threading.py", line 1082, in _bootstrap_inner
[default_server_endpoint-1]     self._context.run(self.run)
[default_server_endpoint-1]     ~~~~~~~~~~~~~~~~~^^^^^^^^^^
[default_server_endpoint-1]   File "/home/yukichi6105/ros2_ws/build/ros_tcp_endpoint/ros_tcp_endpoint/client.py", line 213, in run
[default_server_endpoint-1]     self.tcp_server.handle_syscommand(destination, data)
[default_server_endpoint-1]     ~~~~~~~~~~~~~~~~~~~~~~~~~~~~~~~~~^^^^^^^^^^^^^^^^^^^
[default_server_endpoint-1]   File "/home/yukichi6105/ros2_ws/build/ros_tcp_endpoint/ros_tcp_endpoint/server.py", line 126, in handle_syscommand
[default_server_endpoint-1]     params = json.loads(message_json)
[default_server_endpoint-1]   File "/usr/lib/python3.14/json/__init__.py", line 352, in loads
[default_server_endpoint-1]     return _default_decoder.decode(s)
[default_server_endpoint-1]            ~~~~~~~~~~~~~~~~~~~~~~~^^^
[default_server_endpoint-1]   File "/usr/lib/python3.14/json/decoder.py", line 345, in decode
[default_server_endpoint-1]     obj, end = self.raw_decode(s, idx=_w(s, 0).end())
[default_server_endpoint-1]                ~~~~~~~~~~~~~~~^^^^^^^^^^^^^^^^^^^^^^^
[default_server_endpoint-1]   File "/usr/lib/python3.14/json/decoder.py", line 361, in raw_decode
[default_server_endpoint-1]     obj, end = self.scan_once(s, idx)
[default_server_endpoint-1]                ~~~~~~~~~~~~~~^^^^^^^^
[default_server_endpoint-1] json.decoder.JSONDecodeError: Expecting ',' delimiter: line 1 column 57 (char 56)
[default_server_endpoint-1] [INFO] [1785087559.800283166] [unity_endpoint]: Connection from 127.0.0.1
[default_server_endpoint-1] [INFO] [1785087559.801259116] [unity_endpoint]: Disconnected from 127.0.0.1
[default_server_endpoint-1] Exception in thread Thread-358:
[default_server_endpoint-1] Traceback (most recent call last):
[default_server_endpoint-1]   File "/usr/lib/python3.14/threading.py", line 1082, in _bootstrap_inner
[default_server_endpoint-1]     self._context.run(self.run)
[default_server_endpoint-1]     ~~~~~~~~~~~~~~~~~^^^^^^^^^^
[default_server_endpoint-1]   File "/home/yukichi6105/ros2_ws/build/ros_tcp_endpoint/ros_tcp_endpoint/client.py", line 213, in run
[default_server_endpoint-1]     self.tcp_server.handle_syscommand(destination, data)
[default_server_endpoint-1]     ~~~~~~~~~~~~~~~~~~~~~~~~~~~~~~~~~^^^^^^^^^^^^^^^^^^^
[default_server_endpoint-1]   File "/home/yukichi6105/ros2_ws/build/ros_tcp_endpoint/ros_tcp_endpoint/server.py", line 126, in handle_syscommand
[default_server_endpoint-1]     params = json.loads(message_json)
[default_server_endpoint-1]   File "/usr/lib/python3.14/json/__init__.py", line 352, in loads
[default_server_endpoint-1]     return _default_decoder.decode(s)
[default_server_endpoint-1]            ~~~~~~~~~~~~~~~~~~~~~~~^^^
[default_server_endpoint-1]   File "/usr/lib/python3.14/json/decoder.py", line 345, in decode
[default_server_endpoint-1]     obj, end = self.raw_decode(s, idx=_w(s, 0).end())
[default_server_endpoint-1]                ~~~~~~~~~~~~~~~^^^^^^^^^^^^^^^^^^^^^^^
[default_server_endpoint-1]   File "/usr/lib/python3.14/json/decoder.py", line 361, in raw_decode
[default_server_endpoint-1]     obj, end = self.scan_once(s, idx)
[default_server_endpoint-1]                ~~~~~~~~~~~~~~^^^^^^^^
[default_server_endpoint-1] json.decoder.JSONDecodeError: Expecting ',' delimiter: line 1 column 57 (char 56)
[default_server_endpoint-1] [INFO] [1785087560.807014023] [unity_endpoint]: Connection from 127.0.0.1
[default_server_endpoint-1] [INFO] [1785087560.808122266] [unity_endpoint]: Disconnected from 127.0.0.1
[default_server_endpoint-1] Exception in thread Thread-360:
[default_server_endpoint-1] Traceback (most recent call last):
[default_server_endpoint-1]   File "/usr/lib/python3.14/threading.py", line 1082, in _bootstrap_inner
[default_server_endpoint-1]     self._context.run(self.run)
[default_server_endpoint-1]     ~~~~~~~~~~~~~~~~~^^^^^^^^^^
[default_server_endpoint-1]   File "/home/yukichi6105/ros2_ws/build/ros_tcp_endpoint/ros_tcp_endpoint/client.py", line 213, in run
[default_server_endpoint-1]     self.tcp_server.handle_syscommand(destination, data)
[default_server_endpoint-1]     ~~~~~~~~~~~~~~~~~~~~~~~~~~~~~~~~~^^^^^^^^^^^^^^^^^^^
[default_server_endpoint-1]   File "/home/yukichi6105/ros2_ws/build/ros_tcp_endpoint/ros_tcp_endpoint/server.py", line 126, in handle_syscommand
[default_server_endpoint-1]     params = json.loads(message_json)
[default_server_endpoint-1]   File "/usr/lib/python3.14/json/__init__.py", line 352, in loads
[default_server_endpoint-1]     return _default_decoder.decode(s)
[default_server_endpoint-1]            ~~~~~~~~~~~~~~~~~~~~~~~^^^
[default_server_endpoint-1]   File "/usr/lib/python3.14/json/decoder.py", line 345, in decode
[default_server_endpoint-1]     obj, end = self.raw_decode(s, idx=_w(s, 0).end())
[default_server_endpoint-1]                ~~~~~~~~~~~~~~~^^^^^^^^^^^^^^^^^^^^^^^
[default_server_endpoint-1]   File "/usr/lib/python3.14/json/decoder.py", line 361, in raw_decode
[default_server_endpoint-1]     obj, end = self.scan_once(s, idx)
[default_server_endpoint-1]                ~~~~~~~~~~~~~~^^^^^^^^
[default_server_endpoint-1] json.decoder.JSONDecodeError: Expecting ',' delimiter: line 1 column 57 (char 56)
[default_server_endpoint-1] [INFO] [1785087561.817631188] [unity_endpoint]: Connection from 127.0.0.1
[default_server_endpoint-1] [INFO] [1785087561.818888361] [unity_endpoint]: Disconnected from 127.0.0.1
[default_server_endpoint-1] Exception in thread Thread-362:
[default_server_endpoint-1] Traceback (most recent call last):
[default_server_endpoint-1]   File "/usr/lib/python3.14/threading.py", line 1082, in _bootstrap_inner
[default_server_endpoint-1]     self._context.run(self.run)
[default_server_endpoint-1]     ~~~~~~~~~~~~~~~~~^^^^^^^^^^
[default_server_endpoint-1]   File "/home/yukichi6105/ros2_ws/build/ros_tcp_endpoint/ros_tcp_endpoint/client.py", line 213, in run
[default_server_endpoint-1]     self.tcp_server.handle_syscommand(destination, data)
[default_server_endpoint-1]     ~~~~~~~~~~~~~~~~~~~~~~~~~~~~~~~~~^^^^^^^^^^^^^^^^^^^
[default_server_endpoint-1]   File "/home/yukichi6105/ros2_ws/build/ros_tcp_endpoint/ros_tcp_endpoint/server.py", line 126, in handle_syscommand
[default_server_endpoint-1]     params = json.loads(message_json)
[default_server_endpoint-1]   File "/usr/lib/python3.14/json/__init__.py", line 352, in loads
[default_server_endpoint-1]     return _default_decoder.decode(s)
[default_server_endpoint-1]            ~~~~~~~~~~~~~~~~~~~~~~~^^^
[default_server_endpoint-1]   File "/usr/lib/python3.14/json/decoder.py", line 345, in decode
[default_server_endpoint-1]     obj, end = self.raw_decode(s, idx=_w(s, 0).end())
[default_server_endpoint-1]                ~~~~~~~~~~~~~~~^^^^^^^^^^^^^^^^^^^^^^^
[default_server_endpoint-1]   File "/usr/lib/python3.14/json/decoder.py", line 361, in raw_decode
[default_server_endpoint-1]     obj, end = self.scan_once(s, idx)
[default_server_endpoint-1]                ~~~~~~~~~~~~~~^^^^^^^^
[default_server_endpoint-1] json.decoder.JSONDecodeError: Expecting ',' delimiter: line 1 column 57 (char 56)
[default_server_endpoint-1] [INFO] [1785087562.833184790] [unity_endpoint]: Connection from 127.0.0.1
[default_server_endpoint-1] [INFO] [1785087562.834502493] [unity_endpoint]: Disconnected from 127.0.0.1
[default_server_endpoint-1] Exception in thread Thread-364:
[default_server_endpoint-1] Traceback (most recent call last):
[default_server_endpoint-1]   File "/usr/lib/python3.14/threading.py", line 1082, in _bootstrap_inner
[default_server_endpoint-1]     self._context.run(self.run)
[default_server_endpoint-1]     ~~~~~~~~~~~~~~~~~^^^^^^^^^^
[default_server_endpoint-1]   File "/home/yukichi6105/ros2_ws/build/ros_tcp_endpoint/ros_tcp_endpoint/client.py", line 213, in run
[default_server_endpoint-1]     self.tcp_server.handle_syscommand(destination, data)
[default_server_endpoint-1]     ~~~~~~~~~~~~~~~~~~~~~~~~~~~~~~~~~^^^^^^^^^^^^^^^^^^^
[default_server_endpoint-1]   File "/home/yukichi6105/ros2_ws/build/ros_tcp_endpoint/ros_tcp_endpoint/server.py", line 126, in handle_syscommand
[default_server_endpoint-1]     params = json.loads(message_json)
[default_server_endpoint-1]   File "/usr/lib/python3.14/json/__init__.py", line 352, in loads
[default_server_endpoint-1]     return _default_decoder.decode(s)
[default_server_endpoint-1]            ~~~~~~~~~~~~~~~~~~~~~~~^^^
[default_server_endpoint-1]   File "/usr/lib/python3.14/json/decoder.py", line 345, in decode
[default_server_endpoint-1]     obj, end = self.raw_decode(s, idx=_w(s, 0).end())
[default_server_endpoint-1]                ~~~~~~~~~~~~~~~^^^^^^^^^^^^^^^^^^^^^^^
[default_server_endpoint-1]   File "/usr/lib/python3.14/json/decoder.py", line 361, in raw_decode
[default_server_endpoint-1]     obj, end = self.scan_once(s, idx)
[default_server_endpoint-1]                ~~~~~~~~~~~~~~^^^^^^^^
[default_server_endpoint-1] json.decoder.JSONDecodeError: Expecting ',' delimiter: line 1 column 57 (char 56)
[default_server_endpoint-1] [INFO] [1785087563.853636479] [unity_endpoint]: Connection from 127.0.0.1
[default_server_endpoint-1] [INFO] [1785087563.854810216] [unity_endpoint]: Disconnected from 127.0.0.1
[default_server_endpoint-1] Exception in thread Thread-366:
[default_server_endpoint-1] Traceback (most recent call last):
[default_server_endpoint-1]   File "/usr/lib/python3.14/threading.py", line 1082, in _bootstrap_inner
[default_server_endpoint-1]     self._context.run(self.run)
[default_server_endpoint-1]     ~~~~~~~~~~~~~~~~~^^^^^^^^^^
[default_server_endpoint-1]   File "/home/yukichi6105/ros2_ws/build/ros_tcp_endpoint/ros_tcp_endpoint/client.py", line 213, in run
[default_server_endpoint-1]     self.tcp_server.handle_syscommand(destination, data)
[default_server_endpoint-1]     ~~~~~~~~~~~~~~~~~~~~~~~~~~~~~~~~~^^^^^^^^^^^^^^^^^^^
[default_server_endpoint-1]   File "/home/yukichi6105/ros2_ws/build/ros_tcp_endpoint/ros_tcp_endpoint/server.py", line 126, in handle_syscommand
[default_server_endpoint-1]     params = json.loads(message_json)
[default_server_endpoint-1]   File "/usr/lib/python3.14/json/__init__.py", line 352, in loads
[default_server_endpoint-1]     return _default_decoder.decode(s)
[default_server_endpoint-1]            ~~~~~~~~~~~~~~~~~~~~~~~^^^
[default_server_endpoint-1]   File "/usr/lib/python3.14/json/decoder.py", line 345, in decode
[default_server_endpoint-1]     obj, end = self.raw_decode(s, idx=_w(s, 0).end())
[default_server_endpoint-1]                ~~~~~~~~~~~~~~~^^^^^^^^^^^^^^^^^^^^^^^
[default_server_endpoint-1]   File "/usr/lib/python3.14/json/decoder.py", line 361, in raw_decode
[default_server_endpoint-1]     obj, end = self.scan_once(s, idx)
[default_server_endpoint-1]                ~~~~~~~~~~~~~~^^^^^^^^
[default_server_endpoint-1] json.decoder.JSONDecodeError: Expecting ',' delimiter: line 1 column 57 (char 56)
[default_server_endpoint-1] [INFO] [1785087564.865164023] [unity_endpoint]: Connection from 127.0.0.1
[default_server_endpoint-1] [INFO] [1785087564.866288548] [unity_endpoint]: Disconnected from 127.0.0.1
[default_server_endpoint-1] Exception in thread Thread-368:
[default_server_endpoint-1] Traceback (most recent call last):
[default_server_endpoint-1]   File "/usr/lib/python3.14/threading.py", line 1082, in _bootstrap_inner
[default_server_endpoint-1]     self._context.run(self.run)
[default_server_endpoint-1]     ~~~~~~~~~~~~~~~~~^^^^^^^^^^
[default_server_endpoint-1]   File "/home/yukichi6105/ros2_ws/build/ros_tcp_endpoint/ros_tcp_endpoint/client.py", line 213, in run
[default_server_endpoint-1]     self.tcp_server.handle_syscommand(destination, data)
[default_server_endpoint-1]     ~~~~~~~~~~~~~~~~~~~~~~~~~~~~~~~~~^^^^^^^^^^^^^^^^^^^
[default_server_endpoint-1]   File "/home/yukichi6105/ros2_ws/build/ros_tcp_endpoint/ros_tcp_endpoint/server.py", line 126, in handle_syscommand
[default_server_endpoint-1]     params = json.loads(message_json)
[default_server_endpoint-1]   File "/usr/lib/python3.14/json/__init__.py", line 352, in loads
[default_server_endpoint-1]     return _default_decoder.decode(s)
[default_server_endpoint-1]            ~~~~~~~~~~~~~~~~~~~~~~~^^^
[default_server_endpoint-1]   File "/usr/lib/python3.14/json/decoder.py", line 345, in decode
[default_server_endpoint-1]     obj, end = self.raw_decode(s, idx=_w(s, 0).end())
[default_server_endpoint-1]                ~~~~~~~~~~~~~~~^^^^^^^^^^^^^^^^^^^^^^^
[default_server_endpoint-1]   File "/usr/lib/python3.14/json/decoder.py", line 361, in raw_decode
[default_server_endpoint-1]     obj, end = self.scan_once(s, idx)
[default_server_endpoint-1]                ~~~~~~~~~~~~~~^^^^^^^^
[default_server_endpoint-1] json.decoder.JSONDecodeError: Expecting ',' delimiter: line 1 column 57 (char 56)
[default_server_endpoint-1] [INFO] [1785087565.882709086] [unity_endpoint]: Connection from 127.0.0.1
[default_server_endpoint-1] [INFO] [1785087565.884022139] [unity_endpoint]: Disconnected from 127.0.0.1
[default_server_endpoint-1] Exception in thread Thread-370:
[default_server_endpoint-1] Traceback (most recent call last):
[default_server_endpoint-1]   File "/usr/lib/python3.14/threading.py", line 1082, in _bootstrap_inner
[default_server_endpoint-1]     self._context.run(self.run)
[default_server_endpoint-1]     ~~~~~~~~~~~~~~~~~^^^^^^^^^^
[default_server_endpoint-1]   File "/home/yukichi6105/ros2_ws/build/ros_tcp_endpoint/ros_tcp_endpoint/client.py", line 213, in run
[default_server_endpoint-1]     self.tcp_server.handle_syscommand(destination, data)
[default_server_endpoint-1]     ~~~~~~~~~~~~~~~~~~~~~~~~~~~~~~~~~^^^^^^^^^^^^^^^^^^^
[default_server_endpoint-1]   File "/home/yukichi6105/ros2_ws/build/ros_tcp_endpoint/ros_tcp_endpoint/server.py", line 126, in handle_syscommand
[default_server_endpoint-1]     params = json.loads(message_json)
[default_server_endpoint-1]   File "/usr/lib/python3.14/json/__init__.py", line 352, in loads
[default_server_endpoint-1]     return _default_decoder.decode(s)
[default_server_endpoint-1]            ~~~~~~~~~~~~~~~~~~~~~~~^^^
[default_server_endpoint-1]   File "/usr/lib/python3.14/json/decoder.py", line 345, in decode
[default_server_endpoint-1]     obj, end = self.raw_decode(s, idx=_w(s, 0).end())
[default_server_endpoint-1]                ~~~~~~~~~~~~~~~^^^^^^^^^^^^^^^^^^^^^^^
[default_server_endpoint-1]   File "/usr/lib/python3.14/json/decoder.py", line 361, in raw_decode
[default_server_endpoint-1]     obj, end = self.scan_once(s, idx)
[default_server_endpoint-1]                ~~~~~~~~~~~~~~^^^^^^^^
[default_server_endpoint-1] json.decoder.JSONDecodeError: Expecting ',' delimiter: line 1 column 57 (char 56)
[default_server_endpoint-1] [INFO] [1785087566.899461045] [unity_endpoint]: Connection from 127.0.0.1
[default_server_endpoint-1] [INFO] [1785087566.900633367] [unity_endpoint]: Disconnected from 127.0.0.1
[default_server_endpoint-1] Exception in thread Thread-372:
[default_server_endpoint-1] Traceback (most recent call last):
[default_server_endpoint-1]   File "/usr/lib/python3.14/threading.py", line 1082, in _bootstrap_inner
[default_server_endpoint-1]     self._context.run(self.run)
[default_server_endpoint-1]     ~~~~~~~~~~~~~~~~~^^^^^^^^^^
[default_server_endpoint-1]   File "/home/yukichi6105/ros2_ws/build/ros_tcp_endpoint/ros_tcp_endpoint/client.py", line 213, in run
[default_server_endpoint-1]     self.tcp_server.handle_syscommand(destination, data)
[default_server_endpoint-1]     ~~~~~~~~~~~~~~~~~~~~~~~~~~~~~~~~~^^^^^^^^^^^^^^^^^^^
[default_server_endpoint-1]   File "/home/yukichi6105/ros2_ws/build/ros_tcp_endpoint/ros_tcp_endpoint/server.py", line 126, in handle_syscommand
[default_server_endpoint-1]     params = json.loads(message_json)
[default_server_endpoint-1]   File "/usr/lib/python3.14/json/__init__.py", line 352, in loads
[default_server_endpoint-1]     return _default_decoder.decode(s)
[default_server_endpoint-1]            ~~~~~~~~~~~~~~~~~~~~~~~^^^
[default_server_endpoint-1]   File "/usr/lib/python3.14/json/decoder.py", line 345, in decode
[default_server_endpoint-1]     obj, end = self.raw_decode(s, idx=_w(s, 0).end())
[default_server_endpoint-1]                ~~~~~~~~~~~~~~~^^^^^^^^^^^^^^^^^^^^^^^
[default_server_endpoint-1]   File "/usr/lib/python3.14/json/decoder.py", line 361, in raw_decode
[default_server_endpoint-1]     obj, end = self.scan_once(s, idx)
[default_server_endpoint-1]                ~~~~~~~~~~~~~~^^^^^^^^
[default_server_endpoint-1] json.decoder.JSONDecodeError: Expecting ',' delimiter: line 1 column 57 (char 56)
[default_server_endpoint-1] [INFO] [1785087567.916504763] [unity_endpoint]: Connection from 127.0.0.1
[default_server_endpoint-1] [INFO] [1785087567.917566870] [unity_endpoint]: Disconnected from 127.0.0.1
[default_server_endpoint-1] Exception in thread Thread-374:
[default_server_endpoint-1] Traceback (most recent call last):
[default_server_endpoint-1]   File "/usr/lib/python3.14/threading.py", line 1082, in _bootstrap_inner
[default_server_endpoint-1]     self._context.run(self.run)
[default_server_endpoint-1]     ~~~~~~~~~~~~~~~~~^^^^^^^^^^
[default_server_endpoint-1]   File "/home/yukichi6105/ros2_ws/build/ros_tcp_endpoint/ros_tcp_endpoint/client.py", line 213, in run
[default_server_endpoint-1]     self.tcp_server.handle_syscommand(destination, data)
[default_server_endpoint-1]     ~~~~~~~~~~~~~~~~~~~~~~~~~~~~~~~~~^^^^^^^^^^^^^^^^^^^
[default_server_endpoint-1]   File "/home/yukichi6105/ros2_ws/build/ros_tcp_endpoint/ros_tcp_endpoint/server.py", line 126, in handle_syscommand
[default_server_endpoint-1]     params = json.loads(message_json)
[default_server_endpoint-1]   File "/usr/lib/python3.14/json/__init__.py", line 352, in loads
[default_server_endpoint-1]     return _default_decoder.decode(s)
[default_server_endpoint-1]            ~~~~~~~~~~~~~~~~~~~~~~~^^^
[default_server_endpoint-1]   File "/usr/lib/python3.14/json/decoder.py", line 345, in decode
[default_server_endpoint-1]     obj, end = self.raw_decode(s, idx=_w(s, 0).end())
[default_server_endpoint-1]                ~~~~~~~~~~~~~~~^^^^^^^^^^^^^^^^^^^^^^^
[default_server_endpoint-1]   File "/usr/lib/python3.14/json/decoder.py", line 361, in raw_decode
[default_server_endpoint-1]     obj, end = self.scan_once(s, idx)
[default_server_endpoint-1]                ~~~~~~~~~~~~~~^^^^^^^^
[default_server_endpoint-1] json.decoder.JSONDecodeError: Expecting ',' delimiter: line 1 column 57 (char 56)
[default_server_endpoint-1] [INFO] [1785087568.932308042] [unity_endpoint]: Connection from 127.0.0.1
[default_server_endpoint-1] [INFO] [1785087568.933489347] [unity_endpoint]: Disconnected from 127.0.0.1
[default_server_endpoint-1] Exception in thread Thread-376:
[default_server_endpoint-1] Traceback (most recent call last):
[default_server_endpoint-1]   File "/usr/lib/python3.14/threading.py", line 1082, in _bootstrap_inner
[default_server_endpoint-1]     self._context.run(self.run)
[default_server_endpoint-1]     ~~~~~~~~~~~~~~~~~^^^^^^^^^^
[default_server_endpoint-1]   File "/home/yukichi6105/ros2_ws/build/ros_tcp_endpoint/ros_tcp_endpoint/client.py", line 213, in run
[default_server_endpoint-1]     self.tcp_server.handle_syscommand(destination, data)
[default_server_endpoint-1]     ~~~~~~~~~~~~~~~~~~~~~~~~~~~~~~~~~^^^^^^^^^^^^^^^^^^^
[default_server_endpoint-1]   File "/home/yukichi6105/ros2_ws/build/ros_tcp_endpoint/ros_tcp_endpoint/server.py", line 126, in handle_syscommand
[default_server_endpoint-1]     params = json.loads(message_json)
[default_server_endpoint-1]   File "/usr/lib/python3.14/json/__init__.py", line 352, in loads
[default_server_endpoint-1]     return _default_decoder.decode(s)
[default_server_endpoint-1]            ~~~~~~~~~~~~~~~~~~~~~~~^^^
[default_server_endpoint-1]   File "/usr/lib/python3.14/json/decoder.py", line 345, in decode
[default_server_endpoint-1]     obj, end = self.raw_decode(s, idx=_w(s, 0).end())
[default_server_endpoint-1]                ~~~~~~~~~~~~~~~^^^^^^^^^^^^^^^^^^^^^^^
[default_server_endpoint-1]   File "/usr/lib/python3.14/json/decoder.py", line 361, in raw_decode
[default_server_endpoint-1]     obj, end = self.scan_once(s, idx)
[default_server_endpoint-1]                ~~~~~~~~~~~~~~^^^^^^^^
[default_server_endpoint-1] json.decoder.JSONDecodeError: Expecting ',' delimiter: line 1 column 57 (char 56)
[default_server_endpoint-1] [INFO] [1785087569.949867108] [unity_endpoint]: Connection from 127.0.0.1
[default_server_endpoint-1] [INFO] [1785087569.951163801] [unity_endpoint]: Disconnected from 127.0.0.1
[default_server_endpoint-1] Exception in thread Thread-378:
[default_server_endpoint-1] Traceback (most recent call last):
[default_server_endpoint-1]   File "/usr/lib/python3.14/threading.py", line 1082, in _bootstrap_inner
[default_server_endpoint-1]     self._context.run(self.run)
[default_server_endpoint-1]     ~~~~~~~~~~~~~~~~~^^^^^^^^^^
[default_server_endpoint-1]   File "/home/yukichi6105/ros2_ws/build/ros_tcp_endpoint/ros_tcp_endpoint/client.py", line 213, in run
[default_server_endpoint-1]     self.tcp_server.handle_syscommand(destination, data)
[default_server_endpoint-1]     ~~~~~~~~~~~~~~~~~~~~~~~~~~~~~~~~~^^^^^^^^^^^^^^^^^^^
[default_server_endpoint-1]   File "/home/yukichi6105/ros2_ws/build/ros_tcp_endpoint/ros_tcp_endpoint/server.py", line 126, in handle_syscommand
[default_server_endpoint-1]     params = json.loads(message_json)
[default_server_endpoint-1]   File "/usr/lib/python3.14/json/__init__.py", line 352, in loads
[default_server_endpoint-1]     return _default_decoder.decode(s)
[default_server_endpoint-1]            ~~~~~~~~~~~~~~~~~~~~~~~^^^
[default_server_endpoint-1]   File "/usr/lib/python3.14/json/decoder.py", line 345, in decode
[default_server_endpoint-1]     obj, end = self.raw_decode(s, idx=_w(s, 0).end())
[default_server_endpoint-1]                ~~~~~~~~~~~~~~~^^^^^^^^^^^^^^^^^^^^^^^
[default_server_endpoint-1]   File "/usr/lib/python3.14/json/decoder.py", line 361, in raw_decode
[default_server_endpoint-1]     obj, end = self.scan_once(s, idx)
[default_server_endpoint-1]                ~~~~~~~~~~~~~~^^^^^^^^
[default_server_endpoint-1] json.decoder.JSONDecodeError: Expecting ',' delimiter: line 1 column 57 (char 56)
[default_server_endpoint-1] [INFO] [1785087570.965586931] [unity_endpoint]: Connection from 127.0.0.1
[default_server_endpoint-1] [INFO] [1785087570.966911278] [unity_endpoint]: Disconnected from 127.0.0.1
[default_server_endpoint-1] Exception in thread Thread-380:
[default_server_endpoint-1] Traceback (most recent call last):
[default_server_endpoint-1]   File "/usr/lib/python3.14/threading.py", line 1082, in _bootstrap_inner
[default_server_endpoint-1]     self._context.run(self.run)
[default_server_endpoint-1]     ~~~~~~~~~~~~~~~~~^^^^^^^^^^
[default_server_endpoint-1]   File "/home/yukichi6105/ros2_ws/build/ros_tcp_endpoint/ros_tcp_endpoint/client.py", line 213, in run
[default_server_endpoint-1]     self.tcp_server.handle_syscommand(destination, data)
[default_server_endpoint-1]     ~~~~~~~~~~~~~~~~~~~~~~~~~~~~~~~~~^^^^^^^^^^^^^^^^^^^
[default_server_endpoint-1]   File "/home/yukichi6105/ros2_ws/build/ros_tcp_endpoint/ros_tcp_endpoint/server.py", line 126, in handle_syscommand
[default_server_endpoint-1]     params = json.loads(message_json)
[default_server_endpoint-1]   File "/usr/lib/python3.14/json/__init__.py", line 352, in loads
[default_server_endpoint-1]     return _default_decoder.decode(s)
[default_server_endpoint-1]            ~~~~~~~~~~~~~~~~~~~~~~~^^^
[default_server_endpoint-1]   File "/usr/lib/python3.14/json/decoder.py", line 345, in decode
[default_server_endpoint-1]     obj, end = self.raw_decode(s, idx=_w(s, 0).end())
[default_server_endpoint-1]                ~~~~~~~~~~~~~~~^^^^^^^^^^^^^^^^^^^^^^^
[default_server_endpoint-1]   File "/usr/lib/python3.14/json/decoder.py", line 361, in raw_decode
[default_server_endpoint-1]     obj, end = self.scan_once(s, idx)
[default_server_endpoint-1]                ~~~~~~~~~~~~~~^^^^^^^^
[default_server_endpoint-1] json.decoder.JSONDecodeError: Expecting ',' delimiter: line 1 column 57 (char 56)
[default_server_endpoint-1] [INFO] [1785087571.984588567] [unity_endpoint]: Connection from 127.0.0.1
[default_server_endpoint-1] [INFO] [1785087571.985916434] [unity_endpoint]: Disconnected from 127.0.0.1
[default_server_endpoint-1] Exception in thread Thread-382:
[default_server_endpoint-1] Traceback (most recent call last):
[default_server_endpoint-1]   File "/usr/lib/python3.14/threading.py", line 1082, in _bootstrap_inner
[default_server_endpoint-1]     self._context.run(self.run)
[default_server_endpoint-1]     ~~~~~~~~~~~~~~~~~^^^^^^^^^^
[default_server_endpoint-1]   File "/home/yukichi6105/ros2_ws/build/ros_tcp_endpoint/ros_tcp_endpoint/client.py", line 213, in run
[default_server_endpoint-1]     self.tcp_server.handle_syscommand(destination, data)
[default_server_endpoint-1]     ~~~~~~~~~~~~~~~~~~~~~~~~~~~~~~~~~^^^^^^^^^^^^^^^^^^^
[default_server_endpoint-1]   File "/home/yukichi6105/ros2_ws/build/ros_tcp_endpoint/ros_tcp_endpoint/server.py", line 126, in handle_syscommand
[default_server_endpoint-1]     params = json.loads(message_json)
[default_server_endpoint-1]   File "/usr/lib/python3.14/json/__init__.py", line 352, in loads
[default_server_endpoint-1]     return _default_decoder.decode(s)
[default_server_endpoint-1]            ~~~~~~~~~~~~~~~~~~~~~~~^^^
[default_server_endpoint-1]   File "/usr/lib/python3.14/json/decoder.py", line 345, in decode
[default_server_endpoint-1]     obj, end = self.raw_decode(s, idx=_w(s, 0).end())
[default_server_endpoint-1]                ~~~~~~~~~~~~~~~^^^^^^^^^^^^^^^^^^^^^^^
[default_server_endpoint-1]   File "/usr/lib/python3.14/json/decoder.py", line 361, in raw_decode
[default_server_endpoint-1]     obj, end = self.scan_once(s, idx)
[default_server_endpoint-1]                ~~~~~~~~~~~~~~^^^^^^^^
[default_server_endpoint-1] json.decoder.JSONDecodeError: Expecting ',' delimiter: line 1 column 57 (char 56)
[default_server_endpoint-1] [INFO] [1785087573.000256144] [unity_endpoint]: Connection from 127.0.0.1
[default_server_endpoint-1] [INFO] [1785087573.001389960] [unity_endpoint]: Disconnected from 127.0.0.1
[default_server_endpoint-1] Exception in thread Thread-384:
[default_server_endpoint-1] Traceback (most recent call last):
[default_server_endpoint-1]   File "/usr/lib/python3.14/threading.py", line 1082, in _bootstrap_inner
[default_server_endpoint-1]     self._context.run(self.run)
[default_server_endpoint-1]     ~~~~~~~~~~~~~~~~~^^^^^^^^^^
[default_server_endpoint-1]   File "/home/yukichi6105/ros2_ws/build/ros_tcp_endpoint/ros_tcp_endpoint/client.py", line 213, in run
[default_server_endpoint-1]     self.tcp_server.handle_syscommand(destination, data)
[default_server_endpoint-1]     ~~~~~~~~~~~~~~~~~~~~~~~~~~~~~~~~~^^^^^^^^^^^^^^^^^^^
[default_server_endpoint-1]   File "/home/yukichi6105/ros2_ws/build/ros_tcp_endpoint/ros_tcp_endpoint/server.py", line 126, in handle_syscommand
[default_server_endpoint-1]     params = json.loads(message_json)
[default_server_endpoint-1]   File "/usr/lib/python3.14/json/__init__.py", line 352, in loads
[default_server_endpoint-1]     return _default_decoder.decode(s)
[default_server_endpoint-1]            ~~~~~~~~~~~~~~~~~~~~~~~^^^
[default_server_endpoint-1]   File "/usr/lib/python3.14/json/decoder.py", line 345, in decode
[default_server_endpoint-1]     obj, end = self.raw_decode(s, idx=_w(s, 0).end())
[default_server_endpoint-1]                ~~~~~~~~~~~~~~~^^^^^^^^^^^^^^^^^^^^^^^
[default_server_endpoint-1]   File "/usr/lib/python3.14/json/decoder.py", line 361, in raw_decode
[default_server_endpoint-1]     obj, end = self.scan_once(s, idx)
[default_server_endpoint-1]                ~~~~~~~~~~~~~~^^^^^^^^
[default_server_endpoint-1] json.decoder.JSONDecodeError: Expecting ',' delimiter: line 1 column 57 (char 56)
[default_server_endpoint-1] [INFO] [1785087574.017246488] [unity_endpoint]: Connection from 127.0.0.1
[default_server_endpoint-1] [INFO] [1785087574.019158883] [unity_endpoint]: Disconnected from 127.0.0.1
[default_server_endpoint-1] Exception in thread Thread-386:
[default_server_endpoint-1] Traceback (most recent call last):
[default_server_endpoint-1]   File "/usr/lib/python3.14/threading.py", line 1082, in _bootstrap_inner
[default_server_endpoint-1]     self._context.run(self.run)
[default_server_endpoint-1]     ~~~~~~~~~~~~~~~~~^^^^^^^^^^
[default_server_endpoint-1]   File "/home/yukichi6105/ros2_ws/build/ros_tcp_endpoint/ros_tcp_endpoint/client.py", line 213, in run
[default_server_endpoint-1]     self.tcp_server.handle_syscommand(destination, data)
[default_server_endpoint-1]     ~~~~~~~~~~~~~~~~~~~~~~~~~~~~~~~~~^^^^^^^^^^^^^^^^^^^
[default_server_endpoint-1]   File "/home/yukichi6105/ros2_ws/build/ros_tcp_endpoint/ros_tcp_endpoint/server.py", line 126, in handle_syscommand
[default_server_endpoint-1]     params = json.loads(message_json)
[default_server_endpoint-1]   File "/usr/lib/python3.14/json/__init__.py", line 352, in loads
[default_server_endpoint-1]     return _default_decoder.decode(s)
[default_server_endpoint-1]            ~~~~~~~~~~~~~~~~~~~~~~~^^^
[default_server_endpoint-1]   File "/usr/lib/python3.14/json/decoder.py", line 345, in decode
[default_server_endpoint-1]     obj, end = self.raw_decode(s, idx=_w(s, 0).end())
[default_server_endpoint-1]                ~~~~~~~~~~~~~~~^^^^^^^^^^^^^^^^^^^^^^^
[default_server_endpoint-1]   File "/usr/lib/python3.14/json/decoder.py", line 361, in raw_decode
[default_server_endpoint-1]     obj, end = self.scan_once(s, idx)
[default_server_endpoint-1]                ~~~~~~~~~~~~~~^^^^^^^^
[default_server_endpoint-1] json.decoder.JSONDecodeError: Expecting ',' delimiter: line 1 column 57 (char 56)
[default_server_endpoint-1] [INFO] [1785087577.023752421] [unity_endpoint]: Connection from 127.0.0.1
[default_server_endpoint-1] [INFO] [1785087577.025169276] [unity_endpoint]: Disconnected from 127.0.0.1
[default_server_endpoint-1] Exception in thread Thread-388:
[default_server_endpoint-1] Traceback (most recent call last):
[default_server_endpoint-1]   File "/usr/lib/python3.14/threading.py", line 1082, in _bootstrap_inner
[default_server_endpoint-1]     self._context.run(self.run)
[default_server_endpoint-1]     ~~~~~~~~~~~~~~~~~^^^^^^^^^^
[default_server_endpoint-1]   File "/home/yukichi6105/ros2_ws/build/ros_tcp_endpoint/ros_tcp_endpoint/client.py", line 213, in run
[default_server_endpoint-1]     self.tcp_server.handle_syscommand(destination, data)
[default_server_endpoint-1]     ~~~~~~~~~~~~~~~~~~~~~~~~~~~~~~~~~^^^^^^^^^^^^^^^^^^^
[default_server_endpoint-1]   File "/home/yukichi6105/ros2_ws/build/ros_tcp_endpoint/ros_tcp_endpoint/server.py", line 126, in handle_syscommand
[default_server_endpoint-1]     params = json.loads(message_json)
[default_server_endpoint-1]   File "/usr/lib/python3.14/json/__init__.py", line 352, in loads
[default_server_endpoint-1]     return _default_decoder.decode(s)
[default_server_endpoint-1]            ~~~~~~~~~~~~~~~~~~~~~~~^^^
[default_server_endpoint-1]   File "/usr/lib/python3.14/json/decoder.py", line 345, in decode
[default_server_endpoint-1]     obj, end = self.raw_decode(s, idx=_w(s, 0).end())
[default_server_endpoint-1]                ~~~~~~~~~~~~~~~^^^^^^^^^^^^^^^^^^^^^^^
[default_server_endpoint-1]   File "/usr/lib/python3.14/json/decoder.py", line 361, in raw_decode
[default_server_endpoint-1]     obj, end = self.scan_once(s, idx)
[default_server_endpoint-1]                ~~~~~~~~~~~~~~^^^^^^^^
[default_server_endpoint-1] json.decoder.JSONDecodeError: Expecting ',' delimiter: line 1 column 57 (char 56)
[default_server_endpoint-1] [INFO] [1785087578.032844580] [unity_endpoint]: Connection from 127.0.0.1
[default_server_endpoint-1] [INFO] [1785087578.033789696] [unity_endpoint]: Disconnected from 127.0.0.1
[default_server_endpoint-1] Exception in thread Thread-390:
[default_server_endpoint-1] Traceback (most recent call last):
[default_server_endpoint-1]   File "/usr/lib/python3.14/threading.py", line 1082, in _bootstrap_inner
[default_server_endpoint-1]     self._context.run(self.run)
[default_server_endpoint-1]     ~~~~~~~~~~~~~~~~~^^^^^^^^^^
[default_server_endpoint-1]   File "/home/yukichi6105/ros2_ws/build/ros_tcp_endpoint/ros_tcp_endpoint/client.py", line 213, in run
[default_server_endpoint-1]     self.tcp_server.handle_syscommand(destination, data)
[default_server_endpoint-1]     ~~~~~~~~~~~~~~~~~~~~~~~~~~~~~~~~~^^^^^^^^^^^^^^^^^^^
[default_server_endpoint-1]   File "/home/yukichi6105/ros2_ws/build/ros_tcp_endpoint/ros_tcp_endpoint/server.py", line 126, in handle_syscommand
[default_server_endpoint-1]     params = json.loads(message_json)
[default_server_endpoint-1]   File "/usr/lib/python3.14/json/__init__.py", line 352, in loads
[default_server_endpoint-1]     return _default_decoder.decode(s)
[default_server_endpoint-1]            ~~~~~~~~~~~~~~~~~~~~~~~^^^
[default_server_endpoint-1]   File "/usr/lib/python3.14/json/decoder.py", line 345, in decode
[default_server_endpoint-1]     obj, end = self.raw_decode(s, idx=_w(s, 0).end())
[default_server_endpoint-1]                ~~~~~~~~~~~~~~~^^^^^^^^^^^^^^^^^^^^^^^
[default_server_endpoint-1]   File "/usr/lib/python3.14/json/decoder.py", line 361, in raw_decode
[default_server_endpoint-1]     obj, end = self.scan_once(s, idx)
[default_server_endpoint-1]                ~~~~~~~~~~~~~~^^^^^^^^
[default_server_endpoint-1] json.decoder.JSONDecodeError: Expecting ',' delimiter: line 1 column 57 (char 56)
[default_server_endpoint-1] [INFO] [1785087579.049829664] [unity_endpoint]: Connection from 127.0.0.1
[default_server_endpoint-1] [INFO] [1785087579.050882869] [unity_endpoint]: Disconnected from 127.0.0.1
[default_server_endpoint-1] Exception in thread Thread-392:
[default_server_endpoint-1] Traceback (most recent call last):
[default_server_endpoint-1]   File "/usr/lib/python3.14/threading.py", line 1082, in _bootstrap_inner
[default_server_endpoint-1]     self._context.run(self.run)
[default_server_endpoint-1]     ~~~~~~~~~~~~~~~~~^^^^^^^^^^
[default_server_endpoint-1]   File "/home/yukichi6105/ros2_ws/build/ros_tcp_endpoint/ros_tcp_endpoint/client.py", line 213, in run
[default_server_endpoint-1]     self.tcp_server.handle_syscommand(destination, data)
[default_server_endpoint-1]     ~~~~~~~~~~~~~~~~~~~~~~~~~~~~~~~~~^^^^^^^^^^^^^^^^^^^
[default_server_endpoint-1]   File "/home/yukichi6105/ros2_ws/build/ros_tcp_endpoint/ros_tcp_endpoint/server.py", line 126, in handle_syscommand
[default_server_endpoint-1]     params = json.loads(message_json)
[default_server_endpoint-1]   File "/usr/lib/python3.14/json/__init__.py", line 352, in loads
[default_server_endpoint-1]     return _default_decoder.decode(s)
[default_server_endpoint-1]            ~~~~~~~~~~~~~~~~~~~~~~~^^^
[default_server_endpoint-1]   File "/usr/lib/python3.14/json/decoder.py", line 345, in decode
[default_server_endpoint-1]     obj, end = self.raw_decode(s, idx=_w(s, 0).end())
[default_server_endpoint-1]                ~~~~~~~~~~~~~~~^^^^^^^^^^^^^^^^^^^^^^^
[default_server_endpoint-1]   File "/usr/lib/python3.14/json/decoder.py", line 361, in raw_decode
[default_server_endpoint-1]     obj, end = self.scan_once(s, idx)
[default_server_endpoint-1]                ~~~~~~~~~~~~~~^^^^^^^^
[default_server_endpoint-1] json.decoder.JSONDecodeError: Expecting ',' delimiter: line 1 column 57 (char 56)
[default_server_endpoint-1] [INFO] [1785087580.068810837] [unity_endpoint]: Connection from 127.0.0.1
[default_server_endpoint-1] [INFO] [1785087580.070250837] [unity_endpoint]: Disconnected from 127.0.0.1
[default_server_endpoint-1] Exception in thread Thread-394:
[default_server_endpoint-1] Traceback (most recent call last):
[default_server_endpoint-1]   File "/usr/lib/python3.14/threading.py", line 1082, in _bootstrap_inner
[default_server_endpoint-1]     self._context.run(self.run)
[default_server_endpoint-1]     ~~~~~~~~~~~~~~~~~^^^^^^^^^^
[default_server_endpoint-1]   File "/home/yukichi6105/ros2_ws/build/ros_tcp_endpoint/ros_tcp_endpoint/client.py", line 213, in run
[default_server_endpoint-1]     self.tcp_server.handle_syscommand(destination, data)
[default_server_endpoint-1]     ~~~~~~~~~~~~~~~~~~~~~~~~~~~~~~~~~^^^^^^^^^^^^^^^^^^^
[default_server_endpoint-1]   File "/home/yukichi6105/ros2_ws/build/ros_tcp_endpoint/ros_tcp_endpoint/server.py", line 126, in handle_syscommand
[default_server_endpoint-1]     params = json.loads(message_json)
[default_server_endpoint-1]   File "/usr/lib/python3.14/json/__init__.py", line 352, in loads
[default_server_endpoint-1]     return _default_decoder.decode(s)
[default_server_endpoint-1]            ~~~~~~~~~~~~~~~~~~~~~~~^^^
[default_server_endpoint-1]   File "/usr/lib/python3.14/json/decoder.py", line 345, in decode
[default_server_endpoint-1]     obj, end = self.raw_decode(s, idx=_w(s, 0).end())
[default_server_endpoint-1]                ~~~~~~~~~~~~~~~^^^^^^^^^^^^^^^^^^^^^^^
[default_server_endpoint-1]   File "/usr/lib/python3.14/json/decoder.py", line 361, in raw_decode
[default_server_endpoint-1]     obj, end = self.scan_once(s, idx)
[default_server_endpoint-1]                ~~~~~~~~~~~~~~^^^^^^^^
[default_server_endpoint-1] json.decoder.JSONDecodeError: Expecting ',' delimiter: line 1 column 57 (char 56)
[default_server_endpoint-1] [INFO] [1785087581.085490660] [unity_endpoint]: Connection from 127.0.0.1
[default_server_endpoint-1] [INFO] [1785087581.086849023] [unity_endpoint]: Disconnected from 127.0.0.1
[default_server_endpoint-1] Exception in thread Thread-396:
[default_server_endpoint-1] Traceback (most recent call last):
[default_server_endpoint-1]   File "/usr/lib/python3.14/threading.py", line 1082, in _bootstrap_inner
[default_server_endpoint-1]     self._context.run(self.run)
[default_server_endpoint-1]     ~~~~~~~~~~~~~~~~~^^^^^^^^^^
[default_server_endpoint-1]   File "/home/yukichi6105/ros2_ws/build/ros_tcp_endpoint/ros_tcp_endpoint/client.py", line 213, in run
[default_server_endpoint-1]     self.tcp_server.handle_syscommand(destination, data)
[default_server_endpoint-1]     ~~~~~~~~~~~~~~~~~~~~~~~~~~~~~~~~~^^^^^^^^^^^^^^^^^^^
[default_server_endpoint-1]   File "/home/yukichi6105/ros2_ws/build/ros_tcp_endpoint/ros_tcp_endpoint/server.py", line 126, in handle_syscommand
[default_server_endpoint-1]     params = json.loads(message_json)
[default_server_endpoint-1]   File "/usr/lib/python3.14/json/__init__.py", line 352, in loads
[default_server_endpoint-1]     return _default_decoder.decode(s)
[default_server_endpoint-1]            ~~~~~~~~~~~~~~~~~~~~~~~^^^
[default_server_endpoint-1]   File "/usr/lib/python3.14/json/decoder.py", line 345, in decode
[default_server_endpoint-1]     obj, end = self.raw_decode(s, idx=_w(s, 0).end())
[default_server_endpoint-1]                ~~~~~~~~~~~~~~~^^^^^^^^^^^^^^^^^^^^^^^
[default_server_endpoint-1]   File "/usr/lib/python3.14/json/decoder.py", line 361, in raw_decode
[default_server_endpoint-1]     obj, end = self.scan_once(s, idx)
[default_server_endpoint-1]                ~~~~~~~~~~~~~~^^^^^^^^
[default_server_endpoint-1] json.decoder.JSONDecodeError: Expecting ',' delimiter: line 1 column 57 (char 56)
[default_server_endpoint-1] [INFO] [1785087582.099718039] [unity_endpoint]: Connection from 127.0.0.1
[default_server_endpoint-1] [INFO] [1785087582.100756692] [unity_endpoint]: Disconnected from 127.0.0.1
[default_server_endpoint-1] Exception in thread Thread-398:
[default_server_endpoint-1] Traceback (most recent call last):
[default_server_endpoint-1]   File "/usr/lib/python3.14/threading.py", line 1082, in _bootstrap_inner
[default_server_endpoint-1]     self._context.run(self.run)
[default_server_endpoint-1]     ~~~~~~~~~~~~~~~~~^^^^^^^^^^
[default_server_endpoint-1]   File "/home/yukichi6105/ros2_ws/build/ros_tcp_endpoint/ros_tcp_endpoint/client.py", line 213, in run
[default_server_endpoint-1]     self.tcp_server.handle_syscommand(destination, data)
[default_server_endpoint-1]     ~~~~~~~~~~~~~~~~~~~~~~~~~~~~~~~~~^^^^^^^^^^^^^^^^^^^
[default_server_endpoint-1]   File "/home/yukichi6105/ros2_ws/build/ros_tcp_endpoint/ros_tcp_endpoint/server.py", line 126, in handle_syscommand
[default_server_endpoint-1]     params = json.loads(message_json)
[default_server_endpoint-1]   File "/usr/lib/python3.14/json/__init__.py", line 352, in loads
[default_server_endpoint-1]     return _default_decoder.decode(s)
[default_server_endpoint-1]            ~~~~~~~~~~~~~~~~~~~~~~~^^^
[default_server_endpoint-1]   File "/usr/lib/python3.14/json/decoder.py", line 345, in decode
[default_server_endpoint-1]     obj, end = self.raw_decode(s, idx=_w(s, 0).end())
[default_server_endpoint-1]                ~~~~~~~~~~~~~~~^^^^^^^^^^^^^^^^^^^^^^^
[default_server_endpoint-1]   File "/usr/lib/python3.14/json/decoder.py", line 361, in raw_decode
[default_server_endpoint-1]     obj, end = self.scan_once(s, idx)
[default_server_endpoint-1]                ~~~~~~~~~~~~~~^^^^^^^^
[default_server_endpoint-1] json.decoder.JSONDecodeError: Expecting ',' delimiter: line 1 column 57 (char 56)
[default_server_endpoint-1] [INFO] [1785087583.110965466] [unity_endpoint]: Connection from 127.0.0.1
[default_server_endpoint-1] [INFO] [1785087583.112191977] [unity_endpoint]: Disconnected from 127.0.0.1
[default_server_endpoint-1] Exception in thread Thread-400:
[default_server_endpoint-1] Traceback (most recent call last):
[default_server_endpoint-1]   File "/usr/lib/python3.14/threading.py", line 1082, in _bootstrap_inner
[default_server_endpoint-1]     self._context.run(self.run)
[default_server_endpoint-1]     ~~~~~~~~~~~~~~~~~^^^^^^^^^^
[default_server_endpoint-1]   File "/home/yukichi6105/ros2_ws/build/ros_tcp_endpoint/ros_tcp_endpoint/client.py", line 213, in run
[default_server_endpoint-1]     self.tcp_server.handle_syscommand(destination, data)
[default_server_endpoint-1]     ~~~~~~~~~~~~~~~~~~~~~~~~~~~~~~~~~^^^^^^^^^^^^^^^^^^^
[default_server_endpoint-1]   File "/home/yukichi6105/ros2_ws/build/ros_tcp_endpoint/ros_tcp_endpoint/server.py", line 126, in handle_syscommand
[default_server_endpoint-1]     params = json.loads(message_json)
[default_server_endpoint-1]   File "/usr/lib/python3.14/json/__init__.py", line 352, in loads
[default_server_endpoint-1]     return _default_decoder.decode(s)
[default_server_endpoint-1]            ~~~~~~~~~~~~~~~~~~~~~~~^^^
[default_server_endpoint-1]   File "/usr/lib/python3.14/json/decoder.py", line 345, in decode
[default_server_endpoint-1]     obj, end = self.raw_decode(s, idx=_w(s, 0).end())
[default_server_endpoint-1]                ~~~~~~~~~~~~~~~^^^^^^^^^^^^^^^^^^^^^^^
[default_server_endpoint-1]   File "/usr/lib/python3.14/json/decoder.py", line 361, in raw_decode
[default_server_endpoint-1]     obj, end = self.scan_once(s, idx)
[default_server_endpoint-1]                ~~~~~~~~~~~~~~^^^^^^^^
[default_server_endpoint-1] json.decoder.JSONDecodeError: Expecting ',' delimiter: line 1 column 57 (char 56)
[default_server_endpoint-1] [INFO] [1785087584.117851916] [unity_endpoint]: Connection from 127.0.0.1
[default_server_endpoint-1] [INFO] [1785087584.118812340] [unity_endpoint]: Disconnected from 127.0.0.1
[default_server_endpoint-1] Exception in thread Thread-402:
[default_server_endpoint-1] Traceback (most recent call last):
[default_server_endpoint-1]   File "/usr/lib/python3.14/threading.py", line 1082, in _bootstrap_inner
[default_server_endpoint-1]     self._context.run(self.run)
[default_server_endpoint-1]     ~~~~~~~~~~~~~~~~~^^^^^^^^^^
[default_server_endpoint-1]   File "/home/yukichi6105/ros2_ws/build/ros_tcp_endpoint/ros_tcp_endpoint/client.py", line 213, in run
[default_server_endpoint-1]     self.tcp_server.handle_syscommand(destination, data)
[default_server_endpoint-1]     ~~~~~~~~~~~~~~~~~~~~~~~~~~~~~~~~~^^^^^^^^^^^^^^^^^^^
[default_server_endpoint-1]   File "/home/yukichi6105/ros2_ws/build/ros_tcp_endpoint/ros_tcp_endpoint/server.py", line 126, in handle_syscommand
[default_server_endpoint-1]     params = json.loads(message_json)
[default_server_endpoint-1]   File "/usr/lib/python3.14/json/__init__.py", line 352, in loads
[default_server_endpoint-1]     return _default_decoder.decode(s)
[default_server_endpoint-1]            ~~~~~~~~~~~~~~~~~~~~~~~^^^
[default_server_endpoint-1]   File "/usr/lib/python3.14/json/decoder.py", line 345, in decode
[default_server_endpoint-1]     obj, end = self.raw_decode(s, idx=_w(s, 0).end())
[default_server_endpoint-1]                ~~~~~~~~~~~~~~~^^^^^^^^^^^^^^^^^^^^^^^
[default_server_endpoint-1]   File "/usr/lib/python3.14/json/decoder.py", line 361, in raw_decode
[default_server_endpoint-1]     obj, end = self.scan_once(s, idx)
[default_server_endpoint-1]                ~~~~~~~~~~~~~~^^^^^^^^
[default_server_endpoint-1] json.decoder.JSONDecodeError: Expecting ',' delimiter: line 1 column 57 (char 56)
[default_server_endpoint-1] [INFO] [1785087585.133935827] [unity_endpoint]: Connection from 127.0.0.1
[default_server_endpoint-1] [INFO] [1785087585.135014167] [unity_endpoint]: Disconnected from 127.0.0.1
[default_server_endpoint-1] Exception in thread Thread-404:
[default_server_endpoint-1] Traceback (most recent call last):
[default_server_endpoint-1]   File "/usr/lib/python3.14/threading.py", line 1082, in _bootstrap_inner
[default_server_endpoint-1]     self._context.run(self.run)
[default_server_endpoint-1]     ~~~~~~~~~~~~~~~~~^^^^^^^^^^
[default_server_endpoint-1]   File "/home/yukichi6105/ros2_ws/build/ros_tcp_endpoint/ros_tcp_endpoint/client.py", line 213, in run
[default_server_endpoint-1]     self.tcp_server.handle_syscommand(destination, data)
[default_server_endpoint-1]     ~~~~~~~~~~~~~~~~~~~~~~~~~~~~~~~~~^^^^^^^^^^^^^^^^^^^
[default_server_endpoint-1]   File "/home/yukichi6105/ros2_ws/build/ros_tcp_endpoint/ros_tcp_endpoint/server.py", line 126, in handle_syscommand
[default_server_endpoint-1]     params = json.loads(message_json)
[default_server_endpoint-1]   File "/usr/lib/python3.14/json/__init__.py", line 352, in loads
[default_server_endpoint-1]     return _default_decoder.decode(s)
[default_server_endpoint-1]            ~~~~~~~~~~~~~~~~~~~~~~~^^^
[default_server_endpoint-1]   File "/usr/lib/python3.14/json/decoder.py", line 345, in decode
[default_server_endpoint-1]     obj, end = self.raw_decode(s, idx=_w(s, 0).end())
[default_server_endpoint-1]                ~~~~~~~~~~~~~~~^^^^^^^^^^^^^^^^^^^^^^^
[default_server_endpoint-1]   File "/usr/lib/python3.14/json/decoder.py", line 361, in raw_decode
[default_server_endpoint-1]     obj, end = self.scan_once(s, idx)
[default_server_endpoint-1]                ~~~~~~~~~~~~~~^^^^^^^^
[default_server_endpoint-1] json.decoder.JSONDecodeError: Expecting ',' delimiter: line 1 column 57 (char 56)
[default_server_endpoint-1] [INFO] [1785087586.150675286] [unity_endpoint]: Connection from 127.0.0.1
[default_server_endpoint-1] [INFO] [1785087586.151779076] [unity_endpoint]: Disconnected from 127.0.0.1
[default_server_endpoint-1] Exception in thread Thread-406:
[default_server_endpoint-1] Traceback (most recent call last):
[default_server_endpoint-1]   File "/usr/lib/python3.14/threading.py", line 1082, in _bootstrap_inner
[default_server_endpoint-1]     self._context.run(self.run)
[default_server_endpoint-1]     ~~~~~~~~~~~~~~~~~^^^^^^^^^^
[default_server_endpoint-1]   File "/home/yukichi6105/ros2_ws/build/ros_tcp_endpoint/ros_tcp_endpoint/client.py", line 213, in run
[default_server_endpoint-1]     self.tcp_server.handle_syscommand(destination, data)
[default_server_endpoint-1]     ~~~~~~~~~~~~~~~~~~~~~~~~~~~~~~~~~^^^^^^^^^^^^^^^^^^^
[default_server_endpoint-1]   File "/home/yukichi6105/ros2_ws/build/ros_tcp_endpoint/ros_tcp_endpoint/server.py", line 126, in handle_syscommand
[default_server_endpoint-1]     params = json.loads(message_json)
[default_server_endpoint-1]   File "/usr/lib/python3.14/json/__init__.py", line 352, in loads
[default_server_endpoint-1]     return _default_decoder.decode(s)
[default_server_endpoint-1]            ~~~~~~~~~~~~~~~~~~~~~~~^^^
[default_server_endpoint-1]   File "/usr/lib/python3.14/json/decoder.py", line 345, in decode
[default_server_endpoint-1]     obj, end = self.raw_decode(s, idx=_w(s, 0).end())
[default_server_endpoint-1]                ~~~~~~~~~~~~~~~^^^^^^^^^^^^^^^^^^^^^^^
[default_server_endpoint-1]   File "/usr/lib/python3.14/json/decoder.py", line 361, in raw_decode
[default_server_endpoint-1]     obj, end = self.scan_once(s, idx)
[default_server_endpoint-1]                ~~~~~~~~~~~~~~^^^^^^^^
[default_server_endpoint-1] json.decoder.JSONDecodeError: Expecting ',' delimiter: line 1 column 57 (char 56)
[default_server_endpoint-1] [INFO] [1785087587.168628018] [unity_endpoint]: Connection from 127.0.0.1
[default_server_endpoint-1] [INFO] [1785087587.169936298] [unity_endpoint]: Disconnected from 127.0.0.1
[default_server_endpoint-1] Exception in thread Thread-408:
[default_server_endpoint-1] Traceback (most recent call last):
[default_server_endpoint-1]   File "/usr/lib/python3.14/threading.py", line 1082, in _bootstrap_inner
[default_server_endpoint-1]     self._context.run(self.run)
[default_server_endpoint-1]     ~~~~~~~~~~~~~~~~~^^^^^^^^^^
[default_server_endpoint-1]   File "/home/yukichi6105/ros2_ws/build/ros_tcp_endpoint/ros_tcp_endpoint/client.py", line 213, in run
[default_server_endpoint-1]     self.tcp_server.handle_syscommand(destination, data)
[default_server_endpoint-1]     ~~~~~~~~~~~~~~~~~~~~~~~~~~~~~~~~~^^^^^^^^^^^^^^^^^^^
[default_server_endpoint-1]   File "/home/yukichi6105/ros2_ws/build/ros_tcp_endpoint/ros_tcp_endpoint/server.py", line 126, in handle_syscommand
[default_server_endpoint-1]     params = json.loads(message_json)
[default_server_endpoint-1]   File "/usr/lib/python3.14/json/__init__.py", line 352, in loads
[default_server_endpoint-1]     return _default_decoder.decode(s)
[default_server_endpoint-1]            ~~~~~~~~~~~~~~~~~~~~~~~^^^
[default_server_endpoint-1]   File "/usr/lib/python3.14/json/decoder.py", line 345, in decode
[default_server_endpoint-1]     obj, end = self.raw_decode(s, idx=_w(s, 0).end())
[default_server_endpoint-1]                ~~~~~~~~~~~~~~~^^^^^^^^^^^^^^^^^^^^^^^
[default_server_endpoint-1]   File "/usr/lib/python3.14/json/decoder.py", line 361, in raw_decode
[default_server_endpoint-1]     obj, end = self.scan_once(s, idx)
[default_server_endpoint-1]                ~~~~~~~~~~~~~~^^^^^^^^
[default_server_endpoint-1] json.decoder.JSONDecodeError: Expecting ',' delimiter: line 1 column 57 (char 56)
[default_server_endpoint-1] [INFO] [1785087588.183114264] [unity_endpoint]: Connection from 127.0.0.1
[default_server_endpoint-1] [INFO] [1785087588.184179964] [unity_endpoint]: Disconnected from 127.0.0.1
[default_server_endpoint-1] Exception in thread Thread-410:
[default_server_endpoint-1] Traceback (most recent call last):
[default_server_endpoint-1]   File "/usr/lib/python3.14/threading.py", line 1082, in _bootstrap_inner
[default_server_endpoint-1]     self._context.run(self.run)
[default_server_endpoint-1]     ~~~~~~~~~~~~~~~~~^^^^^^^^^^
[default_server_endpoint-1]   File "/home/yukichi6105/ros2_ws/build/ros_tcp_endpoint/ros_tcp_endpoint/client.py", line 213, in run
[default_server_endpoint-1]     self.tcp_server.handle_syscommand(destination, data)
[default_server_endpoint-1]     ~~~~~~~~~~~~~~~~~~~~~~~~~~~~~~~~~^^^^^^^^^^^^^^^^^^^
[default_server_endpoint-1]   File "/home/yukichi6105/ros2_ws/build/ros_tcp_endpoint/ros_tcp_endpoint/server.py", line 126, in handle_syscommand
[default_server_endpoint-1]     params = json.loads(message_json)
[default_server_endpoint-1]   File "/usr/lib/python3.14/json/__init__.py", line 352, in loads
[default_server_endpoint-1]     return _default_decoder.decode(s)
[default_server_endpoint-1]            ~~~~~~~~~~~~~~~~~~~~~~~^^^
[default_server_endpoint-1]   File "/usr/lib/python3.14/json/decoder.py", line 345, in decode
[default_server_endpoint-1]     obj, end = self.raw_decode(s, idx=_w(s, 0).end())
[default_server_endpoint-1]                ~~~~~~~~~~~~~~~^^^^^^^^^^^^^^^^^^^^^^^
[default_server_endpoint-1]   File "/usr/lib/python3.14/json/decoder.py", line 361, in raw_decode
[default_server_endpoint-1]     obj, end = self.scan_once(s, idx)
[default_server_endpoint-1]                ~~~~~~~~~~~~~~^^^^^^^^
[default_server_endpoint-1] json.decoder.JSONDecodeError: Expecting ',' delimiter: line 1 column 57 (char 56)
[default_server_endpoint-1] [INFO] [1785087589.190922290] [unity_endpoint]: Connection from 127.0.0.1
[default_server_endpoint-1] [INFO] [1785087589.192035519] [unity_endpoint]: Disconnected from 127.0.0.1
[default_server_endpoint-1] Exception in thread Thread-412:
[default_server_endpoint-1] Traceback (most recent call last):
[default_server_endpoint-1]   File "/usr/lib/python3.14/threading.py", line 1082, in _bootstrap_inner
[default_server_endpoint-1]     self._context.run(self.run)
[default_server_endpoint-1]     ~~~~~~~~~~~~~~~~~^^^^^^^^^^
[default_server_endpoint-1]   File "/home/yukichi6105/ros2_ws/build/ros_tcp_endpoint/ros_tcp_endpoint/client.py", line 213, in run
[default_server_endpoint-1]     self.tcp_server.handle_syscommand(destination, data)
[default_server_endpoint-1]     ~~~~~~~~~~~~~~~~~~~~~~~~~~~~~~~~~^^^^^^^^^^^^^^^^^^^
[default_server_endpoint-1]   File "/home/yukichi6105/ros2_ws/build/ros_tcp_endpoint/ros_tcp_endpoint/server.py", line 126, in handle_syscommand
[default_server_endpoint-1]     params = json.loads(message_json)
[default_server_endpoint-1]   File "/usr/lib/python3.14/json/__init__.py", line 352, in loads
[default_server_endpoint-1]     return _default_decoder.decode(s)
[default_server_endpoint-1]            ~~~~~~~~~~~~~~~~~~~~~~~^^^
[default_server_endpoint-1]   File "/usr/lib/python3.14/json/decoder.py", line 345, in decode
[default_server_endpoint-1]     obj, end = self.raw_decode(s, idx=_w(s, 0).end())
[default_server_endpoint-1]                ~~~~~~~~~~~~~~~^^^^^^^^^^^^^^^^^^^^^^^
[default_server_endpoint-1]   File "/usr/lib/python3.14/json/decoder.py", line 361, in raw_decode
[default_server_endpoint-1]     obj, end = self.scan_once(s, idx)
[default_server_endpoint-1]                ~~~~~~~~~~~~~~^^^^^^^^
[default_server_endpoint-1] json.decoder.JSONDecodeError: Expecting ',' delimiter: line 1 column 57 (char 56)
[default_server_endpoint-1] [INFO] [1785087590.199512980] [unity_endpoint]: Connection from 127.0.0.1
[default_server_endpoint-1] [INFO] [1785087590.200665815] [unity_endpoint]: Disconnected from 127.0.0.1
[default_server_endpoint-1] Exception in thread Thread-414:
[default_server_endpoint-1] Traceback (most recent call last):
[default_server_endpoint-1]   File "/usr/lib/python3.14/threading.py", line 1082, in _bootstrap_inner
[default_server_endpoint-1]     self._context.run(self.run)
[default_server_endpoint-1]     ~~~~~~~~~~~~~~~~~^^^^^^^^^^
[default_server_endpoint-1]   File "/home/yukichi6105/ros2_ws/build/ros_tcp_endpoint/ros_tcp_endpoint/client.py", line 213, in run
[default_server_endpoint-1]     self.tcp_server.handle_syscommand(destination, data)
[default_server_endpoint-1]     ~~~~~~~~~~~~~~~~~~~~~~~~~~~~~~~~~^^^^^^^^^^^^^^^^^^^
[default_server_endpoint-1]   File "/home/yukichi6105/ros2_ws/build/ros_tcp_endpoint/ros_tcp_endpoint/server.py", line 126, in handle_syscommand
[default_server_endpoint-1]     params = json.loads(message_json)
[default_server_endpoint-1]   File "/usr/lib/python3.14/json/__init__.py", line 352, in loads
[default_server_endpoint-1]     return _default_decoder.decode(s)
[default_server_endpoint-1]            ~~~~~~~~~~~~~~~~~~~~~~~^^^
[default_server_endpoint-1]   File "/usr/lib/python3.14/json/decoder.py", line 345, in decode
[default_server_endpoint-1]     obj, end = self.raw_decode(s, idx=_w(s, 0).end())
[default_server_endpoint-1]                ~~~~~~~~~~~~~~~^^^^^^^^^^^^^^^^^^^^^^^
[default_server_endpoint-1]   File "/usr/lib/python3.14/json/decoder.py", line 361, in raw_decode
[default_server_endpoint-1]     obj, end = self.scan_once(s, idx)
[default_server_endpoint-1]                ~~~~~~~~~~~~~~^^^^^^^^
[default_server_endpoint-1] json.decoder.JSONDecodeError: Expecting ',' delimiter: line 1 column 57 (char 56)
[default_server_endpoint-1] [INFO] [1785087591.214401385] [unity_endpoint]: Connection from 127.0.0.1
[default_server_endpoint-1] [INFO] [1785087591.215503947] [unity_endpoint]: Disconnected from 127.0.0.1
[default_server_endpoint-1] Exception in thread Thread-416:
[default_server_endpoint-1] Traceback (most recent call last):
[default_server_endpoint-1]   File "/usr/lib/python3.14/threading.py", line 1082, in _bootstrap_inner
[default_server_endpoint-1]     self._context.run(self.run)
[default_server_endpoint-1]     ~~~~~~~~~~~~~~~~~^^^^^^^^^^
[default_server_endpoint-1]   File "/home/yukichi6105/ros2_ws/build/ros_tcp_endpoint/ros_tcp_endpoint/client.py", line 213, in run
[default_server_endpoint-1]     self.tcp_server.handle_syscommand(destination, data)
[default_server_endpoint-1]     ~~~~~~~~~~~~~~~~~~~~~~~~~~~~~~~~~^^^^^^^^^^^^^^^^^^^
[default_server_endpoint-1]   File "/home/yukichi6105/ros2_ws/build/ros_tcp_endpoint/ros_tcp_endpoint/server.py", line 126, in handle_syscommand
[default_server_endpoint-1]     params = json.loads(message_json)
[default_server_endpoint-1]   File "/usr/lib/python3.14/json/__init__.py", line 352, in loads
[default_server_endpoint-1]     return _default_decoder.decode(s)
[default_server_endpoint-1]            ~~~~~~~~~~~~~~~~~~~~~~~^^^
[default_server_endpoint-1]   File "/usr/lib/python3.14/json/decoder.py", line 345, in decode
[default_server_endpoint-1]     obj, end = self.raw_decode(s, idx=_w(s, 0).end())
[default_server_endpoint-1]                ~~~~~~~~~~~~~~~^^^^^^^^^^^^^^^^^^^^^^^
[default_server_endpoint-1]   File "/usr/lib/python3.14/json/decoder.py", line 361, in raw_decode
[default_server_endpoint-1]     obj, end = self.scan_once(s, idx)
[default_server_endpoint-1]                ~~~~~~~~~~~~~~^^^^^^^^
[default_server_endpoint-1] json.decoder.JSONDecodeError: Expecting ',' delimiter: line 1 column 57 (char 56)
[default_server_endpoint-1] [INFO] [1785087592.231013510] [unity_endpoint]: Connection from 127.0.0.1
[default_server_endpoint-1] [INFO] [1785087592.232183331] [unity_endpoint]: Disconnected from 127.0.0.1
[default_server_endpoint-1] Exception in thread Thread-418:
[default_server_endpoint-1] Traceback (most recent call last):
[default_server_endpoint-1]   File "/usr/lib/python3.14/threading.py", line 1082, in _bootstrap_inner
[default_server_endpoint-1]     self._context.run(self.run)
[default_server_endpoint-1]     ~~~~~~~~~~~~~~~~~^^^^^^^^^^
[default_server_endpoint-1]   File "/home/yukichi6105/ros2_ws/build/ros_tcp_endpoint/ros_tcp_endpoint/client.py", line 213, in run
[default_server_endpoint-1]     self.tcp_server.handle_syscommand(destination, data)
[default_server_endpoint-1]     ~~~~~~~~~~~~~~~~~~~~~~~~~~~~~~~~~^^^^^^^^^^^^^^^^^^^
[default_server_endpoint-1]   File "/home/yukichi6105/ros2_ws/build/ros_tcp_endpoint/ros_tcp_endpoint/server.py", line 126, in handle_syscommand
[default_server_endpoint-1]     params = json.loads(message_json)
[default_server_endpoint-1]   File "/usr/lib/python3.14/json/__init__.py", line 352, in loads
[default_server_endpoint-1]     return _default_decoder.decode(s)
[default_server_endpoint-1]            ~~~~~~~~~~~~~~~~~~~~~~~^^^
[default_server_endpoint-1]   File "/usr/lib/python3.14/json/decoder.py", line 345, in decode
[default_server_endpoint-1]     obj, end = self.raw_decode(s, idx=_w(s, 0).end())
[default_server_endpoint-1]                ~~~~~~~~~~~~~~~^^^^^^^^^^^^^^^^^^^^^^^
[default_server_endpoint-1]   File "/usr/lib/python3.14/json/decoder.py", line 361, in raw_decode
[default_server_endpoint-1]     obj, end = self.scan_once(s, idx)
[default_server_endpoint-1]                ~~~~~~~~~~~~~~^^^^^^^^
[default_server_endpoint-1] json.decoder.JSONDecodeError: Expecting ',' delimiter: line 1 column 57 (char 56)
[default_server_endpoint-1] [INFO] [1785087593.247250885] [unity_endpoint]: Connection from 127.0.0.1
[default_server_endpoint-1] [INFO] [1785087593.248258377] [unity_endpoint]: Disconnected from 127.0.0.1
[default_server_endpoint-1] Exception in thread Thread-420:
[default_server_endpoint-1] Traceback (most recent call last):
[default_server_endpoint-1]   File "/usr/lib/python3.14/threading.py", line 1082, in _bootstrap_inner
[default_server_endpoint-1]     self._context.run(self.run)
[default_server_endpoint-1]     ~~~~~~~~~~~~~~~~~^^^^^^^^^^
[default_server_endpoint-1]   File "/home/yukichi6105/ros2_ws/build/ros_tcp_endpoint/ros_tcp_endpoint/client.py", line 213, in run
[default_server_endpoint-1]     self.tcp_server.handle_syscommand(destination, data)
[default_server_endpoint-1]     ~~~~~~~~~~~~~~~~~~~~~~~~~~~~~~~~~^^^^^^^^^^^^^^^^^^^
[default_server_endpoint-1]   File "/home/yukichi6105/ros2_ws/build/ros_tcp_endpoint/ros_tcp_endpoint/server.py", line 126, in handle_syscommand
[default_server_endpoint-1]     params = json.loads(message_json)
[default_server_endpoint-1]   File "/usr/lib/python3.14/json/__init__.py", line 352, in loads
[default_server_endpoint-1]     return _default_decoder.decode(s)
[default_server_endpoint-1]            ~~~~~~~~~~~~~~~~~~~~~~~^^^
[default_server_endpoint-1]   File "/usr/lib/python3.14/json/decoder.py", line 345, in decode
[default_server_endpoint-1]     obj, end = self.raw_decode(s, idx=_w(s, 0).end())
[default_server_endpoint-1]                ~~~~~~~~~~~~~~~^^^^^^^^^^^^^^^^^^^^^^^
[default_server_endpoint-1]   File "/usr/lib/python3.14/json/decoder.py", line 361, in raw_decode
[default_server_endpoint-1]     obj, end = self.scan_once(s, idx)
[default_server_endpoint-1]                ~~~~~~~~~~~~~~^^^^^^^^
[default_server_endpoint-1] json.decoder.JSONDecodeError: Expecting ',' delimiter: line 1 column 57 (char 56)
[default_server_endpoint-1] [INFO] [1785087594.263478370] [unity_endpoint]: Connection from 127.0.0.1
[default_server_endpoint-1] [INFO] [1785087594.264681126] [unity_endpoint]: Disconnected from 127.0.0.1
[default_server_endpoint-1] Exception in thread Thread-422:
[default_server_endpoint-1] Traceback (most recent call last):
[default_server_endpoint-1]   File "/usr/lib/python3.14/threading.py", line 1082, in _bootstrap_inner
[default_server_endpoint-1]     self._context.run(self.run)
[default_server_endpoint-1]     ~~~~~~~~~~~~~~~~~^^^^^^^^^^
[default_server_endpoint-1]   File "/home/yukichi6105/ros2_ws/build/ros_tcp_endpoint/ros_tcp_endpoint/client.py", line 213, in run
[default_server_endpoint-1]     self.tcp_server.handle_syscommand(destination, data)
[default_server_endpoint-1]     ~~~~~~~~~~~~~~~~~~~~~~~~~~~~~~~~~^^^^^^^^^^^^^^^^^^^
[default_server_endpoint-1]   File "/home/yukichi6105/ros2_ws/build/ros_tcp_endpoint/ros_tcp_endpoint/server.py", line 126, in handle_syscommand
[default_server_endpoint-1]     params = json.loads(message_json)
[default_server_endpoint-1]   File "/usr/lib/python3.14/json/__init__.py", line 352, in loads
[default_server_endpoint-1]     return _default_decoder.decode(s)
[default_server_endpoint-1]            ~~~~~~~~~~~~~~~~~~~~~~~^^^
[default_server_endpoint-1]   File "/usr/lib/python3.14/json/decoder.py", line 345, in decode
[default_server_endpoint-1]     obj, end = self.raw_decode(s, idx=_w(s, 0).end())
[default_server_endpoint-1]                ~~~~~~~~~~~~~~~^^^^^^^^^^^^^^^^^^^^^^^
[default_server_endpoint-1]   File "/usr/lib/python3.14/json/decoder.py", line 361, in raw_decode
[default_server_endpoint-1]     obj, end = self.scan_once(s, idx)
[default_server_endpoint-1]                ~~~~~~~~~~~~~~^^^^^^^^
[default_server_endpoint-1] json.decoder.JSONDecodeError: Expecting ',' delimiter: line 1 column 57 (char 56)
[default_server_endpoint-1] [INFO] [1785087595.298896288] [unity_endpoint]: Connection from 127.0.0.1
[default_server_endpoint-1] [INFO] [1785087595.300199210] [unity_endpoint]: Disconnected from 127.0.0.1
[default_server_endpoint-1] Exception in thread Thread-424:
[default_server_endpoint-1] Traceback (most recent call last):
[default_server_endpoint-1]   File "/usr/lib/python3.14/threading.py", line 1082, in _bootstrap_inner
[default_server_endpoint-1]     self._context.run(self.run)
[default_server_endpoint-1]     ~~~~~~~~~~~~~~~~~^^^^^^^^^^
[default_server_endpoint-1]   File "/home/yukichi6105/ros2_ws/build/ros_tcp_endpoint/ros_tcp_endpoint/client.py", line 213, in run
[default_server_endpoint-1]     self.tcp_server.handle_syscommand(destination, data)
[default_server_endpoint-1]     ~~~~~~~~~~~~~~~~~~~~~~~~~~~~~~~~~^^^^^^^^^^^^^^^^^^^
[default_server_endpoint-1]   File "/home/yukichi6105/ros2_ws/build/ros_tcp_endpoint/ros_tcp_endpoint/server.py", line 126, in handle_syscommand
[default_server_endpoint-1]     params = json.loads(message_json)
[default_server_endpoint-1]   File "/usr/lib/python3.14/json/__init__.py", line 352, in loads
[default_server_endpoint-1]     return _default_decoder.decode(s)
[default_server_endpoint-1]            ~~~~~~~~~~~~~~~~~~~~~~~^^^
[default_server_endpoint-1]   File "/usr/lib/python3.14/json/decoder.py", line 345, in decode
[default_server_endpoint-1]     obj, end = self.raw_decode(s, idx=_w(s, 0).end())
[default_server_endpoint-1]                ~~~~~~~~~~~~~~~^^^^^^^^^^^^^^^^^^^^^^^
[default_server_endpoint-1]   File "/usr/lib/python3.14/json/decoder.py", line 361, in raw_decode
[default_server_endpoint-1]     obj, end = self.scan_once(s, idx)
[default_server_endpoint-1]                ~~~~~~~~~~~~~~^^^^^^^^
[default_server_endpoint-1] json.decoder.JSONDecodeError: Expecting ',' delimiter: line 1 column 57 (char 56)
[default_server_endpoint-1] [INFO] [1785087596.313325635] [unity_endpoint]: Connection from 127.0.0.1
[default_server_endpoint-1] [INFO] [1785087596.314263433] [unity_endpoint]: Disconnected from 127.0.0.1
[default_server_endpoint-1] Exception in thread Thread-426:
[default_server_endpoint-1] Traceback (most recent call last):
[default_server_endpoint-1]   File "/usr/lib/python3.14/threading.py", line 1082, in _bootstrap_inner
[default_server_endpoint-1]     self._context.run(self.run)
[default_server_endpoint-1]     ~~~~~~~~~~~~~~~~~^^^^^^^^^^
[default_server_endpoint-1]   File "/home/yukichi6105/ros2_ws/build/ros_tcp_endpoint/ros_tcp_endpoint/client.py", line 213, in run
[default_server_endpoint-1]     self.tcp_server.handle_syscommand(destination, data)
[default_server_endpoint-1]     ~~~~~~~~~~~~~~~~~~~~~~~~~~~~~~~~~^^^^^^^^^^^^^^^^^^^
[default_server_endpoint-1]   File "/home/yukichi6105/ros2_ws/build/ros_tcp_endpoint/ros_tcp_endpoint/server.py", line 126, in handle_syscommand
[default_server_endpoint-1]     params = json.loads(message_json)
[default_server_endpoint-1]   File "/usr/lib/python3.14/json/__init__.py", line 352, in loads
[default_server_endpoint-1]     return _default_decoder.decode(s)
[default_server_endpoint-1]            ~~~~~~~~~~~~~~~~~~~~~~~^^^
[default_server_endpoint-1]   File "/usr/lib/python3.14/json/decoder.py", line 345, in decode
[default_server_endpoint-1]     obj, end = self.raw_decode(s, idx=_w(s, 0).end())
[default_server_endpoint-1]                ~~~~~~~~~~~~~~~^^^^^^^^^^^^^^^^^^^^^^^
[default_server_endpoint-1]   File "/usr/lib/python3.14/json/decoder.py", line 361, in raw_decode
[default_server_endpoint-1]     obj, end = self.scan_once(s, idx)
[default_server_endpoint-1]                ~~~~~~~~~~~~~~^^^^^^^^
[default_server_endpoint-1] json.decoder.JSONDecodeError: Expecting ',' delimiter: line 1 column 57 (char 56)
[default_server_endpoint-1] [INFO] [1785087597.322112324] [unity_endpoint]: Connection from 127.0.0.1
[default_server_endpoint-1] [INFO] [1785087597.323275318] [unity_endpoint]: Disconnected from 127.0.0.1
[default_server_endpoint-1] Exception in thread Thread-428:
[default_server_endpoint-1] Traceback (most recent call last):
[default_server_endpoint-1]   File "/usr/lib/python3.14/threading.py", line 1082, in _bootstrap_inner
[default_server_endpoint-1]     self._context.run(self.run)
[default_server_endpoint-1]     ~~~~~~~~~~~~~~~~~^^^^^^^^^^
[default_server_endpoint-1]   File "/home/yukichi6105/ros2_ws/build/ros_tcp_endpoint/ros_tcp_endpoint/client.py", line 213, in run
[default_server_endpoint-1]     self.tcp_server.handle_syscommand(destination, data)
[default_server_endpoint-1]     ~~~~~~~~~~~~~~~~~~~~~~~~~~~~~~~~~^^^^^^^^^^^^^^^^^^^
[default_server_endpoint-1]   File "/home/yukichi6105/ros2_ws/build/ros_tcp_endpoint/ros_tcp_endpoint/server.py", line 126, in handle_syscommand
[default_server_endpoint-1]     params = json.loads(message_json)
[default_server_endpoint-1]   File "/usr/lib/python3.14/json/__init__.py", line 352, in loads
[default_server_endpoint-1]     return _default_decoder.decode(s)
[default_server_endpoint-1]            ~~~~~~~~~~~~~~~~~~~~~~~^^^
[default_server_endpoint-1]   File "/usr/lib/python3.14/json/decoder.py", line 345, in decode
[default_server_endpoint-1]     obj, end = self.raw_decode(s, idx=_w(s, 0).end())
[default_server_endpoint-1]                ~~~~~~~~~~~~~~~^^^^^^^^^^^^^^^^^^^^^^^
[default_server_endpoint-1]   File "/usr/lib/python3.14/json/decoder.py", line 361, in raw_decode
[default_server_endpoint-1]     obj, end = self.scan_once(s, idx)
[default_server_endpoint-1]                ~~~~~~~~~~~~~~^^^^^^^^
[default_server_endpoint-1] json.decoder.JSONDecodeError: Expecting ',' delimiter: line 1 column 57 (char 56)
[default_server_endpoint-1] [INFO] [1785087598.333127307] [unity_endpoint]: Connection from 127.0.0.1
[default_server_endpoint-1] [INFO] [1785087598.334651535] [unity_endpoint]: Disconnected from 127.0.0.1
[default_server_endpoint-1] Exception in thread Thread-430:
[default_server_endpoint-1] Traceback (most recent call last):
[default_server_endpoint-1]   File "/usr/lib/python3.14/threading.py", line 1082, in _bootstrap_inner
[default_server_endpoint-1]     self._context.run(self.run)
[default_server_endpoint-1]     ~~~~~~~~~~~~~~~~~^^^^^^^^^^
[default_server_endpoint-1]   File "/home/yukichi6105/ros2_ws/build/ros_tcp_endpoint/ros_tcp_endpoint/client.py", line 213, in run
[default_server_endpoint-1]     self.tcp_server.handle_syscommand(destination, data)
[default_server_endpoint-1]     ~~~~~~~~~~~~~~~~~~~~~~~~~~~~~~~~~^^^^^^^^^^^^^^^^^^^
[default_server_endpoint-1]   File "/home/yukichi6105/ros2_ws/build/ros_tcp_endpoint/ros_tcp_endpoint/server.py", line 126, in handle_syscommand
[default_server_endpoint-1]     params = json.loads(message_json)
[default_server_endpoint-1]   File "/usr/lib/python3.14/json/__init__.py", line 352, in loads
[default_server_endpoint-1]     return _default_decoder.decode(s)
[default_server_endpoint-1]            ~~~~~~~~~~~~~~~~~~~~~~~^^^
[default_server_endpoint-1]   File "/usr/lib/python3.14/json/decoder.py", line 345, in decode
[default_server_endpoint-1]     obj, end = self.raw_decode(s, idx=_w(s, 0).end())
[default_server_endpoint-1]                ~~~~~~~~~~~~~~~^^^^^^^^^^^^^^^^^^^^^^^
[default_server_endpoint-1]   File "/usr/lib/python3.14/json/decoder.py", line 361, in raw_decode
[default_server_endpoint-1]     obj, end = self.scan_once(s, idx)
[default_server_endpoint-1]                ~~~~~~~~~~~~~~^^^^^^^^
[default_server_endpoint-1] json.decoder.JSONDecodeError: Expecting ',' delimiter: line 1 column 57 (char 56)
[default_server_endpoint-1] [INFO] [1785087599.348197303] [unity_endpoint]: Connection from 127.0.0.1
[default_server_endpoint-1] [INFO] [1785087599.349438805] [unity_endpoint]: Disconnected from 127.0.0.1
[default_server_endpoint-1] Exception in thread Thread-432:
[default_server_endpoint-1] Traceback (most recent call last):
[default_server_endpoint-1]   File "/usr/lib/python3.14/threading.py", line 1082, in _bootstrap_inner
[default_server_endpoint-1]     self._context.run(self.run)
[default_server_endpoint-1]     ~~~~~~~~~~~~~~~~~^^^^^^^^^^
[default_server_endpoint-1]   File "/home/yukichi6105/ros2_ws/build/ros_tcp_endpoint/ros_tcp_endpoint/client.py", line 213, in run
[default_server_endpoint-1]     self.tcp_server.handle_syscommand(destination, data)
[default_server_endpoint-1]     ~~~~~~~~~~~~~~~~~~~~~~~~~~~~~~~~~^^^^^^^^^^^^^^^^^^^
[default_server_endpoint-1]   File "/home/yukichi6105/ros2_ws/build/ros_tcp_endpoint/ros_tcp_endpoint/server.py", line 126, in handle_syscommand
[default_server_endpoint-1]     params = json.loads(message_json)
[default_server_endpoint-1]   File "/usr/lib/python3.14/json/__init__.py", line 352, in loads
[default_server_endpoint-1]     return _default_decoder.decode(s)
[default_server_endpoint-1]            ~~~~~~~~~~~~~~~~~~~~~~~^^^
[default_server_endpoint-1]   File "/usr/lib/python3.14/json/decoder.py", line 345, in decode
[default_server_endpoint-1]     obj, end = self.raw_decode(s, idx=_w(s, 0).end())
[default_server_endpoint-1]                ~~~~~~~~~~~~~~~^^^^^^^^^^^^^^^^^^^^^^^
[default_server_endpoint-1]   File "/usr/lib/python3.14/json/decoder.py", line 361, in raw_decode
[default_server_endpoint-1]     obj, end = self.scan_once(s, idx)
[default_server_endpoint-1]                ~~~~~~~~~~~~~~^^^^^^^^
[default_server_endpoint-1] json.decoder.JSONDecodeError: Expecting ',' delimiter: line 1 column 57 (char 56)
[default_server_endpoint-1] [INFO] [1785087600.356305720] [unity_endpoint]: Connection from 127.0.0.1
[default_server_endpoint-1] [INFO] [1785087600.357573380] [unity_endpoint]: Disconnected from 127.0.0.1
[default_server_endpoint-1] Exception in thread Thread-434:
[default_server_endpoint-1] Traceback (most recent call last):
[default_server_endpoint-1]   File "/usr/lib/python3.14/threading.py", line 1082, in _bootstrap_inner
[default_server_endpoint-1]     self._context.run(self.run)
[default_server_endpoint-1]     ~~~~~~~~~~~~~~~~~^^^^^^^^^^
[default_server_endpoint-1]   File "/home/yukichi6105/ros2_ws/build/ros_tcp_endpoint/ros_tcp_endpoint/client.py", line 213, in run
[default_server_endpoint-1]     self.tcp_server.handle_syscommand(destination, data)
[default_server_endpoint-1]     ~~~~~~~~~~~~~~~~~~~~~~~~~~~~~~~~~^^^^^^^^^^^^^^^^^^^
[default_server_endpoint-1]   File "/home/yukichi6105/ros2_ws/build/ros_tcp_endpoint/ros_tcp_endpoint/server.py", line 126, in handle_syscommand
[default_server_endpoint-1]     params = json.loads(message_json)
[default_server_endpoint-1]   File "/usr/lib/python3.14/json/__init__.py", line 352, in loads
[default_server_endpoint-1]     return _default_decoder.decode(s)
[default_server_endpoint-1]            ~~~~~~~~~~~~~~~~~~~~~~~^^^
[default_server_endpoint-1]   File "/usr/lib/python3.14/json/decoder.py", line 345, in decode
[default_server_endpoint-1]     obj, end = self.raw_decode(s, idx=_w(s, 0).end())
[default_server_endpoint-1]                ~~~~~~~~~~~~~~~^^^^^^^^^^^^^^^^^^^^^^^
[default_server_endpoint-1]   File "/usr/lib/python3.14/json/decoder.py", line 361, in raw_decode
[default_server_endpoint-1]     obj, end = self.scan_once(s, idx)
[default_server_endpoint-1]                ~~~~~~~~~~~~~~^^^^^^^^
[default_server_endpoint-1] json.decoder.JSONDecodeError: Expecting ',' delimiter: line 1 column 57 (char 56)
[default_server_endpoint-1] [INFO] [1785087601.365320772] [unity_endpoint]: Connection from 127.0.0.1
[default_server_endpoint-1] [INFO] [1785087601.366491660] [unity_endpoint]: Disconnected from 127.0.0.1
[default_server_endpoint-1] Exception in thread Thread-436:
[default_server_endpoint-1] Traceback (most recent call last):
[default_server_endpoint-1]   File "/usr/lib/python3.14/threading.py", line 1082, in _bootstrap_inner
[default_server_endpoint-1]     self._context.run(self.run)
[default_server_endpoint-1]     ~~~~~~~~~~~~~~~~~^^^^^^^^^^
[default_server_endpoint-1]   File "/home/yukichi6105/ros2_ws/build/ros_tcp_endpoint/ros_tcp_endpoint/client.py", line 213, in run
[default_server_endpoint-1]     self.tcp_server.handle_syscommand(destination, data)
[default_server_endpoint-1]     ~~~~~~~~~~~~~~~~~~~~~~~~~~~~~~~~~^^^^^^^^^^^^^^^^^^^
[default_server_endpoint-1]   File "/home/yukichi6105/ros2_ws/build/ros_tcp_endpoint/ros_tcp_endpoint/server.py", line 126, in handle_syscommand
[default_server_endpoint-1]     params = json.loads(message_json)
[default_server_endpoint-1]   File "/usr/lib/python3.14/json/__init__.py", line 352, in loads
[default_server_endpoint-1]     return _default_decoder.decode(s)
[default_server_endpoint-1]            ~~~~~~~~~~~~~~~~~~~~~~~^^^
[default_server_endpoint-1]   File "/usr/lib/python3.14/json/decoder.py", line 345, in decode
[default_server_endpoint-1]     obj, end = self.raw_decode(s, idx=_w(s, 0).end())
[default_server_endpoint-1]                ~~~~~~~~~~~~~~~^^^^^^^^^^^^^^^^^^^^^^^
[default_server_endpoint-1]   File "/usr/lib/python3.14/json/decoder.py", line 361, in raw_decode
[default_server_endpoint-1]     obj, end = self.scan_once(s, idx)
[default_server_endpoint-1]                ~~~~~~~~~~~~~~^^^^^^^^
[default_server_endpoint-1] json.decoder.JSONDecodeError: Expecting ',' delimiter: line 1 column 57 (char 56)
[default_server_endpoint-1] [INFO] [1785087602.381008027] [unity_endpoint]: Connection from 127.0.0.1
[default_server_endpoint-1] [INFO] [1785087602.381933848] [unity_endpoint]: Disconnected from 127.0.0.1
[default_server_endpoint-1] Exception in thread Thread-438:
[default_server_endpoint-1] Traceback (most recent call last):
[default_server_endpoint-1]   File "/usr/lib/python3.14/threading.py", line 1082, in _bootstrap_inner
[default_server_endpoint-1]     self._context.run(self.run)
[default_server_endpoint-1]     ~~~~~~~~~~~~~~~~~^^^^^^^^^^
[default_server_endpoint-1]   File "/home/yukichi6105/ros2_ws/build/ros_tcp_endpoint/ros_tcp_endpoint/client.py", line 213, in run
[default_server_endpoint-1]     self.tcp_server.handle_syscommand(destination, data)
[default_server_endpoint-1]     ~~~~~~~~~~~~~~~~~~~~~~~~~~~~~~~~~^^^^^^^^^^^^^^^^^^^
[default_server_endpoint-1]   File "/home/yukichi6105/ros2_ws/build/ros_tcp_endpoint/ros_tcp_endpoint/server.py", line 126, in handle_syscommand
[default_server_endpoint-1]     params = json.loads(message_json)
[default_server_endpoint-1]   File "/usr/lib/python3.14/json/__init__.py", line 352, in loads
[default_server_endpoint-1]     return _default_decoder.decode(s)
[default_server_endpoint-1]            ~~~~~~~~~~~~~~~~~~~~~~~^^^
[default_server_endpoint-1]   File "/usr/lib/python3.14/json/decoder.py", line 345, in decode
[default_server_endpoint-1]     obj, end = self.raw_decode(s, idx=_w(s, 0).end())
[default_server_endpoint-1]                ~~~~~~~~~~~~~~~^^^^^^^^^^^^^^^^^^^^^^^
[default_server_endpoint-1]   File "/usr/lib/python3.14/json/decoder.py", line 361, in raw_decode
[default_server_endpoint-1]     obj, end = self.scan_once(s, idx)
[default_server_endpoint-1]                ~~~~~~~~~~~~~~^^^^^^^^
[default_server_endpoint-1] json.decoder.JSONDecodeError: Expecting ',' delimiter: line 1 column 57 (char 56)
[default_server_endpoint-1] [INFO] [1785087603.396827975] [unity_endpoint]: Connection from 127.0.0.1
[default_server_endpoint-1] [INFO] [1785087603.397988559] [unity_endpoint]: Disconnected from 127.0.0.1
[default_server_endpoint-1] Exception in thread Thread-440:
[default_server_endpoint-1] Traceback (most recent call last):
[default_server_endpoint-1]   File "/usr/lib/python3.14/threading.py", line 1082, in _bootstrap_inner
[default_server_endpoint-1]     self._context.run(self.run)
[default_server_endpoint-1]     ~~~~~~~~~~~~~~~~~^^^^^^^^^^
[default_server_endpoint-1]   File "/home/yukichi6105/ros2_ws/build/ros_tcp_endpoint/ros_tcp_endpoint/client.py", line 213, in run
[default_server_endpoint-1]     self.tcp_server.handle_syscommand(destination, data)
[default_server_endpoint-1]     ~~~~~~~~~~~~~~~~~~~~~~~~~~~~~~~~~^^^^^^^^^^^^^^^^^^^
[default_server_endpoint-1]   File "/home/yukichi6105/ros2_ws/build/ros_tcp_endpoint/ros_tcp_endpoint/server.py", line 126, in handle_syscommand
[default_server_endpoint-1]     params = json.loads(message_json)
[default_server_endpoint-1]   File "/usr/lib/python3.14/json/__init__.py", line 352, in loads
[default_server_endpoint-1]     return _default_decoder.decode(s)
[default_server_endpoint-1]            ~~~~~~~~~~~~~~~~~~~~~~~^^^
[default_server_endpoint-1]   File "/usr/lib/python3.14/json/decoder.py", line 345, in decode
[default_server_endpoint-1]     obj, end = self.raw_decode(s, idx=_w(s, 0).end())
[default_server_endpoint-1]                ~~~~~~~~~~~~~~~^^^^^^^^^^^^^^^^^^^^^^^
[default_server_endpoint-1]   File "/usr/lib/python3.14/json/decoder.py", line 361, in raw_decode
[default_server_endpoint-1]     obj, end = self.scan_once(s, idx)
[default_server_endpoint-1]                ~~~~~~~~~~~~~~^^^^^^^^
[default_server_endpoint-1] json.decoder.JSONDecodeError: Expecting ',' delimiter: line 1 column 57 (char 56)
[default_server_endpoint-1] [INFO] [1785087604.413779432] [unity_endpoint]: Connection from 127.0.0.1
[default_server_endpoint-1] [INFO] [1785087604.414811536] [unity_endpoint]: Disconnected from 127.0.0.1
[default_server_endpoint-1] Exception in thread Thread-442:
[default_server_endpoint-1] Traceback (most recent call last):
[default_server_endpoint-1]   File "/usr/lib/python3.14/threading.py", line 1082, in _bootstrap_inner
[default_server_endpoint-1]     self._context.run(self.run)
[default_server_endpoint-1]     ~~~~~~~~~~~~~~~~~^^^^^^^^^^
[default_server_endpoint-1]   File "/home/yukichi6105/ros2_ws/build/ros_tcp_endpoint/ros_tcp_endpoint/client.py", line 213, in run
[default_server_endpoint-1]     self.tcp_server.handle_syscommand(destination, data)
[default_server_endpoint-1]     ~~~~~~~~~~~~~~~~~~~~~~~~~~~~~~~~~^^^^^^^^^^^^^^^^^^^
[default_server_endpoint-1]   File "/home/yukichi6105/ros2_ws/build/ros_tcp_endpoint/ros_tcp_endpoint/server.py", line 126, in handle_syscommand
[default_server_endpoint-1]     params = json.loads(message_json)
[default_server_endpoint-1]   File "/usr/lib/python3.14/json/__init__.py", line 352, in loads
[default_server_endpoint-1]     return _default_decoder.decode(s)
[default_server_endpoint-1]            ~~~~~~~~~~~~~~~~~~~~~~~^^^
[default_server_endpoint-1]   File "/usr/lib/python3.14/json/decoder.py", line 345, in decode
[default_server_endpoint-1]     obj, end = self.raw_decode(s, idx=_w(s, 0).end())
[default_server_endpoint-1]                ~~~~~~~~~~~~~~~^^^^^^^^^^^^^^^^^^^^^^^
[default_server_endpoint-1]   File "/usr/lib/python3.14/json/decoder.py", line 361, in raw_decode
[default_server_endpoint-1]     obj, end = self.scan_once(s, idx)
[default_server_endpoint-1]                ~~~~~~~~~~~~~~^^^^^^^^
[default_server_endpoint-1] json.decoder.JSONDecodeError: Expecting ',' delimiter: line 1 column 57 (char 56)
