t,x,y,yaw,vx,vy,yaw_rate,node_index,wall_factor_valid,accel_bias_x,accel_bias_y,accel_bias_z,gyro_bias_x,gyro_bias_y,gyro_bias_z
0.251,-2.419346160310098,1.3551926988842729,7.142011295910371e-06,0.0031394093216974258,-0.03292073464775666,-0.0011833165859442818,1,1,0.05000186011801424,-0.030005857235689944,9.161629151089395e-05,-2.7312719615230752e-05,1.5546998558868723e-05,0.005049881125824697
0.276,-2.4192676750770556,1.354369680518079,-2.244090335262027e-05,0.006104064964880246,-0.015069770717310846,-0.0013573794534593718,2,1,0.04999005642862991,-0.02991534186100136,0.0001655814392134452,-8.720442594621389e-05,4.058799766013129e-05,0.005141400181008151
0.30100000000000005,-2.419040957061854,1.3544392103484073,-6.072696137688724e-05,0.0035641446298040344,-0.002357551035747641,-0.0006128134173888357,3,1,0.04993256929561895,-0.029922747889707235,0.00035851308682918786,-8.167124041658475e-05,3.9697603395642556e-05,0.005246659206337707
0.326,-2.4190894678455654,1.3542518029662916,-5.308157422198042e-05,-0.00375231308635371,-0.004537466359626486,0.0007877762171659699,4,1,0.04995541538618964,-0.029823578317885752,0.0006840341786657803,-7.875564431040654e-05,2.7192119950550672e-05,0.005196259585675955
0.35100000000000003,-2.4192285727161718,1.354212337030426,-2.133815051876643e-05,-0.00047322878706346227,-2.512549632349704e-05,0.0010335338191858059,5,1,0.05004658150585296,-0.02978845934860136,0.0011157321722874845,-8.472100440849587e-05,2.20493040786474e-06,0.005093549992951976
0.376,-2.4191131292849186,1.3542505466914754,-1.4048832627108078e-06,0.004808450519711017,0.001228130739261424,-0.00024753121047993437,6,1,0.04993593551184303,-0.029809627077474313,0.0015983983915531146,-8.974011398427256e-05,6.9455123475288635e-06,0.005064206303971966
0.401,-2.418988150190186,1.354273743567389,-3.371471104285371e-05,0.0012857866316373634,-0.001355418824156017,6.261808848329048e-05,7,1,0.049807794617253286,-0.02981488165380872,0.002072682866218224,-7.675067977992692e-05,1.7226233296118085e-05,0.005162918441385687
0.42600000000000005,-2.4190488399533367,1.3541827757502676,1.7260211613722145e-06,-0.0029459833907186104,-0.0028873713291899254,0.0020007169647229266,8,1,0.04989739864791865,-0.02969400299029302,0.002491616998655848,-5.3898559791061376e-05,1.8933482804264907e-05,0.005083063160436105
0.451,-2.419135449359722,1.3541293750009296,6.63211371931551e-05,-0.001447972558237254,-0.0017240989938560607,-0.0004692754509250109,9,1,0.05000791210489857,-0.029634745114401246,0.00283707946717594,-3.329196228551719e-05,1.4771113619897575e-05,0.004946961662437968
0.47600000000000003,-2.4191212385812486,1.3540965708005748,-2.173775138475627e-05,0.006024634203445347,0.00260013353935662,-0.00449611671093031,10,1,0.04997696212081438,-0.029608518990410563,0.0031052842181795706,-1.5870900496024954e-05,3.1909447758391104e-06,0.0051319022699347055
0.501,-2.41883421764955,1.3542593816778974,-0.0001584846983533171,0.004801250654482559,0.0005951514725488495,-0.0023679332102766186,11,1,0.0495656530726377,-0.029855581402214993,0.0033011958011656636,-1.1379523413446422e-06,6.804354080866045e-06,0.005406512288135729
0.526,-2.4188811760485245,1.3541263283742022,-0.00014013441189855992,-0.0036128294639858863,0.001223849895848338,-0.0008812175716776941,12,1,0.0496764578568834,-0.029654579094628975,0.0034343859604466995,1.2648773503922272e-05,7.5608206710120565e-06,0.005374009752916824
0.551,-2.419014859122749,1.3543205741726898,-0.00020254557693735522,-0.00230018207144411,0.0025903264416271532,-0.00010124684942880426,13,1,0.04989345646554544,-0.02994646584814852,0.0035149441138338585,2.4012665710557886e-05,1.0058711999425598e-05,0.005486222842312365
0.5760000000000001,-2.4189961851520967,1.3542558446962836,-0.0001451967543699275,0.005423334990686252,0.0011121893967169772,-0.0014382243237687207,14,1,0.04986403177294515,-0.029824616568341296,0.0035533274647947207,4.2621331466524297e-05,7.040075632973237e-06,0.005343453715591593
0.6010000000000001,-2.418743692373215,1.3543761836425257,-0.00027445679312577547,0.006702432395266919,-0.001728347585991943,-0.0010059568320297542,15,1,0.04951388837727131,-0.029984446437912347,0.0035601485424524046,5.5519527437302216e-05,3.5129434617190813e-06,0.005540271717695438
0.626,-2.4186610635323333,1.354169427316984,-0.0001954945959714156,0.0010431273395816744,-0.006784025103829814,0.0018314817889919534,16,1,0.04945631465853269,-0.029668750480204762,0.0035423883113919617,6.24374771761795e-05,-4.791635377235629e-06,0.005413274855525841
0.651,-2.4186915360062358,1.3540369823873342,-0.0001828827036760784,-0.004115567548739204,-0.007145135766819515,0.001733800677046203,17,1,0.0495653655300651,-0.029504744227631715,0.0035093994023295515,6.137078635433237e-05,-1.3126545882977792e-05,0.005375078364189956
0.676,-2.4188668419097703,1.353812170528643,-0.00010880456211908856,-0.005005550373535779,-0.005384138132176192,0.0027291050417055348,18,1,0.0498555551979761,-0.029247187292378848,0.0034658161788583106,6.337090677447532e-05,-2.4848735419931007e-05,0.005253849872163062
0.7010000000000001,-2.4189418135249126,1.3537677754807254,-4.642745159093016e-05,-0.001660169720327785,0.004889431070602686,-0.00047702312648389934,19,1,0.04996384486823041,-0.029272297213728937,0.00341664709460007,5.975932571570625e-05,-3.2434615278386286e-05,0.005166687423356148
0.7260000000000001,-2.4189498503957867,1.3540566420821731,-0.00013265571844306795,-0.000861784922925325,0.009473780039490632,-0.0035642999946894397,20,1,0.049965309938930315,-0.02973409679518039,0.003365032725641607,5.8486364995535744e-05,-3.614744732002406e-05,0.005283322676975721
0.751,-2.418984902771059,1.3542414644826999,-0.00022464245132557015,-0.0006951800268151241,-0.003374794907440308,0.00028201250720449915,21,1,0.04999948517879164,-0.02999029250827813,0.0033115333927887557,5.6067315435007504e-05,-3.5382209036762e-05,0.0054110609624600705
0.776,-2.4189846093971274,1.3538879023368011,-0.0001185550930827478,0.00339235517476055,-0.012227511413751547,0.003958987421448509,22,1,0.04998488482690867,-0.029515027983515,0.0032588849110878806,4.441150046079775e-05,-3.617711979499995e-05,0.005253628959707068
0.801,-2.418815285012321,1.3536300889120123,-2.669308025301305e-05,-0.00037758815023103377,-0.004847728021091231,0.0021341612640579637,23,1,0.049757724399836306,-0.029238320675279168,0.0032075054858114113,3.255671123219686e-05,-3.608475299537078e-05,0.005119448589499184
0.8260000000000001,-2.419003488804639,1.3536455159357466,-1.1847029880010091e-05,-0.0068590630526799085,0.0020791776598638716,-0.0008865166768856617,24,1,0.05001683743218831,-0.029352746242917956,0.003158567846062309,2.7324331740922724e-05,-3.3920513009715594e-05,0.005112602106594232
0.8510000000000001,-2.419158238164955,1.3537340477950055,-7.101891409710091e-05,0.00030265660963202417,0.0018548832822462581,-0.0015607878977341749,25,1,0.05019510536458534,-0.02953849664566916,0.0031124566021101785,2.6655966178887318e-05,-3.4379143055394866e-05,0.0051851669351729015
0.876,-2.4189883559741574,1.3537382600998589,-8.988642476686427e-05,0.007203412943619379,0.006534439743179918,-0.001754080050613285,26,1,0.04994638099509714,-0.029592300857686212,0.0030677243069079907,2.4101373842860828e-05,-3.929518354203401e-05,0.005234181261561865
0.901,-2.418798067517774,1.3540607697821645,-0.0001587229166278667,0.002998618510039461,0.00929442689493242,-0.002317483090719106,27,1,0.049714018205802554,-0.03002992856017145,0.0030238800048530685,3.079605263671042e-05,-4.2697954291718754e-05,0.005297904818940398
0.926,-2.4188384250486554,1.3542029814446055,-0.00020576057930286938,-0.0013139323669442138,0.002548569054621195,-0.0006383621558203595,28,1,0.04979436838694292,-0.030181388464244858,0.002980274583677036,3.243184355398804e-05,-4.5672441589303256e-05,0.005345573274054849
0.9510000000000001,-2.418863764136121,1.3541881982348956,-0.00019064102441882644,-0.0029319723314546993,0.0015356290454082698,-0.0006000591573140918,29,1,0.04984084374096397,-0.030122681206012043,0.0029368817279853696,3.1069360404077835e-05,-4.972629462630395e-05,0.005331320646049538
0.9760000000000001,-2.418985023665228,1.354279762896876,-0.00023576353716845262,-0.005068836438839615,-0.0012613785961246339,-0.00024911134539174016,30,1,0.049991011387389594,-0.03019811479736289,0.0028947915651090033,2.5272734712172982e-05,-5.1020011922036616e-05,0.0053760380025549065
1.001,-2.419117205958063,1.3541251293050893,-0.00020309659168837564,-0.008053170943362897,0.00010622360802514677,0.0012346688157904868,31,1,0.05012983329835757,-0.02996967392663923,0.0028533907619012885,1.918637830357119e-05,-5.6000213622991474e-05,0.005335105504261543
1.026,-2.4193876822123963,1.3542850740772772,-0.00017403009637901256,-0.00567619728247592,0.0005447128991242773,0.0006055452078612683,32,1,0.05040911651468348,-0.030140886944903827,0.002811837088959296,2.2259657839086357e-05,-5.657674133777496e-05,0.005304119729035218
1.051,-2.419401015822187,1.3541523649500455,-0.00017281933129514198,-0.0014239346030286968,-0.0021075700052941553,0.0002147845562294746,33,1,0.050343059248627565,-0.029944131882775636,0.0027679351490766282,2.103202187074859e-05,-5.9845935101180814e-05,0.005289573842071918
1.076,-2.4194588789425477,1.3541796955770125,-0.00016329086856745206,0.002099574031726446,-0.00544380232884833,0.001291636192100042,34,1,0.050337556674714325,-0.029967505961118777,0.002722945858536788,2.4711817255933305e-05,-6.143781234457357e-05,0.005290094046618601
1.101,-2.4192960371206005,1.3538801748336031,-0.00010823752169002733,0.005943184171997039,-0.005634105170071477,0.0008800990230106751,35,1,0.050079281329593446,-0.029610852698685863,0.002679109978687629,2.26112399473643e-05,-6.643652161081126e-05,0.005226386346383971
1.126,-2.419161719733948,1.3538979903185089,-0.00011928591741689916,0.001675640475955474,0.001004297485218685,-0.0005377927674210521,36,1,0.04989546360178582,-0.02967347536613528,0.0026368429246625457,2.5110284123666233e-05,-6.715102856349642e-05,0.005246660329228429
1.151,-2.4192122550968027,1.353930389707864,-0.00013512716006120495,-0.003195930075143846,-0.0011107294495493736,-0.00041421788694151436,37,1,0.049952915042721674,-0.02974645639126166,0.0025966067555671622,2.4946422349733513e-05,-6.343536309071031e-05,0.0052497634987824044
1.176,-2.419321516237705,1.3538424538460314,-0.0001399968117639763,-0.001547034302173954,0.0017872837420762607,-9.410331705872457e-05,38,1,0.05006807691467718,-0.029674491648353035,0.002560173093479639,2.246755462783083e-05,-5.957170378148695e-05,0.005237562988295235
1.201,-2.4192896068119114,1.3540197538949679,-0.00013983232591401656,0.003932247643962935,0.0044745314400751425,-0.00029306233656711784,39,1,0.050005339225141644,-0.029916128255700877,0.0025279289318567003,2.413641505862625e-05,-5.6458075557075184e-05,0.005218737864043829
1.226,-2.419124903855507,1.3540661804180352,-0.0001546499285925156,-0.00011788891139730182,-0.002802996733217721,0.0006909869599525134,40,1,0.04980536715644668,-0.029975417301624948,0.002498852107188769,2.569665181257207e-05,-5.5630133403647044e-05,0.005221242917483428
1.251,-2.4192955012574813,1.353879604058307,-0.00010528297791631708,-0.0011836508976426064,0.0005956147925045835,-1.052008119728497e-05,41,1,0.05001120320128359,-0.02975972729909527,0.002471638678492331,2.3907976121461895e-05,-5.0004087327630144e-05,0.005168807759795781
1.276,-2.419184086400389,1.3540959611576604,-0.0001551759326525287,0.0028113538939766717,0.006218186030593176,-0.001589320340782399,42,1,0.0498684695480106,-0.030030421016834206,0.00244622047590587,2.4441759365822232e-05,-4.819216249340449e-05,0.0052077633274507954
1.3010000000000002,-2.4191549335627824,1.3541905133598366,-0.00018474899495555036,0.0027667762271477133,0.001152591051236661,-0.00020156112403135732,43,1,0.04984133364849127,-0.030128824281965096,0.00242229838064913,2.5009624389196834e-05,-4.77024128087635e-05,0.005237204288861436
1.326,-2.4190457475890317,1.3541535907102222,-0.00016525398885420644,-0.0011047589451429513,-0.0003061992752284592,0.00011126877234701777,44,1,0.04973108051173217,-0.030071848740651934,0.0023987479103094586,2.4838427831568944e-05,-4.7606999031857916e-05,0.005218939141990707
1.351,-2.4192101715100396,1.3541752033960752,-0.00017918555633808704,-0.004793444632396077,-0.0021928864281051197,0.0003154684168915634,45,1,0.04993782127446763,-0.030089049593763722,0.002375792706034218,2.6443328336115133e-05,-4.463658589251657e-05,0.005239474454104104
1.376,-2.4192854198206515,1.354043946388817,-0.00014948056800957407,-0.0031572697930748435,-0.004774772108202536,0.0015135131093924046,46,1,0.05001578309635508,-0.029938535130714206,0.002354526830104549,2.8238980770647835e-05,-4.314507991678579e-05,0.0052026620819943786
1.401,-2.4193680349996933,1.353936464790665,-0.0001035099008685811,0.0011178764632990776,-0.001415955324608468,0.00041898104736759256,47,1,0.0500894145632896,-0.02983965348452041,0.002335085199458857,3.0089016637074886e-05,-4.171666199919548e-05,0.005162124847502573
1.4260000000000002,-2.4192295259974865,1.3539731486225866,-0.00012853151564121097,0.005171905182059784,0.004815387377501419,-0.0010763159439175487,48,1,0.04991068277332577,-0.029914181751404378,0.0023160879394476227,3.323757915795572e-05,-4.124981878805474e-05,0.005176323929361675
1.451,-2.4191094397405903,1.3541772341595402,-0.00015732569806447012,0.007292754881333989,0.0032620449930620527,-6.145244686450746e-06,49,1,0.049781105464652024,-0.03016088000063291,0.0022968133852265373,3.9435988425518684e-05,-4.021356297720793e-05,0.00520307610980667
1.476,-2.41886488825342,1.3541362508722397,-0.00012883877787551033,0.0027032919228098347,-0.0004394064662127677,0.001213469379184322,50,1,0.04953664689360276,-0.03010493786154306,0.0022768504979566494,4.214103987753337e-05,-4.0543012269164174e-05,0.005178718829714244
1.501,-2.41897427514445,1.3541552638362295,-9.665222910504212e-05,-0.006380420729783503,-0.0015836290091320025,-0.00011301639943006582,51,1,0.04970422410912372,-0.030120411324109607,0.0022563265880954607,4.5155473461426034e-05,-3.8177326791374625e-05,0.005157002708570957
1.526,-2.419183909289909,1.354057069421783,-0.00013448959784691938,-0.0012158620827840074,-0.0007821871600288647,-0.00048544197509769755,52,1,0.04995237068741326,-0.030006348591698543,0.0022352193858184177,4.677373902702346e-05,-3.830669369039688e-05,0.005186154121619409
1.5510000000000002,-2.419035068248589,1.354116154478228,-0.00012092432785979026,0.0030379697575622063,0.0022622125009297256,-6.790604312634224e-05,53,1,0.04977838765600445,-0.030078946937190206,0.0022131046326563674,4.975066139243626e-05,-4.179767262359053e-05,0.005177040084153207
1.576,-2.419032010802031,1.3541701800468295,-0.0001378849000033477,-0.0009968706809182527,0.0008312417717881744,-0.0008025029636549192,54,1,0.04978477841649669,-0.030133969966483747,0.0021901845973338525,5.346980966126342e-05,-4.386918166139746e-05,0.005189258261245809
1.601,-2.419084911782635,1.3541577165668175,-0.00016104947604235278,-0.0001879198233289976,-0.000483684566390254,-0.00048490018360603133,55,1,0.049851129501810074,-0.030109462117980386,0.002165178419991665,5.6096708689191654e-05,-4.2863760680083273e-05,0.005203826561603991
1.626,-2.4190414067931973,1.35414599581851,-0.000162129909183616,0.0012380617602758537,0.0019123544589172408,-0.0006914187399331688,56,1,0.04980738737700776,-0.030092216735151264,0.002139960842933024,5.8281137915431205e-05,-4.340178895673849e-05,0.0052060197571371395
1.651,-2.419023008694621,1.3542533342897634,-0.00019562041303880818,-7.79840433029473e-05,0.004256550152121874,-0.001023828128179355,57,1,0.04979547341055787,-0.030205365823789347,0.002114733686854683,6.0336955007995576e-05,-4.3961084433183055e-05,0.005219999628307469
1.6760000000000002,-2.4190453059953625,1.3543588233261161,-0.0002133213155923689,0.0018813919702775888,0.0037027068237849257,-0.0005995154266091868,58,1,0.04982823546549992,-0.03030121866328407,0.00208958359824899,6.414461622746007e-05,-4.325497690690252e-05,0.0052271896747650886
1.701,-2.4189289390961073,1.3544384696309526,-0.0002255961843693554,0.0047635230003084846,0.0028868538839699302,-0.0002685297868421098,59,1,0.0497158636650765,-0.0303577437777171,0.0020652264466174105,6.629175981665589e-05,-4.327908867935164e-05,0.0052346242346840354
1.726,-2.418807129845347,1.3545031660203146,-0.00022674780493458433,-9.193334147283881e-06,0.0014885432335809464,-0.00047815271140727757,60,1,0.04961326713749774,-0.030390593237313076,0.002042709224783663,6.630903784298977e-05,-4.274855201534261e-05,0.005238905461284058
1.751,-2.4189293987628147,1.3545128967926316,-0.0002495038199396556,0.00014406334051919587,-0.0010170997553471386,-0.0011417687055814685,61,1,0.049776583998025356,-0.0303624886488394,0.002023253922854534,6.555873376108859e-05,-4.145715989123933e-05,0.0052454279114344075
1.776,-2.418799926678321,1.3544523110325473,-0.0002838362402137252,0.008620003558172894,-0.004895187984619272,-0.0006035990988095786,62,1,0.04965646301848534,-0.03026735872240319,0.0020070650954452335,6.419414855994176e-05,-4.0981699120800374e-05,0.005259210328575777
1.8010000000000002,-2.418498398584906,1.3542681373934007,-0.0002796837748802267,0.0034634918619236258,-0.005845404586275466,8.754075934369601e-05,63,1,0.04937586443968476,-0.03006089183473922,0.0019947714950935007,6.260726988382605e-05,-4.110066082189138e-05,0.005247464567255192
1.826,-2.418626752085225,1.3541600408032335,-0.00027945920224672796,-0.0033957311551180546,-8.219941937781557e-05,-0.0006803300973334838,64,1,0.04957407177669945,-0.029961531783641773,0.0019835688577478153,6.241867664365243e-05,-3.83928342281824e-05,0.005236021301473764
1.851,-2.418668185142662,1.3542640274224318,-0.0003137002797467946,-0.00354816676736648,0.0017169731851041153,-0.0004854803866916075,65,1,0.04965369206145667,-0.030094387810707432,0.001971630510763183,6.279053734572086e-05,-3.545141465218181e-05,0.0052429292947135065
1.876,-2.4188041604235933,1.3542458894624887,-0.00030373322158124954,-0.003769564880498063,0.0009551940059138167,-3.2264736686826696e-05,66,1,0.04981508640498731,-0.03008324592826925,0.001958096262331875,6.161923480818092e-05,-3.2970358768337634e-05,0.005222945321115744
1.901,-2.418856663386687,1.3543117871227275,-0.000315313516581146,0.003116935945586247,-0.00018824722948007533,0.0004845959120913764,67,1,0.049867027497147894,-0.030158519101063652,0.001943089377985656,6.2164313422982e-05,-2.990087218866679e-05,0.005229859744767061
1.9260000000000002,-2.418648313626314,1.3542364771010147,-0.00027950342597679145,-0.00025929980143501986,-0.002687462678632177,0.001159135852484282,68,1,0.049647994304204454,-0.03008283818811746,0.001926313576225492,6.189906755549643e-05,-2.7812423924224674e-05,0.005208447525379538
1.951,-2.4188696283767586,1.3541774139887959,-0.0002573567239567306,-0.0034206646996537537,-0.00751940779130325,0.001147221713191375,69,1,0.049887222522899184,-0.030035353906246384,0.0019075161757323696,6.0241308270714526e-05,-2.3830285015343318e-05,0.005191828599145659
1.976,-2.4188193468612966,1.3538605067114495,-0.000222142340317109,-0.001953351271737354,-0.007358176131848663,0.0011725822611641276,70,1,0.04982107221276644,-0.029738713107446947,0.0018865989667079686,5.691623985650911e-05,-2.28716661549458e-05,0.005163134820031124
2.001,-2.4189672959403454,1.3538095051822034,-0.00019872761089849428,-0.0037554982295962126,-0.0017611205622181166,0.0003122543042088932,71,1,0.04996105045073637,-0.029747997588950893,0.0018643833395562202,5.5412927137825664e-05,-2.202018660293008e-05,0.005145440501671653
2.026,-2.4190071217727764,1.3537724506833386,-0.000206529625106476,-0.0012620532442131282,-0.0014120642077486347,-0.00031721669164319453,72,1,0.04997251890438739,-0.029768445002078096,0.0018413392352236127,5.314494678806807e-05,-2.132238549245133e-05,0.005140285495291266
2.051,-2.419030398602556,1.353738901971816,-0.00021458844548081143,-0.0014900633404213357,0.0016948284566797775,1.1764811613801321e-06,73,1,0.04996460189842674,-0.029789309620776125,0.0018186279594772576,5.217118517705448e-05,-2.168224931443795e-05,0.005142853556373315
2.076,-2.4190816249397975,1.3538571921061726,-0.00020647080104840675,-0.004534088083918436,0.0016186488141922753,0.001103910480351193,74,1,0.04998618689986454,-0.029955419600946758,0.0017971371136863894,5.115952528180041e-05,-2.0554739354623172e-05,0.005134680532568377
2.101,-2.419257103006752,1.3538198344125256,-0.0001593929214633583,-0.0006879568447804044,-0.00027272280551216097,0.0010924938554346436,75,1,0.050125624301004305,-0.029941400127561767,0.0017767466990238324,5.132132674660228e-05,-1.9754351840788276e-05,0.005110431757626646
2.126,-2.4191160227820365,1.353843555965897,-0.0001518461082768561,0.0025216716439846556,0.004280373546765597,0.00043800550477257773,76,1,0.04993625143020562,-0.029988177178314368,0.0017586097064813586,5.266826343493117e-05,-2.1191119207913124e-05,0.005100962061897355
2.151,-2.4191310194245528,1.354033853089864,-0.0001374926462247439,-0.0018661076580528302,0.0016509440157497135,0.00033988147078112084,77,1,0.04992385870862171,-0.03019402729136743,0.0017429462688774721,5.526174774846625e-05,-2.1751661507996206e-05,0.005093360220054716
2.176,-2.419209328164939,1.3539261031666845,-0.00013485203473792456,-0.0023568903888104716,-0.0017615510526791573,0.00047319939637801867,78,1,0.04997114432796759,-0.030084986513352733,0.0017296100923770879,5.531672748634269e-05,-2.2154002726773893e-05,0.005087929228844256
2.201,-2.4192488639439933,1.35394577553723,-0.00011383267640575885,-0.0017224688721029285,0.0032209531436988683,-0.000124882253711434,79,1,0.049971788988382386,-0.030115493931661613,0.0017173016670662098,5.6225267998801636e-05,-2.2095647193067565e-05,0.005074814584264324
2.226,-2.4192954516085443,1.3540871508238694,-0.00014109614742335077,0.0011124389926031636,-0.0002826404783995439,-4.8702057782179685e-05,80,1,0.049979714414468426,-0.030254263826209073,0.0017055170215676146,5.770414985107552e-05,-2.1885743918631667e-05,0.005082430216266174
2.251,-2.419193241994363,1.35393164351331,-0.00011626777929495085,0.0030660569493346054,-0.0017444092347762626,0.00034744408836218224,81,1,0.04984335935353607,-0.03008857292091051,0.0016916615337831324,5.746504171837485e-05,-2.10695365138438e-05,0.0050698477052250925
2.276,-2.4191421487610776,1.3539999303621306,-0.00012372394300527855,0.0002620470457870269,-0.0006145678037805492,-5.2563938668370447e-05,82,1,0.049774090947447024,-0.030160769063150655,0.0016753396298574464,5.563187973728244e-05,-2.0549122970898454e-05,0.0050761253239888955
2.301,-2.419180139642074,1.353900915123121,-0.00011889597622836756,0.0031605993031025123,-0.004629387546799511,0.00022795698025212963,83,1,0.04979979981669239,-0.030063083075222045,0.0016555707327075024,5.28034562560764e-05,-1.9635824752465447e-05,0.005071144898815486
2.326,-2.4189841187959225,1.3537684609847906,-0.00011232609399250236,0.00862151351374688,-0.0018528812326845732,3.775634805691666e-05,84,1,0.04960613949274661,-0.029946391978191857,0.0016322569743909602,5.0741470792024994e-05,-1.997492349452661e-05,0.005067570402114057
2.351,-2.4187490639663864,1.3538082710614867,-0.00011700815882552888,0.0034774956455052696,0.005065693674244383,-0.0006205182767793382,85,1,0.04940758788387688,-0.030006837799401213,0.0016053982070677031,5.0651271684867305e-05,-2.100264458155488e-05,0.005062297957193844
2.376,-2.418810244013647,1.3540217456685029,-0.00014335200783131396,0.002563482362729639,0.0011058923242846003,0.0001625944365812876,86,1,0.049520042350864324,-0.030220271811656728,0.0015754115198098849,5.054883108289798e-05,-2.0453819338760117e-05,0.005069532442268221
2.401,-2.41862088984825,1.353863565677701,-0.00010887843699640949,-0.0012429723953921656,-0.0055271156903335655,0.0006248780582929181,87,1,0.0493829991063208,-0.030060121245386495,0.0015440719462828012,4.8649747882885126e-05,-2.0640860488752456e-05,0.005059275527691147
2.426,-2.418872392633417,1.3537453898839862,-0.00011210810491683693,-0.004674152855388389,-0.0013743705295876578,0.00017898559205420289,88,1,0.049669163249744706,-0.0299607242647044,0.0015126217987654889,4.7378245604988264e-05,-1.8672910179968588e-05,0.005063692494670659
2.451,-2.4188545974910194,1.3537948471512216,-9.992915739387313e-05,-0.0009106369001532532,0.005411432964188575,-0.00011136494907582101,89,1,0.04966628522929222,-0.030033411047240156,0.0014829275622743204,4.746878625102123e-05,-1.834620756720689e-05,0.005053911759123934
2.476,-2.4189179244784245,1.3540159615321956,-0.00011767635237065329,0.0018335076214182132,0.0006205246815893539,0.00051405371338298,90,1,0.04973794573408513,-0.030255557984621782,0.0014561722793060322,4.714718597125735e-05,-1.6893054913460107e-05,0.005063023655252554
2.501,-2.4187629221099485,1.353825873385301,-7.422647172490696e-05,0.002779194857946986,-0.007663287984205374,0.001678377936631398,91,1,0.0496016206026639,-0.03007091367301189,0.0014328569036645765,4.334121051169497e-05,-1.6181326561931444e-05,0.00503916752904708
2.526,-2.418778964735527,1.3536327971329853,-3.3757455539258545e-05,-0.0036648177778175555,-0.0050316451212539534,0.0011447903340933091,92,1,0.0496393331292455,-0.029911045435417984,0.0014119660989300785,3.9690235401185565e-05,-1.3607436949227464e-05,0.005018164082309827
2.551,-2.4189461629988394,1.3535742911292383,-1.698695502015126e-05,0.003926554180555521,0.0018447733724480289,-0.00013314907962857988,93,1,0.049808730402810454,-0.029897829291746534,0.001392679612916821,3.8340300811942625e-05,-1.2564036199981103e-05,0.005014318012671517
2.576,-2.4185826370264993,1.3537250358016077,-4.041490952046568e-05,0.009156225952615704,0.0031956403396416035,-0.0003602969593607965,94,1,0.049475170317612185,-0.030074303462192684,0.0013751417585778666,3.859124024709967e-05,-1.43328917873402e-05,0.005016957072187126
2.601,-2.4184883517012086,1.3537340731462204,-3.500180298802613e-05,0.0015128493782690154,-0.000980416558871159,0.00015790080419186893,95,1,0.04943308642864469,-0.030098396491546206,0.0013588296585615009,3.801098730508006e-05,-1.5738344002455493e-05,0.0050198038770024
2.626,-2.418506994557586,1.3536760149736642,-3.2519869310812894e-05,-0.000996949964218178,0.0018369033252474474,0.0001246685968592236,96,1,0.04949940893685142,-0.030059711743390078,0.0013441670871560652,3.721438491689998e-05,-1.641579589920175e-05,0.0050146494785286355
2.651,-2.4185381991994195,1.3538259183124828,-2.8768373144943458e-05,-0.00016015580498240838,0.005653050167424537,-0.0003556721513664466,97,1,0.04956689852533643,-0.03021397129846586,0.0013321452200729725,3.6078003591299874e-05,-1.6213676874157888e-05,0.005016172366177977
2.676,-2.418515002347835,1.3539586674820354,-5.0303476879044584e-05,-0.000760350898563185,0.0029201963956015774,-0.0012962320962994697,98,1,0.04957794182602629,-0.030332853232742565,0.0013225800888939793,3.4109633414743096e-05,-1.6499432146180686e-05,0.00502414486111172
2.701,-2.4185762167443476,1.3539719281322629,-9.35799779599448e-05,-0.0024390543784047567,-0.000977264131618586,-0.0009811722690056292,99,1,0.04966146884750533,-0.03033056977115086,0.0013139824668521598,3.185677652718449e-05,-1.652835684080289e-05,0.005038726254026874
2.726,-2.4186369550667552,1.3539098042754545,-9.936209032953919e-05,-0.002788284733457057,0.001821862093462918,-4.710740157065646e-05,100,1,0.04973389640675827,-0.030262721606286215,0.0013069198367555385,2.9330659202144607e-05,-1.6971261434887516e-05,0.005035906487823277
2.751,-2.4187156309810205,1.354063021236936,-9.593534803826452e-05,-0.006426866731965597,0.003443851406261812,0.0006423571919445004,101,1,0.049812650582092964,-0.030393150051816257,0.0013007100768402202,2.820729853537283e-05,-1.8014039401425997e-05,0.005029589294602749
2.776,-2.4189582984033535,1.3540819968457676,-6.724423073241436e-05,-0.008129052574545837,-0.0007765320736963191,0.0009145111455399708,102,1,0.05002351811837301,-0.03038552677644661,0.0012949821631908257,2.7937297054645005e-05,-1.6648184431244135e-05,0.00502031580107562
2.801,-2.419122083609748,1.3540241946332512,-5.020979076134738e-05,0.003970574486418223,-0.0001592239681436061,0.0004742144044644877,103,1,0.05013431125510847,-0.030310100639103322,0.001289290177113917,2.7109813109320937e-05,-1.5878979815576262e-05,0.005015051082671997
2.826,-2.4187597696790326,1.3540740356473604,-4.353351050919903e-05,0.002187282176198132,0.00287650424642295,-0.00028548539376949225,104,1,0.049769256749092404,-0.03033863334135365,0.0012835646519922114,2.634602848431316e-05,-1.616344285814651e-05,0.005013199282010195
2.851,-2.419012719500938,1.3541680198455723,-6.448406044978719e-05,-0.0067944455735258445,0.00528124746860483,-0.0004983848880524295,105,1,0.04999042338849332,-0.03040027953378826,0.0012774244644193648,2.6392870057413337e-05,-1.56897294034259e-05,0.005021512012775047
2.876,-2.419099491957709,1.3543380980207906,-6.84527549119078e-05,-0.0006335948626379229,0.006093441565782087,-0.000879399316806587,106,1,0.050038031324657915,-0.030516247868340632,0.00126876781849503,2.5626061254984536e-05,-1.5125813633181057e-05,0.005020782156358408
2.901,-2.4190443992440698,1.3544726919238614,-0.00010845402629023902,-0.0036690026667240776,0.0009612895199984044,-0.001243172965006416,107,1,0.04995807676277251,-0.030584549003396577,0.001258769205821466,2.4872013961233223e-05,-1.441903290761269e-05,0.00503031542798095
2.926,-2.419282942091045,1.3543861624967906,-0.00013061140316217732,0.0013220590095031001,-0.006377619642892151,-0.00041691309216495886,108,1,0.0501396236846367,-0.03045317273019034,0.001246175779023008,2.313890946080532e-05,-1.2672009428450862e-05,0.0050328612580856896
2.951,-2.4189782962935946,1.3541538109417168,-0.0001292996808985016,0.0014427367838365564,-0.008920059879606899,0.0004064325598651678,109,1,0.04983273828339861,-0.030214836890445355,0.0012330426327762294,2.1472191741853793e-05,-1.2903068229932998e-05,0.00502758575212666
2.976,-2.4192108052518533,1.3539401595028102,-0.00011028977516873718,-0.0007273440388821965,-0.001242619143457806,0.00024411470117335996,110,1,0.05002774750299046,-0.03003099957948921,0.0012186966212186822,2.0301812717457647e-05,-1.2167444779459078e-05,0.005011929627661016
3.001,-2.4190146634955387,1.354091679984544,-0.00011709394583969106,0.007798039614570512,0.0012932613101845948,-0.0005455431106504724,111,1,0.04983258846538248,-0.030184095476634837,0.0012046302422354842,1.99981735723029e-05,-1.1533923125483379e-05,0.005012324992667497
3.026,-2.4188209032711248,1.3540048225683194,-0.00013756693070142057,0.00018915858376544647,-0.00800567985037577,0.000511858480471969,112,1,0.04966868428387602,-0.030109931312074907,0.0011909729215392735,1.9094421765513245e-05,-1.2642369577416112e-05,0.005017034228612158
3.051,-2.4190052055663505,1.3536913959920251,-9.150102181601444e-05,-0.00622463294075889,-0.00249945587381005,4.307274000581151e-05,113,1,0.049848037982203025,-0.029854441829234954,0.001178639064353408,1.7821781929404144e-05,-1.2213858718742205e-05,0.0050017747574054765
3.076,-2.4191321349181627,1.353879849774629,-0.00013541329370112725,-0.003116843769781508,0.006202406423665451,-0.0010858826395487892,114,1,0.04995133805259405,-0.030057231788261973,0.001166819352704199,1.8134469059827105e-05,-1.1869862894360707e-05,0.005015723098141864
3.101,-2.4191610477548395,1.3540015163132084,-0.00014579515379332093,0.0021657022657617453,0.004932150723120383,-0.0014637944273410194,115,1,0.04995709369112128,-0.03017563255299069,0.0011545127415904914,1.8379535760473642e-05,-1.2638038733735288e-05,0.005017811614202744
3.126,-2.4190238498048746,1.354126457310785,-0.00020860301506837973,0.007139144336250095,0.00292277944528686,-0.0010325724465243306,116,1,0.04982368349721734,-0.030279557298658066,0.0011433329109151852,1.8617817723933913e-05,-1.3419621850182658e-05,0.005037595365314343
3.151,-2.418804090538027,1.3541476552854728,-0.00019742377611961794,0.00022463432144625864,-0.0004697197747560697,-1.9849926884418673e-05,117,1,0.049642941647041784,-0.030284309256966117,0.001132811756197748,1.8994542711136025e-05,-1.4498341993028348e-05,0.005036111472021343
3.176,-2.4190126180888023,1.3541029713220472,-0.00020959551141260674,-0.0035666698229341685,-0.0012460833146832261,-0.00010836510505818295,118,1,0.049840662669120545,-0.03023327926654696,0.001122773638212087,1.9102730614988818e-05,-1.2659026113711364e-05,0.00503944111783242
3.201,-2.4189824240291737,1.3540853511197386,-0.0002028420313725256,-0.0034255708218999936,0.0013619805996834037,-0.0006048570465022629,119,1,0.049811869069201,-0.030213004820010395,0.0011129170048900863,1.9323988204098346e-05,-1.210989274234845e-05,0.005038724414304802
3.226,-2.4191838966298973,1.3541710703520313,-0.000239838363737719,-0.003354002964117709,0.0013041977710281972,-0.00014368717114798864,120,1,0.04997712686523425,-0.030281627784116152,0.001103511384059518,2.0319112031247753e-05,-1.1366149563248416e-05,0.005052554925675457
3.251,-2.4191501241773796,1.35415056100829,-0.00021002638993005028,0.0030618286414530013,-0.00013140322793425742,0.0004515750022182646,121,1,0.04992341099330038,-0.030252662852268717,0.001093520423215887,2.003912879243694e-05,-1.1170735895050627e-05,0.005042370468075413
3.276,-2.4190308051978247,1.3541645001906346,-0.00021725961362683083,0.0030634833854303713,-0.0002520792245386247,-0.0004260658832944108,122,1,0.04980863132957406,-0.030255319051291824,0.0010821015824789193,1.900973816165061e-05,-1.0509321594175254e-05,0.005043229439146313
3.301,-2.418996950008108,1.354137957047063,-0.00023132968409488673,-0.00452686316413595,-0.002455360212012523,-0.00011731162610217831,123,1,0.049780503069712545,-0.030223216394815514,0.0010686785956194917,1.7496780866369022e-05,-1.0681198962263557e-05,0.005044254910205731
3.326,-2.4192571483560315,1.354041732180034,-0.0002231251949319722,-0.0073704804350072355,-0.002964961574516433,-9.527791054786439e-05,124,1,0.0499960481834047,-0.03013770380153137,0.0010548593773955094,1.5576089445759072e-05,-1.092948729037339e-05,0.005040301640735449
3.351,-2.4193654740298585,1.3539897089683373,-0.00023609357962242096,0.0005073385670328908,-0.0005147162705121407,-0.0003127025970517405,125,1,0.05005720375501658,-0.030100943188443308,0.0010414409397349897,1.3793633126364754e-05,-1.238076817786358e-05,0.0050377339657554756
3.376,-2.41923178142768,1.3540159963665084,-0.00023876032478458684,0.001326849557914405,0.0076538520786728894,-0.0005787364119136405,126,1,0.04991719562474953,-0.030131682597683458,0.0010277595388513976,1.2789513948480797e-05,-1.328369275641728e-05,0.0050353959978684595
3.401,-2.4192991315519627,1.354372401572271,-0.0002650304002182204,-0.004201730741355525,0.0032298172138567165,-0.000553154423599264,127,1,0.04996074458099121,-0.030422215545798343,0.0010132086633711979,1.2838609123253662e-05,-1.3579347698900711e-05,0.005041436011944263
3.426,-2.4194418679647476,1.3541774872272012,-0.00026641804596475255,-0.0002346043015766229,-0.0008235722785698797,-0.0003498416786928952,128,1,0.050058071879079145,-0.030229107683039515,0.0009981313820629492,1.0901222239431635e-05,-1.3577574153869131e-05,0.005036473792949108
3.451,-2.4193108617670416,1.3543312229583424,-0.0002825224841530578,0.0009434103651617709,0.005632215316833131,-0.0005757472190115485,129,1,0.049924281155167644,-0.03034256033543801,0.0009835914758669192,1.0110827205146449e-05,-1.4898119322425449e-05,0.005041305738365751
3.476,-2.4193946974464895,1.3544590979930429,-0.0002952054069151762,-0.0023618370553801864,-0.003123198466639121,0.0006286114853981695,130,1,0.04998110964160497,-0.030417749472005696,0.0009686406816998226,1.022269050110157e-05,-1.5820274193211143e-05,0.0050427663948062135
3.501,-2.4194289536198106,1.3541750630350105,-0.0002510919098830315,0.00354583046411784,-0.008367074634771961,0.001370529364645994,131,1,0.049988329500848847,-0.03015542810918011,0.0009520018378216684,8.765944641183711e-06,-1.657775437188447e-05,0.005029210053582794
3.526,-2.4192174059232836,1.3540407442613043,-0.00022667893868297799,0.008668580438051474,-0.002579754684091093,0.0005506205358507514,132,1,0.04980294478991642,-0.030053398935357457,0.0009341001168749229,7.371756182216097e-06,-1.7787578885500927e-05,0.005022330909170413
3.551,-2.418995524597908,1.354046075300806,-0.0002235608830905463,0.006020126490175993,0.0031089712185083775,-0.0005197354874653087,133,1,0.04964198230166911,-0.0300776863207431,0.0009162949397077078,7.360679329851266e-06,-1.9394967535326608e-05,0.005020535367676303
3.576,-2.418916399598775,1.3541961928222297,-0.0002526657130561133,0.0032445414565529635,0.0027767525032063134,-0.0004951189000390616,134,1,0.04961627778190625,-0.030212993809893507,0.000899326281221215,7.5069143757438264e-06,-2.0813703980011826e-05,0.005030539523628463
3.601,-2.4188332975250804,1.3541849129259662,-0.00024831682809239804,-0.002265353121870825,-0.001367763942887739,0.0004247180798344645,135,1,0.04959271778020858,-0.030202317341104984,0.0008818806775900901,7.780961817817765e-06,-2.204206489074639e-05,0.00502914683021354
3.626,-2.4190296672548683,1.3541278046250853,-0.0002314298090642111,3.5848446859887546e-05,0.004052849751201585,-0.000692312392471808,136,1,0.04978541861231041,-0.030155614421874085,0.0008638115374520596,9.171622051652417e-06,-2.2348439242475894e-05,0.00502255463018235
3.651,-2.4188315051027374,1.3543875554135263,-0.0002829324477161114,0.0029821679799724005,0.001756394316325673,-0.001382727429941603,137,1,0.049643643628729965,-0.03036146514376518,0.0008458955676860928,1.104106210731513e-05,-2.408832069672532e-05,0.005035930634697752
3.676,-2.4188805588558697,1.3542156243409016,-0.0003005661805614376,0.0067209986156057866,-0.003358868209000203,-0.0001670460965641487,138,1,0.04971232210718272,-0.03020063400515194,0.0008282051621263189,1.1508013270153187e-05,-2.5148240203905855e-05,0.005034228305697353
3.701,-2.418495455171957,1.3542196120030763,-0.00029128475254433837,0.006184188336426665,-0.004147654114090586,0.0007424398744326792,139,1,0.049439100673989315,-0.03019866688754826,0.0008124088716533676,1.1844519609610007e-05,-2.7448513861696245e-05,0.005028226088726306
3.726,-2.4185713494390484,1.354008241635197,-0.00026344418683972885,0.0019885984566503437,-0.003669650573630014,0.00045902936746777974,140,1,0.04956085584863434,-0.030032268681632012,0.0007986466901414774,1.1390104883664383e-05,-2.8730393659161852e-05,0.005019581604959409
3.751,-2.4183960252491246,1.3540361294743948,-0.00026833328417075674,0.002017878021627347,-0.0019306739615121485,-0.0001955080653370807,141,1,0.04947237019793569,-0.03006994020999385,0.0007864580200405245,1.2412089927628675e-05,-3.0359337357016683e-05,0.0050184215376648045
3.776,-2.418470455537967,1.3539117079371215,-0.00027321959010638975,-0.0014156624376937467,-0.0003180714687855951,-0.00011486825246542704,142,1,0.049585077223774754,-0.029984194437061188,0.0007759648912043517,1.3915503324719244e-05,-3.110933746409625e-05,0.005014726246868298
3.801,-2.4184668083710092,1.3540202259009555,-0.00027407669679414907,0.001569712909050827,0.005220821332905218,-0.00024699781379311373,143,1,0.0496213207443826,-0.030088233824183228,0.0007654581155058071,1.5976006176712202e-05,-3.2288665875390274e-05,0.005013020598704276
3.826,-2.4183919698925145,1.3541727490037667,-0.00028556948079604935,5.2225760294177986e-05,0.00183402315339088,-0.00014251648668306467,144,1,0.049596412624029654,-0.03020805073909796,0.0007538535475283986,1.9021111579107868e-05,-3.331149048570934e-05,0.00501727463632278
3.851,-2.4184641970829945,1.354111927058625,-0.00028120252112830667,-0.009591017549688309,-0.0020274460482339125,0.0005231717816300848,145,1,0.04968542092964514,-0.030147009224543515,0.0007410170567439742,2.0191289785704043e-05,-3.428515396908694e-05,0.005013889301542565
3.876,-2.418871520769999,1.354071376701355,-0.00025941089171465113,-0.006154763540404695,-5.239252642397237e-05,0.00026864762786793603,146,1,0.050013122943825,-0.030110071914198722,0.000726323312025795,2.0743203164593436e-05,-3.4330909532464126e-05,0.005006914189166182
3.901,-2.4187719352600148,1.3541093074323038,-0.00026777013973495046,-0.005039749731716698,-0.0023023069360084015,0.00011955166603350101,147,1,0.04991259891586059,-0.0301404254218508,0.0007096287464993729,2.152323209546654e-05,-3.573681302555502e-05,0.005006249251268749
3.926,-2.4191235082565847,1.3539562613545546,-0.0002534333084129275,-0.008024921141842568,-0.004766151448394293,0.0005448423638743065,148,1,0.05016536955840154,-0.03002444856141319,0.000692130921597438,2.2077122365439273e-05,-3.5393568472050735e-05,0.005001620738228003
3.951,-2.419173181317107,1.3538709998598841,-0.00024052802154139622,-0.00258444069947573,-0.0014398378437174893,0.00039010955342533434,149,1,0.05015579312569538,-0.029977277322744796,0.0006749994924734178,2.21231653355761e-05,-3.6018850730364355e-05,0.004997745628496413
3.976,-2.4192527302915585,1.3538842694623687,-0.00023392783074183766,0.0005016882254871264,0.0025350546104263437,0.0004718692693117507,150,1,0.050172157415570705,-0.030008790371558732,0.0006587362854397882,2.2138340773795887e-05,-3.6775163633712645e-05,0.004994905754516362
4.001,-2.4191480969058325,1.3539977525904054,-0.00021693455807578695,0.002642625841575717,0.0034798581665951415,0.0004681247221594037,151,1,0.05005108707796012,-0.03010873939127094,0.0006429184469197474,2.2770851932102186e-05,-3.815295099108408e-05,0.004996022645365018
4.026,-2.4191205989994797,1.3540582623706985,-0.00021052159463396641,0.00145515621277959,7.497019648194963e-05,4.991377537955106e-05,152,1,0.05000174441082054,-0.030152345486831576,0.0006269336190325251,2.3938123096980736e-05,-3.91091170582166e-05,0.0049927237189819436
4.051,-2.4190753390951936,1.3540015011002295,-0.00021443886930693257,-0.0015098257660373148,-0.0027158453278097834,0.00018959831661113992,153,1,0.04994493916423124,-0.030102447257550187,0.0006094219754675485,2.4133215424159774e-05,-3.994973569957104e-05,0.004993575273874906
4.076,-2.4191960902877816,1.353922470104308,-0.00020104167880358005,-0.002818847220620323,-0.001772578266905362,-7.221847518223993e-05,154,1,0.05001586201545851,-0.03004381490897708,0.0005917338914097417,2.431808030514972e-05,-4.0866774950458965e-05,0.004987730469483852
4.101,-2.4192162814562246,1.3539128721868843,-0.00021804979306583175,-0.0007776178088025776,-0.0015391888851245875,0.00018285997736455523,155,1,0.04999912227607863,-0.030041544263813297,0.0005743121098494487,2.45299048247291e-05,-4.191996049903606e-05,0.004991287046955655
4.126,-2.4192349711782217,1.3538455106600518,-0.00019189867993541667,-0.0012885833077636067,-0.0008103535593306817,0.000666176668842058,156,1,0.04998353963271299,-0.02999790457133468,0.0005568386987412746,2.457761871165144e-05,-4.277065091291121e-05,0.004984271818248203
4.151,-2.4192807106216128,1.3538723545089177,-0.00018474095962357298,0.0013941314663679144,-0.0040390552719804665,0.0007440165540728598,157,1,0.04998748855288207,-0.030029314627342416,0.0005399647842581416,2.4093572632712936e-05,-4.335652838019779e-05,0.004980579568572537
4.176,-2.4191652646049033,1.3536435578964527,-0.00015469785223178883,0.00595644023668742,-0.005504687261712624,0.0010805320677853597,158,1,0.049872847365640335,-0.029870254981131043,0.0005245727267807585,2.253890371700035e-05,-4.401860923052425e-05,0.004972572398012765
4.201,-2.4189828886097784,1.3535971201458321,-0.00013071435623436358,0.001917650886245077,0.003303846910203146,-0.0001944646403284629,159,1,0.049725665151089254,-0.02986476165116768,0.000510602769858896,2.157847676779977e-05,-4.4717711103995226e-05,0.00496483693078634
4.226,-2.419069382060591,1.353808750241963,-0.00016442108424843285,-0.0005178997916654919,0.0026471384581893864,-0.0002570903997600701,160,1,0.04979131606415497,-0.030047433674764982,0.0004988420997499546,2.1422615804600315e-05,-4.430820709335045e-05,0.0049703015654809736
4.251,-2.4190087835993617,1.3537294770687416,-0.00014356887622233832,-0.0020278306078402937,-0.0015390627372635689,0.0002912125640541784,161,1,0.049742750435465055,-0.02999338167771998,0.0004907240340168968,2.0246425447323824e-05,-4.418518335917668e-05,0.004964650561374699
4.276,-2.419170773590983,1.3537317971050997,-0.00014986045604558845,-0.006610562583988534,-0.0025524975941415653,0.00018691925315117495,162,1,0.049857898907965194,-0.030006598053931445,0.00048368600137420976,2.0187186324403658e-05,-4.305745411302325e-05,0.004965476867167365
4.301,-2.419339311728561,1.3536018521890345,-0.00013422291356462857,-0.006997278259364162,-0.006628262289636334,0.0008915026161560067,163,1,0.049959722849355286,-0.02992188627836447,0.0004777870035538016,1.9172183357803738e-05,-4.2096451839964144e-05,0.004962079694510395
4.326,-2.4195206375039513,1.353400383990618,-0.00010528532523760396,-0.0015459750917390434,-0.002355955692103792,0.0005009400959199457,164,1,0.050056484656623,-0.029795383969831696,0.0004729325865272592,1.8322559768246497e-05,-4.1063630887060634e-05,0.004952217651735696
4.351,-2.419416610483148,1.3534840544044293,-0.00010917590876854307,0.006014405873813103,0.004655693234716308,-0.0003359460530472044,165,1,0.04993743565894117,-0.02988897508262826,0.00046869111514710217,1.872375081077926e-05,-4.115345784826236e-05,0.004951226371931542
4.376,-2.4192199172102606,1.3536331686523537,-0.00012208262788991728,0.006165389202852389,0.004449260537340309,9.566155115159381e-05,166,1,0.04977199287318109,-0.030015526688563134,0.0004660788066715453,1.8462645282204224e-05,-4.1381374120785e-05,0.004949857140951808
4.401,-2.4191083410230054,1.3537065174312963,-0.00010439283121104041,0.004842868241601312,0.002568919545278279,0.0008555661595455208,167,1,0.049694001993778845,-0.03006921826647947,0.00046504669804889803,1.75489403569315e-05,-4.1399804424922955e-05,0.0049437939136084495
4.426,-2.4189777737981806,1.3537616146296176,-7.930431991270391e-05,0.008087340926827865,0.003152511768638189,0.0005501176821898232,168,1,0.04961886062422697,-0.030100207099225666,0.00046408776918897176,1.6582729536355017e-05,-4.1852773348134946e-05,0.004939518505847341
4.451,-2.418703973976664,1.3538641430197282,-7.688694710135045e-05,0.00767725049996673,0.004070890021643529,4.730415996689902e-06,169,1,0.04945716192701545,-0.030159306819721215,0.0004610955007845646,1.5300713593949924e-05,-4.2767658309505465e-05,0.0049360253126887015
4.476,-2.4185939112731822,1.3539651591306998,-7.906779911266206e-05,0.0049661777482955935,0.006528002504744186,-0.0005930755745087084,170,1,0.049433444974635025,-0.030208048837779944,0.0004557427329117405,1.4254381363534855e-05,-4.3451432356511644e-05,0.004937201581545828
4.501,-2.4184556650892493,1.3541905431449655,-0.00010654072582681425,0.0024169195298551303,0.004399184620256251,-0.0008822391602070243,171,1,0.0493940074950656,-0.030336605448340805,0.0004489598829494048,1.3291779882066933e-05,-4.4267533882696104e-05,0.004942313936600281
4.526,-2.4184730652966895,1.3541851183617126,-0.00012317975712292607,0.003296519261795095,0.008757258443501423,-0.0013614139909812243,172,1,0.04946986414515713,-0.030283901514154013,0.0004406428859489431,1.2389001885073772e-05,-4.450677030220136e-05,0.004944133706008506
4.551,-2.4182908391261595,1.3546284060671405,-0.00017461142537592345,0.002541297324745137,0.01059334151935139,-0.0012081107203431969,173,1,0.04939900366093976,-0.03054822870270493,0.00043222052687260477,1.2774701152957288e-05,-4.555254961879807e-05,0.004954812490877262
4.5760000000000005,-2.4183460004304522,1.3547147854376802,-0.00018358529314019265,-0.0034826064355098067,0.00175220574558655,-0.00013906563193444348,174,1,0.04950367020797001,-0.03052418520570709,0.0004254925044507548,1.2332383043382043e-05,-4.664956951452209e-05,0.00495483086169418
4.601,-2.418464969447935,1.3547160163544198,-0.0001815647069728416,-0.006982441155445354,-0.0048396924798499615,0.0003105616577236969,175,1,0.04963472690111188,-0.0304463274438896,0.00041995856900315975,1.1740787217674178e-05,-4.819038223305067e-05,0.004949667946566293
4.626,-2.4186951224882245,1.3544728008136877,-0.00016805721025412254,-0.008150899260295249,-0.006151640488787379,0.00022714037462456897,176,1,0.04982189135385641,-0.030213588259565962,0.00041601429329856244,1.0366344141648721e-05,-4.8944327287748624e-05,0.0049438964024635075
4.651,-2.4188725144109497,1.3544084343299805,-0.00017020768824166493,-0.003607544185513247,-0.0013304667703906196,-2.1874783930897557e-05,177,1,0.04994637770359612,-0.030139358869683008,0.0004125630595591137,9.494943386690172e-06,-4.932330512026004e-05,0.004942770108184102
4.676,-2.4188754996975,1.3544062774751682,-0.00016915094945054427,-0.006226179177408664,0.00016748774756436308,8.375268965465801e-05,178,1,0.04993701488607026,-0.03011842634869499,0.0004086319795090646,9.409942597478651e-06,-4.969990430437023e-05,0.004946707011206032
4.7010000000000005,-2.41918382336982,1.3544168087173587,-0.0001660200537587393,-0.004494734656494985,0.0004917663391079703,6.45384196662493e-05,179,1,0.0501406619790617,-0.030109411227386623,0.0004039554705868307,9.618999401924736e-06,-4.853226168271043e-05,0.004944010321474304
4.726,-2.419100236430325,1.3544308657921236,-0.00016592402846715983,0.0017253443149556407,0.004957468678785677,-0.0010995401489211115,180,1,0.050049893490396305,-0.03010490627730377,0.0003980165343015751,9.999087267047999e-06,-4.830887573898975e-05,0.004939952716303588
4.751,-2.4190975561540724,1.354664682151298,-0.00022099706120496372,0.0075560028194132925,0.006260142918939083,-0.0017355157782983415,181,1,0.05003056121248512,-0.030250508562333772,0.00039021067932849736,1.0869322907520849e-05,-4.72637601691073e-05,0.0049528173673270845
4.776,-2.4187224362893542,1.3547438729380705,-0.0002526998173819129,0.009595070379333527,-0.0016200934156085426,-0.00025829003378774565,182,1,0.04976354160012591,-0.030268415525846547,0.0003810472171030764,1.1317764020553516e-05,-4.639331646768883e-05,0.004961410266112879
4.801,-2.4186178026351057,1.3545836774805176,-0.0002339115628943028,0.003247648018120895,-0.007905226606159553,0.0005159891492745243,183,1,0.049718861221533996,-0.030120681519458032,0.0003702146762387574,1.163624426375502e-05,-4.537281322519237e-05,0.004958738082072384
4.8260000000000005,-2.418560053888448,1.3543486116077625,-0.0002269003599182972,0.000810025940038986,-0.004438488002667123,0.00024495276370828465,184,1,0.049712857449174606,-0.029945337647012436,0.00035803085435488503,1.1573897394295109e-05,-4.435844359015666e-05,0.004956550540604698
4.851,-2.418577301338104,1.3543617530803842,-0.00022166392470885653,0.002032539115539585,0.0034713883217785246,-3.722821443119542e-05,185,1,0.049760201359514665,-0.029962664462899295,0.0003446595673347766,1.259146704140788e-05,-4.388234639124353e-05,0.004952990023843678
4.876,-2.418458426932671,1.3545221810238515,-0.0002287617706400017,0.0015982864439045897,-0.0004750239774153914,0.00028225409034021807,186,1,0.0497118888555756,-0.030075612594774252,0.0003294781696726177,1.4171198654555105e-05,-4.396248785993091e-05,0.004956251597442637
4.901,-2.4184973870159086,1.3543380018815134,-0.00020755122019195315,0.00048496347290871884,-0.008200565694833658,0.0012455762101204514,187,1,0.049775802014520566,-0.029941991890981786,0.00031259715300078204,1.420441080497364e-05,-4.341184200588529e-05,0.004953305190409408
4.926,-2.4184341787590258,1.3541121527391098,-0.00016648296013393213,0.004739672630513713,-0.007964081721749559,0.0012331106646268177,188,1,0.049762220706394654,-0.02980168875985797,0.00029485395417705045,1.455272240524554e-05,-4.331632545135496e-05,0.004944932395218907
4.9510000000000005,-2.418260403384383,1.353939797795426,-0.0001458956869604481,0.001335069370744795,-0.00485180505400697,0.0003093057472725047,189,1,0.04967851871738907,-0.029720163507056196,0.0002776063236431846,1.453905813949115e-05,-4.3343766691004285e-05,0.004940616916899615
4.976,-2.4183674252904885,1.3538695624864094,-0.00015101767277037073,-0.005368878232614468,-0.0022575636953892165,0.00026970600677245313,190,1,0.04979388288655892,-0.02971875654679235,0.00026046684048301505,1.5018821657323037e-05,-4.251444236696194e-05,0.0049399902786033045
5.001,-2.4185288472960136,1.3538269196106565,-0.00013241038662197436,-0.003326373865242272,-0.003027609273127407,7.347043079697383e-05,191,1,0.04992716314249499,-0.029736833205348933,0.00024283995002315732,1.5371066796832638e-05,-4.181731103285072e-05,0.0049335012176514505
5.026,-2.4185337439837507,1.353718182022753,-0.00014734415123071674,0.0014665235868083267,-0.001206291082529458,-1.4403652706107601e-05,192,1,0.049938680968585315,-0.029708808978597883,0.0002258812953968647,1.589237849806324e-05,-4.199085903981152e-05,0.004932258133464352
5.051,-2.418455521116673,1.35376660505653,-0.00013313056925714145,0.004489333607820016,0.00544618205467364,0.0004318789748225542,193,1,0.04989572644037072,-0.029789536127656467,0.0002094002050885058,1.6825722328051023e-05,-4.2243598611123746e-05,0.004929230823222044
5.076,-2.4183092773033597,1.3539904911254868,-0.0001257502024895674,-0.0028193749705352033,0.006537300014599646,-0.00019564711309705344,194,1,0.049815571275278046,-0.029972862630524583,0.00019391774597114032,1.726580345763733e-05,-4.216129848021487e-05,0.004928338524076783
5.101,-2.4185964898652,1.35409347005726,-0.0001429129249121577,-0.007795359128310753,0.0007140433114471887,-0.00017947120757532987,195,1,0.05003000894012799,-0.03004855575794211,0.00017951137951795245,1.7356322007826488e-05,-4.1398411518585544e-05,0.004930691283712268
5.126,-2.418699045259775,1.354026193291059,-0.00013472376286832093,-0.007724241244719848,-0.006128612285434287,0.0012062988403904783,196,1,0.050092529501020236,-0.030001927078701928,0.00016620487830237406,1.7329962402036753e-05,-4.10347263403008e-05,0.004928813579227131
5.151,-2.418982701927436,1.3537870394429883,-8.259798289267863e-05,-0.007331116443145573,-0.002405743634410493,0.0008484010350162693,197,1,0.05026426040437033,-0.029849615443507675,0.00015404779714603664,1.6495083092479556e-05,-4.020627678837775e-05,0.004917416222508572
5.176,-2.4190656010819325,1.3539059061093386,-9.230371111765818e-05,-0.0037289414637253905,0.0033961243602398505,-0.00022694875862150436,198,1,0.05028102821956839,-0.029950491425383075,0.00014200043484824626,1.6444982619278202e-05,-4.030680735664663e-05,0.004920309985249829
5.201,-2.419169149000622,1.3539568456610003,-9.39454208235618e-05,-0.0045543801692726925,0.0026240026819524067,-0.00023565328459263042,199,1,0.05030812557932417,-0.02999280860165682,0.00012909773989347914,1.5903071662443666e-05,-4.058795701299791e-05,0.004920974755921686
5.226,-2.419293320090396,1.3540371062434362,-0.00010408637534742245,-0.0003498581648120286,0.0008817806345051567,4.645147407167306e-05,200,1,0.05034379335898899,-0.03004647838029909,0.00011620759367934651,1.5666807643894266e-05,-4.076683662118714e-05,0.004922083234844138
5.251,-2.419186641908863,1.3540009346927255,-9.162284712008203e-05,0.006030228712488061,-0.0018459642115864548,0.00016268506774608284,201,1,0.050224998018292145,-0.03001665127207207,0.00010216407365471782,1.5061978025864848e-05,-4.149769461278442e-05,0.004921524984517909
5.276,-2.4189918086547717,1.3539448080328569,-9.5952121960297e-05,0.0067872402089630655,-0.0015077310950406596,-0.00021701976470112148,202,1,0.0500692208622463,-0.029978429858836298,8.734531463962933e-05,1.4812039305093122e-05,-4.1778337577546644e-05,0.004919847947242019
5.301,-2.4188472798984146,1.3539255481379735,-0.00010247383535497964,0.00461927456573365,-0.0011674200636191442,-0.00030675503109201083,203,1,0.049971513119413856,-0.02996961883718882,7.158709238833365e-05,1.4394577556326535e-05,-4.1446875939755485e-05,0.004920401896524605
5.326,-2.418760844926485,1.353886437029676,-0.00011128987351483612,-0.0012382660605325712,-0.0014252304371176244,-5.4339112542933966e-05,204,1,0.049926678797344935,-0.029951081472028275,5.551766198628575e-05,1.3763361290767276e-05,-4.1221285423443083e-05,0.004919642307641499
5.351,-2.4189091932014413,1.3538542866161176,-0.00010519079098214094,-0.0015222503520106795,-0.0024985753410344458,0.0001797012011106577,205,1,0.050039956863671936,-0.02993809982495033,3.955290124897693e-05,1.3129025059578508e-05,-4.058833050963724e-05,0.004915963549408907
5.376,-2.4188369574440856,1.3537615082626242,-0.00010230481345919219,0.0006585891133958934,-0.003514272228981609,0.00029530732180482847,206,1,0.0499965773603536,-0.029888076476146025,2.432770694177623e-05,1.2480522429244316e-05,-4.0527702426426364e-05,0.004915150001158386
5.401,-2.4188762637457715,1.3536785730046685,-9.042542489170056e-05,-0.0013412925803013612,0.004603850117579372,-0.0006685330771727417,207,1,0.05002994137878927,-0.029852540569653762,9.626368370213607e-06,1.228865157152816e-05,-4.0322355741630114e-05,0.004910287294573455
5.426,-2.4189040220731006,1.3539917007685032,-0.00013573146731767947,-0.00304601049864851,0.008796849715073694,-0.0006303492413728429,208,1,0.05005305772862163,-0.030074807849711414,-4.1072585586467624e-06,1.254558258883139e-05,-4.0400221175857644e-05,0.004917133264850724
5.451,-2.419028564270704,1.3541184154904222,-0.00012194288696034757,-0.0019267679867596213,-0.000635394081900389,-4.271439034475592e-05,209,1,0.050134980460470824,-0.030145615345445693,-1.6571584767207355e-05,1.237723892410483e-05,-3.9976487180996464e-05,0.0049149807310229195
5.476,-2.4190003604724386,1.3539599310644082,-0.00013786718683512486,-0.0037659705566017187,-0.00301456080273428,-0.00028690094065808174,210,1,0.050109104509273444,-0.030026145931948266,-2.726045079822082e-05,1.1869671132270446e-05,-3.960567410848778e-05,0.004916249053264937
5.501,-2.419216862798534,1.3539676874502855,-0.00013628793399341732,-0.0073820617050213404,0.0005882607298524099,0.000627901787053633,211,1,0.050239778078691025,-0.03002704528415653,-3.5977329256096784e-05,1.1901559835707701e-05,-3.8663414744716854e-05,0.004915406682693571
5.526,-2.4193694635576897,1.3539893441009008,-0.00010647209748257821,-0.001374090604997496,-0.00011375445436279149,0.0013926407713071903,212,1,0.05031352233117616,-0.030034481970428396,-4.34787462068179e-05,1.1960468979179175e-05,-3.802949434211486e-05,0.004911027790419054
5.551,-2.419285567328784,1.3539619997275674,-6.665589542794038e-05,-0.0003492841685837028,-0.003015328545665731,0.0013047158379819548,213,1,0.05023261444001157,-0.030010775681033518,-5.141090882215322e-05,1.204726387053753e-05,-3.785975312818918e-05,0.004906696123108735
5.5760000000000005,-2.419386927766119,1.3538385776736175,-4.1236305583508926e-05,-0.0006345199139001801,-0.004964564621339224,0.0005132635475924037,214,1,0.050281201622241825,-0.029930385179815278,-5.976518258528191e-05,1.2192928376745332e-05,-3.730533296891004e-05,0.00490292551250994
5.601,-2.419317293324479,1.3537137714965004,-4.099271804838857e-05,0.004666905552888084,0.0052687957828778855,-0.0004550773218436904,215,1,0.05021681416932971,-0.02986086023261837,-6.888677760454472e-05,1.2027035143491475e-05,-3.761200752444602e-05,0.00490128503704427
5.626,-2.4191535824884745,1.3541020174627614,-6.399017167585165e-05,0.0013682560961925153,0.010728789136607058,-0.0007103100396044251,216,1,0.050103884369381846,-0.03011757867344537,-7.741146005719162e-05,1.3380240818071052e-05,-3.791588275986942e-05,0.004906590385103514
5.651,-2.4192488805196692,1.3542502109533308,-7.65082200285866e-05,-0.00019202653240846314,-0.00028625501170775994,3.905679260896036e-05,217,1,0.05016454420232255,-0.03018836985580097,-8.513549062679473e-05,1.3915617294054319e-05,-3.7701266248734415e-05,0.004908494689789487
5.676,-2.419163183815095,1.354087704712176,-6.203733204554117e-05,0.006029429517280163,-0.0025039981303231684,0.0005460055617856263,218,1,0.050104702993321995,-0.03005927032758065,-9.244623602477991e-05,1.3661618909988653e-05,-3.798851341331028e-05,0.0049070969414029475
5.7010000000000005,-2.4189474090438052,1.3541250110468146,-4.920794193935677e-05,0.005330821901292656,-9.098481972724703e-05,0.00019014836212250043,219,1,0.04997477292839652,-0.030069949673016617,-0.00010066653458586672,1.3368263821564499e-05,-3.7940595182013754e-05,0.004904358057552334
5.726,-2.4188966427200302,1.3540831554711896,-5.2529913939424864e-05,0.00484579847938706,-0.0024962819355245445,0.0002862816100446263,220,1,0.04996736164496668,-0.030029580850017796,-0.00010904973029578013,1.3176023041114566e-05,-3.78931159462554e-05,0.004905043386266639
5.751,-2.418705119119836,1.3540001969500384,-3.489386143691986e-05,-0.001015453540968995,-0.003147511667842562,0.00037039093381707874,221,1,0.049875661942981236,-0.02996899847138822,-0.00011800567837524113,1.2651516168189965e-05,-3.840661938087246e-05,0.004902616445016703
5.776,-2.4189474153970787,1.3539257798877975,-3.40103672486467e-05,-0.007944398819539372,-0.0058595559081586965,0.0006851096980486939,222,1,0.05006116821555347,-0.02992410501588188,-0.00012602375732515336,1.2638513567941256e-05,-3.850836027990508e-05,0.004902861285736221
5.801,-2.419102339060813,1.3537072191546304,-6.38376534666999e-07,-0.00188319459700101,-0.006516416856636638,0.0007190049980731925,223,1,0.05016567985549585,-0.029799822188051883,-0.0001331314253354425,1.2439885291401352e-05,-3.8445650943570106e-05,0.0048972895796694504
5.8260000000000005,-2.4190415751269287,1.3535999590449657,1.9398826551622552e-06,0.0019688204149748215,0.0004519055026408497,-0.00033624225970641083,224,1,0.05012479030244399,-0.029760036521603552,-0.0001400091943551071,1.1860144550483332e-05,-3.88279697819498e-05,0.004897789745682555
5.851,-2.419003898040064,1.3537298144297625,-1.7450489519952382e-05,0.002816325236612026,0.002031654124556866,-0.0006788596460527453,225,1,0.050103319482979906,-0.02986577323338884,-0.0001464520583153385,1.2067005820085102e-05,-3.91564606070847e-05,0.004902372788917093
5.876,-2.418900758865098,1.3537015417511935,-3.200309964739347e-05,0.002839007834003492,-0.0028825379414865286,-0.00033963618569998863,226,1,0.05004271842354645,-0.02985813820248163,-0.00015191522610976573,1.2396909015169086e-05,-3.993350307338571e-05,0.004903058265100537
5.901,-2.418861947648364,1.3535856875326882,-3.4432298805028685e-05,0.0012929284780316453,-0.001676917701018971,-0.0008388658994640282,227,1,0.05002843584807898,-0.029799548667031932,-0.0001574435372171915,1.2465433104388572e-05,-4.047633380693427e-05,0.0049018253969115655
5.926,-2.4188361124411966,1.3536176958661426,-7.394639462069033e-05,0.0011326529574784256,0.0033751307080187106,-0.0011366193171102718,228,1,0.050025872535725296,-0.0298391429269616,-0.0001632334687637524,1.271708848352022e-05,-4.0833993578305114e-05,0.004906307538281161
5.9510000000000005,-2.41880531500049,1.353754444068089,-9.126326466049987e-05,-0.004955831685542495,0.002880884323075438,3.613014144754358e-05,229,1,0.050022826680246484,-0.029934943534922338,-0.00016979852420035852,1.2889181697942182e-05,-4.115016704381039e-05,0.004907614663451067
5.976,-2.4190839040254737,1.3537617400822963,-7.21398875483463e-05,-0.009705907093531287,-0.002197330014603879,0.0009269308734172232,230,1,0.050205474753662264,-0.02994028143452941,-0.00017656531467103768,1.2575296886233473e-05,-4.1560613763156735e-05,0.004903452793851185
6.001,-2.4192906103551666,1.353644577567359,-4.491672098968019e-05,-0.010143514627891684,-0.000680303894449177,0.00020842397958631482,231,1,0.05031596685186367,-0.02987089566163429,-0.00018356029975481695,1.1666543611831646e-05,-4.1583476422473194e-05,0.004897631979851465
6.026,-2.4195910797568683,1.3537277248875739,-6.171868856881775e-05,-0.007662467130540334,0.0016868834632122248,-0.0005000174652991535,232,1,0.05046555724316775,-0.02993002150990482,-0.00019184826130808145,1.071008527144039e-05,-4.162185821089702e-05,0.0048995422327174016
6.051,-2.4196737337116936,1.3537289217405195,-6.991759425471186e-05,-0.0006463710773818599,0.0035438252087338766,-0.0005564498132937265,233,1,0.05046321172048113,-0.029930657275494627,-0.00020070141558203332,9.832504806033343e-06,-4.209898958435347e-05,0.004900217073044949
6.076,-2.4196233983107374,1.3539049161480106,-8.954117923352714e-05,0.004115550335397359,-0.002120497863304934,-0.0002824195301442966,234,1,0.05038349774354309,-0.030032123270634613,-0.00020948830568503585,9.330541061883651e-06,-4.277931812063797e-05,0.004902664095494733
6.101,-2.4194679561949237,1.3536228968473543,-8.403857076183277e-05,0.0005431308783432266,-0.0038183514642397567,-0.000325307840762785,235,1,0.05025282535512088,-0.029851971856413057,-0.00021959204745016436,8.591252890065401e-06,-4.379730396976986e-05,0.004897961916776363
6.126,-2.41959624176682,1.3537139985747986,-0.00010580657127172031,-0.0031245124894940914,0.00677214995391753,-0.0005602314759212154,236,1,0.050309309484928046,-0.029918519531432212,-0.00023032906699704277,8.582500446979091e-06,-4.4128281995474946e-05,0.004899806882102332
6.151,-2.4196241818193984,1.3539615043450501,-0.00011205014455797974,0.004942180741753805,0.0071943947172270735,-0.0009349608724207348,237,1,0.05029777406976928,-0.030068158412990785,-0.0002405495433894298,8.68855935330793e-06,-4.4326028237688875e-05,0.004902413487804429
6.176,-2.4193491327297325,1.35407371831066,-0.0001525546148928093,0.014291670283999075,0.005073324349593751,-0.0008461034910123319,238,1,0.050109979599273935,-0.03011597925281553,-0.0002514144034321338,8.95939420493744e-06,-4.5027852723923395e-05,0.004905539292523618
6.201,-2.4189095983051985,1.3542151705625298,-0.0001543553191085643,0.010838713536047744,0.0041354066692767125,-0.0007397285228449872,239,1,0.049853426137598994,-0.030174915672044816,-0.0002629693465567474,9.373204306372865e-06,-4.60953454134309e-05,0.004905691889932579
6.226,-2.41880719705293,1.3542804886441238,-0.00018954104103524881,0.005452964304479758,-0.005185227657942197,-0.0007204335095245438,240,1,0.04983101355416389,-0.030182754983899815,-0.000274714438074459,9.922813311092652e-06,-4.661596578446194e-05,0.0049097308901281545
6.251,-2.4186369500899745,1.3539559091796327,-0.0001903769945848627,-0.006113547852493206,-0.00785953391097663,0.0005666146495819667,241,1,0.04977201704770218,-0.029964251310850114,-0.0002863459285613477,9.420464175051626e-06,-4.677982134246786e-05,0.004905004313147835
6.276,-2.419112874445555,1.353887511948575,-0.0001612103085561309,-0.009837117216813275,-0.0022803656045944447,0.0004962090860516372,242,1,0.05009363423664708,-0.029925051424090555,-0.00029800090235162813,9.592189257912157e-06,-4.5786755234464734e-05,0.004899913487739518
6.301,-2.419128805950815,1.353841890899403,-0.00016556654028239518,-0.0019729779536881223,-0.0028550109607428198,8.953303545666844e-05,243,1,0.050102327873587274,-0.029905408511540908,-0.0003093400812792213,9.60617508388686e-06,-4.5619988713069185e-05,0.004899727440737111
6.326,-2.419211523343239,1.3537447614005378,-0.00015673365678313728,-0.006338296235028929,-0.001754547066847862,0.0005202042900087652,244,1,0.050145688108544195,-0.029860639850867947,-0.0003196093343535048,9.738838584373424e-06,-4.499398396864044e-05,0.004897783968202361
6.351,-2.4194457207625666,1.3537541635460606,-0.0001395563257819679,-0.0007010338994728371,0.0022886222519646567,0.0007422853984628725,245,1,0.05026947692369765,-0.029884380993474482,-0.0003283641780273424,1.0009694560336723e-05,-4.3873199925418775e-05,0.004895463022914789
6.376,-2.419246575038213,1.353859192513136,-0.00011961938685999697,0.00819442310071142,0.00469122270263968,0.000455105052354911,246,1,0.05012670303634218,-0.029959965731506,-0.00033506711681615336,1.0780890884076215e-05,-4.322908254223985e-05,0.004891907493934647
6.401,-2.419035999607531,1.3539887246811926,-0.00011680107316419788,0.007036837596636783,0.0025017151235440325,2.0947600622989245e-05,247,1,0.050000416594058794,-0.030038187700220747,-0.0003397442319113305,1.1354762210972523e-05,-4.2920142147730966e-05,0.004892407270491577
6.426,-2.418894733158381,1.3539842782693132,-0.00011857200682877008,0.0024495133468249806,0.004281449857783686,-0.0005388660513272489,248,1,0.0499320837289181,-0.030024657299112353,-0.00034281134596925,1.1476089898063242e-05,-4.2605760290492865e-05,0.004890743742081544
6.451,-2.4189135239401898,1.3542027971740818,-0.0001437443757305678,0.006020985936663358,0.00465927357256925,-0.000492362398816228,249,1,0.049965600182164,-0.030137856013574264,-0.00034408850729887385,1.1180817944953608e-05,-4.261709648887349e-05,0.004894440194553965
6.476,-2.418593683861548,1.3542172419479417,-0.00014319012676953448,0.006736939492100096,0.002011368800407503,-0.00018670354189786754,250,1,0.04980447517501928,-0.030117843693907565,-0.00034491366409875285,1.0456193873823965e-05,-4.275530213098108e-05,0.004894903574168836
6.501,-2.4185766769655848,1.3543033656141021,-0.000153079552825469,-0.00012488845117175672,0.001445980639243066,-0.00038769648640801926,251,1,0.04983787071667179,-0.030138414415123205,-0.0003470820437151094,9.99824730198328e-06,-4.22272878014139e-05,0.004896789658400882
6.526,-2.4185999282841064,1.3542895409799038,-0.0001625749510901373,-0.004678798925787947,0.001547662614380668,-0.0002585014676714801,252,1,0.04988983309503132,-0.03009741920819684,-0.0003500142888637173,9.53592890159273e-06,-4.1805133910227705e-05,0.0048962549222092205
6.551,-2.418810616911874,1.3543807487448212,-0.0001660046262090136,-0.008145120210958251,0.0028717528637888937,-0.0003430323167830047,253,1,0.05004113490717294,-0.030121026503978948,-0.00035368451598828253,9.193940642112431e-06,-4.058540370842141e-05,0.004896623937063275
6.5760000000000005,-2.4190071842946543,1.3544331286230933,-0.0001797265669290782,-0.003079455772132544,-0.002946190859600694,0.000227582681535666,254,1,0.05016424613901382,-0.03012126346946484,-0.00035822514575512725,8.842479989683761e-06,-3.9785367357848005e-05,0.004900577657278216
6.601,-2.418964589700481,1.3542334392018411,-0.00015462549213203424,0.0036807710572706173,-0.0004668565581145162,0.00038568934140670443,255,1,0.050138697658538914,-0.02998135823360027,-0.00036362880249705336,8.17566091963204e-06,-3.9442525805815954e-05,0.004895581639490479
6.626,-2.418823145741791,1.3544097857951876,-0.00016044209985882374,0.008229846557252814,0.0019177227663691521,-0.0002637007745853746,256,1,0.050062752962236605,-0.03007127370893951,-0.00036945881659781646,8.364869355040813e-06,-3.937080395853009e-05,0.0048970904950913505
6.651,-2.418553097372618,1.3543293253401596,-0.00016781053086127053,-0.0033360903464174758,-0.004313441568037939,7.543979755553237e-05,257,1,0.04992758461713331,-0.030004711762188715,-0.00037563403434465095,8.054265327053522e-06,-3.924753214616785e-05,0.004896642892309131
6.676,-2.4189899502591117,1.3541941137167857,-0.00015667010998099456,-0.006661818938384817,-0.003307838796615623,2.7446368360272865e-05,258,1,0.050205359528447256,-0.02991901181133463,-0.00038238840481497565,7.660661645949058e-06,-3.7356894052060486e-05,0.004893891080911365
6.7010000000000005,-2.4188861883195374,1.3541639334003288,-0.0001664382124432055,0.004116328944929763,-0.00530967842196974,7.60499011853713e-05,259,1,0.050142196495577246,-0.029905187615552893,-0.00038961263328137646,7.395476314150629e-06,-3.666924084493789e-05,0.004893879433839127
6.726,-2.418784133811865,1.3539286297956872,-0.00015286761492193208,0.00310485210318846,-0.0075401915346962325,0.00105625279603672,260,1,0.05008835757951796,-0.029781101053935544,-0.00039668934691222804,6.879651944916446e-06,-3.605915739105443e-05,0.004890499814132537
6.751,-2.418730945714378,1.353786923823594,-0.00011362557264145468,0.0047586846734226805,-0.0068189296472587445,0.001229553066286475,261,1,0.05006953824263081,-0.0297277266027585,-0.0004036639971345656,6.75826368415681e-06,-3.568605755091112e-05,0.004885487786139863
6.776,-2.418546199578194,1.3535876833133242,-9.138996160778837e-05,-0.0031650275238881533,-0.003446543739236153,0.00038694105639614087,262,1,0.04998046073515421,-0.029651549365861098,-0.0004102856457272107,6.647421814927521e-06,-3.5704519867605116e-05,0.004882796146906328
6.801,-2.4188891970905724,1.3536145966366322,-9.427851982183306e-05,-0.0027631580837627783,0.0002416928233150949,-0.00015130110429417484,263,1,0.05019251719154126,-0.029712444414689707,-0.0004160973066575344,6.745451967620124e-06,-3.476708278578304e-05,0.004882897450443275
6.8260000000000005,-2.418684357482382,1.35359976795449,-9.895501682257392e-05,0.006365002856361124,0.004701550922900938,-0.0002987755446870477,264,1,0.0500711290026243,-0.02974193905347264,-0.0004212571027042954,6.6846872640309e-06,-3.511290344154445e-05,0.004883008714586396
6.851,-2.4185709469477543,1.3538496741827772,-0.00010921729705632048,-0.00029026370193641174,0.00788887884363823,-0.0007899432556701697,265,1,0.05001656960838411,-0.029911260380584555,-0.00042695447236364744,6.7727346561631605e-06,-3.5242849021368136e-05,0.004884480233227029
6.876,-2.418698870667479,1.353994211896672,-0.000138452179606002,-0.008910234358960909,0.00384489962759639,-0.0005791938356214408,266,1,0.050100928081399085,-0.029995331953955023,-0.0004330249140154795,6.684699733563836e-06,-3.534086822557426e-05,0.004887749091524663
6.901,-2.4190164586657024,1.354041919164157,-0.00013817698883738247,-0.002428413636419444,0.003961147734896656,-0.0002655817047259044,267,1,0.05027562558994458,-0.030013089465650438,-0.0004393528360475442,6.274415181860717e-06,-3.561923260276232e-05,0.0048864756306917475
6.926,-2.4188202913493,1.3541922692834167,-0.00015173126484233163,0.003046613418531364,-0.0011221655493675992,0.00021385050067656815,268,1,0.05014392230906433,-0.030082998474252564,-0.0004458344720587418,6.263844653934829e-06,-3.634727813294449e-05,0.004888012185646889
6.9510000000000005,-2.418864127994776,1.3539858108866887,-0.00012748446380374606,-0.001994476674722641,-0.003747223843015859,0.0006304919639177365,269,1,0.05016090407745639,-0.02995058106252874,-0.0004528400902346545,5.584294765703333e-06,-3.642773040644707e-05,0.004882657120745044
6.976,-2.418920015183036,1.354004908091266,-0.00012020666664622686,-0.0004584106504879076,0.0018657656095877396,0.00012574739180593085,270,1,0.05018071214607156,-0.02996067946143707,-0.00046005683203168745,5.05463141927358e-06,-3.68323514405354e-05,0.0048824904721702376
7.001,-2.4188870485273,1.354079099167168,-0.00012119709421359753,0.004849216210356406,0.0013281460395075987,-0.00037125671861204653,271,1,0.050148769729061064,-0.02999919599215814,-0.0004674223568362986,4.77207001768197e-06,-3.6820052387541065e-05,0.004882263810929021
7.026,-2.4186775543725183,1.3540713153932413,-0.00013876950257678088,0.005254001738732602,-0.004629605873871528,-1.3422596492063169e-05,272,1,0.050027853034782035,-0.029987872182976497,-0.0004745822186193333,4.255618446537963e-06,-3.707749456962472e-05,0.004885037304404466
7.051,-2.4186243484403636,1.3538476188734745,-0.00012186822403808926,0.004244120622098905,-0.002338009380977732,7.510245850994606e-05,273,1,0.05000978656773905,-0.029862407888754067,-0.0004813031264765788,3.7825223217209302e-06,-3.699731306216123e-05,0.004882247801981727
7.076,-2.4184653483414134,1.3539544149241924,-0.00013501437965116912,0.0008463615550802247,-0.0007947604460989439,0.00030565559757001035,274,1,0.049938553382905225,-0.029933391057512408,-0.00048737918691379794,4.108853859496188e-06,-3.7311407716930586e-05,0.004883902440457272
7.101,-2.4185820303626095,1.3538078808511695,-0.000106585444159754,-0.0009075066733377084,-0.001812469162256721,1.5877332799618444e-05,275,1,0.05002483066622818,-0.029859172444104864,-0.0004920964370956059,3.916981628448237e-06,-3.7495886535391247e-05,0.004879568916225932
7.126,-2.4185107236750802,1.3538637914660796,-0.00013422051301110904,-0.0006585256940194763,-0.000257083746979526,-0.0007620222592219533,276,1,0.04999713448963842,-0.029905666463385463,-0.0004947362155054314,4.25920216540832e-06,-3.809111236187918e-05,0.00488250128908844
7.151,-2.4186149566473105,1.3537950266638206,-0.00014468655712092488,-0.00656750867371161,-0.0019378528045166446,0.0003343004148437257,277,1,0.0500688644068431,-0.029879580822956255,-0.0004960193874226946,4.498114039768906e-06,-3.836061933976238e-05,0.004880476743662677
7.176,-2.418839099108766,1.3537668988258538,-0.00011750549226883409,-0.008988745722851053,-0.0026334871515754183,0.001085082758791604,278,1,0.050194509457695415,-0.029879886612025616,-0.0004961155485086496,4.728785248319887e-06,-3.893326860322682e-05,0.004877705614235297
7.201,-2.419064393933453,1.3536633523062418,-9.043241918142045e-05,-0.004577863127268616,0.0007393483598860965,0.0002766677561272256,279,1,0.0502993788602165,-0.029841608756725167,-0.0004964561883187146,4.822708546951659e-06,-3.897032395623007e-05,0.004872475945103111
7.226,-2.4190679922651293,1.353803866243848,-0.00010367210446227372,-0.0001728039211723573,-0.001476702236034001,0.00037232497193783766,280,1,0.05027055661536676,-0.029938800401803467,-0.0004974720199019506,5.719347938607241e-06,-3.9436296644286914e-05,0.0048736524433170844
7.251,-2.4190730341295117,1.35358951719444,-7.181617058466094e-05,-0.0026174653473187794,-0.00844409838360874,0.0012209512999650273,281,1,0.050248439652722104,-0.029835710997589655,-0.0004994356888560314,5.823294005830696e-06,-3.982524284083872e-05,0.004868381003956487
7.276,-2.419198865532495,1.3533816613246676,-4.2624539464050956e-05,-9.307178596706966e-05,-0.0013085903378007348,0.0005393702090206196,282,1,0.0502939020360765,-0.029753170074219154,-0.0005020411109549507,5.736108990829298e-06,-4.014096802208349e-05,0.004862878103923916
7.301,-2.41907768771881,1.35352408767755,-4.4847660133845536e-05,-0.0001106330910705115,0.006537483120636646,8.247632441005267e-05,283,1,0.05020323356902436,-0.029868239419370012,-0.0005051344628800419,6.006056109578512e-06,-4.048292085063517e-05,0.00486302118763777
7.326,-2.4192043971870487,1.3537085354806995,-3.8500723243599884e-05,-0.001084529748931477,0.004561373884808278,0.0005966164751658475,284,1,0.05025636459645026,-0.029986395707591148,-0.0005095081325312107,6.13630805227191e-06,-4.021465484770362e-05,0.004862639952335236
7.351,-2.4191319142062566,1.3537521563717905,-1.5016836375496497e-05,-0.002223692288376679,-2.930194332950678e-05,0.0005892738156631966,285,1,0.05019863300487677,-0.030012053847773626,-0.0005150342661507298,6.418546129511768e-06,-4.0531973383389376e-05,0.004859459078607745
7.376,-2.4193155818014676,1.353707070383533,-9.037032460538475e-06,-0.00037804797506702095,0.001309919471408354,-0.0005003579370033168,286,1,0.05028006221401503,-0.02998785289431329,-0.0005209612799869546,6.811148115647078e-06,-4.046972164495781e-05,0.0048580028197512
7.401,-2.41915081660501,1.353817652345361,-4.0034733225606746e-05,0.00783835962106852,0.00022617943800540356,-0.00098138796137626,287,1,0.05016774637660626,-0.03004866000611016,-0.0005266702728804764,7.48279433521938e-06,-4.080702290981797e-05,0.00486177687967038
7.426,-2.418923663820414,1.3537183793554333,-5.81064305292798e-05,0.010428242064790575,-8.599518004803772e-05,-0.0002559666999069075,288,1,0.050040947302573774,-0.029992612114926005,-0.0005319521388804183,7.688757076099358e-06,-4.11084787834002e-05,0.004862409404627857
7.451,-2.4186294045017704,1.3538133525863585,-5.283306822083636e-05,0.003982854605144595,0.0037107466801167407,0.00016460310884980404,289,1,0.049899168764058074,-0.030048826366593017,-0.0005367182990849014,8.01418991858816e-06,-4.09210211466736e-05,0.004861395395665053
7.476,-2.418724521090157,1.353903916689439,-4.987627508684065e-05,-0.004252278837419904,0.0002613175087917659,5.6688122542779855e-05,290,1,0.04997821030900214,-0.030094411615373583,-0.0005409503829856317,8.192921494179416e-06,-4.039078669798469e-05,0.00486099536057858
7.501,-2.4188420184436414,1.353826418461798,-4.9998662093552155e-05,0.00040089443431590296,-0.00039414536268545105,0.0002782617198704439,291,1,0.0500552384973808,-0.030046598719873904,-0.0005442886442713633,7.686852384037648e-06,-4.002312216058505e-05,0.004861098918777771
7.526,-2.418704476368441,1.3538842094213048,-3.5963189093490806e-05,0.0027617954991399174,0.006315002277772508,-0.0002922276625039199,292,1,0.04999111450644089,-0.03007681901437376,-0.000546917454172567,6.7843642494526e-06,-4.033217882925773e-05,0.004860246406712937
7.551,-2.4187039286686844,1.3541421685756867,-6.461004521874343e-05,-0.009131947752391992,0.008442359291267345,-0.000833409466123302,293,1,0.05000681575903324,-0.030205988672659816,-0.0005489681051432723,6.284062404572216e-06,-4.047227086301498e-05,0.004863415954071598
7.5760000000000005,-2.4191610737560607,1.3543063273858682,-7.763366239944834e-05,-0.008816635884487698,-0.00037658322862288565,0.00045086352224999067,294,1,0.05025484965170918,-0.030268604516067478,-0.0005506549724509694,6.1356849490636705e-06,-3.964088890283947e-05,0.004866390300455002
7.601,-2.419144760462909,1.3541233394142556,-4.2066869106187605e-05,-0.004113018801650285,-0.00586663524797084,0.0009097850488259983,295,1,0.050224702474085774,-0.03014511799380486,-0.0005524262029138918,5.299794985353584e-06,-3.9552929165349286e-05,0.004860863179945329
7.626,-2.4193667246961432,1.3540129956234697,-3.214440995825758e-05,-0.004819172278924828,0.0031986903479275354,-0.0004847531477913964,296,1,0.050322907723307206,-0.030078016385364732,-0.0005548035721843306,4.549827206944085e-06,-3.905819014471114e-05,0.004858026533949765
7.651,-2.419385719076855,1.354283273931652,-6.630452649588069e-05,0.0016237922963036114,0.008838274545972555,-0.000986018353286159,297,1,0.05030306750936536,-0.030215667642222034,-0.0005578368659700002,4.165688670492688e-06,-3.8847830066309716e-05,0.004862719027985578
7.676,-2.419285535081328,1.3544549093507683,-8.144532762238388e-05,0.002816261447904327,0.0019148480699237864,-0.0006970707729436655,298,1,0.05022454051548687,-0.030283262015503496,-0.0005611590682534337,3.6428011723037554e-06,-3.903207382788367e-05,0.004864403628236754
7.7010000000000005,-2.41924490600446,1.3543790163351481,-0.0001011580651428631,0.008313479023005528,-0.0015253276437787787,-0.00043991490985107064,299,1,0.05018732752283068,-0.030214502525186666,-0.0005646462693799957,2.7534178221447827e-06,-3.892026864532002e-05,0.004866976737517531
7.726,-2.4188698611301778,1.3543786429685793,-0.00010344107311473233,0.0029171924262172515,0.004521223251563472,-0.0003591925241597251,300,1,0.04998768466099629,-0.030194675373732285,-0.000568420154605797,1.9547694815881683e-06,-3.9087718647922265e-05,0.0048676989361692066
7.751,-2.419099046383149,1.3546050774977263,-0.00011911769135085421,-0.0038878472965908767,0.003909711531400198,-0.0004910571768856915,301,1,0.050122415585994916,-0.030291380102404487,-0.0005735097030674564,1.4882798420388339e-06,-3.8511818027236116e-05,0.004868873794392316
7.776,-2.4190642534950073,1.3545741285451494,-0.00012799393195881691,0.0025491470397831597,0.0010628779173149675,-0.00011767160337683478,302,1,0.05010339736855826,-0.0302432916672214,-0.0005801114359374104,6.161860890840251e-07,-3.878966385040331e-05,0.0048705697170144824
7.801,-2.41897158903116,1.354658221393592,-0.00012500127151972458,0.0005464254293840931,0.001568925998975934,-0.0005626151726367743,303,1,0.05005859648403851,-0.030258034337118246,-0.0005874123957210337,2.40787898075567e-08,-3.840972310159665e-05,0.004870930029450834
7.8260000000000005,-2.419036932223538,1.3546525748450982,-0.00015612469059085764,-0.005418000511658879,-0.002002189566763242,-0.00038055687117122397,304,1,0.050099171377072364,-0.030224639047854697,-0.0005954972872755073,-8.98163898410048e-07,-3.74896964755983e-05,0.004872352572982701
7.851,-2.4192424890567428,1.3545581119152539,-0.00014402911507817927,-0.006066245761999788,-0.0016386495382114733,0.00045417145354775975,305,1,0.050204415573940654,-0.030149983728926095,-0.0006036963761949262,-1.7588995363167198e-06,-3.654908169606128e-05,0.004870818066016707
7.876,-2.419340244511638,1.3545706423681876,-0.00013341611791359653,-0.00257940693384918,-0.00477439679893445,0.0005079237061433891,306,1,0.05024152515171813,-0.03013880528611968,-0.0006118068944166789,-2.418852404054114e-06,-3.606623849386477e-05,0.0048710967952225554
7.901,-2.4193714594034352,1.3543193920753072,-0.00011863292977102104,0.00028168767100211864,-0.005908626494743906,0.000988573975160282,307,1,0.050239108540801845,-0.029998926636907907,-0.0006197136774950163,-3.3809606617095847e-06,-3.5828520935022824e-05,0.004866879024890379
7.926,-2.419326160128088,1.3542752110434504,-8.398741915539536e-05,0.0007046011037736733,0.0007512435369916198,0.00031944598762656084,308,1,0.0501990300005059,-0.029983164634549374,-0.0006270607396037271,-3.843328508134769e-06,-3.587322528445761e-05,0.00486214512960796
7.9510000000000005,-2.4193362293482465,1.3543569542521567,-0.00010266063038982432,0.0004083466623594504,0.00217771772144549,-0.0011523565333604365,309,1,0.050193530447891696,-0.03003282343071687,-0.0006340715692677955,-4.204913852810868e-06,-3.620234909915447e-05,0.0048648463933252785
7.976,-2.41930574279497,1.3543840969295227,-0.00014160524582342644,0.0038575552208897903,-0.004472197979028631,-1.4601733751007685e-05,310,1,0.05016883818692039,-0.030046783105478293,-0.0006413929330820608,-5.031344334856894e-06,-3.635690474346873e-05,0.004867777491082803
8.001,-2.419143351587202,1.3541333443532053,-0.00010339071707745133,0.004811500046288959,-0.0044898620701694526,0.000733745772523167,311,1,0.05008146865893081,-0.02992119168571128,-0.0006502592316819584,-6.113765783393072e-06,-3.649991534878478e-05,0.004862359679274903
8.026,-2.4190651677926556,1.3541596038260142,-0.00010491795719716884,-0.002260948440770928,-0.0025999920262353613,-0.0003647143775964371,312,1,0.05004760164539578,-0.029952664784069362,-0.0006600179046314699,-6.774287549466658e-06,-3.6565383062442545e-05,0.004865064454635355
8.051,-2.4192563990092406,1.3540033447518935,-0.00012162643595720614,-0.001573750993744105,-0.0031038712203201426,-0.0002570040560456696,313,1,0.05015028892616445,-0.029891177787408865,-0.0006703524498368904,-7.6866652735621e-06,-3.632179075833398e-05,0.004865321333469976
8.076,-2.4191438553423428,1.3540044102649982,-0.00011776815999942204,0.0021555934067407326,0.0017953291341043808,-0.0006439596008789203,314,1,0.050087760676813614,-0.02991701690451372,-0.0006812258944507196,-8.246405903165155e-06,-3.59751322592444e-05,0.004864599274751126
8.101,-2.4191486193389036,1.3540931112085988,-0.00015382441600098499,0.000650802387252028,0.0033330361642836693,-0.00022888271633548162,315,1,0.05009297467407396,-0.029981780458781963,-0.000693050888612021,-8.571347175980228e-06,-3.57100778738029e-05,0.004868450378552819
8.126,-2.41911131522298,1.3541710620732124,-0.00012921229581617247,0.0052273262066028225,0.0029183999726357167,0.00044273277463703186,316,1,0.05007604417312031,-0.030031486604149858,-0.0007057727618990705,-8.844609574568013e-06,-3.565338088819213e-05,0.004865856528978118
8.151,-2.4188872530285734,1.3542390312072305,-0.0001316877772692519,0.00885723816335991,0.005013519943668427,-0.00023241668294815223,317,1,0.04997144239765646,-0.03006978040947083,-0.0007180915663439791,-9.314985446145222e-06,-3.6049459555310574e-05,0.004866752503280209
8.176,-2.418668453314812,1.3544217380703958,-0.00014083312996372553,0.005039664254331483,-0.0020303424354572706,0.00040976103452549625,318,1,0.049886564433491445,-0.030159301195603994,-0.0007288782676664441,-9.39854917727714e-06,-3.641006294210867e-05,0.004868339907626183
8.201,-2.418635269815857,1.3541375140854577,-0.0001111997255430994,0.0016180559288869515,-0.00487218373471425,0.0007112075101112124,319,1,0.04990575042167105,-0.030008491298230997,-0.0007383715957505959,-9.76639447229651e-06,-3.670285589601326e-05,0.004863409086577735
8.226,-2.418587550518368,1.35417812888366,-0.00010527275445795785,-0.004397103583029343,-0.0044792758438917234,0.0009252998873865634,320,1,0.04991597041378919,-0.030037566122542596,-0.000746280076273513,-9.577601931243007e-06,-3.725359305085597e-05,0.004861403178793956
8.251,-2.4188551249950083,1.353913550293263,-6.493473117384811e-05,-0.0064894649083148395,-0.003457052881850127,0.0005834866409060293,321,1,0.05007822696589713,-0.029914161443821,-0.0007527015137545163,-9.62021681634469e-06,-3.739736211240576e-05,0.004857263117234524
8.276,-2.4189120237637836,1.3540052762395676,-7.609842241274952e-05,-0.003042859174735525,0.0016711275509217788,1.9164426614537162e-05,322,1,0.050115935833785354,-0.02997950370981285,-0.0007577700792750965,-9.581807499184904e-06,-3.73744321798096e-05,0.004857944474931301
8.301,-2.419007267953745,1.3539971066708092,-6.397650984308603e-05,-0.004626101106355241,-0.0030123118779589856,0.00048483680019194986,323,1,0.05016789168686837,-0.029986355673897083,-0.0007623940692418576,-1.020723312889416e-05,-3.737280604753224e-05,0.004856762942876199
8.326,-2.4191433288191013,1.3538546606456696,-5.185658240312319e-05,0.001413419153379871,-0.0024699397642801916,0.0003334650322095409,324,1,0.050232705104483084,-0.02992673186146231,-0.0007670020995998979,-1.0912023607654214e-05,-3.70133739416927e-05,0.0048563431173517906
8.351,-2.418936596996076,1.3538736096825952,-4.7303258232792894e-05,0.0011047713433854037,8.819459131004425e-05,0.00035635363000886193,325,1,0.050122453200468084,-0.029954605415409476,-0.0007706429541459093,-1.1424894009884527e-05,-3.7063654481816135e-05,0.0048565324852603625
8.376,-2.419088090251932,1.3538590703752351,-3.403890090264742e-05,-0.0038769603282241267,0.005571022825585755,-0.00017000086353747087,326,1,0.050200237407937436,-0.0299627110645068,-0.0007729205114433908,-1.1485730039877535e-05,-3.7108706492006544e-05,0.004854609469148203
8.401,-2.4191304450124873,1.3541521608238745,-5.580330140968214e-05,0.0029061097875615204,0.004543879485905336,-0.0003176931214987588,327,1,0.050214537003887415,-0.03011683865201179,-0.0007743793225360691,-1.1121028920094364e-05,-3.747356156729359e-05,0.004856970055579101
8.426,-2.418942784762554,1.3540862643495304,-4.992355697750012e-05,0.0040026537056014316,-0.0034833510516429416,8.651101621737088e-05,328,1,0.05011803780835402,-0.030076379538422307,-0.0007755365607282255,-1.1314427267131152e-05,-3.781556946960524e-05,0.004855694481720079
8.451,-2.4189303123272072,1.3539779932712923,-5.147775059870172e-05,-0.0019446308801462644,-0.003697580388846103,0.0005708390209857502,329,1,0.050119338763981426,-0.030021113356890415,-0.0007759595337780197,-1.1838773766880866e-05,-3.8110716948671945e-05,0.004856494004176284
8.476,-2.4190400163065613,1.353901385330088,-2.1381605928084076e-05,0.0035787243452923487,0.0025237538422163124,0.00025052826086558437,330,1,0.05017855142029586,-0.029990405078301467,-0.0007756467872850029,-1.2306276421218494e-05,-3.825891956415441e-05,0.004852578930519995
8.501,-2.4187513761099426,1.3541041809634031,-3.895133755536125e-05,0.005880812074181689,0.006866423490033005,-0.0004083134635202244,331,1,0.05003984367023482,-0.030096157194725293,-0.0007740711320733762,-1.2245421326056186e-05,-3.8416494119349196e-05,0.004856284672271627
8.526,-2.418745975702852,1.3542447065045897,-4.179727910409139e-05,-0.0010561372295025812,0.0005825849712293081,-0.0001729406115824592,332,1,0.0500577304542066,-0.030155514677038402,-0.0007723178658462368,-1.2343947758077038e-05,-3.8574898634625006e-05,0.004857056236730262
8.551,-2.4188041829714177,1.3541333102119646,-4.7598368134675244e-05,0.0019420398183722378,-0.0002415380501075114,-0.0010344330111777674,333,1,0.05010247116789099,-0.03008685470643491,-0.0007716233621221219,-1.295042012079839e-05,-3.886709707337768e-05,0.004857294780186664
8.576,-2.4186488737119336,1.3542326296020843,-9.351892966320007e-05,-0.002526993631617422,0.001398117541548929,-0.0012339906140290504,334,1,0.05003865346359421,-0.030127810249833995,-0.000771949637042642,-1.3065568139763743e-05,-3.924792700917161e-05,0.004862332454877893
8.601,-2.4189305326529986,1.354203216089042,-0.00010929789883597671,-0.005629001078482196,-0.004073498642007765,-2.4306931560858466e-05,335,1,0.05018987349833209,-0.030102120704933955,-0.0007733188710411735,-1.3750212964256195e-05,-3.9200054122708205e-05,0.004863680978059019
8.626,-2.4189303237658577,1.354028954669984,-9.47342762410952e-05,0.0022913360530019623,-0.0045416746621641385,0.0007968913494327438,336,1,0.050186228975984425,-0.03001270656723672,-0.000776559408008193,-1.4202742460299528e-05,-3.948722440459686e-05,0.0048619371396635734
8.651,-2.4188159658503485,1.3539761323559338,-6.945333136453447e-05,0.006699039401096745,0.0005754339108632241,0.0005971116377789713,337,1,0.050130272564840914,-0.029995429489012626,-0.000781315682087017,-1.4459352063851367e-05,-3.976938279227338e-05,0.0048613851496294
8.676,-2.418595371795803,1.3540577263655271,-6.48786943522989e-05,-0.0007623776056320144,0.0008392035807203038,0.00020859446181020462,338,1,0.05003352034078794,-0.030043429234686034,-0.0007873119099987798,-1.4928958285207088e-05,-3.994993063383408e-05,0.004861720232656136
8.701,-2.41885408473063,1.3540180925349699,-5.9023608274095746e-05,-0.0021180378978602177,-0.0007098111802461459,-0.0004576269773526255,339,1,0.05017643156378716,-0.030027323988973734,-0.0007940824910834376,-1.5867429935697174e-05,-3.955796045586805e-05,0.004861093859410487
8.726,-2.418701273690696,1.3540222358065148,-8.776004321971132e-05,0.0008478805987621921,-0.006403639008980691,0.0004101271385703685,340,1,0.05010703353333728,-0.03003364553641136,-0.0008007887175154018,-1.669625322572468e-05,-3.9633098448706705e-05,0.004864132716996565
8.751,-2.418811690700692,1.3536979105845208,-3.8517251345482056e-05,-0.0005959828805046768,-0.004410047598009208,0.0008702503272850678,341,1,0.050170854681085994,-0.029884967567070767,-0.0008074060193281394,-1.761571348556058e-05,-3.953607678698269e-05,0.0048595013893941285
8.776,-2.418731072834721,1.3538017334266144,-4.4247526855590125e-05,-0.005407754208510618,0.005109942676724193,-0.0004945622380159094,342,1,0.05013628939634532,-0.029957230792845364,-0.0008137985017267571,-1.7666372869257426e-05,-3.948735313942119e-05,0.004860335802562599
8.801,-2.4190820784111176,1.353953407718357,-6.324536324630338e-05,-0.004727199612943811,0.003149248705076557,-0.00042150908996951245,343,1,0.050308323964345425,-0.030041730365449618,-0.0008203991839438583,-1.7433770778343624e-05,-3.915459592577511e-05,0.00486321490677866
8.826,-2.4189674328153683,1.3539591958618682,-6.532298135400032e-05,-0.0033185103469523607,0.0038435703613348146,-0.0006413601877852579,344,1,0.05023949600292125,-0.03004733524501606,-0.0008269728510407749,-1.7845687002609965e-05,-3.9491345343810445e-05,0.00486311933238869
8.851,-2.419248003928465,1.3541455862364238,-9.53133726353557e-05,-0.00952372332734284,0.004809156737302192,-0.0008399179220575271,345,1,0.05036419734365141,-0.030136206316093036,-0.0008336137696136467,-1.8274778073578096e-05,-3.938688244149517e-05,0.004865478426248113
8.876,-2.4194436189817354,1.3541996536987333,-0.00010731887745666507,0.0020668854080963415,-0.0017651054222290008,-0.0006878452833270079,346,1,0.05042898933744466,-0.030151556774384,-0.0008405302057691881,-1.865771728494648e-05,-3.924711483606671e-05,0.004865451878958518
8.901,-2.4191446596580604,1.3540573309653123,-0.00012970563680150457,0.007596563678386906,-0.005196206555924047,0.0005752734758246366,347,1,0.05025647864226128,-0.03007436763404853,-0.0008478290876251098,-1.929351887731864e-05,-3.948050632298741e-05,0.004867999232977428
8.926,-2.419063790797816,1.353939843370937,-7.85552036655133e-05,0.002895395557551653,-0.0013495918419170558,0.0008776399989596104,348,1,0.05020938604369485,-0.030019869262725977,-0.0008547935137491535,-1.9670222465018934e-05,-3.978868420449808e-05,0.00486402295741234
8.951,-2.4189998898801828,1.3539898513732165,-8.582363685343061e-05,-0.0018052186915262524,0.0016035209107378762,-0.0005285285294309641,349,1,0.05017703850398176,-0.03004906933566695,-0.0008617517024523016,-1.992358057634438e-05,-4.011630221752424e-05,0.00486380365743953
8.976,-2.4191540517323924,1.354020019416474,-0.00010498163013685967,0.0014573750413138552,0.0005952843267342927,-0.0003294449431656758,350,1,0.05024740416595133,-0.030063104480480485,-0.0008687607133493941,-1.9869535315264873e-05,-4.019809909383593e-05,0.004866846442266988
9.001,-2.418927021128117,1.3540196155895532,-0.00010229588401157605,0.005363820882387075,-0.00015902897505526764,1.6488472134313167e-05,351,1,0.05013201753457735,-0.030061656540134558,-0.0008757314107710823,-1.981217077565617e-05,-4.0732835267310953e-05,0.0048663202999020315
9.026,-2.418885860688273,1.3540120679677212,-0.00010415720653017816,-0.00042817084263013176,-0.0010423471265941084,-7.113463113661465e-05,352,1,0.050119262506174565,-0.030057132958689843,-0.0008820455223095626,-1.9800386059024145e-05,-4.090255293481e-05,0.004866870543620295
9.051,-2.4189484296702486,1.3539674982332235,-0.0001058526155682232,-0.0034643834595282147,0.00038671018285806887,-0.000387782956963173,353,1,0.05015610152150761,-0.03003748729563227,-0.0008877821958931216,-1.9373837532095515e-05,-4.0830571477301896e-05,0.004865766511801024
9.076,-2.4190590798612495,1.3540314034768641,-0.0001235463543783368,-0.0036267551285717498,0.002415200832204222,0.00020853883437865466,354,1,0.05020988668445716,-0.030069884579520312,-0.0008928381749300517,-1.8800728408770285e-05,-4.074810083374479e-05,0.004868561363493702
9.101,-2.419129767426677,1.3540882582748337,-9.542567384917062e-05,-0.00509837996141915,0.006193766107007857,-0.0004584090398207605,355,1,0.05023904624004078,-0.030092869838278698,-0.0008974216180534396,-1.8375573571434034e-05,-4.05341836819227e-05,0.004867080460882702
9.126,-2.4193139988593204,1.3543410917822145,-0.00014646680636918498,-0.008541015657002231,0.003560848571422324,-0.00047556133130123205,356,1,0.050315986037458536,-0.03020116264994173,-0.0009019609076093872,-1.7919655860914388e-05,-4.0079656840327714e-05,0.004873113065667674
9.151,-2.4195568182095273,1.3542663007034048,-0.00011920374041429662,-0.009647773900782615,-0.003896769681941359,0.0011459998421070431,357,1,0.05040807291188007,-0.0301447865744869,-0.0009071913518508727,-1.7717625681194985e-05,-3.982667157550607e-05,0.004870529161300586
9.176,-2.4197963875543596,1.3541462532981174,-8.916681426369502e-05,-0.0023126193126099207,-0.004476429583641853,0.0009243298486882747,358,1,0.05048494845368365,-0.030076616503686506,-0.0009128732842785023,-1.750407478965199e-05,-3.952645050333078e-05,0.004868542385765803
9.201,-2.419672449175158,1.3540424792242227,-7.298724797970029e-05,0.005306935826299077,-0.000830167589231922,5.904189062100245e-05,359,1,0.05038691889755963,-0.030026092581642176,-0.0009193584933677536,-1.714984129671689e-05,-3.9613257222676815e-05,0.004866649348968786
9.226,-2.4195310407630446,1.3541047449186558,-8.621471973255125e-05,0.00530058801673239,0.0023150988243659182,-0.0002254950442637286,360,1,0.05029617310341456,-0.030058098979409333,-0.0009262906852979206,-1.683420935592187e-05,-3.9771293727043e-05,0.00486867213411254
9.251,-2.419407419774321,1.354158234165441,-8.4262000192832e-05,0.0029593313939458373,-0.0025425568944515407,0.0010777710502374535,361,1,0.05022755165956899,-0.030081664032165112,-0.0009339710260755917,-1.6836455415741535e-05,-3.977277562670003e-05,0.004870398722295406
9.276,-2.4193830741933473,1.3539776170739333,-3.2326167220567094e-05,-0.0012388358731563011,-0.004025188249516752,0.0009433842978179151,362,1,0.05021355276125817,-0.02999627016854994,-0.0009423863173874878,-1.7105398383346958e-05,-3.952887967750009e-05,0.004864923951943986
9.301,-2.419469361567979,1.3539569747529652,-3.709278530193429e-05,0.004980037685173784,-0.0012311086775573623,0.0004524104507908013,363,1,0.050252176945117834,-0.029993446623948376,-0.0009512869205307449,-1.6947208693460546e-05,-3.8921982643842125e-05,0.0048651264111477235
9.326,-2.4191340723090886,1.3539160616400554,-9.705644681117065e-06,0.008251368320584145,-0.0014166173702312233,0.0006558534753775453,364,1,0.05009842991358573,-0.02998250525547332,-0.000960257005175344,-1.689917037526103e-05,-3.852364910319652e-05,0.004864014683310769
9.351,-2.4190567931519498,1.3538861438844536,-4.300111533255474e-06,0.003142133540965442,-0.001669469390384073,0.0002164731159481949,365,1,0.05008212266001066,-0.02997703191115634,-0.0009687732180688674,-1.723084214981846e-05,-3.802229575304301e-05,0.004863518513336652
9.376,-2.4189769656320403,1.3538325881705362,1.1180111162122074e-06,-0.0010553658958923021,-0.0019000927417290165,0.0009464057040187359,366,1,0.05006788709023287,-0.029961652368939436,-0.0009763944438933166,-1.7536884285399187e-05,-3.744431752170751e-05,0.004862519390366933
9.401,-2.4191095614467444,1.3537911392473672,4.3020173667859354e-05,-0.0006611322963490002,-0.0008995804645950272,0.0008986339229810497,367,1,0.05014958726062161,-0.029953206283085013,-0.000982968525005431,-1.7661724804465157e-05,-3.6733215341243124e-05,0.00485745208635185
9.426,-2.419010022246858,1.3537876091473064,4.6049707265462334e-05,-0.00023859859291874502,0.003982514637876854,-0.0004883830840185441,368,1,0.05011729026193786,-0.029963533988612394,-0.000988628305317011,-1.764691074229786e-05,-3.632565280611826e-05,0.004857866363446748
9.451,-2.4191214913763903,1.353990264979261,1.860101946679407e-05,-0.004918845532566537,0.004435230755452871,-0.000696246483684594,369,1,0.05018371605625781,-0.030063554293182543,-0.000993783826281176,-1.7702404794290397e-05,-3.579315073354444e-05,0.004860188627176629
9.476,-2.419255964523486,1.354009370685079,1.1237383081282895e-05,0.0026159518443603096,-0.0017684507812721173,-0.0001795277107063991,370,1,0.05025006401384236,-0.03006738320383862,-0.0009987043077409516,-1.8177719589867716e-05,-3.484339418137084e-05,0.004859851261649756
9.501,-2.4189906937841723,1.3539018424401974,9.624633931354987e-06,0.0038384638152600668,-0.0014903674978450673,0.0004924653579507881,371,1,0.05013072227681626,-0.03001453840893965,-0.0010038244914764966,-1.9157143116856927e-05,-3.479598489912967e-05,0.00485872074003371
9.526,-2.419064041332723,1.3539348523101868,3.586065097876117e-05,-0.0038973102559313744,-0.0006780436949060845,0.00013732278991262863,372,1,0.05017875546997241,-0.030031433930774565,-0.0010092022316253628,-1.9681366763028273e-05,-3.41031588820822e-05,0.004857827707018567
9.551,-2.419185559296969,1.353867940255452,1.6490773426841594e-05,-4.6722777229390335e-05,-0.0020255639825527963,-0.00021882090488034266,373,1,0.050240969651392096,-0.030002392240428253,-0.0010147239808140376,-2.0192081177553787e-05,-3.38147278547111e-05,0.004858843874700295
9.576,-2.4190663774715846,1.3538335741110592,2.4919605734872058e-05,0.0016125357630780482,0.0004069878870582797,8.718614489033759e-05,374,1,0.050189280895596856,-0.029990943271812186,-0.0010201080856646228,-2.0565413805216157e-05,-3.3701181885518394e-05,0.0048581455862178385
9.601,-2.419104932508815,1.353888289649805,2.0850080671558804e-05,-7.643527837331184e-06,0.006043938736555306,-9.789055783748988e-05,375,1,0.050213941143662406,-0.03001811060557318,-0.0010246109177896264,-2.0674995871611974e-05,-3.351749991543062e-05,0.004858323686862589
9.626,-2.4190667596479765,1.354135771047887,2.0025077843155813e-05,0.003478300668398123,0.0015704662208726795,0.0008346229989886389,376,1,0.0502021500912862,-0.03012362992528825,-0.0010284863964157838,-2.0771043573653805e-05,-3.352763385774856e-05,0.004858634172753869
9.651,-2.418931017475395,1.3539668129608486,6.258123062111479e-05,0.006744837895427029,-0.00020340648459349063,0.0003934317479803384,377,1,0.05014991323370421,-0.03003232626198422,-0.0010316567919481468,-2.1498709731828355e-05,-3.369320002203103e-05,0.0048534653116945005
9.676,-2.418729517753205,1.3541256007236573,3.969666524230878e-05,0.008536937549301505,0.002546270489611721,-0.0005606676524916231,378,1,0.050076649327119055,-0.03009774229088165,-0.0010344658577689514,-2.1849658883708434e-05,-3.390505281604695e-05,0.004854732982604752
9.701,-2.41850417059793,1.3540941264853292,3.454784799650639e-05,0.0007657613030520485,0.0009880102993697763,-0.00018096450961735142,379,1,0.0500044441959526,-0.030070474968123262,-0.001036956747673211,-2.245619432471593e-05,-3.416154662085872e-05,0.004854877098355541
9.726,-2.4186912296880525,1.3541750012386258,3.064843976157689e-05,-0.010872452678647681,0.0022796105190226387,-0.0004547233075147358,380,1,0.0501195582745633,-0.030094890095452576,-0.0010394641557633537,-2.2719073014319627e-05,-3.427653899370824e-05,0.004855379758399891
9.751,-2.4190477932318624,1.3542081070112804,1.1811682620790206e-05,-0.0052308969159932115,-0.0014364149547052868,-0.00019355191382964122,381,1,0.050289188824496324,-0.030094205934950984,-0.001042119000354018,-2.280521345360226e-05,-3.4416882686039235e-05,0.004857633447582666
9.776,-2.418952774533852,1.3541031804908905,2.0970844070226664e-05,0.00089764348370379,-0.0024752202346655853,0.0005701862673035326,382,1,0.050238655073573515,-0.030032415330454358,-0.0010449121942048129,-2.321222963122882e-05,-3.520864043706059e-05,0.004856454061062851
9.801,-2.419002911057677,1.354084345999547,4.032099598605338e-05,0.0020234754496506182,0.0019933684459649543,0.00047883186883090217,383,1,0.050259421885881596,-0.030015458478456124,-0.001047561698663617,-2.3400523764163073e-05,-3.565913495547844e-05,0.004855226047442059
9.826,-2.4188516007613696,1.3542028489131888,4.491243751192749e-05,0.0057633925029686745,0.006349130929419376,-0.0005501994106449281,384,1,0.05019163888433055,-0.03005859382480276,-0.0010506005214541262,-2.336344170220079e-05,-3.590038617389417e-05,0.004855517250310488
9.851,-2.4187147414325287,1.354401802546018,1.2811025453922305e-05,0.006468523930385355,-2.9986446521413442e-05,-0.0004443864611669663,385,1,0.05013867294735638,-0.030128201088767226,-0.0010537840594840267,-2.3463726010060723e-05,-3.619411069007979e-05,0.0048588644632911885
9.876,-2.4185281745648504,1.3542013495908627,2.2693114453500806e-05,0.003731288560722214,-0.0075091951208962554,0.0008364082215806157,386,1,0.050071741625519625,-0.0300170708364583,-0.0010570238489169402,-2.3916466848269582e-05,-3.6082537165425934e-05,0.004857741843073821
9.901,-2.4185281770044926,1.3540263427899732,5.4631436532874565e-05,-0.0015358884238380946,-0.008554082770175653,0.0011077010603077594,387,1,0.05009423150844868,-0.029933636818802525,-0.0010601171543971,-2.4139184412242215e-05,-3.618295599000054e-05,0.004854511030838065
9.926,-2.4186049689860423,1.353773645452354,7.807816746894548e-05,-0.004754005168656693,-0.004153800762396406,0.0006897755413781583,388,1,0.05014584384199624,-0.029829509566013143,-0.0010629585202435003,-2.397593102701498e-05,-3.654424100644598e-05,0.0048520277283992
9.951,-2.4187658772629255,1.3538186527518534,8.912021360158275e-05,-0.0034845858336040652,0.00021035838306815137,0.0003204854362515118,389,1,0.05022459794632151,-0.029868120582963856,-0.0010653741016857887,-2.308149780624447e-05,-3.689151831348113e-05,0.004852209521127602
9.976,-2.4187791982777225,1.3537841633715073,9.410243928166828e-05,-0.0027929360044698964,-0.002330281594300537,-0.00036622503015060984,390,1,0.050228448158439215,-0.029866526550678785,-0.0010681984387926548,-2.2540128315051754e-05,-3.7668452612777416e-05,0.004850542288670632
10.001,-2.418905524063149,1.3537021386721384,7.080896209412478e-05,-0.003900224919473144,-0.00039781655607918644,-0.002187344704287544,391,1,0.050280222646248145,-0.029846016563393793,-0.0010712930023081418,-2.235491035378438e-05,-3.784056678976623e-05,0.004852500844374766
10.026,-2.418974209523696,1.3537642725437034,-1.5264795932544043e-05,-0.006674979715457402,-0.0010853004586275207,-0.012850994861634919,392,1,0.05030004965836976,-0.02989530860249265,-0.001075114850584568,-2.214889549665333e-05,-3.807210640945411e-05,0.004851755444051794
10.051,-2.419239273048922,1.353647873649207,-0.0005717407809875596,0.0010041562700635466,-0.004309530089825425,-0.04028661184688196,393,1,0.05041968828894636,-0.02990285119364952,-0.0010790330583435326,-2.182483364797873e-05,-3.796479762867974e-05,0.004852623728766855
10.076,-2.418924001710193,1.353548796039212,-0.002029595388276781,0.020008962559785175,-0.020607387710840072,-0.08131831114208117,394,1,0.050350094374965126,-0.030044188666222535,-0.0010826017935591664,-2.154291055091005e-05,-3.789668749877061e-05,0.004857286578254657
10.101,-2.4182388249209326,1.352617504263665,-0.004637656338091585,0.040756659730983615,-0.06370335072147928,-0.13350399465271787,395,1,0.050299043868601505,-0.030077122330771113,-0.0010860352153376966,-2.1698620530234453e-05,-3.742390308326367e-05,0.004855642616223936
10.126,-2.416886168723644,1.3503636285031382,-0.008704795120912732,0.06855866049093752,-0.11670378208603864,-0.19669075700356117,396,1,0.05024974001122081,-0.029976097638989525,-0.0010898963828608278,-2.2117385640162465e-05,-3.701406315360743e-05,0.0048531177244233534
10.151,-2.4148108918963858,1.3467823151593632,-0.014472194188269435,0.10388244241560893,-0.17564796285573364,-0.2702186206857921,397,1,0.050280160520586835,-0.0299104334980947,-0.0010933161318028956,-2.24009780746163e-05,-3.6836629012947575e-05,0.004847981024774423
10.176,-2.4116920466028633,1.3415812303603514,-0.022215726155202464,0.15617697310091883,-0.2503412797139779,-0.35105488867077594,398,1,0.05035381928529668,-0.02992100187607703,-0.0010964194493740303,-2.2490005309532548e-05,-3.650590476873402e-05,0.004848120856839054
10.201,-2.4070020432413397,1.3342652511736641,-0.03202493862180831,0.2146822989657307,-0.3361630770323695,-0.4362414725887058,399,1,0.05034263269403277,-0.029937731460683358,-0.001099627798582067,-2.2676944844582223e-05,-3.6256637142561367e-05,0.004847772621233221
10.226,-2.4009579316545766,1.3247730765087327,-0.04402779978463801,0.2789852492351989,-0.42710577624199186,-0.5239830183437745,400,1,0.050385969734097695,-0.0299882077159318,-0.0011027013723320577,-2.2456035683048303e-05,-3.5951502017960766e-05,0.004847299055992537
10.251,-2.39305278077958,1.312909962361565,-0.0582240895389963,0.3403556728538321,-0.5208794605481715,-0.6143289365931579,401,1,0.05027107464338214,-0.03000173344505506,-0.0011050539499394938,-2.2341287484583646e-05,-3.596649262255524e-05,0.00484334265436964
10.276,-2.3839401480118854,1.2987291034813246,-0.07474424661429542,0.3983162684201368,-0.6070448482033222,-0.7064167760638707,402,1,0.05027742320604352,-0.029981240721590672,-0.0011070234342472093,-2.2398080177807015e-05,-3.587946898404433e-05,0.00484302616814987
10.301,-2.373136967358573,1.2825577199513984,-0.09354492834219014,0.4594341763658717,-0.6931648131389502,-0.7964524793733017,403,1,0.05017239474190952,-0.030048392924256054,-0.0011084872873075673,-2.1988384154563263e-05,-3.599147445294698e-05,0.0048423904036268735
10.326,-2.3609684391935915,1.2640708628243766,-0.11456687058296104,0.5150344816501311,-0.7798498266533804,-0.8852555870944964,404,1,0.050090953313042995,-0.030031299201638068,-0.001109522364831115,-2.1811071746617828e-05,-3.59667749056505e-05,0.004838428310198366
10.351,-2.347385243276066,1.2435652286187289,-0.1378077076969157,0.5633372435365156,-0.8637769660850132,-0.9715177493639912,405,1,0.04999733077733959,-0.030044176142953637,-0.0011101015887241314,-2.1290457925598612e-05,-3.600900791657111e-05,0.004837268592856661
10.376,-2.3328015770167663,1.220882014520127,-0.16314275805115974,0.6146478674421239,-0.9456990354265817,-1.0533493208808011,406,1,0.050046701472645935,-0.029989289713177568,-0.0011111550857197789,-2.109832323728344e-05,-3.540487106490906e-05,0.004834653981913137
10.401,-2.3166528499039605,1.1962802768474008,-0.19047517374095482,0.6693204402272006,-1.0269378980113584,-1.1299874536901218,407,1,0.04997385719769203,-0.029973731493776867,-0.001112514194827576,-2.1181644893930608e-05,-3.5362143935112335e-05,0.004830287087872631
10.426,-2.2993355550054058,1.1695351196195582,-0.21964213073566663,0.7146361371305942,-1.1097246525159197,-1.2016332098181166,408,1,0.04993894858602069,-0.029872205580151183,-0.0011137321317820756,-2.1544075063652643e-05,-3.513236331921142e-05,0.004823878793324506
10.451,-2.2809210430474303,1.140794044221604,-0.2505568342318615,0.7566902217105457,-1.1830339676853594,-1.2670381648510618,409,1,0.049951262565570226,-0.02973925667828141,-0.0011151867556540838,-2.182420207292323e-05,-3.4964397748208765e-05,0.004821113494634717
10.476,-2.261501043919878,1.1103834212352894,-0.2829940389782206,0.799807614595353,-1.2537837481048353,-1.3231361258677603,410,1,0.05004184598910934,-0.029687680737750098,-0.0011179675822466817,-2.1737925054055165e-05,-3.473586533911002e-05,0.004817119083504091
10.501,-2.2409306623176635,1.0781048568163636,-0.3167136405252479,0.8471044833127287,-1.3273959770580228,-1.3718533224171852,411,1,0.0501195148518267,-0.029611773242111387,-0.0011223447504641532,-2.1806091328373535e-05,-3.468888305211504e-05,0.004808456925976952
10.526,-2.2191458197542424,1.0440136223823897,-0.3515867050990782,0.8969617915547762,-1.3938061471192122,-1.4139278420277068,412,1,0.05014450702404509,-0.02952634571858045,-0.0011278615334693032,-2.209733837033948e-05,-3.451871719463918e-05,0.004799660076266019
10.551,-2.196082572739924,1.008414549460402,-0.38741003262663437,0.9449708604646866,-1.4519725744408423,-1.4460104141908097,413,1,0.0500952965949675,-0.02953507146375149,-0.0011340733560996866,-2.229584787841522e-05,-3.455077514251053e-05,0.004793606687608092
10.576,-2.1718972767310074,0.9714149936603466,-0.4238872258086195,0.9793969931257646,-1.5138538705564393,-1.4692507133590795,414,1,0.05005472489523105,-0.02964395839903788,-0.0011406124731262012,-2.2108970152013617e-05,-3.441991375640381e-05,0.004783992337468334
10.601,-2.147112723083635,0.932721855932579,-0.46087256829458945,1.017584545482015,-1.588710173741002,-1.4828511499390955,415,1,0.05018606445611029,-0.029664596884529767,-0.001147017070560234,-2.2043456340293098e-05,-3.378148204831706e-05,0.00477830187846087
10.626,-2.1210180494569078,0.8919794849732982,-0.4980297833055726,1.069435994418711,-1.6474053949531715,-1.4870120101294988,416,1,0.050138143363269626,-0.029515116543143816,-0.001153767573001618,-2.2369607038855637e-05,-3.328207730004784e-05,0.004763799058340656
10.651,-2.0936409233627007,0.8503515861849221,-0.5352231688010628,1.1119352391451651,-1.6946785146969483,-1.4833905550963744,417,1,0.050059081171384315,-0.029676388165877504,-0.001160774802021083,-2.208479759303549e-05,-3.296481068758279e-05,0.004754881900019204
10.676,-2.0654212874996487,0.8072455592384495,-0.5721993110603925,1.1442655859132882,-1.755209490015896,-1.4693532652293997,418,1,0.050050854870027625,-0.02981006017556527,-0.0011676826895557618,-2.1640783754349455e-05,-3.273627552179215e-05,0.0047483972292862095
10.701,-2.0364276440670355,0.7625911116841261,-0.6086908320625338,1.1673803686806672,-1.8054192020474167,-1.4458100263454081,419,1,0.050102515890529185,-0.02986595776868344,-0.0011738579083424502,-2.149077208567155e-05,-3.2285135338802584e-05,0.004741594180374065
10.726,-2.0070522690656145,0.7169745991360774,-0.6444898123776639,1.1812135073670522,-1.8277058885600417,-1.4136667543713646,420,1,0.05023722956518881,-0.02987455540235502,-0.0011794426207958058,-2.1281388057154425e-05,-3.1638762508182576e-05,0.0047366879701665025
10.751,-1.9773669686986841,0.6712058172561259,-0.6793741697811003,1.1772990866409245,-1.8179312875363085,-1.3721693424832386,421,1,0.05023016150632293,-0.029878488664909508,-0.0011851031524904895,-2.1231818948711638e-05,-3.137122442044715e-05,0.0047317420024976225
10.776,-1.9481873147335695,0.6260780347592639,-0.7130982795018245,1.12601088230549,-1.7424332504345559,-1.3224969822991095,422,1,0.05027848907517062,-0.029877201593018585,-0.0011907009819627063,-2.1079543981592233e-05,-3.127605835575416e-05,0.004725530735281244
10.801,-1.9210664245834088,0.5840841547343969,-0.7454990188960567,1.0414203114845073,-1.6071790745548113,-1.2651446117557616,423,1,0.050296356524800315,-0.029851091824236682,-0.0011961244421727236,-2.1166233613553775e-05,-3.1098008177351435e-05,0.0047204690698180556
10.826,-1.8961162991593434,0.5457190810315222,-0.7763555100896132,0.954583369537154,-1.470045034217319,-1.2003175078001067,424,1,0.05028579207458466,-0.029886309270078328,-0.0012010185610821912,-2.1259688412896808e-05,-3.08287593378771e-05,0.004716204809879213
10.851,-1.8733372561065504,0.5105819030235299,-0.8055148942860628,0.8655706853263785,-1.3404398043471475,-1.1289076552823714,425,1,0.05032808347214103,-0.02991573667381019,-0.0012058466072393016,-2.1471119579249065e-05,-3.0681405642498175e-05,0.004711350982245571
10.876,-1.8528377648930254,0.4786970908141663,-0.8328008928537305,0.7787834928035531,-1.2074757922824255,-1.0514915400867466,426,1,0.050385996151411094,-0.029892868900362565,-0.0012103759824490465,-2.1446400501686768e-05,-3.0475655537373914e-05,0.004707466550491087
10.901,-1.8343980814663736,0.4502081134094099,-0.858089471290399,0.6951757505559443,-1.0747046024852938,-0.9694893171885384,427,1,0.05041835758311294,-0.029921364003226144,-0.0012144068695370744,-2.123403282849791e-05,-3.053543078869137e-05,0.004703332631012351
10.926,-1.8180789773652277,0.4249618606899008,-0.8812753587131582,0.6088536738277208,-0.9495707793001626,-0.8829356784937,428,1,0.050450643392720214,-0.02994457782920643,-0.0012185121841426024,-2.129294764152826e-05,-3.087057123034729e-05,0.004699734187026537
10.951,-1.8039553977749871,0.4027295744444011,-0.9022362552150845,0.5230858279090903,-0.8259115449928738,-0.7935948472826191,429,1,0.050482870735656146,-0.02988341148433215,-0.0012226416720565977,-2.1248464444124243e-05,-3.0928985116031744e-05,0.0046940159252748725
10.976,-1.7919246859697728,0.38366628344025655,-0.9209551010772896,0.4458658552001899,-0.7024219142006166,-0.7031550604436249,430,1,0.05055602451893927,-0.02983012270691769,-0.0012267010677135363,-2.117602996896782e-05,-3.0786899873758414e-05,0.004690093510304664
11.001,-1.7816621050149781,0.367608478734371,-0.937394008237265,0.3759724877011985,-0.5847434264114872,-0.6115836738190114,431,1,0.05056463603508588,-0.029830373510942674,-0.0012305139385679355,-2.113788728437937e-05,-3.058951826886246e-05,0.004687736124408911
11.026,-1.7731260615847133,0.3544291121196828,-0.9515342847682395,0.3085366330467166,-0.4667819183857203,-0.5221237371821023,432,1,0.050508949753390736,-0.029860995374635546,-0.0012342977798173547,-2.1147836158023682e-05,-3.06020352370959e-05,0.004685117623476889
11.051,-1.766235273362642,0.3442693828150847,-0.9635001950963707,0.23834514769186405,-0.35215620136262615,-0.43419406021993284,433,1,0.0504510673121462,-0.029987725640687718,-0.0012388118409664196,-2.1210937110525875e-05,-3.062207248578886e-05,0.004687555868863568
11.076,-1.76120880420012,0.33682130205155125,-0.9732439877792365,0.159806200525836,-0.2442259309089699,-0.3482465238139593,434,1,0.05039508947747561,-0.030057987445340256,-0.0012436291885535218,-2.1342239802901877e-05,-3.06288777197815e-05,0.004686386441341133
11.101,-1.7582449633363502,0.332058086269636,-0.9809125212870691,0.08599425575381142,-0.1398676657798444,-0.2680245645562764,435,1,0.050411293132863626,-0.030020143204359296,-0.0012489946933271516,-2.1625060594658554e-05,-3.033124312498414e-05,0.004683218312280297
11.126,-1.7569090914124295,0.3298279187625592,-0.9866452160070498,0.017107511427574638,-0.0319600188142828,-0.1954895447621438,436,1,0.05036464993098312,-0.02998537127193712,-0.0012543900133703265,-2.1772760170066143e-05,-3.046537015098524e-05,0.0046785757057729565
11.151,-1.7573895877649715,0.3304600853289219,-0.990686998525176,-0.06015531629942309,0.06703950898819049,-0.13097497185122356,437,1,0.0504489167732277,-0.02997630890495685,-0.0012601695676891103,-2.2037414555196e-05,-3.0168248181233868e-05,0.004678141012042183
11.176,-1.7599168572274007,0.33317989421196875,-0.993193964599611,-0.11984377993941304,0.1551607539188882,-0.0777737063383721,438,1,0.05057062535041497,-0.02975002204407991,-0.001265680753568591,-2.2696078294457324e-05,-2.9966349496540362e-05,0.004671042988666336
11.201,-1.7633817767619422,0.3382181230248664,-0.9945756838420948,-0.1543141956956329,0.2341336619999601,-0.03890783579482304,439,1,0.05059230599699687,-0.029733451598954325,-0.0012712392731622022,-2.2663849995003513e-05,-2.995904018613156e-05,0.004670843476832375
11.226,-1.7676325670121824,0.3448865773119669,-0.9951393563893521,-0.1893262065505348,0.2910016989690607,-0.013055196423588378,440,1,0.05054538419750931,-0.029803330275487257,-0.0012750283710792334,-2.268066203413703e-05,-3.0303093920362706e-05,0.004673774170370372
11.251,-1.7728480870894687,0.35276820797331915,-0.9952284436632742,-0.2061228003688686,0.31877808742843194,-0.0017080271434455705,441,1,0.05060553190308166,-0.029809416010242056,-0.0012773723210130713,-2.2620175037887864e-05,-3.0283604618867726e-05,0.004674425714133479
11.276,-1.7779387070306256,0.3608254816833882,-0.9952247577465244,-0.20206081958301583,0.3210904453613671,-3.816716100501995e-05,442,1,0.05054957279434314,-0.029884345320922986,-0.0012783217262270447,-2.244650872943558e-05,-3.0514898831515896e-05,0.004675997837356473
11.301,-1.7829511280686197,0.36882273024138773,-0.9952303520213243,-0.19479107516342686,0.30717104513432686,0.0002755540947330065,443,1,0.05050382506404381,-0.029954573226239387,-0.0012781702739997987,-2.233714362910752e-05,-3.02749311057912e-05,0.004677798225581109
11.326,-1.787678260788797,0.37618403394010475,-0.9952109800417877,-0.1797584914124225,0.27996682405832796,0.00014207876720462109,444,1,0.05035051649107387,-0.02997030780961695,-0.0012768322775689321,-2.2280560558319123e-05,-3.0190556900778094e-05,0.004676673587981132
11.351,-1.791939052639241,0.38282107144430433,-0.9952232480829639,-0.14522122152149075,0.23046212997779694,-3.9785505867585295e-05,445,1,0.05041503023007013,-0.029978627450433053,-0.0012756182679264298,-2.2406125756670426e-05,-2.960349543036351e-05,0.004678423900424652
11.376,-1.7949393218648715,0.38770714043899435,-0.9952129693170809,-0.10403305106574612,0.16267538212700897,0.0007000980791272021,446,1,0.05034405383503536,-0.03002637300114218,-0.0012739172386867796,-2.2519898914528658e-05,-2.9001384748887276e-05,0.004678294820420279
11.401,-1.797140705192528,0.3909548405506546,-0.9951882431790076,-0.06415560545136498,0.09680402951551122,0.0008258798861504484,447,1,0.0503173350240496,-0.02998337473532667,-0.0012725550360899588,-2.2791506169506787e-05,-2.846737956083423e-05,0.004678174674078641
11.426,-1.7981471021374398,0.39254734191477,-0.9951716753227733,-0.03290866595997819,0.046592150624254376,0.00044653913070291017,448,1,0.050203247328768824,-0.029985768556270342,-0.0012714711747562424,-2.2939618780689433e-05,-2.8274781961271597e-05,0.0046769473332746
11.451,-1.798786138490527,0.39328444808186735,-0.9951659162224724,-0.014292035537865974,0.013157697849489426,3.067925824495844e-05,449,1,0.05026290385620595,-0.02992687583394411,-0.0012713149281963513,-2.3225754250621302e-05,-2.7911752171001178e-05,0.004677212668469021
11.476,-1.798861703914333,0.39320522680724446,-0.9951701413598608,0.002588088756443396,-0.012846915402121847,0.0003971907736399856,450,1,0.05028543845841571,-0.029889294146417254,-0.0012715838285191016,-2.3353158931286695e-05,-2.7957088908317205e-05,0.0046772578311375206
11.501,-1.7986567340527049,0.3926421023117613,-0.9951460566837904,0.010044817457792945,-0.024844214959862086,0.00040979276932696414,451,1,0.050295509302973294,-0.029847596331484035,-0.0012723177647820864,-2.3535797780401464e-05,-2.8256919875696826e-05,0.004676972106865625
11.526,-1.7983594630414435,0.3919630160592514,-0.9951496517213945,0.006902872427194575,-0.016493699263552028,-0.0002284884323611148,452,1,0.050236847239795455,-0.029818211963455278,-0.0012735101435733937,-2.3584122221252975e-05,-2.882792588113727e-05,0.004678049819637498
11.551,-1.7983115904313451,0.39181741734858366,-0.9951574811054084,-0.00498320254472155,-0.003891767614654318,-0.00012589721430700073,453,1,0.05031926906201415,-0.029821829595802228,-0.001275300405762431,-2.3547762951749358e-05,-2.900491622382758e-05,0.00467890042488257
11.576,-1.7986086231686795,0.39176842767851866,-0.9951559465821097,-0.009015941627214957,0.0009114329065851172,0.00024006403569032045,454,1,0.0503793404974721,-0.029732899525251166,-0.0012784007621896942,-2.343281326266949e-05,-2.9313395075424932e-05,0.0046806489994087345
11.601,-1.798762387512706,0.3918629889939129,-0.9951454779036238,-0.01088303426549887,0.00995714190693019,0.0003712273636225029,455,1,0.05036182423612713,-0.029726870494200062,-0.0012824018500942923,-2.3064961792740172e-05,-2.9589130355173007e-05,0.004681238764733768
11.626,-1.7991527748819545,0.39226628477386516,-0.9951373852139287,-0.008131725282951759,0.014142056925496051,0.0007784643540809266,456,1,0.05043264462722935,-0.029704303543999517,-0.0012871315891885692,-2.241807780542093e-05,-2.9547483117693556e-05,0.004681935465100814
11.651,-1.7991689737768535,0.3925700918401877,-0.9951065546859199,-0.004080700233295373,0.012392068786721656,0.0005583080620308244,457,1,0.0503586178067608,-0.02977782749647415,-0.0012917551289556876,-2.1855719258947242e-05,-3.014959951293556e-05,0.004679995158878896
11.676,-1.7993568098936192,0.39288588821320125,-0.995109469810827,-0.0062152035360662165,0.010976760729389645,-1.5139840661148936e-05,458,1,0.05033968703810288,-0.029782341518470663,-0.001295936993648534,-2.134871559734088e-05,-3.068835936502014e-05,0.004679316396766316
11.701,-1.7994797339536568,0.3931189298766572,-0.9951073116779529,-0.006689700205661968,0.00850874195378425,0.0003204982637328112,459,1,0.05030470314095266,-0.029785313980612835,-0.001299714547367841,-2.1008363320920786e-05,-3.116335156039211e-05,0.0046797365029388836
11.726,-1.7996912949039023,0.39331132531089047,-0.9950934448976405,-0.006732970948570981,0.0069324048092757416,5.649736189994435e-05,460,1,0.05030659376416683,-0.029748520638816885,-0.0013032298726650777,-2.1040104863360693e-05,-3.132485351231109e-05,0.004680155560150818
11.751,-1.7998163825010853,0.393465550117121,-0.9951044868098581,-0.0012687039475967326,0.006313910204503027,0.00017463914562477017,461,1,0.050308228992273676,-0.02973679369487566,-0.0013065007842239448,-2.1250878571985445e-05,-3.141106197652288e-05,0.004681071478024751
11.776,-1.7997547301012822,0.3936270208211156,-0.9950847129403594,0.0058704186849788675,0.0032486064534386723,0.0005007483414409747,462,1,0.050301099645374985,-0.029787477580100558,-0.0013090744172785955,-2.1436635437345675e-05,-3.1062690440489634e-05,0.00468035055151372
11.801,-1.7995228615668364,0.3936279804397929,-0.9950794493927861,0.004345141251853529,0.006013460069899027,0.00015791345775006735,463,1,0.050230706087214534,-0.029851715133883613,-0.0013106647560863307,-2.169563701289705e-05,-3.0928041043391206e-05,0.004681196767377061
11.826,-1.7995374730386895,0.39392769382461057,-0.9950768172674718,0.003494062293780637,0.008860023245248356,-4.7504732751945544e-05,464,1,0.050328395979513045,-0.029890219914613124,-0.001311652179012663,-2.1824619214791384e-05,-3.066110425488343e-05,0.004682162212499651
11.851,-1.7993481584521474,0.39407098160205534,-0.9950818246294237,0.002857987012547863,0.0036044399133073547,0.0010471117850574753,465,1,0.05033226111160132,-0.029954814817190773,-0.001312196970347896,-2.195902000761101e-05,-3.066447523180891e-05,0.004683339895360093
11.876,-1.799394573688062,0.39410791582027593,-0.9950244616782189,-0.0007766813373821956,0.0037117064054837624,0.008072774035126245,466,1,0.050353043876917455,-0.02991472260891394,-0.0013132246058787985,-2.2261773346218233e-05,-3.0787358903442686e-05,0.004684069732535125
11.901,-1.7993869925190165,0.3942565669223295,-0.9946781859276674,0.008362225029263528,0.0015755911558368084,0.02741896812180361,467,1,0.050405249585392865,-0.02989817304465464,-0.0013147813493968887,-2.2357231259316367e-05,-3.0717635943631676e-05,0.00468594935590283
11.926,-1.798976462436599,0.3941866953780678,-0.9936535132721286,0.028024086766990797,-0.0009781611032055743,0.060228344739855756,468,1,0.05034572712647366,-0.02988042490733109,-0.001317168499649864,-2.2319863147158783e-05,-3.114247269751121e-05,0.004686237206027325
11.951,-1.797985788180667,0.39420765886716924,-0.9916667686906747,0.052482029020243605,0.0023549735707739327,0.10387925062519474,469,1,0.05031041565015666,-0.029870471023988352,-0.0013199332679505744,-2.216695039610289e-05,-3.1127259494526367e-05,0.004687002504294072
11.976,-1.7963523609855867,0.3943044440566065,-0.9884595507408689,0.10320481139013403,0.00930899920771908,0.1573121699919289,470,1,0.05035988775623491,-0.029736353905874854,-0.0013233235021680233,-2.2327531801520353e-05,-3.077110583111414e-05,0.0046888353004474964
12.001,-1.7928255476111603,0.3946731088275552,-0.9838011601910787,0.18491549221803577,0.015251471945202702,0.21881557669436913,471,1,0.05039369376788548,-0.029734187364029604,-0.0013272442409162785,-2.2004559261882882e-05,-3.0230187302360098e-05,0.004690346542032671
12.026,-1.7871065863746851,0.3950670176538666,-0.9775187719061504,0.2765702379600526,0.018883554247930156,0.2866487162662383,472,1,0.05035937877480137,-0.02974343685726738,-0.001331506139576555,-2.150618263833442e-05,-2.9842241712272803e-05,0.004692078833632581
12.051,-1.7789970357131575,0.3956172865399517,-0.9694687243777667,0.36514599006676124,0.028807965930948844,0.36023322387069556,473,1,0.05028850107791355,-0.02981089940669673,-0.001335964330967219,-2.1069584260938852e-05,-2.9770631941999765e-05,0.004694389727946778
12.076,-1.7688492868713468,0.39650741595041405,-0.9595071107126153,0.46788426194912747,0.03839333060304651,0.4379169066729842,474,1,0.05033051140593771,-0.029821223204024395,-0.0013400066157216834,-2.0977464520202525e-05,-2.9256299921805703e-05,0.004696347183246032
12.101,-1.7556028226157008,0.39753695307010406,-0.947572879044117,0.576994292910923,0.04556950442979865,0.518975945325375,475,1,0.05025981890712603,-0.02994474052927934,-0.001344258335664921,-2.0469403406261975e-05,-2.888391740876342e-05,0.0046998093052124474
12.126,-1.7399995722258013,0.39878589117190394,-0.9335583134463471,0.6727840473859202,0.05638570816271069,0.6018408993384434,476,1,0.0502655328703529,-0.029954386933364552,-0.0013486614477917535,-2.0432584823603387e-05,-2.8322170520500102e-05,0.004702551074210168
12.151,-1.7219636202464055,0.40035623847823953,-0.9174808340771956,0.7769036593711288,0.06381539741636265,0.6844113406688459,477,1,0.05034593259819607,-0.029926966724699813,-0.0013531063630280189,-2.0611117133180833e-05,-2.7671711956442626e-05,0.00470558125811196
12.176,-1.7011543892572443,0.4019766610427221,-0.8993377464129045,0.8816855532086051,0.06632400293828405,0.7674181935889448,478,1,0.05032887713575789,-0.02993327429858798,-0.0013578976006303346,-2.022763999007566e-05,-2.7103710175950668e-05,0.0047094863212329635
12.201,-1.6778793425859746,0.4036724386251538,-0.8791099243977479,0.9782879561032404,0.07702609967328745,0.8493876446398175,479,1,0.050286251406933116,-0.029902525299613326,-0.0013622758463187974,-1.993117192445847e-05,-2.663367986023103e-05,0.0047122668661186504
12.226,-1.6522399914520816,0.40582796602638654,-0.8568683641809133,1.080430046048165,0.08479247482188715,0.9286228673941841,480,1,0.05034612236642003,-0.029909473059228888,-0.001366489426208354,-1.968663628515668e-05,-2.6125355332966997e-05,0.004715580613236002
12.251,-1.6238578402835675,0.40791206236624805,-0.8326787810280397,1.1775568764358175,0.08909840684290872,1.004808196501438,481,1,0.05024600262932968,-0.029968192477913397,-0.0013708045697899038,-1.9542031818211454e-05,-2.622625927414998e-05,0.004719893861757127
12.276,-1.593362147630292,0.4102828863685319,-0.8066279543558423,1.2661986427920222,0.0976176496357048,1.077484843943133,482,1,0.050235743786863456,-0.029978211325891686,-0.0013745686501759136,-1.9636249931788356e-05,-2.6329841546599823e-05,0.0047247516347807906
12.301,-1.5605479081439655,0.41279294484803336,-0.7788045388308823,1.3577729195273964,0.1003345712826861,1.1460967478740096,483,1,0.050206621196126365,-0.029993363159527556,-0.0013782592658159638,-1.9852014194679766e-05,-2.650403747548282e-05,0.004729339248788547
12.326,-1.5254735016539211,0.41529961493266626,-0.7493231169621409,1.4423600261187648,0.11106743062501431,1.2094184366311562,484,1,0.05012232634857984,-0.029982249075659738,-0.001381696008678909,-1.9787571966556917e-05,-2.6858195782069033e-05,0.004733674763605857
12.351,-1.4884299068380262,0.41834631637928416,-0.7183336169993237,1.520189245601499,0.12355316962098503,1.2662223363744212,485,1,0.050197168720566454,-0.030003027957471208,-0.0013855138269889189,-1.960882444824119e-05,-2.6798852377094264e-05,0.0047375919814969985
12.376,-1.4494640393738478,0.4214772734137154,-0.686012000143421,1.6042640336330858,0.1258556265087423,1.3171041503269811,486,1,0.05028024852741844,-0.029953773711068835,-0.0013895431275611327,-1.9649263814249818e-05,-2.6440850582305823e-05,0.004743836405070193
12.401,-1.4082167051563736,0.42463909770472114,-0.652478409482976,1.6885687109968632,0.13087580488860975,1.362194837193947,487,1,0.05026106353377727,-0.029942661774342665,-0.001393115660836766,-1.957374868720377e-05,-2.6492307358800795e-05,0.004750899822080376
12.426,-1.3650356038240035,0.42802106365814596,-0.6179022582837228,1.7637389349519121,0.1418493335830053,1.3998175168967264,488,1,0.050276297744567384,-0.029929923895713532,-0.0013957758963541649,-1.917940132013316e-05,-2.6416570297594603e-05,0.004757043431381212
12.451,-1.3200297584087768,0.4317315643838715,-0.5824875336381384,1.8362658711378237,0.14855482648359464,1.4296072533896773,489,1,0.050365019081226,-0.02993142618428793,-0.0013978078010556312,-1.8753904193718933e-05,-2.655791828517943e-05,0.004763681355786871
12.476,-1.273222310267111,0.4354488049823258,-0.5464218956142378,1.9146879989662944,0.1557835621892556,1.4524134242568418,490,1,0.050430670447079017,-0.029873459497903924,-0.0013997587503549885,-1.8431245527292782e-05,-2.6396550965662467e-05,0.004771164269158953
12.501,-1.2242953584604641,0.4395207424933341,-0.5098668624252978,1.992422797283078,0.15899262410064124,1.4677378002080446,491,1,0.0504693890847282,-0.029946199622567976,-0.001402266317183041,-1.8008447137234706e-05,-2.5890269910851808e-05,0.004777140187002366
12.526,-1.1736011704029592,0.4433984361873577,-0.4730350056038372,2.0550479731073885,0.16162902754461742,1.4745523282515163,492,1,0.050433243502216264,-0.029910071697572062,-0.0014049322309007285,-1.8028568466226133e-05,-2.566635237658587e-05,0.004783048522233309
12.551,-1.1215429598050932,0.4476021938705651,-0.4361392460127209,2.1159318713251327,0.16897809420046464,1.4733582669712288,493,1,0.05050753558664983,-0.029889499341251423,-0.001407261061552195,-1.8130190075275422e-05,-2.5135568117131188e-05,0.004790689737108236
12.576,-1.067804576836701,0.45184734089738104,-0.3993670922552746,2.1845487383653417,0.1710514300756003,1.4649482941833605,494,1,0.05047116368432813,-0.029923780764621148,-0.00140936967263199,-1.791765385885549e-05,-2.4929567830185397e-05,0.004798669166897094
12.601,-1.0123155228868246,0.45615476537434524,-0.3628918313035517,2.246698265494124,0.17673839770854394,1.44888394057443,495,1,0.05040687061731763,-0.029947056843196724,-0.0014114039848249688,-1.7861981147106354e-05,-2.489886141445654e-05,0.004805691738691146
12.626,-0.9554696635619973,0.46068426078280805,-0.32692289522655466,2.2578264975562736,0.1739849844968559,1.424744992748405,496,1,0.050406631059882,-0.029975484874862877,-0.0014129694262827181,-1.807355364052019e-05,-2.4583062392076577e-05,0.004811124116742433
12.651,-0.8994241980090133,0.46485401459918785,-0.2916545816661331,2.2174315409243657,0.16945800468556851,1.393258547645562,497,1,0.05034093188341865,-0.029926622397590297,-0.001414033549532317,-1.824642660991979e-05,-2.4392720039594683e-05,0.004817114072783155
12.676,-0.8445980865157774,0.4691571610170866,-0.25725996784427557,2.164199935270899,0.1682837252231671,1.3547517644461922,498,1,0.05033518789899959,-0.029953291440848902,-0.0014141230910918105,-1.8539351084274e-05,-2.3817367370049894e-05,0.004821858997708236
12.701,-0.7912142012454668,0.4732682008603463,-0.2239169934438227,2.0437953693348776,0.15557880771333354,1.3080726968617808,499,1,0.050102584749240335,-0.030084435064935626,-0.0014142986129200234,-1.8195979573236705e-05,-2.4073073541714983e-05,0.004825503606772369
12.726,-0.7424083180490321,0.4769361014027534,-0.1918563330011854,1.8911899130794723,0.1453120046679044,1.2542587456274479,500,1,0.05025242569389319,-0.029954640828663604,-0.00141396299568765,-1.909000557517975e-05,-2.348499550301356e-05,0.004831780790523747
12.751,-0.6966547055914952,0.4805338010937414,-0.16120405616245162,1.7731153012879997,0.1417389988315995,1.195399034043384,501,1,0.050394602242657405,-0.029902571788296566,-0.0014137252694045215,-1.9693044660304978e-05,-2.3137734495116718e-05,0.00483846236605863
12.776,-0.653752552984634,0.4840230513443332,-0.13208638129901767,1.6452659733938024,0.13111167167871343,1.1315198334014838,502,1,0.05050745741095082,-0.029906144495170456,-0.0014134870594422885,-1.9988560649066807e-05,-2.297759162563736e-05,0.004844954531028067
12.801,-0.6143914069218039,0.48708938467767715,-0.10462806449237676,1.5065191448011448,0.12036352244030264,1.062900240905294,503,1,0.05057440703826367,-0.029865745486379516,-0.0014128461615270644,-2.0114652175659347e-05,-2.293698695257935e-05,0.0048507707381261495
12.826,-0.5784265957445757,0.49004122746634843,-0.07894136925375222,1.361089896413355,0.10705858579156804,0.9895424327473937,504,1,0.05063007402056136,-0.029883222956839962,-0.0014115219720690737,-2.0512088644121777e-05,-2.2798688992232415e-05,0.004856225462222852
12.851,-0.5463369121011352,0.49244231396725563,-0.05515094285500644,1.2096606619965624,0.09676487908593086,0.9120641034499605,505,1,0.050695115034674665,-0.029796730753768156,-0.001409696099471364,-2.1312160683272408e-05,-2.2749357801924182e-05,0.0048612271736952805
12.876,-0.5179435626447488,0.49487947142064487,-0.03333816408125502,1.0627501992506654,0.08915106735742108,0.8317362557364927,506,1,0.05076202373821845,-0.029837460500346545,-0.0014077364570909596,-2.1898245787700556e-05,-2.2516851904436442e-05,0.004866956615096079
12.901,-0.4931994021386031,0.4968998673351266,-0.01356413006818262,0.9279903551911152,0.07792841940469808,0.7499514615327101,507,1,0.05081305799751525,-0.029827942797572303,-0.0014058137878302213,-2.2572286627235384e-05,-2.253613649658848e-05,0.004872537059608338
12.926,-0.4715440448851924,0.4987758923908798,0.004159408995380929,0.7990811376319904,0.06761352142174896,0.668060624602455,508,1,0.05075701780721928,-0.029881697125387578,-0.0014045364907971042,-2.2852873930430373e-05,-2.254430370528754e-05,0.0048775629238844405
12.951,-0.453245345257003,0.5002805434062141,0.01983890116194071,0.6735454215861862,0.05385430094412648,0.5856178950729168,509,1,0.050768237179360215,-0.029876136241282297,-0.0014041082718328514,-2.2974350913712422e-05,-2.2328903346276007e-05,0.004878245738764205
12.976,-0.4378667738058826,0.5014686074380862,0.033440303749027296,0.5600126747034959,0.04601484631288164,0.5021180931855458,510,1,0.05075837852998688,-0.02984449770945474,-0.0014044381474133082,-2.2953369026513667e-05,-2.258950662695405e-05,0.004879217406814853
13.001,-0.4252447115218288,0.5025812857218581,0.04494480582121739,0.44945412912419785,0.03924863589123002,0.4214061233300904,511,1,0.05072113276488793,-0.029870239493499158,-0.0014055089775975905,-2.2736247523364605e-05,-2.2907183877601428e-05,0.004885076457042452
13.026,-0.4153940673496732,0.5034310392326476,0.05451060991553136,0.3398313906894586,0.022264651502936456,0.3450883762292496,512,1,0.050669129818895854,-0.029877221559808757,-0.0014074549755560652,-2.28256570926003e-05,-2.3596592827052028e-05,0.0048874912371153975
13.051,-0.40825314198735563,0.503694518297005,0.062199224632680045,0.23199983554634931,0.012952321331429578,0.2725472843460569,513,1,0.05063468260513352,-0.029751127722281907,-0.0014105724856523765,-2.3205500167757464e-05,-2.4390694909745156e-05,0.004889429251580728
13.076,-0.4037940755723556,0.5040786552992191,0.06813797413283455,0.12724532467435587,0.013470804268495926,0.20515656799203683,514,1,0.05062755910739888,-0.029759018587946707,-0.001414729776055696,-2.3107439410521184e-05,-2.4814759984395297e-05,0.004891209917433187
13.101,-0.40189087575363774,0.5043680585104298,0.07245705303228211,0.025248560949934756,0.006225860005515526,0.14522648813751848,515,1,0.05059184676241681,-0.029805078663664244,-0.0014193000771221343,-2.2839835023818556e-05,-2.4934308180943644e-05,0.004895935705477855
13.126,-0.40253164752485887,0.5043899482994949,0.07539929853971028,-0.06604749422651908,-0.00254819690783009,0.09360932446990966,516,1,0.05057105791961691,-0.029824325987240902,-0.001423668387662824,-2.2991218762454655e-05,-2.5028845995036498e-05,0.0048968593526171516
13.151,-0.40519325046496363,0.5042406486650383,0.07713751925577754,-0.12648536323894774,-0.008117662160638136,0.05206781933648689,517,1,0.05065825726330873,-0.029827027575575902,-0.001428044852056471,-2.315803125111248e-05,-2.4704288992403256e-05,0.004900854708890476
13.176,-0.40885591568680635,0.503984065191463,0.07800268950653458,-0.16862481399232948,-0.010637641805068947,0.023123889110223343,518,1,0.050604561186454275,-0.029824877395427468,-0.0014316309745801264,-2.331155149054444e-05,-2.463078207539909e-05,0.004901199827364562
13.201,-0.4136244911645802,0.5037087665747848,0.0782937137112886,-0.20127788488346668,-0.013113344202077918,0.0060675496264027936,519,1,0.0505900323101782,-0.029844838868162776,-0.0014348982044705026,-2.3407528536412354e-05,-2.4466284161788012e-05,0.004900438986583681
13.226,-0.4189198099309798,0.5033283979813591,0.07830606698785492,-0.21078558627414595,-0.009754004260056556,0.012449295466057374,520,1,0.050556596219145586,-0.029839050745235948,-0.0014383665532322104,-2.319994915507728e-05,-2.4010195883105118e-05,0.004901031744680812
13.251,-0.4241637704782873,0.503221066361782,0.07891617848459144,-0.20816403086876267,-0.010590868936506629,0.06246473775574435,521,1,0.05044966546179395,-0.02991752820095171,-0.0014417109437574228,-2.2982141463622755e-05,-2.392838409011132e-05,0.004901277531800556
13.276,-0.42932801147441774,0.5027988545345338,0.081429303875642,-0.19031312808632414,0.0047915345117254685,0.16140554970188728,522,1,0.05050072067417384,-0.02980750850004483,-0.001445369272743754,-2.3037951437280164e-05,-2.35765674820243e-05,0.004901353286635538
13.301,-0.43367942688260364,0.5034606430873683,0.08698645596968606,-0.15464908342031183,0.04378187088873213,0.3018790865173095,523,1,0.05052220281641769,-0.029871620916113267,-0.0014490221411439337,-2.276896412699022e-05,-2.3150335858235422e-05,0.0049047971342498515
13.326,-0.43706046564543344,0.5049879480789704,0.09652325820150776,-0.10250547420028809,0.09628600163181651,0.47410451746046295,524,1,0.05058310967522418,-0.029836248128192994,-0.0014529619156912284,-2.2747991655466297e-05,-2.266713731999408e-05,0.004907390425482928
13.351,-0.4388047005926181,0.5082749431689592,0.1106916818427095,-0.047187212618299175,0.17857803966629218,0.6701747696189707,525,1,0.05049156971270925,-0.029798445601548686,-0.0014564997982084358,-2.2665748475759928e-05,-2.2186016347064823e-05,0.004913360736001128
13.376,-0.43941982627634835,0.5139168500622848,0.13003199668245552,0.0028333007230863564,0.2795723396331022,0.8827295406518952,526,1,0.05047098232370266,-0.029779977589011828,-0.001459552166421019,-2.2749098665141065e-05,-2.1615918922124715e-05,0.004917835248307431
13.401,-0.4386630355564638,0.522253560150614,0.15482815887530335,0.044015320814590406,0.3859662724813962,1.1035078855176848,527,1,0.05040238493507992,-0.029792184358800846,-0.0014620609006648713,-2.2705523963626925e-05,-2.132730384214193e-05,0.004920834647814882
13.426,-0.4372190602356188,0.5332151636863549,0.1852073909583405,0.08285910712939486,0.48733802427197465,1.324678668829672,528,1,0.05047613042156041,-0.029820426337806367,-0.0014644425867640775,-2.2526426926293733e-05,-2.0547087591259256e-05,0.004923006773270888
13.451,-0.434520080199994,0.546620461364213,0.2210620923167879,0.12401112561436879,0.592308228728962,1.540849715620021,529,1,0.05044696744373636,-0.029786222991121436,-0.0014660167254175868,-2.237693523930355e-05,-2.0339190104248545e-05,0.004928325065045517
13.476,-0.43101850395490027,0.5628305751228034,0.26224987673934264,0.15697047996754757,0.694751392526313,1.7472900682214672,530,1,0.05044010563658356,-0.029849382894203216,-0.0014667340979728463,-2.1898691410442045e-05,-2.0133186031215313e-05,0.004933619813457984
13.501,-0.4266715562016168,0.581358030990528,0.3084265957278594,0.18813292530436576,0.7928566588847277,1.9377578728946934,531,1,0.05043610254765239,-0.029844538087848923,-0.0014675052715654002,-2.157021416373036e-05,-1.97163580191067e-05,0.004941478435353064
13.526,-0.4216118576896822,0.602473408067039,0.3591377703840753,0.2171755870457617,0.8911281513536069,2.1092026838016023,532,1,0.05045248925719332,-0.029894455335149294,-0.0014688339759139045,-2.1311239893132272e-05,-1.9341899466206205e-05,0.004951617416972673
13.551,-0.41581277684932855,0.6259144385582089,0.41388672991794095,0.25163480323009724,0.9840622112848878,2.2589679994941694,533,1,0.050479234972862067,-0.029922239585608617,-0.001470471714538559,-2.1154086250066613e-05,-1.896080833388184e-05,0.004961836551504486
13.576,-0.40903011752817714,0.6516765186312841,0.47208617035878553,0.27884282432367896,1.0719494723278602,2.3827820191486033,534,1,0.05041872679582482,-0.02993041899271164,-0.0014720300603376613,-2.10707777319372e-05,-1.8847337844726933e-05,0.004969931982536318
13.601,-0.4018706356331444,0.6795119121746027,0.5330258308753727,0.30158656703872166,1.1611926308662792,2.476520063615108,535,1,0.05048657672739108,-0.02989544757520332,-0.0014737955403127366,-2.1185751418101066e-05,-1.8509573617224766e-05,0.004979351013541777
13.626,-0.3939507891762414,0.7097361501745968,0.5959121735395382,0.3278843315311001,1.2424937987202365,2.540147949629886,536,1,0.050504306429982056,-0.02991605300858007,-0.001475254983214313,-2.1138558674879772e-05,-1.8503668066311593e-05,0.004990814054662079
13.651,-0.38547641905658975,0.7416366021106132,0.6600332283568643,0.3422110381271788,1.2975177921395813,2.5732892438555934,537,1,0.05050699523488992,-0.02992974067994039,-0.0014765049823487523,-2.0917486454004604e-05,-1.830730432432004e-05,0.00500063312381069
13.676,-0.3768402372698822,0.7746120397815768,0.7245766357323195,0.36285559638809234,1.345543430182222,2.5726657911527697,538,1,0.050589710233726354,-0.029934153678849218,-0.001477781671604683,-2.1167867281387307e-05,-1.795759496526025e-05,0.0050097226814053986
13.701,-0.3673336392371849,0.8089137736197253,0.7886665179145047,0.3802168209749803,1.3883590194308562,2.5402975779536336,539,1,0.05052651504727648,-0.029885458363789728,-0.0014789872475573314,-2.138751297593831e-05,-1.7922929139623146e-05,0.0050225998688777605
13.726,-0.3578293962211329,0.8440299907531206,0.8515915146300028,0.38014269130074474,1.3858147278607198,2.4775385061593265,540,1,0.05050603087000584,-0.029935555079236745,-0.0014798917764099059,-2.1214626016134707e-05,-1.7746398147069095e-05,0.005032648159668486
13.751,-0.34832650467214804,0.8782045100127598,0.9125434432224683,0.3718568598837026,1.348274537011511,2.3831144979882852,541,1,0.050458397507194594,-0.029901672992972347,-0.0014813325260815574,-2.1205191829820723e-05,-1.7604468118790994e-05,0.005042864386126268
13.776,-0.3392365532269482,0.9114437176036947,0.9707472395294148,0.3622716066781188,1.299372450705129,2.2600137238614106,542,1,0.050503350402973296,-0.02986541431104993,-0.0014834692017036757,-2.132474726348826e-05,-1.7265762994387226e-05,0.005053673439729536
13.801,-0.33021292433824184,0.9431731325480172,1.0255441294155403,0.348394043149492,1.2309907640774955,2.112090244338912,543,1,0.05047418634249443,-0.029753592939461688,-0.001485610195784409,-2.126730296787388e-05,-1.68886132080894e-05,0.0050632495624688325
13.826,-0.32181685106947333,0.9729932558075703,1.0763517517463619,0.3070924562740807,1.1393893773227675,1.940436243017726,544,1,0.05040970332906355,-0.02972654501350667,-0.0014877459973453707,-2.098672313401719e-05,-1.6446620070198215e-05,0.005069895713322898
13.851,-0.3148583015245376,1.0001426014141563,1.122565941566428,0.2688510917330846,1.0289532085745965,1.748833683771391,545,1,0.05055061039853987,-0.029827002873095206,-0.001489433849703862,-2.0873765336762272e-05,-1.533310725905086e-05,0.005078761644449113
13.876,-0.3083742964828194,1.024440916236299,1.1637934359349296,0.240999599323118,0.9137569159706355,1.5422809109315212,546,1,0.050597379331343006,-0.029841405246231797,-0.0014908357973708443,-2.1113571010351642e-05,-1.4490405381311905e-05,0.005086242708945266
13.901,-0.30280832155838194,1.0458304472126871,1.1996799871130024,0.20962149019677115,0.7890882777242435,1.3260928616754686,547,1,0.05062977112233637,-0.029894757244320207,-0.0014917668620033746,-2.148295199006008e-05,-1.3643859035104845e-05,0.005094517953328403
13.926,-0.2978932219729807,1.0638953301225118,1.2300980790187042,0.17702346789171677,0.6558253029136769,1.1050847270605877,548,1,0.05061941265257853,-0.02986311016164355,-0.0014924289505405617,-2.1901950111289715e-05,-1.3026928017187138e-05,0.005098568682210794
13.951,-0.293957148163796,1.0786217123583715,1.2549342234660323,0.13879137333053373,0.5203520409846322,0.8843309435716725,549,1,0.05061711059284178,-0.029853560568058653,-0.00149351521393653,-2.1889266873004632e-05,-1.2413353061170024e-05,0.00510286237625177
13.976,-0.2909536533064539,1.0899129321717438,1.2743146261972884,0.10400791760648898,0.3917753543682151,0.6732644579840806,550,1,0.050664288838225706,-0.029828381852681805,-0.0014951401585932378,-2.1703671742814275e-05,-1.192051014652717e-05,0.005109780020726248
14.001,-0.28875675228347164,1.0982104800767818,1.2885974463652357,0.06581935730855666,0.2650747199077198,0.4774664639515715,551,1,0.05063660976234102,-0.029826367336160654,-0.001497117638946533,-2.142500924100303e-05,-1.1608367755096903e-05,0.005110131231242668
14.026,-0.28766268544102613,1.1031666681671295,1.2981879493948667,0.03420194838761943,0.13444009083843053,0.3037200642577754,552,1,0.050718013285823184,-0.02986385826199114,-0.001499978262552056,-2.1363190063403013e-05,-1.090715111198245e-05,0.005111856413743234
14.051,-0.28704665486409064,1.1049324846187034,1.3037834495781246,0.0013404101579428205,0.01896708387065766,0.16178703858239044,553,1,0.05078091269789203,-0.029777060607267914,-0.0015041006772194068,-2.1519064072088857e-05,-1.0558984340066526e-05,0.005113566776736782
14.076,-0.287595664933129,1.1041150223606624,1.3062773013239863,-0.024455350760703362,-0.07909335484494016,0.061954504659408556,554,1,0.05078860633633979,-0.02985875042403577,-0.0015089012676808649,-2.1096440145662897e-05,-1.0142553870453552e-05,0.005117742168890432
14.101,-0.28826942240212583,1.1009778168764563,1.3068811748110951,-0.03882929705507159,-0.1620444691534385,0.009592773455571395,555,1,0.05069277925159113,-0.029777735485287,-0.0015141490398662791,-2.0845215839358513e-05,-1.0386928163724528e-05,0.005119036840244746
14.126,-0.28953712978588253,1.0960127989029906,1.306756939996765,-0.061461922752334065,-0.21281353905043163,-0.02198636399176881,556,1,0.05067252526641332,-0.02973121133524128,-0.0015199374379760025,-2.0687816337485806e-05,-1.0229772136159135e-05,0.005124628931083
14.151,-0.29134251853974247,1.090337139923935,1.305781856611507,-0.0653828674914649,-0.23099445680211278,-0.08090929210103566,557,1,0.050632238117767916,-0.02981916605960699,-0.0015265135155912626,-2.0002551362862592e-05,-1.0113512400289312e-05,0.005125913209830052
14.176,-0.2928062731604558,1.0844630760628848,1.302711475391713,-0.04285451543752422,-0.2248588577584222,-0.18378638911948203,558,1,0.050618854949404976,-0.029856798395281332,-0.0015331412917778085,-1.966181899534787e-05,-1.0050972504483842e-05,0.005128539394989067
14.201,-0.2934852443116187,1.0790941970360137,1.2965925371555327,0.008514362373974616,-0.20500541122774482,-0.32171071207831126,559,1,0.05063915500454398,-0.029904390898294737,-0.0015385278893647293,-1.935444985469939e-05,-1.029048777027613e-05,0.0051288341114976935
14.226,-0.2923805550417571,1.0742128055014974,1.2866259397877973,0.08498351226098282,-0.17461118373200896,-0.48737622596705926,560,1,0.050713906327893965,-0.029826825544808876,-0.001542171595726003,-1.9437886537227537e-05,-1.044006663170265e-05,0.005128490565740661
14.251,-0.28923606869856966,1.0703636378494135,1.2722237258571802,0.18248500857037386,-0.13229444966478549,-0.6739093768943559,561,1,0.0507418085633461,-0.02981868929171282,-0.0015444430866719577,-1.922748554619812e-05,-1.0894549413843745e-05,0.005125644353798402
14.276,-0.2832563046132386,1.0675980830182583,1.2529304709430802,0.2996850842319467,-0.10103303521946073,-0.8748617798364631,562,1,0.05067043873341902,-0.029753775313928196,-0.001545044165410065,-1.909972606406141e-05,-1.1599082558795709e-05,0.005123160479243772
14.301,-0.2742518144869721,1.0653119860884404,1.2284806368653565,0.40107553528347367,-0.07546250797473401,-1.0824019948581867,563,1,0.050656296035368795,-0.02961320447099731,-0.0015444057407734996,-1.904759936445781e-05,-1.2497076513769166e-05,0.005119862959921563
14.326,-0.2632025278490646,1.0638249576195216,1.1988103712001703,0.5033666724251852,-0.0537445698400988,-1.2930879590395865,564,1,0.05061486940943101,-0.029747750626097007,-0.001542756967599706,-1.834341836564938e-05,-1.33829889572529e-05,0.005113076840871551
14.351,-0.2490834808657125,1.0626247575964354,1.1638262389133762,0.6115596661587505,-0.04349543652903613,-1.5003002324371426,565,1,0.050577842685230676,-0.029745280930839883,-0.0015407263084875704,-1.8043355142461517e-05,-1.41551679395429e-05,0.005111784580273016
14.376,-0.23262454454112774,1.0616501857930698,1.1237953595783148,0.7195461815899188,-0.03175530278793094,-1.6980643688394899,566,1,0.050590048771674105,-0.02984423108534751,-0.0015388060119384665,-1.7736755409653932e-05,-1.4771687492625769e-05,0.005105422474349493
14.401,-0.21310617178621732,1.0610369924570389,1.0789230204714033,0.8291357429596884,-0.02514253177563894,-1.8846262163158654,567,1,0.05051068742449172,-0.029802473886474074,-0.0015376548566563028,-1.7848642952918007e-05,-1.5387869372092467e-05,0.005099279488446042
14.426,-0.19116775739314273,1.0603930592042878,1.0295640487625202,0.9249762471256414,-0.020373798949910583,-2.0555278510400194,568,1,0.05051284431509659,-0.029788512375051205,-0.0015370752059237832,-1.7977689520702644e-05,-1.5839558922696586e-05,0.0050913655941282185
14.451,-0.1668573594299346,1.0600183025095433,0.9761466279194009,1.024795131939487,-0.012437350403326875,-2.206732933208761,569,1,0.05048328387884967,-0.029823774803233383,-0.00153648919090245,-1.817974729366671e-05,-1.6276223757568468e-05,0.005085102980060886
14.476,-0.13992800079616766,1.0597711916841215,0.9192274021020804,1.1273310740200484,-0.011503627988869414,-2.33502842828703,570,1,0.05043349589932779,-0.02979775175120964,-0.001536231130900389,-1.851873372306918e-05,-1.6553350826550064e-05,0.0050770833608568475
14.501,-0.11049080572893338,1.0594431211100999,0.8593952065050517,1.2222293515882008,-0.006589427995202931,-2.4390734970230086,571,1,0.0504270463303573,-0.029712874434225753,-0.001536383013691559,-1.9025238692487367e-05,-1.6548794899204153e-05,0.005068949379473398
14.526,-0.07881653321675892,1.0594417202843613,0.7972737272509324,1.3098663740811398,-0.0037009367903406173,-2.517406346119379,572,1,0.05036144394348257,-0.029690185835997942,-0.0015363105196777656,-1.934129709025407e-05,-1.6663008049442412e-05,0.005060115294464528
14.551,-0.04499748702487546,1.0592580742705828,0.7335248891990811,1.3919451912247067,-0.003995637793625605,-2.5671401998580636,573,1,0.05038746767792394,-0.02965183250580513,-0.0015360332680918278,-1.9282804248822273e-05,-1.6600218999050516e-05,0.005052373602692657
14.576,-0.009219273655522593,1.05924193839468,0.6689167172580275,1.4660722538716007,-0.0019218062882408742,-2.588329183208201,574,1,0.05038717124750903,-0.029646317321669932,-0.0015360813147669644,-1.921686734431631e-05,-1.6360719769848157e-05,0.005043922403593379
14.601,0.02830612566870561,1.0591619839561708,0.6041084300386691,1.5359297213518028,-0.0037226753594322387,-2.5814445146372673,575,1,0.0504388307235059,-0.029661585859932234,-0.0015366987865914985,-1.8925592887609998e-05,-1.6236728441006172e-05,0.005035637477941528
14.626,0.0675772124120659,1.0590558046267085,0.5398444915261666,1.5857354133825035,-0.0012708548925966228,-2.545973368444746,576,1,0.05050989089803698,-0.029678605354786974,-0.001537668657940073,-1.8925319872320975e-05,-1.571475842864196e-05,0.005027251044239642
14.651,0.10759289633782909,1.059098441211541,0.4768097616164344,1.6113759723276708,0.0017514187132894072,-2.481582249887602,577,1,0.05064546317107518,-0.029854266617267877,-0.0015383132655871312,-1.8554715904830523e-05,-1.5357990708865252e-05,0.005022202655285138
14.676,0.1481460110284506,1.059143375562373,0.41576537903178495,1.6077604249812942,-0.0009751090581255756,-2.38932413454884,578,1,0.050701342328172715,-0.02991591241484845,-0.0015394531671626538,-1.8580983922226997e-05,-1.5120149205808591e-05,0.005013290210086077
14.701,0.18798091758689495,1.0590496857586347,0.3573435548889906,1.5503134627706667,-0.0016668595584068177,-2.2720129418956634,579,1,0.05074642733805889,-0.02990248154835947,-0.0015404486767704741,-1.86624073967745e-05,-1.5046566542624784e-05,0.005005312887141133
14.726,0.22566168416698504,1.0590600325844526,0.30216473193700005,1.458429453076252,0.0032500263167590387,-2.1315122892110425,580,1,0.050770551457919956,-0.029923284362885154,-0.0015405329526491914,-1.8532761622630697e-05,-1.5078833452155094e-05,0.004997535943567929
14.751,0.260902390240706,1.0592121870744726,0.25076794042844064,1.3287650170824339,0.0022715113090976888,-1.9702023326855198,581,1,0.05062421613629438,-0.029863845605123347,-0.0015403742045828213,-1.890568697106333e-05,-1.5275393331252085e-05,0.004989709340713968
14.776,0.2920999350211053,1.0591736081499075,0.20365461530272602,1.17380553507472,-0.002620676790856498,-1.7907289244369917,582,1,0.050608580339772086,-0.029836295064817005,-0.001540444363113099,-1.9093829715707315e-05,-1.4985840843183654e-05,0.004982438861619638
14.801,0.31959266699444283,1.0590811532349298,0.16123149420658978,1.0292956633709613,-0.003316695321573479,-1.5970720449756155,583,1,0.050579236207809256,-0.029789442902749985,-0.0015415040063573783,-1.9076057708120727e-05,-1.4789176375532286e-05,0.004973875260444954
14.826,0.3435647181896541,1.0590077733838288,0.12380101305394395,0.8721082944598277,-0.002668245697714473,-1.394235154663084,584,1,0.05049826143623352,-0.029731840911751534,-0.0015434857206155584,-1.9461178139434738e-05,-1.4371482193456024e-05,0.0049669128882913315
14.851,0.36319808171743484,1.058947740950044,0.09151973647343471,0.7319273068310396,-0.0024427682241734937,-1.1852141832258565,585,1,0.050624852352957106,-0.02978582650647632,-0.001545706068507405,-1.9293191019756697e-05,-1.3441126168020024e-05,0.0049630246321190254
14.876,0.3801610835312053,1.0588856349726201,0.06454030389265228,0.6050996490927958,-0.0012823320216215624,-0.9749308335399961,586,1,0.050493093416917906,-0.029727880695589053,-0.0015487121301301016,-1.968268435267411e-05,-1.2906488859298299e-05,0.0049578609839890046
14.901,0.393453064172074,1.058883624348963,0.042773194796436154,0.45614797025959736,0.005059047224809027,-0.7704646791177862,587,1,0.05044144102856783,-0.02972188521675646,-0.0015525915647322615,-1.9772131693228344e-05,-1.2583059688546089e-05,0.004954106037516821
14.926,0.4029684820441855,1.0591385873338606,0.02601706993676259,0.3178539080719522,0.007878896380448695,-0.5761683336469499,588,1,0.05050320495947202,-0.02982667282470259,-0.001557080723160478,-1.957424235257971e-05,-1.2219504823907821e-05,0.004952589551652946
14.951,0.4093457595756718,1.0592775691679854,0.013964778114088276,0.19284175779039017,-0.00014092184557057207,-0.3985195140014618,589,1,0.05052983794863879,-0.029865055769648284,-0.0015620884045964574,-1.950171923358908e-05,-1.1904500990569535e-05,0.004949277743605075
14.976,0.41261056993370515,1.059131541241582,0.006091094236689408,0.0700044145326299,-0.0058627950928304,-0.2448349297041882,590,1,0.05054854425511362,-0.02980206824455863,-0.0015669459662757954,-1.9622423230434703e-05,-1.1633400208120763e-05,0.004945973511469971
15.001,0.41284598030230324,1.058984429413344,0.001723031628879102,-0.05264063560659672,-0.002390420987894488,-0.12385865256302517,591,1,0.05053915112608473,-0.029742233462524473,-0.0015713093101605681,-1.9659387060287155e-05,-1.145590383500942e-05,0.004941452376750255
15.026,0.40997853815337537,1.0590120201921873,-0.00010183839146174859,-0.16661517156307468,-0.00182898459766709,-0.04279006410229097,592,1,0.05058942325324705,-0.029750988816929707,-0.0015753225587566587,-1.9663781744626638e-05,-1.1146056373384466e-05,0.004939289055567666
15.051,0.4045152217241494,1.0588929801834606,-0.00041647157623561436,-0.2434839121252129,0.0012941095038332222,-0.0062108097709056235,593,1,0.050670085936857165,-0.029714447109733488,-0.0015786235681224396,-1.9679432225836498e-05,-1.0915065725083555e-05,0.004936541958001252
15.076,0.39780434254711455,1.059076725667379,-0.0004123788800068155,-0.29348052128149865,0.007768218071300016,-0.0010506559351686057,594,1,0.05057119234612655,-0.029764116997817353,-0.001580834579926532,-1.943258631239632e-05,-1.1195076719537758e-05,0.004935795238432847
15.101,0.38984119566007425,1.0592813910870256,-0.0004690043729938751,-0.32819059335115564,0.00456978232984194,-0.003502235514734128,595,1,0.05055719384698476,-0.029817597884198434,-0.001582085979740544,-1.9211476078701272e-05,-1.1268813908706672e-05,0.004936501122022222
15.126,0.3813948128795571,1.059305214783871,-0.0005874906557435461,-0.301257761932193,-0.0038384865133434796,-0.007557565532403549,596,1,0.050712022633803755,-0.029828008799304244,-0.0015833286818881208,-1.9108098400061984e-05,-1.0986996619601322e-05,0.0049351219490244135
15.151,0.3747783075634649,1.0590894667613584,-0.0008468826496139355,-0.2265732303600777,-0.015202777722649113,-0.013581861199103236,597,1,0.05061518793914955,-0.02979801518921234,-0.0015844812355915714,-1.9137785921751933e-05,-1.1264429143121242e-05,0.004932828947802565
15.176,0.3700661513615531,1.0585450758977386,-0.0012665837156987762,-0.1322254358553191,-0.025332577229852576,-0.0218582254153429,598,1,0.050583126409581035,-0.029746551527194753,-0.0015864899661134117,-1.8873118771038164e-05,-1.1372916241093767e-05,0.004929388719193757
15.201,0.36816703577069887,1.0578228378998658,-0.0019397939203812044,-0.018355805443567037,-0.03536440523512713,-0.03231411649925196,599,1,0.05049844065138498,-0.029758048123998414,-0.0015894330888438718,-1.8620056773049557e-05,-1.1584786876710252e-05,0.004928099253492193
15.226,0.3691483610893747,1.0567768556359822,-0.002882289540661513,0.09991581693897457,-0.05453265296668014,-0.04302936750089173,600,1,0.050450212254273805,-0.029814884364999118,-0.0015930315506246268,-1.8288404982543088e-05,-1.1602218095158378e-05,0.004929065327124278
15.251,0.3731628266176475,1.0550962052515318,-0.004091262295425792,0.2136691247577317,-0.08183135254406346,-0.053976430180241494,601,1,0.05037476698832531,-0.029838120626123826,-0.0015965854700302324,-1.779759570135909e-05,-1.1567577747720292e-05,0.004928583350096856
15.276,0.37983181732726107,1.0526852880087791,-0.00558111104967358,0.3213368098787016,-0.10901272412072349,-0.06573084220063215,602,1,0.05035952080426145,-0.029818798880323162,-0.0016004342389985887,-1.7355492051469596e-05,-1.1644420589705555e-05,0.004927758107358605
15.301,0.3892296671115828,1.0496455690454956,-0.007377804405457279,0.4293187844398877,-0.13673814274632684,-0.07794256730525251,603,1,0.050360273381106914,-0.029810376313128755,-0.0016045108171945449,-1.703491043899771e-05,-1.152696495175491e-05,0.004925538711407353
15.326,0.40129775654925576,1.0458483808714627,-0.009478239414936118,0.5380104105909834,-0.16552669237117387,-0.09116370035581282,604,1,0.05036778813653513,-0.029780322118559244,-0.0016086200038672852,-1.6835498942265393e-05,-1.1270555327161445e-05,0.004922873836710716
15.351,0.41613018764113235,1.0413692344269367,-0.011935989423248083,0.6447999729458957,-0.18917649671877215,-0.10563833073087506,605,1,0.0503276971356165,-0.02975806990473309,-0.0016125902959844777,-1.6651159394574525e-05,-1.1257884539071735e-05,0.004921188711737681
15.376,0.43353775519654986,1.0363895560355243,-0.014760155951479765,0.7427389620503403,-0.21353049242692557,-0.12003789581934299,606,1,0.050289404668775364,-0.029799365026091325,-0.0016162279103151189,-1.6301021910891252e-05,-1.139835066456801e-05,0.004919397167964331
15.401,0.4532671357436486,1.0306927098055907,-0.017937884214214918,0.8388240599811262,-0.24345785606986511,-0.1348455994743761,607,1,0.050306828747062965,-0.02982413492553532,-0.0016195483780724453,-1.6016143210563844e-05,-1.1507933415363897e-05,0.0049175051311848355
15.426,0.47547895819560676,1.0242166632320309,-0.02150243592519856,0.9377507299294774,-0.2722289342325285,-0.14921713913418133,608,1,0.05030326406048025,-0.029814637365298075,-0.001623115912146121,-1.5833366987834208e-05,-1.158033150289595e-05,0.004917593651711483
15.451,0.5001546722401231,1.017081263093964,-0.02539874117092421,1.03057405107269,-0.2995836851455859,-0.16327756149569816,609,1,0.05027008204605451,-0.02980818470471382,-0.0016274803500532066,-1.5583180658820785e-05,-1.1349872374682564e-05,0.004915775803568251
15.476,0.527007660749242,1.0092374789747514,-0.02966631399998363,1.1135339480011834,-0.3294252617430241,-0.17771763432154075,610,1,0.05028069193859053,-0.02978257655928178,-0.0016319838285373885,-1.5341899591284373e-05,-1.1148124319693712e-05,0.004914928878983844
15.501,0.5558313696401811,1.0006100000068132,-0.03428462288700084,1.1996896478841312,-0.35306704945492795,-0.1911991476346527,611,1,0.0503723744899208,-0.029713654617171514,-0.0016362608565448499,-1.5063473973796847e-05,-1.0906031659261696e-05,0.004914699630245915
15.526,0.5869921431434473,0.9915841265020053,-0.039226271381715874,1.2936016222756945,-0.37314835720851836,-0.20410353732799244,612,1,0.05040858828894127,-0.029723851764060703,-0.0016401618419244752,-1.4560081054637782e-05,-1.0473451730413703e-05,0.0049129411433872765
15.551,0.6205114507539667,0.981952582146387,-0.0444897997534008,1.3752081103998108,-0.39925679867124686,-0.2172809612401552,613,1,0.05037339139023254,-0.029734427625492724,-0.001643870256248248,-1.40380445934971e-05,-1.0054658028731136e-05,0.004909281053445455
15.576,0.6557525486634388,0.9716212865684427,-0.05009031944372396,1.4561852090874654,-0.42210811281650673,-0.22948046507065842,614,1,0.050452196859868084,-0.029709261810627406,-0.0016471281767043557,-1.374524639095652e-05,-9.55721270907958e-06,0.004908406432311224
15.601,0.693320711208341,0.9608471765055614,-0.05596382300693406,1.5408480132410025,-0.4398407590828218,-0.24094764818537742,615,1,0.05043120915547031,-0.029730735996823552,-0.001650102450082056,-1.3544765588870404e-05,-9.270302304263647e-06,0.004905325130158341
15.626,0.7327949493254873,0.9496292486143021,-0.06213770185299272,1.6119410276959212,-0.4640305995605153,-0.25226747135368305,616,1,0.05043788551171914,-0.02978418451971886,-0.0016530479169678028,-1.3234919441451932e-05,-8.812563498342712e-06,0.0049022287001036025
15.651,0.7739177625931354,0.9376456465275361,-0.06857719657461807,1.6891909509986274,-0.4894230926686191,-0.2625207818362936,617,1,0.05052723778767514,-0.02976225869503562,-0.0016562032438031072,-1.2993541347833017e-05,-8.23631901507795e-06,0.004899576421210739
15.676,0.8172544968754198,0.9251580939808708,-0.07526374094480766,1.7756743536345523,-0.5120282376212175,-0.27173345987058506,618,1,0.050504367457659356,-0.029757701587652688,-0.0016600441428634885,-1.2938425630833725e-05,-8.01876086195336e-06,0.004897707967560823
15.701,0.8627014802748643,0.9120442346464749,-0.08216386956814749,1.8496498650788489,-0.5295176050805686,-0.2802589022080997,619,1,0.05040199059110942,-0.029727222667966652,-0.001664454867079928,-1.3077134289372356e-05,-8.26482401674808e-06,0.0048953264517002165
15.726,0.9097369901293636,0.898682213726842,-0.08927668605521286,1.9149787098160806,-0.5471636098118854,-0.2885050487126301,620,1,0.05037961806280113,-0.029779177342058264,-0.0016689649617835152,-1.2937991902219054e-05,-8.303973223226282e-06,0.004893094161690909
15.751,0.9584504157656663,0.8846860541558812,-0.09658912200377875,1.9879560444359126,-0.5685788120881928,-0.294736844630525,621,1,0.05038057010640612,-0.029781059085664106,-0.0016732842185952512,-1.2939516077487974e-05,-8.098501650498942e-06,0.004890863622192733
15.776,1.009134792351157,0.870253273122433,-0.1040135282867387,2.053973136997111,-0.588827352423909,-0.3002094549451286,622,1,0.050302852375945,-0.029801196267966384,-0.001677044073402513,-1.2923878882930613e-05,-8.0621496457333e-06,0.004887725263370044
15.801,1.0611490726155233,0.8552446865346853,-0.11159959475103542,2.120187440261848,-0.6115990811744922,-0.3054233098438043,623,1,0.05033480175207073,-0.029783210931107456,-0.0016794714183153419,-1.3294652427316372e-05,-7.9902204710196e-06,0.0048856602186920905
15.826,1.115144164364251,0.8396733190637079,-0.11928469377892917,2.1822026836151798,-0.6292841431277995,-0.3086464369424436,624,1,0.05025293773509424,-0.029746560420413234,-0.0016804059028997507,-1.3607265055224158e-05,-8.280486325071612e-06,0.004883413560037985
15.851,1.1702592067962838,0.8237804793782949,-0.1270319165981577,2.2374704873101234,-0.6406621502299229,-0.31074679859878657,625,1,0.05032490202946415,-0.029744208031758878,-0.0016802159814869268,-1.3760780534494142e-05,-8.075377256271086e-06,0.004880991084370895
15.876,1.2270176887297548,0.8076402115522124,-0.1348220337088683,2.3011568596916776,-0.6543119005143712,-0.3121741482552909,626,1,0.05036215957366652,-0.029800702993101252,-0.0016793065617638303,-1.3750815194133441e-05,-7.920740114943074e-06,0.004877735990936168
15.901,1.2853170497808653,0.791064884352577,-0.14264062401092203,2.3611333914999895,-0.6764670173830526,-0.3125427970851513,627,1,0.050382907019364064,-0.029847405632537294,-0.001677536940354519,-1.3742521795905693e-05,-7.711945739356945e-06,0.004875235337122639
15.926,1.345074358304756,0.7738168606830593,-0.15044917356312618,2.4257927505668695,-0.6969886333585119,-0.3111972780388017,628,1,0.05039672958722389,-0.029811528546695356,-0.00167458460752686,-1.3744365728090457e-05,-7.5693750296894745e-06,0.004873037154308496
15.951,1.4066066873092105,0.756215452684651,-0.15820048791286218,2.4856337354958313,-0.7102705387973628,-0.3089419518091719,629,1,0.05030893028469429,-0.02980636769490158,-0.0016712186754184635,-1.3787024191755192e-05,-7.623543414994998e-06,0.004868784643741569
15.976,1.4693560450795493,0.7383033337431907,-0.16589627115358502,2.541502889205511,-0.7261167353734618,-0.30604704702835506,630,1,0.05029085377406443,-0.029823114942273524,-0.0016677495180847188,-1.3539853197456843e-05,-7.609078602360841e-06,0.004866059358687375
16.001,1.5336818317694878,0.7199096159159774,-0.17350284026428028,2.5923097469838625,-0.7399408556805234,-0.3018334259006903,631,1,0.05020616784281517,-0.029818929580191438,-0.0016649981934083965,-1.3598034429525644e-05,-7.535761729028793e-06,0.004863488095297413
16.026,1.5989715324287397,0.7013062909591653,-0.18098794244861927,2.615037993659828,-0.7462408871341,-0.296765883201199,632,1,0.0501507864502728,-0.029839378322660808,-0.001662881446243614,-1.3478476203215263e-05,-7.613491565895635e-06,0.004860674811453558
16.051,1.6644337314524718,0.6825975715592745,-0.1883411344243393,2.6065680881403694,-0.7410342267654851,-0.2897548318124835,633,1,0.05017442931616853,-0.029855004052728885,-0.0016611666726498969,-1.3524424564347613e-05,-7.522538787522074e-06,0.004858097208653209
16.076,1.72929993683576,0.6642545796208905,-0.19547568403924379,2.542524499576117,-0.7235393026906863,-0.28247596835082645,634,1,0.050186000153517346,-0.02992440021605761,-0.0016601093014604698,-1.3336586414996215e-05,-7.508563395099017e-06,0.004852649264127222
16.101,1.7915599564312794,0.6464206064247396,-0.2024649328418809,2.4417009514049735,-0.7011776881283216,-0.2751821674067362,635,1,0.05030650537195548,-0.02993342258778701,-0.001659572467173591,-1.3127918146875894e-05,-7.3459593528554275e-06,0.0048510801747526575
16.126,1.8513849844060104,0.6291956952144739,-0.20923479240958057,2.3196449402882795,-0.672561363954937,-0.2663582016319006,636,1,0.0503380530886496,-0.029908446305061176,-0.0016597175655388822,-1.2942191376213602e-05,-7.50423311711127e-06,0.004849691181718987
16.151,1.907542203445695,0.6127925382269923,-0.215782842923476,2.167786476071377,-0.61792413505745,-0.2555715706210172,637,1,0.050376729880934425,-0.029826372477915083,-0.0016597434404843471,-1.2960419267739966e-05,-7.415086289406443e-06,0.004849113078193736
16.176,1.959774308209573,0.5982994884616032,-0.22201337094063073,2.004023007430516,-0.5645150419797837,-0.24433457998796912,638,1,0.050375322079949755,-0.02997828750086371,-0.0016592542668545582,-1.2251677082816136e-05,-7.5375229724226476e-06,0.004844120740355785
16.201,2.0077433538172222,0.5845667861280027,-0.22799957192287443,1.8348807162154441,-0.5293392312929903,-0.2331227444030282,639,1,0.05041571311233814,-0.029984793082954375,-0.001658556889878104,-1.1810172641510575e-05,-7.5424276820340976e-06,0.004841756316432353
16.226,2.0515183440203466,0.5718325268969533,-0.23366950816078216,1.688705365355772,-0.48992793388375117,-0.22081944857560784,640,1,0.05053010307853757,-0.029939673860774618,-0.0016582124906464211,-1.1509313813881196e-05,-7.262427552780855e-06,0.004838128606593785
16.251,2.092178622085012,0.5600703894338148,-0.23904054435165484,1.565517147294524,-0.451080486337381,-0.20792223370449986,641,1,0.05055558531727361,-0.029917498002857326,-0.0016582812436741789,-1.112165217565822e-05,-7.183006545884983e-06,0.0048360000033175095
16.276,2.129794201385074,0.5492785025800839,-0.24406561984600725,1.4437391248046016,-0.4194587474646777,-0.19423881574728735,642,1,0.0505946425685572,-0.02992832730315218,-0.0016589793337718772,-1.082230366759765e-05,-6.907066162267927e-06,0.004832028577300786
16.301,2.164365578325238,0.5390974520605821,-0.24875248513901865,1.3351871696149054,-0.3882867436916249,-0.1808137438089715,643,1,0.05065333738718679,-0.029866698098763085,-0.0016598450274659775,-1.083258385284872e-05,-6.5150286110169525e-06,0.0048288598090440865
16.326,2.19655355986582,0.5298641653955024,-0.2531063070364559,1.2292184659606866,-0.3598486723309062,-0.1668369773578847,644,1,0.050610684333362466,-0.029884008755850174,-0.0016607303133703863,-1.0420986474243856e-05,-6.47455824372974e-06,0.004826765680255793
16.351,2.2258265016232732,0.5211050184440366,-0.25709433400691295,1.1095499416927732,-0.32596258043418463,-0.15305124831612954,645,1,0.050606353284655715,-0.0297992882951949,-0.0016615222563936413,-1.0171742756072608e-05,-6.5225319878567144e-06,0.0048232767161169275
16.376,2.2520310569504596,0.513566036373793,-0.26075886945226234,0.9895969274570185,-0.28338673118289787,-0.13887942443389337,646,1,0.05066700632826673,-0.029825382575065153,-0.0016626699927119945,-9.588282519747985e-06,-6.471952979276971e-06,0.004821935669052606
16.401,2.275306347996125,0.5069356818848915,-0.2640383052286075,0.8686583515945273,-0.25108132307936387,-0.12402712695670987,647,1,0.05066920150716557,-0.02986167901803401,-0.0016640470493976829,-8.724312606900713e-06,-6.633477903901095e-06,0.004819277661645378
16.426,2.2954639745301835,0.5010119702198255,-0.26696022580009743,0.744377305809259,-0.2083968149708463,-0.11039701167706205,648,1,0.05065721393377713,-0.029837549372442738,-0.001665735690344735,-8.400360769759347e-06,-6.933046731510997e-06,0.0048173183592198745
16.451,2.3125252132865883,0.496515841136349,-0.26955815581246084,0.62260834477331,-0.17327711639323537,-0.0963901819333199,649,1,0.050694851232484565,-0.029966909687979857,-0.0016678450268678554,-7.902605449699573e-06,-6.91069620656077e-06,0.004816346885334786
16.476,2.3265943917688494,0.4923481144001636,-0.2717797348967633,0.5120519398192795,-0.149585587700355,-0.08211851228633432,650,1,0.05070081168247289,-0.02992701346214479,-0.001669759324465465,-8.08605211012897e-06,-7.023874988370067e-06,0.004813598971226906
16.501,2.3381278102775527,0.48903656175133114,-0.27366408142677767,0.4049864336508544,-0.11323797401956609,-0.06900100361928353,651,1,0.0506492346533563,-0.029926140643014673,-0.0016711886382769943,-8.12220162571931e-06,-7.374039908981564e-06,0.004811366221651554
16.526,2.3468437134513924,0.4866862156991852,-0.2752297850777275,0.3024222695619899,-0.05361989419486595,-0.056578147023754626,652,1,0.05068210598193441,-0.029969906742833282,-0.0016727445761522833,-7.767747904836031e-06,-7.419368379825888e-06,0.004808811559496541
16.551,2.3532489237556513,0.486355567041588,-0.2764929887779651,0.20752879237326977,0.014898478985359908,-0.04484210276283143,653,1,0.050637637487421214,-0.029913392338412906,-0.0016743074017875027,-7.72658466185466e-06,-7.751718863938258e-06,0.00480547574117399
16.576,2.357220153070056,0.4874311396484532,-0.2774718902158689,0.1168664221483412,0.04481222126066656,-0.03352435671850126,654,1,0.050639537808531795,-0.0299591152338412,-0.001675953941598238,-7.625875391867666e-06,-7.974613352869764e-06,0.0048031821170145626
16.601,2.3590922448630685,0.48859617810462136,-0.27816920661389,0.03803355111844321,0.03735330408220219,-0.02380423660973429,655,1,0.050602321582013714,-0.029925388477510983,-0.0016776881934570606,-7.670720124573861e-06,-8.036772983148971e-06,0.004798344770979185
16.626,2.3591218306259782,0.48929880485256333,-0.2786621020463556,-0.03279902351079176,0.02795307334421309,-0.016069902546522512,656,1,0.05057552077640257,-0.029825672325224095,-0.0016795089646110004,-8.023239991642906e-06,-8.177727193281523e-06,0.004794377542695137
16.651,2.357452293687529,0.48999383177183203,-0.27897270174121597,-0.08316997346353301,0.022601932822115152,-0.009521407490665199,657,1,0.050648519637858644,-0.029815548054485108,-0.001681720513650175,-8.156145506635525e-06,-8.01794696213442e-06,0.00479159327454445
16.676,2.354963331952802,0.490428901493669,-0.2791381724208887,-0.11965030691990115,0.01608712029046088,-0.004449844030585063,658,1,0.05058486881645752,-0.02984625301368715,-0.0016840479179276262,-8.137406614234492e-06,-8.293847905813078e-06,0.004789531969269658
16.701,2.3514697783415337,0.4907981877863551,-0.2791951939427452,-0.1535532121854,0.013159093598345918,-0.0008596457405740543,659,1,0.050567651222980736,-0.02987103106290768,-0.0016868938756055356,-8.360628532572222e-06,-8.320836054484419e-06,0.0047873524900626276
16.726,2.3472856713435317,0.49108685617358633,-0.2791811547079172,-0.17618427759715977,0.007208861246409301,0.0005024083389315521,660,1,0.05053446515284475,-0.029870402334548084,-0.001690433269207964,-8.704996114688015e-06,-8.355839660859309e-06,0.004784854206600758
16.751,2.3426605644616756,0.49115863084867556,-0.27917007352579876,-0.18314997113064907,0.01967209910390538,0.0009607129653232823,661,1,0.050478081930298874,-0.029796529349459304,-0.0016947823847624217,-8.991766329221704e-06,-8.371016667216874e-06,0.004782290582542821
16.776,2.338128172786999,0.4920704611287816,-0.2791331190596511,-0.17992559787194073,0.02870864589849805,0.0013153163513380443,662,1,0.050449550761140376,-0.029960850728269678,-0.0016995502397906526,-8.835997266380237e-06,-8.503763520938224e-06,0.004778376643108281
16.801,2.333664284568079,0.4925940631436004,-0.27910430770823164,-0.16617791579495153,0.018427160054018416,0.0010245586272361461,663,1,0.050443398312528163,-0.02996993007982713,-0.0017044706565591935,-9.147653201139839e-06,-8.580381028475586e-06,0.004775243849598676
16.826,2.3298192769972514,0.49299181913148254,-0.2790818911282892,-0.14312201518017506,0.014083757895768457,0.0009920436479671083,664,1,0.05040348324619747,-0.029951360780935,-0.001709517618777579,-9.480352189395744e-06,-8.802218719069621e-06,0.004772653972413263
16.851,2.32650818380907,0.4932982510383888,-0.27905470552583334,-0.12380696616338051,0.008124641259857785,0.0008667252783211997,665,1,0.050393761813150355,-0.02991081104704288,-0.001715133117727835,-9.80170907093981e-06,-8.981390727845333e-06,0.004769840247385446
16.876,2.3236289286890823,0.49339805119447544,-0.27903855486437296,-0.09847487814439974,0.006770414131941253,0.0006219504543736232,666,1,0.05044386979743572,-0.02981450611831898,-0.0017213839382259155,-1.0161642087584871e-05,-8.977079269316211e-06,0.0047684347270804265
16.901,2.32158443990185,0.4936367717449859,-0.27902360800311476,-0.06518256248747727,0.011720622735936326,0.0010492803694184857,667,1,0.0504609768674097,-0.029801711646099766,-0.001727690287560482,-1.0118195329933613e-05,-9.000981970718352e-06,0.00476674001538746
16.926,2.3203698005647087,0.4939840823312722,-0.27898609084590203,-0.04460787905150746,0.01056507371556255,0.001093858133645027,668,1,0.050427786753521095,-0.029860735462624605,-0.0017335778745787341,-9.919446562905653e-06,-9.129728738458719e-06,0.004763454255445705
16.951,2.3193540459492747,0.494165025430764,-0.2789689150964326,-0.03296224437034875,0.0067574615297027055,0.0007130152658074606,669,1,0.05046316789463212,-0.029865758823114673,-0.0017393403064570874,-9.709105631196295e-06,-8.990163621702538e-06,0.0047611284194379044
16.976,2.318721688346191,0.49432195540775736,-0.27895044008261166,-0.022156130843757577,0.0012773601865345525,0.0009444694466598101,670,1,0.050485499832916066,-0.029884201897382064,-0.0017447156280625373,-9.495956698127432e-06,-9.029842791248482e-06,0.004758330399510166
17.001,2.318246239407087,0.49422889344009074,-0.2789216916240997,-0.01575356558085139,0.00014676385858058763,0.0008396248529862641,671,1,0.050485602316433016,-0.02984097503451962,-0.001749634252730993,-9.305147578530784e-06,-9.107463731355004e-06,0.004756745545912445
17.026,2.3179340100671486,0.4943292936006864,-0.2789084588399623,-0.01212080086704217,0.0008066381933380843,0.000501998857647152,672,1,0.05047808412954984,-0.02987097394683452,-0.0017537494548562629,-8.915375663038187e-06,-9.047081772290845e-06,0.004754790250397572
17.051,2.3176401993637348,0.49426922534975765,-0.2788965916812171,-0.007357896158515126,0.00800550632724428,0.001173821130553404,673,1,0.05046549948995553,-0.029855376169777736,-0.0017570449416786248,-8.967774796067286e-06,-8.98338083004455e-06,0.0047534235719553525
17.076,2.317566115259223,0.4947295689170486,-0.27884976778343473,-0.004606794632655499,0.005730179514240515,0.0010494606376010146,674,1,0.05044302495956374,-0.03000283645466073,-0.0017600176531794587,-8.4575405711556e-06,-8.896520928375474e-06,0.00474951742758003
17.101,2.317409859632102,0.4945557343254697,-0.27884411864933695,-0.0011096382208197594,-0.0035183891526757217,0.000470410188908581,675,1,0.050408419061174076,-0.0299461184668903,-0.0017625985087543266,-8.62033442637312e-06,-8.908525719169215e-06,0.004749016384491641
17.126,2.317510633348182,0.4945536494594148,-0.27882624727398925,0.0014586698661300593,-0.0022718556574330096,0.0004358430074091695,676,1,0.05038746559201469,-0.029939035067642502,-0.0017644679670808267,-8.887383315766606e-06,-8.931158937992355e-06,0.004747024736419935
17.151,2.3174827931254085,0.494442141542598,-0.2788223264989665,-0.003026972680357959,-0.005256608041861753,0.0002545845930779367,677,1,0.05039627268230886,-0.029892770534814213,-0.0017656329538837518,-9.240314691975847e-06,-8.73053033552248e-06,0.004745606157670428
17.176,2.317359284714164,0.49429081905732175,-0.27881351804433535,-0.0041612234931775426,0.00047151930634425237,0.0009101829099922169,678,1,0.050425512129685345,-0.02983591123062661,-0.001766538560485172,-9.580380428484999e-06,-8.414725370780564e-06,0.0047452495378007935
17.201,2.3172747319507496,0.49446571750791524,-0.2787768173534667,-0.001171171300518009,0.002252978280264907,0.0008552621102975045,679,1,0.05046546065871665,-0.02988033760851593,-0.0017674817500455626,-9.497494297566522e-06,-8.091372213817328e-06,0.004742888733817948
17.226,2.317300726149138,0.494403467971335,-0.27877075493882053,-0.0007499733290927573,0.001877876199086721,0.00020188715195601216,680,1,0.05045230539821754,-0.029862186886379025,-0.0017690129924222647,-9.69598270183404e-06,-8.11690936197918e-06,0.004741813660598102
17.251,2.317237233284295,0.4945596113178696,-0.2787667229958691,0.0052418451786184015,0.007585483724138368,0.000982913733595922,681,1,0.05048247214674543,-0.029898953038610322,-0.0017710731601010413,-9.760696224581081e-06,-7.98219832923742e-06,0.00474022237918469
17.276,2.317562818408069,0.4947827421575419,-0.2787216092521407,0.005090262134910551,0.003347925093537731,0.0015069090855846813,682,1,0.050408566784409775,-0.0299793999335498,-0.0017735666623072438,-9.927410748205315e-06,-7.881751007035004e-06,0.0047368876177624605
17.301,2.3174917463910405,0.49472700757254645,-0.2786913775415899,-0.0030568478917114127,-0.0034779865453870634,0.0008072672471204241,683,1,0.05043076108776816,-0.02994366428449974,-0.001776451210652106,-1.0545902655356573e-05,-7.6027730108552394e-06,0.00473528723020882
17.326,2.3174099760134834,0.49460884283027257,-0.2786812458897847,-0.002382132260008129,-0.0045032841341596155,0.0003868909119208953,684,1,0.05044854327887531,-0.029895767220162354,-0.00177904286838601,-1.1068767889380486e-05,-7.336693239507818e-06,0.004733990958643188
17.351,2.31737263977804,0.49450184336583847,-0.27867203299599375,-0.00016551450793933262,-0.005276359718182558,0.0030327622882797126,685,1,0.05045208729043562,-0.02986060985582761,-0.001780802038565898,-1.1480321332792106e-05,-7.065357688664597e-06,0.0047333401356077325
17.376,2.3174017002880865,0.49434502484436343,-0.27852960777537056,-0.004072391281653096,-0.00905135730110072,0.01783296713511159,686,1,0.050426759634795676,-0.02982776906614981,-0.0017820261963534395,-1.1874675292086359e-05,-6.600405753532674e-06,0.004731934192964425
17.401,2.3171690202139574,0.4940492755007834,-0.27778038463923804,-0.011042280276259493,-0.00698149526660736,0.053036547725827346,687,1,0.05043500672421229,-0.029751191126746006,-0.0017833750910141908,-1.2273600327518715e-05,-6.218009342973225e-06,0.004731954022466644
17.426,2.3168495862742735,0.4939959500810331,-0.2758777803890791,-0.028121778026965628,0.000798154588007571,0.10921685216197141,688,1,0.05040228027900244,-0.029752419561469325,-0.0017849103386237944,-1.2573557624448123e-05,-6.009577168025667e-06,0.004732766033490418
17.451,2.315762931312609,0.4940891832301838,-0.2723195420311393,-0.05854254153206201,0.021775837400586886,0.18470059398518493,689,1,0.05042543373156154,-0.029741001192425474,-0.0017855769667418661,-1.2687772913590768e-05,-5.88884704524285e-06,0.004733244903505803
17.476,2.3139224591976704,0.49508474195106245,-0.2666427506898196,-0.10126102944885884,0.033994092063944284,0.2760978488404536,690,1,0.050448993518378615,-0.029916426046746984,-0.0017852746340719392,-1.241281233745133e-05,-5.751127410363359e-06,0.0047311066746476916
17.501,2.310699879840166,0.49578888783338104,-0.25851464958911663,-0.16581746529047633,0.04064096190600384,0.38160874360881347,691,1,0.050445454500829934,-0.029878587751472556,-0.0017844854560415259,-1.2534284820122596e-05,-5.606831737583694e-06,0.004731598214852498
17.526,2.3056315859331464,0.49711679004636267,-0.24756231350937868,-0.239786099696189,0.05936923574261903,0.4999169161892709,692,1,0.0505193917323995,-0.029863682944283102,-0.0017835551642050175,-1.2648176907013857e-05,-5.4143180071602855e-06,0.004732316156635181
17.551,2.2987105748553573,0.4987573496205118,-0.2335188037796547,-0.3252547034355356,0.08683826962747042,0.6295856988363812,693,1,0.05049486715414352,-0.029784512387163245,-0.0017822672115284759,-1.26802140997333e-05,-5.467794576314639e-06,0.004734953452498518
17.576,2.2893688507613694,0.5014587035277362,-0.21608302856755915,-0.43005012406061305,0.11405328023392063,0.767843435107636,694,1,0.05047511311130354,-0.029809566118975346,-0.001780607051549105,-1.237245675361085e-05,-5.629987989571739e-06,0.00473590142326032
17.601,2.2772080686523264,0.5044600136322079,-0.19512663202427225,-0.54152666892355,0.14877012297888303,0.9134431064098839,695,1,0.050483542652117235,-0.02969150868260827,-0.0017790188365729178,-1.2505375242404852e-05,-5.694105991002043e-06,0.004740405625045556
17.626,2.2622925173151915,0.5088972096766805,-0.1704108732470644,-0.6435471864358975,0.187146425522426,1.0655787416872746,696,1,0.05057799410455256,-0.02976168043457263,-0.0017780879198407587,-1.2095283737223753e-05,-5.697059867253316e-06,0.0047435350894672644
17.651,2.245030709330531,0.5138173349083294,-0.14184769493990784,-0.7426220449828924,0.20721706779995253,1.2219070500822478,697,1,0.05058680299304791,-0.029766665055750097,-0.0017784488356280322,-1.2299472355123313e-05,-5.925583857709722e-06,0.004748549484104524
17.676,2.225161415066049,0.5192580630666775,-0.10931552074295559,-0.8430823282226343,0.23435489812187238,1.381574617795776,698,1,0.05061441760671173,-0.029709071193205313,-0.0017797054695357724,-1.257923567963745e-05,-5.99535414848759e-06,0.004752279036892785
17.701,2.2028765929193987,0.5255350798144232,-0.07276896405011793,-0.9412030702414009,0.26873310025260116,1.542009595310643,699,1,0.05064455492648678,-0.029696568931432014,-0.0017814164589102601,-1.261094033005385e-05,-6.120984350414278e-06,0.004755631709885557
17.726,2.1781012615539783,0.5326947180793078,-0.03221504097742224,-1.0335677939306218,0.2884653803092688,1.7022412507631681,700,1,0.05071610166669794,-0.029729492990777224,-0.0017831849475959708,-1.271888349623976e-05,-6.111867340083419e-06,0.004761909814716367
17.751,2.151198203222867,0.5399583488298868,0.012343098488041786,-1.1238021141548078,0.3145797515547288,1.8618052970902623,701,1,0.0507002176660808,-0.029615092224161227,-0.001784488413213182,-1.3091590481127536e-05,-6.2716928735961396e-06,0.00476905882416058
17.776,2.121911155846237,0.5484237056570445,0.060875223877092106,-1.2096984109533326,0.3486916789078263,2.0193342660095217,702,1,0.050752494187946,-0.029655879286114538,-0.0017858372428385797,-1.2884142083359137e-05,-6.29883229973593e-06,0.00477649573687296
17.801,2.0907132826752037,0.5573929327752771,0.11330981178851213,-1.2954463415918298,0.3755867319942987,2.1736297336858135,703,1,0.0507143703098321,-0.029665426239898214,-0.001787360448613355,-1.2718887955934088e-05,-6.417918087944725e-06,0.004784457200987831
17.826,2.0571388387666447,0.5672030422567597,0.16955671056138433,-1.380338179168195,0.3995231502640505,2.3231766532651603,704,1,0.050753324051041326,-0.029723350103180654,-0.0017894434471127133,-1.2540064815481975e-05,-6.176425875422443e-06,0.004791706192448254
17.851,2.021696373716793,0.5773690902884799,0.229468644451772,-1.4624738562966635,0.4150739080911977,2.4670679504595587,705,1,0.05072147145126318,-0.029708223474441665,-0.0017920050480569683,-1.2516042254675626e-05,-6.260043058535353e-06,0.004799803201806874
17.876,1.9840151459518105,0.5879567376613198,0.29291010808436396,-1.5392354897580598,0.44088557120526767,2.6044376448681903,706,1,0.05074730447012549,-0.029645456437514296,-0.001794869299750347,-1.246802655488221e-05,-6.395356634466908e-06,0.004807620746310797
17.901,1.944734599228889,0.5994133688487436,0.3596905266951834,-1.6122322923249561,0.46746054972529144,2.7343924254268126,707,1,0.05066991748927561,-0.029671126393190993,-0.0017974953550120303,-1.1847863813779624e-05,-6.640650410956916e-06,0.004818042237638433
17.926,1.9034035313355673,0.6113297651475831,0.4296297293556967,-1.6977948711139736,0.49105703393000877,2.856189749289641,708,1,0.050635513596293175,-0.02966228937919449,-0.0018002280410747244,-1.123467998256274e-05,-6.818081972654366e-06,0.004829222294296824
17.951,1.859844855673189,0.6239662205452444,0.5025000141596675,-1.7758216792327954,0.5150360422160654,2.969582189944886,709,1,0.05069446137259503,-0.029704397189975144,-0.0018028315425599529,-1.0677675239372025e-05,-6.789837675840751e-06,0.0048408114888547115
17.976,1.8146124473739262,0.6370815672583867,0.578108838852943,-1.8418020561536967,0.528106467765991,3.0731540988903037,710,1,0.05070223818105801,-0.029721038066911183,-0.0018053004731341938,-1.015184056332286e-05,-6.791548833248726e-06,0.0048516589207338355
18.001,1.7677547528655029,0.6503715439335443,0.6561577191041847,-1.9114576696894088,0.5487142517336896,3.1670430141901558,711,1,0.05068218594046845,-0.029634022647863207,-0.0018076822412204214,-9.74689249610374e-06,-7.011621866610206e-06,0.004863924054065384
18.026,1.7190395638894544,0.6645172798450716,0.736460989562453,-1.9776465104777832,0.5682315215709001,3.2505017590912537,712,1,0.050674704551178645,-0.029654697355000134,-0.001809725233852737,-9.147765338694054e-06,-7.263972916740119e-06,0.004873828142072675
18.051,1.6688724273416193,0.6787831200120877,0.8186828070587381,-2.0366739147337998,0.581825643819341,3.321871361572028,713,1,0.05063307955943862,-0.029554639097287942,-0.0018109328682762863,-8.717837537809639e-06,-7.865943143999646e-06,0.004885017068715489
18.076,1.617205868152763,0.693608562036039,0.9025545576410565,-2.0974426954703476,0.6111704495306272,3.382580088394903,714,1,0.05055531835819002,-0.029468214996672827,-0.001811494875044678,-8.317307623357413e-06,-8.541689211575755e-06,0.0048981516555944874
18.101,1.5640002925681005,0.7093416424886195,0.9878118114784857,-2.161185880011099,0.6359473520860969,3.4317243232413075,715,1,0.05042557593357176,-0.029483209145488593,-0.0018121040145215644,-7.582922169981102e-06,-9.097624475084837e-06,0.004909678055606306
18.126,1.5091465741522065,0.7254059296403443,1.0741407738031243,-2.2414092036994395,0.6506483897296552,3.4691041873050783,716,1,0.05034809658821913,-0.029464392176427538,-0.0018128422237106304,-6.967734666622194e-06,-9.531037549878526e-06,0.004921615501532335
18.151,1.451929832383127,0.7418740619751027,1.1612670208437421,-2.309098926954019,0.6693132056712295,3.4931388942359596,717,1,0.05046921429820636,-0.029551754501527343,-0.001813733790786402,-6.335097538131328e-06,-9.243968123032422e-06,0.0049319653179657275
18.176,1.3936916278045122,0.7588715899239039,1.2487977185149124,-2.3547240321087304,0.6870438437222872,3.5042464175591306,718,1,0.050454454324132224,-0.029570324046050468,-0.0018147599382580379,-5.900890925501081e-06,-9.25438186096843e-06,0.004945255527766345
18.201,1.3341936307776887,0.7762262541612176,1.3364793417217011,-2.4136547439431824,0.7027273465300399,3.504045220032367,719,1,0.05041370062176157,-0.029533538416166696,-0.0018162014882664728,-5.812334150108979e-06,-9.531832014778245e-06,0.004957962210595215
18.226,1.2730088906073513,0.7940079572504064,1.4239999795165332,-2.4686071800809155,0.7232275099682303,3.490758574040255,720,1,0.05042459047720699,-0.02955026814359738,-0.0018180439991480526,-5.607684293792802e-06,-9.578373753107265e-06,0.004969204285794246
18.251,1.2107632717736412,0.8123876296596296,1.5110172704237164,-2.5134042974874493,0.7433876530728051,3.46517934323137,721,1,0.05034055301156642,-0.029525398892893698,-0.0018199663743941512,-5.34970855116325e-06,-9.892144467854676e-06,0.0049824385549112685
18.276,1.147338675732977,0.8311773399040472,1.5972589466781042,-2.560462787632093,0.7490521100175966,3.428851609688754,722,1,0.05025723269137242,-0.029511887915690826,-0.0018223048787130334,-5.001344231179353e-06,-9.950309760891895e-06,0.004994249138181161
18.301,1.0827401323920438,0.8498402351605073,1.6824598509081443,-2.5942021598552754,0.7517792656185578,3.3801498069265943,723,1,0.05030519102786705,-0.02950408925656111,-0.0018248695593864781,-4.70565804367872e-06,-9.907961783629789e-06,0.0050023220302074225
18.326,1.0176285677402115,0.8687663031849756,1.7662664370244365,-2.594727710326877,0.7557303758899584,3.318017518283731,724,1,0.05031698363007182,-0.02951908598867576,-0.001827924069854195,-4.537977357561648e-06,-9.542902907133801e-06,0.005010745461929377
18.351,0.9530037468756981,0.8876267539550058,1.8483607268223332,-2.5448972594182924,0.7441593208125236,3.24502421635146,725,1,0.05030464396711273,-0.029498017836744512,-0.0018312973144467995,-4.515984297515753e-06,-9.286009132009036e-06,0.005021071334594936
18.376,0.8903837047692951,0.9059742692256023,1.9285176478420116,-2.4482690875876543,0.7153662852061413,3.1608706603745502,726,1,0.05027517095825782,-0.029516492392331076,-0.0018345619341057354,-4.295257931817906e-06,-9.128212548575084e-06,0.005028946073216376
18.401,0.8305902924963137,0.9233950682153134,2.006404259841063,-2.3150106639732875,0.671449806626994,3.0653863951875557,727,1,0.050284619734822865,-0.02943054868244742,-0.0018368651885309567,-4.394931519885181e-06,-9.424282632707992e-06,0.005040010812571528
18.426,0.7746331715706373,0.9395467595569501,2.0817869676013805,-2.159961892979681,0.6255163541224817,2.9610204024785003,728,1,0.050328877887534706,-0.029376836410138555,-0.0018382536954952913,-4.5302357189006514e-06,-9.658582098359126e-06,0.0050507145898674635
18.451,0.7225921978473281,0.9546708859214379,2.1544552799649903,-2.009991254747439,0.5812799831370759,2.8485930759733997,729,1,0.050322170556608974,-0.029371811638617594,-0.0018391752868047746,-4.409690268899462e-06,-9.758851025975593e-06,0.0050591318230527055
18.476,0.6741336088332639,0.9686107587138043,2.2242166214000525,-1.8580675515505376,0.532055220254434,2.725387259623059,730,1,0.050298714670537266,-0.029482607590755522,-0.0018402213848514007,-4.197556876583714e-06,-9.620609998572605e-06,0.0050633382220894654
18.501,0.6296888202697999,0.98127364693416,2.290724642946145,-1.704361928411602,0.4831855848601949,2.5927697966255967,731,1,0.050320686062458764,-0.029514771175087683,-0.0018417009317292267,-4.371004868754207e-06,-9.64680620297129e-06,0.0050728424432289225
18.526,0.5889155124126826,0.9927700379568144,2.353855111231334,-1.5716329437782277,0.4378764547759144,2.4543749287544587,732,1,0.05038796895643819,-0.029490142729903805,-0.0018437464520396115,-4.575748981558184e-06,-9.64705946051655e-06,0.0050838140030113246
18.551,0.551107173080893,1.0031674696729544,2.413443389383861,-1.452617679099028,0.39832578042642386,2.3094990558361355,733,1,0.05044638311234316,-0.029563146742299994,-0.0018459905240019547,-4.540917029480058e-06,-9.630106493291078e-06,0.005093792616635791
18.576,0.5162846284577302,1.0126863269781359,2.4693300640231426,-1.3368144779043587,0.3705748075547524,2.160763039520837,734,1,0.05048801341031723,-0.029631412022096387,-0.0018482641410553409,-4.524674670626127e-06,-9.59252029122189e-06,0.005104723979587502
18.601,0.4842664491856741,1.0216962100506923,2.5214815413599045,-1.2227980130746012,0.3482346503670403,2.007794846867144,735,1,0.050440594969588644,-0.02966129516234499,-0.0018502725467194048,-4.468585722470932e-06,-9.585030208320277e-06,0.005109917273786449
18.626,0.4551447278039992,1.0300980594964881,2.569719806366501,-1.1110039191855434,0.31588805542567483,1.8494734026595965,736,1,0.050389586560562485,-0.02961555721050239,-0.0018520108771667603,-4.324218033101174e-06,-9.576539866301767e-06,0.005114987022708604
18.651,0.4287162532263961,1.0374906128219763,2.6139552114928857,-1.0057135349800599,0.28355409717259417,1.6892995873712628,737,1,0.0504194502140249,-0.029594654261527038,-0.0018535326065530985,-4.267159069771217e-06,-9.530387396924552e-06,0.005121639107552969
18.676,0.4048590510549991,1.044275764355117,2.6541847857350596,-0.9001353748878488,0.2562799405880697,1.5286247626370968,738,1,0.0504224711046289,-0.029558638742456483,-0.0018549784406972235,-4.3801577719578226e-06,-9.626803706317367e-06,0.005127717827877134
18.701,0.38370948448200304,1.05030460985138,2.6903864496247416,-0.7962838279130111,0.22380728007927023,1.3677254470501836,739,1,0.050445234707933224,-0.029513347810136596,-0.0018564463546748994,-4.386135971378757e-06,-9.591639532292353e-06,0.0051330136174200635
18.726,0.36504485965934796,1.0554661283590807,2.7225710580875697,-0.6934811371229667,0.19292960359219516,1.2085798221088158,740,1,0.05044634981846121,-0.029529870659377573,-0.0018578265062181925,-4.1336406880457354e-06,-9.606872240463614e-06,0.005138435109946019
18.751,0.3490354276258542,1.0599510900309899,2.7508154407301832,-0.5880971654420136,0.16398243258306733,1.0524492257204117,741,1,0.05042605874636969,-0.0295304127623022,-0.0018593522627901654,-4.061669272015297e-06,-9.504671648045294e-06,0.005142277232579044
18.776,0.33564000138724687,1.0636652499882342,2.775193519373591,-0.485365869668055,0.12911827804905696,0.9003287756634105,742,1,0.05040111467258731,-0.02953486611951191,-0.0018612197664177078,-3.954486390519313e-06,-9.362674733827463e-06,0.0051474678972235855
18.801,0.32476713414245284,1.0664070039334423,2.795831879513351,-0.38165391242535607,0.10163907752301549,0.7554709986772127,743,1,0.05040083599480238,-0.029592431000774896,-0.0018633627021948827,-3.7001837532034425e-06,-8.939267523587495e-06,0.00515180798855251
18.826,0.3165573057659788,1.068747203864385,2.812967069307452,-0.28261086891044385,0.07471938759199385,0.618016528583727,744,1,0.05039342186166166,-0.029546104751672547,-0.001865475514562235,-3.6881775634378294e-06,-8.54804989878511e-06,0.0051535892191319245
18.851,0.31063659069693045,1.070142973313042,2.826732705942538,-0.19090814638028591,0.050046399284692636,0.4894582136241363,745,1,0.05040751583061191,-0.02957253981829171,-0.0018672934261965716,-3.5599379728869554e-06,-8.021746251150641e-06,0.0051568479349442704
18.876,0.30701189844696436,1.0712495238286197,2.8374399799886594,-0.10342803227094097,0.030069683701525313,0.37238885323864684,746,1,0.0504018192449318,-0.02950629154723375,-0.0018692403450035239,-3.7467347646893404e-06,-7.69790179310458e-06,0.005157469010538252
18.901,0.3054651890833833,1.0716464574981184,2.8453521486044706,-0.01961607567709245,0.0023636620219226424,0.267171284445877,747,1,0.0503989675835675,-0.029479633809877014,-0.0018710974560194155,-3.988111082848505e-06,-7.555007776066109e-06,0.005158486698863541
18.926,0.3060310946631098,1.0713677069297158,2.8507985442109525,0.05580831525739659,-0.027559155292719736,0.176885345045574,748,1,0.05045657167923974,-0.029467665565640108,-0.0018726395995329718,-4.4516792525971716e-06,-7.44967714438945e-06,0.005160174959991599
18.951,0.3082556048462532,1.0702684997334824,2.8541964158567494,0.11307065835193203,-0.04686441242896344,0.10361012952716595,749,1,0.05049649915746007,-0.029550143320478693,-0.001873426224158682,-4.512221184318799e-06,-7.390108496282151e-06,0.00516119047760281
18.976,0.3116846275807065,1.0690244863082676,2.855979050687311,0.14966447993082563,-0.0501278401103848,0.04873983091245579,750,1,0.05052246379778685,-0.02957186238798061,-0.0018735931148660147,-4.726454997268312e-06,-7.525569957962928e-06,0.005161400803616687
19.001,0.3157388288427946,1.067762107727963,2.8566334074023723,0.1659391657020491,-0.054668868517716906,0.014515199858937471,751,1,0.050528574913965695,-0.029550294907273417,-0.0018735248261882314,-5.079188184572417e-06,-7.793119731421902e-06,0.00516170627003934
19.026,0.31998158586580905,1.0662910428823817,2.8567048106802577,0.17774712435096995,-0.058136409332057964,0.001745484583528622,752,1,0.05048773667907595,-0.02957180710078021,-0.0018734021511592545,-5.146627819675708e-06,-7.858584838759201e-06,0.005162832689047723
19.051,0.3246261850603426,1.0648552872613604,2.8567206816315487,0.17901800497663956,-0.05512226500352135,0.006668594407965761,753,1,0.05050492919157863,-0.02955121983093448,-0.0018730002184632925,-5.274154706104087e-06,-7.66114066269471e-06,0.005164791506773687
19.076,0.32893248611464115,1.0635349296322056,2.857038240400656,0.15627889519142957,-0.05103289586566733,0.02329941818439674,754,1,0.050486097294708245,-0.02952640938665238,-0.001872596438645875,-5.32989636575439e-06,-7.64775260510532e-06,0.005165556347547245
19.101,0.33244012981991417,1.062303642468077,2.8578856525407685,0.1166023284121437,-0.045615385226653225,0.04848325953606223,755,1,0.0504714956852902,-0.029515519325486822,-0.001872110108899417,-5.360668670499816e-06,-7.651085111757055e-06,0.00516559129891817
19.126,0.3347626025352484,1.061254160370873,2.859462403377459,0.04798145373237571,-0.03820218609017213,0.08046914548525017,756,1,0.05052116797891734,-0.029486874325771458,-0.0018714690716646286,-5.486941984696823e-06,-7.4920524441625716e-06,0.005166449564831998
19.151,0.334839202506533,1.0603935331635683,2.861909109815031,-0.052361374813773766,-0.03152907274904761,0.118095941417733,757,1,0.05052877815864185,-0.029474247590169644,-0.001870586034726809,-5.575588284342853e-06,-7.4556678805729636e-06,0.005167317048248049
19.176,0.3321445337945599,1.0596777067334207,2.8653672004483455,-0.1642220601724852,-0.02467684474679342,0.15926928405929125,758,1,0.050515030210312985,-0.029482302714322315,-0.0018696073560061123,-5.401905841433012e-06,-7.374608230824198e-06,0.0051669636195735376
19.201,0.3266280994979086,1.0591596909262286,2.869872574017996,-0.28006085264590963,-0.014510500279647303,0.2020342874921848,759,1,0.050507927651568675,-0.029477849169990963,-0.0018686779976278618,-5.344975870214172e-06,-7.195253636865844e-06,0.00516818853541353
19.226,0.3181414911622642,1.0589521817194383,2.875468914822955,-0.3983744065174387,-0.012237727164214722,0.24754987382559082,760,1,0.05046921305296704,-0.029434175161579784,-0.00186798597764232,-5.383728706917348e-06,-7.023294969424322e-06,0.0051704413516829376
19.251,0.3067093791720364,1.058547804568018,2.8822500677092755,-0.5132974391874905,-0.010909101967624247,0.29293001215954934,761,1,0.05042419795576817,-0.02947882690195755,-0.0018675614774854102,-5.115473603472527e-06,-6.956501676237387e-06,0.0051702508113303704
19.276,0.2924766192028893,1.058406726621057,2.8901154154309325,-0.6207467268010789,-0.00464335884327953,0.33588822114969075,762,1,0.05036000145646216,-0.02947357621754843,-0.0018676955735985894,-5.105710919681865e-06,-6.843980517282861e-06,0.0051718361570269
19.301,0.2756720428319842,1.058315636625854,2.899044478766759,-0.7210356865982013,0.0002146457008977945,0.37732471665641215,763,1,0.05033234804249976,-0.02946680537724211,-0.001868559683263437,-4.7907718402442736e-06,-6.369947722398576e-06,0.005174121437111187
19.326,0.25642483487297874,1.058417458906102,2.9089816512637534,-0.823210961522709,-0.0034363002985004563,0.4170877930755997,764,1,0.050342007965183025,-0.029417660591997182,-0.0018694463701284495,-4.693070226431278e-06,-5.987245085063925e-06,0.005178175780786113
19.351,0.23451149475584818,1.058143821610929,2.9198988684205394,-0.9287354185114101,-0.005065370774390771,0.452118729181177,765,1,0.050348934072325276,-0.029491501448719648,-0.0018700457317999614,-4.367550207976332e-06,-5.943491580805852e-06,0.005177341859287151
19.376,0.20998806394740757,1.0581641903673824,2.9315875877228126,-1.0254172427663948,0.0028555290229270317,0.48210766718965054,766,1,0.050308906819548756,-0.029499387582222675,-0.0018703798053839296,-4.260166932826496e-06,-6.0010235281739116e-06,0.005179326736240077
19.401,0.1832406326175277,1.0582865980620753,2.9440042517800222,-1.1213300832256727,0.0018190434004240399,0.508080905284205,767,1,0.05031985276646632,-0.029476467040301997,-0.0018706542834368537,-4.119639898574534e-06,-5.670527315118158e-06,0.0051802513206220405
19.426,0.15392155978612712,1.0582551425374036,2.9569916329870214,-1.2197010361658254,0.0017222269922356514,0.5281826462962882,768,1,0.05029060588277038,-0.029514728995272545,-0.0018706503739269334,-3.6903479207187153e-06,-5.4989240930238194e-06,0.005181727774314564
19.451,0.12225558080923557,1.058372709411687,2.970413384094837,-1.3095311675115093,0.006868824334547065,0.5427899274744975,769,1,0.05024906809794819,-0.0295209466218793,-0.0018704149817420127,-3.5494865497164796e-06,-5.192518866833572e-06,0.0051830576575480685
19.476,0.08844500141055073,1.058598583754131,2.9841311293607466,-1.394861056923843,0.006210986667571828,0.5515416603703215,770,1,0.05023502350517154,-0.02950016003853094,-0.0018703940638819135,-3.562415195948021e-06,-5.031902170291606e-06,0.005184030890194306
19.501,0.052512527963042434,1.0586832587450656,2.9979904671133535,-1.4743189482215528,0.010410509503340068,0.5530199138546276,771,1,0.05024490161614454,-0.029521674306012883,-0.0018705874679464584,-3.320416654143046e-06,-4.700698190988135e-06,0.005184220584016357
19.526,0.014729053999472042,1.059119109229298,3.0117821250534784,-1.5401535154455166,0.0173789796083189,0.5486937362326884,772,1,0.050272874343956865,-0.029454295050637916,-0.001871366600742109,-3.2922380248257774e-06,-4.3435523885273355e-06,0.005187521963303407
19.551,-0.024495147809229022,1.0595522077254815,3.0254251539249863,-1.5758572024143678,0.011336254291482833,0.5397002272573749,773,1,0.05029770986746557,-0.029404042295230776,-0.0018728611268150482,-3.4098862076228426e-06,-4.056357153744963e-06,0.005189725721344758
19.576,-0.06406380612124747,1.0596859219438721,3.0387671364163475,-1.5830120061686193,0.003734233810210821,0.5239647777342086,774,1,0.050347123263820716,-0.02943602046055731,-0.0018743338814116127,-3.0249188256768255e-06,-3.7307515756172534e-06,0.005189713659896387
19.601,-0.10364574811766111,1.059738919415992,3.051623392811697,-1.555869823558884,0.009992727522325353,0.5018665176113153,775,1,0.050422750621034615,-0.02948001688514321,-0.0018757433778842341,-2.847636987977777e-06,-3.4384228412220117e-06,0.0051902043244657775
19.626,-0.14185729729919277,1.0601855583199884,3.0638604622969137,-1.4846895120411507,0.016883401964493432,0.4751590999351517,776,1,0.05045828927244628,-0.029421467332425465,-0.001877180214257429,-2.921387700382886e-06,-3.267710085985398e-06,0.005193333392230398
19.651,-0.1778802237197197,1.0605830895142168,3.075381347808455,-1.3885130708884614,0.007907285128175184,0.44351473012151776,777,1,0.05048378030691394,-0.029379997813912016,-0.0018785169059539167,-2.8695392963061084e-06,-2.849877785932313e-06,0.005194178119108257
19.676,-0.2112829508436119,1.0605809225763971,3.0860361988029883,-1.265119379836182,0.006470817878931797,0.40701469312145333,778,1,0.050499083588486655,-0.029441495089450674,-0.0018799779117034236,-2.9644188898868737e-06,-2.550595332736599e-06,0.00519514267571234
19.701,-0.2411361927115297,1.0609066304081634,3.095732082464528,-1.1194321764696205,0.00660947481226239,0.36780305820123627,779,1,0.05050765425304147,-0.029405409439907004,-0.0018813277209187246,-3.17296856128329e-06,-2.24740407209415e-06,0.005197274011779308
19.726,-0.2672545596670937,1.0609113963170103,3.1044263517130504,-0.9704553947704915,0.004193458238184118,0.32556380907663646,780,1,0.050538695933137145,-0.029443664359884783,-0.0018826014392516208,-3.255838736654608e-06,-2.0351104330187214e-06,0.005197698212679768
19.751,-0.28965896245005496,1.0611163033200726,3.11201027291836,-0.8288252835216297,0.007582246956561071,0.2811947559179866,781,1,0.05056924116788491,-0.02941689298146478,-0.00188417203755579,-3.44007617022835e-06,-1.973901210731404e-06,0.005198975919780242
19.776,-0.3086958238431758,1.0612905086648383,3.11848608950895,-0.6913563408920658,0.003889199432927314,0.2365424537045736,782,1,0.050541313793935,-0.029399631173186527,-0.0018864302270205358,-3.6891194203015904e-06,-2.133724985079848e-06,0.005199838610597364
19.801,-0.3242267794946563,1.061310763291719,3.123837395603588,-0.5510482286419814,-0.0022865710439123562,0.1915720948550232,783,1,0.050521762495760264,-0.029416162980155574,-0.001889271685076207,-3.977778890420687e-06,-2.4123839418672983e-06,0.00519998700892185
19.826,-0.33624823527527525,1.0611761801126427,3.128064694251701,-0.4154592283441424,-0.004141399966957001,0.14811357408626835,784,1,0.05053176248519344,-0.029460944552696208,-0.0018923779063777658,-4.095814878213835e-06,-2.5379420206521457e-06,0.005200605287226701
19.851,-0.3449997409118637,1.061103693293371,3.1312430743079016,-0.2847226484631597,-0.007759768624717612,0.10777800574777022,785,1,0.0505253332230856,-0.02947950839593778,-0.0018956574960519864,-4.286756215156351e-06,-2.8354148853474352e-06,0.005201541921214198
19.876,-0.35048436769843344,1.0607881916814068,3.13345359453909,-0.15730711483282642,-0.007049280591693197,0.07211234039761547,786,1,0.050527764033261015,-0.029550291252538972,-0.0018994626123294443,-4.2867784394500206e-06,-3.1170574365501593e-06,0.005202568137779915
19.901,-0.35286509665350513,1.0607512292637864,3.1348486913277824,-0.03429097505282836,-0.0028497555726005276,0.04185116125613913,787,1,0.05051135268829099,-0.029537074545943467,-0.001903578913915628,-4.40588889674282e-06,-3.3343975126381615e-06,0.005202032939411538
19.926,-0.35219891645107476,1.0606457039027768,3.1355461526018966,0.07598835798716344,0.00014791464283625332,0.018467939522590363,788,1,0.05050201398956183,-0.029536446420314687,-0.0019079035731591016,-4.079407814377694e-06,-3.3500137564952373e-06,0.00520170253384654
19.951,-0.3490656787541469,1.0607586249959282,3.135772088303912,0.15820233852933294,0.0001598674706793068,0.005102882808634062,789,1,0.050489174401733,-0.029477980298460372,-0.0019123120435213113,-4.021186540273681e-06,-3.435016111272469e-06,0.005200599357030151
19.976,-0.344288799524608,1.0606536972763108,3.1358012967423283,0.21193390963240497,-0.00485565343406151,0.010759374525104295,790,1,0.05048994258316044,-0.02947836190102276,-0.0019163401101021979,-3.7551500930260193e-06,-3.614293015004966e-06,0.005199549619346046
20.001,-0.3384689832725265,1.0605158423242251,3.136310057030167,0.24422857534130635,-0.007427384253189012,0.058113849762645726,791,1,0.050499130079295136,-0.02948007686808113,-0.0019198008187162965,-3.5035017090492166e-06,-3.525947330018072e-06,0.005198584256317022
20.026,-0.3320773707575425,1.0602823280636513,3.1387069892304607,0.25209605486779074,-0.01878834235661149,0.15823104601442328,792,1,0.050495601012967455,-0.029461267884666856,-0.0019225527677490853,-3.4883804399170925e-06,-3.5006883791539005e-06,0.00519791149491359
20.051,-0.3258641805291377,1.0595764252063946,-3.1389636978486988,0.22434652596869623,-0.05099673435424651,0.30345352156309524,793,1,0.0505118176775199,-0.02943154795352468,-0.0019247729304240182,-3.49773317148051e-06,-3.3476474162839487e-06,0.00519850044569571
20.076,-0.32086004445910754,1.057732491345939,-3.1293056418709706,0.17643226109310545,-0.10447840633850032,0.483970842047434,794,1,0.0504538374487667,-0.029433176979482823,-0.0019269742298224607,-3.118810183951033e-06,-3.618850384258112e-06,0.005199135002306361
20.101,-0.3170425674744823,1.0543525048894695,-3.1147651557463267,0.1204839830733578,-0.1782595950038887,0.6899850464209214,795,1,0.05044361735102441,-0.029419682981281236,-0.0019290924772004771,-2.826101353684869e-06,-3.572343666154726e-06,0.005200315904325249
20.126,-0.31483584530543957,1.0488195115957444,-3.094806389549924,0.06069025426304078,-0.26975565887331915,0.9138969449794802,796,1,0.05041349220077259,-0.029420938789927225,-0.0019307258803566414,-2.781771599983229e-06,-3.4389683598761532e-06,0.005203155277273985
20.151,-0.3140080547613302,1.0408647219458034,-3.069070308497352,0.0032048129613561783,-0.3749523337113505,1.1471631931242086,797,1,0.050421234472541626,-0.029410369178344553,-0.001932424757278621,-2.665801925478855e-06,-3.1334504870667714e-06,0.005205148742999567
20.176,-0.31467560465737177,1.030071894910178,-3.037448229893717,-0.048982543611172796,-0.4744174082019614,1.3823353673596266,798,1,0.050385874126635,-0.029476512526427513,-0.0019341103277955222,-2.3454219740940705e-06,-3.1578640653100724e-06,0.005208153270852677
20.201,-0.3164571819418889,1.017143851535705,-2.9999535401293698,-0.09274660114397239,-0.5710135165801508,1.613574224407998,799,1,0.05036953718366109,-0.029437199120514523,-0.0019358900196449803,-2.2152033077495206e-06,-3.451762554505828e-06,0.005212805863760267
20.226,-0.31931293471457045,1.00152121908117,-2.956769518673316,-0.13039889824561648,-0.6762319880282012,1.8349366125550144,800,1,0.050346005036788946,-0.029450213753023247,-0.0019377845859100311,-1.9788416728807974e-06,-3.725250374467982e-06,0.005217814988220521
20.251,-0.3229771268541698,0.9833322521342944,-2.9082067095016177,-0.1708939873905078,-0.7718079495940967,2.0403474397438504,801,1,0.05035878022509117,-0.029487634799336145,-0.0019394936906725975,-1.6587384079158175e-06,-3.777242778847738e-06,0.005222589098161994
20.276,-0.32785763408409596,0.9629308216014646,-2.854752146686122,-0.2058411430964308,-0.8670389578393949,2.2252516833285463,802,1,0.05029144456527117,-0.02946472319461762,-0.0019406854607299238,-1.4891565649006225e-06,-4.120262731783545e-06,0.005229340359090879
20.301,-0.33326918400899075,0.9399803042423271,-2.7969441253351968,-0.2326008673434721,-0.9635633342461821,2.38721544528458,803,1,0.050303996316119995,-0.02949407213520194,-0.0019412643938930098,-1.0592165272486612e-06,-4.275059079296872e-06,0.0052363794946153714
20.326,-0.33948767745126973,0.9147526548891548,-2.735391374421891,-0.268059275878006,-1.0573530685807313,2.521286801777975,804,1,0.0503137278603442,-0.029511241146634507,-0.0019408866898593567,-8.344145773629562e-07,-4.4481906404224034e-06,0.005242416781349193
20.351,-0.34667214780289124,0.8871126508132898,-2.670879785246296,-0.29715646889686886,-1.143303586811805,2.624566398416251,805,1,0.05026914417773409,-0.029554729509380193,-0.001939876462837614,-7.329544782195546e-07,-4.666476029351482e-06,0.005249369660887041
20.376,-0.3543455008961134,0.8575874755485637,-2.6041630545010768,-0.3206411399239949,-1.2297510944914494,2.696657679258256,806,1,0.050301746721390934,-0.029523802956699936,-0.001938370566279453,-8.213178068935392e-07,-4.853762450053968e-06,0.00525634996548056
20.401,-0.3627042047990912,0.8256250960887165,-2.5360469012833815,-0.3477967155862891,-1.3098827312987826,2.734624226619009,807,1,0.050323684333843696,-0.02956713006391438,-0.0019367874324901922,-5.40050952317908e-07,-5.023705605251495e-06,0.0052617857713577725
20.426,-0.37173533667542685,0.7920933389836283,-2.467431843170134,-0.369617546030169,-1.372787482949687,2.73808015265638,808,1,0.05033848468471018,-0.029558203605573385,-0.0019353172421155904,-1.4010553448298756e-07,-5.2342085766559715e-06,0.005270034660112036
20.451,-0.3811850821005999,0.7569857219412311,-2.3991428936505605,-0.39179827974740844,-1.4150616639735711,2.707173631162029,809,1,0.05035877912011145,-0.02959065591048247,-0.0019339965267811477,1.0077833508932833e-07,-5.30178132861522e-06,0.0052774067306075026
20.476,-0.39132525066279755,0.7213402557849488,-2.3320731616120307,-0.3910679227774405,-1.4134992179804162,2.64296507775003,810,1,0.05027331197359193,-0.029576829627878113,-0.001932779358402644,3.565993998641061e-07,-5.4419995995080915e-06,0.005287279162426482
20.501,-0.40073847823947223,0.6863107610422093,-2.266994639763057,-0.3762857606691019,-1.3953776499167805,2.546721135981142,811,1,0.05035715813847961,-0.029582116795919336,-0.001931525546895271,3.3006851360097723e-07,-5.151285868073426e-06,0.005294464396544631
20.526,-0.4101395386962529,0.6515713732891087,-2.204737104812972,-0.3802863851112764,-1.3660436706504342,2.419218118276061,812,1,0.05039340946412132,-0.029610283451924718,-0.0019302090647150545,3.825497825986832e-07,-5.005835535993204e-06,0.005301160195709767
20.551,-0.41975279749503497,0.6180085775096915,-2.146033733849261,-0.36523404170456336,-1.301456846206616,2.264007323222156,813,1,0.050313449115542155,-0.029569409201641125,-0.001929070203454082,2.1728061742060415e-07,-5.196775662039902e-06,0.0053076944834704
20.576,-0.42840124078148134,0.586498530978777,-2.0915367386518624,-0.3289537824164166,-1.205746760152638,2.083603552107093,814,1,0.050340334004545254,-0.02955985258645044,-0.0019280976750413103,2.1644154463992057e-07,-5.010789011698469e-06,0.005313019783768269
20.601,-0.43620048661585603,0.5577212395020588,-2.041853556243905,-0.29100234182483453,-1.0873408209171753,1.8823689180126912,815,1,0.0503896004276571,-0.02955178404536766,-0.0019270953419785824,1.5673265766266252e-07,-4.788127708747667e-06,0.005319772944945684
20.626,-0.4429513578727233,0.5321314899329175,-1.9974182927512265,-0.25571578626259445,-0.9511621936497903,1.6656120053358177,816,1,0.050434992626328626,-0.029582628091483106,-0.0019261334182906263,4.7467349586524545e-07,-4.743309636795235e-06,0.005323270657884469
20.651,-0.44898627592898593,0.5101631298195686,-1.9585729559771126,-0.2134985389912413,-0.8125384648882323,1.4370442551244906,817,1,0.05045161998166773,-0.029542043223602883,-0.0019253674174098804,7.394993821001601e-07,-4.887510507862451e-06,0.0053244789091848686
20.676,-0.45362628482228473,0.49150456668850817,-1.9255660799950058,-0.17466135251787726,-0.6784166877574797,1.2013268063598488,818,1,0.05050709159380304,-0.029606589162736244,-0.0019249046438046015,1.169514253397655e-06,-4.87067293648181e-06,0.005323570844401582
20.701,-0.4577193435548799,0.4762422954316941,-1.8985066156591193,-0.14305480491484188,-0.542237926976097,0.9662972984618396,819,1,0.05049913799317228,-0.029587249247689764,-0.0019246937639101408,1.5409944527720643e-06,-5.128422963140464e-06,0.005325782112892933
20.726,-0.4607790250680269,0.46439267033970294,-1.8772512150719134,-0.10389393896478491,-0.4098348911161573,0.7396329120308637,820,1,0.05053308053580004,-0.02957792355087861,-0.0019246523215134049,1.7058435348477135e-06,-5.379079317139342e-06,0.005326055928242417
20.751,-0.46291404050311924,0.45575055087588595,-1.8615249700575753,-0.07032557325105893,-0.28362081504666387,0.5278096717989302,821,1,0.050566474734807375,-0.029579625962692528,-0.0019247480577560172,1.9166876000131884e-06,-5.4334240512323e-06,0.005326160205129039
20.776,-0.4642953037305799,0.45021162958736954,-1.8508607314819665,-0.044804300994016104,-0.16096003226093308,0.33975851262196755,822,1,0.05057696244064438,-0.029564150409176208,-0.0019249541198913696,1.995999314044325e-06,-5.5637917760962185e-06,0.00532922243091243
20.801,-0.4651542555528199,0.44770254926283976,-1.8445370444264777,-0.010853211041356016,-0.0414285366962713,0.18635095476752198,823,1,0.050546545232628706,-0.029486458304910153,-0.0019253878622437434,1.924052753944704e-06,-5.73738142179343e-06,0.005332789059755243
20.826,-0.46483796428264773,0.44814020275255595,-1.8415431837435903,0.028434234503465647,0.06894526160534999,0.07619851412764225,824,1,0.05055857943736767,-0.029502614860006524,-0.0019261246306127152,2.04958688240081e-06,-5.718331534675216e-06,0.005332185910418571
20.851,-0.4637325438276466,0.4511498123431073,-1.8407271187200958,0.05324271492571899,0.15482984695011529,0.015459455755557407,825,1,0.05058772462182424,-0.029536316905938248,-0.0019270670642673128,2.1635169713678016e-06,-5.702680349698801e-06,0.005329846640516945
20.876,-0.46217582853636174,0.4558816951000618,-1.8407702109558122,0.07079263858585716,0.21598520509413713,-0.01784020396819105,826,1,0.050568494849649974,-0.029564870902557345,-0.0019280904341905224,2.2622418274615045e-06,-5.7704905061813634e-06,0.005330369493394306
20.901,-0.4601929118983537,0.4619490725978143,-1.8416191289185055,0.06453650295028568,0.2485634348184648,-0.07163337924039632,827,1,0.050596020515394094,-0.02960922664883278,-0.0019293314707226755,2.4695200763484137e-06,-5.755581230359312e-06,0.005332269890475058
20.926,-0.45894900338884764,0.46830986684098436,-1.844351879917832,0.04461929438207494,0.23997440975245468,-0.16922295023975778,828,1,0.05059306583498162,-0.029517809329067085,-0.0019306851855511327,2.2724563823528885e-06,-5.9563996031473505e-06,0.005328352184379014
20.951,-0.45796194717924993,0.4739477930854372,-1.8500802764304936,0.014118798120267083,0.21383843379304798,-0.3049697767032057,829,1,0.050525571022707,-0.029578838916039886,-0.0019320742673659237,2.4506865938869503e-06,-6.026846721819779e-06,0.005326870467258642
20.976,-0.4582430634828343,0.4790017885306369,-1.8596003687529925,-0.05558364176519036,0.18903695748230318,-0.46894576300686497,830,1,0.05049925635451341,-0.029639354301333364,-0.0019332609328792322,2.7367335488293356e-06,-5.845459257764087e-06,0.005325170540932088
21.001,-0.4607411292675095,0.4833996409595525,-1.873527564580837,-0.15452559504054555,0.1575510024407478,-0.6534575731991494,831,1,0.0505004816205057,-0.02961748741935317,-0.0019338435837207716,2.7047542544853704e-06,-5.667387024557391e-06,0.005323793255767679
21.026,-0.46596934323486167,0.4868793386526744,-1.8922732474129504,-0.26425832207938543,0.12918605181905865,-0.8523264711509566,832,1,0.050468719493497065,-0.02956503175496936,-0.0019339154174179425,2.683972805907856e-06,-5.459178382382561e-06,0.005320135124536227
21.051,-0.473954045371478,0.4898589435505051,-1.9161438881383823,-0.3754521677311875,0.1098466331095167,-1.059869937282028,833,1,0.05048510553292851,-0.02950803892305194,-0.001933721401141915,2.5327648597220603e-06,-5.07352318235323e-06,0.005316624912481499
21.076,-0.4847419516214213,0.4923716703081503,-1.9452667442770526,-0.48225348162603915,0.08453279488249134,-1.270558790322944,834,1,0.050515352776318266,-0.029453879254832487,-0.0019333389617678873,2.454665697339604e-06,-4.757921303790194e-06,0.005311177899155164
21.101,-0.4980667194527803,0.4940855832946297,-1.9796718276545306,-0.5913588693214082,0.06399369440562871,-1.4787689373242208,835,1,0.05046425794013123,-0.029480273264166013,-0.0019327161799486381,2.458508280064302e-06,-4.731736846867732e-06,0.005306388660664871
21.126,-0.5143098950874921,0.4955713550284318,-2.0192051911432647,-0.6898685688951003,0.05616639009786182,-1.6780764217481743,836,1,0.05042718710258376,-0.02944249509254891,-0.0019323017227942177,2.410361584890898e-06,-4.7371569668685934e-06,0.0053028997203792075
21.151,-0.5325601478975358,0.49689390279952284,-2.0635756487419408,-0.7888075921990549,0.044665093428482336,-1.8656859152577172,837,1,0.050461320307283876,-0.029545696199483325,-0.0019320865418237267,2.8614299421656477e-06,-4.512290675219309e-06,0.005295224568450899
21.176,-0.5537502746974426,0.4978046096998558,-2.1124894869061452,-0.8963967065984219,0.03460219794499681,-2.0384797727687665,838,1,0.05042584627824136,-0.029557983597020512,-0.0019323192966857466,3.0051538199567965e-06,-4.428458499262497e-06,0.005288465399733743
21.201,-0.5773799832274575,0.4986240126967727,-2.1654996373803805,-0.9953619500497549,0.028379097196324518,-2.1916859436858838,839,1,0.05042702328627389,-0.029572435853857267,-0.0019329463179503274,3.152956023447413e-06,-4.415868633428145e-06,0.005280982153192357
21.226,-0.6035183721999311,0.49922356455967204,-2.222073784090441,-1.0942607078796418,0.0226192755536755,-2.3226721422420242,840,1,0.05041180019084515,-0.02957272825217372,-0.0019339273655677375,3.329093719836898e-06,-4.343634349131311e-06,0.00527495507063033
21.251,-0.6320930186214404,0.4997549764744565,-2.2816332444924834,-1.1925100305973433,0.021995304171210338,-2.4298132897378375,841,1,0.05041024306742462,-0.02955480003967604,-0.0019350663306405092,3.27798911061581e-06,-4.330384933331956e-06,0.005267516007352869
21.276,-0.6631438737297991,0.5003233297682326,-2.3435644485773346,-1.2934176155367096,0.019900018882159663,-2.510452874552796,842,1,0.05042668315032123,-0.029492140067659083,-0.0019367997210976515,3.105613293089583e-06,-4.252271863707288e-06,0.005261451308703692
21.301,-0.6967638993982722,0.5007499774185644,-2.407155888220116,-1.385128071114541,0.015333803825942963,-2.5636020682009155,843,1,0.050403773578331174,-0.02937505804982541,-0.001939010009529395,2.9415733612387233e-06,-4.08019933777846e-06,0.005254186467501667
21.326,-0.7324002772855271,0.5010900199595297,-2.471744551987382,-1.4630567721401957,0.011053565729515056,-2.5884989190751626,844,1,0.0504064769501286,-0.029312399933034784,-0.0019413899091025458,2.785811864682189e-06,-4.019798164909888e-06,0.005246904393902431
21.351,-0.769916738005283,0.5013026557050402,-2.536580834173876,-1.5184113678240647,0.0033763914920225753,-2.583640231573233,845,1,0.05041790223806412,-0.029289190262673896,-0.0019438161473718319,2.8293541962269233e-06,-3.8573505990256335e-06,0.005240422470724139
21.376,-0.8083208456767315,0.5012588395341309,-2.6009265635660457,-1.5551021315212288,-0.003995059178116766,-2.549735680835398,846,1,0.05042663882218775,-0.029342340266247997,-0.0019463246827083522,3.118553485113764e-06,-3.65460880814988e-06,0.005232019245606796
21.401,-0.8476718445813456,0.5011029027461343,-2.6640676182156477,-1.5839076468514823,-0.001725372698842085,-2.488700166571238,847,1,0.050417491608379994,-0.029380187423153563,-0.0019493360117021478,3.339299153901737e-06,-3.486100911982659e-06,0.005222958855494455
21.426,-0.8875162280193011,0.5011725708991888,-2.7253615718946005,-1.5903943032873098,-0.00041314069016528646,-2.4009590611491407,848,1,0.05047417611974017,-0.029392749387463314,-0.0019525327866474508,3.384680258959677e-06,-3.192581095205732e-06,0.005216605822286692
21.451,-0.9271915597457122,0.5010822457116261,-2.7841155712731065,-1.5533446981122625,-0.004966545427695853,-2.28588991467077,849,1,0.05049245314566099,-0.02941378598691614,-0.0019558219160414423,3.4440041619031893e-06,-3.152597286242732e-06,0.005211024721001129
21.476,-0.9651834629249153,0.500924243627804,-2.8396560676281406,-1.4603660049222038,-0.007151967165674909,-2.1470000724154352,850,1,0.05050857064425686,-0.029450620040563997,-0.0019587130015861196,3.54577255080853e-06,-3.2170228995273843e-06,0.005202900672699076
21.501,-1.0002098599918234,0.5007246473533423,-2.89146557489388,-1.3329357640426898,0.0003961882235547997,-1.988457159788693,851,1,0.05059411754687806,-0.029554866919578843,-0.001960984448763695,4.006519421276001e-06,-3.183863594934357e-06,0.005194671483715434
21.526,-1.0318302511270507,0.5009440530389817,-2.9390789256175767,-1.1889070879876105,0.000999540462813865,-1.811057165316937,852,1,0.050662654728006094,-0.029524350198340397,-0.001963160147068399,4.127416200010845e-06,-3.131466623535477e-06,0.005188961074622952
21.551,-1.0596552143912006,0.500774624376483,-2.9820184331597215,-1.0398817916958676,-0.0023617946187836857,-1.6186488938855028,853,1,0.050673205066551326,-0.029575564725961286,-0.001965384155137682,4.5103380274871115e-06,-3.3694041717775986e-06,0.005181792037079058
21.576,-1.0838243407118449,0.5008259633080425,-3.020011370311853,-0.8941815326935572,0.0007862112701317758,-1.416696325044666,854,1,0.050694246153084474,-0.02957314337404585,-0.0019676758543118863,4.623519613351624e-06,-3.577427166289597e-06,0.005176502140212238
21.601,-1.104364291025879,0.5008139349399896,-3.052853249411956,-0.752172501918638,0.0008832785321599575,-1.2080846009690933,855,1,0.05070479843131486,-0.029587059949500005,-0.0019699245137924106,4.725774669564375e-06,-3.8102729599187767e-06,0.005172491792371249
21.626,-1.1214329658077773,0.5008701272346505,-3.0804156003603085,-0.617182018831315,-0.0008646888050756074,-0.9978596772899309,856,1,0.05070525685025483,-0.02958048667913306,-0.0019721663877237732,4.8021021736633025e-06,-3.891949757156389e-06,0.005168544632905667
21.651,-1.1352233919674453,0.5007707004997358,-3.102746233276453,-0.4921840278386216,-0.002715597888263298,-0.7915492806700369,857,1,0.05065678297006774,-0.029595659461732957,-0.0019743800585696318,4.867871296655367e-06,-4.3107087072106414e-06,0.0051646468161707405
21.676,-1.146042167199707,0.5007343473402374,-3.119993064393808,-0.35542376384789903,0.001068465805533754,-0.5951877400811072,858,1,0.050534382174222854,-0.02957075338171474,-0.001976313015952535,4.788474680435229e-06,-4.692038167167159e-06,0.005161198256410166
21.701,-1.1529945801598405,0.5008241237900125,-3.132505620280509,-0.2174857545844691,-0.003123419480135459,-0.4162098507250918,859,1,0.05056518654839998,-0.02955577938279734,-0.0019779487336691816,4.900137427416696e-06,-4.672811424485958e-06,0.005157577740580699
21.726,-1.1569164549289306,0.5005781763662306,-3.140803556930063,-0.08700057330666465,-0.004787574112863279,-0.26075871900885855,860,1,0.05054142112356405,-0.02960664816542828,-0.0019793718907705586,5.0155204741074775e-06,-4.719663449099514e-06,0.005155117926437116
21.751,-1.1573446088251738,0.5005847450843693,3.1376417509486347,0.03262260054598574,-0.0015323290172752696,-0.13564833175255395,861,1,0.050620202712259706,-0.029604553637481764,-0.0019809305772528025,5.250758823914239e-06,-4.278866904450213e-06,0.005152695468918536
21.776,-1.1552853249016313,0.5005015599153668,3.135599333661895,0.1417024826483529,-0.0023325966974253815,-0.0491329208872965,862,1,0.05057234734211161,-0.029604430795494265,-0.0019824317827591077,5.132109248045774e-06,-4.221213009118221e-06,0.0051506021205049365
21.801,-1.1502594846927565,0.5004681152494981,3.13518510490427,0.22502705634674616,0.0006581221094536978,-0.008690114278486637,863,1,0.05065376025557351,-0.029603462337497628,-0.001984226006373517,5.033035186130306e-06,-4.020122810366024e-06,0.005148081045129395
21.826,-1.1440339720842938,0.5005344660208395,3.1351648279479707,0.2667411240985291,0.002434561168986847,-0.007331277429471934,864,1,0.05062696753382952,-0.02957293007147841,-0.0019857887866828144,4.8165981263845885e-06,-3.914889743059845e-06,0.005145194875707852
21.851,-1.1369224284878299,0.5005898433079474,3.1348185410327964,0.2833868911269514,0.003193739990559007,-0.028721661876040673,865,1,0.050610451522086854,-0.029560893822502706,-0.001987080358891477,4.6185828726387135e-06,-3.838697599846839e-06,0.0051431711319654735
21.876,-1.129864627527946,0.5006941530203675,3.1337287448541686,0.26833523688452104,0.01469056142051818,-0.0647028679311292,866,1,0.05057613065074874,-0.029581315106727013,-0.0019879258336511544,4.7395784205290665e-06,-3.7794727133693597e-06,0.005141792396547819
21.901,-1.1235056666436036,0.5013243713789733,3.13158339763624,0.21808417742806083,0.04180608242505783,-0.11228967459285782,867,1,0.050602022475885244,-0.02957940095786143,-0.0019886300768074895,4.638257425617335e-06,-3.5391456335724282e-06,0.005140627075362902
21.926,-1.1189604186565436,0.5027844571416202,3.128114261124526,0.12561224137950067,0.07738540524178218,-0.16971713012184012,868,1,0.050627846206171195,-0.029558038471053608,-0.001989100042564268,4.480022057263015e-06,-3.1879200669963756e-06,0.00513859219867334
21.951,-1.1172250545746285,0.5051936416410625,3.123097541130148,0.026497844145376325,0.12651724944951412,-0.2359706685403273,869,1,0.050577622409290965,-0.02957700924186216,-0.001989624715866675,4.503960970430241e-06,-3.2359926351333853e-06,0.005134807053467682
21.976,-1.1176355264492748,0.509110319614096,3.1163157276975095,-0.07222296815902482,0.18331752444999921,-0.30846838079821476,870,1,0.0506602906625906,-0.029550472852271727,-0.0019903284037494726,4.424993913327579e-06,-2.9678718938314446e-06,0.0051324343947015075
22.001,-1.1208362029825798,0.5143595178635626,3.107674122090237,-0.18008186119313507,0.23996860998316874,-0.38438568379824634,871,1,0.05067518815167879,-0.0295478998151647,-0.001990989753634222,4.581513020340271e-06,-2.935570656721441e-06,0.005129846549595097
22.026,-1.1266396195089317,0.5211087501132546,3.097096443507597,-0.27557652923427833,0.30467992142892264,-0.4637837308472556,872,1,0.05065379033860687,-0.029553379564479485,-0.001991616764313045,4.677964823034489e-06,-3.0838769077158225e-06,0.005125816865577713
22.051,-1.134615029444293,0.5295935139350079,3.0844849355478754,-0.37239434911088415,0.3697639864905025,-0.5444240813074341,873,1,0.05066907318366448,-0.029521474338400976,-0.0019926152479461446,4.708590778089603e-06,-3.090188368164586e-06,0.005122826562607283
22.076,-1.1452593369644761,0.53959694943778,3.069875239442225,-0.4618236096830254,0.4315581461054846,-0.6245044753911433,874,1,0.0505829248922559,-0.029516021820468422,-0.0019942438344295304,4.719143131649486e-06,-3.3915740513722615e-06,0.005119534628071212
22.101,-1.1577062099284445,0.5511714212402824,3.053259711778318,-0.5432415227916565,0.4889894463231867,-0.7026439576423182,875,1,0.05058617025685946,-0.029515967221858494,-0.001996383910695327,4.716511765735777e-06,-3.3576383015756213e-06,0.0051155600046718505
22.126,-1.1724214131040593,0.5640464217539397,3.0347430415601084,-0.6282923179015132,0.5517703055151212,-0.7776123953463254,876,1,0.05054857529982946,-0.029582670886142592,-0.0019987680858898557,4.878366179380786e-06,-3.3474484177587917e-06,0.005109416201658849
22.151,-1.1891208258235206,0.5787599365160389,3.014379092011001,-0.706051481835024,0.6187105270547529,-0.8494704356416299,877,1,0.05052013609873182,-0.02957639835746325,-0.002001259999426236,4.98294971419967e-06,-3.0686902526190203e-06,0.005103860167134964
22.176,-1.2077239871958085,0.5949819481066756,2.9922695197780294,-0.7850574892546214,0.6821695663781316,-0.9163418076814137,878,1,0.05050658941725829,-0.02957570804030635,-0.0020037982570336476,5.309281115557853e-06,-2.6072076298023903e-06,0.005099021267373037
22.201,-1.2283737002862523,0.6128684148349459,2.9685620016269296,-0.8621325934514268,0.742147704011063,-0.9769238576980438,879,1,0.05045848671717806,-0.029541922692503993,-0.0020062809084659245,5.48231431272807e-06,-2.1558776521323343e-06,0.005094566932231908
22.226,-1.2508306168683805,0.6320893333072293,2.9434233268931265,-0.9360693620858829,0.796980687110673,-1.030550307842034,880,1,0.050425944496129256,-0.029546200407895806,-0.0020084436075995513,5.601097446464418e-06,-1.6966014693450398e-06,0.005089068707047225
22.251,-1.275177168390547,0.6527174491904801,2.917034486234827,-1.0001657743465477,0.8572264118148476,-1.077172671795055,881,1,0.050377130545627785,-0.029561685831555287,-0.0020099326366980123,5.878386548000441e-06,-1.2128553256663309e-06,0.005083319237050613
22.276,-1.3008389055857086,0.6749506538979723,2.889564693303373,-1.0685426127728523,0.9184651622111806,-1.1154360697007184,882,1,0.050424009815019995,-0.0295247940381801,-0.002011019112668392,6.0214337518506335e-06,-6.323511873313618e-07,0.0050802284595400605
22.301,-1.3286042990291866,0.6986407073010366,2.8612626827497945,-1.134554851423301,0.970608440984297,-1.144507195552748,883,1,0.050371414502751996,-0.029488927374894065,-0.0020121961848202662,6.058953332169591e-06,-5.032148152134834e-07,0.00507591025911425
22.326,-1.3575666481568744,0.7234810759471878,2.8323393335257347,-1.1899079121045961,1.0190713632657056,-1.1645041697875602,884,1,0.05043058040728372,-0.02949199127567394,-0.0020131961445035295,6.148303378459743e-06,-7.417458905053521e-08,0.0050706004457735975
22.351,-1.3880996946344173,0.7495942754643226,2.8030374742604156,-1.2574356520342578,1.0729838446135977,-1.176259584125826,885,1,0.05048992413912646,-0.029505072732076993,-0.002014264997122331,6.157589287224967e-06,2.224929796773187e-07,0.005064264986167088
22.376,-1.4204384307585882,0.7771302681778685,2.7735263543194426,-1.3231047729626677,1.1283055824286143,-1.1790083539073415,886,1,0.050482660027722066,-0.029497719028039944,-0.0020156986003872744,5.8424164187449394e-06,2.3230347754079443e-07,0.005060148576190136
22.401,-1.4542549332825516,0.8060095545857541,2.7440870565650477,-1.3822318664481723,1.1720985496879144,-1.171719486853795,887,1,0.05048224581495011,-0.029473911954356377,-0.0020177145641279213,5.38307808785913e-06,3.56876442943827e-07,0.005055807986208426
22.426,-1.489550024080993,0.8357351956622608,2.714940379976756,-1.4213636877233047,1.1993358976396002,-1.1551927051284685,888,1,0.05046886796802089,-0.0295211985757236,-0.0020200871113881715,5.212220231074624e-06,5.229807101207283e-07,0.005051620100032451
22.451,-1.5253231176687179,0.8659763494677349,2.6863274213086235,-1.4373655135473857,1.2124846881127564,-1.129343675414047,889,1,0.0504736608241709,-0.029546587273504732,-0.002022593436377985,5.076226450536688e-06,7.996973259572108e-07,0.005046108498304281
22.476,-1.5614182997583632,0.8963594300678995,2.658473196206053,-1.4255608807014906,1.208767150121491,-1.0960169367035832,890,1,0.050421077001429886,-0.02956479369288482,-0.0020252217991199696,4.858147671782061e-06,8.652538746251469e-07,0.005039156084533093
22.501,-1.5966011617037934,0.9264147069738103,2.6315265744734435,-1.379066590170888,1.17562969728929,-1.0541331477456535,891,1,0.050483795636183236,-0.029546541754989972,-0.0020277061857402203,4.868142238259839e-06,1.1888841234872573e-06,0.00503568445557053
22.526,-1.6303716292669086,0.9551409149323649,2.6057665388187696,-1.312722356326307,1.1156794742386058,-1.003730858378628,892,1,0.05050296608419456,-0.029540615312341357,-0.00203035439524291,4.910902709842163e-06,1.345810378433699e-06,0.005032346936626844
22.551,-1.662237279520105,0.9821986806857375,2.581340031554515,-1.2306842296732248,1.0473511007003895,-0.946491254688122,893,1,0.05051585138805358,-0.029545267008369833,-0.0020329944061476825,5.070407146673091e-06,1.5925444289729997e-06,0.005029782089521374
22.576,-1.6919058407505707,1.007508469967385,2.558441976084363,-1.1422702992607785,0.974676209628153,-0.8826324388031245,894,1,0.05056527421333416,-0.029544730521243654,-0.002035979423657478,5.2608996771751345e-06,1.950692261012732e-06,0.00502589385182094
22.601,-1.7193507944831448,1.0309324911671458,2.537208409614358,-1.0450787705728344,0.8932821141824927,-0.8144452698246569,895,1,0.050573565046493116,-0.029538605736344502,-0.0020391735785537084,5.328062237372133e-06,2.1433987951406215e-06,0.005022862638626867
22.626,-1.7441597792792132,1.0521725756765103,2.5177197125931294,-0.935261326850978,0.8035839644669426,-0.7406801470627827,896,1,0.05055874747092997,-0.029524047823914688,-0.0020421637007644526,5.343852217217656e-06,2.3313182357642446e-06,0.005022099996002525
22.651,-1.7661138608256943,1.0711116893904935,2.5001744022612185,-0.8288784245535767,0.706038282850714,-0.6620715729106074,897,1,0.05057565180954905,-0.029501603230614997,-0.002044581492851585,5.2707504304036785e-06,2.531138094211261e-06,0.005019362109615172
22.676,-1.7856037005068897,1.087474489819044,2.484616133947601,-0.720443326936627,0.609473974281092,-0.5828301908207939,898,1,0.050586102641975786,-0.02956735834412874,-0.0020466558064894122,5.302563270853245e-06,2.475119753424246e-06,0.005014909319546272
22.701,-1.8021360271725262,1.1015853881045485,2.4710328927201783,-0.6064552990862906,0.5263387443084048,-0.5018879098871327,899,1,0.05062772065745468,-0.029586653352445754,-0.0020486555259948427,5.134693129338173e-06,2.4684299328117766e-06,0.005012278370711496
22.726,-1.8159264654612046,1.1137914270344647,2.459521738453244,-0.5067647170997852,0.4369572403221671,-0.42161887258605657,900,1,0.050622845298453546,-0.029522091053758907,-0.002050338338443066,4.659303486504715e-06,2.4104121583783053e-06,0.005006189870953855
22.751,-1.8274742630275158,1.1234332501206572,2.449951949090875,-0.40544815634942255,0.3455506502280099,-0.34381254842723985,901,1,0.05057834420315328,-0.029569334469886178,-0.00205168206002807,4.418626477619234e-06,2.4269902216338125e-06,0.00500453265895371
22.776,-1.836198873278676,1.1310689595458654,2.4423311110318817,-0.2940980564774421,0.25835345072221433,-0.26913255992868845,902,1,0.05056118624820426,-0.029543170864151945,-0.002052714700748471,4.134184163154351e-06,2.7121577181095893e-06,0.00500143380925666
22.801,-1.842179165851387,1.1363509226567672,2.4364953210944416,-0.19255976820061252,0.16762557630605396,-0.20029215140600234,903,1,0.05061190961445304,-0.02952826011753172,-0.0020535710211274528,4.075580238989039e-06,3.03360279119595e-06,0.0049993508101187425
22.826,-1.8458268616887068,1.1394502383611682,2.4323165034615815,-0.10001126259476437,0.09059162926178348,-0.13797876398587564,904,1,0.05064392879087877,-0.02954560137831375,-0.0020546493173883504,4.076426701422486e-06,3.132139387628771e-06,0.0049968933644870695
22.851,-1.8471797289811254,1.1408805041198564,2.4295963828951477,-0.0062621923951410524,0.012554249613967271,-0.08448060943614934,905,1,0.050604130582773355,-0.02950849465848997,-0.002055638839091711,4.08719726341417e-06,2.9697854556022084e-06,0.004993972886115174
22.876,-1.8461399713084639,1.1400779508418666,2.428092472989774,0.09637794169648246,-0.06796196407364521,-0.042571732307389816,906,1,0.05061410463665348,-0.02951199638890323,-0.0020565683140459394,4.216458138622306e-06,2.980927811114694e-06,0.004989399732131422
22.901,-1.8423608318963012,1.137482405916174,2.427467796279778,0.17841036640218313,-0.13538458618682073,-0.01513905145076408,907,1,0.050713403425509576,-0.02942842966604644,-0.0020573918280985403,4.2251764482017555e-06,3.30724498544403e-06,0.0049858622453605545
22.926,-1.8372194529883552,1.133308721532526,2.4273355204172358,0.23031854389410472,-0.18835790477607706,-0.002262677326179098,908,1,0.050707757757409544,-0.029424094386876584,-0.0020579145223814524,4.3977580522265884e-06,3.1159487096827023e-06,0.004984120827132818
22.951,-1.8308449047015958,1.1280645106773701,2.427354662413469,0.2638023217826786,-0.2193298355289932,0.0052541152127360356,909,1,0.05071237684637649,-0.029424988766497965,-0.0020584910597245,4.733138007065376e-06,2.927031565896083e-06,0.004982745962686632
22.976,-1.824029336899221,1.1223422297560761,2.4275982261778726,0.26060584114290536,-0.2251333304903426,0.020482047168410553,910,1,0.05068890897700073,-0.02943731187389958,-0.0020589406774490743,4.891439327855235e-06,2.8067334487010074e-06,0.004983339081163115
23.001,-1.8178146126444503,1.1168078441528528,2.4283787647718897,0.2083186874232338,-0.19501826174247394,0.04600591435144287,911,1,0.05071005157112055,-0.02948007771878298,-0.002059535955981539,5.047748025210007e-06,2.8405198095581735e-06,0.004982466036358281
23.026,-1.8136134025280592,1.1125913166689523,2.4298985218954448,0.12876124002637224,-0.1367437631480184,0.08013293776720787,912,1,0.050651354731523573,-0.029530360149541218,-0.002060190656971212,5.211426388390463e-06,2.634090119090405e-06,0.004982281534764643
23.051,-1.811376550643132,1.1099706559954523,2.43238541166025,0.03206984791084676,-0.0685866784981072,0.1200237866551462,913,1,0.05066023784464872,-0.029498673550428924,-0.002060790529493894,5.169469437791266e-06,2.6488218011993646e-06,0.0049788919630060395
23.076,-1.8120099101325169,1.1091619827440469,2.435899711228202,-0.07083041885480044,-0.009990655688127816,0.16322398629170942,914,1,0.050599246419673234,-0.02945897706014091,-0.0020613070717273962,5.263782260114112e-06,2.5886527807109873e-06,0.004977637152274293
23.101,-1.8149180715858722,1.109471123211046,2.4405466109748355,-0.17984901380397844,0.04008003379614543,0.21099434833934316,915,1,0.05065626109414923,-0.029425270450399308,-0.0020619358614492856,5.485376186238281e-06,2.7151975988783044e-06,0.004979029890021664
23.126,-1.821002360822716,1.1111659844338542,2.4464494286451695,-0.2985331530884274,0.09454864800596184,0.261062259937251,916,1,0.050608699537954015,-0.029467409585856964,-0.002062579430548948,5.846179676666872e-06,2.546784515097503e-06,0.00497853523583828
23.151,-1.8298447292402937,1.114198555611344,2.4535997239716982,-0.40548353624626804,0.14345755698816393,0.3117049750980527,917,1,0.050528220630227376,-0.029509790821009126,-0.0020634241499102313,6.066053618035629e-06,2.3218974456264077e-06,0.004978615064104446
23.176,-1.8412765376350282,1.118338862283262,2.462034677400071,-0.5011942553866717,0.19012203335360753,0.36017709431428835,918,1,0.050461409841121324,-0.0295620575789367,-0.002065143873486194,6.318397956832227e-06,2.3789122937295993e-06,0.004976183663393905
23.201,-1.8549044420096277,1.1237046572790246,2.471608578687413,-0.5918200318185023,0.23180357495138917,0.4072852841232719,919,1,0.05043786903362102,-0.02954530913898425,-0.002067573041009057,6.162143197959297e-06,2.3711347570860634e-06,0.00497913049917442
23.226,-1.8708675392259537,1.1299290410308316,2.482398941606235,-0.6903175177122813,0.26673099721378946,0.45325454530051235,920,1,0.05046501390017329,-0.029552057968792258,-0.0020703702998385244,6.0716697940974886e-06,2.489470135482002e-06,0.004977409336988107
23.251,-1.8894203178952422,1.1370412071397142,2.494271305952439,-0.789561591618193,0.3112948168971297,0.49431222548744286,921,1,0.0504759150209973,-0.029610862820186337,-0.0020734564527996975,6.215514459198469e-06,2.405154550793393e-06,0.004975121642332596
23.276,-1.910345618806864,1.1454937818756883,2.5071145528806076,-0.8808624292363211,0.3543207751171786,0.5304321050642837,922,1,0.05043191230514503,-0.029611726961767306,-0.002076620548508005,6.0721425819407555e-06,2.0230579207314955e-06,0.004972424208179817
23.301,-1.9334634393570558,1.1547572458955722,2.5207929112056515,-0.9713208151599635,0.39235387509885533,0.5613189238776792,923,1,0.050429917311256164,-0.029627171696671863,-0.0020795354801722006,5.8134663980378876e-06,1.905723362194562e-06,0.004970829262742391
23.326,-1.9589116595648628,1.1651114756306313,2.535180499074492,-1.0588843384595563,0.43034300882558274,0.5861757601392453,924,1,0.0503896071333884,-0.029629654615478666,-0.0020824445582940535,5.665044217741261e-06,1.700404533239308e-06,0.004969261481393499
23.351,-1.9864076562800344,1.1762743963368516,2.550101699212614,-1.1424066201978282,0.4660920589252116,0.6049769203306713,925,1,0.05038957323949715,-0.02963272019523932,-0.0020857800885454615,5.480393688723388e-06,1.826877375953962e-06,0.004969823815379436
23.376,-2.016031990574755,1.1884160785768922,2.565429345091026,-1.229685999314847,0.49583187987181715,0.6190748685672,926,1,0.050376044066766434,-0.029621409105878738,-0.002089665517941268,5.302896493333061e-06,1.9219415505703237e-06,0.004970055267598638
23.401,-2.0478919562457776,1.2010659903304428,2.5810554426409746,-1.3014192315785007,0.5272409211123141,0.6246483312062878,927,1,0.05038206322898934,-0.029693640544407457,-0.0020937812443603447,5.206535765199359e-06,2.147834161985168e-06,0.004965819717258548
23.426,-2.0811029521536764,1.2147781246325065,2.5966617616513386,-1.3809752971839444,0.5674932258373085,0.622650725351308,928,1,0.050470760817005376,-0.029633373868699037,-0.0020974195201715813,4.796527681706987e-06,2.5173335476718943e-06,0.004968105923406218
23.451,-2.1169407211049758,1.2294406516223086,2.6121879789085405,-1.4663876752482055,0.5927651068395439,0.6172092244255013,929,1,0.050416279451916506,-0.029642525938060427,-0.0021010069873246087,4.748219858118893e-06,2.398229818221827e-06,0.004969058821941683
23.476,-2.1544223359160877,1.244416379974484,2.627522222872614,-1.5196576015347725,0.6163446757941805,0.6026991579789079,930,1,0.050461615975220996,-0.029699163497996506,-0.0021042409667844735,4.6676330591967215e-06,2.4590928581934124e-06,0.004964594125929613
23.501,-2.1929236011817155,1.260257885412018,2.6423229368074863,-1.549432262962083,0.630319081539663,0.5818557821612742,931,1,0.05050640201347528,-0.029657250468970282,-0.0021074654333461287,4.369119581143227e-06,2.4448325938029955e-06,0.0049669729314956
23.526,-2.231893949064193,1.2759323340514677,2.656615011980678,-1.5308671451824445,0.6213895477401763,0.5563925343916459,932,1,0.05048955895034357,-0.029703176000672765,-0.0021105809829611703,4.363914201545666e-06,2.112807394833288e-06,0.004964160363690212
23.551,-2.2694669584408333,1.2913273627990252,2.670142563527067,-1.4546218411836491,0.5990654510971586,0.523227897121911,933,1,0.05052844359003717,-0.02967173380637137,-0.0021133836543237843,4.1069718340390126e-06,2.088668840937927e-06,0.0049649351713621954
23.576,-2.3046250411233764,1.305885606606326,2.682776406836774,-1.3347789510068775,0.5612551531276342,0.4847552759866611,934,1,0.050533336613875324,-0.029619629241184938,-0.0021157521483111097,3.810185930497333e-06,2.1005029216959125e-06,0.004966585699539516
23.601,-2.336205905991178,1.3193901204554073,2.6943803273264004,-1.195420841047153,0.5054625946728047,0.4428870113967002,935,1,0.050548792358056836,-0.02949205366244359,-0.002117914684766967,3.3351208149899795e-06,2.0703458756744123e-06,0.004970842647278028
23.626,-2.364396083175735,1.3311587363399666,2.7049207574066094,-1.0642092250472261,0.43689404371748,0.39887666170838154,936,1,0.05056963497616885,-0.02945059649380696,-0.0021203046393745016,2.999664784595008e-06,2.008583057642082e-06,0.004972992360241588
23.651,-2.3894163672435402,1.3412348226412816,2.71432416041182,-0.923236748423956,0.38287812813487543,0.35066047172252585,937,1,0.05055332910439703,-0.029498590487071676,-0.0021230423963278216,2.9601572145438626e-06,2.0639261953866385e-06,0.004972948686065523
23.676,-2.41055792059693,1.3503026427467093,2.7224537809927347,-0.7825485923312381,0.3257320325644251,0.30077203542792325,938,1,0.05058461776291419,-0.029421364331384956,-0.0021258770020823386,2.5210270556406505e-06,2.334283716887104e-06,0.004976684589601102
23.701,-2.4285437968601027,1.357521424269503,2.729362762183216,-0.6547287990706425,0.26933844767167486,0.2516363180444756,939,1,0.05062668654717193,-0.0294642400253201,-0.0021285872936094956,2.542418707526529e-06,2.523012521434039e-06,0.004977752048329689
23.726,-2.4432943605504627,1.3637695651302932,2.7350355968949587,-0.532732191847495,0.21623135716884925,0.2028646730034971,940,1,0.050624422861822414,-0.029435215522945757,-0.0021313786919293326,2.846688333152705e-06,2.410818270312884e-06,0.004978056799247209
23.751,-2.455180406452478,1.3683329921279457,2.739505995833391,-0.4133216241548284,0.16176355062839978,0.15535480800483503,941,1,0.050601285999539586,-0.029513206677098378,-0.002134209371093807,3.595984994186826e-06,2.3644164867469336e-06,0.00497721982656552
23.776,-2.4639604417582044,1.3718577426617133,2.7428033372952005,-0.29053163503776835,0.11862196659826693,0.11142735903820722,942,1,0.0505624305285223,-0.029537056566501907,-0.002136848263709189,4.00684731135336e-06,2.197193966365126e-06,0.004977879696198063
23.801,-2.4697069882043654,1.3742640904578587,2.745077363785301,-0.17079049023295248,0.06597573315557786,0.07282197028951283,943,1,0.05052189187818888,-0.029534370191696406,-0.00213952423846216,4.367882377667784e-06,1.9496036954526945e-06,0.004978019272740331
23.826,-2.472499966269852,1.3751565293194923,2.7464444358096762,-0.049135036814992726,0.013687504894343921,0.040832299620702756,944,1,0.050517133225063474,-0.0295911395809943,-0.002142160563189017,4.698528028886534e-06,1.8453801432527513e-06,0.0049788561937302266
23.851,-2.472163740045115,1.374948465702576,2.7471189787663364,0.07133266561493277,-0.03148668087530959,0.017613965921041447,945,1,0.05055675122506021,-0.029605376710894925,-0.0021447494752977257,4.87545296839217e-06,1.731398084446917e-06,0.00497812528077544
23.876,-2.4689333329891054,1.3735821952757268,2.7473251341057283,0.17004204253250535,-0.07254188274070991,0.0044188793404664126,946,1,0.05061403519044291,-0.029615483127954163,-0.002147472771477842,5.0660770928038216e-06,1.6169474387448232e-06,0.004976920411880099
23.901,-2.4636616379184897,1.3713213715655403,2.7473399227333597,0.2476810854790886,-0.10236214558751704,0.0007562550272766518,947,1,0.0505634780131832,-0.02964135367535353,-0.0021501362220573,5.286812920367519e-06,9.933592720841734e-07,0.004976081695803812
23.926,-2.4565492787151517,1.3684640879963512,2.747362946857092,0.28930842913353716,-0.12091134034375722,0.00041079714953262095,948,1,0.0505672159524553,-0.02963663945778581,-0.0021530495479544468,5.266472244889614e-06,4.4693800604644136e-07,0.00497410611012197
23.951,-2.4491962164618126,1.3652758045483524,2.7473604625908363,0.28903292345724674,-0.1257561225745878,0.00039730808561344024,949,1,0.050575709676667024,-0.029682065315355218,-0.002156066247909571,5.488242304654691e-06,6.8882424896905e-08,0.004972774364255557
23.976,-2.442097632542289,1.3621762818676217,2.747382812261373,0.2655272973970353,-0.10560017186384957,0.0006021199684091897,950,1,0.05060004110504269,-0.029727059687449923,-0.0021591025721558544,5.662951358923242e-06,-2.667039732999634e-07,0.004971173933948649
24.001,-2.4359198515919607,1.3599957959551598,2.747390568589257,0.21842549959768442,-0.08565539145385037,0.0005577920257238055,951,1,0.05058087708176609,-0.029663423080852253,-0.0021618111907514156,5.666760418675697e-06,-6.708263275763054e-07,0.004969096045137758
24.026,-2.431176357562405,1.3578935122949292,2.747410701862659,0.16531429077378643,-0.06707028217554027,0.0008181636013838055,952,1,0.050564028107291874,-0.029709723440811506,-0.002164231831020738,6.048184343288127e-06,-1.0806072174352554e-06,0.004966262510821071
24.051,-2.427654137053272,1.356642281846383,2.747431476769326,0.12468721097742375,-0.03661786720916497,-0.0002710798911387219,953,1,0.05053478872642919,-0.029681952140903585,-0.0021660091596294954,6.1570211870002655e-06,-1.3937684453538047e-06,0.004964199886330465
24.076,-2.4249419970135335,1.3560626189344709,2.747397147868102,0.08965659034862,-0.015698020523271294,-0.0014620663555309013,954,1,0.05055044383561164,-0.029592070741573172,-0.0021675632287539927,6.10098867996287e-06,-1.6498721319931469e-06,0.004964553894009011
24.101,-2.4231713075358408,1.3558573808202194,2.7473583734515494,0.04887395139522008,-0.008613169530593422,-0.0009119764780862608,955,1,0.05055289898862391,-0.029516914506171017,-0.0021687407635931476,6.103046203388471e-06,-1.7672758741944122e-06,0.004965853160837132
24.126,-2.4224982994437725,1.3556319604579412,2.7473515490441978,0.020047614127766948,-0.011118396290869923,0.00018275577872372845,956,1,0.05048320144445719,-0.029543768899200303,-0.0021695639720243033,6.2931015155514486e-06,-2.4172900318213654e-06,0.004964854936401184
24.151,-2.4221689268294524,1.355301461005676,2.7473675112404856,0.005443189589078611,-0.005895849559469981,6.238988872198447e-06,957,1,0.05047775702859,-0.029613362299307906,-0.0021704846378639655,6.473410417233963e-06,-2.6740655900449976e-06,0.004961715936512933
24.176,-2.4222261399643186,1.3553371679799677,2.7473518609936414,-0.0010778560608492983,-0.0002502710677987316,-0.0002578107229922429,958,1,0.050464456261988075,-0.02961341971511576,-0.002171408422381084,6.361697529150041e-06,-2.975994974377005e-06,0.0049602911385106
24.201,-2.422222819632495,1.355288947452286,2.747354620704336,0.002412293189664149,-0.0013998575621387644,0.00017926126259837106,959,1,0.05047589494115796,-0.029622487287373198,-0.002172446505701958,6.27929454913283e-06,-3.0865294152897307e-06,0.0049590258115243795
24.226,-2.4221055253048354,1.3552671751018608,2.7473608240567713,0.0067286425745293355,-0.0008335820948390686,-8.337181589545988e-05,960,1,0.050505312839391206,-0.029616275713428602,-0.0021735563222430613,6.217698894441706e-06,-3.2170436823697135e-06,0.00495682887274455
24.251,-2.4218863875037684,1.355247268347544,2.7473504521135412,0.004835109626251042,0.0021372930554263954,-0.00023268145007193322,961,1,0.05054955026013665,-0.029601655355120878,-0.002175104328034297,6.222553826295231e-06,-3.407965001007516e-06,0.0049562935936221745
24.276,-2.421863769823523,1.355374039754632,2.7473491899842677,0.002577358062936388,0.007940771246093721,-0.0008602194654816975,962,1,0.050537366986060234,-0.029577274548812826,-0.0021768420109175494,6.34777557245642e-06,-3.5679512534646828e-06,0.004956147725837804
24.301,-2.4217575196006216,1.3556443069098487,2.747307441140267,-0.0020887434840499413,0.007592727699430205,-0.001163714967562496,963,1,0.050531214921748946,-0.029523008604187963,-0.0021788647905566665,6.3470840806855694e-06,-3.886500473017661e-06,0.004957363954813038
24.326,-2.4219682069977253,1.3557536761396036,2.7472910042358896,-0.004997326519262586,0.0015232565821543314,-0.0006046814642157642,964,1,0.0504773358036365,-0.02953242010438166,-0.002180834786533014,6.60063770703205e-06,-4.479436665808207e-06,0.004956544940130885
24.351,-2.4220073859265847,1.3557204697389564,2.7472772070670564,-0.0013897592697897723,-0.004828977101047836,-1.024837096075245e-05,965,1,0.05047514134120962,-0.029553821687366394,-0.00218239022067549,6.848368684019314e-06,-4.709900525098365e-06,0.004956186288879588
24.376,-2.422037694961215,1.3555122272845512,2.7472904918173415,0.00019696468858576287,-0.005290410959708427,0.00010990403623622868,966,1,0.05048830698163743,-0.029605186659735,-0.002183666581113563,7.150783443243025e-06,-4.706535790108739e-06,0.004953556556363399
24.401,-2.4219975376921554,1.355455949190971,2.747282702268868,-0.000982239933424778,-0.004589048353898212,0.0025829525069288955,967,1,0.05050117163692689,-0.029614381697893762,-0.002184982184402338,7.342685868072901e-06,-4.702284533067972e-06,0.004953217309162677
24.426,-2.422086806957886,1.3552827748668563,2.747419639442688,0.0006371639355862066,-0.005868718860231242,0.026401183499986283,968,1,0.05048773586364541,-0.029653589808444576,-0.002186389182025733,7.488760642250168e-06,-4.792153721604902e-06,0.004951581275420473
24.451,-2.421965679495376,1.3551625132479594,2.7486027614438675,0.01006024694860649,-0.014111731366699208,0.0879813766793612,969,1,0.05047879282712469,-0.02965218385728484,-0.0021876831895436067,7.5259413803947775e-06,-4.905891866009585e-06,0.004948829246165862
24.476,-2.4215837946104557,1.3545771882985214,2.751818708276656,0.02412988300177298,-0.031010309504137638,0.1860078543946271,970,1,0.05048781350419442,-0.029685379161703104,-0.0021887116382943647,7.598949413811839e-06,-4.860431446835634e-06,0.004946236011917019
24.501,-2.4207591853452874,1.3536119977727525,2.757903154163599,0.04403980924181754,-0.05370837221769266,0.3163804304937345,971,1,0.050485568359399574,-0.029675278137637675,-0.002189717268608915,7.504282696699429e-06,-5.06869163814873e-06,0.004945551573372371
24.526,-2.419381804148365,1.3518917696876367,2.767637729801343,0.07891870417025885,-0.09965319190261679,0.47536490246177937,972,1,0.05046013478191232,-0.02963941423990188,-0.002190790457185542,7.342505206150882e-06,-5.1065990851794375e-06,0.004945423472908988
24.551,-2.4168132501367747,1.348629338177622,2.7816713992866866,0.11924574499009574,-0.1649289799057584,0.6569090636279546,973,1,0.05051198360989104,-0.029618277537624606,-0.0021921097056483534,7.1386555546010955e-06,-4.806053792107007e-06,0.004944984183208713
24.576,-2.41341951689886,1.3436453206923487,2.8004831829827412,0.16364335584734258,-0.2468121504998076,0.8566327892981962,974,1,0.05048685024484428,-0.029608500737818507,-0.002193553571662147,6.789396938756618e-06,-4.861699380158892e-06,0.004946320893269452
24.601,-2.4086310823444075,1.3362887306526314,2.824503038751597,0.22178501148307678,-0.33503802060215604,1.0699587693443595,975,1,0.0504844532619219,-0.029637255942576216,-0.0021949459666424816,6.627070204219772e-06,-4.881098467864972e-06,0.004948284493493169
24.626,-2.402330266324706,1.3268934196622406,2.85398112144996,0.2800483685793913,-0.4236334772847157,1.2932954032149262,976,1,0.0504748352683123,-0.029609628742847206,-0.0021963571372887393,6.222707729897489e-06,-4.810779046220312e-06,0.0049521306012090885
24.651,-2.3946286639154377,1.3151070567883953,2.8891678089123443,0.33321654390415684,-0.5207276762637155,1.5236622863092086,977,1,0.050458077952913225,-0.0296059807922644,-0.00219776094006299,5.993946343805306e-06,-4.759963821291824e-06,0.004954527121378122
24.676,-2.385669439129499,1.3008570358490563,2.930164235765416,0.3929121155963366,-0.6132935710440847,1.75579443611886,978,1,0.050424116213011135,-0.02965573531727951,-0.0021991160285163955,5.962243142599004e-06,-4.864917063843943e-06,0.004957049069333308
24.701,-2.3749830581356206,1.2844423782361907,2.9769575307182885,0.4521873761504327,-0.6996618187214299,1.9862343948541101,979,1,0.05045387723499663,-0.029668192086669973,-0.0022001415295111585,5.678310749277745e-06,-4.759925119442406e-06,0.004959460189668784
24.726,-2.363060070321977,1.2658739449129843,3.029475955508123,0.5059804935181161,-0.7805892670768411,2.2135189626624414,980,1,0.05045421050090568,-0.02968878546292717,-0.0022011477050405247,5.6299193358774055e-06,-4.675101397777925e-06,0.004964583865097035
24.751,-2.3496840334597144,1.245412914882348,3.087633478851412,0.5649420111882106,-0.8597353308325639,2.433991306352291,981,1,0.05046344614504924,-0.02966062634153699,-0.0022023218847455612,5.779943281025598e-06,-4.455693366576724e-06,0.004968353998372001
24.776,-2.334812969762566,1.2228871783713555,-3.1320097863538474,0.6207745293842224,-0.9396651815783487,2.643552814524889,982,1,0.050509638413029335,-0.02963187125062554,-0.002203436344819817,5.867354834131148e-06,-4.430676642959708e-06,0.004973433658811101
24.801,-2.318645306990505,1.1984296558034333,-3.0633741876019367,0.6648187141176182,-1.0178860741666973,2.8401324252254185,983,1,0.050550053692510984,-0.029597432509504338,-0.002204464209112584,6.0117574172025076e-06,-4.453821011590617e-06,0.004979323970019716
24.826,-2.3015720340566848,1.17199287466302,-2.9900031650925745,0.7133172727688107,-1.0977855684081628,3.023449953989338,984,1,0.05052034000776126,-0.029592204454523856,-0.0022053961890487837,6.145395687103246e-06,-4.680195793104557e-06,0.004989156696433169
24.851,-2.282979443352064,1.1435403773830244,-2.9122016899024676,0.7639728278557969,-1.1759299915237886,3.191024198430349,985,1,0.050557915338574864,-0.02960176863088849,-0.002206274832285411,6.075440121857787e-06,-4.669498516282936e-06,0.004996293107984841
24.876,-2.2633733926638944,1.1131963750868297,-2.8304519551710547,0.8075058490955708,-1.2514031310288498,3.3402700723056857,986,1,0.050556075097248854,-0.029625439823918496,-0.002207119635055035,6.104026044772773e-06,-4.901834576939442e-06,0.005004258354548069
24.901,-2.242604150897285,1.080970220831581,-2.745188186287181,0.852708616378259,-1.3214043865487741,3.469613215831348,987,1,0.05055572396907919,-0.02966287563752415,-0.002207848572308519,6.066695904402631e-06,-4.997600618072358e-06,0.005011574165532619
24.926,-2.220737961844984,1.0471261557593947,-2.656971294379497,0.9002364662594303,-1.390988858319966,3.57783643284922,988,1,0.05054698450647723,-0.029667107860390694,-0.0022085091484992255,5.915157330319896e-06,-5.3902489776116135e-06,0.005020444511373519
24.951,-2.1975923275843128,1.0114207779155817,-2.5662963646447174,0.9463292638680664,-1.4554461201027118,3.6641404398127633,989,1,0.0505742500642741,-0.029700485765566907,-0.0022099038100463005,5.832165763156586e-06,-5.677046265850543e-06,0.005028115930425926
24.976,-2.17342149865158,0.9743538497542581,-2.4737642723888564,0.9926351416960381,-1.5124773974377155,3.7269731044373438,990,1,0.05059341594761367,-0.029670906481356927,-0.0022120156136667675,5.558309280195279e-06,-5.990522206459501e-06,0.005036716394272851
25.001,-2.14796057049951,0.9357969080436949,-2.3799477094228476,1.0343425373092816,-1.5778229733328362,3.7665762626501915,991,1,0.05066297809560644,-0.029629872775701224,-0.002214375727552609,5.19048057922773e-06,-6.192650879042162e-06,0.0050458849535587064
25.026,-2.121704371786115,0.8954627010876152,-2.285435459256344,1.0710693631196198,-1.6372575299073808,3.781435744387524,992,1,0.050672560037004113,-0.02962483807534078,-0.0022167269160389596,5.09964026749133e-06,-6.408425976841638e-06,0.005054231424429523
25.051,-2.0944071023435322,0.8539340315483305,-2.190875922203482,1.1063511803321389,-1.6927359170907712,3.772602837545626,993,1,0.05071110740657875,-0.02956065405218652,-0.0022190115712485466,4.80882548230772e-06,-6.646500869499511e-06,0.0050659875964367525
25.076,-2.0663868127695073,0.8108259052330754,-2.09680531737906,1.1171111965785416,-1.72106260892674,3.740865053687372,994,1,0.05071139450685088,-0.02957470859783105,-0.0022212594547552297,4.8890527201614995e-06,-6.8325973923004395e-06,0.005075497444913781
25.101,-2.0385515425146044,0.7678809011019923,-2.003832669519111,1.1029681167754666,-1.7046399432279526,3.6848466548095447,995,1,0.050698576148615296,-0.02957306037861782,-0.002223157665806949,4.955203113382277e-06,-7.1153930274366284e-06,0.005083989421896431
25.126,-2.011238406930733,0.7255939080716766,-1.91256298463858,1.0618175896104836,-1.6587829936397855,3.605441632283919,996,1,0.05067651791507698,-0.029611526055982603,-0.002224754312135808,5.070607266401666e-06,-7.203036155843637e-06,0.00509244612688595
25.151,-1.9854606630340794,0.6849417514200018,-1.8235605879049124,1.0234828117762444,-1.596743891394534,3.503877344411265,997,1,0.05059074229053474,-0.029539776841508516,-0.002226150032896959,5.1577311816923615e-06,-7.586401771163903e-06,0.005101431555062151
25.176,-1.9600642663419239,0.6457567135019544,-1.737369117418027,0.9917446937147149,-1.5275132607589552,3.3810402919457747,998,1,0.050603110687452504,-0.029549259085266063,-0.0022274576612328427,5.331397620258519e-06,-7.669779304425449e-06,0.005109539364449478
25.201,-1.935873428348343,0.608566088382053,-1.6545085733076212,0.9454151472405491,-1.4582185212984282,3.2373228165096606,999,1,0.05063979455797734,-0.029510913824291038,-0.0022285273884085025,5.289544728469818e-06,-7.663346115021198e-06,0.005117068415855369
25.226,-1.9127935089798958,0.572845787437032,-1.5755029765925415,0.9033646179589865,-1.3899129693690273,3.0750467293984327,1000,1,0.05064368351853609,-0.029492466330091466,-0.0022294781505813994,5.205372835560758e-06,-7.623075212724261e-06,0.005125280047696569
25.251,-1.890705197450393,0.5390704399136006,-1.5007562368376972,0.8457056179378477,-1.2988431601982613,2.8964625761096605,1001,1,0.05068406829408864,-0.029494195327779974,-0.0022303176697011677,5.185051125912823e-06,-7.53886059171325e-06,0.005132834018670476
25.276,-1.8705082280830028,0.507903629427118,-1.4306798477870561,0.7751528917390124,-1.1942768128231886,2.7024307623123116,1002,1,0.05070917526051305,-0.029444175654390885,-0.002231163427226453,5.133509473681061e-06,-7.506186485680312e-06,0.005140873442947171
25.301,-1.8519475528634446,0.47935659927244456,-1.3656346987220893,0.6997874924446623,-1.087881436300664,2.4959754637510834,1003,1,0.050712354136785924,-0.029448563415975605,-0.002232210504546772,5.365940580054954e-06,-7.3143245142615386e-06,0.005148374582827039
25.326,-1.8355188534607692,0.453509557612084,-1.3058810745995002,0.6228429056025142,-0.9624284599986718,2.2790630108488794,1004,1,0.05064323122922177,-0.029442181967605265,-0.002233405643383101,5.772402654430664e-06,-7.099050820522951e-06,0.0051525924655767205
25.351,-1.8208054075833184,0.4312351762725103,-1.2516815481796437,0.5399241765065023,-0.8324775926294695,2.054405234272589,1005,1,0.050680391527771707,-0.029474894384997948,-0.0022347359509561006,5.995063720732813e-06,-6.767603961250784e-06,0.005159063720197223
25.376,-1.8085226446354437,0.41188567798060993,-1.2031608128858693,0.44516868384850283,-0.7077265506098595,1.82452752259839,1006,1,0.050669314397486426,-0.029428725798405074,-0.002236474948774867,6.136420131534998e-06,-6.758351482270291e-06,0.0051620481371351815
25.401,-1.798546973390893,0.3958488487420168,-1.1604551720497227,0.37441257374736375,-0.5845926264836853,1.591407755228255,1007,1,0.05071691021506888,-0.029316906001547596,-0.0022384186222630244,6.0710543679877585e-06,-6.920114569805029e-06,0.0051653998879526005
25.426,-1.7898020159480765,0.38265604665642733,-1.1235904251244608,0.31526238830370085,-0.4758643766224556,1.360065966353215,1008,1,0.050750291295607666,-0.029350335280664417,-0.0022405152574168277,6.324755158250163e-06,-6.74585343137849e-06,0.005170629970547689
25.451,-1.7827838539757077,0.3720556299108937,-1.092451873732061,0.24494648061447508,-0.3744880852659973,1.1348237382630815,1009,1,0.050755977258401246,-0.02938162567348509,-0.0022427943408629713,6.6132434073265575e-06,-6.578918061083018e-06,0.005175442466403121
25.476,-1.7775546919173526,0.3639316423931272,-1.0668492382113057,0.18099274749524516,-0.2799046851862357,0.9185949856478317,1010,1,0.050732617140232965,-0.02938558273375148,-0.002244952927504651,6.924323052710242e-06,-6.4487099130209645e-06,0.0051781474889224174
25.501,-1.7737342166009453,0.3580603956515817,-1.0465221244496687,0.11355672130249522,-0.17703223461465104,0.7141356418439925,1011,1,0.050666270772893,-0.029413580663271627,-0.002246760017459909,7.140186942390127e-06,-6.469568001285816e-06,0.005179292799547587
25.526,-1.7718768558522278,0.3550800306623945,-1.0311424561191054,0.05726090990292635,-0.08012510857582489,0.5257803409522964,1012,1,0.05073793385213291,-0.029377877702298348,-0.0022482370354273275,6.734858427460802e-06,-6.401188393953454e-06,0.005181455721671028
25.551,-1.7708711711057992,0.3540541402227907,-1.0202331074020556,0.0016641712319742416,-0.0007354247429214207,0.36003852201548825,1013,1,0.05069818218649603,-0.029450601340828022,-0.002249540076059022,6.909518071390067e-06,-6.310442089891074e-06,0.005184264144754416
25.576,-1.771793647290629,0.35504325942524845,-1.0131405300183307,-0.04791219408067636,0.06763010491879233,0.22023152436779234,1014,1,0.05071864531085503,-0.029393775206322758,-0.002250915509347037,6.586884699625956e-06,-6.382429072573254e-06,0.0051841093496452035
25.601,-1.773266780809833,0.35743564546873036,-1.0092215311836659,-0.07958838475864981,0.12156208333364443,0.11160466813633205,1015,1,0.050693847514643085,-0.029415248445972843,-0.0022518744694274384,6.402329358282072e-06,-6.454243950483111e-06,0.005185592066215983
25.626,-1.7757730665285616,0.36112136359193076,-1.007560296611514,-0.11317224737564863,0.1666023963548334,0.03923025967468463,1016,1,0.0506859583849268,-0.029399733788662806,-0.002252415645014216,6.188532377293374e-06,-6.466201469749481e-06,0.005184273147049827
25.651,-1.7789253931786155,0.36576576528647214,-1.0072600181999314,-0.12022732921629825,0.19027886393220478,0.00506811274542358,1017,1,0.05071309438431831,-0.02937855848561562,-0.0022521469503829442,5.904282571436855e-06,-6.502086010152641e-06,0.005184404681207907
25.676,-1.7817844329893762,0.37063530678854045,-1.0073068909742429,-0.12237316401466018,0.19290415985522338,-0.001431810668126567,1018,1,0.05065527804290383,-0.029441109692627254,-0.002251180482942424,6.1068311114500765e-06,-6.85258366685111e-06,0.005185409342206556
25.701,-1.7850440513793486,0.37541097327923345,-1.007331608733338,-0.1184267157503288,0.18176837351590444,-0.000861029875638396,1019,1,0.05066127555433695,-0.029412975947921166,-0.002250164072610851,5.919308100820667e-06,-7.1509196197623395e-06,0.005184443972142583
25.726,-1.7877057687768927,0.3797237254643358,-1.0073499424680248,-0.10562398745225315,0.1612401970710408,-0.0008233303306237499,1020,1,0.050634071047204285,-0.029440065925051828,-0.002249143909546565,5.711396700432275e-06,-7.517910691276178e-06,0.005184387764830788
25.751,-1.7903252507519614,0.3834729831327856,-1.0073727752498691,-0.09549484009435757,0.1357621119697408,-0.0009298358138476327,1021,1,0.050664518297454254,-0.029406591074008975,-0.0022484669319938148,5.373798890496847e-06,-7.728595562492134e-06,0.005184134784044171
25.776,-1.7924805107816106,0.38651183106282294,-1.0073964342587172,-0.06757837982686639,0.10555266709480304,-0.0009361343965608703,1022,1,0.05069203589321982,-0.02937936702438885,-0.0022479127371019063,5.389890539014851e-06,-7.881503312101843e-06,0.0051838642408724815
25.801,-1.7937041697433045,0.38875061648752546,-1.007419581969697,-0.04577168422941137,0.078995763122901,-0.0010431523930343042,1023,1,0.05063814787440936,-0.02942753262636295,-0.0022475651267804624,5.610210071274489e-06,-8.213524061676913e-06,0.005183574452366134
25.826,-1.7947690949930812,0.39046161921896805,-1.0074485918783689,-0.03511139160649218,0.05512998704776761,-0.0008287426983954897,1024,1,0.050626911562135946,-0.029438107550765025,-0.002247273202083625,5.612501502560655e-06,-8.284350987914274e-06,0.005183881557969832
25.851,-1.7954597393236291,0.3915071158399139,-1.0074610191046165,-0.021362390894501232,0.039086601362627316,-0.000847877371690219,1025,1,0.05058363191726921,-0.029438390055497032,-0.0022470517555139703,5.509153964324367e-06,-8.43895632308362e-06,0.005182965383698899
25.876,-1.7958372145378063,0.39241594928709944,-1.0074909857469536,-0.017125657527241357,0.028315014322040796,-0.0011840295483533767,1026,1,0.05057343959844501,-0.029475619553808834,-0.0022469530278526775,5.619461517330848e-06,-8.458812470419287e-06,0.0051828769450386674
25.901,-1.7963160221999912,0.39292286655601594,-1.0075202205820342,-0.01257603173432003,0.017968161331268682,-0.001282703782710188,1027,1,0.050567418876527284,-0.02944765239815115,-0.0022467954565772805,5.343794011511782e-06,-8.479046541782609e-06,0.005182066330977842
25.926,-1.7964660161245223,0.3933143573536628,-1.0075551209360893,-0.0077807263332595475,0.010335762655753053,-0.000899723736287315,1028,1,0.05054726613415968,-0.02946690899565694,-0.002246600118255175,5.18771429011571e-06,-8.415325017939272e-06,0.005182177939630415
25.951,-1.7967050585166542,0.3934396546888036,-1.0075652067688485,-0.007905531991663104,0.004269839762162048,-0.0005440274159074144,1029,1,0.050521951104642186,-0.029441747409433977,-0.0022463907532613864,4.951087695280135e-06,-8.566569593813622e-06,0.005181072242104102
25.976,-1.7968612927241054,0.39352784934177093,-1.0075823223068847,-0.0032369006157439524,0.0037612605880409954,-0.000459164312722742,1030,1,0.050506514444630043,-0.02943226416421247,-0.002246555929420933,4.613009048658423e-06,-8.681526122787567e-06,0.005179827919220137
26.001,-1.7968669035474414,0.39362771771820565,-1.007588164984485,0.0012576470119851457,0.0023178559243896783,-0.00041821737639224324,1031,1,0.050494785948171965,-0.029451970841965304,-0.0022469113432229317,4.4279092558241535e-06,-8.794874654576301e-06,0.005178999902794949
26.026,-1.7967984103735062,0.3936437421379904,-1.007603233175704,0.0010575819532033283,0.002609083791477322,-0.00031429829496334007,1032,1,0.05047411327813452,-0.0294726819073786,-0.0022480905042922173,4.189200562454898e-06,-8.86978521092102e-06,0.005177616425865353
26.051,-1.7968140244497812,0.3937581719077795,-1.0076038798992333,0.0004629053149685026,-0.00140697013597755,-4.617653076799334e-05,1033,1,0.05048893953706684,-0.029488034638396592,-0.0022499024643578046,3.938213954150599e-06,-8.795962576508792e-06,0.005176067138746445
26.076,-1.7967752651077578,0.39357339363119154,-1.0076055420022425,-0.0028134219557340457,-0.005238251220176441,-0.0005518924782954493,1034,1,0.05045103954635163,-0.029478157019191435,-0.0022521897693758373,3.6210739204153733e-06,-9.079319129846813e-06,0.005174294169198142
26.101,-1.796954695547568,0.3934962593467707,-1.0076314745231483,-0.0058965033788637424,-0.005401732703661433,-0.0004974608220642481,1035,1,0.050462689679964784,-0.029445361688528845,-0.0022547725979253975,3.362264002736149e-06,-9.249797990805507e-06,0.005173416041897945
26.126,-1.797070090276701,0.39330330699600846,-1.0076304150433457,-0.007222445908800954,-0.00044967140675477495,-0.0004777906857533697,1036,1,0.05044869950467557,-0.02941787391361134,-0.0022575388676478584,3.0461565622648608e-06,-9.377664205754843e-06,0.00517126363469522
26.151,-1.797315817843008,0.39347377577643294,-1.0076553640574357,-0.01189681688634604,0.004225945069140887,-0.0008391323882861934,1037,1,0.050511475437417755,-0.029411816607112336,-0.0022602460842311165,3.047729712359747e-06,-9.320252314070313e-06,0.005170243354651822
26.176,-1.7976649311210182,0.3935146042494655,-1.00767237166276,-0.011281617265144046,0.0010520873573960216,-0.0003948619747351444,1038,1,0.05055478563788101,-0.029377547020563638,-0.002262822911815148,3.1837637440809654e-06,-9.411729179358777e-06,0.005169160969421053
26.201,-1.7978798987062652,0.39352638014430275,-1.0076751071561725,-0.00376329109089907,-0.0007302774457329415,-4.594272176916482e-05,1039,1,0.050573276822138656,-0.029369190140716046,-0.002265028811082406,3.5128710102279217e-06,-9.708774265651152e-06,0.005167246026087767
26.226,-1.7978530956755632,0.39347809037717885,-1.0076746687988485,0.0006765792202179003,-0.0005446549867593665,1.0184917238475888e-05,1040,1,0.05055414958037263,-0.029395448213890084,-0.0022666807343602303,3.902479185003918e-06,-1.0240956773319456e-05,0.005165667770545278
26.251,-1.7978460697452543,0.3934991473949648,-1.0076745979103106,-0.0015791483746507627,-0.00025019558534511075,0.00039821286224039345,1041,1,0.05055216730931444,-0.029420530316389876,-0.0022679532965330083,4.195043682423007e-06,-1.0459094807590316e-05,0.005163653683996795
26.276,-1.7979320530942957,0.3934655805979116,-1.0076547581557365,-0.0013651591026820563,-0.0018204484404661305,9.287985363926583e-05,1042,1,0.050552381028658284,-0.029418951838838695,-0.0022689544549690105,4.202927528548743e-06,-1.0667355731992011e-05,0.005161346660066745
26.301,-1.7979143277003884,0.3934081249729415,-1.0076699539176286,0.0015701085148256187,-0.004538740567830926,-0.00033867934362774094,1043,1,0.05053965734504807,-0.029429471497793215,-0.0022696896428363294,4.167788242250944e-06,-1.0904931905559742e-05,0.005159756043341079
26.326,-1.7978535476685544,0.39323864356952004,-1.0076716921229176,-0.0017134088575065688,-0.001544061122334939,-0.00033483225272412176,1044,1,0.05050664967389582,-0.029432077677533895,-0.0022699993636840147,3.984545429726624e-06,-1.1124250897080036e-05,0.005157294725775864
26.351,-1.7979999981432637,0.3933309219168247,-1.0076866955302648,-0.004054842076102126,-0.0022528926734776923,-9.672585600028901e-05,1045,1,0.05054289411687203,-0.02942502084055246,-0.002269886109531394,3.518382033613251e-06,-1.0886224722265135e-05,0.005156216734543925
26.376,-1.7980562897723595,0.39312599893584615,-1.0076765284157179,-0.005573062337713629,-0.0009511361790359583,0.0019893990856089945,1046,1,0.05051445465363976,-0.029401792674930493,-0.002269387595447376,3.09446880920886e-06,-1.0650111729221154e-05,0.005153740922728836
26.401,-1.7982786512601494,0.39328336510787293,-1.0075872255759843,-0.003255169306255653,0.00784851955680388,0.01241612146124353,1047,1,0.050567450746282855,-0.029389093503564535,-0.0022688852262137444,2.79486237718826e-06,-1.0315228277552337e-05,0.005152720228999671
26.426,-1.7982190482376723,0.3935184249136863,-1.0070557223426557,0.012366691932665754,0.008430860909688245,0.036617811347152175,1048,1,0.05060522172175177,-0.029414226915589908,-0.0022685219988286412,2.7541287990428637e-06,-1.0005873413427918e-05,0.005151533111432836
26.451,-1.7976603166635161,0.39370490815335735,-1.005756335008627,0.027322263908495403,0.007872659510850144,0.07289211152325843,1049,1,0.05060855242617299,-0.029453063503458107,-0.0022684326820108405,2.8729380162465915e-06,-9.652095332278533e-06,0.005150217852834341
26.476,-1.7968529350422475,0.39391205788922884,-1.0034111167664925,0.07089050817022167,0.0028484112735149432,0.12015582867338111,1050,1,0.0506538541898684,-0.02940622050981312,-0.0022686511452266233,2.8350562263789625e-06,-9.311181669664858e-06,0.005148912875788624
26.501,-1.794115791255005,0.3938473287170331,-0.9997485435749577,0.1344105045745206,0.00747011900343309,0.17586117302417853,1051,1,0.05055415138069873,-0.029453336318418614,-0.0022691462557572154,3.2036570284760955e-06,-9.360250278797765e-06,0.005146951436266267
26.526,-1.7901324098135214,0.3942855638394005,-0.9946180581152836,0.1971673241230999,0.021098545555715643,0.23891523365653392,1052,1,0.050565564542156875,-0.029480512941754963,-0.0022694864524341845,3.5463783983430156e-06,-8.933292712290918e-06,0.005146670824572161
26.551,-1.7842574250488505,0.3949022559948188,-0.9878027818921319,0.2826713490523196,0.027247567269585604,0.3093846262458167,1053,1,0.050589644179127584,-0.02949199359205396,-0.002269764627970602,3.88493430265569e-06,-8.568198311793041e-06,0.005146204827924067
26.576,-1.7759988423609052,0.3956479422028798,-0.9791488268029926,0.3775630043148172,0.03682172987563851,0.3846263686050956,1054,1,0.050598743746200256,-0.029501077435532003,-0.0022699686050906115,4.279506243885207e-06,-8.296079762210786e-06,0.005145697407898595
26.601,-1.7653792748331094,0.39674334248860077,-0.9685714634618766,0.4839056045798682,0.04284817767962795,0.4630791697822923,1055,1,0.050654961640019584,-0.02948699212641942,-0.002270003608200943,4.414338972457247e-06,-7.986237439759992e-06,0.005146135233184028
26.626,-1.7518035621319115,0.3977903510868612,-0.9559948683138778,0.5999482446925878,0.04806791881023219,0.5443087815081793,1056,1,0.05063822764646159,-0.029482078063148325,-0.0022700856198070076,4.587235653097781e-06,-7.892388368714051e-06,0.005146600348355463
26.651,-1.7353818625984796,0.3991467384291124,-0.9413560243864673,0.7086389063576307,0.06082996772927575,0.6271825783140806,1057,1,0.05062400213315396,-0.029515341619115947,-0.002270214117626456,4.662706326970973e-06,-7.951115301347575e-06,0.005146939105747986
26.676,-1.716371616814032,0.40083184947332484,-0.9246357393981758,0.8116215170425596,0.06526364489114496,0.710710106540534,1058,1,0.050635334568407825,-0.029552481290329453,-0.002270200209579654,4.916910636779508e-06,-8.027008723421922e-06,0.005148055966597611
26.701,-1.694800786746351,0.4024099206736697,-0.9058205190594402,0.9131621829777362,0.06598948025659762,0.7931948520487684,1059,1,0.05059531862223265,-0.02955337963599069,-0.0022702173054167446,4.913682535026675e-06,-8.272630630731823e-06,0.005149287852357868
26.726,-1.6707135076651445,0.40413132348615477,-0.8849759967957369,1.0102455231028429,0.07390032322921575,0.8740605917436337,1060,1,0.05055179096166036,-0.029554004382578256,-0.002270229448096609,4.793452915565928e-06,-8.68691960285416e-06,0.005150988931732124
26.751,-1.6442885105912082,0.40610493683513055,-0.8621174894722577,1.1021119218076534,0.07756884974139179,0.9527704950739533,1061,1,0.050534953162277726,-0.02954729678263809,-0.0022701407797640735,4.799987562691308e-06,-8.916117009433236e-06,0.005151950793275426
26.776,-1.615607911574761,0.4080097659732244,-0.8373374720420388,1.1924102057015384,0.08319750494491103,1.0281559457308604,1062,1,0.050493477804847885,-0.02949533730914295,-0.0022697928916021364,4.779182263735721e-06,-9.17097666752417e-06,0.005153368489404882
26.801,-1.5846680003061346,0.41026481208237586,-0.8107096921857179,1.2893886232273115,0.09901223832163268,1.099459719508682,1063,1,0.05048970764806799,-0.029460851820398957,-0.0022693516293162343,4.7448982833061625e-06,-9.372987959266288e-06,0.0051546508307681125
26.826,-1.5511384804133945,0.4129603778893061,-0.782364486066604,1.3792139631240135,0.1074260258636113,1.166461651656202,1064,1,0.05048770097255451,-0.02951399752278418,-0.00226906818672656,4.991376430504876e-06,-9.559016091002182e-06,0.005156506236411107
26.851,-1.515707302149933,0.4156361133755565,-0.7523866096029069,1.462568527522198,0.11492066649106017,1.228072357002015,1065,1,0.05048919157543486,-0.02949218976737024,-0.002269070527078718,5.016148430938239e-06,-9.84296847743472e-06,0.005156991645808443
26.876,-1.4780100540372836,0.4187064112138592,-0.7209608682165024,1.5450066615420213,0.12255592888457172,1.2833474498022919,1066,1,0.050510139738722856,-0.029519300174740738,-0.0022694435032932945,5.172401041153021e-06,-1.0133713019241102e-05,0.0051587748700915054
26.901,-1.4384569690728308,0.4217639098197852,-0.6882192371127914,1.623938100868373,0.12734922280711106,1.332733578046912,1067,1,0.05053071924138194,-0.029485545272902487,-0.002270060338367819,5.074656536157811e-06,-1.0360954522952594e-05,0.005159609523211205
26.926,-1.3968131489938695,0.4250738723542144,-0.6543241893141607,1.7061406150340488,0.13517081778667647,1.37487142266904,1068,1,0.050555138441347514,-0.029477501061517874,-0.0022709205960067206,5.167461733444126e-06,-1.0741343409971584e-05,0.00516121426404811
26.951,-1.3531499383211272,0.4285224507091191,-0.6194756659793386,1.7815450301708249,0.14472304449061463,1.4097313549551038,1069,1,0.050568481411309825,-0.029473640110409684,-0.0022717561076593742,5.3017258515795495e-06,-1.0988488668049284e-05,0.005163238097766174
26.976,-1.307735897485327,0.43231002457874523,-0.5838376215664043,1.8616710812108475,0.14629910847795427,1.437966788074065,1070,1,0.05062997679825858,-0.029469818435227675,-0.0022724338418513633,5.20431702906619e-06,-1.0973616819972035e-05,0.005166005027162256
27.001,-1.2600663842605835,0.4358374061330169,-0.5475773265756345,1.9383524882247274,0.15013751791295835,1.4584608630035827,1071,1,0.050576653990853405,-0.029461230947839374,-0.002273394809009998,5.183534356078769e-06,-1.1514426814824083e-05,0.005169180931467196
27.026,-1.2108182730740893,0.43981690047439326,-0.5109145784162242,2.0118292464622725,0.15920652414255904,1.4709079748820513,1072,1,0.050608521117649415,-0.02946121657013277,-0.00227446795682854,5.18657991308624e-06,-1.1817301108645737e-05,0.005171895149894814
27.051,-1.1594749219374756,0.4437977323401444,-0.4740319278315361,2.0873048135667074,0.1647585550478713,1.4753985005501016,1073,1,0.05057382499640414,-0.02947930362188789,-0.0022758402452869335,5.364622815158328e-06,-1.220360315859797e-05,0.005174459434090333
27.076,-1.1064530323957524,0.44805482822678694,-0.4371446533887182,2.1560314885280722,0.17375088462356666,1.4718836423336925,1074,1,0.05057117156240569,-0.029504432916712887,-0.0022772354410708706,5.6301007042759325e-06,-1.2376124689957988e-05,0.005176714056614959
27.101,-1.0516733475110704,0.45248527657132287,-0.40043774571485047,2.2206407211048313,0.18292242722770596,1.460587777365318,1075,1,0.05056367109941547,-0.029537874842383408,-0.002278361052159942,5.81065071966792e-06,-1.24304236772109e-05,0.005179611638381189
27.126,-0.9954209963405093,0.45720094958817237,-0.3641152645204513,2.257675577264177,0.1835917890459567,1.4415963218551715,1076,1,0.05057508662851267,-0.029591344023677225,-0.0022791710846353807,5.953187785579635e-06,-1.2616848076212407e-05,0.005182770733297653
27.151,-0.93878956864786,0.46166486602362083,-0.32835792962209076,2.251278539919498,0.1772590337852454,1.414922702432078,1077,1,0.05056513306305664,-0.02958224916350289,-0.0022796311058852934,5.876758846793791e-06,-1.2978099923662027e-05,0.005184889189803108
27.176,-0.8828570693445408,0.46606390127743413,-0.29336912939885157,2.185301844179064,0.17206878815034998,1.3805061098999776,1078,1,0.05054466340815247,-0.02958118839291458,-0.00227993741397178,5.751887127763637e-06,-1.3228042762416137e-05,0.0051871660584229635
27.201,-0.8295244764389053,0.47026830543113846,-0.2593326241270909,2.0748915677822506,0.1629212638638954,1.338870519446472,1079,1,0.050574944670278274,-0.02955185763891248,-0.0022800691830288165,5.410012638938158e-06,-1.337019869468323e-05,0.005190002542878992
27.226,-0.7791124909554268,0.474209964470629,-0.22642560342652704,1.943801916532212,0.1520630871258722,1.2908030230650873,1080,1,0.050602236993307105,-0.029521645675817904,-0.0022802841257355,4.987590823864487e-06,-1.331697493010286e-05,0.00519334735706071
27.251,-0.7323343806122933,0.4778714597874322,-0.19479247297383548,1.8000055417547534,0.14117007490210187,1.2363580489413464,1081,1,0.05064130851508958,-0.029488482997760572,-0.0022809484927751966,4.62459583309235e-06,-1.307879885955904e-05,0.005195982522378059
27.276,-0.6891122138676878,0.4812684682157342,-0.16460770097945887,1.6696656450889507,0.13221481739147142,1.1757848270207962,1082,1,0.05069265771427561,-0.02945482365618005,-0.0022819609706774885,4.2296037352866e-06,-1.2597941698035555e-05,0.00519869382845289
27.301,-0.6488510983578505,0.48448220065700537,-0.13600323162279887,1.5513875354812325,0.12323025880391184,1.1101516467930514,1083,1,0.050732739208821105,-0.029438951625335573,-0.0022832957717420486,4.091584849085034e-06,-1.232539172302324e-05,0.005200914228396032
27.326,-0.6115428370936251,0.4874299811559299,-0.10910011863980568,1.4288392473835885,0.11354029089994339,1.0397262932040026,1084,1,0.05075271153320063,-0.029425992338075316,-0.002284929996207684,4.032718798201564e-06,-1.2142064142763952e-05,0.005202883946477323
27.351,-0.57740913598867,0.4901592152020026,-0.08401691696259794,1.3030750804760765,0.10559875204664243,0.9653324966540784,1085,1,0.050783942724061275,-0.02941655036758533,-0.0022869440957612682,4.042188956883387e-06,-1.2127612314465434e-05,0.005204684167044133
27.376,-0.5463890830698204,0.4927099187582621,-0.060833493807100965,1.1752512164143714,0.09457326611314353,0.8869499386813346,1086,1,0.05079153233426395,-0.029430042303778416,-0.0022892657113755487,3.9413339977354095e-06,-1.2128482352285475e-05,0.0052062127085545995
27.401,-0.5186465751679507,0.49488787850765986,-0.03966942002853036,1.0514505290517604,0.08106311502843927,0.8064111446048919,1087,1,0.05080548101858459,-0.02941805542258785,-0.0022918684898864815,3.781316182363152e-06,-1.215210185674403e-05,0.005208386183761161
27.426,-0.49381655661723534,0.4967630745096838,-0.02051293657685882,0.9293484018171684,0.06956331799600103,0.7242544271935788,1088,1,0.05078097445300294,-0.029405989274947846,-0.0022946436674774603,3.69156173882234e-06,-1.2074573604446668e-05,0.005208482255148585
27.451,-0.4721791550770916,0.49836604440745996,-0.003456698668850727,0.8055822412064836,0.06302460009206111,0.6405445231595939,1089,1,0.0507827799260474,-0.029386621601212016,-0.002296990795715615,3.5038611425204953e-06,-1.2217301337245247e-05,0.00520942667091891
27.476,-0.4535374445569106,0.4999143045142869,0.011514289581121393,0.6916161090402907,0.05622964352465263,0.5581630762305166,1090,1,0.05077389050695551,-0.029408546059384415,-0.0022990141498289217,3.583262245374359e-06,-1.239920452347552e-05,0.005210543935477262
27.501,-0.43759834962507654,0.5011775265836926,0.024451455142675632,0.566696682985964,0.044991177890064044,0.47720146586019074,1091,1,0.0506890600413954,-0.029429210007802402,-0.0023010830533838427,3.4372655769691744e-06,-1.2623519606641696e-05,0.005209462915735744
27.526,-0.425202610407612,0.5021638634087902,0.03537436287413125,0.4331208727017257,0.0369698045748511,0.3972130835861036,1092,1,0.05069736843921567,-0.029430908353804002,-0.0023036633564136265,3.0667426961654714e-06,-1.2395860827759143e-05,0.005209154417127808
27.551,-0.4159423059899915,0.5030260168124351,0.044312109321979785,0.31376959750642697,0.024290010925995465,0.320798064083223,1093,1,0.050731343783410286,-0.029450025154239813,-0.002306251731262778,2.874502123250591e-06,-1.2065855718976546e-05,0.005210088840570493
27.576,-0.4095141305322904,0.50337836395509,0.05141426607829255,0.20102865745592438,0.015501254198544203,0.25018360924355143,1094,1,0.05072647754293532,-0.02941590367533314,-0.0023088108413457276,2.7532947238019145e-06,-1.1958331285329626e-05,0.005209326077797412
27.601,-0.40589087311719513,0.5038010795223623,0.056821289784157666,0.08897999753288406,0.01412241655112536,0.18545513295616892,1095,1,0.05068986546242191,-0.029445576983157275,-0.002311324622678608,2.8456030035151975e-06,-1.211755462768331e-05,0.005207881125593038
27.626,-0.40506513065564614,0.5040844847826462,0.06068702272610109,-0.006375392684259039,-0.0029378327184370195,0.12893152741491315,1096,1,0.05067057954174874,-0.02948493292367971,-0.002313697032540554,2.9654221123746124e-06,-1.212046748750207e-05,0.005206658076976599
27.651,-0.4062096427514081,0.5036541878864405,0.06326786615490324,-0.07243262321306311,-0.011277730337902556,0.08045727730415134,1097,1,0.050671492648657515,-0.029413514690305786,-0.0023154634896719786,2.8376577202048997e-06,-1.204824460545315e-05,0.005202251178712432
27.676,-0.4086867618162991,0.5035205982657511,0.06470988659130843,-0.13191908777392103,-0.010814349445622385,0.041393799723845014,1098,1,0.05063731964234126,-0.029429794997942158,-0.0023164979497544576,3.182345621045569e-06,-1.20368167357104e-05,0.005202229071233642
27.701,-0.41280559714010423,0.5031134704141593,0.0653375561410954,-0.18001756712136852,-0.017847742135719016,0.015251437827909836,1099,1,0.05068132391297835,-0.029414763126348557,-0.002317468231817232,3.354312439855214e-06,-1.1699644036857818e-05,0.005201564445175716
27.726,-0.41768764017236765,0.5026282111589652,0.0654724584827041,-0.20281972572252105,-0.02135703326161723,0.004023037161520136,1100,1,0.05066129676152153,-0.029402359873387688,-0.0023180878152314227,3.8206129273002235e-06,-1.1606580076308604e-05,0.005201479492260474
27.751,-0.4229465834262304,0.5020456187510784,0.0655387079991715,-0.21404175665501596,-0.017801392500891047,0.022172360227345717,1101,1,0.05062341431224802,-0.02938115032544286,-0.0023183441374775926,4.191169662588495e-06,-1.1368688039783849e-05,0.00519994645216572
27.776,-0.4283897280051186,0.5017381415339206,0.06658107649407136,-0.20056040902945024,-0.009976448878366585,0.08855052567504244,1102,1,0.05063653589909307,-0.029405337000186677,-0.00231840892175732,4.801729977205489e-06,-1.1135331312549823e-05,0.005200154975770005
27.801,-0.43297460387770237,0.5015467963071601,0.0699662342829232,-0.17119097704181274,0.008990474535488385,0.20259169182263714,1103,1,0.05060302693557554,-0.029382100806514343,-0.002317939257875504,5.209474950145661e-06,-1.1100221985901058e-05,0.005198194070643201
27.826,-0.43694927685720936,0.502187665260695,0.07671066108520315,-0.13084667787237528,0.05503861643075513,0.3536726370990578,1104,1,0.050626697170308606,-0.029373491409380895,-0.0023172602258237345,5.646310624450552e-06,-1.085891164514924e-05,0.005197452485624604
27.851,-0.4395169377713212,0.5042987271286979,0.08764986613787654,-0.07841265170572265,0.12385098180901323,0.534944370504499,1105,1,0.05060004375683508,-0.029379114683203335,-0.0023167641308927634,6.120070273384775e-06,-1.0575008886521667e-05,0.005198571514837212
27.876,-0.44086990944249554,0.5083802143511458,0.10345787961042861,-0.03328449124588914,0.20851046130169562,0.7369788903153103,1106,1,0.050587379614196404,-0.02939853366847578,-0.002316469672185641,6.284102376787072e-06,-1.0491883284613677e-05,0.005198609015354311
27.901,-0.4411811623336157,0.5147242501937829,0.12449881065364239,0.01275060550102031,0.30660231955169837,0.9515405447824773,1107,1,0.05061874093741004,-0.02940669394612914,-0.0023161695035601804,6.473237144535294e-06,-1.0390844954097547e-05,0.005200163736247912
27.926,-0.44023237916744457,0.5237103303287298,0.15103490684954987,0.05874979255863361,0.4123582310416015,1.1729318995000704,1108,1,0.050632211348925586,-0.029419383631059136,-0.0023157689551021386,6.793557163719989e-06,-1.0155646294547754e-05,0.005203646279100211
27.951,-0.438243672705684,0.5353421617458632,0.1831454056286466,0.10214177885208363,0.5172200409305565,1.3936941535732108,1109,1,0.050639352757023894,-0.02944635213175394,-0.0023153035997227037,6.947914254641497e-06,-9.98345911290706e-06,0.005205343732244562
27.976,-0.4351252902248403,0.549571332375258,0.22071961452821134,0.1389770666399284,0.6185020297543465,1.607801163491555,1110,1,0.050608045094504124,-0.029468609562647255,-0.002315009353193971,7.11758193597356e-06,-1.0084290787221703e-05,0.005207605093632173
28.001,-0.43129481937368747,0.566267263233581,0.2635354638032257,0.16809373629872654,0.7163195988829272,1.8101460928893873,1111,1,0.050608269905697924,-0.02947726940647847,-0.0023148612756648513,7.0008035169127665e-06,-9.98004902077508e-06,0.005210642243719003
28.026,-0.42672060340990386,0.5853873123194049,0.3112269191726819,0.200292454035417,0.8135590621592211,1.9952875503264058,1112,1,0.050620779334400456,-0.02947531776586227,-0.0023149157111927716,6.899208743351396e-06,-9.896601666287645e-06,0.005214162361648979
28.051,-0.4212801966719172,0.6069452163415398,0.36329984131954046,0.23419384906395946,0.9122630683497283,2.160202577544204,1113,1,0.05061245147446514,-0.029473264479348806,-0.002314884269377795,6.830358358018728e-06,-9.811898219665533e-06,0.005218843731800671
28.076,-0.4150109109567057,0.631000465736892,0.41923704804989365,0.2615834003966851,1.0087179543816116,2.301422448645625,1114,1,0.05058419914733318,-0.02949200579920006,-0.002314500936741573,7.144797708823227e-06,-9.564270942329682e-06,0.005223306715521768
28.101,-0.40820102665208274,0.657381114060621,0.4783709637518235,0.2881032281263888,1.0958431369942168,2.4151553727425337,1115,1,0.050589804100658664,-0.02951536750280465,-0.0023133147528911495,7.3466861979070885e-06,-9.163190412692397e-06,0.005228286012042234
28.126,-0.4006057495503861,0.6857926225866036,0.5399948166870222,0.3118179731337012,1.1810783031484449,2.4998602895250865,1116,1,0.05058394767160215,-0.029490972914864043,-0.0023115506695977864,7.272663917010309e-06,-8.960355808350023e-06,0.005232964458035909
28.151,-0.39261012799539746,0.7164350292180441,0.6033639782280796,0.3342256253560961,1.26608615234003,2.553818010451184,1117,1,0.050622234260071536,-0.029486073486674164,-0.0023094496985947375,7.4109644282256885e-06,-8.61301166652034e-06,0.005238312017537124
28.176,-0.3838944682825822,0.7490969302036015,0.6676857172095741,0.3600542345804718,1.3509045949123286,2.5757630415225554,1118,1,0.050635027383758795,-0.029474930483105313,-0.0023071933222468016,7.492637640533092e-06,-8.348152510108689e-06,0.0052437903968346805
28.201,-0.3746074162663736,0.7839802589636615,0.732152130304209,0.3842810495976391,1.4314880867706599,2.5658952479481103,1119,1,0.05064535283014986,-0.029493043700289504,-0.002305164582482753,7.71256624134726e-06,-8.276216238712032e-06,0.005249884843178605
28.226,-0.3646804158027,0.8206713345421355,0.7959804796069814,0.40295510782534555,1.487924846721208,2.524002468109687,1120,1,0.0506561444800405,-0.029472155926807783,-0.002303509091341184,7.816632115834512e-06,-8.397251197898865e-06,0.005255688716853545
28.251,-0.35445966087510605,0.858376501299723,0.858352253709695,0.40360351922038334,1.4878000411490222,2.450260228407882,1121,1,0.05064447798746015,-0.029483069923357464,-0.0023021402816025644,8.026619006365067e-06,-8.51194155080004e-06,0.005261464665665947
28.276,-0.34450023984168054,0.8950613365995876,0.9184934910273772,0.383711608391681,1.4392236315488245,2.3467575094396143,1122,1,0.050656826303731695,-0.02946690867339994,-0.0023007846774421303,8.146659536166476e-06,-8.430578004849558e-06,0.005266753016078655
28.301,-0.3352740804555231,0.9303376828771601,0.9756901291816691,0.37402516801576824,1.3658063035036945,2.215520394956427,1123,1,0.05069980323018906,-0.029507690812058222,-0.002299533482538029,8.293976656468991e-06,-8.211516976535741e-06,0.005270746629900792
28.326,-0.32579898144089187,0.9633516517747733,1.0292695107752001,0.35195459310712385,1.2693783445308113,2.0594869284785107,1124,1,0.050647557244592356,-0.029421520573162344,-0.0022983489947494564,8.091360572963654e-06,-8.491350288169665e-06,0.0052752097011773144
28.351,-0.31767635080016665,0.9938066001037016,1.078664475605596,0.3101659347713693,1.147080447820909,1.8808585262281508,1125,1,0.05064210495328171,-0.02945764512427224,-0.002297167390489353,8.347991488761933e-06,-8.485687385032723e-06,0.0052787603299059615
28.376,-0.3102906847023232,1.0207056741658196,1.123312437086609,0.274699118361848,1.0072721862190583,1.6843553705777952,1126,1,0.05063619116898141,-0.029436471927568757,-0.0022958701919151637,8.43423634996027e-06,-8.569414904561875e-06,0.005282784360923908
28.401,-0.30394139488207406,1.0441702094146552,1.1628822441344873,0.22916134468679097,0.8677051129848672,1.4742842249407444,1127,1,0.05063229820423337,-0.02943608241585012,-0.00229468266010909,8.52571755774096e-06,-8.580155913556807e-06,0.0052844086275861705
28.426,-0.2988326174679843,1.0640909298150605,1.197026648333642,0.19081672594667815,0.7274758507208053,1.2559588323730608,1128,1,0.05066871764297292,-0.02946641241128693,-0.0022938766195435157,8.480504357451126e-06,-8.487687389545866e-06,0.005286738876201275
28.451,-0.29440055858474,1.080544001950696,1.225680185753141,0.162293232488011,0.5911797507073628,1.034402637173407,1129,1,0.05067643678210864,-0.02945143516254446,-0.002293501545816264,8.354785620268841e-06,-8.563825851686812e-06,0.005285985492991878
28.476,-0.2907179558435836,1.093649917350429,1.248746780192313,0.12901527898919113,0.4623266657508319,0.8153069787064267,1130,1,0.05067038215209065,-0.029414077597309712,-0.002293532891467374,8.11739338244596e-06,-8.652567439055836e-06,0.005286794412844595
28.501,-0.28794979463528037,1.103660335238238,1.2664455346884629,0.09372789983702479,0.33214191934337806,0.6077335456733215,1131,1,0.0506468952501501,-0.02940180610064309,-0.0022939300702061677,8.054779667134376e-06,-8.687123113110748e-06,0.005288042897563596
28.526,-0.2860315608517323,1.1102570133175982,1.2791334574759798,0.05922215551691371,0.20332928706507758,0.4176649842855411,1132,1,0.05066503479958725,-0.029368378415500152,-0.0022946054714245235,7.664038141554071e-06,-8.531151639062132e-06,0.005288201260285279
28.551,-0.28498868685943485,1.1138267995914912,1.2873287839027387,0.026319100799406428,0.08461173650938893,0.25375381798746405,1133,1,0.050676337369548914,-0.029353863506042042,-0.0022954835338561317,7.276457091230897e-06,-8.289167380384999e-06,0.005289656732508355
28.576,-0.284715605811762,1.1144876001430677,1.2918211483753532,-0.006430178105719573,-0.036507213508700266,0.12511746418274505,1134,1,0.05066606829410647,-0.02934512333324302,-0.0022965701147824855,7.052480762418569e-06,-8.284257204587553e-06,0.005289562560786139
28.601,-0.28531019576472083,1.1120014389160562,1.2935846571118763,-0.03911213541716918,-0.14686427421593665,0.0395220823061132,1135,1,0.050712435431395746,-0.02933477296054548,-0.002297730901849273,7.020888953321138e-06,-8.085510080801048e-06,0.005288616268344141
28.626,-0.28667121258262046,1.1071443864322708,1.293797252490659,-0.06158012713680795,-0.22069423716357803,-0.0009733996157379327,1136,1,0.05077105472447177,-0.0293473221287253,-0.002298952577755584,7.1511657411458095e-06,-7.954257173582101e-06,0.0052909291429705544
28.651,-0.28838920212156127,1.1009667270578771,1.2935359871310896,-0.0725917171503462,-0.26572504190076796,-0.03616154979504166,1137,1,0.05076546583177892,-0.029366568147122005,-0.002300272496112008,7.494478616718809e-06,-7.806863180539e-06,0.005290038648067811
28.676,-0.29030079844013756,1.0938581343372331,1.291989175000907,-0.07043494809378947,-0.28582441512112794,-0.10954530856004241,1138,1,0.05076432811668009,-0.029391141886559932,-0.002301879257511072,7.826545018276225e-06,-7.80124166220084e-06,0.005289584587913084
28.701,-0.2919109495262508,1.0866755063018205,1.2880587217030877,-0.042627357858459565,-0.28022062531393876,-0.22456410169085964,1139,1,0.05070757354809624,-0.029428759256810298,-0.002303955182428343,8.305203242347257e-06,-7.906031692359036e-06,0.005288271513216299
28.726,-0.2924321663330606,1.079847103071536,1.280760969916364,0.011698772348812503,-0.25191582330535844,-0.37216367082759133,1140,1,0.05069087327113013,-0.029436458941585038,-0.0023063025523446233,8.563532431593756e-06,-7.865610692197646e-06,0.005287212721577307
28.751,-0.29132601090881016,1.0740797151365524,1.2694505381617078,0.09538714527747547,-0.20362051135078096,-0.5447822136860048,1141,1,0.0506827793693177,-0.02946621382894405,-0.002308885257262968,8.796334749395914e-06,-7.79122087807447e-06,0.005283388176049707
28.776,-0.28766280906918673,1.0696660775039968,1.2535218592320632,0.19798974996762767,-0.1534236959814715,-0.7368362295000949,1142,1,0.050660837677841464,-0.029467370509793037,-0.002311693939822326,8.92059006969496e-06,-7.686887849120345e-06,0.005279485430782578
28.801,-0.28142652341042934,1.0664085303374793,1.2326087266867052,0.3105874650615892,-0.10784389189465962,-0.9405300508953518,1143,1,0.05065852239331941,-0.029491208634689688,-0.002314484333768949,9.003399658855914e-06,-7.629305186760465e-06,0.005275405467936544
28.826,-0.27213343581610705,1.0642738829092637,1.2064953566872947,0.4240139237068969,-0.07894859878865178,-1.1495643481964115,1144,1,0.050605903336642194,-0.029466955053545768,-0.002316941050102322,8.963361770023156e-06,-7.857411858278659e-06,0.005270423203697935
28.851,-0.2602258272250842,1.0624611003980466,1.1751305092768836,0.5315136352956958,-0.0584718611769644,-1.3588633626355657,1145,1,0.05062739728518736,-0.029450436236356316,-0.0023188831765324127,8.759247471085567e-06,-7.91916386042048e-06,0.005263505127851358
28.876,-0.24555775405132188,1.0613502898504155,1.1385521885555154,0.6355363027976195,-0.03855674373548668,-1.5640512349534097,1146,1,0.05060264307023825,-0.0294384748477834,-0.002320327976414116,8.58053049348743e-06,-7.99995201682565e-06,0.005256075773600478
28.901,-0.22844901208520277,1.0605332632112723,1.096927947529212,0.739361832985279,-0.028624883466423185,-1.7602902650105825,1147,1,0.050599500980943075,-0.0294633993810552,-0.0023216705467584715,8.295651610747001e-06,-7.989150530459783e-06,0.005249974199928253
28.926,-0.20858966240206003,1.0599190456770944,1.050537675304991,0.8488918300213584,-0.01875196536531094,-1.9419403922418246,1148,1,0.05059541986343526,-0.029455649455807496,-0.002323021712605971,8.143257620590286e-06,-7.964272149095921e-06,0.0052444122932580346
28.951,-0.18600442058413424,1.0595956649430067,0.9998309279171195,0.9479951907765559,-0.014536681120169497,-2.105729784097378,1149,1,0.050562926979172966,-0.029423479307480703,-0.002324691391733451,7.941290788107624e-06,-8.064297247346275e-06,0.005236332599975372
28.976,-0.16118990286323157,1.059192211621086,0.9452511861001207,1.0374534393499044,-0.011069288143352571,-2.2496603652864735,1150,1,0.050588138797261296,-0.029423848987228662,-0.002326441426909934,7.931932856291082e-06,-8.040070133556705e-06,0.005228338722887703
29.001,-0.1341317486166383,1.059042200535839,0.8873479096527944,1.1354348801036553,-0.003192507119327236,-2.3713500514600323,1151,1,0.050598897957109104,-0.02946112326646368,-0.002328276752697206,8.136032789655573e-06,-8.042603803480505e-06,0.005220469149656497
29.026,-0.10441815885804799,1.0590325862651195,0.8266836835271176,1.2359160438546435,0.0006122477302828237,-2.4675501127231563,1152,1,0.05058154174356517,-0.029445471513362843,-0.002330237784579168,8.157833522625534e-06,-8.1005384301728e-06,0.005211940161823546
29.051,-0.07233594642390963,1.0590728129223532,0.7639704040166435,1.3185692904561033,0.0014771090560738787,-2.5361442791198736,1153,1,0.05056697129392519,-0.029418044007231373,-0.002331924947342352,8.165468707437853e-06,-8.021433202091147e-06,0.005202972212203536
29.076,-0.038489694335241895,1.0591064417179232,0.6998764695711219,1.4026702377993794,0.004003066507753892,-2.5768868451618845,1154,1,0.05060649975255297,-0.02946297835727111,-0.0023330571936225272,8.352079039069842e-06,-7.943988600777961e-06,0.005193570103618607
29.101,-0.002202434533939655,1.059272966247741,0.6351260617585474,1.491135382991075,0.011571103608280899,-2.5888081190462473,1155,1,0.05060366515892545,-0.029459259280664427,-0.0023339992712487307,8.332151840283949e-06,-7.721206658106886e-06,0.005183589099228447
29.126,0.036067074814312906,1.0596849968983373,0.5704360636188077,1.5661926656330531,0.008399846989752704,-2.572473025048393,1156,1,0.05058408045433458,-0.029492571186213776,-0.0023346342222978177,8.429140814166795e-06,-7.543703516093999e-06,0.00517335642659837
29.151,0.07610719874771411,1.0596929585972286,0.506502410506126,1.6239171092977414,0.0057576447033328365,-2.527513666002001,1157,1,0.050640896746869314,-0.029489593997230307,-0.0023346095547024637,8.598953266394103e-06,-7.255374109277675e-06,0.0051644909096497426
29.176,0.11726293027919536,1.059972879133504,0.4440603803187147,1.638065484267839,0.010434884077352565,-2.454025273676788,1158,1,0.05068520775391269,-0.029549151554225276,-0.0023338847474642676,8.864593490991796e-06,-7.275100810149867e-06,0.005155840076084038
29.201,0.15801047296110723,1.0602147028010962,0.38380114682228506,1.5972299014836504,0.014224037082692728,-2.3538375374434595,1159,1,0.050727375991256575,-0.0295901774399765,-0.002332723843178469,8.968168349855847e-06,-7.248899385857773e-06,0.0051461354318616094
29.226,0.197124425353379,1.0606840809876386,0.32636850344654006,1.4987856909263384,0.011690299026691886,-2.229126293812817,1160,1,0.05066824887676148,-0.029590631807069136,-0.002331507394488092,8.924621248891282e-06,-7.36452195646496e-06,0.005136932883504258
29.251,0.23294975750742522,1.0607992177524308,0.2723448321316425,1.3618639877645777,0.0018559281674512553,-2.0815190389504292,1161,1,0.050661571382276234,-0.029558790082399342,-0.00233008296677334,8.956878132734981e-06,-7.368106522913008e-06,0.0051292515513791
29.276,0.26521762474160887,1.0607768773960111,0.2222925514990172,1.2210737580230557,0.0009862303740649232,-1.9141827291237878,1162,1,0.050679118122701775,-0.029529564270199222,-0.002328741444388543,8.837563601057793e-06,-7.32376565612928e-06,0.005120699438802035
29.301,0.29400344540857454,1.060848529271134,0.17663569567545856,1.0796699960077718,0.0006964407743614743,-1.729985992267091,1163,1,0.050662883904404224,-0.029513568759498853,-0.0023277042444772304,8.708037988264957e-06,-7.364786413504313e-06,0.005113161840166466
29.326,0.3192011245419982,1.0608116994347292,0.13579325188566127,0.9342386111987488,-0.002943751344250914,-1.532763207562469,1164,1,0.05064579009570481,-0.029487089063341243,-0.0023269885488435478,8.549663821498149e-06,-7.387002166388523e-06,0.005104672837766851
29.351,0.34071537596851265,1.0607013417039215,0.09999753529733417,0.7915352938616104,-0.00032976555381480455,-1.32731003291238,1165,1,0.05063774023066091,-0.029464341204374737,-0.002326589506303158,8.44421764252116e-06,-7.504414892754691e-06,0.005096394795059403
29.376,0.3587778892350793,1.0607952111570385,0.06942775024004136,0.6514456607521898,0.0012668686481420541,-1.1174029386164648,1166,1,0.05059611817954658,-0.0294752950350397,-0.0023265591013950475,8.474125829976232e-06,-7.941989861338368e-06,0.005090235991405166
29.401,0.3732876590061226,1.0607646851363286,0.04412738836651014,0.5017987143317778,-0.002730802291126699,-0.9085103203620265,1167,1,0.0505809711769042,-0.029473923650755324,-0.002326749727013374,8.481073302857835e-06,-8.11391388573471e-06,0.005084746278458458
29.426,0.38386782495166677,1.0606586710424821,0.024002234221942788,0.371493442770883,-0.005221188908444066,-0.7061489862183279,1168,1,0.05066335724830846,-0.02949055737626708,-0.002327234617672476,8.622964323237983e-06,-7.956411126541087e-06,0.005080178982716994
29.451,0.391862331144667,1.0605036256909064,0.008819939055593244,0.25230654874691866,-0.004206959617123414,-0.5162639767468329,1169,1,0.05061459950607796,-0.029464174555861332,-0.002328251890768397,8.308425808171828e-06,-8.087285604738316e-06,0.005074763130289965
29.476,0.3964831523890129,1.060448323061626,-0.0018109646153991194,0.11880349967455403,-0.0035724337825859312,-0.3457796293646837,1170,1,0.05059556417317409,-0.029467935869143744,-0.0023294881813396714,8.128289564655832e-06,-8.09988578918627e-06,0.0050696970717628706
29.501,0.3978025061283948,1.060325004001777,-0.008469042412641382,-0.00594029803488652,-0.0018901964453954265,-0.2029681968755852,1171,1,0.050610939943244476,-0.029466038317534513,-0.002330609829254297,7.989375543865842e-06,-8.297276755250812e-06,0.005064625845436325
29.526,0.39618613748726855,1.0603538132393562,-0.011959374459178641,-0.1027579490234823,-0.0009153043786592173,-0.09389080788672823,1172,1,0.050621138233346505,-0.02949087367847004,-0.002331548942008136,7.973885057980106e-06,-8.587064152331108e-06,0.005062240213487019
29.551,0.39266460867722097,1.0602792387828441,-0.01316358280697741,-0.1751854729126609,0.0002883663072505941,-0.026628546972044708,1173,1,0.05061378945176453,-0.0294923873096347,-0.0023324602364557536,7.959765093590858e-06,-8.971831465696769e-06,0.0050595611984207475
29.576,0.3874268638416354,1.0603682315547187,-0.013290801807780748,-0.2371712418793359,-7.85202536857088e-05,-0.0026518500362992703,1174,1,0.05058509414680409,-0.029522448610377495,-0.0023333354627554422,8.067376776038457e-06,-9.479270827496162e-06,0.005057694733604284
29.601,0.380806046583254,1.0602753127701599,-0.013296175308792343,-0.2621728071479608,-0.004362476176673563,-0.0014489758256619261,1175,1,0.05055570921593976,-0.029517720108870635,-0.0023343507427065363,8.259521132875295e-06,-9.908786476687704e-06,0.005055127531277486
29.626,0.37431822348423716,1.060150107745885,-0.013363250599063778,-0.2518251599482988,-0.00724725499125601,-0.0047679658993703845,1176,1,0.05052115320757024,-0.029513413406629174,-0.0023351289112733143,8.409940963170736e-06,-1.0283077196035683e-05,0.005052322257634497
29.651,0.3682147885858389,1.059912950020597,-0.01353457360376091,-0.2068944689259984,-0.009828213541012713,-0.010041765965347909,1177,1,0.05058418391664816,-0.02950681671452783,-0.002335656535511205,8.615292980485075e-06,-1.0426660173186144e-05,0.005049104644272726
29.676,0.3639735000379378,1.0596586970688344,-0.013865338897330938,-0.12758905411832264,-0.020052103658878266,-0.017049731509270784,1178,1,0.05058999598856769,-0.029528055912640582,-0.002335555334059152,8.850055117735395e-06,-1.0664477104650465e-05,0.005046881424758589
29.701,0.36183533587992267,1.0589103448376531,-0.014387060179224583,-0.035149555841426705,-0.03630132837706805,-0.025283774962838373,1179,1,0.050616506172816975,-0.029508429452766154,-0.002334944340723162,8.844645507988726e-06,-1.0715638387079398e-05,0.005043123902262095
29.726,0.36221602224586646,1.057843630649981,-0.015129527645472925,0.0748830351981911,-0.05449567713376269,-0.03426623571060668,1180,1,0.05062723026185445,-0.02950186377833305,-0.0023341411261658396,8.698493186035278e-06,-1.0888910568747378e-05,0.005039436284733106
29.751,0.3655794876398323,1.056185560980965,-0.016100371964755063,0.18518496392446362,-0.07628007526488625,-0.04493556060574491,1181,1,0.050593630789986056,-0.02948181990166959,-0.002333121027194679,8.495999663746805e-06,-1.1058196988967581e-05,0.0050343895086121535
29.776,0.3714752704420898,1.0540296268867366,-0.017376305675760286,0.29239834821557226,-0.0989833205393887,-0.056728799463646624,1182,1,0.05061491238692433,-0.029478828951765,-0.0023320032856584665,8.448601204922659e-06,-1.1038843863731352e-05,0.005031339417247345
29.801,0.38019940505061006,1.0512363949539958,-0.018936811937937347,0.404774434352527,-0.12301070008094153,-0.06881351749247325,1183,1,0.050602681341139294,-0.029475914378436063,-0.002330960828535923,8.311370179197981e-06,-1.1142110384107187e-05,0.005027234611655941
29.826,0.3917139921597164,1.0478790918826895,-0.02081698155038388,0.5016590630431434,-0.14994975160558485,-0.08252222983814998,1184,1,0.05058016131386278,-0.029495185605958114,-0.0023301577750803465,8.196364199331081e-06,-1.1093785964081936e-05,0.005023066305797538
29.851,0.4052823582027676,1.0437389073737164,-0.02306292342984512,0.6084213618322567,-0.18043019395693272,-0.09680502113019825,1185,1,0.05066489363940451,-0.02949141205559925,-0.0023296235183717603,8.020903802458746e-06,-1.0752723170105667e-05,0.005020093864055785
29.876,0.4221350602513297,1.0388575821848427,-0.025657232606893825,0.7257412309528707,-0.20965651557357892,-0.11039520592364858,1186,1,0.05061034490186621,-0.029484959214361325,-0.0023295432697161755,7.884338864884093e-06,-1.0823526977700758e-05,0.005017634156411143
29.901,0.44156941975041164,1.0332560815950373,-0.028582683726027833,0.8221495898982923,-0.23335311360793026,-0.12416012304681519,1187,1,0.05055031384183998,-0.029475923452218746,-0.002329898795881829,7.759807935529754e-06,-1.0878928939849052e-05,0.005013421934161754
29.926,0.46324253974624197,1.0271899265044468,-0.03186523875923427,0.9105308715461039,-0.2592243464267526,-0.13868632737758427,1188,1,0.05053516081719897,-0.029506055417977378,-0.0023306687182094335,7.692108656813205e-06,-1.0808457671000984e-05,0.005009471332347647
29.951,0.4870959633277175,1.0202948642736995,-0.03551700009490704,1.001483430815361,-0.2931361897351395,-0.15319598250298722,1189,1,0.05055593571696488,-0.02950333473649263,-0.002331425640979328,7.729484877126433e-06,-1.038757935885601e-05,0.005006434643908439
29.976,0.5133167112870107,1.0125331170176897,-0.03952503788438355,1.0940691485680254,-0.3187621113868432,-0.16727540399212631,1190,1,0.05056407172625232,-0.02946474393743004,-0.002332003342531098,7.467304893717778e-06,-1.0024610263956105e-05,0.005002844766935343
30.001,0.5417994207561195,1.0043567587043571,-0.04388077029451333,1.1926445982255194,-0.3421023675137387,-0.18091197605570838,1191,1,0.05057279368788198,-0.029470933265127897,-0.002332652122129601,7.290784851959439e-06,-9.785601213011306e-06,0.004999447440932423
30.026,0.5729489411982875,0.9954279986420025,-0.04857063668716894,1.2823092614819593,-0.36869114139136505,-0.1946807424965535,1192,1,0.05049942978120955,-0.029456473542637168,-0.0023339395642867065,6.970314391128294e-06,-9.812133054821067e-06,0.004995478685990125
30.051,0.6059148838302139,0.9859222016347899,-0.05361480741934038,1.3581767621150471,-0.3894626281525493,-0.20785180320649727,1193,1,0.050495694468990986,-0.02944755820941929,-0.0023352882490809412,6.88241419733458e-06,-9.615110676187867e-06,0.0049922650889803084
30.076,0.6408577793040409,0.9759548672343747,-0.058963226847494,1.439965010354682,-0.4108293835256224,-0.22048541183211554,1194,1,0.05051409209713118,-0.029462384390844514,-0.0023364265600369677,6.963761711015302e-06,-9.307986359160143e-06,0.004987837341116043
30.101,0.677913134347949,0.9653807324585085,-0.06463907801094654,1.5252294232407553,-0.43606485843821696,-0.2321373622020906,1195,1,0.05051766005396839,-0.029470624795182462,-0.0023372873808333136,7.265672675648751e-06,-9.191292942385216e-06,0.004983556757051497
30.126,0.7171192504660797,0.9541516243124636,-0.07057009495759851,1.6074371308097606,-0.45942473580429033,-0.24373238511277692,1196,1,0.050493015684790823,-0.029463074199029646,-0.0023379558053433476,7.562380871116475e-06,-8.99553397714861e-06,0.004977865557583338
30.151,0.7582849908884381,0.9424094956682937,-0.07682569726658561,1.6802854490556784,-0.476191146166987,-0.25598790035864416,1197,1,0.05046967707461249,-0.029464077076917724,-0.0023386527552150503,7.766673319672027e-06,-8.924280411355785e-06,0.0049740822035087015
30.176,0.8011335229188589,0.9303420670041156,-0.08336948997553015,1.751987150237881,-0.49468129057882854,-0.266395234654478,1198,1,0.05048899437002596,-0.02950066105710301,-0.002339372107974514,8.243314236398084e-06,-8.879115099622363e-06,0.00497248161291815
30.201,0.8458843484003334,0.9176754311393519,-0.09014545899930977,1.827858231511695,-0.517584245598594,-0.2746665898048889,1199,1,0.050495490847492296,-0.029519064052775438,-0.0023403367801358866,8.817236504638628e-06,-8.779072146207696e-06,0.004969811456126467
30.226,0.8925264344944449,0.9044628547241855,-0.09710281946577484,1.8955185108177572,-0.5397344238334391,-0.28256500128687234,1200,1,0.0504868299604763,-0.029528986677655467,-0.002341707733539256,9.397617265356462e-06,-8.512647089760877e-06,0.004964798493405535
30.251,0.9406602739412226,0.8906887099476796,-0.10427370906365363,1.965476300345784,-0.5606613977824302,-0.29113113015202724,1201,1,0.050525759260252746,-0.02952410890735769,-0.0023434078193741697,9.790546389967155e-06,-8.151383109387408e-06,0.004961614835293524
30.276,0.9908002495117355,0.8764297848350636,-0.11165937597337654,2.039956115481272,-0.5796033368012973,-0.297710885115742,1202,1,0.05050876194441345,-0.029524276481306615,-0.0023452973349107876,1.0139107925974256e-05,-7.956612362229676e-06,0.004960292560260203
30.301,1.0426580797152805,0.8617085431076164,-0.11915925331943994,2.1080448749635163,-0.5989283870161225,-0.30222512424126896,1203,1,0.0504876151350445,-0.02952686441641498,-0.0023470594599261613,1.0472330943560351e-05,-7.926200435541587e-06,0.004957347408576351
30.326,1.0962024932599128,0.8464833654842571,-0.12677063218544,2.1722639970322843,-0.6138317644182535,-0.30551167607534524,1204,1,0.05046014305659576,-0.029523220095933916,-0.00234875464814641,1.0866996749247163e-05,-7.781794561325211e-06,0.004954481267297475
30.351,1.1512712795668962,0.8310169548867032,-0.13443483712320747,2.230463380223617,-0.6306883598436274,-0.3085403260866704,1205,1,0.05045206684091208,-0.02955590965532394,-0.00235047464228843,1.1349894342654256e-05,-7.663237725844165e-06,0.004949511944650444
30.376,1.2077256622710952,0.8149489474920752,-0.14219764848977373,2.2788773428433227,-0.6513590689396339,-0.31093837923785284,1206,1,0.05047209498284614,-0.029553968907616465,-0.0023522433440491632,1.1555684822122635e-05,-7.449305218637764e-06,0.004945470233702689
30.401,1.265215146709064,0.7984490014397211,-0.14998175608510042,2.3434350650850932,-0.6746729060162432,-0.312727923085534,1207,1,0.050572668662386695,-0.029543845915527327,-0.0023536689603158166,1.1731298829811661e-05,-7.033524324406031e-06,0.004940926065605014
30.426,1.3248974155253432,0.781215302191265,-0.15783404464404968,2.4092225740384356,-0.6912696603283144,-0.31265480737411533,1208,1,0.050528570370765906,-0.029495346524216415,-0.002354940012686854,1.182853592703594e-05,-7.271211165788415e-06,0.004939883118781582
30.451,1.3856762754109875,0.7638855184233049,-0.16561449645380652,2.4685177674205243,-0.6999619495882758,-0.31047905622528577,1209,1,0.05055726753569697,-0.02950182576084905,-0.0023555131129053427,1.2027925558019431e-05,-7.372785810307218e-06,0.004934905295482295
30.476,1.4483233038963712,0.7462172047118507,-0.17335799745531405,2.5319645407004194,-0.7194697503330625,-0.3077363352894969,1210,1,0.05050245717968778,-0.02952916084503723,-0.002355779939712931,1.2072149696615827e-05,-7.740680436134975e-06,0.004931595976077514
30.501,1.5122745024460102,0.7279120309066512,-0.1810013132182814,2.5793590417113275,-0.7347714369346565,-0.30411200421610396,1211,1,0.050462186888424604,-0.029509193838012863,-0.002355489502553444,1.209757128529109e-05,-8.100868785483076e-06,0.004926826601229632
30.526,1.5772912559819394,0.7094786328651174,-0.18856359766611927,2.6277094272640493,-0.7463008395263862,-0.29985277407821903,1212,1,0.05047985438021945,-0.029531436023756085,-0.00235466637737688,1.2086286407225734e-05,-8.273016760108743e-06,0.004922812587635952
30.551,1.6436599738092053,0.690596988930334,-0.19599395192219168,2.6774324711730886,-0.7632528268725205,-0.2943189849673769,1213,1,0.05048487726323059,-0.029539212321304655,-0.0023537026290059567,1.1982874314323361e-05,-8.634244576169571e-06,0.004917288337659861
30.576,1.7111628795405958,0.6713159915214908,-0.2032795469144883,2.726032835705704,-0.7746274044058877,-0.28773825703429823,1214,1,0.05050723086314504,-0.029539493989762883,-0.0023524923811772415,1.1741055714021975e-05,-8.683254998752179e-06,0.004913421229885566
30.601,1.7799616155944924,0.6518656187100391,-0.2103808647739069,2.763622248390801,-0.7882381647277924,-0.27956503775431285,1215,1,0.05051305607453995,-0.029576098239766146,-0.0023513198799698172,1.1601173763350842e-05,-8.874512319811706e-06,0.004908861023084627
30.626,1.8493439919601378,0.6319040832851006,-0.21725779880220417,2.714112749446388,-0.7771876284108071,-0.2709889495970736,1216,1,0.05047598075109211,-0.029548857211271106,-0.00235041942750495,1.1301624294988349e-05,-9.042489165677556e-06,0.004904311057850926
30.651,1.9156672530668137,0.6130062372894982,-0.22393031225376075,2.576532786162349,-0.7413109761393666,-0.26296149404401775,1217,1,0.050508890278789506,-0.02956825293061167,-0.002349511645250596,1.1079445770840696e-05,-9.116560261873342e-06,0.004900611031909382
30.676,1.9781706312682479,0.5948385344781344,-0.23040587350440417,2.4193536502242465,-0.6997115230249074,-0.25264769638044443,1218,1,0.05053712560736284,-0.029529592841795255,-0.0023486741884386543,1.0571423434012165e-05,-9.028402209933012e-06,0.004899830234921701
30.701,2.0366349355780278,0.5780206611382523,-0.23656269707278327,2.2474381959443903,-0.6488533865428067,-0.2406461035410478,1219,1,0.050591207460155364,-0.029534174905578227,-0.0023478120745783738,1.0498117811527649e-05,-8.872177203111841e-06,0.004895697398365152
30.726,2.090542541065469,0.5623958651509936,-0.2424381786814569,2.081568289843313,-0.60080782706508,-0.22898749236738633,1220,1,0.05067570580770882,-0.029523481953381333,-0.0023468333008296737,1.0383464389953582e-05,-8.769915798038266e-06,0.004891657720012667
30.751,2.140713350070195,0.5479802697849979,-0.2480120716911527,1.9225699041734228,-0.5523895551380563,-0.21600167725542765,1221,1,0.050659999392928194,-0.029532400116559273,-0.002345917405409154,1.0212437664283414e-05,-9.12311558069481e-06,0.004888129160839773
30.776,2.1866710362741415,0.5347763873940904,-0.2532382625442286,1.7552506271123056,-0.5151444753360894,-0.20331474977691766,1222,1,0.050658103708527094,-0.029543019260333956,-0.002344882789182168,1.009822068157068e-05,-9.369537138067023e-06,0.004882883754233987
30.801,2.228475881425805,0.5222230460181949,-0.258177809179998,1.5947935335301318,-0.4656138664758492,-0.19027756225994794,1223,1,0.050655270137177154,-0.029464437984902128,-0.002343685900591683,9.748020265363813e-06,-9.4345595920378e-06,0.004879915272365596
30.826,2.266410712950649,0.5114956940702976,-0.2627521406572262,1.4401444667634928,-0.4048750512791641,-0.1766190087581851,1224,1,0.05066624676141372,-0.029518612536937966,-0.0023427506478439276,9.915240709707547e-06,-9.580104611286848e-06,0.0048760050085455385
30.851,2.300483104763981,0.5019792934542364,-0.2670087596179072,1.286231685973433,-0.3646328209817677,-0.1629419353202776,1225,1,0.050682314219215034,-0.029584431337250784,-0.002342120870807155,1.0089970247726381e-05,-9.77208349852192e-06,0.004873119884099022
30.876,2.330722297249322,0.49326405302120896,-0.2708992374232403,1.1367720842069955,-0.32129983399434947,-0.1471170644893484,1226,1,0.05069850624985881,-0.029593090163938275,-0.002342249097548482,1.0028576571314013e-05,-9.945658265951102e-06,0.00486983804220934
30.901,2.3573217089743315,0.4859143017545187,-0.27436461284237457,0.9966230292183054,-0.13497685474325383,-0.13079974094748115,1227,1,0.050711741306208084,-0.02961574488706148,-0.002343309049947494,1.0159696586840107e-05,-1.0075326069721816e-05,0.004862388136879823
30.926,2.380553448710234,0.48651521028404665,-0.27743922447061414,0.8486274036442655,0.03530992415452466,-0.1156787412515198,1228,1,0.05068259685920252,-0.029611468930877433,-0.002345343755122833,1.0155055067725957e-05,-1.031889298571454e-05,0.00485338694613745
30.951,2.3997530791565453,0.487679797962245,-0.2801485499049504,0.7072164764262722,0.08085607718790074,-0.10294278208243877,1229,1,0.05073342455575551,-0.029526606133274187,-0.0023482538019664744,9.85365065160673e-06,-1.0248831337440591e-05,0.004842993478248722
30.976,2.4159142725315483,0.49055801414344175,-0.282586363574736,0.5728761304566728,0.09593520636637962,-0.08938870519756265,1230,1,0.050757312944815836,-0.029630424018819053,-0.0023509629448556736,1.0218717828883443e-05,-1.0237858028678902e-05,0.00483851018664068
31.001,2.4283968856793794,0.492476558280564,-0.28461798516482856,0.44007081340854,0.05709793175873531,-0.07490587121526175,1231,1,0.050796056456521604,-0.029574231560148052,-0.0023542728046479344,9.798979404831123e-06,-9.934394184468026e-06,0.004829299910478673
31.026,2.4379178132019756,0.49341291073137855,-0.2863316571354992,0.3187597968446191,0.041686333482991035,-0.06305163326131871,1232,1,0.05076684754018063,-0.029491838385899437,-0.002357102779200134,9.428176506792518e-06,-9.769287060327376e-06,0.004821348428192931
31.051,2.4443348755216094,0.49456087495471346,-0.2877705668278944,0.1891852938582401,0.021000277387281642,-0.0503419397778952,1233,1,0.05075754801046579,-0.0295518505890746,-0.0023599286698052216,9.460356634012807e-06,-9.666393056999561e-06,0.004815710872749825
31.076,2.447377077894888,0.49446292460074265,-0.2888487541243941,0.06280406934382388,-0.0076505510338930076,-0.0386209219659145,1234,1,0.050756074081829326,-0.029479402734181218,-0.0023626174708003375,9.163899000417582e-06,-9.601536322277859e-06,0.0048067113226606725
31.101,2.4474750789888007,0.4941783474030188,-0.28970161292619023,-0.057226558534155,-0.02065274910937302,-0.02887314660807897,1235,1,0.05074393586410894,-0.029462481165847147,-0.002365165367524721,9.098854446034693e-06,-9.656972974865377e-06,0.004800176528678837
31.126,2.44451574996818,0.493430287145274,-0.29029241145479806,-0.1745446459849884,-0.03599770952762042,-0.019852040739944673,1236,1,0.0507336781332064,-0.029423083762066288,-0.0023675919436111537,9.357113043894368e-06,-9.573761214805644e-06,0.004792610037020732
31.151,2.438747846689551,0.49237846192663776,-0.29069421496318754,-0.28855383111505123,-0.04087810907342792,-0.011849397657295986,1237,1,0.05069649848469266,-0.029377560147598743,-0.0023699394669539787,9.30627938566562e-06,-9.663404498522733e-06,0.004786646292008271
31.176,2.4300880584124283,0.4913863816916027,-0.2908848813376629,-0.40257047375261795,-0.034810713578761816,-0.005545330410416859,1238,1,0.050671872667589365,-0.02935968359757405,-0.0023722990375178595,9.361250055083411e-06,-9.767835791615062e-06,0.004780013891225262
31.201,2.41861932300192,0.49063792624769964,-0.2909714814837083,-0.5092211534256669,-0.024823244780366106,-0.0014726197530201335,1239,1,0.050659697894626717,-0.029376190332048968,-0.0023747969658664495,9.258380493964747e-06,-9.866953700217918e-06,0.004775181281685034
31.226,2.4046270007411445,0.4901452194525844,-0.29095851232531383,-0.58129188600832,-0.019991143231445622,0.0012146857503125656,1240,1,0.0506700526670264,-0.029404958742554676,-0.0023772596437678702,9.357123639207639e-06,-9.776632469158051e-06,0.0047701349480615335
31.251,2.3895547287015035,0.48963836908612735,-0.29091074719619264,-0.594697005559564,-0.01320658463870842,0.0014328839427157698,1241,1,0.050661559011529855,-0.02939196950501899,-0.002379389613743396,9.351389371668862e-06,-9.924480170552977e-06,0.004765160374525552
31.276,2.374892150463166,0.48948489022064895,-0.29088686812817793,-0.5528768680476185,-0.003167587421277942,0.0015009186205006983,1242,1,0.05066419117557871,-0.02939924009838735,-0.002381436748278464,9.453253929951204e-06,-1.0047941853145152e-05,0.004761881856070817
31.301,2.361910885299124,0.48947998971506346,-0.29083570126516745,-0.47901324929193506,0.0021426287710568344,0.0023923499880140415,1243,1,0.050627583245607254,-0.029409986338933825,-0.002383350633606432,9.435634437207822e-06,-1.0294550748930475e-05,0.004757556447988138
31.326,2.350941487998569,0.4895920216592018,-0.29076725062877734,-0.39482879848621416,0.008897377796808088,0.002511070766955079,1244,1,0.05057037016575149,-0.02942346547974476,-0.0023850290512463946,9.537976436773136e-06,-1.0454987987649058e-05,0.0047518033968508
31.351,2.342169445374813,0.48992485860490387,-0.2907101477268197,-0.3100775714604565,0.013708299837098342,0.001966463128848489,1245,1,0.05053809080596433,-0.029459985104798664,-0.0023867013361008656,9.71283846115675e-06,-1.0417356577294913e-05,0.00474652547302209
31.376,2.335437609425546,0.4902774366510567,-0.29066892747233514,-0.22792710859819496,0.018432388597858524,0.0018401014249391516,1246,1,0.05051672693626943,-0.02949204473918929,-0.002388401389049206,9.92227636714356e-06,-1.0340379512427848e-05,0.004742008556076769
31.401,2.3307730899449033,0.4908464780347968,-0.29061814265557273,-0.1524882744129561,0.01527882681241242,0.002182545122728765,1247,1,0.05047958594105829,-0.029567687233313374,-0.002389923105986666,1.0319895285818412e-05,-1.0393914222556173e-05,0.0047372319580754755
31.426,2.3278131957048984,0.4910413779916773,-0.29055980021619876,-0.10339799891407284,0.004696832455727207,0.001674842489913762,1248,1,0.050418609274592865,-0.02957847317059411,-0.002391487708670635,1.0234815772563029e-05,-1.0553182679470748e-05,0.004732971661493228
31.451,2.3256031899991996,0.49108131965758317,-0.2905344005310771,-0.08043849221951113,0.00552496161447361,0.0013818996337011471,1249,1,0.05041944973087572,-0.029549213470671225,-0.0023932280069523344,9.942775198605466e-06,-1.028989095572041e-05,0.004730511794686936
31.476,2.323791271093923,0.491317626072401,-0.29049070523451387,-0.06311365639340226,0.009132561408863185,0.0017597654424505755,1250,1,0.050457385574949304,-0.029553209516568743,-0.0023947618921792554,9.755149866748972e-06,-1.0073037480066791e-05,0.004726325440008513
31.501,2.3224475071795294,0.49153794772802634,-0.2904464122589544,-0.05116441739926463,0.011124319844656292,0.0018391892318802853,1251,1,0.05047385306580508,-0.029562630841529422,-0.0023961487402186727,9.623928365666042e-06,-9.910312475126759e-06,0.004721801112211133
31.526,2.3212330502239595,0.4918738420646338,-0.2903987457729201,-0.043418153608139304,0.017079147451301985,0.002403892361444585,1252,1,0.05050977730187113,-0.029587052270384478,-0.0023974678126945704,9.667526317904985e-06,-9.491254187622574e-06,0.004716975378798651
31.551,2.3202765994991226,0.4923919051005914,-0.2903262176408821,-0.031736755435600277,0.013983172553549772,0.0025719631595055494,1253,1,0.050537350435851294,-0.029643424266825282,-0.0023984332872925905,9.97020865879917e-06,-9.345617207573786e-06,0.004710008344651686
31.576,2.3196462124521795,0.4925730006923113,-0.29027014761494474,-0.022190157022201302,0.002476656581297219,0.001712333377277251,1254,1,0.050517992290495084,-0.029644939436756397,-0.0023989476536666813,1.0384655905327831e-05,-9.471965669131294e-06,0.004705425468343431
31.601,2.3191670916480125,0.49251573792965625,-0.29024060097201815,-0.01700853154537694,0.008631351772856332,0.001721315487452888,1255,1,0.05049002846853207,-0.029608162362013957,-0.002399066507213753,1.0634196102005999e-05,-9.703556142437936e-06,0.004702069549392604
31.626,2.3187957858749106,0.4930045682809541,-0.2901840818405721,-0.013456825693109829,0.010803829705296876,0.0017089703420847015,1256,1,0.05049738803461924,-0.029666559003464633,-0.0023988469027159598,1.133332364535936e-05,-9.884497884144498e-06,0.004696552604173863
31.651,2.318494250363357,0.4930559294149211,-0.2901551524549139,-0.012265705438655048,-0.002397547849397744,0.0010538277267713768,1257,1,0.05048995458880601,-0.029645071856520055,-0.0023983925424871434,1.1707626489908331e-05,-1.01934745303772e-05,0.004693510891095561
31.676,2.318182500602978,0.49288469088848424,-0.2901313904542335,-0.007894417514222483,-0.004023056157706982,0.00149242732747188,1258,1,0.05048938591578594,-0.029587458858741686,-0.0023978763204849486,1.1792094688305565e-05,-1.0351521285635009e-05,0.0046909557567523024
31.701,2.318099529487646,0.49285477660703575,-0.29008053108854015,-0.002558093906808131,0.0013276154361307835,0.0020538452958262774,1259,1,0.0504935499177036,-0.02957033553777515,-0.0023977980154123975,1.190383942940894e-05,-1.0212037209700522e-05,0.004686818950216133
31.726,2.3180545959076375,0.4929510716602908,-0.2900286981894422,-0.0026262942247878467,0.001216733621864901,0.0023411793401173163,1260,1,0.05051584861774322,-0.02957737812270703,-0.0023981247151516733,1.1910420472020965e-05,-9.93828439114933e-06,0.004682637193504662
31.751,2.3179682147764065,0.492915613288129,-0.2899634721215341,0.0003544791706833144,-0.0015580391283020801,0.0018456292431956193,1261,1,0.05053530788988897,-0.029560972690082215,-0.0023988863389454293,1.1654572350083891e-05,-9.727579680039317e-06,0.004677236573474772
31.776,2.3180723198661717,0.4928731697038757,-0.28993641672728254,-0.0008372740423024304,0.004453933564782218,0.001706666357117567,1262,1,0.05052072355100914,-0.029555424850523936,-0.0024001394208500795,1.1411088959320177e-05,-9.515463088528546e-06,0.004674592904930102
31.801,2.3179263510742913,0.4931383099663681,-0.2898781388036783,-0.004464775790804446,0.006106139991385231,0.0022881721280043296,1263,1,0.0505631909146545,-0.029588394637845888,-0.00240151847024074,1.1338119383180776e-05,-9.096890892008762e-06,0.004670272935265327
31.826,2.3178490810766315,0.49317847670344495,-0.28982200812088227,-0.002344680011789857,-0.004417621530140518,0.001512739651134943,1264,1,0.050577195264290026,-0.02958309094878792,-0.002402989424132805,1.0973874491276352e-05,-8.914007971293554e-06,0.004666411000849274
31.851,2.317809117073702,0.49291742888986106,-0.28980250182112155,-0.003860980712317941,-0.008334917885177588,0.0005985315399659101,1265,1,0.05056916444400011,-0.029531136351846513,-0.0024047023809479298,1.0718434439351809e-05,-8.837826219082088e-06,0.004664066997745143
31.876,2.3176560320410156,0.49276173080918606,-0.2897920815438838,-0.006824137330898497,-0.0035783966223156874,0.0008517392017814863,1266,1,0.05058630633230323,-0.029497836819293907,-0.002406555063732442,1.0598259730550309e-05,-8.838395527040413e-06,0.00466224372126105
31.901,2.317467910207157,0.4927385090587453,-0.2897599148610327,-0.005234574594022177,-0.004481277359407431,0.0006317347074169891,1267,1,0.05061272142765307,-0.029489340421145725,-0.002408517297778916,1.0465982883890827e-05,-8.978567398970603e-06,0.004659169710117127
31.926,2.3173943033113145,0.4925376669412157,-0.2897604948085128,-0.0013385424913003683,-0.014994246648840423,0.00021705838985752426,1268,1,0.05060866961628727,-0.02945899392102558,-0.0024105306313941233,1.0108800809798977e-05,-9.192872300475376e-06,0.0046572798075979705
31.951,2.317400983082592,0.49198879672630325,-0.28974906194154,-0.0015563149509212116,-0.006116069622282751,0.008662456201191536,1269,1,0.050574340679558565,-0.0293806647206142,-0.0024126721416817772,9.75384676423669e-06,-9.449064208192835e-06,0.004657546348544286
31.976,2.3173164875637684,0.49223186346010156,-0.2893273719984531,-0.005304403738222465,0.013641890526827292,0.03530635058046828,1270,1,0.05058511985386923,-0.029434874466614688,-0.0024150695604378946,9.992492629354548e-06,-9.538227108748881e-06,0.004653629402746435
32.001,2.317135762895681,0.49267089125264457,-0.2879837444125166,-0.01718948179518196,0.015650928345515066,0.08157182067702189,1271,1,0.05058404278257507,-0.029506265832316615,-0.0024174668564816305,1.0143104602959635e-05,-9.709016936731815e-06,0.004649094671822896
32.026,2.3164570134740092,0.4930144098773774,-0.2852487809646017,-0.04094892288962632,0.012915159277403507,0.14661622978834637,1272,1,0.05058267705727672,-0.029525716850531913,-0.002419495405123386,1.0109029494405242e-05,-9.947518085147118e-06,0.004646395911179702
32.051,2.3150883167511993,0.4933166492165148,-0.28065293292309873,-0.07701750663660516,0.02392171607188434,0.23009560546127325,1273,1,0.05055884272977499,-0.029501536107022937,-0.0024208446206341887,9.941245256449994e-06,-1.0010431069576428e-05,0.0046450287251378255
32.076,2.312606138142179,0.49421049568097153,-0.2737440006915387,-0.13274686075009123,0.04295388761966912,0.3298367770320453,1274,1,0.050556802450524095,-0.029522496758584205,-0.0024216474997944978,9.960944961101069e-06,-1.0105144072699616e-05,0.004643663086183203
32.101,2.308450973713695,0.49546434359749814,-0.2641610940714973,-0.20776029441313362,0.06598644300269393,0.442658723308423,1275,1,0.050572713907553524,-0.02952018014308435,-0.002422143133248038,1.0000266983195206e-05,-1.0341867665239056e-05,0.004642563003757715
32.126,2.302218123421523,0.49750981783110604,-0.2516110645261189,-0.29425412595973355,0.0925525143472715,0.5672363840983201,1276,1,0.05060255360242767,-0.029549169994997182,-0.002422707094187932,1.008346075062699e-05,-1.0388581079944686e-05,0.004641987078646343
32.151,2.293738267415707,0.5000919693148621,-0.235799274866579,-0.3873685217146175,0.1160824665268446,0.7018790449736679,1277,1,0.05060997024811848,-0.02955716493138724,-0.0024235671101663055,1.0190915237632424e-05,-1.0381807943783223e-05,0.004641230779319012
32.176,2.2828496973357906,0.5033139411574488,-0.21651711227743248,-0.4905407427826892,0.1332529958879967,0.843996399706807,1278,1,0.050614553669097194,-0.02955632343130359,-0.002424726952317792,1.0290402427967931e-05,-1.0322663031175983e-05,0.004641211181566723
32.201,2.269211230276574,0.5067546191092616,-0.1935994548812411,-0.5947581735387236,0.16290687396544973,0.993334515505223,1279,1,0.05065045464993797,-0.029466044649170308,-0.0024261558338675845,9.90622477308862e-06,-1.0070307014722386e-05,0.004642928952639864
32.226,2.253111788658856,0.5114592848557208,-0.16685038650217413,-0.6883858228775654,0.19576590378928452,1.1477063861342205,1280,1,0.050689238482074656,-0.029481145230318747,-0.0024276656383190793,1.0021908754268862e-05,-9.744069653665402e-06,0.0046434280467351
32.251,2.234791939132698,0.5165429142987252,-0.13621413557453324,-0.7866026323599624,0.2176902164095443,1.3053307839511994,1281,1,0.050659390100558234,-0.029453064280132175,-0.0024291082846649276,9.78512027583807e-06,-9.732395777905836e-06,0.004645812834423029
32.276,2.2137816570408546,0.5223437956761989,-0.10158384730460868,-0.8869153587075428,0.24726770286407018,1.4654742950254722,1282,1,0.050671943264538125,-0.02942299589722436,-0.0024304428152022574,9.56604850436095e-06,-9.778159651073086e-06,0.0046474994635201695
32.301,2.190446171197317,0.5289062994419298,-0.06294042082325332,-0.9863421591583982,0.27627943484201517,1.6260779228542468,1283,1,0.05067442838358661,-0.029413543586070866,-0.002431444735096155,9.547600217009658e-06,-9.975449218148606e-06,0.004650335239203317
32.326,2.1644645490829375,0.5361577674182989,-0.020279951161900962,-1.0797994118327816,0.3047664858416361,1.7861851176990078,1284,1,0.050726528073310975,-0.02939781950063984,-0.0024322165170506146,9.388891080522041e-06,-9.89655917699848e-06,0.004654224635022289
32.351,2.136456200605681,0.5441446237340107,0.02636883506169188,-1.1614210852900124,0.3353648423138335,1.9446240798764731,1285,1,0.05073375005137103,-0.029405591173863835,-0.002432843637059255,9.29056041320232e-06,-1.0006488562113687e-05,0.004658463589219703
32.376,2.10639349481844,0.5529260095339896,0.07695125283191705,-1.2469960584542241,0.3597280342314683,2.1004189934133852,1286,1,0.050717067957720297,-0.029440724673509337,-0.0024335226960399557,9.378513485697315e-06,-9.955336337537679e-06,0.004664115859685723
32.401,2.0741063976829643,0.5621310254455857,0.13138978473236995,-1.3341631429021223,0.38549322382249107,2.2521690449788903,1287,1,0.050706509731508066,-0.029435832982198953,-0.002434077885555177,9.269527155652632e-06,-1.0032731692589304e-05,0.004668893600930601
32.426,2.0396853376733284,0.5722006707251158,0.18955970508087128,-1.4188359059537532,0.4103538996767486,2.3987483893594717,1288,1,0.05070605414693016,-0.02947142984226797,-0.0024344454251200446,9.341922971921026e-06,-1.0026211459302468e-05,0.004674733299470312
32.451,2.0031646023852807,0.582648720429422,0.25132720420033655,-1.5011446560900463,0.42513626518807274,2.5393615651234858,1289,1,0.05070790961767059,-0.029464567862811066,-0.0024346866591218996,9.355888180919051e-06,-1.0007046853294779e-05,0.004681205327296427
32.476,1.9646281048688303,0.5934574839845183,0.3165277833370385,-1.5784743138922428,0.4450058807177846,2.673509763866387,1290,1,0.05070971845399024,-0.02942170297529662,-0.0024346631694724913,9.324415051245537e-06,-9.971962770151603e-06,0.004688997797434229
32.501,1.924240886690673,0.6048990144653099,0.3850026923936482,-1.6530720763877416,0.47341636413600524,2.799841530678889,1291,1,0.05069482899800325,-0.02939542741192775,-0.0024340943284189144,9.369569841879625e-06,-1.0065255988204885e-05,0.004696348572822144
32.526,1.8819745010494362,0.6171283021913205,0.4565198598709947,-1.7246466696733171,0.49815196348945684,2.9171535618973543,1292,1,0.05067622166176445,-0.029409690847112663,-0.002433138945047824,9.424210119302845e-06,-1.028089663670762e-05,0.004703943890785644
32.551,1.8380085532069999,0.6298066126397849,0.5308603704885282,-1.7987100929371014,0.5212368751725912,3.025706354258387,1293,1,0.05063500188682473,-0.029403309678399426,-0.002431855109476826,9.240739787001748e-06,-1.0371476129946431e-05,0.0047123124221567225
32.576,1.7920389964025862,0.6431901459499486,0.6078051775839053,-1.8789232982383866,0.5429362543961667,3.124005939183281,1294,1,0.05062571603715107,-0.02942860521051108,-0.0024303869329156654,8.937810356393228e-06,-1.0319124160339083e-05,0.004720539972192896
32.601,1.7440623882950859,0.6569534253595917,0.6870606674476836,-1.9460944209205517,0.5649940354387494,3.2119016784535463,1295,1,0.05065753964874772,-0.029435267987742632,-0.0024287755164398637,8.489888241319609e-06,-1.0284135462135829e-05,0.004730488359638605
32.626,1.6947342753565642,0.6714398477218845,0.7684002615065734,-2.012382224483213,0.5830153272675012,3.289516341181921,1296,1,0.05061633628065335,-0.029460535430434757,-0.002427088805519694,8.378900127544704e-06,-1.0550943391562774e-05,0.004739472564315648
32.651,1.6434432770709166,0.6861041917229692,0.8515364845067935,-2.0854694783786965,0.5972511875024212,3.3554912323529233,1297,1,0.050637900000446684,-0.029445818636384027,-0.002425827718209693,8.1479390475372e-06,-1.059573822241691e-05,0.004748362613723615
32.676,1.5904608014376205,0.7013024070970081,0.9361748231242336,-2.149363681904186,0.618283998506279,3.4100020545271086,1298,1,0.05066060925750382,-0.029444976335080104,-0.0024250202437320727,8.14769336328703e-06,-1.0934891606129673e-05,0.0047567226011851135
32.701,1.5359750929757134,0.7170183916482814,1.0220365872331392,-2.2055352221081,0.6361691534156828,3.4523958473079484,1299,1,0.05066192931227494,-0.029444411123154404,-0.002424735581875732,8.151600628024518e-06,-1.1210898704354146e-05,0.0047657192612722025
32.726,1.4801840403322217,0.7331108647677904,1.1087946154896213,-2.2614502948305533,0.6543990392128335,3.4825905936409134,1300,1,0.050635287959560474,-0.02941046061494124,-0.0024248487166743616,8.033439419784496e-06,-1.1665973243353754e-05,0.004776724654840288
32.751,1.4229025782341922,0.7497383436089212,1.1961661169151747,-2.3250360840053403,0.67232422384691,3.5002641831654238,1301,1,0.050602652117920185,-0.029387920141310902,-0.002425094439175639,8.106466549936766e-06,-1.1806476455161862e-05,0.004785751795368104
32.776,1.3639322361319448,0.7667270759601388,1.2838078246479077,-2.383956899430518,0.688127219333853,3.505678911237776,1302,1,0.050608573505915064,-0.029376470634803663,-0.0024255526557047154,8.311173427157069e-06,-1.1918451282528077e-05,0.004796663143492236
32.801,1.3037047332626561,0.7841447045756168,1.3714500624770787,-2.4497417568771924,0.7061048218750978,3.4992748706599954,1303,1,0.050592238709947605,-0.029346423108730528,-0.0024260144681855804,8.487834496952592e-06,-1.2124582427679225e-05,0.0048064773739080555
32.826,1.2414451482880922,0.8020323170538917,1.4587715681808975,-2.5037110153756093,0.7238209921343376,3.479550903269486,1304,1,0.05063762969413979,-0.029399608461455316,-0.002426667224935364,8.628243084023001e-06,-1.1953293974116428e-05,0.004815466005197229
32.851,1.1785191824938828,0.8203357541823316,1.5454276076405429,-2.545205432475946,0.7417723313236402,3.447796741080627,1305,1,0.0506050844980344,-0.02935702559785219,-0.0024273762805943734,8.532622183999143e-06,-1.232793124635722e-05,0.004825392493292644
32.876,1.114184876664302,0.8391209336200716,1.6311614052349193,-2.582713344201914,0.7473937205532717,3.4037234499815066,1306,1,0.05057424664004132,-0.029336256726298103,-0.0024283629775888158,8.60889067077952e-06,-1.2436784845791699e-05,0.004834507086874791
32.901,1.049383515283776,0.8577054402099984,1.7156137801396327,-2.5724974929029125,0.7397319324490339,3.3478546435205723,1307,1,0.05060055057443844,-0.029307968473401728,-0.002429411138889196,8.451545879536317e-06,-1.2616061380535875e-05,0.004844133534984342
32.926,0.9855600020191455,0.8761075302425264,1.7985541374109624,-2.5151819681614582,0.7277469979918686,3.2804722485645055,1308,1,0.050609157279083744,-0.029270086556170593,-0.002430552435178694,8.354440657572126e-06,-1.2936602516508283e-05,0.004853566808722896
32.951,0.9236244168757103,0.8940927901095898,1.8796373925678487,-2.4406570877478693,0.7126291750520203,3.2013881886824125,1309,1,0.050599990080380956,-0.029227541614165384,-0.002431837954629999,8.396966552223689e-06,-1.3284936848628443e-05,0.0048632279167584586
32.976,0.863527147631759,0.9117389889951254,1.9586235468450741,-2.369210622259329,0.695173811482483,3.1118602138527676,1310,1,0.05056340170354379,-0.029218464546630494,-0.002433311105377359,8.604592318938771e-06,-1.3655810682364253e-05,0.0048724305173317144
33.001,0.8051638857627506,0.9288514806837119,2.035230403260478,-2.2956503271980573,0.6654364580483684,3.0124613241065843,1311,1,0.050537832495730156,-0.029202018478094022,-0.0024350056607342213,8.658334939503108e-06,-1.3969233996000576e-05,0.004881537813444581
33.026,0.7487446312718463,0.9450108118975467,2.109246613050416,-2.1660534215288703,0.6242296370243562,2.903500381704759,1312,1,0.05056256910524354,-0.029244715332712022,-0.002436782438896461,8.637768122208838e-06,-1.4159446939789343e-05,0.004888647238641435
33.051,0.6968612146862978,0.9600629625349324,2.1804054223457285,-1.99805555414643,0.5824400370879388,2.784406223484382,1313,1,0.05057801555582528,-0.02918796879160209,-0.0024383196200844204,8.475612916550446e-06,-1.4553860589924826e-05,0.004895934216818691
33.076,0.6488418535645305,0.9741328137519419,2.248466924224627,-1.8387205318602653,0.5322167370918343,2.6570186144674413,1314,1,0.05055257405894073,-0.02918193978779917,-0.002439650309365263,8.609417790376337e-06,-1.4830711213854606e-05,0.004903322726482379
33.101,0.6049251880932898,0.9866737993895226,2.313256353069093,-1.683616151585903,0.4835183980448629,2.522144162956003,1315,1,0.05058767894793005,-0.029175645771163865,-0.0024406929577328144,8.661970864787274e-06,-1.4990633817594716e-05,0.004910482897870211
33.126,0.5646610459852401,0.9983087336541837,2.37457413237242,-1.5376894310570233,0.44443784223738164,2.380574905769929,1316,1,0.05056727351964145,-0.029202829824024345,-0.002441564798840436,8.595379510313695e-06,-1.5299244365931994e-05,0.004918183733914368
33.151,0.528040716540432,1.0088956915013936,2.4322850983575997,-1.4042854729696133,0.4024614733462063,2.2340861286054685,1317,1,0.05056431350868347,-0.029195262271978103,-0.0024421525311059027,8.517274488230114e-06,-1.5412340495909297e-05,0.004925002458605371
33.176,0.4944467723367535,1.0184318073214957,2.486278438802703,-1.2829330195344597,0.3659644299730122,2.0821478492763776,1318,1,0.050555444114474955,-0.029231584407420907,-0.0024422580851084694,8.524002127329906e-06,-1.5326359595283734e-05,0.004929468207829723
33.201,0.4638940655637127,1.0271939130000431,2.5363924908214126,-1.159912005538705,0.33099472834958393,1.9255316487102843,1319,1,0.050529044316754534,-0.029251234491754936,-0.0024419297988931736,8.46347146759658e-06,-1.5220125041177386e-05,0.004933507721869148
33.226,0.43645117205982153,1.034981543738974,2.582555021238212,-1.0438142075831174,0.2909457639442291,1.7664304940592972,1320,1,0.05053066159192923,-0.029255953229278892,-0.002441262298474513,8.387661549441558e-06,-1.5095250902119165e-05,0.004938073753584247
33.251,0.4117033551845598,1.0417412011972538,2.6247140155243724,-0.9314132492209987,0.26381053280096073,1.6062499240456025,1321,1,0.05054744404358797,-0.029293821634518644,-0.0024403316587674104,8.539929204494122e-06,-1.4972612587060212e-05,0.0049430043773443354
33.276,0.38988050959876763,1.0481720703790232,2.6628675174404988,-0.8259743129222581,0.23864495573874675,1.4454429014008252,1322,1,0.05053340983850176,-0.02925024800078034,-0.002439598404396748,8.488299231733529e-06,-1.490724312841468e-05,0.004945277327444245
33.301,0.3704046395384434,1.0536734489841921,2.69698616059442,-0.7233691689219679,0.2061997611477901,1.2854445273448187,1323,1,0.05051200492055777,-0.029263996454149663,-0.0024389757747588143,8.578783098136751e-06,-1.4785519652787025e-05,0.004948577403319977
33.326,0.3537120511526713,1.058482058436412,2.727139743807736,-0.6187922411695542,0.1754718415567302,1.1275911821739035,1324,1,0.05051030227510456,-0.02924889332171215,-0.0024382909038173023,8.64529138126716e-06,-1.475189896383306e-05,0.00495123849350442
33.351,0.33946502747996743,1.0624470410620281,2.753365719703112,-0.5127137342015623,0.1436074168044003,0.9733362045507852,1325,1,0.050500969779781434,-0.029263853452287596,-0.002437250096763846,8.973429218593919e-06,-1.4684436856154365e-05,0.004954663580945997
33.376,0.32807636444259464,1.0656624292766317,2.7758065540352725,-0.40616415641111603,0.12013352802335261,0.8248298722314215,1326,1,0.05052895361500332,-0.029252485005559003,-0.002436204271671123,9.168296667212407e-06,-1.4774132144221482e-05,0.004957324083359637
33.401,0.3191568196594099,1.0684537174631963,2.7946072133146864,-0.3095620116402334,0.09260893555361181,0.6830796479088924,1327,1,0.0505211866614602,-0.02920835122743947,-0.002435353985037634,9.40580552923315e-06,-1.5057627664891302e-05,0.00495942573607367
33.426,0.31259826386058165,1.0702928760543127,2.80996053643072,-0.20985359921735974,0.05964389829767553,0.5499678096763418,1328,1,0.05051337841323725,-0.029214637751450053,-0.002434803483748877,9.687771688376237e-06,-1.5357769957179112e-05,0.004961598429557325
33.451,0.3086641396985425,1.07143591237808,2.822105603798502,-0.11593805149402107,0.027234898361282893,0.42659204475907525,1329,1,0.050522404551447304,-0.029206820168681848,-0.0024344944103035938,9.924013945416885e-06,-1.5458075210322406e-05,0.004963153621548772
33.476,0.3068013612858809,1.0716546209723767,2.8312901386686726,-0.03825420098537808,-0.0002371587268657073,0.31474940807515683,1330,1,0.050557834753107336,-0.0292456348598909,-0.002434641142217826,1.0234403997938419e-05,-1.5320730315006596e-05,0.004964879375776911
33.501,0.3067514296492737,1.0714240544417366,2.837843074202259,0.03569207588809548,-0.017672721431794707,0.2179610307343785,1331,1,0.05056545032952253,-0.02926940514112463,-0.002435201953541511,1.0429255338376026e-05,-1.5189871541647672e-05,0.004967073421521316
33.526,0.30858596508028585,1.070770984900787,2.8421881902053925,0.09897871193882124,-0.030647550534676656,0.13691248677215104,1332,1,0.05057194415904516,-0.0292713320278946,-0.002436011766244347,1.0540354954566008e-05,-1.5140773611054805e-05,0.004966588749083929
33.551,0.3117003652462152,1.0698916769150026,2.844688698540867,0.1359246775294531,-0.041908950652704995,0.07276874153352844,1333,1,0.05058586052138217,-0.029248178156593745,-0.0024369602575891785,1.039563405315584e-05,-1.5107378432311026e-05,0.004967154459982439
33.576,0.3153821989567581,1.0686755373681518,2.8458266272820687,0.15120840025604848,-0.046286052208815286,0.028180530938001706,1334,1,0.05059681351523521,-0.029255590634016223,-0.002437836517617866,1.049735111039243e-05,-1.4937964666910335e-05,0.004967324593011922
33.601,0.3192607852590172,1.067577374304562,2.846097725087767,0.16023188054147286,-0.04759170056241761,0.005337575950133148,1335,1,0.050562258542277805,-0.02923747004639287,-0.0024385266678197083,1.0643238881861052e-05,-1.4810451072362417e-05,0.004968336852261156
33.626,0.3233937929838313,1.066295952340031,2.8460935060795753,0.1698566197034556,-0.05282199754024657,0.0029966440597026466,1336,1,0.050536688244969596,-0.02924065318324348,-0.002438921202946289,1.0878496640625753e-05,-1.4609450583414555e-05,0.004968556977905095
33.651,0.3277536162441907,1.0649362744275495,2.846247557290752,0.1605599764539086,-0.052173421477204045,0.01450488556295025,1337,1,0.050560946975312174,-0.029243008820837253,-0.002439222868969306,1.103549733468402e-05,-1.4252985966624272e-05,0.004969242970271404
33.676,0.3314217918065274,1.0636872812661706,2.846818750357723,0.12423926908180323,-0.048364534981678,0.035780700841361125,1338,1,0.05055022861061998,-0.0292502369463025,-0.0024397315245452376,1.1117975852815303e-05,-1.4058824691676653e-05,0.004969516293997733
33.701,0.3339655796982805,1.0625180476784657,2.84803659233282,0.0665007450069881,-0.04657584059345064,0.06481774642433193,1339,1,0.05053391079912805,-0.02926748075336505,-0.002440382398310465,1.1091447665434144e-05,-1.395799799617337e-05,0.00496859114153471
33.726,0.33474682905687664,1.0613584892364982,2.8500596376789393,-0.01581705282554392,-0.03928250535511381,0.09975697465635881,1340,1,0.05051182938550942,-0.02930758263920614,-0.0024409636583391883,1.1209544114638922e-05,-1.3888061316092764e-05,0.0049685597432335285
33.751,0.33317472705700335,1.0605539224107101,2.853024441065638,-0.11367631935291475,-0.02400167682673055,0.13870572275028675,1341,1,0.0504782362884117,-0.029315445435584165,-0.0024414072941795,1.1187341831945863e-05,-1.3775996169263872e-05,0.004967591722320412
33.776,0.3290630130892304,1.0601584053951616,2.8569949238164543,-0.22111531616661798,-0.019906467214386128,0.1809827658959785,1342,1,0.05046718681432275,-0.02927475991345583,-0.0024421109263090338,1.0944521948327258e-05,-1.3760306706947282e-05,0.004968937100603106
33.801,0.3221189612486715,1.0595585990499907,2.8620735793604375,-0.3339953204056457,-0.017750279486793318,0.2253367560662806,1343,1,0.0504799008606558,-0.029290558107586247,-0.0024429671980845985,1.108194079566551e-05,-1.3613617545216097e-05,0.004969938192849009
33.826,0.3123632470689491,1.059270891420822,2.8682617616197676,-0.4500502645603522,-0.009053855889087874,0.27070766280733,1344,1,0.05048739530612349,-0.029272309512651883,-0.0024438540166371917,1.1011846714677128e-05,-1.357309466564257e-05,0.00497172690097892
33.851,0.2996164480206552,1.0591059062555364,2.8756089625008032,-0.5644204175220301,-0.006777439464636211,0.3155893002681511,1345,1,0.050460469861730764,-0.02926180703674131,-0.0024448076977986485,1.0945356542759385e-05,-1.355820151189994e-05,0.004971743591344109
33.876,0.2841422261928492,1.0589320194475902,2.8840412266331743,-0.6673888615251585,-0.005240415388394035,0.35803683721500834,1346,1,0.0504395073533724,-0.029266254830853648,-0.002445901399765878,1.1160529296295053e-05,-1.3534357269408798e-05,0.004972124773482696
33.901,0.2662470049443944,1.0588438854861166,2.893510804361555,-0.765557074538157,-0.006291119714511592,0.3987099366633833,1347,1,0.05045504118251532,-0.029256161496946025,-0.0024468115062415145,1.11920190644038e-05,-1.3159460758519958e-05,0.004973850767524517
33.926,0.24586437246593806,1.0586174634618646,2.903976723466345,-0.8713683422317826,-0.006015518725566502,0.4356254297380405,1348,1,0.0504898354895306,-0.029272487754280076,-0.0024476736227542163,1.1222057070293529e-05,-1.2713597221283535e-05,0.004973302336447927
33.951,0.22267858783280775,1.0585431095498383,2.915292075848456,-0.9748118806115051,-0.0010318905693563229,0.4683381576653378,1349,1,0.050471219271924335,-0.02928090587506,-0.0024486450055616394,1.095060609814364e-05,-1.2571723822321162e-05,0.004974532748773173
33.976,0.19712377843536558,1.0585658689333968,2.9273936313496107,-1.0711109103824272,0.0019926605285026677,0.4964299429115664,1350,1,0.05046588290014829,-0.0292757569330242,-0.0024495241430018888,1.0860536869938913e-05,-1.2595234946976603e-05,0.0049749817823754395
34.001,0.16912304231368944,1.0586427425762635,2.940113572994033,-1.1665118371282557,0.002642340423735009,0.5187286763434875,1351,1,0.05045334281020491,-0.02927088268303748,-0.0024501143440777496,1.0820849596240233e-05,-1.2535653112269659e-05,0.004976249193580927
34.026,0.13879818657894782,1.0586979859545835,2.9533300651667873,-1.2547236529152859,0.006850553389496332,0.5357741597437103,1352,1,0.05044639519459729,-0.029274529933956794,-0.002450477204027807,1.0720785878535749e-05,-1.2345957330619198e-05,0.004977076353692654
34.051,0.10638685966791979,1.0589852702457383,2.9669022809812207,-1.346683651246451,0.004671722729785709,0.548213114118883,1353,1,0.05046105209797662,-0.029239643570890407,-0.0024508087013585976,1.0697209060134118e-05,-1.1906648252837917e-05,0.004979598196566092
34.076,0.0714640040166291,1.0589315720910728,2.98074072087273,-1.4329666423693506,0.004779849990042267,0.5538213627060311,1354,1,0.05044279331398152,-0.02927739855838934,-0.0024513529719579963,1.0712053866296714e-05,-1.16953759939004e-05,0.004978750115788861
34.101,0.03473852754945633,1.0592242627452404,2.9945933491165206,-1.50268169278159,0.008753051139361255,0.5522468095638148,1355,1,0.05045599754111475,-0.029251947550510412,-0.002451978499701437,1.050537039390409e-05,-1.1662141623608924e-05,0.004979993508632754
34.126,-0.003670080622446129,1.0593692246480408,3.008353061350919,-1.5617578599571709,0.005924128722107397,0.545347850863276,1356,1,0.05046316244009685,-0.029259684159832683,-0.0024526168563507467,1.0378185498654031e-05,-1.1688881168991061e-05,0.004980573682723146
34.151,-0.043349365448408866,1.0595204691813458,3.0218607416596868,-1.5803089288254637,0.009533396392881496,0.5318413039060568,1357,1,0.05048891925832795,-0.02926439233696965,-0.0024532141656671636,1.0336979700293842e-05,-1.1719708816716099e-05,0.00498158444318704
34.176,-0.08268552706372605,1.059845894467685,3.034945126546224,-1.5680565664353832,0.009834540429345954,0.5124710530289736,1358,1,0.050504418992598235,-0.02924327930083305,-0.0024540478047996635,1.0237530466126952e-05,-1.1827102473924928e-05,0.004983081540575456
34.201,-0.12175219377017357,1.060012196202813,3.047484294311134,-1.534105911361022,0.00580937590522834,0.4882388330470733,1359,1,0.05049566806175688,-0.02925494190789989,-0.0024552883993556795,1.0162158976777238e-05,-1.1848682268152586e-05,0.004983762016359553
34.226,-0.1593908226317728,1.0601363632629464,3.0593570681985764,-1.4683489538149603,0.0020084436020174653,0.4592310627927437,1360,1,0.0505171266308468,-0.029264748701409653,-0.002456904187038768,1.0341373196997338e-05,-1.1698448142104233e-05,0.004984037635441506
34.251,-0.19516964146091742,1.060112618382914,3.07044584745077,-1.3730015836659522,0.004143432854392872,0.425306286674542,1361,1,0.05053344002243484,-0.029294928282622604,-0.0024586694480165407,1.0576000997718924e-05,-1.1743792499380772e-05,0.004983096534483482
34.276,-0.22804090181507625,1.060343534905666,3.0806223825323054,-1.2381534219362922,0.007111329668658077,0.38679622089648624,1362,1,0.05053368408948235,-0.029279615243559806,-0.00246031686165887,1.0660884761161243e-05,-1.178245162199407e-05,0.00498397083683961
34.301,-0.2570773125577373,1.0604681848663469,3.089785658495596,-1.0900109036698022,0.005651329365075385,0.3459651285994366,1363,1,0.0505655152551149,-0.029274374556579826,-0.002461925637029852,1.0791477998990662e-05,-1.1597760209662301e-05,0.004984647473702821
34.326,-0.28254144699856326,1.0606261013739198,3.097920638962276,-0.9450078652161447,0.005116986134457171,0.30288504727530474,1364,1,0.05056404398672745,-0.02926440513028244,-0.002463571535832735,1.0974102671796128e-05,-1.1585364405272664e-05,0.004984576613364996
34.351,-0.30432770581854185,1.0607240341730697,3.10492991085936,-0.8024603090053807,0.000662113592779827,0.2579311273243392,1365,1,0.050566427980483754,-0.029262094272662825,-0.002465060474993125,1.1113643072489506e-05,-1.1608268639284235e-05,0.004984589256955544
34.376,-0.32266446244883,1.0606592070535588,3.1108171953284924,-0.665384291212192,-0.0006370057762827298,0.21338404810190736,1366,1,0.05055269404016603,-0.029284619876064275,-0.002466378760206961,1.1372933581430386e-05,-1.1615732444201249e-05,0.004984615817043157
34.401,-0.3375969203791543,1.0606921838842556,3.1155991132644565,-0.5278958460106215,0.006213118860100589,0.1696245020071385,1367,1,0.05052762021417998,-0.029286497087077458,-0.002467558489738805,1.1673035646875486e-05,-1.1660845166745068e-05,0.004983776054366968
34.426,-0.34905925474936333,1.0609698629965638,3.11929842042885,-0.3881336840108727,0.0014071165428309574,0.12677097125416037,1368,1,0.050513752861879875,-0.029245818453185163,-0.0024685963870081417,1.1678853112100102e-05,-1.1746585527006601e-05,0.00498258814541681
34.451,-0.3570036045796968,1.0607625397113971,3.121937661827164,-0.25637834695160583,-0.001249479880884934,0.08839628347141973,1369,1,0.05053852680742061,-0.029281428217110134,-0.002469400430298643,1.192426119257208e-05,-1.1983612924506205e-05,0.004983352013368347
34.476,-0.3618781720969429,1.0609073890025196,3.123718234602421,-0.12678310225081313,0.003448358661213487,0.0557057724119257,1370,1,0.050531638886669956,-0.02925600703128144,-0.0024696198392503517,1.2042177844743104e-05,-1.244134415763892e-05,0.004982143448253384
34.501,-0.3633427596922371,1.0609349576444578,3.1247229504477603,0.0003157220541338554,0.0033348158372745115,0.028924393644087252,1371,1,0.05056720877100957,-0.029246865900147564,-0.0024690021952786263,1.2165814069243667e-05,-1.2616361299421878e-05,0.004981347297048047
34.526,-0.3618623859942362,1.0610741297943833,3.1251644542846253,0.11605422474613834,0.0017656129871344733,0.009814867420833425,1372,1,0.05057736185532895,-0.029219277462972905,-0.002467675322619604,1.2174011223874693e-05,-1.2781555684561494e-05,0.0049802627959938785
34.551,-0.3575400484549297,1.0610232382938145,3.125213693818802,0.2324829286157447,-0.00459003830641373,0.0026363269364272747,1373,1,0.050563375441812074,-0.029222813812045785,-0.0024661434146592926,1.2207912123042972e-05,-1.289321608334116e-05,0.004980845684870481
34.576,-0.3502382395634496,1.0608446278790626,3.1252962706314467,0.34123839297567843,-0.011393723470574749,0.027611461523566097,1374,1,0.05056733614350991,-0.029241175710018337,-0.0024645876213981216,1.2126384452602647e-05,-1.2954711307721598e-05,0.004981027442078667
34.601,-0.34047812880614675,1.0604535521202858,3.12659426689498,0.4303095981303873,-0.018488699941646643,0.10351857124074526,1375,1,0.05057159021239014,-0.029275424223429283,-0.002463036824047753,1.211819834879136e-05,-1.2937404751311362e-05,0.004980900432176655
34.626,-0.3287227596569315,1.0599201928819804,3.1304721991934836,0.48990977522834805,-0.03856253591564167,0.2285291171439479,1376,1,0.050551302384305975,-0.029273230707997804,-0.0024615690159421034,1.2090718534029708e-05,-1.2994656556121917e-05,0.004980264992966131
34.651,-0.31598264004472726,1.0585254253245036,3.1380207227521786,0.4719359344300342,-0.08456119700536113,0.39306419811723203,1377,1,0.050534472154401204,-0.02928186066198326,-0.002460397065558152,1.1899129845497592e-05,-1.2983615083430416e-05,0.004981069711724269
34.676,-0.30512596293542776,1.055692133031712,-3.1330598980802393,0.3750093923102651,-0.14352972043030582,0.5887053735128568,1378,1,0.05052511630851825,-0.029305645196172507,-0.0024596056248106144,1.1923372458340541e-05,-1.2946617523416428e-05,0.004981623884877758
34.701,-0.29723217042921507,1.0513489393029887,-3.115729315751767,0.26618962779896466,-0.2121573688477683,0.8055605186853767,1379,1,0.050473755516285086,-0.029290962822869488,-0.0024590042057775667,1.1862916619817706e-05,-1.2881584080180544e-05,0.004982299760035653
34.726,-0.2918164815454803,1.0450842645893241,-3.0927818721459728,0.1716002531128977,-0.285619959457762,1.0350389520158088,1380,1,0.05044397220179087,-0.029300678104064528,-0.0024588205826214043,1.1913714799898465e-05,-1.2937380860433301e-05,0.004983220676477821
34.751,-0.2886521577735707,1.0370679413301014,-3.0639773681509794,0.07570962571911942,-0.3600689843815101,1.270129113177088,1381,1,0.05045573970098365,-0.029309236546445003,-0.002459032459213366,1.1924818436578813e-05,-1.2750219184407422e-05,0.004985084689164802
34.776,-0.288031000259524,1.027080815370247,-3.029275416487113,-0.011042428434518027,-0.4364757253860746,1.5038006248826503,1382,1,0.050420861549688556,-0.029327376308253276,-0.0024595092135273264,1.1998993161796316e-05,-1.2650560191663084e-05,0.0049876612838342296
34.801,-0.2892042791952966,1.0152441550607958,-2.9887873369068405,-0.07701935352491744,-0.5195724742048153,1.7307828413602262,1383,1,0.05041600056116583,-0.029306685083451595,-0.0024603455694407307,1.2004705478836687e-05,-1.248588687855052e-05,0.004991867679451773
34.826,-0.29188196793576965,1.0011021916600078,-2.9427362744191066,-0.1433284350243606,-0.6111895095374434,1.9446324669178545,1384,1,0.05043806913513393,-0.029305381520077424,-0.002461405613455536,1.2076854952448027e-05,-1.2208516814258353e-05,0.0049955377257077755
34.851,-0.29637070094651424,0.9846846795839254,-2.8915557135609533,-0.19977133707151287,-0.7047171201714276,2.139781321188809,1385,1,0.05040122120532785,-0.029303037607800904,-0.002462502139605507,1.2250855455520455e-05,-1.1786800683760515e-05,0.005000105705149483
34.876,-0.3018705347893447,0.9658663356514384,-2.835747208359672,-0.2447773497342134,-0.791331003592556,2.3119428206079444,1386,1,0.05040740163378907,-0.029319373495086603,-0.0024636213933573125,1.2582875580360835e-05,-1.112724538555471e-05,0.005005094267167209
34.901,-0.30860956843322596,0.9451181294042942,-2.7759585725305462,-0.28895942101742156,-0.8820848521716588,2.459424044288502,1387,1,0.05040010494651013,-0.02927644450363688,-0.0024645292381620196,1.2856698014264866e-05,-1.0688784395659545e-05,0.005013071963353922
34.926,-0.31631850584021703,0.9217620930428517,-2.7127760061452366,-0.3237863151981075,-0.9733463172144583,2.5787668301189592,1388,1,0.05039385710290961,-0.029291206130023492,-0.002465275718563828,1.3278186593124006e-05,-1.0420765199453136e-05,0.005018247643529953
34.951,-0.3247988841931304,0.896450813543574,-2.6470202310246056,-0.35705267950121333,-1.0571805897150968,2.6655131248729096,1389,1,0.05041543944698036,-0.029262248684941164,-0.0024657945735737257,1.3635836038742351e-05,-1.0304904072975127e-05,0.0050246720693326915
34.976,-0.3341711398152767,0.8689030635570999,-2.5795003499015987,-0.38726991921090176,-1.1519702075132188,2.720048260870115,1390,1,0.050423873694063134,-0.02923932510894329,-0.0024662079915786254,1.4002113668535499e-05,-1.0323161626971156e-05,0.005031519678870442
35.001,-0.3441623801536744,0.8388523031679164,-2.5110178179811076,-0.41605136820709104,-1.2431433810028387,2.740790968423183,1391,1,0.05044023061167059,-0.029272461831196,-0.0024663687856892364,1.4529224449628748e-05,-1.019951407064129e-05,0.005036777740247001
35.026,-0.354973708225633,0.8067458945069527,-2.442460801480428,-0.4463623502011168,-1.325405107785347,2.726295440117664,1392,1,0.050435024487706835,-0.029283119088745858,-0.0024665680890122894,1.4815630601035766e-05,-1.0087546051003185e-05,0.00504261480610891
35.051,-0.36648049766373214,0.7725820477786434,-2.3747030459752128,-0.4736418357148611,-1.4084291042019916,2.6777383657786316,1393,1,0.05042035749760653,-0.029281466847356264,-0.002466822079773193,1.4974385558808375e-05,-9.910808154425811e-06,0.005049181595504415
35.076,-0.3786558000113747,0.7363244392968571,-2.308573883191504,-0.4871982915661643,-1.4889412465271714,2.5969458305807223,1394,1,0.050387913647751754,-0.029275311943135564,-0.0024671557039431867,1.4895093621367754e-05,-9.950997957411671e-06,0.005055475343109733
35.101,-0.39084041224203897,0.698134985452289,-2.244855754446184,-0.4899408918972027,-1.5566500634527156,2.4853263314779808,1395,1,0.05038164964064599,-0.029330660712226,-0.0024675222974459513,1.5199419953783931e-05,-9.572097572395826e-06,0.005059071788638068
35.126,-0.40315284460623346,0.6584919361242257,-2.184307566617612,-0.5009979790226188,-1.5949655928795776,2.342666836556533,1396,1,0.05038129754244529,-0.02938509129179924,-0.002467860964096769,1.5583020598088085e-05,-9.17069872645714e-06,0.0050614352259076845
35.151,-0.41589031119317205,0.6183867058083033,-2.1277224126183474,-0.4917973522915145,-1.5972501725103465,2.17345456309472,1397,1,0.05034559533445775,-0.02935964944603645,-0.0024685418510882436,1.5744983022417394e-05,-9.119059559669386e-06,0.005066455497688154
35.176,-0.4277427122208113,0.5786294274987016,-2.0756348384628667,-0.45156380038134614,-1.518498523277547,1.9821297865746839,1398,1,0.05038710746141951,-0.02937823888206953,-0.0024693649829614518,1.5749844913940615e-05,-8.736982546900285e-06,0.005069940705674046
35.201,-0.43846850121223807,0.5424617796444303,-2.028615923289619,-0.40477612302422716,-1.3750229302312182,1.770558361535531,1399,1,0.0504416410385003,-0.02936995202678101,-0.002470446012402561,1.5560075209414604e-05,-8.260419469721252e-06,0.00507329075968062
35.226,-0.4479815183720215,0.5098782809871446,-1.9871069203860952,-0.3576673904366937,-1.2260527607791636,1.5456451671308171,1400,1,0.05046992821991108,-0.02938746044412372,-0.0024715548589316705,1.5557807054430586e-05,-7.898119056909188e-06,0.005077311036096102
35.251,-0.45635187073407174,0.4811591416054756,-1.9513336649330821,-0.31772701270873127,-1.075444874436397,1.3135069310341532,1401,1,0.050510912750789345,-0.029385526750633963,-0.0024724781350429718,1.5430837684740777e-05,-7.631659472335417e-06,0.005080465763123811
35.276,-0.4638678690074594,0.4561060372653202,-1.921431573834382,-0.2800356200681958,-0.9337109408300851,1.0778121660386977,1402,1,0.05052841915204353,-0.029350723482516928,-0.002472968321328275,1.522990138627282e-05,-7.52977429974683e-06,0.005081638445595095
35.301,-0.4703536517374827,0.4344735945639674,-1.8974430566311429,-0.22991309050104577,-0.7981601211440802,0.8461882084109488,1403,1,0.05052915517859677,-0.029325596017830295,-0.00247315321460602,1.5010451228161818e-05,-7.375291989774307e-06,0.005083403940376559
35.326,-0.47536352353251105,0.41619803120811844,-1.8791221634138366,-0.18531684259232295,-0.6644139210559996,0.6271490158404626,1404,1,0.050557360954838905,-0.02936596786925025,-0.002472992957991594,1.4935448115017512e-05,-7.067297537753826e-06,0.005084133508259929
35.351,-0.47961949386709835,0.4012528985111693,-1.8660856058391213,-0.15463039397862968,-0.5316068582866897,0.4284768356881207,1405,1,0.050557778267489056,-0.029370379914042444,-0.002472704991728063,1.4698186151683754e-05,-6.949215076724569e-06,0.005083818407461944
35.376,-0.4830950432314421,0.38961768829378546,-1.8576983216294318,-0.11808366491562242,-0.39895258937921046,0.25727275216810536,1406,1,0.05054844011716107,-0.029345138712966012,-0.002472261325380836,1.433821744943925e-05,-6.708963265578813e-06,0.00508097584893571
35.401,-0.48552367711287997,0.3813052690422071,-1.8532219682307147,-0.08130567149995466,-0.2761886933847755,0.12296594679850176,1407,1,0.050566436498992264,-0.029328543805725683,-0.002471683025327583,1.4074377736070048e-05,-6.308459031567748e-06,0.0050801846200421025
35.426,-0.48716032680644017,0.3758082536245455,-1.8515500242895062,-0.04696970133362722,-0.15379273995967488,0.03693643379708999,1408,1,0.05053248609820818,-0.02931495806855643,-0.0024711389983047014,1.4086612695954188e-05,-6.100246661568869e-06,0.0050800989781133
35.451,-0.4878721621795612,0.37361563204422377,-1.85137514654086,-0.004915701170704891,-0.031508582800005694,-0.0015229894651725728,1409,1,0.05054454271606258,-0.029291333233097558,-0.0024710439481716814,1.3920947132066165e-05,-5.659043290444366e-06,0.005081572031885178
35.476,-0.4874061118649754,0.3742328244845453,-1.851626173762765,0.027188106999341145,0.08560367149606883,-0.03893069367151946,1410,1,0.050549290971554715,-0.02932544803660018,-0.002471585126270682,1.4127127327002876e-05,-5.3925034498876886e-06,0.005077678847345358
35.501,-0.4865127568295942,0.37789581561902696,-1.853321681224436,0.050729668414215674,0.20263923349208948,-0.11836917225922385,1411,1,0.05055516772501367,-0.029293117571466326,-0.0024724758233445124,1.4136052890164345e-05,-5.124610294912997e-06,0.005076196856970119
35.526,-0.4848696284442644,0.38436478615915065,-1.8575446323757268,0.06887829508607414,0.3144429050435536,-0.2364026256332406,1412,1,0.050557895549257076,-0.029291172425633918,-0.0024736595746005464,1.4326872710898586e-05,-4.847807398198306e-06,0.005076306450906768
35.551,-0.4830688420752902,0.393617960871206,-1.8651418125060988,0.0540602220319106,0.4160236495898987,-0.3865951598904125,1413,1,0.050552440762060176,-0.029303040252818532,-0.0024748931695900782,1.4503273185827567e-05,-4.4462370748001305e-06,0.0050731614689954975
35.576,-0.482166617342669,0.4051659686386444,-1.8768743903702465,0.001887273730595381,0.49387589277020727,-0.5631413512577375,1414,1,0.05050917175109903,-0.029293883867194063,-0.002476025169499837,1.437162994633308e-05,-4.144369207355699e-06,0.005071187103070739
35.601,-0.48297447838876045,0.41831175550971494,-1.8932988800689838,-0.08530463700134257,0.5360775515637899,-0.756816117275941,1415,1,0.0504926345967491,-0.02928849443834391,-0.0024771113845503834,1.4383488709902937e-05,-3.5699362656497823e-06,0.005070617443681586
35.626,-0.4864318491927359,0.4319698462168324,-1.9147151962340414,-0.19444449624459023,0.5412489930487512,-0.9600530913734743,1416,1,0.05049087804246382,-0.029279461573121827,-0.00247790083796816,1.4357617005235246e-05,-3.03048667655076e-06,0.005069485098326641
35.651,-0.4926967032009908,0.4453742051621548,-1.9413015346376619,-0.3070270857231676,0.5108770244909464,-1.1695444843050742,1417,1,0.050527982054760376,-0.029280994405280928,-0.002478455323123829,1.4290320647742497e-05,-2.411581956630816e-06,0.0050639157437582126
35.676,-0.5017832034788956,0.4575136974413819,-1.9731924204493,-0.4194907025440625,0.4740939992599494,-1.3797448870760205,1418,1,0.05048167127541232,-0.029307650334636625,-0.0024786476642745903,1.4231081033292069e-05,-2.19049037245346e-06,0.005059477188443473
35.701,-0.5136712383281927,0.46907890512515094,-2.010288778991459,-0.5336836694984451,0.45043891771011874,-1.5835593352384703,1419,1,0.05047248573098095,-0.029315581369114854,-0.002478855130008207,1.3979813788795314e-05,-1.8595769590612412e-06,0.005055011461215466
35.726,-0.5284673869538163,0.48003564332688653,-2.052370387211219,-0.6368612081815035,0.41825652032460514,-1.7777939587104485,1420,1,0.050478154718179555,-0.029284847199479165,-0.0024790347571751036,1.3571968623042012e-05,-1.3892458876514116e-06,0.0050488807930611215
35.751,-0.5455142987372661,0.48999173114138,-2.0991784769269763,-0.7349208172072426,0.37350697684752665,-1.9581889993382013,1421,1,0.05049039740948743,-0.029307563072616453,-0.0024793307070431285,1.3458890287044392e-05,-1.064932662328132e-06,0.0050435534691212255
35.776,-0.5652134278141816,0.49871099216926446,-2.1502798371781373,-0.835812617954008,0.31871997106592886,-2.1197066524961774,1422,1,0.050489555156788546,-0.02929741321965586,-0.0024798370355080084,1.3204044508819796e-05,-7.389189464877736e-07,0.005037493911324056
35.801,-0.58730492963497,0.5059277296946778,-2.2051638095517943,-0.9317717622768736,0.26135456825841663,-2.262504159132992,1423,1,0.050462621671089176,-0.029288540513664828,-0.002480672828622671,1.3149358261882828e-05,-6.944920425982144e-07,0.005027615086593578
35.826,-0.6118020159280226,0.5117787205821845,-2.2634050451347805,-1.0157683351900926,0.2101992215059298,-2.3826494818972876,1424,1,0.050432408137253165,-0.029255038158743744,-0.0024817818274609164,1.3049892157086638e-05,-5.795422223841153e-07,0.005022326500033794
35.851,-0.6380933463944718,0.5164376907699737,-2.324296283646652,-1.0949314740109206,0.16058067256376177,-2.4753051293193704,1425,1,0.050440294307367184,-0.029281686502136018,-0.0024830386604896048,1.3245697055043002e-05,-4.4169594552934016e-07,0.005015981334362241
35.876,-0.6665485896285656,0.5198077542103722,-2.387170301600742,-1.1886791273169548,0.11762295402556129,-2.5412388412513085,1426,1,0.050431724270801205,-0.029316371904380117,-0.0024842058022982575,1.3513611970765352e-05,-4.1905897778033126e-07,0.0050082541699156494
35.901,-0.6975273027603246,0.5223188384712523,-2.451358225709228,-1.28229697459409,0.07596162636751798,-2.5801600996740537,1427,1,0.05043034321777775,-0.029280199136472652,-0.0024855606933556983,1.3598963257648554e-05,-2.3006060367331533e-07,0.005000959888443502
35.926,-0.7306634383582755,0.5236058355287484,-2.5161783065844556,-1.3595110676023854,0.030005441838860156,-2.5897950887673065,1428,1,0.05040817676365474,-0.029247378436359016,-0.0024870819394221108,1.3805122276561022e-05,1.4278144827649217e-08,0.004993709601428017
35.951,-0.76550285614044,0.5238191105631952,-2.580847980147586,-1.4364347602063883,-0.011568346248632224,-2.5698390072028805,1429,1,0.05041446897389967,-0.02925940804836906,-0.0024885538052711173,1.4103371923022289e-05,1.5259167715179663e-07,0.004986712216693389
35.976,-0.8024851763685908,0.5230274182163168,-2.6446702569445923,-1.5144416628767727,-0.046120617522334276,-2.5220150494811935,1430,1,0.0504035889988486,-0.02924157665686903,-0.0024900130684916864,1.428232335189903e-05,3.511936551950239e-07,0.004977754244423055
36.001,-0.8412249392842743,0.5215130796870786,-2.7069487326216386,-1.5832895986219402,-0.0824919138890375,-2.446332518120262,1431,1,0.05040426882523383,-0.029195003363004027,-0.002491408296668333,1.4332022521652447e-05,6.34694653293798e-07,0.0049698209091863866
36.026,-0.8816496562996946,0.5189028225218646,-2.766986882850616,-1.6407131564190247,-0.11456820375961874,-2.343855652182696,1432,1,0.050391963122120416,-0.02920530473035328,-0.0024927491591678202,1.4450125827631792e-05,5.530633085432764e-07,0.004962265979115354
36.051,-0.9232605971052326,0.5157846694990972,-2.8241415152307834,-1.666022911300739,-0.13151203087273436,-2.2164803072536206,1433,1,0.05041987415553133,-0.029230770077301127,-0.00249408040563059,1.4653859263669964e-05,4.830638880660493e-07,0.004954726885336881
36.076,-0.9649508018647268,0.5123272209782282,-2.8778108982132906,-1.6040040486765352,-0.12924376490883363,-2.066905069656253,1434,1,0.050470373165345736,-0.029276207151760315,-0.0024951666127056055,1.4962336659467599e-05,4.0446153006012176e-07,0.0049468905281916595
36.101,-1.0034607995390548,0.5093224812536559,-2.92748676871359,-1.4698077599360584,-0.1160733315788786,-1.898275770205339,1435,1,0.050536965218700144,-0.029301070161196926,-0.0024958703196844585,1.5236089720284892e-05,5.304053725843227e-07,0.004940005744270342
36.126,-1.0384411898615256,0.5065235543992846,-2.972724686723552,-1.3162701939248966,-0.10227763362499881,-1.7122842312273217,1436,1,0.05052961928108609,-0.029320500496980772,-0.0024963222863104806,1.531157362471347e-05,2.5775262047894754e-07,0.00493422675318919
36.151,-1.0692743092353052,0.5042085995724055,-3.0131009802749635,-1.1641439127408788,-0.08036543662375253,-1.5140230423842158,1437,1,0.05056155805218587,-0.029353865863975,-0.0024964186873316207,1.5664207578440162e-05,3.050821066040225e-08,0.004927495365948938
36.176,-1.0966483854985745,0.5025052825680967,-3.0484258388427694,-1.0183989861349787,-0.05938147754056659,-1.3081920133158087,1438,1,0.050561223809161435,-0.029336399316504516,-0.002496170819613388,1.5640933562873856e-05,-6.973702625963843e-08,0.004921866628490788
36.201,-1.1201942585420512,0.5012395256953773,-3.0785105809407503,-0.8648152255215716,-0.046777201570391995,-1.0976644842966456,1439,1,0.05058300859436806,-0.02931971243715847,-0.0024954896937395333,1.56181173133984e-05,-8.02575617248863e-08,0.0049170249248777905
36.226,-1.1398891467746506,0.5001664224895772,-3.1033090630575986,-0.726744368687601,-0.03574371260974022,-0.8885212497905898,1440,1,0.05062959301759325,-0.029332432000466042,-0.002494546436947088,1.5786252235929498e-05,-2.247196296453277e-07,0.004912227580842294
36.251,-1.1565314769764292,0.4994523400648904,-3.122936643430277,-0.5917969812671747,-0.02389881588540162,-0.6873942051547068,1441,1,0.05061051558754614,-0.02930627868785665,-0.002493428182036531,1.5540572616882635e-05,-5.504677938967334e-07,0.00490739416803866
36.276,-1.1694789958380118,0.49897148169530703,-3.137678773315337,-0.46056211324006907,-0.019780885594667376,-0.49974315998315433,1442,1,0.05063117451749456,-0.029291226171043048,-0.0024924410356845983,1.5678258762871717e-05,-7.756138161475044e-07,0.004904096920375352
36.301,-1.1795595826384346,0.49846329578515697,3.1352615057501483,-0.3279359717578121,-0.019048654408972937,-0.331890608897486,1443,1,0.05057303896706557,-0.029294138891206606,-0.0024916573165891676,1.58649471161366e-05,-1.1789251782171372e-06,0.004901172074903128
36.326,-1.1858757944259015,0.49801904897485844,3.128912003419377,-0.19241896817563592,-0.0140479433491,-0.19173386497200998,1444,1,0.05059310084869879,-0.029324035166203834,-0.0024911160010605287,1.6023694271515084e-05,-1.197309233276073e-06,0.004899366912789226
36.351,-1.1891805310472159,0.497760898617702,3.1256748125015483,-0.07274488766328494,-0.008868532385180544,-0.08593089144960642,1445,1,0.05058600604623589,-0.029338038868229638,-0.002491066500908038,1.6024254969875584e-05,-1.3277076553596957e-06,0.004897965187541441
36.376,-1.1895130388090656,0.49757562235559943,3.124615458846897,0.05187199826442781,-0.0022612393809482725,-0.022649120846452164,1446,1,0.050559734751359595,-0.0293551700919857,-0.0024916585760020086,1.632304968944164e-05,-1.6116014938610026e-06,0.004895761464105107
36.401,-1.1865869311339943,0.4976478366486546,3.1245423564592256,0.1748654809781309,0.0011500328680190816,-0.004789295403035556,1447,1,0.05057250241116282,-0.029350077886992718,-0.0024927639309429497,1.6521754504120504e-05,-1.8133096116497343e-06,0.004893277898641917
36.426,-1.1807697647601583,0.4976331239990004,3.124375994076745,0.28186463860010497,0.00450396442021076,-0.01684447939865759,1448,1,0.05057238117568169,-0.029373891871182094,-0.0024941293277384266,1.674295083671831e-05,-1.987321011010964e-06,0.004891393775292867
36.451,-1.1724936992039898,0.4978730348696651,3.123700132489293,0.3565083409176076,0.02275226787519032,-0.044947915345246225,1449,1,0.05054552621964087,-0.02938400691849336,-0.002495510377986584,1.702772409617321e-05,-2.2996963770950363e-06,0.004887982191789951
36.476,-1.162944347714279,0.49877073739275984,3.122128598309483,0.37348058417687635,0.046822682218374156,-0.08698707121508381,1450,1,0.05054421474367672,-0.029347435726628266,-0.0024967759866339556,1.704501813041849e-05,-2.4092792707551078e-06,0.004884871906406271
36.501,-1.153819669995147,0.5002141689805837,3.119350778928539,0.3255515003795739,0.07255325542519112,-0.1405438593071353,1451,1,0.050554626764283545,-0.02932267065079739,-0.0024982328865601386,1.6943449452649357e-05,-2.2350144452532345e-06,0.004881714873895923
36.526,-1.1466667726952988,0.5023984001640197,3.1151014053441255,0.23804573845048274,0.11013111780374178,-0.20336765992472514,1452,1,0.05050401118182851,-0.029328117844026988,-0.002499832877630332,1.6818583258941837e-05,-2.2693522002867233e-06,0.0048786423173841995
36.551,-1.141917383072622,0.5057207248707712,3.1091823959323017,0.13859626895747723,0.16253580106216728,-0.2727409495462107,1453,1,0.050478106778937354,-0.02934757617990269,-0.0025018490270860044,1.6734177837011918e-05,-2.228114314377227e-06,0.004875946389048221
36.576,-1.1397369592474254,0.5105251902171276,3.1014643578668157,0.02796756667206405,0.21981663353269815,-0.34697986331832825,1454,1,0.05048227673545923,-0.02934990709767,-0.002504301903562799,1.6466619336853044e-05,-2.164176658301893e-06,0.004872773802053833
36.601,-1.1405190047390188,0.5167115565474055,3.0918334027663863,-0.07912185642638742,0.2776662488381956,-0.42544450966762715,1455,1,0.05044522473965667,-0.029351410612713076,-0.002506697338241975,1.6249217915559888e-05,-1.9649441237722638e-06,0.004868701196963291
36.626,-1.1436930520687445,0.5244085026590366,3.0801921323834356,-0.18533777724235564,0.3343245626492378,-0.5059413454541785,1456,1,0.05044330055854137,-0.029330669510242328,-0.0025089487993756173,1.592158743348274e-05,-1.6349695382837216e-06,0.004864895417648391
36.651,-1.1497858936011374,0.5334277846798688,3.066536335493675,-0.28066081937199444,0.39035066248884087,-0.5864135472192034,1457,1,0.050378250240276715,-0.029331444870274583,-0.002510906800410756,1.567273518749991e-05,-1.6878884898724886e-06,0.004861103921969482
36.676,-1.1577260930373454,0.5439260357834803,3.050871455022473,-0.3577874630845804,0.4489126285610767,-0.6663465821100291,1458,1,0.050400833738486264,-0.0293241381330286,-0.0025124087148929125,1.5477654696925506e-05,-1.4791269558951052e-06,0.0048578012741252044
36.701,-1.1676752667553654,0.5558734161079214,3.0332190063881757,-0.44937386798113876,0.5058752782854058,-0.7436227710666344,1459,1,0.05046176234116248,-0.02931661466391974,-0.0025133584436928397,1.5453850695748866e-05,-1.2110656617616982e-06,0.004855199529438743
36.726,-1.180194786436401,0.5692197996977492,3.0136903164691433,-0.5372931119952179,0.5648495727341883,-0.8168899873754507,1460,1,0.05046280481138452,-0.029320700834484088,-0.0025137131223520364,1.545405118618724e-05,-1.1174037189483318e-06,0.0048515915496523294
36.751,-1.1945399223551247,0.5841158947446292,2.9923745070194054,-0.6299392911774899,0.6234228798627429,-0.8855845188284706,1461,1,0.050509505781042324,-0.029303708132940417,-0.00251352720871275,1.5479258574869465e-05,-8.101609637377094e-07,0.004848478518290563
36.776,-1.2116917509952783,0.600390943690889,2.969411090527716,-0.7170657058989304,0.679210486731183,-0.9493508409888197,1462,1,0.05044587211498037,-0.0293006292211566,-0.0025130494326543,1.5311728748915877e-05,-7.726288715133535e-07,0.004843595480371528
36.801,-1.2303932076500743,0.6180764190811913,2.9449069649699604,-0.7930188520720234,0.7307308150084639,-1.0061180098003804,1463,1,0.050458673883457074,-0.029291155517417823,-0.0025124397043395016,1.4940128897217148e-05,-6.61344812250807e-07,0.004839981175691797
36.826,-1.2513426935988772,0.6369274844413101,2.9191051900377,-0.8758094944091441,0.7863904273221859,-1.0554975830130053,1464,1,0.05043126595738309,-0.029317125600529115,-0.0025115928848772947,1.4936266857076774e-05,-8.708369039586098e-07,0.004834197705199963
36.851,-1.274183682370529,0.6573959404472983,2.892132085819313,-0.9485572941117411,0.8406772776114158,-1.0973702137430854,1465,1,0.050407255957002274,-0.029297907062585136,-0.0025106876507766844,1.4873485099559204e-05,-9.485007810927924e-07,0.004829711233334753
36.876,-1.2987705583044615,0.6789613483218785,2.8642366793505487,-1.0236191472382632,0.8884226635064871,-1.1304240506066967,1466,1,0.050407690012637736,-0.029310045403813066,-0.0025096852937268976,1.4767253910211256e-05,-8.687173963569678e-07,0.004824563937976273
36.901,-1.3253646397324466,0.7018170736226265,2.8356108832889735,-1.0955395545383426,0.9444102330298659,-1.1557541093512116,1467,1,0.05038028722020033,-0.029325083039086125,-0.0025088452542079936,1.4657502069352226e-05,-7.597034989141535e-07,0.004817899549692488
36.926,-1.3535475360313833,0.7261818599733758,2.806448973882983,-1.1583876413603316,0.9940314818784312,-1.1718117962968,1468,1,0.05037413421634228,-0.029302339072999846,-0.002508280073978908,1.4608502956331146e-05,-5.208864351178208e-07,0.0048131478288362325
36.951,-1.3832840218004598,0.7515186477165452,2.777020293474137,-1.2247091183855239,1.03847699917769,-1.1787255163426962,1469,1,0.050397552247313904,-0.029318380272072845,-0.0025076744109403196,1.4620622907719973e-05,-2.777758308282995e-07,0.004807411296811895
36.976,-1.414782991950656,0.7781057099322574,2.7475126980658517,-1.2853277095071622,1.0872363413006054,-1.1765270542619402,1470,1,0.050402213622160075,-0.029330711311773013,-0.0025072550559160686,1.4632480966582733e-05,-2.22468870167017e-07,0.004802870909425796
37.001,-1.4475504072758143,0.8058804647815724,2.718193940761043,-1.3511788548074046,1.132174506586544,-1.16381218820324,1471,1,0.05045451501492227,-0.029332000446486657,-0.002507027107829356,1.4687362374030358e-05,-8.296377434902625e-08,0.004798845514391005
37.026,-1.482341934691032,0.8347144352615894,2.689322088655685,-1.4272105834142828,1.1800891616887104,-1.1424628373742964,1472,1,0.05044109889826187,-0.029363908024051942,-0.002506912894499658,1.472194767439374e-05,-1.9947667021385809e-07,0.004791888353478501
37.051,-1.5189109364465345,0.8648849228660129,2.6610707988923235,-1.4845613918634726,1.2302660204552651,-1.1128048478299235,1473,1,0.05038772060196324,-0.029377632114911473,-0.0025068244497771417,1.4619221920725181e-05,-5.411222755154846e-07,0.004786189557755476
37.076,-1.5565700042842014,0.8962277362843492,2.6336818462641918,-1.523620388946323,1.2678816874083554,-1.0751735931232786,1474,1,0.05038142500416749,-0.029366711016606508,-0.0025066200430144715,1.4416179808967944e-05,-7.151193211601717e-07,0.004781333868344023
37.101,-1.5950919558938463,0.9282790072364271,2.6073121192361626,-1.5492555795945322,1.28209770113018,-1.0282311041269094,1475,1,0.05038149362068851,-0.029355910199749275,-0.002506328543054546,1.4410867178279123e-05,-8.417456014768651e-07,0.004777893557793974
37.126,-1.6340327832639236,0.9603326213408545,2.582270291057849,-1.522851475473005,1.26641372629939,-0.9740460775483553,1476,1,0.05038401792472707,-0.029386094485538413,-0.002506272041810078,1.4510118633126343e-05,-1.1674986906202536e-06,0.004771545011680795
37.151,-1.671234529667503,0.991599693551402,2.5586098153587407,-1.442673309864341,1.1986021707399042,-0.9138469968653704,1477,1,0.05042644421580088,-0.029352478334210456,-0.002506380309854136,1.4595906699060159e-05,-1.1602403605120854e-06,0.004767657573324706
37.176,-1.7061664487571468,1.0202627298778548,2.536577941214577,-1.3304477423779384,1.1052994208978413,-0.8464273011452442,1478,1,0.05043774425465972,-0.029401991068032356,-0.0025067687077020757,1.4868714223168786e-05,-1.3443888865977106e-06,0.0047626082030172495
37.201,-1.7377569167863962,1.046864664596291,2.516288450301481,-1.2084243292603578,1.0056663738139797,-0.7751938570663693,1479,1,0.050433694804173645,-0.02936364276946793,-0.0025073651188474012,1.4736233657784945e-05,-1.443272611892768e-06,0.004757108778682378
37.226,-1.7665876652201613,1.070546048568551,2.4978182483612605,-1.081839025164259,0.900514889896933,-0.6989113905045616,1480,1,0.050406082231322154,-0.029399896741505838,-0.002508024870341738,1.4981072342681614e-05,-1.6091448546793353e-06,0.0047540923840194965
37.251,-1.791848868044606,1.091890409091135,2.4813428807762548,-0.9575412675533662,0.8020873537626398,-0.6203140342039775,1481,1,0.050438014823519485,-0.029373051654550713,-0.0025088029404613204,1.5198731286785898e-05,-1.4813638411653844e-06,0.004747736396901794
37.276,-1.8144647285978337,1.1106504162566864,2.466802546651059,-0.8408340387205453,0.7012293397580273,-0.5411388445558423,1482,1,0.05043465369716677,-0.029390303151541022,-0.0025098081114479282,1.5532530201897645e-05,-1.5450198403103186e-06,0.0047452137911928385
37.301,-1.833890569980637,1.1269518760790393,2.4542859385484603,-0.7198609296036339,0.608054880055512,-0.46077019020002785,1483,1,0.05047387530948571,-0.029391531484598395,-0.002510900877136666,1.5778061403072514e-05,-1.648559233601891e-06,0.004741137541029086
37.326,-1.8504577750780133,1.1410531602594602,2.443764037141059,-0.6151208342765274,0.5188478039873108,-0.3818228068018698,1484,1,0.0505018265449581,-0.029373044092016316,-0.0025119488364553676,1.571793198337942e-05,-1.7420618441591629e-06,0.004738812219135063
37.351,-1.8646466116944616,1.1528942662784034,2.435194798208368,-0.5115395895033117,0.4273682427291069,-0.305640238570772,1485,1,0.05048040804376334,-0.029383843034531468,-0.0025128525928372583,1.56268439606314e-05,-1.942022023596911e-06,0.004736113777501501
37.376,-1.8760347545531775,1.1624215723959144,2.428482025212521,-0.4033553596738415,0.337052631273267,-0.2335273560186902,1486,1,0.050483838659275124,-0.029393394033335563,-0.002513636902080575,1.5523988577585044e-05,-2.039111061517311e-06,0.004734621708252976
37.401,-1.8848143796781553,1.1697468978420682,2.4235184304074324,-0.2980981664927874,0.25017654256216026,-0.1671832982778944,1487,1,0.050489403268249515,-0.029404603720837908,-0.002514422280396478,1.556765791348946e-05,-2.2225132853727272e-06,0.004732524916462665
37.426,-1.8909396628778181,1.1749303995240234,2.4201228602986258,-0.19141704043357,0.1730806579666631,-0.1084422164259164,1488,1,0.050508711163461464,-0.029406751221836638,-0.0025150620705923655,1.584384434416522e-05,-2.2402107056191725e-06,0.0047294017497896725
37.451,-1.8943852316998333,1.1784009307404009,2.418096319586137,-0.0895705422034616,0.09031037053572957,-0.060812978171179824,1489,1,0.05051656215192114,-0.02934982223358839,-0.002515477447585997,1.603855893063286e-05,-2.2709593083446998e-06,0.004723401891094828
37.476,-1.895418189987991,1.1794459180508097,2.417082211390067,0.0016802908555658535,0.005265981062630176,-0.02714409077564083,1490,1,0.05055886066251812,-0.029345563212990373,-0.0025160290482953707,1.6530837952366602e-05,-2.2900197020934974e-06,0.004720299513724728
37.501,-1.894301217157055,1.1786642297935324,2.416739115047355,0.09262935619998568,-0.06558250913730186,-0.00623485315173813,1491,1,0.05055886837702488,-0.029343516553562578,-0.002516773758022365,1.662511539812199e-05,-2.5209866784592763e-06,0.0047187797775221285
37.526,-1.8907867221779913,1.1761667925939443,2.41677046873248,0.188173253903618,-0.1405311453151028,0.002360198552242364,1492,1,0.0505508050469178,-0.029310085315488055,-0.0025177656689002164,1.6688913611300172e-05,-2.638553221493574e-06,0.004713823133181201
37.551,-1.8848925544618733,1.1716376725277766,2.416857124974967,0.2699002025988515,-0.217930102593983,0.01144673830708663,1493,1,0.05057290238599773,-0.02928329083577253,-0.002518958603880783,1.6519072582456215e-05,-2.603086035633252e-06,0.0047127950945054465
37.576,-1.8772917120480495,1.1652702874642458,2.4173428056478343,0.32906660541290306,-0.28790313402513895,0.032758497915070434,1494,1,0.05055206550945359,-0.02929853756612859,-0.0025199965438455927,1.6427413435552307e-05,-2.7778698557765214e-06,0.004712127034016466
37.601,-1.868439224191229,1.1572425158265205,2.4184950498707205,0.3619597984412232,-0.3218340769874356,0.06359480783812904,1495,1,0.05055378807328918,-0.02935474280413436,-0.0025211256414959505,1.629862864479842e-05,-2.87953713029645e-06,0.004710787003577141
37.626,-1.8591937221259893,1.149178583614875,2.4205225460397406,0.3243283874995163,-0.30242780625587246,0.10123605279452466,1496,1,0.05054964901356833,-0.02932687737309522,-0.002522341615566156,1.592316631776352e-05,-2.8641649518820574e-06,0.004707620533631313
37.651,-1.852222804816252,1.1421211255137256,2.423556852510447,0.22684001037783405,-0.2573117329175248,0.14304545641232405,1497,1,0.05047567468662217,-0.029336479591553385,-0.0025234074851864536,1.5629016814938472e-05,-3.124417839548028e-06,0.004704699567626307
37.676,-1.8478517216070967,1.1363129969689976,2.4276748188603574,0.12464288486964835,-0.19829065132790608,0.1890391951620015,1498,1,0.05044246104819755,-0.029354877324785048,-0.002524524649708471,1.5528404673668545e-05,-3.3592792269663528e-06,0.004702628950297414
37.701,-1.8459906605727698,1.1322065929473308,2.4330088122685467,0.017684271968111294,-0.14220810072905463,0.23858315223882734,1499,1,0.05042970110253797,-0.029329139708846354,-0.002525627941281061,1.5397316218398294e-05,-3.4805352380761543e-06,0.004700772282963711
37.726,-1.8469675080086911,1.1292025919325452,2.439603976472298,-0.0860940789694369,-0.09044789436083514,0.28814599308658234,1500,1,0.05044636137081236,-0.02936445020028537,-0.002526485236838372,1.561382261074827e-05,-3.263133733983823e-06,0.004697372861473807
37.751,-1.8502953645212414,1.1276841982292893,2.447416111922875,-0.1883216691074691,-0.02606818565460633,0.3367911420383131,1501,1,0.050492078619331575,-0.029365022352841434,-0.0025271991335206866,1.5824667257240034e-05,-2.9937201289299337e-06,0.004695986201629628
37.776,-1.8563835914640654,1.1278991826498148,2.456443533574215,-0.29699762967494125,0.03596058165460518,0.38518163906520453,1502,1,0.05048376965758301,-0.02934607022316201,-0.002527756879408024,1.618946308730318e-05,-2.8096604488304316e-06,0.004694662001118911
37.801,-1.8651452460049898,1.1294822273120197,2.466675193876137,-0.40318374245669714,0.08903791023468673,0.43129274931898787,1503,1,0.05046256959762647,-0.029339313491103625,-0.002528158144112695,1.6546153612117337e-05,-2.805441696333544e-06,0.0046933813947060005
37.826,-1.876542778586899,1.132351078161549,2.4780081710401634,-0.49703170740769737,0.13548568142278108,0.4732616312958185,1504,1,0.05043092159018263,-0.02934592180431597,-0.002528699477128022,1.69464012657089e-05,-2.9071701741619903e-06,0.004693821273986072
37.851,-1.8899968313753732,1.1362565113831584,2.4903382754409265,-0.5897724348708546,0.1890142293168636,0.5114565220596592,1505,1,0.05046551064089128,-0.029338133545781984,-0.002529473282065663,1.7160068691984055e-05,-2.8179977370423975e-06,0.004694454774251126
37.876,-1.9060314003304402,1.1418017896273915,2.503580997143145,-0.6929282478043306,0.2416485789354244,0.5458725504603713,1506,1,0.05043513645421522,-0.02930414633759622,-0.0025304767167608024,1.7266751350218567e-05,-2.9214369220849417e-06,0.004695069121151875
37.901,-1.9246432437655927,1.1483389403299307,2.5176319029639473,-0.7843740817736486,0.27997548450263754,0.5749569861418411,1507,1,0.050399991784837256,-0.029318249937465256,-0.0025317043054716884,1.7474097901714817e-05,-3.2033031520001824e-06,0.004693829451139158
37.926,-1.945250104419126,1.1558005638525246,2.5323288464502394,-0.8694808092110146,0.32017873778850836,0.59737110081384,1508,1,0.05041940768201796,-0.029327220467723895,-0.00253288905175147,1.743063811048308e-05,-3.324212285725419e-06,0.004691897780897541
37.951,-1.968117284226141,1.1643478772193552,2.5475004580046376,-0.9615776909780807,0.3641978086803495,0.6129233279181971,1509,1,0.05043331209146375,-0.029339698086707108,-0.0025343815873575108,1.7410352350556458e-05,-3.3477112734435758e-06,0.004691998889398599
37.976,-1.9933289889680272,1.174010454286541,2.5629750128461475,-1.0509070644203276,0.4108457284205714,0.6213808007638464,1510,1,0.050422376051177026,-0.029360903268600615,-0.0025362412592517566,1.7373652436354655e-05,-3.472147440139696e-06,0.004691964686540159
38.001,-2.0206626374471544,1.1848901636403826,2.578569498042828,-1.137545109782186,0.45245796857893567,0.6248872890186341,1511,1,0.050397745586717814,-0.029358337566960345,-0.0025386037567515173,1.7162547855587474e-05,-3.7598427668432987e-06,0.004693813513565517
38.026,-2.0502062444571414,1.1966333527154898,2.594219377297082,-1.2236159031347627,0.48694528131981785,0.6212667510811535,1512,1,0.050373971940162465,-0.029383921579785227,-0.0025414813509313412,1.7041009895893304e-05,-3.987011931482009e-06,0.004690506243111888
38.051,-2.0818434326038977,1.2092374277063755,2.6096328355968885,-1.296854312951468,0.527566934781899,0.6086477990349417,1513,1,0.050355705641150855,-0.029427034601491573,-0.002544380654318277,1.686929840181892e-05,-4.212505902542778e-06,0.004690562265160747
38.076,-2.115048960104711,1.2230116994545832,2.624651767248827,-1.3727752385208605,0.5612292284779626,0.5923934428133996,1514,1,0.05036895278445592,-0.02940753604530914,-0.002546834079021636,1.6598526102525215e-05,-4.3872396713250876e-06,0.00469331727641309
38.101,-2.150482194529937,1.237298889130272,2.639252507737557,-1.4468707223065125,0.5994989395190261,0.5692095997932846,1515,1,0.05037954620852577,-0.029464394002822074,-0.0025488044397652563,1.6811217028317046e-05,-4.411528492783481e-06,0.004689542000422032
38.126,-2.1873924962200326,1.2529866464305328,2.65311224723849,-1.5051507260452506,0.6459964268141221,0.5379374444725368,1516,1,0.05039541161101099,-0.029427536145462688,-0.0025502972697854258,1.6613217524512307e-05,-4.273145623632464e-06,0.004690832236384027
38.151,-2.2257397308322058,1.269598710470981,2.666149379961186,-1.5430446403268954,0.6662975475591502,0.5034545956209794,1517,1,0.0503983520261092,-0.029373301745356673,-0.0025516244162634995,1.634692614017276e-05,-4.040743956484095e-06,0.004694497440202954
38.176,-2.264544728236384,1.2863015238084932,2.678284977019541,-1.5441010198873595,0.6576052491988823,0.46550083861617947,1518,1,0.050414088807661114,-0.02935003244564436,-0.0025529359051843867,1.6170204071608976e-05,-3.943836301982554e-06,0.0046946206095552084
38.201,-2.3029447818265694,1.3024789729309232,2.6894244218919936,-1.480762583094912,0.6267718461881345,0.4226916729921522,1519,1,0.05044920743868922,-0.02938181757809529,-0.0025543676781007866,1.615009557038448e-05,-3.875435617973466e-06,0.004692312977011528
38.226,-2.3385828573911254,1.317640116117898,2.6994195606691473,-1.350743407967713,0.5756427176369455,0.375387099976491,1520,1,0.05045775777214762,-0.029393269011219574,-0.002555932056190482,1.5985423690536882e-05,-3.982412600459686e-06,0.004691273993493678
38.251,-2.370481952224951,1.3312611088127688,2.708193776890817,-1.2058939929233718,0.5121825909106955,0.32641502033930675,1521,1,0.05047323462966535,-0.029393224090669093,-0.0025573350014907745,1.5984120780013637e-05,-3.970639614625848e-06,0.004691058489668503
38.276,-2.398877557037299,1.343249245663435,2.715740311686114,-1.0695593083980512,0.452380637852762,0.2767147192886407,1522,1,0.050485071270956534,-0.02940848736556298,-0.0025586026211783085,1.6025840212739946e-05,-3.676940124184442e-06,0.0046891294999904624
38.301,-2.4239599176448583,1.3538801407054089,2.7220295128552503,-0.9331650018237789,0.3988356419358312,0.22702283940611648,1523,1,0.05046472084564176,-0.029415109538605263,-0.0025597756301370136,1.608310325562578e-05,-3.5907347771211097e-06,0.004687829635150672
38.326,-2.4455358071284854,1.3631910277602255,2.7270914536564193,-0.7975886875607161,0.33743344177154777,0.17864906002158193,1524,1,0.05045242119186703,-0.029396568237080978,-0.0025607503327563035,1.608402148840812e-05,-3.7243989781364546e-06,0.004686435248996112
38.351,-2.463839352022892,1.3707518127939853,2.730961965856329,-0.6630723565895135,0.28324355961965086,0.13256167792662452,1525,1,0.05045806513245324,-0.029426021886732975,-0.0025615293198897895,1.6216676110306964e-05,-3.888892398281725e-06,0.0046853045134544165
38.376,-2.478689424957959,1.3773532057412072,2.73371953755275,-0.5307433201924274,0.23608651831432445,0.09104035481899976,1526,1,0.05046451108171412,-0.029386087944627493,-0.002562084879372212,1.599437509766992e-05,-4.068316691605882e-06,0.004684763661776595
38.401,-2.4903765180325155,1.3825561387097025,2.7355139835972793,-0.4078390323423705,0.1761588794532348,0.055929275565324794,1527,1,0.050474652257800165,-0.02936041187173382,-0.0025625023741999427,1.5745791759045716e-05,-4.107492082672062e-06,0.004683514039957624
38.426,-2.4990813765750794,1.3861611497138697,2.7365160013310166,-0.29373236622821325,0.11283702705848084,0.02822986293691426,1528,1,0.05048807893533989,-0.029383169530494684,-0.0025629537215828392,1.56543169446342e-05,-3.997361341132325e-06,0.004681398733503762
38.451,-2.5050631363439253,1.3881979900626262,2.736925476744125,-0.17093068118790716,0.06748741556340249,0.009877624464965103,1529,1,0.050480779022046125,-0.029458024258781423,-0.002563352620003191,1.5809503823583582e-05,-4.035844545732727e-06,0.004680546397079729
38.476,-2.5076279106344743,1.3895355204920397,2.737009882554265,-0.05200604865902865,0.029282719307920924,0.0022137591018102235,1530,1,0.05050557689465178,-0.029426218394429986,-0.0025636468181673543,1.542531590705516e-05,-3.92854891210573e-06,0.0046782997454961825
38.501,-2.5076634387768766,1.3896621260280222,2.7370361646992154,0.05585868948331431,-0.018304599148029725,0.0005908552638266891,1531,1,0.05048487810562569,-0.029419232316533914,-0.002563824864177951,1.5106721612040249e-05,-4.092814702288261e-06,0.0046756695475746735
38.526,-2.5048349761603084,1.388620290534638,2.737039425317456,0.17452834223952896,-0.06305602322906352,0.0003784388023486362,1532,1,0.05047643364923034,-0.029409504781648853,-0.0025641349683233916,1.4628199925326385e-05,-4.077715839767261e-06,0.0046741493450607
38.551,-2.4989370216648994,1.3865093248665687,2.737055086639333,0.2842198618300246,-0.10443460054814818,0.00047110021985655073,1533,1,0.050509786626517,-0.029374454731249867,-0.0025642114811151432,1.4135410624482214e-05,-3.958591178945524e-06,0.0046710055393648165
38.576,-2.490623983068808,1.383398560507231,2.737062980328449,0.3642831189848235,-0.14321220287031458,-0.0001770087392483178,1534,1,0.050520011200143405,-0.029344709293554015,-0.002563916671783597,1.3744636405440928e-05,-3.7275580849100443e-06,0.00466856601630055
38.601,-2.4807228657156593,1.3793487147230534,2.7370462362023704,0.4115570841407357,-0.16023487785686208,-0.00013450303090856917,1535,1,0.05053320503942625,-0.029355519226734902,-0.002563493283864073,1.3763107540162365e-05,-3.5624557362500222e-06,0.004668063443576453
38.626,-2.4700461288617723,1.3753868166143883,2.7370562551769035,0.41277249736564803,-0.166098058002854,0.00041449717602223064,1536,1,0.050568409522910286,-0.029313027607438105,-0.0025630602637890586,1.3479486814835411e-05,-3.3477620660384843e-06,0.0046665277713371315
38.651,-2.460084240847375,1.37104381182291,2.7370669610611715,0.38160779378108545,-0.1626963080666849,0.00021964904580505166,1537,1,0.050541808800133564,-0.02936487522040991,-0.0025626342951855737,1.371106076504157e-05,-3.444735753017706e-06,0.004665128002225521
38.676,-2.4509657391727164,1.3672520012110534,2.737067237629194,0.3319575863634061,-0.13732760066903163,0.0005188181431848033,1538,1,0.050529804333805356,-0.029382987326105288,-0.002562304339186285,1.3800938081412198e-05,-3.603818728133128e-06,0.004663490911276667
38.701,-2.4434863615292057,1.3641774317894588,2.7370929019683308,0.26822412641897414,-0.11236665082894975,0.0008424273738239431,1539,1,0.05048627032146923,-0.029393519316621358,-0.0025620886824164126,1.3580144946827373e-05,-3.87964147159539e-06,0.004660848847709929
38.726,-2.4375545328517685,1.3616336686696062,2.737109358997885,0.2153592008557437,-0.08596354932645367,0.00012189910502336669,1540,1,0.05045434514620418,-0.029414879204043152,-0.0025620554751513134,1.346187174914572e-05,-3.9962789804656764e-06,0.004659017175030504
38.751,-2.432718401486419,1.3598792543231364,2.737098996923582,0.16485651335073664,-0.063205607893483,-0.00013570582252596616,1541,1,0.050472026843528785,-0.02938817689288699,-0.0025622677459163014,1.3100052495881064e-05,-3.842034296174358e-06,0.004657550989170543
38.776,-2.429311707184231,1.3584733882749318,2.7371025737067587,0.11604745172132068,-0.039055118960314994,-0.00039090094031909436,1542,1,0.05047777436408112,-0.029394963207151042,-0.002562728782844017,1.2905278353204609e-05,-3.719686988996876e-06,0.0046566860387209676
38.801,-2.4269160289003526,1.3579264983751205,2.737079451876566,0.08400756234326268,-0.02363527434837166,-0.00034271601099258034,1543,1,0.050445998476901475,-0.029343667925330975,-0.0025634248067230828,1.2380689702154567e-05,-3.952404899777458e-06,0.004656921264177814
38.826,-2.425111329067068,1.3572916245575133,2.737085437906209,0.06246205210388567,-0.020673363492226326,0.00024027887006285143,1544,1,0.050444761089046934,-0.02934148167568132,-0.002564300668645687,1.2225735007619181e-05,-3.98724715543758e-06,0.004655308284183269
38.851,-2.4237929262951585,1.3568928302005092,2.737091465820069,0.046142398157454204,-0.014551147236755152,-0.00020377159043684137,1545,1,0.050440918430505896,-0.029333834227956407,-0.002564875763161785,1.220433647576511e-05,-4.056168910991085e-06,0.004653977796351663
38.876,-2.4228042091591955,1.3565640671956756,2.737075249326687,0.03093247934806434,-0.015338943224801695,0.00018080037431643226,1546,1,0.0504501280009293,-0.029335080152772763,-0.0025654512596225442,1.2275395660053942e-05,-4.186459514813694e-06,0.0046531959058709535
38.901,-2.422246302327755,1.356125883039269,2.737100505838785,0.01745668002317864,-0.014912771893346005,0.0009206569670982315,1547,1,0.050451057615137754,-0.029372573458493305,-0.002566233975727457,1.2523806691576792e-05,-4.317326583449361e-06,0.004650508030418989
38.926,-2.4219313751580365,1.3558184286010082,2.737121282175042,0.014087080204259996,-0.009550118800621387,0.0009212515470480822,1548,1,0.05043603263982971,-0.02939941876033567,-0.002567295547791624,1.2759394980255975e-05,-4.303492395090125e-06,0.0046479098196201924
38.951,-2.421541948317542,1.355648377099238,2.7371465684161373,0.015293393422447269,-0.0005375677090580261,-0.0004558850621983172,1549,1,0.05043668793096422,-0.02939925869661041,-0.00256846033967685,1.28269124939795e-05,-4.257998022464164e-06,0.004646063703403795
38.976,-2.421166705486914,1.3557915502155553,2.737098487921932,0.01535014512440734,-0.0013944250334719482,-0.001479199588132558,1550,1,0.05042440569007028,-0.029357831851406436,-0.0025694451432020393,1.2781877328124437e-05,-4.307476069279421e-06,0.004648297972668851
39.001,-2.420774441061322,1.3555786558475644,2.7370726084367307,0.00910859981182377,-0.010823663738736188,-7.332990056063068e-05,1551,1,0.05043967730228684,-0.02936616181767726,-0.0025702266439763767,1.2890993591997546e-05,-4.273528460167194e-06,0.004648237729075649
39.026,-2.420711275496323,1.3552503670286185,2.737094821426904,0.004990432218416459,-0.00850458369860457,0.00047871275159923425,1552,1,0.05042240419907171,-0.029405421637435595,-0.0025709727464281384,1.3130035906242441e-05,-4.483392677290899e-06,0.004645045473482098
39.051,-2.420524919450401,1.3551534266626342,2.7370965440743107,0.007454073390987117,-0.00153911571702645,-0.00015482516488419577,1553,1,0.050415715177738,-0.029402777589635835,-0.0025715851999140314,1.3033620636631159e-05,-4.602241921198613e-06,0.00464448857415489
39.076,-2.4203385718267736,1.3551734112427671,2.73708708016866,0.004171782096751523,-0.0025391319628333187,0.00023654425445053485,1554,1,0.05042921144989987,-0.029388584854955064,-0.002571869029784648,1.2894570425464407e-05,-4.766220732578015e-06,0.004643814572955611
39.101,-2.4203163303455635,1.3550264700644925,2.737108371287033,0.0007028319664570803,-0.002494133449992972,0.0001568871981749798,1555,1,0.05044244086531498,-0.0294087414130463,-0.002571834212666348,1.30086250652991e-05,-4.887749299222858e-06,0.004641416145953583
39.126,-2.4203034302284507,1.3550487045702675,2.7370949245285687,0.00011176583885052096,0.0015486364561255528,-0.000471781638680073,1556,1,0.050443581112428124,-0.029404848913547596,-0.0025714443442769004,1.2895233582126497e-05,-5.071102280708758e-06,0.004640970089182471
39.151,-2.420310742053621,1.3551039018872988,2.737084782205099,-0.0010154575050601823,-0.0005277631538857624,0.00011023528258212903,1557,1,0.050439855396207454,-0.029398489102607797,-0.0025708787906073985,1.2832712620165431e-05,-5.304367441845872e-06,0.004640262854959327
39.176,-2.4203542031037037,1.3550223164125732,2.737100436292698,0.00026630616800639564,-0.00022049924659929418,0.00034016102321567646,1558,1,0.05043934950064878,-0.029412587631428275,-0.0025703342922183963,1.2955790808479973e-05,-5.449855539726732e-06,0.004638483151372673
39.201,-2.4202974267452206,1.3550928769249688,2.73710179025626,-0.004625154674791339,-0.000538453058691632,0.0008272621294392239,1559,1,0.050443078569706146,-0.029399713883700777,-0.002569940707139958,1.2754120332663284e-05,-5.558024701856038e-06,0.004637095131045783
39.226,-2.4205854608374433,1.3549953937596386,2.73714179939917,-0.00502770278952653,-0.0023090240492341855,0.0006091124933327654,1560,1,0.05041187368962372,-0.029428460392244768,-0.0025696865817917158,1.2880779869133881e-05,-5.771370852057175e-06,0.0046329186718392715
39.251,-2.420548811884697,1.3549774257225071,2.7371322458809266,0.0018802127466164894,-0.005163569230854485,8.061324169971608e-05,1561,1,0.050422018369131516,-0.029425360557522644,-0.002569579458503056,1.2818279915598494e-05,-5.529456237820337e-06,0.004631789816217763
39.276,-2.4204914502001125,1.3547372152980959,2.737145830061255,-0.00016612372387035638,-0.005205482670719963,0.0005475287836186981,1562,1,0.050445642646543526,-0.029449942323372932,-0.0025696388630192697,1.2998643514774711e-05,-5.442220864238817e-06,0.004630003282099513
39.301,-2.4205571180708905,1.354717151588971,2.7371596223201076,-0.0001613462355543141,0.0031835259088365962,0.0010366940211437616,1563,1,0.05043822080944876,-0.029450207119116844,-0.002569771234115369,1.3006476845819148e-05,-5.522321757038575e-06,0.004628433202915547
39.326,-2.42049951751189,1.3548963915935377,2.737197664762312,0.003820671857015729,0.0028133011869348403,0.016344714421459947,1564,1,0.05043561054193328,-0.02941841548603768,-0.0025699017851357102,1.3041441837708985e-05,-5.52160607331387e-06,0.0046273166699981
39.351,-2.4203660844780397,1.3548578166483178,2.7379768580411805,0.007401696327696138,-0.010613770909953572,0.06594174009708118,1565,1,0.05044420539679365,-0.029410012450980013,-0.0025697652959820083,1.326629440006674e-05,-5.525665944441175e-06,0.004625754626109082
39.376,-2.4201294326955054,1.35436570304804,2.740494751767166,0.017502028405214816,-0.024672181580014503,0.15478708828182264,1566,1,0.05045778217602663,-0.029436014051851866,-0.002569491677244481,1.3628009378152715e-05,-5.500873695896395e-06,0.004624284352633403
39.401,-2.419490983057779,1.353624207569317,2.7457162124552723,0.03369809366514144,-0.04803175646858761,0.2773750969271246,1567,1,0.05046546808762177,-0.029424413928688383,-0.002569081296446829,1.3842644379262196e-05,-5.600829897258191e-06,0.004623432102124171
39.426,-2.418444528012248,1.3519641152246105,2.7543635066135232,0.05932864701205691,-0.08199759518874772,0.42816088077396885,1568,1,0.05045779493950156,-0.029432250352551564,-0.0025687176401200623,1.411114337261668e-05,-5.583378039845536e-06,0.004623210731566418
39.451,-2.416524550707176,1.3495243278098799,2.7671242564939695,0.09315795142130409,-0.13897532187428743,0.6040217927673718,1569,1,0.05044370096290786,-0.029381273677266218,-0.00256872580137151,1.4108394590124472e-05,-5.672953753965328e-06,0.0046241145562338735
39.476,-2.4137866304411832,1.3450153491308965,2.78456459625189,0.14313974285614353,-0.21663738704900914,0.7988821507068354,1570,1,0.05042365401799531,-0.029403856278407272,-0.0025691007205401353,1.4313682500709284e-05,-5.74967980981851e-06,0.004623370625401133
39.501,-2.4093675635643694,1.33869245845743,2.807068364029309,0.20467631982864307,-0.3031162170026799,1.0086496578642319,1571,1,0.05043621079881798,-0.02937147063346529,-0.0025695159759688796,1.4313136245040952e-05,-5.7176325442656266e-06,0.004625559037340894
39.526,-2.40355281444975,1.3298595382807612,2.834997079145106,0.26236003827296167,-0.4022257861652502,1.2305098349575176,1572,1,0.050449965041424766,-0.029376203754436465,-0.0025701145577207915,1.4535520874782581e-05,-5.621586077977154e-06,0.004627371631738243
39.551,-2.3962495616507202,1.3185811691491658,2.86859385577719,0.3223062597317844,-0.49929432427943515,1.4589833035666573,1573,1,0.05046626821725834,-0.029395112994909094,-0.002570854342969473,1.4774995209064125e-05,-5.625809745398837e-06,0.004628235224975965
39.576,-2.387437501463162,1.3048948220667909,2.9079462443234347,0.37839587827792104,-0.5769336974050682,1.689451383918799,1574,1,0.05049292403833923,-0.029425916268241606,-0.002571709806270776,1.4988703652075979e-05,-5.576768022477427e-06,0.004630225215686701
39.601,-2.3773297677368253,1.289734484278914,2.9530664249731253,0.4348894256506311,-0.6631027720637861,1.9210632976291757,1575,1,0.050463350213478524,-0.029364244716672032,-0.002572502537843584,1.470724738581125e-05,-5.8749015185894655e-06,0.004636082418823058
39.626,-2.3656930301806316,1.2717396834636034,3.003999409204888,0.48622474721355796,-0.7484481849504238,2.149128770650369,1576,1,0.050487812953406354,-0.02939100751176649,-0.0025733969830635706,1.5018613956953791e-05,-5.953409464075649e-06,0.004639054707858984
39.651,-2.3530185303761453,1.2523120750313896,3.060522863505653,0.5349346054334424,-0.834215854970246,2.3709332420699814,1577,1,0.05043863585958326,-0.02934040889872656,-0.0025744136644134637,1.490025417851438e-05,-6.289196877037838e-06,0.004646358829890872
39.676,-2.338946299908957,1.2300288907150876,3.1225460713083972,0.5926240843454503,-0.9219854723624223,2.5851749261041284,1578,1,0.05044037098240821,-0.029396795641198705,-0.0025753792155990595,1.5163786901586352e-05,-6.360256022715186e-06,0.004651383977947793
39.701,-2.3233873261588744,1.2062128014132711,-3.0934036973687338,0.6443088740797809,-0.9979130597862119,2.78658983500076,1579,1,0.05044847447230491,-0.02937665598593053,-0.0025760044902733096,1.5046599536177519e-05,-6.537810764636408e-06,0.004656758373061013
39.726,-2.30673085620497,1.1801332377257798,-3.021309744121159,0.6871947917207901,-1.0813249116591532,2.974035007983558,1580,1,0.05044548675718627,-0.029405260350829153,-0.002576380432282562,1.517501090896232e-05,-6.817397961388951e-06,0.0046633351543471065
39.751,-2.289027586572837,1.1521465558303166,-2.9447019469695643,0.7375458744662027,-1.1547254511296627,3.146183589170766,1581,1,0.050418510020573466,-0.029433924324428404,-0.0025767789222727816,1.539695818471779e-05,-7.013316119348493e-06,0.004670405778774243
39.776,-2.2698535624816567,1.1223969651692918,-2.864000564662607,0.7901084413241969,-1.2277586552714246,3.3000009120914813,1582,1,0.050428812182334325,-0.029438606527306777,-0.002577212682328293,1.5310096497826064e-05,-6.984668501679546e-06,0.004677357816005158
39.801,-2.2495221645066237,1.09075862306674,-2.779701901364976,0.8360014128396052,-1.296770804073664,3.434617266812765,1583,1,0.050437635828689445,-0.029452505703596477,-0.0025778072829173563,1.5430842672172597e-05,-7.140770423120769e-06,0.004685065152064156
39.826,-2.228053491839679,1.0575584249656123,-2.6922697013219787,0.878946229826717,-1.3599675960595965,3.5488181054740826,1584,1,0.05044300262291859,-0.029437800439394698,-0.0025787312583679454,1.5543736945954022e-05,-7.380629006322976e-06,0.0046938093891945145
39.851,-2.2055748530152903,1.0227602432637641,-2.602260996091282,0.9277538120539036,-1.428205692684085,3.641661608938443,1585,1,0.05043489505506796,-0.029409111983279248,-0.0025800290250255933,1.568729601660869e-05,-7.506032482862752e-06,0.004703354305598938
39.876,-2.1816658012369863,0.9861481403314121,-2.510186620875067,0.9720969348532519,-1.5027583498497317,3.7119453635726916,1586,1,0.05047326616238677,-0.02940475036351112,-0.0025816357788088257,1.5735172427174285e-05,-7.200898964908027e-06,0.004710426400128672
39.901,-2.1569700062726236,0.9476223257712711,-2.4166637279126317,1.0117461830957033,-1.571323720564039,3.7582267730218257,1587,1,0.050465942285963745,-0.029434805221496906,-0.002583361435244502,1.5917343934442338e-05,-7.228847318409741e-06,0.004717795317379015
39.926,-2.131078492082197,0.9075819543032034,-2.3222752822239596,1.0510929744908701,-1.6280354375009292,3.7798470584799055,1588,1,0.05047947267476708,-0.029454053873954576,-0.002585035618848518,1.5986020299454364e-05,-7.139377680192579e-06,0.004724931898174402
39.951,-2.104415357548083,0.8662205538962293,-2.227671374988647,1.0797647438530324,-1.679201422435912,3.7775399952678175,1589,1,0.05046959139838686,-0.029435772933172857,-0.0025864210059779696,1.5838776193903364e-05,-7.227146777015203e-06,0.004734596252244418
39.976,-2.0770902548895482,0.8236218831814126,-2.1333982824605795,1.110968054980904,-1.7118773962311002,3.752294916506562,1590,1,0.05044564073951328,-0.02941826309162109,-0.0025873708621249104,1.5740435577627825e-05,-7.304120320938966e-06,0.004743045765765968
40.001,-2.048866954799041,0.7806266840846792,-2.0400566291633297,1.107402864196162,-1.708084708340639,3.702760336710775,1591,1,0.05049552931359299,-0.029413427241457013,-0.002587908175385905,1.5428914430506907e-05,-7.241048917119736e-06,0.004750460143505823
40.026,-2.0217201116797354,0.7382176477643734,-1.9482602656250252,1.075181382132026,-1.6686409046261927,3.6298475996019266,1592,1,0.05046375607614554,-0.02938874865017754,-0.002588106921697487,1.5308340520581547e-05,-7.391320780753667e-06,0.004760348750491546
40.051,-1.9951078856924351,0.6971946388533624,-1.858564249183218,1.0450464853049697,-1.611867561602139,3.534803004249932,1593,1,0.05047597881134964,-0.029376866865451576,-0.0025880814907846793,1.5081103251815564e-05,-7.277898647618792e-06,0.004768708361685808
40.076,-1.96946778741449,0.657624269684271,-1.7715201154125388,0.9957613434257817,-1.543253158568444,3.4172546041682836,1594,1,0.0504808159661665,-0.029380328325685684,-0.002587997527807895,1.5077034517376882e-05,-7.056464265408843e-06,0.004776093161521164
40.101,-1.9453198185211489,0.6200319809249446,-1.6877015189748135,0.953104641232315,-1.4776055004853035,3.2790664203925957,1595,1,0.05047605982873129,-0.029312927426109702,-0.00258780980564022,1.4965450247412495e-05,-7.157315570769787e-06,0.00478528630959796
40.126,-1.9218125553528769,0.58374399466001,-1.6075667943929184,0.9213105723902228,-1.4156661476469048,3.1226824130958697,1596,1,0.05047923619752888,-0.029309666814506235,-0.002587796901029119,1.4932761146077895e-05,-7.037098700963038e-06,0.004794075003894902
40.151,-1.8992542899016338,0.5492486735425933,-1.5315673983200069,0.8715267184302279,-1.3287388939419964,2.948610511676015,1597,1,0.05049836831353007,-0.02931848588451192,-0.0025880958252322847,1.4737493196097213e-05,-6.819859087057486e-06,0.004801788938781345
40.176,-1.8782362194313618,0.5173070499629046,-1.460136268809105,0.7969432662200013,-1.2153537946252004,2.75821875329895,1598,1,0.05052050392796592,-0.029337840443975506,-0.0025886981717619054,1.4666618716043319e-05,-6.482462665534292e-06,0.004808889750273347
40.201,-1.859407126590636,0.48848098381133676,-1.3936564606550672,0.7134927189683765,-1.093464411152285,2.5544608816013112,1599,1,0.0505356402410315,-0.029326282819573384,-0.002589745825748805,1.46016253693031e-05,-6.469136372619158e-06,0.004816908075162204
40.226,-1.842561583482945,0.4626338294052934,-1.3324132247290466,0.6448382804701736,-0.9709850945732409,2.3401670564409915,1600,1,0.05052976223318612,-0.029332450407225773,-0.002591167768452623,1.471393481474046e-05,-6.514900091589022e-06,0.004823978990124852
40.251,-1.8271652125671292,0.43993172908267747,-1.2766481078330245,0.5657151184012805,-0.844623488232933,2.117453525809966,1601,1,0.05054366967954167,-0.029407475558168875,-0.002592809944702799,1.5084779963272137e-05,-6.372147650060985e-06,0.004830330421970205
40.276,-1.8142758275628785,0.42040265499364315,-1.2265405484385392,0.4812585869839248,-0.727550898285887,1.888385320819167,1602,1,0.05056113737322085,-0.02939456280880951,-0.0025946034960737958,1.5080526243506587e-05,-6.6087711776727e-06,0.004835155506749801
40.301,-1.8031022832179309,0.40355418416838,-1.182228841792058,0.4065429047127376,-0.6219380856640075,1.65652306536718,1603,1,0.050561687416423716,-0.02940008373833386,-0.0025964466174767647,1.5070558284310645e-05,-6.8753144581788135e-06,0.004840311905129624
40.326,-1.7939486823272428,0.38930575071044454,-1.1437143951701851,0.3365436393711288,-0.5187187903955588,1.4253200324919135,1604,1,0.05055232657652251,-0.029367363931999173,-0.0025981182174697674,1.506974713199105e-05,-7.165098446272489e-06,0.004843676947401185
40.351,-1.7862751012493754,0.37761824464860355,-1.1109628401674663,0.27346368090128914,-0.41288517095167915,1.1976272724047792,1605,1,0.050534046311652196,-0.029370563912184098,-0.0025995311175786378,1.5346612272401126e-05,-7.382891086781689e-06,0.004846685987721217
40.376,-1.7802754982821791,0.36866149216286176,-1.0838330315499496,0.20718288209875546,-0.30852490098030516,0.977962661011139,1606,1,0.05054004340687312,-0.02937650671162279,-0.0026006242444516466,1.559886638096001e-05,-7.603730097937231e-06,0.004850420520813665
40.401,-1.7759159571444367,0.362191999599587,-1.0620647071169054,0.14188978337509217,-0.20932174993287692,0.7695575127479924,1607,1,0.05055100349330696,-0.02937925520150616,-0.0026016631541870058,1.5692275472094674e-05,-7.868914700261733e-06,0.004852896518417695
40.426,-1.773181009113424,0.358195404666217,-1.0453551559125465,0.07144935126800218,-0.10696049784732317,0.576891620774968,1608,1,0.050549276652908044,-0.029386126824770244,-0.0026027911936480834,1.572850858735139e-05,-8.290140063976534e-06,0.004855645942778742
40.451,-1.7723434895810368,0.3568439747072211,-1.0332201260781586,0.006680846838454204,-0.008941494216772547,0.40421157349144277,1609,1,0.050563631983432306,-0.029369495527169383,-0.0026039191704378428,1.5599524993344785e-05,-8.544101386499063e-06,0.004856496706900392
40.476,-1.7728469667715012,0.3577483299553784,-1.0251445772379755,-0.04494317580743068,0.06998526436789286,0.2573243977412223,1610,1,0.0505749134006738,-0.029371634012747033,-0.0026048909298295214,1.5198007551246298e-05,-8.817580839216356e-06,0.004858075143459963
40.501,-1.7745906483714082,0.36034323792561557,-1.020353906191098,-0.10424403033260976,0.15417136859065778,0.13968909627638001,1611,1,0.05050457989508656,-0.029374935336690777,-0.002605506837057867,1.516812012157741e-05,-9.441784858072761e-06,0.004856385215235874
40.526,-1.7780591682881322,0.36545689838491197,-1.0181601224241559,-0.15801210886165137,0.23209098952744164,0.05540020004253659,1612,1,0.05051726543437262,-0.029354492093560405,-0.0026060402181031805,1.4979386128130378e-05,-9.649950759229972e-06,0.004856495847769627
40.551,-1.7824912538144915,0.37194778740198864,-1.0175838961889707,-0.16944289765498408,0.2582361171429417,0.01143602607529169,1613,1,0.05055705333349434,-0.02932520419212103,-0.0026062746407286104,1.4888981690256248e-05,-9.767838513730259e-06,0.004856139828363319
40.576,-1.7865313131708809,0.3783687042420583,-1.0175883211203915,-0.1607881139391856,0.24868425660445084,-0.000621305170209787,1614,1,0.05054258779468127,-0.029342982304016343,-0.002606188430172873,1.506955454787048e-05,-9.877692678115154e-06,0.00485613143851516
40.601,-1.7905306595114503,0.3843820002322105,-1.0176149614474814,-0.1418112635288829,0.21988794431368391,-0.0013129977697002495,1615,1,0.05053484786732734,-0.02932994277840697,-0.002606009945307183,1.513328727708967e-05,-1.01836264981109e-05,0.004856015677994335
40.626,-1.7936218763473246,0.3893631014577419,-1.0176539710088766,-0.10326093943797252,0.16856548477452443,-0.0013619296228294334,1616,1,0.050545171355154545,-0.0293431770459561,-0.002605862346843631,1.5246092079775228e-05,-1.0434322486757362e-05,0.004856819060118584
40.651,-1.7956937064833494,0.3928102744709374,-1.017683057928623,-0.06881698203094667,0.10664602923965628,-0.00120513763350861,1617,1,0.05053266962219644,-0.02935698732096766,-0.0026057654529806906,1.5328372661154962e-05,-1.072375460946406e-05,0.0048570317969354035
40.676,-1.7970627254488722,0.39469540291972516,-1.0177142278905522,-0.039683536839161294,0.055955413984698346,-0.0006396010005627425,1618,1,0.05050668301282476,-0.02933339819425726,-0.002605781951563052,1.521352604690467e-05,-1.0972929011331782e-05,0.004856110131140354
40.701,-1.7976778833253073,0.3956080451701722,-1.017715037978651,-0.01564285690697087,0.023105259367293334,3.376451397585548e-05,1619,1,0.05049494955895161,-0.02932756287499809,-0.0026061892277651722,1.5217186324301735e-05,-1.1201879258278406e-05,0.0048549847295902
40.726,-1.7978448682942207,0.39585066588808976,-1.0177125396648534,0.0030435724299506316,-0.0017005494973488656,-0.0005471176635208108,1620,1,0.05049423541506875,-0.02932577843391152,-0.0026067878556463946,1.5293385959961905e-05,-1.1363941925993496e-05,0.004854105012979003
40.751,-1.7975257047038098,0.39552301769530473,-1.017742393861827,0.01519039513724211,-0.021793258703430102,-0.0005557462956673002,1621,1,0.05047164067023378,-0.02934030843970333,-0.002607478974991382,1.5527686917545044e-05,-1.1461066678686658e-05,0.004853469625894949
40.776,-1.7970853485373586,0.39476100295291816,-1.017740326979637,0.015369881485128656,-0.022674076261224595,-0.0002164648196511891,1622,1,0.0504324385592768,-0.029337413006032247,-0.002608222559002131,1.553613510241901e-05,-1.1705278235031888e-05,0.004851841336092029
40.801,-1.7967572106295533,0.3943893138822434,-1.0177532171028096,0.003385843117351876,-0.016575534117587554,-0.000739997949903468,1623,1,0.05044657347406959,-0.02935149963665719,-0.0026090778293513424,1.5578609235249003e-05,-1.1572526801792204e-05,0.004851509679613684
40.826,-1.796916056381491,0.39393222624703883,-1.0177773268771324,-0.003104706938934675,-0.015251604009429466,-0.000395527907031146,1624,1,0.05046537375432643,-0.02930306928241353,-0.0026100166100795578,1.530154314248935e-05,-1.1411642407325672e-05,0.004850648894377245
40.851,-1.7969124459765,0.393626733681772,-1.017772993498161,-0.0027244008028006078,-0.007510642919780635,-0.00011843622623076263,1625,1,0.050462216194055505,-0.0292928142936726,-0.0026107485418718113,1.5131754138442694e-05,-1.1380061500722239e-05,0.004848784502301451
40.876,-1.797052276421631,0.3935566941010498,-1.017783248688444,-0.0023787996659938773,-0.00015307977674015953,-0.0005405893574561099,1626,1,0.05047679223473006,-0.029285286265309476,-0.0026111708301153453,1.5045539741704046e-05,-1.1258545600141333e-05,0.004848276558514744
40.901,-1.7970313859597997,0.39361907969293497,-1.0178000229660336,0.004999266113511887,0.0037943407199178087,-0.0006327630126267707,1627,1,0.0504796707293264,-0.02930670773220512,-0.002611124012985257,1.5213221083710534e-05,-1.1358384466681395e-05,0.0048479756493522074
40.926,-1.7968023131159554,0.3937464111370457,-1.0178148868390753,0.00027708378131043233,0.006127646721095019,-0.0005864047426129892,1628,1,0.05046552317396099,-0.02935350556427759,-0.002610706706031221,1.532374217619489e-05,-1.1519609157956229e-05,0.004847087743698545
40.951,-1.7970175317707342,0.3939254620289897,-1.017829343203164,-0.0029084872784414504,0.00602070526190802,-0.0005860861701023956,1629,1,0.05048438306750399,-0.02934697853022841,-0.002610170084227555,1.53171781424948e-05,-1.1480866816606301e-05,0.004846704602626847
40.976,-1.7969477374798775,0.3940474464001411,-1.0178441911475806,-0.004935092518958686,0.006039739336869753,-0.0009289166866289195,1630,1,0.050469629349594515,-0.02936917154210744,-0.002609672254891347,1.537445390628293e-05,-1.147022906679978e-05,0.004846333579165638
41.001,-1.7972642863966821,0.3942274489958332,-1.0178757890374952,-0.008128416700658309,0.004223795077562182,-0.0007377248500705573,1631,1,0.05049010953045875,-0.02934885532909613,-0.0026093097136785006,1.5183614085289451e-05,-1.1383307140276848e-05,0.004846341252304753
41.026,-1.7973541583149104,0.39425863615401924,-1.0178810773900842,-0.010233588073033333,-0.00035261351371215544,-0.00041919582199231067,1632,1,0.050475634261736464,-0.02934734196092663,-0.0026091030600272516,1.5208868710790129e-05,-1.1402671014280573e-05,0.004844981008912759
41.051,-1.7977759658003338,0.39420981832014756,-1.0178967488285948,-0.006066335894550424,-0.002078695569107787,-0.00021812702615699026,1633,1,0.05048298180162711,-0.02930350281245691,-0.002609207569643788,1.5046804650347085e-05,-1.1092480540954307e-05,0.0048440755489041806
41.076,-1.797657475109638,0.39415470137556385,-1.017891983741392,-0.0007920386662485962,0.0012767745677367442,-0.0005133517343125796,1634,1,0.050458632563476116,-0.02932662989982572,-0.0026097534466584266,1.523652836757871e-05,-1.1181149828222407e-05,0.004842734602864098
41.101,-1.7978155677336463,0.3942736570485344,-1.0179224164153104,-0.007051477241968708,-0.0008631566811623739,-0.0004659210555147107,1635,1,0.0504839438825616,-0.029327391746094774,-0.0026105258265759906,1.509027827919011e-05,-1.1092821343404383e-05,0.004842612852071937
41.126,-1.7980100489717363,0.39411154354150574,-1.0179152797941677,-0.0074367608423780195,-0.0034205762962655063,0.003882657779943013,1636,1,0.050482913495629285,-0.029304844137792597,-0.0026114210343411294,1.4845308590949604e-05,-1.1214595111804155e-05,0.0048411404726947365
41.151,-1.7981874057757652,0.3941026282337211,-1.0177282835263133,-0.0006087252557751035,-0.00017304832910623649,0.01793184520504656,1637,1,0.05050359809084657,-0.02929477887808637,-0.002612406646374322,1.4539209738008144e-05,-1.108826315372945e-05,0.0048403747983798585
41.176,-1.798040485234525,0.3941028911250504,-1.0170186875339151,0.015044949649359618,-0.0018521389894255945,0.04503234117281075,1638,1,0.05051254802366802,-0.029303068273307874,-0.002613496009557216,1.4162482487029558e-05,-1.0870144262775587e-05,0.004839739846333331
41.201,-1.7974351582932973,0.39401002128424983,-1.0154766664676729,0.04152804165568083,-0.0022873663962387405,0.0844654162156159,1639,1,0.05050594304907966,-0.029301981456136612,-0.002614604275459779,1.3932676015990123e-05,-1.0826036470853385e-05,0.004839710544249246
41.226,-1.7959640831517412,0.3939885228052385,-1.0127954167231343,0.08828825583092006,-0.00031444012345895457,0.1346880306579289,1640,1,0.05050009900510866,-0.02930072708078119,-0.0026156630182797226,1.387401999510113e-05,-1.0584829783661032e-05,0.004838928465445891
41.251,-1.7930207455017515,0.3939942992780769,-1.0087422649347768,0.1615734853389168,0.0035027958029839944,0.1935102970657367,1641,1,0.05048068489329136,-0.02929891813569593,-0.0026167001256910552,1.3928024061339412e-05,-1.039677863932496e-05,0.004837240497047653
41.276,-1.7878854088847946,0.3941636625953877,-1.0031199018698467,0.2627911903884026,0.01312951145561291,0.2587876661872503,1642,1,0.05045379312219128,-0.029309651477176603,-0.0026177443350225175,1.4045813610448479e-05,-1.0310186668302233e-05,0.004836339505100432
41.301,-1.7798811859823302,0.3946507748508576,-0.9958028816254132,0.37779930478969365,0.025093397307292303,0.33005480557856004,1643,1,0.050429515328011446,-0.02934293595026489,-0.0026185669772153287,1.4174271883860027e-05,-1.0236376035181736e-05,0.004836074050410702
41.326,-1.768995443645311,0.39541833246075225,-0.9866171615909194,0.47336388387790446,0.03604410991783973,0.40675543667230235,1644,1,0.05040189910865793,-0.029395394475625575,-0.002619242483696766,1.4425858483849735e-05,-1.0399471906259483e-05,0.004835559466732521
41.351,-1.7562129917884364,0.3964529803467495,-0.9754651097917993,0.5649750667138741,0.04278663853323338,0.486330978515782,1645,1,0.05042118727383791,-0.029387071138355474,-0.0026198760923993236,1.4489503304084451e-05,-1.0370992827181e-05,0.004835150926461306
41.376,-1.740746690309619,0.3975576643874138,-0.9623006126651317,0.6677553872642291,0.05078801036941705,0.5682572924488265,1646,1,0.050419438093262485,-0.02937253358769951,-0.002620161288073103,1.4658376610513863e-05,-1.0568418847061571e-05,0.004835474748980069
41.401,-1.722825222425222,0.39899238086522054,-0.9470522451693556,0.766068132679051,0.06256362415499006,0.6511205826589772,1647,1,0.05044143624095929,-0.029352715786265773,-0.0026203269375072885,1.5045087623587813e-05,-1.069010738659224e-05,0.004834504810307146
41.426,-1.702443283675663,0.40068584559516357,-0.9297445835321801,0.8702358685266727,0.07191284324249057,0.7340899879953318,1648,1,0.050473249094294514,-0.029328043275850542,-0.0026203976603093003,1.5383404518139087e-05,-1.0709963340196751e-05,0.004834897640326344
41.451,-1.679313428998891,0.40258802302734487,-0.9103477457695909,0.9698637709850529,0.07853045625124791,0.816471522559514,1649,1,0.05048063953479751,-0.029342280826619917,-0.002620383086594637,1.5807013452542177e-05,-1.0944487104710405e-05,0.004835875955107511
41.476,-1.6539500951264132,0.40461236840772574,-0.8889210074042067,1.0658946743391946,0.08494813017802011,0.8966586279662602,1650,1,0.05049437476568084,-0.029327587405566388,-0.00262015606413485,1.5982335516705734e-05,-1.1076629241272035e-05,0.004836358449193053
41.501,-1.6260186952819342,0.40683542953624563,-0.8655148143712804,1.1659595608923983,0.09640078510564543,0.9749099255113037,1651,1,0.05049426953923567,-0.029335952439486935,-0.0026198806664131584,1.626130566530603e-05,-1.1115308897732301e-05,0.004837269688934391
41.526,-1.5956521170817883,0.4094324076630084,-0.8401755111286374,1.2544307977782627,0.10307846364676752,1.048991782776864,1652,1,0.05050671020320486,-0.02936897585167612,-0.0026196369321634895,1.6608221364550843e-05,-1.1241764386009505e-05,0.004837676733167414
41.551,-1.5632971553930157,0.41198935271858445,-0.8130652252324329,1.3434575960846615,0.10672502155583181,1.1183743671581516,1653,1,0.05051553831699893,-0.02935014348797909,-0.0026192291296135727,1.647631949183896e-05,-1.1447676613629248e-05,0.004839913533903186
41.576,-1.528479237277559,0.4147686587407997,-0.784256792770733,1.432905252141398,0.11614405056564964,1.1837622180857428,1654,1,0.0505092687210608,-0.02936464547116882,-0.0026186939768269913,1.632244754715114e-05,-1.1438226677253783e-05,0.004842515595960768
41.601,-1.49165189278595,0.4177965552468666,-0.7538771143281493,1.5218071305023195,0.12171223376192945,1.2434378930648822,1655,1,0.050524251652190176,-0.029367698412663366,-0.0026182063553632554,1.601623922564219e-05,-1.1458269417866827e-05,0.004844844368609999
41.626,-1.4523888807524474,0.42085427042889584,-0.7220848981174922,1.6134143503778597,0.12379485507351738,1.2971227380916122,1656,1,0.05049607251403763,-0.02939401808136424,-0.002617949509781761,1.5658416285848577e-05,-1.1488217025111365e-05,0.004847486641939054
41.651,-1.41098117526705,0.423986298000543,-0.6890209774235632,1.6844729966243384,0.12863081994522144,1.3447528199450884,1657,1,0.050455699601389896,-0.029418083769973683,-0.0026179347518376925,1.5353897314899068e-05,-1.1610890462158547e-05,0.004849992172863496
41.676,-1.3681652309212233,0.42728581142615746,-0.6548472571202323,1.750943014815391,0.13744816877550917,1.3852581934984876,1658,1,0.05047402383533432,-0.029379383769638376,-0.002617921651068825,1.4898255792248877e-05,-1.142441230376234e-05,0.00485200489189524
41.701,-1.3234340245262854,0.43085870643931806,-0.6197580677486426,1.8343009040553881,0.14316555923560328,1.4182026566526413,1659,1,0.05050682544072569,-0.02935450045556144,-0.0026180563631042937,1.4735364308389727e-05,-1.1272669650548224e-05,0.004854788735668475
41.726,-1.2764501857184591,0.4344440893879372,-0.5839371242876042,1.9134703912445583,0.14760957246024836,1.4438710398411492,1660,1,0.050491213873899266,-0.02935531755376784,-0.002618456755654001,1.4770687336801417e-05,-1.1505283747503688e-05,0.004857793320719469
41.751,-1.227760504964063,0.43823918506233006,-0.5475645157565894,1.9840646729024365,0.15281599521905362,1.4622479955871266,1661,1,0.050498606499066484,-0.0293479308720704,-0.002618972755572571,1.471951354424292e-05,-1.149569333862392e-05,0.004861251665940209
41.776,-1.1772469520733289,0.44208488914889055,-0.5108247245082415,2.061471580084439,0.15709172122099316,1.4727677167453899,1662,1,0.05049636166670063,-0.02933452593734891,-0.002619607259102654,1.4822463950171388e-05,-1.1656349587746875e-05,0.004864025070633196
41.801,-1.1246869259598322,0.4460937711233804,-0.4739261299193134,2.1334905935093142,0.16593951811174346,1.4751750036535456,1663,1,0.05046974558931675,-0.02934989902838245,-0.002620435841207306,1.4899931867451286e-05,-1.1906996835200724e-05,0.004866110556608237
41.826,-1.0705724223978692,0.45038186505447725,-0.43706597432556854,2.195365843784454,0.17617239187608938,1.4694684082089307,1664,1,0.05047615072043681,-0.029362786565849147,-0.0026214435015878084,1.4840290740354472e-05,-1.212480494269431e-05,0.004868519753206972
41.851,-1.0149186337706158,0.45490239071718436,-0.4004527095088711,2.2659277588060145,0.17711110434061159,1.4560551624529456,1665,1,0.05050343599666316,-0.029373787717628858,-0.002622574227783174,1.489531935577397e-05,-1.2158431860064134e-05,0.004870948734660689
41.876,-0.9572760344575749,0.4592374202715073,-0.36426321620292546,2.3378102834254437,0.17992022709985253,1.435197439039355,1666,1,0.05046578611061111,-0.02937722560870948,-0.002623915667419038,1.4944776089673234e-05,-1.2276714198029078e-05,0.004873685387104845
41.901,-0.8980281195993336,0.46389840207217775,-0.32869283755689727,2.3935308467282645,0.18995181015769957,1.4065649117810386,1667,1,0.05044329771338032,-0.02940320816541056,-0.002625347058179274,1.5095952246677842e-05,-1.2216276699475474e-05,0.00487474902609293
41.926,-0.8375994921211515,0.4687350107793931,-0.29393497061386736,2.4294579606176274,0.19268808057452222,1.3699771399993634,1668,1,0.05045603739864809,-0.029413954528234747,-0.00262672592502393,1.4983764237498262e-05,-1.2095355602677113e-05,0.004877343431096565
41.951,-0.7765552215684591,0.4735328061009033,-0.2601939805569331,2.385139988584901,0.18532917751119038,1.3264247580733501,1669,1,0.05050765388904481,-0.029381033158341414,-0.0026279343983996407,1.4679070001963813e-05,-1.1861809762658247e-05,0.004880517835620911
41.976,-0.7183424926919132,0.4780014696549521,-0.22761373271020346,2.2339528452625306,0.17191983754434514,1.2758990901590843,1670,1,0.050508201066715386,-0.029364960650668917,-0.0026291676318063073,1.4559763171127233e-05,-1.1738765393653518e-05,0.004883176784995584
42.001,-0.664857579305339,0.4821287979781201,-0.1963990260489827,2.056231751198905,0.15764209859974054,1.2198268577300313,1671,1,0.05054192009664971,-0.029336972633033524,-0.0026301698114965808,1.4315104156174975e-05,-1.1533641707234623e-05,0.004887404670758268
42.026,-0.6155309051319592,0.4858835745849398,-0.16662238982369665,1.888384258760013,0.14740342354468158,1.1583698281777888,1672,1,0.05054730209014148,-0.029318933035999483,-0.002631037851203017,1.4307600827231263e-05,-1.1407484931296786e-05,0.004889144869733483
42.051,-0.5704383663673303,0.4894989691553548,-0.1384805346400882,1.722869231334532,0.13756804661523964,1.090640002071703,1673,1,0.05056089778943762,-0.029326392415887827,-0.002631649503477933,1.434016421223895e-05,-1.1498096489855889e-05,0.004892238584495293
42.076,-0.5293874435652375,0.4927619769157014,-0.1120903897201144,1.5589478919273978,0.1241105685276837,1.019007817316724,1674,1,0.05055948160093699,-0.029332241644734712,-0.002631791466383775,1.4324876652383512e-05,-1.1576957543899807e-05,0.004894716464446232
42.101,-0.4924909717709648,0.4957044975817386,-0.08753014377425511,1.3969235282557964,0.11277926240829436,0.9440829362598094,1675,1,0.05057243948825647,-0.029330629918939467,-0.0026314450494442417,1.4323640356293981e-05,-1.1799092454445063e-05,0.0048964514512689315
42.126,-0.45954126715245164,0.4984009400361158,-0.06488624290712668,1.2421204684649896,0.10125640395084481,0.8649646566918063,1676,1,0.05058634309964524,-0.029335432637752148,-0.0026307254279128276,1.4181521111653527e-05,-1.183203733816777e-05,0.004896629421653652
42.151,-0.43038494834771,0.5007673177792813,-0.04428191093966129,1.0892757705511196,0.08685664882277214,0.783629867767268,1677,1,0.05059154705878581,-0.029336190407295758,-0.002629597534978477,1.412965838870766e-05,-1.1906448303916343e-05,0.00489825077626892
42.176,-0.405077478624891,0.5027437724772548,-0.025704749518759805,0.943489254632878,0.07324713091813678,0.7006639573676176,1678,1,0.050606270436523486,-0.029320841667596412,-0.0026282100459491106,1.3936911892597884e-05,-1.2102195507315082e-05,0.004898357640426679
42.201,-0.3832104856160688,0.5044296743251879,-0.009248713071282359,0.8038617716928733,0.06675650862507589,0.6170625818418514,1679,1,0.050592479264570285,-0.02931144496067692,-0.00262669620436591,1.3739231120164182e-05,-1.24578249455934e-05,0.004900234204847276
42.226,-0.36488439004024964,0.5060815979085084,0.005148379573330934,0.6628901838921252,0.05720251107559019,0.5344789515179509,1680,1,0.05058286403551375,-0.029334662481965056,-0.0026251904476806537,1.363365319082209e-05,-1.2808164896284085e-05,0.0049010374681916075
42.251,-0.3500659764214644,0.5072897998789673,0.01747523450461352,0.5241389817760252,0.0409522497332025,0.4532171361698425,1681,1,0.050575803271984604,-0.029330591391685683,-0.00262370482181971,1.3419898037982234e-05,-1.2889034204162172e-05,0.004902620026710274
42.276,-0.33867744095144614,0.5081292103951687,0.027809236381824854,0.3924496842116763,0.030995276542300075,0.37518596730668285,1682,1,0.05057466192610674,-0.029312247785485385,-0.0026221958877381264,1.3119301651686002e-05,-1.2984632141625354e-05,0.004903100082449017
42.301,-0.33044349221087893,0.5088395637060824,0.03623453286994942,0.26225478282887066,0.024336956331846567,0.30054735151420364,1683,1,0.05055579361267296,-0.02931351747058289,-0.002620898574437595,1.3177725128565365e-05,-1.3024321218588772e-05,0.004902858734365091
42.326,-0.32556470181000335,0.5093460582117609,0.042836603957534095,0.12763509204583082,0.017000515314294775,0.23056029385874122,1684,1,0.05055763811133338,-0.029318649382902524,-0.002619909327428406,1.3605860798131674e-05,-1.2787803884344765e-05,0.004903542013278962
42.351,-0.32406173760858775,0.5096895894717971,0.04776254756288603,0.007842848480986044,0.00567810671293666,0.16815971986759837,1685,1,0.05058954519504479,-0.029332030223463233,-0.002619076400850514,1.4066222503590152e-05,-1.2416154295340474e-05,0.004905160153474462
42.376,-0.3251725593859541,0.5096299635474077,0.05124458995091332,-0.10877714707316094,-0.004175902230560612,0.1137125310389467,1686,1,0.050557203565565006,-0.029324322859562678,-0.0026185587993544385,1.4454580940736955e-05,-1.2158213052355371e-05,0.004903785180538648
42.401,-0.32950059496224626,0.509480794360269,0.053448174114834046,-0.23325051635570646,-0.01177990497381553,0.06802906087849922,1687,1,0.050560147321082195,-0.02933592621397559,-0.002618488414630093,1.4892667976346882e-05,-1.1602829645616459e-05,0.0049033007994454935
42.426,-0.3368350852037404,0.5090409682987169,0.05464604299483867,-0.3450417997951101,-0.02568783686532163,0.03337929318498046,1688,1,0.050575128392426595,-0.029338218244603358,-0.00261877658685832,1.5226205016640052e-05,-1.1204517627854575e-05,0.004902477297336765
42.451,-0.3467526849520008,0.508196402517003,0.05511713877408306,-0.42995942947323007,-0.03380507792054536,0.010740036914916373,1689,1,0.05057994312554095,-0.02931522270751379,-0.0026193086320941586,1.5368108186463815e-05,-1.0986559397425494e-05,0.004900925156094619
42.476,-0.3583330566774007,0.5073507144026898,0.0551830448405845,-0.48969240160702926,-0.03803520792092557,0.005617292690703088,1690,1,0.05054696976251473,-0.029314687402628607,-0.0026199243061159074,1.56802324380621e-05,-1.1234603796939884e-05,0.004899578133418952
42.501,-0.37123730503235086,0.5062946421209569,0.0553980034086181,-0.5317173039647995,-0.03730655615801563,0.03529686106927753,1691,1,0.050517530685124885,-0.029300519576888052,-0.0026205815042005393,1.5846009961605956e-05,-1.1485166700573451e-05,0.0048982738148922195
42.526,-0.3849189218756429,0.5054853865947888,0.05694788789404852,-0.5320139143053061,-0.018761821312914328,0.11530095790217926,1692,1,0.05051509875830221,-0.0293141022734094,-0.0026211422739736995,1.598472617783216e-05,-1.1454593364865637e-05,0.00489943588501492
42.551,-0.39783800074761844,0.5053565510553111,0.06116305130372764,-0.48193412139359537,0.009501800642078269,0.24109200425713112,1693,1,0.050511201280999556,-0.029357086737332398,-0.00262173110622976,1.6247444400559546e-05,-1.1542785979366683e-05,0.004898856958450876
42.576,-0.4090156279453213,0.5059604766268927,0.06900248810690421,-0.3999660837618729,0.05230475346222527,0.40175014877786247,1694,1,0.050533261874470534,-0.029361801581522618,-0.0026220689687736017,1.6340186071172396e-05,-1.1743044074566744e-05,0.004899768868291796
42.601,-0.41783630493571094,0.5079717887284222,0.08125055874261984,-0.3034630239578346,0.12049270501228079,0.5896145858169779,1695,1,0.05054433801697865,-0.029347813836851547,-0.00262225174565397,1.632597903734007e-05,-1.1946224050758771e-05,0.004900287500801422
42.626,-0.4241887791432122,0.5119851118775064,0.09848321739775154,-0.21472214366085762,0.20574001259956254,0.7958176022578943,1696,1,0.05053951761625876,-0.029340966692596303,-0.002622406348164754,1.623431704307629e-05,-1.201974463559711e-05,0.004900909371303228
42.651,-0.42857241211875474,0.5182587893584012,0.1210414388555181,-0.13745447845049436,0.2988646649337257,1.0133869923294838,1697,1,0.05055071099350989,-0.029340942216369043,-0.002622454169868748,1.613093230058204e-05,-1.203092804719118e-05,0.004902233501618911
42.676,-0.4310615030657375,0.526928345124194,0.14915256701423013,-0.0673044605865219,0.39537042078157364,1.2353435802161519,1698,1,0.05054613053926797,-0.029344468903107237,-0.002622208573570989,1.601193936396705e-05,-1.2091211483263192e-05,0.004903605868611457
42.701,-0.43193763514808065,0.5380273103974788,0.1828086178663221,-0.003410534438324147,0.4933510903364438,1.4541941311795652,1699,1,0.05053243788067236,-0.029346940281733506,-0.0026218373881934597,1.5822934976689423e-05,-1.2259456893171812e-05,0.004906249122370531
42.726,-0.4312320297876537,0.5515958996410147,0.2218622735732042,0.051586086088931275,0.5918836874700099,1.6658231563265393,1700,1,0.05049316416556132,-0.02935005655398091,-0.00262172672430126,1.557901509382478e-05,-1.249409032342783e-05,0.004910134899997163
42.751,-0.42935833084363423,0.5676214947709776,0.26609977568264426,0.09356917784368403,0.6831518597572733,1.8636834184075477,1701,1,0.05046805139655576,-0.02935805536412415,-0.002621973841218778,1.5160333606220884e-05,-1.2477572345486812e-05,0.004912008983206586
42.776,-0.4265535708954691,0.5857534926288813,0.31504644449358976,0.13131198529582103,0.774504164831627,2.04384090692359,1702,1,0.050479429786497124,-0.029331263159135586,-0.0026224303394777227,1.462717977924418e-05,-1.2335298940048268e-05,0.004917101163877571
42.801,-0.4227927315788426,0.6063467030125622,0.3682918210288325,0.1751948291990468,0.8729980691628588,2.2027303935430984,1703,1,0.05050285826908187,-0.029325931794809752,-0.0026230473808851033,1.4389998296157007e-05,-1.2171207885488211e-05,0.004920554807852111
42.826,-0.41779382943551724,0.6294033960870218,0.42518296417073853,0.21917000802307654,0.9674670326353069,2.3365179154994826,1704,1,0.05049366572299598,-0.029338869222179466,-0.002623848515986174,1.4281212758477973e-05,-1.2303197911073711e-05,0.004924469362446521
42.851,-0.4118342311776894,0.6547200546443248,0.4851177168038002,0.25647383109815086,1.0599195972776723,2.4427061949363496,1705,1,0.05048287680419643,-0.029348347768238327,-0.0026246407730760183,1.4028344555384397e-05,-1.2262182880116225e-05,0.004928209976328828
42.876,-0.4049701378806104,0.6823993759509024,0.5473182739175488,0.2949782714993658,1.1445041452663431,2.517927638705578,1706,1,0.05046819354523835,-0.029373318623383573,-0.0026252046817511784,1.390795240969544e-05,-1.2244568966693448e-05,0.004933473471141056
42.901,-0.39708531760271987,0.7119452619076468,0.6110140987390899,0.3265839070655584,1.2299970643316045,2.5635809413794544,1707,1,0.05044448200206128,-0.02935175313705699,-0.002625752703358498,1.372457925229173e-05,-1.2367999521465139e-05,0.00494094346878533
42.926,-0.3886409425273311,0.7438992291674879,0.6754973209865323,0.35250942218601483,1.3162246270776061,2.5777339281771416,1708,1,0.05044538985679353,-0.02937753968031023,-0.002626528330273048,1.3810974444490272e-05,-1.2118701093062835e-05,0.004945506585459545
42.951,-0.3794598464934201,0.7777564932615234,0.7399007951479397,0.37972234012390077,1.3984788807852362,2.5581033863634626,1709,1,0.0504564805995639,-0.02938230615747656,-0.0026273991240685236,1.3812502339498224e-05,-1.1788126267875204e-05,0.004949887205707072
42.976,-0.36965482552113715,0.8138231732067457,0.803402490304698,0.4102772770918528,1.4719651334222077,2.5066520136688912,1710,1,0.050468130196227846,-0.029419458607644007,-0.0026283351120277663,1.404300404429255e-05,-1.1404127800946644e-05,0.004955030554105077
43.001,-0.35894598263882865,0.8513547499326296,0.8652333958313769,0.4380182104185952,1.5172783155543883,2.4241199309304373,1711,1,0.0504459037851543,-0.02942168574844572,-0.002629442452727133,1.4396397131406476e-05,-1.1114601460205983e-05,0.004960452785228936
43.026,-0.3477539150002055,0.8896870889844716,0.9246084868512303,0.4368351269616471,1.5189794817999196,2.312340750761999,1712,1,0.05042308708089691,-0.029399849796368935,-0.002630569581872598,1.4645484966042457e-05,-1.0915390155691403e-05,0.004966667527564008
43.051,-0.33710422629074444,0.9273037240226321,0.9808504333694867,0.4119385648091235,1.4457589464055576,2.174322581695324,1713,1,0.05042616180338875,-0.029421376397044986,-0.0026315022129118006,1.5075837542416576e-05,-1.0475401683367683e-05,0.004971740983355712
43.076,-0.3271569867597505,0.9619750363047453,1.0333246159359906,0.37709681015060703,1.3187905497629244,2.0113064938222966,1714,1,0.050430031408553136,-0.029414374390137884,-0.0026320646840314083,1.5277361373833628e-05,-1.0088459576085618e-05,0.0049753899061997925
43.101,-0.31824938578321516,0.9932432515107745,1.0814157580605956,0.33166051609681224,1.1769703291611202,1.827187907127958,1715,1,0.05044202470724919,-0.029407887739368248,-0.002632496085354361,1.5417416895506528e-05,-9.830406047259691e-06,0.0049793736280879875
43.126,-0.31057396095491085,1.020823552762798,1.1246840112923833,0.28485616877043773,1.02811894841644,1.627095684135863,1716,1,0.05046806612586305,-0.029411779001089006,-0.0026330764239831427,1.5646085754144324e-05,-9.598424215308848e-06,0.004983313205166815
43.151,-0.30400657734469205,1.044649198931601,1.162770542267396,0.24286870683267553,0.8834582456433584,1.414334455367147,1717,1,0.05050897367448644,-0.029404608472389168,-0.0026335098162686326,1.583762733754706e-05,-9.577754649048582e-06,0.004984850605652791
43.176,-0.29843052561327604,1.0649964650449697,1.1954007340607464,0.2031917663761278,0.7437228964283739,1.1938129728511773,1718,1,0.05053966663452801,-0.029399186698766937,-0.0026339110526396093,1.6020190175191376e-05,-9.712006050049914e-06,0.004985888345296537
43.201,-0.29384698902588624,1.0818353437530175,1.2224611909099514,0.1611068201431079,0.6119440213599728,0.9727627189119057,1719,1,0.050576074698554,-0.02938910375668812,-0.0026341084825079386,1.5910965657657144e-05,-9.64863822728659e-06,0.004987514454863101
43.226,-0.2903751846061211,1.0955936661129666,1.244038870006339,0.12584511274054405,0.48377212037059,0.7567622331314613,1720,1,0.05059313916421714,-0.029417128546574224,-0.0026339157467698973,1.5870398241126107e-05,-9.520216064826926e-06,0.0049876774881472226
43.251,-0.2875547333888594,1.1060239497715456,1.2602993025665226,0.09676121861049887,0.3534041557638066,0.553393753201365,1721,1,0.05059716178236571,-0.029408451397710724,-0.0026335944630583963,1.5708592758623462e-05,-9.451175436492292e-06,0.004988708097044799
43.276,-0.28553712367559575,1.1132638739011584,1.2717085576664098,0.06654395413833934,0.22722747528732884,0.37011025042508594,1722,1,0.05059752149704007,-0.029391607772496036,-0.002633196879753528,1.5715775335840775e-05,-9.409544163035315e-06,0.004987138821350398
43.301,-0.28422753568194215,1.117385323535913,1.2788048150877784,0.032682790400390876,0.10728973740295521,0.21429893179553236,1723,1,0.05059218793841617,-0.02936023602479177,-0.0026328050857484867,1.5652011130836967e-05,-9.482173774107308e-06,0.004987118125777227
43.326,-0.2839029841555763,1.118628360771306,1.2824235042561858,-0.004755614044749383,-0.011344607710355815,0.09656974032708926,1724,1,0.050580542447365776,-0.02936108584026553,-0.002632228101088715,1.5573806194238034e-05,-9.663154789061287e-06,0.004986487360595297
43.351,-0.2844653163841796,1.1168180931503953,1.2836333021041324,-0.034912698277247176,-0.12316142556483978,0.026364955179688898,1725,1,0.05058877373339923,-0.029367046871742054,-0.0026316360261576873,1.5503011995859805e-05,-9.722733240352964e-06,0.004986585939475518
43.376,-0.28564861906943856,1.1124702894930643,1.2837417520151704,-0.05671488499539539,-0.22211664725723218,-0.006680433911307445,1726,1,0.05057822037032609,-0.02936728448664374,-0.0026308977804592256,1.564503837694676e-05,-1.0153295527073502e-05,0.0049850449528317615
43.401,-0.2873010606339496,1.1057122607875327,1.283299280408567,-0.07193623887123687,-0.2836224996980421,-0.05082925062038789,1727,1,0.05059307278105981,-0.029345308599182687,-0.0026301999076662696,1.5489250159512232e-05,-1.0232433166200184e-05,0.004982951136248158
43.426,-0.2892454310130007,1.098289164508161,1.2812002894841505,-0.06439108273065408,-0.2893808901543724,-0.1376818133455771,1728,1,0.05060962115157154,-0.029360731867295008,-0.002629655165247905,1.5519434434239605e-05,-1.025851901716749e-05,0.0049834414095494784
43.451,-0.29052061477048213,1.091243216279815,1.2764151897412883,-0.02483733683898234,-0.2748708749776197,-0.26222092649974266,1729,1,0.05058241191573798,-0.02936916018477724,-0.002629276824812335,1.5534651102526394e-05,-1.0247842976566262e-05,0.004982839250788421
43.476,-0.29048729785494976,1.0845456207592807,1.2680892431591642,0.03789201610609243,-0.24128107690381245,-0.41756141749384734,1730,1,0.05060332878988806,-0.029349809050547012,-0.0026291460893064196,1.546291164573172e-05,-1.0140899140896155e-05,0.004981205809546733
43.501,-0.2886260139651776,1.079179162434625,1.2555371188665971,0.12297845759096154,-0.19831298095856018,-0.5970616868671487,1731,1,0.050574327567698966,-0.02935216835438433,-0.0026291434832955277,1.5570139528953595e-05,-1.014040079492346e-05,0.004977752059078281
43.526,-0.28433837497540115,1.0746299717113519,1.2382361588158042,0.2255090340260942,-0.16149982640202465,-0.7929719522388224,1732,1,0.05057809099008487,-0.0293487978813914,-0.002629511061394336,1.571971812128191e-05,-1.0140798488027119e-05,0.0049749422231726995
43.551,-0.27735056226387195,1.071104171114523,1.2158885212546526,0.3432335153438721,-0.1284067654122085,-0.9980303998753327,1733,1,0.05057087829448738,-0.02935992373689131,-0.0026301198772873346,1.597618997397166e-05,-1.0208035642288533e-05,0.004970662496571435
43.576,-0.2671766992082085,1.0682096334407418,1.1883346388220404,0.45195243247204603,-0.0990844847044515,-1.2079827785260353,1734,1,0.05056265447807859,-0.029316961425999127,-0.0026308519030492305,1.5829091057958795e-05,-1.0305732433357553e-05,0.004965071602711524
43.601,-0.25475294064027093,1.0661499468793008,1.155489382328354,0.5535906088098167,-0.07535950423556577,-1.4173235295904003,1735,1,0.05053755250152239,-0.029351498592956462,-0.0026318425283779457,1.6330619503551222e-05,-1.0532860306219706e-05,0.0049598774240828284
43.626,-0.23949716876771926,1.0644416582289637,1.1174684623425246,0.6659971184285489,-0.06358616051406764,-1.6201526511180693,1736,1,0.05051830526863036,-0.029362268685990567,-0.002633007588385275,1.6727852748414458e-05,-1.0559383062852736e-05,0.004954334018278586
43.651,-0.22145308471884065,1.062970638853597,1.0744817497724437,0.7726671395133397,-0.056297508629743115,-1.812504496299555,1737,1,0.05050620574828117,-0.029349735097251528,-0.002634050643051982,1.705572942844067e-05,-1.054515132514717e-05,0.004949390116426612
43.676,-0.20086381179204899,1.0616267827974764,1.0268432375275391,0.8689278851929916,-0.04803991097377665,-1.9893330573241716,1738,1,0.05051276732673282,-0.029337627120651622,-0.0026348774694803256,1.7133903588382672e-05,-1.058281755161838e-05,0.004944213077731887
43.701,-0.17800669045919354,1.0605686433049084,0.9750150969062408,0.9701779395264056,-0.03836590645051481,-2.1481000502642433,1739,1,0.0505227000857684,-0.029359345892030035,-0.002635540898687057,1.7350931099547667e-05,-1.0644762511115796e-05,0.0049363521012974485
43.726,-0.15235491481573146,1.0597084874749507,0.9194382350143332,1.076724332400533,-0.030871653595567296,-2.286057952315096,1740,1,0.050519079587755436,-0.029335911867549833,-0.0026362824005143025,1.746494135068966e-05,-1.069993497218304e-05,0.004929571241907337
43.751,-0.12417047383916996,1.0590250606251301,0.8607121992904927,1.1638112609129105,-0.02522832434286089,-2.399882055230495,1741,1,0.05051191763605563,-0.029298879071329536,-0.0026372986331023823,1.7392883732174657e-05,-1.0668464172099396e-05,0.004920854713688709
43.776,-0.09416435177008098,1.0584470712578076,0.7994441322527981,1.2541907314422145,-0.014520378332710675,-2.4886012351571116,1742,1,0.05053983316966127,-0.029322084667917966,-0.002638444414249314,1.7659046822001034e-05,-1.0437168488987426e-05,0.004912134449439653
43.801,-0.061460937267053886,1.0582990417084945,0.7362821375326266,1.3429488389477562,-0.0022911146833194587,-2.549827669012326,1743,1,0.05051325936237958,-0.029307866441455145,-0.0026398796439956007,1.7616493674103843e-05,-1.0602837811586113e-05,0.004903859452633881
43.826,-0.02701690982269699,1.0583325155236416,0.6719527488021889,1.4236750944040941,-0.00031827922270190746,-2.582684747959792,1744,1,0.05051674643641208,-0.029350012586935377,-0.0026412632174764032,1.78471824663528e-05,-1.0712990338152624e-05,0.004893817123100377
43.851,0.009722817453146782,1.0582831277473594,0.6071479001346444,1.5038144807950147,0.0024511690482410813,-2.587286766691839,1745,1,0.050532346306601694,-0.029354473455645798,-0.002642661291127672,1.7822289246236717e-05,-1.0635432309880462e-05,0.004886056271174358
43.876,0.048173814217049464,1.0584550739760537,0.5425884104676044,1.5710842798035995,0.012103590421624977,-2.5627537432869243,1746,1,0.05054266218670962,-0.029375924951626466,-0.002643983898909422,1.7786201802787062e-05,-1.0818394554407497e-05,0.004877185157679679
43.901,0.08827703144333346,1.0588883072684407,0.47901021297028745,1.6001642658221789,0.014925129052730638,-2.510061851501816,1747,1,0.05053183737828297,-0.02940212106889527,-0.002645340824620414,1.7649633288594095e-05,-1.1030972350394157e-05,0.004868677459501244
43.926,0.12818202750816524,1.0592013304286902,0.4170853178925031,1.5797026396972385,0.01142722312880438,-2.428851577110192,1748,1,0.050585042223250255,-0.029465861046631785,-0.002646179706062208,1.7951009739025282e-05,-1.1039019868846877e-05,0.004862406182367567
43.951,0.1672621634281909,1.059459668424881,0.3575676341147847,1.5184860099063238,0.007890725986481778,-2.321292795789843,1749,1,0.05059404007879432,-0.02946681953361486,-0.0026472410313794943,1.7766877842650258e-05,-1.109326628128984e-05,0.00485360279986196
43.976,0.2041063280034771,1.0595958667280143,0.3010206781030177,1.4166857993258075,0.0074754689072080525,-2.190318059711336,1750,1,0.05058964091900652,-0.029441172195289873,-0.002647916588653749,1.7500169329316104e-05,-1.1055553379815875e-05,0.004846445693515844
44.001,0.23809645339447724,1.0598334418702413,0.2480517311292241,1.3025731662729811,0.008293141696621834,-2.036881130326375,1751,1,0.05058125252687377,-0.029439485180724156,-0.0026484735648610778,1.7250455091434896e-05,-1.1106825062550464e-05,0.004838674221870848
44.026,0.2692349863171317,1.0600105238128454,0.19917662158669028,1.185652639217069,0.007809777819808739,-1.8642202126321914,1752,1,0.050559734727976625,-0.029426512163381068,-0.002648877425954124,1.6951706104455536e-05,-1.1255844380084394e-05,0.0048315228342338794
44.051,0.29737908535533575,1.0602239307612318,0.1548407204976064,1.0569509344591157,0.005040122739701511,-1.6759664521120385,1753,1,0.050527220032452365,-0.029420714217609816,-0.0026491725143530215,1.6970847053236975e-05,-1.1577704405176173e-05,0.004825019261601034
44.076,0.3220825330400845,1.0602625299498305,0.11537829898109302,0.9177258900000285,-0.0009007201834788049,-1.4762704649742227,1754,1,0.050521009232084045,-0.029411716983344764,-0.002649344233421726,1.702872881678701e-05,-1.1766987360892162e-05,0.004817774564476383
44.101,0.34326537985533456,1.0601788947520578,0.08102719724889937,0.7732252132966151,-0.0028720989049803546,-1.2689252136855622,1755,1,0.05051766629785349,-0.02939403524174429,-0.00264951041694887,1.7110842665986537e-05,-1.1945708192801689e-05,0.004812381655714676
44.126,0.36074379370491305,1.0601189250045815,0.051932038296818486,0.6314392139957309,-0.0039269250125780735,-1.0587374341455364,1756,1,0.05053083478422661,-0.029391849102968614,-0.002649918713440282,1.735055802697604e-05,-1.2171709114664453e-05,0.004807364107135627
44.151,0.3748373405551238,1.059982548501429,0.02809032554161822,0.49528442126836486,-0.0027602604341712,-0.8509891675885568,1757,1,0.05053608325535411,-0.029379351794527116,-0.002650591451029817,1.7691146698804374e-05,-1.2414702856281695e-05,0.004802552949653122
44.176,0.3855080147683334,1.059980911982873,0.009382579917386875,0.36223810638866766,-7.320699052293794e-05,-0.6515592273923347,1758,1,0.05054194295781204,-0.029387768688227633,-0.0026513713401621415,1.8166056783736074e-05,-1.2814715708520733e-05,0.004797852150206554
44.201,0.39294924587455615,1.0599788881519028,-0.004487635827996781,0.23582952592812076,-0.004640141162180186,-0.4662985200859813,1759,1,0.05053946778606599,-0.029393784032603548,-0.0026519989430714647,1.848888013113433e-05,-1.3163950670177961e-05,0.0047951124362186825
44.226,0.3972994910647388,1.059748904924764,-0.013932346086910767,0.11204351196042876,-0.001555720808568228,-0.3036098879242561,1760,1,0.050528794683545306,-0.029368895140705134,-0.0026525432727800466,1.8619150339941508e-05,-1.3307023078406245e-05,0.004790965550970183
44.251,0.39855142147257727,1.0599011021114744,-0.01966813022420875,-0.01144555542048189,0.00043225376717522445,-0.16929778202123713,1761,1,0.05050806355082536,-0.02939376119837023,-0.0026528992452533556,1.8822996210829155e-05,-1.3431659825063311e-05,0.004790310925811338
44.276,0.39672721329371463,1.0597705176131227,-0.022397235187973555,-0.10902813031290884,-0.003453270209398934,-0.07019534038792698,1762,1,0.05052788495792001,-0.0293838807738077,-0.0026531463740094396,1.9096007710964505e-05,-1.331142693690856e-05,0.004787472715800216
44.301,0.39310001495693137,1.0597284386010044,-0.023177897243605215,-0.17988583809319802,-0.003320305573329041,-0.01582987489502675,1763,1,0.050515807706466874,-0.029383883671686595,-0.0026535746018748903,1.918449081350642e-05,-1.3371970400501407e-05,0.004785710180880063
44.326,0.38773292138905524,1.0596045023344562,-0.023188728932724938,-0.22803879373100208,-0.0032162433975504055,-0.0010285373828989339,1764,1,0.05053329407249564,-0.029376261076785207,-0.0026542947605195954,1.9296534544931454e-05,-1.3364646561725027e-05,0.004782101411681035
44.351,0.3816980752703819,1.059567626431127,-0.023229324112750298,-0.24104672305276503,-0.006287183930671427,-0.002248631056822731,1765,1,0.05054984937969529,-0.029381752685792597,-0.0026551670996492567,1.9450441247680987e-05,-1.3459479240593574e-05,0.004780743435109216
44.376,0.3756805852364177,1.0592901431379227,-0.02330116048556608,-0.21928344404282502,-0.008211501229239825,-0.006021298956974716,1766,1,0.050579622512577145,-0.029361428004406456,-0.0026562729620485948,1.951169240922565e-05,-1.3386072962768638e-05,0.0047777092351861325
44.401,0.3707339030682397,1.0591570513696649,-0.023530389060598858,-0.1720544381349751,-0.012342762525244856,-0.01230504467988675,1767,1,0.05057502363109576,-0.029374001778367805,-0.0026576199480504072,1.9596438524745257e-05,-1.3605268737335324e-05,0.004776406228265053
44.426,0.3670778633296682,1.0586730050116604,-0.023916412719560288,-0.0990672779421676,-0.02673918360584767,-0.019098401071789815,1768,1,0.0505933284898733,-0.02936395297132005,-0.0026592664763970997,1.963069395557792e-05,-1.3610445314791649e-05,0.004774308698400158
44.451,0.3657805391711316,1.0578200921893726,-0.02448530911418827,-0.010538297539787788,-0.0388291905894511,-0.0276365647907111,1769,1,0.05055022497729707,-0.029347301466983743,-0.0026609216002264034,1.9685948893973696e-05,-1.3755567356555445e-05,0.004771818804405039
44.476,0.3665509484526788,1.056731545482188,-0.025298240959095913,0.08892523733284036,-0.05600847567492336,-0.03735129450290521,1770,1,0.05055402082825718,-0.029356768089025306,-0.002662659965442728,1.9814717729318693e-05,-1.344729415355845e-05,0.004769767643296882
44.501,0.3702268010377734,1.0550196684056266,-0.026352873839333397,0.2064095518288957,-0.07917614838310652,-0.04795281870003034,1771,1,0.050544143773648326,-0.029360199778189378,-0.002664170861101243,1.9971360764989692e-05,-1.3303377501040118e-05,0.004766361507479193
44.526,0.3768714260441245,1.0527727380630323,-0.027695881894097846,0.32049510283623284,-0.10591156944440334,-0.06039978716280299,1772,1,0.050522689982066105,-0.029376902548799953,-0.00266550316670412,2.0113064871890126e-05,-1.323672533690715e-05,0.004763191868742655
44.551,0.3862515561795864,1.049724089933406,-0.029372863197473884,0.43114702092125873,-0.13514916032922977,-0.07340021619773181,1773,1,0.05050887859002761,-0.029373770186293113,-0.0026667240846680244,2.0280319581068534e-05,-1.311599298282799e-05,0.0047607649157862175
44.576,0.3984287770901862,1.0460152800465712,-0.03136589270398412,0.5369062316384837,-0.16245245800898403,-0.08678925104904027,1774,1,0.05048475482641823,-0.02937452084130559,-0.002667800742739367,2.0318893424341216e-05,-1.294172252021278e-05,0.004758779422125156
44.601,0.41309686776150906,1.0416014670329572,-0.03371232574992581,0.6412176160931469,-0.19170270221055422,-0.10086569345154968,1775,1,0.05048101538964387,-0.029372397058459856,-0.002668816862318006,2.0282971629635954e-05,-1.2844399637200785e-05,0.00475690787098585
44.626,0.4304896578948417,1.036430144936044,-0.036409177376561526,0.7451502457827595,-0.2175077210754931,-0.11428780260237217,1776,1,0.050456555293861054,-0.029363670069911252,-0.002669672299693021,2.0276531643447138e-05,-1.2736205343915326e-05,0.004754114950442678
44.651,0.4503543800506502,1.0307260809791816,-0.039426715880044885,0.8365499283746456,-0.2436298454449718,-0.12796674788725834,1777,1,0.05043906242794413,-0.029374370399301252,-0.0026701735409093794,2.039391040811067e-05,-1.2693717575670454e-05,0.004751389496243712
44.676,0.47231715431357757,1.0242486526637944,-0.04280751477092477,0.9318391896082464,-0.2708361554265946,-0.14278961833399528,1778,1,0.050465295033158566,-0.029368462516575506,-0.0026702814502095936,2.0384549171785985e-05,-1.253152077353383e-05,0.004748583792666777
44.701,0.4969463395310599,1.0171842732078527,-0.04656619679674433,1.0265748145979854,-0.2976110957460057,-0.15688160941910392,1779,1,0.05045160449756533,-0.02937345845520618,-0.002670268126128817,2.029702354879979e-05,-1.2537526229058227e-05,0.004746055603678443
44.726,0.5236458950434739,1.009368097876495,-0.05065159524187971,1.1160487083585482,-0.3213155021606045,-0.1706729293926132,1780,1,0.050469127525164095,-0.029362551394235922,-0.0026701592250242185,2.0284342845900586e-05,-1.248807862844718e-05,0.004743013724048522
44.751,0.5527487749489841,1.0011184980998233,-0.055099843266374286,1.2088390400860418,-0.34552567452175104,-0.18495681015020282,1781,1,0.050465718825189895,-0.029378244552203468,-0.0026700159352559356,2.0435637380727133e-05,-1.2485267059868985e-05,0.004739476197145516
44.776,0.5840878470477812,0.9920918141504059,-0.059899435749390564,1.2956460607204594,-0.37263816006445283,-0.19853194339184282,1782,1,0.0504566985812057,-0.02937152478634182,-0.0026698240545372457,2.0340509188338427e-05,-1.253083379610612e-05,0.0047362792280602126
44.801,0.6175310779850126,0.9824865900965991,-0.0650264404359671,1.3844917898381879,-0.39758639268294965,-0.21159505346019494,1783,1,0.050453767162338466,-0.029368288030537898,-0.0026694372318088718,2.019209489235621e-05,-1.2561076533267613e-05,0.0047332318550922904
44.826,0.6533124365396866,0.9722124945162596,-0.0704791884223998,1.466162082649144,-0.4178869576707649,-0.22454270702084,1784,1,0.050419875220076495,-0.02935706878074217,-0.0026690347041533054,1.9943597549137164e-05,-1.2793312092995369e-05,0.004730425596495477
44.851,0.6908391821174656,0.961592242213062,-0.07625357578700853,1.5369602685269863,-0.43766526884118573,-0.2365769324611168,1785,1,0.050428459908461495,-0.02937430326372697,-0.0026685333304616557,1.995437652493802e-05,-1.2827299411847242e-05,0.004728241000696364
44.876,0.7301604499660316,0.9503292310742015,-0.0823080350454551,1.6158754070572923,-0.4589994876699874,-0.2472198275452853,1786,1,0.05045891039527895,-0.029377606884055288,-0.002667966317782035,2.0017340962282017e-05,-1.290645125552161e-05,0.004725323674415589
44.901,0.7716329524703371,0.9386422678295607,-0.08861456716427364,1.6959737223198565,-0.47837564552599604,-0.2581243916164191,1787,1,0.050459212042920865,-0.02939688605081454,-0.002667632764680258,1.996026002951273e-05,-1.3146467756937966e-05,0.004721415457629251
44.926,0.8149591360820316,0.9264104487978997,-0.09521425462627718,1.7743063464498507,-0.5026345078427027,-0.2687883869925109,1788,1,0.05046302518887325,-0.02941206285593004,-0.002667824968248643,1.9828224174143977e-05,-1.3440834722238043e-05,0.0047198247151061185
44.951,0.8603482697928246,0.913510542437427,-0.10205398651389844,1.839834168378416,-0.5269979053066465,-0.2776272116301184,1789,1,0.0504377268290305,-0.029408551754343575,-0.0026687345344867707,1.9584540231429576e-05,-1.3633896646964477e-05,0.004717881550897744
44.976,0.9069508445009472,0.9000605535325689,-0.10909561520778248,1.907733639996005,-0.5447352964842288,-0.285607493187124,1790,1,0.05048772819781938,-0.029395787306760724,-0.0026699572858641433,1.945986194114993e-05,-1.3476604731698371e-05,0.004715684202029855
45.001,0.9557349517926195,0.8862737776132171,-0.11633436117325377,1.9807257764588624,-0.5648239398300043,-0.292464876059288,1791,1,0.05047787197152208,-0.029408223613320673,-0.0026715254867329063,1.9631754768283618e-05,-1.3482023477824957e-05,0.004713458753305251
45.026,1.0059871333238988,0.8718193565410662,-0.1237188590107483,2.0432186077339933,-0.5856926380384919,-0.29843338853534307,1792,1,0.050497036694290454,-0.029393815250974818,-0.002673081636918778,1.964630716877025e-05,-1.3366407973944016e-05,0.004710879211982585
45.051,1.0578958821793278,0.85698914571129,-0.13125603060002203,2.1139241747351094,-0.6054776315927313,-0.3034399309366615,1793,1,0.05051503700980031,-0.029394444826467466,-0.002674551508640409,1.9813214763023783e-05,-1.3202669500744269e-05,0.00470907861367777
45.076,1.1116833420606482,0.8415454749614314,-0.13889085555758063,2.1828810166184316,-0.6246984378352693,-0.30714334036233887,1794,1,0.050497143370566086,-0.029378759624793686,-0.0026761039940315346,1.989142242313741e-05,-1.3353737519275924e-05,0.0047052354547406985
45.101,1.1670399330102432,0.8257542238195283,-0.146613197618138,2.249671597247888,-0.6426458617928553,-0.31016969963866703,1795,1,0.05048437054373384,-0.02937909620345971,-0.0026777057799846756,1.983600750704121e-05,-1.3480361086009012e-05,0.004703002953811327
45.126,1.2241669219230362,0.8094131818717905,-0.1543993405395131,2.3131132575676343,-0.6602538657724281,-0.3113712823571825,1796,1,0.050444288620122346,-0.02936983201036253,-0.0026794394421448464,1.970711322297786e-05,-1.3776919403999424e-05,0.004701633687511979
45.151,1.2826955958886348,0.7927415305309041,-0.1621817617359986,2.3685210348365904,-0.673934872314055,-0.3121406603359312,1797,1,0.05042485138387307,-0.029373252302588006,-0.0026810171726399214,1.9689816080831788e-05,-1.3909214235033603e-05,0.00469788030834607
45.176,1.3425929736648758,0.7757164382560848,-0.17000637355631107,2.4217414563551154,-0.6878180557612104,-0.31228621938063306,1798,1,0.050421331315734556,-0.029384185474582422,-0.002682443190641167,1.9553096519052798e-05,-1.4028257150146339e-05,0.004695854711223032
45.201,1.4037826687063837,0.7583506277428456,-0.17779607270502928,2.47454754615218,-0.7053748163591101,-0.31005837993129487,1799,1,0.0504366508416102,-0.029399804078161278,-0.002683352079866434,1.9464199017410247e-05,-1.396430884580715e-05,0.0046930956992117835
45.226,1.4663203509724778,0.7404476974381313,-0.18550929255287504,2.5343628001102854,-0.723141881865047,-0.30718720020448814,1800,1,0.05045299383977628,-0.029396247862197196,-0.0026839574152789656,1.9047386861600245e-05,-1.4012156689943176e-05,0.004690417855979956
45.251,1.5305008087118908,0.7221935336495953,-0.19315543271525293,2.5872092987334585,-0.7360432814628964,-0.30349434631497274,1801,1,0.05043182887171474,-0.029403617838423605,-0.002684403184015645,1.8679071098436947e-05,-1.4187153480174303e-05,0.004687671862624962
45.276,1.5956808159091618,0.7036455333649834,-0.20068400986862486,2.5958339667025907,-0.7398084605186042,-0.2981116612545799,1802,1,0.05041356038835089,-0.02941022856181828,-0.0026846181232667967,1.8269364169932238e-05,-1.4504736834225903e-05,0.004684290679064159
45.301,1.6602925070470314,0.6852031106236619,-0.20806101577798314,2.5613582603940923,-0.732696412683726,-0.29237532107208136,1803,1,0.050450480845278686,-0.029416959113838105,-0.0026846056639167706,1.794308176816949e-05,-1.4559577327839829e-05,0.004679904623837915
45.326,1.723748728928859,0.6670107127307991,-0.21530277592222807,2.507910810614025,-0.7152321749938568,-0.28541378171433274,1804,1,0.05047866101705441,-0.02941424122418983,-0.0026845554334855868,1.7566908534636474e-05,-1.4716437293639922e-05,0.004677280315170194
45.351,1.7856880475777255,0.6494415018739711,-0.22233170486369885,2.4259625481072926,-0.6879936321365512,-0.27702192094438494,1805,1,0.05048079808305486,-0.02943259803121408,-0.002684696282473301,1.736140070366129e-05,-1.4822494025938464e-05,0.004673494236289786
45.376,1.8450468563342168,0.6326110311239735,-0.2291538719694464,2.316084597133592,-0.6602655374048397,-0.26865620691514475,1806,1,0.05050087726885972,-0.029452014898885912,-0.002685007916318997,1.7221212434550928e-05,-1.4998186511865815e-05,0.004669336024653612
45.401,1.901492277434415,0.6164282250037263,-0.23576451520945718,2.2029292308005464,-0.6325450135487636,-0.2591087007350402,1807,1,0.050505112143708834,-0.029447816387939748,-0.002685590211544387,1.7000025375976754e-05,-1.5001032824858717e-05,0.004666632023522555
45.426,1.9551933178742535,0.6009837804465327,-0.24210930700619937,2.0917808678068086,-0.6020078860152553,-0.24857132038857613,1808,1,0.050519128714000425,-0.029442106208803533,-0.0026864034105892657,1.6788312342624508e-05,-1.4822121467382603e-05,0.004663536427633207
45.451,2.0060813208247494,0.5863278307029652,-0.24819308122888528,1.9821533636534177,-0.5668785098657281,-0.23741600581801875,1809,1,0.05053169878262902,-0.0294376409074791,-0.0026874677245398867,1.664971592147041e-05,-1.4653486838557317e-05,0.004660924465111443
45.476,2.054300986056919,0.5726398549532479,-0.2539801072970996,1.8466666745763123,-0.5318398693888318,-0.224883193960887,1810,1,0.050532187685249814,-0.029460037181236055,-0.002688493585461264,1.6573644122438006e-05,-1.4541204171768546e-05,0.004657910864615326
45.501,2.09841465455356,0.5597358372335252,-0.25943724092692916,1.6808770685313401,-0.49344079215922554,-0.21258801230268318,1811,1,0.0505483395767444,-0.02943562285356815,-0.0026894318273907635,1.6443506085203497e-05,-1.4261150406267096e-05,0.00465332117214773
45.526,2.138344839483493,0.5479678153452845,-0.26460950791223475,1.5267074006946255,-0.44525446510202715,-0.2005161548920238,1812,1,0.05058363791846106,-0.029411389021734378,-0.0026905149727274487,1.6500715193872737e-05,-1.3911744475919185e-05,0.004651197670506398
45.551,2.1747500245882976,0.5374731139784219,-0.26946304867153115,1.3802107203019516,-0.40180141426575283,-0.18684218817595696,1813,1,0.05057403821686104,-0.029421667623654984,-0.002691726033533296,1.66424378461707e-05,-1.3847678784125287e-05,0.004648965956223537
45.576,2.2073553754985866,0.527877744631998,-0.2739516173210321,1.2227746058483364,-0.35968433261546906,-0.17236104449175207,1814,1,0.050559813715958205,-0.02940977407795691,-0.0026931641834158295,1.6716613054550356e-05,-1.3669559609058766e-05,0.004646173776392969
45.601,2.235888754880711,0.5194888973476495,-0.2780811008961184,1.0704980434910714,-0.31763733808140265,-0.15819004218102795,1815,1,0.050599123452448644,-0.029408032577712122,-0.002694695003524742,1.674005330459842e-05,-1.3361159403688553e-05,0.0046424602863663535
45.626,2.260880277673137,0.5119958777279288,-0.2818611194300833,0.9335561542558061,-0.2744689785373754,-0.14442191835682838,1816,1,0.050623655897210997,-0.029392550905631493,-0.0026960424667155152,1.6702947906974485e-05,-1.310572787142653e-05,0.004639999212822285
45.651,2.282566562593505,0.5057654484207795,-0.28530219681396063,0.8073992793322593,-0.23700788236614234,-0.13017301497776357,1817,1,0.05064309880520187,-0.0294162372502191,-0.002696936000315881,1.6854583118170362e-05,-1.3151246566170757e-05,0.004637546957137857
45.676,2.3012502416397536,0.5001454836096206,-0.28836977017897203,0.6908356365803263,-0.20995538029318833,-0.11561860711531527,1818,1,0.05062941595539529,-0.029405991489100308,-0.0026975803925590462,1.661498254261954e-05,-1.3240819135204431e-05,0.0046346330993989535
45.701,2.3171083444225196,0.4952676794061207,-0.29108312716972595,0.5808440284763147,-0.18117433943652536,-0.10146421075533008,1819,1,0.050606545014129145,-0.029387994734366527,-0.002698258478571846,1.6480986568316074e-05,-1.3446851632264158e-05,0.004632758825822017
45.726,2.3302924430635676,0.4910867666377949,-0.293442980716738,0.4812789576997652,-0.13154613275745045,-0.08719022665429284,1820,1,0.05059007718828527,-0.029363706067777433,-0.002699211023453439,1.630950947100082e-05,-1.3729937537775772e-05,0.004630649875244214
45.751,2.3411722923075065,0.48869037276824856,-0.29544263850244035,0.38841484295254486,-0.032880145310265035,-0.07349272285506897,1821,1,0.050574767284434656,-0.02941882762367934,-0.002700292753385726,1.6284778207198e-05,-1.3907492698464712e-05,0.004627561321896896
45.776,2.3497131852111965,0.4894427593722815,-0.29711761685949195,0.2949974744628407,0.040186737387245444,-0.06061412744715982,1822,1,0.05055592091952832,-0.029449814656102576,-0.002701231905210878,1.616678493895747e-05,-1.4128628363343989e-05,0.004623700699898588
45.801,2.3559221660306497,0.490699709637611,-0.29847334487479876,0.19882920081576458,0.029593528449642376,-0.0477926728068328,1823,1,0.05054441578351168,-0.029475284728842283,-0.0027021982539230326,1.613609345802341e-05,-1.413080653369928e-05,0.00461980369785312
45.826,2.359654645251984,0.4909224357947635,-0.2995072504998336,0.11473995682288005,0.00882422190982052,-0.037060527127030674,1824,1,0.05055268598313701,-0.0294010377312165,-0.002703244492458715,1.567876913956493e-05,-1.3961118076283442e-05,0.0046135823957963
45.851,2.3616591638717934,0.491140920733102,-0.3003263712311502,0.03764014111416572,-0.0049561393143207665,-0.02791638872811911,1825,1,0.05054817045081706,-0.02942022058575597,-0.0027042821786391544,1.5697846190110863e-05,-1.3831393791860428e-05,0.004609879146843946
45.876,2.3615366523076924,0.4906746288290475,-0.30090306993623944,-0.03782129269951039,-0.025385728006395214,-0.018650560117093394,1826,1,0.050551742682106195,-0.0294143008891312,-0.002705213920208282,1.5701398491243713e-05,-1.384266695090719e-05,0.00460557288169488
45.901,2.3597680992368177,0.48987163433278214,-0.30125889923700505,-0.10472260166448417,-0.01750006549487388,-0.011087738482834673,1827,1,0.050533657244551576,-0.029412440061461587,-0.0027059402746686272,1.56413066040212e-05,-1.383802475542978e-05,0.004601451960243495
45.926,2.3563005222244677,0.48979962555430373,-0.30145745686038133,-0.16167616758868272,0.006419153764027162,-0.005192655569237498,1828,1,0.05054918099279026,-0.029415628122301488,-0.0027066553191709567,1.552020688754924e-05,-1.3611631026682898e-05,0.004597517908887408
45.951,2.351684290857384,0.4901925920209835,-0.30151853201546674,-0.19861190175180418,0.015063733472719689,-0.0008350995986817131,1829,1,0.05055831570149574,-0.029431974988994365,-0.002707357358547572,1.5428395905143835e-05,-1.353082241113689e-05,0.004593334154734065
45.976,2.346369927136878,0.49055281222793967,-0.30149921184031553,-0.21656604807312252,0.014885141168585483,0.0014159640166867243,1830,1,0.05054581764951808,-0.029415367354934864,-0.0027078413643506203,1.5129392072629564e-05,-1.3565850998149168e-05,0.004588919572852608
46.001,2.3408559884537286,0.4909368490794127,-0.30144773381463225,-0.21009220357457878,0.017285979241576568,0.0021257011317830496,1831,1,0.05053972770416779,-0.02939069748017292,-0.0027080096952068707,1.4859137017127715e-05,-1.346754365858024e-05,0.004585251248932153
46.026,2.3358653169581483,0.4914171111900186,-0.3013929267837264,-0.18845369902847856,0.021973183549689815,0.001789179031588109,1832,1,0.050522030796490015,-0.02938950670312408,-0.0027078937255921587,1.488131284938182e-05,-1.3536955953410107e-05,0.004581032353640231
46.051,2.331433303502304,0.4920355082568973,-0.30135827486305294,-0.16226058660444165,0.02583111765356674,0.0016379046143467455,1833,1,0.050527469073412136,-0.029412162002718234,-0.0027075653362981225,1.5197139147862988e-05,-1.3732930581359541e-05,0.004577213755410943
46.076,2.3277522876279266,0.49270866707269684,-0.30131103155300903,-0.13146857962137518,0.01509581945153912,0.0012824605126927242,1834,1,0.05053711447688875,-0.02945127811246484,-0.002707013102387091,1.555459780127989e-05,-1.3699521659865323e-05,0.00457336130887127
46.101,2.3248598745212354,0.4927902992294742,-0.3012941518374185,-0.1024470964062077,0.0035191218150189886,0.0005666065623089234,1835,1,0.050524281276394974,-0.029429161842759243,-0.0027061392762674254,1.5578414532530137e-05,-1.3847505616148025e-05,0.0045713468289137246
46.126,2.3226299328076165,0.4928846231634478,-0.3012827012248936,-0.07682677833783969,0.003909723915178298,0.0010509745134611663,1836,1,0.050518646084241295,-0.029420932915282135,-0.002705069296363042,1.5502647941434537e-05,-1.3799017087154118e-05,0.004569198902290979
46.151,2.321018535604343,0.49298578542523314,-0.3012416031117453,-0.05785680750991457,0.0020393057882282443,0.0016361849910938302,1837,1,0.050508105426226566,-0.02942455189301753,-0.0027038735207135767,1.560802672383114e-05,-1.3709980158938122e-05,0.0045657663084277406
46.176,2.3197370924321206,0.4929865884528592,-0.30120089197533895,-0.04531851140289236,0.0016697416163725504,0.0014988457865606505,1838,1,0.05050918240687583,-0.02941711041318131,-0.002702645227674525,1.5584606633905417e-05,-1.3661334165858321e-05,0.004562164832897735
46.201,2.3187526100341986,0.49306927250605176,-0.30116666082241705,-0.03146072589881933,-0.0014041275623944659,0.0011040657146300164,1839,1,0.05051626748833114,-0.029422153088313686,-0.002701493666194602,1.563297652002523e-05,-1.3663029605894211e-05,0.004558682593578626
46.226,2.3181640561371797,0.4929163820747395,-0.30114568868960745,-0.01774246021732141,-0.0017915020711279836,0.0008335472406795693,1840,1,0.05049983236170802,-0.0294055439840929,-0.002700635462316716,1.5715204933163495e-05,-1.3801882310218609e-05,0.00455652000304041
46.251,2.3178654870233326,0.49297969740249536,-0.30112498346038313,-0.012892649644457032,-0.0006361110531038507,0.0011112799157774352,1841,1,0.05048191533613248,-0.02942110831982341,-0.00270017626583757,1.590102945493351e-05,-1.3962870648543823e-05,0.004554132743231587
46.276,2.317519423654957,0.4928845765220843,-0.3010901246938185,-0.011910509299787415,0.0018109528302788346,0.0018090125209367493,1842,1,0.05048333507084425,-0.02940973663200482,-0.002700046926196176,1.5773842055876808e-05,-1.396277380703367e-05,0.00455087580260694
46.301,2.317269961558343,0.4930702450440093,-0.30103453283433607,-0.009016945323923565,0.005066051383107183,0.0015012048223806717,1843,1,0.050507657035509704,-0.029428612870386124,-0.002700187266304423,1.5802075709059433e-05,-1.3763030934855635e-05,0.004546539356577213
46.326,2.3170685763887606,0.49313787909123963,-0.3010150644526993,-0.0005188723345739572,0.0018260516227642726,0.0009523757712593381,1844,1,0.050532790693712484,-0.029427879155833253,-0.0027003365991203434,1.5684806028112074e-05,-1.3650023821693495e-05,0.004544423943475733
46.351,2.3172440179416145,0.4931615476251475,-0.30098691404577316,0.005538132254550336,0.0023180383467781493,0.0010867916162027931,1845,1,0.05050899586909551,-0.029435733405064973,-0.002700340115742991,1.5756841223156793e-05,-1.3523481453041157e-05,0.004540826921731735
46.376,2.317345483001488,0.49325378100857853,-0.30096072487188935,0.0023505505681151945,0.0014534017426169757,0.0008669495191603687,1846,1,0.05050008963363106,-0.02944784262672002,-0.002700256056491508,1.5723889015860065e-05,-1.3230492144872661e-05,0.004537382167431852
46.401,2.3173615454700203,0.4932342177122784,-0.30094356656981536,0.0003788892014444333,0.00021332741063971163,0.0008906979586952653,1847,1,0.05049896785199568,-0.029441845593896978,-0.002700167823098185,1.5689173550810345e-05,-1.2867491280204698e-05,0.004534637517102159
46.426,2.3173644274615603,0.4932644473791105,-0.30091618997395464,4.672167707831231e-05,-0.00048464930857974853,0.0006590803126549736,1848,1,0.05050201027323175,-0.0294419335775939,-0.002700248543059342,1.584401124461232e-05,-1.2526183929359231e-05,0.004532898809803383
46.451,2.317363881553874,0.4932099852468494,-0.3009106125541828,0.0021535660397998925,-0.007271969386182656,0.00047317906245683463,1849,1,0.05050247862443793,-0.029432117925109816,-0.002700385421101465,1.595391535750176e-05,-1.2339902014857887e-05,0.004530887255790847
46.476,2.3174721057635503,0.4929008489098014,-0.3008925310208317,0.005859581592533636,-0.007276861470797838,0.0005566115446775971,1850,1,0.05048138352867015,-0.029397944323251768,-0.002700556931772851,1.5895975929711203e-05,-1.2346706452486045e-05,0.004528750429777397
46.501,2.317656860633501,0.4928461421733095,-0.30088278197694884,0.0036274926052467754,-0.005056432871349394,-1.7533624863118218e-05,1851,1,0.05046378178979551,-0.02940069934953407,-0.002700812943377514,1.595472748736162e-05,-1.2465923915617176e-05,0.004527149090932776
46.526,2.3176534803938127,0.4926480272662339,-0.30089340770207484,-0.003966971253790081,-0.009977884981807999,5.647171102296029e-05,1852,1,0.05046507305128186,-0.029379253435937586,-0.0027011335082570893,1.5828687100099688e-05,-1.2475248824551141e-05,0.004526307344552413
46.551,2.3174585120708113,0.4923472479242191,-0.3008799583913979,-0.003126424262820571,-0.0005402024134870982,0.008308568089381768,1853,1,0.050483848118238944,-0.029342591411458764,-0.002701343006828083,1.5671913568404333e-05,-1.235033999848423e-05,0.004525353544957245
46.576,2.3174971591806717,0.49262101714555956,-0.30047797929760584,-0.01129094706472664,0.005930328485688534,0.03335117137329225,1854,1,0.050485323042805896,-0.029386756727852195,-0.0027015145682082985,1.6027576148417296e-05,-1.2352069487927776e-05,0.004521799972982304
46.601,2.316893964717575,0.4926437643485035,-0.2992123998227336,-0.028369909904252758,-0.0008109672842449472,0.07766815852208617,1855,1,0.05052674296970508,-0.029373136229751583,-0.002701768093751807,1.607204997968652e-05,-1.2198274135777747e-05,0.0045198065200954055
46.626,2.316078663685459,0.4925804687813473,-0.2965945713715016,-0.04699544544529521,0.00692830477813263,0.14317581643935484,1856,1,0.05053203759512891,-0.029343475426853963,-0.0027022176289408072,1.605608203920485e-05,-1.2193020103274698e-05,0.0045201430470912345
46.651,2.31454419244531,0.49299017958741015,-0.29205360900076527,-0.07809245828694467,0.02618237847182957,0.22709510945804484,1857,1,0.0505458431695753,-0.02934763764354344,-0.0027029812960624395,1.613985281188579e-05,-1.2129753641368872e-05,0.004518389903520637
46.676,2.3121740407711115,0.4938895877049389,-0.2852398158985984,-0.12672351889602862,0.04503806855716753,0.32527933748983956,1858,1,0.05053115647233088,-0.029379230355432922,-0.00270398093102459,1.6392187431893246e-05,-1.2177800299962631e-05,0.004517604361124631
46.701,2.308208016500509,0.4952420830152684,-0.275789642126274,-0.1991312621949628,0.060467540797860646,0.4374555342787616,1859,1,0.05052407973390389,-0.029404554051129423,-0.0027050917888430475,1.6707941063499995e-05,-1.220270789169825e-05,0.00451693260902535
46.726,2.302217477661364,0.49691296474483176,-0.26336703918466153,-0.2897974752294706,0.08459999434154579,0.5614655350343297,1860,1,0.050500946520190965,-0.029394986625905117,-0.002706089198716248,1.681547827990162e-05,-1.2224443484343106e-05,0.004516597989203659
46.751,2.2937181427390363,0.49947208273234545,-0.2477163653745589,-0.3928257246103349,0.12206711649870264,0.6957019853630915,1861,1,0.05047879203980406,-0.029404912345248935,-0.0027069461412003062,1.701502346433079e-05,-1.2244682857321196e-05,0.00451669894861807
46.776,2.2825761914308456,0.5030163205697674,-0.22858193991650377,-0.48956543794118,0.13949583139989316,0.8379018272116041,1862,1,0.05050365567167472,-0.029438606203933057,-0.0027075618739208756,1.752483702086779e-05,-1.199517769127114e-05,0.004515749002906617
46.801,2.269239870841975,0.5064468743023407,-0.205821274013975,-0.5790437119707343,0.15884580209065705,0.9867865842934825,1863,1,0.05051463860609735,-0.029382303146774254,-0.002707957492879603,1.7405170882642428e-05,-1.1943442243293895e-05,0.004517450959538318
46.826,2.2536240058323105,0.5109586106742998,-0.17924261070183234,-0.6792310798203469,0.19440175973447044,1.1408080865818109,1864,1,0.05050964399725246,-0.029383957858137664,-0.002708175900909346,1.7390015617327047e-05,-1.2058789397598596e-05,0.0045192356183396875
46.851,2.23527831685096,0.5161669622890637,-0.14878086968488763,-0.7780852950569537,0.22119025508941773,1.298243674201161,1865,1,0.05053153719510922,-0.029375842531080828,-0.0027082517896549587,1.7187268591800077e-05,-1.2076453919179024e-05,0.004522180387553463
46.876,2.214719741079465,0.5220181234287701,-0.11433042699177784,-0.8729336224895923,0.25266276541128074,1.4586808024539355,1866,1,0.050532970411466815,-0.029370082476214324,-0.0027082472795907204,1.7002333169232404e-05,-1.2206587284511364e-05,0.00452459693828116
46.901,2.1916316357264765,0.5288001005596288,-0.07584682956218482,-0.9694732501696429,0.27880426631885347,1.6196192213424383,1867,1,0.050564573750139605,-0.029389412597446738,-0.0027082163493609224,1.7010977871883234e-05,-1.2056514937928357e-05,0.004527950246714291
46.926,2.1662460785709787,0.5359583367447139,-0.033349465924648845,-1.06720325994141,0.2932073708736149,1.7791070509073703,1868,1,0.050578364133720397,-0.02937279314841624,-0.00270810994263968,1.698123038630364e-05,-1.1938626877863426e-05,0.004531678177180611
46.951,2.138271472729409,0.5434604691033087,0.013108522983178827,-1.1564184079967212,0.3223924178039611,1.9379066897716992,1869,1,0.050617986479064334,-0.029314345610872695,-0.0027081733240756174,1.675053830364087e-05,-1.1866664448946511e-05,0.00453755881006021
46.976,2.108425158171146,0.5520779576349111,0.06354586856393059,-1.2347193557139127,0.3549703395338423,2.0942572072008083,1870,1,0.05062107146319419,-0.029328485827794234,-0.0027083540471584187,1.68440682285653e-05,-1.1782359194573506e-05,0.004542742720055621
47.001,2.076535504943717,0.5612089860799998,0.11782138334321327,-1.3193530088647638,0.3800792973508469,2.2455760789241936,1871,1,0.05060591839698321,-0.029329432876100847,-0.0027087971561508125,1.6766517694213332e-05,-1.177901509361468e-05,0.004548376221426618
47.026,2.042457507727902,0.571081922502455,0.17582467251014997,-1.4020847570841304,0.4108438111969242,2.392476586561028,1872,1,0.050603188789356206,-0.02934333830316488,-0.0027096424499878143,1.6752456986319173e-05,-1.1574096777194397e-05,0.0045550948596420554
47.051,2.0064312670895044,0.5817511766398478,0.237445212671275,-1.49116550981554,0.4366401373466892,2.5338013540906363,1873,1,0.050588685717691234,-0.02937917832002659,-0.0027105797224842867,1.6795351003956048e-05,-1.1528598157633131e-05,0.004561809120452603
47.076,1.9678992322371294,0.5929139293697883,0.30251474021467445,-1.580671079356365,0.4575586403085124,2.6679988105812855,1874,1,0.05063191130294898,-0.029395014192726936,-0.002711491767225037,1.6490918901015967e-05,-1.111734025618552e-05,0.004567975255281175
47.101,1.9273977131216906,0.6046291086552721,0.37084515320033185,-1.6536102573819818,0.4738146043814065,2.7943626334721374,1875,1,0.05066867601027213,-0.02940720905151017,-0.0027123619828784136,1.627902025144455e-05,-1.0681078043665795e-05,0.004574795092738412
47.126,1.885218719368035,0.6166046595888572,0.4422328718882735,-1.7200843776194217,0.4952687737401939,2.912273503116705,1876,1,0.050672282815966384,-0.02938273795633656,-0.0027132781480834296,1.59437612895968e-05,-1.0417410021541317e-05,0.004582021501675757
47.151,1.8413934942407122,0.6293925473422839,0.5164588283561795,-1.7970962993969208,0.5163672399953282,3.021186719456015,1877,1,0.0506477138793522,-0.0293898242884341,-0.0027141271920573043,1.593370864240282e-05,-1.0137471281603194e-05,0.004590477901562493
47.176,1.7953639043981813,0.6424230215886259,0.5932922078610872,-1.8724800270792572,0.5350985862657824,3.1201707257781304,1878,1,0.05067453362482132,-0.029368094020207732,-0.0027149998162197347,1.5810328232315926e-05,-9.65426596385878e-06,0.004597515818678826
47.201,1.7477694928867546,0.6561474766555715,0.6724673646450774,-1.9391560065781723,0.5568198731455004,3.2088571578607676,1879,1,0.05066986339560127,-0.02936606512656717,-0.002715779568908579,1.5754865032225787e-05,-9.401786610742573e-06,0.004606044479062097
47.226,1.6984061040692782,0.6702640152458993,0.7537350657541165,-1.999262083995304,0.5735126756950353,3.2865578706813463,1880,1,0.05067251979403244,-0.02935198354473798,-0.002716373973865557,1.554898265575924e-05,-9.196360378593058e-06,0.004614255174962054
47.251,1.6478063886869951,0.6848231104403216,0.8367952581791355,-2.0643954130317894,0.5955715444108115,3.353395271571083,1881,1,0.05062728130661671,-0.029317026538883073,-0.002716767460744905,1.5488653497469105e-05,-9.324252336592115e-06,0.0046236807701710465
47.276,1.59518633341768,0.7000425924664424,0.9214048293326851,-2.128379739301645,0.6189809037992849,3.408643000894849,1882,1,0.05062291979923932,-0.029320273154122292,-0.0027169904467074925,1.5640988288082887e-05,-9.273568285467977e-06,0.004631238342931521
47.301,1.5413874017219038,0.7157721556302885,1.0072274082238923,-2.1850511335404565,0.639681433155189,3.4512989469276354,1883,1,0.05057275188839801,-0.02930431324224698,-0.00271707402836496,1.5729557813258577e-05,-9.328140803581408e-06,0.004639725836117234
47.326,1.4859337767406633,0.7320266641242,1.093969776679057,-2.253726783095339,0.6523147932378774,3.4819669996681695,1884,1,0.05053531161231042,-0.02929895673288149,-0.0027172096884357645,1.5837814670624903e-05,-9.345971941976004e-06,0.0046486321277140205
47.351,1.4287010625671432,0.7483878952921805,1.1813257582072907,-2.3182310355949984,0.6638181365068108,3.4996371710878673,1885,1,0.05054933290876415,-0.02927523728432101,-0.002717509595842451,1.5681802394908513e-05,-9.234172702554265e-06,0.0046573680878019275
47.376,1.37002222496092,0.7652175709495387,1.2689516352334405,-2.388166240995853,0.685332278710659,3.5055514993999846,1886,1,0.05055677403664247,-0.029254239843104803,-0.002717936320727781,1.547733821895706e-05,-9.178436062817886e-06,0.004668580197147316
47.401,1.3092927505173404,0.7826545092277164,1.3566033331773046,-2.443569622088875,0.7007609357789504,3.499342623741825,1887,1,0.05059918895146403,-0.02929908251511239,-0.002718638489854684,1.543771550392077e-05,-8.965247714891488e-06,0.004678134974170562
47.426,1.2478437438564658,0.8002556177384892,1.4439187664205466,-2.491151692224673,0.7196344838170319,3.480421115554073,1888,1,0.050599269306425144,-0.029261020032455717,-0.002719248862524583,1.5281713964882463e-05,-9.188424264306081e-06,0.00468801568171482
47.451,1.1847351659061138,0.818636233418566,1.5306243889549984,-2.534419150453677,0.7376261297263274,3.449082508029449,1889,1,0.05058754691663382,-0.029283385465833846,-0.0027197435335992158,1.5462927404466114e-05,-9.215353681514154e-06,0.004696685046593202
47.476,1.1211227863337891,0.8371369242248035,1.6163728918220095,-2.543565561374275,0.7395120372821683,3.404974558082337,1890,1,0.05057989041556396,-0.029298070102959074,-0.002720081645352092,1.5400361813319134e-05,-9.313292766955919e-06,0.004706701908660393
47.501,1.0575568878374073,0.8556118352826723,1.7008731168591056,-2.5387499575345465,0.7433482076413577,3.349921920364619,1891,1,0.05057308484720243,-0.029298056773179856,-0.002720305296992971,1.4990898690875055e-05,-9.522878906811813e-06,0.004716257602796387
47.526,0.994185288457051,0.8743043346068745,1.7838689878402547,-2.5047490881966,0.7329526711023601,3.283993955073776,1892,1,0.05053890780232641,-0.029296320968732997,-0.002720800082631216,1.4834176844371924e-05,-9.755556113484229e-06,0.0047256030440196144
47.551,0.9323194334275666,0.8922594688377934,1.8650728146128084,-2.439538600408676,0.7098840728303871,3.2047284105608265,1893,1,0.05054168738549998,-0.029219748451856736,-0.002721511021875672,1.4439536210163e-05,-1.0282465823556507e-05,0.004732417693355311
47.576,0.8722083584366241,0.9097985382483919,1.9441054083682872,-2.340261045900598,0.6776804208311401,3.1143019207007945,1894,1,0.05053975020555987,-0.02916082245096005,-0.0027229654664078077,1.421953037073963e-05,-1.1019397904810906e-05,0.004743957552163122
47.601,0.8153063811325434,0.9261434898793485,2.0207879106478392,-2.1911653432011846,0.6354500849082251,3.015422719954917,1895,1,0.05056319211075475,-0.02915284702645311,-0.0027243548153102477,1.4096079237601034e-05,-1.1498399011206956e-05,0.004754211078160483
47.626,0.7626500912765711,0.9415710424938013,2.0948765443660244,-2.036886541564506,0.5918277701896685,2.9080962286951015,1896,1,0.0505509716332818,-0.02912719435737195,-0.002725450567598191,1.397673604597451e-05,-1.2094097011210356e-05,0.004763363177750275
47.651,0.7134620540543094,0.9557348783888344,2.1661927220826067,-1.9113254130223214,0.5519429334550336,2.790027258963052,1897,1,0.05056167255018747,-0.02912529266068028,-0.0027265269749565265,1.3868985752474798e-05,-1.237756694963974e-05,0.004768196592505247
47.676,0.6670838206254469,0.9691681891665553,2.234377907314189,-1.8030268775595641,0.5231497470488331,2.66171213540269,1898,1,0.05054896890759675,-0.029143829844162306,-0.002727577664863466,1.3779973119671657e-05,-1.2547369461261095e-05,0.004776636967011559
47.701,0.6233107101763363,0.9818923657412746,2.2992783288527336,-1.716416123395261,0.4986639539629362,2.52873785100528,1899,1,0.050540427836629945,-0.029133134431952225,-0.0027285276746818223,1.3528728697988902e-05,-1.274962136033989e-05,0.00478417674442307
47.726,0.5812630144556887,0.9941013868647007,2.3608147998644458,-1.6307423378081747,0.4693610030544538,2.3875446789352255,1900,1,0.05051314427946965,-0.029155715178504366,-0.002729511555601233,1.335404703432592e-05,-1.272151453684717e-05,0.00478673204346805
47.751,0.5417735932859322,1.005360415893996,2.418655562799488,-1.5212862671709262,0.43102177629425686,2.2395349001011455,1901,1,0.0505154242173449,-0.029169783091997626,-0.002730566777188554,1.3162806280907598e-05,-1.2542803138483008e-05,0.004794102275178074
47.776,0.5051987010971359,1.0156524756794154,2.4727915448695126,-1.3916540820803005,0.39266826938238114,2.0880989426968806,1902,1,0.05051911221816009,-0.02919831557641523,-0.0027317196024460636,1.2962154264441396e-05,-1.2361860472304016e-05,0.004798582495699804
47.801,0.47219088918191127,1.0249938293631167,2.523060509934341,-1.2617200399700408,0.3581596903035304,1.9319388111926228,1903,1,0.050548261175430084,-0.029181742739891204,-0.0027327693446063065,1.2475753492505156e-05,-1.2346191132694404e-05,0.004804255499102632
47.826,0.4421126990986375,1.033560460194591,2.5693884854291382,-1.1414506053920697,0.3228136466343218,1.7725276557415213,1904,1,0.05054348818302216,-0.029185471251954902,-0.0027335850042015347,1.2356870363570561e-05,-1.2140908626404705e-05,0.004809045098859914
47.851,0.415118358912311,1.0411345116948318,2.611686892721412,-1.0044183146619516,0.2861905112183368,1.6115546275727184,1905,1,0.05053032764864249,-0.029208967754130098,-0.0027341774007495815,1.2341055730548407e-05,-1.1882462059586242e-05,0.004814837767348474
47.876,0.39189178336554276,1.047869985755507,2.6499662168077696,-0.8707643304154989,0.25005195575390804,1.4511322859620541,1906,1,0.050537758242245275,-0.029180328944522445,-0.002734597702356709,1.2098460649256763e-05,-1.1726644902413858e-05,0.004819396765056864
47.901,0.37158014239153236,1.0536371094825283,2.684243507019521,-0.7487720368220158,0.21141700318174614,1.2913295356949082,1907,1,0.05052408849284948,-0.02918514370938954,-0.0027346540267022797,1.1935955593362042e-05,-1.1608966365236364e-05,0.004822763019473956
47.926,0.3544531815244388,1.0584408359145951,2.7145326935925205,-0.6260745337888963,0.17222523898977918,1.1334575821454984,1908,1,0.05052794136330835,-0.02918634319558421,-0.0027345067799758372,1.191110661530651e-05,-1.1324930015656771e-05,0.004825958019163396
47.951,0.34027641570208933,1.0622483714320168,2.7409163861267927,-0.5132616059564991,0.1349971505112434,0.9792542450103193,1909,1,0.05053572439646473,-0.029203128401266407,-0.00273429603067904,1.1791643335920099e-05,-1.0941857517435033e-05,0.004828830722338669
47.976,0.3287901012266153,1.065190693440157,2.7634954058430337,-0.4031610450766417,0.1026890963354768,0.8302517227875433,1910,1,0.050529643375277815,-0.02923134357790362,-0.002734185206448678,1.1732178913899289e-05,-1.0608375044680647e-05,0.0048323798426217705
48.001,0.3201183634482584,1.0673828262487903,2.7824289722661675,-0.302782579858418,0.0780722002747658,0.6889507401140839,1911,1,0.05054805430444214,-0.029237786134504447,-0.0027341486607057965,1.1540678268231122e-05,-1.0410491288889208e-05,0.004835157214808953
48.026,0.3136509722336931,1.0690943034538956,2.797942942848741,-0.2136270963872584,0.05619596297539129,0.5554406532765791,1912,1,0.05054319186885564,-0.02923086074139535,-0.0027341599757119204,1.1305095136969306e-05,-1.034890026448725e-05,0.0048362083289479225
48.051,0.30943700862889456,1.0701926243975601,2.810201004929999,-0.1340162552843936,0.03438160775404793,0.4314482031004886,1913,1,0.050556605711123116,-0.029216307170946938,-0.002734230271804869,1.1117104453960042e-05,-1.0111818103883823e-05,0.004837453207153177
48.076,0.3069501594694738,1.0708133838415979,2.819515353003764,-0.05739643644050878,0.015823652232752405,0.3197691067122936,1914,1,0.050535439753775634,-0.029210514077327315,-0.0027341206686957407,1.1066035941038195e-05,-9.809521713514741e-06,0.004837885657766356
48.101,0.3065671868068693,1.0709838070091977,2.8261894602656126,0.008105956970955636,-0.0028863786002687993,0.22191280904058902,1915,1,0.05054557100478934,-0.029184422682924177,-0.002734109970544891,1.0895259153385498e-05,-9.536653508123255e-06,0.004838542143249684
48.126,0.30735545731802155,1.0706690649115844,2.830610993455793,0.06511982728500731,-0.021466214025036956,0.1392700426706709,1916,1,0.050516114263776224,-0.02918627196844467,-0.0027340831065948215,1.1019133382419935e-05,-9.381874829989687e-06,0.004838747296822536
48.151,0.30982317817111993,1.0699104963079458,2.8331529623991467,0.11908616012652123,-0.03780749457605325,0.074548280370588,1917,1,0.05052798259425337,-0.029179609445834597,-0.0027339718056941143,1.0834969465053576e-05,-8.951016806597546e-06,0.004839777402477848
48.176,0.3133097653243481,1.0687786901827816,2.8343384074743225,0.15688405809528463,-0.0462102916099942,0.029543176724821665,1918,1,0.05053506037885092,-0.02918444662175277,-0.0027335855609567036,1.0838991208994429e-05,-8.593505561440741e-06,0.004839432975929816
48.201,0.3176673810758837,1.0675999817274462,2.8346301212353877,0.18412867162792826,-0.05259691970252633,0.005390139377397269,1919,1,0.050547582384037865,-0.029164141621773193,-0.002733324413138683,1.0610069696096162e-05,-8.119083380910718e-06,0.004840157771988485
48.226,0.322516198905744,1.0661488441976554,2.8346079144431924,0.19242292441427483,-0.05509578812536866,0.0025397625726154894,1920,1,0.05056090800976869,-0.02916168189927283,-0.002733265688924697,1.0443460218509138e-05,-7.704426414740887e-06,0.00484084542402193
48.251,0.3272885272965969,1.064845192321178,2.8347571093640185,0.1745966761895097,-0.053883710205240146,0.013689586772790361,1921,1,0.050567660786724034,-0.029146462342270106,-0.0027333559022866888,1.0389673685462933e-05,-7.147699826471581e-06,0.00484024923306882
48.276,0.33124603271522024,1.0634546586873932,2.835292393781832,0.13411046553371742,-0.05051532001184813,0.0342095537282254,1922,1,0.05054879845926649,-0.029163567031882456,-0.002733473591840329,1.0283374908506908e-05,-6.797062930481753e-06,0.004841252686802365
48.301,0.33399405057328335,1.0623194263205853,2.83646758705043,0.07648339455731835,-0.04291298550122025,0.06331677004410534,1923,1,0.05052587036904699,-0.029170320232361924,-0.00273361085002549,1.0087471625419245e-05,-6.608539761915428e-06,0.004840931540712033
48.326,0.33507020244308594,1.0613090094123323,2.838458232284037,-0.006239101942178493,-0.035700950436121454,0.09845135197167236,1924,1,0.050522114884027046,-0.02917957668441748,-0.002733837667323718,9.741730398427535e-06,-6.230275170022724e-06,0.0048401114414228326
48.351,0.33368209547617445,1.0605343787987793,2.8413901546490132,-0.10816324751753374,-0.029735273327504166,0.13729231055621297,1925,1,0.05051020534363105,-0.029184065413627107,-0.0027341133454469977,9.562252305430142e-06,-5.964888646967317e-06,0.004839378393221559
48.376,0.32966204006720956,1.0598222457459572,2.8453228478118473,-0.22451339039575496,-0.021434282680632803,0.17930423511538754,1926,1,0.05052072381129549,-0.029193643264025678,-0.002734771289706653,9.562751126710732e-06,-5.5222084416101e-06,0.004839666452686504
48.401,0.32245642595638574,1.0594626646647476,2.8503553664047834,-0.34642883883828013,-0.013166943591168533,0.22429132906727076,1927,1,0.0504926590556333,-0.029186202486376316,-0.002735709805969814,9.62250368632482e-06,-5.290836081772491e-06,0.004840096807103679
48.426,0.3123405981252941,1.0591638985663987,2.856537414265212,-0.4529592732818857,-0.012255843767286643,0.2689824260864235,1928,1,0.05046406040678521,-0.02918741703083215,-0.0027368055708715043,9.741947247700626e-06,-5.201071105559766e-06,0.004840315338411955
48.451,0.29980846229229274,1.0588498724763833,2.863804487709104,-0.5564872462554343,-0.009083673260339948,0.31295429433458644,1929,1,0.050483097462658305,-0.02918694135402109,-0.0027379045019345232,1.0017800978683127e-05,-5.083463809005049e-06,0.004842117334226593
48.476,0.28451623581252394,1.0587097149033817,2.8721851289819402,-0.6715957758530227,-0.008017663388902209,0.3564068650821753,1930,1,0.05049058703376521,-0.02917683758426012,-0.002739202609182614,1.0202634446172693e-05,-4.865250903283725e-06,0.004843574689660797
48.501,0.2662286734996435,1.0584489893069382,2.8816248309632115,-0.7790136926138005,-0.008187345027658579,0.3969110664930947,1931,1,0.05046434904580092,-0.02919981724028496,-0.002740779639901121,1.0499407887794965e-05,-4.991274841263487e-06,0.004842647363040855
48.526,0.2455655511818306,1.0583003476519988,2.8920306823065967,-0.8780328950697337,-0.003277423376610576,0.4341890584696791,1932,1,0.05046289979682083,-0.029205702405806,-0.0027425510781606656,1.055612642074099e-05,-5.0131384701141744e-06,0.004843224504954266
48.551,0.2223270287461531,1.0582851181381077,2.9033342838866973,-0.9803660842169956,-0.003718439843592092,0.46773550472199327,1933,1,0.050452383200077826,-0.029202363276640386,-0.002744371958115971,1.0536169909366132e-05,-5.094002407370736e-06,0.0048436221192869255
48.576,0.1965472469709836,1.0581144256598192,2.915417457542695,-1.0788965224838518,0.0003041470172382605,0.4954206993881553,1934,1,0.05044011960004735,-0.02922391642187303,-0.002746024839335322,1.0626670400320553e-05,-5.072366281152829e-06,0.004842462967894388
48.601,0.16838220262196357,1.0583003254889696,2.9281053188561037,-1.1714289245272007,0.0021761119799680443,0.5184313741782304,1935,1,0.0504209483885244,-0.029205768063631152,-0.0027474005883184106,1.0468942499692968e-05,-5.054603965288734e-06,0.004844178718799937
48.626,0.1379758007446269,1.0582232312588176,2.941339026251605,-1.2617785301007252,0.002055944236864884,0.5360412077035535,1936,1,0.05042393277628746,-0.029221324999461864,-0.0027484319912603615,1.044243677303486e-05,-5.0345990494429045e-06,0.00484378531940754
48.651,0.10529327611692194,1.0584031227008128,2.9549073792412837,-1.3499510121331755,0.0070285947861530975,0.5469070207542148,1937,1,0.05041985033480402,-0.029210802058967804,-0.002749325589417683,1.0277036073205963e-05,-5.04889135805711e-06,0.004844994406425534
48.676,0.07047825013796237,1.0585746609981252,2.968684377289318,-1.424657291330756,0.005774879884135381,0.5529381896522215,1938,1,0.05042754344948752,-0.029204358946110495,-0.002750172444269475,1.0047709380816874e-05,-4.895917655393653e-06,0.00484641562612632
48.701,0.03406041155038818,1.0586918666950196,2.982554288723893,-1.5069694580506983,0.00846274850084642,0.5522181988122247,1939,1,0.05049898005891965,-0.029193182937760555,-0.00275070368694003,1.0083625341746103e-05,-4.468451844613415e-06,0.0048468854271496225
48.726,-0.004870222764568261,1.0589977984231675,2.9962952872299278,-1.5811338939298296,0.00784914730082731,0.5452191995024646,1940,1,0.05049195224240138,-0.02918251210960184,-0.002751163139335002,1.0242280419762319e-05,-4.449001882723398e-06,0.004848300200325399
48.751,-0.04499628314609881,1.059084324060061,3.009815248699015,-1.6146142923851579,0.007007357493837254,0.532182348129674,1941,1,0.05051265022728002,-0.029196039519011417,-0.002751405379624379,1.0321656200803203e-05,-4.323042243051798e-06,0.004848467361215675
48.776,-0.08560093738383304,1.0593481662978594,3.0229044046364137,-1.5998728757265048,0.012318691201674897,0.5123926842844202,1942,1,0.05053223172298979,-0.02918822362837974,-0.002751410318677592,1.028740657402657e-05,-4.037798846094451e-06,0.004850088524762389
48.801,-0.12498992693243087,1.0597002586201447,3.035434882913238,-1.5456172017858933,0.014074771971720157,0.4889310222135291,1943,1,0.05053506770829988,-0.029174723330927285,-0.002751246630931787,1.0255630170103366e-05,-3.819098696334683e-06,0.004853023717584464
48.826,-0.1628817974731233,1.0600519048964454,3.047350955747089,-1.4670360725521707,0.012345350340928355,0.4604664274001542,1944,1,0.05052801848827433,-0.02916420616247058,-0.002750919008857688,1.0257070710402147e-05,-3.6787573395869436e-06,0.0048533667117360325
48.851,-0.19834173056003523,1.060317526137191,3.0584582042832444,-1.3576127985433146,0.012290786056855107,0.42634628024036597,1945,1,0.05053531005532526,-0.029161140661833587,-0.00275036683916535,1.0370236241938957e-05,-3.3903379941459204e-06,0.004853383089840711
48.876,-0.23076243740028518,1.0606664441992881,3.068668269759106,-1.2156216400816395,0.012979681252848211,0.3885720966090502,1946,1,0.05053501396454011,-0.02914726347632265,-0.0027496817808302996,1.0513210718265215e-05,-3.341398592354885e-06,0.004854341672638285
48.901,-0.2591228125641224,1.0609665101998336,3.0778868091136986,-1.0677184967519804,0.012222265379414688,0.34750861797255317,1947,1,0.050567503782262116,-0.02913262973409652,-0.0027489324644200124,1.0569921476244653e-05,-3.2231013810899747e-06,0.0048549039456457525
48.926,-0.28414836223788875,1.061277557468259,3.086043700657735,-0.9259079088690885,0.00825885985379629,0.3042294872358382,1948,1,0.050549880379515626,-0.029122597560787514,-0.002748338159756974,1.0385645016210206e-05,-3.571228801381368e-06,0.004855465432821366
48.951,-0.3054182080075742,1.0613794531925234,3.0930982834754897,-0.7845566196637757,0.0023656705116749345,0.25964316249264796,1949,1,0.05054989806997353,-0.02913252022100731,-0.0027480993511964985,1.0293279704955479e-05,-3.8556586992065e-06,0.00485585136894308
48.976,-0.3233761932210753,1.0613958409938427,3.0990258587823667,-0.642081599333698,0.0020618412086294063,0.21503466701287777,1950,1,0.050523103054504546,-0.02915041673891548,-0.0027480704000818184,1.0289531704781279e-05,-4.354064817264897e-06,0.004855786338035997
49.001,-0.33752228797425726,1.0614825452529548,3.103850016826133,-0.505799995263805,0.002357210575332024,0.17114209688416576,1951,1,0.05053813738615338,-0.029149852880585466,-0.0027481669297666367,1.0127974312053911e-05,-4.60037342492079e-06,0.004855686080497255
49.026,-0.3486661929842677,1.0615137015226093,3.1075829636265757,-0.3745893888012,0.0010776768708752518,0.12883014866729392,1952,1,0.05050851993294981,-0.029155443500800526,-0.0027482882102656224,1.0174050970390409e-05,-4.988759011562409e-06,0.004854592404214098
49.051,-0.35625175741431886,1.0615364290964986,3.110291524259498,-0.2438886468147988,-0.002243042974061765,0.09009161550448909,1953,1,0.05051295120298553,-0.02915459746804071,-0.0027484396044055773,1.0143260234303546e-05,-5.062541928309089e-06,0.004854108778266168
49.076,-0.36086062532500696,1.0614015493739062,3.1120875444018,-0.11922392082245337,-0.000936546042331674,0.05685025098056119,1954,1,0.0504908361629804,-0.029170123342098293,-0.002748813770096086,1.026329731852811e-05,-5.2105828046799096e-06,0.004854421993535415
49.101,-0.3622129534554412,1.061489601794382,3.113134036808526,0.00856147451795568,0.0030276076058612434,0.030145460583767596,1955,1,0.05048349401278709,-0.02915426433659573,-0.0027493813027277677,1.0202901153304381e-05,-5.3685497651854065e-06,0.004853382671971252
49.126,-0.3604325515991092,1.0615529297541992,3.113594817430988,0.12028683854970774,-0.0040454001730601975,0.010839385198150494,1956,1,0.05048577985559613,-0.02914060012431379,-0.0027500550926588896,9.983060782547799e-06,-5.46659913540946e-06,0.004852113702349212
49.151,-0.3561986115279553,1.061287331785729,3.1136760060684336,0.22058459876276865,-0.011268145714179594,0.003676532860729906,1957,1,0.050474261094333187,-0.029164469402153084,-0.002750958618627173,9.943823491340274e-06,-5.725220884104329e-06,0.004852088288291512
49.176,-0.3494033216609698,1.0609895224684902,3.1137786440740247,0.30074743227409484,-0.009765468742757855,0.026307743669297497,1958,1,0.05050137165735257,-0.02918478377657121,-0.002752094688655857,9.8011280871467e-06,-5.824028418600086e-06,0.004851009354062719
49.201,-0.3411612399142514,1.0607990583485911,3.1149913932518984,0.3549571034508216,-0.018997921364306527,0.0994546537576436,1959,1,0.05050418327435618,-0.02918076949271631,-0.0027533646649275548,9.69368304466954e-06,-6.076799089335795e-06,0.004851024058195236
49.226,-0.33165546648842975,1.060039626400275,3.1187513767619066,0.3834953062295772,-0.040268436641903785,0.2228715301684796,1960,1,0.050516351485915205,-0.02920361882060442,-0.0027547214246741443,9.675522371519851e-06,-6.2357814875584725e-06,0.00485109777598484
49.251,-0.32198647460277363,1.058785636516496,3.126134969760322,0.3574715259817202,-0.07976186475610922,0.38618882917501635,1961,1,0.050509588200791225,-0.029192742673800103,-0.00275589407126173,9.503448303861356e-06,-6.265015434937895e-06,0.004851729108884714
49.276,-0.3137818901893422,1.0560515331624691,3.138060818220659,0.29415266976946675,-0.15142394987297123,0.5802511212897914,1962,1,0.05049282425268394,-0.029196770186604857,-0.0027566802429967274,9.512496493974407e-06,-6.188772930227673e-06,0.004851993329105593
49.301,-0.30727884111429904,1.0512144390228468,-3.128037781354772,0.21057192935702715,-0.23250533399628004,0.7961243521702341,1963,1,0.05051773659659494,-0.029215146670489023,-0.002756991982936154,9.744349846554873e-06,-5.8555055957124e-06,0.004853522907805735
49.326,-0.30325329372149146,1.0444262664626558,-3.105318271350418,0.11511879521481572,-0.3127518957704245,1.0255029246425857,1964,1,0.05051788409138476,-0.029224396446380575,-0.0027569365238120634,9.734484988108091e-06,-5.746733613072993e-06,0.00485347110624351
49.351,-0.3015229013535586,1.0355768442343265,-3.0767626351226456,0.03455215807769726,-0.3960560032839714,1.260417566174939,1965,1,0.05049684679851956,-0.02922850422979158,-0.002756805457918878,9.80765593905085e-06,-5.682359482642995e-06,0.0048557120485263365
49.376,-0.3015256858176067,1.0246234662984584,-3.042297393041675,-0.03534110176771997,-0.48651700518155777,1.4950823158833129,1966,1,0.0504965695269137,-0.029223288365639487,-0.0027565489049831637,9.889581946723716e-06,-5.592460438215471e-06,0.004858816060556728
49.401,-0.30328995644194473,1.0112509939752465,-3.0020085193284736,-0.09711995758667717,-0.5837016525462904,1.7223293534143689,1967,1,0.050483425021168454,-0.029236629670497952,-0.002756002501999749,1.0083116717622936e-05,-5.499863489346277e-06,0.004861186613484458
49.426,-0.30638168369694097,0.9954383836711413,-2.956180925370949,-0.14739050133539439,-0.6700520856762963,1.9358310870980535,1968,1,0.05048381147278874,-0.029262024871699762,-0.002755263665644156,1.0288160001796596e-05,-5.3254687253275375e-06,0.004863345051288437
49.451,-0.31065948150871403,0.9777483896914336,-2.9052169649735764,-0.19664769540845403,-0.757599288683811,2.131796433688399,1969,1,0.050492039957433024,-0.029231500612671452,-0.0027544726631260306,1.0149186457118844e-05,-5.258540816100184e-06,0.004868302355060469
49.476,-0.3162140684673631,0.957558419236953,-2.849591103686535,-0.23888371734395866,-0.8599026208206051,2.3069473399757334,1970,1,0.05047778070391562,-0.029223112301175063,-0.00275388192117281,1.007023216094806e-05,-5.1492843173769175e-06,0.004874003731776857
49.501,-0.3226036673759113,0.9347532586504058,-2.7898695979747963,-0.2758518827906251,-0.950347682718341,2.4553928810498644,1971,1,0.05047875601915314,-0.029250653000524776,-0.002753793948270166,1.0299068743470012e-05,-4.908130112154102e-06,0.004876844999579758
49.526,-0.33000666260689554,0.9100410351010318,-2.7268214596340314,-0.3093380178617913,-1.033147449971535,2.574305792061245,1972,1,0.05046845351384549,-0.029230036366738193,-0.0027541249112570296,1.0284208018037288e-05,-4.770735914121939e-06,0.004883214360513245
49.551,-0.33807056826900217,0.8830958861518247,-2.661154308371723,-0.33976955789701657,-1.1220939185262295,2.6630568591465846,1973,1,0.050476610611418136,-0.029213083084655377,-0.002754723749394603,1.0283029198909969e-05,-4.529776552080568e-06,0.004889124601355483
49.576,-0.3469951405017454,0.8539363391747236,-2.59366861667671,-0.3733068311295863,-1.2119538803563823,2.7183860248541905,1974,1,0.05047146538747433,-0.02919753983573937,-0.0027555565511497002,1.03390819789984e-05,-4.3799899937749394e-06,0.004895059024803977
49.601,-0.3567359098254804,0.822498192134009,-2.5252350071290213,-0.4005500610290552,-1.2941989387192046,2.739549835541149,1975,1,0.05045099877652177,-0.029193432914642034,-0.0027565902274012417,1.0549070813915436e-05,-4.223462888832315e-06,0.004902302737200901
49.626,-0.367022643553197,0.789226392238767,-2.45669112489966,-0.42008934255289704,-1.3717402899856996,2.727610920515538,1976,1,0.050438047188722045,-0.02918152766547295,-0.0027576417053510505,1.0786520328287713e-05,-4.098914819030144e-06,0.004909616377204849
49.651,-0.37774037695312707,0.7539111776347182,-2.3888544611032327,-0.43744658814326254,-1.4484480461923974,2.681434867720134,1977,1,0.050430165658067766,-0.02919056630486676,-0.0027587637191870593,1.1375397220163194e-05,-3.948753264358192e-06,0.004914458027915814
49.676,-0.388894972960362,0.716803989929141,-2.322619381513642,-0.44967525534229114,-1.4945965668378587,2.601176193123568,1978,1,0.05042209539015435,-0.02920097831688879,-0.0027598588869651094,1.184442509248396e-05,-3.842691076548311e-06,0.004919172774522048
49.701,-0.40022413972024035,0.6791813492928295,-2.2587956514470617,-0.4397829741718312,-1.4959380245716931,2.489634166871219,1979,1,0.05041002508002883,-0.029195210982337925,-0.0027607694898140653,1.2101255178981134e-05,-3.7359781284238296e-06,0.0049254199994208
49.726,-0.41088412166895233,0.6420070887005606,-2.198137673170088,-0.4262727457026159,-1.4722939027703779,2.348867835688307,1980,1,0.050450869970831064,-0.029201098338115558,-0.0027614785581813422,1.2093053753468095e-05,-3.3487749748443505e-06,0.004930235851280734
49.751,-0.42153777700536993,0.6055666541543148,-2.141352259662653,-0.4076430878082734,-1.4093907262429648,2.1803002446163338,1981,1,0.05043733810466733,-0.02920651681412728,-0.0027622019845469814,1.2238346740257697e-05,-3.2835943694357294e-06,0.0049343882647868865
49.776,-0.43126627605936774,0.5715375523884063,-2.089122660939262,-0.3648869446251646,-1.2967796728257945,1.9887132334768323,1982,1,0.050445423186040325,-0.029211425843380698,-0.0027627231559444456,1.213219530892804e-05,-3.199212174296417e-06,0.004939900718623867
49.801,-0.4397821242366297,0.5407276705130195,-2.041916597988803,-0.318101587947727,-1.1615843593838486,1.7798410607226813,1983,1,0.05046692737634219,-0.029230641879991536,-0.0027628939684551683,1.220114383050431e-05,-3.0290899831261598e-06,0.004944897596107871
49.826,-0.4471713554567532,0.5134583344192172,-2.000130607903133,-0.2767844048747738,-1.0150911779447613,1.5563395441034795,1984,1,0.050480373728299714,-0.029255978525784435,-0.002762815410696049,1.2215369544407552e-05,-3.0720987303260357e-06,0.00494641808574991
49.851,-0.4536213444803676,0.48997311161578433,-1.9640996207836336,-0.23599537477064234,-0.8709063743505081,1.3223383293927646,1985,1,0.05049864051166748,-0.029253276976727,-0.0027626329458917006,1.2100884211433607e-05,-3.2539998159909785e-06,0.004949123851044771
49.876,-0.45897112419528463,0.46991301570169425,-1.9340136914334987,-0.1978867655908476,-0.7313951038184361,1.086600163993326,1986,1,0.050515959524463847,-0.029264230905387746,-0.0027622828969963713,1.2039331181856515e-05,-3.2661627644034615e-06,0.004953182025732882
49.901,-0.46351568275991084,0.4534033564248594,-1.9097696125839627,-0.16515406472542163,-0.5956863078125333,0.8561250448611781,1987,1,0.050531178244134445,-0.02925000465760793,-0.002761961030342244,1.183689125458755e-05,-3.174874511390073e-06,0.004954352163260876
49.926,-0.4672288274315564,0.44012870031106505,-1.891207439190436,-0.13139228413817397,-0.46441363976837713,0.6356523672182673,1988,1,0.05053010539274852,-0.029234790328042277,-0.002761924061154597,1.1899229472549919e-05,-3.0933343089095457e-06,0.004954697138233009
49.951,-0.47008529696681917,0.43018267443644187,-1.877986994223051,-0.09494789165576319,-0.33503579925958665,0.4345763339429068,1989,1,0.05053491261075177,-0.029211934815483218,-0.0027622223760464283,1.1793169530374064e-05,-3.005022040762386e-06,0.004955479518362166
49.976,-0.4719762220143443,0.42337691034808667,-1.869478622493292,-0.05672786011251086,-0.20959671505453384,0.2619637398298351,1990,1,0.05054224530973454,-0.029201733009035783,-0.0027628370295468717,1.1749477215664882e-05,-2.759661992785227e-06,0.0049557856900805065
50.001,-0.47292168997244455,0.4197028386837158,-1.86488880723156,-0.0180938643323565,-0.09139970862092725,0.12698084788601155,1991,1,0.0505579666130701,-0.02919922381255995,-0.002763759575229147,1.1793324306231154e-05,-2.457439394465419e-06,0.004955731522137929
50.026,-0.4728809152309622,0.4188069249170399,-1.8631295800989909,0.014189262726079689,0.03002246761857196,0.0404832769449791,1992,1,0.050554304092622425,-0.0292235798096756,-0.0027648667083355616,1.1905585010108312e-05,-2.382590496835001e-06,0.004956326682636509
50.051,-0.4722122268361405,0.4212039620646445,-1.8628646433843108,0.03833689695771354,0.14304167913675206,-0.0002179037961891463,1993,1,0.050579495920218806,-0.029208925108777352,-0.002765970729620193,1.1933916545759843e-05,-1.994281328691112e-06,0.0049545695851692315
50.076,-0.47096407038307664,0.4259590088738771,-1.8631404752888003,0.06795141988136408,0.25008711499238867,-0.038104724636458476,1994,1,0.05053847225282043,-0.029194121250328216,-0.0027667561842471848,1.2012551612854516e-05,-2.006519997483038e-06,0.004955105621939502
50.101,-0.4688146558420725,0.4337083178142632,-1.8647698796161336,0.08769329898994536,0.3543047187150585,-0.11440778308487094,1995,1,0.050537048771694015,-0.029196944943742763,-0.0027673279159970443,1.2124736176937655e-05,-1.9017236223449583e-06,0.004954607945607369
50.126,-0.4665794054335796,0.443674244809629,-1.8688608644430433,0.08244030170568702,0.41502017524866835,-0.23095527791183543,1996,1,0.05054444393088196,-0.02918546565307039,-0.002767679240212735,1.1932362111336385e-05,-1.820267594292537e-06,0.004953841135762531
50.151,-0.4646926407567878,0.4544593265766984,-1.8763176435117264,0.037997902303782506,0.4177740492230596,-0.37990417496716367,1997,1,0.05055471149199042,-0.029209402912338776,-0.002767973858833076,1.2075520881715272e-05,-1.7238171822805373e-06,0.004952338894474024
50.176,-0.46467951031839033,0.4645629472707838,-1.8878560731914031,-0.04586017482097343,0.377627297249951,-0.5545748065620564,1998,1,0.05054304982361205,-0.029209568078029612,-0.0027683145654747413,1.2145836976854472e-05,-1.9106386082940033e-06,0.004949346592325091
50.201,-0.46698564949783633,0.4733406914391949,-1.9040463838398276,-0.14370607593893897,0.32171738578641135,-0.7473707027520485,1999,1,0.05052227553256734,-0.02922090571220893,-0.002768764375672446,1.2193655470639566e-05,-1.9296451823801233e-06,0.004946977007813307
50.226,-0.4718648141153369,0.48064881656010344,-1.9252246083290034,-0.25376793532846165,0.26749644755866464,-0.9518398177914297,2000,1,0.050518714550694024,-0.029234240957737256,-0.0027693859036067403,1.205727981876422e-05,-1.845153791675452e-06,0.004942818192770758
50.251,-0.4796740462642587,0.48671551381712735,-1.9516383747293964,-0.3692365478190514,0.2202097029446427,-1.162162194423376,2001,1,0.05051704565305085,-0.029215295896133163,-0.002770038571474095,1.1781117749730954e-05,-1.859930558279673e-06,0.00493965812080319
50.276,-0.490326641506291,0.4916593017073365,-1.9833327180501772,-0.4759860882304395,0.17383466616869586,-1.3719323459459594,2002,1,0.05051075092024929,-0.02918071040789845,-0.002770780080421815,1.170929898358912e-05,-1.981693652194211e-06,0.004936553120204187
50.301,-0.5034733506757827,0.4954072471255629,-2.0202349920267,-0.575041578834387,0.13806671509905674,-1.5758254989027882,2003,1,0.050482841744683725,-0.029177957399204098,-0.0027714694174105375,1.1678363110302669e-05,-2.3497524940986838e-06,0.004933225980883355
50.326,-0.5190787204480087,0.49856263746228896,-2.0621239929953123,-0.6749831908299593,0.11167479148172256,-1.7698945220936697,2004,1,0.05048599823442166,-0.02918745576867292,-0.002772082623879664,1.1590743928973315e-05,-2.5416042400680325e-06,0.004927303293917056
50.351,-0.5372225102172787,0.5009909866996487,-2.1087297181313787,-0.7779587899510696,0.08404354299213523,-1.950472806140646,2005,1,0.05048470749642429,-0.029202465634638176,-0.002772663037877613,1.146604977072279e-05,-3.0435712880917803e-06,0.004920440918761997
50.376,-0.55797665994556,0.5027648146118955,-2.159647633302339,-0.8876981524544723,0.06349957608527426,-2.114556164705845,2006,1,0.05046974889096213,-0.029212515931730493,-0.002773419124074745,1.1317845286248474e-05,-3.2695883899071356e-06,0.004912277960119043
50.401,-0.5816074178400061,0.5041659655039127,-2.21445752636668,-0.9837687360028595,0.04869643808851383,-2.2579366721537157,2007,1,0.05045228194502808,-0.029175768131395458,-0.002774316273979808,1.1087040941298673e-05,-3.556744488601925e-06,0.004907292000923371
50.426,-0.6071650967457072,0.5051996365163214,-2.2725444669100345,-1.0701242818792687,0.028746922192576765,-2.3768629503738765,2008,1,0.05046311295355951,-0.029194931530161138,-0.0027751700625671324,1.1030725114292865e-05,-3.852702671780759e-06,0.004900566289598519
50.451,-0.6351136319339665,0.5056033116135414,-2.333300673885367,-1.1643839515970162,0.01511129811556519,-2.4712996233649935,2009,1,0.05044439586645686,-0.02922216132777465,-0.0027758994229426593,1.1119123311158683e-05,-4.223973976867162e-06,0.004892175573667779
50.476,-0.6653842943255547,0.5059552014220996,-2.396109448078277,-1.2613487175688671,0.011673604589766516,-2.53907455720068,2010,1,0.050452618848359436,-0.029233665600436734,-0.0027765930018364316,1.1348753832565708e-05,-4.269953775742621e-06,0.0048852150354361384
50.501,-0.6981810678124063,0.5061869918430297,-2.460254401745394,-1.3490697627222374,0.001169611113787006,-2.578430092200963,2011,1,0.05045913841090504,-0.02921134197103712,-0.0027774345546540485,1.1425682554945838e-05,-4.36335543380633e-06,0.004877859557780831
50.526,-0.7328377824616723,0.506013681977789,-2.5250309526883363,-1.4389640806789499,-0.010936430343363623,-2.589115427338521,2012,1,0.05046829460812088,-0.029234540808028373,-0.0027781891892764633,1.1435325611094104e-05,-4.360423286492207e-06,0.004870218264910963
50.551,-0.7701292718463599,0.5056401703258615,-2.589710173112331,-1.5291174364579587,-0.02067149626443172,-2.570429292280045,2013,1,0.050448780640986325,-0.029209285677251208,-0.002778956789312236,1.1014071118177907e-05,-4.291341026142321e-06,0.004862172028084087
50.576,-0.8092936542845659,0.5049801071645674,-2.6535524173023313,-1.6008627905140171,-0.025942366090025235,-2.5233596038496144,2014,1,0.05043488598357006,-0.029209757427329258,-0.0027795824236971915,1.079490668321097e-05,-4.237292605503997e-06,0.004852932837747703
50.601,-0.8501724113720562,0.5043430520213603,-2.7158781533048044,-1.6513623517494176,-0.02846766518883987,-2.4490536332052817,2015,1,0.050451522377078575,-0.02921503356162734,-0.0027800186928711073,1.0598545752944817e-05,-4.0617513149523285e-06,0.004844701434565449
50.626,-0.8918617718720321,0.5035567239051255,-2.7760050989625884,-1.6403301198399456,-0.02823352486677181,-2.3483045269999754,2016,1,0.050457381063057624,-0.029220558840374767,-0.0027802298947577466,1.0387148186031585e-05,-3.898473749588056e-06,0.0048370577190173895
50.651,-0.9321889173640605,0.5029313757780216,-2.833293379654813,-1.5798519511227311,-0.02215212867263039,-2.2228762935268667,2017,1,0.050491123795463465,-0.02923060059289052,-0.002780203306159226,1.0270423711335745e-05,-3.7642046590553146e-06,0.004830955817797867
50.676,-0.9708543694281754,0.5024491174714939,-2.887148913638941,-1.490662703084689,-0.02535851842388281,-2.073831559807646,2018,1,0.05049899348590363,-0.029209364968073897,-0.0027801373916821054,1.0145117104965343e-05,-3.7544456714457885e-06,0.004826210052706548
50.701,-1.0067220525182907,0.5016634498568275,-2.9369849576451896,-1.3534749447608077,-0.0234326709141377,-1.9050068529623427,2019,1,0.0504661837088538,-0.02921677919341763,-0.0027800233245430556,1.0052313785380728e-05,-4.033719202699145e-06,0.004818911183898322
50.726,-1.038528116666212,0.5012774839257871,-2.982399256287053,-1.1902571792752392,-0.012178649056949346,-1.719889485894024,2020,1,0.050473980523053824,-0.029212472107930824,-0.0027795396822191216,1.0039120435852224e-05,-4.071331645325146e-06,0.004812483673989588
50.751,-1.0662349114820493,0.5010545174039801,-3.022979431939886,-1.0336739967881587,-0.007937197876356928,-1.5222953519883509,2021,1,0.05051043649640019,-0.029218437640099983,-0.002778867498220735,1.0191179058068422e-05,-4.0930045944677875e-06,0.0048057107187975375
50.776,-1.0902118165056243,0.5008806240319692,-3.058514023886477,-0.8923785020442704,-0.0046706376798173925,-1.3161489755553146,2022,1,0.050541903883482106,-0.029226010849907873,-0.002778096068053396,1.0227772620399952e-05,-3.9798476225097814e-06,0.0048005857676353455
50.801,-1.1108538365842666,0.5008209855199892,-3.0887868807176573,-0.752350918356311,-0.004918757396794872,-1.105825547510851,2023,1,0.05054238239240295,-0.029214693860617154,-0.0027772548574308393,1.0220307291762442e-05,-4.018891903050104e-06,0.004795652706455929
50.826,-1.1278293624234377,0.5006346861621295,-3.1138053012620164,-0.6112904065445194,-0.0035720712747069148,-0.8971695592275596,2024,1,0.050549384546636315,-0.029227787454801715,-0.0027765211061121352,1.0240713054169565e-05,-3.9730713498657704e-06,0.004791105966930469
50.851,-1.1414183569114909,0.5006423819562539,-3.1336453586790327,-0.4652941100511174,0.0015041571858765723,-0.6953252080273526,2025,1,0.05055448527256433,-0.029220273647730978,-0.0027761338039686227,1.0156394257377131e-05,-3.7309580827048387e-06,0.004787599873749794
50.876,-1.1510940679259922,0.5007098940214233,3.134613745516205,-0.32821561115523457,-0.004704930699485786,-0.5070364970203934,2026,1,0.05061777473349914,-0.029223640143489424,-0.002776053877398692,1.0230408871489399e-05,-3.333950573070357e-06,0.004783789804995501
50.901,-1.157829137469254,0.5004071354212796,3.1241881236495317,-0.21207206281455418,-0.0050661765964528215,-0.33769654152036704,2027,1,0.050627804646826154,-0.029257552080113984,-0.0027761835396877474,1.0305681622392784e-05,-3.2874981567128455e-06,0.004782070833345229
50.926,-1.1616976710667208,0.5004565851916006,3.1177289184401853,-0.09114708463712946,-0.002263687644605956,-0.19534077037419495,2028,1,0.0506074335727298,-0.02924409296574191,-0.0027764292198215117,9.899181426401371e-06,-3.0969236754614644e-06,0.004778121366500156
50.951,-1.1623864917011102,0.5002939510390493,3.1144210851308225,0.032088564236302956,-0.002857162733831571,-0.08832888368938865,2029,1,0.050593057172952156,-0.029257688899618044,-0.0027768577134830094,9.602390105474146e-06,-2.9758519134391863e-06,0.0047755288873184455
50.976,-1.1600932428549058,0.5003137270549091,3.113312474255716,0.14785537624307074,-0.00035556638178226653,-0.024195483005745852,2030,1,0.05057773235358961,-0.02925028131637397,-0.002777379779403853,9.3246368088195e-06,-2.946462734725215e-06,0.00477246559621104
51.001,-1.154993722888957,0.5002761727199602,3.1132113109805353,0.23436904740879116,-0.0007695198790180112,-0.004515942387736841,2031,1,0.05057489651800505,-0.02925151580949156,-0.00277784518261219,9.167810995213263e-06,-2.7929664033021112e-06,0.004770551508053257
51.026,-1.1483747904844652,0.5002752510609582,3.1130866771363293,0.28115380050452377,0.001414268332941994,-0.01555802544144536,2032,1,0.050567642051909674,-0.029250205574690713,-0.0027782424285019264,8.937648394266085e-06,-2.7219188800429903e-06,0.00476817966425976
51.051,-1.1409360328637297,0.5003468861366073,3.112433409708463,0.28764499672810334,0.011389032540648028,-0.04340235865512268,2033,1,0.050580001211858946,-0.029252064680397746,-0.002778638039106452,8.569671270941746e-06,-2.4447036032259157e-06,0.004766284716099408
51.076,-1.1339925406480609,0.5008447026879905,3.1109165592035732,0.2521926048071298,0.03010674252695138,-0.08533110790061957,2034,1,0.0505661390859611,-0.029238501386728736,-0.002778854394799837,8.311483479431273e-06,-2.3134923452139538e-06,0.004763924718614249
51.101,-1.128326402623374,0.5018522232629548,3.108166854313432,0.19232067127966196,0.059261982901487355,-0.13875991601681192,2035,1,0.05052787649579944,-0.029235673106377577,-0.002778817045975374,8.069078122668955e-06,-2.2693625834105464e-06,0.004761859887848502
51.126,-1.1243765070840783,0.5038078018330647,3.103978563402733,0.10499610855708046,0.1110111674823838,-0.2005888267514606,2036,1,0.050511154253489315,-0.029231789711460753,-0.002778866128010288,7.70481114469278e-06,-2.2551588219692374e-06,0.004759435610766044
51.151,-1.1230765971955194,0.5074027816370744,3.0981374129758583,0.009113860434316945,0.16359110494368048,-0.26999729320005633,2037,1,0.05047758149785457,-0.02919425040127125,-0.0027789829591906125,7.205060233494354e-06,-2.050272751984224e-06,0.0047569787685760164
51.176,-1.1239208140623624,0.5119873570802495,3.090478698742729,-0.0903798769894866,0.21404086603228006,-0.3443123014469958,2038,1,0.05050512923031213,-0.029210847712441736,-0.0027792616712053733,7.261078783141088e-06,-1.6476517474067432e-06,0.004754768687558789
51.201,-1.1275955910449935,0.5181048249386878,3.0809217979035095,-0.20222767078155884,0.2761088472706776,-0.42226166386110275,2039,1,0.050498584772917424,-0.029219040143295443,-0.002779452368439825,7.31730939278322e-06,-1.5400079205117229e-06,0.004750926880823872
51.226,-1.1340321976014398,0.5257927994437825,3.069365615549675,-0.29732666767386196,0.33714412502905106,-0.5024307914001921,2040,1,0.05045854899721611,-0.029219058744195087,-0.0027795472070841223,7.257984315657242e-06,-1.5425134290910691e-06,0.004747960128472711
51.251,-1.1424619244286858,0.5349620311901394,3.0558002583335013,-0.37624059238002505,0.3976428628842415,-0.5831912420922016,2041,1,0.05046284087979598,-0.02922261557251576,-0.0027795824990360127,7.2909002701719285e-06,-1.2958908913455213e-06,0.0047441695239497
51.276,-1.1528442272204427,0.5456749425879963,3.0402060534450626,-0.46285809255696414,0.4591009739508775,-0.6627144425491739,2042,1,0.05049830612529915,-0.029223621667071743,-0.0027797366447796794,7.271604838981816e-06,-9.39713435103215e-07,0.004741260127444373
51.301,-1.165604829056536,0.5579170798876852,3.02266453620604,-0.5537365690107126,0.5222549056972311,-0.7399500980277883,2043,1,0.05050536994835746,-0.029227558595797683,-0.002780026344998995,7.406911063943375e-06,-7.057779079397071e-07,0.0047373392396861756
51.326,-1.1805310556709767,0.5717876878728564,3.0032085485436752,-0.6418504749279262,0.5813222058290777,-0.8134603564230254,2044,1,0.05050309663238529,-0.029219309520886638,-0.00278043049982156,7.347667019918819e-06,-6.920685653507663e-07,0.004734496285765093
51.351,-1.1976973528029304,0.5869831901791375,2.981991518384891,-0.7197661074057448,0.6373015836823266,-0.8825927060759189,2045,1,0.050480984039056855,-0.029232843450570672,-0.002780777111400263,7.175625281628612e-06,-7.999165968511625e-07,0.004729923064441696
51.376,-1.216519361041262,0.6036527670569709,2.959078913239882,-0.7950731378120178,0.6990473895502295,-0.9466371102755381,2046,1,0.050496404226218206,-0.029242064492094298,-0.002780958709218316,7.042215083422673e-06,-7.887231485867329e-07,0.0047264813554608424
51.401,-1.2374510096935347,0.6219355596566519,2.93465966287111,-0.8759129982357646,0.7588051616894816,-1.0032662082850974,2047,1,0.050486424839766286,-0.029234846103387523,-0.002781198908661433,6.609632867099057e-06,-9.391326288658912e-07,0.00472293132208272
51.426,-1.2603150109530539,0.6415930251414482,2.9089156028256227,-0.9468230489754254,0.8129950430756301,-1.0534125581168552,2048,1,0.05047004425951493,-0.029237083410379512,-0.0027814189116036974,6.276442386532657e-06,-1.1241560234798814e-06,0.0047179552658759465
51.451,-1.2847921621423033,0.6625853118104311,2.88198903496527,-1.0198193032105876,0.8699505558161597,-1.0961042856606975,2049,1,0.05047650398423496,-0.029245734249690014,-0.0027816835771088634,6.082274673478571e-06,-1.1853731516464956e-06,0.004713028280182989
51.476,-1.3113059761135804,0.6850905529322537,2.854110388542591,-1.0886588776225057,0.9287675732480567,-1.1306658136979684,2050,1,0.05044917755401658,-0.029243820008220744,-0.0027819915051790047,5.804293011186192e-06,-1.336234659777434e-06,0.004707951497339577
51.501,-1.3392251060234255,0.7090236904728313,2.825455744280375,-1.1504720669951936,0.9820601872835828,-1.1553568464140964,2051,1,0.050454858053216096,-0.02923122784647531,-0.0027822937721348443,5.67031108039684e-06,-1.2554530505369164e-06,0.00470488179273479
51.526,-1.368829579463345,0.7341935622964371,2.796342546221881,-1.214667768999099,1.0300215393012544,-1.1706741191759718,2052,1,0.050457808491772664,-0.02923089113928222,-0.0027825513829851894,5.438310724945824e-06,-1.2437847085497871e-06,0.00469852809303716
51.551,-1.3999584944733856,0.7605247674378984,2.7669220383215714,-1.270949575988053,1.082511022235139,-1.1781589920738216,2053,1,0.05047153924025608,-0.02924410495753948,-0.0027827516150738395,5.382512525659906e-06,-1.2372937156551007e-06,0.004693759195033082
51.576,-1.432377058262744,0.7883191134081909,2.7374345966181934,-1.3321811815295794,1.1349835702436752,-1.1757079667183092,2054,1,0.050507405351208026,-0.029229838477374884,-0.002782978152155006,5.3458275910255765e-06,-9.71583721566396e-07,0.004688269164900501
51.601,-1.4665675535498608,0.817273945950079,2.7081366399856592,-1.3898139837349701,1.1774033302319677,-1.1643738566338553,2055,1,0.05050751612962549,-0.02922948482660784,-0.0027831639576178816,5.2561396509844784e-06,-8.261897082889947e-07,0.004681932047441579
51.626,-1.5018677574494885,0.847189279919786,2.679215903786504,-1.4265381266293158,1.207731845839756,-1.1439786134498056,2056,1,0.050496782314380144,-0.029221955826296803,-0.0027830441431960875,4.941804042983521e-06,-7.303871612585297e-07,0.004678243094105111
51.651,-1.5378944598813327,0.8776605382420719,2.650937709313164,-1.4327036912458513,1.2102203612726348,-1.1146549285273037,2057,1,0.05049415957033526,-0.029223480263945372,-0.002782517587854351,4.742416961244634e-06,-4.922024883236863e-07,0.004672974315413584
51.676,-1.5735029420117872,0.9077002979834229,2.623483157360134,-1.4005762808344622,1.1820766752485652,-1.0760737006465149,2058,1,0.05051493047932286,-0.029241998906172427,-0.002781677844944286,4.58920399508612e-06,-1.760370541661988e-07,0.0046695961189858635
51.701,-1.6079232739230518,0.9367643720044968,2.5971340242808414,-1.340100148361177,1.1359389853707438,-1.0299406373684903,2059,1,0.050517290122866154,-0.029248931490683857,-0.0027808066443520307,4.366758185652264e-06,2.5299098536003857e-08,0.004663674397364651
51.726,-1.6405079494298422,0.9644972472519568,2.5719861254917125,-1.2627278600041831,1.0740211572040714,-0.9761228096070718,2060,1,0.0505158949231268,-0.029236239891314696,-0.0027800621941290603,3.9177302500834895e-06,1.752907657545608e-07,0.004660244998137244
51.751,-1.6710596669232574,0.9904654298646973,2.5483278838004906,-1.1822759882578073,1.0001323201067294,-0.9151021068961392,2061,1,0.050534246928998314,-0.029236865864382868,-0.0027793854491214797,3.6298800127587498e-06,3.419398293865032e-07,0.004654213000329058
51.776,-1.6996217488427376,1.0145038632572976,2.5262310201469016,-1.0932080461567928,0.9210224214052612,-0.849271185150283,2062,1,0.050536505548105896,-0.02925635817920071,-0.002778758613103156,3.412373130158076e-06,3.330881740858424e-07,0.00464966585778947
51.801,-1.7257200692311017,1.0365165509349643,2.505864324542973,-0.9913921117899247,0.8385098266174073,-0.7771839941756651,2063,1,0.05053552965685994,-0.029269437107415742,-0.0027781638372920154,3.1812065513884403e-06,3.388587120642367e-07,0.004645095943101744
51.826,-1.749191354432231,1.0564293545881656,2.4873718204381206,-0.8802558153519037,0.7516423133672873,-0.701970898266313,2064,1,0.050525717637152516,-0.029269512267244415,-0.002777659907571636,2.7976812734251958e-06,5.452307941433149e-07,0.0046388809363191235
51.851,-1.7697328599986943,1.0740986666033265,2.470765779629659,-0.7687437924359746,0.6559811100716546,-0.6248114594238174,2065,1,0.050532065666179855,-0.02925439771511118,-0.0027773052562112942,2.472388180409625e-06,8.169661085434235e-07,0.004636507125734922
51.876,-1.7876285440540276,1.0892284100917464,2.4561312474669315,-0.6623639061999821,0.5592391603663595,-0.5439119711570208,2066,1,0.05053054682274543,-0.02926523888631014,-0.0027771307253363782,2.371263524864894e-06,7.682085902542242e-07,0.004634962055097783
51.901,-1.8028510553086963,1.102060624621647,2.443570181071806,-0.5526251887718665,0.4699928286953313,-0.4616796534478735,2067,1,0.05052104443580441,-0.029276266847089522,-0.002777057618253471,2.1454213658844592e-06,7.466114721053265e-07,0.00462997386328389
51.926,-1.8152598034926233,1.112728051526515,2.433047264794536,-0.44808707266664854,0.3810294284363541,-0.3833869664823593,2068,1,0.050518426067321334,-0.029268283961884106,-0.002777010199139061,1.9123943983231497e-06,1.0551309510404247e-06,0.0046231074740837
51.951,-1.8252554089420274,1.1211120960434635,2.424400832747689,-0.34404571087563074,0.28973031606917093,-0.3079692336489079,2069,1,0.05050175510127829,-0.029279391805627667,-0.002776983409628148,1.8581900120727708e-06,1.1947741588938845e-06,0.004622818080562626
51.976,-1.8324620890364038,1.1272145673299727,2.4176488031120913,-0.23564913765151915,0.2045607315375869,-0.23501098926188127,2070,1,0.05051573963630923,-0.02928407546352793,-0.002777045057675374,1.8037531242740922e-06,1.2764623241830257e-06,0.004620899465982561
52.001,-1.8370378658246027,1.1313401326203423,2.4126502832845955,-0.1363174790884986,0.12599652627948635,-0.16911802634903217,2071,1,0.050531405489926295,-0.029267053709594315,-0.0027773307132865554,1.6375171981744595e-06,1.4535973232297584e-06,0.004617535881703769
52.026,-1.8392779629908294,1.1335143936439476,2.409192901794639,-0.051814334220714485,0.04755454462852121,-0.11185224469139433,2072,1,0.05053194236655578,-0.029249030707927108,-0.002777820104273892,1.462543782105583e-06,1.6552165563296241e-06,0.004615515573830468
52.051,-1.8396285825356387,1.1337178598517685,2.4070576710500253,0.03347190686870695,-0.02764453260367163,-0.06391007797418,2073,1,0.05051774580286965,-0.02926295930518577,-0.0027782953374257706,1.3354742467214217e-06,1.8816141109030534e-06,0.004614475243387533
52.076,-1.837604367647394,1.132132167013764,2.40599739789593,0.10821325559659371,-0.09330310208988643,-0.028494609121347225,2074,1,0.0505366673073615,-0.029257569181595545,-0.0027788453091837978,1.1005569810551785e-06,2.3035819911148584e-06,0.004611787094610041
52.101,-1.8342179197558093,1.1290527047472745,2.405632940593958,0.15990545737036863,-0.1390292172064446,-0.008018140511155026,2075,1,0.05054127074954311,-0.029280183637381857,-0.0027794245021638014,9.534602602422455e-07,2.3238626428270643e-06,0.004611297636748535
52.126,-1.8296090947788761,1.1251807061534422,2.4055964908703724,0.206935035020135,-0.1667073819335787,0.0019043519722837284,2076,1,0.0505120981200997,-0.029279413052346832,-0.0027799387193336677,5.583777546101886e-07,2.0898137744472674e-06,0.004611631399719534
52.151,-1.8238711680048016,1.1207173356505948,2.4057281581925722,0.23776659204396838,-0.1863656686764,0.012547653727369474,2077,1,0.05049325484196082,-0.02924884835219145,-0.0027804381147442853,3.341943428690102e-08,1.8931863594312064e-06,0.0046093084359386145
52.176,-1.8177207651766767,1.1158624227196214,2.406223873556741,0.21216263626213525,-0.18496278671658203,0.03222749595540547,2078,1,0.050520035562649765,-0.02921966983130065,-0.0027806980406835393,-2.494390986873771e-07,1.8827780691234747e-06,0.004608089562449272
52.201,-1.8132630361916955,1.1114691963147663,2.4073395329903424,0.14465412514971399,-0.1517142731725449,0.061335718160678995,2079,1,0.05049063801225944,-0.02925836422880603,-0.002780580616457878,-4.3935225053008675e-07,1.8054155713011468e-06,0.004607668926378655
52.226,-1.8104880589191914,1.1082767090609946,2.4092906594647747,0.06191162410316938,-0.09140564556474459,0.09816301270403674,2080,1,0.05049394153173715,-0.029276755153049238,-0.002780256540946848,-6.598091104021034e-07,1.939720261280968e-06,0.004606559779815872
52.251,-1.8101674549865372,1.1068989140365293,2.412247683625544,-0.036998978567740655,-0.029593973242951464,0.1408635779806535,2081,1,0.050486347390937485,-0.02926451454043009,-0.0027798465093825495,-1.0474427380300406e-06,2.1436872094399104e-06,0.004606230272226547
52.276,-1.8123380078475786,1.106797010398847,2.416333838363808,-0.14085021613352697,0.024233196572913826,0.18708861784347344,2082,1,0.050508680988724616,-0.0292597324767088,-0.002779595979359388,-1.2574406717598911e-06,2.4733899273493247e-06,0.004605291182107749
52.301,-1.8172099657932141,1.108110573865175,2.4216021145177185,-0.2520589679398687,0.08440890819674288,0.23618102034248978,2083,1,0.05052013060817189,-0.029257266592446225,-0.0027795315720894327,-1.3593315059488784e-06,2.5808758126142167e-06,0.004604157786969112
52.326,-1.8249409562445713,1.1110174558086838,2.428142889380932,-0.363414391578359,0.13499254684020345,0.2858154305216927,2084,1,0.05048766184243764,-0.02924892209491686,-0.002779623915306024,-1.4582080427470822e-06,2.5238225491975665e-06,0.004602056838033627
52.351,-1.835380685372131,1.1148602012071849,2.4358928860438023,-0.46226201080814505,0.17656780824572343,0.3354700338490981,2085,1,0.050467452656572605,-0.029273394428192972,-0.002779880113094601,-1.404660264189164e-06,2.6302712238726633e-06,0.0046021708716178725
52.376,-1.8480540567849773,1.1198458462209695,2.4449163910733858,-0.5576372937801612,0.22234691267422826,0.38385406217593065,2086,1,0.05047213628888702,-0.029274449008988734,-0.0027801336166098423,-1.518414662208205e-06,2.8725705338324114e-06,0.004599553498377943
52.401,-1.8632625500611415,1.1259775468408972,2.4550855891526004,-0.6537654967490856,0.2691884795643677,0.42881850678938244,2087,1,0.050465603609751324,-0.02927422546334822,-0.00278042442809395,-1.38181017464478e-06,2.8666806012997678e-06,0.004600616196618196
52.426,-1.8807423316224343,1.133305270199189,2.4663573164128567,-0.7502179081454834,0.30655638915723726,0.47140436246063916,2088,1,0.05045941428034534,-0.029251389459867654,-0.0027806836190921867,-1.4527646255756283e-06,2.944072658129315e-06,0.004602132215465054
52.451,-1.9007734454684135,1.1413053662987582,2.478655807275631,-0.8435232023619257,0.3415472571549011,0.5094716142628665,2089,1,0.050461223399325864,-0.029271440313558973,-0.0027807720064441438,-1.2723717600452474e-06,3.1354181689125873e-06,0.00460316416575293
52.476,-1.9229184917405282,1.1503826330569331,2.4918308971259986,-0.9285265617492117,0.3821589319596614,0.5432197338838705,2090,1,0.05046931356742473,-0.029266874653167463,-0.0027807895538864784,-1.4149225845882228e-06,3.3548815777995612e-06,0.004606238719994105
52.501,-1.9471997735558715,1.1604133128967402,2.505816793969823,-1.0186991476212912,0.4175915659318096,0.5730682830547229,2091,1,0.05048426050948424,-0.029254657159529997,-0.0027806528639862022,-1.4773866048997315e-06,3.533712189309537e-06,0.00460824241777599
52.526,-1.973853449121597,1.1712622113535254,2.520484311278737,-1.1072110708737959,0.4585579467228138,0.5951924644884191,2092,1,0.05048861384838374,-0.029264022821236947,-0.002780424285330497,-1.4583051076618204e-06,3.6117620751143215e-06,0.004608079365168566
52.551,-2.002560327099566,1.1833412102328829,2.5355764171942465,-1.1933491439352484,0.49412151498201917,0.6113062958230834,2093,1,0.05047547360846722,-0.029238051676824837,-0.00277996679768732,-1.743267065986846e-06,3.8029307789688753e-06,0.004611833366587006
52.576,-2.033520906318356,1.195968287102625,2.5510496260698896,-1.2785052932475176,0.5209245011301918,0.6223331965819855,2094,1,0.05047107814711294,-0.0292521896152709,-0.0027792785384042912,-1.8820760102496979e-06,3.8902603549095895e-06,0.004611518222439866
52.601,-2.0664855917619382,1.209387435289391,2.566693077023344,-1.3555361258853587,0.5536570011820844,0.6254660425701264,2095,1,0.0504724696396009,-0.02926507428064352,-0.002778339372986816,-2.0337267204743343e-06,4.029090118826504e-06,0.004610014283475919
52.626,-2.10129771261262,1.2236511371617276,2.582322928198394,-1.4341284290757381,0.5900753818404011,0.6206636112232026,2096,1,0.050482731795168295,-0.029264133453123724,-0.002777136978213155,-2.0914908988640465e-06,4.308146170620852e-06,0.004610064240019169
52.651,-2.1381920132157313,1.2388912043814135,2.597726257584507,-1.498659066141791,0.6170507509801355,0.6099361691345098,2097,1,0.05046538936502697,-0.029256917223459133,-0.0027759807256299562,-2.322102674411004e-06,4.119440947791693e-06,0.004611757283693838
52.676,-2.176230665919716,1.254503674710737,2.6128197366551222,-1.5366775058760658,0.6249699693719268,0.5936517634278164,2098,1,0.05047061063837304,-0.029252723175293018,-0.0027750673798652495,-2.3102091681849265e-06,4.118654065329664e-06,0.004611193979951176
52.701,-2.21502588850953,1.270139702850008,2.627408845755896,-1.5259616872390571,0.6198238923228013,0.5694634134414192,2099,1,0.050467379820564845,-0.029277629552086307,-0.002774582944605867,-2.251608036109201e-06,4.054404639016166e-06,0.00460999950373951
52.726,-2.2525287502816647,1.2854948693268753,2.6412929073271916,-1.4520300687570247,0.5990202043122291,0.5394318273161365,2100,1,0.05043333314981442,-0.02928013427058443,-0.0027743760921215017,-2.2702323665838676e-06,4.089634818634416e-06,0.0046125172729675834
52.751,-2.2876273919473773,1.3000907130656179,2.6543804371217012,-1.354395938595827,0.5545689870432218,0.5058684486017929,2101,1,0.05040254131945472,-0.02925828396423071,-0.0027743318674484175,-2.327014722451124e-06,4.091287195380491e-06,0.004613917631180312
52.776,-2.320248547211462,1.3132233186790387,2.6665863297572834,-1.2414043141040316,0.5055441252913764,0.4666533541644082,2102,1,0.05040291160153444,-0.02927697852600557,-0.002774457670885966,-2.1177211968863563e-06,4.4169486196684135e-06,0.004613634171359675
52.801,-2.349697607652584,1.3253679193301888,2.6777131048299236,-1.1209691653025204,0.45801759540941617,0.42313453177855914,2103,1,0.05041313113111706,-0.029260142394619902,-0.0027745830512538373,-2.0145190543642236e-06,4.710626452880546e-06,0.004615442587740758
52.826,-2.3762970054765846,1.3361241984495082,2.68774305634621,-0.9908586447958031,0.4028332311830381,0.3771453719643728,2104,1,0.05041420883422983,-0.029268917649086568,-0.0027747192800650607,-1.586768562859306e-06,4.810605197737228e-06,0.0046154326171901645
52.851,-2.3992405398923715,1.3455095808893396,2.696570373428141,-0.8534770307995073,0.3459984620125419,0.3287065341258986,2105,1,0.05044937143107828,-0.0292596092195461,-0.002774968889391376,-1.198323472367165e-06,5.213567496009092e-06,0.0046151283051629206
52.876,-2.4189708570165576,1.3534241215501344,2.704178383052504,-0.7226046708323969,0.2929309975357136,0.27940125546340794,2106,1,0.05046972083791592,-0.029269732935360535,-0.002775435991981932,-7.989864928974575e-07,5.493071916221808e-06,0.004613472474953615
52.901,-2.4353707734339944,1.3601561307661265,2.710540436201313,-0.5911573319509096,0.24803618814472567,0.22932994857265673,2107,1,0.050482328743715506,-0.02926312972149087,-0.002776039150706388,-5.558165546318345e-07,5.773330913084759e-06,0.004612822027401115
52.926,-2.4485287236141056,1.3658259309573717,2.715644880481138,-0.46205232689061365,0.19276145855765522,0.18099416646158914,2108,1,0.05048390709599953,-0.029234154926035056,-0.0027767597602915187,-4.6751422933165276e-07,5.991631238965226e-06,0.004612206551065294
52.951,-2.458473389778524,1.3697942036940087,2.7195901445243917,-0.34476619791036184,0.13355144700504124,0.13534133117570116,2109,1,0.05051383179935516,-0.029246241231821134,-0.0027774706468196193,1.3131126644962776e-08,6.1779214678848045e-06,0.004610012066217816
52.976,-2.4657670335096227,1.3725035033076234,2.7224119470399226,-0.22884909821000635,0.08894839872945653,0.09327063139391886,2110,1,0.05050211851986973,-0.029278518805696273,-0.0027782038155275777,3.6092466833945335e-07,5.996639778487656e-06,0.004608926540239923
53.001,-2.4699158446890235,1.3742416236304813,2.7242536760940874,-0.10545326280062095,0.0518817186569276,0.05742730804409078,2111,1,0.05049574441015982,-0.029276034684278116,-0.0027790531443700247,1.54017199841006e-07,5.765176799178659e-06,0.004608378381787453
53.026,-2.471039696649654,1.37509758924047,2.7252833124421274,0.010595408674855184,4.07938415758445e-05,0.028843638255852993,2112,1,0.050487387891065584,-0.02924068333607996,-0.002779956196747305,-2.102823018120527e-07,5.513896075022772e-06,0.004607014288670273
53.051,-2.4693860742552807,1.37424366332256,2.72569585800688,0.11424880993214909,-0.05310856435475433,0.009848075066632439,2113,1,0.05050326443080102,-0.029266041810285984,-0.002780852379584102,7.027325664153837e-09,5.310887963491906e-06,0.004607187832786005
53.076,-2.465327256153047,1.3724421610227324,2.725775716195459,0.19264129711955777,-0.07965311576366493,0.002118398027484268,2114,1,0.05051411892246011,-0.02928572909931357,-0.002781538489058726,-6.994273055133308e-08,4.959081183611986e-06,0.004605852144433919
53.101,-2.4597540093993033,1.370261007534377,2.7258017779082544,0.24312765088209393,-0.090194782855489,0.0005965543040709404,2115,1,0.05049964489605002,-0.029281414893111275,-0.002782024373627824,-3.3727748581127624e-07,4.770184031483313e-06,0.004603898431792537
53.126,-2.453170873608943,1.3679324218799582,2.7258055439106625,0.25709917546023614,-0.10303093174243393,9.526404938674814e-05,2116,1,0.050513766409345046,-0.02925164350626269,-0.0027825900649863402,-7.987308837779612e-07,4.818094469945173e-06,0.004602945112616058
53.151,-2.4468990506262904,1.365109460947255,2.7258065411107237,0.24196202673748493,-0.09713769825046074,0.0005453566817692025,2117,1,0.05051663991422128,-0.029287959449914018,-0.00278318118610873,-7.628707730146836e-07,4.891587943160151e-06,0.004600943588696538
53.176,-2.4410727722720678,1.3630755369674348,2.725832811744751,0.21413789757457,-0.07856663810459355,0.00036640232616848983,2118,1,0.05050497977413808,-0.029260713980711166,-0.0027838268149479773,-1.1375109834252629e-06,4.7337072828672525e-06,0.004598959003507908
53.201,-2.4361921557475625,1.3611811290420255,2.725824861227032,0.1758030926879084,-0.07032599206856238,-0.0003844162517907753,2119,1,0.0504976900966875,-0.029260517294927582,-0.0027843493727782113,-1.506508243830214e-06,4.840906165448718e-06,0.004598050225871332
53.226,-2.432282617637673,1.3595592373640069,2.7258135909321615,0.1399302771778634,-0.04992362480728047,-0.00017274860805828056,2120,1,0.05049278896812041,-0.02927147113707041,-0.002784814641805278,-1.7137160732679953e-06,5.0334461070460655e-06,0.004597889734804238
53.251,-2.4291956418886698,1.3586849478016616,2.7258162237966292,0.10302105107862235,-0.03258408835496496,0.00013406186201158043,2121,1,0.05048198138736225,-0.029240562644628508,-0.0027851764115627013,-2.040260089466335e-06,5.218398332115885e-06,0.0045968526733460875
53.276,-2.4271315650837413,1.3579300329462585,2.725820294025262,0.0734332113815865,-0.025688711801323847,-0.0003660410368855026,2122,1,0.05045699334170609,-0.029243113811706925,-0.0027853570853753886,-2.0546379421894093e-06,5.355499197759371e-06,0.004595725531816167
53.301,-2.42552398131959,1.3574005122115953,2.725797921744785,0.05718101383832211,-0.020447521260794684,-0.000381106226061711,2123,1,0.050453959891509144,-0.029240324860416785,-0.0027853592760375863,-2.333227808125098e-06,5.734991531627902e-06,0.0045962721397393375
53.326,-2.4242725143918253,1.3569076568832188,2.725801238713959,0.04352899350793108,-0.014988624651023094,1.5661058672123754e-05,2124,1,0.050462375501254327,-0.029247601054305128,-0.0027852193089612483,-2.3093161437473442e-06,6.091506432701108e-06,0.00459517371314767
53.351,-2.4233475316441937,1.3566510809790442,2.7257987047977186,0.036817959437114176,-0.005913121248926404,-0.0006574311911223082,2125,1,0.050455188355984164,-0.029242540150146046,-0.0027850549012789607,-2.405208446798637e-06,6.2552692704643415e-06,0.004594951230687548
53.376,-2.4224316164199697,1.3566120008207725,2.725768367154403,0.033686559293576904,-0.00511716436992283,-0.0005372648327294879,2126,1,0.050456044395304774,-0.0292158883138226,-0.0027850169054755808,-2.5830628655431465e-06,6.514496868182877e-06,0.0045954771226492394
53.401,-2.4216632036795147,1.356395222760548,2.725771841556082,0.02548346474595458,-0.010120263294156854,0.0003279732455662985,2127,1,0.05046362532144097,-0.029215254106934586,-0.002784968535171298,-2.5366793716964157e-06,7.087370379462667e-06,0.004594749612571354
53.426,-2.421157443182672,1.3561059876560646,2.725784765816681,0.012879820105765227,-0.008834441754368929,0.0005018249219546363,2128,1,0.05045967051601697,-0.029230878809194283,-0.0027849078842748036,-2.3456098589900456e-06,7.3240789501685816e-06,0.004594054238614061
53.451,-2.4210192126742265,1.3559535006728296,2.72579693280218,0.012644738702070776,-0.005005391388279996,9.05754717628378e-05,2129,1,0.05042637384332665,-0.029245543897795347,-0.0027848967006717028,-2.33627450052061e-06,7.364893135328106e-06,0.004592248320970334
53.476,-2.4205252062475684,1.3558557180866506,2.7257892945902693,0.01302944663876889,-0.002224456793813572,-0.0002348707139976503,2130,1,0.05043935788405554,-0.029236355929786236,-0.0027849077960379375,-2.47590236284179e-06,7.739053441789539e-06,0.004592016425410516
53.501,-2.420367740342288,1.355842277833139,2.72578518926648,0.0017931035055960968,-0.004713282527419469,0.0006679699317312923,2131,1,0.05042356716097212,-0.029233881529966494,-0.002784987208329841,-2.605322161242786e-06,7.884630711836532e-06,0.004591437087204395
53.526,-2.4204355510722886,1.3556200539602796,2.725822693086856,-0.0031561736630345088,-0.004952761902691915,0.0007062144059943274,2132,1,0.05042098092944641,-0.029261224785919398,-0.002785250904965798,-2.7751990354632806e-06,8.109244748084756e-06,0.004589105710461377
53.551,-2.42052554902544,1.3555946397380043,2.7258204999867797,-0.00036149236796847285,0.0003768363996181848,0.00020232206761506871,2133,1,0.05041776777632171,-0.02926685157007419,-0.0027856982666535158,-3.0048106810381454e-06,8.227841714849681e-06,0.004588322684576917
53.576,-2.420453625690687,1.3556388957802605,2.7258328091902366,0.00658487240855303,0.004169697568459322,-0.000822063013252763,2134,1,0.050427788696014504,-0.02925850983235832,-0.0027860469524907234,-3.0970180377587436e-06,8.568916838535244e-06,0.00458750612918008
53.601,-2.420196305405012,1.3558031246164273,2.725779396836117,0.00261723482670299,0.0007622880192049031,-0.0008904818314637248,2135,1,0.05044906622057642,-0.029231845211690508,-0.002786361816681742,-3.123427042311783e-06,8.957985233509753e-06,0.004589511702456088
53.626,-2.420322763949352,1.3556770101812208,2.7257882850986634,-0.001580131344320755,0.00048645702457768297,-0.00018545977279236877,2136,1,0.05044302083897515,-0.029253543176176657,-0.0027867093135135303,-3.100762185642752e-06,9.01869553502358e-06,0.004588177340342928
53.651,-2.4202753119722282,1.3558274474676562,2.7257701238474774,0.0038109723248954757,0.0047228345875268,-0.0007317050356636033,2137,1,0.0504430196902836,-0.02923826119674882,-0.0027871619684942473,-3.2022653433737177e-06,9.025334610039776e-06,0.004587651634056885
53.676,-2.420132215333107,1.3559131519105971,2.7257516998468803,-7.50138452154701e-05,0.002990524658273045,-0.0006186820038412218,2138,1,0.050454957338648944,-0.02922732382505309,-0.0027875846677355024,-3.150936521194471e-06,9.058672675004296e-06,0.004587682169602872
53.701,-2.420279062664489,1.3559769737005698,2.7257391897472854,-0.002456439374087933,-0.008929983569708153,0.0006513209033620996,2139,1,0.05043830829897895,-0.029232118878683006,-0.0027879315787077467,-2.8002549653545084e-06,9.119518788666213e-06,0.004586570455328077
53.726,-2.4202550373018115,1.3554666527321118,2.7257842658920484,-0.002594609704811438,-0.008515804234817055,0.0012420144257863793,2140,1,0.050464189558121535,-0.02928379365017552,-0.002788263757020237,-2.2404414166005583e-06,9.389949326988696e-06,0.004583459069192775
53.751,-2.4204087931497296,1.355551183488829,2.7258012904685747,-0.004935341297906538,0.0008544966324740937,0.0016573213207403377,2141,1,0.0504444616866449,-0.029279024808715595,-0.002788737661996081,-2.348490267136422e-06,9.49486764926637e-06,0.004582030875833946
53.776,-2.420501804366707,1.3555093775637355,2.7258671319580854,-0.0029481511821669287,-0.0022469278301471577,0.017535319795366103,2142,1,0.05043752553403791,-0.029283784218227162,-0.002789410409805367,-2.484308110707371e-06,9.658931238879147e-06,0.004581705815625383
53.801,-2.420556200708838,1.3554388370973216,2.726678056458343,0.003316792619507869,-0.0074163326805591675,0.0682635003292148,2143,1,0.050427204735322945,-0.029283577961117323,-0.0027905213774617054,-2.5602389497427156e-06,9.682865174656538e-06,0.004581637885486873
53.826,-2.4203359647357314,1.3551385609297075,2.729280306974546,0.014168475266523567,-0.023842177874648065,0.15856359550485713,2144,1,0.050428576125675265,-0.029278093450302276,-0.0027919962140448384,-2.659060160509375e-06,9.573483846954096e-06,0.004582223163385444
53.851,-2.419847776945512,1.3542467282035893,2.7346062362335855,0.034612510796103474,-0.05714009624788177,0.2825276522352898,2145,1,0.050426607493105895,-0.02928490080737181,-0.002793742378425609,-2.8324675579069194e-06,9.377192427004144e-06,0.004581955610807141
53.876,-2.4186053391959264,1.3522815561173136,2.7434066895863096,0.06483440725602366,-0.10106943575268117,0.4348092969532209,2146,1,0.05044932518305069,-0.029301953891536222,-0.002795489046881473,-2.854959355909243e-06,9.513390807968144e-06,0.004582022472107316
53.901,-2.4166060565827103,1.3491932564159548,2.7563467010812484,0.10513308142433778,-0.162718165625359,0.6112367268704068,2147,1,0.05044909352240541,-0.029301240581330903,-0.0027971388754819437,-3.0250933011841697e-06,9.256108443456598e-06,0.004582477496873505
53.926,-2.413348685124709,1.344145647836045,2.7739685259298326,0.1568079734415129,-0.23724247570222196,0.8071777282112628,2148,1,0.050468868407240665,-0.029314860984350353,-0.002798620715669558,-3.00296229054742e-06,9.281115063613387e-06,0.004582970984761232
53.951,-2.408765657910635,1.3373311326308444,2.796705587491809,0.21648574786501293,-0.3216207975767787,1.0177906514319048,2149,1,0.050473659941019954,-0.029298347865080614,-0.002799916223085916,-3.1856165800644965e-06,9.295251677713663e-06,0.004584085682146376
53.976,-2.402524397731459,1.328064607957207,2.824858058501425,0.27736897207194544,-0.4098605280356227,1.2386069305315932,2150,1,0.050498894510218696,-0.029289821594305057,-0.002800991054496167,-3.4033337550153193e-06,9.216585528273068e-06,0.004585948708791058
54.001,-2.3948972093070386,1.3168381062290644,2.8586359340183853,0.3347036321341238,-0.4966197194962317,1.4665414901958134,2151,1,0.05049633569282458,-0.029252267868268348,-0.0028017533313535823,-3.680705856425232e-06,9.108999344426316e-06,0.004590150550762603
54.026,-2.3857892161247514,1.3032336219823932,2.898185133011222,0.3931944925852735,-0.594639111497253,1.699107321450259,2152,1,0.050501508910423126,-0.029230367208013135,-0.00280222703227202,-3.8880636982559584e-06,8.945595408907982e-06,0.004594981697354143
54.051,-2.3752374846777733,1.2871061506541992,2.9435913000909055,0.4440124964065259,-0.6799461480260303,1.9308043075832724,2153,1,0.050520329434520096,-0.029241699818404875,-0.002802535921977515,-3.915632243758997e-06,8.898479381208374e-06,0.004597649775728479
54.076,-2.3635885913044263,1.2692363145810936,2.99472534839038,0.4897592794430151,-0.7693874623636303,2.15912155680871,2154,1,0.05049393244499312,-0.029223140619882147,-0.0028027794816048533,-4.096230241423148e-06,8.746597732777082e-06,0.004603432661720131
54.101,-2.350749520705624,1.2486367775360199,3.051547377931335,0.5465699395705803,-0.8513762992214375,2.3815337702285544,2155,1,0.05047797350640545,-0.02927404399771025,-0.002802974010016213,-3.816932936502294e-06,8.739875667693373e-06,0.004607175323218121
54.126,-2.336260094325899,1.2266674996200242,3.113802036901801,0.60775972326682,-0.9258102711863591,2.5944124847869707,2156,1,0.05047464750312852,-0.02923995872814188,-0.0028030484938295986,-4.231250146090785e-06,8.825893417360903e-06,0.004612480287854879
54.151,-2.3203615345422803,1.202346263976698,-3.1019173050088917,0.6529836586463998,-1.0135903434129137,2.7951447336554227,2157,1,0.05049544555209947,-0.02924208940035031,-0.0028030955109928663,-4.391710119100068e-06,9.07588135693255e-06,0.0046170066165982645
54.176,-2.303610911393576,1.1759879824493742,-3.0296260335950023,0.6984890499035099,-1.0919894092835625,2.981429637753471,2158,1,0.05047678728632924,-0.029263685251168868,-0.002803144721414276,-4.320601120650473e-06,9.010041111745358e-06,0.004624128564328667
54.201,-2.285437082047107,1.147746793512523,-2.9528458231212267,0.7437633101113473,-1.1668970961725253,3.1526202331316107,2159,1,0.05047994776676012,-0.029275589796695558,-0.0028032332403205877,-4.425178177549683e-06,8.985979421008786e-06,0.004631352572822617
54.226,-2.266422745888011,1.1176431276407512,-2.8719950219384307,0.7905576632155059,-1.2380851520589513,3.3065479408179246,2160,1,0.05044751630806725,-0.029292818511391275,-0.0028033715594670545,-4.2843408879272025e-06,8.70456500377676e-06,0.004638179010624662
54.251,-2.245909198886334,1.085842535909579,-2.78751842608034,0.8432486405096098,-1.3040725385318284,3.4410958849927105,2161,1,0.05045197290217129,-0.029290801441797118,-0.0028036101715883115,-4.285869715422901e-06,8.517677112060924e-06,0.004645247050837642
54.276,-2.2242603138625268,1.0524395007141543,-2.6999402276887805,0.8902656470393961,-1.375251969088807,3.5542695774344226,2162,1,0.050455651684413905,-0.02927255296652921,-0.0028040374033686936,-4.378009632109208e-06,8.233495530182367e-06,0.004653091086951988
54.301,-2.20139591653436,1.0170799374551327,-2.6098049472086036,0.9351688690998116,-1.4475543353128109,3.64519382407121,2163,1,0.050471403410343015,-0.029280725411817008,-0.002804723098363909,-4.305201024123138e-06,8.072222811073645e-06,0.004660883250746172
54.326,-2.177501870407539,0.9800617839485178,-2.5176805364852304,0.9714916342698229,-1.5108160054013402,3.7138177438120112,2164,1,0.05047971956590918,-0.02928607599240087,-0.002805575366775353,-4.340868630481551e-06,7.890531206539767e-06,0.004669829523231386
54.351,-2.152821334820872,0.94153913718507,-2.4241140600180136,1.0110085345227613,-1.5664424537826973,3.7589376436023074,2165,1,0.05046140099792427,-0.029275212811809913,-0.002806583524317824,-4.461469934893277e-06,7.80635934618085e-06,0.004678868255764614
54.376,-2.1269514436814037,0.9017396612593874,-2.3297336543051257,1.0473250366601135,-1.6172886038368393,3.7805045990490322,2166,1,0.05047046449880777,-0.02924230487407848,-0.002807755264903883,-4.869052066179476e-06,7.687404673377667e-06,0.0046882681086297204
54.401,-2.1004550829878617,0.8606747069932211,-2.235088830065546,1.0857034912443593,-1.6695323059706133,3.7779158487070474,2167,1,0.05046853366012861,-0.02923365761769123,-0.0028091940291210355,-4.98716893614055e-06,7.693943982876722e-06,0.004696556062757669
54.426,-2.072666269119181,0.8182630459608496,-2.140837861869757,1.1331007029526252,-1.7253264323782562,3.75097982735781,2168,1,0.05050313273169137,-0.029231485132448456,-0.0028107768475294,-5.130260601746389e-06,7.869986855107935e-06,0.0047053657405700415
54.451,-2.0438000478402336,0.7744083853743132,-2.047539838697666,1.1470109309976126,-1.7664664698190684,3.6999278447128576,2169,1,0.05054308699411001,-0.029232341088875857,-0.002812289962538025,-5.2777026961517425e-06,7.909857168493448e-06,0.004713746019856128
54.476,-2.0153157225693037,0.7299397224699012,-1.9558414696341246,1.1322936084983515,-1.7626782588613035,3.625885958144252,2170,1,0.050511609188239465,-0.029200166047849353,-0.002813676258804085,-5.359863872347611e-06,7.4680808370275976e-06,0.004725011322139291
54.501,-1.9871853674153193,0.6862744724312531,-1.8662455407904635,1.0978303992186063,-1.6966219910642684,3.5298446137136006,2171,1,0.05049862474574192,-0.029208905607104173,-0.002814858483147224,-5.170679878382627e-06,7.362163741237254e-06,0.00473399395188706
54.526,-1.9604242026083687,0.6451086229166806,-1.7793492389484298,1.0397650675208372,-1.6037390072038091,3.41103547926765,2172,1,0.05050685616095884,-0.02922306155461778,-0.002815831117180307,-5.1799720690397315e-06,7.317302061607997e-06,0.004743278291466425
54.551,-1.935197114039273,0.6060875220710558,-1.6956937668270662,0.9836834894749318,-1.513645015649178,3.2726898093031216,2173,1,0.0505109330945617,-0.029193358087639815,-0.002816522120349796,-5.207756285260543e-06,7.077794984079511e-06,0.004753713045642293
54.576,-1.911240028134625,0.569426372134226,-1.6157147484832828,0.9225568538426767,-1.4030479231358426,3.1158782746035647,2174,1,0.05053144408324136,-0.029187766298887065,-0.002817034540457923,-5.232603935059053e-06,7.169245569961727e-06,0.004762553966359843
54.601,-1.8890692713471418,0.5359351259142676,-1.5398998530968968,0.8322461631264029,-1.2720732674203008,2.9411483121097852,2175,1,0.05055270910684589,-0.02922448222336915,-0.0028175253486274606,-5.053619181654676e-06,7.269581539047565e-06,0.004769933742211287
54.626,-1.8696277199783071,0.5058227087632146,-1.4686573328778019,0.7415228468142788,-1.1361750646525801,2.7503813311039913,2176,1,0.050543709560126326,-0.029204463359200704,-0.002818035576630099,-5.079758084001726e-06,7.17120101280887e-06,0.0047778172808020805
54.651,-1.8519931290064247,0.47912637268163377,-1.4023807865416855,0.66421810547595,-1.009302193868588,2.5463218392524705,2177,1,0.05056411531153761,-0.029202774067049037,-0.0028186309217570213,-5.0829535402031286e-06,7.2670493312994435e-06,0.004786026487377918
54.676,-1.8364168147045068,0.45535759906978085,-1.3413412409151677,0.5823912917082794,-0.8974266816639164,2.332009529750189,2178,1,0.05057425180581973,-0.029189828547424756,-0.0028193594262449703,-5.2700978638559456e-06,7.209255213469194e-06,0.004793534803943035
54.701,-1.8228735644210123,0.4342550385984405,-1.285780310054183,0.508996768424932,-0.7913183940070428,2.1090079160381903,2179,1,0.05056833056974436,-0.029158936262801232,-0.002820300220712017,-5.370465508753173e-06,7.158150511342584e-06,0.0047979903111378215
54.726,-1.8109669762832616,0.41579167936943096,-1.2358908451132642,0.44165270874444507,-0.687687395787683,1.879518141754524,2180,1,0.05056729040852912,-0.029140419777894826,-0.0028213744836250837,-5.308631039492801e-06,7.3151628926668635e-06,0.004803013506246266
54.751,-1.8007909289837913,0.3998706688090583,-1.191804402966462,0.3796297425438931,-0.5912644407531926,1.647396783070391,2181,1,0.05056830850982472,-0.029117356684458574,-0.00282245552129308,-5.258551568867627e-06,7.449504422854617e-06,0.004808155335652908
54.776,-1.7919854891560654,0.3862284573317688,-1.1535210059597376,0.3207344965146312,-0.4941256651047355,1.4162711031483024,2182,1,0.05054803336392726,-0.029126797886388323,-0.0028233716868339555,-4.837434806217512e-06,7.402985150500148e-06,0.004812769278233704
54.801,-1.7847542041580584,0.3751643855538194,-1.120990847809041,0.26096776331476484,-0.39315234892189926,1.188738010362048,2183,1,0.050535435427431705,-0.029142812646201666,-0.002824151625047521,-4.669307058661922e-06,7.524908727474043e-06,0.004816635666719301
54.826,-1.7789371009903279,0.36657083988567496,-1.0940841054416384,0.18957614075683715,-0.3020032563044555,0.9703085403213604,2184,1,0.0505239275531039,-0.029173399181322255,-0.0028245782610402705,-4.309168734241991e-06,7.665063028426459e-06,0.004821803940611474
54.851,-1.775275397120217,0.3600642227385975,-1.0724754207929759,0.1240885384276939,-0.20920928319937715,0.7628338868682584,2185,1,0.050499474413683354,-0.029130331450364786,-0.0028248015128750905,-4.257783701252477e-06,7.474824275111839e-06,0.004821217065342726
54.876,-1.7727326740689435,0.3561103757257067,-1.0559424110982276,0.07393422276574393,-0.1114530679139663,0.5697654096784401,2186,1,0.05049348927836574,-0.029134167468674664,-0.0028247577104381382,-3.943490617462919e-06,7.645967722946087e-06,0.004823440798200415
54.901,-1.7715786859819296,0.3544915693428987,-1.0439871503090512,0.017988575006520756,-0.02712736086617697,0.39823112587708365,2187,1,0.05048257498455825,-0.029149273823582532,-0.002824448865835733,-3.482799642256611e-06,7.782968389136071e-06,0.004825496301655678
54.926,-1.7718332453186174,0.35475400768239773,-1.036030854804372,-0.03034182587365825,0.04271093495507049,0.25185081507344986,2188,1,0.050474370464490145,-0.029142989215606662,-0.002824110778301372,-3.2371929081052796e-06,7.89047399737272e-06,0.004826770609382506
54.951,-1.7730957772756124,0.3566271160906521,-1.0313946095553796,-0.06739626336271282,0.10504149617945588,0.13478345341129894,2189,1,0.05046612403471458,-0.029140058453104946,-0.002823686025322925,-3.125049846945487e-06,7.741867715816521e-06,0.004827660019266384
54.976,-1.7752030584867529,0.3600060824913702,-1.0292916821338072,-0.09495696511559888,0.15260824513210405,0.05268099901437695,2190,1,0.05048304609770669,-0.02914433646017571,-0.00282322585016595,-3.066376672644873e-06,7.662910237584168e-06,0.0048292060508515425
55.001,-1.777843625531392,0.3642575283472569,-1.0287605596046607,-0.11308090912125847,0.176441513926418,0.010751911814884857,2191,1,0.05049804940629235,-0.029150981943031437,-0.0028228451588432147,-3.221442248434371e-06,7.552798137567146e-06,0.004830346249408722
55.026,-1.7808571039428163,0.3688281581876919,-1.0287540865430627,-0.12114827457883803,0.19037513718112395,-0.0001889214536987377,2192,1,0.05047404022001627,-0.029146293137025648,-0.0028224111563419437,-3.2247722966512497e-06,7.1865978765084835e-06,0.004830110731413441
55.051,-1.7839010392603345,0.3737762852063139,-1.0287700056773457,-0.11124277809219507,0.19161375562293892,-0.001169423269269454,2193,1,0.05046212783261541,-0.029159589446945137,-0.0028219708819416803,-3.2613744794046896e-06,6.961722705468619e-06,0.004830345025201449
55.076,-1.7864192428474257,0.3784088459688383,-1.0288125577065261,-0.0997908124509518,0.17228850623027017,-0.0012550325875260884,2194,1,0.05044414314517318,-0.029198827266710126,-0.00282146362227995,-3.15279597418539e-06,6.793163050706357e-06,0.004831308531029231
55.101,-1.7888905798828818,0.3823907105178269,-1.0288327573067222,-0.0873934915349622,0.14687330500411658,-0.0009226499908621647,2195,1,0.05044475546569184,-0.029198306060688347,-0.002820808874087595,-3.1407196184871177e-06,6.751577959304727e-06,0.00483142209719462
55.126,-1.7907889174241736,0.3857525112190437,-1.0288586902060695,-0.06617991323264118,0.11039880894170798,-0.0005568754157447367,2196,1,0.0504520386309709,-0.02921322725717336,-0.00281999609374185,-3.1706248643032566e-06,6.7883847682707065e-06,0.004832180175620485
55.151,-1.7921995755445141,0.3879106509649128,-1.0288606010775094,-0.04450696318103973,0.07855209377889079,-0.0004094717901814355,2197,1,0.0504185532042499,-0.029203132838534457,-0.0028190859184350887,-3.294312613608179e-06,6.896570047561833e-06,0.0048316040212191755
55.176,-1.7930142655832257,0.38968011590798857,-1.0288791637955783,-0.03331064620165159,0.057059210681787896,-0.0005458714708517531,2198,1,0.05041034308798393,-0.02922497522701992,-0.0028181713606013304,-3.496174643258063e-06,7.288351960718473e-06,0.004831894826816318
55.201,-1.7938651078545966,0.390763611499002,-1.028887894651052,-0.03587661214999409,0.03939266802001742,-0.00023993516417243597,2199,1,0.050408966084113674,-0.029203957499674967,-0.0028171060050633137,-3.8822548915681e-06,7.601804340215917e-06,0.004831095858130275
55.226,-1.7948080961907253,0.3916497493089893,-1.028891160553787,-0.02916749951945074,0.031392408109838905,-0.0010264030566010135,2200,1,0.05044371575670854,-0.029168506300972216,-0.002816053455292385,-4.279710779403325e-06,8.099751314902529e-06,0.004830930138929851
55.251,-1.795323482830569,0.3923332319044939,-1.028939214803882,-0.013708898248386777,0.019017473392788965,-0.0014223325634697868,2201,1,0.05046883077986471,-0.029165759667932802,-0.002814961484963356,-4.4119550872079446e-06,8.457436875597863e-06,0.0048324674329664145
55.276,-1.7954935411031447,0.39260062297862885,-1.0289622771819604,-0.013806252251468075,0.007463284091828089,-0.0011501217158026563,2202,1,0.050459008330687796,-0.029173299702469065,-0.0028138797318169864,-4.308462172804112e-06,8.750062357666025e-06,0.004832451607521797
55.301,-1.7960137954431425,0.3927063961090853,-1.0289967208896724,-0.014790497407433942,0.004973213264965198,-0.0008217582968495419,2203,1,0.05046712172622953,-0.029141216552386304,-0.0028130592718071733,-4.398969735456057e-06,9.108818000142621e-06,0.00483298254807791
55.326,-1.7962330659735164,0.3928492836418771,-1.029003365096803,-0.0036634672543602725,0.004724227281087947,-0.000277418257219624,2204,1,0.05046495739126584,-0.029143038599554347,-0.002812646229182093,-4.310060935593719e-06,9.518084281855686e-06,0.004832077956718084
55.351,-1.7961969688058605,0.3929426074731397,-1.0290105918025336,-0.006443057301193466,0.00735932211464327,-0.0004531259019380487,2205,1,0.05044640156370664,-0.029163906978571238,-0.0028126398414696106,-4.3046040190932775e-06,9.90750705541181e-06,0.004831496960869259
55.376,-1.796555218838576,0.39321724974760924,-1.0290260213918998,-0.0175071620739849,0.011952252889422347,-0.0009089623192792053,2206,1,0.05046824501931889,-0.029156982607189175,-0.002812759438496294,-4.42258139172335e-06,1.0551185933715938e-05,0.004831407186026587
55.401,-1.7970723269095599,0.39354022011761086,-1.0290560399184976,-0.010943042854875306,0.006158801892102747,-0.0003945066372512348,2207,1,0.050501037667367556,-0.029139102738686275,-0.0028129034926249194,-4.578595622904126e-06,1.1143362948311195e-05,0.004831842897627618
55.426,-1.7971023709813199,0.3935251898422144,-1.0290457467237624,-0.005803358635403707,0.002502154431680701,-4.318527219382663e-05,2208,1,0.05047549406910574,-0.029147821959662597,-0.002813116841711168,-4.633636053019972e-06,1.1298244858092756e-05,0.004830745438697039
55.451,-1.79736249484133,0.3936653278391949,-1.0290581991821073,-0.007649395923712711,0.008144483251032916,-0.0006379234787168649,2209,1,0.05048172811413296,-0.02914299505822461,-0.0028136290441803627,-4.54040984625423e-06,1.1519873604911477e-05,0.00483055042318344
55.476,-1.7974848407775055,0.39393241400476603,-1.0290776428976982,-0.006563859915523036,0.003468943121920562,-0.00015090777798044432,2210,1,0.05049359305952742,-0.029157097049236944,-0.0028143215884150153,-4.204067012193692e-06,1.1542111872295604e-05,0.004831335536662283
55.501,-1.7976906878371062,0.3938387749952909,-1.0290657445710063,-0.005160913250152448,-0.0013756930153262451,-0.00014468049476688992,2211,1,0.05047974513000622,-0.029142974211732644,-0.0028151786088765987,-3.941904340490723e-06,1.1556948832012079e-05,0.004829880704263106
55.526,-1.7977428864400131,0.3938636293539997,-1.0290848769224363,-0.00240265643100181,0.0023108772373246185,-0.0003608409729860232,2212,1,0.050472765849262254,-0.02915004122725302,-0.0028161272141549927,-3.824059169815303e-06,1.1612215431106783e-05,0.004829214619370487
55.551,-1.7978108206586563,0.39395431885715715,-1.0290837866196556,-0.006241246245020448,0.0050991765870181515,-0.0004092505545294733,2213,1,0.05047565044733893,-0.029157686235328596,-0.002816986143770636,-3.972630592989112e-06,1.1618284861182471e-05,0.004829285270367473
55.576,-1.7980549487522641,0.3941185881833506,-1.029105339450163,-0.0030544903435016438,0.002616571157725438,-0.0008084533428310186,2214,1,0.050495681646557995,-0.029152309573184775,-0.0028177006770856864,-4.24517986563763e-06,1.1675856098022928e-05,0.0048296842078659735
55.601,-1.7979635451758313,0.3940851474150434,-1.0291242092867974,0.0028799906491229735,-0.002360757485214827,-0.000626159221148761,2215,1,0.05047963266586001,-0.029166219534753412,-0.002818339136881218,-4.3146761873903565e-06,1.1618453774851968e-05,0.004829362254875104
55.626,-1.797910949219808,0.39400055030908987,-1.0291366474112202,0.004442638735499725,-0.0038079637999762854,-0.00041590798339537834,2216,1,0.050464535213114864,-0.02917179136796814,-0.002819108578524101,-4.5058521608391695e-06,1.1648909690595302e-05,0.004828751977950714
55.651,-1.7977414132390563,0.3938947492250446,-1.0291450046859674,0.0022052866484932104,-0.006411963844482069,-0.00017207259965344645,2217,1,0.05044440819087463,-0.02918527819057347,-0.002819917599831497,-4.698534332923879e-06,1.170281906068032e-05,0.00482788092752166
55.676,-1.7978006848873833,0.39367995211686574,-1.0291452510412027,-0.0011610130150563995,-0.007648132298257328,0.000171110481890234,2218,1,0.05043032367515785,-0.029171332334728906,-0.0028207288944906493,-4.879751261423562e-06,1.1524182034373776e-05,0.004826588132741072
55.701,-1.7977994638898092,0.39351234261013174,-1.0291364491618726,-0.001956529867621737,-0.005185291259526565,0.00040198742714994196,2219,1,0.05041946592174819,-0.029167497856710693,-0.002821355994540429,-5.101920076224238e-06,1.1278981518213119e-05,0.004824963927111833
55.726,-1.7978985113807644,0.3934206875538894,-1.0291251516698454,-0.0059357309091238085,0.0008525694212724795,5.755323535084117e-05,2220,1,0.05042214027948876,-0.029159965823473504,-0.002821898789676365,-5.441733685703952e-06,1.1194570239029658e-05,0.004823725031806191
55.751,-1.7980962504352653,0.39355497108119536,-1.0291335715001049,0.0006803847230640289,-0.003967328502620599,0.0007391405555345268,2221,1,0.050448882052308706,-0.02915673160654936,-0.0028224629509988283,-5.670839324144621e-06,1.1131348538947643e-05,0.004823495847446768
55.776,-1.7978644921446112,0.3932223211287584,-1.029088194642069,0.006319987686369005,-0.004225701397697263,0.007055118443836614,2222,1,0.05040864633125519,-0.029167047274963526,-0.0028232174056597704,-5.708916995273286e-06,1.0718502057796727e-05,0.004821610773417073
55.801,-1.7977802510509469,0.3933436860113105,-1.0287808155779128,0.00852503581959811,0.007889763257793897,0.02502176909033125,2223,1,0.05042382674949097,-0.029181280976352437,-0.0028241607725799844,-5.574767061020871e-06,1.050554189281632e-05,0.0048209875360267895
55.826,-1.7974382403536313,0.39361680929164805,-1.0278371061875522,0.03052653018011671,0.006049141552909931,0.05667942488072664,2224,1,0.05044666793606548,-0.02920152771530708,-0.002825203676315964,-5.395522483511546e-06,1.033720162023723e-05,0.004821545884761444
55.851,-1.796253924541941,0.39364614308895596,-1.0259468443338766,0.0613015448531619,0.005762584348687811,0.09964939639508186,2225,1,0.05042602029696871,-0.029228280458983086,-0.00282620939641604,-5.1248042305099764e-06,1.0061708810542135e-05,0.004820748483441822
55.876,-1.7943731631109734,0.3939049385090824,-1.0228546363677984,0.10277738371567326,0.013332288342985362,0.1519812469350116,2226,1,0.050434962774023165,-0.02923614935486384,-0.00282694837494436,-4.8679460057114945e-06,9.943021196640103e-06,0.004820600618012171
55.901,-1.791115055356157,0.3943127575061053,-1.0183477819871254,0.17449674324156406,0.016679439773925296,0.2128990547169703,2227,1,0.050451984065609946,-0.029233188995766456,-0.0028275519509272174,-4.690305603659341e-06,9.777404627205126e-06,0.004821173424593546
55.926,-1.7856483259488944,0.39473891049777876,-1.012209683631949,0.2683914679949348,0.024041034162121368,0.28071562569228975,2228,1,0.05044783972152467,-0.029232571884494928,-0.0028280032127024307,-4.602532707740515e-06,9.412481056335207e-06,0.004820824938668674
55.951,-1.777695481956411,0.3955148092142113,-1.0043120007025117,0.37163921167699404,0.03295716802907821,0.3538285193704761,2229,1,0.050456840721417595,-0.029241348978777133,-0.002828319430909649,-4.44161066285885e-06,9.1194403900282e-06,0.004821194583376482
55.976,-1.7670663653650458,0.3963867688992326,-0.9945182576634259,0.4765615059490673,0.037916346187344345,0.4312567374686328,2230,1,0.05045404328840214,-0.029244272115723884,-0.0028286828519012218,-4.439012358949158e-06,8.916700356536763e-06,0.004821735419564981
56.001,-1.753867406658959,0.3974106265235784,-0.9827491638290813,0.5852086208534136,0.04399816496672606,0.5116852429220405,2231,1,0.050453385519920395,-0.029233160078383613,-0.0028290796471344705,-4.429146898980908e-06,8.770087996905407e-06,0.004822661432324558
56.026,-1.7378059343223726,0.39858667714756907,-0.9689339955173218,0.6929634172034835,0.05122088052551773,0.5940016156119503,2232,1,0.05043911162644786,-0.029235837022847343,-0.002829526748763652,-4.4671791831225315e-06,8.635306632181693e-06,0.004823602596897462
56.051,-1.7192192357987819,0.3999716705498545,-0.9530490830484811,0.7899011659272408,0.058293315300765855,0.6773573289510212,2233,1,0.050433111545517516,-0.02923031931308556,-0.002829992627804464,-4.729576533300553e-06,8.471495576673822e-06,0.00482524466338099
56.076,-1.6983108760260128,0.4015013429126072,-0.9350661290697726,0.8927213256173091,0.06387814124957955,0.7600774258195818,2234,1,0.05043665854538972,-0.02920301186368165,-0.0028306138406240574,-4.9257937344473645e-06,8.453731135214171e-06,0.0048261994894055055
56.101,-1.674583169517919,0.4031655776123333,-0.9150452117575041,0.9956431858499426,0.06601467863487517,0.8415431266271457,2235,1,0.05041804843042438,-0.029204406011732867,-0.002831331593450563,-4.828098849907717e-06,8.374289202573991e-06,0.004828749912078022
56.126,-1.6485287167335185,0.40480207684435077,-0.8929889727384175,1.0904778155076935,0.08018797075705501,0.9220057926384242,2236,1,0.050390277709717865,-0.029185122606980803,-0.0028320403573583327,-4.87869624168284e-06,8.243573344915097e-06,0.004830758826968896
56.151,-1.6200592787425296,0.4071749761501864,-0.868944922125579,1.1910407145595732,0.09470464565495909,0.9993137289157908,2237,1,0.05041031336076186,-0.02920271615212762,-0.002832386878922319,-4.715138571045024e-06,8.413971901535265e-06,0.004830400916101461
56.176,-1.5889766810055348,0.4095373091270991,-0.8430232862926238,1.2826736841052728,0.09643637242383478,1.072035896966915,2238,1,0.05039417129905732,-0.029231809134317586,-0.0028324873354444112,-4.52229336555635e-06,8.246418580210163e-06,0.00483204500169946
56.201,-1.5559255945372696,0.41199679477137785,-0.8153431272772363,1.3591566285875318,0.1021333163703855,1.1404884049271162,2239,1,0.05038983962981395,-0.029227728124902215,-0.0028322680289901655,-4.487400215868467e-06,8.163989817422781e-06,0.004833516795072182
56.226,-1.521018849576162,0.4146439749456181,-0.7859988660462712,1.4364090826391758,0.1105057731520805,1.2040657790768678,2240,1,0.05040750345259006,-0.02919664666359052,-0.0028318933488355553,-4.722203564388564e-06,8.326551707784773e-06,0.004835168235748041
56.251,-1.484105140405315,0.41752208342898156,-0.7551398383233966,1.5238485017147363,0.117355631393794,1.2616877135865403,2241,1,0.05043677702961173,-0.029162846007834226,-0.0028315088454217534,-4.802146368512438e-06,8.433285076383303e-06,0.004837163096622796
56.276,-1.4448264244904188,0.4205117565153083,-0.7229144803669388,1.6120347174548046,0.12639868218482764,1.3132077700864677,2242,1,0.0504413693300341,-0.0291526492135679,-0.0028312304441750697,-4.685222220707132e-06,8.38817171575913e-06,0.004839485467272213
56.301,-1.4035034045325678,0.4238420175382235,-0.6894794498190675,1.696043393037939,0.13666994255369214,1.3582285953552704,2243,1,0.05045910040217471,-0.029155139460870883,-0.0028309479830319613,-4.597308788219833e-06,8.328990293279399e-06,0.004842198329892696
56.326,-1.3600242548385266,0.42734525364299253,-0.6550030505991793,1.7854251367341905,0.14018014293917266,1.3961996798255953,2244,1,0.050464681079540843,-0.029171295191898677,-0.002830623862538285,-4.512363199925195e-06,8.041230253968762e-06,0.00484539509043868
56.351,-1.3142321476958634,0.4308510246851817,-0.6196694658277918,1.8646002378590547,0.14632699869262245,1.4271454130565886,2245,1,0.05043252117606942,-0.029202592141213728,-0.002830461981466017,-4.455788941404455e-06,7.585502183649486e-06,0.004848582859393634
56.376,-1.2667942429455792,0.43466160357762323,-0.5836457799463537,1.937484101808117,0.15447675086791582,1.4508189865445071,2246,1,0.050433095928914755,-0.0292209208731181,-0.0028301424936616536,-4.30027658562882e-06,7.341893199732992e-06,0.004851990395008184
56.401,-1.2173579426054493,0.43857486222857817,-0.5471285165005604,2.0070722741086633,0.1636514115491288,1.4669440510376657,2247,1,0.050418618869583987,-0.02924447638109104,-0.0028298296867429757,-4.105735516684872e-06,7.105349008232196e-06,0.004854542022735347
56.426,-1.1664406292401375,0.4428441741550804,-0.5102985773944643,2.0734250239891616,0.17002505808604929,1.4745963536045397,2248,1,0.05044240182645392,-0.02925867268208018,-0.002829390851205233,-3.752243307665504e-06,7.089731632784453e-06,0.004856993663220152
56.451,-1.113686691405997,0.44707611513288015,-0.47339869882033747,2.1412525142813372,0.16839752656570742,1.4739290374518215,2249,1,0.050444000312431334,-0.02926387962165903,-0.002828815018585733,-3.7362154660540753e-06,6.9971255557335466e-06,0.004860950070450601
56.476,-1.0593780035260767,0.45126405048336526,-0.43660212552187755,2.1945523134018523,0.170318192393811,1.4661702025668022,2250,1,0.05043151153845994,-0.02925791807409499,-0.002828128806100634,-3.658048203298171e-06,6.906482482503286e-06,0.004864584716844034
56.501,-1.0039590757359107,0.4555920247525702,-0.4000901886920016,2.20658059269681,0.1735174900351618,1.4502246223907551,2251,1,0.050417839886752275,-0.029262495608801974,-0.0028274433465944044,-3.5229699067352003e-06,6.7428422344207515e-06,0.004867632095373487
56.526,-0.9490489738912268,0.4599399249851241,-0.3640908944023338,2.169156109935497,0.16959409567324665,1.426196954946131,2252,1,0.05042456666167989,-0.029259420522106085,-0.002826860089705041,-3.3357904291743924e-06,6.841169397313243e-06,0.004871420111096855
56.551,-0.8955012702391266,0.46407172953623327,-0.32878034094468894,2.1082474342214685,0.15820442645703048,1.3956666964535362,2253,1,0.050424493998263646,-0.029248360513896635,-0.002826539249428101,-3.147465018936931e-06,7.019667361831915e-06,0.004874640324807633
56.576,-0.8436366021801593,0.46785014630797517,-0.2943075595796611,2.0632645972185966,0.1555536942969626,1.3575031962438961,2254,1,0.05041160767637638,-0.029221655938329778,-0.0028263878745580975,-3.1396218645550053e-06,7.023408420022906e-06,0.0048757960430468135
56.601,-0.7923380403782027,0.47184941425108096,-0.26090518113249783,1.9906544690891859,0.15883661004343144,1.311588965580194,2255,1,0.050350743504521366,-0.02926450240804733,-0.002826432391924767,-2.778651532618472e-06,6.774235816204351e-06,0.004878102271754294
56.626,-0.7441038787257057,0.4757919768101463,-0.22872811130065523,1.8590184160972503,0.15453096603843544,1.2594296071551083,2256,1,0.05040930103745048,-0.029249572855026884,-0.002826349156904877,-2.9676923761394376e-06,7.1469359317546624e-06,0.004881043398457064
56.651,-0.6993871195733322,0.4795759625530034,-0.19793370077473704,1.7127486478981373,0.13853045748692322,1.2011126154744864,2257,1,0.050460754781867026,-0.029248735609303064,-0.0028263439030696905,-3.003369815640838e-06,7.521048967694567e-06,0.0048840381776703995
56.676,-0.6584664463307915,0.48271849968449304,-0.16867248052692577,1.5652311013652855,0.123707803364325,1.137319074435539,2258,1,0.05048468660160432,-0.02922043641885648,-0.0028263971067161737,-3.083152939637077e-06,7.722628347094001e-06,0.004886768514819992
56.701,-0.6211255645050724,0.4857613527212193,-0.14106774705296313,1.4317426407923854,0.11629493321478551,1.0686962940173648,2259,1,0.05052134097421752,-0.029206882606728015,-0.0028264763261826777,-2.976234027406564e-06,7.83110747541292e-06,0.004889649490158852
56.726,-0.5868793142911763,0.488533246345232,-0.11523766582606038,1.3146706881181884,0.10598760516450526,0.9953312370781242,2260,1,0.050547572464992,-0.029194139429013846,-0.0028265178123767286,-2.9039139957264416e-06,8.031221020753887e-06,0.0048916218694468406
56.751,-0.5553920300991667,0.49106073297944425,-0.09130118519905961,1.1996048909114674,0.10000857904549001,0.9180994342188792,2261,1,0.050566800933402316,-0.029181755430804625,-0.002826533065553401,-2.668297447413378e-06,8.112486210050541e-06,0.004893608352876905
56.776,-0.5268990697455979,0.4935336752975069,-0.06933269411511259,1.0856039318609951,0.09442357096644288,0.838424415875751,2262,1,0.050593887903242145,-0.029187005602810897,-0.002826415136818002,-2.33478088186734e-06,8.281645734995949e-06,0.004896547042556049
56.801,-0.5011118335061123,0.4957819115277668,-0.049379964405268484,0.9668172377958145,0.08551295526407585,0.7571708731238478,2263,1,0.05057567800331923,-0.02920454574466076,-0.002826111258819135,-1.9792962789417597e-06,8.179865307732645e-06,0.004898366228133448
56.826,-0.4785582078558099,0.49780932306071046,-0.031474150458922316,0.8375112757434776,0.0734111839425164,0.6744655884155765,2264,1,0.050566181230139035,-0.029221057233337573,-0.002825764269892547,-1.568875808495619e-06,8.201296584054897e-06,0.0048988349729998815
56.851,-0.4592362697189408,0.4994524707248924,-0.015656684984491576,0.7126794443195567,0.059015942322416824,0.5912838183843564,2265,1,0.05056712636669919,-0.02921961006289339,-0.0028255663618887692,-1.2801615379672324e-06,8.134939857550478e-06,0.004898981633183832
56.876,-0.4429242356398341,0.5007601201768311,-0.0019099595397059715,0.5953471693813565,0.04617441919550875,0.5096386886637748,2266,1,0.05055973308147527,-0.029210605899481438,-0.002825478540648496,-9.033281118433574e-07,8.098511244050986e-06,0.0049002188075602015
56.901,-0.42946891124987047,0.501761191684668,0.009825249448699218,0.4812728583080684,0.03710198135201809,0.4289471897489772,2267,1,0.050534742873889996,-0.02919910721202091,-0.0028255104155849166,-6.36387338994751e-07,7.909780183684797e-06,0.004898489305823926
56.926,-0.4188605927244286,0.5026152192444322,0.01953739994774453,0.3676729665597698,0.02887175565232822,0.3510431077421416,2268,1,0.05051294391245888,-0.02919724983782864,-0.0028257235319535416,-5.248580225496468e-07,7.970450160343482e-06,0.004898493607493338
56.951,-0.411085262921883,0.5032047794672844,0.027377404835805353,0.2601331588237602,0.01924834438247978,0.2784731932391596,2269,1,0.05049697929660291,-0.02919170154722158,-0.0028261324298783524,-5.473589681482157e-07,8.117590651516602e-06,0.004898042529211759
56.976,-0.40585393478324133,0.5035776364635561,0.033461059609701506,0.15602527150087475,0.013169952940491253,0.2108053233186733,2270,1,0.05046798520068146,-0.02918756760560626,-0.0028267644158013814,-4.6644607206858123e-07,8.007692440873506e-06,0.0048971708920104145
57.001,-0.4032839993468397,0.5038632771143089,0.037917671001738505,0.06475166526252132,0.006431337739666872,0.1500652282109943,2271,1,0.05047700029434566,-0.029192038810828044,-0.002827600420406573,-3.360237780488373e-07,8.11379506516409e-06,0.004896594982909133
57.026,-0.402616351520115,0.5038992033505395,0.040964321020251895,-0.014654967641082178,-0.0002674648077349622,0.09818288298599372,2272,1,0.050475526262378376,-0.02918648967866546,-0.0028284870696076003,-4.5876233169250777e-07,8.196107722309858e-06,0.004896085132191954
57.051,-0.4040167477288939,0.5038499038739221,0.042826815151038665,-0.08671600978504328,-0.00719721297417527,0.05570146442421692,2273,1,0.05048464844996634,-0.02918833056967161,-0.002829574921885759,-3.9543410644567836e-07,8.174886128194698e-06,0.004895037511893433
57.076,-0.4069521520093669,0.5035393427018308,0.04374939424146268,-0.1423087838371476,-0.011405458851304156,0.024296193977086093,2274,1,0.050487321020188464,-0.029175797174269925,-0.0028308032307238612,-5.202679944920926e-07,8.277542815364328e-06,0.004894322436261034
57.101,-0.4111321869207509,0.503279630931357,0.044041624849892956,-0.18613866180543118,-0.012365846660401117,0.006178830064281012,2275,1,0.05048054749036041,-0.029180355567587715,-0.002832141743921098,-5.651727195472772e-07,8.345349930805133e-06,0.004893825185752425
57.126,-0.41625908509963794,0.5029210503688107,0.044058335744676526,-0.22064804995311832,-0.01462533977389144,0.01055869020976895,2276,1,0.05045452031344099,-0.029182810480138113,-0.002833500238771198,-8.325896179803143e-07,8.2682207234916e-06,0.004893426480374886
57.151,-0.42216458941840773,0.5025483639426623,0.04456955936038127,-0.2356236264191235,-0.013831360478387886,0.056169668954412985,2277,1,0.05043326363074032,-0.029187691297397764,-0.0028348180419613665,-1.168976916906769e-06,8.159842892191383e-06,0.004892358673557935
57.176,-0.4280402664205951,0.5022294823448913,0.04686681919239732,-0.22005528984349296,-0.0025219841303771077,0.1514016918808278,2278,1,0.050434271979490776,-0.02917859572556136,-0.0028359595077739087,-1.4734130134925292e-06,8.049403971597378e-06,0.004892851201752019
57.201,-0.43316735391058175,0.5024222647361435,0.052139643954422346,-0.17243569021044938,0.030030309858690193,0.2894170704259289,2279,1,0.050455395801913605,-0.029164006104057744,-0.0028369126005057216,-1.5987889773247406e-06,8.087850467266985e-06,0.004892880977050527
57.226,-0.4366620509311171,0.5037309978378257,0.061337672713692795,-0.11875307985052216,0.08196290843205856,0.46025660450750244,2280,1,0.05043379101500083,-0.02915202545907253,-0.002837528685118306,-1.6190536282218394e-06,7.719759111040735e-06,0.0048931239511749705
57.251,-0.4391050079031075,0.5065204101577462,0.07515247417979606,-0.07162099709188963,0.16489226882512234,0.6543947602168806,2281,1,0.05045124066581947,-0.0291242507802338,-0.002837860886409196,-1.8166421123376368e-06,7.576907306151492e-06,0.0048934459756640614
57.276,-0.4402431007857119,0.5119756112790825,0.09405741072453948,-0.012436320389548389,0.27130941230508426,0.8646455380373004,2282,1,0.05047451886656513,-0.029143532361345592,-0.0028379231882160075,-1.7169184584107806e-06,7.716282616103633e-06,0.0048957670549625975
57.301,-0.439726823922585,0.5200858807730016,0.11838475108166466,0.04348986879607522,0.37452077813131446,1.0841793726510214,2283,1,0.05045886902015056,-0.029168327483783816,-0.0028377191735324946,-1.477366026206357e-06,7.742699094312018e-06,0.00489852863628571
57.326,-0.43806860734590825,0.5307016501856472,0.14826637935708736,0.07953665166451249,0.47691111585288093,1.3059429848914248,2284,1,0.050444897256679215,-0.029179303234808582,-0.0028373140268326347,-1.2228251031243797e-06,7.685233548741273e-06,0.004901269824312006
57.351,-0.4357499913393596,0.5439314365656442,0.18368190032623238,0.10988098227409718,0.578109936121602,1.5229499951732772,2285,1,0.05046433679066474,-0.029193263140627434,-0.0028368416325524567,-1.213743862112312e-06,7.877455804289261e-06,0.004903740201869093
57.376,-0.4325745582322037,0.5596071469917256,0.22441387911574673,0.14583699275442652,0.6784405892950373,1.7301849937865867,2286,1,0.050484871641108604,-0.029195065370330994,-0.002836410757339438,-1.0611696557942927e-06,8.09063200207718e-06,0.004907814503820754
57.401,-0.42845814170163765,0.577853466030399,0.2701911500155691,0.1801396689455572,0.7821764127189289,1.9233239488552425,2287,1,0.050491426020251334,-0.029203543438068733,-0.0028359002476421986,-1.0248414899299428e-06,8.294680746916093e-06,0.0049121545732705805
57.426,-0.42356757478492507,0.5987159676276754,0.320580076558517,0.21854140931866683,0.8778614149768426,2.096678046471684,2288,1,0.05049673732045463,-0.02922803768397367,-0.002835212056758119,-7.723686277691864e-07,8.451280704773581e-06,0.004916655568613964
57.451,-0.41753107123570493,0.6217465367792386,0.37502505233914724,0.25335092871127557,0.9675089756141281,2.246659444627749,2289,1,0.0504663576548171,-0.029222653323124972,-0.0028343850759114113,-7.65564823179238e-07,8.307959902119335e-06,0.0049238475791139324
57.476,-0.410900028349362,0.6470914164083791,0.432913048789898,0.2815854963889035,1.0626629392221902,2.3720615628141424,2290,1,0.050454600302344624,-0.02921883588542896,-0.002833459776553537,-7.038630697314802e-07,8.306035251035775e-06,0.004931866999732118
57.501,-0.40345179641626056,0.6748796837403451,0.4936281304798478,0.3135949094316347,1.1544737640323393,2.4693254233954702,2291,1,0.050431352944194756,-0.029231033633851985,-0.002832490607222032,-5.23597682585576e-07,8.260069054437826e-06,0.004938061638039687
57.526,-0.39522028287777894,0.704815104610001,0.5563793199596819,0.33364625772114453,1.2382787486397062,2.536478371514838,2292,1,0.05040269177557827,-0.029231606903775555,-0.00283155062714111,-3.286365556973835e-07,8.208573501470787e-06,0.0049447530812974285
57.551,-0.3867694835302019,0.7367936211723357,0.6204520490556006,0.3549434018530652,1.321858542823224,2.5720741739854565,2293,1,0.050421065791026835,-0.02922955660471365,-0.0028306057490465534,-1.495238303304233e-07,8.371466054977275e-06,0.004949630651477871
57.576,-0.3774731127851267,0.7709080317511584,0.6849830286589473,0.38313210354653693,1.3950704185102374,2.574347849630567,2294,1,0.05041549563721937,-0.02922350110221391,-0.002829898230365351,-2.403924797764345e-07,8.480931108741446e-06,0.004955193595781587
57.601,-0.36761287835287615,0.8065471420978436,0.7491694415371215,0.39780995586986484,1.4490627371677458,2.54443452427535,2295,1,0.05041094823857957,-0.029200382906371433,-0.002829518940030129,-3.9843242234032963e-07,8.655241843743537e-06,0.004961214806863957
57.626,-0.3575826149916346,0.8433611686095416,0.8122047548727076,0.40479217917519505,1.488776014577053,2.483259908818517,2296,1,0.050405988146457005,-0.02921068041963081,-0.002829336614963312,-4.108223237569047e-07,8.758762797829699e-06,0.004966834208153628
57.651,-0.34737326939411467,0.8809859428267026,0.8733324369780578,0.4083393444111523,1.5205297529217234,2.391886544490332,2297,1,0.05040605103389339,-0.02922215983308274,-0.0028294542361080866,-4.758920767514279e-07,8.712821129708039e-06,0.004972161078364535
57.676,-0.3371656477710752,0.9193876562556342,0.9317990820972345,0.41086102842210154,1.5372590510320037,2.2721136224769327,2298,1,0.05043858876923666,-0.02922823526370541,-0.002829630631865185,-7.953737242115348e-07,8.902852819639449e-06,0.0049772330963190935
57.701,-0.32683021797301076,0.9578488953782984,0.9869381181018981,0.4053130825201065,1.496558305622709,2.125463612973469,2299,1,0.05046653893767513,-0.02922075881159299,-0.0028297960934753875,-1.2473777467073639e-06,9.089199758696843e-06,0.004980768628449337
57.726,-0.31689999364507104,0.9942155715367654,1.0380722627459018,0.37526120830833976,1.3783855886365466,1.9545848297573487,2300,1,0.05046506885441528,-0.029217040529922016,-0.0028299425481439493,-1.576491217772265e-06,9.120535774249116e-06,0.00498547441156808
57.751,-0.30806715755759484,1.0267681748101218,1.08466735958976,0.3320505250183431,1.2282725630662923,1.7641433587243156,2301,1,0.050475543383541946,-0.029210828145256898,-0.0028299309320899625,-1.7638637847287741e-06,9.196528032103593e-06,0.004990662352627848
57.776,-0.3002974673941525,1.0556291996900853,1.126279430682125,0.2936672645377341,1.0841669634029492,1.5591132336771365,2302,1,0.05048551559949512,-0.02921067196482689,-0.002829936617143919,-1.831082132954336e-06,9.282451866646516e-06,0.004995150470396111
57.801,-0.2933837943307069,1.080976522980274,1.1626230212736237,0.2547874330476108,0.9431080494524483,1.3436861357900352,2303,1,0.050475915594388625,-0.029208733037084985,-0.0028300655876822398,-1.8156171217258433e-06,9.150488242022194e-06,0.00499834186192199
57.826,-0.28755809574177266,1.102784602162705,1.1934637374716233,0.21691496943824895,0.8001037525136623,1.122742635989315,2304,1,0.05047461750622822,-0.02921453356379221,-0.0028303021976887896,-1.8814051531514976e-06,9.266789566676875e-06,0.005001871075624909
57.851,-0.28253804585879505,1.1209817106059548,1.218760153073086,0.18088100839640991,0.6637753312913452,0.9026838248015936,2305,1,0.05047576274972377,-0.029199235418262852,-0.0028307690323870613,-2.110458714654751e-06,9.387015085247254e-06,0.005003255812272152
57.876,-0.2785140453219527,1.1359733687272704,1.2385979287117006,0.14265193420937577,0.5328424665927479,0.6900187318320883,2306,1,0.050468261206072756,-0.029201045848969563,-0.0028315610561013816,-2.129873899717825e-06,9.534963748224013e-06,0.005004391410423943
57.901,-0.27540544914832565,1.1476238339355944,1.2532610896646936,0.10450396011920102,0.4017242345335838,0.4916437673323529,2307,1,0.05046721883892086,-0.02920075895504722,-0.002832681664677081,-2.0724202948021393e-06,9.694022102032394e-06,0.00500514381284362
57.926,-0.2732888473159922,1.1560595804539513,1.2631801170783201,0.06778410562819523,0.27774514022627783,0.31610059331409723,2308,1,0.05047249189100756,-0.029210231879397235,-0.002833917747334208,-2.070773693599828e-06,9.936368663381918e-06,0.005006611523122015
57.951,-0.2720162438669161,1.1615110909469075,1.2690661193303978,0.03492094659380361,0.14928501366567165,0.17264417677521054,2309,1,0.05046334043034001,-0.029224133545774484,-0.0028351320200456762,-1.9735578868855598e-06,1.0148200638560996e-05,0.005006858220089939
57.976,-0.2715427999863021,1.1635238311372345,1.2718123259170802,0.0017310437980423295,0.022691529247575074,0.06990652520780968,2310,1,0.050488408166570575,-0.02921723715733959,-0.002836365868319503,-1.946672569984826e-06,1.0452711464358848e-05,0.005005735745986479
58.001,-0.271929691677014,1.1626456674092862,1.2725614455907883,-0.027971121008319836,-0.08898393065068473,0.014239445086968623,2311,1,0.05050414346987225,-0.029220842036903047,-0.0028377196520754156,-1.946277552758166e-06,1.0778686022747814e-05,0.005003626042555979
58.026,-0.2729413560367182,1.1590746346046998,1.2725242981714286,-0.056251582131271106,-0.20291458775031626,-0.018060139190615013,2312,1,0.050492448048276725,-0.029217036184207,-0.0028390293386395572,-2.0279068347486193e-06,1.0983280136279628e-05,0.0050034894894813555
58.051,-0.27474227078357777,1.1524999380217695,1.2716584386312575,-0.0828246517809708,-0.3140878885346333,-0.07415696585530962,2313,1,0.05050221457424674,-0.0292131526593598,-0.002840373957393432,-1.8998351964957887e-06,1.1256355606637494e-05,0.005003781373837605
58.076,-0.2770825886257665,1.143370240177969,1.2688164498786632,-0.08977935480663235,-0.4078779781420493,-0.1734277846146802,2314,1,0.05051449436596848,-0.029220252394723006,-0.002841593362949706,-1.7581698385621718e-06,1.1446208297610414e-05,0.005003004375333243
58.101,-0.27923123852390913,1.1321060391146682,1.2629870494005238,-0.0655044873561132,-0.4600557809977696,-0.3085492634610174,2315,1,0.05052495993882587,-0.029216289106668045,-0.002842617913735578,-1.5523220748882957e-06,1.1614937736512972e-05,0.005002067543615683
58.126,-0.280357812993572,1.120367451128082,1.253388986705613,-0.007251181283106026,-0.4601805435625879,-0.4724827820155971,2316,1,0.0505224213065375,-0.02921792735821582,-0.002843457587017967,-1.4185046638708284e-06,1.1766661316476458e-05,0.004998521141611865
58.151,-0.27959379758806446,1.1090970119365369,1.2393629102997419,0.085211257810413,-0.43249620476297634,-0.6580905522870467,2317,1,0.05051251159331898,-0.02922202668876132,-0.002844107932405027,-1.1041565848654928e-06,1.192592451902737e-05,0.0049965953648473125
58.176,-0.276097250103051,1.0987426408899312,1.2204844590912578,0.19475076060149862,-0.3894336854980462,-0.8581737780731434,2318,1,0.050510734353182846,-0.029216029280802407,-0.002844535585465339,-1.0782008326573892e-06,1.2041470105209848e-05,0.004993563305256288
58.201,-0.2698562595579901,1.0896253276616357,1.1964542213960871,0.3051109900268274,-0.3410083444412642,-1.065501004445853,2319,1,0.05050247662066423,-0.0292190422225279,-0.0028449153009969474,-8.762132596194834e-07,1.2128298196343924e-05,0.004990708563872484
58.226,-0.26084170060171047,1.081692223667869,1.1672094088689684,0.4109181934545198,-0.2904052414153467,-1.275978029572881,2320,1,0.05049550180173697,-0.029215215292116244,-0.002845186347296461,-7.666285415523522e-07,1.2277482645613782e-05,0.0049854977089374905
58.251,-0.24931034988526526,1.0751050655908692,1.1326553199174467,0.5197900379544741,-0.24392027120001245,-1.4835830607673528,2321,1,0.050478799816433835,-0.02922706453532575,-0.002845258585735789,-8.655855122102563e-07,1.2315400509065393e-05,0.0049824178692523015
58.276,-0.23485219870398455,1.0694962101078673,1.0930302558305947,0.627839061084948,-0.20658676649680366,-1.683000438121399,2322,1,0.050467928112377804,-0.02920111608093225,-0.002845194057466496,-1.092530815554305e-06,1.2429384381456454e-05,0.004977315975909551
58.301,-0.2179183968310152,1.064775727266028,1.0485052980113694,0.7346999714557324,-0.16847248181639143,-1.8712121348539854,2323,1,0.05046770307958915,-0.029184951143829782,-0.002844936509704575,-1.1857393512042133e-06,1.2691280662869779e-05,0.004972702836013658
58.326,-0.19811720013120002,1.0610725860170482,0.9994696490879006,0.825317242209859,-0.13633423418181742,-2.0427103288262765,2324,1,0.05043975469317005,-0.029145468214560846,-0.0028446193347604802,-1.2018099355783484e-06,1.2864223648254509e-05,0.004967863854224799
58.351,-0.17665253472052458,1.0579590155569376,0.9463697815700611,0.9094206352958596,-0.11180081670547373,-2.1947240757978475,2325,1,0.05045376833542824,-0.029184155946256406,-0.002844372836939387,-7.682184494859242e-07,1.3080761953171417e-05,0.004961745806848645
58.376,-0.15264616836640962,1.0554825451817749,0.8897334452980143,1.0064112862647865,-0.08826267350099085,-2.325133686961924,2326,1,0.0504599310263639,-0.02920926597880639,-0.0028443486420641133,-5.908760936137915e-07,1.3379386730599047e-05,0.0049548756622758445
58.401,-0.12633197040728097,1.0535458818818877,0.8301130972219548,1.1143076106295042,-0.06803492552445031,-2.432246476691914,2327,1,0.05046839586305007,-0.02923827695374369,-0.002844578028350872,-5.019443123838079e-07,1.3301993436129058e-05,0.004947935398846536
58.426,-0.09693078783492966,1.052080798905552,0.7681211214634082,1.216957548306236,-0.048393657190104994,-2.512345140629667,2328,1,0.050443546419644034,-0.029198098313730422,-0.002845049885896714,-8.732551744598295e-07,1.3336980222101346e-05,0.004942380739609712
58.451,-0.06548409299197264,1.0511261990223826,0.7044958401904784,1.2958376982785342,-0.03143533677436762,-2.564152063087354,2329,1,0.050425915317917076,-0.029189083690854014,-0.002845449330753173,-1.1238832669715794e-06,1.3232724400209844e-05,0.0049354524403051195
58.476,-0.03213890292100663,1.0505090320668338,0.6399135183090477,1.3842967055118869,-0.01697691143590071,-2.587723128466775,2330,1,0.050437453703171244,-0.02920301171393609,-0.00284552976423956,-1.0399375613215769e-06,1.3126158929492885e-05,0.004928137694195191
58.501,0.003730742283617776,1.0502773534505876,0.5751096837671471,1.4757717939521808,0.0039215853933512995,-2.5823715083268013,2331,1,0.05043620061457505,-0.029181276044405725,-0.0028454885787308056,-1.1614753719299074e-06,1.312161331809285e-05,0.004919875575350772
58.526,0.0416496867766087,1.0507051113365014,0.5107949428926964,1.5616712547700102,0.020008094505568577,-2.549060748956769,2332,1,0.050421290050102804,-0.029180094140613948,-0.002845339263828621,-1.1102798846655365e-06,1.2973382968200313e-05,0.004911465055451652
58.551,0.08181430502212494,1.051277758175866,0.44765664631929775,1.6284246980244126,0.03385263070409842,-2.4879433665676833,2333,1,0.05041681589531384,-0.029150457629936323,-0.0028450266717442523,-1.2890967051996453e-06,1.305380101461853e-05,0.0049047958078179315
58.576,0.1230709216778247,1.0523977428717062,0.3863977745643191,1.6937483537925366,0.046963718116852966,-2.397794568821213,2334,1,0.05045604683474074,-0.029205065287171598,-0.0028447426894716455,-9.120167898675061e-07,1.320222052556038e-05,0.004899267210912123
58.601,0.16650172271174696,1.0536259440817086,0.32776691787824375,1.7643021550466254,0.05669080221448175,-2.2819479679738706,2335,1,0.050489737006995265,-0.029224434390863436,-0.002844336639714893,-8.699200288310819e-07,1.3281079810055895e-05,0.004891116841237449
58.626,0.21128602943015096,1.05523228298243,0.272300376165632,1.7817143463069975,0.06369517357695988,-2.1436363372571634,2336,1,0.05047385269338341,-0.029222644817146468,-0.002844056073661426,-8.49205780710324e-07,1.304731420992122e-05,0.0048840443294345896
58.651,0.25558744002710443,1.0568107027605569,0.22058510101537643,1.727651672455081,0.059773158560453746,-1.9839972328518303,2337,1,0.050469755878273216,-0.029215707828486856,-0.0028438629544568395,-7.668803359197184e-07,1.2994843433390537e-05,0.004877726843677687
58.676,0.29766861305291237,1.058220940910453,0.17310051452303193,1.6144455955191568,0.05369992191419065,-1.8059549251327538,2338,1,0.0504622475200494,-0.029195480655294377,-0.0028439770891754363,-9.988124549456061e-07,1.272663360944262e-05,0.004872172007391427
58.701,0.3363097198030577,1.0594956988562663,0.13028735475874395,1.4641109967426968,0.04930899810358827,-1.6132571832774218,2339,1,0.05045448975994043,-0.029179413602694743,-0.002844352824793641,-1.0203263185956551e-06,1.2368677461640355e-05,0.004866247304723143
58.726,0.37087416289004305,1.0606863908156323,0.09243765535916558,1.3066053016129107,0.044111672625881955,-1.410539850627153,2340,1,0.0504541575046108,-0.02918083888890332,-0.00284478400555101,-1.064506375837294e-06,1.2180580444209897e-05,0.004860669871877038
58.751,0.4016399848836995,1.0617012824875602,0.059760362227390465,1.1520945369778441,0.03630701651992442,-1.2015004196638255,2341,1,0.0504470817010078,-0.029180294420056898,-0.0028449624742905117,-1.0171988061404966e-06,1.2115701876234983e-05,0.00485575987197904
58.776,0.42847888973894016,1.0625017416416287,0.032362634375969215,1.000767595274851,0.02686793518814616,-0.9915173799078624,2342,1,0.050455152512673004,-0.02918149588389972,-0.002844724420819495,-6.718630439229451e-07,1.2137297710079914e-05,0.00485118549402341
58.801,0.4516783646474463,1.0630446792469677,0.010184493231993153,0.860805106843945,0.022326289639612744,-0.7861109920572498,2343,1,0.050460369168823356,-0.02917204554215835,-0.0028441869009811892,-5.289687139740848e-07,1.2258693925305716e-05,0.004847205793663102
58.826,0.47151914508113496,1.0636180561236093,-0.006942915226890946,0.713132611482506,0.017449784940089967,-0.590420807688943,2344,1,0.05043818727823288,-0.02917437104983858,-0.0028434166833147113,-5.310828657295491e-07,1.2356197891257487e-05,0.0048442439409439745
58.851,0.4873349952215696,1.063917168493972,-0.019336547152452185,0.5676011444925134,0.011012213988617696,-0.4115678356728803,2345,1,0.050471348718045254,-0.029172980798371047,-0.002842520264372079,-4.60731868633077e-07,1.2698968210252982e-05,0.004840819905214351
58.876,0.499899202305759,1.0641686668230401,-0.02752130701053367,0.43818221461760104,0.009837786577588097,-0.25692913459679306,2346,1,0.05048220032563808,-0.029174130841574924,-0.002841834365261376,-4.4492755038905955e-07,1.271958392269375e-05,0.004838209657980689
58.901,0.5092441059524515,1.0644090578228516,-0.0321830038822928,0.305177724340367,0.00450644200459444,-0.13213156315816416,2347,1,0.05047920083428106,-0.029182044136062294,-0.002841312521598997,-4.865539814585094e-07,1.2563723814650021e-05,0.004837019999947469
58.926,0.5151580885227787,1.0643939889232699,-0.03412788516844242,0.17136774789716733,0.0014852449163838832,-0.04714189157852201,2348,1,0.05049564807382818,-0.02917532426333186,-0.002840928747880779,-4.228357175205428e-07,1.246485492546912e-05,0.0048324911380220464
58.951,0.5178124933473094,1.0644833200686707,-0.0345400984612188,0.05408357668309135,-0.0003135563639933459,-0.00829480043302458,2349,1,0.050516477060362316,-0.02918858629440721,-0.002840675067680262,-1.1259914522961121e-07,1.248944447753078e-05,0.00483078746229585
58.976,0.5178622673569331,1.0643783111050702,-0.03454262519009383,-0.06550696485950674,-0.005675376735308258,-0.0007508217737762096,2350,1,0.05048643957316114,-0.02918719249028495,-0.002840526095580026,-2.0650840685367925e-07,1.2222705895968017e-05,0.004828995767316119
59.001,0.5145371451043342,1.0641995512319053,-0.03457763954990751,-0.1925956299153766,-0.007369357196015874,-0.004177724154112637,2351,1,0.050495560659993,-0.029187580698538444,-0.0028406699858902888,-2.0935724815812148e-07,1.2109108478725538e-05,0.00482709606570925
59.026,0.5082324858611634,1.0640098432452694,-0.03475151139779962,-0.3126895876801028,-0.013751179869151357,-0.008603573901150673,2352,1,0.050506232009389085,-0.02919623830457581,-0.0028411255386697164,-2.1057387689091504e-07,1.2190450790566507e-05,0.004827524591816813
59.051,0.49890266572032776,1.0635119922384477,-0.03500781824496487,-0.42946945727268204,-0.024543781374181402,-0.014046894010491771,2353,1,0.05053014872309479,-0.029188951682655923,-0.0028417832354400785,-3.9354489937437157e-07,1.2365677716411149e-05,0.004825633744737448
59.076,0.48675901299753055,1.0627826541765604,-0.03545385609832422,-0.5133648315247844,-0.037268331532616,-0.021670059220931914,2354,1,0.05055846059061173,-0.029185986711939026,-0.002842702813261409,-6.655263825763236e-07,1.2476067480752254e-05,0.00482364162995907
59.101,0.47323442414409,1.061648575661817,-0.036091321206011474,-0.5406392840435489,-0.05319607025963205,-0.030283783752251325,2355,1,0.05055835678498135,-0.029185931660275107,-0.0028436935517006036,-9.15378441631161e-07,1.233064283359577e-05,0.004820788569224889
59.126,0.45972704879535464,1.060122850663579,-0.03696804528593674,-0.5120641717274373,-0.07799199800755609,-0.0410506949373311,2356,1,0.05055585849524224,-0.029201303596790015,-0.002844771188318532,-1.2459432339462142e-06,1.2073310529052472e-05,0.00481825680152794
59.151,0.44763121555771596,1.057748975761439,-0.03814385595287837,-0.4214757083746264,-0.10700568018150201,-0.05248431703718467,2357,1,0.05055086147155096,-0.02919765068966716,-0.0028458428636004398,-1.5393894642253183e-06,1.1843743674592798e-05,0.004817187454329848
59.176,0.4386532633766215,1.0547725666545034,-0.0395922611377964,-0.2958207344507892,-0.1277030709882993,-0.06427613610279802,2358,1,0.05054151168735762,-0.029192028214089796,-0.0028468501055097057,-1.7195652233790802e-06,1.1608404004991258e-05,0.004814710418373507
59.201,0.43284017883517734,1.0513638222120243,-0.0413576627580183,-0.16416937800533926,-0.14648616447460794,-0.07740305525669285,2359,1,0.050536402674535276,-0.02919657509789549,-0.0028477229183714718,-1.770006553743461e-06,1.1392222506383441e-05,0.00481232493429513
59.226,0.43044479447635503,1.0474482584307734,-0.04346241390063079,-0.036425651323667,-0.16352768129408043,-0.09068381826633125,2360,1,0.05050294273325672,-0.029196078033155888,-0.0028484556994523677,-1.8040163502681723e-06,1.1189887994488163e-05,0.004810222929510679
59.251,0.4310188962689941,1.0431874381473207,-0.045891853671334804,0.07846530450063113,-0.17901250023588028,-0.10409124802711389,2361,1,0.05048314548436031,-0.029196831899904022,-0.002849061489187505,-1.8623719078859662e-06,1.1142123906651398e-05,0.004807825527203432
59.276,0.4343680597013869,1.0384976334189786,-0.0486669763019871,0.19389328069357015,-0.19578140690488796,-0.11813601859749548,2362,1,0.05048571641187506,-0.029190550117761237,-0.0028496119492867253,-1.972971327798979e-06,1.0981653706152252e-05,0.004805279384492794
59.301,0.4407135603036734,1.0333983678020755,-0.0517986546012102,0.3138627754856039,-0.21132127440513718,-0.13269758478188765,2363,1,0.05047841652729179,-0.02918475220831858,-0.002850187322722516,-1.909340080128731e-06,1.0924250504525876e-05,0.00480221054514159
59.326,0.4500611984756662,1.0279315696987223,-0.05530185554108108,0.4311397999995526,-0.22580201680130368,-0.14738738185637373,2364,1,0.05045485636984212,-0.029185474854435126,-0.002850666099129843,-1.8633354767639847e-06,1.0857731323322418e-05,0.004801413746225435
59.351,0.46227055030364983,1.022108266962011,-0.059168023694028245,0.5330382094467437,-0.24365345735504249,-0.1613027893790256,2365,1,0.05042447044673914,-0.0291911539880097,-0.0028509678467284394,-1.8177314592761233e-06,1.101647788057882e-05,0.004800066637388094
59.376,0.4767131089480019,1.015748896830971,-0.06336699501003183,0.6332626696633596,-0.25608815116381617,-0.17514915609522957,2366,1,0.05044136125516469,-0.029181480418733766,-0.002851159745186999,-1.8927762792403347e-06,1.1350867167537232e-05,0.004796930161091588
59.401,0.4939336837868205,1.009303859403819,-0.06792548149879034,0.7375271537306254,-0.2714828482860722,-0.18953174524466815,2367,1,0.050441402828141677,-0.02920596489798005,-0.0028512602393465057,-1.6460968395039065e-06,1.1661229669829972e-05,0.004794074571237888
59.426,0.5135894666345363,1.0021747544166661,-0.07284358227226595,0.8425404296091622,-0.29568286989442155,-0.20305012654138022,2368,1,0.05045045713649916,-0.029202055970068187,-0.0028514335938362523,-1.658202740015484e-06,1.1736884449109045e-05,0.0047916507045775904
59.451,0.5360607052672762,0.9945197159090988,-0.07807798782585883,0.9475753891143152,-0.3185957607745341,-0.21625543260304866,2369,1,0.0504250287035845,-0.02919319700712192,-0.0028518255876236213,-1.69984092799644e-06,1.1522092811940016e-05,0.004788561984438413
59.476,0.5609682360902494,0.9862449663779403,-0.08365635390241785,1.0391567132416593,-0.3331049011232901,-0.22888739044565534,2370,1,0.050399856124465105,-0.02917002785369841,-0.002852242089302244,-1.910431772193722e-06,1.1478975445857918e-05,0.004787631637351522
59.501,0.5880185409293562,0.9778644708529353,-0.08952235734814097,1.134341100365682,-0.34787938141292696,-0.24008018317860985,2371,1,0.050399670736080364,-0.029183373146513043,-0.0028527545078547815,-1.929913326651476e-06,1.1619016493605484e-05,0.004785328010662547
59.526,0.6176852911085383,0.9688509973072925,-0.09566036306134937,1.2206415597452327,-0.3709620248272055,-0.2513035842670027,2372,1,0.05036654649679699,-0.02918146330756261,-0.0028534533019964874,-1.9206186273976665e-06,1.1414923093063782e-05,0.004783202369793126
59.551,0.6490506189166231,0.9593163696115734,-0.10208753656149211,1.3015103304792837,-0.3877374139295296,-0.2619294240961849,2373,1,0.050388846887242385,-0.02917207365099033,-0.0028541837313903013,-2.072617331664425e-06,1.1470874832470063e-05,0.004781427705700318
59.576,0.6827608076324988,0.9494641266108171,-0.10875683426615784,1.3876979009494883,-0.40450273507301204,-0.2710583260051601,2374,1,0.050391668248566925,-0.029179794973684822,-0.002855195516035186,-2.1413927659254964e-06,1.1389430285570963e-05,0.004779423819417259
59.601,0.7184355139640936,0.939091232857924,-0.11564045286174936,1.4689993545345739,-0.42240810451787697,-0.27944517068353025,2375,1,0.05040802913198519,-0.029179727673212346,-0.0028562594610568337,-2.2483031206434003e-06,1.1519136023812446e-05,0.004776268336068964
59.626,0.7562107753592233,0.9283437213849245,-0.12272909280033371,1.5520343912895038,-0.44000201033389774,-0.2867690676848622,2376,1,0.0504181055599472,-0.029188389090332088,-0.002857174711608477,-2.2861866443293608e-06,1.1689044668830495e-05,0.004772921185283304
59.651,0.7960372335285754,0.9170911323412272,-0.12997890624599368,1.6271443438824151,-0.4581720537653542,-0.29348606686881046,2377,1,0.050421813149024435,-0.029192192309851518,-0.002857926316327032,-2.484899379078617e-06,1.1921966208350385e-05,0.004768785198198647
59.676,0.837567992553351,0.9054351186966548,-0.1374033961437754,1.7037386001783363,-0.4749893017119037,-0.3000773136583483,2378,1,0.05044911408575663,-0.029198990362127163,-0.0028584539386033764,-2.5480682347532833e-06,1.2276017307183395e-05,0.004765847702365957
59.701,0.8812241635374873,0.8933416672556334,-0.14498277192891001,1.7844506566210943,-0.49338200849466857,-0.3054727411096621,2379,1,0.05045045537947946,-0.029208995423011946,-0.002858825268594228,-2.598255674025059e-06,1.233624713819097e-05,0.004764461430815066
59.726,0.9267905253844007,0.8807660182719228,-0.15267703319925754,1.857306230147323,-0.5145337362854189,-0.3089092628581367,2380,1,0.05044557664967812,-0.0292151340621142,-0.0028590818703192623,-2.482990605033372e-06,1.2440078367261334e-05,0.004763580237591332
59.751,0.9740894750448482,0.8676149804413639,-0.16042823507181597,1.927639403957948,-0.5298248939716014,-0.3104323023197965,2381,1,0.050447030166033725,-0.029206985607875335,-0.0028593560377269617,-2.4011215479578694e-06,1.2566526848394675e-05,0.0047626055761413495
59.776,1.0231724955823063,0.8542747735733405,-0.16819864831524858,1.9960762412525854,-0.5483917006136839,-0.3114684938585556,2382,1,0.05044867287175394,-0.02922405484581168,-0.002859766430203687,-2.16795203054658e-06,1.2606241718356386e-05,0.00475909906721005
59.801,1.073893287107486,0.8401953954106773,-0.1760016597647449,2.065155379476262,-0.5676630125644778,-0.31117425456414155,2383,1,0.050453788725954136,-0.029208584555979175,-0.00286044864025963,-2.0145371571691075e-06,1.2760978221318042e-05,0.004756879951740229
59.826,1.1264302645561135,0.8258916229451182,-0.18375736104345486,2.135706579558786,-0.5834114233543651,-0.31031579543355103,2384,1,0.05044691318009516,-0.02921614931063843,-0.0028612642541644994,-1.7711336370168306e-06,1.2693339020539345e-05,0.004752546817799737
59.851,1.1806786160854192,0.8110248242429607,-0.19151744953642166,2.1971870833941547,-0.6048427570766368,-0.3091750707800854,2385,1,0.05043119784754372,-0.029210883367491326,-0.0028621418585058145,-1.6237258903068941e-06,1.2676551140530261e-05,0.004750460385943231
59.876,1.236289618725815,0.7956494850912881,-0.19921611458245822,2.2583121121457577,-0.617648677500769,-0.3060328102294646,2386,1,0.05043791475545838,-0.02919493064014436,-0.002862920328795171,-1.5203692354849155e-06,1.281172612557063e-05,0.004747699180417422
59.901,1.2935942216927168,0.7801423903679197,-0.20681909004789611,2.326895431651971,-0.6367419365423145,-0.3024135829524885,2387,1,0.05043355996573057,-0.029210444497496522,-0.0028636409254779263,-1.1825260737439822e-06,1.2842765886881615e-05,0.0047442730684042105
59.926,1.3526343903084235,0.7638123882641696,-0.21433679373008394,2.388262290364234,-0.6539128710827663,-0.2975227512746051,2388,1,0.05040179933025232,-0.029188628740456506,-0.002864362045076014,-1.0237690007968166e-06,1.2672623327777445e-05,0.0047431144484913505
59.951,1.4130073362109217,0.7474467468137832,-0.22169522761162538,2.4428603330014966,-0.663644837176709,-0.29141813317224197,2389,1,0.050393300626597984,-0.029202646473403045,-0.0028651318545231384,-7.086326970736906e-07,1.2433558350942566e-05,0.00474059517919272
59.976,1.4747774069584914,0.7306301464053361,-0.2289077003886953,2.5015488615933323,-0.6774460516586241,-0.2836201170996483,2390,1,0.05038822209659569,-0.02920949799561366,-0.00286595810741595,-2.812939463687665e-07,1.226588963509658e-05,0.004739430329307145
60.001,1.5380847792905812,0.7135744442308539,-0.23587623346660702,2.5520896380001945,-0.6906290534041404,-0.27386079561395044,2391,1,0.05037321133679401,-0.029231977806518337,-0.0028669438688483507,-3.672475499773918e-08,1.2191440112534816e-05,0.004736274668728273
60.026,1.602381888858512,0.6960986937351261,-0.24260074016939376,2.602942822434162,-0.7086349330567372,-0.26511246333172217,2392,1,0.050394947702745406,-0.0292411187282373,-0.0028679300522642137,1.73267702941531e-07,1.24681299719871e-05,0.004730827628483345
60.051,1.6682319204123004,0.678142697578014,-0.24913185663319434,2.6609783819387904,-0.7254873590798162,-0.2560133294799417,2393,1,0.05038993080705384,-0.029245529150138828,-0.0028690415397813304,2.0354522308338433e-07,1.2496012532604349e-05,0.004728161313017376
60.076,1.735430807955444,0.6598243257811374,-0.2554014066433901,2.6986057786139184,-0.7442239347311964,-0.2458486107811326,2394,1,0.0503803518623954,-0.02925396140888855,-0.0028703179505513714,3.160691581970182e-07,1.2379284857154303e-05,0.004724617893923104
60.101,1.8031622093429887,0.6409315008414563,-0.26142428717225036,2.738453468737761,-0.7646971585968023,-0.23525030698299704,2395,1,0.050435531124343104,-0.029232518702758448,-0.002871532868547444,3.521859922111163e-07,1.2515780226563844e-05,0.004723309545983724
60.126,1.8723534813923242,0.6215894678512994,-0.2671639219925391,2.755444681842168,-0.7711049996010919,-0.22301517522106504,2396,1,0.050435308186630945,-0.029214594092259596,-0.0028726953793682167,3.164829229104716e-07,1.238696461612028e-05,0.0047234958813544
60.151,1.9409344434351088,0.6023762508613985,-0.2725750459333044,2.686082751835823,-0.7544723521062903,-0.20997025808367362,2397,1,0.05042594565777561,-0.029203864141572153,-0.002873548650953088,2.6876900674025374e-07,1.205190194763943e-05,0.00472307872565148
60.176,2.0066576189841268,0.5838658502459817,-0.27766243489672365,2.5445938335155276,-0.7185684850354943,-0.1965322776677359,2398,1,0.05043730270815386,-0.02919519824690026,-0.00287408583519178,2.570585277374173e-07,1.1882896635845304e-05,0.004721737155230489
60.201,2.068164135110878,0.5664478266096258,-0.28240165981669046,2.37038153957312,-0.6679441259151766,-0.1827798932684403,2399,1,0.050445187937654436,-0.02918497162901556,-0.0028744368430747512,1.0623910280039704e-07,1.1739618183578373e-05,0.004720283450355286
60.226,2.125176695962776,0.5504686439502248,-0.28680142956014526,2.1929515056408193,-0.6150264069979489,-0.1687645463029515,2400,1,0.05046180933443794,-0.02919752108434561,-0.0028746630239920305,-1.4928279625350661e-07,1.1658909413859889e-05,0.004718920005046069
60.251,2.1778117103929127,0.5356965062597301,-0.29083988713183734,2.02342823929993,-0.5721894504249004,-0.15410542619688458,2401,1,0.050480852419183875,-0.029208270364258743,-0.002874734190674708,-2.3233895656791558e-07,1.1735317980915675e-05,0.004716025823524825
60.276,2.226348107927781,0.5218591714289773,-0.2945067008699902,1.9414559013942982,-0.5534933932299853,-0.14667254952607894,2402,1,0.050480007885083104,-0.029199264452995453,-0.0028747538535055972,-5.656814893866818e-07,1.1685453032658285e-05,0.004714362495291589
